Gaffer,George
George,Gaffer
George,Gaffer
Gaffer,George
Gaffer,Pardner
Pardner,Gaffer
Tother,Don
Don,Tother
Cast,Pull
Pull,Cast
Lizzie,Gaffer
Gaffer,Lizzie
Saint James,Twemlow
Saint James,Lord Snigsworth
Saint James,Mrs Veneering
Saint James,Twemlow
Saint James,Twemlow
Saint James,Mrs Veneering
Saint James,Twemlow
Twemlow,Saint James
Twemlow,Lord Snigsworth
Twemlow,Mrs Veneering
Twemlow,Mrs Veneering
Lord Snigsworth,Saint James
Lord Snigsworth,Twemlow
Lord Snigsworth,Mrs Veneering
Lord Snigsworth,Twemlow
Lord Snigsworth,Twemlow
Lord Snigsworth,Mrs Veneering
Lord Snigsworth,Twemlow
Mrs Veneering,Saint James
Mrs Veneering,Twemlow
Mrs Veneering,Lord Snigsworth
Mrs Veneering,Twemlow
Mrs Veneering,Twemlow
Mrs Veneering,Twemlow
Twemlow,Saint James
Twemlow,Lord Snigsworth
Twemlow,Mrs Veneering
Twemlow,Mrs Veneering
Twemlow,Saint James
Twemlow,Lord Snigsworth
Twemlow,Mrs Veneering
Twemlow,Mrs Veneering
Mrs Veneering,Saint James
Mrs Veneering,Twemlow
Mrs Veneering,Lord Snigsworth
Mrs Veneering,Twemlow
Mrs Veneering,Twemlow
Mrs Veneering,Twemlow
Twemlow,Saint James
Twemlow,Lord Snigsworth
Twemlow,Mrs Veneering
Twemlow,Mrs Veneering
Saint James,Square
Saint James,Twemlow
Saint James,Twemlow
Saint James,Twemlow
Saint James,Twemlow
Square,Saint James
Square,Twemlow
Square,Twemlow
Square,Twemlow
Square,Twemlow
Twemlow,Saint James
Twemlow,Square
Twemlow,Saint James
Twemlow,Square
Twemlow,Saint James
Twemlow,Square
Twemlow,Saint James
Twemlow,Square
Mrs Podsnap,Mrs Veneering
Mrs Veneering,Mrs Podsnap
Twemlow,Whereupon
Whereupon,Twemlow
Whereupon,Twemlow
Whereupon,Twemlow
Twemlow,Whereupon
Twemlow,Whereupon
Twemlow,Boots
Twemlow,Lord Snigsworth
Twemlow,Boots
Boots,Twemlow
Boots,Lord Snigsworth
Lord Snigsworth,Twemlow
Lord Snigsworth,Boots
Lord Snigsworth,Boots
Boots,Twemlow
Boots,Lord Snigsworth
College,Podsnap
College,Lady Tippins
College,Mrs Veneering
College,Lady Tippins
College,Reflects Eugene
College,Boots
College,Buffers
Podsnap,College
Podsnap,Lady Tippins
Podsnap,Mrs Veneering
Podsnap,Lady Tippins
Podsnap,Reflects Eugene
Podsnap,Boots
Podsnap,Buffers
Lady Tippins,College
Lady Tippins,Podsnap
Lady Tippins,Mrs Veneering
Lady Tippins,Reflects Eugene
Lady Tippins,Boots
Lady Tippins,Buffers
Mrs Veneering,College
Mrs Veneering,Podsnap
Mrs Veneering,Lady Tippins
Mrs Veneering,Lady Tippins
Mrs Veneering,Reflects Eugene
Mrs Veneering,Boots
Mrs Veneering,Buffers
Lady Tippins,College
Lady Tippins,Podsnap
Lady Tippins,Mrs Veneering
Lady Tippins,Reflects Eugene
Lady Tippins,Boots
Lady Tippins,Buffers
Reflects Eugene,College
Reflects Eugene,Podsnap
Reflects Eugene,Lady Tippins
Reflects Eugene,Mrs Veneering
Reflects Eugene,Lady Tippins
Reflects Eugene,Boots
Reflects Eugene,Buffers
Boots,College
Boots,Podsnap
Boots,Lady Tippins
Boots,Mrs Veneering
Boots,Lady Tippins
Boots,Reflects Eugene
Boots,Buffers
Buffers,College
Buffers,Podsnap
Buffers,Lady Tippins
Buffers,Mrs Veneering
Buffers,Lady Tippins
Buffers,Reflects Eugene
Buffers,Boots
Lady Tippins,Tippins
Tippins,Lady Tippins
Lady Tippins,Sorry
Sorry,Lady Tippins
Eugene,Harmon
Eugene,Dust
Harmon,Eugene
Harmon,Dust
Dust,Eugene
Dust,Harmon
Same,Buffer
Buffer,Same
Mortimer,Mrs Podsnap
Mrs Podsnap,Mortimer
Lady Tippins,Falser
Lady Tippins,Don Juan
Falser,Lady Tippins
Falser,Don Juan
Don Juan,Lady Tippins
Don Juan,Falser
Pharaoh,Lazarus
Lazarus,Pharaoh
Mortimer,Lady Tippins
Lady Tippins,Mortimer
Eugene,Cassim Baba
Eugene,Cassim
Cassim Baba,Eugene
Cassim Baba,Cassim
Cassim,Eugene
Cassim,Cassim Baba
Mortimer,Whether
Whether,Mortimer
Penny,Gaffer Hexam
Gaffer Hexam,Penny
Gaffer,Hexam
Gaffer,Look
Hexam,Gaffer
Hexam,Look
Look,Gaffer
Look,Hexam
Lightwood,Eugene Wrayburn
Eugene Wrayburn,Lightwood
Gaffer Hexam,Which
Which,Gaffer Hexam
Eugene,Lady Tippins
Lady Tippins,Eugene
Steward,Likewise
Steward,Probably
Steward,Inquest
Likewise,Steward
Likewise,Probably
Likewise,Inquest
Probably,Steward
Probably,Likewise
Probably,Inquest
Inquest,Steward
Inquest,Likewise
Inquest,Probably
Julius Handford,Exchequer Coffee House
Julius Handford,Palace Yard
Exchequer Coffee House,Julius Handford
Exchequer Coffee House,Palace Yard
Palace Yard,Julius Handford
Palace Yard,Exchequer Coffee House
Might,Stomach
Stomach,Might
Gaffer Hexam,Gaffer
Gaffer,Gaffer Hexam
Don,Charley
Charley,Don
Don,Liz
Liz,Don
Noah,Ark
Ark,Noah
Don,Charley
Don,Charley
Charley,Don
Charley,Don
Charley,Hark
Charley,Father
Hark,Charley
Hark,Father
Father,Charley
Father,Hark
John Harmon,Twemlow
John Harmon,Podsnap
John Harmon,Jacob Kibble
John Harmon,Jesse Hexam
John Harmon,Burial
John Harmon,Sir
Twemlow,John Harmon
Twemlow,Podsnap
Twemlow,Jacob Kibble
Twemlow,John Harmon
Twemlow,Jesse Hexam
Twemlow,Burial
Twemlow,Sir
Podsnap,John Harmon
Podsnap,Twemlow
Podsnap,Jacob Kibble
Podsnap,John Harmon
Podsnap,Jesse Hexam
Podsnap,Burial
Podsnap,Sir
Jacob Kibble,John Harmon
Jacob Kibble,Twemlow
Jacob Kibble,Podsnap
Jacob Kibble,John Harmon
Jacob Kibble,Jesse Hexam
Jacob Kibble,Burial
Jacob Kibble,Sir
John Harmon,Twemlow
John Harmon,Podsnap
John Harmon,Jacob Kibble
John Harmon,Jesse Hexam
John Harmon,Burial
John Harmon,Sir
Jesse Hexam,John Harmon
Jesse Hexam,Twemlow
Jesse Hexam,Podsnap
Jesse Hexam,Jacob Kibble
Jesse Hexam,John Harmon
Jesse Hexam,Burial
Jesse Hexam,Sir
Burial,John Harmon
Burial,Twemlow
Burial,Podsnap
Burial,Jacob Kibble
Burial,John Harmon
Burial,Jesse Hexam
Burial,Sir
Sir,John Harmon
Sir,Twemlow
Sir,Podsnap
Sir,Jacob Kibble
Sir,John Harmon
Sir,Jesse Hexam
Sir,Burial
John Harmon,Pounds
John Harmon,Pounds
Pounds,John Harmon
Pounds,John Harmon
Reginald,Wilfer
Reginald,Anybody
Wilfer,Reginald
Wilfer,Anybody
Anybody,Reginald
Anybody,Wilfer
Ruddy,Round
Ruddy,Ripe
Ruddy,Rumty
Round,Ruddy
Round,Ripe
Round,Rumty
Ripe,Ruddy
Ripe,Round
Ripe,Rumty
Rumty,Ruddy
Rumty,Round
Rumty,Ripe
Stobbles,Chicksey
Chicksey,Stobbles
Chicksey,Stobbles
Stobbles,Chicksey
Wilfer,Between Battle Bridge
Between Battle Bridge,Wilfer
Between Battle Bridge,Wilfer
Wilfer,Between Battle Bridge
Wilfer,How
Wilfer,John
How,Wilfer
How,John
John,Wilfer
John,How
Mrs Wilfer,Pardon
Pardon,Mrs Wilfer
Poor Bella,Mrs Wilfer
Mrs Wilfer,Poor Bella
Pardon,Mrs Wilfer
Mrs Wilfer,Pardon
Bella,Poor Lavinia
Bella,Poor Lavinia
Poor Lavinia,Bella
Poor Lavinia,Bella
Pardon,Mrs Wilfer
Mrs Wilfer,Pardon
Old Master,Wilfer
Old Master,John Rokesmith Esquire
Wilfer,Old Master
Wilfer,John Rokesmith Esquire
John Rokesmith Esquire,Old Master
John Rokesmith Esquire,Wilfer
Rokesmith,Wilfer
Wilfer,Rokesmith
Lavvy,Between Mr Rokesmith
Between Mr Rokesmith,Lavvy
Lavvy,Bella
Bella,Lavvy
Bella,Harmon
Harmon,Bella
Caught George Sampson,Don
Don,Caught George Sampson
Bella,Julius Handford
Bella,John Rokesmith
Julius Handford,Bella
Julius Handford,John Rokesmith
John Rokesmith,Bella
John Rokesmith,Julius Handford
Ladies,Silas Wegg
Silas Wegg,Ladies
Elizabeth,Master George
Elizabeth,Jane
Elizabeth,Parker
Master George,Elizabeth
Master George,Jane
Master George,Parker
Jane,Elizabeth
Jane,Master George
Jane,Parker
Parker,Elizabeth
Parker,Master George
Parker,Jane
Silas Wegg,Magna Charta
Silas Wegg,Wegg
Silas Wegg,Sooth
Magna Charta,Silas Wegg
Magna Charta,Wegg
Magna Charta,Sooth
Wegg,Silas Wegg
Wegg,Magna Charta
Wegg,Sooth
Sooth,Silas Wegg
Sooth,Magna Charta
Sooth,Wegg
Wegg,Uncle Parker
Uncle Parker,Wegg
Noddy Boffin,Noddy
Noddy Boffin,Noddy
Noddy Boffin,Nick
Noddy,Noddy Boffin
Noddy,Nick
Noddy,Noddy Boffin
Noddy,Nick
Nick,Noddy Boffin
Nick,Noddy
Nick,Noddy
Silas,Wegg
Silas,Wegg
Wegg,Silas
Wegg,Silas
Right,Wegg
Wegg,Right
Mrs Boffin,Henerietty Boffin
Mrs Boffin,Henery
Mrs Boffin,Hetty
Henerietty Boffin,Mrs Boffin
Henerietty Boffin,Henery
Henerietty Boffin,Hetty
Henery,Mrs Boffin
Henery,Henerietty Boffin
Henery,Hetty
Hetty,Mrs Boffin
Hetty,Henerietty Boffin
Hetty,Henery
Hem,Flattered
Hem,Wegg
Flattered,Hem
Flattered,Wegg
Wegg,Hem
Wegg,Flattered
Boffin,Twopence
Twopence,Boffin
Twopence,Boffin
Boffin,Twopence
Wegg,Boffin
Wegg,Mrs Boffin
Boffin,Wegg
Boffin,Mrs Boffin
Mrs Boffin,Wegg
Mrs Boffin,Boffin
Boffin,Silas
Silas,Boffin
Boffin,Wegg
Wegg,Boffin
Boffin,Bower
Boffin,Maiden Lane
Boffin,Battle Bridge
Boffin,Harmony Jail
Boffin,Wegg
Boffin,Wegg
Bower,Boffin
Bower,Boffin
Bower,Maiden Lane
Bower,Battle Bridge
Bower,Harmony Jail
Bower,Wegg
Bower,Wegg
Boffin,Bower
Boffin,Maiden Lane
Boffin,Battle Bridge
Boffin,Harmony Jail
Boffin,Wegg
Boffin,Wegg
Maiden Lane,Boffin
Maiden Lane,Bower
Maiden Lane,Boffin
Maiden Lane,Battle Bridge
Maiden Lane,Harmony Jail
Maiden Lane,Wegg
Maiden Lane,Wegg
Battle Bridge,Boffin
Battle Bridge,Bower
Battle Bridge,Boffin
Battle Bridge,Maiden Lane
Battle Bridge,Harmony Jail
Battle Bridge,Wegg
Battle Bridge,Wegg
Harmony Jail,Boffin
Harmony Jail,Bower
Harmony Jail,Boffin
Harmony Jail,Maiden Lane
Harmony Jail,Battle Bridge
Harmony Jail,Wegg
Harmony Jail,Wegg
Wegg,Boffin
Wegg,Bower
Wegg,Boffin
Wegg,Maiden Lane
Wegg,Battle Bridge
Wegg,Harmony Jail
Wegg,Boffin
Wegg,Bower
Wegg,Boffin
Wegg,Maiden Lane
Wegg,Battle Bridge
Wegg,Harmony Jail
Boffin,Bower
Bower,Boffin
Bower,Fair Rosamond
Bower,Harmony Jail
Fair Rosamond,Bower
Fair Rosamond,Harmony Jail
Harmony Jail,Bower
Harmony Jail,Fair Rosamond
Harmon,Eddard
Eddard,Harmon
Wegg,Boffin
Wegg,Bower
Boffin,Wegg
Boffin,Bower
Bower,Wegg
Bower,Boffin
Eddard,Boffin
Eddard,Bower
Boffin,Eddard
Boffin,Bower
Bower,Eddard
Bower,Boffin
Eddard,Old Harmon
Old Harmon,Eddard
Harmon,Harmony Jail
Harmony Jail,Harmon
Eddard,Noddy Boffin
Noddy Boffin,Eddard
Noddy Boffin,Eddard
Eddard,Noddy Boffin
Edward,Wegg
Edward,Boffin
Wegg,Edward
Wegg,Boffin
Boffin,Edward
Boffin,Wegg
Edward,Wegg
Edward,Eddard
Wegg,Edward
Wegg,Eddard
Wegg,Edward
Eddard,Edward
Eddard,Wegg
Eddard,Edward
Edward,Wegg
Edward,Eddard
Wegg,Bower
Bower,Wegg
Wegg,Boffin
Wegg,Fash
Wegg,Henerietty
Boffin,Wegg
Boffin,Fash
Boffin,Henerietty
Fash,Wegg
Fash,Boffin
Fash,Henerietty
Henerietty,Wegg
Henerietty,Boffin
Henerietty,Fash
Wegg,Peculiar
Peculiar,Wegg
Wegg,Boffin
Wegg,Bower
Wegg,Boffin
Wegg,Bower
Wegg,Fashion
Wegg,Mrs Boffin
Wegg,Boffin
Boffin,Wegg
Boffin,Bower
Boffin,Bower
Boffin,Fashion
Boffin,Mrs Boffin
Bower,Wegg
Bower,Boffin
Bower,Boffin
Bower,Fashion
Bower,Mrs Boffin
Bower,Boffin
Boffin,Wegg
Boffin,Bower
Boffin,Bower
Boffin,Fashion
Boffin,Mrs Boffin
Bower,Wegg
Bower,Boffin
Bower,Boffin
Bower,Fashion
Bower,Mrs Boffin
Bower,Boffin
Fashion,Wegg
Fashion,Boffin
Fashion,Bower
Fashion,Boffin
Fashion,Bower
Fashion,Mrs Boffin
Fashion,Boffin
Mrs Boffin,Wegg
Mrs Boffin,Boffin
Mrs Boffin,Bower
Mrs Boffin,Boffin
Mrs Boffin,Bower
Mrs Boffin,Fashion
Mrs Boffin,Boffin
Boffin,Wegg
Boffin,Bower
Boffin,Bower
Boffin,Fashion
Boffin,Mrs Boffin
Wegg,Boffin
Wegg,Canine Provision Trade
Boffin,Wegg
Boffin,Canine Provision Trade
Canine Provision Trade,Wegg
Canine Provision Trade,Boffin
Sorry,Wegg
Wegg,Sorry
Boffin,Wegg
Wegg,Boffin
Boffin,Mrs Boffin
Mrs Boffin,Boffin
Hem,Wegg
Hem,Lady
Wegg,Hem
Wegg,Lady
Lady,Hem
Lady,Wegg
Wegg,Rooshan Empire
Rooshan Empire,Wegg
Wegg,Mrs Boffin
Wegg,Boffin
Mrs Boffin,Wegg
Mrs Boffin,Boffin
Boffin,Wegg
Boffin,Mrs Boffin
Beeious,Mrs Boffin
Beeious,Titus Antoninus Pius
Beeious,Wegg
Beeious,Boffin
Beeious,Tomorrow
Mrs Boffin,Beeious
Mrs Boffin,Titus Antoninus Pius
Mrs Boffin,Wegg
Mrs Boffin,Boffin
Mrs Boffin,Tomorrow
Titus Antoninus Pius,Beeious
Titus Antoninus Pius,Mrs Boffin
Titus Antoninus Pius,Wegg
Titus Antoninus Pius,Boffin
Titus Antoninus Pius,Tomorrow
Wegg,Beeious
Wegg,Mrs Boffin
Wegg,Titus Antoninus Pius
Wegg,Boffin
Wegg,Tomorrow
Boffin,Beeious
Boffin,Mrs Boffin
Boffin,Titus Antoninus Pius
Boffin,Wegg
Boffin,Tomorrow
Tomorrow,Beeious
Tomorrow,Mrs Boffin
Tomorrow,Titus Antoninus Pius
Tomorrow,Wegg
Tomorrow,Boffin
Wegg,Boffin
Wegg,Boffin
Boffin,Wegg
Boffin,Wegg
Purl,Flip
Purl,Dog
Purl,Nose
Flip,Purl
Flip,Dog
Flip,Nose
Flip,Purl
Dog,Purl
Dog,Flip
Dog,Nose
Dog,Purl
Nose,Purl
Nose,Flip
Nose,Dog
Nose,Purl
Purl,Flip
Purl,Dog
Purl,Nose
Miss Potterson,Miss Abbey Potterson
Miss Potterson,Abbey
Miss Potterson,Abigail
Miss Abbey Potterson,Miss Potterson
Miss Abbey Potterson,Abbey
Miss Abbey Potterson,Abigail
Miss Abbey Potterson,Miss Potterson
Abbey,Miss Potterson
Abbey,Miss Abbey Potterson
Abbey,Abigail
Abbey,Miss Potterson
Abigail,Miss Potterson
Abigail,Miss Abbey Potterson
Abigail,Abbey
Abigail,Miss Potterson
Miss Potterson,Miss Abbey Potterson
Miss Potterson,Abbey
Miss Potterson,Abigail
Riderhood,Miss Abbey Potterson
Miss Abbey Potterson,Riderhood
Miss,Potterson
Potterson,Miss
Certainly,Miss Potterson
Miss Potterson,Certainly
Gaffer,Miss Abbey
Miss Abbey,Gaffer
Miss,Abbey
Miss,Miss Abbey
Abbey,Miss
Abbey,Miss Abbey
Miss Abbey,Miss
Miss Abbey,Abbey
Gaffer,Miss Abbey
Gaffer,George Jones
Gaffer,Jones
Gaffer,Miss Abbey
Gaffer,William Williams
Gaffer,Bob Glamour
Gaffer,Jonathan
Gaffer,Williams
Gaffer,Bob
Gaffer,Jonathan
Gaffer,Miss Abbey
Gaffer,Miss Abbey
Gaffer,Miss Abbey
Gaffer,Miss Abbey
Gaffer,Tom Tootle
Gaffer,Jack Mullins
Gaffer,Tootle
Gaffer,Mullins
Gaffer,Miss Abbey
Miss Abbey,Gaffer
Miss Abbey,George Jones
Miss Abbey,Jones
Miss Abbey,William Williams
Miss Abbey,Bob Glamour
Miss Abbey,Jonathan
Miss Abbey,Williams
Miss Abbey,Bob
Miss Abbey,Jonathan
Miss Abbey,Tom Tootle
Miss Abbey,Jack Mullins
Miss Abbey,Tootle
Miss Abbey,Mullins
George Jones,Gaffer
George Jones,Miss Abbey
George Jones,Jones
George Jones,Miss Abbey
George Jones,William Williams
George Jones,Bob Glamour
George Jones,Jonathan
George Jones,Williams
George Jones,Bob
George Jones,Jonathan
George Jones,Miss Abbey
George Jones,Miss Abbey
George Jones,Miss Abbey
George Jones,Miss Abbey
George Jones,Tom Tootle
George Jones,Jack Mullins
George Jones,Tootle
George Jones,Mullins
George Jones,Miss Abbey
Jones,Gaffer
Jones,Miss Abbey
Jones,George Jones
Jones,Miss Abbey
Jones,William Williams
Jones,Bob Glamour
Jones,Jonathan
Jones,Williams
Jones,Bob
Jones,Jonathan
Jones,Miss Abbey
Jones,Miss Abbey
Jones,Miss Abbey
Jones,Miss Abbey
Jones,Tom Tootle
Jones,Jack Mullins
Jones,Tootle
Jones,Mullins
Jones,Miss Abbey
Miss Abbey,Gaffer
Miss Abbey,George Jones
Miss Abbey,Jones
Miss Abbey,William Williams
Miss Abbey,Bob Glamour
Miss Abbey,Jonathan
Miss Abbey,Williams
Miss Abbey,Bob
Miss Abbey,Jonathan
Miss Abbey,Tom Tootle
Miss Abbey,Jack Mullins
Miss Abbey,Tootle
Miss Abbey,Mullins
William Williams,Gaffer
William Williams,Miss Abbey
William Williams,George Jones
William Williams,Jones
William Williams,Miss Abbey
William Williams,Bob Glamour
William Williams,Jonathan
William Williams,Williams
William Williams,Bob
William Williams,Jonathan
William Williams,Miss Abbey
William Williams,Miss Abbey
William Williams,Miss Abbey
William Williams,Miss Abbey
William Williams,Tom Tootle
William Williams,Jack Mullins
William Williams,Tootle
William Williams,Mullins
William Williams,Miss Abbey
Bob Glamour,Gaffer
Bob Glamour,Miss Abbey
Bob Glamour,George Jones
Bob Glamour,Jones
Bob Glamour,Miss Abbey
Bob Glamour,William Williams
Bob Glamour,Jonathan
Bob Glamour,Williams
Bob Glamour,Bob
Bob Glamour,Jonathan
Bob Glamour,Miss Abbey
Bob Glamour,Miss Abbey
Bob Glamour,Miss Abbey
Bob Glamour,Miss Abbey
Bob Glamour,Tom Tootle
Bob Glamour,Jack Mullins
Bob Glamour,Tootle
Bob Glamour,Mullins
Bob Glamour,Miss Abbey
Jonathan,Gaffer
Jonathan,Miss Abbey
Jonathan,George Jones
Jonathan,Jones
Jonathan,Miss Abbey
Jonathan,William Williams
Jonathan,Bob Glamour
Jonathan,Williams
Jonathan,Bob
Jonathan,Miss Abbey
Jonathan,Miss Abbey
Jonathan,Miss Abbey
Jonathan,Miss Abbey
Jonathan,Tom Tootle
Jonathan,Jack Mullins
Jonathan,Tootle
Jonathan,Mullins
Jonathan,Miss Abbey
Williams,Gaffer
Williams,Miss Abbey
Williams,George Jones
Williams,Jones
Williams,Miss Abbey
Williams,William Williams
Williams,Bob Glamour
Williams,Jonathan
Williams,Bob
Williams,Jonathan
Williams,Miss Abbey
Williams,Miss Abbey
Williams,Miss Abbey
Williams,Miss Abbey
Williams,Tom Tootle
Williams,Jack Mullins
Williams,Tootle
Williams,Mullins
Williams,Miss Abbey
Bob,Gaffer
Bob,Miss Abbey
Bob,George Jones
Bob,Jones
Bob,Miss Abbey
Bob,William Williams
Bob,Bob Glamour
Bob,Jonathan
Bob,Williams
Bob,Jonathan
Bob,Miss Abbey
Bob,Miss Abbey
Bob,Miss Abbey
Bob,Miss Abbey
Bob,Tom Tootle
Bob,Jack Mullins
Bob,Tootle
Bob,Mullins
Bob,Miss Abbey
Jonathan,Gaffer
Jonathan,Miss Abbey
Jonathan,George Jones
Jonathan,Jones
Jonathan,Miss Abbey
Jonathan,William Williams
Jonathan,Bob Glamour
Jonathan,Williams
Jonathan,Bob
Jonathan,Miss Abbey
Jonathan,Miss Abbey
Jonathan,Miss Abbey
Jonathan,Miss Abbey
Jonathan,Tom Tootle
Jonathan,Jack Mullins
Jonathan,Tootle
Jonathan,Mullins
Jonathan,Miss Abbey
Miss Abbey,Gaffer
Miss Abbey,George Jones
Miss Abbey,Jones
Miss Abbey,William Williams
Miss Abbey,Bob Glamour
Miss Abbey,Jonathan
Miss Abbey,Williams
Miss Abbey,Bob
Miss Abbey,Jonathan
Miss Abbey,Tom Tootle
Miss Abbey,Jack Mullins
Miss Abbey,Tootle
Miss Abbey,Mullins
Miss Abbey,Gaffer
Miss Abbey,George Jones
Miss Abbey,Jones
Miss Abbey,William Williams
Miss Abbey,Bob Glamour
Miss Abbey,Jonathan
Miss Abbey,Williams
Miss Abbey,Bob
Miss Abbey,Jonathan
Miss Abbey,Tom Tootle
Miss Abbey,Jack Mullins
Miss Abbey,Tootle
Miss Abbey,Mullins
Miss Abbey,Gaffer
Miss Abbey,George Jones
Miss Abbey,Jones
Miss Abbey,William Williams
Miss Abbey,Bob Glamour
Miss Abbey,Jonathan
Miss Abbey,Williams
Miss Abbey,Bob
Miss Abbey,Jonathan
Miss Abbey,Tom Tootle
Miss Abbey,Jack Mullins
Miss Abbey,Tootle
Miss Abbey,Mullins
Miss Abbey,Gaffer
Miss Abbey,George Jones
Miss Abbey,Jones
Miss Abbey,William Williams
Miss Abbey,Bob Glamour
Miss Abbey,Jonathan
Miss Abbey,Williams
Miss Abbey,Bob
Miss Abbey,Jonathan
Miss Abbey,Tom Tootle
Miss Abbey,Jack Mullins
Miss Abbey,Tootle
Miss Abbey,Mullins
Tom Tootle,Gaffer
Tom Tootle,Miss Abbey
Tom Tootle,George Jones
Tom Tootle,Jones
Tom Tootle,Miss Abbey
Tom Tootle,William Williams
Tom Tootle,Bob Glamour
Tom Tootle,Jonathan
Tom Tootle,Williams
Tom Tootle,Bob
Tom Tootle,Jonathan
Tom Tootle,Miss Abbey
Tom Tootle,Miss Abbey
Tom Tootle,Miss Abbey
Tom Tootle,Miss Abbey
Tom Tootle,Jack Mullins
Tom Tootle,Tootle
Tom Tootle,Mullins
Tom Tootle,Miss Abbey
Jack Mullins,Gaffer
Jack Mullins,Miss Abbey
Jack Mullins,George Jones
Jack Mullins,Jones
Jack Mullins,Miss Abbey
Jack Mullins,William Williams
Jack Mullins,Bob Glamour
Jack Mullins,Jonathan
Jack Mullins,Williams
Jack Mullins,Bob
Jack Mullins,Jonathan
Jack Mullins,Miss Abbey
Jack Mullins,Miss Abbey
Jack Mullins,Miss Abbey
Jack Mullins,Miss Abbey
Jack Mullins,Tom Tootle
Jack Mullins,Tootle
Jack Mullins,Mullins
Jack Mullins,Miss Abbey
Tootle,Gaffer
Tootle,Miss Abbey
Tootle,George Jones
Tootle,Jones
Tootle,Miss Abbey
Tootle,William Williams
Tootle,Bob Glamour
Tootle,Jonathan
Tootle,Williams
Tootle,Bob
Tootle,Jonathan
Tootle,Miss Abbey
Tootle,Miss Abbey
Tootle,Miss Abbey
Tootle,Miss Abbey
Tootle,Tom Tootle
Tootle,Jack Mullins
Tootle,Mullins
Tootle,Miss Abbey
Mullins,Gaffer
Mullins,Miss Abbey
Mullins,George Jones
Mullins,Jones
Mullins,Miss Abbey
Mullins,William Williams
Mullins,Bob Glamour
Mullins,Jonathan
Mullins,Williams
Mullins,Bob
Mullins,Jonathan
Mullins,Miss Abbey
Mullins,Miss Abbey
Mullins,Miss Abbey
Mullins,Miss Abbey
Mullins,Tom Tootle
Mullins,Jack Mullins
Mullins,Tootle
Mullins,Miss Abbey
Miss Abbey,Gaffer
Miss Abbey,George Jones
Miss Abbey,Jones
Miss Abbey,William Williams
Miss Abbey,Bob Glamour
Miss Abbey,Jonathan
Miss Abbey,Williams
Miss Abbey,Bob
Miss Abbey,Jonathan
Miss Abbey,Tom Tootle
Miss Abbey,Jack Mullins
Miss Abbey,Tootle
Miss Abbey,Mullins
Miss Abbey,Riderhood
Miss Abbey,Riderhood
Miss Abbey,Riderhood
Riderhood,Miss Abbey
Riderhood,Miss Abbey
Riderhood,Miss Abbey
Gliddery,Miss Abbey
Gliddery,Hexam
Gliddery,Lizzie
Miss Abbey,Gliddery
Miss Abbey,Hexam
Miss Abbey,Lizzie
Hexam,Gliddery
Hexam,Miss Abbey
Hexam,Lizzie
Lizzie,Gliddery
Lizzie,Miss Abbey
Lizzie,Hexam
Bob Gliddery,Lizzie
Bob Gliddery,Miss Potterson
Lizzie,Bob Gliddery
Lizzie,Miss Potterson
Miss Potterson,Bob Gliddery
Miss Potterson,Lizzie
Don,Gliddery
Gliddery,Don
Lizzie Hexam,Miss Potterson
Lizzie Hexam,Miss Potterson
Miss Potterson,Lizzie Hexam
Miss Potterson,Lizzie Hexam
Miss Potterson,Which
Which,Miss Potterson
Never,Miss Potterson
Never,Lizzie Hexam
Never,Lizzie Hexam
Miss Potterson,Never
Miss Potterson,Lizzie Hexam
Miss Potterson,Lizzie Hexam
Lizzie Hexam,Never
Lizzie Hexam,Miss Potterson
Lizzie Hexam,Never
Lizzie Hexam,Miss Potterson
Say,Miss Abbey
Miss Abbey,Say
Lizzie,Miss Abbey
Miss Abbey,Lizzie
Lizzie,Riderhood
Lizzie,Miss
Riderhood,Lizzie
Riderhood,Miss
Miss,Lizzie
Miss,Riderhood
Father,Miss Abbey
Miss Abbey,Father
Lizzie,Miss Potterson
Lizzie,Don
Miss Potterson,Lizzie
Miss Potterson,Don
Don,Lizzie
Don,Miss Potterson
Miss,Lizzie Hexam
Lizzie Hexam,Miss
Miss Potterson,Missis
Missis,Miss Potterson
Lizzie Hexam,Miss Abbey
Lizzie Hexam,Murder
Miss Abbey,Lizzie Hexam
Miss Abbey,Murder
Murder,Lizzie Hexam
Murder,Miss Abbey
Riderhood,Death
Riderhood,Death
Riderhood,Death
Riderhood,Death
Death,Riderhood
Death,Riderhood
Death,Riderhood
Death,Riderhood
Father,Charley
Charley,Father
Charley,Poor Charley
Poor Charley,Charley
Get,Charley
Charley,Get
Charley,Heaven
Charley,Heaven
Heaven,Charley
Heaven,Charley
Gaffer,Lizzie
Lizzie,Gaffer
Gaffer,Ain
Ain,Gaffer
Silas,Boffin
Silas,Which
Boffin,Silas
Boffin,Silas
Boffin,Which
Silas,Boffin
Silas,Which
Which,Silas
Which,Boffin
Which,Silas
Venus,Wegg
Venus,Cock Robin
Wegg,Venus
Wegg,Venus
Wegg,Cock Robin
Venus,Wegg
Venus,Cock Robin
Cock Robin,Venus
Cock Robin,Wegg
Cock Robin,Venus
Venus,Don
Don,Venus
Don,Molars
Don,Molars
Molars,Don
Molars,Don
Tools,Bones
Tools,Skulls
Tools,Say
Tools,Articulated English
Tools,Dogs
Tools,Ducks
Tools,Mummied
Tools,Dried
Bones,Tools
Bones,Skulls
Bones,Say
Bones,Articulated English
Bones,Dogs
Bones,Ducks
Bones,Mummied
Bones,Dried
Skulls,Tools
Skulls,Bones
Skulls,Say
Skulls,Articulated English
Skulls,Dogs
Skulls,Ducks
Skulls,Mummied
Skulls,Dried
Say,Tools
Say,Bones
Say,Skulls
Say,Articulated English
Say,Dogs
Say,Ducks
Say,Mummied
Say,Dried
Articulated English,Tools
Articulated English,Bones
Articulated English,Skulls
Articulated English,Say
Articulated English,Dogs
Articulated English,Ducks
Articulated English,Mummied
Articulated English,Dried
Dogs,Tools
Dogs,Bones
Dogs,Skulls
Dogs,Say
Dogs,Articulated English
Dogs,Ducks
Dogs,Mummied
Dogs,Dried
Ducks,Tools
Ducks,Bones
Ducks,Skulls
Ducks,Say
Ducks,Articulated English
Ducks,Dogs
Ducks,Mummied
Ducks,Dried
Mummied,Tools
Mummied,Bones
Mummied,Skulls
Mummied,Say
Mummied,Articulated English
Mummied,Dogs
Mummied,Ducks
Mummied,Dried
Dried,Tools
Dried,Bones
Dried,Skulls
Dried,Say
Dried,Articulated English
Dried,Dogs
Dried,Ducks
Dried,Mummied
Silas,Venus
Venus,Silas
Harmon,Battle Bridge
Battle Bridge,Harmon
Hindoo,Cock Robin
Hindoo,Venus
Cock Robin,Hindoo
Cock Robin,Venus
Venus,Hindoo
Venus,Cock Robin
Book,Blight
Book,Balley
Book,Calley
Book,Dalley
Book,Galley
Book,Malley
Blight,Book
Blight,Balley
Blight,Calley
Blight,Dalley
Blight,Galley
Blight,Malley
Balley,Book
Balley,Blight
Balley,Calley
Balley,Dalley
Balley,Galley
Balley,Malley
Calley,Book
Calley,Blight
Calley,Balley
Calley,Dalley
Calley,Galley
Calley,Malley
Dalley,Book
Dalley,Blight
Dalley,Balley
Dalley,Calley
Dalley,Galley
Dalley,Malley
Galley,Book
Galley,Blight
Galley,Balley
Galley,Calley
Galley,Dalley
Galley,Malley
Malley,Book
Malley,Blight
Malley,Balley
Malley,Calley
Malley,Dalley
Malley,Galley
Blight,Boffin
Blight,Boffin
Boffin,Blight
Boffin,Blight
Law Practice,Law Reports
Law Practice,Lightwood
Law Reports,Law Practice
Law Reports,Lightwood
Lightwood,Law Practice
Lightwood,Law Reports
Lightwood,Boffin
Boffin,Lightwood
Mrs Boffin,Boffin
Mrs Boffin,Which
Mrs Boffin,Boffin
Mrs Boffin,Which
Boffin,Mrs Boffin
Boffin,Mrs Boffin
Boffin,Mrs Boffin
Boffin,Which
Mrs Boffin,Boffin
Mrs Boffin,Which
Which,Mrs Boffin
Which,Mrs Boffin
Which,Boffin
Which,Mrs Boffin
Lightwood,Boffin
Boffin,Lightwood
Lightwood,Boffin
Lightwood,Agincourt
Boffin,Lightwood
Boffin,Agincourt
Agincourt,Lightwood
Agincourt,Boffin
Paul,Churchyard
Churchyard,Paul
Doctor Scommons,Doctor S.
Doctor Scommons,Mrs Boffin
Doctor S.,Doctor Scommons
Doctor S.,Mrs Boffin
Mrs Boffin,Doctor Scommons
Mrs Boffin,Doctor S.
Boffin,Lightwood
Lightwood,Boffin
Eugene Wrayburn,Lightwood
Eugene Wrayburn,Wrayburn
Eugene Wrayburn,Boffin
Lightwood,Eugene Wrayburn
Lightwood,Wrayburn
Lightwood,Boffin
Wrayburn,Eugene Wrayburn
Wrayburn,Lightwood
Wrayburn,Boffin
Boffin,Eugene Wrayburn
Boffin,Lightwood
Boffin,Wrayburn
Delighted,Eugene
Eugene,Delighted
Eugene,Death
Death,Eugene
Boffin,Fleet Street
Fleet Street,Boffin
Boffin,Clifford
Clifford,Boffin
Boffin,Clifford
Boffin,Inn
Clifford,Boffin
Clifford,Inn
Inn,Boffin
Inn,Clifford
Rokesmith,Wilfer
Wilfer,Rokesmith
Boffin,Queer
Queer,Boffin
Mrs Boffin,Boffin
Boffin,Mrs Boffin
Boffin,Bower
Boffin,Harmon
Bower,Boffin
Bower,Harmon
Harmon,Boffin
Harmon,Bower
Harmoon,Harmarn
Harmarn,Harmoon
Noddy,Mrs Boffin
Noddy,Society
Mrs Boffin,Noddy
Mrs Boffin,Society
Society,Noddy
Society,Mrs Boffin
True,Boffin
Boffin,True
Noddy,Mrs Boffin
Noddy,Don
Mrs Boffin,Noddy
Mrs Boffin,Don
Don,Noddy
Don,Mrs Boffin
Boffin,John Harmon
Boffin,John
Boffin,Somehow
John Harmon,Boffin
John Harmon,John
John Harmon,Somehow
John,Boffin
John,John Harmon
John,Somehow
Somehow,Boffin
Somehow,John Harmon
Somehow,John
Evil,Good
Good,Evil
Mrs Boffin,Fashion
Mrs Boffin,Boffin
Mrs Boffin,Miss Bella Wilfer
Fashion,Mrs Boffin
Fashion,Boffin
Fashion,Miss Bella Wilfer
Fashion,Mrs Boffin
Boffin,Mrs Boffin
Boffin,Fashion
Boffin,Miss Bella Wilfer
Boffin,Mrs Boffin
Miss Bella Wilfer,Mrs Boffin
Miss Bella Wilfer,Fashion
Miss Bella Wilfer,Boffin
Miss Bella Wilfer,Mrs Boffin
Mrs Boffin,Fashion
Mrs Boffin,Boffin
Mrs Boffin,Miss Bella Wilfer
Mrs Boffin,Down
Down,Mrs Boffin
Boffin,Milvey
Milvey,Boffin
Milvey,Boffin
Boffin,Milvey
Milvey,Mrs Boffin
Mrs Boffin,Milvey
Milvey,Curates
Curates,Milvey
Milvey,Mrs Milvey
Mrs Milvey,Milvey
Mrs Milvey,Milvey
Milvey,Mrs Milvey
Milvey,Mrs Boffin
Mrs Boffin,Milvey
Milvey,Which Mrs Milvey
Milvey,Margaretta
Which Mrs Milvey,Milvey
Which Mrs Milvey,Milvey
Which Mrs Milvey,Margaretta
Milvey,Which Mrs Milvey
Milvey,Margaretta
Margaretta,Milvey
Margaretta,Which Mrs Milvey
Margaretta,Milvey
Mrs Milvey,Mrs Boffin
Mrs Milvey,Boffin
Mrs Milvey,Milvey
Mrs Milvey,Milvey
Mrs Boffin,Mrs Milvey
Mrs Boffin,Boffin
Mrs Boffin,Milvey
Mrs Boffin,Milvey
Mrs Boffin,Mrs Milvey
Boffin,Mrs Milvey
Boffin,Mrs Boffin
Boffin,Milvey
Boffin,Milvey
Boffin,Mrs Milvey
Milvey,Mrs Milvey
Milvey,Mrs Boffin
Milvey,Boffin
Milvey,Mrs Milvey
Milvey,Mrs Milvey
Milvey,Mrs Boffin
Milvey,Boffin
Milvey,Mrs Milvey
Mrs Milvey,Mrs Boffin
Mrs Milvey,Boffin
Mrs Milvey,Milvey
Mrs Milvey,Milvey
Wilfer,Miss Lavinia
Miss Lavinia,Wilfer
Miss,Lavinia
Miss,Miss Lavinia
Lavinia,Miss
Lavinia,Miss Lavinia
Miss Lavinia,Miss
Miss Lavinia,Lavinia
Mrs Boffin,Miss Lavinia
Mrs Boffin,Wilfer
Mrs Boffin,Miss Bella
Mrs Boffin,George Sampson
Miss Lavinia,Mrs Boffin
Miss Lavinia,Wilfer
Miss Lavinia,Miss Bella
Miss Lavinia,George Sampson
Wilfer,Mrs Boffin
Wilfer,Miss Lavinia
Wilfer,Miss Bella
Wilfer,George Sampson
Miss Bella,Mrs Boffin
Miss Bella,Miss Lavinia
Miss Bella,Wilfer
Miss Bella,George Sampson
George Sampson,Mrs Boffin
George Sampson,Miss Lavinia
George Sampson,Wilfer
George Sampson,Miss Bella
Mrs Boffin,Wilfer
Mrs Boffin,George Sampson
Wilfer,Mrs Boffin
Wilfer,George Sampson
George Sampson,Mrs Boffin
George Sampson,Wilfer
Wilfer,George Sampson
George Sampson,Wilfer
Mrs Boffin,Wilfer
Wilfer,Mrs Boffin
Pardon,Mrs Wilfer
Mrs Wilfer,Pardon
Pardon,Mrs Wilfer
Pardon,Mrs Boffin
Mrs Wilfer,Pardon
Mrs Wilfer,Mrs Boffin
Mrs Boffin,Pardon
Mrs Boffin,Mrs Wilfer
Pardon,Which
Which,Pardon
Don,Boffin
Don,Miss Bella
Boffin,Don
Boffin,Miss Bella
Miss Bella,Don
Miss Bella,Boffin
Mrs Wilfer,Bella
Mrs Wilfer,Mrs Boffin
Bella,Mrs Wilfer
Bella,Mrs Boffin
Mrs Boffin,Mrs Wilfer
Mrs Boffin,Bella
Pardon,Mrs Wilfer
Mrs Wilfer,Pardon
Mrs Boffin,Mrs Wilfer
Mrs Boffin,Miss Bella
Mrs Boffin,Wilfer
Mrs Wilfer,Mrs Boffin
Mrs Wilfer,Miss Bella
Mrs Wilfer,Wilfer
Miss Bella,Mrs Boffin
Miss Bella,Mrs Wilfer
Miss Bella,Wilfer
Wilfer,Mrs Boffin
Wilfer,Mrs Wilfer
Wilfer,Miss Bella
Mrs Boffin,Bella
Bella,Mrs Boffin
Miss Bella,Mrs Boffin
Mrs Boffin,Miss Bella
Mrs Wilfer,George Sampson
George Sampson,Mrs Wilfer
Mrs Boffin,Miss Bella
Miss Bella,Mrs Boffin
Mrs Wilfer,Mrs Boffin
Mrs Boffin,Mrs Wilfer
Pardon,Mrs Wilfer
Mrs Wilfer,Pardon
Miss,Lavinia
Lavinia,Miss
Mrs Wilfer,Bella
Mrs Wilfer,Bella
Bella,Mrs Wilfer
Bella,Mrs Wilfer
Sampson,Mrs Wilfer
Mrs Wilfer,Sampson
Mrs Wilfer,Sampson
Sampson,Mrs Wilfer
Bella,Mrs Boffin
Bella,Wilfer
Mrs Boffin,Bella
Mrs Boffin,Wilfer
Wilfer,Bella
Wilfer,Mrs Boffin
Miss Bella,Mrs Boffin
Miss Bella,John Harmon
Mrs Boffin,Miss Bella
Mrs Boffin,John Harmon
John Harmon,Miss Bella
John Harmon,Mrs Boffin
George Sampson,Miss Bella
George Sampson,Miss Lavinia
Miss Bella,George Sampson
Miss Bella,Miss Lavinia
Miss Lavinia,George Sampson
Miss Lavinia,Miss Bella
Wilfer,Boffins
Boffins,Wilfer
Mrs Wilfer,Boffin
Boffin,Mrs Wilfer
Shares,Have Shares
Have Shares,Shares
Have Shares,Shares
Have Shares,Shares
Have Shares,Shares
Have Shares,Shares
Have Shares,Shares
Have Shares,Shares
Shares,Have Shares
Shares,Have Shares
Shares,Have Shares
Shares,Have Shares
Shares,Have Shares
Shares,Have Shares
Twemlow,Sophronia Akershem
Twemlow,Alfred Lammle
Twemlow,Alfred
Twemlow,Whether Sophronia
Sophronia Akershem,Twemlow
Sophronia Akershem,Alfred Lammle
Sophronia Akershem,Twemlow
Sophronia Akershem,Alfred
Sophronia Akershem,Whether Sophronia
Sophronia Akershem,Twemlow
Alfred Lammle,Twemlow
Alfred Lammle,Sophronia Akershem
Alfred Lammle,Twemlow
Alfred Lammle,Alfred
Alfred Lammle,Whether Sophronia
Alfred Lammle,Twemlow
Twemlow,Sophronia Akershem
Twemlow,Alfred Lammle
Twemlow,Alfred
Twemlow,Whether Sophronia
Alfred,Twemlow
Alfred,Sophronia Akershem
Alfred,Alfred Lammle
Alfred,Twemlow
Alfred,Whether Sophronia
Alfred,Twemlow
Whether Sophronia,Twemlow
Whether Sophronia,Sophronia Akershem
Whether Sophronia,Alfred Lammle
Whether Sophronia,Twemlow
Whether Sophronia,Alfred
Whether Sophronia,Twemlow
Twemlow,Sophronia Akershem
Twemlow,Alfred Lammle
Twemlow,Alfred
Twemlow,Whether Sophronia
Twemlow,St James
Twemlow,Mrs Veneering
St James,Twemlow
St James,Mrs Veneering
St James,Twemlow
Mrs Veneering,Twemlow
Mrs Veneering,St James
Mrs Veneering,Twemlow
Twemlow,St James
Twemlow,Mrs Veneering
Twemlow,Anastatia
Twemlow,Podsnap
Anastatia,Twemlow
Anastatia,Podsnap
Podsnap,Twemlow
Podsnap,Anastatia
Podsnap,Twemlow
Twemlow,Podsnap
Podsnap,Twemlow
Twemlow,Podsnap
Anastatia,Twemlow
Anastatia,Twemlow
Twemlow,Anastatia
Twemlow,Anastatia
Church,Alfred Lammle Esquire
Church,Piccadilly
Church,Horatio Akershem
Church,Esquire
Church,Hamilton Veneering
Church,Esquire
Church,Melvin Twemlow
Church,Esquire
Church,St James
Church,Lord Snigsworth
Church,Twemlow
Alfred Lammle Esquire,Church
Alfred Lammle Esquire,Piccadilly
Alfred Lammle Esquire,Horatio Akershem
Alfred Lammle Esquire,Esquire
Alfred Lammle Esquire,Hamilton Veneering
Alfred Lammle Esquire,Esquire
Alfred Lammle Esquire,Melvin Twemlow
Alfred Lammle Esquire,Esquire
Alfred Lammle Esquire,St James
Alfred Lammle Esquire,Lord Snigsworth
Alfred Lammle Esquire,Twemlow
Piccadilly,Church
Piccadilly,Alfred Lammle Esquire
Piccadilly,Horatio Akershem
Piccadilly,Esquire
Piccadilly,Hamilton Veneering
Piccadilly,Esquire
Piccadilly,Melvin Twemlow
Piccadilly,Esquire
Piccadilly,St James
Piccadilly,Lord Snigsworth
Piccadilly,Twemlow
Horatio Akershem,Church
Horatio Akershem,Alfred Lammle Esquire
Horatio Akershem,Piccadilly
Horatio Akershem,Esquire
Horatio Akershem,Hamilton Veneering
Horatio Akershem,Esquire
Horatio Akershem,Melvin Twemlow
Horatio Akershem,Esquire
Horatio Akershem,St James
Horatio Akershem,Lord Snigsworth
Horatio Akershem,Twemlow
Esquire,Church
Esquire,Alfred Lammle Esquire
Esquire,Piccadilly
Esquire,Horatio Akershem
Esquire,Hamilton Veneering
Esquire,Melvin Twemlow
Esquire,St James
Esquire,Lord Snigsworth
Esquire,Twemlow
Hamilton Veneering,Church
Hamilton Veneering,Alfred Lammle Esquire
Hamilton Veneering,Piccadilly
Hamilton Veneering,Horatio Akershem
Hamilton Veneering,Esquire
Hamilton Veneering,Esquire
Hamilton Veneering,Melvin Twemlow
Hamilton Veneering,Esquire
Hamilton Veneering,St James
Hamilton Veneering,Lord Snigsworth
Hamilton Veneering,Twemlow
Esquire,Church
Esquire,Alfred Lammle Esquire
Esquire,Piccadilly
Esquire,Horatio Akershem
Esquire,Hamilton Veneering
Esquire,Melvin Twemlow
Esquire,St James
Esquire,Lord Snigsworth
Esquire,Twemlow
Melvin Twemlow,Church
Melvin Twemlow,Alfred Lammle Esquire
Melvin Twemlow,Piccadilly
Melvin Twemlow,Horatio Akershem
Melvin Twemlow,Esquire
Melvin Twemlow,Hamilton Veneering
Melvin Twemlow,Esquire
Melvin Twemlow,Esquire
Melvin Twemlow,St James
Melvin Twemlow,Lord Snigsworth
Melvin Twemlow,Twemlow
Esquire,Church
Esquire,Alfred Lammle Esquire
Esquire,Piccadilly
Esquire,Horatio Akershem
Esquire,Hamilton Veneering
Esquire,Melvin Twemlow
Esquire,St James
Esquire,Lord Snigsworth
Esquire,Twemlow
St James,Church
St James,Alfred Lammle Esquire
St James,Piccadilly
St James,Horatio Akershem
St James,Esquire
St James,Hamilton Veneering
St James,Esquire
St James,Melvin Twemlow
St James,Esquire
St James,Lord Snigsworth
St James,Twemlow
Lord Snigsworth,Church
Lord Snigsworth,Alfred Lammle Esquire
Lord Snigsworth,Piccadilly
Lord Snigsworth,Horatio Akershem
Lord Snigsworth,Esquire
Lord Snigsworth,Hamilton Veneering
Lord Snigsworth,Esquire
Lord Snigsworth,Melvin Twemlow
Lord Snigsworth,Esquire
Lord Snigsworth,St James
Lord Snigsworth,Twemlow
Twemlow,Church
Twemlow,Alfred Lammle Esquire
Twemlow,Piccadilly
Twemlow,Horatio Akershem
Twemlow,Esquire
Twemlow,Hamilton Veneering
Twemlow,Esquire
Twemlow,Melvin Twemlow
Twemlow,Esquire
Twemlow,St James
Twemlow,Lord Snigsworth
Twemlow,Horatio Akershem Esquire
Twemlow,Mrs Veneering
Twemlow,Horatio Akershem Esquire
Twemlow,Mrs Veneering
Horatio Akershem Esquire,Twemlow
Horatio Akershem Esquire,Twemlow
Horatio Akershem Esquire,Twemlow
Horatio Akershem Esquire,Mrs Veneering
Twemlow,Horatio Akershem Esquire
Twemlow,Mrs Veneering
Mrs Veneering,Twemlow
Mrs Veneering,Twemlow
Mrs Veneering,Horatio Akershem Esquire
Mrs Veneering,Twemlow
Twemlow,Duke Street
Twemlow,St James
Duke Street,Twemlow
Duke Street,St James
Duke Street,Twemlow
St James,Twemlow
St James,Duke Street
St James,Twemlow
Twemlow,Duke Street
Twemlow,St James
Lady Tippins,Sir Thomas Tippins
Lady Tippins,Lady
Sir Thomas Tippins,Lady Tippins
Sir Thomas Tippins,Lady
Sir Thomas Tippins,Lady Tippins
Lady,Lady Tippins
Lady,Sir Thomas Tippins
Lady,Lady Tippins
Lady Tippins,Sir Thomas Tippins
Lady Tippins,Lady
James,Church
Church,James
Mephistopheles,Whom Lady Tippins
Mephistopheles,Whom Lady Tippins
Mephistopheles,Twemlow
Whom Lady Tippins,Mephistopheles
Whom Lady Tippins,Twemlow
Whom Lady Tippins,Mephistopheles
Whom Lady Tippins,Twemlow
Twemlow,Mephistopheles
Twemlow,Whom Lady Tippins
Twemlow,Whom Lady Tippins
Ceremony,Lady Tippins
Ceremony,Mrs Podsnap
Ceremony,Boots
Ceremony,Twemlow
Ceremony,Pokey
Lady Tippins,Ceremony
Lady Tippins,Mrs Podsnap
Lady Tippins,Boots
Lady Tippins,Twemlow
Lady Tippins,Pokey
Mrs Podsnap,Ceremony
Mrs Podsnap,Lady Tippins
Mrs Podsnap,Boots
Mrs Podsnap,Twemlow
Mrs Podsnap,Pokey
Boots,Ceremony
Boots,Lady Tippins
Boots,Mrs Podsnap
Boots,Twemlow
Boots,Pokey
Twemlow,Ceremony
Twemlow,Lady Tippins
Twemlow,Mrs Podsnap
Twemlow,Boots
Twemlow,Pokey
Pokey,Ceremony
Pokey,Lady Tippins
Pokey,Mrs Podsnap
Pokey,Boots
Pokey,Twemlow
Splendid,Cupids
Splendid,Mrs Podsnap
Splendid,Podsnap
Cupids,Splendid
Cupids,Splendid
Cupids,Mrs Podsnap
Cupids,Podsnap
Splendid,Cupids
Splendid,Mrs Podsnap
Splendid,Podsnap
Mrs Podsnap,Splendid
Mrs Podsnap,Cupids
Mrs Podsnap,Splendid
Mrs Podsnap,Podsnap
Podsnap,Splendid
Podsnap,Cupids
Podsnap,Splendid
Podsnap,Mrs Podsnap
Medusa,Tippins
Medusa,Lady Tippins
Medusa,Lady Tippins
Tippins,Medusa
Tippins,Lady Tippins
Tippins,Lady Tippins
Lady Tippins,Medusa
Lady Tippins,Tippins
Lady Tippins,Medusa
Lady Tippins,Tippins
Lady Tippins,Eugene
Lady Tippins,Twemlow
Eugene,Lady Tippins
Eugene,Twemlow
Twemlow,Lady Tippins
Twemlow,Eugene
Carried,Don
Carried,Don
Don,Carried
Don,Carried
Alfred Lammle,Esquire
Esquire,Alfred Lammle
Elsewise,Music
Music,Elsewise
Podsnap,Inferior
Inferior,Podsnap
Inferior,Podsnap
Podsnap,Inferior
Portman Square,Miss Podsnap
Portman Square,Miss Podsnap
Miss Podsnap,Portman Square
Miss Podsnap,Portman Square
Mrs Veneering,Hideous
Mrs Veneering,Hideous
Hideous,Mrs Veneering
Hideous,Mrs Veneering
Enormously Rich,Ritch
Ritch,Enormously Rich
Sir,Strike
Strike,Sir
Podsnap,Sir
Sir,Podsnap
Horse,Angleterre
Horse,Orse
Angleterre,Horse
Angleterre,Orse
Orse,Horse
Orse,Angleterre
Difficult,Ours
Ours,Difficult
Podsnap,Sir
Podsnap,Very Proud
Podsnap,Sir
Sir,Podsnap
Sir,Very Proud
Very Proud,Podsnap
Very Proud,Sir
Very Proud,Sir
Sir,Podsnap
Sir,Very Proud
Blest,Sir
Sir,Blest
Lammle,Miss Podsnap
Lammle,Miss Podsnap
Miss Podsnap,Lammle
Miss Podsnap,Lammle
Mrs Lammle,Don
Don,Mrs Lammle
Don,Miss Podsnap
Miss Podsnap,Don
Miss,Podsnap
Podsnap,Miss
Miss Podsnap,Ma
Miss Podsnap,Ma
Ma,Miss Podsnap
Ma,Miss Podsnap
Ma,Miss Podsnap
Ma,Miss Podsnap
Miss Podsnap,Ma
Miss Podsnap,Ma
Mrs Lammle,Lammle
Mrs Lammle,Lammle
Lammle,Mrs Lammle
Lammle,Mrs Lammle
Pardon,Lammle
Lammle,Pardon
Miss Podsnap,Georgiana
Georgiana,Miss Podsnap
Dearest Georgiana,Lammle
Lammle,Dearest Georgiana
Don,Miss Podsnap
Miss Podsnap,Don
Lammle,Georgiana
Lammle,Georgiana
Georgiana,Lammle
Georgiana,Lammle
Georgiana,Lammle
Lammle,Georgiana
Georgiana,Miss Podsnap
Georgiana,Miss Podsnap
Miss Podsnap,Georgiana
Miss Podsnap,Georgiana
Georgiana,Mrs Lammle
Mrs Lammle,Georgiana
Alfred,Georgiana
Georgiana,Alfred
Lammle,Miss Podsnap
Lammle,Miss Podsnap
Miss Podsnap,Lammle
Miss Podsnap,Lammle
Lammle,Georgiana
Georgiana,Lammle
Podsnap,Miss Podsnap
Miss Podsnap,Podsnap
Thomson,Johnson
Thomson,Jackson
Thomson,Dickson
Thomson,Smith
Thomson,Jones
Johnson,Thomson
Johnson,Jackson
Johnson,Dickson
Johnson,Smith
Johnson,Jones
Jackson,Thomson
Jackson,Johnson
Jackson,Dickson
Jackson,Smith
Jackson,Jones
Dickson,Thomson
Dickson,Johnson
Dickson,Jackson
Dickson,Smith
Dickson,Jones
Smith,Thomson
Smith,Johnson
Smith,Jackson
Smith,Dickson
Smith,Jones
Jones,Thomson
Jones,Johnson
Jones,Jackson
Jones,Dickson
Jones,Smith
Marsh Forces,Kent
Marsh Forces,Young Blight
Kent,Marsh Forces
Kent,Young Blight
Young Blight,Marsh Forces
Young Blight,Kent
Don,Lightwood
Lightwood,Don
Eugene,Lady Tippins
Lady Tippins,Eugene
Lawyer Lightwood,Don
Don,Lawyer Lightwood
Don,Lawyer Lightwood
Lawyer Lightwood,Don
Lightwood,Eugene
Lightwood,Eugene
Eugene,Lightwood
Eugene,Lightwood
Eugene,Lightwood
Lightwood,Eugene
Riderhood,Gaffer Hexam
Riderhood,Jesse Hexam
Riderhood,Gaffer
Gaffer Hexam,Riderhood
Gaffer Hexam,Jesse Hexam
Gaffer Hexam,Gaffer
Jesse Hexam,Riderhood
Jesse Hexam,Gaffer Hexam
Jesse Hexam,Gaffer
Gaffer,Riderhood
Gaffer,Gaffer Hexam
Gaffer,Jesse Hexam
Riderhood,Gaffer
Gaffer,Riderhood
Haven,Don
Haven,Lawyer Lightwood
Don,Haven
Don,Lawyer Lightwood
Lawyer Lightwood,Haven
Lawyer Lightwood,Don
George,Don
Don,George
Lawyer Lightwood,Roger Riderhood
Lawyer Lightwood,Lime
Lawyer Lightwood,Jesse Hexam
Lawyer Lightwood,Gaffer
Roger Riderhood,Lawyer Lightwood
Roger Riderhood,Lime
Roger Riderhood,Lawyer Lightwood
Roger Riderhood,Jesse Hexam
Roger Riderhood,Gaffer
Lime,Lawyer Lightwood
Lime,Roger Riderhood
Lime,Lawyer Lightwood
Lime,Jesse Hexam
Lime,Gaffer
Lawyer Lightwood,Roger Riderhood
Lawyer Lightwood,Lime
Lawyer Lightwood,Jesse Hexam
Lawyer Lightwood,Gaffer
Jesse Hexam,Lawyer Lightwood
Jesse Hexam,Roger Riderhood
Jesse Hexam,Lime
Jesse Hexam,Lawyer Lightwood
Jesse Hexam,Gaffer
Gaffer,Lawyer Lightwood
Gaffer,Roger Riderhood
Gaffer,Lime
Gaffer,Lawyer Lightwood
Gaffer,Jesse Hexam
Outside,Riderhood
Riderhood,Outside
T,David
David,T
Rogue Riderhood,Roger
Roger,Rogue Riderhood
Scuse ME,Lawyer Lightwood
Scuse ME,Rogue Riderhood
Scuse ME,Gaffer
Scuse ME,Rogue Riderhood
Scuse ME,David
Scuse ME,Don
Lawyer Lightwood,Scuse ME
Lawyer Lightwood,Rogue Riderhood
Lawyer Lightwood,Gaffer
Lawyer Lightwood,Rogue Riderhood
Lawyer Lightwood,David
Lawyer Lightwood,Don
Rogue Riderhood,Scuse ME
Rogue Riderhood,Lawyer Lightwood
Rogue Riderhood,Gaffer
Rogue Riderhood,David
Rogue Riderhood,Don
Gaffer,Scuse ME
Gaffer,Lawyer Lightwood
Gaffer,Rogue Riderhood
Gaffer,Rogue Riderhood
Gaffer,David
Gaffer,Don
Rogue Riderhood,Scuse ME
Rogue Riderhood,Lawyer Lightwood
Rogue Riderhood,Gaffer
Rogue Riderhood,David
Rogue Riderhood,Don
David,Scuse ME
David,Lawyer Lightwood
David,Rogue Riderhood
David,Gaffer
David,Rogue Riderhood
David,Don
Don,Scuse ME
Don,Lawyer Lightwood
Don,Rogue Riderhood
Don,Gaffer
Don,Rogue Riderhood
Don,David
Lawyer Lightwood,Roger Riderhood
Roger Riderhood,Lawyer Lightwood
Riderhood,Warn
Warn,Riderhood
Lawyer Lightwood,Miss Abbey Potterson
Miss Abbey Potterson,Lawyer Lightwood
Miss Abbey Potterson,Lawyer Lightwood
Lawyer Lightwood,Miss Abbey Potterson
Riderhood,Lawyer Lightwood
Riderhood,Jesse Hexam
Riderhood,Gaffer
Lawyer Lightwood,Riderhood
Lawyer Lightwood,Jesse Hexam
Lawyer Lightwood,Gaffer
Jesse Hexam,Riderhood
Jesse Hexam,Lawyer Lightwood
Jesse Hexam,Gaffer
Gaffer,Riderhood
Gaffer,Lawyer Lightwood
Gaffer,Jesse Hexam
Riderhood,Lightwood
Lightwood,Riderhood
Aslant,Destiny
Destiny,Aslant
Lawyer Lightwood,Gaffer
Gaffer,Lawyer Lightwood
Lightwood,Eugene
Eugene,Lightwood
Riderhood,Lightwood
Lightwood,Riderhood
Eugene,Lightwood
Lightwood,Eugene
Always,Miss Abbey
Always,Bob Gliddery
Always,Bob
Always,Cosy
Miss Abbey,Always
Miss Abbey,Bob Gliddery
Miss Abbey,Bob
Miss Abbey,Cosy
Bob Gliddery,Always
Bob Gliddery,Miss Abbey
Bob Gliddery,Bob
Bob Gliddery,Cosy
Bob,Always
Bob,Miss Abbey
Bob,Bob Gliddery
Bob,Cosy
Cosy,Always
Cosy,Miss Abbey
Cosy,Bob Gliddery
Cosy,Bob
Riderhood,Miss Abbey
Miss Abbey,Riderhood
Bob,Miss Abbey
Miss Abbey,Bob
Rather,Lightwood
Lightwood,Rather
Guy Fawkes,Eugene
Eugene,Guy Fawkes
Pooh,Eugene
Eugene,Pooh
Bob,Eugene
Eugene,Bob
Eugene,Best
Best,Eugene
Rule Britannia,Eugene
Eugene,Rule Britannia
Lawyer Lightwood,Riderhood
Riderhood,Lawyer Lightwood
George,Riderhood
George,Lawyer Lightwood
George,Gaffer
Riderhood,George
Riderhood,Lawyer Lightwood
Riderhood,Gaffer
Lawyer Lightwood,George
Lawyer Lightwood,Riderhood
Lawyer Lightwood,Gaffer
Gaffer,George
Gaffer,Riderhood
Gaffer,Lawyer Lightwood
Black,Eugene
Eugene,Black
Riderhood,Gaffer
Gaffer,Riderhood
Eugene,Mortimer
Mortimer,Eugene
Riderhood,Didn
Didn,Riderhood
Lightwood,Eugene
Eugene,Lightwood
Holloa,Eugene
Eugene,Holloa
Riderhood,Eugene Gaffer Harmon
Eugene Gaffer Harmon,Riderhood
Hard,Lightwood
Lightwood,Hard
Mrs Boffin,Boffin
Mrs Boffin,Care
Mrs Boffin,Boffin
Boffin,Mrs Boffin
Boffin,Care
Care,Mrs Boffin
Care,Boffin
Care,Boffin
Boffin,Mrs Boffin
Boffin,Care
Sit,Mrs Boffin
Mrs Boffin,Sit
Mrs Boffin,Lor
Lor,Mrs Boffin
Steward,Mrs Boffin
Mrs Boffin,Steward
John,Rokesmith
John,Decorator
John,Goldsmith
John,Total
John,Boffin
John,Boffin
John,Boffin
Rokesmith,John
Rokesmith,Decorator
Rokesmith,Goldsmith
Rokesmith,Total
Rokesmith,Boffin
Rokesmith,Boffin
Rokesmith,Boffin
Decorator,John
Decorator,Rokesmith
Decorator,Goldsmith
Decorator,Total
Decorator,Boffin
Decorator,Boffin
Decorator,Boffin
Goldsmith,John
Goldsmith,Rokesmith
Goldsmith,Decorator
Goldsmith,Total
Goldsmith,Boffin
Goldsmith,Boffin
Goldsmith,Boffin
Total,John
Total,Rokesmith
Total,Decorator
Total,Goldsmith
Total,Boffin
Total,Boffin
Total,Boffin
Boffin,John
Boffin,Rokesmith
Boffin,Decorator
Boffin,Goldsmith
Boffin,Total
Boffin,John
Boffin,Rokesmith
Boffin,Decorator
Boffin,Goldsmith
Boffin,Total
Boffin,John
Boffin,Rokesmith
Boffin,Decorator
Boffin,Goldsmith
Boffin,Total
John Rokesmith,Boffin
John Rokesmith,Boffin
John Rokesmith,Boffin
Boffin,John Rokesmith
Boffin,John Rokesmith
Boffin,John Rokesmith
Boffin,John Rokesmith
Boffin,John Rokesmith
John Rokesmith,Boffin
John Rokesmith,Boffin
Noddy,Mrs Boffin
Mrs Boffin,Noddy
Boffin,John Rokesmith
Boffin,Mrs Boffin
John Rokesmith,Boffin
John Rokesmith,Mrs Boffin
Mrs Boffin,Boffin
Mrs Boffin,John Rokesmith
Rokesmith,Mrs Boffin
Rokesmith,Boffin
Mrs Boffin,Rokesmith
Mrs Boffin,Boffin
Boffin,Rokesmith
Boffin,Mrs Boffin
Anyhow,Mrs Boffin
Anyhow,Eminently Aristocratic
Anyhow,Mrs Boffin
Mrs Boffin,Anyhow
Mrs Boffin,Eminently Aristocratic
Eminently Aristocratic,Anyhow
Eminently Aristocratic,Mrs Boffin
Eminently Aristocratic,Mrs Boffin
Mrs Boffin,Anyhow
Mrs Boffin,Eminently Aristocratic
Mrs Boffin,Boffin
Boffin,Mrs Boffin
Rokesmith,Wegg
Wegg,Rokesmith
Wegg,Which Lord
Wegg,Rokesmith
Which Lord,Wegg
Which Lord,Rokesmith
Rokesmith,Wegg
Rokesmith,Which Lord
Harmony Jail,Bare
Bare,Harmony Jail
Boffin,Wegg
Boffin,Wegg
Wegg,Boffin
Wegg,Boffin
Boffin,Bully Sawyers
Boffin,Bully Sawyers
Bully Sawyers,Boffin
Bully Sawyers,Boffin
Bully Sawyers,Boffin
Boffin,Bully Sawyers
Wegg,My Benefactor
Wegg,My Bene
My Benefactor,Wegg
My Benefactor,My Bene
My Bene,Wegg
My Bene,My Benefactor
Bereft,Behold
Behold,Bereft
True,Wegg
Wegg,True
Hem,Wegg
Wegg,Hem
Wegg,Similar
Wegg,Thomas
Wegg,Similar
Wegg,Thomas
Similar,Wegg
Similar,Wegg
Similar,Thomas
Thomas,Wegg
Thomas,Wegg
Thomas,Similar
Oars,Shall
Shall,Oars
Wegg,Bully Sawyers
Wegg,Which
Bully Sawyers,Wegg
Bully Sawyers,Which
Which,Wegg
Which,Bully Sawyers
Wegg,Sawyers
Wegg,Mrs Boffin
Sawyers,Wegg
Sawyers,Wegg
Sawyers,Mrs Boffin
Wegg,Sawyers
Wegg,Mrs Boffin
Mrs Boffin,Wegg
Mrs Boffin,Sawyers
Mrs Boffin,Wegg
Much,Boffin
Much,Mrs Boffin
Much,Boffin
Much,Boffin
Boffin,Much
Boffin,Mrs Boffin
Mrs Boffin,Much
Mrs Boffin,Boffin
Mrs Boffin,Boffin
Mrs Boffin,Boffin
Boffin,Much
Boffin,Mrs Boffin
Boffin,Much
Boffin,Mrs Boffin
Well,Lor
Well,Miss Bella Wilfer
Lor,Well
Lor,Miss Bella Wilfer
Miss Bella Wilfer,Well
Miss Bella Wilfer,Lor
Mrs Boffin,Death
Mrs Boffin,Murder
Death,Mrs Boffin
Death,Murder
Murder,Mrs Boffin
Murder,Death
Boffin,Wegg
Wegg,Boffin
Mrs Boffin,Boffin
Mrs Boffin,Boffin
Boffin,Mrs Boffin
Boffin,Mrs Boffin
Dustman,Boffin
Boffin,Dustman
Lightwood,Young Blight
Lightwood,Julius Handford
Lightwood,Julius Handford
Young Blight,Lightwood
Young Blight,Julius Handford
Young Blight,Julius Handford
Young Blight,Lightwood
Julius Handford,Lightwood
Julius Handford,Young Blight
Julius Handford,Lightwood
Julius Handford,Lightwood
Julius Handford,Young Blight
Julius Handford,Lightwood
Lightwood,Young Blight
Lightwood,Julius Handford
Lightwood,Julius Handford
Boffin,Julius Handford
Julius Handford,Boffin
Mrs Milvey,Likewise
Mrs Milvey,Likewise
Likewise,Mrs Milvey
Likewise,Mrs Milvey
Likewise,Mrs Milvey
Mrs Milvey,Likewise
John Rokesmith,Mrs Higden
Mrs Higden,John Rokesmith
Mrs Higden,John Rokesmith
John Rokesmith,Mrs Higden
Mrs Boffin,Betty Higden
Betty Higden,Mrs Boffin
Betty Higden,God
God,Betty Higden
Milvey,Sloppy
Sloppy,Milvey
Betty,Sloppy
Sloppy,Betty
Mrs Higden,Which
Which,Mrs Higden
Sloppy,Mrs Higden
Mrs Higden,Sloppy
Johnny,Mrs Boffin
Mrs Boffin,Johnny
Mrs Boffin,Johnny
Johnny,Mrs Boffin
Toddles,Poddles
Poddles,Toddles
Toddles,Poddles
Toddles,Mrs Betty Higden
Toddles,Betty Higden
Toddles,Poddles
Poddles,Toddles
Poddles,Mrs Betty Higden
Poddles,Betty Higden
Poddles,Toddles
Mrs Betty Higden,Toddles
Mrs Betty Higden,Poddles
Mrs Betty Higden,Betty Higden
Mrs Betty Higden,Toddles
Mrs Betty Higden,Poddles
Betty Higden,Toddles
Betty Higden,Poddles
Betty Higden,Mrs Betty Higden
Betty Higden,Toddles
Betty Higden,Poddles
Toddles,Poddles
Toddles,Mrs Betty Higden
Toddles,Betty Higden
Toddles,Poddles
Poddles,Toddles
Poddles,Mrs Betty Higden
Poddles,Betty Higden
Poddles,Toddles
Master,Sloppy
Sloppy,Master
Johnny,Betty
Johnny,Granny Betty
Betty,Johnny
Betty,Granny Betty
Betty,Johnny
Granny Betty,Johnny
Granny Betty,Betty
Granny Betty,Johnny
Johnny,Betty
Johnny,Granny Betty
Master,Mister Sloppy
Mister Sloppy,Master
Mrs Boffin,Johnny
Johnny,Mrs Boffin
Johnny,Betty
Betty,Johnny
Mrs Boffin,Please God
Please God,Mrs Boffin
Betty,Don
Don,Betty
Toddles,Poddles
Toddles,Johnny
Toddles,Betty Higden
Toddles,Sloppy
Poddles,Toddles
Poddles,Johnny
Poddles,Betty Higden
Poddles,Sloppy
Johnny,Toddles
Johnny,Poddles
Johnny,Betty Higden
Johnny,Sloppy
Betty Higden,Toddles
Betty Higden,Poddles
Betty Higden,Johnny
Betty Higden,Sloppy
Sloppy,Toddles
Sloppy,Poddles
Sloppy,Johnny
Sloppy,Betty Higden
Mrs Boffin,Mrs Higden
Mrs Higden,Mrs Boffin
Mrs Boffin,Take
Take,Mrs Boffin
Don,Betty
Betty,Don
Johnny,Mrs Boffin
Mrs Boffin,Johnny
Sloppy,Mrs Higden
Mrs Higden,Sloppy
Toddles,Poddles
Toddles,Johnny
Toddles,Johnny
Toddles,Mrs Higden
Poddles,Toddles
Poddles,Johnny
Poddles,Johnny
Poddles,Mrs Higden
Johnny,Toddles
Johnny,Poddles
Johnny,Mrs Higden
Johnny,Toddles
Johnny,Poddles
Johnny,Mrs Higden
Mrs Higden,Toddles
Mrs Higden,Poddles
Mrs Higden,Johnny
Mrs Higden,Johnny
Betty,Mrs Boffin
Mrs Boffin,Betty
Johnny,Boffin
Johnny,Mrs Betty Higden
Johnny,Boffin
Johnny,Boffin
Boffin,Johnny
Boffin,Mrs Betty Higden
Mrs Betty Higden,Johnny
Mrs Betty Higden,Boffin
Mrs Betty Higden,Boffin
Mrs Betty Higden,Boffin
Boffin,Johnny
Boffin,Mrs Betty Higden
Boffin,Johnny
Boffin,Mrs Betty Higden
Mrs Boffin,Whether
Mrs Boffin,Miss Bella Wilfer
Whether,Mrs Boffin
Whether,Miss Bella Wilfer
Miss Bella Wilfer,Mrs Boffin
Miss Bella Wilfer,Whether
Boffin,Miss Wilfer
Miss Wilfer,Boffin
Miss Wilfer,John Rokesmith
Miss Wilfer,Boffin
John Rokesmith,Miss Wilfer
John Rokesmith,Boffin
Boffin,Miss Wilfer
Boffin,John Rokesmith
Pardon,Mrs Wilfer
Mrs Wilfer,Pardon
Miss Bella,Don
Don,Miss Bella
Mrs Wilfer,Mrs Boffin
Mrs Wilfer,Lavater
Mrs Boffin,Mrs Wilfer
Mrs Boffin,Lavater
Lavater,Mrs Wilfer
Lavater,Mrs Boffin
Pardon,Mrs Wilfer
Mrs Wilfer,Pardon
Pardon,Mrs Wilfer
Mrs Wilfer,Pardon
Say Miss Wilfer,Mrs Wilfer
Mrs Wilfer,Say Miss Wilfer
Mrs Wilfer,Mrs Boffin
Mrs Boffin,Mrs Wilfer
Mrs Veneering,Mrs Boffin
Mrs Veneering,Lady Tippins
Mrs Veneering,Twemlow
Mrs Veneering,Mrs Tapkins
Mrs Veneering,Miss Tapkins
Mrs Veneering,Miss Frederica Tapkins
Mrs Veneering,Miss Antonina Tapkins
Mrs Veneering,Miss Malvina Tapkins
Mrs Veneering,Miss Euphemia Tapkins
Mrs Veneering,Henry George Alfred Swoshle
Mrs Veneering,Mrs Tapkins
Mrs Veneering,Music
Mrs Boffin,Mrs Veneering
Mrs Boffin,Lady Tippins
Mrs Boffin,Twemlow
Mrs Boffin,Mrs Tapkins
Mrs Boffin,Miss Tapkins
Mrs Boffin,Miss Frederica Tapkins
Mrs Boffin,Miss Antonina Tapkins
Mrs Boffin,Miss Malvina Tapkins
Mrs Boffin,Miss Euphemia Tapkins
Mrs Boffin,Henry George Alfred Swoshle
Mrs Boffin,Mrs Tapkins
Mrs Boffin,Music
Lady Tippins,Mrs Veneering
Lady Tippins,Mrs Boffin
Lady Tippins,Twemlow
Lady Tippins,Mrs Tapkins
Lady Tippins,Miss Tapkins
Lady Tippins,Miss Frederica Tapkins
Lady Tippins,Miss Antonina Tapkins
Lady Tippins,Miss Malvina Tapkins
Lady Tippins,Miss Euphemia Tapkins
Lady Tippins,Henry George Alfred Swoshle
Lady Tippins,Mrs Tapkins
Lady Tippins,Music
Twemlow,Mrs Veneering
Twemlow,Mrs Boffin
Twemlow,Lady Tippins
Twemlow,Mrs Tapkins
Twemlow,Miss Tapkins
Twemlow,Miss Frederica Tapkins
Twemlow,Miss Antonina Tapkins
Twemlow,Miss Malvina Tapkins
Twemlow,Miss Euphemia Tapkins
Twemlow,Henry George Alfred Swoshle
Twemlow,Mrs Tapkins
Twemlow,Music
Mrs Tapkins,Mrs Veneering
Mrs Tapkins,Mrs Boffin
Mrs Tapkins,Lady Tippins
Mrs Tapkins,Twemlow
Mrs Tapkins,Miss Tapkins
Mrs Tapkins,Miss Frederica Tapkins
Mrs Tapkins,Miss Antonina Tapkins
Mrs Tapkins,Miss Malvina Tapkins
Mrs Tapkins,Miss Euphemia Tapkins
Mrs Tapkins,Henry George Alfred Swoshle
Mrs Tapkins,Music
Miss Tapkins,Mrs Veneering
Miss Tapkins,Mrs Boffin
Miss Tapkins,Lady Tippins
Miss Tapkins,Twemlow
Miss Tapkins,Mrs Tapkins
Miss Tapkins,Miss Frederica Tapkins
Miss Tapkins,Miss Antonina Tapkins
Miss Tapkins,Miss Malvina Tapkins
Miss Tapkins,Miss Euphemia Tapkins
Miss Tapkins,Henry George Alfred Swoshle
Miss Tapkins,Mrs Tapkins
Miss Tapkins,Music
Miss Frederica Tapkins,Mrs Veneering
Miss Frederica Tapkins,Mrs Boffin
Miss Frederica Tapkins,Lady Tippins
Miss Frederica Tapkins,Twemlow
Miss Frederica Tapkins,Mrs Tapkins
Miss Frederica Tapkins,Miss Tapkins
Miss Frederica Tapkins,Miss Antonina Tapkins
Miss Frederica Tapkins,Miss Malvina Tapkins
Miss Frederica Tapkins,Miss Euphemia Tapkins
Miss Frederica Tapkins,Henry George Alfred Swoshle
Miss Frederica Tapkins,Mrs Tapkins
Miss Frederica Tapkins,Music
Miss Antonina Tapkins,Mrs Veneering
Miss Antonina Tapkins,Mrs Boffin
Miss Antonina Tapkins,Lady Tippins
Miss Antonina Tapkins,Twemlow
Miss Antonina Tapkins,Mrs Tapkins
Miss Antonina Tapkins,Miss Tapkins
Miss Antonina Tapkins,Miss Frederica Tapkins
Miss Antonina Tapkins,Miss Malvina Tapkins
Miss Antonina Tapkins,Miss Euphemia Tapkins
Miss Antonina Tapkins,Henry George Alfred Swoshle
Miss Antonina Tapkins,Mrs Tapkins
Miss Antonina Tapkins,Music
Miss Malvina Tapkins,Mrs Veneering
Miss Malvina Tapkins,Mrs Boffin
Miss Malvina Tapkins,Lady Tippins
Miss Malvina Tapkins,Twemlow
Miss Malvina Tapkins,Mrs Tapkins
Miss Malvina Tapkins,Miss Tapkins
Miss Malvina Tapkins,Miss Frederica Tapkins
Miss Malvina Tapkins,Miss Antonina Tapkins
Miss Malvina Tapkins,Miss Euphemia Tapkins
Miss Malvina Tapkins,Henry George Alfred Swoshle
Miss Malvina Tapkins,Mrs Tapkins
Miss Malvina Tapkins,Music
Miss Euphemia Tapkins,Mrs Veneering
Miss Euphemia Tapkins,Mrs Boffin
Miss Euphemia Tapkins,Lady Tippins
Miss Euphemia Tapkins,Twemlow
Miss Euphemia Tapkins,Mrs Tapkins
Miss Euphemia Tapkins,Miss Tapkins
Miss Euphemia Tapkins,Miss Frederica Tapkins
Miss Euphemia Tapkins,Miss Antonina Tapkins
Miss Euphemia Tapkins,Miss Malvina Tapkins
Miss Euphemia Tapkins,Henry George Alfred Swoshle
Miss Euphemia Tapkins,Mrs Tapkins
Miss Euphemia Tapkins,Music
Henry George Alfred Swoshle,Mrs Veneering
Henry George Alfred Swoshle,Mrs Boffin
Henry George Alfred Swoshle,Lady Tippins
Henry George Alfred Swoshle,Twemlow
Henry George Alfred Swoshle,Mrs Tapkins
Henry George Alfred Swoshle,Miss Tapkins
Henry George Alfred Swoshle,Miss Frederica Tapkins
Henry George Alfred Swoshle,Miss Antonina Tapkins
Henry George Alfred Swoshle,Miss Malvina Tapkins
Henry George Alfred Swoshle,Miss Euphemia Tapkins
Henry George Alfred Swoshle,Mrs Tapkins
Henry George Alfred Swoshle,Music
Mrs Tapkins,Mrs Veneering
Mrs Tapkins,Mrs Boffin
Mrs Tapkins,Lady Tippins
Mrs Tapkins,Twemlow
Mrs Tapkins,Miss Tapkins
Mrs Tapkins,Miss Frederica Tapkins
Mrs Tapkins,Miss Antonina Tapkins
Mrs Tapkins,Miss Malvina Tapkins
Mrs Tapkins,Miss Euphemia Tapkins
Mrs Tapkins,Henry George Alfred Swoshle
Mrs Tapkins,Music
Music,Mrs Veneering
Music,Mrs Boffin
Music,Lady Tippins
Music,Twemlow
Music,Mrs Tapkins
Music,Miss Tapkins
Music,Miss Frederica Tapkins
Music,Miss Antonina Tapkins
Music,Miss Malvina Tapkins
Music,Miss Euphemia Tapkins
Music,Henry George Alfred Swoshle
Music,Mrs Tapkins
Miss,Bella Wilfer
Miss,Miss Bella
Miss,Milliner
Miss,Dressmaker
Miss,Miss Bella Wilfer
Miss,Mrs Veneering
Miss,Miss Tapkins
Miss,Miss Frederica Tapkins
Miss,Miss Antonina Tapkins
Miss,Miss Malvina Tapkins
Miss,Miss Euphemia Tapkins
Miss,Likewise
Miss,Henry George Alfred Swoshle
Miss,Likewise
Miss,Music
Bella Wilfer,Miss
Bella Wilfer,Miss Bella
Bella Wilfer,Milliner
Bella Wilfer,Dressmaker
Bella Wilfer,Miss Bella Wilfer
Bella Wilfer,Mrs Veneering
Bella Wilfer,Miss Tapkins
Bella Wilfer,Miss Frederica Tapkins
Bella Wilfer,Miss Antonina Tapkins
Bella Wilfer,Miss Malvina Tapkins
Bella Wilfer,Miss Euphemia Tapkins
Bella Wilfer,Likewise
Bella Wilfer,Henry George Alfred Swoshle
Bella Wilfer,Likewise
Bella Wilfer,Music
Miss Bella,Miss
Miss Bella,Bella Wilfer
Miss Bella,Milliner
Miss Bella,Dressmaker
Miss Bella,Miss Bella Wilfer
Miss Bella,Mrs Veneering
Miss Bella,Miss Tapkins
Miss Bella,Miss Frederica Tapkins
Miss Bella,Miss Antonina Tapkins
Miss Bella,Miss Malvina Tapkins
Miss Bella,Miss Euphemia Tapkins
Miss Bella,Likewise
Miss Bella,Henry George Alfred Swoshle
Miss Bella,Likewise
Miss Bella,Music
Milliner,Miss
Milliner,Bella Wilfer
Milliner,Miss Bella
Milliner,Dressmaker
Milliner,Miss Bella Wilfer
Milliner,Mrs Veneering
Milliner,Miss Tapkins
Milliner,Miss Frederica Tapkins
Milliner,Miss Antonina Tapkins
Milliner,Miss Malvina Tapkins
Milliner,Miss Euphemia Tapkins
Milliner,Likewise
Milliner,Henry George Alfred Swoshle
Milliner,Likewise
Milliner,Music
Dressmaker,Miss
Dressmaker,Bella Wilfer
Dressmaker,Miss Bella
Dressmaker,Milliner
Dressmaker,Miss Bella Wilfer
Dressmaker,Mrs Veneering
Dressmaker,Miss Tapkins
Dressmaker,Miss Frederica Tapkins
Dressmaker,Miss Antonina Tapkins
Dressmaker,Miss Malvina Tapkins
Dressmaker,Miss Euphemia Tapkins
Dressmaker,Likewise
Dressmaker,Henry George Alfred Swoshle
Dressmaker,Likewise
Dressmaker,Music
Miss Bella Wilfer,Miss
Miss Bella Wilfer,Bella Wilfer
Miss Bella Wilfer,Miss Bella
Miss Bella Wilfer,Milliner
Miss Bella Wilfer,Dressmaker
Miss Bella Wilfer,Mrs Veneering
Miss Bella Wilfer,Miss Tapkins
Miss Bella Wilfer,Miss Frederica Tapkins
Miss Bella Wilfer,Miss Antonina Tapkins
Miss Bella Wilfer,Miss Malvina Tapkins
Miss Bella Wilfer,Miss Euphemia Tapkins
Miss Bella Wilfer,Likewise
Miss Bella Wilfer,Henry George Alfred Swoshle
Miss Bella Wilfer,Likewise
Miss Bella Wilfer,Music
Mrs Veneering,Miss
Mrs Veneering,Bella Wilfer
Mrs Veneering,Miss Bella
Mrs Veneering,Milliner
Mrs Veneering,Dressmaker
Mrs Veneering,Miss Bella Wilfer
Mrs Veneering,Miss Tapkins
Mrs Veneering,Miss Frederica Tapkins
Mrs Veneering,Miss Antonina Tapkins
Mrs Veneering,Miss Malvina Tapkins
Mrs Veneering,Miss Euphemia Tapkins
Mrs Veneering,Likewise
Mrs Veneering,Henry George Alfred Swoshle
Mrs Veneering,Likewise
Mrs Veneering,Music
Miss Tapkins,Miss
Miss Tapkins,Bella Wilfer
Miss Tapkins,Miss Bella
Miss Tapkins,Milliner
Miss Tapkins,Dressmaker
Miss Tapkins,Miss Bella Wilfer
Miss Tapkins,Mrs Veneering
Miss Tapkins,Miss Frederica Tapkins
Miss Tapkins,Miss Antonina Tapkins
Miss Tapkins,Miss Malvina Tapkins
Miss Tapkins,Miss Euphemia Tapkins
Miss Tapkins,Likewise
Miss Tapkins,Henry George Alfred Swoshle
Miss Tapkins,Likewise
Miss Tapkins,Music
Miss Frederica Tapkins,Miss
Miss Frederica Tapkins,Bella Wilfer
Miss Frederica Tapkins,Miss Bella
Miss Frederica Tapkins,Milliner
Miss Frederica Tapkins,Dressmaker
Miss Frederica Tapkins,Miss Bella Wilfer
Miss Frederica Tapkins,Mrs Veneering
Miss Frederica Tapkins,Miss Tapkins
Miss Frederica Tapkins,Miss Antonina Tapkins
Miss Frederica Tapkins,Miss Malvina Tapkins
Miss Frederica Tapkins,Miss Euphemia Tapkins
Miss Frederica Tapkins,Likewise
Miss Frederica Tapkins,Henry George Alfred Swoshle
Miss Frederica Tapkins,Likewise
Miss Frederica Tapkins,Music
Miss Antonina Tapkins,Miss
Miss Antonina Tapkins,Bella Wilfer
Miss Antonina Tapkins,Miss Bella
Miss Antonina Tapkins,Milliner
Miss Antonina Tapkins,Dressmaker
Miss Antonina Tapkins,Miss Bella Wilfer
Miss Antonina Tapkins,Mrs Veneering
Miss Antonina Tapkins,Miss Tapkins
Miss Antonina Tapkins,Miss Frederica Tapkins
Miss Antonina Tapkins,Miss Malvina Tapkins
Miss Antonina Tapkins,Miss Euphemia Tapkins
Miss Antonina Tapkins,Likewise
Miss Antonina Tapkins,Henry George Alfred Swoshle
Miss Antonina Tapkins,Likewise
Miss Antonina Tapkins,Music
Miss Malvina Tapkins,Miss
Miss Malvina Tapkins,Bella Wilfer
Miss Malvina Tapkins,Miss Bella
Miss Malvina Tapkins,Milliner
Miss Malvina Tapkins,Dressmaker
Miss Malvina Tapkins,Miss Bella Wilfer
Miss Malvina Tapkins,Mrs Veneering
Miss Malvina Tapkins,Miss Tapkins
Miss Malvina Tapkins,Miss Frederica Tapkins
Miss Malvina Tapkins,Miss Antonina Tapkins
Miss Malvina Tapkins,Miss Euphemia Tapkins
Miss Malvina Tapkins,Likewise
Miss Malvina Tapkins,Henry George Alfred Swoshle
Miss Malvina Tapkins,Likewise
Miss Malvina Tapkins,Music
Miss Euphemia Tapkins,Miss
Miss Euphemia Tapkins,Bella Wilfer
Miss Euphemia Tapkins,Miss Bella
Miss Euphemia Tapkins,Milliner
Miss Euphemia Tapkins,Dressmaker
Miss Euphemia Tapkins,Miss Bella Wilfer
Miss Euphemia Tapkins,Mrs Veneering
Miss Euphemia Tapkins,Miss Tapkins
Miss Euphemia Tapkins,Miss Frederica Tapkins
Miss Euphemia Tapkins,Miss Antonina Tapkins
Miss Euphemia Tapkins,Miss Malvina Tapkins
Miss Euphemia Tapkins,Likewise
Miss Euphemia Tapkins,Henry George Alfred Swoshle
Miss Euphemia Tapkins,Likewise
Miss Euphemia Tapkins,Music
Likewise,Miss
Likewise,Bella Wilfer
Likewise,Miss Bella
Likewise,Milliner
Likewise,Dressmaker
Likewise,Miss Bella Wilfer
Likewise,Mrs Veneering
Likewise,Miss Tapkins
Likewise,Miss Frederica Tapkins
Likewise,Miss Antonina Tapkins
Likewise,Miss Malvina Tapkins
Likewise,Miss Euphemia Tapkins
Likewise,Henry George Alfred Swoshle
Likewise,Music
Henry George Alfred Swoshle,Miss
Henry George Alfred Swoshle,Bella Wilfer
Henry George Alfred Swoshle,Miss Bella
Henry George Alfred Swoshle,Milliner
Henry George Alfred Swoshle,Dressmaker
Henry George Alfred Swoshle,Miss Bella Wilfer
Henry George Alfred Swoshle,Mrs Veneering
Henry George Alfred Swoshle,Miss Tapkins
Henry George Alfred Swoshle,Miss Frederica Tapkins
Henry George Alfred Swoshle,Miss Antonina Tapkins
Henry George Alfred Swoshle,Miss Malvina Tapkins
Henry George Alfred Swoshle,Miss Euphemia Tapkins
Henry George Alfred Swoshle,Likewise
Henry George Alfred Swoshle,Likewise
Henry George Alfred Swoshle,Music
Likewise,Miss
Likewise,Bella Wilfer
Likewise,Miss Bella
Likewise,Milliner
Likewise,Dressmaker
Likewise,Miss Bella Wilfer
Likewise,Mrs Veneering
Likewise,Miss Tapkins
Likewise,Miss Frederica Tapkins
Likewise,Miss Antonina Tapkins
Likewise,Miss Malvina Tapkins
Likewise,Miss Euphemia Tapkins
Likewise,Henry George Alfred Swoshle
Likewise,Music
Music,Miss
Music,Bella Wilfer
Music,Miss Bella
Music,Milliner
Music,Dressmaker
Music,Miss Bella Wilfer
Music,Mrs Veneering
Music,Miss Tapkins
Music,Miss Frederica Tapkins
Music,Miss Antonina Tapkins
Music,Miss Malvina Tapkins
Music,Miss Euphemia Tapkins
Music,Likewise
Music,Henry George Alfred Swoshle
Music,Likewise
Mrs Boffin,Miss Wilfer
Mrs Boffin,Lady
Mrs Boffin,Boffins
Miss Wilfer,Mrs Boffin
Miss Wilfer,Lady
Miss Wilfer,Boffins
Lady,Mrs Boffin
Lady,Miss Wilfer
Lady,Boffins
Boffins,Mrs Boffin
Boffins,Miss Wilfer
Boffins,Lady
Large,Nicodemus Boffin
Large,Esquire
Large,Annual Dinner
Large,Steward
Large,Servant
Large,Steward
Large,Nicodemus Boffin
Large,Esquire
Large,Nicodemus Boffin
Large,Esquire
Large,Nicodemus Boffin
Large,Esquire
Nicodemus Boffin,Large
Nicodemus Boffin,Esquire
Nicodemus Boffin,Annual Dinner
Nicodemus Boffin,Steward
Nicodemus Boffin,Servant
Nicodemus Boffin,Steward
Nicodemus Boffin,Esquire
Nicodemus Boffin,Esquire
Nicodemus Boffin,Esquire
Esquire,Large
Esquire,Nicodemus Boffin
Esquire,Annual Dinner
Esquire,Steward
Esquire,Servant
Esquire,Steward
Esquire,Nicodemus Boffin
Esquire,Nicodemus Boffin
Esquire,Nicodemus Boffin
Annual Dinner,Large
Annual Dinner,Nicodemus Boffin
Annual Dinner,Esquire
Annual Dinner,Steward
Annual Dinner,Servant
Annual Dinner,Steward
Annual Dinner,Nicodemus Boffin
Annual Dinner,Esquire
Annual Dinner,Nicodemus Boffin
Annual Dinner,Esquire
Annual Dinner,Nicodemus Boffin
Annual Dinner,Esquire
Steward,Large
Steward,Nicodemus Boffin
Steward,Esquire
Steward,Annual Dinner
Steward,Servant
Steward,Nicodemus Boffin
Steward,Esquire
Steward,Nicodemus Boffin
Steward,Esquire
Steward,Nicodemus Boffin
Steward,Esquire
Servant,Large
Servant,Nicodemus Boffin
Servant,Esquire
Servant,Annual Dinner
Servant,Steward
Servant,Steward
Servant,Nicodemus Boffin
Servant,Esquire
Servant,Nicodemus Boffin
Servant,Esquire
Servant,Nicodemus Boffin
Servant,Esquire
Steward,Large
Steward,Nicodemus Boffin
Steward,Esquire
Steward,Annual Dinner
Steward,Servant
Steward,Nicodemus Boffin
Steward,Esquire
Steward,Nicodemus Boffin
Steward,Esquire
Steward,Nicodemus Boffin
Steward,Esquire
Nicodemus Boffin,Large
Nicodemus Boffin,Esquire
Nicodemus Boffin,Annual Dinner
Nicodemus Boffin,Steward
Nicodemus Boffin,Servant
Nicodemus Boffin,Steward
Nicodemus Boffin,Esquire
Nicodemus Boffin,Esquire
Nicodemus Boffin,Esquire
Esquire,Large
Esquire,Nicodemus Boffin
Esquire,Annual Dinner
Esquire,Steward
Esquire,Servant
Esquire,Steward
Esquire,Nicodemus Boffin
Esquire,Nicodemus Boffin
Esquire,Nicodemus Boffin
Nicodemus Boffin,Large
Nicodemus Boffin,Esquire
Nicodemus Boffin,Annual Dinner
Nicodemus Boffin,Steward
Nicodemus Boffin,Servant
Nicodemus Boffin,Steward
Nicodemus Boffin,Esquire
Nicodemus Boffin,Esquire
Nicodemus Boffin,Esquire
Esquire,Large
Esquire,Nicodemus Boffin
Esquire,Annual Dinner
Esquire,Steward
Esquire,Servant
Esquire,Steward
Esquire,Nicodemus Boffin
Esquire,Nicodemus Boffin
Esquire,Nicodemus Boffin
Nicodemus Boffin,Large
Nicodemus Boffin,Esquire
Nicodemus Boffin,Annual Dinner
Nicodemus Boffin,Steward
Nicodemus Boffin,Servant
Nicodemus Boffin,Steward
Nicodemus Boffin,Esquire
Nicodemus Boffin,Esquire
Nicodemus Boffin,Esquire
Esquire,Large
Esquire,Nicodemus Boffin
Esquire,Annual Dinner
Esquire,Steward
Esquire,Servant
Esquire,Steward
Esquire,Nicodemus Boffin
Esquire,Nicodemus Boffin
Esquire,Nicodemus Boffin
Nicodemus Boffin,Esquire
Nicodemus Boffin,Angel
Nicodemus Boffin,Esquire
Nicodemus Boffin,Akin
Nicodemus Boffin,Esquire
Nicodemus Boffin,Esquire
Nicodemus Boffin,Less
Nicodemus Boffin,Esquire
Esquire,Nicodemus Boffin
Esquire,Angel
Esquire,Nicodemus Boffin
Esquire,Akin
Esquire,Nicodemus Boffin
Esquire,Nicodemus Boffin
Esquire,Nicodemus Boffin
Esquire,Nicodemus Boffin
Esquire,Less
Esquire,Nicodemus Boffin
Angel,Nicodemus Boffin
Angel,Esquire
Angel,Nicodemus Boffin
Angel,Esquire
Angel,Akin
Angel,Nicodemus Boffin
Angel,Esquire
Angel,Nicodemus Boffin
Angel,Nicodemus Boffin
Angel,Nicodemus Boffin
Angel,Esquire
Angel,Less
Angel,Nicodemus Boffin
Angel,Esquire
Nicodemus Boffin,Esquire
Nicodemus Boffin,Angel
Nicodemus Boffin,Esquire
Nicodemus Boffin,Akin
Nicodemus Boffin,Esquire
Nicodemus Boffin,Esquire
Nicodemus Boffin,Less
Nicodemus Boffin,Esquire
Esquire,Nicodemus Boffin
Esquire,Angel
Esquire,Nicodemus Boffin
Esquire,Akin
Esquire,Nicodemus Boffin
Esquire,Nicodemus Boffin
Esquire,Nicodemus Boffin
Esquire,Nicodemus Boffin
Esquire,Less
Esquire,Nicodemus Boffin
Akin,Nicodemus Boffin
Akin,Esquire
Akin,Angel
Akin,Nicodemus Boffin
Akin,Esquire
Akin,Nicodemus Boffin
Akin,Esquire
Akin,Nicodemus Boffin
Akin,Nicodemus Boffin
Akin,Nicodemus Boffin
Akin,Esquire
Akin,Less
Akin,Nicodemus Boffin
Akin,Esquire
Nicodemus Boffin,Esquire
Nicodemus Boffin,Angel
Nicodemus Boffin,Esquire
Nicodemus Boffin,Akin
Nicodemus Boffin,Esquire
Nicodemus Boffin,Esquire
Nicodemus Boffin,Less
Nicodemus Boffin,Esquire
Esquire,Nicodemus Boffin
Esquire,Angel
Esquire,Nicodemus Boffin
Esquire,Akin
Esquire,Nicodemus Boffin
Esquire,Nicodemus Boffin
Esquire,Nicodemus Boffin
Esquire,Nicodemus Boffin
Esquire,Less
Esquire,Nicodemus Boffin
Nicodemus Boffin,Esquire
Nicodemus Boffin,Angel
Nicodemus Boffin,Esquire
Nicodemus Boffin,Akin
Nicodemus Boffin,Esquire
Nicodemus Boffin,Esquire
Nicodemus Boffin,Less
Nicodemus Boffin,Esquire
Nicodemus Boffin,Esquire
Nicodemus Boffin,Angel
Nicodemus Boffin,Esquire
Nicodemus Boffin,Akin
Nicodemus Boffin,Esquire
Nicodemus Boffin,Esquire
Nicodemus Boffin,Less
Nicodemus Boffin,Esquire
Nicodemus Boffin,Esquire
Nicodemus Boffin,Angel
Nicodemus Boffin,Esquire
Nicodemus Boffin,Akin
Nicodemus Boffin,Esquire
Nicodemus Boffin,Esquire
Nicodemus Boffin,Less
Nicodemus Boffin,Esquire
Esquire,Nicodemus Boffin
Esquire,Angel
Esquire,Nicodemus Boffin
Esquire,Akin
Esquire,Nicodemus Boffin
Esquire,Nicodemus Boffin
Esquire,Nicodemus Boffin
Esquire,Nicodemus Boffin
Esquire,Less
Esquire,Nicodemus Boffin
Less,Nicodemus Boffin
Less,Esquire
Less,Angel
Less,Nicodemus Boffin
Less,Esquire
Less,Akin
Less,Nicodemus Boffin
Less,Esquire
Less,Nicodemus Boffin
Less,Nicodemus Boffin
Less,Nicodemus Boffin
Less,Esquire
Less,Nicodemus Boffin
Less,Esquire
Nicodemus Boffin,Esquire
Nicodemus Boffin,Angel
Nicodemus Boffin,Esquire
Nicodemus Boffin,Akin
Nicodemus Boffin,Esquire
Nicodemus Boffin,Esquire
Nicodemus Boffin,Less
Nicodemus Boffin,Esquire
Esquire,Nicodemus Boffin
Esquire,Angel
Esquire,Nicodemus Boffin
Esquire,Akin
Esquire,Nicodemus Boffin
Esquire,Nicodemus Boffin
Esquire,Nicodemus Boffin
Esquire,Nicodemus Boffin
Esquire,Less
Esquire,Nicodemus Boffin
Thomas Twopence,Who
Thomas Twopence,Dearert Childerrenerr
Who,Thomas Twopence
Who,Dearert Childerrenerr
Dearert Childerrenerr,Thomas Twopence
Dearert Childerrenerr,Who
Bradley,Headstone
Headstone,Bradley
Hexam,Bradley Headstone
Hexam,Charley Hexam
Hexam,Autumn
Bradley Headstone,Hexam
Bradley Headstone,Charley Hexam
Bradley Headstone,Autumn
Charley Hexam,Hexam
Charley Hexam,Bradley Headstone
Charley Hexam,Autumn
Autumn,Hexam
Autumn,Bradley Headstone
Autumn,Charley Hexam
Kent,Aladdin
Aladdin,Kent
Miss Peecher,Bradley Headstone
Bradley Headstone,Miss Peecher
Bradley Headstone,Miss Peecher
Miss Peecher,Bradley Headstone
Miss,Peecher
Miss,Charley Hexam
Peecher,Miss
Peecher,Charley Hexam
Charley Hexam,Miss
Charley Hexam,Peecher
Ours,Miss Peecher
Miss Peecher,Ours
Mary Anne,Miss Peecher
Miss Peecher,Mary Anne
Mary,Anne
Anne,Mary
Mary,Anne
Anne,Mary
Mary Anne,Miss Peecher
Mary Anne,Miss Peecher
Miss Peecher,Mary Anne
Miss Peecher,Mary Anne
Mary,Anne
Anne,Mary
Miss Peecher,Mary Anne
Mary Anne,Miss Peecher
Mary,Anne
Anne,Mary
Miss Peecher,Don
Miss Peecher,Mary
Don,Miss Peecher
Don,Mary
Don,Miss Peecher
Mary,Miss Peecher
Mary,Don
Mary,Miss Peecher
Miss Peecher,Don
Miss Peecher,Mary
Bradley,Charley Hexam
Bradley,Millbank
Bradley,Church Street
Bradley,Smith Square
Bradley,Miller
Bradley,Nobody
Charley Hexam,Bradley
Charley Hexam,Millbank
Charley Hexam,Church Street
Charley Hexam,Smith Square
Charley Hexam,Miller
Charley Hexam,Nobody
Millbank,Bradley
Millbank,Charley Hexam
Millbank,Church Street
Millbank,Smith Square
Millbank,Miller
Millbank,Nobody
Church Street,Bradley
Church Street,Charley Hexam
Church Street,Millbank
Church Street,Smith Square
Church Street,Miller
Church Street,Nobody
Smith Square,Bradley
Smith Square,Charley Hexam
Smith Square,Millbank
Smith Square,Church Street
Smith Square,Miller
Smith Square,Nobody
Miller,Bradley
Miller,Charley Hexam
Miller,Millbank
Miller,Church Street
Miller,Smith Square
Miller,Nobody
Nobody,Bradley
Nobody,Charley Hexam
Nobody,Millbank
Nobody,Church Street
Nobody,Smith Square
Nobody,Miller
Bradley Headstone,Don
Don,Bradley Headstone
Charley,Bradley Headstone
Bradley Headstone,Charley
Lizzie,Charley
Charley,Lizzie
Bradley Headstone,Lizzie Hexam
Lizzie Hexam,Bradley Headstone
Don,Charley
Charley,Don
Liz,Headstone
Headstone,Liz
Liz,Don
Don,Liz
Bradley,Headstone
Headstone,Bradley
Lizzie,Miss Peecher
Miss Peecher,Lizzie
Miss Peecher,Bradley Headstone
Bradley Headstone,Miss Peecher
Mary Anne,Miss Peecher
Mary Anne,Miss Peecher
Mary Anne,Miss Peecher
Miss Peecher,Mary Anne
Miss Peecher,Mary Anne
Miss Peecher,Mary Anne
Miss,Peecher
Peecher,Miss
Jenny Wren,Fanny Cleaver
Fanny Cleaver,Jenny Wren
Jenny,Wren
Wren,Jenny
Eugene Wrayburn,Miss Wren
Miss Wren,Eugene Wrayburn
Lizzie,Eugene
Eugene,Lizzie
Eugene,Lightwood
Lightwood,Eugene
Eugene,Lizzie
Lizzie,Eugene
False,Eugene
Eugene,False
False,Eugene
False,Miss Jenny
False,True
False,True
Eugene,False
Eugene,Miss Jenny
Eugene,False
Eugene,True
Eugene,True
Miss Jenny,False
Miss Jenny,Eugene
Miss Jenny,False
Miss Jenny,True
Miss Jenny,True
False,Eugene
False,Miss Jenny
False,True
False,True
True,False
True,Eugene
True,Miss Jenny
True,False
True,False
True,Eugene
True,Miss Jenny
True,False
Don,Eugene
Eugene,Don
Miss Jenny,Miss
Miss Jenny,Sir Eugene Bountiful
Miss,Miss Jenny
Miss,Sir Eugene Bountiful
Sir Eugene Bountiful,Miss Jenny
Sir Eugene Bountiful,Miss
Eugene,Riderhood
Eugene,Lightwood
Riderhood,Eugene
Riderhood,Lightwood
Lightwood,Eugene
Lightwood,Riderhood
Eugene,Lizzie Hexam
Lizzie Hexam,Eugene
Eugene,Lizzie
Lizzie,Eugene
Jenny Wren,Miss Jenny
Miss Jenny,Jenny Wren
Miss Wren,Eugene
Eugene,Miss Wren
Miss Wren,Eugene
Eugene,Miss Wren
Don,Miss Hexam
Miss Hexam,Don
Miss Hexam,Don
Don,Miss Hexam
How,Jenny Wren
Jenny Wren,How
Shouldn,Poor
Poor,Shouldn
Miss Wren,Don
Don,Miss Wren
Her Majesty,Veneering
Veneering,Her Majesty
Duke Street,Saint James
Duke Street,Twemlow
Duke Street,Twemlow
Saint James,Duke Street
Saint James,Twemlow
Saint James,Twemlow
Twemlow,Duke Street
Twemlow,Saint James
Twemlow,Duke Street
Twemlow,Saint James
Snigsworthy Park,Lord Snigsworth
Lord Snigsworth,Snigsworthy Park
Twemlow,Lord Snigsworth
Lord Snigsworth,Twemlow
Twemlow,Finds Podsnap
Twemlow,Podsnap
Twemlow,Tells Podsnap
Twemlow,Podsnap
Twemlow,Podsnap
Twemlow,Seeks
Twemlow,Podsnap
Finds Podsnap,Twemlow
Finds Podsnap,Podsnap
Finds Podsnap,Tells Podsnap
Finds Podsnap,Podsnap
Finds Podsnap,Podsnap
Finds Podsnap,Seeks
Finds Podsnap,Podsnap
Podsnap,Twemlow
Podsnap,Finds Podsnap
Podsnap,Tells Podsnap
Podsnap,Seeks
Tells Podsnap,Twemlow
Tells Podsnap,Finds Podsnap
Tells Podsnap,Podsnap
Tells Podsnap,Podsnap
Tells Podsnap,Podsnap
Tells Podsnap,Seeks
Tells Podsnap,Podsnap
Podsnap,Twemlow
Podsnap,Finds Podsnap
Podsnap,Tells Podsnap
Podsnap,Seeks
Podsnap,Twemlow
Podsnap,Finds Podsnap
Podsnap,Tells Podsnap
Podsnap,Seeks
Seeks,Twemlow
Seeks,Finds Podsnap
Seeks,Podsnap
Seeks,Tells Podsnap
Seeks,Podsnap
Seeks,Podsnap
Seeks,Podsnap
Podsnap,Twemlow
Podsnap,Finds Podsnap
Podsnap,Tells Podsnap
Podsnap,Seeks
Podsnap,Good
Podsnap,Good
Good,Podsnap
Good,Podsnap
Twemlow,Podsnap
Podsnap,Twemlow
Podsnap,Twemlow
Twemlow,Podsnap
Podsnap,Mrs Podsnap
Mrs Podsnap,Podsnap
Podsnap,Boots
Boots,Podsnap
Lady Tippins,Curious
Lady Tippins,Curious
Curious,Lady Tippins
Curious,Lady Tippins
Twemlow,Podsnap
Twemlow,Boots
Twemlow,Brewer
Twemlow,Boots
Twemlow,Brewer
Podsnap,Twemlow
Podsnap,Boots
Podsnap,Brewer
Podsnap,Boots
Podsnap,Brewer
Boots,Twemlow
Boots,Podsnap
Boots,Brewer
Boots,Brewer
Brewer,Twemlow
Brewer,Podsnap
Brewer,Boots
Brewer,Boots
Boots,Twemlow
Boots,Podsnap
Boots,Brewer
Boots,Brewer
Brewer,Twemlow
Brewer,Podsnap
Brewer,Boots
Brewer,Boots
Lady,Boots
Lady,Brewer
Boots,Lady
Boots,Brewer
Brewer,Lady
Brewer,Boots
Brewer,Guy Fawkes
Guy Fawkes,Brewer
Boots,Brewer
Boots,Brewer
Boots,Driver
Boots,Brewer
Brewer,Boots
Brewer,Driver
Brewer,Boots
Brewer,Driver
Driver,Boots
Driver,Brewer
Driver,Brewer
Driver,Brewer
Brewer,Boots
Brewer,Driver
Podsnap,Twemlow
Podsnap,Branch Station
Podsnap,Mrs Veneering
Twemlow,Podsnap
Twemlow,Branch Station
Twemlow,Podsnap
Twemlow,Mrs Veneering
Branch Station,Podsnap
Branch Station,Twemlow
Branch Station,Podsnap
Branch Station,Mrs Veneering
Podsnap,Twemlow
Podsnap,Branch Station
Podsnap,Mrs Veneering
Mrs Veneering,Podsnap
Mrs Veneering,Twemlow
Mrs Veneering,Branch Station
Mrs Veneering,Podsnap
Podsnap,Twemlow
Twemlow,Podsnap
Twemlow,Lord Snigsworth
Twemlow,Lord Snigsworth
Lord Snigsworth,Twemlow
Lord Snigsworth,Twemlow
Lady Tippins,Boots
Lady Tippins,Brewer
Boots,Lady Tippins
Boots,Brewer
Brewer,Lady Tippins
Brewer,Boots
Mrs Veneering,Lady Tippins
Lady Tippins,Mrs Veneering
Mrs Veneering,Baby
Baby,Mrs Veneering
Twemlow,Saint James
Saint James,Twemlow
Mrs Alfred Lammle,Georgiana
Georgiana,Mrs Alfred Lammle
Georgiana,Mrs Alfred Lammle
Georgiana,Mrs Podsnap
Georgiana,Podsnap
Georgiana,Mrs Podsnap
Georgiana,Podsnap
Mrs Alfred Lammle,Georgiana
Mrs Alfred Lammle,Mrs Podsnap
Mrs Alfred Lammle,Georgiana
Mrs Alfred Lammle,Georgiana
Mrs Alfred Lammle,Podsnap
Mrs Alfred Lammle,Mrs Podsnap
Mrs Alfred Lammle,Podsnap
Mrs Podsnap,Georgiana
Mrs Podsnap,Mrs Alfred Lammle
Mrs Podsnap,Georgiana
Mrs Podsnap,Georgiana
Mrs Podsnap,Podsnap
Mrs Podsnap,Podsnap
Georgiana,Mrs Alfred Lammle
Georgiana,Mrs Podsnap
Georgiana,Podsnap
Georgiana,Mrs Podsnap
Georgiana,Podsnap
Georgiana,Mrs Alfred Lammle
Georgiana,Mrs Podsnap
Georgiana,Podsnap
Georgiana,Mrs Podsnap
Georgiana,Podsnap
Podsnap,Georgiana
Podsnap,Mrs Alfred Lammle
Podsnap,Mrs Podsnap
Podsnap,Georgiana
Podsnap,Georgiana
Podsnap,Mrs Podsnap
Mrs Podsnap,Georgiana
Mrs Podsnap,Mrs Alfred Lammle
Mrs Podsnap,Georgiana
Mrs Podsnap,Georgiana
Mrs Podsnap,Podsnap
Mrs Podsnap,Podsnap
Podsnap,Georgiana
Podsnap,Mrs Alfred Lammle
Podsnap,Mrs Podsnap
Podsnap,Georgiana
Podsnap,Georgiana
Podsnap,Mrs Podsnap
Mrs Lammle,Piccadilly
Mrs Lammle,People
Piccadilly,Mrs Lammle
Piccadilly,People
People,Mrs Lammle
People,Piccadilly
Georgiana,Mrs Lammle
Mrs Lammle,Georgiana
Alfred,Mrs Lammle
Alfred,Georgiana
Mrs Lammle,Alfred
Mrs Lammle,Georgiana
Georgiana,Alfred
Georgiana,Mrs Lammle
Lammle,Miss Podsnap
Miss Podsnap,Lammle
Miss Podsnap,Lammle
Lammle,Miss Podsnap
Georgiana,Alfred
Alfred,Georgiana
Truly,Mrs Lammle
Mrs Lammle,Truly
Lammle,Alfred
Alfred,Lammle
Doesn,Mrs Lammle
Doesn,Georgiana
Mrs Lammle,Doesn
Mrs Lammle,Georgiana
Georgiana,Doesn
Georgiana,Mrs Lammle
Alfred,Miss Podsnap
Alfred,Miss Podsnap
Miss Podsnap,Alfred
Miss Podsnap,Alfred
Alfred,Georgiana
Georgiana,Alfred
Lammle,Georgiana
Georgiana,Lammle
Mrs Lammle,Georgiana
Mrs Lammle,Georgiana Podsnap
Mrs Lammle,Alfred Lammle
Georgiana,Mrs Lammle
Georgiana,Georgiana Podsnap
Georgiana,Alfred Lammle
Georgiana Podsnap,Mrs Lammle
Georgiana Podsnap,Georgiana
Georgiana Podsnap,Alfred Lammle
Alfred Lammle,Mrs Lammle
Alfred Lammle,Georgiana
Alfred Lammle,Georgiana Podsnap
Miss Podsnap,Sophronia
Miss Podsnap,Alfred
Miss Podsnap,Fledgeby
Miss Podsnap,Georgiana
Miss Podsnap,Georgiana
Sophronia,Miss Podsnap
Sophronia,Alfred
Sophronia,Fledgeby
Sophronia,Georgiana
Sophronia,Georgiana
Alfred,Miss Podsnap
Alfred,Sophronia
Alfred,Fledgeby
Alfred,Georgiana
Alfred,Georgiana
Fledgeby,Miss Podsnap
Fledgeby,Sophronia
Fledgeby,Alfred
Fledgeby,Georgiana
Fledgeby,Georgiana
Georgiana,Miss Podsnap
Georgiana,Sophronia
Georgiana,Alfred
Georgiana,Fledgeby
Georgiana,Miss Podsnap
Georgiana,Sophronia
Georgiana,Alfred
Georgiana,Fledgeby
Mrs Lammle,Georgiana
Georgiana,Mrs Lammle
Georgiana,Lammle
Georgiana,Lammle
Georgiana,Lammle
Georgiana,Tom
Lammle,Georgiana
Lammle,Georgiana
Lammle,Tom
Lammle,Georgiana
Lammle,Georgiana
Lammle,Tom
Georgiana,Lammle
Georgiana,Lammle
Georgiana,Lammle
Georgiana,Tom
Lammle,Georgiana
Lammle,Georgiana
Lammle,Tom
Tom,Georgiana
Tom,Lammle
Tom,Lammle
Tom,Georgiana
Tom,Lammle
Young,Fledgeby
Young,Young Fledgeby
Young,Fledgeby
Young,Jupiter
Fledgeby,Young
Fledgeby,Young Fledgeby
Fledgeby,Jupiter
Young Fledgeby,Young
Young Fledgeby,Fledgeby
Young Fledgeby,Fledgeby
Young Fledgeby,Jupiter
Fledgeby,Young
Fledgeby,Young Fledgeby
Fledgeby,Jupiter
Jupiter,Young
Jupiter,Fledgeby
Jupiter,Young Fledgeby
Jupiter,Fledgeby
Fledgeby,Arrayed
Fledgeby,Mrs Lammle
Arrayed,Fledgeby
Arrayed,Mrs Lammle
Arrayed,Fledgeby
Mrs Lammle,Fledgeby
Mrs Lammle,Arrayed
Mrs Lammle,Fledgeby
Fledgeby,Arrayed
Fledgeby,Mrs Lammle
Mrs Lammle,Fascination Fledgeby
Mrs Lammle,Lammle
Mrs Lammle,Fascination Fledgeby
Fascination Fledgeby,Mrs Lammle
Fascination Fledgeby,Lammle
Lammle,Mrs Lammle
Lammle,Fascination Fledgeby
Lammle,Fascination Fledgeby
Fascination Fledgeby,Mrs Lammle
Fascination Fledgeby,Lammle
Been,Mrs Lammle
Mrs Lammle,Been
Miss Podsnap,Lammle
Miss Podsnap,Lammle
Lammle,Miss Podsnap
Lammle,Miss Podsnap
Lammle,Georgiana
Lammle,Fledgeby
Lammle,Georgiana
Lammle,Georgiana
Lammle,Fledgeby
Lammle,Georgiana
Georgiana,Lammle
Georgiana,Lammle
Georgiana,Fledgeby
Fledgeby,Lammle
Fledgeby,Lammle
Fledgeby,Georgiana
Fledgeby,Georgiana
Georgiana,Lammle
Georgiana,Lammle
Georgiana,Fledgeby
Miss,Podsnap
Podsnap,Miss
Miss Podsnap,Mrs Lammle
Mrs Lammle,Miss Podsnap
Mrs Lammle,Fledgeby
Fledgeby,Mrs Lammle
Georgiana,Fledgeby
Fledgeby,Georgiana
Mrs Lammle,Georgiana
Mrs Lammle,Fascination
Georgiana,Mrs Lammle
Georgiana,Fascination
Fascination,Mrs Lammle
Fascination,Georgiana
Georgy,Mrs Lammle
Mrs Lammle,Georgy
Fascination,Mrs Lammle
Fascination,Fledgeby
Mrs Lammle,Fascination
Mrs Lammle,Fledgeby
Mrs Lammle,Fascination
Fledgeby,Fascination
Fledgeby,Mrs Lammle
Fledgeby,Fascination
Fascination,Mrs Lammle
Fascination,Fledgeby
Mrs Lammle,Georgy
Georgy,Mrs Lammle
Georgy,Mrs Lammle
Georgy,Georgiana
Mrs Lammle,Georgy
Mrs Lammle,Georgiana
Georgiana,Georgy
Georgiana,Mrs Lammle
Fledgeby,Miss Podsnap
Miss Podsnap,Fledgeby
Lammle,Miss Podsnap
Lammle,Mrs Lammle
Lammle,Coffee
Lammle,Miss Podsnap
Lammle,Miss Podsnap
Lammle,Miss Podsnap
Miss Podsnap,Lammle
Miss Podsnap,Mrs Lammle
Miss Podsnap,Coffee
Mrs Lammle,Lammle
Mrs Lammle,Miss Podsnap
Mrs Lammle,Coffee
Mrs Lammle,Miss Podsnap
Mrs Lammle,Miss Podsnap
Mrs Lammle,Miss Podsnap
Coffee,Lammle
Coffee,Miss Podsnap
Coffee,Mrs Lammle
Coffee,Miss Podsnap
Coffee,Miss Podsnap
Coffee,Miss Podsnap
Miss Podsnap,Lammle
Miss Podsnap,Mrs Lammle
Miss Podsnap,Coffee
Miss Podsnap,Lammle
Miss Podsnap,Mrs Lammle
Miss Podsnap,Coffee
Miss Podsnap,Lammle
Miss Podsnap,Mrs Lammle
Miss Podsnap,Coffee
Mrs Lammle,Miss
Mrs Lammle,Lammle
Miss,Mrs Lammle
Miss,Mrs Lammle
Miss,Lammle
Mrs Lammle,Miss
Mrs Lammle,Lammle
Lammle,Mrs Lammle
Lammle,Miss
Lammle,Mrs Lammle
Fledgeby,Fascination Fledgeby
Fledgeby,Georgiana
Fledgeby,Lammle
Fledgeby,Lammle
Fledgeby,Georgiana
Fascination Fledgeby,Fledgeby
Fascination Fledgeby,Georgiana
Fascination Fledgeby,Lammle
Fascination Fledgeby,Lammle
Fascination Fledgeby,Georgiana
Georgiana,Fledgeby
Georgiana,Fascination Fledgeby
Georgiana,Lammle
Georgiana,Lammle
Lammle,Fledgeby
Lammle,Fascination Fledgeby
Lammle,Georgiana
Lammle,Georgiana
Lammle,Fledgeby
Lammle,Fascination Fledgeby
Lammle,Georgiana
Lammle,Georgiana
Georgiana,Fledgeby
Georgiana,Fascination Fledgeby
Georgiana,Lammle
Georgiana,Lammle
Alfred,Georgiana
Alfred,Georgiana
Georgiana,Alfred
Georgiana,Alfred
Alfred,Georgiana
Alfred,Georgiana
Georgiana,Alfred
Georgiana,Alfred
Fledgeby,Lammles
Fledgeby,Which
Lammles,Fledgeby
Lammles,Which
Which,Fledgeby
Which,Lammles
Fledgeby,Lammle
Lammle,Fledgeby
Fledgeby,Lord Snigsworth
Fledgeby,Lord Snigsworth
Fledgeby,Lord Snigsworth
Fledgeby,Lord Snigsworth
Lord Snigsworth,Fledgeby
Lord Snigsworth,Fledgeby
Lord Snigsworth,Fledgeby
Lord Snigsworth,Fledgeby
Lammle,Albany
Lammle,Fledgeby
Albany,Lammle
Albany,Fledgeby
Fledgeby,Lammle
Fledgeby,Albany
Alfred,Lammle
Alfred,Fledgeby
Lammle,Alfred
Lammle,Fledgeby
Fledgeby,Alfred
Fledgeby,Lammle
Mrs Lammle,Fledgeby
Fledgeby,Mrs Lammle
Fascination,Lammle
Lammle,Fascination
Luxury,Fox
Fox,Luxury
Fledgeby,Jobbery Forest
Jobbery Forest,Fledgeby
Always,Lammle
Lammle,Always
Came,Fledgeby
Fledgeby,Came
Fledgeby,Geor
Fledgeby,Georgina
Fledgeby,Georgiana
Geor,Fledgeby
Geor,Georgina
Geor,Georgiana
Georgina,Fledgeby
Georgina,Geor
Georgina,Georgiana
Georgiana,Fledgeby
Georgiana,Geor
Georgiana,Georgina
Fledgeby,Georgeute
Fledgeby,Georgiana
Georgeute,Fledgeby
Georgeute,Georgiana
Georgiana,Fledgeby
Georgiana,Georgeute
Fledgeby,Don
Don,Fledgeby
Fledgeby,Georgiana
Georgiana,Fledgeby
Lammle,Fledgeby
Lammle,Fledgeby
Fledgeby,Lammle
Fledgeby,Lammle
Fledgeby,Don
Don,Fledgeby
Lammle,Fledgeby
Fledgeby,Lammle
Lammle,Fledgeby
Fledgeby,Lammle
Mrs Lammle,Fledgeby
Fledgeby,Mrs Lammle
Georgiana,Young Person
Georgiana,Podsnap
Young Person,Georgiana
Young Person,Podsnap
Podsnap,Georgiana
Podsnap,Young Person
Fledgeby,Pubsey
Pubsey,Fledgeby
Don,Dumb School
Dumb School,Don
Riah,Fledgeby
Fledgeby,Riah
Riah,Twelve
Twelve,Riah
George,Fledgeby
Fledgeby,George
Fledgeby,Riah
Riah,Fledgeby
Lizzie,Jenny Wren
Lizzie,Jew
Lizzie,Jenny
Jenny Wren,Lizzie
Jenny Wren,Jew
Jenny Wren,Jenny
Jenny Wren,Lizzie
Jew,Lizzie
Jew,Jenny Wren
Jew,Jenny
Jew,Lizzie
Jenny,Lizzie
Jenny,Jenny Wren
Jenny,Jew
Jenny,Lizzie
Lizzie,Jenny Wren
Lizzie,Jew
Lizzie,Jenny
Lizzie,Miss Wren
Miss Wren,Lizzie
Dolls,Jenny
Jenny,Dolls
Riah,Fledgeby
Fledgeby,Riah
Fledgeby,Miss
Miss,Fledgeby
Miss Jenny,Fledgeby
Fledgeby,Miss Jenny
Jenny,Lizzie
Lizzie,Jenny
Eugene,Jones
Eugene,Jones
Jones,Eugene
Jones,Eugene
Don,Eugene
Eugene,Don
Eugene,Frankly
Frankly,Eugene
Eugene,Mortimer
Mortimer,Eugene
How,Eugene
Eugene,How
Lightwood,Mortimer
Lightwood,Mortimer
Lightwood,Charley Hexam
Mortimer,Lightwood
Mortimer,Charley Hexam
Mortimer,Lightwood
Mortimer,Charley Hexam
Charley Hexam,Lightwood
Charley Hexam,Mortimer
Charley Hexam,Mortimer
Eugene,Mortimer
Mortimer,Eugene
Eugene,Bradley Headstone
Bradley Headstone,Eugene
Charles Hexam,Bradley
Bradley,Charles Hexam
Bradley,Charles Hexam
Charles Hexam,Bradley
Eugene Wrayburn,Bradley Headstone
Bradley Headstone,Eugene Wrayburn
Eugene Wrayburn,Bradley
Bradley,Eugene Wrayburn
True,Eugene
True,Schoolmaster
True,Schoolmaster
Eugene,True
Eugene,Schoolmaster
Eugene,Schoolmaster
Schoolmaster,True
Schoolmaster,Eugene
Schoolmaster,True
Schoolmaster,Eugene
Schoolmaster,Eugene
Eugene,Schoolmaster
Schoolmaster,Eugene
Eugene,Schoolmaster
Don,Eugene
Eugene,Don
Eugene,Bradley
Eugene,Bradley
Bradley,Eugene
Bradley,Eugene
Master,Eugene
Eugene,Master
Schoolmaster,Eugene
Eugene,Schoolmaster
Lord,Eugene Wrayburn
Eugene Wrayburn,Lord
Hexam,Lightwood
Lightwood,Hexam
Schoolmaster,Eugene
Eugene,Schoolmaster
Sir,Bradley Headstone
Bradley Headstone,Sir
Eugene,Wrayburn
Wrayburn,Eugene
Schoolmaster,Eugene
Eugene,Schoolmaster
Eugene,Far
Far,Eugene
Eugene,Tippins
Tippins,Eugene
Don,Fal
Fal,Don
Eugene,Lightwood
Lightwood,Eugene
Silas Wegg,Boffin
Silas Wegg,Bower
Silas Wegg,Wegg
Boffin,Silas Wegg
Boffin,Bower
Boffin,Wegg
Bower,Silas Wegg
Bower,Boffin
Bower,Wegg
Wegg,Silas Wegg
Wegg,Boffin
Wegg,Bower
Miss Elizabeth,Master George
Miss Elizabeth,Aunt Jane
Miss Elizabeth,Uncle Parker
Master George,Miss Elizabeth
Master George,Aunt Jane
Master George,Uncle Parker
Aunt Jane,Miss Elizabeth
Aunt Jane,Master George
Aunt Jane,Uncle Parker
Uncle Parker,Miss Elizabeth
Uncle Parker,Master George
Uncle Parker,Aunt Jane
Wegg,Which
Which,Wegg
Which,Merit
Merit,Which
Silas,Don
Don,Silas
Wegg,Venus
Venus,Wegg
Yard,Man
Man,Yard
Silas Wegg,Wegg
Wegg,Silas Wegg
Venus,Wegg
Wegg,Venus
Wegg,Hush
Hush,Wegg
Master George,Aunt Jane
Master George,Uncle Parker
Aunt Jane,Master George
Aunt Jane,Uncle Parker
Uncle Parker,Master George
Uncle Parker,Aunt Jane
Nicodemus Boffin,Esquire
Nicodemus Boffin,Legacy Duty
Nicodemus Boffin,Mrs Boffin
Nicodemus Boffin,Miss Bella
Esquire,Nicodemus Boffin
Esquire,Legacy Duty
Esquire,Mrs Boffin
Esquire,Miss Bella
Legacy Duty,Nicodemus Boffin
Legacy Duty,Esquire
Legacy Duty,Mrs Boffin
Legacy Duty,Miss Bella
Mrs Boffin,Nicodemus Boffin
Mrs Boffin,Esquire
Mrs Boffin,Legacy Duty
Mrs Boffin,Miss Bella
Miss Bella,Nicodemus Boffin
Miss Bella,Esquire
Miss Bella,Legacy Duty
Miss Bella,Mrs Boffin
Miss Bella,Mrs Boffin
Miss Bella,Mrs Boffin
Mrs Boffin,Miss Bella
Mrs Boffin,Miss Bella
Mrs Boffin,Miss Bella
Miss Bella,Mrs Boffin
Miss Bella,Mrs Boffin
Mrs Boffin,Miss Bella
Mrs Boffin,Miss Bella
Mrs Boffin,Miss Bella
Miss Bella,Mrs Boffin
Miss Bella,Mrs Boffin
Miss Bella,Lightwood
Miss Bella,Rather
Miss Bella,Pa
Lightwood,Miss Bella
Lightwood,Rather
Lightwood,Pa
Rather,Miss Bella
Rather,Lightwood
Rather,Pa
Pa,Miss Bella
Pa,Lightwood
Pa,Rather
Miss Bella,Pa
Miss Bella,Mrs Boffin
Miss Bella,Pa
Pa,Miss Bella
Pa,Mrs Boffin
Mrs Boffin,Miss Bella
Mrs Boffin,Pa
Mrs Boffin,Pa
Pa,Miss Bella
Pa,Mrs Boffin
Bella,Mrs Boffin
Mrs Boffin,Bella
Bella,Wilfer
Bella,Miss Lavinia
Bella,Miss Bella
Wilfer,Bella
Wilfer,Miss Lavinia
Wilfer,Miss Bella
Miss Lavinia,Bella
Miss Lavinia,Wilfer
Miss Lavinia,Miss Bella
Miss Bella,Bella
Miss Bella,Wilfer
Miss Bella,Miss Lavinia
Wilfer,Bella
Bella,Wilfer
Mrs Wilfer,Lavvy
Lavvy,Mrs Wilfer
Lavinia,Bella
Bella,Lavinia
Bella,Mrs Boffin
Mrs Boffin,Bella
Lavvy,Mrs Boffin
Mrs Boffin,Lavvy
Truly,Mrs Wilfer
Mrs Wilfer,Truly
Bella,Lavvy
Lavvy,Bella
Mrs Wilfer,Lavvy
Mrs Wilfer,Don
Lavvy,Mrs Wilfer
Lavvy,Don
Don,Mrs Wilfer
Don,Lavvy
Mrs Wilfer,Mrs Boffin
Mrs Wilfer,Mrs Boffin
Mrs Wilfer,Mrs
Mrs Wilfer,Boffin
Mrs Wilfer,Doffin
Mrs Wilfer,Poffin
Mrs Boffin,Mrs Wilfer
Mrs Boffin,Mrs
Mrs Boffin,Boffin
Mrs Boffin,Doffin
Mrs Boffin,Poffin
Mrs Boffin,Mrs Wilfer
Mrs Boffin,Mrs
Mrs Boffin,Boffin
Mrs Boffin,Doffin
Mrs Boffin,Poffin
Mrs,Mrs Wilfer
Mrs,Mrs Boffin
Mrs,Mrs Boffin
Mrs,Boffin
Mrs,Doffin
Mrs,Poffin
Boffin,Mrs Wilfer
Boffin,Mrs Boffin
Boffin,Mrs Boffin
Boffin,Mrs
Boffin,Doffin
Boffin,Poffin
Doffin,Mrs Wilfer
Doffin,Mrs Boffin
Doffin,Mrs Boffin
Doffin,Mrs
Doffin,Boffin
Doffin,Poffin
Poffin,Mrs Wilfer
Poffin,Mrs Boffin
Poffin,Mrs Boffin
Poffin,Mrs
Poffin,Boffin
Poffin,Doffin
Miss Lavinia,Boffins
Miss Lavinia,Boffins
Miss Lavinia,Boffins
Miss Lavinia,Boffins
Miss Lavinia,Boffins
Boffins,Miss Lavinia
Boffins,Miss Lavinia
Boffins,Miss Lavinia
Boffins,Miss Lavinia
Boffins,Miss Lavinia
Rokesmith,Miss Bella
Miss Bella,Rokesmith
Boffin,Miss Wilfer
Miss Wilfer,Boffin
Lavvy,Bella
Lavvy,Mrs Wilfer
Lavvy,Mrs Wilfer
Bella,Lavvy
Bella,Mrs Wilfer
Bella,Mrs Wilfer
Mrs Wilfer,Lavvy
Mrs Wilfer,Bella
Mrs Wilfer,Lavvy
Mrs Wilfer,Bella
Stobbles,Wilfer
Stobbles,Rumty
Stobbles,Wilfer
Stobbles,Rumty
Wilfer,Stobbles
Wilfer,Stobbles
Wilfer,Rumty
Rumty,Stobbles
Rumty,Stobbles
Rumty,Wilfer
Saveloy,Wilfer
Wilfer,Saveloy
Tower,Bella
Bella,Tower
Greenwich,Bella
Bella,Greenwich
Pa,Stobbles
Pa,John Harmon
Pa,John Harmon
Pa,Anon
Pa,Thus Bella
Stobbles,Pa
Stobbles,John Harmon
Stobbles,Pa
Stobbles,John Harmon
Stobbles,Anon
Stobbles,Thus Bella
John Harmon,Pa
John Harmon,Stobbles
John Harmon,Pa
John Harmon,Anon
John Harmon,Thus Bella
Pa,Stobbles
Pa,John Harmon
Pa,John Harmon
Pa,Anon
Pa,Thus Bella
John Harmon,Pa
John Harmon,Stobbles
John Harmon,Pa
John Harmon,Anon
John Harmon,Thus Bella
Anon,Pa
Anon,Stobbles
Anon,John Harmon
Anon,Pa
Anon,John Harmon
Anon,Thus Bella
Thus Bella,Pa
Thus Bella,Stobbles
Thus Bella,John Harmon
Thus Bella,Pa
Thus Bella,John Harmon
Thus Bella,Anon
Didn,Mrs Boffin
Mrs Boffin,Didn
Bella,Talk
Talk,Bella
John Harmon,Bella
John Harmon,Bella
Bella,John Harmon
Bella,John Harmon
Sloppy,Johnny
Johnny,Sloppy
Johnny,Sloppy
Sloppy,Johnny
John,Rokesmith
John,Sloppy
John,Rokesmith
John,Sloppy
John,Rokesmith
John,Sloppy
John,Sloppy
Rokesmith,John
Rokesmith,Sloppy
Rokesmith,Sloppy
Rokesmith,Sloppy
Rokesmith,Sloppy
Sloppy,John
Sloppy,Rokesmith
Sloppy,Rokesmith
Sloppy,Rokesmith
Rokesmith,John
Rokesmith,Sloppy
Rokesmith,Sloppy
Rokesmith,Sloppy
Rokesmith,Sloppy
Sloppy,John
Sloppy,Rokesmith
Sloppy,Rokesmith
Sloppy,Rokesmith
Rokesmith,John
Rokesmith,Sloppy
Rokesmith,Sloppy
Rokesmith,Sloppy
Rokesmith,Sloppy
Sloppy,John
Sloppy,Rokesmith
Sloppy,Rokesmith
Sloppy,Rokesmith
Sloppy,John
Sloppy,Rokesmith
Sloppy,Rokesmith
Sloppy,Rokesmith
Higden,Johnny
Johnny,Higden
Sloppy,Johnny
Sloppy,Johnny
Sloppy,Mrs Higden
Sloppy,Johnny
Johnny,Sloppy
Johnny,Mrs Higden
Johnny,Sloppy
Johnny,Mrs Higden
Mrs Higden,Sloppy
Mrs Higden,Johnny
Mrs Higden,Johnny
Mrs Higden,Johnny
Johnny,Sloppy
Johnny,Mrs Higden
Sloppy,Johnny
Sloppy,Johnny
Sloppy,Johnny
Sloppy,Granny
Sloppy,Mrs Higden
Sloppy,Johnny
Johnny,Sloppy
Johnny,Granny
Johnny,Mrs Higden
Johnny,Sloppy
Johnny,Granny
Johnny,Mrs Higden
Johnny,Sloppy
Johnny,Granny
Johnny,Mrs Higden
Granny,Sloppy
Granny,Johnny
Granny,Johnny
Granny,Johnny
Granny,Mrs Higden
Granny,Johnny
Mrs Higden,Sloppy
Mrs Higden,Johnny
Mrs Higden,Johnny
Mrs Higden,Johnny
Mrs Higden,Granny
Mrs Higden,Johnny
Johnny,Sloppy
Johnny,Granny
Johnny,Mrs Higden
Sloppy,Mrs Boffin
Sloppy,Mrs Boffin
Mrs Boffin,Sloppy
Mrs Boffin,Sloppy
John Harmon,Mrs Boffin
Mrs Boffin,John Harmon
Mrs Boffin,Betty Higden
Betty Higden,Mrs Boffin
Sloppy,Johnny
Johnny,Sloppy
Bella,Sloppy
Sloppy,Bella
Sloppy,Mrs Boffin
Sloppy,Miss Bella
Sloppy,Betty Higden
Mrs Boffin,Sloppy
Mrs Boffin,Miss Bella
Mrs Boffin,Betty Higden
Miss Bella,Sloppy
Miss Bella,Mrs Boffin
Miss Bella,Betty Higden
Betty Higden,Sloppy
Betty Higden,Mrs Boffin
Betty Higden,Miss Bella
Betty Higden,Johnny
Johnny,Betty Higden
Betty,Mrs Boffin
Mrs Boffin,Betty
Johnny,Mrs Boffin
Johnny,Bella
Mrs Boffin,Johnny
Mrs Boffin,Bella
Bella,Johnny
Bella,Mrs Boffin
Betty,Mrs Boffin
Betty,Johnny
Mrs Boffin,Betty
Mrs Boffin,Johnny
Johnny,Betty
Johnny,Mrs Boffin
Stay,Rokesmith
Rokesmith,Stay
Mrs Boffin,Betty
Betty,Mrs Boffin
Betty,Johnny
Johnny,Betty
Rokesmith,Sloppy
Sloppy,Rokesmith
Johnny,God
God,Johnny
Betty,Mrs Boffin
Mrs Boffin,Betty
Betty,Rokesmith
Rokesmith,Betty
Rokesmith,John Harmon
Rokesmith,John Harmon
John Harmon,Rokesmith
John Harmon,Rokesmith
God,Johnny
Johnny,God
Johnny,Rokesmith
Rokesmith,Johnny
Johnny,Rokesmith
Rokesmith,Johnny
Wegg,Miss Elizabeth
Wegg,Master George
Wegg,Aunt Jane
Wegg,Uncle Parker
Miss Elizabeth,Wegg
Miss Elizabeth,Master George
Miss Elizabeth,Aunt Jane
Miss Elizabeth,Uncle Parker
Master George,Wegg
Master George,Miss Elizabeth
Master George,Aunt Jane
Master George,Uncle Parker
Aunt Jane,Wegg
Aunt Jane,Miss Elizabeth
Aunt Jane,Master George
Aunt Jane,Uncle Parker
Uncle Parker,Wegg
Uncle Parker,Miss Elizabeth
Uncle Parker,Master George
Uncle Parker,Aunt Jane
Wegg,Nay
Nay,Wegg
John,Rokesmith
John,John Harmon
Rokesmith,John
Rokesmith,John Harmon
John Harmon,John
John Harmon,Rokesmith
John,Rokesmith
John,Boffin
Rokesmith,John
Rokesmith,Boffin
Boffin,John
Boffin,Rokesmith
Rokesmith,Bella
Rokesmith,Boffin
Bella,Rokesmith
Bella,Boffin
Boffin,Rokesmith
Boffin,Bella
Bella,Noddy
Bella,Mrs Milvey
Noddy,Bella
Noddy,Mrs Milvey
Mrs Milvey,Bella
Mrs Milvey,Noddy
Mrs Boffin,John Harmon
John Harmon,Mrs Boffin
Mrs Boffin,Rokesmith
Mrs Boffin,Miss Wilfer
Rokesmith,Mrs Boffin
Rokesmith,Miss Wilfer
Miss Wilfer,Mrs Boffin
Miss Wilfer,Rokesmith
Noddy,Mrs Boffin
Mrs Boffin,Noddy
Mrs Boffin,John Harmon
Mrs Boffin,Lor
Mrs Boffin,John Harmon
Mrs Boffin,John
Mrs Boffin,John
John Harmon,Mrs Boffin
John Harmon,Lor
John Harmon,John
John Harmon,John
Lor,Mrs Boffin
Lor,John Harmon
Lor,John Harmon
Lor,John
Lor,John
John Harmon,Mrs Boffin
John Harmon,Lor
John Harmon,John
John Harmon,John
John,Mrs Boffin
John,John Harmon
John,Lor
John,John Harmon
John,Mrs Boffin
John,John Harmon
John,Lor
John,John Harmon
Ancoar,Noddy
Ancoar,Mrs Boffin
Noddy,Ancoar
Noddy,Mrs Boffin
Mrs Boffin,Ancoar
Mrs Boffin,Noddy
Council,Rokesmith
Rokesmith,Council
Mrs Boffin,Sloppy
Sloppy,Mrs Boffin
Boffin,Sloppy
Boffin,Sloppy
Sloppy,Boffin
Sloppy,Boffin
Betty,Boffin
Boffin,Betty
Sloppy,Higden
Sloppy,Higden
Higden,Sloppy
Higden,Sloppy
Higden,Sloppy
Higden,Sloppy
Sloppy,Higden
Sloppy,Higden
Mrs Boffin,Betty Higden
Betty Higden,Mrs Boffin
Sloppy,Mrs Boffin
Sloppy,Cats
Mrs Boffin,Sloppy
Mrs Boffin,Cats
Cats,Sloppy
Cats,Mrs Boffin
Love,Miss Peecher
Love,Bradley Headstone
Love,Bradley
Love,Miss Peecher
Love,Bradley Headstone
Love,Aetna
Love,Did History
Love,Miss Peecher
Love,Miss Peecher
Love,Bradley Headstone
Miss Peecher,Love
Miss Peecher,Bradley Headstone
Miss Peecher,Bradley
Miss Peecher,Bradley Headstone
Miss Peecher,Aetna
Miss Peecher,Did History
Miss Peecher,Bradley Headstone
Bradley Headstone,Love
Bradley Headstone,Miss Peecher
Bradley Headstone,Bradley
Bradley Headstone,Miss Peecher
Bradley Headstone,Aetna
Bradley Headstone,Did History
Bradley Headstone,Miss Peecher
Bradley Headstone,Miss Peecher
Bradley,Love
Bradley,Miss Peecher
Bradley,Bradley Headstone
Bradley,Miss Peecher
Bradley,Bradley Headstone
Bradley,Aetna
Bradley,Did History
Bradley,Miss Peecher
Bradley,Miss Peecher
Bradley,Bradley Headstone
Miss Peecher,Love
Miss Peecher,Bradley Headstone
Miss Peecher,Bradley
Miss Peecher,Bradley Headstone
Miss Peecher,Aetna
Miss Peecher,Did History
Miss Peecher,Bradley Headstone
Bradley Headstone,Love
Bradley Headstone,Miss Peecher
Bradley Headstone,Bradley
Bradley Headstone,Miss Peecher
Bradley Headstone,Aetna
Bradley Headstone,Did History
Bradley Headstone,Miss Peecher
Bradley Headstone,Miss Peecher
Aetna,Love
Aetna,Miss Peecher
Aetna,Bradley Headstone
Aetna,Bradley
Aetna,Miss Peecher
Aetna,Bradley Headstone
Aetna,Did History
Aetna,Miss Peecher
Aetna,Miss Peecher
Aetna,Bradley Headstone
Did History,Love
Did History,Miss Peecher
Did History,Bradley Headstone
Did History,Bradley
Did History,Miss Peecher
Did History,Bradley Headstone
Did History,Aetna
Did History,Miss Peecher
Did History,Miss Peecher
Did History,Bradley Headstone
Miss Peecher,Love
Miss Peecher,Bradley Headstone
Miss Peecher,Bradley
Miss Peecher,Bradley Headstone
Miss Peecher,Aetna
Miss Peecher,Did History
Miss Peecher,Bradley Headstone
Miss Peecher,Love
Miss Peecher,Bradley Headstone
Miss Peecher,Bradley
Miss Peecher,Bradley Headstone
Miss Peecher,Aetna
Miss Peecher,Did History
Miss Peecher,Bradley Headstone
Bradley Headstone,Love
Bradley Headstone,Miss Peecher
Bradley Headstone,Bradley
Bradley Headstone,Miss Peecher
Bradley Headstone,Aetna
Bradley Headstone,Did History
Bradley Headstone,Miss Peecher
Bradley Headstone,Miss Peecher
Miss Peecher,Bradley
Miss Peecher,Charley Hexam
Bradley,Miss Peecher
Bradley,Charley Hexam
Bradley,Miss Peecher
Charley Hexam,Miss Peecher
Charley Hexam,Bradley
Charley Hexam,Miss Peecher
Miss Peecher,Bradley
Miss Peecher,Charley Hexam
Miss Peecher,Hexam
Hexam,Miss Peecher
Lizzie,Mary Anne
Lizzie,Miss Peecher
Lizzie,Mary Anne
Mary Anne,Lizzie
Mary Anne,Miss Peecher
Miss Peecher,Lizzie
Miss Peecher,Mary Anne
Miss Peecher,Mary Anne
Mary Anne,Lizzie
Mary Anne,Miss Peecher
Mary,Anne
Mary,Miss Peecher
Anne,Mary
Anne,Miss Peecher
Miss Peecher,Mary
Miss Peecher,Anne
Elizabeth,Miss Peecher
Miss Peecher,Elizabeth
Right,Mary Anne
Right,Peecher
Right,Hexam
Right,Mary Anne
Mary Anne,Right
Mary Anne,Peecher
Mary Anne,Hexam
Peecher,Right
Peecher,Mary Anne
Peecher,Hexam
Peecher,Mary Anne
Hexam,Right
Hexam,Mary Anne
Hexam,Peecher
Hexam,Mary Anne
Mary Anne,Right
Mary Anne,Peecher
Mary Anne,Hexam
Miss Peecher,Mary Anne
Miss Peecher,Lizzie
Mary Anne,Miss Peecher
Mary Anne,Lizzie
Lizzie,Miss Peecher
Lizzie,Mary Anne
Smith Square,Mill Bank
Mill Bank,Smith Square
Smith Square,Mill Bank
Smith Square,Miss Peecher
Smith Square,Mary Anne
Mill Bank,Smith Square
Mill Bank,Miss Peecher
Mill Bank,Mary Anne
Miss Peecher,Smith Square
Miss Peecher,Mill Bank
Miss Peecher,Mary Anne
Mary Anne,Smith Square
Mary Anne,Mill Bank
Mary Anne,Miss Peecher
Charley,Mary Anne
Charley,Miss Peecher
Mary Anne,Charley
Mary Anne,Miss Peecher
Miss Peecher,Charley
Miss Peecher,Mary Anne
Hexam,Miss Peecher
Miss Peecher,Hexam
Mary Anne,Hexam
Hexam,Mary Anne
Says,Anne
Anne,Says
Miss Peecher,Mary Anne
Mary Anne,Miss Peecher
Church Street,Smith Square
Church Street,Mill Bank
Church Street,Miss Peecher
Smith Square,Church Street
Smith Square,Mill Bank
Smith Square,Miss Peecher
Mill Bank,Church Street
Mill Bank,Smith Square
Mill Bank,Miss Peecher
Miss Peecher,Church Street
Miss Peecher,Smith Square
Miss Peecher,Mill Bank
Smith Square,Mill Bank
Smith Square,Miss Peecher
Mill Bank,Smith Square
Mill Bank,Miss Peecher
Miss Peecher,Smith Square
Miss Peecher,Mill Bank
Having,Bradley
Having,Miss Peecher
Bradley,Having
Bradley,Miss Peecher
Miss Peecher,Having
Miss Peecher,Bradley
Truly,Charley Hexam
Charley Hexam,Truly
Hexam,Bradley Headstone
Bradley Headstone,Hexam
Miss Wren,Sit
Miss Wren,Bradley
Sit,Miss Wren
Sit,Bradley
Bradley,Miss Wren
Bradley,Sit
Don,Miss Wren
Don,Hexam
Miss Wren,Don
Miss Wren,Hexam
Hexam,Don
Hexam,Miss Wren
Miss Wren,Don
Don,Miss Wren
Miss Wren,Mrs T.
Mrs T.,Miss Wren
Really,Mrs T.
Really,Lizzie Hexam
Really,Bradley Headstone
Really,Jenny
Mrs T.,Really
Mrs T.,Lizzie Hexam
Mrs T.,Bradley Headstone
Mrs T.,Jenny
Lizzie Hexam,Really
Lizzie Hexam,Mrs T.
Lizzie Hexam,Bradley Headstone
Lizzie Hexam,Jenny
Bradley Headstone,Really
Bradley Headstone,Mrs T.
Bradley Headstone,Lizzie Hexam
Bradley Headstone,Jenny
Jenny,Really
Jenny,Mrs T.
Jenny,Lizzie Hexam
Jenny,Bradley Headstone
Lizzie,Miss Jenny
Lizzie,Bradley
Lizzie,Charley
Miss Jenny,Lizzie
Miss Jenny,Bradley
Miss Jenny,Charley
Bradley,Lizzie
Bradley,Miss Jenny
Bradley,Charley
Charley,Lizzie
Charley,Miss Jenny
Charley,Bradley
Miss Jenny Wren,Lizzie
Lizzie,Miss Jenny Wren
Bradley,Charley
Charley,Bradley
Lizzie,Hexam
Hexam,Lizzie
Charley,Jenny
Jenny,Charley
Jenny,Charley
Charley,Jenny
Lizzie,Bradley
Lizzie,Miss Wren
Lizzie,Bradley
Lizzie,Miss Wren
Bradley,Lizzie
Bradley,Lizzie
Bradley,Miss Wren
Miss Wren,Lizzie
Miss Wren,Lizzie
Miss Wren,Bradley
Mightn,Miss Wren
Miss Wren,Mightn
Lizzie,Jenny
Lizzie,Jenny
Jenny,Lizzie
Jenny,Lizzie
Jenny,Lizzie
Jenny,Lizzie
Lizzie,Jenny
Lizzie,Jenny
Jenny,Eugene Wrayburn
Eugene Wrayburn,Jenny
Too,Jenny
Jenny,Too
Jenny,Lizzie
Lizzie,Jenny
Rogue,Riderhood
Riderhood,Rogue
Miss Pleasant Riderhood,Pleasant
Pleasant,Miss Pleasant Riderhood
Riderhood,Show Pleasant Riderhood
Riderhood,Miss Pleasant
Riderhood,Eden
Show Pleasant Riderhood,Riderhood
Show Pleasant Riderhood,Miss Pleasant
Show Pleasant Riderhood,Eden
Miss Pleasant,Riderhood
Miss Pleasant,Show Pleasant Riderhood
Miss Pleasant,Eden
Eden,Riderhood
Eden,Show Pleasant Riderhood
Eden,Miss Pleasant
Anyways,Fair
Anyways,Fair
Anyways,Miss Pleasant
Fair,Anyways
Fair,Miss Pleasant
Fair,Anyways
Fair,Miss Pleasant
Miss Pleasant,Anyways
Miss Pleasant,Fair
Miss Pleasant,Fair
Alfred David,Riderhood
Alfred David,George Radfoot
Alfred David,George Radfoot
Alfred David,Riderhood
Riderhood,Alfred David
Riderhood,George Radfoot
Riderhood,George Radfoot
George Radfoot,Alfred David
George Radfoot,Riderhood
George Radfoot,Riderhood
George Radfoot,Alfred David
George Radfoot,Riderhood
George Radfoot,Riderhood
Riderhood,Alfred David
Riderhood,George Radfoot
Riderhood,George Radfoot
Riderhood,George Radfoot
George Radfoot,Riderhood
Don,Riderhood
Riderhood,Don
George Radfoot,Roger Riderhood
Roger Riderhood,George Radfoot
Father,Don
Father,Don
Don,Father
Don,Father
Ain,Gaffer
Gaffer,Ain
Rogue Riderhood,Hexam
Hexam,Rogue Riderhood
Parrot,Poll Parrot
Poll Parrot,Parrot
Pleasant,Lizzie
Lizzie,Pleasant
Pleasant,Riderhood
Riderhood,Pleasant
Gaffer,Lawyer Lightwood
Gaffer,Lawyer Lightwood
Lawyer Lightwood,Gaffer
Lawyer Lightwood,Gaffer
Lawyer Lightwood,Gaffer
Gaffer,Lawyer Lightwood
Riderhood,Don
Don,Riderhood
Father,Don
Don,Father
Miss Pleasant Riderhood,Julius Handford
Miss Pleasant Riderhood,Boffin
Miss Pleasant Riderhood,John Rokesmith
Miss Pleasant Riderhood,Julius Handford
Julius Handford,Miss Pleasant Riderhood
Julius Handford,Boffin
Julius Handford,John Rokesmith
Boffin,Miss Pleasant Riderhood
Boffin,Julius Handford
Boffin,John Rokesmith
Boffin,Julius Handford
John Rokesmith,Miss Pleasant Riderhood
John Rokesmith,Julius Handford
John Rokesmith,Boffin
John Rokesmith,Julius Handford
Julius Handford,Miss Pleasant Riderhood
Julius Handford,Boffin
Julius Handford,John Rokesmith
Don,John Harmon
John Harmon,Don
Mrs Boffin,Wilfer
Wilfer,Mrs Boffin
Potterson,Jacob Kibble
Jacob Kibble,Potterson
Steady,John Harmon
John Harmon,Steady
Certainly,Riderhood
Certainly,Riderhood
Riderhood,Certainly
Riderhood,Certainly
Exchequer Coffee House,Mrs Wilfer
Mrs Wilfer,Exchequer Coffee House
John Harmon,Radfoot
Radfoot,John Harmon
John Harmon,Julius Handford
John Harmon,John Rokesmith
John Harmon,John Rokesmith
John Harmon,John Rokesmith
Julius Handford,John Harmon
Julius Handford,John Rokesmith
Julius Handford,John Rokesmith
Julius Handford,John Rokesmith
John Rokesmith,John Harmon
John Rokesmith,Julius Handford
John Rokesmith,John Harmon
John Rokesmith,Julius Handford
John Rokesmith,John Harmon
John Rokesmith,Julius Handford
John Rokesmith,John Harmon
John Harmon,John Rokesmith
Boffin,Wilfer
Boffin,Miss Lavinia
Wilfer,Boffin
Wilfer,Miss Lavinia
Miss Lavinia,Boffin
Miss Lavinia,Wilfer
Mrs Boffin,Miss Wilfer
Mrs Boffin,Miss Wilfer
Miss Wilfer,Mrs Boffin
Miss Wilfer,Mrs Boffin
Miss,Wilfer
Miss,Rokesmith
Wilfer,Miss
Wilfer,Rokesmith
Rokesmith,Miss
Rokesmith,Wilfer
John Rokesmith,John Harmon
John Harmon,John Rokesmith
Pardon,Miss Wilfer
Miss Wilfer,Pardon
Bella,Mrs Boffin
Mrs Boffin,Bella
Bella,Left
Bella,Pa
Left,Bella
Left,Pa
Pa,Bella
Pa,Left
John Harmon,Rokesmith
John Harmon,Mrs Boffin
Rokesmith,John Harmon
Rokesmith,Mrs Boffin
Mrs Boffin,John Harmon
Mrs Boffin,Rokesmith
John Rokesmith,John Harmon
John Harmon,John Rokesmith
George,Sambo
George,Bill
Sambo,George
Sambo,Bill
Bill,George
Bill,Sambo
Bella,George Sampson
Bella,John Harmon
George Sampson,Bella
George Sampson,John Harmon
John Harmon,Bella
John Harmon,George Sampson
John Harmon,George Sampson
John Harmon,Bella
George Sampson,John Harmon
George Sampson,Bella
Bella,John Harmon
Bella,George Sampson
Sloppy,Betty
Betty,Sloppy
Betty,Higden
Higden,Betty
How,Betty
Betty,How
Betty Higden,Boffin
Boffin,Betty Higden
Boffin,Betty Higden
Betty Higden,Boffin
Betty,Mrs Boffin
Betty,John Rokesmith
Mrs Boffin,Betty
Mrs Boffin,John Rokesmith
John Rokesmith,Betty
John Rokesmith,Mrs Boffin
Mrs Boffin,Betty
Mrs Boffin,Don
Mrs Boffin,Bella
Betty,Mrs Boffin
Betty,Don
Betty,Bella
Don,Mrs Boffin
Don,Betty
Don,Bella
Bella,Mrs Boffin
Bella,Betty
Bella,Don
Sloppy,Mrs Higden
Mrs Higden,Sloppy
John,Harmon
John,Rogue Riderhood
John,Hexam
John,Julius Handford
John,Pleasant Riderhood
Harmon,John
Harmon,Rogue Riderhood
Harmon,Hexam
Harmon,Julius Handford
Harmon,Pleasant Riderhood
Rogue Riderhood,John
Rogue Riderhood,Harmon
Rogue Riderhood,Hexam
Rogue Riderhood,Julius Handford
Rogue Riderhood,Pleasant Riderhood
Hexam,John
Hexam,Harmon
Hexam,Rogue Riderhood
Hexam,Julius Handford
Hexam,Pleasant Riderhood
Julius Handford,John
Julius Handford,Harmon
Julius Handford,Rogue Riderhood
Julius Handford,Hexam
Julius Handford,Pleasant Riderhood
Pleasant Riderhood,John
Pleasant Riderhood,Harmon
Pleasant Riderhood,Rogue Riderhood
Pleasant Riderhood,Hexam
Pleasant Riderhood,Julius Handford
Mrs Boffin,Julius Handford
Mrs Boffin,Julius Handford
Julius Handford,Mrs Boffin
Julius Handford,Mrs Boffin
Hexam,Lightwood
Hexam,Mrs Boffin
Hexam,Bradley Headstone
Lightwood,Hexam
Lightwood,Mrs Boffin
Lightwood,Bradley Headstone
Mrs Boffin,Hexam
Mrs Boffin,Lightwood
Mrs Boffin,Bradley Headstone
Bradley Headstone,Hexam
Bradley Headstone,Lightwood
Bradley Headstone,Mrs Boffin
Mrs Boffin,Agreed
Agreed,Mrs Boffin
Harmon,Bradley
Bradley,Harmon
Mrs Boffin,Boffin
Mrs Boffin,Harmon
Boffin,Mrs Boffin
Boffin,Harmon
Harmon,Mrs Boffin
Harmon,Boffin
Sir,Bradley
Bradley,Sir
Bradley,Headstone
Headstone,Bradley
Rogue Riderhood,Lizzie Hexam
Lizzie Hexam,Rogue Riderhood
John Rokesmith,Bella
John Rokesmith,Mrs Boffin
John Rokesmith,Betty Higden
John Rokesmith,Bella
Bella,John Rokesmith
Bella,Mrs Boffin
Bella,Betty Higden
Mrs Boffin,John Rokesmith
Mrs Boffin,Bella
Mrs Boffin,Betty Higden
Mrs Boffin,Bella
Betty Higden,John Rokesmith
Betty Higden,Bella
Betty Higden,Mrs Boffin
Betty Higden,Bella
Bella,John Rokesmith
Bella,Mrs Boffin
Bella,Betty Higden
Rokesmith,Mrs Higden
Rokesmith,Mrs Boffin
Mrs Higden,Rokesmith
Mrs Higden,Mrs Boffin
Mrs Boffin,Rokesmith
Mrs Boffin,Mrs Higden
Noddy,Mrs Boffin
Mrs Boffin,Noddy
Patrons,Patronesses
Patrons,Tom Noakes
Patrons,Mrs Jack Styles
Patronesses,Patrons
Patronesses,Patrons
Patronesses,Tom Noakes
Patronesses,Mrs Jack Styles
Patrons,Patronesses
Patrons,Tom Noakes
Patrons,Mrs Jack Styles
Tom Noakes,Patrons
Tom Noakes,Patronesses
Tom Noakes,Patrons
Tom Noakes,Mrs Jack Styles
Mrs Jack Styles,Patrons
Mrs Jack Styles,Patronesses
Mrs Jack Styles,Patrons
Mrs Jack Styles,Tom Noakes
Don,Noddy
Don,Boffin
Noddy,Don
Noddy,Boffin
Boffin,Don
Boffin,Noddy
Patronized,Patronesses
Patronized,Pills
Patronesses,Patronized
Patronesses,Pills
Pills,Patronized
Pills,Patronesses
Rokesmith,Don
Rokesmith,Mrs Higden
Don,Rokesmith
Don,Mrs Higden
Mrs Higden,Rokesmith
Mrs Higden,Don
Old,Betty
Betty,Old
Old,Betty
Betty,Old
Johnny,Bella
Bella,Johnny
Bella,Johnny
Johnny,Bella
Bradley,Headstone
Bradley,Lizzie Hexam
Bradley,Charley Hexam
Bradley,Miss Peecher
Headstone,Bradley
Headstone,Lizzie Hexam
Headstone,Charley Hexam
Headstone,Miss Peecher
Lizzie Hexam,Bradley
Lizzie Hexam,Headstone
Lizzie Hexam,Charley Hexam
Lizzie Hexam,Miss Peecher
Charley Hexam,Bradley
Charley Hexam,Headstone
Charley Hexam,Lizzie Hexam
Charley Hexam,Miss Peecher
Miss Peecher,Bradley
Miss Peecher,Headstone
Miss Peecher,Lizzie Hexam
Miss Peecher,Charley Hexam
Bradley,Hexam
Hexam,Bradley
Lizzie,Bradley
Bradley,Lizzie
Liz,Bradley Headstone
Bradley Headstone,Liz
Liz,Peecher
Liz,Miss Peecher
Peecher,Liz
Peecher,Miss Peecher
Miss Peecher,Liz
Miss Peecher,Peecher
Hexam,Liz
Hexam,Liz
Liz,Hexam
Liz,Hexam
Well,Miss Jenny Wren
Well,Liz
Miss Jenny Wren,Well
Miss Jenny Wren,Liz
Liz,Well
Liz,Miss Jenny Wren
Charley,Don
Don,Charley
Lizzie,Pray
Pray,Lizzie
Riah,Lizzie
Lizzie,Riah
Twemlow,Saint James
Saint James,Twemlow
Mrs Lammle,Piccadilly
Mrs Lammle,Tartar
Piccadilly,Mrs Lammle
Piccadilly,Tartar
Tartar,Mrs Lammle
Tartar,Piccadilly
Mrs Lammle,Earl
Mrs Lammle,Dun Cow
Mrs Lammle,Mrs Veneering
Mrs Lammle,Miss Podsnap
Mrs Lammle,Tippins
Mrs Lammle,Fledgeby
Mrs Lammle,Anybody
Earl,Mrs Lammle
Earl,Dun Cow
Earl,Mrs Veneering
Earl,Miss Podsnap
Earl,Tippins
Earl,Fledgeby
Earl,Anybody
Dun Cow,Mrs Lammle
Dun Cow,Earl
Dun Cow,Mrs Veneering
Dun Cow,Miss Podsnap
Dun Cow,Tippins
Dun Cow,Fledgeby
Dun Cow,Anybody
Mrs Veneering,Mrs Lammle
Mrs Veneering,Earl
Mrs Veneering,Dun Cow
Mrs Veneering,Miss Podsnap
Mrs Veneering,Tippins
Mrs Veneering,Fledgeby
Mrs Veneering,Anybody
Miss Podsnap,Mrs Lammle
Miss Podsnap,Earl
Miss Podsnap,Dun Cow
Miss Podsnap,Mrs Veneering
Miss Podsnap,Tippins
Miss Podsnap,Fledgeby
Miss Podsnap,Anybody
Tippins,Mrs Lammle
Tippins,Earl
Tippins,Dun Cow
Tippins,Mrs Veneering
Tippins,Miss Podsnap
Tippins,Fledgeby
Tippins,Anybody
Fledgeby,Mrs Lammle
Fledgeby,Earl
Fledgeby,Dun Cow
Fledgeby,Mrs Veneering
Fledgeby,Miss Podsnap
Fledgeby,Tippins
Fledgeby,Anybody
Anybody,Mrs Lammle
Anybody,Earl
Anybody,Dun Cow
Anybody,Mrs Veneering
Anybody,Miss Podsnap
Anybody,Tippins
Anybody,Fledgeby
Fledgeby,Lady Tippins
Lady Tippins,Fledgeby
Lady Tippins,Fledgeby
Fledgeby,Lady Tippins
Twemlow,Fledgeby
Twemlow,Lammle
Fledgeby,Twemlow
Fledgeby,Lammle
Fledgeby,Twemlow
Lammle,Twemlow
Lammle,Fledgeby
Lammle,Twemlow
Twemlow,Fledgeby
Twemlow,Lammle
Twemlow,Lady Tippins
Twemlow,Lammle
Twemlow,Lammle
Twemlow,Fledgeby
Lady Tippins,Twemlow
Lady Tippins,Lammle
Lady Tippins,Lammle
Lady Tippins,Fledgeby
Lammle,Twemlow
Lammle,Lady Tippins
Lammle,Fledgeby
Lammle,Twemlow
Lammle,Lady Tippins
Lammle,Fledgeby
Fledgeby,Twemlow
Fledgeby,Lady Tippins
Fledgeby,Lammle
Fledgeby,Lammle
Twemlow,Mrs Lammle
Twemlow,Strange
Twemlow,Mrs Lammle
Twemlow,Strange
Mrs Lammle,Twemlow
Mrs Lammle,Twemlow
Mrs Lammle,Strange
Mrs Lammle,Twemlow
Strange,Twemlow
Strange,Twemlow
Strange,Mrs Lammle
Strange,Twemlow
Twemlow,Mrs Lammle
Twemlow,Strange
Lightwood,Eugene
Eugene,Lightwood
Lizzie Hexam,Jesse Hexam
Lizzie Hexam,Gaffer
Lizzie Hexam,Nobody
Lizzie Hexam,Rogue Riderhood
Jesse Hexam,Lizzie Hexam
Jesse Hexam,Gaffer
Jesse Hexam,Nobody
Jesse Hexam,Rogue Riderhood
Jesse Hexam,Lizzie Hexam
Gaffer,Lizzie Hexam
Gaffer,Jesse Hexam
Gaffer,Nobody
Gaffer,Rogue Riderhood
Gaffer,Lizzie Hexam
Nobody,Lizzie Hexam
Nobody,Jesse Hexam
Nobody,Gaffer
Nobody,Rogue Riderhood
Nobody,Lizzie Hexam
Rogue Riderhood,Lizzie Hexam
Rogue Riderhood,Jesse Hexam
Rogue Riderhood,Gaffer
Rogue Riderhood,Nobody
Rogue Riderhood,Lizzie Hexam
Lizzie Hexam,Jesse Hexam
Lizzie Hexam,Gaffer
Lizzie Hexam,Nobody
Lizzie Hexam,Rogue Riderhood
Lightwood,Eugene
Eugene,Lightwood
Chokesmith,Artichoke
Chokesmith,Lizzie Hexam
Chokesmith,Artichoke
Artichoke,Chokesmith
Artichoke,Lizzie Hexam
Lizzie Hexam,Chokesmith
Lizzie Hexam,Artichoke
Lizzie Hexam,Artichoke
Artichoke,Chokesmith
Artichoke,Lizzie Hexam
Pardon,Lightwood
Pardon,Artichoke
Lightwood,Pardon
Lightwood,Artichoke
Artichoke,Pardon
Artichoke,Lightwood
Eugene,Baby
Eugene,Lightwood
Baby,Eugene
Baby,Lightwood
Lightwood,Eugene
Lightwood,Baby
Mrs Lammle,Julius Handford
Mrs Lammle,Lizzie Hexam
Mrs Lammle,Twemlow
Mrs Lammle,Boots
Mrs Lammle,Brewer
Mrs Lammle,Lady Tippins
Mrs Lammle,Podsnap
Mrs Lammle,Georgiana
Mrs Lammle,Anastatia Veneering
Mrs Lammle,Sophronia Lammle
Julius Handford,Mrs Lammle
Julius Handford,Lizzie Hexam
Julius Handford,Mrs Lammle
Julius Handford,Twemlow
Julius Handford,Boots
Julius Handford,Brewer
Julius Handford,Lady Tippins
Julius Handford,Podsnap
Julius Handford,Georgiana
Julius Handford,Anastatia Veneering
Julius Handford,Sophronia Lammle
Lizzie Hexam,Mrs Lammle
Lizzie Hexam,Julius Handford
Lizzie Hexam,Mrs Lammle
Lizzie Hexam,Twemlow
Lizzie Hexam,Boots
Lizzie Hexam,Brewer
Lizzie Hexam,Lady Tippins
Lizzie Hexam,Podsnap
Lizzie Hexam,Georgiana
Lizzie Hexam,Anastatia Veneering
Lizzie Hexam,Sophronia Lammle
Mrs Lammle,Julius Handford
Mrs Lammle,Lizzie Hexam
Mrs Lammle,Twemlow
Mrs Lammle,Boots
Mrs Lammle,Brewer
Mrs Lammle,Lady Tippins
Mrs Lammle,Podsnap
Mrs Lammle,Georgiana
Mrs Lammle,Anastatia Veneering
Mrs Lammle,Sophronia Lammle
Twemlow,Mrs Lammle
Twemlow,Julius Handford
Twemlow,Lizzie Hexam
Twemlow,Mrs Lammle
Twemlow,Boots
Twemlow,Brewer
Twemlow,Lady Tippins
Twemlow,Podsnap
Twemlow,Georgiana
Twemlow,Anastatia Veneering
Twemlow,Sophronia Lammle
Boots,Mrs Lammle
Boots,Julius Handford
Boots,Lizzie Hexam
Boots,Mrs Lammle
Boots,Twemlow
Boots,Brewer
Boots,Lady Tippins
Boots,Podsnap
Boots,Georgiana
Boots,Anastatia Veneering
Boots,Sophronia Lammle
Brewer,Mrs Lammle
Brewer,Julius Handford
Brewer,Lizzie Hexam
Brewer,Mrs Lammle
Brewer,Twemlow
Brewer,Boots
Brewer,Lady Tippins
Brewer,Podsnap
Brewer,Georgiana
Brewer,Anastatia Veneering
Brewer,Sophronia Lammle
Lady Tippins,Mrs Lammle
Lady Tippins,Julius Handford
Lady Tippins,Lizzie Hexam
Lady Tippins,Mrs Lammle
Lady Tippins,Twemlow
Lady Tippins,Boots
Lady Tippins,Brewer
Lady Tippins,Podsnap
Lady Tippins,Georgiana
Lady Tippins,Anastatia Veneering
Lady Tippins,Sophronia Lammle
Podsnap,Mrs Lammle
Podsnap,Julius Handford
Podsnap,Lizzie Hexam
Podsnap,Mrs Lammle
Podsnap,Twemlow
Podsnap,Boots
Podsnap,Brewer
Podsnap,Lady Tippins
Podsnap,Georgiana
Podsnap,Anastatia Veneering
Podsnap,Sophronia Lammle
Georgiana,Mrs Lammle
Georgiana,Julius Handford
Georgiana,Lizzie Hexam
Georgiana,Mrs Lammle
Georgiana,Twemlow
Georgiana,Boots
Georgiana,Brewer
Georgiana,Lady Tippins
Georgiana,Podsnap
Georgiana,Anastatia Veneering
Georgiana,Sophronia Lammle
Anastatia Veneering,Mrs Lammle
Anastatia Veneering,Julius Handford
Anastatia Veneering,Lizzie Hexam
Anastatia Veneering,Mrs Lammle
Anastatia Veneering,Twemlow
Anastatia Veneering,Boots
Anastatia Veneering,Brewer
Anastatia Veneering,Lady Tippins
Anastatia Veneering,Podsnap
Anastatia Veneering,Georgiana
Anastatia Veneering,Sophronia Lammle
Sophronia Lammle,Mrs Lammle
Sophronia Lammle,Julius Handford
Sophronia Lammle,Lizzie Hexam
Sophronia Lammle,Mrs Lammle
Sophronia Lammle,Twemlow
Sophronia Lammle,Boots
Sophronia Lammle,Brewer
Sophronia Lammle,Lady Tippins
Sophronia Lammle,Podsnap
Sophronia Lammle,Georgiana
Sophronia Lammle,Anastatia Veneering
Pegasus,Lammle
Pegasus,God
Lammle,Pegasus
Lammle,God
God,Pegasus
God,Lammle
Lammle,Sophronia
Lammle,Sophronia
Lammle,Again
Lammle,Fledgeby
Lammle,Fledgeby
Lammle,Again
Sophronia,Lammle
Sophronia,Again
Sophronia,Fledgeby
Sophronia,Fledgeby
Sophronia,Again
Sophronia,Lammle
Sophronia,Again
Sophronia,Fledgeby
Sophronia,Fledgeby
Sophronia,Again
Again,Lammle
Again,Sophronia
Again,Sophronia
Again,Fledgeby
Again,Fledgeby
Fledgeby,Lammle
Fledgeby,Sophronia
Fledgeby,Sophronia
Fledgeby,Again
Fledgeby,Again
Fledgeby,Lammle
Fledgeby,Sophronia
Fledgeby,Sophronia
Fledgeby,Again
Fledgeby,Again
Again,Lammle
Again,Sophronia
Again,Sophronia
Again,Fledgeby
Again,Fledgeby
Lammle,Twemlow
Lammle,Twemlow
Twemlow,Lammle
Twemlow,Lammle
Twemlow,Fledgeby
Twemlow,Boots
Twemlow,Brewer
Twemlow,Lammle
Fledgeby,Twemlow
Fledgeby,Boots
Fledgeby,Brewer
Fledgeby,Lammle
Boots,Twemlow
Boots,Fledgeby
Boots,Brewer
Boots,Lammle
Brewer,Twemlow
Brewer,Fledgeby
Brewer,Boots
Brewer,Lammle
Lammle,Twemlow
Lammle,Fledgeby
Lammle,Boots
Lammle,Brewer
Lightwood,Boots
Lightwood,Lady Tippins
Lightwood,M P.
Lightwood,Mrs Veneering
Lightwood,Lammle
Lightwood,Georgiana
Lightwood,Twemlow
Boots,Lightwood
Boots,Lady Tippins
Boots,M P.
Boots,Mrs Veneering
Boots,Lammle
Boots,Georgiana
Boots,Twemlow
Lady Tippins,Lightwood
Lady Tippins,Boots
Lady Tippins,M P.
Lady Tippins,Mrs Veneering
Lady Tippins,Lammle
Lady Tippins,Georgiana
Lady Tippins,Twemlow
M P.,Lightwood
M P.,Boots
M P.,Lady Tippins
M P.,Mrs Veneering
M P.,Lammle
M P.,Georgiana
M P.,Twemlow
Mrs Veneering,Lightwood
Mrs Veneering,Boots
Mrs Veneering,Lady Tippins
Mrs Veneering,M P.
Mrs Veneering,Lammle
Mrs Veneering,Georgiana
Mrs Veneering,Twemlow
Lammle,Lightwood
Lammle,Boots
Lammle,Lady Tippins
Lammle,M P.
Lammle,Mrs Veneering
Lammle,Georgiana
Lammle,Twemlow
Georgiana,Lightwood
Georgiana,Boots
Georgiana,Lady Tippins
Georgiana,M P.
Georgiana,Mrs Veneering
Georgiana,Lammle
Georgiana,Twemlow
Twemlow,Lightwood
Twemlow,Boots
Twemlow,Lady Tippins
Twemlow,M P.
Twemlow,Mrs Veneering
Twemlow,Lammle
Twemlow,Georgiana
Mrs Lammle,Stiff
Stiff,Mrs Lammle
Twemlow,Lammle
Lammle,Twemlow
Lady,Mrs Veneering
Lady,Mrs Lammle
Lady,Twemlow
Lady,Tippins
Mrs Veneering,Lady
Mrs Veneering,Mrs Lammle
Mrs Veneering,Twemlow
Mrs Veneering,Tippins
Mrs Lammle,Lady
Mrs Lammle,Mrs Veneering
Mrs Lammle,Twemlow
Mrs Lammle,Tippins
Twemlow,Lady
Twemlow,Mrs Veneering
Twemlow,Mrs Lammle
Twemlow,Tippins
Tippins,Lady
Tippins,Mrs Veneering
Tippins,Mrs Lammle
Tippins,Twemlow
Twemlow,Piccadilly
Piccadilly,Twemlow
Animate London,London
Animate London,Saint Mary Axe
Animate London,Saint Paul
London,Animate London
London,Saint Mary Axe
London,Saint Paul
Saint Mary Axe,Animate London
Saint Mary Axe,London
Saint Mary Axe,Saint Paul
Saint Paul,Animate London
Saint Paul,London
Saint Paul,Saint Mary Axe
Riah,Saint Mary Axe
Riah,Cornhill
Riah,Fleet Street
Riah,Piccadilly
Saint Mary Axe,Riah
Saint Mary Axe,Cornhill
Saint Mary Axe,Fleet Street
Saint Mary Axe,Piccadilly
Cornhill,Riah
Cornhill,Saint Mary Axe
Cornhill,Fleet Street
Cornhill,Piccadilly
Fleet Street,Riah
Fleet Street,Saint Mary Axe
Fleet Street,Cornhill
Fleet Street,Piccadilly
Piccadilly,Riah
Piccadilly,Saint Mary Axe
Piccadilly,Cornhill
Piccadilly,Fleet Street
Chill,Riah
Riah,Chill
Riah,Fledgeby
Fledgeby,Riah
Fledgeby,Jerusalem
Jerusalem,Fledgeby
Sir,Riah
Riah,Sir
Fledgeby,Queer Street
Queer Street,Fledgeby
Riah,Fledgeby
Fledgeby,Riah
Fledgeby,Hark
Fledgeby,Lammle
Fledgeby,Riah
Hark,Fledgeby
Hark,Fledgeby
Hark,Lammle
Hark,Fledgeby
Hark,Riah
Fledgeby,Hark
Fledgeby,Lammle
Fledgeby,Riah
Lammle,Fledgeby
Lammle,Hark
Lammle,Fledgeby
Lammle,Fledgeby
Lammle,Riah
Fledgeby,Hark
Fledgeby,Lammle
Fledgeby,Riah
Riah,Fledgeby
Riah,Hark
Riah,Fledgeby
Riah,Lammle
Riah,Fledgeby
Fledgeby,Pubsey
Fledgeby,Saint Mary Axe
Fledgeby,Pubsey
Pubsey,Fledgeby
Pubsey,Saint Mary Axe
Saint Mary Axe,Fledgeby
Saint Mary Axe,Pubsey
Saint Mary Axe,Pubsey
Pubsey,Fledgeby
Pubsey,Saint Mary Axe
Fledgeby,Lammle
Lammle,Fledgeby
Lammle,Fledgeby
Fledgeby,Lammle
Riah,Pubsey
Pubsey,Riah
Fledgeby,Lammle
Lammle,Fledgeby
Fledgeby,Alfred Lammle
Fledgeby,Esquire
Fledgeby,Sir
Fledgeby,Allow Mrs Podsnap
Fledgeby,Georgiana
Fledgeby,Sir
Fledgeby,JOHN PODSNAP.
Alfred Lammle,Fledgeby
Alfred Lammle,Esquire
Alfred Lammle,Sir
Alfred Lammle,Allow Mrs Podsnap
Alfred Lammle,Georgiana
Alfred Lammle,Sir
Alfred Lammle,JOHN PODSNAP.
Alfred Lammle,Fledgeby
Esquire,Fledgeby
Esquire,Alfred Lammle
Esquire,Sir
Esquire,Allow Mrs Podsnap
Esquire,Georgiana
Esquire,Sir
Esquire,JOHN PODSNAP.
Esquire,Fledgeby
Sir,Fledgeby
Sir,Alfred Lammle
Sir,Esquire
Sir,Allow Mrs Podsnap
Sir,Georgiana
Sir,JOHN PODSNAP.
Sir,Fledgeby
Allow Mrs Podsnap,Fledgeby
Allow Mrs Podsnap,Alfred Lammle
Allow Mrs Podsnap,Esquire
Allow Mrs Podsnap,Sir
Allow Mrs Podsnap,Georgiana
Allow Mrs Podsnap,Sir
Allow Mrs Podsnap,JOHN PODSNAP.
Allow Mrs Podsnap,Fledgeby
Georgiana,Fledgeby
Georgiana,Alfred Lammle
Georgiana,Esquire
Georgiana,Sir
Georgiana,Allow Mrs Podsnap
Georgiana,Sir
Georgiana,JOHN PODSNAP.
Georgiana,Fledgeby
Sir,Fledgeby
Sir,Alfred Lammle
Sir,Esquire
Sir,Allow Mrs Podsnap
Sir,Georgiana
Sir,JOHN PODSNAP.
Sir,Fledgeby
JOHN PODSNAP.,Fledgeby
JOHN PODSNAP.,Alfred Lammle
JOHN PODSNAP.,Esquire
JOHN PODSNAP.,Sir
JOHN PODSNAP.,Allow Mrs Podsnap
JOHN PODSNAP.,Georgiana
JOHN PODSNAP.,Sir
JOHN PODSNAP.,Fledgeby
Fledgeby,Alfred Lammle
Fledgeby,Esquire
Fledgeby,Sir
Fledgeby,Allow Mrs Podsnap
Fledgeby,Georgiana
Fledgeby,Sir
Fledgeby,JOHN PODSNAP.
Fledgeby,Lammle
Lammle,Fledgeby
Lammle,Fledgeby
Fledgeby,Lammle
Lammle,Fledgeby
Fledgeby,Lammle
Don,Fledgeby
Fledgeby,Don
Lammle,Fledgeby
Fledgeby,Lammle
Fledgeby,Didn
Didn,Fledgeby
Riah,Fledgeby
Fledgeby,Riah
Honour,Fledgeby
Honour,Cut
Fledgeby,Honour
Fledgeby,Honour
Fledgeby,Cut
Honour,Fledgeby
Honour,Cut
Cut,Honour
Cut,Fledgeby
Cut,Honour
Honour,Fledgeby
Fledgeby,Honour
Lizzie,Fledgeby
Lizzie,Hexam
Fledgeby,Lizzie
Fledgeby,Hexam
Hexam,Lizzie
Hexam,Fledgeby
Jupiter,Fledgeby
Fledgeby,Jupiter
Fledgeby,Judah
Fledgeby,Left
Judah,Fledgeby
Judah,Left
Judah,Fledgeby
Left,Fledgeby
Left,Judah
Left,Fledgeby
Fledgeby,Judah
Fledgeby,Left
Fascination,Slow
Slow,Fascination
Fledgeby,Queer Street
Queer Street,Fledgeby
Riah,Saint Mary Axe
Saint Mary Axe,Riah
Miss,Wren
Wren,Miss
Miss Wren,Riah
Miss Wren,Riah
Riah,Miss Wren
Riah,Miss Wren
Miss Wren,Boh
Miss Wren,Miss Jenny
Boh,Miss Wren
Boh,Miss Jenny
Miss Jenny,Miss Wren
Miss Jenny,Boh
Lizzie,Tears
Tears,Lizzie
Westminster Bridge,Riah
Riah,Westminster Bridge
How,Riah
Riah,How
Miss Wren,Look
Miss Wren,Lady Belinda Whitrose
Miss Wren,Lady Belinda Whitrose
Miss Wren,Lady Belinda Whitrose
Miss Wren,Lady Belinda
Look,Miss Wren
Look,Lady Belinda Whitrose
Look,Lady Belinda Whitrose
Look,Lady Belinda Whitrose
Look,Lady Belinda
Lady Belinda Whitrose,Miss Wren
Lady Belinda Whitrose,Look
Lady Belinda Whitrose,Lady Belinda
Lady Belinda Whitrose,Miss Wren
Lady Belinda Whitrose,Look
Lady Belinda Whitrose,Lady Belinda
Lady Belinda Whitrose,Miss Wren
Lady Belinda Whitrose,Look
Lady Belinda Whitrose,Lady Belinda
Lady Belinda,Miss Wren
Lady Belinda,Look
Lady Belinda,Lady Belinda Whitrose
Lady Belinda,Lady Belinda Whitrose
Lady Belinda,Lady Belinda Whitrose
Riah,Miss Abbey
Miss Abbey,Riah
Riah,Lizzie Hexam
Lizzie Hexam,Riah
Miss,Potterson
Miss,Lizzie Hexam
Potterson,Miss
Potterson,Lizzie Hexam
Lizzie Hexam,Miss
Lizzie Hexam,Potterson
Miss Potterson,Rokesmith
Miss Potterson,Riderhood
Rokesmith,Miss Potterson
Rokesmith,Riderhood
Riderhood,Miss Potterson
Riderhood,Rokesmith
Miss,Wren
Wren,Miss
Miss Wren,Poof
Miss Wren,Miss Abbey
Poof,Miss Wren
Poof,Miss Abbey
Miss Abbey,Miss Wren
Miss Abbey,Poof
Miss Jenny,Miss Potterson
Miss Jenny,Riah
Miss Jenny,Miss Abbey
Miss Potterson,Miss Jenny
Miss Potterson,Riah
Miss Potterson,Miss Abbey
Riah,Miss Jenny
Riah,Miss Potterson
Riah,Miss Abbey
Miss Abbey,Miss Jenny
Miss Abbey,Miss Potterson
Miss Abbey,Riah
Miss Abbey Potterson,Rogue Riderhood
Miss Abbey Potterson,Lizzie
Miss Abbey Potterson,Lizzie
Miss Abbey Potterson,Lizzie
Miss Abbey Potterson,Miss Abbey
Miss Abbey Potterson,Miss Abbey
Rogue Riderhood,Miss Abbey Potterson
Rogue Riderhood,Lizzie
Rogue Riderhood,Lizzie
Rogue Riderhood,Lizzie
Rogue Riderhood,Miss Abbey
Rogue Riderhood,Miss Abbey
Lizzie,Miss Abbey Potterson
Lizzie,Rogue Riderhood
Lizzie,Miss Abbey
Lizzie,Miss Abbey
Lizzie,Miss Abbey Potterson
Lizzie,Rogue Riderhood
Lizzie,Miss Abbey
Lizzie,Miss Abbey
Lizzie,Miss Abbey Potterson
Lizzie,Rogue Riderhood
Lizzie,Miss Abbey
Lizzie,Miss Abbey
Miss Abbey,Miss Abbey Potterson
Miss Abbey,Rogue Riderhood
Miss Abbey,Lizzie
Miss Abbey,Lizzie
Miss Abbey,Lizzie
Miss Abbey,Miss Abbey Potterson
Miss Abbey,Rogue Riderhood
Miss Abbey,Lizzie
Miss Abbey,Lizzie
Miss Abbey,Lizzie
Miss,Abbey
Miss,Bob Gliddery
Abbey,Miss
Abbey,Bob Gliddery
Bob Gliddery,Miss
Bob Gliddery,Abbey
Miss Abbey,Hang
Hang,Miss Abbey
Miss Abbey,Bob
Bob,Miss Abbey
Gallows Bay,Hold
Gallows Bay,Haul
Hold,Gallows Bay
Hold,Haul
Haul,Gallows Bay
Haul,Hold
Tom Tootle,Abbey
Abbey,Tom Tootle
Riah,Miss Jenny
Miss Jenny,Riah
Miss Abbey,Bob
Bob,Miss Abbey
Miss,Abbey
Abbey,Miss
Riderhood,Miss Abbey
Miss Abbey,Riderhood
Tom Tootle,Tom
Tom,Tom Tootle
Captain Joey,Miss Abbey
Miss Abbey,Captain Joey
Tom,Bob Glamour
Tom,William Williams
Tom,Miss Abbey
Tom,Miss Jenny Wren
Bob Glamour,Tom
Bob Glamour,William Williams
Bob Glamour,Miss Abbey
Bob Glamour,Miss Jenny Wren
William Williams,Tom
William Williams,Bob Glamour
William Williams,Miss Abbey
William Williams,Miss Jenny Wren
Miss Abbey,Tom
Miss Abbey,Bob Glamour
Miss Abbey,William Williams
Miss Abbey,Miss Jenny Wren
Miss Jenny Wren,Tom
Miss Jenny Wren,Bob Glamour
Miss Jenny Wren,William Williams
Miss Jenny Wren,Miss Abbey
Rogue,Nay
Nay,Rogue
Bob,Miss Abbey
Miss Abbey,Bob
Tom,Bob Glamour
Tom,William Williams
Tom,Jonathan
Tom,Bob Glamour
Tom,Jonathan
Bob Glamour,Tom
Bob Glamour,William Williams
Bob Glamour,Jonathan
Bob Glamour,Jonathan
William Williams,Tom
William Williams,Bob Glamour
William Williams,Jonathan
William Williams,Bob Glamour
William Williams,Jonathan
Jonathan,Tom
Jonathan,Bob Glamour
Jonathan,William Williams
Jonathan,Bob Glamour
Bob Glamour,Tom
Bob Glamour,William Williams
Bob Glamour,Jonathan
Bob Glamour,Jonathan
Jonathan,Tom
Jonathan,Bob Glamour
Jonathan,William Williams
Jonathan,Bob Glamour
Bob,Cause Miss Abbey
Bob,Which
Cause Miss Abbey,Bob
Cause Miss Abbey,Which
Which,Bob
Which,Cause Miss Abbey
Hold,Death
Death,Hold
Mrs Wilfer,Mrs Lammle
Mrs Lammle,Mrs Wilfer
Mrs Lammle,Mrs Wilfer
Mrs Wilfer,Mrs Lammle
Ma,Pa
Pa,Ma
Bella,George
Bella,Mrs Wilfer
Bella,George
Bella,Mrs Wilfer
George,Bella
George,Bella
George,Mrs Wilfer
Mrs Wilfer,Bella
Mrs Wilfer,Bella
Mrs Wilfer,George
Boffin,Mrs Wilfer
Mrs Wilfer,Boffin
Ma,Lavvy
Lavvy,Ma
Bella,Having
Having,Bella
Bella,Lavvy
Bella,Cook
Lavvy,Bella
Lavvy,Cook
Cook,Bella
Cook,Lavvy
Lavvy,Ma
Lavvy,Ma
Ma,Lavvy
Ma,Lavvy
Mrs Wilfer,Me
Me,Mrs Wilfer
Wilfer,George Sampson
Wilfer,Lavinia
George Sampson,Wilfer
George Sampson,Lavinia
Lavinia,Wilfer
Lavinia,George Sampson
Mrs Wilfer,George Sampson
Mrs Wilfer,Wilfer
George Sampson,Mrs Wilfer
George Sampson,Wilfer
Wilfer,Mrs Wilfer
Wilfer,George Sampson
Sampson,Miss Bella
Miss Bella,Sampson
Miss Lavinia,Sampson
Sampson,Miss Lavinia
Mrs Wilfer,Papa
Mrs Wilfer,Mamma
Mrs Wilfer,Papa
Mrs Wilfer,Mamma
Papa,Mrs Wilfer
Papa,Mamma
Papa,Mamma
Mamma,Mrs Wilfer
Mamma,Papa
Mamma,Papa
Papa,Mrs Wilfer
Papa,Mamma
Papa,Mamma
Mamma,Mrs Wilfer
Mamma,Papa
Mamma,Papa
Mrs Wilfer,George Sampson
Mrs Wilfer,Papa
Mrs Wilfer,Sampson
Mrs Wilfer,Sampson
Mrs Wilfer,Sampson
Mrs Wilfer,Sampson
George Sampson,Mrs Wilfer
George Sampson,Mrs Wilfer
George Sampson,Papa
George Sampson,Sampson
George Sampson,Sampson
George Sampson,Sampson
George Sampson,Sampson
George Sampson,Mrs Wilfer
Mrs Wilfer,George Sampson
Mrs Wilfer,Papa
Mrs Wilfer,Sampson
Mrs Wilfer,Sampson
Mrs Wilfer,Sampson
Mrs Wilfer,Sampson
Papa,Mrs Wilfer
Papa,George Sampson
Papa,Mrs Wilfer
Papa,Sampson
Papa,Sampson
Papa,Sampson
Papa,Sampson
Papa,Mrs Wilfer
Sampson,Mrs Wilfer
Sampson,George Sampson
Sampson,Mrs Wilfer
Sampson,Papa
Sampson,Mrs Wilfer
Sampson,Mrs Wilfer
Sampson,George Sampson
Sampson,Mrs Wilfer
Sampson,Papa
Sampson,Mrs Wilfer
Sampson,Mrs Wilfer
Sampson,George Sampson
Sampson,Mrs Wilfer
Sampson,Papa
Sampson,Mrs Wilfer
Sampson,Mrs Wilfer
Sampson,George Sampson
Sampson,Mrs Wilfer
Sampson,Papa
Sampson,Mrs Wilfer
Mrs Wilfer,George Sampson
Mrs Wilfer,Papa
Mrs Wilfer,Sampson
Mrs Wilfer,Sampson
Mrs Wilfer,Sampson
Mrs Wilfer,Sampson
Sampson,Wilfer
Wilfer,Sampson
Sampson,Wilfer
Sampson,Bella
Sampson,Bella
Sampson,Wilfer
Wilfer,Sampson
Wilfer,Bella
Wilfer,Bella
Bella,Sampson
Bella,Wilfer
Bella,Wilfer
Bella,Sampson
Bella,Wilfer
Bella,Wilfer
Wilfer,Sampson
Wilfer,Bella
Wilfer,Bella
Bella,Serious
Serious,Bella
No,Bella
Bella,No
Don,Bella
Bella,Don
Bella,Boffin
Bella,Far
Bella,Boffin
Bella,Silas Wegg
Bella,Boffin
Boffin,Bella
Boffin,Far
Boffin,Silas Wegg
Far,Bella
Far,Boffin
Far,Boffin
Far,Silas Wegg
Far,Boffin
Boffin,Bella
Boffin,Far
Boffin,Silas Wegg
Silas Wegg,Bella
Silas Wegg,Boffin
Silas Wegg,Far
Silas Wegg,Boffin
Silas Wegg,Boffin
Boffin,Bella
Boffin,Far
Boffin,Silas Wegg
Mrs Boffin,Bella
Mrs Boffin,Boffin
Bella,Mrs Boffin
Bella,Boffin
Boffin,Mrs Boffin
Boffin,Bella
Boffin,Bella
Boffin,Mrs Boffin
Bella,Boffin
Bella,Mrs Boffin
Bella,Boffin
Mrs Boffin,Boffin
Mrs Boffin,Bella
Mrs Boffin,Boffin
Boffin,Bella
Boffin,Mrs Boffin
Rokesmith,Bella
Bella,Rokesmith
Boffin,Rokesmith
Rokesmith,Boffin
Mrs Boffin,Bella
Bella,Mrs Boffin
Noddy,Mrs Boffin
Mrs Boffin,Noddy
Noddy,Haven
Haven,Noddy
Mrs Boffin,Noddy
Mrs Boffin,John Harmon
Noddy,Mrs Boffin
Noddy,John Harmon
John Harmon,Mrs Boffin
John Harmon,Noddy
Hows,Miss Bella
Miss Bella,Hows
Mrs Boffin,Noddy
Noddy,Mrs Boffin
Bella,Somehow
Bella,Boffin
Bella,Good Night
Bella,Don
Somehow,Bella
Somehow,Boffin
Somehow,Good Night
Somehow,Don
Somehow,Bella
Boffin,Bella
Boffin,Somehow
Boffin,Good Night
Boffin,Don
Boffin,Bella
Good Night,Bella
Good Night,Somehow
Good Night,Boffin
Good Night,Don
Good Night,Bella
Don,Bella
Don,Somehow
Don,Boffin
Don,Good Night
Don,Bella
Bella,Somehow
Bella,Boffin
Bella,Good Night
Bella,Don
Mrs Boffin,Bella
Mrs Boffin,Boffin
Bella,Mrs Boffin
Bella,Boffin
Boffin,Mrs Boffin
Boffin,Bella
Boffin,Size
Size,Boffin
Size,Boffin
Boffin,Size
Bella,Don Quixote
Bella,Mrs Boffin
Bella,Boffin
Bella,Don Quixote
Bella,Mrs Boffin
Bella,Boffin
Bella,Don Quixote
Bella,Mrs Boffin
Bella,Boffin
Don Quixote,Bella
Don Quixote,Bella
Don Quixote,Bella
Don Quixote,Mrs Boffin
Don Quixote,Bella
Don Quixote,Boffin
Mrs Boffin,Bella
Mrs Boffin,Bella
Mrs Boffin,Bella
Mrs Boffin,Don Quixote
Mrs Boffin,Bella
Mrs Boffin,Boffin
Bella,Don Quixote
Bella,Mrs Boffin
Bella,Boffin
Boffin,Bella
Boffin,Bella
Boffin,Bella
Boffin,Don Quixote
Boffin,Mrs Boffin
Boffin,Bella
Mrs Lammle,Bella
Bella,Mrs Lammle
Bella,Mrs Lammle
Mrs Lammle,Bella
Mrs Boffin,Bella
Mrs Boffin,Howbeit
Mrs Boffin,Mrs Lammle
Mrs Boffin,Lor
Bella,Mrs Boffin
Bella,Howbeit
Bella,Mrs Lammle
Bella,Lor
Howbeit,Mrs Boffin
Howbeit,Bella
Howbeit,Mrs Lammle
Howbeit,Lor
Mrs Lammle,Mrs Boffin
Mrs Lammle,Bella
Mrs Lammle,Howbeit
Mrs Lammle,Lor
Lor,Mrs Boffin
Lor,Bella
Lor,Howbeit
Lor,Mrs Lammle
Bella Wilfer,Georgiana Podsnap
Bella Wilfer,Bella
Bella Wilfer,Alfred
Georgiana Podsnap,Bella Wilfer
Georgiana Podsnap,Bella
Georgiana Podsnap,Alfred
Bella,Bella Wilfer
Bella,Georgiana Podsnap
Bella,Alfred
Alfred,Bella Wilfer
Alfred,Georgiana Podsnap
Alfred,Bella
Lammle,Alfred
Lammle,Mrs Lammle
Lammle,Alfred
Lammle,Mrs Lammle
Alfred,Lammle
Alfred,Lammle
Alfred,Mrs Lammle
Mrs Lammle,Lammle
Mrs Lammle,Lammle
Mrs Lammle,Alfred
Mrs Lammle,Boffin
Mrs Lammle,Mrs Boffin
Boffin,Mrs Lammle
Boffin,Mrs Boffin
Mrs Boffin,Mrs Lammle
Mrs Boffin,Boffin
Mrs Lammle,Bella
Bella,Mrs Lammle
Brave,Mrs Lammle
Mrs Lammle,Brave
Don,Bella
Bella,Don
Sophronia,Bella
Sophronia,Bella
Sophronia,Bella
Bella,Sophronia
Bella,Sophronia
Bella,Sophronia
Rokesmith,Mrs Boffin
Rokesmith,Bella
Rokesmith,Boffin
Rokesmith,Boffin
Mrs Boffin,Rokesmith
Mrs Boffin,Bella
Mrs Boffin,Boffin
Mrs Boffin,Boffin
Bella,Rokesmith
Bella,Mrs Boffin
Bella,Boffin
Bella,Boffin
Boffin,Rokesmith
Boffin,Mrs Boffin
Boffin,Bella
Boffin,Rokesmith
Boffin,Mrs Boffin
Boffin,Bella
Bella,Boffin
Boffin,Bella
Boffin,Bella
Bella,Boffin
Bella,Mrs Boffin
Mrs Boffin,Bella
Don,Rokesmith
Rokesmith,Don
Boffin,Bella
Boffin,Mrs Boffin
Bella,Boffin
Bella,Mrs Boffin
Mrs Boffin,Boffin
Mrs Boffin,Bella
Recollect,Don
Recollect,Don
Recollect,Don
Don,Recollect
Don,Recollect
Don,Recollect
Silas Wegg,Wegg
Silas Wegg,Miss Elizabeth
Silas Wegg,Master George
Silas Wegg,Aunt Jane
Silas Wegg,Uncle Parker
Wegg,Silas Wegg
Wegg,Miss Elizabeth
Wegg,Master George
Wegg,Aunt Jane
Wegg,Uncle Parker
Miss Elizabeth,Silas Wegg
Miss Elizabeth,Wegg
Miss Elizabeth,Master George
Miss Elizabeth,Aunt Jane
Miss Elizabeth,Uncle Parker
Master George,Silas Wegg
Master George,Wegg
Master George,Miss Elizabeth
Master George,Aunt Jane
Master George,Uncle Parker
Aunt Jane,Silas Wegg
Aunt Jane,Wegg
Aunt Jane,Miss Elizabeth
Aunt Jane,Master George
Aunt Jane,Uncle Parker
Uncle Parker,Silas Wegg
Uncle Parker,Wegg
Uncle Parker,Miss Elizabeth
Uncle Parker,Master George
Uncle Parker,Aunt Jane
Rollin,Boffin
Rollin,Plutarch
Rollin,Plutarch
Rollin,Boffin
Boffin,Rollin
Boffin,Plutarch
Boffin,Plutarch
Plutarch,Rollin
Plutarch,Boffin
Plutarch,Boffin
Plutarch,Rollin
Plutarch,Boffin
Plutarch,Boffin
Boffin,Rollin
Boffin,Plutarch
Boffin,Plutarch
Silas Wegg,Wegg
Wegg,Silas Wegg
Wegg,Sir
Sir,Wegg
Venus,Isn
Isn,Venus
Boffin,Halloa
Halloa,Boffin
Wegg,Halloa
Halloa,Wegg
Kirby,Wonderful Museum
Kirby,Caulfield
Kirby,Wilson
Kirby,Wegg
Kirby,Catch
Kirby,Wegg
Wonderful Museum,Kirby
Wonderful Museum,Caulfield
Wonderful Museum,Wilson
Wonderful Museum,Wegg
Wonderful Museum,Catch
Wonderful Museum,Wegg
Caulfield,Kirby
Caulfield,Wonderful Museum
Caulfield,Wilson
Caulfield,Wegg
Caulfield,Catch
Caulfield,Wegg
Wilson,Kirby
Wilson,Wonderful Museum
Wilson,Caulfield
Wilson,Wegg
Wilson,Catch
Wilson,Wegg
Wegg,Kirby
Wegg,Wonderful Museum
Wegg,Caulfield
Wegg,Wilson
Wegg,Catch
Catch,Kirby
Catch,Wonderful Museum
Catch,Caulfield
Catch,Wilson
Catch,Wegg
Catch,Wegg
Wegg,Kirby
Wegg,Wonderful Museum
Wegg,Caulfield
Wegg,Wilson
Wegg,Catch
Don,Him
Don,Wegg
Don,Jemmy Taylor
Don,Jemmy Wood
Him,Don
Him,Wegg
Him,Jemmy Taylor
Him,Jemmy Wood
Wegg,Don
Wegg,Him
Wegg,Jemmy Taylor
Wegg,Jemmy Wood
Jemmy Taylor,Don
Jemmy Taylor,Him
Jemmy Taylor,Wegg
Jemmy Taylor,Jemmy Wood
Jemmy Wood,Don
Jemmy Wood,Him
Jemmy Wood,Wegg
Jemmy Wood,Jemmy Taylor
Hem,Ahem
Ahem,Hem
Silas,Merryweather
Merryweather,Silas
Silas,John Overs
Silas,John Little
Silas,Dick Jarrel
Silas,John Elwes
Silas,Vulture Hopkins
Silas,Daniel Dancer
John Overs,Silas
John Overs,John Little
John Overs,Dick Jarrel
John Overs,John Elwes
John Overs,Vulture Hopkins
John Overs,Daniel Dancer
John Little,Silas
John Little,John Overs
John Little,Dick Jarrel
John Little,John Elwes
John Little,Vulture Hopkins
John Little,Daniel Dancer
Dick Jarrel,Silas
Dick Jarrel,John Overs
Dick Jarrel,John Little
Dick Jarrel,John Elwes
Dick Jarrel,Vulture Hopkins
Dick Jarrel,Daniel Dancer
John Elwes,Silas
John Elwes,John Overs
John Elwes,John Little
John Elwes,Dick Jarrel
John Elwes,Vulture Hopkins
John Elwes,Daniel Dancer
Vulture Hopkins,Silas
Vulture Hopkins,John Overs
Vulture Hopkins,John Little
Vulture Hopkins,Dick Jarrel
Vulture Hopkins,John Elwes
Vulture Hopkins,Daniel Dancer
Daniel Dancer,Silas
Daniel Dancer,John Overs
Daniel Dancer,John Little
Daniel Dancer,Dick Jarrel
Daniel Dancer,John Elwes
Daniel Dancer,Vulture Hopkins
Dancer,Wegg
Wegg,Dancer
Miss Dancer,Idea
Miss Dancer,Bob
Miss Dancer,Griffiths
Idea,Miss Dancer
Idea,Bob
Idea,Griffiths
Bob,Miss Dancer
Bob,Idea
Bob,Griffiths
Griffiths,Miss Dancer
Griffiths,Idea
Griffiths,Bob
Wegg,Miss Dancer
Wegg,Dancer
Miss Dancer,Wegg
Miss Dancer,Dancer
Dancer,Wegg
Dancer,Miss Dancer
Let,John
John,Let
Wilcocks,Wegg
Wegg,Wilcocks
Silas Wegg,Robert Baldwin
Robert Baldwin,Silas Wegg
Wegg,Venus
Venus,Wegg
Venus,Wegg
Wegg,Venus
Boffin,Wegg
Wegg,Boffin
Wegg,Venus
Wegg,Venus
Venus,Wegg
Venus,Wegg
Boffin,Silas Wegg
Boffin,Venus
Boffin,Dustman
Silas Wegg,Boffin
Silas Wegg,Venus
Silas Wegg,Dustman
Venus,Boffin
Venus,Silas Wegg
Venus,Dustman
Dustman,Boffin
Dustman,Silas Wegg
Dustman,Venus
Boffin,Venus
Venus,Boffin
Bile,Wegg
Wegg,Bile
Silas Wegg,Venus
Venus,Silas Wegg
Venus,Boffin
Boffin,Venus
Boffin,Wegg
Wegg,Boffin
Brother,Wegg
Wegg,Brother
Wegg,Miss Elizabeth
Wegg,Master George
Wegg,Aunt Jane
Wegg,Uncle Parker
Miss Elizabeth,Wegg
Miss Elizabeth,Master George
Miss Elizabeth,Aunt Jane
Miss Elizabeth,Uncle Parker
Master George,Wegg
Master George,Miss Elizabeth
Master George,Aunt Jane
Master George,Uncle Parker
Aunt Jane,Wegg
Aunt Jane,Miss Elizabeth
Aunt Jane,Master George
Aunt Jane,Uncle Parker
Uncle Parker,Wegg
Uncle Parker,Miss Elizabeth
Uncle Parker,Master George
Uncle Parker,Aunt Jane
Wegg,Venus
Venus,Wegg
Wegg,Boffin
Boffin,Wegg
Boffin,Wegg
Wegg,Boffin
Wegg,JOHN HARMON
JOHN HARMON,Wegg
Wegg,John Harmon
Wegg,Nicodemus Boffin
John Harmon,Wegg
John Harmon,Nicodemus Boffin
Nicodemus Boffin,Wegg
Nicodemus Boffin,John Harmon
Wegg,Brother
Brother,Wegg
Brother,Wegg
Wegg,Brother
Venus,Let
Let,Venus
Jealous,Wegg
Jealous,Venus
Wegg,Jealous
Wegg,Venus
Venus,Jealous
Venus,Wegg
Venus,Silas Wegg
Venus,Silas Wegg
Silas Wegg,Venus
Silas Wegg,Venus
Silas,Venus
Silas,Venus
Venus,Silas
Venus,Silas
Silas,Venus
Silas,Venus
Venus,Silas
Venus,Silas
Wegg,Venus
Venus,Wegg
Silas,Wegg
Silas,Venus
Wegg,Silas
Wegg,Venus
Venus,Silas
Venus,Wegg
Venus,Partner
Partner,Venus
Venus,Wegg
Wegg,Venus
Silas Wegg,Silas
Silas Wegg,Boffin
Silas,Silas Wegg
Silas,Boffin
Boffin,Silas Wegg
Boffin,Silas
Brother,Wegg
Wegg,Brother
Wegg,Home
Wegg,Sweet Home
Home,Wegg
Home,Sweet Home
Sweet Home,Wegg
Sweet Home,Home
Wegg,Woman
Woman,Wegg
Silas,Venus
Venus,Silas
Silas Wegg,Boffin
Boffin,Silas Wegg
Boffin,Silas Wegg
Silas Wegg,Boffin
Lady Dustwoman,Wegg
Wegg,Lady Dustwoman
Wegg,Dustman
Dustman,Wegg
Old,Betty Higden
Betty Higden,Old
Oftener,Death
Oftener,Betty Higden
Death,Oftener
Death,Betty Higden
Betty Higden,Oftener
Betty Higden,Death
Union House,Angel
Union House,Despair
Angel,Union House
Angel,Despair
Despair,Union House
Despair,Angel
Betty,Don
Don,Betty
Betty,Don
Don,Betty
Betty,Don
Don,Betty
Master,Betty Higden
Master,Betty Higden
Betty Higden,Master
Betty Higden,Master
George,Lock
Lock,George
Smoke,Betty Higden
Betty Higden,Smoke
Lizzie,Hexam
Hexam,Lizzie
Poor Law,Brother
Brother,Poor Law
John Rokesmith,Bella Wilfer
Bella Wilfer,John Rokesmith
Sloppy,Mrs Higden
Mrs Higden,Sloppy
Sloppy,Richer
Richer,Sloppy
Lizzie Hexam,Brought
Lizzie Hexam,John Harmon
Lizzie Hexam,Bella
Lizzie Hexam,Lizzie
Brought,Lizzie Hexam
Brought,John Harmon
Brought,Bella
Brought,Lizzie
Brought,Lizzie Hexam
John Harmon,Lizzie Hexam
John Harmon,Brought
John Harmon,Bella
John Harmon,Lizzie
John Harmon,Lizzie Hexam
Bella,Lizzie Hexam
Bella,Brought
Bella,John Harmon
Bella,Lizzie
Bella,Lizzie Hexam
Lizzie,Lizzie Hexam
Lizzie,Brought
Lizzie,John Harmon
Lizzie,Bella
Lizzie,Lizzie Hexam
Lizzie Hexam,Brought
Lizzie Hexam,John Harmon
Lizzie Hexam,Bella
Lizzie Hexam,Lizzie
Lizzie,Mrs Milvey
Lizzie,Bella
Mrs Milvey,Lizzie
Mrs Milvey,Bella
Mrs Milvey,Lizzie
Bella,Lizzie
Bella,Mrs Milvey
Bella,Lizzie
Lizzie,Mrs Milvey
Lizzie,Bella
Mrs Milvey,Bella
Mrs Milvey,Boffin
Mrs Milvey,Lizzie Hexam
Bella,Mrs Milvey
Bella,Boffin
Bella,Lizzie Hexam
Boffin,Mrs Milvey
Boffin,Bella
Boffin,Lizzie Hexam
Lizzie Hexam,Mrs Milvey
Lizzie Hexam,Bella
Lizzie Hexam,Boffin
Lizzie Hexam,So
So,Lizzie Hexam
Johnny,Lizzie Hexam
Johnny,Bella
Lizzie Hexam,Johnny
Lizzie Hexam,Bella
Bella,Johnny
Bella,Lizzie Hexam
Bella,Lizzie
Bella,Mrs Boffin
Lizzie,Bella
Lizzie,Mrs Boffin
Mrs Boffin,Bella
Mrs Boffin,Lizzie
Bella,Lizzie
Lizzie,Bella
Lizzie,Bella
Bella,Lizzie
Lizzie Hexam,Bella
Bella,Lizzie Hexam
Bella,Lavvy
Lavvy,Bella
Bella,Lizzie
Bella,Lizzie
Lizzie,Bella
Lizzie,Bella
Bella,George Sampson
George Sampson,Bella
Bella,Lizzie
Lizzie,Bella
Lizzie,Don
Lizzie,Don
Don,Lizzie
Don,Lizzie
Don,Wouldn
Wouldn,Don
Lizzie,Bella
Bella,Lizzie
Lizzie,Bella
Bella,Lizzie
Lizzie Hexam,Lizzie
Lizzie Hexam,Bella
Lizzie,Lizzie Hexam
Lizzie,Bella
Bella,Lizzie Hexam
Bella,Lizzie
Betty Higden,Mrs Frank
Betty Higden,Sloppy
Mrs Frank,Betty Higden
Mrs Frank,Sloppy
Sloppy,Betty Higden
Sloppy,Mrs Frank
Bella,Lizzie Hexam
Lizzie Hexam,Bella
Miss Wren,Eugene Wrayburn
Eugene Wrayburn,Miss Wren
Miss,Wren
Miss,Miss Wren
Wren,Miss
Wren,Miss Wren
Miss Wren,Miss
Miss Wren,Wren
Won,Pray
Pray,Won
Give,Miss Wren
Miss Wren,Give
Eugene,Jenny Wren
Jenny Wren,Eugene
Lightwood,Eugene
Eugene,Lightwood
Eugene,Aaron
Aaron,Eugene
Which,Eugene
Eugene,Which
Lightwood,Lizzie
Lizzie,Lightwood
Eugene,Wrayburn
Wrayburn,Eugene
Lizzie,Fair
Fair,Lizzie
Lightwood,Eugene
Eugene,Lightwood
Eugene,Lightwood
Lightwood,Eugene
Threepenn,Rum
Rum,Threepenn
Eugene,Lightwood
Lightwood,Eugene
Wrayburn,Don
Wrayburn,Dolls
Don,Wrayburn
Don,Dolls
Dolls,Wrayburn
Dolls,Don
Dolls,Threepenn
Threepenn,Dolls
Blown,Mint
Blown,Threepenn
Mint,Blown
Mint,Threepenn
Threepenn,Blown
Threepenn,Mint
Postman,Easy
Easy,Postman
Lightwood,Eugene
Lightwood,Fleet Street
Eugene,Lightwood
Eugene,Fleet Street
Fleet Street,Lightwood
Fleet Street,Eugene
Eugene,Don
Eugene,Patience
Don,Eugene
Don,Patience
Patience,Eugene
Patience,Don
How,Lightwood
Lightwood,How
Sooner,Night
Night,Sooner
Bravo,Eugene
Bravo,Yoicks
Bravo,Yoicks
Bravo,Hark Forward
Bravo,Tantivy
Eugene,Bravo
Eugene,Yoicks
Eugene,Yoicks
Eugene,Hark Forward
Eugene,Tantivy
Yoicks,Bravo
Yoicks,Eugene
Yoicks,Hark Forward
Yoicks,Tantivy
Yoicks,Bravo
Yoicks,Eugene
Yoicks,Hark Forward
Yoicks,Tantivy
Hark Forward,Bravo
Hark Forward,Eugene
Hark Forward,Yoicks
Hark Forward,Yoicks
Hark Forward,Tantivy
Tantivy,Bravo
Tantivy,Eugene
Tantivy,Yoicks
Tantivy,Yoicks
Tantivy,Hark Forward
Eugene,St Paul
Eugene,St Paul
St Paul,Eugene
St Paul,Eugene
St Paul,Eugene
Eugene,St Paul
Eugene,Merry England
Merry England,Eugene
Eugene,Lightwood
Lightwood,Eugene
Bradley Headstone,Eugene Wrayburn
Bradley Headstone,Bradley
Bradley Headstone,Peecher
Bradley Headstone,Miss Peecher
Eugene Wrayburn,Bradley Headstone
Eugene Wrayburn,Bradley
Eugene Wrayburn,Peecher
Eugene Wrayburn,Miss Peecher
Bradley,Bradley Headstone
Bradley,Eugene Wrayburn
Bradley,Peecher
Bradley,Miss Peecher
Peecher,Bradley Headstone
Peecher,Eugene Wrayburn
Peecher,Bradley
Peecher,Miss Peecher
Miss Peecher,Bradley Headstone
Miss Peecher,Eugene Wrayburn
Miss Peecher,Bradley
Miss Peecher,Peecher
Lightwood,Wrayburn
Lightwood,Bradley
Wrayburn,Lightwood
Wrayburn,Bradley
Bradley,Lightwood
Bradley,Wrayburn
Nat,Roger
Roger,Nat
Bradley,Lightwood
Lightwood,Bradley
Lawyer Lightwood,T
Lawyer Lightwood,T
T,Lawyer Lightwood
T,Lawyer Lightwood
Bradley,Headstone
Headstone,Bradley
Bradley,Rogue Riderhood
Bradley,George
Rogue Riderhood,Bradley
Rogue Riderhood,George
George,Bradley
George,Rogue Riderhood
Hyde Park Corner,Bradley Headstone
Hyde Park Corner,Lizzie
Bradley Headstone,Hyde Park Corner
Bradley Headstone,Lizzie
Lizzie,Hyde Park Corner
Lizzie,Bradley Headstone
T,Riderhood
Riderhood,T
Bradley,Riderhood
Riderhood,Bradley
George,Riderhood
Riderhood,George
T,Gaffer
Gaffer,T
Riderhood,George
George,Riderhood
Mrs Lammle,Lammle
Lammle,Mrs Lammle
Fledgeby,Lammle
Fledgeby,Riah
Lammle,Fledgeby
Lammle,Riah
Riah,Fledgeby
Riah,Lammle
Mrs Lammle,Dear Mr Fledgeby
Dear Mr Fledgeby,Mrs Lammle
Riah,Pubsey
Pubsey,Riah
Mrs Lammle,Pubsey
Pubsey,Mrs Lammle
Fledgeby,Riah
Riah,Fledgeby
Lammle,Alfred
Alfred,Lammle
Fledgeby,Mrs Lammle
Fledgeby,Lammle
Mrs Lammle,Fledgeby
Mrs Lammle,Lammle
Lammle,Fledgeby
Lammle,Mrs Lammle
Fledgeby,Riah
Riah,Fledgeby
Fledgeby,Jerusalem
Jerusalem,Fledgeby
Fledgeby,Toddle
Fledgeby,Judah
Toddle,Fledgeby
Toddle,Judah
Judah,Fledgeby
Judah,Toddle
Fledgeby,Haven
Haven,Fledgeby
Miss Wren,Which
Which,Miss Wren
Suppose,Miss Wren
Miss Wren,Suppose
Fledgeby,Miss Wren
Miss Wren,Fledgeby
Miss Wren,Fledgeby
Fledgeby,Miss Wren
Fledgeby,Twemlow
Fledgeby,Twemlow
Twemlow,Fledgeby
Twemlow,Fledgeby
Twemlow,Fledgeby
Twemlow,Fledgeby
Twemlow,Fledgeby
Twemlow,Fledgeby
Fledgeby,Twemlow
Fledgeby,Twemlow
Fledgeby,Twemlow
Fledgeby,Twemlow
Fledgeby,Riah
Fledgeby,Lammles
Riah,Fledgeby
Riah,Lammles
Lammles,Fledgeby
Lammles,Riah
Twemlow,Knight
Knight,Twemlow
Fledgeby,Riah
Riah,Fledgeby
Twemlow,Fledgeby
Twemlow,How
Fledgeby,Twemlow
Fledgeby,Twemlow
Fledgeby,Twemlow
Fledgeby,How
Fledgeby,Twemlow
Fledgeby,Twemlow
Fledgeby,Twemlow
Twemlow,Fledgeby
Twemlow,How
Twemlow,Fledgeby
Twemlow,How
How,Twemlow
How,Fledgeby
How,Twemlow
How,Twemlow
How,Twemlow
How,Twemlow
How,Twemlow
Twemlow,Fledgeby
Twemlow,How
Twemlow,Fledgeby
Twemlow,How
Twemlow,Fledgeby
Twemlow,How
Fledgeby,Riah
Fledgeby,Riah
Riah,Fledgeby
Riah,Fledgeby
Fledgeby,Whereat Mr Twemlow
Whereat Mr Twemlow,Fledgeby
Fledgeby,Tut
Tut,Fledgeby
Fledgeby,Don
Don,Fledgeby
Fledgeby,Look
Look,Fledgeby
Fledgeby,Lammle
Fledgeby,Always
Lammle,Fledgeby
Lammle,Always
Always,Fledgeby
Always,Lammle
Fledgeby,Twemlow
Twemlow,Fledgeby
Don,Fledgeby
Fledgeby,Don
Money,Twemlow
Twemlow,Money
Don,Miss Wren
Miss Wren,Don
Venus,Wegg
Venus,Boffin
Venus,Silas Wegg
Venus,Boffin
Wegg,Venus
Wegg,Boffin
Wegg,Silas Wegg
Wegg,Boffin
Wegg,Venus
Boffin,Venus
Boffin,Wegg
Boffin,Silas Wegg
Boffin,Venus
Silas Wegg,Venus
Silas Wegg,Wegg
Silas Wegg,Boffin
Silas Wegg,Boffin
Silas Wegg,Venus
Boffin,Venus
Boffin,Wegg
Boffin,Silas Wegg
Boffin,Venus
Venus,Wegg
Venus,Boffin
Venus,Silas Wegg
Venus,Boffin
Advantage,Boffin
Boffin,Advantage
Boffin,Venus
Venus,Boffin
Venus,Boffin
Boffin,Venus
Boffin,Venus
Venus,Boffin
Good,Wegg
Wegg,Good
True,Venus
Venus,True
Boffin,Venus
Venus,Boffin
Venus,Wegg
Wegg,Venus
Wegg,Venus
Venus,Wegg
Venus,Wegg
Venus,Wegg
Wegg,Venus
Wegg,Venus
Venus,Wegg
Venus,Share
Venus,Wegg
Venus,Share
Venus,Wegg
Venus,Share
Venus,Wegg
Venus,Share
Wegg,Venus
Wegg,Venus
Wegg,Venus
Wegg,Venus
Wegg,Share
Share,Venus
Share,Venus
Share,Venus
Share,Venus
Share,Wegg
Don,Venus
Don,Wegg
Venus,Don
Venus,Wegg
Wegg,Don
Wegg,Venus
Venus,Boffin
Venus,Boffin
Boffin,Venus
Boffin,Venus
Dustman,Hush
Dustman,Venus
Dustman,Wegg
Hush,Dustman
Hush,Venus
Hush,Wegg
Venus,Dustman
Venus,Hush
Venus,Wegg
Wegg,Dustman
Wegg,Hush
Wegg,Venus
Boffin,Wegg
Wegg,Boffin
Wegg,Dusty Boffin
Wegg,Ecod
Wegg,Boffin
Wegg,Sloppy
Dusty Boffin,Wegg
Dusty Boffin,Ecod
Dusty Boffin,Boffin
Dusty Boffin,Sloppy
Ecod,Wegg
Ecod,Dusty Boffin
Ecod,Boffin
Ecod,Sloppy
Boffin,Wegg
Boffin,Dusty Boffin
Boffin,Ecod
Boffin,Sloppy
Sloppy,Wegg
Sloppy,Dusty Boffin
Sloppy,Ecod
Sloppy,Boffin
Wegg,Boffin
Wegg,Flesh
Boffin,Wegg
Boffin,Flesh
Flesh,Wegg
Flesh,Boffin
Wegg,Wasn
Wasn,Wegg
Wegg,Silas Wegg
Silas Wegg,Wegg
Wegg,Begone
Wegg,Tis
Begone,Wegg
Begone,Tis
Tis,Wegg
Tis,Begone
Wegg,Dusty Boffin
Dusty Boffin,Wegg
Wegg,Wait
Wegg,Venus
Wegg,Boffin
Wegg,Boffin
Wait,Wegg
Wait,Venus
Wait,Boffin
Wait,Boffin
Venus,Wegg
Venus,Wait
Venus,Boffin
Venus,Boffin
Boffin,Wegg
Boffin,Wait
Boffin,Venus
Boffin,Wegg
Boffin,Wait
Boffin,Venus
Don,Venus
Venus,Don
Rokesmith,Sooner
Rokesmith,Wegg
Sooner,Rokesmith
Sooner,Wegg
Wegg,Rokesmith
Wegg,Sooner
Venus,Boffin
Boffin,Venus
Venus,Wegg
Venus,Wegg
Wegg,Venus
Wegg,Venus
Done,Venus
Venus,Done
Venus,Wegg
Wegg,Venus
Boffin,Mrs Lammle
Mrs Lammle,Boffin
Boffin,Mrs Lammle
Mrs Lammle,Boffin
Bella,Rokesmith
Bella,Boffin
Bella,Mrs Lammle
Rokesmith,Bella
Rokesmith,Boffin
Rokesmith,Mrs Lammle
Boffin,Bella
Boffin,Rokesmith
Boffin,Mrs Lammle
Mrs Lammle,Bella
Mrs Lammle,Rokesmith
Mrs Lammle,Boffin
Mrs Boffin,Bella
Bella,Mrs Boffin
Boffin,Don
Boffin,Don
Boffin,Don
Boffin,Don
Don,Boffin
Don,Boffin
Don,Boffin
Don,Boffin
Don,Miss Wilfer
Miss Wilfer,Don
Don,Elwes
Don,Hopkins
Don,Blewbury Jones
Don,Weren
Elwes,Don
Elwes,Hopkins
Elwes,Blewbury Jones
Elwes,Weren
Hopkins,Don
Hopkins,Elwes
Hopkins,Blewbury Jones
Hopkins,Weren
Blewbury Jones,Don
Blewbury Jones,Elwes
Blewbury Jones,Hopkins
Blewbury Jones,Weren
Weren,Don
Weren,Elwes
Weren,Hopkins
Weren,Blewbury Jones
Boffin,Rokesmith
Boffin,George
Boffin,Rokesmith
Rokesmith,Boffin
Rokesmith,George
George,Boffin
George,Rokesmith
George,Rokesmith
Rokesmith,Boffin
Rokesmith,George
Miss Wilfer,Shillings
Miss Wilfer,Shillings
Shillings,Miss Wilfer
Shillings,Miss Wilfer
Miss Wilfer,Say
Say,Miss Wilfer
Wilfer,Boffin
Wilfer,Miss Wilfer
Boffin,Wilfer
Boffin,Miss Wilfer
Miss Wilfer,Wilfer
Miss Wilfer,Boffin
John,Boffin
Boffin,John
Daniel,Miss Dancer
Daniel,Elwes
Daniel,Vulture Hopkins
Daniel,Blewbury Jones
Miss Dancer,Daniel
Miss Dancer,Elwes
Miss Dancer,Vulture Hopkins
Miss Dancer,Blewbury Jones
Elwes,Daniel
Elwes,Miss Dancer
Elwes,Vulture Hopkins
Elwes,Blewbury Jones
Vulture Hopkins,Daniel
Vulture Hopkins,Miss Dancer
Vulture Hopkins,Elwes
Vulture Hopkins,Blewbury Jones
Blewbury Jones,Daniel
Blewbury Jones,Miss Dancer
Blewbury Jones,Elwes
Blewbury Jones,Vulture Hopkins
Mrs Boffin,Boffin
Boffin,Mrs Boffin
John,Rokesmith
Rokesmith,John
Rokesmith,Miss Wilfer
Miss Wilfer,Rokesmith
Bella,Don
Bella,Boffin
Don,Bella
Don,Bella
Don,Boffin
Bella,Don
Bella,Boffin
Boffin,Bella
Boffin,Don
Boffin,Bella
John Rokesmith,Boffin
John Rokesmith,Which Mr Boffin
Boffin,John Rokesmith
Boffin,Which Mr Boffin
Which Mr Boffin,John Rokesmith
Which Mr Boffin,Boffin
Boffin,Bella
Bella,Boffin
Bella,Boffin
Bella,Boffin
Boffin,Bella
Boffin,Bella
Don,Mrs Boffin
Mrs Boffin,Don
Dancer,Hopkins
Dancer,Blackberry Jones
Hopkins,Dancer
Hopkins,Blackberry Jones
Blackberry Jones,Dancer
Blackberry Jones,Hopkins
Boffin,Don
Don,Boffin
Bella,Bank
Bank,Bella
Stobbles,Bella
Stobbles,Wilfer
Bella,Stobbles
Bella,Wilfer
Wilfer,Stobbles
Wilfer,Bella
Bella,Lane
Lane,Bella
Rumty,Perch
Perch,Rumty
Whose Perch,Bella
Bella,Whose Perch
Sulky,Rumty
Sulky,Rumty
Rumty,Sulky
Rumty,Sulky
Wilfer,John Rokesmith
Wilfer,Bella
John Rokesmith,Wilfer
John Rokesmith,Bella
Bella,Wilfer
Bella,John Rokesmith
Isn,John Rokesmith
John Rokesmith,Isn
Bella,John Rokesmith
Bella,Wilfer
Bella,Stobbles
John Rokesmith,Bella
John Rokesmith,Wilfer
John Rokesmith,Stobbles
Wilfer,Bella
Wilfer,John Rokesmith
Wilfer,Stobbles
Stobbles,Bella
Stobbles,John Rokesmith
Stobbles,Wilfer
Stobbles,Bella
Stobbles,Rumty
Stobbles,Perch
Stobbles,John Rokesmith
Bella,Stobbles
Bella,Rumty
Bella,Perch
Bella,John Rokesmith
Rumty,Stobbles
Rumty,Bella
Rumty,Perch
Rumty,John Rokesmith
Perch,Stobbles
Perch,Bella
Perch,Rumty
Perch,John Rokesmith
John Rokesmith,Stobbles
John Rokesmith,Bella
John Rokesmith,Rumty
John Rokesmith,Perch
Wilfer Castle,Bella
Bella,Wilfer Castle
John,Bella
Bella,John
Miss,Lavvy
Miss,George Sampson
Miss,Miss Lavvy
Lavvy,Miss
Lavvy,George Sampson
Lavvy,Miss Lavvy
George Sampson,Miss
George Sampson,Lavvy
George Sampson,Miss Lavvy
Miss Lavvy,Miss
Miss Lavvy,Lavvy
Miss Lavvy,George Sampson
Mrs Wilfer,Who
Who,Mrs Wilfer
Unless,Boffin
Boffin,Unless
Miss Lavinia,Bella
Miss Lavinia,Bella
Bella,Miss Lavinia
Bella,Miss Lavinia
Lavvy,Boffin
Boffin,Lavvy
George,Miss Lavvy
George,George Sampson
Miss Lavvy,George
Miss Lavvy,George Sampson
George Sampson,George
George Sampson,Miss Lavvy
George Sampson,Miss Lavvy
George Sampson,Boffins
George Sampson,Miss Lavvy
George Sampson,Boffins
Miss Lavvy,George Sampson
Miss Lavvy,George Sampson
Miss Lavvy,Boffins
Boffins,George Sampson
Boffins,George Sampson
Boffins,Miss Lavvy
Bella,Mrs Boffin
Bella,Lavvy
Bella,Ma
Mrs Boffin,Bella
Mrs Boffin,Lavvy
Mrs Boffin,Ma
Lavvy,Bella
Lavvy,Mrs Boffin
Lavvy,Ma
Ma,Bella
Ma,Mrs Boffin
Ma,Lavvy
Wilfer,George
Wilfer,Miss Lavinia
Wilfer,Sampson
Wilfer,Sampson
George,Wilfer
George,Miss Lavinia
George,Sampson
George,Sampson
Miss Lavinia,Wilfer
Miss Lavinia,George
Miss Lavinia,Sampson
Miss Lavinia,Sampson
Sampson,Wilfer
Sampson,George
Sampson,Miss Lavinia
Sampson,Wilfer
Sampson,George
Sampson,Miss Lavinia
Mutton,Lavvy
Mutton,Wilfer
Mutton,Mrs Wilfer
Lavvy,Mutton
Lavvy,Wilfer
Lavvy,Mrs Wilfer
Wilfer,Mutton
Wilfer,Lavvy
Wilfer,Mrs Wilfer
Mrs Wilfer,Mutton
Mrs Wilfer,Lavvy
Mrs Wilfer,Wilfer
Miss,Lavinia
Miss,Sampson
Lavinia,Miss
Lavinia,Sampson
Sampson,Miss
Sampson,Lavinia
Lavinia,George Sampson
George Sampson,Lavinia
Sampson,Miss Lavinia
Sampson,Wilfer
Miss Lavinia,Sampson
Miss Lavinia,Wilfer
Wilfer,Sampson
Wilfer,Miss Lavinia
George,Miss Lavinia
George,Miss Lavinia
George,Mrs Boffin
Miss Lavinia,George
Miss Lavinia,Mrs Boffin
Miss Lavinia,George
Miss Lavinia,Mrs Boffin
Mrs Boffin,George
Mrs Boffin,Miss Lavinia
Mrs Boffin,Miss Lavinia
Miss Lavinia,George
George,Miss Lavinia
Bella,George Sampson
Bella,George Sampson
George Sampson,Bella
George Sampson,Bella
Lavvy,Paul
Paul,Lavvy
George Sampson,Pa
Pa,George Sampson
Bella,George Sampson
Bella,Miss Lavinia
Bella,Wilfer
Bella,Lady Macbeth
George Sampson,Bella
George Sampson,Miss Lavinia
George Sampson,Wilfer
George Sampson,Lady Macbeth
Miss Lavinia,Bella
Miss Lavinia,George Sampson
Miss Lavinia,Wilfer
Miss Lavinia,Lady Macbeth
Wilfer,Bella
Wilfer,George Sampson
Wilfer,Miss Lavinia
Wilfer,Lady Macbeth
Lady Macbeth,Bella
Lady Macbeth,George Sampson
Lady Macbeth,Miss Lavinia
Lady Macbeth,Wilfer
Listen,Bella
Bella,Listen
Mrs Alfred Lammle,Hamilton Veneering
Mrs Alfred Lammle,Esquire
Hamilton Veneering,Mrs Alfred Lammle
Hamilton Veneering,Esquire
Esquire,Mrs Alfred Lammle
Esquire,Hamilton Veneering
Lady Tippins,Boots
Lady Tippins,Mrs Veneering
Boots,Lady Tippins
Boots,Mrs Veneering
Mrs Veneering,Lady Tippins
Mrs Veneering,Boots
Lammle,Twemlow
Lammle,Twemlow
Lammle,Has
Twemlow,Lammle
Twemlow,Has
Twemlow,Lammle
Twemlow,Has
Has,Lammle
Has,Twemlow
Has,Twemlow
Mrs Lammle,Twemlow
Twemlow,Mrs Lammle
Really,Mrs Lammle
Mrs Lammle,Really
Sir,Mrs Lammle
Mrs Lammle,Sir
Mrs Lammle,Pray
Pray,Mrs Lammle
Twemlow,Riah
Riah,Twemlow
Twemlow,Mrs Lammle
Mrs Lammle,Twemlow
Eugene Wrayburn,Twemlow
Eugene Wrayburn,Skittish
Eugene Wrayburn,Mortimer Lightwood
Eugene Wrayburn,Lady Tippins
Twemlow,Eugene Wrayburn
Twemlow,Skittish
Twemlow,Mortimer Lightwood
Twemlow,Lady Tippins
Skittish,Eugene Wrayburn
Skittish,Twemlow
Skittish,Mortimer Lightwood
Skittish,Lady Tippins
Mortimer Lightwood,Eugene Wrayburn
Mortimer Lightwood,Twemlow
Mortimer Lightwood,Skittish
Mortimer Lightwood,Lady Tippins
Lady Tippins,Eugene Wrayburn
Lady Tippins,Twemlow
Lady Tippins,Skittish
Lady Tippins,Mortimer Lightwood
Boots,Brewer
Boots,Buffer
Boots,Buffer
Boots,Lady Tippins
Boots,Brewer
Boots,Buffer
Brewer,Boots
Brewer,Buffer
Brewer,Buffer
Brewer,Boots
Brewer,Lady Tippins
Brewer,Boots
Brewer,Buffer
Buffer,Boots
Buffer,Brewer
Buffer,Boots
Buffer,Lady Tippins
Buffer,Boots
Buffer,Brewer
Buffer,Boots
Buffer,Brewer
Buffer,Boots
Buffer,Lady Tippins
Buffer,Boots
Buffer,Brewer
Boots,Brewer
Boots,Buffer
Boots,Buffer
Boots,Lady Tippins
Boots,Brewer
Boots,Buffer
Lady Tippins,Boots
Lady Tippins,Brewer
Lady Tippins,Buffer
Lady Tippins,Buffer
Lady Tippins,Boots
Lady Tippins,Boots
Lady Tippins,Brewer
Lady Tippins,Buffer
Boots,Brewer
Boots,Buffer
Boots,Buffer
Boots,Lady Tippins
Boots,Brewer
Boots,Buffer
Brewer,Boots
Brewer,Buffer
Brewer,Buffer
Brewer,Boots
Brewer,Lady Tippins
Brewer,Boots
Brewer,Buffer
Buffer,Boots
Buffer,Brewer
Buffer,Boots
Buffer,Lady Tippins
Buffer,Boots
Buffer,Brewer
Mrs Podsnap,Boots
Mrs Podsnap,Father
Boots,Mrs Podsnap
Boots,Father
Father,Mrs Podsnap
Father,Boots
How,Mrs Veneering
Mrs Veneering,How
True,Mrs Veneering
Mrs Veneering,True
Eugene Wrayburn,Tippins
Tippins,Eugene Wrayburn
Young Blight,Mortimer
Mortimer,Young Blight
Sharp,Eugene
Eugene,Sharp
Blight,Glue Monge
Glue Monge,Blight
Sharp,Eugene
Eugene,Sharp
Rogue Riderhood,Eugene Wrayburn
Eugene Wrayburn,Rogue Riderhood
Lawyer Lightwood,Riderhood
Riderhood,Lawyer Lightwood
Eugene,Don
Don,Eugene
Eugene Wrayburn,Riderhood
Eugene Wrayburn,Lock
Eugene Wrayburn,Mill Lock
Riderhood,Eugene Wrayburn
Riderhood,Lock
Riderhood,Mill Lock
Lock,Eugene Wrayburn
Lock,Riderhood
Lock,Mill Lock
Mill Lock,Eugene Wrayburn
Mill Lock,Riderhood
Mill Lock,Lock
Mill Lock,T
T,Mill Lock
Riderhood,T
Riderhood,Never
T,Riderhood
T,Never
Never,Riderhood
Never,T
Riderhood,Locks
Locks,Riderhood
Locks,Riderhood
Riderhood,Locks
Spites,Riderhood
Riderhood,Spites
Don,T
Don,Riderhood
Don,Richmond
T,Don
T,Riderhood
T,Richmond
Riderhood,Don
Riderhood,T
Riderhood,Richmond
Richmond,Don
Richmond,T
Richmond,Riderhood
Cheek,Riderhood
Riderhood,Cheek
Cheek,Riderhood
Riderhood,Cheek
Riderhood,T
T,Riderhood
Listen,Bradley
Bradley,Listen
George,Riderhood
Riderhood,George
Riderhood,Bradley
Riderhood,Bradley
Bradley,Riderhood
Bradley,Riderhood
Bradley,Riderhood
Riderhood,Bradley
Riderhood,Bradley
Bradley,Riderhood
Bradley,Riderhood
Bradley,Riderhood
Riderhood,Bradley
Riderhood,Bradley
Bradley,Riderhood
Riderhood,Bradley
Riderhood,Bradley
Bradley,Riderhood
Riderhood,T
T,Riderhood
Riderhood,Wat Tyler
Wat Tyler,Riderhood
Bradley Headstone,Wat Tyler
Bradley Headstone,Lord Mayor Walworth
Bradley Headstone,Riderhood
Wat Tyler,Bradley Headstone
Wat Tyler,Lord Mayor Walworth
Wat Tyler,Riderhood
Lord Mayor Walworth,Bradley Headstone
Lord Mayor Walworth,Wat Tyler
Lord Mayor Walworth,Riderhood
Riderhood,Bradley Headstone
Riderhood,Wat Tyler
Riderhood,Lord Mayor Walworth
Sparkles,Riderhood
Riderhood,Sparkles
Rogue,Riderhood
Riderhood,Rogue
Lock,Bradley Headstone
Bradley Headstone,Lock
Riderhood,T
T,Riderhood
Angler,Inn
Inn,Angler
Riderhood,Shut
Shut,Riderhood
T,Riderhood
T,Riderhood
Riderhood,T
Riderhood,T
Riderhood,T
T,Riderhood
Lie,Riderhood
Riderhood,Lie
Anon,Riderhood
Riderhood,Anon
Mrs Lammle,Mrs Boffin
Mrs Lammle,Mrs Boffin
Mrs Boffin,Mrs Lammle
Mrs Boffin,Mrs Lammle
Mrs Lammle,Mrs Boffin
Mrs Lammle,Mrs Boffin
Mrs Boffin,Mrs Lammle
Mrs Boffin,Mrs Lammle
Lawyer,Mrs Lammle
Mrs Lammle,Lawyer
Mrs Lammle,Mrs Boffin
Mrs Boffin,Mrs Lammle
Mrs Boffin,Mrs Lammle
Mrs Lammle,Mrs Boffin
Mrs Lammle,Mrs Boffin
Mrs Lammle,Mrs Boffin
Mrs Boffin,Mrs Lammle
Mrs Boffin,Mrs Lammle
Mrs Boffin,Lammle
Lammle,Mrs Boffin
Lammle,Mrs Boffin
Mrs Boffin,Lammle
Lammle,Mrs Boffin
Mrs Boffin,Lammle
Really,Mrs Lammle
Mrs Lammle,Really
Pray,Boffin
Boffin,Pray
Alfred,Mrs Boffin
Mrs Boffin,Alfred
Mrs Lammle,Boffin
Mrs Lammle,Lammle
Mrs Lammle,Boffin
Boffin,Mrs Lammle
Boffin,Lammle
Lammle,Mrs Lammle
Lammle,Boffin
Lammle,Boffin
Boffin,Mrs Lammle
Boffin,Lammle
Alfred,Rokesmith
Rokesmith,Alfred
Mrs Lammle,Miss Bella Wilfer
Miss Bella Wilfer,Mrs Lammle
Mrs Lammle,Lammle
Lammle,Mrs Lammle
Lammle,Mrs Lammle
Mrs Lammle,Lammle
Lammle,Mrs Lammle
Lammle,Georgiana Podsnap
Mrs Lammle,Lammle
Mrs Lammle,Georgiana Podsnap
Georgiana Podsnap,Lammle
Georgiana Podsnap,Mrs Lammle
Georgiana,Alfred
Georgiana,Mrs Boffin
Alfred,Georgiana
Alfred,Mrs Boffin
Mrs Boffin,Georgiana
Mrs Boffin,Alfred
Ma,Sackville Street
Ma,Sophronia
Sackville Street,Ma
Sackville Street,Sophronia
Sackville Street,Ma
Sophronia,Ma
Sophronia,Sackville Street
Sophronia,Ma
Ma,Sackville Street
Ma,Sophronia
Don,Mrs Boffin
Mrs Boffin,Don
Georgiana,Boffin
Boffin,Georgiana
Georgiana,Hawkinson
Hawkinson,Georgiana
Alfred,Ma
Ma,Alfred
Boffin,Mrs Lammle
Mrs Lammle,Boffin
Lammle,Twemlow
Twemlow,Lammle
Mrs Boffin,Mrs Lammle
Mrs Lammle,Mrs Boffin
Alfred,Georgiana
Georgiana,Alfred
Alfred,Boffin
Boffin,Alfred
Boffin,Mrs Boffin
Mrs Boffin,Boffin
Mrs Boffin,Boffin
Boffin,Mrs Boffin
Venus,Boffin
Boffin,Venus
Venus,Thank
Venus,Thank
Venus,Thank
Venus,Thank
Thank,Venus
Thank,Venus
Thank,Venus
Venus,Thank
Venus,Thank
Thank,Venus
Thank,Venus
Thank,Venus
Wegg,Venus
Venus,Wegg
Boffin,Venus
Venus,Boffin
Venus,Wegg
Wegg,Venus
Boffin,Wegg
Boffin,Whispered Venus
Wegg,Boffin
Wegg,Whispered Venus
Whispered Venus,Boffin
Whispered Venus,Wegg
Boffin,Wegg
Wegg,Boffin
Wegg,Boffin
Boffin,Wegg
Anyhow,Wegg
Wegg,Anyhow
Sloppy,Boffin
Sloppy,Master
Boffin,Sloppy
Boffin,Sloppy
Boffin,Master
Sloppy,Boffin
Sloppy,Master
Master,Sloppy
Master,Boffin
Master,Sloppy
Sloppy,Silas Wegg
Silas Wegg,Sloppy
Wegg,Boffin
Boffin,Wegg
Silas Wegg,Venus
Venus,Silas Wegg
Boffin,Silas
Silas,Boffin
Silas,Trifle
Trifle,Silas
Don,Silas
Don,Boffin
Silas,Don
Silas,Boffin
Boffin,Don
Boffin,Silas
Silas,Mark
Mark,Silas
Venus,Boffin
Boffin,Venus
Boffin,Silas
Silas,Boffin
Venus,Silas Wegg
Silas Wegg,Venus
Boffin,Wegg
Boffin,Wegg
Wegg,Boffin
Wegg,Boffin
Boffin,Wegg
Boffin,Venus
Boffin,Silas Wegg
Wegg,Boffin
Wegg,Boffin
Wegg,Venus
Wegg,Silas Wegg
Boffin,Wegg
Boffin,Venus
Boffin,Silas Wegg
Venus,Boffin
Venus,Wegg
Venus,Boffin
Venus,Silas Wegg
Silas Wegg,Boffin
Silas Wegg,Wegg
Silas Wegg,Boffin
Silas Wegg,Venus
Boffin,Wegg
Boffin,Venus
Boffin,Wegg
Wegg,Boffin
Wegg,Venus
Venus,Boffin
Venus,Wegg
Venus,Wegg
Wegg,Boffin
Wegg,Venus
Boffin,Wegg
Wegg,Boffin
Wegg,None
Wegg,None
None,Wegg
None,Wegg
Don,Wegg
Don,Boffin
Wegg,Don
Wegg,Boffin
Boffin,Don
Boffin,Wegg
Don,Wegg
Wegg,Don
Boffin,Wegg
Wegg,Boffin
Wegg,Master George
Wegg,Aunt Jane
Wegg,Uncle Parker
Master George,Wegg
Master George,Aunt Jane
Master George,Uncle Parker
Aunt Jane,Wegg
Aunt Jane,Master George
Aunt Jane,Uncle Parker
Uncle Parker,Wegg
Uncle Parker,Master George
Uncle Parker,Aunt Jane
Will,Boffin
Boffin,Will
Boffin,Inspector
Boffin,Inspected
Inspector,Boffin
Inspector,Inspected
Inspector,Boffin
Inspected,Boffin
Inspected,Inspector
Inspected,Boffin
Boffin,Inspector
Boffin,Inspected
Boffin,Silas
Silas,Boffin
Silas,Boffin
Boffin,Silas
Pa,Dear Pa
Pa,Harmon
Dear Pa,Pa
Dear Pa,Harmon
Harmon,Pa
Harmon,Dear Pa
Behold,Behold Pa
Behold,Behold Bella
Behold Pa,Behold
Behold Pa,Behold Bella
Behold Bella,Behold
Behold Bella,Behold Pa
John Rokesmith,Bella
John Rokesmith,Rokesmith
John Rokesmith,Stranded
John Rokesmith,Gruff
John Rokesmith,Bella
John Rokesmith,Bella
John Rokesmith,Rokesmith
John Rokesmith,Stranded
John Rokesmith,Gruff
John Rokesmith,Bella
John Rokesmith,Bella
John Rokesmith,Rokesmith
John Rokesmith,Stranded
John Rokesmith,Gruff
John Rokesmith,Bella
Bella,John Rokesmith
Bella,John Rokesmith
Bella,John Rokesmith
Bella,Rokesmith
Bella,Stranded
Bella,Gruff
Rokesmith,John Rokesmith
Rokesmith,John Rokesmith
Rokesmith,John Rokesmith
Rokesmith,Bella
Rokesmith,Stranded
Rokesmith,Gruff
Rokesmith,Bella
Stranded,John Rokesmith
Stranded,John Rokesmith
Stranded,John Rokesmith
Stranded,Bella
Stranded,Rokesmith
Stranded,Gruff
Stranded,Bella
Gruff,John Rokesmith
Gruff,John Rokesmith
Gruff,John Rokesmith
Gruff,Bella
Gruff,Rokesmith
Gruff,Stranded
Gruff,Bella
Bella,John Rokesmith
Bella,John Rokesmith
Bella,John Rokesmith
Bella,Rokesmith
Bella,Stranded
Bella,Gruff
Gruff,Glum
Gruff,Glum
Glum,Gruff
Glum,Gruff
Gruff,Glum
Gruff,Glum
Glum,Gruff
Glum,Gruff
Gruff,Glum
Glum,Gruff
John Rokesmith,Gruff
John Rokesmith,Glum
John Rokesmith,Bella
Gruff,John Rokesmith
Gruff,Glum
Gruff,Bella
Glum,John Rokesmith
Glum,Gruff
Glum,Bella
Bella,John Rokesmith
Bella,Gruff
Bella,Glum
Glum,Gruff
Gruff,Glum
Gruff,Glum
Glum,Gruff
John,Gruff
John,Glum
Gruff,John
Gruff,Glum
Gruff,John
Glum,John
Glum,Gruff
Glum,John
John,Gruff
John,Glum
Bella Wilfer,Mrs John Rokesmith
Bella Wilfer,Gruff
Bella Wilfer,Glum
Mrs John Rokesmith,Bella Wilfer
Mrs John Rokesmith,Gruff
Mrs John Rokesmith,Glum
Gruff,Bella Wilfer
Gruff,Mrs John Rokesmith
Gruff,Glum
Glum,Bella Wilfer
Glum,Mrs John Rokesmith
Glum,Gruff
Bella,John
John,Bella
John Rokesmith,Her Gracious Majesty
John Rokesmith,Bella
Her Gracious Majesty,John Rokesmith
Her Gracious Majesty,Bella
Bella,John Rokesmith
Bella,Her Gracious Majesty
John,Bella
John,Bella
John,Pa
Bella,John
Bella,John
Bella,Pa
Bella,John
Bella,John
Bella,Pa
John,Bella
John,Bella
John,Pa
Pa,John
Pa,Bella
Pa,Bella
Pa,John
Glum,Bella
Glum,Gruff
Bella,Glum
Bella,Gruff
Bella,Glum
Gruff,Glum
Gruff,Bella
Gruff,Glum
Glum,Bella
Glum,Gruff
Glum,Bella
Glum,Answered Gruff
Glum,Gruff
Bella,Glum
Bella,Answered Gruff
Bella,Glum
Bella,Gruff
Answered Gruff,Glum
Answered Gruff,Bella
Answered Gruff,Glum
Answered Gruff,Gruff
Glum,Bella
Glum,Answered Gruff
Glum,Gruff
Gruff,Glum
Gruff,Bella
Gruff,Answered Gruff
Gruff,Glum
Bella,John
John,Bella
Bella,John Rokesmith
Bella,Likewise
Bella,John
John Rokesmith,Bella
John Rokesmith,Likewise
John Rokesmith,John
Likewise,Bella
Likewise,John Rokesmith
Likewise,John
John,Bella
John,John Rokesmith
John,Likewise
Arabian Nights,Bliss
Bliss,Arabian Nights
Bella,John
Bella,Grace
John,Bella
John,Grace
Grace,Bella
Grace,John
Bella,Him
Him,Bella
Whereunto,Bella
Whereunto,John
Bella,Whereunto
Bella,John
John,Whereunto
John,Bella
Wilfer,Miss Lavinia
Wilfer,George Sampson
Miss Lavinia,Wilfer
Miss Lavinia,George Sampson
George Sampson,Wilfer
George Sampson,Miss Lavinia
Mrs Wilfer,Bella
Bella,Mrs Wilfer
Mrs Wilfer,Bella
Bella,Mrs Wilfer
Bella,Mrs Wilfer
Mrs Wilfer,Bella
Mrs Wilfer,Bella
Bella,Mrs Wilfer
Bella,Mrs Wilfer
Mrs Wilfer,Bella
Mrs Wilfer,Bella
Bella,Mrs Wilfer
Hopes Ma,John Rokesmith
John Rokesmith,Hopes Ma
Mrs Wilfer,John Rokesmith
John Rokesmith,Mrs Wilfer
Lavvy,George Sampson
George Sampson,Lavvy
Wilfer,George
George,Wilfer
Bella,George
Bella,George
Bella,Lavvy
Bella,George
Bella,Lavvy
George,Bella
George,Lavvy
George,Lavvy
George,Bella
George,Lavvy
George,Lavvy
Lavvy,Bella
Lavvy,George
Lavvy,George
Lavvy,George
George,Bella
George,Lavvy
George,Lavvy
Lavvy,Bella
Lavvy,George
Lavvy,George
Lavvy,George
Mrs Wilfer,Viper
Viper,Mrs Wilfer
Wilfer,Miss Lavinia
Miss Lavinia,Wilfer
George,Miss Lavinia
George,Sampson
George,Mrs Wilfer
Miss Lavinia,George
Miss Lavinia,George
Miss Lavinia,George
Miss Lavinia,George
Miss Lavinia,George
Miss Lavinia,Sampson
Miss Lavinia,Mrs Wilfer
George,Miss Lavinia
George,Sampson
George,Mrs Wilfer
George,Miss Lavinia
George,Sampson
George,Mrs Wilfer
George,Miss Lavinia
George,Sampson
George,Mrs Wilfer
George,Miss Lavinia
George,Sampson
George,Mrs Wilfer
Sampson,George
Sampson,Miss Lavinia
Sampson,George
Sampson,George
Sampson,George
Sampson,George
Sampson,Mrs Wilfer
Mrs Wilfer,George
Mrs Wilfer,Miss Lavinia
Mrs Wilfer,George
Mrs Wilfer,George
Mrs Wilfer,George
Mrs Wilfer,George
Mrs Wilfer,Sampson
George,Sampson
George,Miss Lavvy
George,Sampson
Sampson,George
Sampson,Miss Lavvy
Sampson,George
Miss Lavvy,George
Miss Lavvy,Sampson
Miss Lavvy,Sampson
Miss Lavvy,George
Sampson,George
Sampson,Miss Lavvy
Sampson,George
George,Sampson
George,Miss Lavvy
George,Sampson
Miss Lavinia,Mrs Wilfer
Miss Lavinia,George Sampson
Miss Lavinia,Wilfer
Miss Lavinia,Sampson
Mrs Wilfer,Miss Lavinia
Mrs Wilfer,George Sampson
Mrs Wilfer,Miss Lavinia
Mrs Wilfer,Wilfer
Mrs Wilfer,Sampson
George Sampson,Miss Lavinia
George Sampson,Mrs Wilfer
George Sampson,Miss Lavinia
George Sampson,Wilfer
George Sampson,Sampson
Miss Lavinia,Mrs Wilfer
Miss Lavinia,George Sampson
Miss Lavinia,Wilfer
Miss Lavinia,Sampson
Wilfer,Miss Lavinia
Wilfer,Mrs Wilfer
Wilfer,George Sampson
Wilfer,Miss Lavinia
Wilfer,Sampson
Sampson,Miss Lavinia
Sampson,Mrs Wilfer
Sampson,George Sampson
Sampson,Miss Lavinia
Sampson,Wilfer
George,Lavvy
Lavvy,George
Sampson,Mrs Wilfer
Mrs Wilfer,Sampson
Mrs Wilfer,Sampson
Mrs Wilfer,Mrs Boffin
Mrs Wilfer,Bella
Mrs Wilfer,Bella
Mrs Wilfer,Bella
Sampson,Mrs Wilfer
Sampson,Mrs Boffin
Sampson,Bella
Sampson,Bella
Sampson,Bella
Mrs Boffin,Mrs Wilfer
Mrs Boffin,Sampson
Mrs Boffin,Bella
Mrs Boffin,Bella
Mrs Boffin,Bella
Bella,Mrs Wilfer
Bella,Sampson
Bella,Mrs Boffin
Bella,Mrs Wilfer
Bella,Sampson
Bella,Mrs Boffin
Bella,Mrs Wilfer
Bella,Sampson
Bella,Mrs Boffin
George,Bella
George,Bella
Bella,George
Bella,George
Sampson,Miss Lavvy
Sampson,George
Miss Lavvy,Sampson
Miss Lavvy,George
George,Sampson
George,Miss Lavvy
Dearest Ma,George Sampson
Dearest Ma,John
Dearest Ma,Lavvy
George Sampson,Dearest Ma
George Sampson,John
George Sampson,Lavvy
John,Dearest Ma
John,George Sampson
John,Lavvy
Lavvy,Dearest Ma
Lavvy,George Sampson
Lavvy,John
Wilfer,Miss Lavinia
Wilfer,Bella
Miss Lavinia,Wilfer
Miss Lavinia,Bella
Bella,Wilfer
Bella,Miss Lavinia
Dearest Ma,Lavvy
Dearest Ma,John
Dearest Ma,John
Dearest Ma,John
Dearest Ma,Lavvy
Dearest Ma,John
Dearest Ma,John
Dearest Ma,Lavvy
Dearest Ma,Didn
Lavvy,Dearest Ma
Lavvy,John
Lavvy,John
Lavvy,John
Lavvy,John
Lavvy,John
Lavvy,Didn
John,Dearest Ma
John,Lavvy
John,Lavvy
John,Lavvy
John,Didn
John,Dearest Ma
John,Lavvy
John,Lavvy
John,Lavvy
John,Didn
John,Dearest Ma
John,Lavvy
John,Lavvy
John,Lavvy
John,Didn
Lavvy,Dearest Ma
Lavvy,John
Lavvy,John
Lavvy,John
Lavvy,John
Lavvy,John
Lavvy,Didn
John,Dearest Ma
John,Lavvy
John,Lavvy
John,Lavvy
John,Didn
John,Dearest Ma
John,Lavvy
John,Lavvy
John,Lavvy
John,Didn
Lavvy,Dearest Ma
Lavvy,John
Lavvy,John
Lavvy,John
Lavvy,John
Lavvy,John
Lavvy,Didn
Didn,Dearest Ma
Didn,Lavvy
Didn,John
Didn,John
Didn,John
Didn,Lavvy
Didn,John
Didn,John
Didn,Lavvy
Lavvy,John
Lavvy,John
John,Lavvy
John,Lavvy
John,Lavvy
John,Lavvy
Lavvy,John
Lavvy,John
Sir,John
John,Sir
Lavvy,John
John,Lavvy
Wilfer,Miss Lavinia
Wilfer,Sampson
Wilfer,Rokesmith
Wilfer,Rokesmith
Miss Lavinia,Wilfer
Miss Lavinia,Sampson
Miss Lavinia,Rokesmith
Miss Lavinia,Rokesmith
Sampson,Wilfer
Sampson,Miss Lavinia
Sampson,Rokesmith
Sampson,Rokesmith
Rokesmith,Wilfer
Rokesmith,Miss Lavinia
Rokesmith,Sampson
Rokesmith,Wilfer
Rokesmith,Miss Lavinia
Rokesmith,Sampson
Bella,John
John,Bella
Dear John,John
Dear John,John
John,Dear John
John,Dear John
John,Bella
John,Mrs J. R.
John,Miss B. W.
Bella,John
Bella,Mrs J. R.
Bella,Miss B. W.
Mrs J. R.,John
Mrs J. R.,Bella
Mrs J. R.,Miss B. W.
Miss B. W.,John
Miss B. W.,Bella
Miss B. W.,Mrs J. R.
John Rokesmith,John
John Rokesmith,John
John Rokesmith,Algebra
John Rokesmith,Wonderful
John Rokesmith,John
John Rokesmith,John
John,John Rokesmith
John,Algebra
John,Wonderful
John,John Rokesmith
John,Algebra
John,Wonderful
Algebra,John Rokesmith
Algebra,John
Algebra,John
Algebra,Wonderful
Algebra,John
Algebra,John
Wonderful,John Rokesmith
Wonderful,John
Wonderful,John
Wonderful,Algebra
Wonderful,John
Wonderful,John
John,John Rokesmith
John,Algebra
John,Wonderful
John,John Rokesmith
John,Algebra
John,Wonderful
John,Bella
Bella,John
Bella,John
John,Bella
Rich,John
John,Rich
Regret,Bella
Regret,Mrs Boffin
Bella,Regret
Bella,Mrs Boffin
Mrs Boffin,Regret
Mrs Boffin,Bella
Pa,Bella
Bella,Pa
Bella,John
Bella,Shut
Bella,John
Bella,Shut
John,Bella
John,Bella
John,Shut
Shut,Bella
Shut,Bella
Shut,John
Pa,John
John,Pa
Lizzie Hexam,John
John,Lizzie Hexam
John,Good
Good,John
Bella,John
John,Bella
John,Bella
Bella,John
John,Bella
Bella,John
Bella,John
John,Bella
Bella,John
John,Bella
John,Pa
Pa,John
English,Wellington
English,Pig
Wellington,English
Wellington,Pig
Pig,English
Pig,Wellington
Such,Eugene Wrayburn
Eugene Wrayburn,Such
Man,Mutton
Mutton,Man
Faith,Eugene
Eugene,Faith
Heaven,Eugene
Eugene,Heaven
Halloa,Eugene
Eugene,Halloa
Eugene,Wrayburn
Wrayburn,Eugene
O,Lord
O,Lord God
Lord,O
Lord,Lord God
Lord God,O
Lord God,Lord
O,Lord God
Lord God,O
Don,Poor
Poor,Don
Bargeman,Bradley Headstone
Bradley Headstone,Bargeman
Rogue,Riderhood
Riderhood,Rogue
Bradley,Riderhood
Riderhood,Bradley
Riderhood,Bradley
Bradley,Riderhood
Bradley,Riderhood
Riderhood,Bradley
Riderhood,Bradley
Bradley,Riderhood
Bradley,Riderhood
Riderhood,Bradley
Riderhood,How
How,Riderhood
Riderhood,T
T,Riderhood
Bradley,Headstone
Headstone,Bradley
Bradley,Riderhood
Bradley,Riderhood
Riderhood,Bradley
Riderhood,Bradley
Bradley Headstone,Riderhood
Bradley Headstone,Riderhood
Bradley Headstone,Riderhood
Bradley Headstone,Bradley
Riderhood,Bradley Headstone
Riderhood,Bradley
Riderhood,Bradley Headstone
Riderhood,Bradley
Riderhood,Bradley Headstone
Riderhood,Bradley
Bradley,Bradley Headstone
Bradley,Riderhood
Bradley,Riderhood
Bradley,Riderhood
Bradley,Lock
Lock,Bradley
Lock,Bradley
Bradley,Lock
Riderhood,George
George,Riderhood
George,Riderhood
Riderhood,George
Bradley,Riderhood
Bradley,Riderhood
Riderhood,Bradley
Riderhood,Bradley
Riderhood,Bradley
Riderhood,Bradley
Bradley,Riderhood
Bradley,Riderhood
Charley,Hexam
Charley,Bradley
Charley,Mary Anne
Hexam,Charley
Hexam,Bradley
Hexam,Mary Anne
Bradley,Charley
Bradley,Hexam
Bradley,Mary Anne
Mary Anne,Charley
Mary Anne,Hexam
Mary Anne,Bradley
Young,Bradley
Bradley,Young
Bradley,Hexam
Hexam,Bradley
Hexam,Bradley
Bradley,Hexam
Rogue,Riderhood
Rogue,Plashwater Weir Mill
Riderhood,Rogue
Riderhood,Plashwater Weir Mill
Plashwater Weir Mill,Rogue
Plashwater Weir Mill,Riderhood
Miss,Wren
Wren,Miss
Navy,Miss Wren
Miss Wren,Navy
Miss Wren,Mine
Mine,Miss Wren
Miss Jenny,Miss Wren
Miss Wren,Miss Jenny
Little Eyes,Pubsey
Pubsey,Little Eyes
Pubsey,Little Eyes
Little Eyes,Pubsey
Fledgeby,Miss Jenny
Miss Jenny,Fledgeby
Fledgeby,Miss Jenny
Fledgeby,Judah
Fledgeby,Judah
Miss Jenny,Fledgeby
Miss Jenny,Judah
Miss Jenny,Judah
Miss Jenny,Fledgeby
Judah,Fledgeby
Judah,Miss Jenny
Judah,Fledgeby
Judah,Fledgeby
Judah,Miss Jenny
Judah,Fledgeby
Fledgeby,Miss Jenny
Fledgeby,Judah
Fledgeby,Judah
Fledgeby,Judah
Judah,Fledgeby
Judah,Fledgeby
Fledgeby,Judah
Miss,Jenny Wren
Jenny Wren,Miss
Albany,Piccadilly
Albany,Fledgeby
Piccadilly,Albany
Piccadilly,Fledgeby
Fledgeby,Albany
Fledgeby,Piccadilly
Fledgeby,Miss Jenny
Miss Jenny,Fledgeby
Misty,Little Eyes Pubsey
Misty,Pubsey
Misty,Little Eyes
Misty,Piccadilly
Little Eyes Pubsey,Misty
Little Eyes Pubsey,Pubsey
Little Eyes Pubsey,Little Eyes
Little Eyes Pubsey,Piccadilly
Pubsey,Misty
Pubsey,Little Eyes Pubsey
Pubsey,Little Eyes
Pubsey,Piccadilly
Little Eyes,Misty
Little Eyes,Little Eyes Pubsey
Little Eyes,Pubsey
Little Eyes,Piccadilly
Piccadilly,Misty
Piccadilly,Little Eyes Pubsey
Piccadilly,Pubsey
Piccadilly,Little Eyes
Miss,Wren
Miss,Miss Wren
Wren,Miss
Wren,Miss Wren
Miss Wren,Miss
Miss Wren,Wren
Miss Wren,Don
Don,Miss Wren
Miss Jenny,Lammle
Miss Jenny,Lammle
Miss Jenny,Jenny
Miss Jenny,Lammle
Miss Jenny,Lammle
Miss Jenny,Saint Mary Axe
Miss Jenny,Lammle
Miss Jenny,Lammle
Miss Jenny,Jenny
Miss Jenny,Lammle
Miss Jenny,Lammle
Miss Jenny,Saint Mary Axe
Lammle,Miss Jenny
Lammle,Miss Jenny
Lammle,Jenny
Lammle,Saint Mary Axe
Lammle,Miss Jenny
Lammle,Miss Jenny
Lammle,Jenny
Lammle,Saint Mary Axe
Jenny,Miss Jenny
Jenny,Miss Jenny
Jenny,Lammle
Jenny,Lammle
Jenny,Lammle
Jenny,Lammle
Jenny,Saint Mary Axe
Lammle,Miss Jenny
Lammle,Miss Jenny
Lammle,Jenny
Lammle,Saint Mary Axe
Lammle,Miss Jenny
Lammle,Miss Jenny
Lammle,Jenny
Lammle,Saint Mary Axe
Saint Mary Axe,Miss Jenny
Saint Mary Axe,Miss Jenny
Saint Mary Axe,Lammle
Saint Mary Axe,Lammle
Saint Mary Axe,Jenny
Saint Mary Axe,Lammle
Saint Mary Axe,Lammle
Little Eyes,Miss Jenny
Miss Jenny,Little Eyes
Miss Jenny,Fledgeby
Fledgeby,Miss Jenny
Fledgeby,Lammle
Lammle,Fledgeby
Lammle,Jenny
Jenny,Lammle
Fledgeby,Don
Don,Fledgeby
Fledgeby,Miss Jenny
Miss Jenny,Fledgeby
Miss,Jenny
Jenny,Miss
Miss,Jenny
Miss,Miss Jenny
Jenny,Miss
Jenny,Miss Jenny
Miss Jenny,Miss
Miss Jenny,Jenny
Miss Jenny,Albany
Miss Jenny,Saint Mary Axe
Albany,Miss Jenny
Albany,Saint Mary Axe
Saint Mary Axe,Miss Jenny
Saint Mary Axe,Albany
Jenny,Riah
Riah,Jenny
Miss Wren,Jenny
Jenny,Miss Wren
Jenny,Riah
Riah,Jenny
Miss Wren,Listen
Miss Wren,Little Eyes
Miss Wren,Little Eyes
Miss Wren,Little Eyes
Miss Wren,Cayenne
Miss Wren,Capsicum
Listen,Miss Wren
Listen,Little Eyes
Listen,Little Eyes
Listen,Little Eyes
Listen,Cayenne
Listen,Capsicum
Little Eyes,Miss Wren
Little Eyes,Listen
Little Eyes,Cayenne
Little Eyes,Capsicum
Little Eyes,Miss Wren
Little Eyes,Listen
Little Eyes,Cayenne
Little Eyes,Capsicum
Little Eyes,Miss Wren
Little Eyes,Listen
Little Eyes,Cayenne
Little Eyes,Capsicum
Cayenne,Miss Wren
Cayenne,Listen
Cayenne,Little Eyes
Cayenne,Little Eyes
Cayenne,Little Eyes
Cayenne,Capsicum
Capsicum,Miss Wren
Capsicum,Listen
Capsicum,Little Eyes
Capsicum,Little Eyes
Capsicum,Little Eyes
Capsicum,Cayenne
Miss Wren,Little Eyes
Little Eyes,Miss Wren
Verily,Jenny
Jenny,Verily
Jenny,Lizzie
Lizzie,Jenny
Young Blight,Dolls
Dolls,Young Blight
None,Jenny
Jenny,None
Miss Jenny,Humph
Miss Jenny,Humph
Humph,Miss Jenny
Humph,Miss Jenny
Miss Jenny,Jack Robinson
Miss Jenny,Jack Robinson
Jack Robinson,Miss Jenny
Jack Robinson,Miss Jenny
Miss Jenny,Lizzie Hexam
Lizzie Hexam,Miss Jenny
Time,Eugene Wrayburn
Eugene Wrayburn,Time
Lightwood,Lizzie
Lizzie,Lightwood
Jew,Mortimer Lightwood
Mortimer Lightwood,Jew
Mortimer Lightwood,Eugene
Eugene,Mortimer Lightwood
Jenny,Lightwood
Lightwood,Jenny
Jenny,Eugene
Eugene,Jenny
Jenny,Lightwood
Lightwood,Jenny
Tut,Eugene
Eugene,Tut
Don,Bradley Headstone
Don,Bradley Headstone
Don,Bradley Headstone
Bradley Headstone,Don
Bradley Headstone,Don
Bradley Headstone,Don
Don,Lizzie
Lizzie,Don
Lightwood,Eugene
Eugene,Lightwood
Eugene,Miss Jenny
Miss Jenny,Eugene
Lightwood,Lizzie
Lizzie,Lightwood
Miss,Jenny
Miss,Lightwood
Jenny,Miss
Jenny,Lightwood
Lightwood,Miss
Lightwood,Jenny
Jenny,Eugene
Eugene,Jenny
John Rokesmith,Miss Wren
John Rokesmith,Mrs John Rokesmith
John Rokesmith,Love
Miss Wren,John Rokesmith
Miss Wren,Mrs John Rokesmith
Miss Wren,Love
Miss Wren,John Rokesmith
Mrs John Rokesmith,John Rokesmith
Mrs John Rokesmith,Miss Wren
Mrs John Rokesmith,Love
Mrs John Rokesmith,John Rokesmith
Love,John Rokesmith
Love,Miss Wren
Love,Mrs John Rokesmith
Love,John Rokesmith
John Rokesmith,Miss Wren
John Rokesmith,Mrs John Rokesmith
John Rokesmith,Love
John,Mrs John
Mrs John,John
John,Bella
John,Bella
Bella,John
Bella,John
Mrs Rokesmith,Miss Wilfer
Mrs Rokesmith,Lightwood
Mrs Rokesmith,Lizzie Hexam
Mrs Rokesmith,Mrs John Rokesmith
Miss Wilfer,Mrs Rokesmith
Miss Wilfer,Lightwood
Miss Wilfer,Lizzie Hexam
Miss Wilfer,Mrs John Rokesmith
Lightwood,Mrs Rokesmith
Lightwood,Miss Wilfer
Lightwood,Lizzie Hexam
Lightwood,Mrs John Rokesmith
Lizzie Hexam,Mrs Rokesmith
Lizzie Hexam,Miss Wilfer
Lizzie Hexam,Lightwood
Lizzie Hexam,Mrs John Rokesmith
Mrs John Rokesmith,Mrs Rokesmith
Mrs John Rokesmith,Miss Wilfer
Mrs John Rokesmith,Lightwood
Mrs John Rokesmith,Lizzie Hexam
John,Bella
Bella,John
Don,John
Don,Bella
John,Don
John,Bella
Bella,Don
Bella,John
John,Bella
John,Don
Bella,John
Bella,Don
Don,John
Don,Bella
John,Bella
Bella,John
John,Don
Don,John
Don,John
Don,John
John,Don
John,Don
Bella,John
John,Bella
Lightwood,Margaretta
Margaretta,Lightwood
Margaretta,Lightwood
Lightwood,Margaretta
David,Mrs Milvey
David,Mrs Sprodgkin
Mrs Milvey,David
Mrs Milvey,Mrs Sprodgkin
Mrs Sprodgkin,David
Mrs Sprodgkin,Mrs Milvey
Lightwood,Margaretta
Lightwood,Mrs
Lightwood,Milvey
Lightwood,Sprodgkin
Lightwood,Whom
Lightwood,Mrs Milvey
Lightwood,Sprodgkin
Lightwood,Sally
Lightwood,Mrs Sprodgkin
Lightwood,Mrs Sprodgkin
Lightwood,Mrs Milvey
Margaretta,Lightwood
Margaretta,Mrs
Margaretta,Milvey
Margaretta,Sprodgkin
Margaretta,Whom
Margaretta,Mrs Milvey
Margaretta,Sprodgkin
Margaretta,Sally
Margaretta,Mrs Sprodgkin
Margaretta,Mrs Sprodgkin
Margaretta,Mrs Milvey
Mrs,Lightwood
Mrs,Margaretta
Mrs,Milvey
Mrs,Sprodgkin
Mrs,Whom
Mrs,Mrs Milvey
Mrs,Sprodgkin
Mrs,Sally
Mrs,Mrs Sprodgkin
Mrs,Mrs Sprodgkin
Mrs,Mrs Milvey
Milvey,Lightwood
Milvey,Margaretta
Milvey,Mrs
Milvey,Sprodgkin
Milvey,Whom
Milvey,Mrs Milvey
Milvey,Sprodgkin
Milvey,Sally
Milvey,Mrs Sprodgkin
Milvey,Mrs Sprodgkin
Milvey,Mrs Milvey
Sprodgkin,Lightwood
Sprodgkin,Margaretta
Sprodgkin,Mrs
Sprodgkin,Milvey
Sprodgkin,Whom
Sprodgkin,Mrs Milvey
Sprodgkin,Sally
Sprodgkin,Mrs Sprodgkin
Sprodgkin,Mrs Sprodgkin
Sprodgkin,Mrs Milvey
Whom,Lightwood
Whom,Margaretta
Whom,Mrs
Whom,Milvey
Whom,Sprodgkin
Whom,Mrs Milvey
Whom,Sprodgkin
Whom,Sally
Whom,Mrs Sprodgkin
Whom,Mrs Sprodgkin
Whom,Mrs Milvey
Mrs Milvey,Lightwood
Mrs Milvey,Margaretta
Mrs Milvey,Mrs
Mrs Milvey,Milvey
Mrs Milvey,Sprodgkin
Mrs Milvey,Whom
Mrs Milvey,Sprodgkin
Mrs Milvey,Sally
Mrs Milvey,Mrs Sprodgkin
Mrs Milvey,Mrs Sprodgkin
Sprodgkin,Lightwood
Sprodgkin,Margaretta
Sprodgkin,Mrs
Sprodgkin,Milvey
Sprodgkin,Whom
Sprodgkin,Mrs Milvey
Sprodgkin,Sally
Sprodgkin,Mrs Sprodgkin
Sprodgkin,Mrs Sprodgkin
Sprodgkin,Mrs Milvey
Sally,Lightwood
Sally,Margaretta
Sally,Mrs
Sally,Milvey
Sally,Sprodgkin
Sally,Whom
Sally,Mrs Milvey
Sally,Sprodgkin
Sally,Mrs Sprodgkin
Sally,Mrs Sprodgkin
Sally,Mrs Milvey
Mrs Sprodgkin,Lightwood
Mrs Sprodgkin,Margaretta
Mrs Sprodgkin,Mrs
Mrs Sprodgkin,Milvey
Mrs Sprodgkin,Sprodgkin
Mrs Sprodgkin,Whom
Mrs Sprodgkin,Mrs Milvey
Mrs Sprodgkin,Sprodgkin
Mrs Sprodgkin,Sally
Mrs Sprodgkin,Mrs Milvey
Mrs Sprodgkin,Lightwood
Mrs Sprodgkin,Margaretta
Mrs Sprodgkin,Mrs
Mrs Sprodgkin,Milvey
Mrs Sprodgkin,Sprodgkin
Mrs Sprodgkin,Whom
Mrs Sprodgkin,Mrs Milvey
Mrs Sprodgkin,Sprodgkin
Mrs Sprodgkin,Sally
Mrs Sprodgkin,Mrs Milvey
Mrs Milvey,Lightwood
Mrs Milvey,Margaretta
Mrs Milvey,Mrs
Mrs Milvey,Milvey
Mrs Milvey,Sprodgkin
Mrs Milvey,Whom
Mrs Milvey,Sprodgkin
Mrs Milvey,Sally
Mrs Milvey,Mrs Sprodgkin
Mrs Milvey,Mrs Sprodgkin
Mrs Milvey,Rokesmith
Rokesmith,Mrs Milvey
Bella,Milvey
Milvey,Bella
Mrs Milvey,Frank NEVER
Mrs Milvey,Frank
Frank NEVER,Mrs Milvey
Frank NEVER,Frank
Frank,Mrs Milvey
Frank,Frank NEVER
Lightwood,Mrs Milvey
Lightwood,Lizzie Hexam
Lightwood,Milvey
Mrs Milvey,Lightwood
Mrs Milvey,Lizzie Hexam
Mrs Milvey,Lightwood
Mrs Milvey,Milvey
Lizzie Hexam,Lightwood
Lizzie Hexam,Mrs Milvey
Lizzie Hexam,Lightwood
Lizzie Hexam,Milvey
Lightwood,Mrs Milvey
Lightwood,Lizzie Hexam
Lightwood,Milvey
Milvey,Lightwood
Milvey,Mrs Milvey
Milvey,Lizzie Hexam
Milvey,Lightwood
Bradley,Headstone
Bradley,Milvey
Headstone,Bradley
Headstone,Milvey
Milvey,Bradley
Milvey,Headstone
Eugene,Lightwood
Lightwood,Eugene
Bella,Lizzie
Bella,John
Bella,Term
Lizzie,Bella
Lizzie,Bella
Lizzie,John
Lizzie,Term
Bella,Lizzie
Bella,John
Bella,Term
John,Bella
John,Lizzie
John,Bella
John,Term
Term,Bella
Term,Lizzie
Term,Bella
Term,John
Eugene,Lizzie
Lizzie,Eugene
Eugene,Lizzie
Lizzie,Eugene
Milvey,Bella
Bella,Milvey
Bella,Milvey
Bella,Milvey
Milvey,Bella
Milvey,Bella
Eugene,Lizzie
Lizzie,Eugene
Lizzie,Eugene
Eugene,Lizzie
Lizzie,Eugene
Eugene,Lizzie
Mrs John Rokesmith,John Rokesmith
John Rokesmith,Mrs John Rokesmith
John,Bella
Bella,John
John,Bella
John,Lightwood
Bella,John
Bella,Lightwood
Lightwood,John
Lightwood,Bella
Lightwood,Julius Handford
Julius Handford,Lightwood
Julius,Bella
Julius,Boffin
Julius,Julius Handford
Bella,Julius
Bella,Boffin
Bella,Julius Handford
Boffin,Julius
Boffin,Bella
Boffin,Julius Handford
Julius Handford,Julius
Julius Handford,Bella
Julius Handford,Boffin
Lightwood,Julius Handford
Julius Handford,Lightwood
Sir,Lightwood
Lightwood,Sir
Don,Rokesmith
Rokesmith,Don
Lightwood,Bella
Lightwood,Bella
Bella,Lightwood
Bella,Lightwood
Bella,John
John,Bella
Bella,John
Bella,John
Bella,John
Bella,John
Bella,John
John,Bella
John,Bella
John,Bella
John,Bella
John,Bella
John,Bella
John,Bella
John,Bella
Bella,John
Bella,John
Bella,John
Bella,John
Bella,John
John,Bella
John,Bella
John,Bella
Bella,John
Royal Arms,Miss Abbey
Miss Abbey,Royal Arms
Bella,John
Bella,Cosy
John,Bella
John,Cosy
Cosy,Bella
Cosy,John
John,Identification
Identification,John
Potterson,Jacob Kibble
Jacob Kibble,Potterson
Miss Abbey,Steward
Steward,Miss Abbey
Kibble,Potterson
Kibble,Potterson
Kibble,Potterson
Kibble,Bella
Kibble,Sharp
Potterson,Kibble
Potterson,Bella
Potterson,Sharp
Potterson,Kibble
Potterson,Bella
Potterson,Sharp
Potterson,Kibble
Potterson,Bella
Potterson,Sharp
Bella,Kibble
Bella,Potterson
Bella,Potterson
Bella,Potterson
Bella,Sharp
Sharp,Kibble
Sharp,Potterson
Sharp,Potterson
Sharp,Potterson
Sharp,Bella
John,Bella
Bella,John
John,Bella
Bella,John
Bella,John
Bella,John
John,Bella
John,Bella
John,Bella
Bella,John
John,Bella
Bella,John
Bella,Boffin
Boffin,Bella
John,Bella
Bella,John
John,Bella
Bella,John
John,Bella
Bella,John
Behold,Mrs Boffin
Behold,Behold Mrs Boffin
Behold,Noddy
Behold,John
Behold,Pretty Pretty
Mrs Boffin,Behold
Mrs Boffin,Behold Mrs Boffin
Mrs Boffin,Noddy
Mrs Boffin,John
Mrs Boffin,Pretty Pretty
Behold Mrs Boffin,Behold
Behold Mrs Boffin,Mrs Boffin
Behold Mrs Boffin,Noddy
Behold Mrs Boffin,John
Behold Mrs Boffin,Pretty Pretty
Noddy,Behold
Noddy,Mrs Boffin
Noddy,Behold Mrs Boffin
Noddy,John
Noddy,Pretty Pretty
John,Behold
John,Mrs Boffin
John,Behold Mrs Boffin
John,Noddy
John,Pretty Pretty
Pretty Pretty,Behold
Pretty Pretty,Mrs Boffin
Pretty Pretty,Behold Mrs Boffin
Pretty Pretty,Noddy
Pretty Pretty,John
Bella,John
Bella,John
John,Bella
John,Bella
Boffin,Bella
Boffin,John
Bella,Boffin
Bella,John
Bella,Boffin
Bella,Boffin
John,Boffin
John,Bella
John,Boffin
John,Boffin
Boffin,Bella
Boffin,John
Boffin,Bella
Boffin,John
Noddy,Mrs Boffin
Noddy,Bella
Mrs Boffin,Noddy
Mrs Boffin,Bella
Bella,Noddy
Bella,Mrs Boffin
John,Bella
Bella,John
Mrs Boffin,John
John,Mrs Boffin
Mrs Boffin,Didn
Mrs Boffin,Noddy
Didn,Mrs Boffin
Didn,Noddy
Noddy,Mrs Boffin
Noddy,Didn
Harkee,Mrs Boffin
Harkee,Bella
Harkee,John
Harkee,John
Harkee,Noddy
Harkee,John
Harkee,Mrs Boffin
Mrs Boffin,Harkee
Mrs Boffin,Bella
Mrs Boffin,John
Mrs Boffin,John
Mrs Boffin,Noddy
Mrs Boffin,John
Bella,Harkee
Bella,Mrs Boffin
Bella,John
Bella,John
Bella,Noddy
Bella,John
Bella,Mrs Boffin
John,Harkee
John,Mrs Boffin
John,Bella
John,Noddy
John,Mrs Boffin
John,Harkee
John,Mrs Boffin
John,Bella
John,Noddy
John,Mrs Boffin
Noddy,Harkee
Noddy,Mrs Boffin
Noddy,Bella
Noddy,John
Noddy,John
Noddy,John
Noddy,Mrs Boffin
John,Harkee
John,Mrs Boffin
John,Bella
John,Noddy
John,Mrs Boffin
Mrs Boffin,Harkee
Mrs Boffin,Bella
Mrs Boffin,John
Mrs Boffin,John
Mrs Boffin,Noddy
Mrs Boffin,John
Don,Mrs Boffin
Mrs Boffin,Don
Mrs Boffin,John Harmon
Mrs Boffin,John Harmon
Mrs Boffin,John Harmon
Mrs Boffin,John Harmon
John Harmon,Mrs Boffin
John Harmon,Mrs Boffin
John Harmon,Mrs Boffin
John Harmon,Mrs Boffin
Mrs Boffin,John
John,Mrs Boffin
Mrs Boffin,John
Mrs Boffin,John
John,Mrs Boffin
John,Mrs Boffin
Mrs Boffin,John
Mrs Boffin,Noddy
John,Mrs Boffin
John,Noddy
Noddy,Mrs Boffin
Noddy,John
Mrs Boffin,Seems
Mrs Boffin,John
Mrs Boffin,John
Mrs Boffin,Noddy
Mrs Boffin,John
Mrs Boffin,John
Seems,Mrs Boffin
Seems,John
Seems,John
Seems,Noddy
Seems,John
Seems,John
John,Mrs Boffin
John,Seems
John,Noddy
John,Mrs Boffin
John,Seems
John,Noddy
Noddy,Mrs Boffin
Noddy,Seems
Noddy,John
Noddy,John
Noddy,John
Noddy,John
John,Mrs Boffin
John,Seems
John,Noddy
John,Mrs Boffin
John,Seems
John,Noddy
Mrs Boffin,John
Mrs Boffin,Noddy
John,Mrs Boffin
John,Noddy
Noddy,Mrs Boffin
Noddy,John
Don,Mrs Boffin
Mrs Boffin,Don
Don,Mrs Boffin
Don,John
Mrs Boffin,Don
Mrs Boffin,John
John,Don
John,Mrs Boffin
John,Mrs Boffin
Mrs Boffin,John
Mrs Boffin,John
Mrs Boffin,John
Mrs Boffin,John
John,Mrs Boffin
John,Mrs Boffin
John,Mrs Boffin
Noddy,Mrs Boffin
Noddy,John
Noddy,Mrs Boffin
Mrs Boffin,Noddy
Mrs Boffin,John
John,Noddy
John,Mrs Boffin
John,Mrs Boffin
Mrs Boffin,Noddy
Mrs Boffin,John
Mrs Boffin,Better
Mrs Boffin,John
Better,Mrs Boffin
Better,John
John,Mrs Boffin
John,Better
Mrs Boffin,John
Mrs Boffin,Noddy
John,Mrs Boffin
John,Noddy
Noddy,Mrs Boffin
Noddy,John
John,Bella
John,Bella
John,Hopkins
John,Dancer
John,Blackberry Jones
Bella,John
Bella,Hopkins
Bella,Dancer
Bella,Blackberry Jones
Bella,John
Bella,Hopkins
Bella,Dancer
Bella,Blackberry Jones
Hopkins,John
Hopkins,Bella
Hopkins,Bella
Hopkins,Dancer
Hopkins,Blackberry Jones
Dancer,John
Dancer,Bella
Dancer,Bella
Dancer,Hopkins
Dancer,Blackberry Jones
Blackberry Jones,John
Blackberry Jones,Bella
Blackberry Jones,Bella
Blackberry Jones,Hopkins
Blackberry Jones,Dancer
John,Silas Wegg
John,Wegg
John,Blackberry Jones
John,Blewberry
John,Silas Wegg
John,Silas Wegg
John,Wegg
John,Blackberry Jones
John,Blewberry
John,Silas Wegg
Silas Wegg,John
Silas Wegg,John
Silas Wegg,Wegg
Silas Wegg,Blackberry Jones
Silas Wegg,Blewberry
Wegg,John
Wegg,John
Wegg,Silas Wegg
Wegg,Blackberry Jones
Wegg,Blewberry
Wegg,Silas Wegg
Blackberry Jones,John
Blackberry Jones,John
Blackberry Jones,Silas Wegg
Blackberry Jones,Wegg
Blackberry Jones,Blewberry
Blackberry Jones,Silas Wegg
Blewberry,John
Blewberry,John
Blewberry,Silas Wegg
Blewberry,Wegg
Blewberry,Blackberry Jones
Blewberry,Silas Wegg
Silas Wegg,John
Silas Wegg,John
Silas Wegg,Wegg
Silas Wegg,Blackberry Jones
Silas Wegg,Blewberry
Ecod,Mrs John
Ecod,John
Mrs John,Ecod
Mrs John,John
John,Ecod
John,Mrs John
Boffin,John
Boffin,Mew
Boffin,John
Boffin,John
Boffin,Mew
Boffin,John
John,Boffin
John,Boffin
John,Mew
Mew,Boffin
Mew,Boffin
Mew,John
Mew,John
John,Boffin
John,Boffin
John,Mew
John,Mrs Boffin
Mrs Boffin,John
John Harmon,John Rokesmith
John Harmon,Boffin
John Harmon,John Rokesmith
John Harmon,Boffin
John Rokesmith,John Harmon
John Rokesmith,John Harmon
John Rokesmith,Boffin
Boffin,John Harmon
Boffin,John Harmon
Boffin,John Rokesmith
John Harmon,Boffin
John Harmon,Bella
John Harmon,Boffin
John Harmon,Bella
Boffin,John Harmon
Boffin,John Harmon
Boffin,Bella
Boffin,John Harmon
Bella,John Harmon
Bella,John Harmon
Bella,Boffin
Bella,John Harmon
John Harmon,Boffin
John Harmon,Bella
Bella,Peace
Peace,Bella
Noddy,Mrs Boffin
Mrs Boffin,Noddy
John Harmon,Mound
John Harmon,Boffin
John Harmon,Bower
John Harmon,Wegg
Mound,John Harmon
Mound,Boffin
Mound,Bower
Mound,Wegg
Boffin,John Harmon
Boffin,Mound
Boffin,Bower
Boffin,Wegg
Bower,John Harmon
Bower,Mound
Bower,Boffin
Bower,Wegg
Wegg,John Harmon
Wegg,Mound
Wegg,Boffin
Wegg,Bower
Silas,Harmony Jail
Harmony Jail,Silas
Wegg,Silas
Silas,Wegg
Wegg,Boffin
Wegg,Boffin
Boffin,Wegg
Boffin,Wegg
Boffin,Wegg
Boffin,Wegg
Wegg,Boffin
Wegg,Boffin
Venus,Wegg
Wegg,Venus
Venus,Miss Pleasant Riderhood
Miss Pleasant Riderhood,Venus
Sir,Venus
Venus,Sir
Sir,Venus
Venus,Sir
Venus,Boffin
Venus,Boffin
Boffin,Venus
Boffin,Venus
Venus,Door
Venus,Door
Door,Venus
Door,Venus
Wegg,Boffin
Boffin,Wegg
Wegg,Boffin
Wegg,Boffin
Boffin,Wegg
Boffin,Wegg
Wegg,Sloppy
Sloppy,Wegg
Sloppy,Mrs Higden
Mrs Higden,Sloppy
Boffin,Wegg
Wegg,Boffin
Certainly,Venus
Certainly,Silas Wegg
Venus,Certainly
Venus,Silas Wegg
Silas Wegg,Certainly
Silas Wegg,Venus
Silas Wegg,Venus
Venus,Silas Wegg
Venus,Wegg
Wegg,Venus
Venus,John
John,Venus
Venus,John Harmon
John Harmon,Venus
Wegg,Harmon
Wegg,Harmon
Harmon,Wegg
Harmon,Wegg
Wegg,Harmon
Wegg,Bof
Harmon,Wegg
Harmon,Bof
Bof,Wegg
Bof,Harmon
John Harmon,Venus
John Harmon,Sloppy
Venus,John Harmon
Venus,Sloppy
Sloppy,John Harmon
Sloppy,Venus
Mrs Boffin,John Harmon
Mrs Boffin,Wegg
John Harmon,Mrs Boffin
John Harmon,Wegg
Wegg,Mrs Boffin
Wegg,John Harmon
Pardon,Wegg
Wegg,Pardon
Miss Elizabeth,Master George
Miss Elizabeth,Aunt Jane
Miss Elizabeth,Uncle Parker
Master George,Miss Elizabeth
Master George,Aunt Jane
Master George,Uncle Parker
Aunt Jane,Miss Elizabeth
Aunt Jane,Master George
Aunt Jane,Uncle Parker
Uncle Parker,Miss Elizabeth
Uncle Parker,Master George
Uncle Parker,Aunt Jane
John Harmon,Wegg
John Harmon,Wegg
John Harmon,Sloppy
John Harmon,Sloppy
John Harmon,Sloppy
John Harmon,Silas Wegg
Wegg,John Harmon
Wegg,Sloppy
Wegg,Sloppy
Wegg,Sloppy
Wegg,Silas Wegg
Wegg,John Harmon
Wegg,Sloppy
Wegg,Sloppy
Wegg,Sloppy
Wegg,Silas Wegg
Sloppy,John Harmon
Sloppy,Wegg
Sloppy,Wegg
Sloppy,Silas Wegg
Sloppy,John Harmon
Sloppy,Wegg
Sloppy,Wegg
Sloppy,Silas Wegg
Sloppy,John Harmon
Sloppy,Wegg
Sloppy,Wegg
Sloppy,Silas Wegg
Silas Wegg,John Harmon
Silas Wegg,Wegg
Silas Wegg,Wegg
Silas Wegg,Sloppy
Silas Wegg,Sloppy
Silas Wegg,Sloppy
Time,Bradley
Bradley,Time
Eugene Wrayburn,Power
Power,Eugene Wrayburn
Riderhood,Hooroar
Hooroar,Riderhood
Riderhood,Bradley
Riderhood,Chris
Riderhood,Bradley
Riderhood,Roger
Riderhood,Headstone
Bradley,Riderhood
Bradley,Chris
Bradley,Roger
Bradley,Headstone
Chris,Riderhood
Chris,Bradley
Chris,Bradley
Chris,Roger
Chris,Headstone
Bradley,Riderhood
Bradley,Chris
Bradley,Roger
Bradley,Headstone
Roger,Riderhood
Roger,Bradley
Roger,Chris
Roger,Bradley
Roger,Headstone
Headstone,Riderhood
Headstone,Bradley
Headstone,Chris
Headstone,Bradley
Headstone,Roger
Riderhood,Totherest
Totherest,Riderhood
Riderhood,P
P,Riderhood
Riderhood,Master
Master,Riderhood
Riderhood,Master
Riderhood,Wot
Master,Riderhood
Master,Wot
Wot,Riderhood
Wot,Master
Seas,Riderhood
Seas,Master
Seas,Wot
Riderhood,Seas
Riderhood,Master
Riderhood,Seas
Riderhood,Wot
Master,Seas
Master,Riderhood
Master,Seas
Master,Wot
Seas,Riderhood
Seas,Master
Seas,Wot
Wot,Seas
Wot,Riderhood
Wot,Master
Wot,Seas
Riderhood,Wot
Wot,Riderhood
Leastways,Riderhood
Riderhood,Leastways
Master,Riderhood
Riderhood,Master
Bradley,Miss Peecher
Miss Peecher,Bradley
Lizzie,Eugene
Eugene,Lizzie
Bradley Headstone,Master
Master,Bradley Headstone
Don,Riderhood
Riderhood,Don
Don,Look
Don,Bradley Headstone
Don,Master
Don,Mill Lock
Don,Mill Lock
Don,Mill Lock
Look,Don
Look,Bradley Headstone
Look,Master
Look,Mill Lock
Look,Mill Lock
Look,Mill Lock
Bradley Headstone,Don
Bradley Headstone,Look
Bradley Headstone,Master
Bradley Headstone,Mill Lock
Bradley Headstone,Mill Lock
Bradley Headstone,Mill Lock
Master,Don
Master,Look
Master,Bradley Headstone
Master,Mill Lock
Master,Mill Lock
Master,Mill Lock
Mill Lock,Don
Mill Lock,Look
Mill Lock,Bradley Headstone
Mill Lock,Master
Mill Lock,Don
Mill Lock,Look
Mill Lock,Bradley Headstone
Mill Lock,Master
Mill Lock,Don
Mill Lock,Look
Mill Lock,Bradley Headstone
Mill Lock,Master
Riderhood,Bradley Headstone
Riderhood,Master
Riderhood,Bargeman
Riderhood,Bargeman
Riderhood,Bargeman
Riderhood,Bargeman
Bradley Headstone,Riderhood
Bradley Headstone,Master
Bradley Headstone,Bargeman
Bradley Headstone,Bargeman
Bradley Headstone,Bargeman
Bradley Headstone,Bargeman
Master,Riderhood
Master,Bradley Headstone
Master,Bargeman
Master,Bargeman
Master,Bargeman
Master,Bargeman
Bargeman,Riderhood
Bargeman,Bradley Headstone
Bargeman,Master
Bargeman,Riderhood
Bargeman,Bradley Headstone
Bargeman,Master
Bargeman,Riderhood
Bargeman,Bradley Headstone
Bargeman,Master
Bargeman,Riderhood
Bargeman,Bradley Headstone
Bargeman,Master
Bradley,Riderhood
Riderhood,Bradley
Riderhood,Bradley
Bradley,Riderhood
Riderhood,George
Riderhood,Master
George,Riderhood
George,Master
Master,Riderhood
Master,George
Bradley,Riderhood
Riderhood,Bradley
Riderhood,Bradley
Bradley,Riderhood
Hadn,Riderhood
Hadn,Master
Riderhood,Hadn
Riderhood,Master
Master,Hadn
Master,Riderhood
Bradley,Bargeman
Bradley,Riderhood
Bradley,Riderhood
Bargeman,Bradley
Bargeman,Riderhood
Bargeman,Bradley
Bargeman,Riderhood
Riderhood,Bradley
Riderhood,Bargeman
Riderhood,Bradley
Bradley,Bargeman
Bradley,Riderhood
Bradley,Riderhood
Riderhood,Bradley
Riderhood,Bargeman
Riderhood,Bradley
Bradley,Riderhood
Riderhood,Bradley
Bradley,Riderhood
Bradley,Riderhood
Bradley,Riderhood
Riderhood,Bradley
Riderhood,Bradley
Riderhood,Bradley
Bradley,Riderhood
Bradley,Riderhood
Bradley,Riderhood
Riderhood,Bradley
Riderhood,Bradley
Riderhood,Bradley
Bradley,Riderhood
Bradley,Riderhood
Bradley,Riderhood
Riderhood,Bradley
Riderhood,Bradley
Riderhood,Bradley
Bradley,Riderhood
Bradley,Navigation
Riderhood,Bradley
Riderhood,Bradley
Riderhood,Navigation
Bradley,Riderhood
Bradley,Navigation
Navigation,Bradley
Navigation,Riderhood
Navigation,Bradley
Master,Riderhood
Riderhood,Master
Bradley,Riderhood
Riderhood,Bradley
Bradley,Riderhood
Riderhood,Bradley
Bradley Headstone,Master
Bradley Headstone,Riderhood
Master,Bradley Headstone
Master,Riderhood
Riderhood,Bradley Headstone
Riderhood,Master
Bradley,Riderhood
Riderhood,Bradley
Riderhood,Bradley
Bradley,Riderhood
Riderhood,Stop
Stop,Riderhood
Riderhood,Bradley Headstone
Riderhood,Bradley
Bradley Headstone,Riderhood
Bradley Headstone,Riderhood
Bradley Headstone,Bradley
Riderhood,Bradley Headstone
Riderhood,Bradley
Bradley,Riderhood
Bradley,Bradley Headstone
Bradley,Riderhood
John Harmon,John
John Harmon,Mrs Eugene Wrayburn
John Harmon,Eugene
John Harmon,Riah
John Harmon,Miss Abbey Potterson
John Harmon,Harmon
John,John Harmon
John,Mrs Eugene Wrayburn
John,Eugene
John,Riah
John,Miss Abbey Potterson
John,Harmon
Mrs Eugene Wrayburn,John Harmon
Mrs Eugene Wrayburn,John
Mrs Eugene Wrayburn,Eugene
Mrs Eugene Wrayburn,Riah
Mrs Eugene Wrayburn,Miss Abbey Potterson
Mrs Eugene Wrayburn,Harmon
Eugene,John Harmon
Eugene,John
Eugene,Mrs Eugene Wrayburn
Eugene,Riah
Eugene,Miss Abbey Potterson
Eugene,Harmon
Riah,John Harmon
Riah,John
Riah,Mrs Eugene Wrayburn
Riah,Eugene
Riah,Miss Abbey Potterson
Riah,Harmon
Miss Abbey Potterson,John Harmon
Miss Abbey Potterson,John
Miss Abbey Potterson,Mrs Eugene Wrayburn
Miss Abbey Potterson,Eugene
Miss Abbey Potterson,Riah
Miss Abbey Potterson,Harmon
Harmon,John Harmon
Harmon,John
Harmon,Mrs Eugene Wrayburn
Harmon,Eugene
Harmon,Riah
Harmon,Miss Abbey Potterson
John Harmon,Young Blight
John Harmon,Eugene
John Harmon,Lightwood
John Harmon,Twemlow
John Harmon,St James
Young Blight,John Harmon
Young Blight,Eugene
Young Blight,Lightwood
Young Blight,Twemlow
Young Blight,St James
Young Blight,John Harmon
Eugene,John Harmon
Eugene,Young Blight
Eugene,Lightwood
Eugene,Twemlow
Eugene,St James
Eugene,John Harmon
Lightwood,John Harmon
Lightwood,Young Blight
Lightwood,Eugene
Lightwood,Twemlow
Lightwood,St James
Lightwood,John Harmon
Twemlow,John Harmon
Twemlow,Young Blight
Twemlow,Eugene
Twemlow,Lightwood
Twemlow,St James
Twemlow,John Harmon
St James,John Harmon
St James,Young Blight
St James,Eugene
St James,Lightwood
St James,Twemlow
St James,John Harmon
John Harmon,Young Blight
John Harmon,Eugene
John Harmon,Lightwood
John Harmon,Twemlow
John Harmon,St James
Wilfer,Pa
Wilfer,Pa
Wilfer,Stobbles
Wilfer,Ma
Pa,Wilfer
Pa,Stobbles
Pa,Ma
Pa,Wilfer
Pa,Stobbles
Pa,Ma
Stobbles,Wilfer
Stobbles,Pa
Stobbles,Pa
Stobbles,Ma
Ma,Wilfer
Ma,Pa
Ma,Pa
Ma,Stobbles
Miss Lavinia,George Sampson
Miss Lavinia,Mrs Wilfer
Miss Lavinia,Onward
George Sampson,Miss Lavinia
George Sampson,Mrs Wilfer
George Sampson,Onward
Mrs Wilfer,Miss Lavinia
Mrs Wilfer,George Sampson
Mrs Wilfer,Onward
Onward,Miss Lavinia
Onward,George Sampson
Onward,Mrs Wilfer
Mrs Wilfer,Loll
Loll,Mrs Wilfer
Really,George
Really,Miss Lavinia
George,Really
George,Miss Lavinia
Miss Lavinia,Really
Miss Lavinia,George
Sampson,Miss Lavinia Wilfer
Miss Lavinia Wilfer,Sampson
George Sampson,Miss Lavinia
George Sampson,Miss Lavinia
Miss Lavinia,George Sampson
Miss Lavinia,George Sampson
George Sampson,Miss Lavinia
George Sampson,Miss Lavinia
Miss Lavinia,George Sampson
Miss Lavinia,George Sampson
Sampson,Fortune
Fortune,Sampson
Fortune,Sampson
Sampson,Fortune
Nay,Wilfer
Nay,George Sampson
Wilfer,Nay
Wilfer,George Sampson
George Sampson,Nay
George Sampson,Wilfer
Mrs Wilfer,George Sampson
Mrs Wilfer,George Sampson
Mrs Wilfer,George Sampson
Mrs Wilfer,George Sampson
Mrs Wilfer,George Sampson
Mrs Wilfer,Sampson
George Sampson,Mrs Wilfer
George Sampson,Mrs Wilfer
George Sampson,Sampson
George Sampson,Mrs Wilfer
George Sampson,Mrs Wilfer
George Sampson,Sampson
George Sampson,Mrs Wilfer
George Sampson,Mrs Wilfer
George Sampson,Sampson
Mrs Wilfer,George Sampson
Mrs Wilfer,George Sampson
Mrs Wilfer,George Sampson
Mrs Wilfer,George Sampson
Mrs Wilfer,George Sampson
Mrs Wilfer,Sampson
George Sampson,Mrs Wilfer
George Sampson,Mrs Wilfer
George Sampson,Sampson
George Sampson,Mrs Wilfer
George Sampson,Mrs Wilfer
George Sampson,Sampson
Sampson,Mrs Wilfer
Sampson,George Sampson
Sampson,George Sampson
Sampson,George Sampson
Sampson,Mrs Wilfer
Sampson,George Sampson
Sampson,George Sampson
Sampson,Lavinia
Lavinia,Sampson
Dearest Lavinia,Sampson
Sampson,Dearest Lavinia
Sampson,Miss Lavinia
Sampson,George
Sampson,George
Sampson,George
Sampson,George
Sampson,Mrs Wilfer
Miss Lavinia,Sampson
Miss Lavinia,George
Miss Lavinia,George
Miss Lavinia,George
Miss Lavinia,George
Miss Lavinia,Mrs Wilfer
George,Sampson
George,Miss Lavinia
George,Mrs Wilfer
George,Sampson
George,Miss Lavinia
George,Mrs Wilfer
George,Sampson
George,Miss Lavinia
George,Mrs Wilfer
George,Sampson
George,Miss Lavinia
George,Mrs Wilfer
Mrs Wilfer,Sampson
Mrs Wilfer,Miss Lavinia
Mrs Wilfer,George
Mrs Wilfer,George
Mrs Wilfer,George
Mrs Wilfer,George
Mrs Boffin,Time
Mrs Boffin,Bella
Mrs Boffin,John Harmon
Mrs Boffin,Time
Mrs Boffin,Bella
Mrs Boffin,John Harmon
Time,Mrs Boffin
Time,Mrs Boffin
Time,Bella
Time,John Harmon
Bella,Mrs Boffin
Bella,Mrs Boffin
Bella,Time
Bella,John Harmon
John Harmon,Mrs Boffin
John Harmon,Mrs Boffin
John Harmon,Time
John Harmon,Bella
Miss,Sloppy
Sloppy,Miss
Miss Wren,Don
Don,Miss Wren
Miss Wren,Jack
Jack,Miss Wren
Miss,Sloppy
Sloppy,Miss
Miss Wren,Don
Don,Miss Wren
Miss,Sloppy
Sloppy,Miss
Never,Just
Just,Never
Poor,Sloppy
Poor,Please
Sloppy,Poor
Sloppy,Please
Please,Poor
Please,Sloppy
Miss,Wren
Miss,Hoppetty
Miss,Kicketty
Wren,Miss
Wren,Hoppetty
Wren,Kicketty
Hoppetty,Miss
Hoppetty,Wren
Hoppetty,Kicketty
Kicketty,Miss
Kicketty,Wren
Kicketty,Hoppetty
Sloppy,Johnny
Johnny,Sloppy
Miss Wren,Him
Miss Wren,Him
Him,Miss Wren
Him,Miss Wren
Sloppy,Miss
Miss,Sloppy
Miss Wren,Take
Take,Miss Wren
John Harmon,Mrs Eugene Wrayburn
John Harmon,Mrs Eugene Wrayburn
John Harmon,Mrs Boffin
Mrs Eugene Wrayburn,John Harmon
Mrs Eugene Wrayburn,John Harmon
Mrs Eugene Wrayburn,Mrs Boffin
Mrs Eugene Wrayburn,John Harmon
Mrs Eugene Wrayburn,John Harmon
Mrs Eugene Wrayburn,Mrs Boffin
John Harmon,Mrs Eugene Wrayburn
John Harmon,Mrs Eugene Wrayburn
John Harmon,Mrs Boffin
Mrs Boffin,John Harmon
Mrs Boffin,Mrs Eugene Wrayburn
Mrs Boffin,Mrs Eugene Wrayburn
Mrs Boffin,John Harmon
Eugene Wrayburn,John Harmon
Eugene Wrayburn,John Harmon
Eugene Wrayburn,God
John Harmon,Eugene Wrayburn
John Harmon,Eugene Wrayburn
John Harmon,God
John Harmon,Eugene Wrayburn
John Harmon,Eugene Wrayburn
John Harmon,God
Eugene Wrayburn,John Harmon
Eugene Wrayburn,John Harmon
Eugene Wrayburn,God
God,Eugene Wrayburn
God,John Harmon
God,John Harmon
God,Eugene Wrayburn
Eugene,Lightwood
Eugene,Bella
Eugene,Bella
Lightwood,Eugene
Lightwood,Bella
Lightwood,Eugene
Lightwood,Bella
Bella,Eugene
Bella,Lightwood
Bella,Eugene
Eugene,Lightwood
Eugene,Bella
Eugene,Bella
Bella,Eugene
Bella,Lightwood
Bella,Eugene
Eugene,Lightwood
Eugene,Lizzie
Eugene,Which
Lightwood,Eugene
Lightwood,Lizzie
Lightwood,Which
Lizzie,Eugene
Lizzie,Lightwood
Lizzie,Which
Which,Eugene
Which,Lightwood
Which,Lizzie
Really,Eugene
Eugene,Really
Eugene,Wrong
Wrong,Eugene
Eugene,Hamlet
Hamlet,Eugene
Lightwood,Eugene
Eugene,Lightwood
Faith,Tippins
Tippins,Faith
Eugene,Lizzie
Lizzie,Eugene
Lizzie,Society
Society,Lizzie
Faith,Eugene
Eugene,Faith
Mrs Veneering,Veneering
Mrs Veneering,Neptune
Mrs Veneering,Society
Veneering,Mrs Veneering
Veneering,Neptune
Veneering,Society
Neptune,Mrs Veneering
Neptune,Veneering
Neptune,Society
Society,Mrs Veneering
Society,Veneering
Society,Neptune
Lady Tippins,Mrs Podsnap
Lady Tippins,Twemlow
Lady Tippins,Buffer
Lady Tippins,Boots
Mrs Podsnap,Lady Tippins
Mrs Podsnap,Twemlow
Mrs Podsnap,Buffer
Mrs Podsnap,Boots
Twemlow,Lady Tippins
Twemlow,Mrs Podsnap
Twemlow,Buffer
Twemlow,Boots
Buffer,Lady Tippins
Buffer,Mrs Podsnap
Buffer,Twemlow
Buffer,Boots
Boots,Lady Tippins
Boots,Mrs Podsnap
Boots,Twemlow
Boots,Buffer
Tippins,Podsnap
Tippins,Podsnap
Podsnap,Tippins
Podsnap,Tippins
Lady Tippins,Long
Lady Tippins,Robinson Crusoe
Long,Lady Tippins
Long,Robinson Crusoe
Robinson Crusoe,Lady Tippins
Robinson Crusoe,Long
Say,Lady Tippins
Lady Tippins,Say
Juan Fernandez,Lightwood
Lightwood,Juan Fernandez
Pardon,Lady Tippins
Pardon,Lightwood
Lady Tippins,Pardon
Lady Tippins,Lightwood
Lightwood,Pardon
Lightwood,Lady Tippins
Lady Tippins,Eugene
Eugene,Lady Tippins
Brewer,Boots
Brewer,Buffer
Boots,Brewer
Boots,Buffer
Buffer,Brewer
Buffer,Boots
Brewer,Boots
Brewer,Buffer
Boots,Brewer
Boots,Buffer
Buffer,Brewer
Buffer,Boots
Pardon,Twemlow
Twemlow,Pardon
Sir,Twemlow
Twemlow,Sir
Lady Tippins,Twemlow
Lady Tippins,Mrs Veneering
Lady Tippins,Twemlow
Twemlow,Lady Tippins
Twemlow,Mrs Veneering
Mrs Veneering,Lady Tippins
Mrs Veneering,Twemlow
Mrs Veneering,Twemlow
Twemlow,Lady Tippins
Twemlow,Mrs Veneering
John Harmon,John Rokesmith
John Rokesmith,John Harmon
Will Cases,Harmony Jail
Harmony Jail,Will Cases
Betty Higden,Poor Law
Betty Higden,Poor
Betty Higden,Houses
Poor Law,Betty Higden
Poor Law,Poor
Poor Law,Houses
Poor,Betty Higden
Poor,Poor Law
Poor,Houses
Houses,Betty Higden
Houses,Poor Law
Houses,Poor
Mrs Boffin,Mrs Lammle
Mrs Boffin,Miss Bella Wilfer
Mrs Boffin,Bradley Headstone
Mrs Lammle,Mrs Boffin
Mrs Lammle,Miss Bella Wilfer
Mrs Lammle,Bradley Headstone
Miss Bella Wilfer,Mrs Boffin
Miss Bella Wilfer,Mrs Lammle
Miss Bella Wilfer,Bradley Headstone
Bradley Headstone,Mrs Boffin
Bradley Headstone,Mrs Lammle
Bradley Headstone,Miss Bella Wilfer
Project,Project Gutenberg
Project,Project Gutenberg
Project Gutenberg,Project
Project Gutenberg,Project
Project Gutenberg,Project
Project Gutenberg,Project
Project,Project Gutenberg
Project,Project Gutenberg
Project Gutenberg,Project
Project,Project Gutenberg
Vanilla ASCII,Project
Vanilla ASCII,Plain Vanilla
Project,Vanilla ASCII
Project,Plain Vanilla
Plain Vanilla,Vanilla ASCII
Plain Vanilla,Project
Project Gutenberg,Project
Project,Project Gutenberg
Salt Lake City,Email
Email,Salt Lake City
Michael S. Hart,Project
Project,Michael S. Hart
