Item1,Item2,Time,Book
Gaffer,George,31,our-mutual-friend
George,Gaffer,31,our-mutual-friend
George,Gaffer,31,our-mutual-friend
Gaffer,George,31,our-mutual-friend
Gaffer,Pardner,37,our-mutual-friend
Pardner,Gaffer,37,our-mutual-friend
Tother,Don,43,our-mutual-friend
Don,Tother,43,our-mutual-friend
Cast,Pull,47,our-mutual-friend
Pull,Cast,47,our-mutual-friend
Lizzie,Gaffer,48,our-mutual-friend
Gaffer,Lizzie,48,our-mutual-friend
Saint James,Twemlow,54,our-mutual-friend
Saint James,Lord Snigsworth,54,our-mutual-friend
Saint James,Mrs Veneering,54,our-mutual-friend
Saint James,Twemlow,54,our-mutual-friend
Saint James,Twemlow,54,our-mutual-friend
Saint James,Mrs Veneering,54,our-mutual-friend
Saint James,Twemlow,54,our-mutual-friend
Twemlow,Saint James,54,our-mutual-friend
Twemlow,Lord Snigsworth,54,our-mutual-friend
Twemlow,Mrs Veneering,54,our-mutual-friend
Twemlow,Mrs Veneering,54,our-mutual-friend
Lord Snigsworth,Saint James,54,our-mutual-friend
Lord Snigsworth,Twemlow,54,our-mutual-friend
Lord Snigsworth,Mrs Veneering,54,our-mutual-friend
Lord Snigsworth,Twemlow,54,our-mutual-friend
Lord Snigsworth,Twemlow,54,our-mutual-friend
Lord Snigsworth,Mrs Veneering,54,our-mutual-friend
Lord Snigsworth,Twemlow,54,our-mutual-friend
Mrs Veneering,Saint James,54,our-mutual-friend
Mrs Veneering,Twemlow,54,our-mutual-friend
Mrs Veneering,Lord Snigsworth,54,our-mutual-friend
Mrs Veneering,Twemlow,54,our-mutual-friend
Mrs Veneering,Twemlow,54,our-mutual-friend
Mrs Veneering,Twemlow,54,our-mutual-friend
Twemlow,Saint James,54,our-mutual-friend
Twemlow,Lord Snigsworth,54,our-mutual-friend
Twemlow,Mrs Veneering,54,our-mutual-friend
Twemlow,Mrs Veneering,54,our-mutual-friend
Twemlow,Saint James,54,our-mutual-friend
Twemlow,Lord Snigsworth,54,our-mutual-friend
Twemlow,Mrs Veneering,54,our-mutual-friend
Twemlow,Mrs Veneering,54,our-mutual-friend
Mrs Veneering,Saint James,54,our-mutual-friend
Mrs Veneering,Twemlow,54,our-mutual-friend
Mrs Veneering,Lord Snigsworth,54,our-mutual-friend
Mrs Veneering,Twemlow,54,our-mutual-friend
Mrs Veneering,Twemlow,54,our-mutual-friend
Mrs Veneering,Twemlow,54,our-mutual-friend
Twemlow,Saint James,54,our-mutual-friend
Twemlow,Lord Snigsworth,54,our-mutual-friend
Twemlow,Mrs Veneering,54,our-mutual-friend
Twemlow,Mrs Veneering,54,our-mutual-friend
Saint James,Square,55,our-mutual-friend
Saint James,Twemlow,55,our-mutual-friend
Saint James,Twemlow,55,our-mutual-friend
Saint James,Twemlow,55,our-mutual-friend
Saint James,Twemlow,55,our-mutual-friend
Square,Saint James,55,our-mutual-friend
Square,Twemlow,55,our-mutual-friend
Square,Twemlow,55,our-mutual-friend
Square,Twemlow,55,our-mutual-friend
Square,Twemlow,55,our-mutual-friend
Twemlow,Saint James,55,our-mutual-friend
Twemlow,Square,55,our-mutual-friend
Twemlow,Saint James,55,our-mutual-friend
Twemlow,Square,55,our-mutual-friend
Twemlow,Saint James,55,our-mutual-friend
Twemlow,Square,55,our-mutual-friend
Twemlow,Saint James,55,our-mutual-friend
Twemlow,Square,55,our-mutual-friend
Mrs Podsnap,Mrs Veneering,66,our-mutual-friend
Mrs Veneering,Mrs Podsnap,66,our-mutual-friend
Twemlow,Whereupon,70,our-mutual-friend
Whereupon,Twemlow,70,our-mutual-friend
Whereupon,Twemlow,70,our-mutual-friend
Whereupon,Twemlow,70,our-mutual-friend
Twemlow,Whereupon,70,our-mutual-friend
Twemlow,Whereupon,70,our-mutual-friend
Twemlow,Boots,75,our-mutual-friend
Twemlow,Lord Snigsworth,75,our-mutual-friend
Twemlow,Boots,75,our-mutual-friend
Boots,Twemlow,75,our-mutual-friend
Boots,Lord Snigsworth,75,our-mutual-friend
Lord Snigsworth,Twemlow,75,our-mutual-friend
Lord Snigsworth,Boots,75,our-mutual-friend
Lord Snigsworth,Boots,75,our-mutual-friend
Boots,Twemlow,75,our-mutual-friend
Boots,Lord Snigsworth,75,our-mutual-friend
College,Podsnap,76,our-mutual-friend
College,Lady Tippins,76,our-mutual-friend
College,Mrs Veneering,76,our-mutual-friend
College,Lady Tippins,76,our-mutual-friend
College,Reflects Eugene,76,our-mutual-friend
College,Boots,76,our-mutual-friend
College,Buffers,76,our-mutual-friend
Podsnap,College,76,our-mutual-friend
Podsnap,Lady Tippins,76,our-mutual-friend
Podsnap,Mrs Veneering,76,our-mutual-friend
Podsnap,Lady Tippins,76,our-mutual-friend
Podsnap,Reflects Eugene,76,our-mutual-friend
Podsnap,Boots,76,our-mutual-friend
Podsnap,Buffers,76,our-mutual-friend
Lady Tippins,College,76,our-mutual-friend
Lady Tippins,Podsnap,76,our-mutual-friend
Lady Tippins,Mrs Veneering,76,our-mutual-friend
Lady Tippins,Reflects Eugene,76,our-mutual-friend
Lady Tippins,Boots,76,our-mutual-friend
Lady Tippins,Buffers,76,our-mutual-friend
Mrs Veneering,College,76,our-mutual-friend
Mrs Veneering,Podsnap,76,our-mutual-friend
Mrs Veneering,Lady Tippins,76,our-mutual-friend
Mrs Veneering,Lady Tippins,76,our-mutual-friend
Mrs Veneering,Reflects Eugene,76,our-mutual-friend
Mrs Veneering,Boots,76,our-mutual-friend
Mrs Veneering,Buffers,76,our-mutual-friend
Lady Tippins,College,76,our-mutual-friend
Lady Tippins,Podsnap,76,our-mutual-friend
Lady Tippins,Mrs Veneering,76,our-mutual-friend
Lady Tippins,Reflects Eugene,76,our-mutual-friend
Lady Tippins,Boots,76,our-mutual-friend
Lady Tippins,Buffers,76,our-mutual-friend
Reflects Eugene,College,76,our-mutual-friend
Reflects Eugene,Podsnap,76,our-mutual-friend
Reflects Eugene,Lady Tippins,76,our-mutual-friend
Reflects Eugene,Mrs Veneering,76,our-mutual-friend
Reflects Eugene,Lady Tippins,76,our-mutual-friend
Reflects Eugene,Boots,76,our-mutual-friend
Reflects Eugene,Buffers,76,our-mutual-friend
Boots,College,76,our-mutual-friend
Boots,Podsnap,76,our-mutual-friend
Boots,Lady Tippins,76,our-mutual-friend
Boots,Mrs Veneering,76,our-mutual-friend
Boots,Lady Tippins,76,our-mutual-friend
Boots,Reflects Eugene,76,our-mutual-friend
Boots,Buffers,76,our-mutual-friend
Buffers,College,76,our-mutual-friend
Buffers,Podsnap,76,our-mutual-friend
Buffers,Lady Tippins,76,our-mutual-friend
Buffers,Mrs Veneering,76,our-mutual-friend
Buffers,Lady Tippins,76,our-mutual-friend
Buffers,Reflects Eugene,76,our-mutual-friend
Buffers,Boots,76,our-mutual-friend
Lady Tippins,Tippins,89,our-mutual-friend
Tippins,Lady Tippins,89,our-mutual-friend
Lady Tippins,Sorry,98,our-mutual-friend
Sorry,Lady Tippins,98,our-mutual-friend
Eugene,Harmon,102,our-mutual-friend
Eugene,Dust,102,our-mutual-friend
Harmon,Eugene,102,our-mutual-friend
Harmon,Dust,102,our-mutual-friend
Dust,Eugene,102,our-mutual-friend
Dust,Harmon,102,our-mutual-friend
Same,Buffer,118,our-mutual-friend
Buffer,Same,118,our-mutual-friend
Mortimer,Mrs Podsnap,121,our-mutual-friend
Mrs Podsnap,Mortimer,121,our-mutual-friend
Lady Tippins,Falser,127,our-mutual-friend
Lady Tippins,Don Juan,127,our-mutual-friend
Falser,Lady Tippins,127,our-mutual-friend
Falser,Don Juan,127,our-mutual-friend
Don Juan,Lady Tippins,127,our-mutual-friend
Don Juan,Falser,127,our-mutual-friend
Pharaoh,Lazarus,156,our-mutual-friend
Lazarus,Pharaoh,156,our-mutual-friend
Mortimer,Lady Tippins,166,our-mutual-friend
Lady Tippins,Mortimer,166,our-mutual-friend
Eugene,Cassim Baba,173,our-mutual-friend
Eugene,Cassim,173,our-mutual-friend
Cassim Baba,Eugene,173,our-mutual-friend
Cassim Baba,Cassim,173,our-mutual-friend
Cassim,Eugene,173,our-mutual-friend
Cassim,Cassim Baba,173,our-mutual-friend
Mortimer,Whether,174,our-mutual-friend
Whether,Mortimer,174,our-mutual-friend
Penny,Gaffer Hexam,194,our-mutual-friend
Gaffer Hexam,Penny,194,our-mutual-friend
Gaffer,Hexam,196,our-mutual-friend
Gaffer,Look,196,our-mutual-friend
Hexam,Gaffer,196,our-mutual-friend
Hexam,Look,196,our-mutual-friend
Look,Gaffer,196,our-mutual-friend
Look,Hexam,196,our-mutual-friend
Lightwood,Eugene Wrayburn,204,our-mutual-friend
Eugene Wrayburn,Lightwood,204,our-mutual-friend
Gaffer Hexam,Which,211,our-mutual-friend
Which,Gaffer Hexam,211,our-mutual-friend
Eugene,Lady Tippins,227,our-mutual-friend
Lady Tippins,Eugene,227,our-mutual-friend
Steward,Likewise,228,our-mutual-friend
Steward,Probably,228,our-mutual-friend
Steward,Inquest,228,our-mutual-friend
Likewise,Steward,228,our-mutual-friend
Likewise,Probably,228,our-mutual-friend
Likewise,Inquest,228,our-mutual-friend
Probably,Steward,228,our-mutual-friend
Probably,Likewise,228,our-mutual-friend
Probably,Inquest,228,our-mutual-friend
Inquest,Steward,228,our-mutual-friend
Inquest,Likewise,228,our-mutual-friend
Inquest,Probably,228,our-mutual-friend
Julius Handford,Exchequer Coffee House,250,our-mutual-friend
Julius Handford,Palace Yard,250,our-mutual-friend
Exchequer Coffee House,Julius Handford,250,our-mutual-friend
Exchequer Coffee House,Palace Yard,250,our-mutual-friend
Palace Yard,Julius Handford,250,our-mutual-friend
Palace Yard,Exchequer Coffee House,250,our-mutual-friend
Might,Stomach,259,our-mutual-friend
Stomach,Might,259,our-mutual-friend
Gaffer Hexam,Gaffer,260,our-mutual-friend
Gaffer,Gaffer Hexam,260,our-mutual-friend
Don,Charley,265,our-mutual-friend
Charley,Don,265,our-mutual-friend
Don,Liz,273,our-mutual-friend
Liz,Don,273,our-mutual-friend
Noah,Ark,278,our-mutual-friend
Ark,Noah,278,our-mutual-friend
Don,Charley,279,our-mutual-friend
Don,Charley,279,our-mutual-friend
Charley,Don,279,our-mutual-friend
Charley,Don,279,our-mutual-friend
Charley,Hark,306,our-mutual-friend
Charley,Father,306,our-mutual-friend
Hark,Charley,306,our-mutual-friend
Hark,Father,306,our-mutual-friend
Father,Charley,306,our-mutual-friend
Father,Hark,306,our-mutual-friend
John Harmon,Twemlow,309,our-mutual-friend
John Harmon,Podsnap,309,our-mutual-friend
John Harmon,Jacob Kibble,309,our-mutual-friend
John Harmon,Jesse Hexam,309,our-mutual-friend
John Harmon,Burial,309,our-mutual-friend
John Harmon,Sir,309,our-mutual-friend
Twemlow,John Harmon,309,our-mutual-friend
Twemlow,Podsnap,309,our-mutual-friend
Twemlow,Jacob Kibble,309,our-mutual-friend
Twemlow,John Harmon,309,our-mutual-friend
Twemlow,Jesse Hexam,309,our-mutual-friend
Twemlow,Burial,309,our-mutual-friend
Twemlow,Sir,309,our-mutual-friend
Podsnap,John Harmon,309,our-mutual-friend
Podsnap,Twemlow,309,our-mutual-friend
Podsnap,Jacob Kibble,309,our-mutual-friend
Podsnap,John Harmon,309,our-mutual-friend
Podsnap,Jesse Hexam,309,our-mutual-friend
Podsnap,Burial,309,our-mutual-friend
Podsnap,Sir,309,our-mutual-friend
Jacob Kibble,John Harmon,309,our-mutual-friend
Jacob Kibble,Twemlow,309,our-mutual-friend
Jacob Kibble,Podsnap,309,our-mutual-friend
Jacob Kibble,John Harmon,309,our-mutual-friend
Jacob Kibble,Jesse Hexam,309,our-mutual-friend
Jacob Kibble,Burial,309,our-mutual-friend
Jacob Kibble,Sir,309,our-mutual-friend
John Harmon,Twemlow,309,our-mutual-friend
John Harmon,Podsnap,309,our-mutual-friend
John Harmon,Jacob Kibble,309,our-mutual-friend
John Harmon,Jesse Hexam,309,our-mutual-friend
John Harmon,Burial,309,our-mutual-friend
John Harmon,Sir,309,our-mutual-friend
Jesse Hexam,John Harmon,309,our-mutual-friend
Jesse Hexam,Twemlow,309,our-mutual-friend
Jesse Hexam,Podsnap,309,our-mutual-friend
Jesse Hexam,Jacob Kibble,309,our-mutual-friend
Jesse Hexam,John Harmon,309,our-mutual-friend
Jesse Hexam,Burial,309,our-mutual-friend
Jesse Hexam,Sir,309,our-mutual-friend
Burial,John Harmon,309,our-mutual-friend
Burial,Twemlow,309,our-mutual-friend
Burial,Podsnap,309,our-mutual-friend
Burial,Jacob Kibble,309,our-mutual-friend
Burial,John Harmon,309,our-mutual-friend
Burial,Jesse Hexam,309,our-mutual-friend
Burial,Sir,309,our-mutual-friend
Sir,John Harmon,309,our-mutual-friend
Sir,Twemlow,309,our-mutual-friend
Sir,Podsnap,309,our-mutual-friend
Sir,Jacob Kibble,309,our-mutual-friend
Sir,John Harmon,309,our-mutual-friend
Sir,Jesse Hexam,309,our-mutual-friend
Sir,Burial,309,our-mutual-friend
John Harmon,Pounds,310,our-mutual-friend
John Harmon,Pounds,310,our-mutual-friend
Pounds,John Harmon,310,our-mutual-friend
Pounds,John Harmon,310,our-mutual-friend
Reginald,Wilfer,316,our-mutual-friend
Reginald,Anybody,316,our-mutual-friend
Wilfer,Reginald,316,our-mutual-friend
Wilfer,Anybody,316,our-mutual-friend
Anybody,Reginald,316,our-mutual-friend
Anybody,Wilfer,316,our-mutual-friend
Ruddy,Round,319,our-mutual-friend
Ruddy,Ripe,319,our-mutual-friend
Ruddy,Rumty,319,our-mutual-friend
Round,Ruddy,319,our-mutual-friend
Round,Ripe,319,our-mutual-friend
Round,Rumty,319,our-mutual-friend
Ripe,Ruddy,319,our-mutual-friend
Ripe,Round,319,our-mutual-friend
Ripe,Rumty,319,our-mutual-friend
Rumty,Ruddy,319,our-mutual-friend
Rumty,Round,319,our-mutual-friend
Rumty,Ripe,319,our-mutual-friend
Stobbles,Chicksey,322,our-mutual-friend
Chicksey,Stobbles,322,our-mutual-friend
Chicksey,Stobbles,322,our-mutual-friend
Stobbles,Chicksey,322,our-mutual-friend
Wilfer,Between Battle Bridge,323,our-mutual-friend
Between Battle Bridge,Wilfer,323,our-mutual-friend
Between Battle Bridge,Wilfer,323,our-mutual-friend
Wilfer,Between Battle Bridge,323,our-mutual-friend
Wilfer,How,335,our-mutual-friend
Wilfer,John,335,our-mutual-friend
How,Wilfer,335,our-mutual-friend
How,John,335,our-mutual-friend
John,Wilfer,335,our-mutual-friend
John,How,335,our-mutual-friend
Mrs Wilfer,Pardon,342,our-mutual-friend
Pardon,Mrs Wilfer,342,our-mutual-friend
Poor Bella,Mrs Wilfer,346,our-mutual-friend
Mrs Wilfer,Poor Bella,346,our-mutual-friend
Pardon,Mrs Wilfer,348,our-mutual-friend
Mrs Wilfer,Pardon,348,our-mutual-friend
Bella,Poor Lavinia,350,our-mutual-friend
Bella,Poor Lavinia,350,our-mutual-friend
Poor Lavinia,Bella,350,our-mutual-friend
Poor Lavinia,Bella,350,our-mutual-friend
Pardon,Mrs Wilfer,369,our-mutual-friend
Mrs Wilfer,Pardon,369,our-mutual-friend
Old Master,Wilfer,383,our-mutual-friend
Old Master,John Rokesmith Esquire,383,our-mutual-friend
Wilfer,Old Master,383,our-mutual-friend
Wilfer,John Rokesmith Esquire,383,our-mutual-friend
John Rokesmith Esquire,Old Master,383,our-mutual-friend
John Rokesmith Esquire,Wilfer,383,our-mutual-friend
Rokesmith,Wilfer,389,our-mutual-friend
Wilfer,Rokesmith,389,our-mutual-friend
Lavvy,Between Mr Rokesmith,396,our-mutual-friend
Between Mr Rokesmith,Lavvy,396,our-mutual-friend
Lavvy,Bella,399,our-mutual-friend
Bella,Lavvy,399,our-mutual-friend
Bella,Harmon,407,our-mutual-friend
Harmon,Bella,407,our-mutual-friend
Caught George Sampson,Don,417,our-mutual-friend
Don,Caught George Sampson,417,our-mutual-friend
Bella,Julius Handford,420,our-mutual-friend
Bella,John Rokesmith,420,our-mutual-friend
Julius Handford,Bella,420,our-mutual-friend
Julius Handford,John Rokesmith,420,our-mutual-friend
John Rokesmith,Bella,420,our-mutual-friend
John Rokesmith,Julius Handford,420,our-mutual-friend
Ladies,Silas Wegg,427,our-mutual-friend
Silas Wegg,Ladies,427,our-mutual-friend
Elizabeth,Master George,428,our-mutual-friend
Elizabeth,Jane,428,our-mutual-friend
Elizabeth,Parker,428,our-mutual-friend
Master George,Elizabeth,428,our-mutual-friend
Master George,Jane,428,our-mutual-friend
Master George,Parker,428,our-mutual-friend
Jane,Elizabeth,428,our-mutual-friend
Jane,Master George,428,our-mutual-friend
Jane,Parker,428,our-mutual-friend
Parker,Elizabeth,428,our-mutual-friend
Parker,Master George,428,our-mutual-friend
Parker,Jane,428,our-mutual-friend
Silas Wegg,Magna Charta,430,our-mutual-friend
Silas Wegg,Wegg,430,our-mutual-friend
Silas Wegg,Sooth,430,our-mutual-friend
Magna Charta,Silas Wegg,430,our-mutual-friend
Magna Charta,Wegg,430,our-mutual-friend
Magna Charta,Sooth,430,our-mutual-friend
Wegg,Silas Wegg,430,our-mutual-friend
Wegg,Magna Charta,430,our-mutual-friend
Wegg,Sooth,430,our-mutual-friend
Sooth,Silas Wegg,430,our-mutual-friend
Sooth,Magna Charta,430,our-mutual-friend
Sooth,Wegg,430,our-mutual-friend
Wegg,Uncle Parker,431,our-mutual-friend
Uncle Parker,Wegg,431,our-mutual-friend
Noddy Boffin,Noddy,462,our-mutual-friend
Noddy Boffin,Noddy,462,our-mutual-friend
Noddy Boffin,Nick,462,our-mutual-friend
Noddy,Noddy Boffin,462,our-mutual-friend
Noddy,Nick,462,our-mutual-friend
Noddy,Noddy Boffin,462,our-mutual-friend
Noddy,Nick,462,our-mutual-friend
Nick,Noddy Boffin,462,our-mutual-friend
Nick,Noddy,462,our-mutual-friend
Nick,Noddy,462,our-mutual-friend
Silas,Wegg,463,our-mutual-friend
Silas,Wegg,463,our-mutual-friend
Wegg,Silas,463,our-mutual-friend
Wegg,Silas,463,our-mutual-friend
Right,Wegg,466,our-mutual-friend
Wegg,Right,466,our-mutual-friend
Mrs Boffin,Henerietty Boffin,492,our-mutual-friend
Mrs Boffin,Henery,492,our-mutual-friend
Mrs Boffin,Hetty,492,our-mutual-friend
Henerietty Boffin,Mrs Boffin,492,our-mutual-friend
Henerietty Boffin,Henery,492,our-mutual-friend
Henerietty Boffin,Hetty,492,our-mutual-friend
Henery,Mrs Boffin,492,our-mutual-friend
Henery,Henerietty Boffin,492,our-mutual-friend
Henery,Hetty,492,our-mutual-friend
Hetty,Mrs Boffin,492,our-mutual-friend
Hetty,Henerietty Boffin,492,our-mutual-friend
Hetty,Henery,492,our-mutual-friend
Hem,Flattered,495,our-mutual-friend
Hem,Wegg,495,our-mutual-friend
Flattered,Hem,495,our-mutual-friend
Flattered,Wegg,495,our-mutual-friend
Wegg,Hem,495,our-mutual-friend
Wegg,Flattered,495,our-mutual-friend
Boffin,Twopence,498,our-mutual-friend
Twopence,Boffin,498,our-mutual-friend
Twopence,Boffin,498,our-mutual-friend
Boffin,Twopence,498,our-mutual-friend
Wegg,Boffin,505,our-mutual-friend
Wegg,Mrs Boffin,505,our-mutual-friend
Boffin,Wegg,505,our-mutual-friend
Boffin,Mrs Boffin,505,our-mutual-friend
Mrs Boffin,Wegg,505,our-mutual-friend
Mrs Boffin,Boffin,505,our-mutual-friend
Boffin,Silas,507,our-mutual-friend
Silas,Boffin,507,our-mutual-friend
Boffin,Wegg,512,our-mutual-friend
Wegg,Boffin,512,our-mutual-friend
Boffin,Bower,523,our-mutual-friend
Boffin,Maiden Lane,523,our-mutual-friend
Boffin,Battle Bridge,523,our-mutual-friend
Boffin,Harmony Jail,523,our-mutual-friend
Boffin,Wegg,523,our-mutual-friend
Boffin,Wegg,523,our-mutual-friend
Bower,Boffin,523,our-mutual-friend
Bower,Boffin,523,our-mutual-friend
Bower,Maiden Lane,523,our-mutual-friend
Bower,Battle Bridge,523,our-mutual-friend
Bower,Harmony Jail,523,our-mutual-friend
Bower,Wegg,523,our-mutual-friend
Bower,Wegg,523,our-mutual-friend
Boffin,Bower,523,our-mutual-friend
Boffin,Maiden Lane,523,our-mutual-friend
Boffin,Battle Bridge,523,our-mutual-friend
Boffin,Harmony Jail,523,our-mutual-friend
Boffin,Wegg,523,our-mutual-friend
Boffin,Wegg,523,our-mutual-friend
Maiden Lane,Boffin,523,our-mutual-friend
Maiden Lane,Bower,523,our-mutual-friend
Maiden Lane,Boffin,523,our-mutual-friend
Maiden Lane,Battle Bridge,523,our-mutual-friend
Maiden Lane,Harmony Jail,523,our-mutual-friend
Maiden Lane,Wegg,523,our-mutual-friend
Maiden Lane,Wegg,523,our-mutual-friend
Battle Bridge,Boffin,523,our-mutual-friend
Battle Bridge,Bower,523,our-mutual-friend
Battle Bridge,Boffin,523,our-mutual-friend
Battle Bridge,Maiden Lane,523,our-mutual-friend
Battle Bridge,Harmony Jail,523,our-mutual-friend
Battle Bridge,Wegg,523,our-mutual-friend
Battle Bridge,Wegg,523,our-mutual-friend
Harmony Jail,Boffin,523,our-mutual-friend
Harmony Jail,Bower,523,our-mutual-friend
Harmony Jail,Boffin,523,our-mutual-friend
Harmony Jail,Maiden Lane,523,our-mutual-friend
Harmony Jail,Battle Bridge,523,our-mutual-friend
Harmony Jail,Wegg,523,our-mutual-friend
Harmony Jail,Wegg,523,our-mutual-friend
Wegg,Boffin,523,our-mutual-friend
Wegg,Bower,523,our-mutual-friend
Wegg,Boffin,523,our-mutual-friend
Wegg,Maiden Lane,523,our-mutual-friend
Wegg,Battle Bridge,523,our-mutual-friend
Wegg,Harmony Jail,523,our-mutual-friend
Wegg,Boffin,523,our-mutual-friend
Wegg,Bower,523,our-mutual-friend
Wegg,Boffin,523,our-mutual-friend
Wegg,Maiden Lane,523,our-mutual-friend
Wegg,Battle Bridge,523,our-mutual-friend
Wegg,Harmony Jail,523,our-mutual-friend
Boffin,Bower,525,our-mutual-friend
Bower,Boffin,525,our-mutual-friend
Bower,Fair Rosamond,526,our-mutual-friend
Bower,Harmony Jail,526,our-mutual-friend
Fair Rosamond,Bower,526,our-mutual-friend
Fair Rosamond,Harmony Jail,526,our-mutual-friend
Harmony Jail,Bower,526,our-mutual-friend
Harmony Jail,Fair Rosamond,526,our-mutual-friend
Harmon,Eddard,527,our-mutual-friend
Eddard,Harmon,527,our-mutual-friend
Wegg,Boffin,530,our-mutual-friend
Wegg,Bower,530,our-mutual-friend
Boffin,Wegg,530,our-mutual-friend
Boffin,Bower,530,our-mutual-friend
Bower,Wegg,530,our-mutual-friend
Bower,Boffin,530,our-mutual-friend
Eddard,Boffin,531,our-mutual-friend
Eddard,Bower,531,our-mutual-friend
Boffin,Eddard,531,our-mutual-friend
Boffin,Bower,531,our-mutual-friend
Bower,Eddard,531,our-mutual-friend
Bower,Boffin,531,our-mutual-friend
Eddard,Old Harmon,533,our-mutual-friend
Old Harmon,Eddard,533,our-mutual-friend
Harmon,Harmony Jail,537,our-mutual-friend
Harmony Jail,Harmon,537,our-mutual-friend
Eddard,Noddy Boffin,539,our-mutual-friend
Noddy Boffin,Eddard,539,our-mutual-friend
Noddy Boffin,Eddard,539,our-mutual-friend
Eddard,Noddy Boffin,539,our-mutual-friend
Edward,Wegg,540,our-mutual-friend
Edward,Boffin,540,our-mutual-friend
Wegg,Edward,540,our-mutual-friend
Wegg,Boffin,540,our-mutual-friend
Boffin,Edward,540,our-mutual-friend
Boffin,Wegg,540,our-mutual-friend
Edward,Wegg,541,our-mutual-friend
Edward,Eddard,541,our-mutual-friend
Wegg,Edward,541,our-mutual-friend
Wegg,Eddard,541,our-mutual-friend
Wegg,Edward,541,our-mutual-friend
Eddard,Edward,541,our-mutual-friend
Eddard,Wegg,541,our-mutual-friend
Eddard,Edward,541,our-mutual-friend
Edward,Wegg,541,our-mutual-friend
Edward,Eddard,541,our-mutual-friend
Wegg,Bower,542,our-mutual-friend
Bower,Wegg,542,our-mutual-friend
Wegg,Boffin,543,our-mutual-friend
Wegg,Fash,543,our-mutual-friend
Wegg,Henerietty,543,our-mutual-friend
Boffin,Wegg,543,our-mutual-friend
Boffin,Fash,543,our-mutual-friend
Boffin,Henerietty,543,our-mutual-friend
Fash,Wegg,543,our-mutual-friend
Fash,Boffin,543,our-mutual-friend
Fash,Henerietty,543,our-mutual-friend
Henerietty,Wegg,543,our-mutual-friend
Henerietty,Boffin,543,our-mutual-friend
Henerietty,Fash,543,our-mutual-friend
Wegg,Peculiar,547,our-mutual-friend
Peculiar,Wegg,547,our-mutual-friend
Wegg,Boffin,550,our-mutual-friend
Wegg,Bower,550,our-mutual-friend
Wegg,Boffin,550,our-mutual-friend
Wegg,Bower,550,our-mutual-friend
Wegg,Fashion,550,our-mutual-friend
Wegg,Mrs Boffin,550,our-mutual-friend
Wegg,Boffin,550,our-mutual-friend
Boffin,Wegg,550,our-mutual-friend
Boffin,Bower,550,our-mutual-friend
Boffin,Bower,550,our-mutual-friend
Boffin,Fashion,550,our-mutual-friend
Boffin,Mrs Boffin,550,our-mutual-friend
Bower,Wegg,550,our-mutual-friend
Bower,Boffin,550,our-mutual-friend
Bower,Boffin,550,our-mutual-friend
Bower,Fashion,550,our-mutual-friend
Bower,Mrs Boffin,550,our-mutual-friend
Bower,Boffin,550,our-mutual-friend
Boffin,Wegg,550,our-mutual-friend
Boffin,Bower,550,our-mutual-friend
Boffin,Bower,550,our-mutual-friend
Boffin,Fashion,550,our-mutual-friend
Boffin,Mrs Boffin,550,our-mutual-friend
Bower,Wegg,550,our-mutual-friend
Bower,Boffin,550,our-mutual-friend
Bower,Boffin,550,our-mutual-friend
Bower,Fashion,550,our-mutual-friend
Bower,Mrs Boffin,550,our-mutual-friend
Bower,Boffin,550,our-mutual-friend
Fashion,Wegg,550,our-mutual-friend
Fashion,Boffin,550,our-mutual-friend
Fashion,Bower,550,our-mutual-friend
Fashion,Boffin,550,our-mutual-friend
Fashion,Bower,550,our-mutual-friend
Fashion,Mrs Boffin,550,our-mutual-friend
Fashion,Boffin,550,our-mutual-friend
Mrs Boffin,Wegg,550,our-mutual-friend
Mrs Boffin,Boffin,550,our-mutual-friend
Mrs Boffin,Bower,550,our-mutual-friend
Mrs Boffin,Boffin,550,our-mutual-friend
Mrs Boffin,Bower,550,our-mutual-friend
Mrs Boffin,Fashion,550,our-mutual-friend
Mrs Boffin,Boffin,550,our-mutual-friend
Boffin,Wegg,550,our-mutual-friend
Boffin,Bower,550,our-mutual-friend
Boffin,Bower,550,our-mutual-friend
Boffin,Fashion,550,our-mutual-friend
Boffin,Mrs Boffin,550,our-mutual-friend
Wegg,Boffin,552,our-mutual-friend
Wegg,Canine Provision Trade,552,our-mutual-friend
Boffin,Wegg,552,our-mutual-friend
Boffin,Canine Provision Trade,552,our-mutual-friend
Canine Provision Trade,Wegg,552,our-mutual-friend
Canine Provision Trade,Boffin,552,our-mutual-friend
Sorry,Wegg,558,our-mutual-friend
Wegg,Sorry,558,our-mutual-friend
Boffin,Wegg,567,our-mutual-friend
Wegg,Boffin,567,our-mutual-friend
Boffin,Mrs Boffin,568,our-mutual-friend
Mrs Boffin,Boffin,568,our-mutual-friend
Hem,Wegg,569,our-mutual-friend
Hem,Lady,569,our-mutual-friend
Wegg,Hem,569,our-mutual-friend
Wegg,Lady,569,our-mutual-friend
Lady,Hem,569,our-mutual-friend
Lady,Wegg,569,our-mutual-friend
Wegg,Rooshan Empire,571,our-mutual-friend
Rooshan Empire,Wegg,571,our-mutual-friend
Wegg,Mrs Boffin,575,our-mutual-friend
Wegg,Boffin,575,our-mutual-friend
Mrs Boffin,Wegg,575,our-mutual-friend
Mrs Boffin,Boffin,575,our-mutual-friend
Boffin,Wegg,575,our-mutual-friend
Boffin,Mrs Boffin,575,our-mutual-friend
Beeious,Mrs Boffin,577,our-mutual-friend
Beeious,Titus Antoninus Pius,577,our-mutual-friend
Beeious,Wegg,577,our-mutual-friend
Beeious,Boffin,577,our-mutual-friend
Beeious,Tomorrow,577,our-mutual-friend
Mrs Boffin,Beeious,577,our-mutual-friend
Mrs Boffin,Titus Antoninus Pius,577,our-mutual-friend
Mrs Boffin,Wegg,577,our-mutual-friend
Mrs Boffin,Boffin,577,our-mutual-friend
Mrs Boffin,Tomorrow,577,our-mutual-friend
Titus Antoninus Pius,Beeious,577,our-mutual-friend
Titus Antoninus Pius,Mrs Boffin,577,our-mutual-friend
Titus Antoninus Pius,Wegg,577,our-mutual-friend
Titus Antoninus Pius,Boffin,577,our-mutual-friend
Titus Antoninus Pius,Tomorrow,577,our-mutual-friend
Wegg,Beeious,577,our-mutual-friend
Wegg,Mrs Boffin,577,our-mutual-friend
Wegg,Titus Antoninus Pius,577,our-mutual-friend
Wegg,Boffin,577,our-mutual-friend
Wegg,Tomorrow,577,our-mutual-friend
Boffin,Beeious,577,our-mutual-friend
Boffin,Mrs Boffin,577,our-mutual-friend
Boffin,Titus Antoninus Pius,577,our-mutual-friend
Boffin,Wegg,577,our-mutual-friend
Boffin,Tomorrow,577,our-mutual-friend
Tomorrow,Beeious,577,our-mutual-friend
Tomorrow,Mrs Boffin,577,our-mutual-friend
Tomorrow,Titus Antoninus Pius,577,our-mutual-friend
Tomorrow,Wegg,577,our-mutual-friend
Tomorrow,Boffin,577,our-mutual-friend
Wegg,Boffin,578,our-mutual-friend
Wegg,Boffin,578,our-mutual-friend
Boffin,Wegg,578,our-mutual-friend
Boffin,Wegg,578,our-mutual-friend
Purl,Flip,586,our-mutual-friend
Purl,Dog,586,our-mutual-friend
Purl,Nose,586,our-mutual-friend
Flip,Purl,586,our-mutual-friend
Flip,Dog,586,our-mutual-friend
Flip,Nose,586,our-mutual-friend
Flip,Purl,586,our-mutual-friend
Dog,Purl,586,our-mutual-friend
Dog,Flip,586,our-mutual-friend
Dog,Nose,586,our-mutual-friend
Dog,Purl,586,our-mutual-friend
Nose,Purl,586,our-mutual-friend
Nose,Flip,586,our-mutual-friend
Nose,Dog,586,our-mutual-friend
Nose,Purl,586,our-mutual-friend
Purl,Flip,586,our-mutual-friend
Purl,Dog,586,our-mutual-friend
Purl,Nose,586,our-mutual-friend
Miss Potterson,Miss Abbey Potterson,587,our-mutual-friend
Miss Potterson,Abbey,587,our-mutual-friend
Miss Potterson,Abigail,587,our-mutual-friend
Miss Abbey Potterson,Miss Potterson,587,our-mutual-friend
Miss Abbey Potterson,Abbey,587,our-mutual-friend
Miss Abbey Potterson,Abigail,587,our-mutual-friend
Miss Abbey Potterson,Miss Potterson,587,our-mutual-friend
Abbey,Miss Potterson,587,our-mutual-friend
Abbey,Miss Abbey Potterson,587,our-mutual-friend
Abbey,Abigail,587,our-mutual-friend
Abbey,Miss Potterson,587,our-mutual-friend
Abigail,Miss Potterson,587,our-mutual-friend
Abigail,Miss Abbey Potterson,587,our-mutual-friend
Abigail,Abbey,587,our-mutual-friend
Abigail,Miss Potterson,587,our-mutual-friend
Miss Potterson,Miss Abbey Potterson,587,our-mutual-friend
Miss Potterson,Abbey,587,our-mutual-friend
Miss Potterson,Abigail,587,our-mutual-friend
Riderhood,Miss Abbey Potterson,588,our-mutual-friend
Miss Abbey Potterson,Riderhood,588,our-mutual-friend
Miss,Potterson,597,our-mutual-friend
Potterson,Miss,597,our-mutual-friend
Certainly,Miss Potterson,602,our-mutual-friend
Miss Potterson,Certainly,602,our-mutual-friend
Gaffer,Miss Abbey,618,our-mutual-friend
Miss Abbey,Gaffer,618,our-mutual-friend
Miss,Abbey,620,our-mutual-friend
Miss,Miss Abbey,620,our-mutual-friend
Abbey,Miss,620,our-mutual-friend
Abbey,Miss Abbey,620,our-mutual-friend
Miss Abbey,Miss,620,our-mutual-friend
Miss Abbey,Abbey,620,our-mutual-friend
Gaffer,Miss Abbey,624,our-mutual-friend
Gaffer,George Jones,624,our-mutual-friend
Gaffer,Jones,624,our-mutual-friend
Gaffer,Miss Abbey,624,our-mutual-friend
Gaffer,William Williams,624,our-mutual-friend
Gaffer,Bob Glamour,624,our-mutual-friend
Gaffer,Jonathan,624,our-mutual-friend
Gaffer,Williams,624,our-mutual-friend
Gaffer,Bob,624,our-mutual-friend
Gaffer,Jonathan,624,our-mutual-friend
Gaffer,Miss Abbey,624,our-mutual-friend
Gaffer,Miss Abbey,624,our-mutual-friend
Gaffer,Miss Abbey,624,our-mutual-friend
Gaffer,Miss Abbey,624,our-mutual-friend
Gaffer,Tom Tootle,624,our-mutual-friend
Gaffer,Jack Mullins,624,our-mutual-friend
Gaffer,Tootle,624,our-mutual-friend
Gaffer,Mullins,624,our-mutual-friend
Gaffer,Miss Abbey,624,our-mutual-friend
Miss Abbey,Gaffer,624,our-mutual-friend
Miss Abbey,George Jones,624,our-mutual-friend
Miss Abbey,Jones,624,our-mutual-friend
Miss Abbey,William Williams,624,our-mutual-friend
Miss Abbey,Bob Glamour,624,our-mutual-friend
Miss Abbey,Jonathan,624,our-mutual-friend
Miss Abbey,Williams,624,our-mutual-friend
Miss Abbey,Bob,624,our-mutual-friend
Miss Abbey,Jonathan,624,our-mutual-friend
Miss Abbey,Tom Tootle,624,our-mutual-friend
Miss Abbey,Jack Mullins,624,our-mutual-friend
Miss Abbey,Tootle,624,our-mutual-friend
Miss Abbey,Mullins,624,our-mutual-friend
George Jones,Gaffer,624,our-mutual-friend
George Jones,Miss Abbey,624,our-mutual-friend
George Jones,Jones,624,our-mutual-friend
George Jones,Miss Abbey,624,our-mutual-friend
George Jones,William Williams,624,our-mutual-friend
George Jones,Bob Glamour,624,our-mutual-friend
George Jones,Jonathan,624,our-mutual-friend
George Jones,Williams,624,our-mutual-friend
George Jones,Bob,624,our-mutual-friend
George Jones,Jonathan,624,our-mutual-friend
George Jones,Miss Abbey,624,our-mutual-friend
George Jones,Miss Abbey,624,our-mutual-friend
George Jones,Miss Abbey,624,our-mutual-friend
George Jones,Miss Abbey,624,our-mutual-friend
George Jones,Tom Tootle,624,our-mutual-friend
George Jones,Jack Mullins,624,our-mutual-friend
George Jones,Tootle,624,our-mutual-friend
George Jones,Mullins,624,our-mutual-friend
George Jones,Miss Abbey,624,our-mutual-friend
Jones,Gaffer,624,our-mutual-friend
Jones,Miss Abbey,624,our-mutual-friend
Jones,George Jones,624,our-mutual-friend
Jones,Miss Abbey,624,our-mutual-friend
Jones,William Williams,624,our-mutual-friend
Jones,Bob Glamour,624,our-mutual-friend
Jones,Jonathan,624,our-mutual-friend
Jones,Williams,624,our-mutual-friend
Jones,Bob,624,our-mutual-friend
Jones,Jonathan,624,our-mutual-friend
Jones,Miss Abbey,624,our-mutual-friend
Jones,Miss Abbey,624,our-mutual-friend
Jones,Miss Abbey,624,our-mutual-friend
Jones,Miss Abbey,624,our-mutual-friend
Jones,Tom Tootle,624,our-mutual-friend
Jones,Jack Mullins,624,our-mutual-friend
Jones,Tootle,624,our-mutual-friend
Jones,Mullins,624,our-mutual-friend
Jones,Miss Abbey,624,our-mutual-friend
Miss Abbey,Gaffer,624,our-mutual-friend
Miss Abbey,George Jones,624,our-mutual-friend
Miss Abbey,Jones,624,our-mutual-friend
Miss Abbey,William Williams,624,our-mutual-friend
Miss Abbey,Bob Glamour,624,our-mutual-friend
Miss Abbey,Jonathan,624,our-mutual-friend
Miss Abbey,Williams,624,our-mutual-friend
Miss Abbey,Bob,624,our-mutual-friend
Miss Abbey,Jonathan,624,our-mutual-friend
Miss Abbey,Tom Tootle,624,our-mutual-friend
Miss Abbey,Jack Mullins,624,our-mutual-friend
Miss Abbey,Tootle,624,our-mutual-friend
Miss Abbey,Mullins,624,our-mutual-friend
William Williams,Gaffer,624,our-mutual-friend
William Williams,Miss Abbey,624,our-mutual-friend
William Williams,George Jones,624,our-mutual-friend
William Williams,Jones,624,our-mutual-friend
William Williams,Miss Abbey,624,our-mutual-friend
William Williams,Bob Glamour,624,our-mutual-friend
William Williams,Jonathan,624,our-mutual-friend
William Williams,Williams,624,our-mutual-friend
William Williams,Bob,624,our-mutual-friend
William Williams,Jonathan,624,our-mutual-friend
William Williams,Miss Abbey,624,our-mutual-friend
William Williams,Miss Abbey,624,our-mutual-friend
William Williams,Miss Abbey,624,our-mutual-friend
William Williams,Miss Abbey,624,our-mutual-friend
William Williams,Tom Tootle,624,our-mutual-friend
William Williams,Jack Mullins,624,our-mutual-friend
William Williams,Tootle,624,our-mutual-friend
William Williams,Mullins,624,our-mutual-friend
William Williams,Miss Abbey,624,our-mutual-friend
Bob Glamour,Gaffer,624,our-mutual-friend
Bob Glamour,Miss Abbey,624,our-mutual-friend
Bob Glamour,George Jones,624,our-mutual-friend
Bob Glamour,Jones,624,our-mutual-friend
Bob Glamour,Miss Abbey,624,our-mutual-friend
Bob Glamour,William Williams,624,our-mutual-friend
Bob Glamour,Jonathan,624,our-mutual-friend
Bob Glamour,Williams,624,our-mutual-friend
Bob Glamour,Bob,624,our-mutual-friend
Bob Glamour,Jonathan,624,our-mutual-friend
Bob Glamour,Miss Abbey,624,our-mutual-friend
Bob Glamour,Miss Abbey,624,our-mutual-friend
Bob Glamour,Miss Abbey,624,our-mutual-friend
Bob Glamour,Miss Abbey,624,our-mutual-friend
Bob Glamour,Tom Tootle,624,our-mutual-friend
Bob Glamour,Jack Mullins,624,our-mutual-friend
Bob Glamour,Tootle,624,our-mutual-friend
Bob Glamour,Mullins,624,our-mutual-friend
Bob Glamour,Miss Abbey,624,our-mutual-friend
Jonathan,Gaffer,624,our-mutual-friend
Jonathan,Miss Abbey,624,our-mutual-friend
Jonathan,George Jones,624,our-mutual-friend
Jonathan,Jones,624,our-mutual-friend
Jonathan,Miss Abbey,624,our-mutual-friend
Jonathan,William Williams,624,our-mutual-friend
Jonathan,Bob Glamour,624,our-mutual-friend
Jonathan,Williams,624,our-mutual-friend
Jonathan,Bob,624,our-mutual-friend
Jonathan,Miss Abbey,624,our-mutual-friend
Jonathan,Miss Abbey,624,our-mutual-friend
Jonathan,Miss Abbey,624,our-mutual-friend
Jonathan,Miss Abbey,624,our-mutual-friend
Jonathan,Tom Tootle,624,our-mutual-friend
Jonathan,Jack Mullins,624,our-mutual-friend
Jonathan,Tootle,624,our-mutual-friend
Jonathan,Mullins,624,our-mutual-friend
Jonathan,Miss Abbey,624,our-mutual-friend
Williams,Gaffer,624,our-mutual-friend
Williams,Miss Abbey,624,our-mutual-friend
Williams,George Jones,624,our-mutual-friend
Williams,Jones,624,our-mutual-friend
Williams,Miss Abbey,624,our-mutual-friend
Williams,William Williams,624,our-mutual-friend
Williams,Bob Glamour,624,our-mutual-friend
Williams,Jonathan,624,our-mutual-friend
Williams,Bob,624,our-mutual-friend
Williams,Jonathan,624,our-mutual-friend
Williams,Miss Abbey,624,our-mutual-friend
Williams,Miss Abbey,624,our-mutual-friend
Williams,Miss Abbey,624,our-mutual-friend
Williams,Miss Abbey,624,our-mutual-friend
Williams,Tom Tootle,624,our-mutual-friend
Williams,Jack Mullins,624,our-mutual-friend
Williams,Tootle,624,our-mutual-friend
Williams,Mullins,624,our-mutual-friend
Williams,Miss Abbey,624,our-mutual-friend
Bob,Gaffer,624,our-mutual-friend
Bob,Miss Abbey,624,our-mutual-friend
Bob,George Jones,624,our-mutual-friend
Bob,Jones,624,our-mutual-friend
Bob,Miss Abbey,624,our-mutual-friend
Bob,William Williams,624,our-mutual-friend
Bob,Bob Glamour,624,our-mutual-friend
Bob,Jonathan,624,our-mutual-friend
Bob,Williams,624,our-mutual-friend
Bob,Jonathan,624,our-mutual-friend
Bob,Miss Abbey,624,our-mutual-friend
Bob,Miss Abbey,624,our-mutual-friend
Bob,Miss Abbey,624,our-mutual-friend
Bob,Miss Abbey,624,our-mutual-friend
Bob,Tom Tootle,624,our-mutual-friend
Bob,Jack Mullins,624,our-mutual-friend
Bob,Tootle,624,our-mutual-friend
Bob,Mullins,624,our-mutual-friend
Bob,Miss Abbey,624,our-mutual-friend
Jonathan,Gaffer,624,our-mutual-friend
Jonathan,Miss Abbey,624,our-mutual-friend
Jonathan,George Jones,624,our-mutual-friend
Jonathan,Jones,624,our-mutual-friend
Jonathan,Miss Abbey,624,our-mutual-friend
Jonathan,William Williams,624,our-mutual-friend
Jonathan,Bob Glamour,624,our-mutual-friend
Jonathan,Williams,624,our-mutual-friend
Jonathan,Bob,624,our-mutual-friend
Jonathan,Miss Abbey,624,our-mutual-friend
Jonathan,Miss Abbey,624,our-mutual-friend
Jonathan,Miss Abbey,624,our-mutual-friend
Jonathan,Miss Abbey,624,our-mutual-friend
Jonathan,Tom Tootle,624,our-mutual-friend
Jonathan,Jack Mullins,624,our-mutual-friend
Jonathan,Tootle,624,our-mutual-friend
Jonathan,Mullins,624,our-mutual-friend
Jonathan,Miss Abbey,624,our-mutual-friend
Miss Abbey,Gaffer,624,our-mutual-friend
Miss Abbey,George Jones,624,our-mutual-friend
Miss Abbey,Jones,624,our-mutual-friend
Miss Abbey,William Williams,624,our-mutual-friend
Miss Abbey,Bob Glamour,624,our-mutual-friend
Miss Abbey,Jonathan,624,our-mutual-friend
Miss Abbey,Williams,624,our-mutual-friend
Miss Abbey,Bob,624,our-mutual-friend
Miss Abbey,Jonathan,624,our-mutual-friend
Miss Abbey,Tom Tootle,624,our-mutual-friend
Miss Abbey,Jack Mullins,624,our-mutual-friend
Miss Abbey,Tootle,624,our-mutual-friend
Miss Abbey,Mullins,624,our-mutual-friend
Miss Abbey,Gaffer,624,our-mutual-friend
Miss Abbey,George Jones,624,our-mutual-friend
Miss Abbey,Jones,624,our-mutual-friend
Miss Abbey,William Williams,624,our-mutual-friend
Miss Abbey,Bob Glamour,624,our-mutual-friend
Miss Abbey,Jonathan,624,our-mutual-friend
Miss Abbey,Williams,624,our-mutual-friend
Miss Abbey,Bob,624,our-mutual-friend
Miss Abbey,Jonathan,624,our-mutual-friend
Miss Abbey,Tom Tootle,624,our-mutual-friend
Miss Abbey,Jack Mullins,624,our-mutual-friend
Miss Abbey,Tootle,624,our-mutual-friend
Miss Abbey,Mullins,624,our-mutual-friend
Miss Abbey,Gaffer,624,our-mutual-friend
Miss Abbey,George Jones,624,our-mutual-friend
Miss Abbey,Jones,624,our-mutual-friend
Miss Abbey,William Williams,624,our-mutual-friend
Miss Abbey,Bob Glamour,624,our-mutual-friend
Miss Abbey,Jonathan,624,our-mutual-friend
Miss Abbey,Williams,624,our-mutual-friend
Miss Abbey,Bob,624,our-mutual-friend
Miss Abbey,Jonathan,624,our-mutual-friend
Miss Abbey,Tom Tootle,624,our-mutual-friend
Miss Abbey,Jack Mullins,624,our-mutual-friend
Miss Abbey,Tootle,624,our-mutual-friend
Miss Abbey,Mullins,624,our-mutual-friend
Miss Abbey,Gaffer,624,our-mutual-friend
Miss Abbey,George Jones,624,our-mutual-friend
Miss Abbey,Jones,624,our-mutual-friend
Miss Abbey,William Williams,624,our-mutual-friend
Miss Abbey,Bob Glamour,624,our-mutual-friend
Miss Abbey,Jonathan,624,our-mutual-friend
Miss Abbey,Williams,624,our-mutual-friend
Miss Abbey,Bob,624,our-mutual-friend
Miss Abbey,Jonathan,624,our-mutual-friend
Miss Abbey,Tom Tootle,624,our-mutual-friend
Miss Abbey,Jack Mullins,624,our-mutual-friend
Miss Abbey,Tootle,624,our-mutual-friend
Miss Abbey,Mullins,624,our-mutual-friend
Tom Tootle,Gaffer,624,our-mutual-friend
Tom Tootle,Miss Abbey,624,our-mutual-friend
Tom Tootle,George Jones,624,our-mutual-friend
Tom Tootle,Jones,624,our-mutual-friend
Tom Tootle,Miss Abbey,624,our-mutual-friend
Tom Tootle,William Williams,624,our-mutual-friend
Tom Tootle,Bob Glamour,624,our-mutual-friend
Tom Tootle,Jonathan,624,our-mutual-friend
Tom Tootle,Williams,624,our-mutual-friend
Tom Tootle,Bob,624,our-mutual-friend
Tom Tootle,Jonathan,624,our-mutual-friend
Tom Tootle,Miss Abbey,624,our-mutual-friend
Tom Tootle,Miss Abbey,624,our-mutual-friend
Tom Tootle,Miss Abbey,624,our-mutual-friend
Tom Tootle,Miss Abbey,624,our-mutual-friend
Tom Tootle,Jack Mullins,624,our-mutual-friend
Tom Tootle,Tootle,624,our-mutual-friend
Tom Tootle,Mullins,624,our-mutual-friend
Tom Tootle,Miss Abbey,624,our-mutual-friend
Jack Mullins,Gaffer,624,our-mutual-friend
Jack Mullins,Miss Abbey,624,our-mutual-friend
Jack Mullins,George Jones,624,our-mutual-friend
Jack Mullins,Jones,624,our-mutual-friend
Jack Mullins,Miss Abbey,624,our-mutual-friend
Jack Mullins,William Williams,624,our-mutual-friend
Jack Mullins,Bob Glamour,624,our-mutual-friend
Jack Mullins,Jonathan,624,our-mutual-friend
Jack Mullins,Williams,624,our-mutual-friend
Jack Mullins,Bob,624,our-mutual-friend
Jack Mullins,Jonathan,624,our-mutual-friend
Jack Mullins,Miss Abbey,624,our-mutual-friend
Jack Mullins,Miss Abbey,624,our-mutual-friend
Jack Mullins,Miss Abbey,624,our-mutual-friend
Jack Mullins,Miss Abbey,624,our-mutual-friend
Jack Mullins,Tom Tootle,624,our-mutual-friend
Jack Mullins,Tootle,624,our-mutual-friend
Jack Mullins,Mullins,624,our-mutual-friend
Jack Mullins,Miss Abbey,624,our-mutual-friend
Tootle,Gaffer,624,our-mutual-friend
Tootle,Miss Abbey,624,our-mutual-friend
Tootle,George Jones,624,our-mutual-friend
Tootle,Jones,624,our-mutual-friend
Tootle,Miss Abbey,624,our-mutual-friend
Tootle,William Williams,624,our-mutual-friend
Tootle,Bob Glamour,624,our-mutual-friend
Tootle,Jonathan,624,our-mutual-friend
Tootle,Williams,624,our-mutual-friend
Tootle,Bob,624,our-mutual-friend
Tootle,Jonathan,624,our-mutual-friend
Tootle,Miss Abbey,624,our-mutual-friend
Tootle,Miss Abbey,624,our-mutual-friend
Tootle,Miss Abbey,624,our-mutual-friend
Tootle,Miss Abbey,624,our-mutual-friend
Tootle,Tom Tootle,624,our-mutual-friend
Tootle,Jack Mullins,624,our-mutual-friend
Tootle,Mullins,624,our-mutual-friend
Tootle,Miss Abbey,624,our-mutual-friend
Mullins,Gaffer,624,our-mutual-friend
Mullins,Miss Abbey,624,our-mutual-friend
Mullins,George Jones,624,our-mutual-friend
Mullins,Jones,624,our-mutual-friend
Mullins,Miss Abbey,624,our-mutual-friend
Mullins,William Williams,624,our-mutual-friend
Mullins,Bob Glamour,624,our-mutual-friend
Mullins,Jonathan,624,our-mutual-friend
Mullins,Williams,624,our-mutual-friend
Mullins,Bob,624,our-mutual-friend
Mullins,Jonathan,624,our-mutual-friend
Mullins,Miss Abbey,624,our-mutual-friend
Mullins,Miss Abbey,624,our-mutual-friend
Mullins,Miss Abbey,624,our-mutual-friend
Mullins,Miss Abbey,624,our-mutual-friend
Mullins,Tom Tootle,624,our-mutual-friend
Mullins,Jack Mullins,624,our-mutual-friend
Mullins,Tootle,624,our-mutual-friend
Mullins,Miss Abbey,624,our-mutual-friend
Miss Abbey,Gaffer,624,our-mutual-friend
Miss Abbey,George Jones,624,our-mutual-friend
Miss Abbey,Jones,624,our-mutual-friend
Miss Abbey,William Williams,624,our-mutual-friend
Miss Abbey,Bob Glamour,624,our-mutual-friend
Miss Abbey,Jonathan,624,our-mutual-friend
Miss Abbey,Williams,624,our-mutual-friend
Miss Abbey,Bob,624,our-mutual-friend
Miss Abbey,Jonathan,624,our-mutual-friend
Miss Abbey,Tom Tootle,624,our-mutual-friend
Miss Abbey,Jack Mullins,624,our-mutual-friend
Miss Abbey,Tootle,624,our-mutual-friend
Miss Abbey,Mullins,624,our-mutual-friend
Miss Abbey,Riderhood,625,our-mutual-friend
Miss Abbey,Riderhood,625,our-mutual-friend
Miss Abbey,Riderhood,625,our-mutual-friend
Riderhood,Miss Abbey,625,our-mutual-friend
Riderhood,Miss Abbey,625,our-mutual-friend
Riderhood,Miss Abbey,625,our-mutual-friend
Gliddery,Miss Abbey,626,our-mutual-friend
Gliddery,Hexam,626,our-mutual-friend
Gliddery,Lizzie,626,our-mutual-friend
Miss Abbey,Gliddery,626,our-mutual-friend
Miss Abbey,Hexam,626,our-mutual-friend
Miss Abbey,Lizzie,626,our-mutual-friend
Hexam,Gliddery,626,our-mutual-friend
Hexam,Miss Abbey,626,our-mutual-friend
Hexam,Lizzie,626,our-mutual-friend
Lizzie,Gliddery,626,our-mutual-friend
Lizzie,Miss Abbey,626,our-mutual-friend
Lizzie,Hexam,626,our-mutual-friend
Bob Gliddery,Lizzie,627,our-mutual-friend
Bob Gliddery,Miss Potterson,627,our-mutual-friend
Lizzie,Bob Gliddery,627,our-mutual-friend
Lizzie,Miss Potterson,627,our-mutual-friend
Miss Potterson,Bob Gliddery,627,our-mutual-friend
Miss Potterson,Lizzie,627,our-mutual-friend
Don,Gliddery,634,our-mutual-friend
Gliddery,Don,634,our-mutual-friend
Lizzie Hexam,Miss Potterson,636,our-mutual-friend
Lizzie Hexam,Miss Potterson,636,our-mutual-friend
Miss Potterson,Lizzie Hexam,636,our-mutual-friend
Miss Potterson,Lizzie Hexam,636,our-mutual-friend
Miss Potterson,Which,642,our-mutual-friend
Which,Miss Potterson,642,our-mutual-friend
Never,Miss Potterson,646,our-mutual-friend
Never,Lizzie Hexam,646,our-mutual-friend
Never,Lizzie Hexam,646,our-mutual-friend
Miss Potterson,Never,646,our-mutual-friend
Miss Potterson,Lizzie Hexam,646,our-mutual-friend
Miss Potterson,Lizzie Hexam,646,our-mutual-friend
Lizzie Hexam,Never,646,our-mutual-friend
Lizzie Hexam,Miss Potterson,646,our-mutual-friend
Lizzie Hexam,Never,646,our-mutual-friend
Lizzie Hexam,Miss Potterson,646,our-mutual-friend
Say,Miss Abbey,650,our-mutual-friend
Miss Abbey,Say,650,our-mutual-friend
Lizzie,Miss Abbey,653,our-mutual-friend
Miss Abbey,Lizzie,653,our-mutual-friend
Lizzie,Riderhood,656,our-mutual-friend
Lizzie,Miss,656,our-mutual-friend
Riderhood,Lizzie,656,our-mutual-friend
Riderhood,Miss,656,our-mutual-friend
Miss,Lizzie,656,our-mutual-friend
Miss,Riderhood,656,our-mutual-friend
Father,Miss Abbey,658,our-mutual-friend
Miss Abbey,Father,658,our-mutual-friend
Lizzie,Miss Potterson,666,our-mutual-friend
Lizzie,Don,666,our-mutual-friend
Miss Potterson,Lizzie,666,our-mutual-friend
Miss Potterson,Don,666,our-mutual-friend
Don,Lizzie,666,our-mutual-friend
Don,Miss Potterson,666,our-mutual-friend
Miss,Lizzie Hexam,672,our-mutual-friend
Lizzie Hexam,Miss,672,our-mutual-friend
Miss Potterson,Missis,676,our-mutual-friend
Missis,Miss Potterson,676,our-mutual-friend
Lizzie Hexam,Miss Abbey,677,our-mutual-friend
Lizzie Hexam,Murder,677,our-mutual-friend
Miss Abbey,Lizzie Hexam,677,our-mutual-friend
Miss Abbey,Murder,677,our-mutual-friend
Murder,Lizzie Hexam,677,our-mutual-friend
Murder,Miss Abbey,677,our-mutual-friend
Riderhood,Death,678,our-mutual-friend
Riderhood,Death,678,our-mutual-friend
Riderhood,Death,678,our-mutual-friend
Riderhood,Death,678,our-mutual-friend
Death,Riderhood,678,our-mutual-friend
Death,Riderhood,678,our-mutual-friend
Death,Riderhood,678,our-mutual-friend
Death,Riderhood,678,our-mutual-friend
Father,Charley,681,our-mutual-friend
Charley,Father,681,our-mutual-friend
Charley,Poor Charley,683,our-mutual-friend
Poor Charley,Charley,683,our-mutual-friend
Get,Charley,694,our-mutual-friend
Charley,Get,694,our-mutual-friend
Charley,Heaven,712,our-mutual-friend
Charley,Heaven,712,our-mutual-friend
Heaven,Charley,712,our-mutual-friend
Heaven,Charley,712,our-mutual-friend
Gaffer,Lizzie,724,our-mutual-friend
Lizzie,Gaffer,724,our-mutual-friend
Gaffer,Ain,730,our-mutual-friend
Ain,Gaffer,730,our-mutual-friend
Silas,Boffin,761,our-mutual-friend
Silas,Which,761,our-mutual-friend
Boffin,Silas,761,our-mutual-friend
Boffin,Silas,761,our-mutual-friend
Boffin,Which,761,our-mutual-friend
Silas,Boffin,761,our-mutual-friend
Silas,Which,761,our-mutual-friend
Which,Silas,761,our-mutual-friend
Which,Boffin,761,our-mutual-friend
Which,Silas,761,our-mutual-friend
Venus,Wegg,776,our-mutual-friend
Venus,Cock Robin,776,our-mutual-friend
Wegg,Venus,776,our-mutual-friend
Wegg,Venus,776,our-mutual-friend
Wegg,Cock Robin,776,our-mutual-friend
Venus,Wegg,776,our-mutual-friend
Venus,Cock Robin,776,our-mutual-friend
Cock Robin,Venus,776,our-mutual-friend
Cock Robin,Wegg,776,our-mutual-friend
Cock Robin,Venus,776,our-mutual-friend
Venus,Don,785,our-mutual-friend
Don,Venus,785,our-mutual-friend
Don,Molars,803,our-mutual-friend
Don,Molars,803,our-mutual-friend
Molars,Don,803,our-mutual-friend
Molars,Don,803,our-mutual-friend
Tools,Bones,807,our-mutual-friend
Tools,Skulls,807,our-mutual-friend
Tools,Say,807,our-mutual-friend
Tools,Articulated English,807,our-mutual-friend
Tools,Dogs,807,our-mutual-friend
Tools,Ducks,807,our-mutual-friend
Tools,Mummied,807,our-mutual-friend
Tools,Dried,807,our-mutual-friend
Bones,Tools,807,our-mutual-friend
Bones,Skulls,807,our-mutual-friend
Bones,Say,807,our-mutual-friend
Bones,Articulated English,807,our-mutual-friend
Bones,Dogs,807,our-mutual-friend
Bones,Ducks,807,our-mutual-friend
Bones,Mummied,807,our-mutual-friend
Bones,Dried,807,our-mutual-friend
Skulls,Tools,807,our-mutual-friend
Skulls,Bones,807,our-mutual-friend
Skulls,Say,807,our-mutual-friend
Skulls,Articulated English,807,our-mutual-friend
Skulls,Dogs,807,our-mutual-friend
Skulls,Ducks,807,our-mutual-friend
Skulls,Mummied,807,our-mutual-friend
Skulls,Dried,807,our-mutual-friend
Say,Tools,807,our-mutual-friend
Say,Bones,807,our-mutual-friend
Say,Skulls,807,our-mutual-friend
Say,Articulated English,807,our-mutual-friend
Say,Dogs,807,our-mutual-friend
Say,Ducks,807,our-mutual-friend
Say,Mummied,807,our-mutual-friend
Say,Dried,807,our-mutual-friend
Articulated English,Tools,807,our-mutual-friend
Articulated English,Bones,807,our-mutual-friend
Articulated English,Skulls,807,our-mutual-friend
Articulated English,Say,807,our-mutual-friend
Articulated English,Dogs,807,our-mutual-friend
Articulated English,Ducks,807,our-mutual-friend
Articulated English,Mummied,807,our-mutual-friend
Articulated English,Dried,807,our-mutual-friend
Dogs,Tools,807,our-mutual-friend
Dogs,Bones,807,our-mutual-friend
Dogs,Skulls,807,our-mutual-friend
Dogs,Say,807,our-mutual-friend
Dogs,Articulated English,807,our-mutual-friend
Dogs,Ducks,807,our-mutual-friend
Dogs,Mummied,807,our-mutual-friend
Dogs,Dried,807,our-mutual-friend
Ducks,Tools,807,our-mutual-friend
Ducks,Bones,807,our-mutual-friend
Ducks,Skulls,807,our-mutual-friend
Ducks,Say,807,our-mutual-friend
Ducks,Articulated English,807,our-mutual-friend
Ducks,Dogs,807,our-mutual-friend
Ducks,Mummied,807,our-mutual-friend
Ducks,Dried,807,our-mutual-friend
Mummied,Tools,807,our-mutual-friend
Mummied,Bones,807,our-mutual-friend
Mummied,Skulls,807,our-mutual-friend
Mummied,Say,807,our-mutual-friend
Mummied,Articulated English,807,our-mutual-friend
Mummied,Dogs,807,our-mutual-friend
Mummied,Ducks,807,our-mutual-friend
Mummied,Dried,807,our-mutual-friend
Dried,Tools,807,our-mutual-friend
Dried,Bones,807,our-mutual-friend
Dried,Skulls,807,our-mutual-friend
Dried,Say,807,our-mutual-friend
Dried,Articulated English,807,our-mutual-friend
Dried,Dogs,807,our-mutual-friend
Dried,Ducks,807,our-mutual-friend
Dried,Mummied,807,our-mutual-friend
Silas,Venus,838,our-mutual-friend
Venus,Silas,838,our-mutual-friend
Harmon,Battle Bridge,845,our-mutual-friend
Battle Bridge,Harmon,845,our-mutual-friend
Hindoo,Cock Robin,858,our-mutual-friend
Hindoo,Venus,858,our-mutual-friend
Cock Robin,Hindoo,858,our-mutual-friend
Cock Robin,Venus,858,our-mutual-friend
Venus,Hindoo,858,our-mutual-friend
Venus,Cock Robin,858,our-mutual-friend
Book,Blight,869,our-mutual-friend
Book,Balley,869,our-mutual-friend
Book,Calley,869,our-mutual-friend
Book,Dalley,869,our-mutual-friend
Book,Galley,869,our-mutual-friend
Book,Malley,869,our-mutual-friend
Blight,Book,869,our-mutual-friend
Blight,Balley,869,our-mutual-friend
Blight,Calley,869,our-mutual-friend
Blight,Dalley,869,our-mutual-friend
Blight,Galley,869,our-mutual-friend
Blight,Malley,869,our-mutual-friend
Balley,Book,869,our-mutual-friend
Balley,Blight,869,our-mutual-friend
Balley,Calley,869,our-mutual-friend
Balley,Dalley,869,our-mutual-friend
Balley,Galley,869,our-mutual-friend
Balley,Malley,869,our-mutual-friend
Calley,Book,869,our-mutual-friend
Calley,Blight,869,our-mutual-friend
Calley,Balley,869,our-mutual-friend
Calley,Dalley,869,our-mutual-friend
Calley,Galley,869,our-mutual-friend
Calley,Malley,869,our-mutual-friend
Dalley,Book,869,our-mutual-friend
Dalley,Blight,869,our-mutual-friend
Dalley,Balley,869,our-mutual-friend
Dalley,Calley,869,our-mutual-friend
Dalley,Galley,869,our-mutual-friend
Dalley,Malley,869,our-mutual-friend
Galley,Book,869,our-mutual-friend
Galley,Blight,869,our-mutual-friend
Galley,Balley,869,our-mutual-friend
Galley,Calley,869,our-mutual-friend
Galley,Dalley,869,our-mutual-friend
Galley,Malley,869,our-mutual-friend
Malley,Book,869,our-mutual-friend
Malley,Blight,869,our-mutual-friend
Malley,Balley,869,our-mutual-friend
Malley,Calley,869,our-mutual-friend
Malley,Dalley,869,our-mutual-friend
Malley,Galley,869,our-mutual-friend
Blight,Boffin,886,our-mutual-friend
Blight,Boffin,886,our-mutual-friend
Boffin,Blight,886,our-mutual-friend
Boffin,Blight,886,our-mutual-friend
Law Practice,Law Reports,887,our-mutual-friend
Law Practice,Lightwood,887,our-mutual-friend
Law Reports,Law Practice,887,our-mutual-friend
Law Reports,Lightwood,887,our-mutual-friend
Lightwood,Law Practice,887,our-mutual-friend
Lightwood,Law Reports,887,our-mutual-friend
Lightwood,Boffin,888,our-mutual-friend
Boffin,Lightwood,888,our-mutual-friend
Mrs Boffin,Boffin,901,our-mutual-friend
Mrs Boffin,Which,901,our-mutual-friend
Mrs Boffin,Boffin,901,our-mutual-friend
Mrs Boffin,Which,901,our-mutual-friend
Boffin,Mrs Boffin,901,our-mutual-friend
Boffin,Mrs Boffin,901,our-mutual-friend
Boffin,Mrs Boffin,901,our-mutual-friend
Boffin,Which,901,our-mutual-friend
Mrs Boffin,Boffin,901,our-mutual-friend
Mrs Boffin,Which,901,our-mutual-friend
Which,Mrs Boffin,901,our-mutual-friend
Which,Mrs Boffin,901,our-mutual-friend
Which,Boffin,901,our-mutual-friend
Which,Mrs Boffin,901,our-mutual-friend
Lightwood,Boffin,902,our-mutual-friend
Boffin,Lightwood,902,our-mutual-friend
Lightwood,Boffin,904,our-mutual-friend
Lightwood,Agincourt,904,our-mutual-friend
Boffin,Lightwood,904,our-mutual-friend
Boffin,Agincourt,904,our-mutual-friend
Agincourt,Lightwood,904,our-mutual-friend
Agincourt,Boffin,904,our-mutual-friend
Paul,Churchyard,907,our-mutual-friend
Churchyard,Paul,907,our-mutual-friend
Doctor Scommons,Doctor S.,909,our-mutual-friend
Doctor Scommons,Mrs Boffin,909,our-mutual-friend
Doctor S.,Doctor Scommons,909,our-mutual-friend
Doctor S.,Mrs Boffin,909,our-mutual-friend
Mrs Boffin,Doctor Scommons,909,our-mutual-friend
Mrs Boffin,Doctor S.,909,our-mutual-friend
Boffin,Lightwood,920,our-mutual-friend
Lightwood,Boffin,920,our-mutual-friend
Eugene Wrayburn,Lightwood,927,our-mutual-friend
Eugene Wrayburn,Wrayburn,927,our-mutual-friend
Eugene Wrayburn,Boffin,927,our-mutual-friend
Lightwood,Eugene Wrayburn,927,our-mutual-friend
Lightwood,Wrayburn,927,our-mutual-friend
Lightwood,Boffin,927,our-mutual-friend
Wrayburn,Eugene Wrayburn,927,our-mutual-friend
Wrayburn,Lightwood,927,our-mutual-friend
Wrayburn,Boffin,927,our-mutual-friend
Boffin,Eugene Wrayburn,927,our-mutual-friend
Boffin,Lightwood,927,our-mutual-friend
Boffin,Wrayburn,927,our-mutual-friend
Delighted,Eugene,928,our-mutual-friend
Eugene,Delighted,928,our-mutual-friend
Eugene,Death,940,our-mutual-friend
Death,Eugene,940,our-mutual-friend
Boffin,Fleet Street,942,our-mutual-friend
Fleet Street,Boffin,942,our-mutual-friend
Boffin,Clifford,961,our-mutual-friend
Clifford,Boffin,961,our-mutual-friend
Boffin,Clifford,982,our-mutual-friend
Boffin,Inn,982,our-mutual-friend
Clifford,Boffin,982,our-mutual-friend
Clifford,Inn,982,our-mutual-friend
Inn,Boffin,982,our-mutual-friend
Inn,Clifford,982,our-mutual-friend
Rokesmith,Wilfer,983,our-mutual-friend
Wilfer,Rokesmith,983,our-mutual-friend
Boffin,Queer,996,our-mutual-friend
Queer,Boffin,996,our-mutual-friend
Mrs Boffin,Boffin,998,our-mutual-friend
Boffin,Mrs Boffin,998,our-mutual-friend
Boffin,Bower,1002,our-mutual-friend
Boffin,Harmon,1002,our-mutual-friend
Bower,Boffin,1002,our-mutual-friend
Bower,Harmon,1002,our-mutual-friend
Harmon,Boffin,1002,our-mutual-friend
Harmon,Bower,1002,our-mutual-friend
Harmoon,Harmarn,1003,our-mutual-friend
Harmarn,Harmoon,1003,our-mutual-friend
Noddy,Mrs Boffin,1010,our-mutual-friend
Noddy,Society,1010,our-mutual-friend
Mrs Boffin,Noddy,1010,our-mutual-friend
Mrs Boffin,Society,1010,our-mutual-friend
Society,Noddy,1010,our-mutual-friend
Society,Mrs Boffin,1010,our-mutual-friend
True,Boffin,1019,our-mutual-friend
Boffin,True,1019,our-mutual-friend
Noddy,Mrs Boffin,1029,our-mutual-friend
Noddy,Don,1029,our-mutual-friend
Mrs Boffin,Noddy,1029,our-mutual-friend
Mrs Boffin,Don,1029,our-mutual-friend
Don,Noddy,1029,our-mutual-friend
Don,Mrs Boffin,1029,our-mutual-friend
Boffin,John Harmon,1031,our-mutual-friend
Boffin,John,1031,our-mutual-friend
Boffin,Somehow,1031,our-mutual-friend
John Harmon,Boffin,1031,our-mutual-friend
John Harmon,John,1031,our-mutual-friend
John Harmon,Somehow,1031,our-mutual-friend
John,Boffin,1031,our-mutual-friend
John,John Harmon,1031,our-mutual-friend
John,Somehow,1031,our-mutual-friend
Somehow,Boffin,1031,our-mutual-friend
Somehow,John Harmon,1031,our-mutual-friend
Somehow,John,1031,our-mutual-friend
Evil,Good,1037,our-mutual-friend
Good,Evil,1037,our-mutual-friend
Mrs Boffin,Fashion,1039,our-mutual-friend
Mrs Boffin,Boffin,1039,our-mutual-friend
Mrs Boffin,Miss Bella Wilfer,1039,our-mutual-friend
Fashion,Mrs Boffin,1039,our-mutual-friend
Fashion,Boffin,1039,our-mutual-friend
Fashion,Miss Bella Wilfer,1039,our-mutual-friend
Fashion,Mrs Boffin,1039,our-mutual-friend
Boffin,Mrs Boffin,1039,our-mutual-friend
Boffin,Fashion,1039,our-mutual-friend
Boffin,Miss Bella Wilfer,1039,our-mutual-friend
Boffin,Mrs Boffin,1039,our-mutual-friend
Miss Bella Wilfer,Mrs Boffin,1039,our-mutual-friend
Miss Bella Wilfer,Fashion,1039,our-mutual-friend
Miss Bella Wilfer,Boffin,1039,our-mutual-friend
Miss Bella Wilfer,Mrs Boffin,1039,our-mutual-friend
Mrs Boffin,Fashion,1039,our-mutual-friend
Mrs Boffin,Boffin,1039,our-mutual-friend
Mrs Boffin,Miss Bella Wilfer,1039,our-mutual-friend
Mrs Boffin,Down,1041,our-mutual-friend
Down,Mrs Boffin,1041,our-mutual-friend
Boffin,Milvey,1043,our-mutual-friend
Milvey,Boffin,1043,our-mutual-friend
Milvey,Boffin,1043,our-mutual-friend
Boffin,Milvey,1043,our-mutual-friend
Milvey,Mrs Boffin,1044,our-mutual-friend
Mrs Boffin,Milvey,1044,our-mutual-friend
Milvey,Curates,1048,our-mutual-friend
Curates,Milvey,1048,our-mutual-friend
Milvey,Mrs Milvey,1050,our-mutual-friend
Mrs Milvey,Milvey,1050,our-mutual-friend
Mrs Milvey,Milvey,1050,our-mutual-friend
Milvey,Mrs Milvey,1050,our-mutual-friend
Milvey,Mrs Boffin,1072,our-mutual-friend
Mrs Boffin,Milvey,1072,our-mutual-friend
Milvey,Which Mrs Milvey,1076,our-mutual-friend
Milvey,Margaretta,1076,our-mutual-friend
Which Mrs Milvey,Milvey,1076,our-mutual-friend
Which Mrs Milvey,Milvey,1076,our-mutual-friend
Which Mrs Milvey,Margaretta,1076,our-mutual-friend
Milvey,Which Mrs Milvey,1076,our-mutual-friend
Milvey,Margaretta,1076,our-mutual-friend
Margaretta,Milvey,1076,our-mutual-friend
Margaretta,Which Mrs Milvey,1076,our-mutual-friend
Margaretta,Milvey,1076,our-mutual-friend
Mrs Milvey,Mrs Boffin,1079,our-mutual-friend
Mrs Milvey,Boffin,1079,our-mutual-friend
Mrs Milvey,Milvey,1079,our-mutual-friend
Mrs Milvey,Milvey,1079,our-mutual-friend
Mrs Boffin,Mrs Milvey,1079,our-mutual-friend
Mrs Boffin,Boffin,1079,our-mutual-friend
Mrs Boffin,Milvey,1079,our-mutual-friend
Mrs Boffin,Milvey,1079,our-mutual-friend
Mrs Boffin,Mrs Milvey,1079,our-mutual-friend
Boffin,Mrs Milvey,1079,our-mutual-friend
Boffin,Mrs Boffin,1079,our-mutual-friend
Boffin,Milvey,1079,our-mutual-friend
Boffin,Milvey,1079,our-mutual-friend
Boffin,Mrs Milvey,1079,our-mutual-friend
Milvey,Mrs Milvey,1079,our-mutual-friend
Milvey,Mrs Boffin,1079,our-mutual-friend
Milvey,Boffin,1079,our-mutual-friend
Milvey,Mrs Milvey,1079,our-mutual-friend
Milvey,Mrs Milvey,1079,our-mutual-friend
Milvey,Mrs Boffin,1079,our-mutual-friend
Milvey,Boffin,1079,our-mutual-friend
Milvey,Mrs Milvey,1079,our-mutual-friend
Mrs Milvey,Mrs Boffin,1079,our-mutual-friend
Mrs Milvey,Boffin,1079,our-mutual-friend
Mrs Milvey,Milvey,1079,our-mutual-friend
Mrs Milvey,Milvey,1079,our-mutual-friend
Wilfer,Miss Lavinia,1081,our-mutual-friend
Miss Lavinia,Wilfer,1081,our-mutual-friend
Miss,Lavinia,1085,our-mutual-friend
Miss,Miss Lavinia,1085,our-mutual-friend
Lavinia,Miss,1085,our-mutual-friend
Lavinia,Miss Lavinia,1085,our-mutual-friend
Miss Lavinia,Miss,1085,our-mutual-friend
Miss Lavinia,Lavinia,1085,our-mutual-friend
Mrs Boffin,Miss Lavinia,1086,our-mutual-friend
Mrs Boffin,Wilfer,1086,our-mutual-friend
Mrs Boffin,Miss Bella,1086,our-mutual-friend
Mrs Boffin,George Sampson,1086,our-mutual-friend
Miss Lavinia,Mrs Boffin,1086,our-mutual-friend
Miss Lavinia,Wilfer,1086,our-mutual-friend
Miss Lavinia,Miss Bella,1086,our-mutual-friend
Miss Lavinia,George Sampson,1086,our-mutual-friend
Wilfer,Mrs Boffin,1086,our-mutual-friend
Wilfer,Miss Lavinia,1086,our-mutual-friend
Wilfer,Miss Bella,1086,our-mutual-friend
Wilfer,George Sampson,1086,our-mutual-friend
Miss Bella,Mrs Boffin,1086,our-mutual-friend
Miss Bella,Miss Lavinia,1086,our-mutual-friend
Miss Bella,Wilfer,1086,our-mutual-friend
Miss Bella,George Sampson,1086,our-mutual-friend
George Sampson,Mrs Boffin,1086,our-mutual-friend
George Sampson,Miss Lavinia,1086,our-mutual-friend
George Sampson,Wilfer,1086,our-mutual-friend
George Sampson,Miss Bella,1086,our-mutual-friend
Mrs Boffin,Wilfer,1087,our-mutual-friend
Mrs Boffin,George Sampson,1087,our-mutual-friend
Wilfer,Mrs Boffin,1087,our-mutual-friend
Wilfer,George Sampson,1087,our-mutual-friend
George Sampson,Mrs Boffin,1087,our-mutual-friend
George Sampson,Wilfer,1087,our-mutual-friend
Wilfer,George Sampson,1089,our-mutual-friend
George Sampson,Wilfer,1089,our-mutual-friend
Mrs Boffin,Wilfer,1090,our-mutual-friend
Wilfer,Mrs Boffin,1090,our-mutual-friend
Pardon,Mrs Wilfer,1091,our-mutual-friend
Mrs Wilfer,Pardon,1091,our-mutual-friend
Pardon,Mrs Wilfer,1095,our-mutual-friend
Pardon,Mrs Boffin,1095,our-mutual-friend
Mrs Wilfer,Pardon,1095,our-mutual-friend
Mrs Wilfer,Mrs Boffin,1095,our-mutual-friend
Mrs Boffin,Pardon,1095,our-mutual-friend
Mrs Boffin,Mrs Wilfer,1095,our-mutual-friend
Pardon,Which,1099,our-mutual-friend
Which,Pardon,1099,our-mutual-friend
Don,Boffin,1100,our-mutual-friend
Don,Miss Bella,1100,our-mutual-friend
Boffin,Don,1100,our-mutual-friend
Boffin,Miss Bella,1100,our-mutual-friend
Miss Bella,Don,1100,our-mutual-friend
Miss Bella,Boffin,1100,our-mutual-friend
Mrs Wilfer,Bella,1101,our-mutual-friend
Mrs Wilfer,Mrs Boffin,1101,our-mutual-friend
Bella,Mrs Wilfer,1101,our-mutual-friend
Bella,Mrs Boffin,1101,our-mutual-friend
Mrs Boffin,Mrs Wilfer,1101,our-mutual-friend
Mrs Boffin,Bella,1101,our-mutual-friend
Pardon,Mrs Wilfer,1104,our-mutual-friend
Mrs Wilfer,Pardon,1104,our-mutual-friend
Mrs Boffin,Mrs Wilfer,1105,our-mutual-friend
Mrs Boffin,Miss Bella,1105,our-mutual-friend
Mrs Boffin,Wilfer,1105,our-mutual-friend
Mrs Wilfer,Mrs Boffin,1105,our-mutual-friend
Mrs Wilfer,Miss Bella,1105,our-mutual-friend
Mrs Wilfer,Wilfer,1105,our-mutual-friend
Miss Bella,Mrs Boffin,1105,our-mutual-friend
Miss Bella,Mrs Wilfer,1105,our-mutual-friend
Miss Bella,Wilfer,1105,our-mutual-friend
Wilfer,Mrs Boffin,1105,our-mutual-friend
Wilfer,Mrs Wilfer,1105,our-mutual-friend
Wilfer,Miss Bella,1105,our-mutual-friend
Mrs Boffin,Bella,1109,our-mutual-friend
Bella,Mrs Boffin,1109,our-mutual-friend
Miss Bella,Mrs Boffin,1110,our-mutual-friend
Mrs Boffin,Miss Bella,1110,our-mutual-friend
Mrs Wilfer,George Sampson,1111,our-mutual-friend
George Sampson,Mrs Wilfer,1111,our-mutual-friend
Mrs Boffin,Miss Bella,1113,our-mutual-friend
Miss Bella,Mrs Boffin,1113,our-mutual-friend
Mrs Wilfer,Mrs Boffin,1119,our-mutual-friend
Mrs Boffin,Mrs Wilfer,1119,our-mutual-friend
Pardon,Mrs Wilfer,1123,our-mutual-friend
Mrs Wilfer,Pardon,1123,our-mutual-friend
Miss,Lavinia,1124,our-mutual-friend
Lavinia,Miss,1124,our-mutual-friend
Mrs Wilfer,Bella,1125,our-mutual-friend
Mrs Wilfer,Bella,1125,our-mutual-friend
Bella,Mrs Wilfer,1125,our-mutual-friend
Bella,Mrs Wilfer,1125,our-mutual-friend
Sampson,Mrs Wilfer,1128,our-mutual-friend
Mrs Wilfer,Sampson,1128,our-mutual-friend
Mrs Wilfer,Sampson,1128,our-mutual-friend
Sampson,Mrs Wilfer,1128,our-mutual-friend
Bella,Mrs Boffin,1130,our-mutual-friend
Bella,Wilfer,1130,our-mutual-friend
Mrs Boffin,Bella,1130,our-mutual-friend
Mrs Boffin,Wilfer,1130,our-mutual-friend
Wilfer,Bella,1130,our-mutual-friend
Wilfer,Mrs Boffin,1130,our-mutual-friend
Miss Bella,Mrs Boffin,1141,our-mutual-friend
Miss Bella,John Harmon,1141,our-mutual-friend
Mrs Boffin,Miss Bella,1141,our-mutual-friend
Mrs Boffin,John Harmon,1141,our-mutual-friend
John Harmon,Miss Bella,1141,our-mutual-friend
John Harmon,Mrs Boffin,1141,our-mutual-friend
George Sampson,Miss Bella,1158,our-mutual-friend
George Sampson,Miss Lavinia,1158,our-mutual-friend
Miss Bella,George Sampson,1158,our-mutual-friend
Miss Bella,Miss Lavinia,1158,our-mutual-friend
Miss Lavinia,George Sampson,1158,our-mutual-friend
Miss Lavinia,Miss Bella,1158,our-mutual-friend
Wilfer,Boffins,1159,our-mutual-friend
Boffins,Wilfer,1159,our-mutual-friend
Mrs Wilfer,Boffin,1160,our-mutual-friend
Boffin,Mrs Wilfer,1160,our-mutual-friend
Shares,Have Shares,1166,our-mutual-friend
Have Shares,Shares,1166,our-mutual-friend
Have Shares,Shares,1166,our-mutual-friend
Have Shares,Shares,1166,our-mutual-friend
Have Shares,Shares,1166,our-mutual-friend
Have Shares,Shares,1166,our-mutual-friend
Have Shares,Shares,1166,our-mutual-friend
Have Shares,Shares,1166,our-mutual-friend
Shares,Have Shares,1166,our-mutual-friend
Shares,Have Shares,1166,our-mutual-friend
Shares,Have Shares,1166,our-mutual-friend
Shares,Have Shares,1166,our-mutual-friend
Shares,Have Shares,1166,our-mutual-friend
Shares,Have Shares,1166,our-mutual-friend
Twemlow,Sophronia Akershem,1167,our-mutual-friend
Twemlow,Alfred Lammle,1167,our-mutual-friend
Twemlow,Alfred,1167,our-mutual-friend
Twemlow,Whether Sophronia,1167,our-mutual-friend
Sophronia Akershem,Twemlow,1167,our-mutual-friend
Sophronia Akershem,Alfred Lammle,1167,our-mutual-friend
Sophronia Akershem,Twemlow,1167,our-mutual-friend
Sophronia Akershem,Alfred,1167,our-mutual-friend
Sophronia Akershem,Whether Sophronia,1167,our-mutual-friend
Sophronia Akershem,Twemlow,1167,our-mutual-friend
Alfred Lammle,Twemlow,1167,our-mutual-friend
Alfred Lammle,Sophronia Akershem,1167,our-mutual-friend
Alfred Lammle,Twemlow,1167,our-mutual-friend
Alfred Lammle,Alfred,1167,our-mutual-friend
Alfred Lammle,Whether Sophronia,1167,our-mutual-friend
Alfred Lammle,Twemlow,1167,our-mutual-friend
Twemlow,Sophronia Akershem,1167,our-mutual-friend
Twemlow,Alfred Lammle,1167,our-mutual-friend
Twemlow,Alfred,1167,our-mutual-friend
Twemlow,Whether Sophronia,1167,our-mutual-friend
Alfred,Twemlow,1167,our-mutual-friend
Alfred,Sophronia Akershem,1167,our-mutual-friend
Alfred,Alfred Lammle,1167,our-mutual-friend
Alfred,Twemlow,1167,our-mutual-friend
Alfred,Whether Sophronia,1167,our-mutual-friend
Alfred,Twemlow,1167,our-mutual-friend
Whether Sophronia,Twemlow,1167,our-mutual-friend
Whether Sophronia,Sophronia Akershem,1167,our-mutual-friend
Whether Sophronia,Alfred Lammle,1167,our-mutual-friend
Whether Sophronia,Twemlow,1167,our-mutual-friend
Whether Sophronia,Alfred,1167,our-mutual-friend
Whether Sophronia,Twemlow,1167,our-mutual-friend
Twemlow,Sophronia Akershem,1167,our-mutual-friend
Twemlow,Alfred Lammle,1167,our-mutual-friend
Twemlow,Alfred,1167,our-mutual-friend
Twemlow,Whether Sophronia,1167,our-mutual-friend
Twemlow,St James,1168,our-mutual-friend
Twemlow,Mrs Veneering,1168,our-mutual-friend
St James,Twemlow,1168,our-mutual-friend
St James,Mrs Veneering,1168,our-mutual-friend
St James,Twemlow,1168,our-mutual-friend
Mrs Veneering,Twemlow,1168,our-mutual-friend
Mrs Veneering,St James,1168,our-mutual-friend
Mrs Veneering,Twemlow,1168,our-mutual-friend
Twemlow,St James,1168,our-mutual-friend
Twemlow,Mrs Veneering,1168,our-mutual-friend
Twemlow,Anastatia,1169,our-mutual-friend
Twemlow,Podsnap,1169,our-mutual-friend
Anastatia,Twemlow,1169,our-mutual-friend
Anastatia,Podsnap,1169,our-mutual-friend
Podsnap,Twemlow,1169,our-mutual-friend
Podsnap,Anastatia,1169,our-mutual-friend
Podsnap,Twemlow,1170,our-mutual-friend
Twemlow,Podsnap,1170,our-mutual-friend
Podsnap,Twemlow,1184,our-mutual-friend
Twemlow,Podsnap,1184,our-mutual-friend
Anastatia,Twemlow,1186,our-mutual-friend
Anastatia,Twemlow,1186,our-mutual-friend
Twemlow,Anastatia,1186,our-mutual-friend
Twemlow,Anastatia,1186,our-mutual-friend
Church,Alfred Lammle Esquire,1188,our-mutual-friend
Church,Piccadilly,1188,our-mutual-friend
Church,Horatio Akershem,1188,our-mutual-friend
Church,Esquire,1188,our-mutual-friend
Church,Hamilton Veneering,1188,our-mutual-friend
Church,Esquire,1188,our-mutual-friend
Church,Melvin Twemlow,1188,our-mutual-friend
Church,Esquire,1188,our-mutual-friend
Church,St James,1188,our-mutual-friend
Church,Lord Snigsworth,1188,our-mutual-friend
Church,Twemlow,1188,our-mutual-friend
Alfred Lammle Esquire,Church,1188,our-mutual-friend
Alfred Lammle Esquire,Piccadilly,1188,our-mutual-friend
Alfred Lammle Esquire,Horatio Akershem,1188,our-mutual-friend
Alfred Lammle Esquire,Esquire,1188,our-mutual-friend
Alfred Lammle Esquire,Hamilton Veneering,1188,our-mutual-friend
Alfred Lammle Esquire,Esquire,1188,our-mutual-friend
Alfred Lammle Esquire,Melvin Twemlow,1188,our-mutual-friend
Alfred Lammle Esquire,Esquire,1188,our-mutual-friend
Alfred Lammle Esquire,St James,1188,our-mutual-friend
Alfred Lammle Esquire,Lord Snigsworth,1188,our-mutual-friend
Alfred Lammle Esquire,Twemlow,1188,our-mutual-friend
Piccadilly,Church,1188,our-mutual-friend
Piccadilly,Alfred Lammle Esquire,1188,our-mutual-friend
Piccadilly,Horatio Akershem,1188,our-mutual-friend
Piccadilly,Esquire,1188,our-mutual-friend
Piccadilly,Hamilton Veneering,1188,our-mutual-friend
Piccadilly,Esquire,1188,our-mutual-friend
Piccadilly,Melvin Twemlow,1188,our-mutual-friend
Piccadilly,Esquire,1188,our-mutual-friend
Piccadilly,St James,1188,our-mutual-friend
Piccadilly,Lord Snigsworth,1188,our-mutual-friend
Piccadilly,Twemlow,1188,our-mutual-friend
Horatio Akershem,Church,1188,our-mutual-friend
Horatio Akershem,Alfred Lammle Esquire,1188,our-mutual-friend
Horatio Akershem,Piccadilly,1188,our-mutual-friend
Horatio Akershem,Esquire,1188,our-mutual-friend
Horatio Akershem,Hamilton Veneering,1188,our-mutual-friend
Horatio Akershem,Esquire,1188,our-mutual-friend
Horatio Akershem,Melvin Twemlow,1188,our-mutual-friend
Horatio Akershem,Esquire,1188,our-mutual-friend
Horatio Akershem,St James,1188,our-mutual-friend
Horatio Akershem,Lord Snigsworth,1188,our-mutual-friend
Horatio Akershem,Twemlow,1188,our-mutual-friend
Esquire,Church,1188,our-mutual-friend
Esquire,Alfred Lammle Esquire,1188,our-mutual-friend
Esquire,Piccadilly,1188,our-mutual-friend
Esquire,Horatio Akershem,1188,our-mutual-friend
Esquire,Hamilton Veneering,1188,our-mutual-friend
Esquire,Melvin Twemlow,1188,our-mutual-friend
Esquire,St James,1188,our-mutual-friend
Esquire,Lord Snigsworth,1188,our-mutual-friend
Esquire,Twemlow,1188,our-mutual-friend
Hamilton Veneering,Church,1188,our-mutual-friend
Hamilton Veneering,Alfred Lammle Esquire,1188,our-mutual-friend
Hamilton Veneering,Piccadilly,1188,our-mutual-friend
Hamilton Veneering,Horatio Akershem,1188,our-mutual-friend
Hamilton Veneering,Esquire,1188,our-mutual-friend
Hamilton Veneering,Esquire,1188,our-mutual-friend
Hamilton Veneering,Melvin Twemlow,1188,our-mutual-friend
Hamilton Veneering,Esquire,1188,our-mutual-friend
Hamilton Veneering,St James,1188,our-mutual-friend
Hamilton Veneering,Lord Snigsworth,1188,our-mutual-friend
Hamilton Veneering,Twemlow,1188,our-mutual-friend
Esquire,Church,1188,our-mutual-friend
Esquire,Alfred Lammle Esquire,1188,our-mutual-friend
Esquire,Piccadilly,1188,our-mutual-friend
Esquire,Horatio Akershem,1188,our-mutual-friend
Esquire,Hamilton Veneering,1188,our-mutual-friend
Esquire,Melvin Twemlow,1188,our-mutual-friend
Esquire,St James,1188,our-mutual-friend
Esquire,Lord Snigsworth,1188,our-mutual-friend
Esquire,Twemlow,1188,our-mutual-friend
Melvin Twemlow,Church,1188,our-mutual-friend
Melvin Twemlow,Alfred Lammle Esquire,1188,our-mutual-friend
Melvin Twemlow,Piccadilly,1188,our-mutual-friend
Melvin Twemlow,Horatio Akershem,1188,our-mutual-friend
Melvin Twemlow,Esquire,1188,our-mutual-friend
Melvin Twemlow,Hamilton Veneering,1188,our-mutual-friend
Melvin Twemlow,Esquire,1188,our-mutual-friend
Melvin Twemlow,Esquire,1188,our-mutual-friend
Melvin Twemlow,St James,1188,our-mutual-friend
Melvin Twemlow,Lord Snigsworth,1188,our-mutual-friend
Melvin Twemlow,Twemlow,1188,our-mutual-friend
Esquire,Church,1188,our-mutual-friend
Esquire,Alfred Lammle Esquire,1188,our-mutual-friend
Esquire,Piccadilly,1188,our-mutual-friend
Esquire,Horatio Akershem,1188,our-mutual-friend
Esquire,Hamilton Veneering,1188,our-mutual-friend
Esquire,Melvin Twemlow,1188,our-mutual-friend
Esquire,St James,1188,our-mutual-friend
Esquire,Lord Snigsworth,1188,our-mutual-friend
Esquire,Twemlow,1188,our-mutual-friend
St James,Church,1188,our-mutual-friend
St James,Alfred Lammle Esquire,1188,our-mutual-friend
St James,Piccadilly,1188,our-mutual-friend
St James,Horatio Akershem,1188,our-mutual-friend
St James,Esquire,1188,our-mutual-friend
St James,Hamilton Veneering,1188,our-mutual-friend
St James,Esquire,1188,our-mutual-friend
St James,Melvin Twemlow,1188,our-mutual-friend
St James,Esquire,1188,our-mutual-friend
St James,Lord Snigsworth,1188,our-mutual-friend
St James,Twemlow,1188,our-mutual-friend
Lord Snigsworth,Church,1188,our-mutual-friend
Lord Snigsworth,Alfred Lammle Esquire,1188,our-mutual-friend
Lord Snigsworth,Piccadilly,1188,our-mutual-friend
Lord Snigsworth,Horatio Akershem,1188,our-mutual-friend
Lord Snigsworth,Esquire,1188,our-mutual-friend
Lord Snigsworth,Hamilton Veneering,1188,our-mutual-friend
Lord Snigsworth,Esquire,1188,our-mutual-friend
Lord Snigsworth,Melvin Twemlow,1188,our-mutual-friend
Lord Snigsworth,Esquire,1188,our-mutual-friend
Lord Snigsworth,St James,1188,our-mutual-friend
Lord Snigsworth,Twemlow,1188,our-mutual-friend
Twemlow,Church,1188,our-mutual-friend
Twemlow,Alfred Lammle Esquire,1188,our-mutual-friend
Twemlow,Piccadilly,1188,our-mutual-friend
Twemlow,Horatio Akershem,1188,our-mutual-friend
Twemlow,Esquire,1188,our-mutual-friend
Twemlow,Hamilton Veneering,1188,our-mutual-friend
Twemlow,Esquire,1188,our-mutual-friend
Twemlow,Melvin Twemlow,1188,our-mutual-friend
Twemlow,Esquire,1188,our-mutual-friend
Twemlow,St James,1188,our-mutual-friend
Twemlow,Lord Snigsworth,1188,our-mutual-friend
Twemlow,Horatio Akershem Esquire,1189,our-mutual-friend
Twemlow,Mrs Veneering,1189,our-mutual-friend
Twemlow,Horatio Akershem Esquire,1189,our-mutual-friend
Twemlow,Mrs Veneering,1189,our-mutual-friend
Horatio Akershem Esquire,Twemlow,1189,our-mutual-friend
Horatio Akershem Esquire,Twemlow,1189,our-mutual-friend
Horatio Akershem Esquire,Twemlow,1189,our-mutual-friend
Horatio Akershem Esquire,Mrs Veneering,1189,our-mutual-friend
Twemlow,Horatio Akershem Esquire,1189,our-mutual-friend
Twemlow,Mrs Veneering,1189,our-mutual-friend
Mrs Veneering,Twemlow,1189,our-mutual-friend
Mrs Veneering,Twemlow,1189,our-mutual-friend
Mrs Veneering,Horatio Akershem Esquire,1189,our-mutual-friend
Mrs Veneering,Twemlow,1189,our-mutual-friend
Twemlow,Duke Street,1190,our-mutual-friend
Twemlow,St James,1190,our-mutual-friend
Duke Street,Twemlow,1190,our-mutual-friend
Duke Street,St James,1190,our-mutual-friend
Duke Street,Twemlow,1190,our-mutual-friend
St James,Twemlow,1190,our-mutual-friend
St James,Duke Street,1190,our-mutual-friend
St James,Twemlow,1190,our-mutual-friend
Twemlow,Duke Street,1190,our-mutual-friend
Twemlow,St James,1190,our-mutual-friend
Lady Tippins,Sir Thomas Tippins,1191,our-mutual-friend
Lady Tippins,Lady,1191,our-mutual-friend
Sir Thomas Tippins,Lady Tippins,1191,our-mutual-friend
Sir Thomas Tippins,Lady,1191,our-mutual-friend
Sir Thomas Tippins,Lady Tippins,1191,our-mutual-friend
Lady,Lady Tippins,1191,our-mutual-friend
Lady,Sir Thomas Tippins,1191,our-mutual-friend
Lady,Lady Tippins,1191,our-mutual-friend
Lady Tippins,Sir Thomas Tippins,1191,our-mutual-friend
Lady Tippins,Lady,1191,our-mutual-friend
James,Church,1196,our-mutual-friend
Church,James,1196,our-mutual-friend
Mephistopheles,Whom Lady Tippins,1197,our-mutual-friend
Mephistopheles,Whom Lady Tippins,1197,our-mutual-friend
Mephistopheles,Twemlow,1197,our-mutual-friend
Whom Lady Tippins,Mephistopheles,1197,our-mutual-friend
Whom Lady Tippins,Twemlow,1197,our-mutual-friend
Whom Lady Tippins,Mephistopheles,1197,our-mutual-friend
Whom Lady Tippins,Twemlow,1197,our-mutual-friend
Twemlow,Mephistopheles,1197,our-mutual-friend
Twemlow,Whom Lady Tippins,1197,our-mutual-friend
Twemlow,Whom Lady Tippins,1197,our-mutual-friend
Ceremony,Lady Tippins,1198,our-mutual-friend
Ceremony,Mrs Podsnap,1198,our-mutual-friend
Ceremony,Boots,1198,our-mutual-friend
Ceremony,Twemlow,1198,our-mutual-friend
Ceremony,Pokey,1198,our-mutual-friend
Lady Tippins,Ceremony,1198,our-mutual-friend
Lady Tippins,Mrs Podsnap,1198,our-mutual-friend
Lady Tippins,Boots,1198,our-mutual-friend
Lady Tippins,Twemlow,1198,our-mutual-friend
Lady Tippins,Pokey,1198,our-mutual-friend
Mrs Podsnap,Ceremony,1198,our-mutual-friend
Mrs Podsnap,Lady Tippins,1198,our-mutual-friend
Mrs Podsnap,Boots,1198,our-mutual-friend
Mrs Podsnap,Twemlow,1198,our-mutual-friend
Mrs Podsnap,Pokey,1198,our-mutual-friend
Boots,Ceremony,1198,our-mutual-friend
Boots,Lady Tippins,1198,our-mutual-friend
Boots,Mrs Podsnap,1198,our-mutual-friend
Boots,Twemlow,1198,our-mutual-friend
Boots,Pokey,1198,our-mutual-friend
Twemlow,Ceremony,1198,our-mutual-friend
Twemlow,Lady Tippins,1198,our-mutual-friend
Twemlow,Mrs Podsnap,1198,our-mutual-friend
Twemlow,Boots,1198,our-mutual-friend
Twemlow,Pokey,1198,our-mutual-friend
Pokey,Ceremony,1198,our-mutual-friend
Pokey,Lady Tippins,1198,our-mutual-friend
Pokey,Mrs Podsnap,1198,our-mutual-friend
Pokey,Boots,1198,our-mutual-friend
Pokey,Twemlow,1198,our-mutual-friend
Splendid,Cupids,1199,our-mutual-friend
Splendid,Mrs Podsnap,1199,our-mutual-friend
Splendid,Podsnap,1199,our-mutual-friend
Cupids,Splendid,1199,our-mutual-friend
Cupids,Splendid,1199,our-mutual-friend
Cupids,Mrs Podsnap,1199,our-mutual-friend
Cupids,Podsnap,1199,our-mutual-friend
Splendid,Cupids,1199,our-mutual-friend
Splendid,Mrs Podsnap,1199,our-mutual-friend
Splendid,Podsnap,1199,our-mutual-friend
Mrs Podsnap,Splendid,1199,our-mutual-friend
Mrs Podsnap,Cupids,1199,our-mutual-friend
Mrs Podsnap,Splendid,1199,our-mutual-friend
Mrs Podsnap,Podsnap,1199,our-mutual-friend
Podsnap,Splendid,1199,our-mutual-friend
Podsnap,Cupids,1199,our-mutual-friend
Podsnap,Splendid,1199,our-mutual-friend
Podsnap,Mrs Podsnap,1199,our-mutual-friend
Medusa,Tippins,1200,our-mutual-friend
Medusa,Lady Tippins,1200,our-mutual-friend
Medusa,Lady Tippins,1200,our-mutual-friend
Tippins,Medusa,1200,our-mutual-friend
Tippins,Lady Tippins,1200,our-mutual-friend
Tippins,Lady Tippins,1200,our-mutual-friend
Lady Tippins,Medusa,1200,our-mutual-friend
Lady Tippins,Tippins,1200,our-mutual-friend
Lady Tippins,Medusa,1200,our-mutual-friend
Lady Tippins,Tippins,1200,our-mutual-friend
Lady Tippins,Eugene,1203,our-mutual-friend
Lady Tippins,Twemlow,1203,our-mutual-friend
Eugene,Lady Tippins,1203,our-mutual-friend
Eugene,Twemlow,1203,our-mutual-friend
Twemlow,Lady Tippins,1203,our-mutual-friend
Twemlow,Eugene,1203,our-mutual-friend
Carried,Don,1280,our-mutual-friend
Carried,Don,1280,our-mutual-friend
Don,Carried,1280,our-mutual-friend
Don,Carried,1280,our-mutual-friend
Alfred Lammle,Esquire,1281,our-mutual-friend
Esquire,Alfred Lammle,1281,our-mutual-friend
Elsewise,Music,1287,our-mutual-friend
Music,Elsewise,1287,our-mutual-friend
Podsnap,Inferior,1288,our-mutual-friend
Inferior,Podsnap,1288,our-mutual-friend
Inferior,Podsnap,1288,our-mutual-friend
Podsnap,Inferior,1288,our-mutual-friend
Portman Square,Miss Podsnap,1292,our-mutual-friend
Portman Square,Miss Podsnap,1292,our-mutual-friend
Miss Podsnap,Portman Square,1292,our-mutual-friend
Miss Podsnap,Portman Square,1292,our-mutual-friend
Mrs Veneering,Hideous,1299,our-mutual-friend
Mrs Veneering,Hideous,1299,our-mutual-friend
Hideous,Mrs Veneering,1299,our-mutual-friend
Hideous,Mrs Veneering,1299,our-mutual-friend
Enormously Rich,Ritch,1308,our-mutual-friend
Ritch,Enormously Rich,1308,our-mutual-friend
Sir,Strike,1310,our-mutual-friend
Strike,Sir,1310,our-mutual-friend
Podsnap,Sir,1312,our-mutual-friend
Sir,Podsnap,1312,our-mutual-friend
Horse,Angleterre,1321,our-mutual-friend
Horse,Orse,1321,our-mutual-friend
Angleterre,Horse,1321,our-mutual-friend
Angleterre,Orse,1321,our-mutual-friend
Orse,Horse,1321,our-mutual-friend
Orse,Angleterre,1321,our-mutual-friend
Difficult,Ours,1323,our-mutual-friend
Ours,Difficult,1323,our-mutual-friend
Podsnap,Sir,1325,our-mutual-friend
Podsnap,Very Proud,1325,our-mutual-friend
Podsnap,Sir,1325,our-mutual-friend
Sir,Podsnap,1325,our-mutual-friend
Sir,Very Proud,1325,our-mutual-friend
Very Proud,Podsnap,1325,our-mutual-friend
Very Proud,Sir,1325,our-mutual-friend
Very Proud,Sir,1325,our-mutual-friend
Sir,Podsnap,1325,our-mutual-friend
Sir,Very Proud,1325,our-mutual-friend
Blest,Sir,1331,our-mutual-friend
Sir,Blest,1331,our-mutual-friend
Lammle,Miss Podsnap,1341,our-mutual-friend
Lammle,Miss Podsnap,1341,our-mutual-friend
Miss Podsnap,Lammle,1341,our-mutual-friend
Miss Podsnap,Lammle,1341,our-mutual-friend
Mrs Lammle,Don,1360,our-mutual-friend
Don,Mrs Lammle,1360,our-mutual-friend
Don,Miss Podsnap,1363,our-mutual-friend
Miss Podsnap,Don,1363,our-mutual-friend
Miss,Podsnap,1365,our-mutual-friend
Podsnap,Miss,1365,our-mutual-friend
Miss Podsnap,Ma,1373,our-mutual-friend
Miss Podsnap,Ma,1373,our-mutual-friend
Ma,Miss Podsnap,1373,our-mutual-friend
Ma,Miss Podsnap,1373,our-mutual-friend
Ma,Miss Podsnap,1373,our-mutual-friend
Ma,Miss Podsnap,1373,our-mutual-friend
Miss Podsnap,Ma,1373,our-mutual-friend
Miss Podsnap,Ma,1373,our-mutual-friend
Mrs Lammle,Lammle,1375,our-mutual-friend
Mrs Lammle,Lammle,1375,our-mutual-friend
Lammle,Mrs Lammle,1375,our-mutual-friend
Lammle,Mrs Lammle,1375,our-mutual-friend
Pardon,Lammle,1383,our-mutual-friend
Lammle,Pardon,1383,our-mutual-friend
Miss Podsnap,Georgiana,1384,our-mutual-friend
Georgiana,Miss Podsnap,1384,our-mutual-friend
Dearest Georgiana,Lammle,1385,our-mutual-friend
Lammle,Dearest Georgiana,1385,our-mutual-friend
Don,Miss Podsnap,1388,our-mutual-friend
Miss Podsnap,Don,1388,our-mutual-friend
Lammle,Georgiana,1391,our-mutual-friend
Lammle,Georgiana,1391,our-mutual-friend
Georgiana,Lammle,1391,our-mutual-friend
Georgiana,Lammle,1391,our-mutual-friend
Georgiana,Lammle,1393,our-mutual-friend
Lammle,Georgiana,1393,our-mutual-friend
Georgiana,Miss Podsnap,1394,our-mutual-friend
Georgiana,Miss Podsnap,1394,our-mutual-friend
Miss Podsnap,Georgiana,1394,our-mutual-friend
Miss Podsnap,Georgiana,1394,our-mutual-friend
Georgiana,Mrs Lammle,1416,our-mutual-friend
Mrs Lammle,Georgiana,1416,our-mutual-friend
Alfred,Georgiana,1417,our-mutual-friend
Georgiana,Alfred,1417,our-mutual-friend
Lammle,Miss Podsnap,1418,our-mutual-friend
Lammle,Miss Podsnap,1418,our-mutual-friend
Miss Podsnap,Lammle,1418,our-mutual-friend
Miss Podsnap,Lammle,1418,our-mutual-friend
Lammle,Georgiana,1420,our-mutual-friend
Georgiana,Lammle,1420,our-mutual-friend
Podsnap,Miss Podsnap,1431,our-mutual-friend
Miss Podsnap,Podsnap,1431,our-mutual-friend
Thomson,Johnson,1445,our-mutual-friend
Thomson,Jackson,1445,our-mutual-friend
Thomson,Dickson,1445,our-mutual-friend
Thomson,Smith,1445,our-mutual-friend
Thomson,Jones,1445,our-mutual-friend
Johnson,Thomson,1445,our-mutual-friend
Johnson,Jackson,1445,our-mutual-friend
Johnson,Dickson,1445,our-mutual-friend
Johnson,Smith,1445,our-mutual-friend
Johnson,Jones,1445,our-mutual-friend
Jackson,Thomson,1445,our-mutual-friend
Jackson,Johnson,1445,our-mutual-friend
Jackson,Dickson,1445,our-mutual-friend
Jackson,Smith,1445,our-mutual-friend
Jackson,Jones,1445,our-mutual-friend
Dickson,Thomson,1445,our-mutual-friend
Dickson,Johnson,1445,our-mutual-friend
Dickson,Jackson,1445,our-mutual-friend
Dickson,Smith,1445,our-mutual-friend
Dickson,Jones,1445,our-mutual-friend
Smith,Thomson,1445,our-mutual-friend
Smith,Johnson,1445,our-mutual-friend
Smith,Jackson,1445,our-mutual-friend
Smith,Dickson,1445,our-mutual-friend
Smith,Jones,1445,our-mutual-friend
Jones,Thomson,1445,our-mutual-friend
Jones,Johnson,1445,our-mutual-friend
Jones,Jackson,1445,our-mutual-friend
Jones,Dickson,1445,our-mutual-friend
Jones,Smith,1445,our-mutual-friend
Marsh Forces,Kent,1448,our-mutual-friend
Marsh Forces,Young Blight,1448,our-mutual-friend
Kent,Marsh Forces,1448,our-mutual-friend
Kent,Young Blight,1448,our-mutual-friend
Young Blight,Marsh Forces,1448,our-mutual-friend
Young Blight,Kent,1448,our-mutual-friend
Don,Lightwood,1450,our-mutual-friend
Lightwood,Don,1450,our-mutual-friend
Eugene,Lady Tippins,1453,our-mutual-friend
Lady Tippins,Eugene,1453,our-mutual-friend
Lawyer Lightwood,Don,1516,our-mutual-friend
Don,Lawyer Lightwood,1516,our-mutual-friend
Don,Lawyer Lightwood,1516,our-mutual-friend
Lawyer Lightwood,Don,1516,our-mutual-friend
Lightwood,Eugene,1517,our-mutual-friend
Lightwood,Eugene,1517,our-mutual-friend
Eugene,Lightwood,1517,our-mutual-friend
Eugene,Lightwood,1517,our-mutual-friend
Eugene,Lightwood,1536,our-mutual-friend
Lightwood,Eugene,1536,our-mutual-friend
Riderhood,Gaffer Hexam,1537,our-mutual-friend
Riderhood,Jesse Hexam,1537,our-mutual-friend
Riderhood,Gaffer,1537,our-mutual-friend
Gaffer Hexam,Riderhood,1537,our-mutual-friend
Gaffer Hexam,Jesse Hexam,1537,our-mutual-friend
Gaffer Hexam,Gaffer,1537,our-mutual-friend
Jesse Hexam,Riderhood,1537,our-mutual-friend
Jesse Hexam,Gaffer Hexam,1537,our-mutual-friend
Jesse Hexam,Gaffer,1537,our-mutual-friend
Gaffer,Riderhood,1537,our-mutual-friend
Gaffer,Gaffer Hexam,1537,our-mutual-friend
Gaffer,Jesse Hexam,1537,our-mutual-friend
Riderhood,Gaffer,1540,our-mutual-friend
Gaffer,Riderhood,1540,our-mutual-friend
Haven,Don,1544,our-mutual-friend
Haven,Lawyer Lightwood,1544,our-mutual-friend
Don,Haven,1544,our-mutual-friend
Don,Lawyer Lightwood,1544,our-mutual-friend
Lawyer Lightwood,Haven,1544,our-mutual-friend
Lawyer Lightwood,Don,1544,our-mutual-friend
George,Don,1552,our-mutual-friend
Don,George,1552,our-mutual-friend
Lawyer Lightwood,Roger Riderhood,1554,our-mutual-friend
Lawyer Lightwood,Lime,1554,our-mutual-friend
Lawyer Lightwood,Jesse Hexam,1554,our-mutual-friend
Lawyer Lightwood,Gaffer,1554,our-mutual-friend
Roger Riderhood,Lawyer Lightwood,1554,our-mutual-friend
Roger Riderhood,Lime,1554,our-mutual-friend
Roger Riderhood,Lawyer Lightwood,1554,our-mutual-friend
Roger Riderhood,Jesse Hexam,1554,our-mutual-friend
Roger Riderhood,Gaffer,1554,our-mutual-friend
Lime,Lawyer Lightwood,1554,our-mutual-friend
Lime,Roger Riderhood,1554,our-mutual-friend
Lime,Lawyer Lightwood,1554,our-mutual-friend
Lime,Jesse Hexam,1554,our-mutual-friend
Lime,Gaffer,1554,our-mutual-friend
Lawyer Lightwood,Roger Riderhood,1554,our-mutual-friend
Lawyer Lightwood,Lime,1554,our-mutual-friend
Lawyer Lightwood,Jesse Hexam,1554,our-mutual-friend
Lawyer Lightwood,Gaffer,1554,our-mutual-friend
Jesse Hexam,Lawyer Lightwood,1554,our-mutual-friend
Jesse Hexam,Roger Riderhood,1554,our-mutual-friend
Jesse Hexam,Lime,1554,our-mutual-friend
Jesse Hexam,Lawyer Lightwood,1554,our-mutual-friend
Jesse Hexam,Gaffer,1554,our-mutual-friend
Gaffer,Lawyer Lightwood,1554,our-mutual-friend
Gaffer,Roger Riderhood,1554,our-mutual-friend
Gaffer,Lime,1554,our-mutual-friend
Gaffer,Lawyer Lightwood,1554,our-mutual-friend
Gaffer,Jesse Hexam,1554,our-mutual-friend
Outside,Riderhood,1556,our-mutual-friend
Riderhood,Outside,1556,our-mutual-friend
T,David,1558,our-mutual-friend
David,T,1558,our-mutual-friend
Rogue Riderhood,Roger,1560,our-mutual-friend
Roger,Rogue Riderhood,1560,our-mutual-friend
Scuse ME,Lawyer Lightwood,1562,our-mutual-friend
Scuse ME,Rogue Riderhood,1562,our-mutual-friend
Scuse ME,Gaffer,1562,our-mutual-friend
Scuse ME,Rogue Riderhood,1562,our-mutual-friend
Scuse ME,David,1562,our-mutual-friend
Scuse ME,Don,1562,our-mutual-friend
Lawyer Lightwood,Scuse ME,1562,our-mutual-friend
Lawyer Lightwood,Rogue Riderhood,1562,our-mutual-friend
Lawyer Lightwood,Gaffer,1562,our-mutual-friend
Lawyer Lightwood,Rogue Riderhood,1562,our-mutual-friend
Lawyer Lightwood,David,1562,our-mutual-friend
Lawyer Lightwood,Don,1562,our-mutual-friend
Rogue Riderhood,Scuse ME,1562,our-mutual-friend
Rogue Riderhood,Lawyer Lightwood,1562,our-mutual-friend
Rogue Riderhood,Gaffer,1562,our-mutual-friend
Rogue Riderhood,David,1562,our-mutual-friend
Rogue Riderhood,Don,1562,our-mutual-friend
Gaffer,Scuse ME,1562,our-mutual-friend
Gaffer,Lawyer Lightwood,1562,our-mutual-friend
Gaffer,Rogue Riderhood,1562,our-mutual-friend
Gaffer,Rogue Riderhood,1562,our-mutual-friend
Gaffer,David,1562,our-mutual-friend
Gaffer,Don,1562,our-mutual-friend
Rogue Riderhood,Scuse ME,1562,our-mutual-friend
Rogue Riderhood,Lawyer Lightwood,1562,our-mutual-friend
Rogue Riderhood,Gaffer,1562,our-mutual-friend
Rogue Riderhood,David,1562,our-mutual-friend
Rogue Riderhood,Don,1562,our-mutual-friend
David,Scuse ME,1562,our-mutual-friend
David,Lawyer Lightwood,1562,our-mutual-friend
David,Rogue Riderhood,1562,our-mutual-friend
David,Gaffer,1562,our-mutual-friend
David,Rogue Riderhood,1562,our-mutual-friend
David,Don,1562,our-mutual-friend
Don,Scuse ME,1562,our-mutual-friend
Don,Lawyer Lightwood,1562,our-mutual-friend
Don,Rogue Riderhood,1562,our-mutual-friend
Don,Gaffer,1562,our-mutual-friend
Don,Rogue Riderhood,1562,our-mutual-friend
Don,David,1562,our-mutual-friend
Lawyer Lightwood,Roger Riderhood,1569,our-mutual-friend
Roger Riderhood,Lawyer Lightwood,1569,our-mutual-friend
Riderhood,Warn,1578,our-mutual-friend
Warn,Riderhood,1578,our-mutual-friend
Lawyer Lightwood,Miss Abbey Potterson,1580,our-mutual-friend
Miss Abbey Potterson,Lawyer Lightwood,1580,our-mutual-friend
Miss Abbey Potterson,Lawyer Lightwood,1580,our-mutual-friend
Lawyer Lightwood,Miss Abbey Potterson,1580,our-mutual-friend
Riderhood,Lawyer Lightwood,1588,our-mutual-friend
Riderhood,Jesse Hexam,1588,our-mutual-friend
Riderhood,Gaffer,1588,our-mutual-friend
Lawyer Lightwood,Riderhood,1588,our-mutual-friend
Lawyer Lightwood,Jesse Hexam,1588,our-mutual-friend
Lawyer Lightwood,Gaffer,1588,our-mutual-friend
Jesse Hexam,Riderhood,1588,our-mutual-friend
Jesse Hexam,Lawyer Lightwood,1588,our-mutual-friend
Jesse Hexam,Gaffer,1588,our-mutual-friend
Gaffer,Riderhood,1588,our-mutual-friend
Gaffer,Lawyer Lightwood,1588,our-mutual-friend
Gaffer,Jesse Hexam,1588,our-mutual-friend
Riderhood,Lightwood,1603,our-mutual-friend
Lightwood,Riderhood,1603,our-mutual-friend
Aslant,Destiny,1610,our-mutual-friend
Destiny,Aslant,1610,our-mutual-friend
Lawyer Lightwood,Gaffer,1616,our-mutual-friend
Gaffer,Lawyer Lightwood,1616,our-mutual-friend
Lightwood,Eugene,1624,our-mutual-friend
Eugene,Lightwood,1624,our-mutual-friend
Riderhood,Lightwood,1636,our-mutual-friend
Lightwood,Riderhood,1636,our-mutual-friend
Eugene,Lightwood,1639,our-mutual-friend
Lightwood,Eugene,1639,our-mutual-friend
Always,Miss Abbey,1644,our-mutual-friend
Always,Bob Gliddery,1644,our-mutual-friend
Always,Bob,1644,our-mutual-friend
Always,Cosy,1644,our-mutual-friend
Miss Abbey,Always,1644,our-mutual-friend
Miss Abbey,Bob Gliddery,1644,our-mutual-friend
Miss Abbey,Bob,1644,our-mutual-friend
Miss Abbey,Cosy,1644,our-mutual-friend
Bob Gliddery,Always,1644,our-mutual-friend
Bob Gliddery,Miss Abbey,1644,our-mutual-friend
Bob Gliddery,Bob,1644,our-mutual-friend
Bob Gliddery,Cosy,1644,our-mutual-friend
Bob,Always,1644,our-mutual-friend
Bob,Miss Abbey,1644,our-mutual-friend
Bob,Bob Gliddery,1644,our-mutual-friend
Bob,Cosy,1644,our-mutual-friend
Cosy,Always,1644,our-mutual-friend
Cosy,Miss Abbey,1644,our-mutual-friend
Cosy,Bob Gliddery,1644,our-mutual-friend
Cosy,Bob,1644,our-mutual-friend
Riderhood,Miss Abbey,1647,our-mutual-friend
Miss Abbey,Riderhood,1647,our-mutual-friend
Bob,Miss Abbey,1660,our-mutual-friend
Miss Abbey,Bob,1660,our-mutual-friend
Rather,Lightwood,1665,our-mutual-friend
Lightwood,Rather,1665,our-mutual-friend
Guy Fawkes,Eugene,1677,our-mutual-friend
Eugene,Guy Fawkes,1677,our-mutual-friend
Pooh,Eugene,1679,our-mutual-friend
Eugene,Pooh,1679,our-mutual-friend
Bob,Eugene,1692,our-mutual-friend
Eugene,Bob,1692,our-mutual-friend
Eugene,Best,1703,our-mutual-friend
Best,Eugene,1703,our-mutual-friend
Rule Britannia,Eugene,1709,our-mutual-friend
Eugene,Rule Britannia,1709,our-mutual-friend
Lawyer Lightwood,Riderhood,1728,our-mutual-friend
Riderhood,Lawyer Lightwood,1728,our-mutual-friend
George,Riderhood,1762,our-mutual-friend
George,Lawyer Lightwood,1762,our-mutual-friend
George,Gaffer,1762,our-mutual-friend
Riderhood,George,1762,our-mutual-friend
Riderhood,Lawyer Lightwood,1762,our-mutual-friend
Riderhood,Gaffer,1762,our-mutual-friend
Lawyer Lightwood,George,1762,our-mutual-friend
Lawyer Lightwood,Riderhood,1762,our-mutual-friend
Lawyer Lightwood,Gaffer,1762,our-mutual-friend
Gaffer,George,1762,our-mutual-friend
Gaffer,Riderhood,1762,our-mutual-friend
Gaffer,Lawyer Lightwood,1762,our-mutual-friend
Black,Eugene,1765,our-mutual-friend
Eugene,Black,1765,our-mutual-friend
Riderhood,Gaffer,1767,our-mutual-friend
Gaffer,Riderhood,1767,our-mutual-friend
Eugene,Mortimer,1772,our-mutual-friend
Mortimer,Eugene,1772,our-mutual-friend
Riderhood,Didn,1773,our-mutual-friend
Didn,Riderhood,1773,our-mutual-friend
Lightwood,Eugene,1804,our-mutual-friend
Eugene,Lightwood,1804,our-mutual-friend
Holloa,Eugene,1805,our-mutual-friend
Eugene,Holloa,1805,our-mutual-friend
Riderhood,Eugene Gaffer Harmon,1811,our-mutual-friend
Eugene Gaffer Harmon,Riderhood,1811,our-mutual-friend
Hard,Lightwood,1819,our-mutual-friend
Lightwood,Hard,1819,our-mutual-friend
Mrs Boffin,Boffin,1829,our-mutual-friend
Mrs Boffin,Care,1829,our-mutual-friend
Mrs Boffin,Boffin,1829,our-mutual-friend
Boffin,Mrs Boffin,1829,our-mutual-friend
Boffin,Care,1829,our-mutual-friend
Care,Mrs Boffin,1829,our-mutual-friend
Care,Boffin,1829,our-mutual-friend
Care,Boffin,1829,our-mutual-friend
Boffin,Mrs Boffin,1829,our-mutual-friend
Boffin,Care,1829,our-mutual-friend
Sit,Mrs Boffin,1836,our-mutual-friend
Mrs Boffin,Sit,1836,our-mutual-friend
Mrs Boffin,Lor,1837,our-mutual-friend
Lor,Mrs Boffin,1837,our-mutual-friend
Steward,Mrs Boffin,1843,our-mutual-friend
Mrs Boffin,Steward,1843,our-mutual-friend
John,Rokesmith,1852,our-mutual-friend
John,Decorator,1852,our-mutual-friend
John,Goldsmith,1852,our-mutual-friend
John,Total,1852,our-mutual-friend
John,Boffin,1852,our-mutual-friend
John,Boffin,1852,our-mutual-friend
John,Boffin,1852,our-mutual-friend
Rokesmith,John,1852,our-mutual-friend
Rokesmith,Decorator,1852,our-mutual-friend
Rokesmith,Goldsmith,1852,our-mutual-friend
Rokesmith,Total,1852,our-mutual-friend
Rokesmith,Boffin,1852,our-mutual-friend
Rokesmith,Boffin,1852,our-mutual-friend
Rokesmith,Boffin,1852,our-mutual-friend
Decorator,John,1852,our-mutual-friend
Decorator,Rokesmith,1852,our-mutual-friend
Decorator,Goldsmith,1852,our-mutual-friend
Decorator,Total,1852,our-mutual-friend
Decorator,Boffin,1852,our-mutual-friend
Decorator,Boffin,1852,our-mutual-friend
Decorator,Boffin,1852,our-mutual-friend
Goldsmith,John,1852,our-mutual-friend
Goldsmith,Rokesmith,1852,our-mutual-friend
Goldsmith,Decorator,1852,our-mutual-friend
Goldsmith,Total,1852,our-mutual-friend
Goldsmith,Boffin,1852,our-mutual-friend
Goldsmith,Boffin,1852,our-mutual-friend
Goldsmith,Boffin,1852,our-mutual-friend
Total,John,1852,our-mutual-friend
Total,Rokesmith,1852,our-mutual-friend
Total,Decorator,1852,our-mutual-friend
Total,Goldsmith,1852,our-mutual-friend
Total,Boffin,1852,our-mutual-friend
Total,Boffin,1852,our-mutual-friend
Total,Boffin,1852,our-mutual-friend
Boffin,John,1852,our-mutual-friend
Boffin,Rokesmith,1852,our-mutual-friend
Boffin,Decorator,1852,our-mutual-friend
Boffin,Goldsmith,1852,our-mutual-friend
Boffin,Total,1852,our-mutual-friend
Boffin,John,1852,our-mutual-friend
Boffin,Rokesmith,1852,our-mutual-friend
Boffin,Decorator,1852,our-mutual-friend
Boffin,Goldsmith,1852,our-mutual-friend
Boffin,Total,1852,our-mutual-friend
Boffin,John,1852,our-mutual-friend
Boffin,Rokesmith,1852,our-mutual-friend
Boffin,Decorator,1852,our-mutual-friend
Boffin,Goldsmith,1852,our-mutual-friend
Boffin,Total,1852,our-mutual-friend
John Rokesmith,Boffin,1857,our-mutual-friend
John Rokesmith,Boffin,1857,our-mutual-friend
John Rokesmith,Boffin,1857,our-mutual-friend
Boffin,John Rokesmith,1857,our-mutual-friend
Boffin,John Rokesmith,1857,our-mutual-friend
Boffin,John Rokesmith,1857,our-mutual-friend
Boffin,John Rokesmith,1857,our-mutual-friend
Boffin,John Rokesmith,1857,our-mutual-friend
John Rokesmith,Boffin,1857,our-mutual-friend
John Rokesmith,Boffin,1857,our-mutual-friend
Noddy,Mrs Boffin,1858,our-mutual-friend
Mrs Boffin,Noddy,1858,our-mutual-friend
Boffin,John Rokesmith,1861,our-mutual-friend
Boffin,Mrs Boffin,1861,our-mutual-friend
John Rokesmith,Boffin,1861,our-mutual-friend
John Rokesmith,Mrs Boffin,1861,our-mutual-friend
Mrs Boffin,Boffin,1861,our-mutual-friend
Mrs Boffin,John Rokesmith,1861,our-mutual-friend
Rokesmith,Mrs Boffin,1862,our-mutual-friend
Rokesmith,Boffin,1862,our-mutual-friend
Mrs Boffin,Rokesmith,1862,our-mutual-friend
Mrs Boffin,Boffin,1862,our-mutual-friend
Boffin,Rokesmith,1862,our-mutual-friend
Boffin,Mrs Boffin,1862,our-mutual-friend
Anyhow,Mrs Boffin,1868,our-mutual-friend
Anyhow,Eminently Aristocratic,1868,our-mutual-friend
Anyhow,Mrs Boffin,1868,our-mutual-friend
Mrs Boffin,Anyhow,1868,our-mutual-friend
Mrs Boffin,Eminently Aristocratic,1868,our-mutual-friend
Eminently Aristocratic,Anyhow,1868,our-mutual-friend
Eminently Aristocratic,Mrs Boffin,1868,our-mutual-friend
Eminently Aristocratic,Mrs Boffin,1868,our-mutual-friend
Mrs Boffin,Anyhow,1868,our-mutual-friend
Mrs Boffin,Eminently Aristocratic,1868,our-mutual-friend
Mrs Boffin,Boffin,1871,our-mutual-friend
Boffin,Mrs Boffin,1871,our-mutual-friend
Rokesmith,Wegg,1876,our-mutual-friend
Wegg,Rokesmith,1876,our-mutual-friend
Wegg,Which Lord,1878,our-mutual-friend
Wegg,Rokesmith,1878,our-mutual-friend
Which Lord,Wegg,1878,our-mutual-friend
Which Lord,Rokesmith,1878,our-mutual-friend
Rokesmith,Wegg,1878,our-mutual-friend
Rokesmith,Which Lord,1878,our-mutual-friend
Harmony Jail,Bare,1889,our-mutual-friend
Bare,Harmony Jail,1889,our-mutual-friend
Boffin,Wegg,1912,our-mutual-friend
Boffin,Wegg,1912,our-mutual-friend
Wegg,Boffin,1912,our-mutual-friend
Wegg,Boffin,1912,our-mutual-friend
Boffin,Bully Sawyers,1913,our-mutual-friend
Boffin,Bully Sawyers,1913,our-mutual-friend
Bully Sawyers,Boffin,1913,our-mutual-friend
Bully Sawyers,Boffin,1913,our-mutual-friend
Bully Sawyers,Boffin,1913,our-mutual-friend
Boffin,Bully Sawyers,1913,our-mutual-friend
Wegg,My Benefactor,1925,our-mutual-friend
Wegg,My Bene,1925,our-mutual-friend
My Benefactor,Wegg,1925,our-mutual-friend
My Benefactor,My Bene,1925,our-mutual-friend
My Bene,Wegg,1925,our-mutual-friend
My Bene,My Benefactor,1925,our-mutual-friend
Bereft,Behold,1927,our-mutual-friend
Behold,Bereft,1927,our-mutual-friend
True,Wegg,1932,our-mutual-friend
Wegg,True,1932,our-mutual-friend
Hem,Wegg,1941,our-mutual-friend
Wegg,Hem,1941,our-mutual-friend
Wegg,Similar,1943,our-mutual-friend
Wegg,Thomas,1943,our-mutual-friend
Wegg,Similar,1943,our-mutual-friend
Wegg,Thomas,1943,our-mutual-friend
Similar,Wegg,1943,our-mutual-friend
Similar,Wegg,1943,our-mutual-friend
Similar,Thomas,1943,our-mutual-friend
Thomas,Wegg,1943,our-mutual-friend
Thomas,Wegg,1943,our-mutual-friend
Thomas,Similar,1943,our-mutual-friend
Oars,Shall,1944,our-mutual-friend
Shall,Oars,1944,our-mutual-friend
Wegg,Bully Sawyers,1946,our-mutual-friend
Wegg,Which,1946,our-mutual-friend
Bully Sawyers,Wegg,1946,our-mutual-friend
Bully Sawyers,Which,1946,our-mutual-friend
Which,Wegg,1946,our-mutual-friend
Which,Bully Sawyers,1946,our-mutual-friend
Wegg,Sawyers,1947,our-mutual-friend
Wegg,Mrs Boffin,1947,our-mutual-friend
Sawyers,Wegg,1947,our-mutual-friend
Sawyers,Wegg,1947,our-mutual-friend
Sawyers,Mrs Boffin,1947,our-mutual-friend
Wegg,Sawyers,1947,our-mutual-friend
Wegg,Mrs Boffin,1947,our-mutual-friend
Mrs Boffin,Wegg,1947,our-mutual-friend
Mrs Boffin,Sawyers,1947,our-mutual-friend
Mrs Boffin,Wegg,1947,our-mutual-friend
Much,Boffin,1951,our-mutual-friend
Much,Mrs Boffin,1951,our-mutual-friend
Much,Boffin,1951,our-mutual-friend
Much,Boffin,1951,our-mutual-friend
Boffin,Much,1951,our-mutual-friend
Boffin,Mrs Boffin,1951,our-mutual-friend
Mrs Boffin,Much,1951,our-mutual-friend
Mrs Boffin,Boffin,1951,our-mutual-friend
Mrs Boffin,Boffin,1951,our-mutual-friend
Mrs Boffin,Boffin,1951,our-mutual-friend
Boffin,Much,1951,our-mutual-friend
Boffin,Mrs Boffin,1951,our-mutual-friend
Boffin,Much,1951,our-mutual-friend
Boffin,Mrs Boffin,1951,our-mutual-friend
Well,Lor,1967,our-mutual-friend
Well,Miss Bella Wilfer,1967,our-mutual-friend
Lor,Well,1967,our-mutual-friend
Lor,Miss Bella Wilfer,1967,our-mutual-friend
Miss Bella Wilfer,Well,1967,our-mutual-friend
Miss Bella Wilfer,Lor,1967,our-mutual-friend
Mrs Boffin,Death,1975,our-mutual-friend
Mrs Boffin,Murder,1975,our-mutual-friend
Death,Mrs Boffin,1975,our-mutual-friend
Death,Murder,1975,our-mutual-friend
Murder,Mrs Boffin,1975,our-mutual-friend
Murder,Death,1975,our-mutual-friend
Boffin,Wegg,1978,our-mutual-friend
Wegg,Boffin,1978,our-mutual-friend
Mrs Boffin,Boffin,1979,our-mutual-friend
Mrs Boffin,Boffin,1979,our-mutual-friend
Boffin,Mrs Boffin,1979,our-mutual-friend
Boffin,Mrs Boffin,1979,our-mutual-friend
Dustman,Boffin,1991,our-mutual-friend
Boffin,Dustman,1991,our-mutual-friend
Lightwood,Young Blight,2002,our-mutual-friend
Lightwood,Julius Handford,2002,our-mutual-friend
Lightwood,Julius Handford,2002,our-mutual-friend
Young Blight,Lightwood,2002,our-mutual-friend
Young Blight,Julius Handford,2002,our-mutual-friend
Young Blight,Julius Handford,2002,our-mutual-friend
Young Blight,Lightwood,2002,our-mutual-friend
Julius Handford,Lightwood,2002,our-mutual-friend
Julius Handford,Young Blight,2002,our-mutual-friend
Julius Handford,Lightwood,2002,our-mutual-friend
Julius Handford,Lightwood,2002,our-mutual-friend
Julius Handford,Young Blight,2002,our-mutual-friend
Julius Handford,Lightwood,2002,our-mutual-friend
Lightwood,Young Blight,2002,our-mutual-friend
Lightwood,Julius Handford,2002,our-mutual-friend
Lightwood,Julius Handford,2002,our-mutual-friend
Boffin,Julius Handford,2009,our-mutual-friend
Julius Handford,Boffin,2009,our-mutual-friend
Mrs Milvey,Likewise,2011,our-mutual-friend
Mrs Milvey,Likewise,2011,our-mutual-friend
Likewise,Mrs Milvey,2011,our-mutual-friend
Likewise,Mrs Milvey,2011,our-mutual-friend
Likewise,Mrs Milvey,2011,our-mutual-friend
Mrs Milvey,Likewise,2011,our-mutual-friend
John Rokesmith,Mrs Higden,2015,our-mutual-friend
Mrs Higden,John Rokesmith,2015,our-mutual-friend
Mrs Higden,John Rokesmith,2015,our-mutual-friend
John Rokesmith,Mrs Higden,2015,our-mutual-friend
Mrs Boffin,Betty Higden,2016,our-mutual-friend
Betty Higden,Mrs Boffin,2016,our-mutual-friend
Betty Higden,God,2018,our-mutual-friend
God,Betty Higden,2018,our-mutual-friend
Milvey,Sloppy,2019,our-mutual-friend
Sloppy,Milvey,2019,our-mutual-friend
Betty,Sloppy,2021,our-mutual-friend
Sloppy,Betty,2021,our-mutual-friend
Mrs Higden,Which,2022,our-mutual-friend
Which,Mrs Higden,2022,our-mutual-friend
Sloppy,Mrs Higden,2023,our-mutual-friend
Mrs Higden,Sloppy,2023,our-mutual-friend
Johnny,Mrs Boffin,2027,our-mutual-friend
Mrs Boffin,Johnny,2027,our-mutual-friend
Mrs Boffin,Johnny,2027,our-mutual-friend
Johnny,Mrs Boffin,2027,our-mutual-friend
Toddles,Poddles,2033,our-mutual-friend
Poddles,Toddles,2033,our-mutual-friend
Toddles,Poddles,2034,our-mutual-friend
Toddles,Mrs Betty Higden,2034,our-mutual-friend
Toddles,Betty Higden,2034,our-mutual-friend
Toddles,Poddles,2034,our-mutual-friend
Poddles,Toddles,2034,our-mutual-friend
Poddles,Mrs Betty Higden,2034,our-mutual-friend
Poddles,Betty Higden,2034,our-mutual-friend
Poddles,Toddles,2034,our-mutual-friend
Mrs Betty Higden,Toddles,2034,our-mutual-friend
Mrs Betty Higden,Poddles,2034,our-mutual-friend
Mrs Betty Higden,Betty Higden,2034,our-mutual-friend
Mrs Betty Higden,Toddles,2034,our-mutual-friend
Mrs Betty Higden,Poddles,2034,our-mutual-friend
Betty Higden,Toddles,2034,our-mutual-friend
Betty Higden,Poddles,2034,our-mutual-friend
Betty Higden,Mrs Betty Higden,2034,our-mutual-friend
Betty Higden,Toddles,2034,our-mutual-friend
Betty Higden,Poddles,2034,our-mutual-friend
Toddles,Poddles,2034,our-mutual-friend
Toddles,Mrs Betty Higden,2034,our-mutual-friend
Toddles,Betty Higden,2034,our-mutual-friend
Toddles,Poddles,2034,our-mutual-friend
Poddles,Toddles,2034,our-mutual-friend
Poddles,Mrs Betty Higden,2034,our-mutual-friend
Poddles,Betty Higden,2034,our-mutual-friend
Poddles,Toddles,2034,our-mutual-friend
Master,Sloppy,2035,our-mutual-friend
Sloppy,Master,2035,our-mutual-friend
Johnny,Betty,2044,our-mutual-friend
Johnny,Granny Betty,2044,our-mutual-friend
Betty,Johnny,2044,our-mutual-friend
Betty,Granny Betty,2044,our-mutual-friend
Betty,Johnny,2044,our-mutual-friend
Granny Betty,Johnny,2044,our-mutual-friend
Granny Betty,Betty,2044,our-mutual-friend
Granny Betty,Johnny,2044,our-mutual-friend
Johnny,Betty,2044,our-mutual-friend
Johnny,Granny Betty,2044,our-mutual-friend
Master,Mister Sloppy,2047,our-mutual-friend
Mister Sloppy,Master,2047,our-mutual-friend
Mrs Boffin,Johnny,2056,our-mutual-friend
Johnny,Mrs Boffin,2056,our-mutual-friend
Johnny,Betty,2057,our-mutual-friend
Betty,Johnny,2057,our-mutual-friend
Mrs Boffin,Please God,2059,our-mutual-friend
Please God,Mrs Boffin,2059,our-mutual-friend
Betty,Don,2062,our-mutual-friend
Don,Betty,2062,our-mutual-friend
Toddles,Poddles,2063,our-mutual-friend
Toddles,Johnny,2063,our-mutual-friend
Toddles,Betty Higden,2063,our-mutual-friend
Toddles,Sloppy,2063,our-mutual-friend
Poddles,Toddles,2063,our-mutual-friend
Poddles,Johnny,2063,our-mutual-friend
Poddles,Betty Higden,2063,our-mutual-friend
Poddles,Sloppy,2063,our-mutual-friend
Johnny,Toddles,2063,our-mutual-friend
Johnny,Poddles,2063,our-mutual-friend
Johnny,Betty Higden,2063,our-mutual-friend
Johnny,Sloppy,2063,our-mutual-friend
Betty Higden,Toddles,2063,our-mutual-friend
Betty Higden,Poddles,2063,our-mutual-friend
Betty Higden,Johnny,2063,our-mutual-friend
Betty Higden,Sloppy,2063,our-mutual-friend
Sloppy,Toddles,2063,our-mutual-friend
Sloppy,Poddles,2063,our-mutual-friend
Sloppy,Johnny,2063,our-mutual-friend
Sloppy,Betty Higden,2063,our-mutual-friend
Mrs Boffin,Mrs Higden,2064,our-mutual-friend
Mrs Higden,Mrs Boffin,2064,our-mutual-friend
Mrs Boffin,Take,2066,our-mutual-friend
Take,Mrs Boffin,2066,our-mutual-friend
Don,Betty,2067,our-mutual-friend
Betty,Don,2067,our-mutual-friend
Johnny,Mrs Boffin,2068,our-mutual-friend
Mrs Boffin,Johnny,2068,our-mutual-friend
Sloppy,Mrs Higden,2071,our-mutual-friend
Mrs Higden,Sloppy,2071,our-mutual-friend
Toddles,Poddles,2073,our-mutual-friend
Toddles,Johnny,2073,our-mutual-friend
Toddles,Johnny,2073,our-mutual-friend
Toddles,Mrs Higden,2073,our-mutual-friend
Poddles,Toddles,2073,our-mutual-friend
Poddles,Johnny,2073,our-mutual-friend
Poddles,Johnny,2073,our-mutual-friend
Poddles,Mrs Higden,2073,our-mutual-friend
Johnny,Toddles,2073,our-mutual-friend
Johnny,Poddles,2073,our-mutual-friend
Johnny,Mrs Higden,2073,our-mutual-friend
Johnny,Toddles,2073,our-mutual-friend
Johnny,Poddles,2073,our-mutual-friend
Johnny,Mrs Higden,2073,our-mutual-friend
Mrs Higden,Toddles,2073,our-mutual-friend
Mrs Higden,Poddles,2073,our-mutual-friend
Mrs Higden,Johnny,2073,our-mutual-friend
Mrs Higden,Johnny,2073,our-mutual-friend
Betty,Mrs Boffin,2074,our-mutual-friend
Mrs Boffin,Betty,2074,our-mutual-friend
Johnny,Boffin,2082,our-mutual-friend
Johnny,Mrs Betty Higden,2082,our-mutual-friend
Johnny,Boffin,2082,our-mutual-friend
Johnny,Boffin,2082,our-mutual-friend
Boffin,Johnny,2082,our-mutual-friend
Boffin,Mrs Betty Higden,2082,our-mutual-friend
Mrs Betty Higden,Johnny,2082,our-mutual-friend
Mrs Betty Higden,Boffin,2082,our-mutual-friend
Mrs Betty Higden,Boffin,2082,our-mutual-friend
Mrs Betty Higden,Boffin,2082,our-mutual-friend
Boffin,Johnny,2082,our-mutual-friend
Boffin,Mrs Betty Higden,2082,our-mutual-friend
Boffin,Johnny,2082,our-mutual-friend
Boffin,Mrs Betty Higden,2082,our-mutual-friend
Mrs Boffin,Whether,2084,our-mutual-friend
Mrs Boffin,Miss Bella Wilfer,2084,our-mutual-friend
Whether,Mrs Boffin,2084,our-mutual-friend
Whether,Miss Bella Wilfer,2084,our-mutual-friend
Miss Bella Wilfer,Mrs Boffin,2084,our-mutual-friend
Miss Bella Wilfer,Whether,2084,our-mutual-friend
Boffin,Miss Wilfer,2116,our-mutual-friend
Miss Wilfer,Boffin,2116,our-mutual-friend
Miss Wilfer,John Rokesmith,2122,our-mutual-friend
Miss Wilfer,Boffin,2122,our-mutual-friend
John Rokesmith,Miss Wilfer,2122,our-mutual-friend
John Rokesmith,Boffin,2122,our-mutual-friend
Boffin,Miss Wilfer,2122,our-mutual-friend
Boffin,John Rokesmith,2122,our-mutual-friend
Pardon,Mrs Wilfer,2125,our-mutual-friend
Mrs Wilfer,Pardon,2125,our-mutual-friend
Miss Bella,Don,2128,our-mutual-friend
Don,Miss Bella,2128,our-mutual-friend
Mrs Wilfer,Mrs Boffin,2131,our-mutual-friend
Mrs Wilfer,Lavater,2131,our-mutual-friend
Mrs Boffin,Mrs Wilfer,2131,our-mutual-friend
Mrs Boffin,Lavater,2131,our-mutual-friend
Lavater,Mrs Wilfer,2131,our-mutual-friend
Lavater,Mrs Boffin,2131,our-mutual-friend
Pardon,Mrs Wilfer,2133,our-mutual-friend
Mrs Wilfer,Pardon,2133,our-mutual-friend
Pardon,Mrs Wilfer,2138,our-mutual-friend
Mrs Wilfer,Pardon,2138,our-mutual-friend
Say Miss Wilfer,Mrs Wilfer,2141,our-mutual-friend
Mrs Wilfer,Say Miss Wilfer,2141,our-mutual-friend
Mrs Wilfer,Mrs Boffin,2143,our-mutual-friend
Mrs Boffin,Mrs Wilfer,2143,our-mutual-friend
Mrs Veneering,Mrs Boffin,2153,our-mutual-friend
Mrs Veneering,Lady Tippins,2153,our-mutual-friend
Mrs Veneering,Twemlow,2153,our-mutual-friend
Mrs Veneering,Mrs Tapkins,2153,our-mutual-friend
Mrs Veneering,Miss Tapkins,2153,our-mutual-friend
Mrs Veneering,Miss Frederica Tapkins,2153,our-mutual-friend
Mrs Veneering,Miss Antonina Tapkins,2153,our-mutual-friend
Mrs Veneering,Miss Malvina Tapkins,2153,our-mutual-friend
Mrs Veneering,Miss Euphemia Tapkins,2153,our-mutual-friend
Mrs Veneering,Henry George Alfred Swoshle,2153,our-mutual-friend
Mrs Veneering,Mrs Tapkins,2153,our-mutual-friend
Mrs Veneering,Music,2153,our-mutual-friend
Mrs Boffin,Mrs Veneering,2153,our-mutual-friend
Mrs Boffin,Lady Tippins,2153,our-mutual-friend
Mrs Boffin,Twemlow,2153,our-mutual-friend
Mrs Boffin,Mrs Tapkins,2153,our-mutual-friend
Mrs Boffin,Miss Tapkins,2153,our-mutual-friend
Mrs Boffin,Miss Frederica Tapkins,2153,our-mutual-friend
Mrs Boffin,Miss Antonina Tapkins,2153,our-mutual-friend
Mrs Boffin,Miss Malvina Tapkins,2153,our-mutual-friend
Mrs Boffin,Miss Euphemia Tapkins,2153,our-mutual-friend
Mrs Boffin,Henry George Alfred Swoshle,2153,our-mutual-friend
Mrs Boffin,Mrs Tapkins,2153,our-mutual-friend
Mrs Boffin,Music,2153,our-mutual-friend
Lady Tippins,Mrs Veneering,2153,our-mutual-friend
Lady Tippins,Mrs Boffin,2153,our-mutual-friend
Lady Tippins,Twemlow,2153,our-mutual-friend
Lady Tippins,Mrs Tapkins,2153,our-mutual-friend
Lady Tippins,Miss Tapkins,2153,our-mutual-friend
Lady Tippins,Miss Frederica Tapkins,2153,our-mutual-friend
Lady Tippins,Miss Antonina Tapkins,2153,our-mutual-friend
Lady Tippins,Miss Malvina Tapkins,2153,our-mutual-friend
Lady Tippins,Miss Euphemia Tapkins,2153,our-mutual-friend
Lady Tippins,Henry George Alfred Swoshle,2153,our-mutual-friend
Lady Tippins,Mrs Tapkins,2153,our-mutual-friend
Lady Tippins,Music,2153,our-mutual-friend
Twemlow,Mrs Veneering,2153,our-mutual-friend
Twemlow,Mrs Boffin,2153,our-mutual-friend
Twemlow,Lady Tippins,2153,our-mutual-friend
Twemlow,Mrs Tapkins,2153,our-mutual-friend
Twemlow,Miss Tapkins,2153,our-mutual-friend
Twemlow,Miss Frederica Tapkins,2153,our-mutual-friend
Twemlow,Miss Antonina Tapkins,2153,our-mutual-friend
Twemlow,Miss Malvina Tapkins,2153,our-mutual-friend
Twemlow,Miss Euphemia Tapkins,2153,our-mutual-friend
Twemlow,Henry George Alfred Swoshle,2153,our-mutual-friend
Twemlow,Mrs Tapkins,2153,our-mutual-friend
Twemlow,Music,2153,our-mutual-friend
Mrs Tapkins,Mrs Veneering,2153,our-mutual-friend
Mrs Tapkins,Mrs Boffin,2153,our-mutual-friend
Mrs Tapkins,Lady Tippins,2153,our-mutual-friend
Mrs Tapkins,Twemlow,2153,our-mutual-friend
Mrs Tapkins,Miss Tapkins,2153,our-mutual-friend
Mrs Tapkins,Miss Frederica Tapkins,2153,our-mutual-friend
Mrs Tapkins,Miss Antonina Tapkins,2153,our-mutual-friend
Mrs Tapkins,Miss Malvina Tapkins,2153,our-mutual-friend
Mrs Tapkins,Miss Euphemia Tapkins,2153,our-mutual-friend
Mrs Tapkins,Henry George Alfred Swoshle,2153,our-mutual-friend
Mrs Tapkins,Music,2153,our-mutual-friend
Miss Tapkins,Mrs Veneering,2153,our-mutual-friend
Miss Tapkins,Mrs Boffin,2153,our-mutual-friend
Miss Tapkins,Lady Tippins,2153,our-mutual-friend
Miss Tapkins,Twemlow,2153,our-mutual-friend
Miss Tapkins,Mrs Tapkins,2153,our-mutual-friend
Miss Tapkins,Miss Frederica Tapkins,2153,our-mutual-friend
Miss Tapkins,Miss Antonina Tapkins,2153,our-mutual-friend
Miss Tapkins,Miss Malvina Tapkins,2153,our-mutual-friend
Miss Tapkins,Miss Euphemia Tapkins,2153,our-mutual-friend
Miss Tapkins,Henry George Alfred Swoshle,2153,our-mutual-friend
Miss Tapkins,Mrs Tapkins,2153,our-mutual-friend
Miss Tapkins,Music,2153,our-mutual-friend
Miss Frederica Tapkins,Mrs Veneering,2153,our-mutual-friend
Miss Frederica Tapkins,Mrs Boffin,2153,our-mutual-friend
Miss Frederica Tapkins,Lady Tippins,2153,our-mutual-friend
Miss Frederica Tapkins,Twemlow,2153,our-mutual-friend
Miss Frederica Tapkins,Mrs Tapkins,2153,our-mutual-friend
Miss Frederica Tapkins,Miss Tapkins,2153,our-mutual-friend
Miss Frederica Tapkins,Miss Antonina Tapkins,2153,our-mutual-friend
Miss Frederica Tapkins,Miss Malvina Tapkins,2153,our-mutual-friend
Miss Frederica Tapkins,Miss Euphemia Tapkins,2153,our-mutual-friend
Miss Frederica Tapkins,Henry George Alfred Swoshle,2153,our-mutual-friend
Miss Frederica Tapkins,Mrs Tapkins,2153,our-mutual-friend
Miss Frederica Tapkins,Music,2153,our-mutual-friend
Miss Antonina Tapkins,Mrs Veneering,2153,our-mutual-friend
Miss Antonina Tapkins,Mrs Boffin,2153,our-mutual-friend
Miss Antonina Tapkins,Lady Tippins,2153,our-mutual-friend
Miss Antonina Tapkins,Twemlow,2153,our-mutual-friend
Miss Antonina Tapkins,Mrs Tapkins,2153,our-mutual-friend
Miss Antonina Tapkins,Miss Tapkins,2153,our-mutual-friend
Miss Antonina Tapkins,Miss Frederica Tapkins,2153,our-mutual-friend
Miss Antonina Tapkins,Miss Malvina Tapkins,2153,our-mutual-friend
Miss Antonina Tapkins,Miss Euphemia Tapkins,2153,our-mutual-friend
Miss Antonina Tapkins,Henry George Alfred Swoshle,2153,our-mutual-friend
Miss Antonina Tapkins,Mrs Tapkins,2153,our-mutual-friend
Miss Antonina Tapkins,Music,2153,our-mutual-friend
Miss Malvina Tapkins,Mrs Veneering,2153,our-mutual-friend
Miss Malvina Tapkins,Mrs Boffin,2153,our-mutual-friend
Miss Malvina Tapkins,Lady Tippins,2153,our-mutual-friend
Miss Malvina Tapkins,Twemlow,2153,our-mutual-friend
Miss Malvina Tapkins,Mrs Tapkins,2153,our-mutual-friend
Miss Malvina Tapkins,Miss Tapkins,2153,our-mutual-friend
Miss Malvina Tapkins,Miss Frederica Tapkins,2153,our-mutual-friend
Miss Malvina Tapkins,Miss Antonina Tapkins,2153,our-mutual-friend
Miss Malvina Tapkins,Miss Euphemia Tapkins,2153,our-mutual-friend
Miss Malvina Tapkins,Henry George Alfred Swoshle,2153,our-mutual-friend
Miss Malvina Tapkins,Mrs Tapkins,2153,our-mutual-friend
Miss Malvina Tapkins,Music,2153,our-mutual-friend
Miss Euphemia Tapkins,Mrs Veneering,2153,our-mutual-friend
Miss Euphemia Tapkins,Mrs Boffin,2153,our-mutual-friend
Miss Euphemia Tapkins,Lady Tippins,2153,our-mutual-friend
Miss Euphemia Tapkins,Twemlow,2153,our-mutual-friend
Miss Euphemia Tapkins,Mrs Tapkins,2153,our-mutual-friend
Miss Euphemia Tapkins,Miss Tapkins,2153,our-mutual-friend
Miss Euphemia Tapkins,Miss Frederica Tapkins,2153,our-mutual-friend
Miss Euphemia Tapkins,Miss Antonina Tapkins,2153,our-mutual-friend
Miss Euphemia Tapkins,Miss Malvina Tapkins,2153,our-mutual-friend
Miss Euphemia Tapkins,Henry George Alfred Swoshle,2153,our-mutual-friend
Miss Euphemia Tapkins,Mrs Tapkins,2153,our-mutual-friend
Miss Euphemia Tapkins,Music,2153,our-mutual-friend
Henry George Alfred Swoshle,Mrs Veneering,2153,our-mutual-friend
Henry George Alfred Swoshle,Mrs Boffin,2153,our-mutual-friend
Henry George Alfred Swoshle,Lady Tippins,2153,our-mutual-friend
Henry George Alfred Swoshle,Twemlow,2153,our-mutual-friend
Henry George Alfred Swoshle,Mrs Tapkins,2153,our-mutual-friend
Henry George Alfred Swoshle,Miss Tapkins,2153,our-mutual-friend
Henry George Alfred Swoshle,Miss Frederica Tapkins,2153,our-mutual-friend
Henry George Alfred Swoshle,Miss Antonina Tapkins,2153,our-mutual-friend
Henry George Alfred Swoshle,Miss Malvina Tapkins,2153,our-mutual-friend
Henry George Alfred Swoshle,Miss Euphemia Tapkins,2153,our-mutual-friend
Henry George Alfred Swoshle,Mrs Tapkins,2153,our-mutual-friend
Henry George Alfred Swoshle,Music,2153,our-mutual-friend
Mrs Tapkins,Mrs Veneering,2153,our-mutual-friend
Mrs Tapkins,Mrs Boffin,2153,our-mutual-friend
Mrs Tapkins,Lady Tippins,2153,our-mutual-friend
Mrs Tapkins,Twemlow,2153,our-mutual-friend
Mrs Tapkins,Miss Tapkins,2153,our-mutual-friend
Mrs Tapkins,Miss Frederica Tapkins,2153,our-mutual-friend
Mrs Tapkins,Miss Antonina Tapkins,2153,our-mutual-friend
Mrs Tapkins,Miss Malvina Tapkins,2153,our-mutual-friend
Mrs Tapkins,Miss Euphemia Tapkins,2153,our-mutual-friend
Mrs Tapkins,Henry George Alfred Swoshle,2153,our-mutual-friend
Mrs Tapkins,Music,2153,our-mutual-friend
Music,Mrs Veneering,2153,our-mutual-friend
Music,Mrs Boffin,2153,our-mutual-friend
Music,Lady Tippins,2153,our-mutual-friend
Music,Twemlow,2153,our-mutual-friend
Music,Mrs Tapkins,2153,our-mutual-friend
Music,Miss Tapkins,2153,our-mutual-friend
Music,Miss Frederica Tapkins,2153,our-mutual-friend
Music,Miss Antonina Tapkins,2153,our-mutual-friend
Music,Miss Malvina Tapkins,2153,our-mutual-friend
Music,Miss Euphemia Tapkins,2153,our-mutual-friend
Music,Henry George Alfred Swoshle,2153,our-mutual-friend
Music,Mrs Tapkins,2153,our-mutual-friend
Miss,Bella Wilfer,2154,our-mutual-friend
Miss,Miss Bella,2154,our-mutual-friend
Miss,Milliner,2154,our-mutual-friend
Miss,Dressmaker,2154,our-mutual-friend
Miss,Miss Bella Wilfer,2154,our-mutual-friend
Miss,Mrs Veneering,2154,our-mutual-friend
Miss,Miss Tapkins,2154,our-mutual-friend
Miss,Miss Frederica Tapkins,2154,our-mutual-friend
Miss,Miss Antonina Tapkins,2154,our-mutual-friend
Miss,Miss Malvina Tapkins,2154,our-mutual-friend
Miss,Miss Euphemia Tapkins,2154,our-mutual-friend
Miss,Likewise,2154,our-mutual-friend
Miss,Henry George Alfred Swoshle,2154,our-mutual-friend
Miss,Likewise,2154,our-mutual-friend
Miss,Music,2154,our-mutual-friend
Bella Wilfer,Miss,2154,our-mutual-friend
Bella Wilfer,Miss Bella,2154,our-mutual-friend
Bella Wilfer,Milliner,2154,our-mutual-friend
Bella Wilfer,Dressmaker,2154,our-mutual-friend
Bella Wilfer,Miss Bella Wilfer,2154,our-mutual-friend
Bella Wilfer,Mrs Veneering,2154,our-mutual-friend
Bella Wilfer,Miss Tapkins,2154,our-mutual-friend
Bella Wilfer,Miss Frederica Tapkins,2154,our-mutual-friend
Bella Wilfer,Miss Antonina Tapkins,2154,our-mutual-friend
Bella Wilfer,Miss Malvina Tapkins,2154,our-mutual-friend
Bella Wilfer,Miss Euphemia Tapkins,2154,our-mutual-friend
Bella Wilfer,Likewise,2154,our-mutual-friend
Bella Wilfer,Henry George Alfred Swoshle,2154,our-mutual-friend
Bella Wilfer,Likewise,2154,our-mutual-friend
Bella Wilfer,Music,2154,our-mutual-friend
Miss Bella,Miss,2154,our-mutual-friend
Miss Bella,Bella Wilfer,2154,our-mutual-friend
Miss Bella,Milliner,2154,our-mutual-friend
Miss Bella,Dressmaker,2154,our-mutual-friend
Miss Bella,Miss Bella Wilfer,2154,our-mutual-friend
Miss Bella,Mrs Veneering,2154,our-mutual-friend
Miss Bella,Miss Tapkins,2154,our-mutual-friend
Miss Bella,Miss Frederica Tapkins,2154,our-mutual-friend
Miss Bella,Miss Antonina Tapkins,2154,our-mutual-friend
Miss Bella,Miss Malvina Tapkins,2154,our-mutual-friend
Miss Bella,Miss Euphemia Tapkins,2154,our-mutual-friend
Miss Bella,Likewise,2154,our-mutual-friend
Miss Bella,Henry George Alfred Swoshle,2154,our-mutual-friend
Miss Bella,Likewise,2154,our-mutual-friend
Miss Bella,Music,2154,our-mutual-friend
Milliner,Miss,2154,our-mutual-friend
Milliner,Bella Wilfer,2154,our-mutual-friend
Milliner,Miss Bella,2154,our-mutual-friend
Milliner,Dressmaker,2154,our-mutual-friend
Milliner,Miss Bella Wilfer,2154,our-mutual-friend
Milliner,Mrs Veneering,2154,our-mutual-friend
Milliner,Miss Tapkins,2154,our-mutual-friend
Milliner,Miss Frederica Tapkins,2154,our-mutual-friend
Milliner,Miss Antonina Tapkins,2154,our-mutual-friend
Milliner,Miss Malvina Tapkins,2154,our-mutual-friend
Milliner,Miss Euphemia Tapkins,2154,our-mutual-friend
Milliner,Likewise,2154,our-mutual-friend
Milliner,Henry George Alfred Swoshle,2154,our-mutual-friend
Milliner,Likewise,2154,our-mutual-friend
Milliner,Music,2154,our-mutual-friend
Dressmaker,Miss,2154,our-mutual-friend
Dressmaker,Bella Wilfer,2154,our-mutual-friend
Dressmaker,Miss Bella,2154,our-mutual-friend
Dressmaker,Milliner,2154,our-mutual-friend
Dressmaker,Miss Bella Wilfer,2154,our-mutual-friend
Dressmaker,Mrs Veneering,2154,our-mutual-friend
Dressmaker,Miss Tapkins,2154,our-mutual-friend
Dressmaker,Miss Frederica Tapkins,2154,our-mutual-friend
Dressmaker,Miss Antonina Tapkins,2154,our-mutual-friend
Dressmaker,Miss Malvina Tapkins,2154,our-mutual-friend
Dressmaker,Miss Euphemia Tapkins,2154,our-mutual-friend
Dressmaker,Likewise,2154,our-mutual-friend
Dressmaker,Henry George Alfred Swoshle,2154,our-mutual-friend
Dressmaker,Likewise,2154,our-mutual-friend
Dressmaker,Music,2154,our-mutual-friend
Miss Bella Wilfer,Miss,2154,our-mutual-friend
Miss Bella Wilfer,Bella Wilfer,2154,our-mutual-friend
Miss Bella Wilfer,Miss Bella,2154,our-mutual-friend
Miss Bella Wilfer,Milliner,2154,our-mutual-friend
Miss Bella Wilfer,Dressmaker,2154,our-mutual-friend
Miss Bella Wilfer,Mrs Veneering,2154,our-mutual-friend
Miss Bella Wilfer,Miss Tapkins,2154,our-mutual-friend
Miss Bella Wilfer,Miss Frederica Tapkins,2154,our-mutual-friend
Miss Bella Wilfer,Miss Antonina Tapkins,2154,our-mutual-friend
Miss Bella Wilfer,Miss Malvina Tapkins,2154,our-mutual-friend
Miss Bella Wilfer,Miss Euphemia Tapkins,2154,our-mutual-friend
Miss Bella Wilfer,Likewise,2154,our-mutual-friend
Miss Bella Wilfer,Henry George Alfred Swoshle,2154,our-mutual-friend
Miss Bella Wilfer,Likewise,2154,our-mutual-friend
Miss Bella Wilfer,Music,2154,our-mutual-friend
Mrs Veneering,Miss,2154,our-mutual-friend
Mrs Veneering,Bella Wilfer,2154,our-mutual-friend
Mrs Veneering,Miss Bella,2154,our-mutual-friend
Mrs Veneering,Milliner,2154,our-mutual-friend
Mrs Veneering,Dressmaker,2154,our-mutual-friend
Mrs Veneering,Miss Bella Wilfer,2154,our-mutual-friend
Mrs Veneering,Miss Tapkins,2154,our-mutual-friend
Mrs Veneering,Miss Frederica Tapkins,2154,our-mutual-friend
Mrs Veneering,Miss Antonina Tapkins,2154,our-mutual-friend
Mrs Veneering,Miss Malvina Tapkins,2154,our-mutual-friend
Mrs Veneering,Miss Euphemia Tapkins,2154,our-mutual-friend
Mrs Veneering,Likewise,2154,our-mutual-friend
Mrs Veneering,Henry George Alfred Swoshle,2154,our-mutual-friend
Mrs Veneering,Likewise,2154,our-mutual-friend
Mrs Veneering,Music,2154,our-mutual-friend
Miss Tapkins,Miss,2154,our-mutual-friend
Miss Tapkins,Bella Wilfer,2154,our-mutual-friend
Miss Tapkins,Miss Bella,2154,our-mutual-friend
Miss Tapkins,Milliner,2154,our-mutual-friend
Miss Tapkins,Dressmaker,2154,our-mutual-friend
Miss Tapkins,Miss Bella Wilfer,2154,our-mutual-friend
Miss Tapkins,Mrs Veneering,2154,our-mutual-friend
Miss Tapkins,Miss Frederica Tapkins,2154,our-mutual-friend
Miss Tapkins,Miss Antonina Tapkins,2154,our-mutual-friend
Miss Tapkins,Miss Malvina Tapkins,2154,our-mutual-friend
Miss Tapkins,Miss Euphemia Tapkins,2154,our-mutual-friend
Miss Tapkins,Likewise,2154,our-mutual-friend
Miss Tapkins,Henry George Alfred Swoshle,2154,our-mutual-friend
Miss Tapkins,Likewise,2154,our-mutual-friend
Miss Tapkins,Music,2154,our-mutual-friend
Miss Frederica Tapkins,Miss,2154,our-mutual-friend
Miss Frederica Tapkins,Bella Wilfer,2154,our-mutual-friend
Miss Frederica Tapkins,Miss Bella,2154,our-mutual-friend
Miss Frederica Tapkins,Milliner,2154,our-mutual-friend
Miss Frederica Tapkins,Dressmaker,2154,our-mutual-friend
Miss Frederica Tapkins,Miss Bella Wilfer,2154,our-mutual-friend
Miss Frederica Tapkins,Mrs Veneering,2154,our-mutual-friend
Miss Frederica Tapkins,Miss Tapkins,2154,our-mutual-friend
Miss Frederica Tapkins,Miss Antonina Tapkins,2154,our-mutual-friend
Miss Frederica Tapkins,Miss Malvina Tapkins,2154,our-mutual-friend
Miss Frederica Tapkins,Miss Euphemia Tapkins,2154,our-mutual-friend
Miss Frederica Tapkins,Likewise,2154,our-mutual-friend
Miss Frederica Tapkins,Henry George Alfred Swoshle,2154,our-mutual-friend
Miss Frederica Tapkins,Likewise,2154,our-mutual-friend
Miss Frederica Tapkins,Music,2154,our-mutual-friend
Miss Antonina Tapkins,Miss,2154,our-mutual-friend
Miss Antonina Tapkins,Bella Wilfer,2154,our-mutual-friend
Miss Antonina Tapkins,Miss Bella,2154,our-mutual-friend
Miss Antonina Tapkins,Milliner,2154,our-mutual-friend
Miss Antonina Tapkins,Dressmaker,2154,our-mutual-friend
Miss Antonina Tapkins,Miss Bella Wilfer,2154,our-mutual-friend
Miss Antonina Tapkins,Mrs Veneering,2154,our-mutual-friend
Miss Antonina Tapkins,Miss Tapkins,2154,our-mutual-friend
Miss Antonina Tapkins,Miss Frederica Tapkins,2154,our-mutual-friend
Miss Antonina Tapkins,Miss Malvina Tapkins,2154,our-mutual-friend
Miss Antonina Tapkins,Miss Euphemia Tapkins,2154,our-mutual-friend
Miss Antonina Tapkins,Likewise,2154,our-mutual-friend
Miss Antonina Tapkins,Henry George Alfred Swoshle,2154,our-mutual-friend
Miss Antonina Tapkins,Likewise,2154,our-mutual-friend
Miss Antonina Tapkins,Music,2154,our-mutual-friend
Miss Malvina Tapkins,Miss,2154,our-mutual-friend
Miss Malvina Tapkins,Bella Wilfer,2154,our-mutual-friend
Miss Malvina Tapkins,Miss Bella,2154,our-mutual-friend
Miss Malvina Tapkins,Milliner,2154,our-mutual-friend
Miss Malvina Tapkins,Dressmaker,2154,our-mutual-friend
Miss Malvina Tapkins,Miss Bella Wilfer,2154,our-mutual-friend
Miss Malvina Tapkins,Mrs Veneering,2154,our-mutual-friend
Miss Malvina Tapkins,Miss Tapkins,2154,our-mutual-friend
Miss Malvina Tapkins,Miss Frederica Tapkins,2154,our-mutual-friend
Miss Malvina Tapkins,Miss Antonina Tapkins,2154,our-mutual-friend
Miss Malvina Tapkins,Miss Euphemia Tapkins,2154,our-mutual-friend
Miss Malvina Tapkins,Likewise,2154,our-mutual-friend
Miss Malvina Tapkins,Henry George Alfred Swoshle,2154,our-mutual-friend
Miss Malvina Tapkins,Likewise,2154,our-mutual-friend
Miss Malvina Tapkins,Music,2154,our-mutual-friend
Miss Euphemia Tapkins,Miss,2154,our-mutual-friend
Miss Euphemia Tapkins,Bella Wilfer,2154,our-mutual-friend
Miss Euphemia Tapkins,Miss Bella,2154,our-mutual-friend
Miss Euphemia Tapkins,Milliner,2154,our-mutual-friend
Miss Euphemia Tapkins,Dressmaker,2154,our-mutual-friend
Miss Euphemia Tapkins,Miss Bella Wilfer,2154,our-mutual-friend
Miss Euphemia Tapkins,Mrs Veneering,2154,our-mutual-friend
Miss Euphemia Tapkins,Miss Tapkins,2154,our-mutual-friend
Miss Euphemia Tapkins,Miss Frederica Tapkins,2154,our-mutual-friend
Miss Euphemia Tapkins,Miss Antonina Tapkins,2154,our-mutual-friend
Miss Euphemia Tapkins,Miss Malvina Tapkins,2154,our-mutual-friend
Miss Euphemia Tapkins,Likewise,2154,our-mutual-friend
Miss Euphemia Tapkins,Henry George Alfred Swoshle,2154,our-mutual-friend
Miss Euphemia Tapkins,Likewise,2154,our-mutual-friend
Miss Euphemia Tapkins,Music,2154,our-mutual-friend
Likewise,Miss,2154,our-mutual-friend
Likewise,Bella Wilfer,2154,our-mutual-friend
Likewise,Miss Bella,2154,our-mutual-friend
Likewise,Milliner,2154,our-mutual-friend
Likewise,Dressmaker,2154,our-mutual-friend
Likewise,Miss Bella Wilfer,2154,our-mutual-friend
Likewise,Mrs Veneering,2154,our-mutual-friend
Likewise,Miss Tapkins,2154,our-mutual-friend
Likewise,Miss Frederica Tapkins,2154,our-mutual-friend
Likewise,Miss Antonina Tapkins,2154,our-mutual-friend
Likewise,Miss Malvina Tapkins,2154,our-mutual-friend
Likewise,Miss Euphemia Tapkins,2154,our-mutual-friend
Likewise,Henry George Alfred Swoshle,2154,our-mutual-friend
Likewise,Music,2154,our-mutual-friend
Henry George Alfred Swoshle,Miss,2154,our-mutual-friend
Henry George Alfred Swoshle,Bella Wilfer,2154,our-mutual-friend
Henry George Alfred Swoshle,Miss Bella,2154,our-mutual-friend
Henry George Alfred Swoshle,Milliner,2154,our-mutual-friend
Henry George Alfred Swoshle,Dressmaker,2154,our-mutual-friend
Henry George Alfred Swoshle,Miss Bella Wilfer,2154,our-mutual-friend
Henry George Alfred Swoshle,Mrs Veneering,2154,our-mutual-friend
Henry George Alfred Swoshle,Miss Tapkins,2154,our-mutual-friend
Henry George Alfred Swoshle,Miss Frederica Tapkins,2154,our-mutual-friend
Henry George Alfred Swoshle,Miss Antonina Tapkins,2154,our-mutual-friend
Henry George Alfred Swoshle,Miss Malvina Tapkins,2154,our-mutual-friend
Henry George Alfred Swoshle,Miss Euphemia Tapkins,2154,our-mutual-friend
Henry George Alfred Swoshle,Likewise,2154,our-mutual-friend
Henry George Alfred Swoshle,Likewise,2154,our-mutual-friend
Henry George Alfred Swoshle,Music,2154,our-mutual-friend
Likewise,Miss,2154,our-mutual-friend
Likewise,Bella Wilfer,2154,our-mutual-friend
Likewise,Miss Bella,2154,our-mutual-friend
Likewise,Milliner,2154,our-mutual-friend
Likewise,Dressmaker,2154,our-mutual-friend
Likewise,Miss Bella Wilfer,2154,our-mutual-friend
Likewise,Mrs Veneering,2154,our-mutual-friend
Likewise,Miss Tapkins,2154,our-mutual-friend
Likewise,Miss Frederica Tapkins,2154,our-mutual-friend
Likewise,Miss Antonina Tapkins,2154,our-mutual-friend
Likewise,Miss Malvina Tapkins,2154,our-mutual-friend
Likewise,Miss Euphemia Tapkins,2154,our-mutual-friend
Likewise,Henry George Alfred Swoshle,2154,our-mutual-friend
Likewise,Music,2154,our-mutual-friend
Music,Miss,2154,our-mutual-friend
Music,Bella Wilfer,2154,our-mutual-friend
Music,Miss Bella,2154,our-mutual-friend
Music,Milliner,2154,our-mutual-friend
Music,Dressmaker,2154,our-mutual-friend
Music,Miss Bella Wilfer,2154,our-mutual-friend
Music,Mrs Veneering,2154,our-mutual-friend
Music,Miss Tapkins,2154,our-mutual-friend
Music,Miss Frederica Tapkins,2154,our-mutual-friend
Music,Miss Antonina Tapkins,2154,our-mutual-friend
Music,Miss Malvina Tapkins,2154,our-mutual-friend
Music,Miss Euphemia Tapkins,2154,our-mutual-friend
Music,Likewise,2154,our-mutual-friend
Music,Henry George Alfred Swoshle,2154,our-mutual-friend
Music,Likewise,2154,our-mutual-friend
Mrs Boffin,Miss Wilfer,2155,our-mutual-friend
Mrs Boffin,Lady,2155,our-mutual-friend
Mrs Boffin,Boffins,2155,our-mutual-friend
Miss Wilfer,Mrs Boffin,2155,our-mutual-friend
Miss Wilfer,Lady,2155,our-mutual-friend
Miss Wilfer,Boffins,2155,our-mutual-friend
Lady,Mrs Boffin,2155,our-mutual-friend
Lady,Miss Wilfer,2155,our-mutual-friend
Lady,Boffins,2155,our-mutual-friend
Boffins,Mrs Boffin,2155,our-mutual-friend
Boffins,Miss Wilfer,2155,our-mutual-friend
Boffins,Lady,2155,our-mutual-friend
Large,Nicodemus Boffin,2156,our-mutual-friend
Large,Esquire,2156,our-mutual-friend
Large,Annual Dinner,2156,our-mutual-friend
Large,Steward,2156,our-mutual-friend
Large,Servant,2156,our-mutual-friend
Large,Steward,2156,our-mutual-friend
Large,Nicodemus Boffin,2156,our-mutual-friend
Large,Esquire,2156,our-mutual-friend
Large,Nicodemus Boffin,2156,our-mutual-friend
Large,Esquire,2156,our-mutual-friend
Large,Nicodemus Boffin,2156,our-mutual-friend
Large,Esquire,2156,our-mutual-friend
Nicodemus Boffin,Large,2156,our-mutual-friend
Nicodemus Boffin,Esquire,2156,our-mutual-friend
Nicodemus Boffin,Annual Dinner,2156,our-mutual-friend
Nicodemus Boffin,Steward,2156,our-mutual-friend
Nicodemus Boffin,Servant,2156,our-mutual-friend
Nicodemus Boffin,Steward,2156,our-mutual-friend
Nicodemus Boffin,Esquire,2156,our-mutual-friend
Nicodemus Boffin,Esquire,2156,our-mutual-friend
Nicodemus Boffin,Esquire,2156,our-mutual-friend
Esquire,Large,2156,our-mutual-friend
Esquire,Nicodemus Boffin,2156,our-mutual-friend
Esquire,Annual Dinner,2156,our-mutual-friend
Esquire,Steward,2156,our-mutual-friend
Esquire,Servant,2156,our-mutual-friend
Esquire,Steward,2156,our-mutual-friend
Esquire,Nicodemus Boffin,2156,our-mutual-friend
Esquire,Nicodemus Boffin,2156,our-mutual-friend
Esquire,Nicodemus Boffin,2156,our-mutual-friend
Annual Dinner,Large,2156,our-mutual-friend
Annual Dinner,Nicodemus Boffin,2156,our-mutual-friend
Annual Dinner,Esquire,2156,our-mutual-friend
Annual Dinner,Steward,2156,our-mutual-friend
Annual Dinner,Servant,2156,our-mutual-friend
Annual Dinner,Steward,2156,our-mutual-friend
Annual Dinner,Nicodemus Boffin,2156,our-mutual-friend
Annual Dinner,Esquire,2156,our-mutual-friend
Annual Dinner,Nicodemus Boffin,2156,our-mutual-friend
Annual Dinner,Esquire,2156,our-mutual-friend
Annual Dinner,Nicodemus Boffin,2156,our-mutual-friend
Annual Dinner,Esquire,2156,our-mutual-friend
Steward,Large,2156,our-mutual-friend
Steward,Nicodemus Boffin,2156,our-mutual-friend
Steward,Esquire,2156,our-mutual-friend
Steward,Annual Dinner,2156,our-mutual-friend
Steward,Servant,2156,our-mutual-friend
Steward,Nicodemus Boffin,2156,our-mutual-friend
Steward,Esquire,2156,our-mutual-friend
Steward,Nicodemus Boffin,2156,our-mutual-friend
Steward,Esquire,2156,our-mutual-friend
Steward,Nicodemus Boffin,2156,our-mutual-friend
Steward,Esquire,2156,our-mutual-friend
Servant,Large,2156,our-mutual-friend
Servant,Nicodemus Boffin,2156,our-mutual-friend
Servant,Esquire,2156,our-mutual-friend
Servant,Annual Dinner,2156,our-mutual-friend
Servant,Steward,2156,our-mutual-friend
Servant,Steward,2156,our-mutual-friend
Servant,Nicodemus Boffin,2156,our-mutual-friend
Servant,Esquire,2156,our-mutual-friend
Servant,Nicodemus Boffin,2156,our-mutual-friend
Servant,Esquire,2156,our-mutual-friend
Servant,Nicodemus Boffin,2156,our-mutual-friend
Servant,Esquire,2156,our-mutual-friend
Steward,Large,2156,our-mutual-friend
Steward,Nicodemus Boffin,2156,our-mutual-friend
Steward,Esquire,2156,our-mutual-friend
Steward,Annual Dinner,2156,our-mutual-friend
Steward,Servant,2156,our-mutual-friend
Steward,Nicodemus Boffin,2156,our-mutual-friend
Steward,Esquire,2156,our-mutual-friend
Steward,Nicodemus Boffin,2156,our-mutual-friend
Steward,Esquire,2156,our-mutual-friend
Steward,Nicodemus Boffin,2156,our-mutual-friend
Steward,Esquire,2156,our-mutual-friend
Nicodemus Boffin,Large,2156,our-mutual-friend
Nicodemus Boffin,Esquire,2156,our-mutual-friend
Nicodemus Boffin,Annual Dinner,2156,our-mutual-friend
Nicodemus Boffin,Steward,2156,our-mutual-friend
Nicodemus Boffin,Servant,2156,our-mutual-friend
Nicodemus Boffin,Steward,2156,our-mutual-friend
Nicodemus Boffin,Esquire,2156,our-mutual-friend
Nicodemus Boffin,Esquire,2156,our-mutual-friend
Nicodemus Boffin,Esquire,2156,our-mutual-friend
Esquire,Large,2156,our-mutual-friend
Esquire,Nicodemus Boffin,2156,our-mutual-friend
Esquire,Annual Dinner,2156,our-mutual-friend
Esquire,Steward,2156,our-mutual-friend
Esquire,Servant,2156,our-mutual-friend
Esquire,Steward,2156,our-mutual-friend
Esquire,Nicodemus Boffin,2156,our-mutual-friend
Esquire,Nicodemus Boffin,2156,our-mutual-friend
Esquire,Nicodemus Boffin,2156,our-mutual-friend
Nicodemus Boffin,Large,2156,our-mutual-friend
Nicodemus Boffin,Esquire,2156,our-mutual-friend
Nicodemus Boffin,Annual Dinner,2156,our-mutual-friend
Nicodemus Boffin,Steward,2156,our-mutual-friend
Nicodemus Boffin,Servant,2156,our-mutual-friend
Nicodemus Boffin,Steward,2156,our-mutual-friend
Nicodemus Boffin,Esquire,2156,our-mutual-friend
Nicodemus Boffin,Esquire,2156,our-mutual-friend
Nicodemus Boffin,Esquire,2156,our-mutual-friend
Esquire,Large,2156,our-mutual-friend
Esquire,Nicodemus Boffin,2156,our-mutual-friend
Esquire,Annual Dinner,2156,our-mutual-friend
Esquire,Steward,2156,our-mutual-friend
Esquire,Servant,2156,our-mutual-friend
Esquire,Steward,2156,our-mutual-friend
Esquire,Nicodemus Boffin,2156,our-mutual-friend
Esquire,Nicodemus Boffin,2156,our-mutual-friend
Esquire,Nicodemus Boffin,2156,our-mutual-friend
Nicodemus Boffin,Large,2156,our-mutual-friend
Nicodemus Boffin,Esquire,2156,our-mutual-friend
Nicodemus Boffin,Annual Dinner,2156,our-mutual-friend
Nicodemus Boffin,Steward,2156,our-mutual-friend
Nicodemus Boffin,Servant,2156,our-mutual-friend
Nicodemus Boffin,Steward,2156,our-mutual-friend
Nicodemus Boffin,Esquire,2156,our-mutual-friend
Nicodemus Boffin,Esquire,2156,our-mutual-friend
Nicodemus Boffin,Esquire,2156,our-mutual-friend
Esquire,Large,2156,our-mutual-friend
Esquire,Nicodemus Boffin,2156,our-mutual-friend
Esquire,Annual Dinner,2156,our-mutual-friend
Esquire,Steward,2156,our-mutual-friend
Esquire,Servant,2156,our-mutual-friend
Esquire,Steward,2156,our-mutual-friend
Esquire,Nicodemus Boffin,2156,our-mutual-friend
Esquire,Nicodemus Boffin,2156,our-mutual-friend
Esquire,Nicodemus Boffin,2156,our-mutual-friend
Nicodemus Boffin,Esquire,2157,our-mutual-friend
Nicodemus Boffin,Angel,2157,our-mutual-friend
Nicodemus Boffin,Esquire,2157,our-mutual-friend
Nicodemus Boffin,Akin,2157,our-mutual-friend
Nicodemus Boffin,Esquire,2157,our-mutual-friend
Nicodemus Boffin,Esquire,2157,our-mutual-friend
Nicodemus Boffin,Less,2157,our-mutual-friend
Nicodemus Boffin,Esquire,2157,our-mutual-friend
Esquire,Nicodemus Boffin,2157,our-mutual-friend
Esquire,Angel,2157,our-mutual-friend
Esquire,Nicodemus Boffin,2157,our-mutual-friend
Esquire,Akin,2157,our-mutual-friend
Esquire,Nicodemus Boffin,2157,our-mutual-friend
Esquire,Nicodemus Boffin,2157,our-mutual-friend
Esquire,Nicodemus Boffin,2157,our-mutual-friend
Esquire,Nicodemus Boffin,2157,our-mutual-friend
Esquire,Less,2157,our-mutual-friend
Esquire,Nicodemus Boffin,2157,our-mutual-friend
Angel,Nicodemus Boffin,2157,our-mutual-friend
Angel,Esquire,2157,our-mutual-friend
Angel,Nicodemus Boffin,2157,our-mutual-friend
Angel,Esquire,2157,our-mutual-friend
Angel,Akin,2157,our-mutual-friend
Angel,Nicodemus Boffin,2157,our-mutual-friend
Angel,Esquire,2157,our-mutual-friend
Angel,Nicodemus Boffin,2157,our-mutual-friend
Angel,Nicodemus Boffin,2157,our-mutual-friend
Angel,Nicodemus Boffin,2157,our-mutual-friend
Angel,Esquire,2157,our-mutual-friend
Angel,Less,2157,our-mutual-friend
Angel,Nicodemus Boffin,2157,our-mutual-friend
Angel,Esquire,2157,our-mutual-friend
Nicodemus Boffin,Esquire,2157,our-mutual-friend
Nicodemus Boffin,Angel,2157,our-mutual-friend
Nicodemus Boffin,Esquire,2157,our-mutual-friend
Nicodemus Boffin,Akin,2157,our-mutual-friend
Nicodemus Boffin,Esquire,2157,our-mutual-friend
Nicodemus Boffin,Esquire,2157,our-mutual-friend
Nicodemus Boffin,Less,2157,our-mutual-friend
Nicodemus Boffin,Esquire,2157,our-mutual-friend
Esquire,Nicodemus Boffin,2157,our-mutual-friend
Esquire,Angel,2157,our-mutual-friend
Esquire,Nicodemus Boffin,2157,our-mutual-friend
Esquire,Akin,2157,our-mutual-friend
Esquire,Nicodemus Boffin,2157,our-mutual-friend
Esquire,Nicodemus Boffin,2157,our-mutual-friend
Esquire,Nicodemus Boffin,2157,our-mutual-friend
Esquire,Nicodemus Boffin,2157,our-mutual-friend
Esquire,Less,2157,our-mutual-friend
Esquire,Nicodemus Boffin,2157,our-mutual-friend
Akin,Nicodemus Boffin,2157,our-mutual-friend
Akin,Esquire,2157,our-mutual-friend
Akin,Angel,2157,our-mutual-friend
Akin,Nicodemus Boffin,2157,our-mutual-friend
Akin,Esquire,2157,our-mutual-friend
Akin,Nicodemus Boffin,2157,our-mutual-friend
Akin,Esquire,2157,our-mutual-friend
Akin,Nicodemus Boffin,2157,our-mutual-friend
Akin,Nicodemus Boffin,2157,our-mutual-friend
Akin,Nicodemus Boffin,2157,our-mutual-friend
Akin,Esquire,2157,our-mutual-friend
Akin,Less,2157,our-mutual-friend
Akin,Nicodemus Boffin,2157,our-mutual-friend
Akin,Esquire,2157,our-mutual-friend
Nicodemus Boffin,Esquire,2157,our-mutual-friend
Nicodemus Boffin,Angel,2157,our-mutual-friend
Nicodemus Boffin,Esquire,2157,our-mutual-friend
Nicodemus Boffin,Akin,2157,our-mutual-friend
Nicodemus Boffin,Esquire,2157,our-mutual-friend
Nicodemus Boffin,Esquire,2157,our-mutual-friend
Nicodemus Boffin,Less,2157,our-mutual-friend
Nicodemus Boffin,Esquire,2157,our-mutual-friend
Esquire,Nicodemus Boffin,2157,our-mutual-friend
Esquire,Angel,2157,our-mutual-friend
Esquire,Nicodemus Boffin,2157,our-mutual-friend
Esquire,Akin,2157,our-mutual-friend
Esquire,Nicodemus Boffin,2157,our-mutual-friend
Esquire,Nicodemus Boffin,2157,our-mutual-friend
Esquire,Nicodemus Boffin,2157,our-mutual-friend
Esquire,Nicodemus Boffin,2157,our-mutual-friend
Esquire,Less,2157,our-mutual-friend
Esquire,Nicodemus Boffin,2157,our-mutual-friend
Nicodemus Boffin,Esquire,2157,our-mutual-friend
Nicodemus Boffin,Angel,2157,our-mutual-friend
Nicodemus Boffin,Esquire,2157,our-mutual-friend
Nicodemus Boffin,Akin,2157,our-mutual-friend
Nicodemus Boffin,Esquire,2157,our-mutual-friend
Nicodemus Boffin,Esquire,2157,our-mutual-friend
Nicodemus Boffin,Less,2157,our-mutual-friend
Nicodemus Boffin,Esquire,2157,our-mutual-friend
Nicodemus Boffin,Esquire,2157,our-mutual-friend
Nicodemus Boffin,Angel,2157,our-mutual-friend
Nicodemus Boffin,Esquire,2157,our-mutual-friend
Nicodemus Boffin,Akin,2157,our-mutual-friend
Nicodemus Boffin,Esquire,2157,our-mutual-friend
Nicodemus Boffin,Esquire,2157,our-mutual-friend
Nicodemus Boffin,Less,2157,our-mutual-friend
Nicodemus Boffin,Esquire,2157,our-mutual-friend
Nicodemus Boffin,Esquire,2157,our-mutual-friend
Nicodemus Boffin,Angel,2157,our-mutual-friend
Nicodemus Boffin,Esquire,2157,our-mutual-friend
Nicodemus Boffin,Akin,2157,our-mutual-friend
Nicodemus Boffin,Esquire,2157,our-mutual-friend
Nicodemus Boffin,Esquire,2157,our-mutual-friend
Nicodemus Boffin,Less,2157,our-mutual-friend
Nicodemus Boffin,Esquire,2157,our-mutual-friend
Esquire,Nicodemus Boffin,2157,our-mutual-friend
Esquire,Angel,2157,our-mutual-friend
Esquire,Nicodemus Boffin,2157,our-mutual-friend
Esquire,Akin,2157,our-mutual-friend
Esquire,Nicodemus Boffin,2157,our-mutual-friend
Esquire,Nicodemus Boffin,2157,our-mutual-friend
Esquire,Nicodemus Boffin,2157,our-mutual-friend
Esquire,Nicodemus Boffin,2157,our-mutual-friend
Esquire,Less,2157,our-mutual-friend
Esquire,Nicodemus Boffin,2157,our-mutual-friend
Less,Nicodemus Boffin,2157,our-mutual-friend
Less,Esquire,2157,our-mutual-friend
Less,Angel,2157,our-mutual-friend
Less,Nicodemus Boffin,2157,our-mutual-friend
Less,Esquire,2157,our-mutual-friend
Less,Akin,2157,our-mutual-friend
Less,Nicodemus Boffin,2157,our-mutual-friend
Less,Esquire,2157,our-mutual-friend
Less,Nicodemus Boffin,2157,our-mutual-friend
Less,Nicodemus Boffin,2157,our-mutual-friend
Less,Nicodemus Boffin,2157,our-mutual-friend
Less,Esquire,2157,our-mutual-friend
Less,Nicodemus Boffin,2157,our-mutual-friend
Less,Esquire,2157,our-mutual-friend
Nicodemus Boffin,Esquire,2157,our-mutual-friend
Nicodemus Boffin,Angel,2157,our-mutual-friend
Nicodemus Boffin,Esquire,2157,our-mutual-friend
Nicodemus Boffin,Akin,2157,our-mutual-friend
Nicodemus Boffin,Esquire,2157,our-mutual-friend
Nicodemus Boffin,Esquire,2157,our-mutual-friend
Nicodemus Boffin,Less,2157,our-mutual-friend
Nicodemus Boffin,Esquire,2157,our-mutual-friend
Esquire,Nicodemus Boffin,2157,our-mutual-friend
Esquire,Angel,2157,our-mutual-friend
Esquire,Nicodemus Boffin,2157,our-mutual-friend
Esquire,Akin,2157,our-mutual-friend
Esquire,Nicodemus Boffin,2157,our-mutual-friend
Esquire,Nicodemus Boffin,2157,our-mutual-friend
Esquire,Nicodemus Boffin,2157,our-mutual-friend
Esquire,Nicodemus Boffin,2157,our-mutual-friend
Esquire,Less,2157,our-mutual-friend
Esquire,Nicodemus Boffin,2157,our-mutual-friend
Thomas Twopence,Who,2167,our-mutual-friend
Thomas Twopence,Dearert Childerrenerr,2167,our-mutual-friend
Who,Thomas Twopence,2167,our-mutual-friend
Who,Dearert Childerrenerr,2167,our-mutual-friend
Dearert Childerrenerr,Thomas Twopence,2167,our-mutual-friend
Dearert Childerrenerr,Who,2167,our-mutual-friend
Bradley,Headstone,2177,our-mutual-friend
Headstone,Bradley,2177,our-mutual-friend
Hexam,Bradley Headstone,2195,our-mutual-friend
Hexam,Charley Hexam,2195,our-mutual-friend
Hexam,Autumn,2195,our-mutual-friend
Bradley Headstone,Hexam,2195,our-mutual-friend
Bradley Headstone,Charley Hexam,2195,our-mutual-friend
Bradley Headstone,Autumn,2195,our-mutual-friend
Charley Hexam,Hexam,2195,our-mutual-friend
Charley Hexam,Bradley Headstone,2195,our-mutual-friend
Charley Hexam,Autumn,2195,our-mutual-friend
Autumn,Hexam,2195,our-mutual-friend
Autumn,Bradley Headstone,2195,our-mutual-friend
Autumn,Charley Hexam,2195,our-mutual-friend
Kent,Aladdin,2196,our-mutual-friend
Aladdin,Kent,2196,our-mutual-friend
Miss Peecher,Bradley Headstone,2198,our-mutual-friend
Bradley Headstone,Miss Peecher,2198,our-mutual-friend
Bradley Headstone,Miss Peecher,2198,our-mutual-friend
Miss Peecher,Bradley Headstone,2198,our-mutual-friend
Miss,Peecher,2199,our-mutual-friend
Miss,Charley Hexam,2199,our-mutual-friend
Peecher,Miss,2199,our-mutual-friend
Peecher,Charley Hexam,2199,our-mutual-friend
Charley Hexam,Miss,2199,our-mutual-friend
Charley Hexam,Peecher,2199,our-mutual-friend
Ours,Miss Peecher,2204,our-mutual-friend
Miss Peecher,Ours,2204,our-mutual-friend
Mary Anne,Miss Peecher,2208,our-mutual-friend
Miss Peecher,Mary Anne,2208,our-mutual-friend
Mary,Anne,2211,our-mutual-friend
Anne,Mary,2211,our-mutual-friend
Mary,Anne,2215,our-mutual-friend
Anne,Mary,2215,our-mutual-friend
Mary Anne,Miss Peecher,2218,our-mutual-friend
Mary Anne,Miss Peecher,2218,our-mutual-friend
Miss Peecher,Mary Anne,2218,our-mutual-friend
Miss Peecher,Mary Anne,2218,our-mutual-friend
Mary,Anne,2219,our-mutual-friend
Anne,Mary,2219,our-mutual-friend
Miss Peecher,Mary Anne,2227,our-mutual-friend
Mary Anne,Miss Peecher,2227,our-mutual-friend
Mary,Anne,2228,our-mutual-friend
Anne,Mary,2228,our-mutual-friend
Miss Peecher,Don,2231,our-mutual-friend
Miss Peecher,Mary,2231,our-mutual-friend
Don,Miss Peecher,2231,our-mutual-friend
Don,Mary,2231,our-mutual-friend
Don,Miss Peecher,2231,our-mutual-friend
Mary,Miss Peecher,2231,our-mutual-friend
Mary,Don,2231,our-mutual-friend
Mary,Miss Peecher,2231,our-mutual-friend
Miss Peecher,Don,2231,our-mutual-friend
Miss Peecher,Mary,2231,our-mutual-friend
Bradley,Charley Hexam,2232,our-mutual-friend
Bradley,Millbank,2232,our-mutual-friend
Bradley,Church Street,2232,our-mutual-friend
Bradley,Smith Square,2232,our-mutual-friend
Bradley,Miller,2232,our-mutual-friend
Bradley,Nobody,2232,our-mutual-friend
Charley Hexam,Bradley,2232,our-mutual-friend
Charley Hexam,Millbank,2232,our-mutual-friend
Charley Hexam,Church Street,2232,our-mutual-friend
Charley Hexam,Smith Square,2232,our-mutual-friend
Charley Hexam,Miller,2232,our-mutual-friend
Charley Hexam,Nobody,2232,our-mutual-friend
Millbank,Bradley,2232,our-mutual-friend
Millbank,Charley Hexam,2232,our-mutual-friend
Millbank,Church Street,2232,our-mutual-friend
Millbank,Smith Square,2232,our-mutual-friend
Millbank,Miller,2232,our-mutual-friend
Millbank,Nobody,2232,our-mutual-friend
Church Street,Bradley,2232,our-mutual-friend
Church Street,Charley Hexam,2232,our-mutual-friend
Church Street,Millbank,2232,our-mutual-friend
Church Street,Smith Square,2232,our-mutual-friend
Church Street,Miller,2232,our-mutual-friend
Church Street,Nobody,2232,our-mutual-friend
Smith Square,Bradley,2232,our-mutual-friend
Smith Square,Charley Hexam,2232,our-mutual-friend
Smith Square,Millbank,2232,our-mutual-friend
Smith Square,Church Street,2232,our-mutual-friend
Smith Square,Miller,2232,our-mutual-friend
Smith Square,Nobody,2232,our-mutual-friend
Miller,Bradley,2232,our-mutual-friend
Miller,Charley Hexam,2232,our-mutual-friend
Miller,Millbank,2232,our-mutual-friend
Miller,Church Street,2232,our-mutual-friend
Miller,Smith Square,2232,our-mutual-friend
Miller,Nobody,2232,our-mutual-friend
Nobody,Bradley,2232,our-mutual-friend
Nobody,Charley Hexam,2232,our-mutual-friend
Nobody,Millbank,2232,our-mutual-friend
Nobody,Church Street,2232,our-mutual-friend
Nobody,Smith Square,2232,our-mutual-friend
Nobody,Miller,2232,our-mutual-friend
Bradley Headstone,Don,2270,our-mutual-friend
Don,Bradley Headstone,2270,our-mutual-friend
Charley,Bradley Headstone,2289,our-mutual-friend
Bradley Headstone,Charley,2289,our-mutual-friend
Lizzie,Charley,2296,our-mutual-friend
Charley,Lizzie,2296,our-mutual-friend
Bradley Headstone,Lizzie Hexam,2302,our-mutual-friend
Lizzie Hexam,Bradley Headstone,2302,our-mutual-friend
Don,Charley,2317,our-mutual-friend
Charley,Don,2317,our-mutual-friend
Liz,Headstone,2323,our-mutual-friend
Headstone,Liz,2323,our-mutual-friend
Liz,Don,2327,our-mutual-friend
Don,Liz,2327,our-mutual-friend
Bradley,Headstone,2346,our-mutual-friend
Headstone,Bradley,2346,our-mutual-friend
Lizzie,Miss Peecher,2379,our-mutual-friend
Miss Peecher,Lizzie,2379,our-mutual-friend
Miss Peecher,Bradley Headstone,2380,our-mutual-friend
Bradley Headstone,Miss Peecher,2380,our-mutual-friend
Mary Anne,Miss Peecher,2383,our-mutual-friend
Mary Anne,Miss Peecher,2383,our-mutual-friend
Mary Anne,Miss Peecher,2383,our-mutual-friend
Miss Peecher,Mary Anne,2383,our-mutual-friend
Miss Peecher,Mary Anne,2383,our-mutual-friend
Miss Peecher,Mary Anne,2383,our-mutual-friend
Miss,Peecher,2390,our-mutual-friend
Peecher,Miss,2390,our-mutual-friend
Jenny Wren,Fanny Cleaver,2403,our-mutual-friend
Fanny Cleaver,Jenny Wren,2403,our-mutual-friend
Jenny,Wren,2405,our-mutual-friend
Wren,Jenny,2405,our-mutual-friend
Eugene Wrayburn,Miss Wren,2415,our-mutual-friend
Miss Wren,Eugene Wrayburn,2415,our-mutual-friend
Lizzie,Eugene,2424,our-mutual-friend
Eugene,Lizzie,2424,our-mutual-friend
Eugene,Lightwood,2425,our-mutual-friend
Lightwood,Eugene,2425,our-mutual-friend
Eugene,Lizzie,2431,our-mutual-friend
Lizzie,Eugene,2431,our-mutual-friend
False,Eugene,2433,our-mutual-friend
Eugene,False,2433,our-mutual-friend
False,Eugene,2435,our-mutual-friend
False,Miss Jenny,2435,our-mutual-friend
False,True,2435,our-mutual-friend
False,True,2435,our-mutual-friend
Eugene,False,2435,our-mutual-friend
Eugene,Miss Jenny,2435,our-mutual-friend
Eugene,False,2435,our-mutual-friend
Eugene,True,2435,our-mutual-friend
Eugene,True,2435,our-mutual-friend
Miss Jenny,False,2435,our-mutual-friend
Miss Jenny,Eugene,2435,our-mutual-friend
Miss Jenny,False,2435,our-mutual-friend
Miss Jenny,True,2435,our-mutual-friend
Miss Jenny,True,2435,our-mutual-friend
False,Eugene,2435,our-mutual-friend
False,Miss Jenny,2435,our-mutual-friend
False,True,2435,our-mutual-friend
False,True,2435,our-mutual-friend
True,False,2435,our-mutual-friend
True,Eugene,2435,our-mutual-friend
True,Miss Jenny,2435,our-mutual-friend
True,False,2435,our-mutual-friend
True,False,2435,our-mutual-friend
True,Eugene,2435,our-mutual-friend
True,Miss Jenny,2435,our-mutual-friend
True,False,2435,our-mutual-friend
Don,Eugene,2439,our-mutual-friend
Eugene,Don,2439,our-mutual-friend
Miss Jenny,Miss,2441,our-mutual-friend
Miss Jenny,Sir Eugene Bountiful,2441,our-mutual-friend
Miss,Miss Jenny,2441,our-mutual-friend
Miss,Sir Eugene Bountiful,2441,our-mutual-friend
Sir Eugene Bountiful,Miss Jenny,2441,our-mutual-friend
Sir Eugene Bountiful,Miss,2441,our-mutual-friend
Eugene,Riderhood,2443,our-mutual-friend
Eugene,Lightwood,2443,our-mutual-friend
Riderhood,Eugene,2443,our-mutual-friend
Riderhood,Lightwood,2443,our-mutual-friend
Lightwood,Eugene,2443,our-mutual-friend
Lightwood,Riderhood,2443,our-mutual-friend
Eugene,Lizzie Hexam,2449,our-mutual-friend
Lizzie Hexam,Eugene,2449,our-mutual-friend
Eugene,Lizzie,2454,our-mutual-friend
Lizzie,Eugene,2454,our-mutual-friend
Jenny Wren,Miss Jenny,2455,our-mutual-friend
Miss Jenny,Jenny Wren,2455,our-mutual-friend
Miss Wren,Eugene,2459,our-mutual-friend
Eugene,Miss Wren,2459,our-mutual-friend
Miss Wren,Eugene,2473,our-mutual-friend
Eugene,Miss Wren,2473,our-mutual-friend
Don,Miss Hexam,2479,our-mutual-friend
Miss Hexam,Don,2479,our-mutual-friend
Miss Hexam,Don,2479,our-mutual-friend
Don,Miss Hexam,2479,our-mutual-friend
How,Jenny Wren,2481,our-mutual-friend
Jenny Wren,How,2481,our-mutual-friend
Shouldn,Poor,2495,our-mutual-friend
Poor,Shouldn,2495,our-mutual-friend
Miss Wren,Don,2508,our-mutual-friend
Don,Miss Wren,2508,our-mutual-friend
Her Majesty,Veneering,2526,our-mutual-friend
Veneering,Her Majesty,2526,our-mutual-friend
Duke Street,Saint James,2529,our-mutual-friend
Duke Street,Twemlow,2529,our-mutual-friend
Duke Street,Twemlow,2529,our-mutual-friend
Saint James,Duke Street,2529,our-mutual-friend
Saint James,Twemlow,2529,our-mutual-friend
Saint James,Twemlow,2529,our-mutual-friend
Twemlow,Duke Street,2529,our-mutual-friend
Twemlow,Saint James,2529,our-mutual-friend
Twemlow,Duke Street,2529,our-mutual-friend
Twemlow,Saint James,2529,our-mutual-friend
Snigsworthy Park,Lord Snigsworth,2538,our-mutual-friend
Lord Snigsworth,Snigsworthy Park,2538,our-mutual-friend
Twemlow,Lord Snigsworth,2543,our-mutual-friend
Lord Snigsworth,Twemlow,2543,our-mutual-friend
Twemlow,Finds Podsnap,2559,our-mutual-friend
Twemlow,Podsnap,2559,our-mutual-friend
Twemlow,Tells Podsnap,2559,our-mutual-friend
Twemlow,Podsnap,2559,our-mutual-friend
Twemlow,Podsnap,2559,our-mutual-friend
Twemlow,Seeks,2559,our-mutual-friend
Twemlow,Podsnap,2559,our-mutual-friend
Finds Podsnap,Twemlow,2559,our-mutual-friend
Finds Podsnap,Podsnap,2559,our-mutual-friend
Finds Podsnap,Tells Podsnap,2559,our-mutual-friend
Finds Podsnap,Podsnap,2559,our-mutual-friend
Finds Podsnap,Podsnap,2559,our-mutual-friend
Finds Podsnap,Seeks,2559,our-mutual-friend
Finds Podsnap,Podsnap,2559,our-mutual-friend
Podsnap,Twemlow,2559,our-mutual-friend
Podsnap,Finds Podsnap,2559,our-mutual-friend
Podsnap,Tells Podsnap,2559,our-mutual-friend
Podsnap,Seeks,2559,our-mutual-friend
Tells Podsnap,Twemlow,2559,our-mutual-friend
Tells Podsnap,Finds Podsnap,2559,our-mutual-friend
Tells Podsnap,Podsnap,2559,our-mutual-friend
Tells Podsnap,Podsnap,2559,our-mutual-friend
Tells Podsnap,Podsnap,2559,our-mutual-friend
Tells Podsnap,Seeks,2559,our-mutual-friend
Tells Podsnap,Podsnap,2559,our-mutual-friend
Podsnap,Twemlow,2559,our-mutual-friend
Podsnap,Finds Podsnap,2559,our-mutual-friend
Podsnap,Tells Podsnap,2559,our-mutual-friend
Podsnap,Seeks,2559,our-mutual-friend
Podsnap,Twemlow,2559,our-mutual-friend
Podsnap,Finds Podsnap,2559,our-mutual-friend
Podsnap,Tells Podsnap,2559,our-mutual-friend
Podsnap,Seeks,2559,our-mutual-friend
Seeks,Twemlow,2559,our-mutual-friend
Seeks,Finds Podsnap,2559,our-mutual-friend
Seeks,Podsnap,2559,our-mutual-friend
Seeks,Tells Podsnap,2559,our-mutual-friend
Seeks,Podsnap,2559,our-mutual-friend
Seeks,Podsnap,2559,our-mutual-friend
Seeks,Podsnap,2559,our-mutual-friend
Podsnap,Twemlow,2559,our-mutual-friend
Podsnap,Finds Podsnap,2559,our-mutual-friend
Podsnap,Tells Podsnap,2559,our-mutual-friend
Podsnap,Seeks,2559,our-mutual-friend
Podsnap,Good,2568,our-mutual-friend
Podsnap,Good,2568,our-mutual-friend
Good,Podsnap,2568,our-mutual-friend
Good,Podsnap,2568,our-mutual-friend
Twemlow,Podsnap,2569,our-mutual-friend
Podsnap,Twemlow,2569,our-mutual-friend
Podsnap,Twemlow,2569,our-mutual-friend
Twemlow,Podsnap,2569,our-mutual-friend
Podsnap,Mrs Podsnap,2570,our-mutual-friend
Mrs Podsnap,Podsnap,2570,our-mutual-friend
Podsnap,Boots,2573,our-mutual-friend
Boots,Podsnap,2573,our-mutual-friend
Lady Tippins,Curious,2577,our-mutual-friend
Lady Tippins,Curious,2577,our-mutual-friend
Curious,Lady Tippins,2577,our-mutual-friend
Curious,Lady Tippins,2577,our-mutual-friend
Twemlow,Podsnap,2579,our-mutual-friend
Twemlow,Boots,2579,our-mutual-friend
Twemlow,Brewer,2579,our-mutual-friend
Twemlow,Boots,2579,our-mutual-friend
Twemlow,Brewer,2579,our-mutual-friend
Podsnap,Twemlow,2579,our-mutual-friend
Podsnap,Boots,2579,our-mutual-friend
Podsnap,Brewer,2579,our-mutual-friend
Podsnap,Boots,2579,our-mutual-friend
Podsnap,Brewer,2579,our-mutual-friend
Boots,Twemlow,2579,our-mutual-friend
Boots,Podsnap,2579,our-mutual-friend
Boots,Brewer,2579,our-mutual-friend
Boots,Brewer,2579,our-mutual-friend
Brewer,Twemlow,2579,our-mutual-friend
Brewer,Podsnap,2579,our-mutual-friend
Brewer,Boots,2579,our-mutual-friend
Brewer,Boots,2579,our-mutual-friend
Boots,Twemlow,2579,our-mutual-friend
Boots,Podsnap,2579,our-mutual-friend
Boots,Brewer,2579,our-mutual-friend
Boots,Brewer,2579,our-mutual-friend
Brewer,Twemlow,2579,our-mutual-friend
Brewer,Podsnap,2579,our-mutual-friend
Brewer,Boots,2579,our-mutual-friend
Brewer,Boots,2579,our-mutual-friend
Lady,Boots,2585,our-mutual-friend
Lady,Brewer,2585,our-mutual-friend
Boots,Lady,2585,our-mutual-friend
Boots,Brewer,2585,our-mutual-friend
Brewer,Lady,2585,our-mutual-friend
Brewer,Boots,2585,our-mutual-friend
Brewer,Guy Fawkes,2586,our-mutual-friend
Guy Fawkes,Brewer,2586,our-mutual-friend
Boots,Brewer,2589,our-mutual-friend
Boots,Brewer,2589,our-mutual-friend
Boots,Driver,2589,our-mutual-friend
Boots,Brewer,2589,our-mutual-friend
Brewer,Boots,2589,our-mutual-friend
Brewer,Driver,2589,our-mutual-friend
Brewer,Boots,2589,our-mutual-friend
Brewer,Driver,2589,our-mutual-friend
Driver,Boots,2589,our-mutual-friend
Driver,Brewer,2589,our-mutual-friend
Driver,Brewer,2589,our-mutual-friend
Driver,Brewer,2589,our-mutual-friend
Brewer,Boots,2589,our-mutual-friend
Brewer,Driver,2589,our-mutual-friend
Podsnap,Twemlow,2590,our-mutual-friend
Podsnap,Branch Station,2590,our-mutual-friend
Podsnap,Mrs Veneering,2590,our-mutual-friend
Twemlow,Podsnap,2590,our-mutual-friend
Twemlow,Branch Station,2590,our-mutual-friend
Twemlow,Podsnap,2590,our-mutual-friend
Twemlow,Mrs Veneering,2590,our-mutual-friend
Branch Station,Podsnap,2590,our-mutual-friend
Branch Station,Twemlow,2590,our-mutual-friend
Branch Station,Podsnap,2590,our-mutual-friend
Branch Station,Mrs Veneering,2590,our-mutual-friend
Podsnap,Twemlow,2590,our-mutual-friend
Podsnap,Branch Station,2590,our-mutual-friend
Podsnap,Mrs Veneering,2590,our-mutual-friend
Mrs Veneering,Podsnap,2590,our-mutual-friend
Mrs Veneering,Twemlow,2590,our-mutual-friend
Mrs Veneering,Branch Station,2590,our-mutual-friend
Mrs Veneering,Podsnap,2590,our-mutual-friend
Podsnap,Twemlow,2591,our-mutual-friend
Twemlow,Podsnap,2591,our-mutual-friend
Twemlow,Lord Snigsworth,2593,our-mutual-friend
Twemlow,Lord Snigsworth,2593,our-mutual-friend
Lord Snigsworth,Twemlow,2593,our-mutual-friend
Lord Snigsworth,Twemlow,2593,our-mutual-friend
Lady Tippins,Boots,2596,our-mutual-friend
Lady Tippins,Brewer,2596,our-mutual-friend
Boots,Lady Tippins,2596,our-mutual-friend
Boots,Brewer,2596,our-mutual-friend
Brewer,Lady Tippins,2596,our-mutual-friend
Brewer,Boots,2596,our-mutual-friend
Mrs Veneering,Lady Tippins,2597,our-mutual-friend
Lady Tippins,Mrs Veneering,2597,our-mutual-friend
Mrs Veneering,Baby,2602,our-mutual-friend
Baby,Mrs Veneering,2602,our-mutual-friend
Twemlow,Saint James,2604,our-mutual-friend
Saint James,Twemlow,2604,our-mutual-friend
Mrs Alfred Lammle,Georgiana,2611,our-mutual-friend
Georgiana,Mrs Alfred Lammle,2611,our-mutual-friend
Georgiana,Mrs Alfred Lammle,2612,our-mutual-friend
Georgiana,Mrs Podsnap,2612,our-mutual-friend
Georgiana,Podsnap,2612,our-mutual-friend
Georgiana,Mrs Podsnap,2612,our-mutual-friend
Georgiana,Podsnap,2612,our-mutual-friend
Mrs Alfred Lammle,Georgiana,2612,our-mutual-friend
Mrs Alfred Lammle,Mrs Podsnap,2612,our-mutual-friend
Mrs Alfred Lammle,Georgiana,2612,our-mutual-friend
Mrs Alfred Lammle,Georgiana,2612,our-mutual-friend
Mrs Alfred Lammle,Podsnap,2612,our-mutual-friend
Mrs Alfred Lammle,Mrs Podsnap,2612,our-mutual-friend
Mrs Alfred Lammle,Podsnap,2612,our-mutual-friend
Mrs Podsnap,Georgiana,2612,our-mutual-friend
Mrs Podsnap,Mrs Alfred Lammle,2612,our-mutual-friend
Mrs Podsnap,Georgiana,2612,our-mutual-friend
Mrs Podsnap,Georgiana,2612,our-mutual-friend
Mrs Podsnap,Podsnap,2612,our-mutual-friend
Mrs Podsnap,Podsnap,2612,our-mutual-friend
Georgiana,Mrs Alfred Lammle,2612,our-mutual-friend
Georgiana,Mrs Podsnap,2612,our-mutual-friend
Georgiana,Podsnap,2612,our-mutual-friend
Georgiana,Mrs Podsnap,2612,our-mutual-friend
Georgiana,Podsnap,2612,our-mutual-friend
Georgiana,Mrs Alfred Lammle,2612,our-mutual-friend
Georgiana,Mrs Podsnap,2612,our-mutual-friend
Georgiana,Podsnap,2612,our-mutual-friend
Georgiana,Mrs Podsnap,2612,our-mutual-friend
Georgiana,Podsnap,2612,our-mutual-friend
Podsnap,Georgiana,2612,our-mutual-friend
Podsnap,Mrs Alfred Lammle,2612,our-mutual-friend
Podsnap,Mrs Podsnap,2612,our-mutual-friend
Podsnap,Georgiana,2612,our-mutual-friend
Podsnap,Georgiana,2612,our-mutual-friend
Podsnap,Mrs Podsnap,2612,our-mutual-friend
Mrs Podsnap,Georgiana,2612,our-mutual-friend
Mrs Podsnap,Mrs Alfred Lammle,2612,our-mutual-friend
Mrs Podsnap,Georgiana,2612,our-mutual-friend
Mrs Podsnap,Georgiana,2612,our-mutual-friend
Mrs Podsnap,Podsnap,2612,our-mutual-friend
Mrs Podsnap,Podsnap,2612,our-mutual-friend
Podsnap,Georgiana,2612,our-mutual-friend
Podsnap,Mrs Alfred Lammle,2612,our-mutual-friend
Podsnap,Mrs Podsnap,2612,our-mutual-friend
Podsnap,Georgiana,2612,our-mutual-friend
Podsnap,Georgiana,2612,our-mutual-friend
Podsnap,Mrs Podsnap,2612,our-mutual-friend
Mrs Lammle,Piccadilly,2614,our-mutual-friend
Mrs Lammle,People,2614,our-mutual-friend
Piccadilly,Mrs Lammle,2614,our-mutual-friend
Piccadilly,People,2614,our-mutual-friend
People,Mrs Lammle,2614,our-mutual-friend
People,Piccadilly,2614,our-mutual-friend
Georgiana,Mrs Lammle,2617,our-mutual-friend
Mrs Lammle,Georgiana,2617,our-mutual-friend
Alfred,Mrs Lammle,2619,our-mutual-friend
Alfred,Georgiana,2619,our-mutual-friend
Mrs Lammle,Alfred,2619,our-mutual-friend
Mrs Lammle,Georgiana,2619,our-mutual-friend
Georgiana,Alfred,2619,our-mutual-friend
Georgiana,Mrs Lammle,2619,our-mutual-friend
Lammle,Miss Podsnap,2623,our-mutual-friend
Miss Podsnap,Lammle,2623,our-mutual-friend
Miss Podsnap,Lammle,2623,our-mutual-friend
Lammle,Miss Podsnap,2623,our-mutual-friend
Georgiana,Alfred,2624,our-mutual-friend
Alfred,Georgiana,2624,our-mutual-friend
Truly,Mrs Lammle,2630,our-mutual-friend
Mrs Lammle,Truly,2630,our-mutual-friend
Lammle,Alfred,2632,our-mutual-friend
Alfred,Lammle,2632,our-mutual-friend
Doesn,Mrs Lammle,2634,our-mutual-friend
Doesn,Georgiana,2634,our-mutual-friend
Mrs Lammle,Doesn,2634,our-mutual-friend
Mrs Lammle,Georgiana,2634,our-mutual-friend
Georgiana,Doesn,2634,our-mutual-friend
Georgiana,Mrs Lammle,2634,our-mutual-friend
Alfred,Miss Podsnap,2641,our-mutual-friend
Alfred,Miss Podsnap,2641,our-mutual-friend
Miss Podsnap,Alfred,2641,our-mutual-friend
Miss Podsnap,Alfred,2641,our-mutual-friend
Alfred,Georgiana,2654,our-mutual-friend
Georgiana,Alfred,2654,our-mutual-friend
Lammle,Georgiana,2663,our-mutual-friend
Georgiana,Lammle,2663,our-mutual-friend
Mrs Lammle,Georgiana,2666,our-mutual-friend
Mrs Lammle,Georgiana Podsnap,2666,our-mutual-friend
Mrs Lammle,Alfred Lammle,2666,our-mutual-friend
Georgiana,Mrs Lammle,2666,our-mutual-friend
Georgiana,Georgiana Podsnap,2666,our-mutual-friend
Georgiana,Alfred Lammle,2666,our-mutual-friend
Georgiana Podsnap,Mrs Lammle,2666,our-mutual-friend
Georgiana Podsnap,Georgiana,2666,our-mutual-friend
Georgiana Podsnap,Alfred Lammle,2666,our-mutual-friend
Alfred Lammle,Mrs Lammle,2666,our-mutual-friend
Alfred Lammle,Georgiana,2666,our-mutual-friend
Alfred Lammle,Georgiana Podsnap,2666,our-mutual-friend
Miss Podsnap,Sophronia,2673,our-mutual-friend
Miss Podsnap,Alfred,2673,our-mutual-friend
Miss Podsnap,Fledgeby,2673,our-mutual-friend
Miss Podsnap,Georgiana,2673,our-mutual-friend
Miss Podsnap,Georgiana,2673,our-mutual-friend
Sophronia,Miss Podsnap,2673,our-mutual-friend
Sophronia,Alfred,2673,our-mutual-friend
Sophronia,Fledgeby,2673,our-mutual-friend
Sophronia,Georgiana,2673,our-mutual-friend
Sophronia,Georgiana,2673,our-mutual-friend
Alfred,Miss Podsnap,2673,our-mutual-friend
Alfred,Sophronia,2673,our-mutual-friend
Alfred,Fledgeby,2673,our-mutual-friend
Alfred,Georgiana,2673,our-mutual-friend
Alfred,Georgiana,2673,our-mutual-friend
Fledgeby,Miss Podsnap,2673,our-mutual-friend
Fledgeby,Sophronia,2673,our-mutual-friend
Fledgeby,Alfred,2673,our-mutual-friend
Fledgeby,Georgiana,2673,our-mutual-friend
Fledgeby,Georgiana,2673,our-mutual-friend
Georgiana,Miss Podsnap,2673,our-mutual-friend
Georgiana,Sophronia,2673,our-mutual-friend
Georgiana,Alfred,2673,our-mutual-friend
Georgiana,Fledgeby,2673,our-mutual-friend
Georgiana,Miss Podsnap,2673,our-mutual-friend
Georgiana,Sophronia,2673,our-mutual-friend
Georgiana,Alfred,2673,our-mutual-friend
Georgiana,Fledgeby,2673,our-mutual-friend
Mrs Lammle,Georgiana,2677,our-mutual-friend
Georgiana,Mrs Lammle,2677,our-mutual-friend
Georgiana,Lammle,2679,our-mutual-friend
Georgiana,Lammle,2679,our-mutual-friend
Georgiana,Lammle,2679,our-mutual-friend
Georgiana,Tom,2679,our-mutual-friend
Lammle,Georgiana,2679,our-mutual-friend
Lammle,Georgiana,2679,our-mutual-friend
Lammle,Tom,2679,our-mutual-friend
Lammle,Georgiana,2679,our-mutual-friend
Lammle,Georgiana,2679,our-mutual-friend
Lammle,Tom,2679,our-mutual-friend
Georgiana,Lammle,2679,our-mutual-friend
Georgiana,Lammle,2679,our-mutual-friend
Georgiana,Lammle,2679,our-mutual-friend
Georgiana,Tom,2679,our-mutual-friend
Lammle,Georgiana,2679,our-mutual-friend
Lammle,Georgiana,2679,our-mutual-friend
Lammle,Tom,2679,our-mutual-friend
Tom,Georgiana,2679,our-mutual-friend
Tom,Lammle,2679,our-mutual-friend
Tom,Lammle,2679,our-mutual-friend
Tom,Georgiana,2679,our-mutual-friend
Tom,Lammle,2679,our-mutual-friend
Young,Fledgeby,2680,our-mutual-friend
Young,Young Fledgeby,2680,our-mutual-friend
Young,Fledgeby,2680,our-mutual-friend
Young,Jupiter,2680,our-mutual-friend
Fledgeby,Young,2680,our-mutual-friend
Fledgeby,Young Fledgeby,2680,our-mutual-friend
Fledgeby,Jupiter,2680,our-mutual-friend
Young Fledgeby,Young,2680,our-mutual-friend
Young Fledgeby,Fledgeby,2680,our-mutual-friend
Young Fledgeby,Fledgeby,2680,our-mutual-friend
Young Fledgeby,Jupiter,2680,our-mutual-friend
Fledgeby,Young,2680,our-mutual-friend
Fledgeby,Young Fledgeby,2680,our-mutual-friend
Fledgeby,Jupiter,2680,our-mutual-friend
Jupiter,Young,2680,our-mutual-friend
Jupiter,Fledgeby,2680,our-mutual-friend
Jupiter,Young Fledgeby,2680,our-mutual-friend
Jupiter,Fledgeby,2680,our-mutual-friend
Fledgeby,Arrayed,2681,our-mutual-friend
Fledgeby,Mrs Lammle,2681,our-mutual-friend
Arrayed,Fledgeby,2681,our-mutual-friend
Arrayed,Mrs Lammle,2681,our-mutual-friend
Arrayed,Fledgeby,2681,our-mutual-friend
Mrs Lammle,Fledgeby,2681,our-mutual-friend
Mrs Lammle,Arrayed,2681,our-mutual-friend
Mrs Lammle,Fledgeby,2681,our-mutual-friend
Fledgeby,Arrayed,2681,our-mutual-friend
Fledgeby,Mrs Lammle,2681,our-mutual-friend
Mrs Lammle,Fascination Fledgeby,2682,our-mutual-friend
Mrs Lammle,Lammle,2682,our-mutual-friend
Mrs Lammle,Fascination Fledgeby,2682,our-mutual-friend
Fascination Fledgeby,Mrs Lammle,2682,our-mutual-friend
Fascination Fledgeby,Lammle,2682,our-mutual-friend
Lammle,Mrs Lammle,2682,our-mutual-friend
Lammle,Fascination Fledgeby,2682,our-mutual-friend
Lammle,Fascination Fledgeby,2682,our-mutual-friend
Fascination Fledgeby,Mrs Lammle,2682,our-mutual-friend
Fascination Fledgeby,Lammle,2682,our-mutual-friend
Been,Mrs Lammle,2683,our-mutual-friend
Mrs Lammle,Been,2683,our-mutual-friend
Miss Podsnap,Lammle,2686,our-mutual-friend
Miss Podsnap,Lammle,2686,our-mutual-friend
Lammle,Miss Podsnap,2686,our-mutual-friend
Lammle,Miss Podsnap,2686,our-mutual-friend
Lammle,Georgiana,2687,our-mutual-friend
Lammle,Fledgeby,2687,our-mutual-friend
Lammle,Georgiana,2687,our-mutual-friend
Lammle,Georgiana,2687,our-mutual-friend
Lammle,Fledgeby,2687,our-mutual-friend
Lammle,Georgiana,2687,our-mutual-friend
Georgiana,Lammle,2687,our-mutual-friend
Georgiana,Lammle,2687,our-mutual-friend
Georgiana,Fledgeby,2687,our-mutual-friend
Fledgeby,Lammle,2687,our-mutual-friend
Fledgeby,Lammle,2687,our-mutual-friend
Fledgeby,Georgiana,2687,our-mutual-friend
Fledgeby,Georgiana,2687,our-mutual-friend
Georgiana,Lammle,2687,our-mutual-friend
Georgiana,Lammle,2687,our-mutual-friend
Georgiana,Fledgeby,2687,our-mutual-friend
Miss,Podsnap,2692,our-mutual-friend
Podsnap,Miss,2692,our-mutual-friend
Miss Podsnap,Mrs Lammle,2694,our-mutual-friend
Mrs Lammle,Miss Podsnap,2694,our-mutual-friend
Mrs Lammle,Fledgeby,2700,our-mutual-friend
Fledgeby,Mrs Lammle,2700,our-mutual-friend
Georgiana,Fledgeby,2701,our-mutual-friend
Fledgeby,Georgiana,2701,our-mutual-friend
Mrs Lammle,Georgiana,2704,our-mutual-friend
Mrs Lammle,Fascination,2704,our-mutual-friend
Georgiana,Mrs Lammle,2704,our-mutual-friend
Georgiana,Fascination,2704,our-mutual-friend
Fascination,Mrs Lammle,2704,our-mutual-friend
Fascination,Georgiana,2704,our-mutual-friend
Georgy,Mrs Lammle,2709,our-mutual-friend
Mrs Lammle,Georgy,2709,our-mutual-friend
Fascination,Mrs Lammle,2710,our-mutual-friend
Fascination,Fledgeby,2710,our-mutual-friend
Mrs Lammle,Fascination,2710,our-mutual-friend
Mrs Lammle,Fledgeby,2710,our-mutual-friend
Mrs Lammle,Fascination,2710,our-mutual-friend
Fledgeby,Fascination,2710,our-mutual-friend
Fledgeby,Mrs Lammle,2710,our-mutual-friend
Fledgeby,Fascination,2710,our-mutual-friend
Fascination,Mrs Lammle,2710,our-mutual-friend
Fascination,Fledgeby,2710,our-mutual-friend
Mrs Lammle,Georgy,2713,our-mutual-friend
Georgy,Mrs Lammle,2713,our-mutual-friend
Georgy,Mrs Lammle,2719,our-mutual-friend
Georgy,Georgiana,2719,our-mutual-friend
Mrs Lammle,Georgy,2719,our-mutual-friend
Mrs Lammle,Georgiana,2719,our-mutual-friend
Georgiana,Georgy,2719,our-mutual-friend
Georgiana,Mrs Lammle,2719,our-mutual-friend
Fledgeby,Miss Podsnap,2723,our-mutual-friend
Miss Podsnap,Fledgeby,2723,our-mutual-friend
Lammle,Miss Podsnap,2725,our-mutual-friend
Lammle,Mrs Lammle,2725,our-mutual-friend
Lammle,Coffee,2725,our-mutual-friend
Lammle,Miss Podsnap,2725,our-mutual-friend
Lammle,Miss Podsnap,2725,our-mutual-friend
Lammle,Miss Podsnap,2725,our-mutual-friend
Miss Podsnap,Lammle,2725,our-mutual-friend
Miss Podsnap,Mrs Lammle,2725,our-mutual-friend
Miss Podsnap,Coffee,2725,our-mutual-friend
Mrs Lammle,Lammle,2725,our-mutual-friend
Mrs Lammle,Miss Podsnap,2725,our-mutual-friend
Mrs Lammle,Coffee,2725,our-mutual-friend
Mrs Lammle,Miss Podsnap,2725,our-mutual-friend
Mrs Lammle,Miss Podsnap,2725,our-mutual-friend
Mrs Lammle,Miss Podsnap,2725,our-mutual-friend
Coffee,Lammle,2725,our-mutual-friend
Coffee,Miss Podsnap,2725,our-mutual-friend
Coffee,Mrs Lammle,2725,our-mutual-friend
Coffee,Miss Podsnap,2725,our-mutual-friend
Coffee,Miss Podsnap,2725,our-mutual-friend
Coffee,Miss Podsnap,2725,our-mutual-friend
Miss Podsnap,Lammle,2725,our-mutual-friend
Miss Podsnap,Mrs Lammle,2725,our-mutual-friend
Miss Podsnap,Coffee,2725,our-mutual-friend
Miss Podsnap,Lammle,2725,our-mutual-friend
Miss Podsnap,Mrs Lammle,2725,our-mutual-friend
Miss Podsnap,Coffee,2725,our-mutual-friend
Miss Podsnap,Lammle,2725,our-mutual-friend
Miss Podsnap,Mrs Lammle,2725,our-mutual-friend
Miss Podsnap,Coffee,2725,our-mutual-friend
Mrs Lammle,Miss,2726,our-mutual-friend
Mrs Lammle,Lammle,2726,our-mutual-friend
Miss,Mrs Lammle,2726,our-mutual-friend
Miss,Mrs Lammle,2726,our-mutual-friend
Miss,Lammle,2726,our-mutual-friend
Mrs Lammle,Miss,2726,our-mutual-friend
Mrs Lammle,Lammle,2726,our-mutual-friend
Lammle,Mrs Lammle,2726,our-mutual-friend
Lammle,Miss,2726,our-mutual-friend
Lammle,Mrs Lammle,2726,our-mutual-friend
Fledgeby,Fascination Fledgeby,2727,our-mutual-friend
Fledgeby,Georgiana,2727,our-mutual-friend
Fledgeby,Lammle,2727,our-mutual-friend
Fledgeby,Lammle,2727,our-mutual-friend
Fledgeby,Georgiana,2727,our-mutual-friend
Fascination Fledgeby,Fledgeby,2727,our-mutual-friend
Fascination Fledgeby,Georgiana,2727,our-mutual-friend
Fascination Fledgeby,Lammle,2727,our-mutual-friend
Fascination Fledgeby,Lammle,2727,our-mutual-friend
Fascination Fledgeby,Georgiana,2727,our-mutual-friend
Georgiana,Fledgeby,2727,our-mutual-friend
Georgiana,Fascination Fledgeby,2727,our-mutual-friend
Georgiana,Lammle,2727,our-mutual-friend
Georgiana,Lammle,2727,our-mutual-friend
Lammle,Fledgeby,2727,our-mutual-friend
Lammle,Fascination Fledgeby,2727,our-mutual-friend
Lammle,Georgiana,2727,our-mutual-friend
Lammle,Georgiana,2727,our-mutual-friend
Lammle,Fledgeby,2727,our-mutual-friend
Lammle,Fascination Fledgeby,2727,our-mutual-friend
Lammle,Georgiana,2727,our-mutual-friend
Lammle,Georgiana,2727,our-mutual-friend
Georgiana,Fledgeby,2727,our-mutual-friend
Georgiana,Fascination Fledgeby,2727,our-mutual-friend
Georgiana,Lammle,2727,our-mutual-friend
Georgiana,Lammle,2727,our-mutual-friend
Alfred,Georgiana,2728,our-mutual-friend
Alfred,Georgiana,2728,our-mutual-friend
Georgiana,Alfred,2728,our-mutual-friend
Georgiana,Alfred,2728,our-mutual-friend
Alfred,Georgiana,2728,our-mutual-friend
Alfred,Georgiana,2728,our-mutual-friend
Georgiana,Alfred,2728,our-mutual-friend
Georgiana,Alfred,2728,our-mutual-friend
Fledgeby,Lammles,2729,our-mutual-friend
Fledgeby,Which,2729,our-mutual-friend
Lammles,Fledgeby,2729,our-mutual-friend
Lammles,Which,2729,our-mutual-friend
Which,Fledgeby,2729,our-mutual-friend
Which,Lammles,2729,our-mutual-friend
Fledgeby,Lammle,2743,our-mutual-friend
Lammle,Fledgeby,2743,our-mutual-friend
Fledgeby,Lord Snigsworth,2745,our-mutual-friend
Fledgeby,Lord Snigsworth,2745,our-mutual-friend
Fledgeby,Lord Snigsworth,2745,our-mutual-friend
Fledgeby,Lord Snigsworth,2745,our-mutual-friend
Lord Snigsworth,Fledgeby,2745,our-mutual-friend
Lord Snigsworth,Fledgeby,2745,our-mutual-friend
Lord Snigsworth,Fledgeby,2745,our-mutual-friend
Lord Snigsworth,Fledgeby,2745,our-mutual-friend
Lammle,Albany,2748,our-mutual-friend
Lammle,Fledgeby,2748,our-mutual-friend
Albany,Lammle,2748,our-mutual-friend
Albany,Fledgeby,2748,our-mutual-friend
Fledgeby,Lammle,2748,our-mutual-friend
Fledgeby,Albany,2748,our-mutual-friend
Alfred,Lammle,2769,our-mutual-friend
Alfred,Fledgeby,2769,our-mutual-friend
Lammle,Alfred,2769,our-mutual-friend
Lammle,Fledgeby,2769,our-mutual-friend
Fledgeby,Alfred,2769,our-mutual-friend
Fledgeby,Lammle,2769,our-mutual-friend
Mrs Lammle,Fledgeby,2776,our-mutual-friend
Fledgeby,Mrs Lammle,2776,our-mutual-friend
Fascination,Lammle,2780,our-mutual-friend
Lammle,Fascination,2780,our-mutual-friend
Luxury,Fox,2781,our-mutual-friend
Fox,Luxury,2781,our-mutual-friend
Fledgeby,Jobbery Forest,2782,our-mutual-friend
Jobbery Forest,Fledgeby,2782,our-mutual-friend
Always,Lammle,2784,our-mutual-friend
Lammle,Always,2784,our-mutual-friend
Came,Fledgeby,2785,our-mutual-friend
Fledgeby,Came,2785,our-mutual-friend
Fledgeby,Geor,2789,our-mutual-friend
Fledgeby,Georgina,2789,our-mutual-friend
Fledgeby,Georgiana,2789,our-mutual-friend
Geor,Fledgeby,2789,our-mutual-friend
Geor,Georgina,2789,our-mutual-friend
Geor,Georgiana,2789,our-mutual-friend
Georgina,Fledgeby,2789,our-mutual-friend
Georgina,Geor,2789,our-mutual-friend
Georgina,Georgiana,2789,our-mutual-friend
Georgiana,Fledgeby,2789,our-mutual-friend
Georgiana,Geor,2789,our-mutual-friend
Georgiana,Georgina,2789,our-mutual-friend
Fledgeby,Georgeute,2793,our-mutual-friend
Fledgeby,Georgiana,2793,our-mutual-friend
Georgeute,Fledgeby,2793,our-mutual-friend
Georgeute,Georgiana,2793,our-mutual-friend
Georgiana,Fledgeby,2793,our-mutual-friend
Georgiana,Georgeute,2793,our-mutual-friend
Fledgeby,Don,2795,our-mutual-friend
Don,Fledgeby,2795,our-mutual-friend
Fledgeby,Georgiana,2797,our-mutual-friend
Georgiana,Fledgeby,2797,our-mutual-friend
Lammle,Fledgeby,2798,our-mutual-friend
Lammle,Fledgeby,2798,our-mutual-friend
Fledgeby,Lammle,2798,our-mutual-friend
Fledgeby,Lammle,2798,our-mutual-friend
Fledgeby,Don,2800,our-mutual-friend
Don,Fledgeby,2800,our-mutual-friend
Lammle,Fledgeby,2820,our-mutual-friend
Fledgeby,Lammle,2820,our-mutual-friend
Lammle,Fledgeby,2821,our-mutual-friend
Fledgeby,Lammle,2821,our-mutual-friend
Mrs Lammle,Fledgeby,2822,our-mutual-friend
Fledgeby,Mrs Lammle,2822,our-mutual-friend
Georgiana,Young Person,2823,our-mutual-friend
Georgiana,Podsnap,2823,our-mutual-friend
Young Person,Georgiana,2823,our-mutual-friend
Young Person,Podsnap,2823,our-mutual-friend
Podsnap,Georgiana,2823,our-mutual-friend
Podsnap,Young Person,2823,our-mutual-friend
Fledgeby,Pubsey,2824,our-mutual-friend
Pubsey,Fledgeby,2824,our-mutual-friend
Don,Dumb School,2848,our-mutual-friend
Dumb School,Don,2848,our-mutual-friend
Riah,Fledgeby,2863,our-mutual-friend
Fledgeby,Riah,2863,our-mutual-friend
Riah,Twelve,2872,our-mutual-friend
Twelve,Riah,2872,our-mutual-friend
George,Fledgeby,2876,our-mutual-friend
Fledgeby,George,2876,our-mutual-friend
Fledgeby,Riah,2878,our-mutual-friend
Riah,Fledgeby,2878,our-mutual-friend
Lizzie,Jenny Wren,2882,our-mutual-friend
Lizzie,Jew,2882,our-mutual-friend
Lizzie,Jenny,2882,our-mutual-friend
Jenny Wren,Lizzie,2882,our-mutual-friend
Jenny Wren,Jew,2882,our-mutual-friend
Jenny Wren,Jenny,2882,our-mutual-friend
Jenny Wren,Lizzie,2882,our-mutual-friend
Jew,Lizzie,2882,our-mutual-friend
Jew,Jenny Wren,2882,our-mutual-friend
Jew,Jenny,2882,our-mutual-friend
Jew,Lizzie,2882,our-mutual-friend
Jenny,Lizzie,2882,our-mutual-friend
Jenny,Jenny Wren,2882,our-mutual-friend
Jenny,Jew,2882,our-mutual-friend
Jenny,Lizzie,2882,our-mutual-friend
Lizzie,Jenny Wren,2882,our-mutual-friend
Lizzie,Jew,2882,our-mutual-friend
Lizzie,Jenny,2882,our-mutual-friend
Lizzie,Miss Wren,2883,our-mutual-friend
Miss Wren,Lizzie,2883,our-mutual-friend
Dolls,Jenny,2887,our-mutual-friend
Jenny,Dolls,2887,our-mutual-friend
Riah,Fledgeby,2896,our-mutual-friend
Fledgeby,Riah,2896,our-mutual-friend
Fledgeby,Miss,2897,our-mutual-friend
Miss,Fledgeby,2897,our-mutual-friend
Miss Jenny,Fledgeby,2899,our-mutual-friend
Fledgeby,Miss Jenny,2899,our-mutual-friend
Jenny,Lizzie,2904,our-mutual-friend
Lizzie,Jenny,2904,our-mutual-friend
Eugene,Jones,2948,our-mutual-friend
Eugene,Jones,2948,our-mutual-friend
Jones,Eugene,2948,our-mutual-friend
Jones,Eugene,2948,our-mutual-friend
Don,Eugene,2958,our-mutual-friend
Eugene,Don,2958,our-mutual-friend
Eugene,Frankly,2963,our-mutual-friend
Frankly,Eugene,2963,our-mutual-friend
Eugene,Mortimer,2966,our-mutual-friend
Mortimer,Eugene,2966,our-mutual-friend
How,Eugene,2973,our-mutual-friend
Eugene,How,2973,our-mutual-friend
Lightwood,Mortimer,2980,our-mutual-friend
Lightwood,Mortimer,2980,our-mutual-friend
Lightwood,Charley Hexam,2980,our-mutual-friend
Mortimer,Lightwood,2980,our-mutual-friend
Mortimer,Charley Hexam,2980,our-mutual-friend
Mortimer,Lightwood,2980,our-mutual-friend
Mortimer,Charley Hexam,2980,our-mutual-friend
Charley Hexam,Lightwood,2980,our-mutual-friend
Charley Hexam,Mortimer,2980,our-mutual-friend
Charley Hexam,Mortimer,2980,our-mutual-friend
Eugene,Mortimer,2981,our-mutual-friend
Mortimer,Eugene,2981,our-mutual-friend
Eugene,Bradley Headstone,2988,our-mutual-friend
Bradley Headstone,Eugene,2988,our-mutual-friend
Charles Hexam,Bradley,2989,our-mutual-friend
Bradley,Charles Hexam,2989,our-mutual-friend
Bradley,Charles Hexam,2989,our-mutual-friend
Charles Hexam,Bradley,2989,our-mutual-friend
Eugene Wrayburn,Bradley Headstone,2992,our-mutual-friend
Bradley Headstone,Eugene Wrayburn,2992,our-mutual-friend
Eugene Wrayburn,Bradley,2993,our-mutual-friend
Bradley,Eugene Wrayburn,2993,our-mutual-friend
True,Eugene,2996,our-mutual-friend
True,Schoolmaster,2996,our-mutual-friend
True,Schoolmaster,2996,our-mutual-friend
Eugene,True,2996,our-mutual-friend
Eugene,Schoolmaster,2996,our-mutual-friend
Eugene,Schoolmaster,2996,our-mutual-friend
Schoolmaster,True,2996,our-mutual-friend
Schoolmaster,Eugene,2996,our-mutual-friend
Schoolmaster,True,2996,our-mutual-friend
Schoolmaster,Eugene,2996,our-mutual-friend
Schoolmaster,Eugene,2999,our-mutual-friend
Eugene,Schoolmaster,2999,our-mutual-friend
Schoolmaster,Eugene,3003,our-mutual-friend
Eugene,Schoolmaster,3003,our-mutual-friend
Don,Eugene,3005,our-mutual-friend
Eugene,Don,3005,our-mutual-friend
Eugene,Bradley,3006,our-mutual-friend
Eugene,Bradley,3006,our-mutual-friend
Bradley,Eugene,3006,our-mutual-friend
Bradley,Eugene,3006,our-mutual-friend
Master,Eugene,3010,our-mutual-friend
Eugene,Master,3010,our-mutual-friend
Schoolmaster,Eugene,3013,our-mutual-friend
Eugene,Schoolmaster,3013,our-mutual-friend
Lord,Eugene Wrayburn,3014,our-mutual-friend
Eugene Wrayburn,Lord,3014,our-mutual-friend
Hexam,Lightwood,3015,our-mutual-friend
Lightwood,Hexam,3015,our-mutual-friend
Schoolmaster,Eugene,3017,our-mutual-friend
Eugene,Schoolmaster,3017,our-mutual-friend
Sir,Bradley Headstone,3030,our-mutual-friend
Bradley Headstone,Sir,3030,our-mutual-friend
Eugene,Wrayburn,3033,our-mutual-friend
Wrayburn,Eugene,3033,our-mutual-friend
Schoolmaster,Eugene,3035,our-mutual-friend
Eugene,Schoolmaster,3035,our-mutual-friend
Eugene,Far,3043,our-mutual-friend
Far,Eugene,3043,our-mutual-friend
Eugene,Tippins,3058,our-mutual-friend
Tippins,Eugene,3058,our-mutual-friend
Don,Fal,3076,our-mutual-friend
Fal,Don,3076,our-mutual-friend
Eugene,Lightwood,3081,our-mutual-friend
Lightwood,Eugene,3081,our-mutual-friend
Silas Wegg,Boffin,3086,our-mutual-friend
Silas Wegg,Bower,3086,our-mutual-friend
Silas Wegg,Wegg,3086,our-mutual-friend
Boffin,Silas Wegg,3086,our-mutual-friend
Boffin,Bower,3086,our-mutual-friend
Boffin,Wegg,3086,our-mutual-friend
Bower,Silas Wegg,3086,our-mutual-friend
Bower,Boffin,3086,our-mutual-friend
Bower,Wegg,3086,our-mutual-friend
Wegg,Silas Wegg,3086,our-mutual-friend
Wegg,Boffin,3086,our-mutual-friend
Wegg,Bower,3086,our-mutual-friend
Miss Elizabeth,Master George,3088,our-mutual-friend
Miss Elizabeth,Aunt Jane,3088,our-mutual-friend
Miss Elizabeth,Uncle Parker,3088,our-mutual-friend
Master George,Miss Elizabeth,3088,our-mutual-friend
Master George,Aunt Jane,3088,our-mutual-friend
Master George,Uncle Parker,3088,our-mutual-friend
Aunt Jane,Miss Elizabeth,3088,our-mutual-friend
Aunt Jane,Master George,3088,our-mutual-friend
Aunt Jane,Uncle Parker,3088,our-mutual-friend
Uncle Parker,Miss Elizabeth,3088,our-mutual-friend
Uncle Parker,Master George,3088,our-mutual-friend
Uncle Parker,Aunt Jane,3088,our-mutual-friend
Wegg,Which,3117,our-mutual-friend
Which,Wegg,3117,our-mutual-friend
Which,Merit,3121,our-mutual-friend
Merit,Which,3121,our-mutual-friend
Silas,Don,3134,our-mutual-friend
Don,Silas,3134,our-mutual-friend
Wegg,Venus,3151,our-mutual-friend
Venus,Wegg,3151,our-mutual-friend
Yard,Man,3156,our-mutual-friend
Man,Yard,3156,our-mutual-friend
Silas Wegg,Wegg,3159,our-mutual-friend
Wegg,Silas Wegg,3159,our-mutual-friend
Venus,Wegg,3174,our-mutual-friend
Wegg,Venus,3174,our-mutual-friend
Wegg,Hush,3194,our-mutual-friend
Hush,Wegg,3194,our-mutual-friend
Master George,Aunt Jane,3209,our-mutual-friend
Master George,Uncle Parker,3209,our-mutual-friend
Aunt Jane,Master George,3209,our-mutual-friend
Aunt Jane,Uncle Parker,3209,our-mutual-friend
Uncle Parker,Master George,3209,our-mutual-friend
Uncle Parker,Aunt Jane,3209,our-mutual-friend
Nicodemus Boffin,Esquire,3213,our-mutual-friend
Nicodemus Boffin,Legacy Duty,3213,our-mutual-friend
Nicodemus Boffin,Mrs Boffin,3213,our-mutual-friend
Nicodemus Boffin,Miss Bella,3213,our-mutual-friend
Esquire,Nicodemus Boffin,3213,our-mutual-friend
Esquire,Legacy Duty,3213,our-mutual-friend
Esquire,Mrs Boffin,3213,our-mutual-friend
Esquire,Miss Bella,3213,our-mutual-friend
Legacy Duty,Nicodemus Boffin,3213,our-mutual-friend
Legacy Duty,Esquire,3213,our-mutual-friend
Legacy Duty,Mrs Boffin,3213,our-mutual-friend
Legacy Duty,Miss Bella,3213,our-mutual-friend
Mrs Boffin,Nicodemus Boffin,3213,our-mutual-friend
Mrs Boffin,Esquire,3213,our-mutual-friend
Mrs Boffin,Legacy Duty,3213,our-mutual-friend
Mrs Boffin,Miss Bella,3213,our-mutual-friend
Miss Bella,Nicodemus Boffin,3213,our-mutual-friend
Miss Bella,Esquire,3213,our-mutual-friend
Miss Bella,Legacy Duty,3213,our-mutual-friend
Miss Bella,Mrs Boffin,3213,our-mutual-friend
Miss Bella,Mrs Boffin,3215,our-mutual-friend
Miss Bella,Mrs Boffin,3215,our-mutual-friend
Mrs Boffin,Miss Bella,3215,our-mutual-friend
Mrs Boffin,Miss Bella,3215,our-mutual-friend
Mrs Boffin,Miss Bella,3215,our-mutual-friend
Miss Bella,Mrs Boffin,3215,our-mutual-friend
Miss Bella,Mrs Boffin,3215,our-mutual-friend
Mrs Boffin,Miss Bella,3215,our-mutual-friend
Mrs Boffin,Miss Bella,3215,our-mutual-friend
Mrs Boffin,Miss Bella,3215,our-mutual-friend
Miss Bella,Mrs Boffin,3215,our-mutual-friend
Miss Bella,Mrs Boffin,3215,our-mutual-friend
Miss Bella,Lightwood,3228,our-mutual-friend
Miss Bella,Rather,3228,our-mutual-friend
Miss Bella,Pa,3228,our-mutual-friend
Lightwood,Miss Bella,3228,our-mutual-friend
Lightwood,Rather,3228,our-mutual-friend
Lightwood,Pa,3228,our-mutual-friend
Rather,Miss Bella,3228,our-mutual-friend
Rather,Lightwood,3228,our-mutual-friend
Rather,Pa,3228,our-mutual-friend
Pa,Miss Bella,3228,our-mutual-friend
Pa,Lightwood,3228,our-mutual-friend
Pa,Rather,3228,our-mutual-friend
Miss Bella,Pa,3230,our-mutual-friend
Miss Bella,Mrs Boffin,3230,our-mutual-friend
Miss Bella,Pa,3230,our-mutual-friend
Pa,Miss Bella,3230,our-mutual-friend
Pa,Mrs Boffin,3230,our-mutual-friend
Mrs Boffin,Miss Bella,3230,our-mutual-friend
Mrs Boffin,Pa,3230,our-mutual-friend
Mrs Boffin,Pa,3230,our-mutual-friend
Pa,Miss Bella,3230,our-mutual-friend
Pa,Mrs Boffin,3230,our-mutual-friend
Bella,Mrs Boffin,3231,our-mutual-friend
Mrs Boffin,Bella,3231,our-mutual-friend
Bella,Wilfer,3255,our-mutual-friend
Bella,Miss Lavinia,3255,our-mutual-friend
Bella,Miss Bella,3255,our-mutual-friend
Wilfer,Bella,3255,our-mutual-friend
Wilfer,Miss Lavinia,3255,our-mutual-friend
Wilfer,Miss Bella,3255,our-mutual-friend
Miss Lavinia,Bella,3255,our-mutual-friend
Miss Lavinia,Wilfer,3255,our-mutual-friend
Miss Lavinia,Miss Bella,3255,our-mutual-friend
Miss Bella,Bella,3255,our-mutual-friend
Miss Bella,Wilfer,3255,our-mutual-friend
Miss Bella,Miss Lavinia,3255,our-mutual-friend
Wilfer,Bella,3257,our-mutual-friend
Bella,Wilfer,3257,our-mutual-friend
Mrs Wilfer,Lavvy,3258,our-mutual-friend
Lavvy,Mrs Wilfer,3258,our-mutual-friend
Lavinia,Bella,3259,our-mutual-friend
Bella,Lavinia,3259,our-mutual-friend
Bella,Mrs Boffin,3272,our-mutual-friend
Mrs Boffin,Bella,3272,our-mutual-friend
Lavvy,Mrs Boffin,3273,our-mutual-friend
Mrs Boffin,Lavvy,3273,our-mutual-friend
Truly,Mrs Wilfer,3274,our-mutual-friend
Mrs Wilfer,Truly,3274,our-mutual-friend
Bella,Lavvy,3278,our-mutual-friend
Lavvy,Bella,3278,our-mutual-friend
Mrs Wilfer,Lavvy,3279,our-mutual-friend
Mrs Wilfer,Don,3279,our-mutual-friend
Lavvy,Mrs Wilfer,3279,our-mutual-friend
Lavvy,Don,3279,our-mutual-friend
Don,Mrs Wilfer,3279,our-mutual-friend
Don,Lavvy,3279,our-mutual-friend
Mrs Wilfer,Mrs Boffin,3280,our-mutual-friend
Mrs Wilfer,Mrs Boffin,3280,our-mutual-friend
Mrs Wilfer,Mrs,3280,our-mutual-friend
Mrs Wilfer,Boffin,3280,our-mutual-friend
Mrs Wilfer,Doffin,3280,our-mutual-friend
Mrs Wilfer,Poffin,3280,our-mutual-friend
Mrs Boffin,Mrs Wilfer,3280,our-mutual-friend
Mrs Boffin,Mrs,3280,our-mutual-friend
Mrs Boffin,Boffin,3280,our-mutual-friend
Mrs Boffin,Doffin,3280,our-mutual-friend
Mrs Boffin,Poffin,3280,our-mutual-friend
Mrs Boffin,Mrs Wilfer,3280,our-mutual-friend
Mrs Boffin,Mrs,3280,our-mutual-friend
Mrs Boffin,Boffin,3280,our-mutual-friend
Mrs Boffin,Doffin,3280,our-mutual-friend
Mrs Boffin,Poffin,3280,our-mutual-friend
Mrs,Mrs Wilfer,3280,our-mutual-friend
Mrs,Mrs Boffin,3280,our-mutual-friend
Mrs,Mrs Boffin,3280,our-mutual-friend
Mrs,Boffin,3280,our-mutual-friend
Mrs,Doffin,3280,our-mutual-friend
Mrs,Poffin,3280,our-mutual-friend
Boffin,Mrs Wilfer,3280,our-mutual-friend
Boffin,Mrs Boffin,3280,our-mutual-friend
Boffin,Mrs Boffin,3280,our-mutual-friend
Boffin,Mrs,3280,our-mutual-friend
Boffin,Doffin,3280,our-mutual-friend
Boffin,Poffin,3280,our-mutual-friend
Doffin,Mrs Wilfer,3280,our-mutual-friend
Doffin,Mrs Boffin,3280,our-mutual-friend
Doffin,Mrs Boffin,3280,our-mutual-friend
Doffin,Mrs,3280,our-mutual-friend
Doffin,Boffin,3280,our-mutual-friend
Doffin,Poffin,3280,our-mutual-friend
Poffin,Mrs Wilfer,3280,our-mutual-friend
Poffin,Mrs Boffin,3280,our-mutual-friend
Poffin,Mrs Boffin,3280,our-mutual-friend
Poffin,Mrs,3280,our-mutual-friend
Poffin,Boffin,3280,our-mutual-friend
Poffin,Doffin,3280,our-mutual-friend
Miss Lavinia,Boffins,3285,our-mutual-friend
Miss Lavinia,Boffins,3285,our-mutual-friend
Miss Lavinia,Boffins,3285,our-mutual-friend
Miss Lavinia,Boffins,3285,our-mutual-friend
Miss Lavinia,Boffins,3285,our-mutual-friend
Boffins,Miss Lavinia,3285,our-mutual-friend
Boffins,Miss Lavinia,3285,our-mutual-friend
Boffins,Miss Lavinia,3285,our-mutual-friend
Boffins,Miss Lavinia,3285,our-mutual-friend
Boffins,Miss Lavinia,3285,our-mutual-friend
Rokesmith,Miss Bella,3289,our-mutual-friend
Miss Bella,Rokesmith,3289,our-mutual-friend
Boffin,Miss Wilfer,3290,our-mutual-friend
Miss Wilfer,Boffin,3290,our-mutual-friend
Lavvy,Bella,3292,our-mutual-friend
Lavvy,Mrs Wilfer,3292,our-mutual-friend
Lavvy,Mrs Wilfer,3292,our-mutual-friend
Bella,Lavvy,3292,our-mutual-friend
Bella,Mrs Wilfer,3292,our-mutual-friend
Bella,Mrs Wilfer,3292,our-mutual-friend
Mrs Wilfer,Lavvy,3292,our-mutual-friend
Mrs Wilfer,Bella,3292,our-mutual-friend
Mrs Wilfer,Lavvy,3292,our-mutual-friend
Mrs Wilfer,Bella,3292,our-mutual-friend
Stobbles,Wilfer,3294,our-mutual-friend
Stobbles,Rumty,3294,our-mutual-friend
Stobbles,Wilfer,3294,our-mutual-friend
Stobbles,Rumty,3294,our-mutual-friend
Wilfer,Stobbles,3294,our-mutual-friend
Wilfer,Stobbles,3294,our-mutual-friend
Wilfer,Rumty,3294,our-mutual-friend
Rumty,Stobbles,3294,our-mutual-friend
Rumty,Stobbles,3294,our-mutual-friend
Rumty,Wilfer,3294,our-mutual-friend
Saveloy,Wilfer,3301,our-mutual-friend
Wilfer,Saveloy,3301,our-mutual-friend
Tower,Bella,3311,our-mutual-friend
Bella,Tower,3311,our-mutual-friend
Greenwich,Bella,3320,our-mutual-friend
Bella,Greenwich,3320,our-mutual-friend
Pa,Stobbles,3336,our-mutual-friend
Pa,John Harmon,3336,our-mutual-friend
Pa,John Harmon,3336,our-mutual-friend
Pa,Anon,3336,our-mutual-friend
Pa,Thus Bella,3336,our-mutual-friend
Stobbles,Pa,3336,our-mutual-friend
Stobbles,John Harmon,3336,our-mutual-friend
Stobbles,Pa,3336,our-mutual-friend
Stobbles,John Harmon,3336,our-mutual-friend
Stobbles,Anon,3336,our-mutual-friend
Stobbles,Thus Bella,3336,our-mutual-friend
John Harmon,Pa,3336,our-mutual-friend
John Harmon,Stobbles,3336,our-mutual-friend
John Harmon,Pa,3336,our-mutual-friend
John Harmon,Anon,3336,our-mutual-friend
John Harmon,Thus Bella,3336,our-mutual-friend
Pa,Stobbles,3336,our-mutual-friend
Pa,John Harmon,3336,our-mutual-friend
Pa,John Harmon,3336,our-mutual-friend
Pa,Anon,3336,our-mutual-friend
Pa,Thus Bella,3336,our-mutual-friend
John Harmon,Pa,3336,our-mutual-friend
John Harmon,Stobbles,3336,our-mutual-friend
John Harmon,Pa,3336,our-mutual-friend
John Harmon,Anon,3336,our-mutual-friend
John Harmon,Thus Bella,3336,our-mutual-friend
Anon,Pa,3336,our-mutual-friend
Anon,Stobbles,3336,our-mutual-friend
Anon,John Harmon,3336,our-mutual-friend
Anon,Pa,3336,our-mutual-friend
Anon,John Harmon,3336,our-mutual-friend
Anon,Thus Bella,3336,our-mutual-friend
Thus Bella,Pa,3336,our-mutual-friend
Thus Bella,Stobbles,3336,our-mutual-friend
Thus Bella,John Harmon,3336,our-mutual-friend
Thus Bella,Pa,3336,our-mutual-friend
Thus Bella,John Harmon,3336,our-mutual-friend
Thus Bella,Anon,3336,our-mutual-friend
Didn,Mrs Boffin,3338,our-mutual-friend
Mrs Boffin,Didn,3338,our-mutual-friend
Bella,Talk,3361,our-mutual-friend
Talk,Bella,3361,our-mutual-friend
John Harmon,Bella,3369,our-mutual-friend
John Harmon,Bella,3369,our-mutual-friend
Bella,John Harmon,3369,our-mutual-friend
Bella,John Harmon,3369,our-mutual-friend
Sloppy,Johnny,3377,our-mutual-friend
Johnny,Sloppy,3377,our-mutual-friend
Johnny,Sloppy,3380,our-mutual-friend
Sloppy,Johnny,3380,our-mutual-friend
John,Rokesmith,3381,our-mutual-friend
John,Sloppy,3381,our-mutual-friend
John,Rokesmith,3381,our-mutual-friend
John,Sloppy,3381,our-mutual-friend
John,Rokesmith,3381,our-mutual-friend
John,Sloppy,3381,our-mutual-friend
John,Sloppy,3381,our-mutual-friend
Rokesmith,John,3381,our-mutual-friend
Rokesmith,Sloppy,3381,our-mutual-friend
Rokesmith,Sloppy,3381,our-mutual-friend
Rokesmith,Sloppy,3381,our-mutual-friend
Rokesmith,Sloppy,3381,our-mutual-friend
Sloppy,John,3381,our-mutual-friend
Sloppy,Rokesmith,3381,our-mutual-friend
Sloppy,Rokesmith,3381,our-mutual-friend
Sloppy,Rokesmith,3381,our-mutual-friend
Rokesmith,John,3381,our-mutual-friend
Rokesmith,Sloppy,3381,our-mutual-friend
Rokesmith,Sloppy,3381,our-mutual-friend
Rokesmith,Sloppy,3381,our-mutual-friend
Rokesmith,Sloppy,3381,our-mutual-friend
Sloppy,John,3381,our-mutual-friend
Sloppy,Rokesmith,3381,our-mutual-friend
Sloppy,Rokesmith,3381,our-mutual-friend
Sloppy,Rokesmith,3381,our-mutual-friend
Rokesmith,John,3381,our-mutual-friend
Rokesmith,Sloppy,3381,our-mutual-friend
Rokesmith,Sloppy,3381,our-mutual-friend
Rokesmith,Sloppy,3381,our-mutual-friend
Rokesmith,Sloppy,3381,our-mutual-friend
Sloppy,John,3381,our-mutual-friend
Sloppy,Rokesmith,3381,our-mutual-friend
Sloppy,Rokesmith,3381,our-mutual-friend
Sloppy,Rokesmith,3381,our-mutual-friend
Sloppy,John,3381,our-mutual-friend
Sloppy,Rokesmith,3381,our-mutual-friend
Sloppy,Rokesmith,3381,our-mutual-friend
Sloppy,Rokesmith,3381,our-mutual-friend
Higden,Johnny,3383,our-mutual-friend
Johnny,Higden,3383,our-mutual-friend
Sloppy,Johnny,3385,our-mutual-friend
Sloppy,Johnny,3385,our-mutual-friend
Sloppy,Mrs Higden,3385,our-mutual-friend
Sloppy,Johnny,3385,our-mutual-friend
Johnny,Sloppy,3385,our-mutual-friend
Johnny,Mrs Higden,3385,our-mutual-friend
Johnny,Sloppy,3385,our-mutual-friend
Johnny,Mrs Higden,3385,our-mutual-friend
Mrs Higden,Sloppy,3385,our-mutual-friend
Mrs Higden,Johnny,3385,our-mutual-friend
Mrs Higden,Johnny,3385,our-mutual-friend
Mrs Higden,Johnny,3385,our-mutual-friend
Johnny,Sloppy,3385,our-mutual-friend
Johnny,Mrs Higden,3385,our-mutual-friend
Sloppy,Johnny,3386,our-mutual-friend
Sloppy,Johnny,3386,our-mutual-friend
Sloppy,Johnny,3386,our-mutual-friend
Sloppy,Granny,3386,our-mutual-friend
Sloppy,Mrs Higden,3386,our-mutual-friend
Sloppy,Johnny,3386,our-mutual-friend
Johnny,Sloppy,3386,our-mutual-friend
Johnny,Granny,3386,our-mutual-friend
Johnny,Mrs Higden,3386,our-mutual-friend
Johnny,Sloppy,3386,our-mutual-friend
Johnny,Granny,3386,our-mutual-friend
Johnny,Mrs Higden,3386,our-mutual-friend
Johnny,Sloppy,3386,our-mutual-friend
Johnny,Granny,3386,our-mutual-friend
Johnny,Mrs Higden,3386,our-mutual-friend
Granny,Sloppy,3386,our-mutual-friend
Granny,Johnny,3386,our-mutual-friend
Granny,Johnny,3386,our-mutual-friend
Granny,Johnny,3386,our-mutual-friend
Granny,Mrs Higden,3386,our-mutual-friend
Granny,Johnny,3386,our-mutual-friend
Mrs Higden,Sloppy,3386,our-mutual-friend
Mrs Higden,Johnny,3386,our-mutual-friend
Mrs Higden,Johnny,3386,our-mutual-friend
Mrs Higden,Johnny,3386,our-mutual-friend
Mrs Higden,Granny,3386,our-mutual-friend
Mrs Higden,Johnny,3386,our-mutual-friend
Johnny,Sloppy,3386,our-mutual-friend
Johnny,Granny,3386,our-mutual-friend
Johnny,Mrs Higden,3386,our-mutual-friend
Sloppy,Mrs Boffin,3389,our-mutual-friend
Sloppy,Mrs Boffin,3389,our-mutual-friend
Mrs Boffin,Sloppy,3389,our-mutual-friend
Mrs Boffin,Sloppy,3389,our-mutual-friend
John Harmon,Mrs Boffin,3390,our-mutual-friend
Mrs Boffin,John Harmon,3390,our-mutual-friend
Mrs Boffin,Betty Higden,3394,our-mutual-friend
Betty Higden,Mrs Boffin,3394,our-mutual-friend
Sloppy,Johnny,3397,our-mutual-friend
Johnny,Sloppy,3397,our-mutual-friend
Bella,Sloppy,3402,our-mutual-friend
Sloppy,Bella,3402,our-mutual-friend
Sloppy,Mrs Boffin,3403,our-mutual-friend
Sloppy,Miss Bella,3403,our-mutual-friend
Sloppy,Betty Higden,3403,our-mutual-friend
Mrs Boffin,Sloppy,3403,our-mutual-friend
Mrs Boffin,Miss Bella,3403,our-mutual-friend
Mrs Boffin,Betty Higden,3403,our-mutual-friend
Miss Bella,Sloppy,3403,our-mutual-friend
Miss Bella,Mrs Boffin,3403,our-mutual-friend
Miss Bella,Betty Higden,3403,our-mutual-friend
Betty Higden,Sloppy,3403,our-mutual-friend
Betty Higden,Mrs Boffin,3403,our-mutual-friend
Betty Higden,Miss Bella,3403,our-mutual-friend
Betty Higden,Johnny,3404,our-mutual-friend
Johnny,Betty Higden,3404,our-mutual-friend
Betty,Mrs Boffin,3405,our-mutual-friend
Mrs Boffin,Betty,3405,our-mutual-friend
Johnny,Mrs Boffin,3414,our-mutual-friend
Johnny,Bella,3414,our-mutual-friend
Mrs Boffin,Johnny,3414,our-mutual-friend
Mrs Boffin,Bella,3414,our-mutual-friend
Bella,Johnny,3414,our-mutual-friend
Bella,Mrs Boffin,3414,our-mutual-friend
Betty,Mrs Boffin,3415,our-mutual-friend
Betty,Johnny,3415,our-mutual-friend
Mrs Boffin,Betty,3415,our-mutual-friend
Mrs Boffin,Johnny,3415,our-mutual-friend
Johnny,Betty,3415,our-mutual-friend
Johnny,Mrs Boffin,3415,our-mutual-friend
Stay,Rokesmith,3418,our-mutual-friend
Rokesmith,Stay,3418,our-mutual-friend
Mrs Boffin,Betty,3423,our-mutual-friend
Betty,Mrs Boffin,3423,our-mutual-friend
Betty,Johnny,3425,our-mutual-friend
Johnny,Betty,3425,our-mutual-friend
Rokesmith,Sloppy,3429,our-mutual-friend
Sloppy,Rokesmith,3429,our-mutual-friend
Johnny,God,3432,our-mutual-friend
God,Johnny,3432,our-mutual-friend
Betty,Mrs Boffin,3434,our-mutual-friend
Mrs Boffin,Betty,3434,our-mutual-friend
Betty,Rokesmith,3436,our-mutual-friend
Rokesmith,Betty,3436,our-mutual-friend
Rokesmith,John Harmon,3437,our-mutual-friend
Rokesmith,John Harmon,3437,our-mutual-friend
John Harmon,Rokesmith,3437,our-mutual-friend
John Harmon,Rokesmith,3437,our-mutual-friend
God,Johnny,3438,our-mutual-friend
Johnny,God,3438,our-mutual-friend
Johnny,Rokesmith,3439,our-mutual-friend
Rokesmith,Johnny,3439,our-mutual-friend
Johnny,Rokesmith,3440,our-mutual-friend
Rokesmith,Johnny,3440,our-mutual-friend
Wegg,Miss Elizabeth,3452,our-mutual-friend
Wegg,Master George,3452,our-mutual-friend
Wegg,Aunt Jane,3452,our-mutual-friend
Wegg,Uncle Parker,3452,our-mutual-friend
Miss Elizabeth,Wegg,3452,our-mutual-friend
Miss Elizabeth,Master George,3452,our-mutual-friend
Miss Elizabeth,Aunt Jane,3452,our-mutual-friend
Miss Elizabeth,Uncle Parker,3452,our-mutual-friend
Master George,Wegg,3452,our-mutual-friend
Master George,Miss Elizabeth,3452,our-mutual-friend
Master George,Aunt Jane,3452,our-mutual-friend
Master George,Uncle Parker,3452,our-mutual-friend
Aunt Jane,Wegg,3452,our-mutual-friend
Aunt Jane,Miss Elizabeth,3452,our-mutual-friend
Aunt Jane,Master George,3452,our-mutual-friend
Aunt Jane,Uncle Parker,3452,our-mutual-friend
Uncle Parker,Wegg,3452,our-mutual-friend
Uncle Parker,Miss Elizabeth,3452,our-mutual-friend
Uncle Parker,Master George,3452,our-mutual-friend
Uncle Parker,Aunt Jane,3452,our-mutual-friend
Wegg,Nay,3453,our-mutual-friend
Nay,Wegg,3453,our-mutual-friend
John,Rokesmith,3454,our-mutual-friend
John,John Harmon,3454,our-mutual-friend
Rokesmith,John,3454,our-mutual-friend
Rokesmith,John Harmon,3454,our-mutual-friend
John Harmon,John,3454,our-mutual-friend
John Harmon,Rokesmith,3454,our-mutual-friend
John,Rokesmith,3458,our-mutual-friend
John,Boffin,3458,our-mutual-friend
Rokesmith,John,3458,our-mutual-friend
Rokesmith,Boffin,3458,our-mutual-friend
Boffin,John,3458,our-mutual-friend
Boffin,Rokesmith,3458,our-mutual-friend
Rokesmith,Bella,3475,our-mutual-friend
Rokesmith,Boffin,3475,our-mutual-friend
Bella,Rokesmith,3475,our-mutual-friend
Bella,Boffin,3475,our-mutual-friend
Boffin,Rokesmith,3475,our-mutual-friend
Boffin,Bella,3475,our-mutual-friend
Bella,Noddy,3476,our-mutual-friend
Bella,Mrs Milvey,3476,our-mutual-friend
Noddy,Bella,3476,our-mutual-friend
Noddy,Mrs Milvey,3476,our-mutual-friend
Mrs Milvey,Bella,3476,our-mutual-friend
Mrs Milvey,Noddy,3476,our-mutual-friend
Mrs Boffin,John Harmon,3478,our-mutual-friend
John Harmon,Mrs Boffin,3478,our-mutual-friend
Mrs Boffin,Rokesmith,3480,our-mutual-friend
Mrs Boffin,Miss Wilfer,3480,our-mutual-friend
Rokesmith,Mrs Boffin,3480,our-mutual-friend
Rokesmith,Miss Wilfer,3480,our-mutual-friend
Miss Wilfer,Mrs Boffin,3480,our-mutual-friend
Miss Wilfer,Rokesmith,3480,our-mutual-friend
Noddy,Mrs Boffin,3484,our-mutual-friend
Mrs Boffin,Noddy,3484,our-mutual-friend
Mrs Boffin,John Harmon,3486,our-mutual-friend
Mrs Boffin,Lor,3486,our-mutual-friend
Mrs Boffin,John Harmon,3486,our-mutual-friend
Mrs Boffin,John,3486,our-mutual-friend
Mrs Boffin,John,3486,our-mutual-friend
John Harmon,Mrs Boffin,3486,our-mutual-friend
John Harmon,Lor,3486,our-mutual-friend
John Harmon,John,3486,our-mutual-friend
John Harmon,John,3486,our-mutual-friend
Lor,Mrs Boffin,3486,our-mutual-friend
Lor,John Harmon,3486,our-mutual-friend
Lor,John Harmon,3486,our-mutual-friend
Lor,John,3486,our-mutual-friend
Lor,John,3486,our-mutual-friend
John Harmon,Mrs Boffin,3486,our-mutual-friend
John Harmon,Lor,3486,our-mutual-friend
John Harmon,John,3486,our-mutual-friend
John Harmon,John,3486,our-mutual-friend
John,Mrs Boffin,3486,our-mutual-friend
John,John Harmon,3486,our-mutual-friend
John,Lor,3486,our-mutual-friend
John,John Harmon,3486,our-mutual-friend
John,Mrs Boffin,3486,our-mutual-friend
John,John Harmon,3486,our-mutual-friend
John,Lor,3486,our-mutual-friend
John,John Harmon,3486,our-mutual-friend
Ancoar,Noddy,3488,our-mutual-friend
Ancoar,Mrs Boffin,3488,our-mutual-friend
Noddy,Ancoar,3488,our-mutual-friend
Noddy,Mrs Boffin,3488,our-mutual-friend
Mrs Boffin,Ancoar,3488,our-mutual-friend
Mrs Boffin,Noddy,3488,our-mutual-friend
Council,Rokesmith,3498,our-mutual-friend
Rokesmith,Council,3498,our-mutual-friend
Mrs Boffin,Sloppy,3499,our-mutual-friend
Sloppy,Mrs Boffin,3499,our-mutual-friend
Boffin,Sloppy,3500,our-mutual-friend
Boffin,Sloppy,3500,our-mutual-friend
Sloppy,Boffin,3500,our-mutual-friend
Sloppy,Boffin,3500,our-mutual-friend
Betty,Boffin,3501,our-mutual-friend
Boffin,Betty,3501,our-mutual-friend
Sloppy,Higden,3515,our-mutual-friend
Sloppy,Higden,3515,our-mutual-friend
Higden,Sloppy,3515,our-mutual-friend
Higden,Sloppy,3515,our-mutual-friend
Higden,Sloppy,3515,our-mutual-friend
Higden,Sloppy,3515,our-mutual-friend
Sloppy,Higden,3515,our-mutual-friend
Sloppy,Higden,3515,our-mutual-friend
Mrs Boffin,Betty Higden,3516,our-mutual-friend
Betty Higden,Mrs Boffin,3516,our-mutual-friend
Sloppy,Mrs Boffin,3518,our-mutual-friend
Sloppy,Cats,3518,our-mutual-friend
Mrs Boffin,Sloppy,3518,our-mutual-friend
Mrs Boffin,Cats,3518,our-mutual-friend
Cats,Sloppy,3518,our-mutual-friend
Cats,Mrs Boffin,3518,our-mutual-friend
Love,Miss Peecher,3522,our-mutual-friend
Love,Bradley Headstone,3522,our-mutual-friend
Love,Bradley,3522,our-mutual-friend
Love,Miss Peecher,3522,our-mutual-friend
Love,Bradley Headstone,3522,our-mutual-friend
Love,Aetna,3522,our-mutual-friend
Love,Did History,3522,our-mutual-friend
Love,Miss Peecher,3522,our-mutual-friend
Love,Miss Peecher,3522,our-mutual-friend
Love,Bradley Headstone,3522,our-mutual-friend
Miss Peecher,Love,3522,our-mutual-friend
Miss Peecher,Bradley Headstone,3522,our-mutual-friend
Miss Peecher,Bradley,3522,our-mutual-friend
Miss Peecher,Bradley Headstone,3522,our-mutual-friend
Miss Peecher,Aetna,3522,our-mutual-friend
Miss Peecher,Did History,3522,our-mutual-friend
Miss Peecher,Bradley Headstone,3522,our-mutual-friend
Bradley Headstone,Love,3522,our-mutual-friend
Bradley Headstone,Miss Peecher,3522,our-mutual-friend
Bradley Headstone,Bradley,3522,our-mutual-friend
Bradley Headstone,Miss Peecher,3522,our-mutual-friend
Bradley Headstone,Aetna,3522,our-mutual-friend
Bradley Headstone,Did History,3522,our-mutual-friend
Bradley Headstone,Miss Peecher,3522,our-mutual-friend
Bradley Headstone,Miss Peecher,3522,our-mutual-friend
Bradley,Love,3522,our-mutual-friend
Bradley,Miss Peecher,3522,our-mutual-friend
Bradley,Bradley Headstone,3522,our-mutual-friend
Bradley,Miss Peecher,3522,our-mutual-friend
Bradley,Bradley Headstone,3522,our-mutual-friend
Bradley,Aetna,3522,our-mutual-friend
Bradley,Did History,3522,our-mutual-friend
Bradley,Miss Peecher,3522,our-mutual-friend
Bradley,Miss Peecher,3522,our-mutual-friend
Bradley,Bradley Headstone,3522,our-mutual-friend
Miss Peecher,Love,3522,our-mutual-friend
Miss Peecher,Bradley Headstone,3522,our-mutual-friend
Miss Peecher,Bradley,3522,our-mutual-friend
Miss Peecher,Bradley Headstone,3522,our-mutual-friend
Miss Peecher,Aetna,3522,our-mutual-friend
Miss Peecher,Did History,3522,our-mutual-friend
Miss Peecher,Bradley Headstone,3522,our-mutual-friend
Bradley Headstone,Love,3522,our-mutual-friend
Bradley Headstone,Miss Peecher,3522,our-mutual-friend
Bradley Headstone,Bradley,3522,our-mutual-friend
Bradley Headstone,Miss Peecher,3522,our-mutual-friend
Bradley Headstone,Aetna,3522,our-mutual-friend
Bradley Headstone,Did History,3522,our-mutual-friend
Bradley Headstone,Miss Peecher,3522,our-mutual-friend
Bradley Headstone,Miss Peecher,3522,our-mutual-friend
Aetna,Love,3522,our-mutual-friend
Aetna,Miss Peecher,3522,our-mutual-friend
Aetna,Bradley Headstone,3522,our-mutual-friend
Aetna,Bradley,3522,our-mutual-friend
Aetna,Miss Peecher,3522,our-mutual-friend
Aetna,Bradley Headstone,3522,our-mutual-friend
Aetna,Did History,3522,our-mutual-friend
Aetna,Miss Peecher,3522,our-mutual-friend
Aetna,Miss Peecher,3522,our-mutual-friend
Aetna,Bradley Headstone,3522,our-mutual-friend
Did History,Love,3522,our-mutual-friend
Did History,Miss Peecher,3522,our-mutual-friend
Did History,Bradley Headstone,3522,our-mutual-friend
Did History,Bradley,3522,our-mutual-friend
Did History,Miss Peecher,3522,our-mutual-friend
Did History,Bradley Headstone,3522,our-mutual-friend
Did History,Aetna,3522,our-mutual-friend
Did History,Miss Peecher,3522,our-mutual-friend
Did History,Miss Peecher,3522,our-mutual-friend
Did History,Bradley Headstone,3522,our-mutual-friend
Miss Peecher,Love,3522,our-mutual-friend
Miss Peecher,Bradley Headstone,3522,our-mutual-friend
Miss Peecher,Bradley,3522,our-mutual-friend
Miss Peecher,Bradley Headstone,3522,our-mutual-friend
Miss Peecher,Aetna,3522,our-mutual-friend
Miss Peecher,Did History,3522,our-mutual-friend
Miss Peecher,Bradley Headstone,3522,our-mutual-friend
Miss Peecher,Love,3522,our-mutual-friend
Miss Peecher,Bradley Headstone,3522,our-mutual-friend
Miss Peecher,Bradley,3522,our-mutual-friend
Miss Peecher,Bradley Headstone,3522,our-mutual-friend
Miss Peecher,Aetna,3522,our-mutual-friend
Miss Peecher,Did History,3522,our-mutual-friend
Miss Peecher,Bradley Headstone,3522,our-mutual-friend
Bradley Headstone,Love,3522,our-mutual-friend
Bradley Headstone,Miss Peecher,3522,our-mutual-friend
Bradley Headstone,Bradley,3522,our-mutual-friend
Bradley Headstone,Miss Peecher,3522,our-mutual-friend
Bradley Headstone,Aetna,3522,our-mutual-friend
Bradley Headstone,Did History,3522,our-mutual-friend
Bradley Headstone,Miss Peecher,3522,our-mutual-friend
Bradley Headstone,Miss Peecher,3522,our-mutual-friend
Miss Peecher,Bradley,3523,our-mutual-friend
Miss Peecher,Charley Hexam,3523,our-mutual-friend
Bradley,Miss Peecher,3523,our-mutual-friend
Bradley,Charley Hexam,3523,our-mutual-friend
Bradley,Miss Peecher,3523,our-mutual-friend
Charley Hexam,Miss Peecher,3523,our-mutual-friend
Charley Hexam,Bradley,3523,our-mutual-friend
Charley Hexam,Miss Peecher,3523,our-mutual-friend
Miss Peecher,Bradley,3523,our-mutual-friend
Miss Peecher,Charley Hexam,3523,our-mutual-friend
Miss Peecher,Hexam,3524,our-mutual-friend
Hexam,Miss Peecher,3524,our-mutual-friend
Lizzie,Mary Anne,3528,our-mutual-friend
Lizzie,Miss Peecher,3528,our-mutual-friend
Lizzie,Mary Anne,3528,our-mutual-friend
Mary Anne,Lizzie,3528,our-mutual-friend
Mary Anne,Miss Peecher,3528,our-mutual-friend
Miss Peecher,Lizzie,3528,our-mutual-friend
Miss Peecher,Mary Anne,3528,our-mutual-friend
Miss Peecher,Mary Anne,3528,our-mutual-friend
Mary Anne,Lizzie,3528,our-mutual-friend
Mary Anne,Miss Peecher,3528,our-mutual-friend
Mary,Anne,3529,our-mutual-friend
Mary,Miss Peecher,3529,our-mutual-friend
Anne,Mary,3529,our-mutual-friend
Anne,Miss Peecher,3529,our-mutual-friend
Miss Peecher,Mary,3529,our-mutual-friend
Miss Peecher,Anne,3529,our-mutual-friend
Elizabeth,Miss Peecher,3531,our-mutual-friend
Miss Peecher,Elizabeth,3531,our-mutual-friend
Right,Mary Anne,3532,our-mutual-friend
Right,Peecher,3532,our-mutual-friend
Right,Hexam,3532,our-mutual-friend
Right,Mary Anne,3532,our-mutual-friend
Mary Anne,Right,3532,our-mutual-friend
Mary Anne,Peecher,3532,our-mutual-friend
Mary Anne,Hexam,3532,our-mutual-friend
Peecher,Right,3532,our-mutual-friend
Peecher,Mary Anne,3532,our-mutual-friend
Peecher,Hexam,3532,our-mutual-friend
Peecher,Mary Anne,3532,our-mutual-friend
Hexam,Right,3532,our-mutual-friend
Hexam,Mary Anne,3532,our-mutual-friend
Hexam,Peecher,3532,our-mutual-friend
Hexam,Mary Anne,3532,our-mutual-friend
Mary Anne,Right,3532,our-mutual-friend
Mary Anne,Peecher,3532,our-mutual-friend
Mary Anne,Hexam,3532,our-mutual-friend
Miss Peecher,Mary Anne,3534,our-mutual-friend
Miss Peecher,Lizzie,3534,our-mutual-friend
Mary Anne,Miss Peecher,3534,our-mutual-friend
Mary Anne,Lizzie,3534,our-mutual-friend
Lizzie,Miss Peecher,3534,our-mutual-friend
Lizzie,Mary Anne,3534,our-mutual-friend
Smith Square,Mill Bank,3535,our-mutual-friend
Mill Bank,Smith Square,3535,our-mutual-friend
Smith Square,Mill Bank,3536,our-mutual-friend
Smith Square,Miss Peecher,3536,our-mutual-friend
Smith Square,Mary Anne,3536,our-mutual-friend
Mill Bank,Smith Square,3536,our-mutual-friend
Mill Bank,Miss Peecher,3536,our-mutual-friend
Mill Bank,Mary Anne,3536,our-mutual-friend
Miss Peecher,Smith Square,3536,our-mutual-friend
Miss Peecher,Mill Bank,3536,our-mutual-friend
Miss Peecher,Mary Anne,3536,our-mutual-friend
Mary Anne,Smith Square,3536,our-mutual-friend
Mary Anne,Mill Bank,3536,our-mutual-friend
Mary Anne,Miss Peecher,3536,our-mutual-friend
Charley,Mary Anne,3539,our-mutual-friend
Charley,Miss Peecher,3539,our-mutual-friend
Mary Anne,Charley,3539,our-mutual-friend
Mary Anne,Miss Peecher,3539,our-mutual-friend
Miss Peecher,Charley,3539,our-mutual-friend
Miss Peecher,Mary Anne,3539,our-mutual-friend
Hexam,Miss Peecher,3540,our-mutual-friend
Miss Peecher,Hexam,3540,our-mutual-friend
Mary Anne,Hexam,3541,our-mutual-friend
Hexam,Mary Anne,3541,our-mutual-friend
Says,Anne,3542,our-mutual-friend
Anne,Says,3542,our-mutual-friend
Miss Peecher,Mary Anne,3543,our-mutual-friend
Mary Anne,Miss Peecher,3543,our-mutual-friend
Church Street,Smith Square,3550,our-mutual-friend
Church Street,Mill Bank,3550,our-mutual-friend
Church Street,Miss Peecher,3550,our-mutual-friend
Smith Square,Church Street,3550,our-mutual-friend
Smith Square,Mill Bank,3550,our-mutual-friend
Smith Square,Miss Peecher,3550,our-mutual-friend
Mill Bank,Church Street,3550,our-mutual-friend
Mill Bank,Smith Square,3550,our-mutual-friend
Mill Bank,Miss Peecher,3550,our-mutual-friend
Miss Peecher,Church Street,3550,our-mutual-friend
Miss Peecher,Smith Square,3550,our-mutual-friend
Miss Peecher,Mill Bank,3550,our-mutual-friend
Smith Square,Mill Bank,3554,our-mutual-friend
Smith Square,Miss Peecher,3554,our-mutual-friend
Mill Bank,Smith Square,3554,our-mutual-friend
Mill Bank,Miss Peecher,3554,our-mutual-friend
Miss Peecher,Smith Square,3554,our-mutual-friend
Miss Peecher,Mill Bank,3554,our-mutual-friend
Having,Bradley,3555,our-mutual-friend
Having,Miss Peecher,3555,our-mutual-friend
Bradley,Having,3555,our-mutual-friend
Bradley,Miss Peecher,3555,our-mutual-friend
Miss Peecher,Having,3555,our-mutual-friend
Miss Peecher,Bradley,3555,our-mutual-friend
Truly,Charley Hexam,3562,our-mutual-friend
Charley Hexam,Truly,3562,our-mutual-friend
Hexam,Bradley Headstone,3564,our-mutual-friend
Bradley Headstone,Hexam,3564,our-mutual-friend
Miss Wren,Sit,3567,our-mutual-friend
Miss Wren,Bradley,3567,our-mutual-friend
Sit,Miss Wren,3567,our-mutual-friend
Sit,Bradley,3567,our-mutual-friend
Bradley,Miss Wren,3567,our-mutual-friend
Bradley,Sit,3567,our-mutual-friend
Don,Miss Wren,3569,our-mutual-friend
Don,Hexam,3569,our-mutual-friend
Miss Wren,Don,3569,our-mutual-friend
Miss Wren,Hexam,3569,our-mutual-friend
Hexam,Don,3569,our-mutual-friend
Hexam,Miss Wren,3569,our-mutual-friend
Miss Wren,Don,3573,our-mutual-friend
Don,Miss Wren,3573,our-mutual-friend
Miss Wren,Mrs T.,3577,our-mutual-friend
Mrs T.,Miss Wren,3577,our-mutual-friend
Really,Mrs T.,3585,our-mutual-friend
Really,Lizzie Hexam,3585,our-mutual-friend
Really,Bradley Headstone,3585,our-mutual-friend
Really,Jenny,3585,our-mutual-friend
Mrs T.,Really,3585,our-mutual-friend
Mrs T.,Lizzie Hexam,3585,our-mutual-friend
Mrs T.,Bradley Headstone,3585,our-mutual-friend
Mrs T.,Jenny,3585,our-mutual-friend
Lizzie Hexam,Really,3585,our-mutual-friend
Lizzie Hexam,Mrs T.,3585,our-mutual-friend
Lizzie Hexam,Bradley Headstone,3585,our-mutual-friend
Lizzie Hexam,Jenny,3585,our-mutual-friend
Bradley Headstone,Really,3585,our-mutual-friend
Bradley Headstone,Mrs T.,3585,our-mutual-friend
Bradley Headstone,Lizzie Hexam,3585,our-mutual-friend
Bradley Headstone,Jenny,3585,our-mutual-friend
Jenny,Really,3585,our-mutual-friend
Jenny,Mrs T.,3585,our-mutual-friend
Jenny,Lizzie Hexam,3585,our-mutual-friend
Jenny,Bradley Headstone,3585,our-mutual-friend
Lizzie,Miss Jenny,3589,our-mutual-friend
Lizzie,Bradley,3589,our-mutual-friend
Lizzie,Charley,3589,our-mutual-friend
Miss Jenny,Lizzie,3589,our-mutual-friend
Miss Jenny,Bradley,3589,our-mutual-friend
Miss Jenny,Charley,3589,our-mutual-friend
Bradley,Lizzie,3589,our-mutual-friend
Bradley,Miss Jenny,3589,our-mutual-friend
Bradley,Charley,3589,our-mutual-friend
Charley,Lizzie,3589,our-mutual-friend
Charley,Miss Jenny,3589,our-mutual-friend
Charley,Bradley,3589,our-mutual-friend
Miss Jenny Wren,Lizzie,3592,our-mutual-friend
Lizzie,Miss Jenny Wren,3592,our-mutual-friend
Bradley,Charley,3593,our-mutual-friend
Charley,Bradley,3593,our-mutual-friend
Lizzie,Hexam,3605,our-mutual-friend
Hexam,Lizzie,3605,our-mutual-friend
Charley,Jenny,3608,our-mutual-friend
Jenny,Charley,3608,our-mutual-friend
Jenny,Charley,3608,our-mutual-friend
Charley,Jenny,3608,our-mutual-friend
Lizzie,Bradley,3621,our-mutual-friend
Lizzie,Miss Wren,3621,our-mutual-friend
Lizzie,Bradley,3621,our-mutual-friend
Lizzie,Miss Wren,3621,our-mutual-friend
Bradley,Lizzie,3621,our-mutual-friend
Bradley,Lizzie,3621,our-mutual-friend
Bradley,Miss Wren,3621,our-mutual-friend
Miss Wren,Lizzie,3621,our-mutual-friend
Miss Wren,Lizzie,3621,our-mutual-friend
Miss Wren,Bradley,3621,our-mutual-friend
Mightn,Miss Wren,3626,our-mutual-friend
Miss Wren,Mightn,3626,our-mutual-friend
Lizzie,Jenny,3629,our-mutual-friend
Lizzie,Jenny,3629,our-mutual-friend
Jenny,Lizzie,3629,our-mutual-friend
Jenny,Lizzie,3629,our-mutual-friend
Jenny,Lizzie,3629,our-mutual-friend
Jenny,Lizzie,3629,our-mutual-friend
Lizzie,Jenny,3629,our-mutual-friend
Lizzie,Jenny,3629,our-mutual-friend
Jenny,Eugene Wrayburn,3630,our-mutual-friend
Eugene Wrayburn,Jenny,3630,our-mutual-friend
Too,Jenny,3650,our-mutual-friend
Jenny,Too,3650,our-mutual-friend
Jenny,Lizzie,3666,our-mutual-friend
Lizzie,Jenny,3666,our-mutual-friend
Rogue,Riderhood,3672,our-mutual-friend
Riderhood,Rogue,3672,our-mutual-friend
Miss Pleasant Riderhood,Pleasant,3673,our-mutual-friend
Pleasant,Miss Pleasant Riderhood,3673,our-mutual-friend
Riderhood,Show Pleasant Riderhood,3675,our-mutual-friend
Riderhood,Miss Pleasant,3675,our-mutual-friend
Riderhood,Eden,3675,our-mutual-friend
Show Pleasant Riderhood,Riderhood,3675,our-mutual-friend
Show Pleasant Riderhood,Miss Pleasant,3675,our-mutual-friend
Show Pleasant Riderhood,Eden,3675,our-mutual-friend
Miss Pleasant,Riderhood,3675,our-mutual-friend
Miss Pleasant,Show Pleasant Riderhood,3675,our-mutual-friend
Miss Pleasant,Eden,3675,our-mutual-friend
Eden,Riderhood,3675,our-mutual-friend
Eden,Show Pleasant Riderhood,3675,our-mutual-friend
Eden,Miss Pleasant,3675,our-mutual-friend
Anyways,Fair,3737,our-mutual-friend
Anyways,Fair,3737,our-mutual-friend
Anyways,Miss Pleasant,3737,our-mutual-friend
Fair,Anyways,3737,our-mutual-friend
Fair,Miss Pleasant,3737,our-mutual-friend
Fair,Anyways,3737,our-mutual-friend
Fair,Miss Pleasant,3737,our-mutual-friend
Miss Pleasant,Anyways,3737,our-mutual-friend
Miss Pleasant,Fair,3737,our-mutual-friend
Miss Pleasant,Fair,3737,our-mutual-friend
Alfred David,Riderhood,3789,our-mutual-friend
Alfred David,George Radfoot,3789,our-mutual-friend
Alfred David,George Radfoot,3789,our-mutual-friend
Alfred David,Riderhood,3789,our-mutual-friend
Riderhood,Alfred David,3789,our-mutual-friend
Riderhood,George Radfoot,3789,our-mutual-friend
Riderhood,George Radfoot,3789,our-mutual-friend
George Radfoot,Alfred David,3789,our-mutual-friend
George Radfoot,Riderhood,3789,our-mutual-friend
George Radfoot,Riderhood,3789,our-mutual-friend
George Radfoot,Alfred David,3789,our-mutual-friend
George Radfoot,Riderhood,3789,our-mutual-friend
George Radfoot,Riderhood,3789,our-mutual-friend
Riderhood,Alfred David,3789,our-mutual-friend
Riderhood,George Radfoot,3789,our-mutual-friend
Riderhood,George Radfoot,3789,our-mutual-friend
Riderhood,George Radfoot,3791,our-mutual-friend
George Radfoot,Riderhood,3791,our-mutual-friend
Don,Riderhood,3802,our-mutual-friend
Riderhood,Don,3802,our-mutual-friend
George Radfoot,Roger Riderhood,3805,our-mutual-friend
Roger Riderhood,George Radfoot,3805,our-mutual-friend
Father,Don,3806,our-mutual-friend
Father,Don,3806,our-mutual-friend
Don,Father,3806,our-mutual-friend
Don,Father,3806,our-mutual-friend
Ain,Gaffer,3811,our-mutual-friend
Gaffer,Ain,3811,our-mutual-friend
Rogue Riderhood,Hexam,3816,our-mutual-friend
Hexam,Rogue Riderhood,3816,our-mutual-friend
Parrot,Poll Parrot,3818,our-mutual-friend
Poll Parrot,Parrot,3818,our-mutual-friend
Pleasant,Lizzie,3819,our-mutual-friend
Lizzie,Pleasant,3819,our-mutual-friend
Pleasant,Riderhood,3823,our-mutual-friend
Riderhood,Pleasant,3823,our-mutual-friend
Gaffer,Lawyer Lightwood,3824,our-mutual-friend
Gaffer,Lawyer Lightwood,3824,our-mutual-friend
Lawyer Lightwood,Gaffer,3824,our-mutual-friend
Lawyer Lightwood,Gaffer,3824,our-mutual-friend
Lawyer Lightwood,Gaffer,3824,our-mutual-friend
Gaffer,Lawyer Lightwood,3824,our-mutual-friend
Riderhood,Don,3830,our-mutual-friend
Don,Riderhood,3830,our-mutual-friend
Father,Don,3832,our-mutual-friend
Don,Father,3832,our-mutual-friend
Miss Pleasant Riderhood,Julius Handford,3843,our-mutual-friend
Miss Pleasant Riderhood,Boffin,3843,our-mutual-friend
Miss Pleasant Riderhood,John Rokesmith,3843,our-mutual-friend
Miss Pleasant Riderhood,Julius Handford,3843,our-mutual-friend
Julius Handford,Miss Pleasant Riderhood,3843,our-mutual-friend
Julius Handford,Boffin,3843,our-mutual-friend
Julius Handford,John Rokesmith,3843,our-mutual-friend
Boffin,Miss Pleasant Riderhood,3843,our-mutual-friend
Boffin,Julius Handford,3843,our-mutual-friend
Boffin,John Rokesmith,3843,our-mutual-friend
Boffin,Julius Handford,3843,our-mutual-friend
John Rokesmith,Miss Pleasant Riderhood,3843,our-mutual-friend
John Rokesmith,Julius Handford,3843,our-mutual-friend
John Rokesmith,Boffin,3843,our-mutual-friend
John Rokesmith,Julius Handford,3843,our-mutual-friend
Julius Handford,Miss Pleasant Riderhood,3843,our-mutual-friend
Julius Handford,Boffin,3843,our-mutual-friend
Julius Handford,John Rokesmith,3843,our-mutual-friend
Don,John Harmon,3846,our-mutual-friend
John Harmon,Don,3846,our-mutual-friend
Mrs Boffin,Wilfer,3849,our-mutual-friend
Wilfer,Mrs Boffin,3849,our-mutual-friend
Potterson,Jacob Kibble,3850,our-mutual-friend
Jacob Kibble,Potterson,3850,our-mutual-friend
Steady,John Harmon,3852,our-mutual-friend
John Harmon,Steady,3852,our-mutual-friend
Certainly,Riderhood,3853,our-mutual-friend
Certainly,Riderhood,3853,our-mutual-friend
Riderhood,Certainly,3853,our-mutual-friend
Riderhood,Certainly,3853,our-mutual-friend
Exchequer Coffee House,Mrs Wilfer,3864,our-mutual-friend
Mrs Wilfer,Exchequer Coffee House,3864,our-mutual-friend
John Harmon,Radfoot,3867,our-mutual-friend
Radfoot,John Harmon,3867,our-mutual-friend
John Harmon,Julius Handford,3869,our-mutual-friend
John Harmon,John Rokesmith,3869,our-mutual-friend
John Harmon,John Rokesmith,3869,our-mutual-friend
John Harmon,John Rokesmith,3869,our-mutual-friend
Julius Handford,John Harmon,3869,our-mutual-friend
Julius Handford,John Rokesmith,3869,our-mutual-friend
Julius Handford,John Rokesmith,3869,our-mutual-friend
Julius Handford,John Rokesmith,3869,our-mutual-friend
John Rokesmith,John Harmon,3869,our-mutual-friend
John Rokesmith,Julius Handford,3869,our-mutual-friend
John Rokesmith,John Harmon,3869,our-mutual-friend
John Rokesmith,Julius Handford,3869,our-mutual-friend
John Rokesmith,John Harmon,3869,our-mutual-friend
John Rokesmith,Julius Handford,3869,our-mutual-friend
John Rokesmith,John Harmon,3876,our-mutual-friend
John Harmon,John Rokesmith,3876,our-mutual-friend
Boffin,Wilfer,3878,our-mutual-friend
Boffin,Miss Lavinia,3878,our-mutual-friend
Wilfer,Boffin,3878,our-mutual-friend
Wilfer,Miss Lavinia,3878,our-mutual-friend
Miss Lavinia,Boffin,3878,our-mutual-friend
Miss Lavinia,Wilfer,3878,our-mutual-friend
Mrs Boffin,Miss Wilfer,3879,our-mutual-friend
Mrs Boffin,Miss Wilfer,3879,our-mutual-friend
Miss Wilfer,Mrs Boffin,3879,our-mutual-friend
Miss Wilfer,Mrs Boffin,3879,our-mutual-friend
Miss,Wilfer,3881,our-mutual-friend
Miss,Rokesmith,3881,our-mutual-friend
Wilfer,Miss,3881,our-mutual-friend
Wilfer,Rokesmith,3881,our-mutual-friend
Rokesmith,Miss,3881,our-mutual-friend
Rokesmith,Wilfer,3881,our-mutual-friend
John Rokesmith,John Harmon,3889,our-mutual-friend
John Harmon,John Rokesmith,3889,our-mutual-friend
Pardon,Miss Wilfer,3924,our-mutual-friend
Miss Wilfer,Pardon,3924,our-mutual-friend
Bella,Mrs Boffin,3927,our-mutual-friend
Mrs Boffin,Bella,3927,our-mutual-friend
Bella,Left,3940,our-mutual-friend
Bella,Pa,3940,our-mutual-friend
Left,Bella,3940,our-mutual-friend
Left,Pa,3940,our-mutual-friend
Pa,Bella,3940,our-mutual-friend
Pa,Left,3940,our-mutual-friend
John Harmon,Rokesmith,3946,our-mutual-friend
John Harmon,Mrs Boffin,3946,our-mutual-friend
Rokesmith,John Harmon,3946,our-mutual-friend
Rokesmith,Mrs Boffin,3946,our-mutual-friend
Mrs Boffin,John Harmon,3946,our-mutual-friend
Mrs Boffin,Rokesmith,3946,our-mutual-friend
John Rokesmith,John Harmon,3949,our-mutual-friend
John Harmon,John Rokesmith,3949,our-mutual-friend
George,Sambo,3956,our-mutual-friend
George,Bill,3956,our-mutual-friend
Sambo,George,3956,our-mutual-friend
Sambo,Bill,3956,our-mutual-friend
Bill,George,3956,our-mutual-friend
Bill,Sambo,3956,our-mutual-friend
Bella,George Sampson,3974,our-mutual-friend
Bella,John Harmon,3974,our-mutual-friend
George Sampson,Bella,3974,our-mutual-friend
George Sampson,John Harmon,3974,our-mutual-friend
John Harmon,Bella,3974,our-mutual-friend
John Harmon,George Sampson,3974,our-mutual-friend
John Harmon,George Sampson,3976,our-mutual-friend
John Harmon,Bella,3976,our-mutual-friend
George Sampson,John Harmon,3976,our-mutual-friend
George Sampson,Bella,3976,our-mutual-friend
Bella,John Harmon,3976,our-mutual-friend
Bella,George Sampson,3976,our-mutual-friend
Sloppy,Betty,3980,our-mutual-friend
Betty,Sloppy,3980,our-mutual-friend
Betty,Higden,3982,our-mutual-friend
Higden,Betty,3982,our-mutual-friend
How,Betty,3989,our-mutual-friend
Betty,How,3989,our-mutual-friend
Betty Higden,Boffin,4001,our-mutual-friend
Boffin,Betty Higden,4001,our-mutual-friend
Boffin,Betty Higden,4001,our-mutual-friend
Betty Higden,Boffin,4001,our-mutual-friend
Betty,Mrs Boffin,4002,our-mutual-friend
Betty,John Rokesmith,4002,our-mutual-friend
Mrs Boffin,Betty,4002,our-mutual-friend
Mrs Boffin,John Rokesmith,4002,our-mutual-friend
John Rokesmith,Betty,4002,our-mutual-friend
John Rokesmith,Mrs Boffin,4002,our-mutual-friend
Mrs Boffin,Betty,4012,our-mutual-friend
Mrs Boffin,Don,4012,our-mutual-friend
Mrs Boffin,Bella,4012,our-mutual-friend
Betty,Mrs Boffin,4012,our-mutual-friend
Betty,Don,4012,our-mutual-friend
Betty,Bella,4012,our-mutual-friend
Don,Mrs Boffin,4012,our-mutual-friend
Don,Betty,4012,our-mutual-friend
Don,Bella,4012,our-mutual-friend
Bella,Mrs Boffin,4012,our-mutual-friend
Bella,Betty,4012,our-mutual-friend
Bella,Don,4012,our-mutual-friend
Sloppy,Mrs Higden,4013,our-mutual-friend
Mrs Higden,Sloppy,4013,our-mutual-friend
John,Harmon,4014,our-mutual-friend
John,Rogue Riderhood,4014,our-mutual-friend
John,Hexam,4014,our-mutual-friend
John,Julius Handford,4014,our-mutual-friend
John,Pleasant Riderhood,4014,our-mutual-friend
Harmon,John,4014,our-mutual-friend
Harmon,Rogue Riderhood,4014,our-mutual-friend
Harmon,Hexam,4014,our-mutual-friend
Harmon,Julius Handford,4014,our-mutual-friend
Harmon,Pleasant Riderhood,4014,our-mutual-friend
Rogue Riderhood,John,4014,our-mutual-friend
Rogue Riderhood,Harmon,4014,our-mutual-friend
Rogue Riderhood,Hexam,4014,our-mutual-friend
Rogue Riderhood,Julius Handford,4014,our-mutual-friend
Rogue Riderhood,Pleasant Riderhood,4014,our-mutual-friend
Hexam,John,4014,our-mutual-friend
Hexam,Harmon,4014,our-mutual-friend
Hexam,Rogue Riderhood,4014,our-mutual-friend
Hexam,Julius Handford,4014,our-mutual-friend
Hexam,Pleasant Riderhood,4014,our-mutual-friend
Julius Handford,John,4014,our-mutual-friend
Julius Handford,Harmon,4014,our-mutual-friend
Julius Handford,Rogue Riderhood,4014,our-mutual-friend
Julius Handford,Hexam,4014,our-mutual-friend
Julius Handford,Pleasant Riderhood,4014,our-mutual-friend
Pleasant Riderhood,John,4014,our-mutual-friend
Pleasant Riderhood,Harmon,4014,our-mutual-friend
Pleasant Riderhood,Rogue Riderhood,4014,our-mutual-friend
Pleasant Riderhood,Hexam,4014,our-mutual-friend
Pleasant Riderhood,Julius Handford,4014,our-mutual-friend
Mrs Boffin,Julius Handford,4015,our-mutual-friend
Mrs Boffin,Julius Handford,4015,our-mutual-friend
Julius Handford,Mrs Boffin,4015,our-mutual-friend
Julius Handford,Mrs Boffin,4015,our-mutual-friend
Hexam,Lightwood,4016,our-mutual-friend
Hexam,Mrs Boffin,4016,our-mutual-friend
Hexam,Bradley Headstone,4016,our-mutual-friend
Lightwood,Hexam,4016,our-mutual-friend
Lightwood,Mrs Boffin,4016,our-mutual-friend
Lightwood,Bradley Headstone,4016,our-mutual-friend
Mrs Boffin,Hexam,4016,our-mutual-friend
Mrs Boffin,Lightwood,4016,our-mutual-friend
Mrs Boffin,Bradley Headstone,4016,our-mutual-friend
Bradley Headstone,Hexam,4016,our-mutual-friend
Bradley Headstone,Lightwood,4016,our-mutual-friend
Bradley Headstone,Mrs Boffin,4016,our-mutual-friend
Mrs Boffin,Agreed,4017,our-mutual-friend
Agreed,Mrs Boffin,4017,our-mutual-friend
Harmon,Bradley,4020,our-mutual-friend
Bradley,Harmon,4020,our-mutual-friend
Mrs Boffin,Boffin,4040,our-mutual-friend
Mrs Boffin,Harmon,4040,our-mutual-friend
Boffin,Mrs Boffin,4040,our-mutual-friend
Boffin,Harmon,4040,our-mutual-friend
Harmon,Mrs Boffin,4040,our-mutual-friend
Harmon,Boffin,4040,our-mutual-friend
Sir,Bradley,4041,our-mutual-friend
Bradley,Sir,4041,our-mutual-friend
Bradley,Headstone,4047,our-mutual-friend
Headstone,Bradley,4047,our-mutual-friend
Rogue Riderhood,Lizzie Hexam,4048,our-mutual-friend
Lizzie Hexam,Rogue Riderhood,4048,our-mutual-friend
John Rokesmith,Bella,4049,our-mutual-friend
John Rokesmith,Mrs Boffin,4049,our-mutual-friend
John Rokesmith,Betty Higden,4049,our-mutual-friend
John Rokesmith,Bella,4049,our-mutual-friend
Bella,John Rokesmith,4049,our-mutual-friend
Bella,Mrs Boffin,4049,our-mutual-friend
Bella,Betty Higden,4049,our-mutual-friend
Mrs Boffin,John Rokesmith,4049,our-mutual-friend
Mrs Boffin,Bella,4049,our-mutual-friend
Mrs Boffin,Betty Higden,4049,our-mutual-friend
Mrs Boffin,Bella,4049,our-mutual-friend
Betty Higden,John Rokesmith,4049,our-mutual-friend
Betty Higden,Bella,4049,our-mutual-friend
Betty Higden,Mrs Boffin,4049,our-mutual-friend
Betty Higden,Bella,4049,our-mutual-friend
Bella,John Rokesmith,4049,our-mutual-friend
Bella,Mrs Boffin,4049,our-mutual-friend
Bella,Betty Higden,4049,our-mutual-friend
Rokesmith,Mrs Higden,4050,our-mutual-friend
Rokesmith,Mrs Boffin,4050,our-mutual-friend
Mrs Higden,Rokesmith,4050,our-mutual-friend
Mrs Higden,Mrs Boffin,4050,our-mutual-friend
Mrs Boffin,Rokesmith,4050,our-mutual-friend
Mrs Boffin,Mrs Higden,4050,our-mutual-friend
Noddy,Mrs Boffin,4052,our-mutual-friend
Mrs Boffin,Noddy,4052,our-mutual-friend
Patrons,Patronesses,4055,our-mutual-friend
Patrons,Tom Noakes,4055,our-mutual-friend
Patrons,Mrs Jack Styles,4055,our-mutual-friend
Patronesses,Patrons,4055,our-mutual-friend
Patronesses,Patrons,4055,our-mutual-friend
Patronesses,Tom Noakes,4055,our-mutual-friend
Patronesses,Mrs Jack Styles,4055,our-mutual-friend
Patrons,Patronesses,4055,our-mutual-friend
Patrons,Tom Noakes,4055,our-mutual-friend
Patrons,Mrs Jack Styles,4055,our-mutual-friend
Tom Noakes,Patrons,4055,our-mutual-friend
Tom Noakes,Patronesses,4055,our-mutual-friend
Tom Noakes,Patrons,4055,our-mutual-friend
Tom Noakes,Mrs Jack Styles,4055,our-mutual-friend
Mrs Jack Styles,Patrons,4055,our-mutual-friend
Mrs Jack Styles,Patronesses,4055,our-mutual-friend
Mrs Jack Styles,Patrons,4055,our-mutual-friend
Mrs Jack Styles,Tom Noakes,4055,our-mutual-friend
Don,Noddy,4056,our-mutual-friend
Don,Boffin,4056,our-mutual-friend
Noddy,Don,4056,our-mutual-friend
Noddy,Boffin,4056,our-mutual-friend
Boffin,Don,4056,our-mutual-friend
Boffin,Noddy,4056,our-mutual-friend
Patronized,Patronesses,4057,our-mutual-friend
Patronized,Pills,4057,our-mutual-friend
Patronesses,Patronized,4057,our-mutual-friend
Patronesses,Pills,4057,our-mutual-friend
Pills,Patronized,4057,our-mutual-friend
Pills,Patronesses,4057,our-mutual-friend
Rokesmith,Don,4059,our-mutual-friend
Rokesmith,Mrs Higden,4059,our-mutual-friend
Don,Rokesmith,4059,our-mutual-friend
Don,Mrs Higden,4059,our-mutual-friend
Mrs Higden,Rokesmith,4059,our-mutual-friend
Mrs Higden,Don,4059,our-mutual-friend
Old,Betty,4060,our-mutual-friend
Betty,Old,4060,our-mutual-friend
Old,Betty,4068,our-mutual-friend
Betty,Old,4068,our-mutual-friend
Johnny,Bella,4070,our-mutual-friend
Bella,Johnny,4070,our-mutual-friend
Bella,Johnny,4070,our-mutual-friend
Johnny,Bella,4070,our-mutual-friend
Bradley,Headstone,4075,our-mutual-friend
Bradley,Lizzie Hexam,4075,our-mutual-friend
Bradley,Charley Hexam,4075,our-mutual-friend
Bradley,Miss Peecher,4075,our-mutual-friend
Headstone,Bradley,4075,our-mutual-friend
Headstone,Lizzie Hexam,4075,our-mutual-friend
Headstone,Charley Hexam,4075,our-mutual-friend
Headstone,Miss Peecher,4075,our-mutual-friend
Lizzie Hexam,Bradley,4075,our-mutual-friend
Lizzie Hexam,Headstone,4075,our-mutual-friend
Lizzie Hexam,Charley Hexam,4075,our-mutual-friend
Lizzie Hexam,Miss Peecher,4075,our-mutual-friend
Charley Hexam,Bradley,4075,our-mutual-friend
Charley Hexam,Headstone,4075,our-mutual-friend
Charley Hexam,Lizzie Hexam,4075,our-mutual-friend
Charley Hexam,Miss Peecher,4075,our-mutual-friend
Miss Peecher,Bradley,4075,our-mutual-friend
Miss Peecher,Headstone,4075,our-mutual-friend
Miss Peecher,Lizzie Hexam,4075,our-mutual-friend
Miss Peecher,Charley Hexam,4075,our-mutual-friend
Bradley,Hexam,4076,our-mutual-friend
Hexam,Bradley,4076,our-mutual-friend
Lizzie,Bradley,4090,our-mutual-friend
Bradley,Lizzie,4090,our-mutual-friend
Liz,Bradley Headstone,4106,our-mutual-friend
Bradley Headstone,Liz,4106,our-mutual-friend
Liz,Peecher,4194,our-mutual-friend
Liz,Miss Peecher,4194,our-mutual-friend
Peecher,Liz,4194,our-mutual-friend
Peecher,Miss Peecher,4194,our-mutual-friend
Miss Peecher,Liz,4194,our-mutual-friend
Miss Peecher,Peecher,4194,our-mutual-friend
Hexam,Liz,4196,our-mutual-friend
Hexam,Liz,4196,our-mutual-friend
Liz,Hexam,4196,our-mutual-friend
Liz,Hexam,4196,our-mutual-friend
Well,Miss Jenny Wren,4198,our-mutual-friend
Well,Liz,4198,our-mutual-friend
Miss Jenny Wren,Well,4198,our-mutual-friend
Miss Jenny Wren,Liz,4198,our-mutual-friend
Liz,Well,4198,our-mutual-friend
Liz,Miss Jenny Wren,4198,our-mutual-friend
Charley,Don,4205,our-mutual-friend
Don,Charley,4205,our-mutual-friend
Lizzie,Pray,4240,our-mutual-friend
Pray,Lizzie,4240,our-mutual-friend
Riah,Lizzie,4246,our-mutual-friend
Lizzie,Riah,4246,our-mutual-friend
Twemlow,Saint James,4255,our-mutual-friend
Saint James,Twemlow,4255,our-mutual-friend
Mrs Lammle,Piccadilly,4258,our-mutual-friend
Mrs Lammle,Tartar,4258,our-mutual-friend
Piccadilly,Mrs Lammle,4258,our-mutual-friend
Piccadilly,Tartar,4258,our-mutual-friend
Tartar,Mrs Lammle,4258,our-mutual-friend
Tartar,Piccadilly,4258,our-mutual-friend
Mrs Lammle,Earl,4261,our-mutual-friend
Mrs Lammle,Dun Cow,4261,our-mutual-friend
Mrs Lammle,Mrs Veneering,4261,our-mutual-friend
Mrs Lammle,Miss Podsnap,4261,our-mutual-friend
Mrs Lammle,Tippins,4261,our-mutual-friend
Mrs Lammle,Fledgeby,4261,our-mutual-friend
Mrs Lammle,Anybody,4261,our-mutual-friend
Earl,Mrs Lammle,4261,our-mutual-friend
Earl,Dun Cow,4261,our-mutual-friend
Earl,Mrs Veneering,4261,our-mutual-friend
Earl,Miss Podsnap,4261,our-mutual-friend
Earl,Tippins,4261,our-mutual-friend
Earl,Fledgeby,4261,our-mutual-friend
Earl,Anybody,4261,our-mutual-friend
Dun Cow,Mrs Lammle,4261,our-mutual-friend
Dun Cow,Earl,4261,our-mutual-friend
Dun Cow,Mrs Veneering,4261,our-mutual-friend
Dun Cow,Miss Podsnap,4261,our-mutual-friend
Dun Cow,Tippins,4261,our-mutual-friend
Dun Cow,Fledgeby,4261,our-mutual-friend
Dun Cow,Anybody,4261,our-mutual-friend
Mrs Veneering,Mrs Lammle,4261,our-mutual-friend
Mrs Veneering,Earl,4261,our-mutual-friend
Mrs Veneering,Dun Cow,4261,our-mutual-friend
Mrs Veneering,Miss Podsnap,4261,our-mutual-friend
Mrs Veneering,Tippins,4261,our-mutual-friend
Mrs Veneering,Fledgeby,4261,our-mutual-friend
Mrs Veneering,Anybody,4261,our-mutual-friend
Miss Podsnap,Mrs Lammle,4261,our-mutual-friend
Miss Podsnap,Earl,4261,our-mutual-friend
Miss Podsnap,Dun Cow,4261,our-mutual-friend
Miss Podsnap,Mrs Veneering,4261,our-mutual-friend
Miss Podsnap,Tippins,4261,our-mutual-friend
Miss Podsnap,Fledgeby,4261,our-mutual-friend
Miss Podsnap,Anybody,4261,our-mutual-friend
Tippins,Mrs Lammle,4261,our-mutual-friend
Tippins,Earl,4261,our-mutual-friend
Tippins,Dun Cow,4261,our-mutual-friend
Tippins,Mrs Veneering,4261,our-mutual-friend
Tippins,Miss Podsnap,4261,our-mutual-friend
Tippins,Fledgeby,4261,our-mutual-friend
Tippins,Anybody,4261,our-mutual-friend
Fledgeby,Mrs Lammle,4261,our-mutual-friend
Fledgeby,Earl,4261,our-mutual-friend
Fledgeby,Dun Cow,4261,our-mutual-friend
Fledgeby,Mrs Veneering,4261,our-mutual-friend
Fledgeby,Miss Podsnap,4261,our-mutual-friend
Fledgeby,Tippins,4261,our-mutual-friend
Fledgeby,Anybody,4261,our-mutual-friend
Anybody,Mrs Lammle,4261,our-mutual-friend
Anybody,Earl,4261,our-mutual-friend
Anybody,Dun Cow,4261,our-mutual-friend
Anybody,Mrs Veneering,4261,our-mutual-friend
Anybody,Miss Podsnap,4261,our-mutual-friend
Anybody,Tippins,4261,our-mutual-friend
Anybody,Fledgeby,4261,our-mutual-friend
Fledgeby,Lady Tippins,4262,our-mutual-friend
Lady Tippins,Fledgeby,4262,our-mutual-friend
Lady Tippins,Fledgeby,4262,our-mutual-friend
Fledgeby,Lady Tippins,4262,our-mutual-friend
Twemlow,Fledgeby,4268,our-mutual-friend
Twemlow,Lammle,4268,our-mutual-friend
Fledgeby,Twemlow,4268,our-mutual-friend
Fledgeby,Lammle,4268,our-mutual-friend
Fledgeby,Twemlow,4268,our-mutual-friend
Lammle,Twemlow,4268,our-mutual-friend
Lammle,Fledgeby,4268,our-mutual-friend
Lammle,Twemlow,4268,our-mutual-friend
Twemlow,Fledgeby,4268,our-mutual-friend
Twemlow,Lammle,4268,our-mutual-friend
Twemlow,Lady Tippins,4276,our-mutual-friend
Twemlow,Lammle,4276,our-mutual-friend
Twemlow,Lammle,4276,our-mutual-friend
Twemlow,Fledgeby,4276,our-mutual-friend
Lady Tippins,Twemlow,4276,our-mutual-friend
Lady Tippins,Lammle,4276,our-mutual-friend
Lady Tippins,Lammle,4276,our-mutual-friend
Lady Tippins,Fledgeby,4276,our-mutual-friend
Lammle,Twemlow,4276,our-mutual-friend
Lammle,Lady Tippins,4276,our-mutual-friend
Lammle,Fledgeby,4276,our-mutual-friend
Lammle,Twemlow,4276,our-mutual-friend
Lammle,Lady Tippins,4276,our-mutual-friend
Lammle,Fledgeby,4276,our-mutual-friend
Fledgeby,Twemlow,4276,our-mutual-friend
Fledgeby,Lady Tippins,4276,our-mutual-friend
Fledgeby,Lammle,4276,our-mutual-friend
Fledgeby,Lammle,4276,our-mutual-friend
Twemlow,Mrs Lammle,4277,our-mutual-friend
Twemlow,Strange,4277,our-mutual-friend
Twemlow,Mrs Lammle,4277,our-mutual-friend
Twemlow,Strange,4277,our-mutual-friend
Mrs Lammle,Twemlow,4277,our-mutual-friend
Mrs Lammle,Twemlow,4277,our-mutual-friend
Mrs Lammle,Strange,4277,our-mutual-friend
Mrs Lammle,Twemlow,4277,our-mutual-friend
Strange,Twemlow,4277,our-mutual-friend
Strange,Twemlow,4277,our-mutual-friend
Strange,Mrs Lammle,4277,our-mutual-friend
Strange,Twemlow,4277,our-mutual-friend
Twemlow,Mrs Lammle,4277,our-mutual-friend
Twemlow,Strange,4277,our-mutual-friend
Lightwood,Eugene,4287,our-mutual-friend
Eugene,Lightwood,4287,our-mutual-friend
Lizzie Hexam,Jesse Hexam,4294,our-mutual-friend
Lizzie Hexam,Gaffer,4294,our-mutual-friend
Lizzie Hexam,Nobody,4294,our-mutual-friend
Lizzie Hexam,Rogue Riderhood,4294,our-mutual-friend
Jesse Hexam,Lizzie Hexam,4294,our-mutual-friend
Jesse Hexam,Gaffer,4294,our-mutual-friend
Jesse Hexam,Nobody,4294,our-mutual-friend
Jesse Hexam,Rogue Riderhood,4294,our-mutual-friend
Jesse Hexam,Lizzie Hexam,4294,our-mutual-friend
Gaffer,Lizzie Hexam,4294,our-mutual-friend
Gaffer,Jesse Hexam,4294,our-mutual-friend
Gaffer,Nobody,4294,our-mutual-friend
Gaffer,Rogue Riderhood,4294,our-mutual-friend
Gaffer,Lizzie Hexam,4294,our-mutual-friend
Nobody,Lizzie Hexam,4294,our-mutual-friend
Nobody,Jesse Hexam,4294,our-mutual-friend
Nobody,Gaffer,4294,our-mutual-friend
Nobody,Rogue Riderhood,4294,our-mutual-friend
Nobody,Lizzie Hexam,4294,our-mutual-friend
Rogue Riderhood,Lizzie Hexam,4294,our-mutual-friend
Rogue Riderhood,Jesse Hexam,4294,our-mutual-friend
Rogue Riderhood,Gaffer,4294,our-mutual-friend
Rogue Riderhood,Nobody,4294,our-mutual-friend
Rogue Riderhood,Lizzie Hexam,4294,our-mutual-friend
Lizzie Hexam,Jesse Hexam,4294,our-mutual-friend
Lizzie Hexam,Gaffer,4294,our-mutual-friend
Lizzie Hexam,Nobody,4294,our-mutual-friend
Lizzie Hexam,Rogue Riderhood,4294,our-mutual-friend
Lightwood,Eugene,4295,our-mutual-friend
Eugene,Lightwood,4295,our-mutual-friend
Chokesmith,Artichoke,4296,our-mutual-friend
Chokesmith,Lizzie Hexam,4296,our-mutual-friend
Chokesmith,Artichoke,4296,our-mutual-friend
Artichoke,Chokesmith,4296,our-mutual-friend
Artichoke,Lizzie Hexam,4296,our-mutual-friend
Lizzie Hexam,Chokesmith,4296,our-mutual-friend
Lizzie Hexam,Artichoke,4296,our-mutual-friend
Lizzie Hexam,Artichoke,4296,our-mutual-friend
Artichoke,Chokesmith,4296,our-mutual-friend
Artichoke,Lizzie Hexam,4296,our-mutual-friend
Pardon,Lightwood,4299,our-mutual-friend
Pardon,Artichoke,4299,our-mutual-friend
Lightwood,Pardon,4299,our-mutual-friend
Lightwood,Artichoke,4299,our-mutual-friend
Artichoke,Pardon,4299,our-mutual-friend
Artichoke,Lightwood,4299,our-mutual-friend
Eugene,Baby,4302,our-mutual-friend
Eugene,Lightwood,4302,our-mutual-friend
Baby,Eugene,4302,our-mutual-friend
Baby,Lightwood,4302,our-mutual-friend
Lightwood,Eugene,4302,our-mutual-friend
Lightwood,Baby,4302,our-mutual-friend
Mrs Lammle,Julius Handford,4303,our-mutual-friend
Mrs Lammle,Lizzie Hexam,4303,our-mutual-friend
Mrs Lammle,Twemlow,4303,our-mutual-friend
Mrs Lammle,Boots,4303,our-mutual-friend
Mrs Lammle,Brewer,4303,our-mutual-friend
Mrs Lammle,Lady Tippins,4303,our-mutual-friend
Mrs Lammle,Podsnap,4303,our-mutual-friend
Mrs Lammle,Georgiana,4303,our-mutual-friend
Mrs Lammle,Anastatia Veneering,4303,our-mutual-friend
Mrs Lammle,Sophronia Lammle,4303,our-mutual-friend
Julius Handford,Mrs Lammle,4303,our-mutual-friend
Julius Handford,Lizzie Hexam,4303,our-mutual-friend
Julius Handford,Mrs Lammle,4303,our-mutual-friend
Julius Handford,Twemlow,4303,our-mutual-friend
Julius Handford,Boots,4303,our-mutual-friend
Julius Handford,Brewer,4303,our-mutual-friend
Julius Handford,Lady Tippins,4303,our-mutual-friend
Julius Handford,Podsnap,4303,our-mutual-friend
Julius Handford,Georgiana,4303,our-mutual-friend
Julius Handford,Anastatia Veneering,4303,our-mutual-friend
Julius Handford,Sophronia Lammle,4303,our-mutual-friend
Lizzie Hexam,Mrs Lammle,4303,our-mutual-friend
Lizzie Hexam,Julius Handford,4303,our-mutual-friend
Lizzie Hexam,Mrs Lammle,4303,our-mutual-friend
Lizzie Hexam,Twemlow,4303,our-mutual-friend
Lizzie Hexam,Boots,4303,our-mutual-friend
Lizzie Hexam,Brewer,4303,our-mutual-friend
Lizzie Hexam,Lady Tippins,4303,our-mutual-friend
Lizzie Hexam,Podsnap,4303,our-mutual-friend
Lizzie Hexam,Georgiana,4303,our-mutual-friend
Lizzie Hexam,Anastatia Veneering,4303,our-mutual-friend
Lizzie Hexam,Sophronia Lammle,4303,our-mutual-friend
Mrs Lammle,Julius Handford,4303,our-mutual-friend
Mrs Lammle,Lizzie Hexam,4303,our-mutual-friend
Mrs Lammle,Twemlow,4303,our-mutual-friend
Mrs Lammle,Boots,4303,our-mutual-friend
Mrs Lammle,Brewer,4303,our-mutual-friend
Mrs Lammle,Lady Tippins,4303,our-mutual-friend
Mrs Lammle,Podsnap,4303,our-mutual-friend
Mrs Lammle,Georgiana,4303,our-mutual-friend
Mrs Lammle,Anastatia Veneering,4303,our-mutual-friend
Mrs Lammle,Sophronia Lammle,4303,our-mutual-friend
Twemlow,Mrs Lammle,4303,our-mutual-friend
Twemlow,Julius Handford,4303,our-mutual-friend
Twemlow,Lizzie Hexam,4303,our-mutual-friend
Twemlow,Mrs Lammle,4303,our-mutual-friend
Twemlow,Boots,4303,our-mutual-friend
Twemlow,Brewer,4303,our-mutual-friend
Twemlow,Lady Tippins,4303,our-mutual-friend
Twemlow,Podsnap,4303,our-mutual-friend
Twemlow,Georgiana,4303,our-mutual-friend
Twemlow,Anastatia Veneering,4303,our-mutual-friend
Twemlow,Sophronia Lammle,4303,our-mutual-friend
Boots,Mrs Lammle,4303,our-mutual-friend
Boots,Julius Handford,4303,our-mutual-friend
Boots,Lizzie Hexam,4303,our-mutual-friend
Boots,Mrs Lammle,4303,our-mutual-friend
Boots,Twemlow,4303,our-mutual-friend
Boots,Brewer,4303,our-mutual-friend
Boots,Lady Tippins,4303,our-mutual-friend
Boots,Podsnap,4303,our-mutual-friend
Boots,Georgiana,4303,our-mutual-friend
Boots,Anastatia Veneering,4303,our-mutual-friend
Boots,Sophronia Lammle,4303,our-mutual-friend
Brewer,Mrs Lammle,4303,our-mutual-friend
Brewer,Julius Handford,4303,our-mutual-friend
Brewer,Lizzie Hexam,4303,our-mutual-friend
Brewer,Mrs Lammle,4303,our-mutual-friend
Brewer,Twemlow,4303,our-mutual-friend
Brewer,Boots,4303,our-mutual-friend
Brewer,Lady Tippins,4303,our-mutual-friend
Brewer,Podsnap,4303,our-mutual-friend
Brewer,Georgiana,4303,our-mutual-friend
Brewer,Anastatia Veneering,4303,our-mutual-friend
Brewer,Sophronia Lammle,4303,our-mutual-friend
Lady Tippins,Mrs Lammle,4303,our-mutual-friend
Lady Tippins,Julius Handford,4303,our-mutual-friend
Lady Tippins,Lizzie Hexam,4303,our-mutual-friend
Lady Tippins,Mrs Lammle,4303,our-mutual-friend
Lady Tippins,Twemlow,4303,our-mutual-friend
Lady Tippins,Boots,4303,our-mutual-friend
Lady Tippins,Brewer,4303,our-mutual-friend
Lady Tippins,Podsnap,4303,our-mutual-friend
Lady Tippins,Georgiana,4303,our-mutual-friend
Lady Tippins,Anastatia Veneering,4303,our-mutual-friend
Lady Tippins,Sophronia Lammle,4303,our-mutual-friend
Podsnap,Mrs Lammle,4303,our-mutual-friend
Podsnap,Julius Handford,4303,our-mutual-friend
Podsnap,Lizzie Hexam,4303,our-mutual-friend
Podsnap,Mrs Lammle,4303,our-mutual-friend
Podsnap,Twemlow,4303,our-mutual-friend
Podsnap,Boots,4303,our-mutual-friend
Podsnap,Brewer,4303,our-mutual-friend
Podsnap,Lady Tippins,4303,our-mutual-friend
Podsnap,Georgiana,4303,our-mutual-friend
Podsnap,Anastatia Veneering,4303,our-mutual-friend
Podsnap,Sophronia Lammle,4303,our-mutual-friend
Georgiana,Mrs Lammle,4303,our-mutual-friend
Georgiana,Julius Handford,4303,our-mutual-friend
Georgiana,Lizzie Hexam,4303,our-mutual-friend
Georgiana,Mrs Lammle,4303,our-mutual-friend
Georgiana,Twemlow,4303,our-mutual-friend
Georgiana,Boots,4303,our-mutual-friend
Georgiana,Brewer,4303,our-mutual-friend
Georgiana,Lady Tippins,4303,our-mutual-friend
Georgiana,Podsnap,4303,our-mutual-friend
Georgiana,Anastatia Veneering,4303,our-mutual-friend
Georgiana,Sophronia Lammle,4303,our-mutual-friend
Anastatia Veneering,Mrs Lammle,4303,our-mutual-friend
Anastatia Veneering,Julius Handford,4303,our-mutual-friend
Anastatia Veneering,Lizzie Hexam,4303,our-mutual-friend
Anastatia Veneering,Mrs Lammle,4303,our-mutual-friend
Anastatia Veneering,Twemlow,4303,our-mutual-friend
Anastatia Veneering,Boots,4303,our-mutual-friend
Anastatia Veneering,Brewer,4303,our-mutual-friend
Anastatia Veneering,Lady Tippins,4303,our-mutual-friend
Anastatia Veneering,Podsnap,4303,our-mutual-friend
Anastatia Veneering,Georgiana,4303,our-mutual-friend
Anastatia Veneering,Sophronia Lammle,4303,our-mutual-friend
Sophronia Lammle,Mrs Lammle,4303,our-mutual-friend
Sophronia Lammle,Julius Handford,4303,our-mutual-friend
Sophronia Lammle,Lizzie Hexam,4303,our-mutual-friend
Sophronia Lammle,Mrs Lammle,4303,our-mutual-friend
Sophronia Lammle,Twemlow,4303,our-mutual-friend
Sophronia Lammle,Boots,4303,our-mutual-friend
Sophronia Lammle,Brewer,4303,our-mutual-friend
Sophronia Lammle,Lady Tippins,4303,our-mutual-friend
Sophronia Lammle,Podsnap,4303,our-mutual-friend
Sophronia Lammle,Georgiana,4303,our-mutual-friend
Sophronia Lammle,Anastatia Veneering,4303,our-mutual-friend
Pegasus,Lammle,4304,our-mutual-friend
Pegasus,God,4304,our-mutual-friend
Lammle,Pegasus,4304,our-mutual-friend
Lammle,God,4304,our-mutual-friend
God,Pegasus,4304,our-mutual-friend
God,Lammle,4304,our-mutual-friend
Lammle,Sophronia,4305,our-mutual-friend
Lammle,Sophronia,4305,our-mutual-friend
Lammle,Again,4305,our-mutual-friend
Lammle,Fledgeby,4305,our-mutual-friend
Lammle,Fledgeby,4305,our-mutual-friend
Lammle,Again,4305,our-mutual-friend
Sophronia,Lammle,4305,our-mutual-friend
Sophronia,Again,4305,our-mutual-friend
Sophronia,Fledgeby,4305,our-mutual-friend
Sophronia,Fledgeby,4305,our-mutual-friend
Sophronia,Again,4305,our-mutual-friend
Sophronia,Lammle,4305,our-mutual-friend
Sophronia,Again,4305,our-mutual-friend
Sophronia,Fledgeby,4305,our-mutual-friend
Sophronia,Fledgeby,4305,our-mutual-friend
Sophronia,Again,4305,our-mutual-friend
Again,Lammle,4305,our-mutual-friend
Again,Sophronia,4305,our-mutual-friend
Again,Sophronia,4305,our-mutual-friend
Again,Fledgeby,4305,our-mutual-friend
Again,Fledgeby,4305,our-mutual-friend
Fledgeby,Lammle,4305,our-mutual-friend
Fledgeby,Sophronia,4305,our-mutual-friend
Fledgeby,Sophronia,4305,our-mutual-friend
Fledgeby,Again,4305,our-mutual-friend
Fledgeby,Again,4305,our-mutual-friend
Fledgeby,Lammle,4305,our-mutual-friend
Fledgeby,Sophronia,4305,our-mutual-friend
Fledgeby,Sophronia,4305,our-mutual-friend
Fledgeby,Again,4305,our-mutual-friend
Fledgeby,Again,4305,our-mutual-friend
Again,Lammle,4305,our-mutual-friend
Again,Sophronia,4305,our-mutual-friend
Again,Sophronia,4305,our-mutual-friend
Again,Fledgeby,4305,our-mutual-friend
Again,Fledgeby,4305,our-mutual-friend
Lammle,Twemlow,4306,our-mutual-friend
Lammle,Twemlow,4306,our-mutual-friend
Twemlow,Lammle,4306,our-mutual-friend
Twemlow,Lammle,4306,our-mutual-friend
Twemlow,Fledgeby,4312,our-mutual-friend
Twemlow,Boots,4312,our-mutual-friend
Twemlow,Brewer,4312,our-mutual-friend
Twemlow,Lammle,4312,our-mutual-friend
Fledgeby,Twemlow,4312,our-mutual-friend
Fledgeby,Boots,4312,our-mutual-friend
Fledgeby,Brewer,4312,our-mutual-friend
Fledgeby,Lammle,4312,our-mutual-friend
Boots,Twemlow,4312,our-mutual-friend
Boots,Fledgeby,4312,our-mutual-friend
Boots,Brewer,4312,our-mutual-friend
Boots,Lammle,4312,our-mutual-friend
Brewer,Twemlow,4312,our-mutual-friend
Brewer,Fledgeby,4312,our-mutual-friend
Brewer,Boots,4312,our-mutual-friend
Brewer,Lammle,4312,our-mutual-friend
Lammle,Twemlow,4312,our-mutual-friend
Lammle,Fledgeby,4312,our-mutual-friend
Lammle,Boots,4312,our-mutual-friend
Lammle,Brewer,4312,our-mutual-friend
Lightwood,Boots,4313,our-mutual-friend
Lightwood,Lady Tippins,4313,our-mutual-friend
Lightwood,M P.,4313,our-mutual-friend
Lightwood,Mrs Veneering,4313,our-mutual-friend
Lightwood,Lammle,4313,our-mutual-friend
Lightwood,Georgiana,4313,our-mutual-friend
Lightwood,Twemlow,4313,our-mutual-friend
Boots,Lightwood,4313,our-mutual-friend
Boots,Lady Tippins,4313,our-mutual-friend
Boots,M P.,4313,our-mutual-friend
Boots,Mrs Veneering,4313,our-mutual-friend
Boots,Lammle,4313,our-mutual-friend
Boots,Georgiana,4313,our-mutual-friend
Boots,Twemlow,4313,our-mutual-friend
Lady Tippins,Lightwood,4313,our-mutual-friend
Lady Tippins,Boots,4313,our-mutual-friend
Lady Tippins,M P.,4313,our-mutual-friend
Lady Tippins,Mrs Veneering,4313,our-mutual-friend
Lady Tippins,Lammle,4313,our-mutual-friend
Lady Tippins,Georgiana,4313,our-mutual-friend
Lady Tippins,Twemlow,4313,our-mutual-friend
M P.,Lightwood,4313,our-mutual-friend
M P.,Boots,4313,our-mutual-friend
M P.,Lady Tippins,4313,our-mutual-friend
M P.,Mrs Veneering,4313,our-mutual-friend
M P.,Lammle,4313,our-mutual-friend
M P.,Georgiana,4313,our-mutual-friend
M P.,Twemlow,4313,our-mutual-friend
Mrs Veneering,Lightwood,4313,our-mutual-friend
Mrs Veneering,Boots,4313,our-mutual-friend
Mrs Veneering,Lady Tippins,4313,our-mutual-friend
Mrs Veneering,M P.,4313,our-mutual-friend
Mrs Veneering,Lammle,4313,our-mutual-friend
Mrs Veneering,Georgiana,4313,our-mutual-friend
Mrs Veneering,Twemlow,4313,our-mutual-friend
Lammle,Lightwood,4313,our-mutual-friend
Lammle,Boots,4313,our-mutual-friend
Lammle,Lady Tippins,4313,our-mutual-friend
Lammle,M P.,4313,our-mutual-friend
Lammle,Mrs Veneering,4313,our-mutual-friend
Lammle,Georgiana,4313,our-mutual-friend
Lammle,Twemlow,4313,our-mutual-friend
Georgiana,Lightwood,4313,our-mutual-friend
Georgiana,Boots,4313,our-mutual-friend
Georgiana,Lady Tippins,4313,our-mutual-friend
Georgiana,M P.,4313,our-mutual-friend
Georgiana,Mrs Veneering,4313,our-mutual-friend
Georgiana,Lammle,4313,our-mutual-friend
Georgiana,Twemlow,4313,our-mutual-friend
Twemlow,Lightwood,4313,our-mutual-friend
Twemlow,Boots,4313,our-mutual-friend
Twemlow,Lady Tippins,4313,our-mutual-friend
Twemlow,M P.,4313,our-mutual-friend
Twemlow,Mrs Veneering,4313,our-mutual-friend
Twemlow,Lammle,4313,our-mutual-friend
Twemlow,Georgiana,4313,our-mutual-friend
Mrs Lammle,Stiff,4336,our-mutual-friend
Stiff,Mrs Lammle,4336,our-mutual-friend
Twemlow,Lammle,4341,our-mutual-friend
Lammle,Twemlow,4341,our-mutual-friend
Lady,Mrs Veneering,4353,our-mutual-friend
Lady,Mrs Lammle,4353,our-mutual-friend
Lady,Twemlow,4353,our-mutual-friend
Lady,Tippins,4353,our-mutual-friend
Mrs Veneering,Lady,4353,our-mutual-friend
Mrs Veneering,Mrs Lammle,4353,our-mutual-friend
Mrs Veneering,Twemlow,4353,our-mutual-friend
Mrs Veneering,Tippins,4353,our-mutual-friend
Mrs Lammle,Lady,4353,our-mutual-friend
Mrs Lammle,Mrs Veneering,4353,our-mutual-friend
Mrs Lammle,Twemlow,4353,our-mutual-friend
Mrs Lammle,Tippins,4353,our-mutual-friend
Twemlow,Lady,4353,our-mutual-friend
Twemlow,Mrs Veneering,4353,our-mutual-friend
Twemlow,Mrs Lammle,4353,our-mutual-friend
Twemlow,Tippins,4353,our-mutual-friend
Tippins,Lady,4353,our-mutual-friend
Tippins,Mrs Veneering,4353,our-mutual-friend
Tippins,Mrs Lammle,4353,our-mutual-friend
Tippins,Twemlow,4353,our-mutual-friend
Twemlow,Piccadilly,4354,our-mutual-friend
Piccadilly,Twemlow,4354,our-mutual-friend
Animate London,London,4361,our-mutual-friend
Animate London,Saint Mary Axe,4361,our-mutual-friend
Animate London,Saint Paul,4361,our-mutual-friend
London,Animate London,4361,our-mutual-friend
London,Saint Mary Axe,4361,our-mutual-friend
London,Saint Paul,4361,our-mutual-friend
Saint Mary Axe,Animate London,4361,our-mutual-friend
Saint Mary Axe,London,4361,our-mutual-friend
Saint Mary Axe,Saint Paul,4361,our-mutual-friend
Saint Paul,Animate London,4361,our-mutual-friend
Saint Paul,London,4361,our-mutual-friend
Saint Paul,Saint Mary Axe,4361,our-mutual-friend
Riah,Saint Mary Axe,4363,our-mutual-friend
Riah,Cornhill,4363,our-mutual-friend
Riah,Fleet Street,4363,our-mutual-friend
Riah,Piccadilly,4363,our-mutual-friend
Saint Mary Axe,Riah,4363,our-mutual-friend
Saint Mary Axe,Cornhill,4363,our-mutual-friend
Saint Mary Axe,Fleet Street,4363,our-mutual-friend
Saint Mary Axe,Piccadilly,4363,our-mutual-friend
Cornhill,Riah,4363,our-mutual-friend
Cornhill,Saint Mary Axe,4363,our-mutual-friend
Cornhill,Fleet Street,4363,our-mutual-friend
Cornhill,Piccadilly,4363,our-mutual-friend
Fleet Street,Riah,4363,our-mutual-friend
Fleet Street,Saint Mary Axe,4363,our-mutual-friend
Fleet Street,Cornhill,4363,our-mutual-friend
Fleet Street,Piccadilly,4363,our-mutual-friend
Piccadilly,Riah,4363,our-mutual-friend
Piccadilly,Saint Mary Axe,4363,our-mutual-friend
Piccadilly,Cornhill,4363,our-mutual-friend
Piccadilly,Fleet Street,4363,our-mutual-friend
Chill,Riah,4372,our-mutual-friend
Riah,Chill,4372,our-mutual-friend
Riah,Fledgeby,4385,our-mutual-friend
Fledgeby,Riah,4385,our-mutual-friend
Fledgeby,Jerusalem,4394,our-mutual-friend
Jerusalem,Fledgeby,4394,our-mutual-friend
Sir,Riah,4397,our-mutual-friend
Riah,Sir,4397,our-mutual-friend
Fledgeby,Queer Street,4398,our-mutual-friend
Queer Street,Fledgeby,4398,our-mutual-friend
Riah,Fledgeby,4401,our-mutual-friend
Fledgeby,Riah,4401,our-mutual-friend
Fledgeby,Hark,4402,our-mutual-friend
Fledgeby,Lammle,4402,our-mutual-friend
Fledgeby,Riah,4402,our-mutual-friend
Hark,Fledgeby,4402,our-mutual-friend
Hark,Fledgeby,4402,our-mutual-friend
Hark,Lammle,4402,our-mutual-friend
Hark,Fledgeby,4402,our-mutual-friend
Hark,Riah,4402,our-mutual-friend
Fledgeby,Hark,4402,our-mutual-friend
Fledgeby,Lammle,4402,our-mutual-friend
Fledgeby,Riah,4402,our-mutual-friend
Lammle,Fledgeby,4402,our-mutual-friend
Lammle,Hark,4402,our-mutual-friend
Lammle,Fledgeby,4402,our-mutual-friend
Lammle,Fledgeby,4402,our-mutual-friend
Lammle,Riah,4402,our-mutual-friend
Fledgeby,Hark,4402,our-mutual-friend
Fledgeby,Lammle,4402,our-mutual-friend
Fledgeby,Riah,4402,our-mutual-friend
Riah,Fledgeby,4402,our-mutual-friend
Riah,Hark,4402,our-mutual-friend
Riah,Fledgeby,4402,our-mutual-friend
Riah,Lammle,4402,our-mutual-friend
Riah,Fledgeby,4402,our-mutual-friend
Fledgeby,Pubsey,4403,our-mutual-friend
Fledgeby,Saint Mary Axe,4403,our-mutual-friend
Fledgeby,Pubsey,4403,our-mutual-friend
Pubsey,Fledgeby,4403,our-mutual-friend
Pubsey,Saint Mary Axe,4403,our-mutual-friend
Saint Mary Axe,Fledgeby,4403,our-mutual-friend
Saint Mary Axe,Pubsey,4403,our-mutual-friend
Saint Mary Axe,Pubsey,4403,our-mutual-friend
Pubsey,Fledgeby,4403,our-mutual-friend
Pubsey,Saint Mary Axe,4403,our-mutual-friend
Fledgeby,Lammle,4405,our-mutual-friend
Lammle,Fledgeby,4405,our-mutual-friend
Lammle,Fledgeby,4407,our-mutual-friend
Fledgeby,Lammle,4407,our-mutual-friend
Riah,Pubsey,4409,our-mutual-friend
Pubsey,Riah,4409,our-mutual-friend
Fledgeby,Lammle,4411,our-mutual-friend
Lammle,Fledgeby,4411,our-mutual-friend
Fledgeby,Alfred Lammle,4422,our-mutual-friend
Fledgeby,Esquire,4422,our-mutual-friend
Fledgeby,Sir,4422,our-mutual-friend
Fledgeby,Allow Mrs Podsnap,4422,our-mutual-friend
Fledgeby,Georgiana,4422,our-mutual-friend
Fledgeby,Sir,4422,our-mutual-friend
Fledgeby,JOHN PODSNAP.,4422,our-mutual-friend
Alfred Lammle,Fledgeby,4422,our-mutual-friend
Alfred Lammle,Esquire,4422,our-mutual-friend
Alfred Lammle,Sir,4422,our-mutual-friend
Alfred Lammle,Allow Mrs Podsnap,4422,our-mutual-friend
Alfred Lammle,Georgiana,4422,our-mutual-friend
Alfred Lammle,Sir,4422,our-mutual-friend
Alfred Lammle,JOHN PODSNAP.,4422,our-mutual-friend
Alfred Lammle,Fledgeby,4422,our-mutual-friend
Esquire,Fledgeby,4422,our-mutual-friend
Esquire,Alfred Lammle,4422,our-mutual-friend
Esquire,Sir,4422,our-mutual-friend
Esquire,Allow Mrs Podsnap,4422,our-mutual-friend
Esquire,Georgiana,4422,our-mutual-friend
Esquire,Sir,4422,our-mutual-friend
Esquire,JOHN PODSNAP.,4422,our-mutual-friend
Esquire,Fledgeby,4422,our-mutual-friend
Sir,Fledgeby,4422,our-mutual-friend
Sir,Alfred Lammle,4422,our-mutual-friend
Sir,Esquire,4422,our-mutual-friend
Sir,Allow Mrs Podsnap,4422,our-mutual-friend
Sir,Georgiana,4422,our-mutual-friend
Sir,JOHN PODSNAP.,4422,our-mutual-friend
Sir,Fledgeby,4422,our-mutual-friend
Allow Mrs Podsnap,Fledgeby,4422,our-mutual-friend
Allow Mrs Podsnap,Alfred Lammle,4422,our-mutual-friend
Allow Mrs Podsnap,Esquire,4422,our-mutual-friend
Allow Mrs Podsnap,Sir,4422,our-mutual-friend
Allow Mrs Podsnap,Georgiana,4422,our-mutual-friend
Allow Mrs Podsnap,Sir,4422,our-mutual-friend
Allow Mrs Podsnap,JOHN PODSNAP.,4422,our-mutual-friend
Allow Mrs Podsnap,Fledgeby,4422,our-mutual-friend
Georgiana,Fledgeby,4422,our-mutual-friend
Georgiana,Alfred Lammle,4422,our-mutual-friend
Georgiana,Esquire,4422,our-mutual-friend
Georgiana,Sir,4422,our-mutual-friend
Georgiana,Allow Mrs Podsnap,4422,our-mutual-friend
Georgiana,Sir,4422,our-mutual-friend
Georgiana,JOHN PODSNAP.,4422,our-mutual-friend
Georgiana,Fledgeby,4422,our-mutual-friend
Sir,Fledgeby,4422,our-mutual-friend
Sir,Alfred Lammle,4422,our-mutual-friend
Sir,Esquire,4422,our-mutual-friend
Sir,Allow Mrs Podsnap,4422,our-mutual-friend
Sir,Georgiana,4422,our-mutual-friend
Sir,JOHN PODSNAP.,4422,our-mutual-friend
Sir,Fledgeby,4422,our-mutual-friend
JOHN PODSNAP.,Fledgeby,4422,our-mutual-friend
JOHN PODSNAP.,Alfred Lammle,4422,our-mutual-friend
JOHN PODSNAP.,Esquire,4422,our-mutual-friend
JOHN PODSNAP.,Sir,4422,our-mutual-friend
JOHN PODSNAP.,Allow Mrs Podsnap,4422,our-mutual-friend
JOHN PODSNAP.,Georgiana,4422,our-mutual-friend
JOHN PODSNAP.,Sir,4422,our-mutual-friend
JOHN PODSNAP.,Fledgeby,4422,our-mutual-friend
Fledgeby,Alfred Lammle,4422,our-mutual-friend
Fledgeby,Esquire,4422,our-mutual-friend
Fledgeby,Sir,4422,our-mutual-friend
Fledgeby,Allow Mrs Podsnap,4422,our-mutual-friend
Fledgeby,Georgiana,4422,our-mutual-friend
Fledgeby,Sir,4422,our-mutual-friend
Fledgeby,JOHN PODSNAP.,4422,our-mutual-friend
Fledgeby,Lammle,4427,our-mutual-friend
Lammle,Fledgeby,4427,our-mutual-friend
Lammle,Fledgeby,4433,our-mutual-friend
Fledgeby,Lammle,4433,our-mutual-friend
Lammle,Fledgeby,4442,our-mutual-friend
Fledgeby,Lammle,4442,our-mutual-friend
Don,Fledgeby,4449,our-mutual-friend
Fledgeby,Don,4449,our-mutual-friend
Lammle,Fledgeby,4452,our-mutual-friend
Fledgeby,Lammle,4452,our-mutual-friend
Fledgeby,Didn,4459,our-mutual-friend
Didn,Fledgeby,4459,our-mutual-friend
Riah,Fledgeby,4466,our-mutual-friend
Fledgeby,Riah,4466,our-mutual-friend
Honour,Fledgeby,4473,our-mutual-friend
Honour,Cut,4473,our-mutual-friend
Fledgeby,Honour,4473,our-mutual-friend
Fledgeby,Honour,4473,our-mutual-friend
Fledgeby,Cut,4473,our-mutual-friend
Honour,Fledgeby,4473,our-mutual-friend
Honour,Cut,4473,our-mutual-friend
Cut,Honour,4473,our-mutual-friend
Cut,Fledgeby,4473,our-mutual-friend
Cut,Honour,4473,our-mutual-friend
Honour,Fledgeby,4475,our-mutual-friend
Fledgeby,Honour,4475,our-mutual-friend
Lizzie,Fledgeby,4489,our-mutual-friend
Lizzie,Hexam,4489,our-mutual-friend
Fledgeby,Lizzie,4489,our-mutual-friend
Fledgeby,Hexam,4489,our-mutual-friend
Hexam,Lizzie,4489,our-mutual-friend
Hexam,Fledgeby,4489,our-mutual-friend
Jupiter,Fledgeby,4497,our-mutual-friend
Fledgeby,Jupiter,4497,our-mutual-friend
Fledgeby,Judah,4499,our-mutual-friend
Fledgeby,Left,4499,our-mutual-friend
Judah,Fledgeby,4499,our-mutual-friend
Judah,Left,4499,our-mutual-friend
Judah,Fledgeby,4499,our-mutual-friend
Left,Fledgeby,4499,our-mutual-friend
Left,Judah,4499,our-mutual-friend
Left,Fledgeby,4499,our-mutual-friend
Fledgeby,Judah,4499,our-mutual-friend
Fledgeby,Left,4499,our-mutual-friend
Fascination,Slow,4500,our-mutual-friend
Slow,Fascination,4500,our-mutual-friend
Fledgeby,Queer Street,4504,our-mutual-friend
Queer Street,Fledgeby,4504,our-mutual-friend
Riah,Saint Mary Axe,4509,our-mutual-friend
Saint Mary Axe,Riah,4509,our-mutual-friend
Miss,Wren,4510,our-mutual-friend
Wren,Miss,4510,our-mutual-friend
Miss Wren,Riah,4515,our-mutual-friend
Miss Wren,Riah,4515,our-mutual-friend
Riah,Miss Wren,4515,our-mutual-friend
Riah,Miss Wren,4515,our-mutual-friend
Miss Wren,Boh,4518,our-mutual-friend
Miss Wren,Miss Jenny,4518,our-mutual-friend
Boh,Miss Wren,4518,our-mutual-friend
Boh,Miss Jenny,4518,our-mutual-friend
Miss Jenny,Miss Wren,4518,our-mutual-friend
Miss Jenny,Boh,4518,our-mutual-friend
Lizzie,Tears,4531,our-mutual-friend
Tears,Lizzie,4531,our-mutual-friend
Westminster Bridge,Riah,4536,our-mutual-friend
Riah,Westminster Bridge,4536,our-mutual-friend
How,Riah,4543,our-mutual-friend
Riah,How,4543,our-mutual-friend
Miss Wren,Look,4544,our-mutual-friend
Miss Wren,Lady Belinda Whitrose,4544,our-mutual-friend
Miss Wren,Lady Belinda Whitrose,4544,our-mutual-friend
Miss Wren,Lady Belinda Whitrose,4544,our-mutual-friend
Miss Wren,Lady Belinda,4544,our-mutual-friend
Look,Miss Wren,4544,our-mutual-friend
Look,Lady Belinda Whitrose,4544,our-mutual-friend
Look,Lady Belinda Whitrose,4544,our-mutual-friend
Look,Lady Belinda Whitrose,4544,our-mutual-friend
Look,Lady Belinda,4544,our-mutual-friend
Lady Belinda Whitrose,Miss Wren,4544,our-mutual-friend
Lady Belinda Whitrose,Look,4544,our-mutual-friend
Lady Belinda Whitrose,Lady Belinda,4544,our-mutual-friend
Lady Belinda Whitrose,Miss Wren,4544,our-mutual-friend
Lady Belinda Whitrose,Look,4544,our-mutual-friend
Lady Belinda Whitrose,Lady Belinda,4544,our-mutual-friend
Lady Belinda Whitrose,Miss Wren,4544,our-mutual-friend
Lady Belinda Whitrose,Look,4544,our-mutual-friend
Lady Belinda Whitrose,Lady Belinda,4544,our-mutual-friend
Lady Belinda,Miss Wren,4544,our-mutual-friend
Lady Belinda,Look,4544,our-mutual-friend
Lady Belinda,Lady Belinda Whitrose,4544,our-mutual-friend
Lady Belinda,Lady Belinda Whitrose,4544,our-mutual-friend
Lady Belinda,Lady Belinda Whitrose,4544,our-mutual-friend
Riah,Miss Abbey,4545,our-mutual-friend
Miss Abbey,Riah,4545,our-mutual-friend
Riah,Lizzie Hexam,4558,our-mutual-friend
Lizzie Hexam,Riah,4558,our-mutual-friend
Miss,Potterson,4559,our-mutual-friend
Miss,Lizzie Hexam,4559,our-mutual-friend
Potterson,Miss,4559,our-mutual-friend
Potterson,Lizzie Hexam,4559,our-mutual-friend
Lizzie Hexam,Miss,4559,our-mutual-friend
Lizzie Hexam,Potterson,4559,our-mutual-friend
Miss Potterson,Rokesmith,4567,our-mutual-friend
Miss Potterson,Riderhood,4567,our-mutual-friend
Rokesmith,Miss Potterson,4567,our-mutual-friend
Rokesmith,Riderhood,4567,our-mutual-friend
Riderhood,Miss Potterson,4567,our-mutual-friend
Riderhood,Rokesmith,4567,our-mutual-friend
Miss,Wren,4569,our-mutual-friend
Wren,Miss,4569,our-mutual-friend
Miss Wren,Poof,4573,our-mutual-friend
Miss Wren,Miss Abbey,4573,our-mutual-friend
Poof,Miss Wren,4573,our-mutual-friend
Poof,Miss Abbey,4573,our-mutual-friend
Miss Abbey,Miss Wren,4573,our-mutual-friend
Miss Abbey,Poof,4573,our-mutual-friend
Miss Jenny,Miss Potterson,4577,our-mutual-friend
Miss Jenny,Riah,4577,our-mutual-friend
Miss Jenny,Miss Abbey,4577,our-mutual-friend
Miss Potterson,Miss Jenny,4577,our-mutual-friend
Miss Potterson,Riah,4577,our-mutual-friend
Miss Potterson,Miss Abbey,4577,our-mutual-friend
Riah,Miss Jenny,4577,our-mutual-friend
Riah,Miss Potterson,4577,our-mutual-friend
Riah,Miss Abbey,4577,our-mutual-friend
Miss Abbey,Miss Jenny,4577,our-mutual-friend
Miss Abbey,Miss Potterson,4577,our-mutual-friend
Miss Abbey,Riah,4577,our-mutual-friend
Miss Abbey Potterson,Rogue Riderhood,4578,our-mutual-friend
Miss Abbey Potterson,Lizzie,4578,our-mutual-friend
Miss Abbey Potterson,Lizzie,4578,our-mutual-friend
Miss Abbey Potterson,Lizzie,4578,our-mutual-friend
Miss Abbey Potterson,Miss Abbey,4578,our-mutual-friend
Miss Abbey Potterson,Miss Abbey,4578,our-mutual-friend
Rogue Riderhood,Miss Abbey Potterson,4578,our-mutual-friend
Rogue Riderhood,Lizzie,4578,our-mutual-friend
Rogue Riderhood,Lizzie,4578,our-mutual-friend
Rogue Riderhood,Lizzie,4578,our-mutual-friend
Rogue Riderhood,Miss Abbey,4578,our-mutual-friend
Rogue Riderhood,Miss Abbey,4578,our-mutual-friend
Lizzie,Miss Abbey Potterson,4578,our-mutual-friend
Lizzie,Rogue Riderhood,4578,our-mutual-friend
Lizzie,Miss Abbey,4578,our-mutual-friend
Lizzie,Miss Abbey,4578,our-mutual-friend
Lizzie,Miss Abbey Potterson,4578,our-mutual-friend
Lizzie,Rogue Riderhood,4578,our-mutual-friend
Lizzie,Miss Abbey,4578,our-mutual-friend
Lizzie,Miss Abbey,4578,our-mutual-friend
Lizzie,Miss Abbey Potterson,4578,our-mutual-friend
Lizzie,Rogue Riderhood,4578,our-mutual-friend
Lizzie,Miss Abbey,4578,our-mutual-friend
Lizzie,Miss Abbey,4578,our-mutual-friend
Miss Abbey,Miss Abbey Potterson,4578,our-mutual-friend
Miss Abbey,Rogue Riderhood,4578,our-mutual-friend
Miss Abbey,Lizzie,4578,our-mutual-friend
Miss Abbey,Lizzie,4578,our-mutual-friend
Miss Abbey,Lizzie,4578,our-mutual-friend
Miss Abbey,Miss Abbey Potterson,4578,our-mutual-friend
Miss Abbey,Rogue Riderhood,4578,our-mutual-friend
Miss Abbey,Lizzie,4578,our-mutual-friend
Miss Abbey,Lizzie,4578,our-mutual-friend
Miss Abbey,Lizzie,4578,our-mutual-friend
Miss,Abbey,4580,our-mutual-friend
Miss,Bob Gliddery,4580,our-mutual-friend
Abbey,Miss,4580,our-mutual-friend
Abbey,Bob Gliddery,4580,our-mutual-friend
Bob Gliddery,Miss,4580,our-mutual-friend
Bob Gliddery,Abbey,4580,our-mutual-friend
Miss Abbey,Hang,4583,our-mutual-friend
Hang,Miss Abbey,4583,our-mutual-friend
Miss Abbey,Bob,4584,our-mutual-friend
Bob,Miss Abbey,4584,our-mutual-friend
Gallows Bay,Hold,4591,our-mutual-friend
Gallows Bay,Haul,4591,our-mutual-friend
Hold,Gallows Bay,4591,our-mutual-friend
Hold,Haul,4591,our-mutual-friend
Haul,Gallows Bay,4591,our-mutual-friend
Haul,Hold,4591,our-mutual-friend
Tom Tootle,Abbey,4593,our-mutual-friend
Abbey,Tom Tootle,4593,our-mutual-friend
Riah,Miss Jenny,4605,our-mutual-friend
Miss Jenny,Riah,4605,our-mutual-friend
Miss Abbey,Bob,4606,our-mutual-friend
Bob,Miss Abbey,4606,our-mutual-friend
Miss,Abbey,4613,our-mutual-friend
Abbey,Miss,4613,our-mutual-friend
Riderhood,Miss Abbey,4617,our-mutual-friend
Miss Abbey,Riderhood,4617,our-mutual-friend
Tom Tootle,Tom,4620,our-mutual-friend
Tom,Tom Tootle,4620,our-mutual-friend
Captain Joey,Miss Abbey,4621,our-mutual-friend
Miss Abbey,Captain Joey,4621,our-mutual-friend
Tom,Bob Glamour,4622,our-mutual-friend
Tom,William Williams,4622,our-mutual-friend
Tom,Miss Abbey,4622,our-mutual-friend
Tom,Miss Jenny Wren,4622,our-mutual-friend
Bob Glamour,Tom,4622,our-mutual-friend
Bob Glamour,William Williams,4622,our-mutual-friend
Bob Glamour,Miss Abbey,4622,our-mutual-friend
Bob Glamour,Miss Jenny Wren,4622,our-mutual-friend
William Williams,Tom,4622,our-mutual-friend
William Williams,Bob Glamour,4622,our-mutual-friend
William Williams,Miss Abbey,4622,our-mutual-friend
William Williams,Miss Jenny Wren,4622,our-mutual-friend
Miss Abbey,Tom,4622,our-mutual-friend
Miss Abbey,Bob Glamour,4622,our-mutual-friend
Miss Abbey,William Williams,4622,our-mutual-friend
Miss Abbey,Miss Jenny Wren,4622,our-mutual-friend
Miss Jenny Wren,Tom,4622,our-mutual-friend
Miss Jenny Wren,Bob Glamour,4622,our-mutual-friend
Miss Jenny Wren,William Williams,4622,our-mutual-friend
Miss Jenny Wren,Miss Abbey,4622,our-mutual-friend
Rogue,Nay,4623,our-mutual-friend
Nay,Rogue,4623,our-mutual-friend
Bob,Miss Abbey,4633,our-mutual-friend
Miss Abbey,Bob,4633,our-mutual-friend
Tom,Bob Glamour,4641,our-mutual-friend
Tom,William Williams,4641,our-mutual-friend
Tom,Jonathan,4641,our-mutual-friend
Tom,Bob Glamour,4641,our-mutual-friend
Tom,Jonathan,4641,our-mutual-friend
Bob Glamour,Tom,4641,our-mutual-friend
Bob Glamour,William Williams,4641,our-mutual-friend
Bob Glamour,Jonathan,4641,our-mutual-friend
Bob Glamour,Jonathan,4641,our-mutual-friend
William Williams,Tom,4641,our-mutual-friend
William Williams,Bob Glamour,4641,our-mutual-friend
William Williams,Jonathan,4641,our-mutual-friend
William Williams,Bob Glamour,4641,our-mutual-friend
William Williams,Jonathan,4641,our-mutual-friend
Jonathan,Tom,4641,our-mutual-friend
Jonathan,Bob Glamour,4641,our-mutual-friend
Jonathan,William Williams,4641,our-mutual-friend
Jonathan,Bob Glamour,4641,our-mutual-friend
Bob Glamour,Tom,4641,our-mutual-friend
Bob Glamour,William Williams,4641,our-mutual-friend
Bob Glamour,Jonathan,4641,our-mutual-friend
Bob Glamour,Jonathan,4641,our-mutual-friend
Jonathan,Tom,4641,our-mutual-friend
Jonathan,Bob Glamour,4641,our-mutual-friend
Jonathan,William Williams,4641,our-mutual-friend
Jonathan,Bob Glamour,4641,our-mutual-friend
Bob,Cause Miss Abbey,4658,our-mutual-friend
Bob,Which,4658,our-mutual-friend
Cause Miss Abbey,Bob,4658,our-mutual-friend
Cause Miss Abbey,Which,4658,our-mutual-friend
Which,Bob,4658,our-mutual-friend
Which,Cause Miss Abbey,4658,our-mutual-friend
Hold,Death,4676,our-mutual-friend
Death,Hold,4676,our-mutual-friend
Mrs Wilfer,Mrs Lammle,4680,our-mutual-friend
Mrs Lammle,Mrs Wilfer,4680,our-mutual-friend
Mrs Lammle,Mrs Wilfer,4680,our-mutual-friend
Mrs Wilfer,Mrs Lammle,4680,our-mutual-friend
Ma,Pa,4682,our-mutual-friend
Pa,Ma,4682,our-mutual-friend
Bella,George,4683,our-mutual-friend
Bella,Mrs Wilfer,4683,our-mutual-friend
Bella,George,4683,our-mutual-friend
Bella,Mrs Wilfer,4683,our-mutual-friend
George,Bella,4683,our-mutual-friend
George,Bella,4683,our-mutual-friend
George,Mrs Wilfer,4683,our-mutual-friend
Mrs Wilfer,Bella,4683,our-mutual-friend
Mrs Wilfer,Bella,4683,our-mutual-friend
Mrs Wilfer,George,4683,our-mutual-friend
Boffin,Mrs Wilfer,4685,our-mutual-friend
Mrs Wilfer,Boffin,4685,our-mutual-friend
Ma,Lavvy,4689,our-mutual-friend
Lavvy,Ma,4689,our-mutual-friend
Bella,Having,4693,our-mutual-friend
Having,Bella,4693,our-mutual-friend
Bella,Lavvy,4694,our-mutual-friend
Bella,Cook,4694,our-mutual-friend
Lavvy,Bella,4694,our-mutual-friend
Lavvy,Cook,4694,our-mutual-friend
Cook,Bella,4694,our-mutual-friend
Cook,Lavvy,4694,our-mutual-friend
Lavvy,Ma,4709,our-mutual-friend
Lavvy,Ma,4709,our-mutual-friend
Ma,Lavvy,4709,our-mutual-friend
Ma,Lavvy,4709,our-mutual-friend
Mrs Wilfer,Me,4710,our-mutual-friend
Me,Mrs Wilfer,4710,our-mutual-friend
Wilfer,George Sampson,4716,our-mutual-friend
Wilfer,Lavinia,4716,our-mutual-friend
George Sampson,Wilfer,4716,our-mutual-friend
George Sampson,Lavinia,4716,our-mutual-friend
Lavinia,Wilfer,4716,our-mutual-friend
Lavinia,George Sampson,4716,our-mutual-friend
Mrs Wilfer,George Sampson,4717,our-mutual-friend
Mrs Wilfer,Wilfer,4717,our-mutual-friend
George Sampson,Mrs Wilfer,4717,our-mutual-friend
George Sampson,Wilfer,4717,our-mutual-friend
Wilfer,Mrs Wilfer,4717,our-mutual-friend
Wilfer,George Sampson,4717,our-mutual-friend
Sampson,Miss Bella,4718,our-mutual-friend
Miss Bella,Sampson,4718,our-mutual-friend
Miss Lavinia,Sampson,4719,our-mutual-friend
Sampson,Miss Lavinia,4719,our-mutual-friend
Mrs Wilfer,Papa,4748,our-mutual-friend
Mrs Wilfer,Mamma,4748,our-mutual-friend
Mrs Wilfer,Papa,4748,our-mutual-friend
Mrs Wilfer,Mamma,4748,our-mutual-friend
Papa,Mrs Wilfer,4748,our-mutual-friend
Papa,Mamma,4748,our-mutual-friend
Papa,Mamma,4748,our-mutual-friend
Mamma,Mrs Wilfer,4748,our-mutual-friend
Mamma,Papa,4748,our-mutual-friend
Mamma,Papa,4748,our-mutual-friend
Papa,Mrs Wilfer,4748,our-mutual-friend
Papa,Mamma,4748,our-mutual-friend
Papa,Mamma,4748,our-mutual-friend
Mamma,Mrs Wilfer,4748,our-mutual-friend
Mamma,Papa,4748,our-mutual-friend
Mamma,Papa,4748,our-mutual-friend
Mrs Wilfer,George Sampson,4750,our-mutual-friend
Mrs Wilfer,Papa,4750,our-mutual-friend
Mrs Wilfer,Sampson,4750,our-mutual-friend
Mrs Wilfer,Sampson,4750,our-mutual-friend
Mrs Wilfer,Sampson,4750,our-mutual-friend
Mrs Wilfer,Sampson,4750,our-mutual-friend
George Sampson,Mrs Wilfer,4750,our-mutual-friend
George Sampson,Mrs Wilfer,4750,our-mutual-friend
George Sampson,Papa,4750,our-mutual-friend
George Sampson,Sampson,4750,our-mutual-friend
George Sampson,Sampson,4750,our-mutual-friend
George Sampson,Sampson,4750,our-mutual-friend
George Sampson,Sampson,4750,our-mutual-friend
George Sampson,Mrs Wilfer,4750,our-mutual-friend
Mrs Wilfer,George Sampson,4750,our-mutual-friend
Mrs Wilfer,Papa,4750,our-mutual-friend
Mrs Wilfer,Sampson,4750,our-mutual-friend
Mrs Wilfer,Sampson,4750,our-mutual-friend
Mrs Wilfer,Sampson,4750,our-mutual-friend
Mrs Wilfer,Sampson,4750,our-mutual-friend
Papa,Mrs Wilfer,4750,our-mutual-friend
Papa,George Sampson,4750,our-mutual-friend
Papa,Mrs Wilfer,4750,our-mutual-friend
Papa,Sampson,4750,our-mutual-friend
Papa,Sampson,4750,our-mutual-friend
Papa,Sampson,4750,our-mutual-friend
Papa,Sampson,4750,our-mutual-friend
Papa,Mrs Wilfer,4750,our-mutual-friend
Sampson,Mrs Wilfer,4750,our-mutual-friend
Sampson,George Sampson,4750,our-mutual-friend
Sampson,Mrs Wilfer,4750,our-mutual-friend
Sampson,Papa,4750,our-mutual-friend
Sampson,Mrs Wilfer,4750,our-mutual-friend
Sampson,Mrs Wilfer,4750,our-mutual-friend
Sampson,George Sampson,4750,our-mutual-friend
Sampson,Mrs Wilfer,4750,our-mutual-friend
Sampson,Papa,4750,our-mutual-friend
Sampson,Mrs Wilfer,4750,our-mutual-friend
Sampson,Mrs Wilfer,4750,our-mutual-friend
Sampson,George Sampson,4750,our-mutual-friend
Sampson,Mrs Wilfer,4750,our-mutual-friend
Sampson,Papa,4750,our-mutual-friend
Sampson,Mrs Wilfer,4750,our-mutual-friend
Sampson,Mrs Wilfer,4750,our-mutual-friend
Sampson,George Sampson,4750,our-mutual-friend
Sampson,Mrs Wilfer,4750,our-mutual-friend
Sampson,Papa,4750,our-mutual-friend
Sampson,Mrs Wilfer,4750,our-mutual-friend
Mrs Wilfer,George Sampson,4750,our-mutual-friend
Mrs Wilfer,Papa,4750,our-mutual-friend
Mrs Wilfer,Sampson,4750,our-mutual-friend
Mrs Wilfer,Sampson,4750,our-mutual-friend
Mrs Wilfer,Sampson,4750,our-mutual-friend
Mrs Wilfer,Sampson,4750,our-mutual-friend
Sampson,Wilfer,4751,our-mutual-friend
Wilfer,Sampson,4751,our-mutual-friend
Sampson,Wilfer,4752,our-mutual-friend
Sampson,Bella,4752,our-mutual-friend
Sampson,Bella,4752,our-mutual-friend
Sampson,Wilfer,4752,our-mutual-friend
Wilfer,Sampson,4752,our-mutual-friend
Wilfer,Bella,4752,our-mutual-friend
Wilfer,Bella,4752,our-mutual-friend
Bella,Sampson,4752,our-mutual-friend
Bella,Wilfer,4752,our-mutual-friend
Bella,Wilfer,4752,our-mutual-friend
Bella,Sampson,4752,our-mutual-friend
Bella,Wilfer,4752,our-mutual-friend
Bella,Wilfer,4752,our-mutual-friend
Wilfer,Sampson,4752,our-mutual-friend
Wilfer,Bella,4752,our-mutual-friend
Wilfer,Bella,4752,our-mutual-friend
Bella,Serious,4765,our-mutual-friend
Serious,Bella,4765,our-mutual-friend
No,Bella,4773,our-mutual-friend
Bella,No,4773,our-mutual-friend
Don,Bella,4787,our-mutual-friend
Bella,Don,4787,our-mutual-friend
Bella,Boffin,4809,our-mutual-friend
Bella,Far,4809,our-mutual-friend
Bella,Boffin,4809,our-mutual-friend
Bella,Silas Wegg,4809,our-mutual-friend
Bella,Boffin,4809,our-mutual-friend
Boffin,Bella,4809,our-mutual-friend
Boffin,Far,4809,our-mutual-friend
Boffin,Silas Wegg,4809,our-mutual-friend
Far,Bella,4809,our-mutual-friend
Far,Boffin,4809,our-mutual-friend
Far,Boffin,4809,our-mutual-friend
Far,Silas Wegg,4809,our-mutual-friend
Far,Boffin,4809,our-mutual-friend
Boffin,Bella,4809,our-mutual-friend
Boffin,Far,4809,our-mutual-friend
Boffin,Silas Wegg,4809,our-mutual-friend
Silas Wegg,Bella,4809,our-mutual-friend
Silas Wegg,Boffin,4809,our-mutual-friend
Silas Wegg,Far,4809,our-mutual-friend
Silas Wegg,Boffin,4809,our-mutual-friend
Silas Wegg,Boffin,4809,our-mutual-friend
Boffin,Bella,4809,our-mutual-friend
Boffin,Far,4809,our-mutual-friend
Boffin,Silas Wegg,4809,our-mutual-friend
Mrs Boffin,Bella,4810,our-mutual-friend
Mrs Boffin,Boffin,4810,our-mutual-friend
Bella,Mrs Boffin,4810,our-mutual-friend
Bella,Boffin,4810,our-mutual-friend
Boffin,Mrs Boffin,4810,our-mutual-friend
Boffin,Bella,4810,our-mutual-friend
Boffin,Bella,4813,our-mutual-friend
Boffin,Mrs Boffin,4813,our-mutual-friend
Bella,Boffin,4813,our-mutual-friend
Bella,Mrs Boffin,4813,our-mutual-friend
Bella,Boffin,4813,our-mutual-friend
Mrs Boffin,Boffin,4813,our-mutual-friend
Mrs Boffin,Bella,4813,our-mutual-friend
Mrs Boffin,Boffin,4813,our-mutual-friend
Boffin,Bella,4813,our-mutual-friend
Boffin,Mrs Boffin,4813,our-mutual-friend
Rokesmith,Bella,4814,our-mutual-friend
Bella,Rokesmith,4814,our-mutual-friend
Boffin,Rokesmith,4826,our-mutual-friend
Rokesmith,Boffin,4826,our-mutual-friend
Mrs Boffin,Bella,4837,our-mutual-friend
Bella,Mrs Boffin,4837,our-mutual-friend
Noddy,Mrs Boffin,4838,our-mutual-friend
Mrs Boffin,Noddy,4838,our-mutual-friend
Noddy,Haven,4840,our-mutual-friend
Haven,Noddy,4840,our-mutual-friend
Mrs Boffin,Noddy,4846,our-mutual-friend
Mrs Boffin,John Harmon,4846,our-mutual-friend
Noddy,Mrs Boffin,4846,our-mutual-friend
Noddy,John Harmon,4846,our-mutual-friend
John Harmon,Mrs Boffin,4846,our-mutual-friend
John Harmon,Noddy,4846,our-mutual-friend
Hows,Miss Bella,4851,our-mutual-friend
Miss Bella,Hows,4851,our-mutual-friend
Mrs Boffin,Noddy,4859,our-mutual-friend
Noddy,Mrs Boffin,4859,our-mutual-friend
Bella,Somehow,4863,our-mutual-friend
Bella,Boffin,4863,our-mutual-friend
Bella,Good Night,4863,our-mutual-friend
Bella,Don,4863,our-mutual-friend
Somehow,Bella,4863,our-mutual-friend
Somehow,Boffin,4863,our-mutual-friend
Somehow,Good Night,4863,our-mutual-friend
Somehow,Don,4863,our-mutual-friend
Somehow,Bella,4863,our-mutual-friend
Boffin,Bella,4863,our-mutual-friend
Boffin,Somehow,4863,our-mutual-friend
Boffin,Good Night,4863,our-mutual-friend
Boffin,Don,4863,our-mutual-friend
Boffin,Bella,4863,our-mutual-friend
Good Night,Bella,4863,our-mutual-friend
Good Night,Somehow,4863,our-mutual-friend
Good Night,Boffin,4863,our-mutual-friend
Good Night,Don,4863,our-mutual-friend
Good Night,Bella,4863,our-mutual-friend
Don,Bella,4863,our-mutual-friend
Don,Somehow,4863,our-mutual-friend
Don,Boffin,4863,our-mutual-friend
Don,Good Night,4863,our-mutual-friend
Don,Bella,4863,our-mutual-friend
Bella,Somehow,4863,our-mutual-friend
Bella,Boffin,4863,our-mutual-friend
Bella,Good Night,4863,our-mutual-friend
Bella,Don,4863,our-mutual-friend
Mrs Boffin,Bella,4865,our-mutual-friend
Mrs Boffin,Boffin,4865,our-mutual-friend
Bella,Mrs Boffin,4865,our-mutual-friend
Bella,Boffin,4865,our-mutual-friend
Boffin,Mrs Boffin,4865,our-mutual-friend
Boffin,Bella,4865,our-mutual-friend
Boffin,Size,4868,our-mutual-friend
Size,Boffin,4868,our-mutual-friend
Size,Boffin,4868,our-mutual-friend
Boffin,Size,4868,our-mutual-friend
Bella,Don Quixote,4869,our-mutual-friend
Bella,Mrs Boffin,4869,our-mutual-friend
Bella,Boffin,4869,our-mutual-friend
Bella,Don Quixote,4869,our-mutual-friend
Bella,Mrs Boffin,4869,our-mutual-friend
Bella,Boffin,4869,our-mutual-friend
Bella,Don Quixote,4869,our-mutual-friend
Bella,Mrs Boffin,4869,our-mutual-friend
Bella,Boffin,4869,our-mutual-friend
Don Quixote,Bella,4869,our-mutual-friend
Don Quixote,Bella,4869,our-mutual-friend
Don Quixote,Bella,4869,our-mutual-friend
Don Quixote,Mrs Boffin,4869,our-mutual-friend
Don Quixote,Bella,4869,our-mutual-friend
Don Quixote,Boffin,4869,our-mutual-friend
Mrs Boffin,Bella,4869,our-mutual-friend
Mrs Boffin,Bella,4869,our-mutual-friend
Mrs Boffin,Bella,4869,our-mutual-friend
Mrs Boffin,Don Quixote,4869,our-mutual-friend
Mrs Boffin,Bella,4869,our-mutual-friend
Mrs Boffin,Boffin,4869,our-mutual-friend
Bella,Don Quixote,4869,our-mutual-friend
Bella,Mrs Boffin,4869,our-mutual-friend
Bella,Boffin,4869,our-mutual-friend
Boffin,Bella,4869,our-mutual-friend
Boffin,Bella,4869,our-mutual-friend
Boffin,Bella,4869,our-mutual-friend
Boffin,Don Quixote,4869,our-mutual-friend
Boffin,Mrs Boffin,4869,our-mutual-friend
Boffin,Bella,4869,our-mutual-friend
Mrs Lammle,Bella,4870,our-mutual-friend
Bella,Mrs Lammle,4870,our-mutual-friend
Bella,Mrs Lammle,4870,our-mutual-friend
Mrs Lammle,Bella,4870,our-mutual-friend
Mrs Boffin,Bella,4871,our-mutual-friend
Mrs Boffin,Howbeit,4871,our-mutual-friend
Mrs Boffin,Mrs Lammle,4871,our-mutual-friend
Mrs Boffin,Lor,4871,our-mutual-friend
Bella,Mrs Boffin,4871,our-mutual-friend
Bella,Howbeit,4871,our-mutual-friend
Bella,Mrs Lammle,4871,our-mutual-friend
Bella,Lor,4871,our-mutual-friend
Howbeit,Mrs Boffin,4871,our-mutual-friend
Howbeit,Bella,4871,our-mutual-friend
Howbeit,Mrs Lammle,4871,our-mutual-friend
Howbeit,Lor,4871,our-mutual-friend
Mrs Lammle,Mrs Boffin,4871,our-mutual-friend
Mrs Lammle,Bella,4871,our-mutual-friend
Mrs Lammle,Howbeit,4871,our-mutual-friend
Mrs Lammle,Lor,4871,our-mutual-friend
Lor,Mrs Boffin,4871,our-mutual-friend
Lor,Bella,4871,our-mutual-friend
Lor,Howbeit,4871,our-mutual-friend
Lor,Mrs Lammle,4871,our-mutual-friend
Bella Wilfer,Georgiana Podsnap,4872,our-mutual-friend
Bella Wilfer,Bella,4872,our-mutual-friend
Bella Wilfer,Alfred,4872,our-mutual-friend
Georgiana Podsnap,Bella Wilfer,4872,our-mutual-friend
Georgiana Podsnap,Bella,4872,our-mutual-friend
Georgiana Podsnap,Alfred,4872,our-mutual-friend
Bella,Bella Wilfer,4872,our-mutual-friend
Bella,Georgiana Podsnap,4872,our-mutual-friend
Bella,Alfred,4872,our-mutual-friend
Alfred,Bella Wilfer,4872,our-mutual-friend
Alfred,Georgiana Podsnap,4872,our-mutual-friend
Alfred,Bella,4872,our-mutual-friend
Lammle,Alfred,4873,our-mutual-friend
Lammle,Mrs Lammle,4873,our-mutual-friend
Lammle,Alfred,4873,our-mutual-friend
Lammle,Mrs Lammle,4873,our-mutual-friend
Alfred,Lammle,4873,our-mutual-friend
Alfred,Lammle,4873,our-mutual-friend
Alfred,Mrs Lammle,4873,our-mutual-friend
Mrs Lammle,Lammle,4873,our-mutual-friend
Mrs Lammle,Lammle,4873,our-mutual-friend
Mrs Lammle,Alfred,4873,our-mutual-friend
Mrs Lammle,Boffin,4878,our-mutual-friend
Mrs Lammle,Mrs Boffin,4878,our-mutual-friend
Boffin,Mrs Lammle,4878,our-mutual-friend
Boffin,Mrs Boffin,4878,our-mutual-friend
Mrs Boffin,Mrs Lammle,4878,our-mutual-friend
Mrs Boffin,Boffin,4878,our-mutual-friend
Mrs Lammle,Bella,4884,our-mutual-friend
Bella,Mrs Lammle,4884,our-mutual-friend
Brave,Mrs Lammle,4887,our-mutual-friend
Mrs Lammle,Brave,4887,our-mutual-friend
Don,Bella,4891,our-mutual-friend
Bella,Don,4891,our-mutual-friend
Sophronia,Bella,4906,our-mutual-friend
Sophronia,Bella,4906,our-mutual-friend
Sophronia,Bella,4906,our-mutual-friend
Bella,Sophronia,4906,our-mutual-friend
Bella,Sophronia,4906,our-mutual-friend
Bella,Sophronia,4906,our-mutual-friend
Rokesmith,Mrs Boffin,4908,our-mutual-friend
Rokesmith,Bella,4908,our-mutual-friend
Rokesmith,Boffin,4908,our-mutual-friend
Rokesmith,Boffin,4908,our-mutual-friend
Mrs Boffin,Rokesmith,4908,our-mutual-friend
Mrs Boffin,Bella,4908,our-mutual-friend
Mrs Boffin,Boffin,4908,our-mutual-friend
Mrs Boffin,Boffin,4908,our-mutual-friend
Bella,Rokesmith,4908,our-mutual-friend
Bella,Mrs Boffin,4908,our-mutual-friend
Bella,Boffin,4908,our-mutual-friend
Bella,Boffin,4908,our-mutual-friend
Boffin,Rokesmith,4908,our-mutual-friend
Boffin,Mrs Boffin,4908,our-mutual-friend
Boffin,Bella,4908,our-mutual-friend
Boffin,Rokesmith,4908,our-mutual-friend
Boffin,Mrs Boffin,4908,our-mutual-friend
Boffin,Bella,4908,our-mutual-friend
Bella,Boffin,4909,our-mutual-friend
Boffin,Bella,4909,our-mutual-friend
Boffin,Bella,4909,our-mutual-friend
Bella,Boffin,4909,our-mutual-friend
Bella,Mrs Boffin,4912,our-mutual-friend
Mrs Boffin,Bella,4912,our-mutual-friend
Don,Rokesmith,4931,our-mutual-friend
Rokesmith,Don,4931,our-mutual-friend
Boffin,Bella,4942,our-mutual-friend
Boffin,Mrs Boffin,4942,our-mutual-friend
Bella,Boffin,4942,our-mutual-friend
Bella,Mrs Boffin,4942,our-mutual-friend
Mrs Boffin,Boffin,4942,our-mutual-friend
Mrs Boffin,Bella,4942,our-mutual-friend
Recollect,Don,4951,our-mutual-friend
Recollect,Don,4951,our-mutual-friend
Recollect,Don,4951,our-mutual-friend
Don,Recollect,4951,our-mutual-friend
Don,Recollect,4951,our-mutual-friend
Don,Recollect,4951,our-mutual-friend
Silas Wegg,Wegg,4956,our-mutual-friend
Silas Wegg,Miss Elizabeth,4956,our-mutual-friend
Silas Wegg,Master George,4956,our-mutual-friend
Silas Wegg,Aunt Jane,4956,our-mutual-friend
Silas Wegg,Uncle Parker,4956,our-mutual-friend
Wegg,Silas Wegg,4956,our-mutual-friend
Wegg,Miss Elizabeth,4956,our-mutual-friend
Wegg,Master George,4956,our-mutual-friend
Wegg,Aunt Jane,4956,our-mutual-friend
Wegg,Uncle Parker,4956,our-mutual-friend
Miss Elizabeth,Silas Wegg,4956,our-mutual-friend
Miss Elizabeth,Wegg,4956,our-mutual-friend
Miss Elizabeth,Master George,4956,our-mutual-friend
Miss Elizabeth,Aunt Jane,4956,our-mutual-friend
Miss Elizabeth,Uncle Parker,4956,our-mutual-friend
Master George,Silas Wegg,4956,our-mutual-friend
Master George,Wegg,4956,our-mutual-friend
Master George,Miss Elizabeth,4956,our-mutual-friend
Master George,Aunt Jane,4956,our-mutual-friend
Master George,Uncle Parker,4956,our-mutual-friend
Aunt Jane,Silas Wegg,4956,our-mutual-friend
Aunt Jane,Wegg,4956,our-mutual-friend
Aunt Jane,Miss Elizabeth,4956,our-mutual-friend
Aunt Jane,Master George,4956,our-mutual-friend
Aunt Jane,Uncle Parker,4956,our-mutual-friend
Uncle Parker,Silas Wegg,4956,our-mutual-friend
Uncle Parker,Wegg,4956,our-mutual-friend
Uncle Parker,Miss Elizabeth,4956,our-mutual-friend
Uncle Parker,Master George,4956,our-mutual-friend
Uncle Parker,Aunt Jane,4956,our-mutual-friend
Rollin,Boffin,4957,our-mutual-friend
Rollin,Plutarch,4957,our-mutual-friend
Rollin,Plutarch,4957,our-mutual-friend
Rollin,Boffin,4957,our-mutual-friend
Boffin,Rollin,4957,our-mutual-friend
Boffin,Plutarch,4957,our-mutual-friend
Boffin,Plutarch,4957,our-mutual-friend
Plutarch,Rollin,4957,our-mutual-friend
Plutarch,Boffin,4957,our-mutual-friend
Plutarch,Boffin,4957,our-mutual-friend
Plutarch,Rollin,4957,our-mutual-friend
Plutarch,Boffin,4957,our-mutual-friend
Plutarch,Boffin,4957,our-mutual-friend
Boffin,Rollin,4957,our-mutual-friend
Boffin,Plutarch,4957,our-mutual-friend
Boffin,Plutarch,4957,our-mutual-friend
Silas Wegg,Wegg,4958,our-mutual-friend
Wegg,Silas Wegg,4958,our-mutual-friend
Wegg,Sir,4976,our-mutual-friend
Sir,Wegg,4976,our-mutual-friend
Venus,Isn,4985,our-mutual-friend
Isn,Venus,4985,our-mutual-friend
Boffin,Halloa,4990,our-mutual-friend
Halloa,Boffin,4990,our-mutual-friend
Wegg,Halloa,4991,our-mutual-friend
Halloa,Wegg,4991,our-mutual-friend
Kirby,Wonderful Museum,4994,our-mutual-friend
Kirby,Caulfield,4994,our-mutual-friend
Kirby,Wilson,4994,our-mutual-friend
Kirby,Wegg,4994,our-mutual-friend
Kirby,Catch,4994,our-mutual-friend
Kirby,Wegg,4994,our-mutual-friend
Wonderful Museum,Kirby,4994,our-mutual-friend
Wonderful Museum,Caulfield,4994,our-mutual-friend
Wonderful Museum,Wilson,4994,our-mutual-friend
Wonderful Museum,Wegg,4994,our-mutual-friend
Wonderful Museum,Catch,4994,our-mutual-friend
Wonderful Museum,Wegg,4994,our-mutual-friend
Caulfield,Kirby,4994,our-mutual-friend
Caulfield,Wonderful Museum,4994,our-mutual-friend
Caulfield,Wilson,4994,our-mutual-friend
Caulfield,Wegg,4994,our-mutual-friend
Caulfield,Catch,4994,our-mutual-friend
Caulfield,Wegg,4994,our-mutual-friend
Wilson,Kirby,4994,our-mutual-friend
Wilson,Wonderful Museum,4994,our-mutual-friend
Wilson,Caulfield,4994,our-mutual-friend
Wilson,Wegg,4994,our-mutual-friend
Wilson,Catch,4994,our-mutual-friend
Wilson,Wegg,4994,our-mutual-friend
Wegg,Kirby,4994,our-mutual-friend
Wegg,Wonderful Museum,4994,our-mutual-friend
Wegg,Caulfield,4994,our-mutual-friend
Wegg,Wilson,4994,our-mutual-friend
Wegg,Catch,4994,our-mutual-friend
Catch,Kirby,4994,our-mutual-friend
Catch,Wonderful Museum,4994,our-mutual-friend
Catch,Caulfield,4994,our-mutual-friend
Catch,Wilson,4994,our-mutual-friend
Catch,Wegg,4994,our-mutual-friend
Catch,Wegg,4994,our-mutual-friend
Wegg,Kirby,4994,our-mutual-friend
Wegg,Wonderful Museum,4994,our-mutual-friend
Wegg,Caulfield,4994,our-mutual-friend
Wegg,Wilson,4994,our-mutual-friend
Wegg,Catch,4994,our-mutual-friend
Don,Him,4996,our-mutual-friend
Don,Wegg,4996,our-mutual-friend
Don,Jemmy Taylor,4996,our-mutual-friend
Don,Jemmy Wood,4996,our-mutual-friend
Him,Don,4996,our-mutual-friend
Him,Wegg,4996,our-mutual-friend
Him,Jemmy Taylor,4996,our-mutual-friend
Him,Jemmy Wood,4996,our-mutual-friend
Wegg,Don,4996,our-mutual-friend
Wegg,Him,4996,our-mutual-friend
Wegg,Jemmy Taylor,4996,our-mutual-friend
Wegg,Jemmy Wood,4996,our-mutual-friend
Jemmy Taylor,Don,4996,our-mutual-friend
Jemmy Taylor,Him,4996,our-mutual-friend
Jemmy Taylor,Wegg,4996,our-mutual-friend
Jemmy Taylor,Jemmy Wood,4996,our-mutual-friend
Jemmy Wood,Don,4996,our-mutual-friend
Jemmy Wood,Him,4996,our-mutual-friend
Jemmy Wood,Wegg,4996,our-mutual-friend
Jemmy Wood,Jemmy Taylor,4996,our-mutual-friend
Hem,Ahem,5015,our-mutual-friend
Ahem,Hem,5015,our-mutual-friend
Silas,Merryweather,5017,our-mutual-friend
Merryweather,Silas,5017,our-mutual-friend
Silas,John Overs,5019,our-mutual-friend
Silas,John Little,5019,our-mutual-friend
Silas,Dick Jarrel,5019,our-mutual-friend
Silas,John Elwes,5019,our-mutual-friend
Silas,Vulture Hopkins,5019,our-mutual-friend
Silas,Daniel Dancer,5019,our-mutual-friend
John Overs,Silas,5019,our-mutual-friend
John Overs,John Little,5019,our-mutual-friend
John Overs,Dick Jarrel,5019,our-mutual-friend
John Overs,John Elwes,5019,our-mutual-friend
John Overs,Vulture Hopkins,5019,our-mutual-friend
John Overs,Daniel Dancer,5019,our-mutual-friend
John Little,Silas,5019,our-mutual-friend
John Little,John Overs,5019,our-mutual-friend
John Little,Dick Jarrel,5019,our-mutual-friend
John Little,John Elwes,5019,our-mutual-friend
John Little,Vulture Hopkins,5019,our-mutual-friend
John Little,Daniel Dancer,5019,our-mutual-friend
Dick Jarrel,Silas,5019,our-mutual-friend
Dick Jarrel,John Overs,5019,our-mutual-friend
Dick Jarrel,John Little,5019,our-mutual-friend
Dick Jarrel,John Elwes,5019,our-mutual-friend
Dick Jarrel,Vulture Hopkins,5019,our-mutual-friend
Dick Jarrel,Daniel Dancer,5019,our-mutual-friend
John Elwes,Silas,5019,our-mutual-friend
John Elwes,John Overs,5019,our-mutual-friend
John Elwes,John Little,5019,our-mutual-friend
John Elwes,Dick Jarrel,5019,our-mutual-friend
John Elwes,Vulture Hopkins,5019,our-mutual-friend
John Elwes,Daniel Dancer,5019,our-mutual-friend
Vulture Hopkins,Silas,5019,our-mutual-friend
Vulture Hopkins,John Overs,5019,our-mutual-friend
Vulture Hopkins,John Little,5019,our-mutual-friend
Vulture Hopkins,Dick Jarrel,5019,our-mutual-friend
Vulture Hopkins,John Elwes,5019,our-mutual-friend
Vulture Hopkins,Daniel Dancer,5019,our-mutual-friend
Daniel Dancer,Silas,5019,our-mutual-friend
Daniel Dancer,John Overs,5019,our-mutual-friend
Daniel Dancer,John Little,5019,our-mutual-friend
Daniel Dancer,Dick Jarrel,5019,our-mutual-friend
Daniel Dancer,John Elwes,5019,our-mutual-friend
Daniel Dancer,Vulture Hopkins,5019,our-mutual-friend
Dancer,Wegg,5020,our-mutual-friend
Wegg,Dancer,5020,our-mutual-friend
Miss Dancer,Idea,5022,our-mutual-friend
Miss Dancer,Bob,5022,our-mutual-friend
Miss Dancer,Griffiths,5022,our-mutual-friend
Idea,Miss Dancer,5022,our-mutual-friend
Idea,Bob,5022,our-mutual-friend
Idea,Griffiths,5022,our-mutual-friend
Bob,Miss Dancer,5022,our-mutual-friend
Bob,Idea,5022,our-mutual-friend
Bob,Griffiths,5022,our-mutual-friend
Griffiths,Miss Dancer,5022,our-mutual-friend
Griffiths,Idea,5022,our-mutual-friend
Griffiths,Bob,5022,our-mutual-friend
Wegg,Miss Dancer,5027,our-mutual-friend
Wegg,Dancer,5027,our-mutual-friend
Miss Dancer,Wegg,5027,our-mutual-friend
Miss Dancer,Dancer,5027,our-mutual-friend
Dancer,Wegg,5027,our-mutual-friend
Dancer,Miss Dancer,5027,our-mutual-friend
Let,John,5043,our-mutual-friend
John,Let,5043,our-mutual-friend
Wilcocks,Wegg,5044,our-mutual-friend
Wegg,Wilcocks,5044,our-mutual-friend
Silas Wegg,Robert Baldwin,5071,our-mutual-friend
Robert Baldwin,Silas Wegg,5071,our-mutual-friend
Wegg,Venus,5072,our-mutual-friend
Venus,Wegg,5072,our-mutual-friend
Venus,Wegg,5072,our-mutual-friend
Wegg,Venus,5072,our-mutual-friend
Boffin,Wegg,5075,our-mutual-friend
Wegg,Boffin,5075,our-mutual-friend
Wegg,Venus,5078,our-mutual-friend
Wegg,Venus,5078,our-mutual-friend
Venus,Wegg,5078,our-mutual-friend
Venus,Wegg,5078,our-mutual-friend
Boffin,Silas Wegg,5099,our-mutual-friend
Boffin,Venus,5099,our-mutual-friend
Boffin,Dustman,5099,our-mutual-friend
Silas Wegg,Boffin,5099,our-mutual-friend
Silas Wegg,Venus,5099,our-mutual-friend
Silas Wegg,Dustman,5099,our-mutual-friend
Venus,Boffin,5099,our-mutual-friend
Venus,Silas Wegg,5099,our-mutual-friend
Venus,Dustman,5099,our-mutual-friend
Dustman,Boffin,5099,our-mutual-friend
Dustman,Silas Wegg,5099,our-mutual-friend
Dustman,Venus,5099,our-mutual-friend
Boffin,Venus,5108,our-mutual-friend
Venus,Boffin,5108,our-mutual-friend
Bile,Wegg,5111,our-mutual-friend
Wegg,Bile,5111,our-mutual-friend
Silas Wegg,Venus,5127,our-mutual-friend
Venus,Silas Wegg,5127,our-mutual-friend
Venus,Boffin,5133,our-mutual-friend
Boffin,Venus,5133,our-mutual-friend
Boffin,Wegg,5137,our-mutual-friend
Wegg,Boffin,5137,our-mutual-friend
Brother,Wegg,5138,our-mutual-friend
Wegg,Brother,5138,our-mutual-friend
Wegg,Miss Elizabeth,5140,our-mutual-friend
Wegg,Master George,5140,our-mutual-friend
Wegg,Aunt Jane,5140,our-mutual-friend
Wegg,Uncle Parker,5140,our-mutual-friend
Miss Elizabeth,Wegg,5140,our-mutual-friend
Miss Elizabeth,Master George,5140,our-mutual-friend
Miss Elizabeth,Aunt Jane,5140,our-mutual-friend
Miss Elizabeth,Uncle Parker,5140,our-mutual-friend
Master George,Wegg,5140,our-mutual-friend
Master George,Miss Elizabeth,5140,our-mutual-friend
Master George,Aunt Jane,5140,our-mutual-friend
Master George,Uncle Parker,5140,our-mutual-friend
Aunt Jane,Wegg,5140,our-mutual-friend
Aunt Jane,Miss Elizabeth,5140,our-mutual-friend
Aunt Jane,Master George,5140,our-mutual-friend
Aunt Jane,Uncle Parker,5140,our-mutual-friend
Uncle Parker,Wegg,5140,our-mutual-friend
Uncle Parker,Miss Elizabeth,5140,our-mutual-friend
Uncle Parker,Master George,5140,our-mutual-friend
Uncle Parker,Aunt Jane,5140,our-mutual-friend
Wegg,Venus,5143,our-mutual-friend
Venus,Wegg,5143,our-mutual-friend
Wegg,Boffin,5148,our-mutual-friend
Boffin,Wegg,5148,our-mutual-friend
Boffin,Wegg,5148,our-mutual-friend
Wegg,Boffin,5148,our-mutual-friend
Wegg,JOHN HARMON,5164,our-mutual-friend
JOHN HARMON,Wegg,5164,our-mutual-friend
Wegg,John Harmon,5168,our-mutual-friend
Wegg,Nicodemus Boffin,5168,our-mutual-friend
John Harmon,Wegg,5168,our-mutual-friend
John Harmon,Nicodemus Boffin,5168,our-mutual-friend
Nicodemus Boffin,Wegg,5168,our-mutual-friend
Nicodemus Boffin,John Harmon,5168,our-mutual-friend
Wegg,Brother,5170,our-mutual-friend
Brother,Wegg,5170,our-mutual-friend
Brother,Wegg,5170,our-mutual-friend
Wegg,Brother,5170,our-mutual-friend
Venus,Let,5174,our-mutual-friend
Let,Venus,5174,our-mutual-friend
Jealous,Wegg,5180,our-mutual-friend
Jealous,Venus,5180,our-mutual-friend
Wegg,Jealous,5180,our-mutual-friend
Wegg,Venus,5180,our-mutual-friend
Venus,Jealous,5180,our-mutual-friend
Venus,Wegg,5180,our-mutual-friend
Venus,Silas Wegg,5181,our-mutual-friend
Venus,Silas Wegg,5181,our-mutual-friend
Silas Wegg,Venus,5181,our-mutual-friend
Silas Wegg,Venus,5181,our-mutual-friend
Silas,Venus,5182,our-mutual-friend
Silas,Venus,5182,our-mutual-friend
Venus,Silas,5182,our-mutual-friend
Venus,Silas,5182,our-mutual-friend
Silas,Venus,5182,our-mutual-friend
Silas,Venus,5182,our-mutual-friend
Venus,Silas,5182,our-mutual-friend
Venus,Silas,5182,our-mutual-friend
Wegg,Venus,5184,our-mutual-friend
Venus,Wegg,5184,our-mutual-friend
Silas,Wegg,5201,our-mutual-friend
Silas,Venus,5201,our-mutual-friend
Wegg,Silas,5201,our-mutual-friend
Wegg,Venus,5201,our-mutual-friend
Venus,Silas,5201,our-mutual-friend
Venus,Wegg,5201,our-mutual-friend
Venus,Partner,5205,our-mutual-friend
Partner,Venus,5205,our-mutual-friend
Venus,Wegg,5207,our-mutual-friend
Wegg,Venus,5207,our-mutual-friend
Silas Wegg,Silas,5209,our-mutual-friend
Silas Wegg,Boffin,5209,our-mutual-friend
Silas,Silas Wegg,5209,our-mutual-friend
Silas,Boffin,5209,our-mutual-friend
Boffin,Silas Wegg,5209,our-mutual-friend
Boffin,Silas,5209,our-mutual-friend
Brother,Wegg,5211,our-mutual-friend
Wegg,Brother,5211,our-mutual-friend
Wegg,Home,5213,our-mutual-friend
Wegg,Sweet Home,5213,our-mutual-friend
Home,Wegg,5213,our-mutual-friend
Home,Sweet Home,5213,our-mutual-friend
Sweet Home,Wegg,5213,our-mutual-friend
Sweet Home,Home,5213,our-mutual-friend
Wegg,Woman,5219,our-mutual-friend
Woman,Wegg,5219,our-mutual-friend
Silas,Venus,5233,our-mutual-friend
Venus,Silas,5233,our-mutual-friend
Silas Wegg,Boffin,5234,our-mutual-friend
Boffin,Silas Wegg,5234,our-mutual-friend
Boffin,Silas Wegg,5234,our-mutual-friend
Silas Wegg,Boffin,5234,our-mutual-friend
Lady Dustwoman,Wegg,5238,our-mutual-friend
Wegg,Lady Dustwoman,5238,our-mutual-friend
Wegg,Dustman,5244,our-mutual-friend
Dustman,Wegg,5244,our-mutual-friend
Old,Betty Higden,5254,our-mutual-friend
Betty Higden,Old,5254,our-mutual-friend
Oftener,Death,5256,our-mutual-friend
Oftener,Betty Higden,5256,our-mutual-friend
Death,Oftener,5256,our-mutual-friend
Death,Betty Higden,5256,our-mutual-friend
Betty Higden,Oftener,5256,our-mutual-friend
Betty Higden,Death,5256,our-mutual-friend
Union House,Angel,5261,our-mutual-friend
Union House,Despair,5261,our-mutual-friend
Angel,Union House,5261,our-mutual-friend
Angel,Despair,5261,our-mutual-friend
Despair,Union House,5261,our-mutual-friend
Despair,Angel,5261,our-mutual-friend
Betty,Don,5275,our-mutual-friend
Don,Betty,5275,our-mutual-friend
Betty,Don,5277,our-mutual-friend
Don,Betty,5277,our-mutual-friend
Betty,Don,5279,our-mutual-friend
Don,Betty,5279,our-mutual-friend
Master,Betty Higden,5303,our-mutual-friend
Master,Betty Higden,5303,our-mutual-friend
Betty Higden,Master,5303,our-mutual-friend
Betty Higden,Master,5303,our-mutual-friend
George,Lock,5304,our-mutual-friend
Lock,George,5304,our-mutual-friend
Smoke,Betty Higden,5319,our-mutual-friend
Betty Higden,Smoke,5319,our-mutual-friend
Lizzie,Hexam,5368,our-mutual-friend
Hexam,Lizzie,5368,our-mutual-friend
Poor Law,Brother,5372,our-mutual-friend
Brother,Poor Law,5372,our-mutual-friend
John Rokesmith,Bella Wilfer,5375,our-mutual-friend
Bella Wilfer,John Rokesmith,5375,our-mutual-friend
Sloppy,Mrs Higden,5378,our-mutual-friend
Mrs Higden,Sloppy,5378,our-mutual-friend
Sloppy,Richer,5379,our-mutual-friend
Richer,Sloppy,5379,our-mutual-friend
Lizzie Hexam,Brought,5393,our-mutual-friend
Lizzie Hexam,John Harmon,5393,our-mutual-friend
Lizzie Hexam,Bella,5393,our-mutual-friend
Lizzie Hexam,Lizzie,5393,our-mutual-friend
Brought,Lizzie Hexam,5393,our-mutual-friend
Brought,John Harmon,5393,our-mutual-friend
Brought,Bella,5393,our-mutual-friend
Brought,Lizzie,5393,our-mutual-friend
Brought,Lizzie Hexam,5393,our-mutual-friend
John Harmon,Lizzie Hexam,5393,our-mutual-friend
John Harmon,Brought,5393,our-mutual-friend
John Harmon,Bella,5393,our-mutual-friend
John Harmon,Lizzie,5393,our-mutual-friend
John Harmon,Lizzie Hexam,5393,our-mutual-friend
Bella,Lizzie Hexam,5393,our-mutual-friend
Bella,Brought,5393,our-mutual-friend
Bella,John Harmon,5393,our-mutual-friend
Bella,Lizzie,5393,our-mutual-friend
Bella,Lizzie Hexam,5393,our-mutual-friend
Lizzie,Lizzie Hexam,5393,our-mutual-friend
Lizzie,Brought,5393,our-mutual-friend
Lizzie,John Harmon,5393,our-mutual-friend
Lizzie,Bella,5393,our-mutual-friend
Lizzie,Lizzie Hexam,5393,our-mutual-friend
Lizzie Hexam,Brought,5393,our-mutual-friend
Lizzie Hexam,John Harmon,5393,our-mutual-friend
Lizzie Hexam,Bella,5393,our-mutual-friend
Lizzie Hexam,Lizzie,5393,our-mutual-friend
Lizzie,Mrs Milvey,5394,our-mutual-friend
Lizzie,Bella,5394,our-mutual-friend
Mrs Milvey,Lizzie,5394,our-mutual-friend
Mrs Milvey,Bella,5394,our-mutual-friend
Mrs Milvey,Lizzie,5394,our-mutual-friend
Bella,Lizzie,5394,our-mutual-friend
Bella,Mrs Milvey,5394,our-mutual-friend
Bella,Lizzie,5394,our-mutual-friend
Lizzie,Mrs Milvey,5394,our-mutual-friend
Lizzie,Bella,5394,our-mutual-friend
Mrs Milvey,Bella,5400,our-mutual-friend
Mrs Milvey,Boffin,5400,our-mutual-friend
Mrs Milvey,Lizzie Hexam,5400,our-mutual-friend
Bella,Mrs Milvey,5400,our-mutual-friend
Bella,Boffin,5400,our-mutual-friend
Bella,Lizzie Hexam,5400,our-mutual-friend
Boffin,Mrs Milvey,5400,our-mutual-friend
Boffin,Bella,5400,our-mutual-friend
Boffin,Lizzie Hexam,5400,our-mutual-friend
Lizzie Hexam,Mrs Milvey,5400,our-mutual-friend
Lizzie Hexam,Bella,5400,our-mutual-friend
Lizzie Hexam,Boffin,5400,our-mutual-friend
Lizzie Hexam,So,5415,our-mutual-friend
So,Lizzie Hexam,5415,our-mutual-friend
Johnny,Lizzie Hexam,5469,our-mutual-friend
Johnny,Bella,5469,our-mutual-friend
Lizzie Hexam,Johnny,5469,our-mutual-friend
Lizzie Hexam,Bella,5469,our-mutual-friend
Bella,Johnny,5469,our-mutual-friend
Bella,Lizzie Hexam,5469,our-mutual-friend
Bella,Lizzie,5476,our-mutual-friend
Bella,Mrs Boffin,5476,our-mutual-friend
Lizzie,Bella,5476,our-mutual-friend
Lizzie,Mrs Boffin,5476,our-mutual-friend
Mrs Boffin,Bella,5476,our-mutual-friend
Mrs Boffin,Lizzie,5476,our-mutual-friend
Bella,Lizzie,5477,our-mutual-friend
Lizzie,Bella,5477,our-mutual-friend
Lizzie,Bella,5477,our-mutual-friend
Bella,Lizzie,5477,our-mutual-friend
Lizzie Hexam,Bella,5485,our-mutual-friend
Bella,Lizzie Hexam,5485,our-mutual-friend
Bella,Lavvy,5493,our-mutual-friend
Lavvy,Bella,5493,our-mutual-friend
Bella,Lizzie,5494,our-mutual-friend
Bella,Lizzie,5494,our-mutual-friend
Lizzie,Bella,5494,our-mutual-friend
Lizzie,Bella,5494,our-mutual-friend
Bella,George Sampson,5499,our-mutual-friend
George Sampson,Bella,5499,our-mutual-friend
Bella,Lizzie,5511,our-mutual-friend
Lizzie,Bella,5511,our-mutual-friend
Lizzie,Don,5520,our-mutual-friend
Lizzie,Don,5520,our-mutual-friend
Don,Lizzie,5520,our-mutual-friend
Don,Lizzie,5520,our-mutual-friend
Don,Wouldn,5526,our-mutual-friend
Wouldn,Don,5526,our-mutual-friend
Lizzie,Bella,5538,our-mutual-friend
Bella,Lizzie,5538,our-mutual-friend
Lizzie,Bella,5557,our-mutual-friend
Bella,Lizzie,5557,our-mutual-friend
Lizzie Hexam,Lizzie,5560,our-mutual-friend
Lizzie Hexam,Bella,5560,our-mutual-friend
Lizzie,Lizzie Hexam,5560,our-mutual-friend
Lizzie,Bella,5560,our-mutual-friend
Bella,Lizzie Hexam,5560,our-mutual-friend
Bella,Lizzie,5560,our-mutual-friend
Betty Higden,Mrs Frank,5561,our-mutual-friend
Betty Higden,Sloppy,5561,our-mutual-friend
Mrs Frank,Betty Higden,5561,our-mutual-friend
Mrs Frank,Sloppy,5561,our-mutual-friend
Sloppy,Betty Higden,5561,our-mutual-friend
Sloppy,Mrs Frank,5561,our-mutual-friend
Bella,Lizzie Hexam,5562,our-mutual-friend
Lizzie Hexam,Bella,5562,our-mutual-friend
Miss Wren,Eugene Wrayburn,5580,our-mutual-friend
Eugene Wrayburn,Miss Wren,5580,our-mutual-friend
Miss,Wren,5586,our-mutual-friend
Miss,Miss Wren,5586,our-mutual-friend
Wren,Miss,5586,our-mutual-friend
Wren,Miss Wren,5586,our-mutual-friend
Miss Wren,Miss,5586,our-mutual-friend
Miss Wren,Wren,5586,our-mutual-friend
Won,Pray,5596,our-mutual-friend
Pray,Won,5596,our-mutual-friend
Give,Miss Wren,5603,our-mutual-friend
Miss Wren,Give,5603,our-mutual-friend
Eugene,Jenny Wren,5607,our-mutual-friend
Jenny Wren,Eugene,5607,our-mutual-friend
Lightwood,Eugene,5610,our-mutual-friend
Eugene,Lightwood,5610,our-mutual-friend
Eugene,Aaron,5621,our-mutual-friend
Aaron,Eugene,5621,our-mutual-friend
Which,Eugene,5627,our-mutual-friend
Eugene,Which,5627,our-mutual-friend
Lightwood,Lizzie,5628,our-mutual-friend
Lizzie,Lightwood,5628,our-mutual-friend
Eugene,Wrayburn,5633,our-mutual-friend
Wrayburn,Eugene,5633,our-mutual-friend
Lizzie,Fair,5641,our-mutual-friend
Fair,Lizzie,5641,our-mutual-friend
Lightwood,Eugene,5642,our-mutual-friend
Eugene,Lightwood,5642,our-mutual-friend
Eugene,Lightwood,5645,our-mutual-friend
Lightwood,Eugene,5645,our-mutual-friend
Threepenn,Rum,5648,our-mutual-friend
Rum,Threepenn,5648,our-mutual-friend
Eugene,Lightwood,5652,our-mutual-friend
Lightwood,Eugene,5652,our-mutual-friend
Wrayburn,Don,5653,our-mutual-friend
Wrayburn,Dolls,5653,our-mutual-friend
Don,Wrayburn,5653,our-mutual-friend
Don,Dolls,5653,our-mutual-friend
Dolls,Wrayburn,5653,our-mutual-friend
Dolls,Don,5653,our-mutual-friend
Dolls,Threepenn,5656,our-mutual-friend
Threepenn,Dolls,5656,our-mutual-friend
Blown,Mint,5677,our-mutual-friend
Blown,Threepenn,5677,our-mutual-friend
Mint,Blown,5677,our-mutual-friend
Mint,Threepenn,5677,our-mutual-friend
Threepenn,Blown,5677,our-mutual-friend
Threepenn,Mint,5677,our-mutual-friend
Postman,Easy,5680,our-mutual-friend
Easy,Postman,5680,our-mutual-friend
Lightwood,Eugene,5682,our-mutual-friend
Lightwood,Fleet Street,5682,our-mutual-friend
Eugene,Lightwood,5682,our-mutual-friend
Eugene,Fleet Street,5682,our-mutual-friend
Fleet Street,Lightwood,5682,our-mutual-friend
Fleet Street,Eugene,5682,our-mutual-friend
Eugene,Don,5691,our-mutual-friend
Eugene,Patience,5691,our-mutual-friend
Don,Eugene,5691,our-mutual-friend
Don,Patience,5691,our-mutual-friend
Patience,Eugene,5691,our-mutual-friend
Patience,Don,5691,our-mutual-friend
How,Lightwood,5702,our-mutual-friend
Lightwood,How,5702,our-mutual-friend
Sooner,Night,5711,our-mutual-friend
Night,Sooner,5711,our-mutual-friend
Bravo,Eugene,5719,our-mutual-friend
Bravo,Yoicks,5719,our-mutual-friend
Bravo,Yoicks,5719,our-mutual-friend
Bravo,Hark Forward,5719,our-mutual-friend
Bravo,Tantivy,5719,our-mutual-friend
Eugene,Bravo,5719,our-mutual-friend
Eugene,Yoicks,5719,our-mutual-friend
Eugene,Yoicks,5719,our-mutual-friend
Eugene,Hark Forward,5719,our-mutual-friend
Eugene,Tantivy,5719,our-mutual-friend
Yoicks,Bravo,5719,our-mutual-friend
Yoicks,Eugene,5719,our-mutual-friend
Yoicks,Hark Forward,5719,our-mutual-friend
Yoicks,Tantivy,5719,our-mutual-friend
Yoicks,Bravo,5719,our-mutual-friend
Yoicks,Eugene,5719,our-mutual-friend
Yoicks,Hark Forward,5719,our-mutual-friend
Yoicks,Tantivy,5719,our-mutual-friend
Hark Forward,Bravo,5719,our-mutual-friend
Hark Forward,Eugene,5719,our-mutual-friend
Hark Forward,Yoicks,5719,our-mutual-friend
Hark Forward,Yoicks,5719,our-mutual-friend
Hark Forward,Tantivy,5719,our-mutual-friend
Tantivy,Bravo,5719,our-mutual-friend
Tantivy,Eugene,5719,our-mutual-friend
Tantivy,Yoicks,5719,our-mutual-friend
Tantivy,Yoicks,5719,our-mutual-friend
Tantivy,Hark Forward,5719,our-mutual-friend
Eugene,St Paul,5722,our-mutual-friend
Eugene,St Paul,5722,our-mutual-friend
St Paul,Eugene,5722,our-mutual-friend
St Paul,Eugene,5722,our-mutual-friend
St Paul,Eugene,5722,our-mutual-friend
Eugene,St Paul,5722,our-mutual-friend
Eugene,Merry England,5723,our-mutual-friend
Merry England,Eugene,5723,our-mutual-friend
Eugene,Lightwood,5728,our-mutual-friend
Lightwood,Eugene,5728,our-mutual-friend
Bradley Headstone,Eugene Wrayburn,5739,our-mutual-friend
Bradley Headstone,Bradley,5739,our-mutual-friend
Bradley Headstone,Peecher,5739,our-mutual-friend
Bradley Headstone,Miss Peecher,5739,our-mutual-friend
Eugene Wrayburn,Bradley Headstone,5739,our-mutual-friend
Eugene Wrayburn,Bradley,5739,our-mutual-friend
Eugene Wrayburn,Peecher,5739,our-mutual-friend
Eugene Wrayburn,Miss Peecher,5739,our-mutual-friend
Bradley,Bradley Headstone,5739,our-mutual-friend
Bradley,Eugene Wrayburn,5739,our-mutual-friend
Bradley,Peecher,5739,our-mutual-friend
Bradley,Miss Peecher,5739,our-mutual-friend
Peecher,Bradley Headstone,5739,our-mutual-friend
Peecher,Eugene Wrayburn,5739,our-mutual-friend
Peecher,Bradley,5739,our-mutual-friend
Peecher,Miss Peecher,5739,our-mutual-friend
Miss Peecher,Bradley Headstone,5739,our-mutual-friend
Miss Peecher,Eugene Wrayburn,5739,our-mutual-friend
Miss Peecher,Bradley,5739,our-mutual-friend
Miss Peecher,Peecher,5739,our-mutual-friend
Lightwood,Wrayburn,5742,our-mutual-friend
Lightwood,Bradley,5742,our-mutual-friend
Wrayburn,Lightwood,5742,our-mutual-friend
Wrayburn,Bradley,5742,our-mutual-friend
Bradley,Lightwood,5742,our-mutual-friend
Bradley,Wrayburn,5742,our-mutual-friend
Nat,Roger,5769,our-mutual-friend
Roger,Nat,5769,our-mutual-friend
Bradley,Lightwood,5770,our-mutual-friend
Lightwood,Bradley,5770,our-mutual-friend
Lawyer Lightwood,T,5780,our-mutual-friend
Lawyer Lightwood,T,5780,our-mutual-friend
T,Lawyer Lightwood,5780,our-mutual-friend
T,Lawyer Lightwood,5780,our-mutual-friend
Bradley,Headstone,5781,our-mutual-friend
Headstone,Bradley,5781,our-mutual-friend
Bradley,Rogue Riderhood,5787,our-mutual-friend
Bradley,George,5787,our-mutual-friend
Rogue Riderhood,Bradley,5787,our-mutual-friend
Rogue Riderhood,George,5787,our-mutual-friend
George,Bradley,5787,our-mutual-friend
George,Rogue Riderhood,5787,our-mutual-friend
Hyde Park Corner,Bradley Headstone,5788,our-mutual-friend
Hyde Park Corner,Lizzie,5788,our-mutual-friend
Bradley Headstone,Hyde Park Corner,5788,our-mutual-friend
Bradley Headstone,Lizzie,5788,our-mutual-friend
Lizzie,Hyde Park Corner,5788,our-mutual-friend
Lizzie,Bradley Headstone,5788,our-mutual-friend
T,Riderhood,5796,our-mutual-friend
Riderhood,T,5796,our-mutual-friend
Bradley,Riderhood,5799,our-mutual-friend
Riderhood,Bradley,5799,our-mutual-friend
George,Riderhood,5809,our-mutual-friend
Riderhood,George,5809,our-mutual-friend
T,Gaffer,5823,our-mutual-friend
Gaffer,T,5823,our-mutual-friend
Riderhood,George,5826,our-mutual-friend
George,Riderhood,5826,our-mutual-friend
Mrs Lammle,Lammle,5853,our-mutual-friend
Lammle,Mrs Lammle,5853,our-mutual-friend
Fledgeby,Lammle,5925,our-mutual-friend
Fledgeby,Riah,5925,our-mutual-friend
Lammle,Fledgeby,5925,our-mutual-friend
Lammle,Riah,5925,our-mutual-friend
Riah,Fledgeby,5925,our-mutual-friend
Riah,Lammle,5925,our-mutual-friend
Mrs Lammle,Dear Mr Fledgeby,5926,our-mutual-friend
Dear Mr Fledgeby,Mrs Lammle,5926,our-mutual-friend
Riah,Pubsey,5937,our-mutual-friend
Pubsey,Riah,5937,our-mutual-friend
Mrs Lammle,Pubsey,5938,our-mutual-friend
Pubsey,Mrs Lammle,5938,our-mutual-friend
Fledgeby,Riah,5944,our-mutual-friend
Riah,Fledgeby,5944,our-mutual-friend
Lammle,Alfred,5947,our-mutual-friend
Alfred,Lammle,5947,our-mutual-friend
Fledgeby,Mrs Lammle,5952,our-mutual-friend
Fledgeby,Lammle,5952,our-mutual-friend
Mrs Lammle,Fledgeby,5952,our-mutual-friend
Mrs Lammle,Lammle,5952,our-mutual-friend
Lammle,Fledgeby,5952,our-mutual-friend
Lammle,Mrs Lammle,5952,our-mutual-friend
Fledgeby,Riah,5954,our-mutual-friend
Riah,Fledgeby,5954,our-mutual-friend
Fledgeby,Jerusalem,5963,our-mutual-friend
Jerusalem,Fledgeby,5963,our-mutual-friend
Fledgeby,Toddle,5972,our-mutual-friend
Fledgeby,Judah,5972,our-mutual-friend
Toddle,Fledgeby,5972,our-mutual-friend
Toddle,Judah,5972,our-mutual-friend
Judah,Fledgeby,5972,our-mutual-friend
Judah,Toddle,5972,our-mutual-friend
Fledgeby,Haven,5979,our-mutual-friend
Haven,Fledgeby,5979,our-mutual-friend
Miss Wren,Which,5982,our-mutual-friend
Which,Miss Wren,5982,our-mutual-friend
Suppose,Miss Wren,5987,our-mutual-friend
Miss Wren,Suppose,5987,our-mutual-friend
Fledgeby,Miss Wren,5993,our-mutual-friend
Miss Wren,Fledgeby,5993,our-mutual-friend
Miss Wren,Fledgeby,5993,our-mutual-friend
Fledgeby,Miss Wren,5993,our-mutual-friend
Fledgeby,Twemlow,6006,our-mutual-friend
Fledgeby,Twemlow,6006,our-mutual-friend
Twemlow,Fledgeby,6006,our-mutual-friend
Twemlow,Fledgeby,6006,our-mutual-friend
Twemlow,Fledgeby,6006,our-mutual-friend
Twemlow,Fledgeby,6006,our-mutual-friend
Twemlow,Fledgeby,6006,our-mutual-friend
Twemlow,Fledgeby,6006,our-mutual-friend
Fledgeby,Twemlow,6006,our-mutual-friend
Fledgeby,Twemlow,6006,our-mutual-friend
Fledgeby,Twemlow,6006,our-mutual-friend
Fledgeby,Twemlow,6006,our-mutual-friend
Fledgeby,Riah,6020,our-mutual-friend
Fledgeby,Lammles,6020,our-mutual-friend
Riah,Fledgeby,6020,our-mutual-friend
Riah,Lammles,6020,our-mutual-friend
Lammles,Fledgeby,6020,our-mutual-friend
Lammles,Riah,6020,our-mutual-friend
Twemlow,Knight,6021,our-mutual-friend
Knight,Twemlow,6021,our-mutual-friend
Fledgeby,Riah,6030,our-mutual-friend
Riah,Fledgeby,6030,our-mutual-friend
Twemlow,Fledgeby,6032,our-mutual-friend
Twemlow,How,6032,our-mutual-friend
Fledgeby,Twemlow,6032,our-mutual-friend
Fledgeby,Twemlow,6032,our-mutual-friend
Fledgeby,Twemlow,6032,our-mutual-friend
Fledgeby,How,6032,our-mutual-friend
Fledgeby,Twemlow,6032,our-mutual-friend
Fledgeby,Twemlow,6032,our-mutual-friend
Fledgeby,Twemlow,6032,our-mutual-friend
Twemlow,Fledgeby,6032,our-mutual-friend
Twemlow,How,6032,our-mutual-friend
Twemlow,Fledgeby,6032,our-mutual-friend
Twemlow,How,6032,our-mutual-friend
How,Twemlow,6032,our-mutual-friend
How,Fledgeby,6032,our-mutual-friend
How,Twemlow,6032,our-mutual-friend
How,Twemlow,6032,our-mutual-friend
How,Twemlow,6032,our-mutual-friend
How,Twemlow,6032,our-mutual-friend
How,Twemlow,6032,our-mutual-friend
Twemlow,Fledgeby,6032,our-mutual-friend
Twemlow,How,6032,our-mutual-friend
Twemlow,Fledgeby,6032,our-mutual-friend
Twemlow,How,6032,our-mutual-friend
Twemlow,Fledgeby,6032,our-mutual-friend
Twemlow,How,6032,our-mutual-friend
Fledgeby,Riah,6033,our-mutual-friend
Fledgeby,Riah,6033,our-mutual-friend
Riah,Fledgeby,6033,our-mutual-friend
Riah,Fledgeby,6033,our-mutual-friend
Fledgeby,Whereat Mr Twemlow,6037,our-mutual-friend
Whereat Mr Twemlow,Fledgeby,6037,our-mutual-friend
Fledgeby,Tut,6050,our-mutual-friend
Tut,Fledgeby,6050,our-mutual-friend
Fledgeby,Don,6052,our-mutual-friend
Don,Fledgeby,6052,our-mutual-friend
Fledgeby,Look,6054,our-mutual-friend
Look,Fledgeby,6054,our-mutual-friend
Fledgeby,Lammle,6056,our-mutual-friend
Fledgeby,Always,6056,our-mutual-friend
Lammle,Fledgeby,6056,our-mutual-friend
Lammle,Always,6056,our-mutual-friend
Always,Fledgeby,6056,our-mutual-friend
Always,Lammle,6056,our-mutual-friend
Fledgeby,Twemlow,6058,our-mutual-friend
Twemlow,Fledgeby,6058,our-mutual-friend
Don,Fledgeby,6074,our-mutual-friend
Fledgeby,Don,6074,our-mutual-friend
Money,Twemlow,6075,our-mutual-friend
Twemlow,Money,6075,our-mutual-friend
Don,Miss Wren,6080,our-mutual-friend
Miss Wren,Don,6080,our-mutual-friend
Venus,Wegg,6086,our-mutual-friend
Venus,Boffin,6086,our-mutual-friend
Venus,Silas Wegg,6086,our-mutual-friend
Venus,Boffin,6086,our-mutual-friend
Wegg,Venus,6086,our-mutual-friend
Wegg,Boffin,6086,our-mutual-friend
Wegg,Silas Wegg,6086,our-mutual-friend
Wegg,Boffin,6086,our-mutual-friend
Wegg,Venus,6086,our-mutual-friend
Boffin,Venus,6086,our-mutual-friend
Boffin,Wegg,6086,our-mutual-friend
Boffin,Silas Wegg,6086,our-mutual-friend
Boffin,Venus,6086,our-mutual-friend
Silas Wegg,Venus,6086,our-mutual-friend
Silas Wegg,Wegg,6086,our-mutual-friend
Silas Wegg,Boffin,6086,our-mutual-friend
Silas Wegg,Boffin,6086,our-mutual-friend
Silas Wegg,Venus,6086,our-mutual-friend
Boffin,Venus,6086,our-mutual-friend
Boffin,Wegg,6086,our-mutual-friend
Boffin,Silas Wegg,6086,our-mutual-friend
Boffin,Venus,6086,our-mutual-friend
Venus,Wegg,6086,our-mutual-friend
Venus,Boffin,6086,our-mutual-friend
Venus,Silas Wegg,6086,our-mutual-friend
Venus,Boffin,6086,our-mutual-friend
Advantage,Boffin,6088,our-mutual-friend
Boffin,Advantage,6088,our-mutual-friend
Boffin,Venus,6089,our-mutual-friend
Venus,Boffin,6089,our-mutual-friend
Venus,Boffin,6090,our-mutual-friend
Boffin,Venus,6090,our-mutual-friend
Boffin,Venus,6090,our-mutual-friend
Venus,Boffin,6090,our-mutual-friend
Good,Wegg,6095,our-mutual-friend
Wegg,Good,6095,our-mutual-friend
True,Venus,6102,our-mutual-friend
Venus,True,6102,our-mutual-friend
Boffin,Venus,6110,our-mutual-friend
Venus,Boffin,6110,our-mutual-friend
Venus,Wegg,6118,our-mutual-friend
Wegg,Venus,6118,our-mutual-friend
Wegg,Venus,6118,our-mutual-friend
Venus,Wegg,6118,our-mutual-friend
Venus,Wegg,6119,our-mutual-friend
Venus,Wegg,6119,our-mutual-friend
Wegg,Venus,6119,our-mutual-friend
Wegg,Venus,6119,our-mutual-friend
Venus,Wegg,6120,our-mutual-friend
Venus,Share,6120,our-mutual-friend
Venus,Wegg,6120,our-mutual-friend
Venus,Share,6120,our-mutual-friend
Venus,Wegg,6120,our-mutual-friend
Venus,Share,6120,our-mutual-friend
Venus,Wegg,6120,our-mutual-friend
Venus,Share,6120,our-mutual-friend
Wegg,Venus,6120,our-mutual-friend
Wegg,Venus,6120,our-mutual-friend
Wegg,Venus,6120,our-mutual-friend
Wegg,Venus,6120,our-mutual-friend
Wegg,Share,6120,our-mutual-friend
Share,Venus,6120,our-mutual-friend
Share,Venus,6120,our-mutual-friend
Share,Venus,6120,our-mutual-friend
Share,Venus,6120,our-mutual-friend
Share,Wegg,6120,our-mutual-friend
Don,Venus,6124,our-mutual-friend
Don,Wegg,6124,our-mutual-friend
Venus,Don,6124,our-mutual-friend
Venus,Wegg,6124,our-mutual-friend
Wegg,Don,6124,our-mutual-friend
Wegg,Venus,6124,our-mutual-friend
Venus,Boffin,6133,our-mutual-friend
Venus,Boffin,6133,our-mutual-friend
Boffin,Venus,6133,our-mutual-friend
Boffin,Venus,6133,our-mutual-friend
Dustman,Hush,6141,our-mutual-friend
Dustman,Venus,6141,our-mutual-friend
Dustman,Wegg,6141,our-mutual-friend
Hush,Dustman,6141,our-mutual-friend
Hush,Venus,6141,our-mutual-friend
Hush,Wegg,6141,our-mutual-friend
Venus,Dustman,6141,our-mutual-friend
Venus,Hush,6141,our-mutual-friend
Venus,Wegg,6141,our-mutual-friend
Wegg,Dustman,6141,our-mutual-friend
Wegg,Hush,6141,our-mutual-friend
Wegg,Venus,6141,our-mutual-friend
Boffin,Wegg,6142,our-mutual-friend
Wegg,Boffin,6142,our-mutual-friend
Wegg,Dusty Boffin,6152,our-mutual-friend
Wegg,Ecod,6152,our-mutual-friend
Wegg,Boffin,6152,our-mutual-friend
Wegg,Sloppy,6152,our-mutual-friend
Dusty Boffin,Wegg,6152,our-mutual-friend
Dusty Boffin,Ecod,6152,our-mutual-friend
Dusty Boffin,Boffin,6152,our-mutual-friend
Dusty Boffin,Sloppy,6152,our-mutual-friend
Ecod,Wegg,6152,our-mutual-friend
Ecod,Dusty Boffin,6152,our-mutual-friend
Ecod,Boffin,6152,our-mutual-friend
Ecod,Sloppy,6152,our-mutual-friend
Boffin,Wegg,6152,our-mutual-friend
Boffin,Dusty Boffin,6152,our-mutual-friend
Boffin,Ecod,6152,our-mutual-friend
Boffin,Sloppy,6152,our-mutual-friend
Sloppy,Wegg,6152,our-mutual-friend
Sloppy,Dusty Boffin,6152,our-mutual-friend
Sloppy,Ecod,6152,our-mutual-friend
Sloppy,Boffin,6152,our-mutual-friend
Wegg,Boffin,6154,our-mutual-friend
Wegg,Flesh,6154,our-mutual-friend
Boffin,Wegg,6154,our-mutual-friend
Boffin,Flesh,6154,our-mutual-friend
Flesh,Wegg,6154,our-mutual-friend
Flesh,Boffin,6154,our-mutual-friend
Wegg,Wasn,6156,our-mutual-friend
Wasn,Wegg,6156,our-mutual-friend
Wegg,Silas Wegg,6168,our-mutual-friend
Silas Wegg,Wegg,6168,our-mutual-friend
Wegg,Begone,6170,our-mutual-friend
Wegg,Tis,6170,our-mutual-friend
Begone,Wegg,6170,our-mutual-friend
Begone,Tis,6170,our-mutual-friend
Tis,Wegg,6170,our-mutual-friend
Tis,Begone,6170,our-mutual-friend
Wegg,Dusty Boffin,6174,our-mutual-friend
Dusty Boffin,Wegg,6174,our-mutual-friend
Wegg,Wait,6175,our-mutual-friend
Wegg,Venus,6175,our-mutual-friend
Wegg,Boffin,6175,our-mutual-friend
Wegg,Boffin,6175,our-mutual-friend
Wait,Wegg,6175,our-mutual-friend
Wait,Venus,6175,our-mutual-friend
Wait,Boffin,6175,our-mutual-friend
Wait,Boffin,6175,our-mutual-friend
Venus,Wegg,6175,our-mutual-friend
Venus,Wait,6175,our-mutual-friend
Venus,Boffin,6175,our-mutual-friend
Venus,Boffin,6175,our-mutual-friend
Boffin,Wegg,6175,our-mutual-friend
Boffin,Wait,6175,our-mutual-friend
Boffin,Venus,6175,our-mutual-friend
Boffin,Wegg,6175,our-mutual-friend
Boffin,Wait,6175,our-mutual-friend
Boffin,Venus,6175,our-mutual-friend
Don,Venus,6182,our-mutual-friend
Venus,Don,6182,our-mutual-friend
Rokesmith,Sooner,6186,our-mutual-friend
Rokesmith,Wegg,6186,our-mutual-friend
Sooner,Rokesmith,6186,our-mutual-friend
Sooner,Wegg,6186,our-mutual-friend
Wegg,Rokesmith,6186,our-mutual-friend
Wegg,Sooner,6186,our-mutual-friend
Venus,Boffin,6187,our-mutual-friend
Boffin,Venus,6187,our-mutual-friend
Venus,Wegg,6189,our-mutual-friend
Venus,Wegg,6189,our-mutual-friend
Wegg,Venus,6189,our-mutual-friend
Wegg,Venus,6189,our-mutual-friend
Done,Venus,6199,our-mutual-friend
Venus,Done,6199,our-mutual-friend
Venus,Wegg,6205,our-mutual-friend
Wegg,Venus,6205,our-mutual-friend
Boffin,Mrs Lammle,6211,our-mutual-friend
Mrs Lammle,Boffin,6211,our-mutual-friend
Boffin,Mrs Lammle,6213,our-mutual-friend
Mrs Lammle,Boffin,6213,our-mutual-friend
Bella,Rokesmith,6226,our-mutual-friend
Bella,Boffin,6226,our-mutual-friend
Bella,Mrs Lammle,6226,our-mutual-friend
Rokesmith,Bella,6226,our-mutual-friend
Rokesmith,Boffin,6226,our-mutual-friend
Rokesmith,Mrs Lammle,6226,our-mutual-friend
Boffin,Bella,6226,our-mutual-friend
Boffin,Rokesmith,6226,our-mutual-friend
Boffin,Mrs Lammle,6226,our-mutual-friend
Mrs Lammle,Bella,6226,our-mutual-friend
Mrs Lammle,Rokesmith,6226,our-mutual-friend
Mrs Lammle,Boffin,6226,our-mutual-friend
Mrs Boffin,Bella,6228,our-mutual-friend
Bella,Mrs Boffin,6228,our-mutual-friend
Boffin,Don,6229,our-mutual-friend
Boffin,Don,6229,our-mutual-friend
Boffin,Don,6229,our-mutual-friend
Boffin,Don,6229,our-mutual-friend
Don,Boffin,6229,our-mutual-friend
Don,Boffin,6229,our-mutual-friend
Don,Boffin,6229,our-mutual-friend
Don,Boffin,6229,our-mutual-friend
Don,Miss Wilfer,6256,our-mutual-friend
Miss Wilfer,Don,6256,our-mutual-friend
Don,Elwes,6262,our-mutual-friend
Don,Hopkins,6262,our-mutual-friend
Don,Blewbury Jones,6262,our-mutual-friend
Don,Weren,6262,our-mutual-friend
Elwes,Don,6262,our-mutual-friend
Elwes,Hopkins,6262,our-mutual-friend
Elwes,Blewbury Jones,6262,our-mutual-friend
Elwes,Weren,6262,our-mutual-friend
Hopkins,Don,6262,our-mutual-friend
Hopkins,Elwes,6262,our-mutual-friend
Hopkins,Blewbury Jones,6262,our-mutual-friend
Hopkins,Weren,6262,our-mutual-friend
Blewbury Jones,Don,6262,our-mutual-friend
Blewbury Jones,Elwes,6262,our-mutual-friend
Blewbury Jones,Hopkins,6262,our-mutual-friend
Blewbury Jones,Weren,6262,our-mutual-friend
Weren,Don,6262,our-mutual-friend
Weren,Elwes,6262,our-mutual-friend
Weren,Hopkins,6262,our-mutual-friend
Weren,Blewbury Jones,6262,our-mutual-friend
Boffin,Rokesmith,6270,our-mutual-friend
Boffin,George,6270,our-mutual-friend
Boffin,Rokesmith,6270,our-mutual-friend
Rokesmith,Boffin,6270,our-mutual-friend
Rokesmith,George,6270,our-mutual-friend
George,Boffin,6270,our-mutual-friend
George,Rokesmith,6270,our-mutual-friend
George,Rokesmith,6270,our-mutual-friend
Rokesmith,Boffin,6270,our-mutual-friend
Rokesmith,George,6270,our-mutual-friend
Miss Wilfer,Shillings,6290,our-mutual-friend
Miss Wilfer,Shillings,6290,our-mutual-friend
Shillings,Miss Wilfer,6290,our-mutual-friend
Shillings,Miss Wilfer,6290,our-mutual-friend
Miss Wilfer,Say,6293,our-mutual-friend
Say,Miss Wilfer,6293,our-mutual-friend
Wilfer,Boffin,6297,our-mutual-friend
Wilfer,Miss Wilfer,6297,our-mutual-friend
Boffin,Wilfer,6297,our-mutual-friend
Boffin,Miss Wilfer,6297,our-mutual-friend
Miss Wilfer,Wilfer,6297,our-mutual-friend
Miss Wilfer,Boffin,6297,our-mutual-friend
John,Boffin,6298,our-mutual-friend
Boffin,John,6298,our-mutual-friend
Daniel,Miss Dancer,6300,our-mutual-friend
Daniel,Elwes,6300,our-mutual-friend
Daniel,Vulture Hopkins,6300,our-mutual-friend
Daniel,Blewbury Jones,6300,our-mutual-friend
Miss Dancer,Daniel,6300,our-mutual-friend
Miss Dancer,Elwes,6300,our-mutual-friend
Miss Dancer,Vulture Hopkins,6300,our-mutual-friend
Miss Dancer,Blewbury Jones,6300,our-mutual-friend
Elwes,Daniel,6300,our-mutual-friend
Elwes,Miss Dancer,6300,our-mutual-friend
Elwes,Vulture Hopkins,6300,our-mutual-friend
Elwes,Blewbury Jones,6300,our-mutual-friend
Vulture Hopkins,Daniel,6300,our-mutual-friend
Vulture Hopkins,Miss Dancer,6300,our-mutual-friend
Vulture Hopkins,Elwes,6300,our-mutual-friend
Vulture Hopkins,Blewbury Jones,6300,our-mutual-friend
Blewbury Jones,Daniel,6300,our-mutual-friend
Blewbury Jones,Miss Dancer,6300,our-mutual-friend
Blewbury Jones,Elwes,6300,our-mutual-friend
Blewbury Jones,Vulture Hopkins,6300,our-mutual-friend
Mrs Boffin,Boffin,6301,our-mutual-friend
Boffin,Mrs Boffin,6301,our-mutual-friend
John,Rokesmith,6317,our-mutual-friend
Rokesmith,John,6317,our-mutual-friend
Rokesmith,Miss Wilfer,6321,our-mutual-friend
Miss Wilfer,Rokesmith,6321,our-mutual-friend
Bella,Don,6323,our-mutual-friend
Bella,Boffin,6323,our-mutual-friend
Don,Bella,6323,our-mutual-friend
Don,Bella,6323,our-mutual-friend
Don,Boffin,6323,our-mutual-friend
Bella,Don,6323,our-mutual-friend
Bella,Boffin,6323,our-mutual-friend
Boffin,Bella,6323,our-mutual-friend
Boffin,Don,6323,our-mutual-friend
Boffin,Bella,6323,our-mutual-friend
John Rokesmith,Boffin,6324,our-mutual-friend
John Rokesmith,Which Mr Boffin,6324,our-mutual-friend
Boffin,John Rokesmith,6324,our-mutual-friend
Boffin,Which Mr Boffin,6324,our-mutual-friend
Which Mr Boffin,John Rokesmith,6324,our-mutual-friend
Which Mr Boffin,Boffin,6324,our-mutual-friend
Boffin,Bella,6340,our-mutual-friend
Bella,Boffin,6340,our-mutual-friend
Bella,Boffin,6341,our-mutual-friend
Bella,Boffin,6341,our-mutual-friend
Boffin,Bella,6341,our-mutual-friend
Boffin,Bella,6341,our-mutual-friend
Don,Mrs Boffin,6347,our-mutual-friend
Mrs Boffin,Don,6347,our-mutual-friend
Dancer,Hopkins,6349,our-mutual-friend
Dancer,Blackberry Jones,6349,our-mutual-friend
Hopkins,Dancer,6349,our-mutual-friend
Hopkins,Blackberry Jones,6349,our-mutual-friend
Blackberry Jones,Dancer,6349,our-mutual-friend
Blackberry Jones,Hopkins,6349,our-mutual-friend
Boffin,Don,6361,our-mutual-friend
Don,Boffin,6361,our-mutual-friend
Bella,Bank,6387,our-mutual-friend
Bank,Bella,6387,our-mutual-friend
Stobbles,Bella,6388,our-mutual-friend
Stobbles,Wilfer,6388,our-mutual-friend
Bella,Stobbles,6388,our-mutual-friend
Bella,Wilfer,6388,our-mutual-friend
Wilfer,Stobbles,6388,our-mutual-friend
Wilfer,Bella,6388,our-mutual-friend
Bella,Lane,6389,our-mutual-friend
Lane,Bella,6389,our-mutual-friend
Rumty,Perch,6419,our-mutual-friend
Perch,Rumty,6419,our-mutual-friend
Whose Perch,Bella,6420,our-mutual-friend
Bella,Whose Perch,6420,our-mutual-friend
Sulky,Rumty,6423,our-mutual-friend
Sulky,Rumty,6423,our-mutual-friend
Rumty,Sulky,6423,our-mutual-friend
Rumty,Sulky,6423,our-mutual-friend
Wilfer,John Rokesmith,6440,our-mutual-friend
Wilfer,Bella,6440,our-mutual-friend
John Rokesmith,Wilfer,6440,our-mutual-friend
John Rokesmith,Bella,6440,our-mutual-friend
Bella,Wilfer,6440,our-mutual-friend
Bella,John Rokesmith,6440,our-mutual-friend
Isn,John Rokesmith,6447,our-mutual-friend
John Rokesmith,Isn,6447,our-mutual-friend
Bella,John Rokesmith,6465,our-mutual-friend
Bella,Wilfer,6465,our-mutual-friend
Bella,Stobbles,6465,our-mutual-friend
John Rokesmith,Bella,6465,our-mutual-friend
John Rokesmith,Wilfer,6465,our-mutual-friend
John Rokesmith,Stobbles,6465,our-mutual-friend
Wilfer,Bella,6465,our-mutual-friend
Wilfer,John Rokesmith,6465,our-mutual-friend
Wilfer,Stobbles,6465,our-mutual-friend
Stobbles,Bella,6465,our-mutual-friend
Stobbles,John Rokesmith,6465,our-mutual-friend
Stobbles,Wilfer,6465,our-mutual-friend
Stobbles,Bella,6480,our-mutual-friend
Stobbles,Rumty,6480,our-mutual-friend
Stobbles,Perch,6480,our-mutual-friend
Stobbles,John Rokesmith,6480,our-mutual-friend
Bella,Stobbles,6480,our-mutual-friend
Bella,Rumty,6480,our-mutual-friend
Bella,Perch,6480,our-mutual-friend
Bella,John Rokesmith,6480,our-mutual-friend
Rumty,Stobbles,6480,our-mutual-friend
Rumty,Bella,6480,our-mutual-friend
Rumty,Perch,6480,our-mutual-friend
Rumty,John Rokesmith,6480,our-mutual-friend
Perch,Stobbles,6480,our-mutual-friend
Perch,Bella,6480,our-mutual-friend
Perch,Rumty,6480,our-mutual-friend
Perch,John Rokesmith,6480,our-mutual-friend
John Rokesmith,Stobbles,6480,our-mutual-friend
John Rokesmith,Bella,6480,our-mutual-friend
John Rokesmith,Rumty,6480,our-mutual-friend
John Rokesmith,Perch,6480,our-mutual-friend
Wilfer Castle,Bella,6482,our-mutual-friend
Bella,Wilfer Castle,6482,our-mutual-friend
John,Bella,6484,our-mutual-friend
Bella,John,6484,our-mutual-friend
Miss,Lavvy,6488,our-mutual-friend
Miss,George Sampson,6488,our-mutual-friend
Miss,Miss Lavvy,6488,our-mutual-friend
Lavvy,Miss,6488,our-mutual-friend
Lavvy,George Sampson,6488,our-mutual-friend
Lavvy,Miss Lavvy,6488,our-mutual-friend
George Sampson,Miss,6488,our-mutual-friend
George Sampson,Lavvy,6488,our-mutual-friend
George Sampson,Miss Lavvy,6488,our-mutual-friend
Miss Lavvy,Miss,6488,our-mutual-friend
Miss Lavvy,Lavvy,6488,our-mutual-friend
Miss Lavvy,George Sampson,6488,our-mutual-friend
Mrs Wilfer,Who,6489,our-mutual-friend
Who,Mrs Wilfer,6489,our-mutual-friend
Unless,Boffin,6495,our-mutual-friend
Boffin,Unless,6495,our-mutual-friend
Miss Lavinia,Bella,6497,our-mutual-friend
Miss Lavinia,Bella,6497,our-mutual-friend
Bella,Miss Lavinia,6497,our-mutual-friend
Bella,Miss Lavinia,6497,our-mutual-friend
Lavvy,Boffin,6500,our-mutual-friend
Boffin,Lavvy,6500,our-mutual-friend
George,Miss Lavvy,6504,our-mutual-friend
George,George Sampson,6504,our-mutual-friend
Miss Lavvy,George,6504,our-mutual-friend
Miss Lavvy,George Sampson,6504,our-mutual-friend
George Sampson,George,6504,our-mutual-friend
George Sampson,Miss Lavvy,6504,our-mutual-friend
George Sampson,Miss Lavvy,6506,our-mutual-friend
George Sampson,Boffins,6506,our-mutual-friend
George Sampson,Miss Lavvy,6506,our-mutual-friend
George Sampson,Boffins,6506,our-mutual-friend
Miss Lavvy,George Sampson,6506,our-mutual-friend
Miss Lavvy,George Sampson,6506,our-mutual-friend
Miss Lavvy,Boffins,6506,our-mutual-friend
Boffins,George Sampson,6506,our-mutual-friend
Boffins,George Sampson,6506,our-mutual-friend
Boffins,Miss Lavvy,6506,our-mutual-friend
Bella,Mrs Boffin,6507,our-mutual-friend
Bella,Lavvy,6507,our-mutual-friend
Bella,Ma,6507,our-mutual-friend
Mrs Boffin,Bella,6507,our-mutual-friend
Mrs Boffin,Lavvy,6507,our-mutual-friend
Mrs Boffin,Ma,6507,our-mutual-friend
Lavvy,Bella,6507,our-mutual-friend
Lavvy,Mrs Boffin,6507,our-mutual-friend
Lavvy,Ma,6507,our-mutual-friend
Ma,Bella,6507,our-mutual-friend
Ma,Mrs Boffin,6507,our-mutual-friend
Ma,Lavvy,6507,our-mutual-friend
Wilfer,George,6510,our-mutual-friend
Wilfer,Miss Lavinia,6510,our-mutual-friend
Wilfer,Sampson,6510,our-mutual-friend
Wilfer,Sampson,6510,our-mutual-friend
George,Wilfer,6510,our-mutual-friend
George,Miss Lavinia,6510,our-mutual-friend
George,Sampson,6510,our-mutual-friend
George,Sampson,6510,our-mutual-friend
Miss Lavinia,Wilfer,6510,our-mutual-friend
Miss Lavinia,George,6510,our-mutual-friend
Miss Lavinia,Sampson,6510,our-mutual-friend
Miss Lavinia,Sampson,6510,our-mutual-friend
Sampson,Wilfer,6510,our-mutual-friend
Sampson,George,6510,our-mutual-friend
Sampson,Miss Lavinia,6510,our-mutual-friend
Sampson,Wilfer,6510,our-mutual-friend
Sampson,George,6510,our-mutual-friend
Sampson,Miss Lavinia,6510,our-mutual-friend
Mutton,Lavvy,6511,our-mutual-friend
Mutton,Wilfer,6511,our-mutual-friend
Mutton,Mrs Wilfer,6511,our-mutual-friend
Lavvy,Mutton,6511,our-mutual-friend
Lavvy,Wilfer,6511,our-mutual-friend
Lavvy,Mrs Wilfer,6511,our-mutual-friend
Wilfer,Mutton,6511,our-mutual-friend
Wilfer,Lavvy,6511,our-mutual-friend
Wilfer,Mrs Wilfer,6511,our-mutual-friend
Mrs Wilfer,Mutton,6511,our-mutual-friend
Mrs Wilfer,Lavvy,6511,our-mutual-friend
Mrs Wilfer,Wilfer,6511,our-mutual-friend
Miss,Lavinia,6512,our-mutual-friend
Miss,Sampson,6512,our-mutual-friend
Lavinia,Miss,6512,our-mutual-friend
Lavinia,Sampson,6512,our-mutual-friend
Sampson,Miss,6512,our-mutual-friend
Sampson,Lavinia,6512,our-mutual-friend
Lavinia,George Sampson,6513,our-mutual-friend
George Sampson,Lavinia,6513,our-mutual-friend
Sampson,Miss Lavinia,6514,our-mutual-friend
Sampson,Wilfer,6514,our-mutual-friend
Miss Lavinia,Sampson,6514,our-mutual-friend
Miss Lavinia,Wilfer,6514,our-mutual-friend
Wilfer,Sampson,6514,our-mutual-friend
Wilfer,Miss Lavinia,6514,our-mutual-friend
George,Miss Lavinia,6515,our-mutual-friend
George,Miss Lavinia,6515,our-mutual-friend
George,Mrs Boffin,6515,our-mutual-friend
Miss Lavinia,George,6515,our-mutual-friend
Miss Lavinia,Mrs Boffin,6515,our-mutual-friend
Miss Lavinia,George,6515,our-mutual-friend
Miss Lavinia,Mrs Boffin,6515,our-mutual-friend
Mrs Boffin,George,6515,our-mutual-friend
Mrs Boffin,Miss Lavinia,6515,our-mutual-friend
Mrs Boffin,Miss Lavinia,6515,our-mutual-friend
Miss Lavinia,George,6519,our-mutual-friend
George,Miss Lavinia,6519,our-mutual-friend
Bella,George Sampson,6522,our-mutual-friend
Bella,George Sampson,6522,our-mutual-friend
George Sampson,Bella,6522,our-mutual-friend
George Sampson,Bella,6522,our-mutual-friend
Lavvy,Paul,6529,our-mutual-friend
Paul,Lavvy,6529,our-mutual-friend
George Sampson,Pa,6531,our-mutual-friend
Pa,George Sampson,6531,our-mutual-friend
Bella,George Sampson,6540,our-mutual-friend
Bella,Miss Lavinia,6540,our-mutual-friend
Bella,Wilfer,6540,our-mutual-friend
Bella,Lady Macbeth,6540,our-mutual-friend
George Sampson,Bella,6540,our-mutual-friend
George Sampson,Miss Lavinia,6540,our-mutual-friend
George Sampson,Wilfer,6540,our-mutual-friend
George Sampson,Lady Macbeth,6540,our-mutual-friend
Miss Lavinia,Bella,6540,our-mutual-friend
Miss Lavinia,George Sampson,6540,our-mutual-friend
Miss Lavinia,Wilfer,6540,our-mutual-friend
Miss Lavinia,Lady Macbeth,6540,our-mutual-friend
Wilfer,Bella,6540,our-mutual-friend
Wilfer,George Sampson,6540,our-mutual-friend
Wilfer,Miss Lavinia,6540,our-mutual-friend
Wilfer,Lady Macbeth,6540,our-mutual-friend
Lady Macbeth,Bella,6540,our-mutual-friend
Lady Macbeth,George Sampson,6540,our-mutual-friend
Lady Macbeth,Miss Lavinia,6540,our-mutual-friend
Lady Macbeth,Wilfer,6540,our-mutual-friend
Listen,Bella,6551,our-mutual-friend
Bella,Listen,6551,our-mutual-friend
Mrs Alfred Lammle,Hamilton Veneering,6559,our-mutual-friend
Mrs Alfred Lammle,Esquire,6559,our-mutual-friend
Hamilton Veneering,Mrs Alfred Lammle,6559,our-mutual-friend
Hamilton Veneering,Esquire,6559,our-mutual-friend
Esquire,Mrs Alfred Lammle,6559,our-mutual-friend
Esquire,Hamilton Veneering,6559,our-mutual-friend
Lady Tippins,Boots,6560,our-mutual-friend
Lady Tippins,Mrs Veneering,6560,our-mutual-friend
Boots,Lady Tippins,6560,our-mutual-friend
Boots,Mrs Veneering,6560,our-mutual-friend
Mrs Veneering,Lady Tippins,6560,our-mutual-friend
Mrs Veneering,Boots,6560,our-mutual-friend
Lammle,Twemlow,6564,our-mutual-friend
Lammle,Twemlow,6564,our-mutual-friend
Lammle,Has,6564,our-mutual-friend
Twemlow,Lammle,6564,our-mutual-friend
Twemlow,Has,6564,our-mutual-friend
Twemlow,Lammle,6564,our-mutual-friend
Twemlow,Has,6564,our-mutual-friend
Has,Lammle,6564,our-mutual-friend
Has,Twemlow,6564,our-mutual-friend
Has,Twemlow,6564,our-mutual-friend
Mrs Lammle,Twemlow,6570,our-mutual-friend
Twemlow,Mrs Lammle,6570,our-mutual-friend
Really,Mrs Lammle,6572,our-mutual-friend
Mrs Lammle,Really,6572,our-mutual-friend
Sir,Mrs Lammle,6577,our-mutual-friend
Mrs Lammle,Sir,6577,our-mutual-friend
Mrs Lammle,Pray,6586,our-mutual-friend
Pray,Mrs Lammle,6586,our-mutual-friend
Twemlow,Riah,6596,our-mutual-friend
Riah,Twemlow,6596,our-mutual-friend
Twemlow,Mrs Lammle,6608,our-mutual-friend
Mrs Lammle,Twemlow,6608,our-mutual-friend
Eugene Wrayburn,Twemlow,6612,our-mutual-friend
Eugene Wrayburn,Skittish,6612,our-mutual-friend
Eugene Wrayburn,Mortimer Lightwood,6612,our-mutual-friend
Eugene Wrayburn,Lady Tippins,6612,our-mutual-friend
Twemlow,Eugene Wrayburn,6612,our-mutual-friend
Twemlow,Skittish,6612,our-mutual-friend
Twemlow,Mortimer Lightwood,6612,our-mutual-friend
Twemlow,Lady Tippins,6612,our-mutual-friend
Skittish,Eugene Wrayburn,6612,our-mutual-friend
Skittish,Twemlow,6612,our-mutual-friend
Skittish,Mortimer Lightwood,6612,our-mutual-friend
Skittish,Lady Tippins,6612,our-mutual-friend
Mortimer Lightwood,Eugene Wrayburn,6612,our-mutual-friend
Mortimer Lightwood,Twemlow,6612,our-mutual-friend
Mortimer Lightwood,Skittish,6612,our-mutual-friend
Mortimer Lightwood,Lady Tippins,6612,our-mutual-friend
Lady Tippins,Eugene Wrayburn,6612,our-mutual-friend
Lady Tippins,Twemlow,6612,our-mutual-friend
Lady Tippins,Skittish,6612,our-mutual-friend
Lady Tippins,Mortimer Lightwood,6612,our-mutual-friend
Boots,Brewer,6613,our-mutual-friend
Boots,Buffer,6613,our-mutual-friend
Boots,Buffer,6613,our-mutual-friend
Boots,Lady Tippins,6613,our-mutual-friend
Boots,Brewer,6613,our-mutual-friend
Boots,Buffer,6613,our-mutual-friend
Brewer,Boots,6613,our-mutual-friend
Brewer,Buffer,6613,our-mutual-friend
Brewer,Buffer,6613,our-mutual-friend
Brewer,Boots,6613,our-mutual-friend
Brewer,Lady Tippins,6613,our-mutual-friend
Brewer,Boots,6613,our-mutual-friend
Brewer,Buffer,6613,our-mutual-friend
Buffer,Boots,6613,our-mutual-friend
Buffer,Brewer,6613,our-mutual-friend
Buffer,Boots,6613,our-mutual-friend
Buffer,Lady Tippins,6613,our-mutual-friend
Buffer,Boots,6613,our-mutual-friend
Buffer,Brewer,6613,our-mutual-friend
Buffer,Boots,6613,our-mutual-friend
Buffer,Brewer,6613,our-mutual-friend
Buffer,Boots,6613,our-mutual-friend
Buffer,Lady Tippins,6613,our-mutual-friend
Buffer,Boots,6613,our-mutual-friend
Buffer,Brewer,6613,our-mutual-friend
Boots,Brewer,6613,our-mutual-friend
Boots,Buffer,6613,our-mutual-friend
Boots,Buffer,6613,our-mutual-friend
Boots,Lady Tippins,6613,our-mutual-friend
Boots,Brewer,6613,our-mutual-friend
Boots,Buffer,6613,our-mutual-friend
Lady Tippins,Boots,6613,our-mutual-friend
Lady Tippins,Brewer,6613,our-mutual-friend
Lady Tippins,Buffer,6613,our-mutual-friend
Lady Tippins,Buffer,6613,our-mutual-friend
Lady Tippins,Boots,6613,our-mutual-friend
Lady Tippins,Boots,6613,our-mutual-friend
Lady Tippins,Brewer,6613,our-mutual-friend
Lady Tippins,Buffer,6613,our-mutual-friend
Boots,Brewer,6613,our-mutual-friend
Boots,Buffer,6613,our-mutual-friend
Boots,Buffer,6613,our-mutual-friend
Boots,Lady Tippins,6613,our-mutual-friend
Boots,Brewer,6613,our-mutual-friend
Boots,Buffer,6613,our-mutual-friend
Brewer,Boots,6613,our-mutual-friend
Brewer,Buffer,6613,our-mutual-friend
Brewer,Buffer,6613,our-mutual-friend
Brewer,Boots,6613,our-mutual-friend
Brewer,Lady Tippins,6613,our-mutual-friend
Brewer,Boots,6613,our-mutual-friend
Brewer,Buffer,6613,our-mutual-friend
Buffer,Boots,6613,our-mutual-friend
Buffer,Brewer,6613,our-mutual-friend
Buffer,Boots,6613,our-mutual-friend
Buffer,Lady Tippins,6613,our-mutual-friend
Buffer,Boots,6613,our-mutual-friend
Buffer,Brewer,6613,our-mutual-friend
Mrs Podsnap,Boots,6614,our-mutual-friend
Mrs Podsnap,Father,6614,our-mutual-friend
Boots,Mrs Podsnap,6614,our-mutual-friend
Boots,Father,6614,our-mutual-friend
Father,Mrs Podsnap,6614,our-mutual-friend
Father,Boots,6614,our-mutual-friend
How,Mrs Veneering,6625,our-mutual-friend
Mrs Veneering,How,6625,our-mutual-friend
True,Mrs Veneering,6627,our-mutual-friend
Mrs Veneering,True,6627,our-mutual-friend
Eugene Wrayburn,Tippins,6636,our-mutual-friend
Tippins,Eugene Wrayburn,6636,our-mutual-friend
Young Blight,Mortimer,6641,our-mutual-friend
Mortimer,Young Blight,6641,our-mutual-friend
Sharp,Eugene,6643,our-mutual-friend
Eugene,Sharp,6643,our-mutual-friend
Blight,Glue Monge,6644,our-mutual-friend
Glue Monge,Blight,6644,our-mutual-friend
Sharp,Eugene,6645,our-mutual-friend
Eugene,Sharp,6645,our-mutual-friend
Rogue Riderhood,Eugene Wrayburn,6661,our-mutual-friend
Eugene Wrayburn,Rogue Riderhood,6661,our-mutual-friend
Lawyer Lightwood,Riderhood,6666,our-mutual-friend
Riderhood,Lawyer Lightwood,6666,our-mutual-friend
Eugene,Don,6667,our-mutual-friend
Don,Eugene,6667,our-mutual-friend
Eugene Wrayburn,Riderhood,6669,our-mutual-friend
Eugene Wrayburn,Lock,6669,our-mutual-friend
Eugene Wrayburn,Mill Lock,6669,our-mutual-friend
Riderhood,Eugene Wrayburn,6669,our-mutual-friend
Riderhood,Lock,6669,our-mutual-friend
Riderhood,Mill Lock,6669,our-mutual-friend
Lock,Eugene Wrayburn,6669,our-mutual-friend
Lock,Riderhood,6669,our-mutual-friend
Lock,Mill Lock,6669,our-mutual-friend
Mill Lock,Eugene Wrayburn,6669,our-mutual-friend
Mill Lock,Riderhood,6669,our-mutual-friend
Mill Lock,Lock,6669,our-mutual-friend
Mill Lock,T,6671,our-mutual-friend
T,Mill Lock,6671,our-mutual-friend
Riderhood,T,6673,our-mutual-friend
Riderhood,Never,6673,our-mutual-friend
T,Riderhood,6673,our-mutual-friend
T,Never,6673,our-mutual-friend
Never,Riderhood,6673,our-mutual-friend
Never,T,6673,our-mutual-friend
Riderhood,Locks,6676,our-mutual-friend
Locks,Riderhood,6676,our-mutual-friend
Locks,Riderhood,6678,our-mutual-friend
Riderhood,Locks,6678,our-mutual-friend
Spites,Riderhood,6684,our-mutual-friend
Riderhood,Spites,6684,our-mutual-friend
Don,T,6686,our-mutual-friend
Don,Riderhood,6686,our-mutual-friend
Don,Richmond,6686,our-mutual-friend
T,Don,6686,our-mutual-friend
T,Riderhood,6686,our-mutual-friend
T,Richmond,6686,our-mutual-friend
Riderhood,Don,6686,our-mutual-friend
Riderhood,T,6686,our-mutual-friend
Riderhood,Richmond,6686,our-mutual-friend
Richmond,Don,6686,our-mutual-friend
Richmond,T,6686,our-mutual-friend
Richmond,Riderhood,6686,our-mutual-friend
Cheek,Riderhood,6692,our-mutual-friend
Riderhood,Cheek,6692,our-mutual-friend
Cheek,Riderhood,6694,our-mutual-friend
Riderhood,Cheek,6694,our-mutual-friend
Riderhood,T,6702,our-mutual-friend
T,Riderhood,6702,our-mutual-friend
Listen,Bradley,6707,our-mutual-friend
Bradley,Listen,6707,our-mutual-friend
George,Riderhood,6708,our-mutual-friend
Riderhood,George,6708,our-mutual-friend
Riderhood,Bradley,6712,our-mutual-friend
Riderhood,Bradley,6712,our-mutual-friend
Bradley,Riderhood,6712,our-mutual-friend
Bradley,Riderhood,6712,our-mutual-friend
Bradley,Riderhood,6712,our-mutual-friend
Riderhood,Bradley,6712,our-mutual-friend
Riderhood,Bradley,6712,our-mutual-friend
Bradley,Riderhood,6712,our-mutual-friend
Bradley,Riderhood,6712,our-mutual-friend
Bradley,Riderhood,6712,our-mutual-friend
Riderhood,Bradley,6712,our-mutual-friend
Riderhood,Bradley,6712,our-mutual-friend
Bradley,Riderhood,6715,our-mutual-friend
Riderhood,Bradley,6715,our-mutual-friend
Riderhood,Bradley,6715,our-mutual-friend
Bradley,Riderhood,6715,our-mutual-friend
Riderhood,T,6717,our-mutual-friend
T,Riderhood,6717,our-mutual-friend
Riderhood,Wat Tyler,6719,our-mutual-friend
Wat Tyler,Riderhood,6719,our-mutual-friend
Bradley Headstone,Wat Tyler,6720,our-mutual-friend
Bradley Headstone,Lord Mayor Walworth,6720,our-mutual-friend
Bradley Headstone,Riderhood,6720,our-mutual-friend
Wat Tyler,Bradley Headstone,6720,our-mutual-friend
Wat Tyler,Lord Mayor Walworth,6720,our-mutual-friend
Wat Tyler,Riderhood,6720,our-mutual-friend
Lord Mayor Walworth,Bradley Headstone,6720,our-mutual-friend
Lord Mayor Walworth,Wat Tyler,6720,our-mutual-friend
Lord Mayor Walworth,Riderhood,6720,our-mutual-friend
Riderhood,Bradley Headstone,6720,our-mutual-friend
Riderhood,Wat Tyler,6720,our-mutual-friend
Riderhood,Lord Mayor Walworth,6720,our-mutual-friend
Sparkles,Riderhood,6721,our-mutual-friend
Riderhood,Sparkles,6721,our-mutual-friend
Rogue,Riderhood,6723,our-mutual-friend
Riderhood,Rogue,6723,our-mutual-friend
Lock,Bradley Headstone,6724,our-mutual-friend
Bradley Headstone,Lock,6724,our-mutual-friend
Riderhood,T,6725,our-mutual-friend
T,Riderhood,6725,our-mutual-friend
Angler,Inn,6726,our-mutual-friend
Inn,Angler,6726,our-mutual-friend
Riderhood,Shut,6729,our-mutual-friend
Shut,Riderhood,6729,our-mutual-friend
T,Riderhood,6742,our-mutual-friend
T,Riderhood,6742,our-mutual-friend
Riderhood,T,6742,our-mutual-friend
Riderhood,T,6742,our-mutual-friend
Riderhood,T,6744,our-mutual-friend
T,Riderhood,6744,our-mutual-friend
Lie,Riderhood,6763,our-mutual-friend
Riderhood,Lie,6763,our-mutual-friend
Anon,Riderhood,6775,our-mutual-friend
Riderhood,Anon,6775,our-mutual-friend
Mrs Lammle,Mrs Boffin,6788,our-mutual-friend
Mrs Lammle,Mrs Boffin,6788,our-mutual-friend
Mrs Boffin,Mrs Lammle,6788,our-mutual-friend
Mrs Boffin,Mrs Lammle,6788,our-mutual-friend
Mrs Lammle,Mrs Boffin,6788,our-mutual-friend
Mrs Lammle,Mrs Boffin,6788,our-mutual-friend
Mrs Boffin,Mrs Lammle,6788,our-mutual-friend
Mrs Boffin,Mrs Lammle,6788,our-mutual-friend
Lawyer,Mrs Lammle,6800,our-mutual-friend
Mrs Lammle,Lawyer,6800,our-mutual-friend
Mrs Lammle,Mrs Boffin,6804,our-mutual-friend
Mrs Boffin,Mrs Lammle,6804,our-mutual-friend
Mrs Boffin,Mrs Lammle,6804,our-mutual-friend
Mrs Lammle,Mrs Boffin,6804,our-mutual-friend
Mrs Lammle,Mrs Boffin,6805,our-mutual-friend
Mrs Lammle,Mrs Boffin,6805,our-mutual-friend
Mrs Boffin,Mrs Lammle,6805,our-mutual-friend
Mrs Boffin,Mrs Lammle,6805,our-mutual-friend
Mrs Boffin,Lammle,6806,our-mutual-friend
Lammle,Mrs Boffin,6806,our-mutual-friend
Lammle,Mrs Boffin,6806,our-mutual-friend
Mrs Boffin,Lammle,6806,our-mutual-friend
Lammle,Mrs Boffin,6812,our-mutual-friend
Mrs Boffin,Lammle,6812,our-mutual-friend
Really,Mrs Lammle,6814,our-mutual-friend
Mrs Lammle,Really,6814,our-mutual-friend
Pray,Boffin,6819,our-mutual-friend
Boffin,Pray,6819,our-mutual-friend
Alfred,Mrs Boffin,6827,our-mutual-friend
Mrs Boffin,Alfred,6827,our-mutual-friend
Mrs Lammle,Boffin,6832,our-mutual-friend
Mrs Lammle,Lammle,6832,our-mutual-friend
Mrs Lammle,Boffin,6832,our-mutual-friend
Boffin,Mrs Lammle,6832,our-mutual-friend
Boffin,Lammle,6832,our-mutual-friend
Lammle,Mrs Lammle,6832,our-mutual-friend
Lammle,Boffin,6832,our-mutual-friend
Lammle,Boffin,6832,our-mutual-friend
Boffin,Mrs Lammle,6832,our-mutual-friend
Boffin,Lammle,6832,our-mutual-friend
Alfred,Rokesmith,6833,our-mutual-friend
Rokesmith,Alfred,6833,our-mutual-friend
Mrs Lammle,Miss Bella Wilfer,6836,our-mutual-friend
Miss Bella Wilfer,Mrs Lammle,6836,our-mutual-friend
Mrs Lammle,Lammle,6846,our-mutual-friend
Lammle,Mrs Lammle,6846,our-mutual-friend
Lammle,Mrs Lammle,6846,our-mutual-friend
Mrs Lammle,Lammle,6846,our-mutual-friend
Lammle,Mrs Lammle,6848,our-mutual-friend
Lammle,Georgiana Podsnap,6848,our-mutual-friend
Mrs Lammle,Lammle,6848,our-mutual-friend
Mrs Lammle,Georgiana Podsnap,6848,our-mutual-friend
Georgiana Podsnap,Lammle,6848,our-mutual-friend
Georgiana Podsnap,Mrs Lammle,6848,our-mutual-friend
Georgiana,Alfred,6849,our-mutual-friend
Georgiana,Mrs Boffin,6849,our-mutual-friend
Alfred,Georgiana,6849,our-mutual-friend
Alfred,Mrs Boffin,6849,our-mutual-friend
Mrs Boffin,Georgiana,6849,our-mutual-friend
Mrs Boffin,Alfred,6849,our-mutual-friend
Ma,Sackville Street,6851,our-mutual-friend
Ma,Sophronia,6851,our-mutual-friend
Sackville Street,Ma,6851,our-mutual-friend
Sackville Street,Sophronia,6851,our-mutual-friend
Sackville Street,Ma,6851,our-mutual-friend
Sophronia,Ma,6851,our-mutual-friend
Sophronia,Sackville Street,6851,our-mutual-friend
Sophronia,Ma,6851,our-mutual-friend
Ma,Sackville Street,6851,our-mutual-friend
Ma,Sophronia,6851,our-mutual-friend
Don,Mrs Boffin,6852,our-mutual-friend
Mrs Boffin,Don,6852,our-mutual-friend
Georgiana,Boffin,6855,our-mutual-friend
Boffin,Georgiana,6855,our-mutual-friend
Georgiana,Hawkinson,6859,our-mutual-friend
Hawkinson,Georgiana,6859,our-mutual-friend
Alfred,Ma,6865,our-mutual-friend
Ma,Alfred,6865,our-mutual-friend
Boffin,Mrs Lammle,6866,our-mutual-friend
Mrs Lammle,Boffin,6866,our-mutual-friend
Lammle,Twemlow,6868,our-mutual-friend
Twemlow,Lammle,6868,our-mutual-friend
Mrs Boffin,Mrs Lammle,6873,our-mutual-friend
Mrs Lammle,Mrs Boffin,6873,our-mutual-friend
Alfred,Georgiana,6880,our-mutual-friend
Georgiana,Alfred,6880,our-mutual-friend
Alfred,Boffin,6882,our-mutual-friend
Boffin,Alfred,6882,our-mutual-friend
Boffin,Mrs Boffin,6894,our-mutual-friend
Mrs Boffin,Boffin,6894,our-mutual-friend
Mrs Boffin,Boffin,6894,our-mutual-friend
Boffin,Mrs Boffin,6894,our-mutual-friend
Venus,Boffin,6897,our-mutual-friend
Boffin,Venus,6897,our-mutual-friend
Venus,Thank,6900,our-mutual-friend
Venus,Thank,6900,our-mutual-friend
Venus,Thank,6900,our-mutual-friend
Venus,Thank,6900,our-mutual-friend
Thank,Venus,6900,our-mutual-friend
Thank,Venus,6900,our-mutual-friend
Thank,Venus,6900,our-mutual-friend
Venus,Thank,6900,our-mutual-friend
Venus,Thank,6900,our-mutual-friend
Thank,Venus,6900,our-mutual-friend
Thank,Venus,6900,our-mutual-friend
Thank,Venus,6900,our-mutual-friend
Wegg,Venus,6902,our-mutual-friend
Venus,Wegg,6902,our-mutual-friend
Boffin,Venus,6908,our-mutual-friend
Venus,Boffin,6908,our-mutual-friend
Venus,Wegg,6909,our-mutual-friend
Wegg,Venus,6909,our-mutual-friend
Boffin,Wegg,6918,our-mutual-friend
Boffin,Whispered Venus,6918,our-mutual-friend
Wegg,Boffin,6918,our-mutual-friend
Wegg,Whispered Venus,6918,our-mutual-friend
Whispered Venus,Boffin,6918,our-mutual-friend
Whispered Venus,Wegg,6918,our-mutual-friend
Boffin,Wegg,6921,our-mutual-friend
Wegg,Boffin,6921,our-mutual-friend
Wegg,Boffin,6922,our-mutual-friend
Boffin,Wegg,6922,our-mutual-friend
Anyhow,Wegg,6931,our-mutual-friend
Wegg,Anyhow,6931,our-mutual-friend
Sloppy,Boffin,6934,our-mutual-friend
Sloppy,Master,6934,our-mutual-friend
Boffin,Sloppy,6934,our-mutual-friend
Boffin,Sloppy,6934,our-mutual-friend
Boffin,Master,6934,our-mutual-friend
Sloppy,Boffin,6934,our-mutual-friend
Sloppy,Master,6934,our-mutual-friend
Master,Sloppy,6934,our-mutual-friend
Master,Boffin,6934,our-mutual-friend
Master,Sloppy,6934,our-mutual-friend
Sloppy,Silas Wegg,6937,our-mutual-friend
Silas Wegg,Sloppy,6937,our-mutual-friend
Wegg,Boffin,6938,our-mutual-friend
Boffin,Wegg,6938,our-mutual-friend
Silas Wegg,Venus,6940,our-mutual-friend
Venus,Silas Wegg,6940,our-mutual-friend
Boffin,Silas,6941,our-mutual-friend
Silas,Boffin,6941,our-mutual-friend
Silas,Trifle,6944,our-mutual-friend
Trifle,Silas,6944,our-mutual-friend
Don,Silas,6953,our-mutual-friend
Don,Boffin,6953,our-mutual-friend
Silas,Don,6953,our-mutual-friend
Silas,Boffin,6953,our-mutual-friend
Boffin,Don,6953,our-mutual-friend
Boffin,Silas,6953,our-mutual-friend
Silas,Mark,6955,our-mutual-friend
Mark,Silas,6955,our-mutual-friend
Venus,Boffin,6956,our-mutual-friend
Boffin,Venus,6956,our-mutual-friend
Boffin,Silas,6963,our-mutual-friend
Silas,Boffin,6963,our-mutual-friend
Venus,Silas Wegg,6970,our-mutual-friend
Silas Wegg,Venus,6970,our-mutual-friend
Boffin,Wegg,6971,our-mutual-friend
Boffin,Wegg,6971,our-mutual-friend
Wegg,Boffin,6971,our-mutual-friend
Wegg,Boffin,6971,our-mutual-friend
Boffin,Wegg,6973,our-mutual-friend
Boffin,Venus,6973,our-mutual-friend
Boffin,Silas Wegg,6973,our-mutual-friend
Wegg,Boffin,6973,our-mutual-friend
Wegg,Boffin,6973,our-mutual-friend
Wegg,Venus,6973,our-mutual-friend
Wegg,Silas Wegg,6973,our-mutual-friend
Boffin,Wegg,6973,our-mutual-friend
Boffin,Venus,6973,our-mutual-friend
Boffin,Silas Wegg,6973,our-mutual-friend
Venus,Boffin,6973,our-mutual-friend
Venus,Wegg,6973,our-mutual-friend
Venus,Boffin,6973,our-mutual-friend
Venus,Silas Wegg,6973,our-mutual-friend
Silas Wegg,Boffin,6973,our-mutual-friend
Silas Wegg,Wegg,6973,our-mutual-friend
Silas Wegg,Boffin,6973,our-mutual-friend
Silas Wegg,Venus,6973,our-mutual-friend
Boffin,Wegg,6983,our-mutual-friend
Boffin,Venus,6983,our-mutual-friend
Boffin,Wegg,6983,our-mutual-friend
Wegg,Boffin,6983,our-mutual-friend
Wegg,Venus,6983,our-mutual-friend
Venus,Boffin,6983,our-mutual-friend
Venus,Wegg,6983,our-mutual-friend
Venus,Wegg,6983,our-mutual-friend
Wegg,Boffin,6983,our-mutual-friend
Wegg,Venus,6983,our-mutual-friend
Boffin,Wegg,6985,our-mutual-friend
Wegg,Boffin,6985,our-mutual-friend
Wegg,None,6988,our-mutual-friend
Wegg,None,6988,our-mutual-friend
None,Wegg,6988,our-mutual-friend
None,Wegg,6988,our-mutual-friend
Don,Wegg,6996,our-mutual-friend
Don,Boffin,6996,our-mutual-friend
Wegg,Don,6996,our-mutual-friend
Wegg,Boffin,6996,our-mutual-friend
Boffin,Don,6996,our-mutual-friend
Boffin,Wegg,6996,our-mutual-friend
Don,Wegg,7001,our-mutual-friend
Wegg,Don,7001,our-mutual-friend
Boffin,Wegg,7005,our-mutual-friend
Wegg,Boffin,7005,our-mutual-friend
Wegg,Master George,7006,our-mutual-friend
Wegg,Aunt Jane,7006,our-mutual-friend
Wegg,Uncle Parker,7006,our-mutual-friend
Master George,Wegg,7006,our-mutual-friend
Master George,Aunt Jane,7006,our-mutual-friend
Master George,Uncle Parker,7006,our-mutual-friend
Aunt Jane,Wegg,7006,our-mutual-friend
Aunt Jane,Master George,7006,our-mutual-friend
Aunt Jane,Uncle Parker,7006,our-mutual-friend
Uncle Parker,Wegg,7006,our-mutual-friend
Uncle Parker,Master George,7006,our-mutual-friend
Uncle Parker,Aunt Jane,7006,our-mutual-friend
Will,Boffin,7009,our-mutual-friend
Boffin,Will,7009,our-mutual-friend
Boffin,Inspector,7011,our-mutual-friend
Boffin,Inspected,7011,our-mutual-friend
Inspector,Boffin,7011,our-mutual-friend
Inspector,Inspected,7011,our-mutual-friend
Inspector,Boffin,7011,our-mutual-friend
Inspected,Boffin,7011,our-mutual-friend
Inspected,Inspector,7011,our-mutual-friend
Inspected,Boffin,7011,our-mutual-friend
Boffin,Inspector,7011,our-mutual-friend
Boffin,Inspected,7011,our-mutual-friend
Boffin,Silas,7012,our-mutual-friend
Silas,Boffin,7012,our-mutual-friend
Silas,Boffin,7019,our-mutual-friend
Boffin,Silas,7019,our-mutual-friend
Pa,Dear Pa,7044,our-mutual-friend
Pa,Harmon,7044,our-mutual-friend
Dear Pa,Pa,7044,our-mutual-friend
Dear Pa,Harmon,7044,our-mutual-friend
Harmon,Pa,7044,our-mutual-friend
Harmon,Dear Pa,7044,our-mutual-friend
Behold,Behold Pa,7053,our-mutual-friend
Behold,Behold Bella,7053,our-mutual-friend
Behold Pa,Behold,7053,our-mutual-friend
Behold Pa,Behold Bella,7053,our-mutual-friend
Behold Bella,Behold,7053,our-mutual-friend
Behold Bella,Behold Pa,7053,our-mutual-friend
John Rokesmith,Bella,7054,our-mutual-friend
John Rokesmith,Rokesmith,7054,our-mutual-friend
John Rokesmith,Stranded,7054,our-mutual-friend
John Rokesmith,Gruff,7054,our-mutual-friend
John Rokesmith,Bella,7054,our-mutual-friend
John Rokesmith,Bella,7054,our-mutual-friend
John Rokesmith,Rokesmith,7054,our-mutual-friend
John Rokesmith,Stranded,7054,our-mutual-friend
John Rokesmith,Gruff,7054,our-mutual-friend
John Rokesmith,Bella,7054,our-mutual-friend
John Rokesmith,Bella,7054,our-mutual-friend
John Rokesmith,Rokesmith,7054,our-mutual-friend
John Rokesmith,Stranded,7054,our-mutual-friend
John Rokesmith,Gruff,7054,our-mutual-friend
John Rokesmith,Bella,7054,our-mutual-friend
Bella,John Rokesmith,7054,our-mutual-friend
Bella,John Rokesmith,7054,our-mutual-friend
Bella,John Rokesmith,7054,our-mutual-friend
Bella,Rokesmith,7054,our-mutual-friend
Bella,Stranded,7054,our-mutual-friend
Bella,Gruff,7054,our-mutual-friend
Rokesmith,John Rokesmith,7054,our-mutual-friend
Rokesmith,John Rokesmith,7054,our-mutual-friend
Rokesmith,John Rokesmith,7054,our-mutual-friend
Rokesmith,Bella,7054,our-mutual-friend
Rokesmith,Stranded,7054,our-mutual-friend
Rokesmith,Gruff,7054,our-mutual-friend
Rokesmith,Bella,7054,our-mutual-friend
Stranded,John Rokesmith,7054,our-mutual-friend
Stranded,John Rokesmith,7054,our-mutual-friend
Stranded,John Rokesmith,7054,our-mutual-friend
Stranded,Bella,7054,our-mutual-friend
Stranded,Rokesmith,7054,our-mutual-friend
Stranded,Gruff,7054,our-mutual-friend
Stranded,Bella,7054,our-mutual-friend
Gruff,John Rokesmith,7054,our-mutual-friend
Gruff,John Rokesmith,7054,our-mutual-friend
Gruff,John Rokesmith,7054,our-mutual-friend
Gruff,Bella,7054,our-mutual-friend
Gruff,Rokesmith,7054,our-mutual-friend
Gruff,Stranded,7054,our-mutual-friend
Gruff,Bella,7054,our-mutual-friend
Bella,John Rokesmith,7054,our-mutual-friend
Bella,John Rokesmith,7054,our-mutual-friend
Bella,John Rokesmith,7054,our-mutual-friend
Bella,Rokesmith,7054,our-mutual-friend
Bella,Stranded,7054,our-mutual-friend
Bella,Gruff,7054,our-mutual-friend
Gruff,Glum,7055,our-mutual-friend
Gruff,Glum,7055,our-mutual-friend
Glum,Gruff,7055,our-mutual-friend
Glum,Gruff,7055,our-mutual-friend
Gruff,Glum,7055,our-mutual-friend
Gruff,Glum,7055,our-mutual-friend
Glum,Gruff,7055,our-mutual-friend
Glum,Gruff,7055,our-mutual-friend
Gruff,Glum,7056,our-mutual-friend
Glum,Gruff,7056,our-mutual-friend
John Rokesmith,Gruff,7057,our-mutual-friend
John Rokesmith,Glum,7057,our-mutual-friend
John Rokesmith,Bella,7057,our-mutual-friend
Gruff,John Rokesmith,7057,our-mutual-friend
Gruff,Glum,7057,our-mutual-friend
Gruff,Bella,7057,our-mutual-friend
Glum,John Rokesmith,7057,our-mutual-friend
Glum,Gruff,7057,our-mutual-friend
Glum,Bella,7057,our-mutual-friend
Bella,John Rokesmith,7057,our-mutual-friend
Bella,Gruff,7057,our-mutual-friend
Bella,Glum,7057,our-mutual-friend
Glum,Gruff,7058,our-mutual-friend
Gruff,Glum,7058,our-mutual-friend
Gruff,Glum,7058,our-mutual-friend
Glum,Gruff,7058,our-mutual-friend
John,Gruff,7059,our-mutual-friend
John,Glum,7059,our-mutual-friend
Gruff,John,7059,our-mutual-friend
Gruff,Glum,7059,our-mutual-friend
Gruff,John,7059,our-mutual-friend
Glum,John,7059,our-mutual-friend
Glum,Gruff,7059,our-mutual-friend
Glum,John,7059,our-mutual-friend
John,Gruff,7059,our-mutual-friend
John,Glum,7059,our-mutual-friend
Bella Wilfer,Mrs John Rokesmith,7060,our-mutual-friend
Bella Wilfer,Gruff,7060,our-mutual-friend
Bella Wilfer,Glum,7060,our-mutual-friend
Mrs John Rokesmith,Bella Wilfer,7060,our-mutual-friend
Mrs John Rokesmith,Gruff,7060,our-mutual-friend
Mrs John Rokesmith,Glum,7060,our-mutual-friend
Gruff,Bella Wilfer,7060,our-mutual-friend
Gruff,Mrs John Rokesmith,7060,our-mutual-friend
Gruff,Glum,7060,our-mutual-friend
Glum,Bella Wilfer,7060,our-mutual-friend
Glum,Mrs John Rokesmith,7060,our-mutual-friend
Glum,Gruff,7060,our-mutual-friend
Bella,John,7061,our-mutual-friend
John,Bella,7061,our-mutual-friend
John Rokesmith,Her Gracious Majesty,7065,our-mutual-friend
John Rokesmith,Bella,7065,our-mutual-friend
Her Gracious Majesty,John Rokesmith,7065,our-mutual-friend
Her Gracious Majesty,Bella,7065,our-mutual-friend
Bella,John Rokesmith,7065,our-mutual-friend
Bella,Her Gracious Majesty,7065,our-mutual-friend
John,Bella,7067,our-mutual-friend
John,Bella,7067,our-mutual-friend
John,Pa,7067,our-mutual-friend
Bella,John,7067,our-mutual-friend
Bella,John,7067,our-mutual-friend
Bella,Pa,7067,our-mutual-friend
Bella,John,7067,our-mutual-friend
Bella,John,7067,our-mutual-friend
Bella,Pa,7067,our-mutual-friend
John,Bella,7067,our-mutual-friend
John,Bella,7067,our-mutual-friend
John,Pa,7067,our-mutual-friend
Pa,John,7067,our-mutual-friend
Pa,Bella,7067,our-mutual-friend
Pa,Bella,7067,our-mutual-friend
Pa,John,7067,our-mutual-friend
Glum,Bella,7068,our-mutual-friend
Glum,Gruff,7068,our-mutual-friend
Bella,Glum,7068,our-mutual-friend
Bella,Gruff,7068,our-mutual-friend
Bella,Glum,7068,our-mutual-friend
Gruff,Glum,7068,our-mutual-friend
Gruff,Bella,7068,our-mutual-friend
Gruff,Glum,7068,our-mutual-friend
Glum,Bella,7068,our-mutual-friend
Glum,Gruff,7068,our-mutual-friend
Glum,Bella,7069,our-mutual-friend
Glum,Answered Gruff,7069,our-mutual-friend
Glum,Gruff,7069,our-mutual-friend
Bella,Glum,7069,our-mutual-friend
Bella,Answered Gruff,7069,our-mutual-friend
Bella,Glum,7069,our-mutual-friend
Bella,Gruff,7069,our-mutual-friend
Answered Gruff,Glum,7069,our-mutual-friend
Answered Gruff,Bella,7069,our-mutual-friend
Answered Gruff,Glum,7069,our-mutual-friend
Answered Gruff,Gruff,7069,our-mutual-friend
Glum,Bella,7069,our-mutual-friend
Glum,Answered Gruff,7069,our-mutual-friend
Glum,Gruff,7069,our-mutual-friend
Gruff,Glum,7069,our-mutual-friend
Gruff,Bella,7069,our-mutual-friend
Gruff,Answered Gruff,7069,our-mutual-friend
Gruff,Glum,7069,our-mutual-friend
Bella,John,7070,our-mutual-friend
John,Bella,7070,our-mutual-friend
Bella,John Rokesmith,7075,our-mutual-friend
Bella,Likewise,7075,our-mutual-friend
Bella,John,7075,our-mutual-friend
John Rokesmith,Bella,7075,our-mutual-friend
John Rokesmith,Likewise,7075,our-mutual-friend
John Rokesmith,John,7075,our-mutual-friend
Likewise,Bella,7075,our-mutual-friend
Likewise,John Rokesmith,7075,our-mutual-friend
Likewise,John,7075,our-mutual-friend
John,Bella,7075,our-mutual-friend
John,John Rokesmith,7075,our-mutual-friend
John,Likewise,7075,our-mutual-friend
Arabian Nights,Bliss,7076,our-mutual-friend
Bliss,Arabian Nights,7076,our-mutual-friend
Bella,John,7077,our-mutual-friend
Bella,Grace,7077,our-mutual-friend
John,Bella,7077,our-mutual-friend
John,Grace,7077,our-mutual-friend
Grace,Bella,7077,our-mutual-friend
Grace,John,7077,our-mutual-friend
Bella,Him,7078,our-mutual-friend
Him,Bella,7078,our-mutual-friend
Whereunto,Bella,7081,our-mutual-friend
Whereunto,John,7081,our-mutual-friend
Bella,Whereunto,7081,our-mutual-friend
Bella,John,7081,our-mutual-friend
John,Whereunto,7081,our-mutual-friend
John,Bella,7081,our-mutual-friend
Wilfer,Miss Lavinia,7114,our-mutual-friend
Wilfer,George Sampson,7114,our-mutual-friend
Miss Lavinia,Wilfer,7114,our-mutual-friend
Miss Lavinia,George Sampson,7114,our-mutual-friend
George Sampson,Wilfer,7114,our-mutual-friend
George Sampson,Miss Lavinia,7114,our-mutual-friend
Mrs Wilfer,Bella,7115,our-mutual-friend
Bella,Mrs Wilfer,7115,our-mutual-friend
Mrs Wilfer,Bella,7119,our-mutual-friend
Bella,Mrs Wilfer,7119,our-mutual-friend
Bella,Mrs Wilfer,7121,our-mutual-friend
Mrs Wilfer,Bella,7121,our-mutual-friend
Mrs Wilfer,Bella,7121,our-mutual-friend
Bella,Mrs Wilfer,7121,our-mutual-friend
Bella,Mrs Wilfer,7123,our-mutual-friend
Mrs Wilfer,Bella,7123,our-mutual-friend
Mrs Wilfer,Bella,7123,our-mutual-friend
Bella,Mrs Wilfer,7123,our-mutual-friend
Hopes Ma,John Rokesmith,7124,our-mutual-friend
John Rokesmith,Hopes Ma,7124,our-mutual-friend
Mrs Wilfer,John Rokesmith,7128,our-mutual-friend
John Rokesmith,Mrs Wilfer,7128,our-mutual-friend
Lavvy,George Sampson,7134,our-mutual-friend
George Sampson,Lavvy,7134,our-mutual-friend
Wilfer,George,7135,our-mutual-friend
George,Wilfer,7135,our-mutual-friend
Bella,George,7136,our-mutual-friend
Bella,George,7136,our-mutual-friend
Bella,Lavvy,7136,our-mutual-friend
Bella,George,7136,our-mutual-friend
Bella,Lavvy,7136,our-mutual-friend
George,Bella,7136,our-mutual-friend
George,Lavvy,7136,our-mutual-friend
George,Lavvy,7136,our-mutual-friend
George,Bella,7136,our-mutual-friend
George,Lavvy,7136,our-mutual-friend
George,Lavvy,7136,our-mutual-friend
Lavvy,Bella,7136,our-mutual-friend
Lavvy,George,7136,our-mutual-friend
Lavvy,George,7136,our-mutual-friend
Lavvy,George,7136,our-mutual-friend
George,Bella,7136,our-mutual-friend
George,Lavvy,7136,our-mutual-friend
George,Lavvy,7136,our-mutual-friend
Lavvy,Bella,7136,our-mutual-friend
Lavvy,George,7136,our-mutual-friend
Lavvy,George,7136,our-mutual-friend
Lavvy,George,7136,our-mutual-friend
Mrs Wilfer,Viper,7137,our-mutual-friend
Viper,Mrs Wilfer,7137,our-mutual-friend
Wilfer,Miss Lavinia,7139,our-mutual-friend
Miss Lavinia,Wilfer,7139,our-mutual-friend
George,Miss Lavinia,7142,our-mutual-friend
George,Sampson,7142,our-mutual-friend
George,Mrs Wilfer,7142,our-mutual-friend
Miss Lavinia,George,7142,our-mutual-friend
Miss Lavinia,George,7142,our-mutual-friend
Miss Lavinia,George,7142,our-mutual-friend
Miss Lavinia,George,7142,our-mutual-friend
Miss Lavinia,George,7142,our-mutual-friend
Miss Lavinia,Sampson,7142,our-mutual-friend
Miss Lavinia,Mrs Wilfer,7142,our-mutual-friend
George,Miss Lavinia,7142,our-mutual-friend
George,Sampson,7142,our-mutual-friend
George,Mrs Wilfer,7142,our-mutual-friend
George,Miss Lavinia,7142,our-mutual-friend
George,Sampson,7142,our-mutual-friend
George,Mrs Wilfer,7142,our-mutual-friend
George,Miss Lavinia,7142,our-mutual-friend
George,Sampson,7142,our-mutual-friend
George,Mrs Wilfer,7142,our-mutual-friend
George,Miss Lavinia,7142,our-mutual-friend
George,Sampson,7142,our-mutual-friend
George,Mrs Wilfer,7142,our-mutual-friend
Sampson,George,7142,our-mutual-friend
Sampson,Miss Lavinia,7142,our-mutual-friend
Sampson,George,7142,our-mutual-friend
Sampson,George,7142,our-mutual-friend
Sampson,George,7142,our-mutual-friend
Sampson,George,7142,our-mutual-friend
Sampson,Mrs Wilfer,7142,our-mutual-friend
Mrs Wilfer,George,7142,our-mutual-friend
Mrs Wilfer,Miss Lavinia,7142,our-mutual-friend
Mrs Wilfer,George,7142,our-mutual-friend
Mrs Wilfer,George,7142,our-mutual-friend
Mrs Wilfer,George,7142,our-mutual-friend
Mrs Wilfer,George,7142,our-mutual-friend
Mrs Wilfer,Sampson,7142,our-mutual-friend
George,Sampson,7143,our-mutual-friend
George,Miss Lavvy,7143,our-mutual-friend
George,Sampson,7143,our-mutual-friend
Sampson,George,7143,our-mutual-friend
Sampson,Miss Lavvy,7143,our-mutual-friend
Sampson,George,7143,our-mutual-friend
Miss Lavvy,George,7143,our-mutual-friend
Miss Lavvy,Sampson,7143,our-mutual-friend
Miss Lavvy,Sampson,7143,our-mutual-friend
Miss Lavvy,George,7143,our-mutual-friend
Sampson,George,7143,our-mutual-friend
Sampson,Miss Lavvy,7143,our-mutual-friend
Sampson,George,7143,our-mutual-friend
George,Sampson,7143,our-mutual-friend
George,Miss Lavvy,7143,our-mutual-friend
George,Sampson,7143,our-mutual-friend
Miss Lavinia,Mrs Wilfer,7144,our-mutual-friend
Miss Lavinia,George Sampson,7144,our-mutual-friend
Miss Lavinia,Wilfer,7144,our-mutual-friend
Miss Lavinia,Sampson,7144,our-mutual-friend
Mrs Wilfer,Miss Lavinia,7144,our-mutual-friend
Mrs Wilfer,George Sampson,7144,our-mutual-friend
Mrs Wilfer,Miss Lavinia,7144,our-mutual-friend
Mrs Wilfer,Wilfer,7144,our-mutual-friend
Mrs Wilfer,Sampson,7144,our-mutual-friend
George Sampson,Miss Lavinia,7144,our-mutual-friend
George Sampson,Mrs Wilfer,7144,our-mutual-friend
George Sampson,Miss Lavinia,7144,our-mutual-friend
George Sampson,Wilfer,7144,our-mutual-friend
George Sampson,Sampson,7144,our-mutual-friend
Miss Lavinia,Mrs Wilfer,7144,our-mutual-friend
Miss Lavinia,George Sampson,7144,our-mutual-friend
Miss Lavinia,Wilfer,7144,our-mutual-friend
Miss Lavinia,Sampson,7144,our-mutual-friend
Wilfer,Miss Lavinia,7144,our-mutual-friend
Wilfer,Mrs Wilfer,7144,our-mutual-friend
Wilfer,George Sampson,7144,our-mutual-friend
Wilfer,Miss Lavinia,7144,our-mutual-friend
Wilfer,Sampson,7144,our-mutual-friend
Sampson,Miss Lavinia,7144,our-mutual-friend
Sampson,Mrs Wilfer,7144,our-mutual-friend
Sampson,George Sampson,7144,our-mutual-friend
Sampson,Miss Lavinia,7144,our-mutual-friend
Sampson,Wilfer,7144,our-mutual-friend
George,Lavvy,7145,our-mutual-friend
Lavvy,George,7145,our-mutual-friend
Sampson,Mrs Wilfer,7146,our-mutual-friend
Mrs Wilfer,Sampson,7146,our-mutual-friend
Mrs Wilfer,Sampson,7147,our-mutual-friend
Mrs Wilfer,Mrs Boffin,7147,our-mutual-friend
Mrs Wilfer,Bella,7147,our-mutual-friend
Mrs Wilfer,Bella,7147,our-mutual-friend
Mrs Wilfer,Bella,7147,our-mutual-friend
Sampson,Mrs Wilfer,7147,our-mutual-friend
Sampson,Mrs Boffin,7147,our-mutual-friend
Sampson,Bella,7147,our-mutual-friend
Sampson,Bella,7147,our-mutual-friend
Sampson,Bella,7147,our-mutual-friend
Mrs Boffin,Mrs Wilfer,7147,our-mutual-friend
Mrs Boffin,Sampson,7147,our-mutual-friend
Mrs Boffin,Bella,7147,our-mutual-friend
Mrs Boffin,Bella,7147,our-mutual-friend
Mrs Boffin,Bella,7147,our-mutual-friend
Bella,Mrs Wilfer,7147,our-mutual-friend
Bella,Sampson,7147,our-mutual-friend
Bella,Mrs Boffin,7147,our-mutual-friend
Bella,Mrs Wilfer,7147,our-mutual-friend
Bella,Sampson,7147,our-mutual-friend
Bella,Mrs Boffin,7147,our-mutual-friend
Bella,Mrs Wilfer,7147,our-mutual-friend
Bella,Sampson,7147,our-mutual-friend
Bella,Mrs Boffin,7147,our-mutual-friend
George,Bella,7154,our-mutual-friend
George,Bella,7154,our-mutual-friend
Bella,George,7154,our-mutual-friend
Bella,George,7154,our-mutual-friend
Sampson,Miss Lavvy,7155,our-mutual-friend
Sampson,George,7155,our-mutual-friend
Miss Lavvy,Sampson,7155,our-mutual-friend
Miss Lavvy,George,7155,our-mutual-friend
George,Sampson,7155,our-mutual-friend
George,Miss Lavvy,7155,our-mutual-friend
Dearest Ma,George Sampson,7162,our-mutual-friend
Dearest Ma,John,7162,our-mutual-friend
Dearest Ma,Lavvy,7162,our-mutual-friend
George Sampson,Dearest Ma,7162,our-mutual-friend
George Sampson,John,7162,our-mutual-friend
George Sampson,Lavvy,7162,our-mutual-friend
John,Dearest Ma,7162,our-mutual-friend
John,George Sampson,7162,our-mutual-friend
John,Lavvy,7162,our-mutual-friend
Lavvy,Dearest Ma,7162,our-mutual-friend
Lavvy,George Sampson,7162,our-mutual-friend
Lavvy,John,7162,our-mutual-friend
Wilfer,Miss Lavinia,7163,our-mutual-friend
Wilfer,Bella,7163,our-mutual-friend
Miss Lavinia,Wilfer,7163,our-mutual-friend
Miss Lavinia,Bella,7163,our-mutual-friend
Bella,Wilfer,7163,our-mutual-friend
Bella,Miss Lavinia,7163,our-mutual-friend
Dearest Ma,Lavvy,7164,our-mutual-friend
Dearest Ma,John,7164,our-mutual-friend
Dearest Ma,John,7164,our-mutual-friend
Dearest Ma,John,7164,our-mutual-friend
Dearest Ma,Lavvy,7164,our-mutual-friend
Dearest Ma,John,7164,our-mutual-friend
Dearest Ma,John,7164,our-mutual-friend
Dearest Ma,Lavvy,7164,our-mutual-friend
Dearest Ma,Didn,7164,our-mutual-friend
Lavvy,Dearest Ma,7164,our-mutual-friend
Lavvy,John,7164,our-mutual-friend
Lavvy,John,7164,our-mutual-friend
Lavvy,John,7164,our-mutual-friend
Lavvy,John,7164,our-mutual-friend
Lavvy,John,7164,our-mutual-friend
Lavvy,Didn,7164,our-mutual-friend
John,Dearest Ma,7164,our-mutual-friend
John,Lavvy,7164,our-mutual-friend
John,Lavvy,7164,our-mutual-friend
John,Lavvy,7164,our-mutual-friend
John,Didn,7164,our-mutual-friend
John,Dearest Ma,7164,our-mutual-friend
John,Lavvy,7164,our-mutual-friend
John,Lavvy,7164,our-mutual-friend
John,Lavvy,7164,our-mutual-friend
John,Didn,7164,our-mutual-friend
John,Dearest Ma,7164,our-mutual-friend
John,Lavvy,7164,our-mutual-friend
John,Lavvy,7164,our-mutual-friend
John,Lavvy,7164,our-mutual-friend
John,Didn,7164,our-mutual-friend
Lavvy,Dearest Ma,7164,our-mutual-friend
Lavvy,John,7164,our-mutual-friend
Lavvy,John,7164,our-mutual-friend
Lavvy,John,7164,our-mutual-friend
Lavvy,John,7164,our-mutual-friend
Lavvy,John,7164,our-mutual-friend
Lavvy,Didn,7164,our-mutual-friend
John,Dearest Ma,7164,our-mutual-friend
John,Lavvy,7164,our-mutual-friend
John,Lavvy,7164,our-mutual-friend
John,Lavvy,7164,our-mutual-friend
John,Didn,7164,our-mutual-friend
John,Dearest Ma,7164,our-mutual-friend
John,Lavvy,7164,our-mutual-friend
John,Lavvy,7164,our-mutual-friend
John,Lavvy,7164,our-mutual-friend
John,Didn,7164,our-mutual-friend
Lavvy,Dearest Ma,7164,our-mutual-friend
Lavvy,John,7164,our-mutual-friend
Lavvy,John,7164,our-mutual-friend
Lavvy,John,7164,our-mutual-friend
Lavvy,John,7164,our-mutual-friend
Lavvy,John,7164,our-mutual-friend
Lavvy,Didn,7164,our-mutual-friend
Didn,Dearest Ma,7164,our-mutual-friend
Didn,Lavvy,7164,our-mutual-friend
Didn,John,7164,our-mutual-friend
Didn,John,7164,our-mutual-friend
Didn,John,7164,our-mutual-friend
Didn,Lavvy,7164,our-mutual-friend
Didn,John,7164,our-mutual-friend
Didn,John,7164,our-mutual-friend
Didn,Lavvy,7164,our-mutual-friend
Lavvy,John,7166,our-mutual-friend
Lavvy,John,7166,our-mutual-friend
John,Lavvy,7166,our-mutual-friend
John,Lavvy,7166,our-mutual-friend
John,Lavvy,7166,our-mutual-friend
John,Lavvy,7166,our-mutual-friend
Lavvy,John,7166,our-mutual-friend
Lavvy,John,7166,our-mutual-friend
Sir,John,7170,our-mutual-friend
John,Sir,7170,our-mutual-friend
Lavvy,John,7176,our-mutual-friend
John,Lavvy,7176,our-mutual-friend
Wilfer,Miss Lavinia,7177,our-mutual-friend
Wilfer,Sampson,7177,our-mutual-friend
Wilfer,Rokesmith,7177,our-mutual-friend
Wilfer,Rokesmith,7177,our-mutual-friend
Miss Lavinia,Wilfer,7177,our-mutual-friend
Miss Lavinia,Sampson,7177,our-mutual-friend
Miss Lavinia,Rokesmith,7177,our-mutual-friend
Miss Lavinia,Rokesmith,7177,our-mutual-friend
Sampson,Wilfer,7177,our-mutual-friend
Sampson,Miss Lavinia,7177,our-mutual-friend
Sampson,Rokesmith,7177,our-mutual-friend
Sampson,Rokesmith,7177,our-mutual-friend
Rokesmith,Wilfer,7177,our-mutual-friend
Rokesmith,Miss Lavinia,7177,our-mutual-friend
Rokesmith,Sampson,7177,our-mutual-friend
Rokesmith,Wilfer,7177,our-mutual-friend
Rokesmith,Miss Lavinia,7177,our-mutual-friend
Rokesmith,Sampson,7177,our-mutual-friend
Bella,John,7199,our-mutual-friend
John,Bella,7199,our-mutual-friend
Dear John,John,7201,our-mutual-friend
Dear John,John,7201,our-mutual-friend
John,Dear John,7201,our-mutual-friend
John,Dear John,7201,our-mutual-friend
John,Bella,7203,our-mutual-friend
John,Mrs J. R.,7203,our-mutual-friend
John,Miss B. W.,7203,our-mutual-friend
Bella,John,7203,our-mutual-friend
Bella,Mrs J. R.,7203,our-mutual-friend
Bella,Miss B. W.,7203,our-mutual-friend
Mrs J. R.,John,7203,our-mutual-friend
Mrs J. R.,Bella,7203,our-mutual-friend
Mrs J. R.,Miss B. W.,7203,our-mutual-friend
Miss B. W.,John,7203,our-mutual-friend
Miss B. W.,Bella,7203,our-mutual-friend
Miss B. W.,Mrs J. R.,7203,our-mutual-friend
John Rokesmith,John,7205,our-mutual-friend
John Rokesmith,John,7205,our-mutual-friend
John Rokesmith,Algebra,7205,our-mutual-friend
John Rokesmith,Wonderful,7205,our-mutual-friend
John Rokesmith,John,7205,our-mutual-friend
John Rokesmith,John,7205,our-mutual-friend
John,John Rokesmith,7205,our-mutual-friend
John,Algebra,7205,our-mutual-friend
John,Wonderful,7205,our-mutual-friend
John,John Rokesmith,7205,our-mutual-friend
John,Algebra,7205,our-mutual-friend
John,Wonderful,7205,our-mutual-friend
Algebra,John Rokesmith,7205,our-mutual-friend
Algebra,John,7205,our-mutual-friend
Algebra,John,7205,our-mutual-friend
Algebra,Wonderful,7205,our-mutual-friend
Algebra,John,7205,our-mutual-friend
Algebra,John,7205,our-mutual-friend
Wonderful,John Rokesmith,7205,our-mutual-friend
Wonderful,John,7205,our-mutual-friend
Wonderful,John,7205,our-mutual-friend
Wonderful,Algebra,7205,our-mutual-friend
Wonderful,John,7205,our-mutual-friend
Wonderful,John,7205,our-mutual-friend
John,John Rokesmith,7205,our-mutual-friend
John,Algebra,7205,our-mutual-friend
John,Wonderful,7205,our-mutual-friend
John,John Rokesmith,7205,our-mutual-friend
John,Algebra,7205,our-mutual-friend
John,Wonderful,7205,our-mutual-friend
John,Bella,7210,our-mutual-friend
Bella,John,7210,our-mutual-friend
Bella,John,7210,our-mutual-friend
John,Bella,7210,our-mutual-friend
Rich,John,7218,our-mutual-friend
John,Rich,7218,our-mutual-friend
Regret,Bella,7220,our-mutual-friend
Regret,Mrs Boffin,7220,our-mutual-friend
Bella,Regret,7220,our-mutual-friend
Bella,Mrs Boffin,7220,our-mutual-friend
Mrs Boffin,Regret,7220,our-mutual-friend
Mrs Boffin,Bella,7220,our-mutual-friend
Pa,Bella,7222,our-mutual-friend
Bella,Pa,7222,our-mutual-friend
Bella,John,7236,our-mutual-friend
Bella,Shut,7236,our-mutual-friend
Bella,John,7236,our-mutual-friend
Bella,Shut,7236,our-mutual-friend
John,Bella,7236,our-mutual-friend
John,Bella,7236,our-mutual-friend
John,Shut,7236,our-mutual-friend
Shut,Bella,7236,our-mutual-friend
Shut,Bella,7236,our-mutual-friend
Shut,John,7236,our-mutual-friend
Pa,John,7242,our-mutual-friend
John,Pa,7242,our-mutual-friend
Lizzie Hexam,John,7244,our-mutual-friend
John,Lizzie Hexam,7244,our-mutual-friend
John,Good,7246,our-mutual-friend
Good,John,7246,our-mutual-friend
Bella,John,7253,our-mutual-friend
John,Bella,7253,our-mutual-friend
John,Bella,7256,our-mutual-friend
Bella,John,7256,our-mutual-friend
John,Bella,7258,our-mutual-friend
Bella,John,7258,our-mutual-friend
Bella,John,7269,our-mutual-friend
John,Bella,7269,our-mutual-friend
Bella,John,7279,our-mutual-friend
John,Bella,7279,our-mutual-friend
John,Pa,7281,our-mutual-friend
Pa,John,7281,our-mutual-friend
English,Wellington,7289,our-mutual-friend
English,Pig,7289,our-mutual-friend
Wellington,English,7289,our-mutual-friend
Wellington,Pig,7289,our-mutual-friend
Pig,English,7289,our-mutual-friend
Pig,Wellington,7289,our-mutual-friend
Such,Eugene Wrayburn,7290,our-mutual-friend
Eugene Wrayburn,Such,7290,our-mutual-friend
Man,Mutton,7294,our-mutual-friend
Mutton,Man,7294,our-mutual-friend
Faith,Eugene,7310,our-mutual-friend
Eugene,Faith,7310,our-mutual-friend
Heaven,Eugene,7320,our-mutual-friend
Eugene,Heaven,7320,our-mutual-friend
Halloa,Eugene,7379,our-mutual-friend
Eugene,Halloa,7379,our-mutual-friend
Eugene,Wrayburn,7381,our-mutual-friend
Wrayburn,Eugene,7381,our-mutual-friend
O,Lord,7390,our-mutual-friend
O,Lord God,7390,our-mutual-friend
Lord,O,7390,our-mutual-friend
Lord,Lord God,7390,our-mutual-friend
Lord God,O,7390,our-mutual-friend
Lord God,Lord,7390,our-mutual-friend
O,Lord God,7400,our-mutual-friend
Lord God,O,7400,our-mutual-friend
Don,Poor,7411,our-mutual-friend
Poor,Don,7411,our-mutual-friend
Bargeman,Bradley Headstone,7416,our-mutual-friend
Bradley Headstone,Bargeman,7416,our-mutual-friend
Rogue,Riderhood,7419,our-mutual-friend
Riderhood,Rogue,7419,our-mutual-friend
Bradley,Riderhood,7421,our-mutual-friend
Riderhood,Bradley,7421,our-mutual-friend
Riderhood,Bradley,7428,our-mutual-friend
Bradley,Riderhood,7428,our-mutual-friend
Bradley,Riderhood,7431,our-mutual-friend
Riderhood,Bradley,7431,our-mutual-friend
Riderhood,Bradley,7431,our-mutual-friend
Bradley,Riderhood,7431,our-mutual-friend
Bradley,Riderhood,7432,our-mutual-friend
Riderhood,Bradley,7432,our-mutual-friend
Riderhood,How,7439,our-mutual-friend
How,Riderhood,7439,our-mutual-friend
Riderhood,T,7441,our-mutual-friend
T,Riderhood,7441,our-mutual-friend
Bradley,Headstone,7444,our-mutual-friend
Headstone,Bradley,7444,our-mutual-friend
Bradley,Riderhood,7446,our-mutual-friend
Bradley,Riderhood,7446,our-mutual-friend
Riderhood,Bradley,7446,our-mutual-friend
Riderhood,Bradley,7446,our-mutual-friend
Bradley Headstone,Riderhood,7453,our-mutual-friend
Bradley Headstone,Riderhood,7453,our-mutual-friend
Bradley Headstone,Riderhood,7453,our-mutual-friend
Bradley Headstone,Bradley,7453,our-mutual-friend
Riderhood,Bradley Headstone,7453,our-mutual-friend
Riderhood,Bradley,7453,our-mutual-friend
Riderhood,Bradley Headstone,7453,our-mutual-friend
Riderhood,Bradley,7453,our-mutual-friend
Riderhood,Bradley Headstone,7453,our-mutual-friend
Riderhood,Bradley,7453,our-mutual-friend
Bradley,Bradley Headstone,7453,our-mutual-friend
Bradley,Riderhood,7453,our-mutual-friend
Bradley,Riderhood,7453,our-mutual-friend
Bradley,Riderhood,7453,our-mutual-friend
Bradley,Lock,7459,our-mutual-friend
Lock,Bradley,7459,our-mutual-friend
Lock,Bradley,7459,our-mutual-friend
Bradley,Lock,7459,our-mutual-friend
Riderhood,George,7461,our-mutual-friend
George,Riderhood,7461,our-mutual-friend
George,Riderhood,7461,our-mutual-friend
Riderhood,George,7461,our-mutual-friend
Bradley,Riderhood,7467,our-mutual-friend
Bradley,Riderhood,7467,our-mutual-friend
Riderhood,Bradley,7467,our-mutual-friend
Riderhood,Bradley,7467,our-mutual-friend
Riderhood,Bradley,7467,our-mutual-friend
Riderhood,Bradley,7467,our-mutual-friend
Bradley,Riderhood,7467,our-mutual-friend
Bradley,Riderhood,7467,our-mutual-friend
Charley,Hexam,7471,our-mutual-friend
Charley,Bradley,7471,our-mutual-friend
Charley,Mary Anne,7471,our-mutual-friend
Hexam,Charley,7471,our-mutual-friend
Hexam,Bradley,7471,our-mutual-friend
Hexam,Mary Anne,7471,our-mutual-friend
Bradley,Charley,7471,our-mutual-friend
Bradley,Hexam,7471,our-mutual-friend
Bradley,Mary Anne,7471,our-mutual-friend
Mary Anne,Charley,7471,our-mutual-friend
Mary Anne,Hexam,7471,our-mutual-friend
Mary Anne,Bradley,7471,our-mutual-friend
Young,Bradley,7490,our-mutual-friend
Bradley,Young,7490,our-mutual-friend
Bradley,Hexam,7496,our-mutual-friend
Hexam,Bradley,7496,our-mutual-friend
Hexam,Bradley,7496,our-mutual-friend
Bradley,Hexam,7496,our-mutual-friend
Rogue,Riderhood,7507,our-mutual-friend
Rogue,Plashwater Weir Mill,7507,our-mutual-friend
Riderhood,Rogue,7507,our-mutual-friend
Riderhood,Plashwater Weir Mill,7507,our-mutual-friend
Plashwater Weir Mill,Rogue,7507,our-mutual-friend
Plashwater Weir Mill,Riderhood,7507,our-mutual-friend
Miss,Wren,7534,our-mutual-friend
Wren,Miss,7534,our-mutual-friend
Navy,Miss Wren,7537,our-mutual-friend
Miss Wren,Navy,7537,our-mutual-friend
Miss Wren,Mine,7550,our-mutual-friend
Mine,Miss Wren,7550,our-mutual-friend
Miss Jenny,Miss Wren,7552,our-mutual-friend
Miss Wren,Miss Jenny,7552,our-mutual-friend
Little Eyes,Pubsey,7558,our-mutual-friend
Pubsey,Little Eyes,7558,our-mutual-friend
Pubsey,Little Eyes,7558,our-mutual-friend
Little Eyes,Pubsey,7558,our-mutual-friend
Fledgeby,Miss Jenny,7559,our-mutual-friend
Miss Jenny,Fledgeby,7559,our-mutual-friend
Fledgeby,Miss Jenny,7561,our-mutual-friend
Fledgeby,Judah,7561,our-mutual-friend
Fledgeby,Judah,7561,our-mutual-friend
Miss Jenny,Fledgeby,7561,our-mutual-friend
Miss Jenny,Judah,7561,our-mutual-friend
Miss Jenny,Judah,7561,our-mutual-friend
Miss Jenny,Fledgeby,7561,our-mutual-friend
Judah,Fledgeby,7561,our-mutual-friend
Judah,Miss Jenny,7561,our-mutual-friend
Judah,Fledgeby,7561,our-mutual-friend
Judah,Fledgeby,7561,our-mutual-friend
Judah,Miss Jenny,7561,our-mutual-friend
Judah,Fledgeby,7561,our-mutual-friend
Fledgeby,Miss Jenny,7561,our-mutual-friend
Fledgeby,Judah,7561,our-mutual-friend
Fledgeby,Judah,7561,our-mutual-friend
Fledgeby,Judah,7563,our-mutual-friend
Judah,Fledgeby,7563,our-mutual-friend
Judah,Fledgeby,7563,our-mutual-friend
Fledgeby,Judah,7563,our-mutual-friend
Miss,Jenny Wren,7572,our-mutual-friend
Jenny Wren,Miss,7572,our-mutual-friend
Albany,Piccadilly,7574,our-mutual-friend
Albany,Fledgeby,7574,our-mutual-friend
Piccadilly,Albany,7574,our-mutual-friend
Piccadilly,Fledgeby,7574,our-mutual-friend
Fledgeby,Albany,7574,our-mutual-friend
Fledgeby,Piccadilly,7574,our-mutual-friend
Fledgeby,Miss Jenny,7582,our-mutual-friend
Miss Jenny,Fledgeby,7582,our-mutual-friend
Misty,Little Eyes Pubsey,7585,our-mutual-friend
Misty,Pubsey,7585,our-mutual-friend
Misty,Little Eyes,7585,our-mutual-friend
Misty,Piccadilly,7585,our-mutual-friend
Little Eyes Pubsey,Misty,7585,our-mutual-friend
Little Eyes Pubsey,Pubsey,7585,our-mutual-friend
Little Eyes Pubsey,Little Eyes,7585,our-mutual-friend
Little Eyes Pubsey,Piccadilly,7585,our-mutual-friend
Pubsey,Misty,7585,our-mutual-friend
Pubsey,Little Eyes Pubsey,7585,our-mutual-friend
Pubsey,Little Eyes,7585,our-mutual-friend
Pubsey,Piccadilly,7585,our-mutual-friend
Little Eyes,Misty,7585,our-mutual-friend
Little Eyes,Little Eyes Pubsey,7585,our-mutual-friend
Little Eyes,Pubsey,7585,our-mutual-friend
Little Eyes,Piccadilly,7585,our-mutual-friend
Piccadilly,Misty,7585,our-mutual-friend
Piccadilly,Little Eyes Pubsey,7585,our-mutual-friend
Piccadilly,Pubsey,7585,our-mutual-friend
Piccadilly,Little Eyes,7585,our-mutual-friend
Miss,Wren,7599,our-mutual-friend
Miss,Miss Wren,7599,our-mutual-friend
Wren,Miss,7599,our-mutual-friend
Wren,Miss Wren,7599,our-mutual-friend
Miss Wren,Miss,7599,our-mutual-friend
Miss Wren,Wren,7599,our-mutual-friend
Miss Wren,Don,7603,our-mutual-friend
Don,Miss Wren,7603,our-mutual-friend
Miss Jenny,Lammle,7611,our-mutual-friend
Miss Jenny,Lammle,7611,our-mutual-friend
Miss Jenny,Jenny,7611,our-mutual-friend
Miss Jenny,Lammle,7611,our-mutual-friend
Miss Jenny,Lammle,7611,our-mutual-friend
Miss Jenny,Saint Mary Axe,7611,our-mutual-friend
Miss Jenny,Lammle,7611,our-mutual-friend
Miss Jenny,Lammle,7611,our-mutual-friend
Miss Jenny,Jenny,7611,our-mutual-friend
Miss Jenny,Lammle,7611,our-mutual-friend
Miss Jenny,Lammle,7611,our-mutual-friend
Miss Jenny,Saint Mary Axe,7611,our-mutual-friend
Lammle,Miss Jenny,7611,our-mutual-friend
Lammle,Miss Jenny,7611,our-mutual-friend
Lammle,Jenny,7611,our-mutual-friend
Lammle,Saint Mary Axe,7611,our-mutual-friend
Lammle,Miss Jenny,7611,our-mutual-friend
Lammle,Miss Jenny,7611,our-mutual-friend
Lammle,Jenny,7611,our-mutual-friend
Lammle,Saint Mary Axe,7611,our-mutual-friend
Jenny,Miss Jenny,7611,our-mutual-friend
Jenny,Miss Jenny,7611,our-mutual-friend
Jenny,Lammle,7611,our-mutual-friend
Jenny,Lammle,7611,our-mutual-friend
Jenny,Lammle,7611,our-mutual-friend
Jenny,Lammle,7611,our-mutual-friend
Jenny,Saint Mary Axe,7611,our-mutual-friend
Lammle,Miss Jenny,7611,our-mutual-friend
Lammle,Miss Jenny,7611,our-mutual-friend
Lammle,Jenny,7611,our-mutual-friend
Lammle,Saint Mary Axe,7611,our-mutual-friend
Lammle,Miss Jenny,7611,our-mutual-friend
Lammle,Miss Jenny,7611,our-mutual-friend
Lammle,Jenny,7611,our-mutual-friend
Lammle,Saint Mary Axe,7611,our-mutual-friend
Saint Mary Axe,Miss Jenny,7611,our-mutual-friend
Saint Mary Axe,Miss Jenny,7611,our-mutual-friend
Saint Mary Axe,Lammle,7611,our-mutual-friend
Saint Mary Axe,Lammle,7611,our-mutual-friend
Saint Mary Axe,Jenny,7611,our-mutual-friend
Saint Mary Axe,Lammle,7611,our-mutual-friend
Saint Mary Axe,Lammle,7611,our-mutual-friend
Little Eyes,Miss Jenny,7613,our-mutual-friend
Miss Jenny,Little Eyes,7613,our-mutual-friend
Miss Jenny,Fledgeby,7616,our-mutual-friend
Fledgeby,Miss Jenny,7616,our-mutual-friend
Fledgeby,Lammle,7624,our-mutual-friend
Lammle,Fledgeby,7624,our-mutual-friend
Lammle,Jenny,7629,our-mutual-friend
Jenny,Lammle,7629,our-mutual-friend
Fledgeby,Don,7631,our-mutual-friend
Don,Fledgeby,7631,our-mutual-friend
Fledgeby,Miss Jenny,7636,our-mutual-friend
Miss Jenny,Fledgeby,7636,our-mutual-friend
Miss,Jenny,7642,our-mutual-friend
Jenny,Miss,7642,our-mutual-friend
Miss,Jenny,7647,our-mutual-friend
Miss,Miss Jenny,7647,our-mutual-friend
Jenny,Miss,7647,our-mutual-friend
Jenny,Miss Jenny,7647,our-mutual-friend
Miss Jenny,Miss,7647,our-mutual-friend
Miss Jenny,Jenny,7647,our-mutual-friend
Miss Jenny,Albany,7649,our-mutual-friend
Miss Jenny,Saint Mary Axe,7649,our-mutual-friend
Albany,Miss Jenny,7649,our-mutual-friend
Albany,Saint Mary Axe,7649,our-mutual-friend
Saint Mary Axe,Miss Jenny,7649,our-mutual-friend
Saint Mary Axe,Albany,7649,our-mutual-friend
Jenny,Riah,7657,our-mutual-friend
Riah,Jenny,7657,our-mutual-friend
Miss Wren,Jenny,7660,our-mutual-friend
Jenny,Miss Wren,7660,our-mutual-friend
Jenny,Riah,7669,our-mutual-friend
Riah,Jenny,7669,our-mutual-friend
Miss Wren,Listen,7674,our-mutual-friend
Miss Wren,Little Eyes,7674,our-mutual-friend
Miss Wren,Little Eyes,7674,our-mutual-friend
Miss Wren,Little Eyes,7674,our-mutual-friend
Miss Wren,Cayenne,7674,our-mutual-friend
Miss Wren,Capsicum,7674,our-mutual-friend
Listen,Miss Wren,7674,our-mutual-friend
Listen,Little Eyes,7674,our-mutual-friend
Listen,Little Eyes,7674,our-mutual-friend
Listen,Little Eyes,7674,our-mutual-friend
Listen,Cayenne,7674,our-mutual-friend
Listen,Capsicum,7674,our-mutual-friend
Little Eyes,Miss Wren,7674,our-mutual-friend
Little Eyes,Listen,7674,our-mutual-friend
Little Eyes,Cayenne,7674,our-mutual-friend
Little Eyes,Capsicum,7674,our-mutual-friend
Little Eyes,Miss Wren,7674,our-mutual-friend
Little Eyes,Listen,7674,our-mutual-friend
Little Eyes,Cayenne,7674,our-mutual-friend
Little Eyes,Capsicum,7674,our-mutual-friend
Little Eyes,Miss Wren,7674,our-mutual-friend
Little Eyes,Listen,7674,our-mutual-friend
Little Eyes,Cayenne,7674,our-mutual-friend
Little Eyes,Capsicum,7674,our-mutual-friend
Cayenne,Miss Wren,7674,our-mutual-friend
Cayenne,Listen,7674,our-mutual-friend
Cayenne,Little Eyes,7674,our-mutual-friend
Cayenne,Little Eyes,7674,our-mutual-friend
Cayenne,Little Eyes,7674,our-mutual-friend
Cayenne,Capsicum,7674,our-mutual-friend
Capsicum,Miss Wren,7674,our-mutual-friend
Capsicum,Listen,7674,our-mutual-friend
Capsicum,Little Eyes,7674,our-mutual-friend
Capsicum,Little Eyes,7674,our-mutual-friend
Capsicum,Little Eyes,7674,our-mutual-friend
Capsicum,Cayenne,7674,our-mutual-friend
Miss Wren,Little Eyes,7678,our-mutual-friend
Little Eyes,Miss Wren,7678,our-mutual-friend
Verily,Jenny,7689,our-mutual-friend
Jenny,Verily,7689,our-mutual-friend
Jenny,Lizzie,7693,our-mutual-friend
Lizzie,Jenny,7693,our-mutual-friend
Young Blight,Dolls,7697,our-mutual-friend
Dolls,Young Blight,7697,our-mutual-friend
None,Jenny,7710,our-mutual-friend
Jenny,None,7710,our-mutual-friend
Miss Jenny,Humph,7718,our-mutual-friend
Miss Jenny,Humph,7718,our-mutual-friend
Humph,Miss Jenny,7718,our-mutual-friend
Humph,Miss Jenny,7718,our-mutual-friend
Miss Jenny,Jack Robinson,7732,our-mutual-friend
Miss Jenny,Jack Robinson,7732,our-mutual-friend
Jack Robinson,Miss Jenny,7732,our-mutual-friend
Jack Robinson,Miss Jenny,7732,our-mutual-friend
Miss Jenny,Lizzie Hexam,7738,our-mutual-friend
Lizzie Hexam,Miss Jenny,7738,our-mutual-friend
Time,Eugene Wrayburn,7743,our-mutual-friend
Eugene Wrayburn,Time,7743,our-mutual-friend
Lightwood,Lizzie,7745,our-mutual-friend
Lizzie,Lightwood,7745,our-mutual-friend
Jew,Mortimer Lightwood,7748,our-mutual-friend
Mortimer Lightwood,Jew,7748,our-mutual-friend
Mortimer Lightwood,Eugene,7753,our-mutual-friend
Eugene,Mortimer Lightwood,7753,our-mutual-friend
Jenny,Lightwood,7754,our-mutual-friend
Lightwood,Jenny,7754,our-mutual-friend
Jenny,Eugene,7762,our-mutual-friend
Eugene,Jenny,7762,our-mutual-friend
Jenny,Lightwood,7767,our-mutual-friend
Lightwood,Jenny,7767,our-mutual-friend
Tut,Eugene,7783,our-mutual-friend
Eugene,Tut,7783,our-mutual-friend
Don,Bradley Headstone,7789,our-mutual-friend
Don,Bradley Headstone,7789,our-mutual-friend
Don,Bradley Headstone,7789,our-mutual-friend
Bradley Headstone,Don,7789,our-mutual-friend
Bradley Headstone,Don,7789,our-mutual-friend
Bradley Headstone,Don,7789,our-mutual-friend
Don,Lizzie,7795,our-mutual-friend
Lizzie,Don,7795,our-mutual-friend
Lightwood,Eugene,7813,our-mutual-friend
Eugene,Lightwood,7813,our-mutual-friend
Eugene,Miss Jenny,7835,our-mutual-friend
Miss Jenny,Eugene,7835,our-mutual-friend
Lightwood,Lizzie,7836,our-mutual-friend
Lizzie,Lightwood,7836,our-mutual-friend
Miss,Jenny,7840,our-mutual-friend
Miss,Lightwood,7840,our-mutual-friend
Jenny,Miss,7840,our-mutual-friend
Jenny,Lightwood,7840,our-mutual-friend
Lightwood,Miss,7840,our-mutual-friend
Lightwood,Jenny,7840,our-mutual-friend
Jenny,Eugene,7842,our-mutual-friend
Eugene,Jenny,7842,our-mutual-friend
John Rokesmith,Miss Wren,7846,our-mutual-friend
John Rokesmith,Mrs John Rokesmith,7846,our-mutual-friend
John Rokesmith,Love,7846,our-mutual-friend
Miss Wren,John Rokesmith,7846,our-mutual-friend
Miss Wren,Mrs John Rokesmith,7846,our-mutual-friend
Miss Wren,Love,7846,our-mutual-friend
Miss Wren,John Rokesmith,7846,our-mutual-friend
Mrs John Rokesmith,John Rokesmith,7846,our-mutual-friend
Mrs John Rokesmith,Miss Wren,7846,our-mutual-friend
Mrs John Rokesmith,Love,7846,our-mutual-friend
Mrs John Rokesmith,John Rokesmith,7846,our-mutual-friend
Love,John Rokesmith,7846,our-mutual-friend
Love,Miss Wren,7846,our-mutual-friend
Love,Mrs John Rokesmith,7846,our-mutual-friend
Love,John Rokesmith,7846,our-mutual-friend
John Rokesmith,Miss Wren,7846,our-mutual-friend
John Rokesmith,Mrs John Rokesmith,7846,our-mutual-friend
John Rokesmith,Love,7846,our-mutual-friend
John,Mrs John,7847,our-mutual-friend
Mrs John,John,7847,our-mutual-friend
John,Bella,7848,our-mutual-friend
John,Bella,7848,our-mutual-friend
Bella,John,7848,our-mutual-friend
Bella,John,7848,our-mutual-friend
Mrs Rokesmith,Miss Wilfer,7851,our-mutual-friend
Mrs Rokesmith,Lightwood,7851,our-mutual-friend
Mrs Rokesmith,Lizzie Hexam,7851,our-mutual-friend
Mrs Rokesmith,Mrs John Rokesmith,7851,our-mutual-friend
Miss Wilfer,Mrs Rokesmith,7851,our-mutual-friend
Miss Wilfer,Lightwood,7851,our-mutual-friend
Miss Wilfer,Lizzie Hexam,7851,our-mutual-friend
Miss Wilfer,Mrs John Rokesmith,7851,our-mutual-friend
Lightwood,Mrs Rokesmith,7851,our-mutual-friend
Lightwood,Miss Wilfer,7851,our-mutual-friend
Lightwood,Lizzie Hexam,7851,our-mutual-friend
Lightwood,Mrs John Rokesmith,7851,our-mutual-friend
Lizzie Hexam,Mrs Rokesmith,7851,our-mutual-friend
Lizzie Hexam,Miss Wilfer,7851,our-mutual-friend
Lizzie Hexam,Lightwood,7851,our-mutual-friend
Lizzie Hexam,Mrs John Rokesmith,7851,our-mutual-friend
Mrs John Rokesmith,Mrs Rokesmith,7851,our-mutual-friend
Mrs John Rokesmith,Miss Wilfer,7851,our-mutual-friend
Mrs John Rokesmith,Lightwood,7851,our-mutual-friend
Mrs John Rokesmith,Lizzie Hexam,7851,our-mutual-friend
John,Bella,7857,our-mutual-friend
Bella,John,7857,our-mutual-friend
Don,John,7864,our-mutual-friend
Don,Bella,7864,our-mutual-friend
John,Don,7864,our-mutual-friend
John,Bella,7864,our-mutual-friend
Bella,Don,7864,our-mutual-friend
Bella,John,7864,our-mutual-friend
John,Bella,7873,our-mutual-friend
John,Don,7873,our-mutual-friend
Bella,John,7873,our-mutual-friend
Bella,Don,7873,our-mutual-friend
Don,John,7873,our-mutual-friend
Don,Bella,7873,our-mutual-friend
John,Bella,7877,our-mutual-friend
Bella,John,7877,our-mutual-friend
John,Don,7883,our-mutual-friend
Don,John,7883,our-mutual-friend
Don,John,7883,our-mutual-friend
Don,John,7883,our-mutual-friend
John,Don,7883,our-mutual-friend
John,Don,7883,our-mutual-friend
Bella,John,7885,our-mutual-friend
John,Bella,7885,our-mutual-friend
Lightwood,Margaretta,7893,our-mutual-friend
Margaretta,Lightwood,7893,our-mutual-friend
Margaretta,Lightwood,7893,our-mutual-friend
Lightwood,Margaretta,7893,our-mutual-friend
David,Mrs Milvey,7894,our-mutual-friend
David,Mrs Sprodgkin,7894,our-mutual-friend
Mrs Milvey,David,7894,our-mutual-friend
Mrs Milvey,Mrs Sprodgkin,7894,our-mutual-friend
Mrs Sprodgkin,David,7894,our-mutual-friend
Mrs Sprodgkin,Mrs Milvey,7894,our-mutual-friend
Lightwood,Margaretta,7895,our-mutual-friend
Lightwood,Mrs,7895,our-mutual-friend
Lightwood,Milvey,7895,our-mutual-friend
Lightwood,Sprodgkin,7895,our-mutual-friend
Lightwood,Whom,7895,our-mutual-friend
Lightwood,Mrs Milvey,7895,our-mutual-friend
Lightwood,Sprodgkin,7895,our-mutual-friend
Lightwood,Sally,7895,our-mutual-friend
Lightwood,Mrs Sprodgkin,7895,our-mutual-friend
Lightwood,Mrs Sprodgkin,7895,our-mutual-friend
Lightwood,Mrs Milvey,7895,our-mutual-friend
Margaretta,Lightwood,7895,our-mutual-friend
Margaretta,Mrs,7895,our-mutual-friend
Margaretta,Milvey,7895,our-mutual-friend
Margaretta,Sprodgkin,7895,our-mutual-friend
Margaretta,Whom,7895,our-mutual-friend
Margaretta,Mrs Milvey,7895,our-mutual-friend
Margaretta,Sprodgkin,7895,our-mutual-friend
Margaretta,Sally,7895,our-mutual-friend
Margaretta,Mrs Sprodgkin,7895,our-mutual-friend
Margaretta,Mrs Sprodgkin,7895,our-mutual-friend
Margaretta,Mrs Milvey,7895,our-mutual-friend
Mrs,Lightwood,7895,our-mutual-friend
Mrs,Margaretta,7895,our-mutual-friend
Mrs,Milvey,7895,our-mutual-friend
Mrs,Sprodgkin,7895,our-mutual-friend
Mrs,Whom,7895,our-mutual-friend
Mrs,Mrs Milvey,7895,our-mutual-friend
Mrs,Sprodgkin,7895,our-mutual-friend
Mrs,Sally,7895,our-mutual-friend
Mrs,Mrs Sprodgkin,7895,our-mutual-friend
Mrs,Mrs Sprodgkin,7895,our-mutual-friend
Mrs,Mrs Milvey,7895,our-mutual-friend
Milvey,Lightwood,7895,our-mutual-friend
Milvey,Margaretta,7895,our-mutual-friend
Milvey,Mrs,7895,our-mutual-friend
Milvey,Sprodgkin,7895,our-mutual-friend
Milvey,Whom,7895,our-mutual-friend
Milvey,Mrs Milvey,7895,our-mutual-friend
Milvey,Sprodgkin,7895,our-mutual-friend
Milvey,Sally,7895,our-mutual-friend
Milvey,Mrs Sprodgkin,7895,our-mutual-friend
Milvey,Mrs Sprodgkin,7895,our-mutual-friend
Milvey,Mrs Milvey,7895,our-mutual-friend
Sprodgkin,Lightwood,7895,our-mutual-friend
Sprodgkin,Margaretta,7895,our-mutual-friend
Sprodgkin,Mrs,7895,our-mutual-friend
Sprodgkin,Milvey,7895,our-mutual-friend
Sprodgkin,Whom,7895,our-mutual-friend
Sprodgkin,Mrs Milvey,7895,our-mutual-friend
Sprodgkin,Sally,7895,our-mutual-friend
Sprodgkin,Mrs Sprodgkin,7895,our-mutual-friend
Sprodgkin,Mrs Sprodgkin,7895,our-mutual-friend
Sprodgkin,Mrs Milvey,7895,our-mutual-friend
Whom,Lightwood,7895,our-mutual-friend
Whom,Margaretta,7895,our-mutual-friend
Whom,Mrs,7895,our-mutual-friend
Whom,Milvey,7895,our-mutual-friend
Whom,Sprodgkin,7895,our-mutual-friend
Whom,Mrs Milvey,7895,our-mutual-friend
Whom,Sprodgkin,7895,our-mutual-friend
Whom,Sally,7895,our-mutual-friend
Whom,Mrs Sprodgkin,7895,our-mutual-friend
Whom,Mrs Sprodgkin,7895,our-mutual-friend
Whom,Mrs Milvey,7895,our-mutual-friend
Mrs Milvey,Lightwood,7895,our-mutual-friend
Mrs Milvey,Margaretta,7895,our-mutual-friend
Mrs Milvey,Mrs,7895,our-mutual-friend
Mrs Milvey,Milvey,7895,our-mutual-friend
Mrs Milvey,Sprodgkin,7895,our-mutual-friend
Mrs Milvey,Whom,7895,our-mutual-friend
Mrs Milvey,Sprodgkin,7895,our-mutual-friend
Mrs Milvey,Sally,7895,our-mutual-friend
Mrs Milvey,Mrs Sprodgkin,7895,our-mutual-friend
Mrs Milvey,Mrs Sprodgkin,7895,our-mutual-friend
Sprodgkin,Lightwood,7895,our-mutual-friend
Sprodgkin,Margaretta,7895,our-mutual-friend
Sprodgkin,Mrs,7895,our-mutual-friend
Sprodgkin,Milvey,7895,our-mutual-friend
Sprodgkin,Whom,7895,our-mutual-friend
Sprodgkin,Mrs Milvey,7895,our-mutual-friend
Sprodgkin,Sally,7895,our-mutual-friend
Sprodgkin,Mrs Sprodgkin,7895,our-mutual-friend
Sprodgkin,Mrs Sprodgkin,7895,our-mutual-friend
Sprodgkin,Mrs Milvey,7895,our-mutual-friend
Sally,Lightwood,7895,our-mutual-friend
Sally,Margaretta,7895,our-mutual-friend
Sally,Mrs,7895,our-mutual-friend
Sally,Milvey,7895,our-mutual-friend
Sally,Sprodgkin,7895,our-mutual-friend
Sally,Whom,7895,our-mutual-friend
Sally,Mrs Milvey,7895,our-mutual-friend
Sally,Sprodgkin,7895,our-mutual-friend
Sally,Mrs Sprodgkin,7895,our-mutual-friend
Sally,Mrs Sprodgkin,7895,our-mutual-friend
Sally,Mrs Milvey,7895,our-mutual-friend
Mrs Sprodgkin,Lightwood,7895,our-mutual-friend
Mrs Sprodgkin,Margaretta,7895,our-mutual-friend
Mrs Sprodgkin,Mrs,7895,our-mutual-friend
Mrs Sprodgkin,Milvey,7895,our-mutual-friend
Mrs Sprodgkin,Sprodgkin,7895,our-mutual-friend
Mrs Sprodgkin,Whom,7895,our-mutual-friend
Mrs Sprodgkin,Mrs Milvey,7895,our-mutual-friend
Mrs Sprodgkin,Sprodgkin,7895,our-mutual-friend
Mrs Sprodgkin,Sally,7895,our-mutual-friend
Mrs Sprodgkin,Mrs Milvey,7895,our-mutual-friend
Mrs Sprodgkin,Lightwood,7895,our-mutual-friend
Mrs Sprodgkin,Margaretta,7895,our-mutual-friend
Mrs Sprodgkin,Mrs,7895,our-mutual-friend
Mrs Sprodgkin,Milvey,7895,our-mutual-friend
Mrs Sprodgkin,Sprodgkin,7895,our-mutual-friend
Mrs Sprodgkin,Whom,7895,our-mutual-friend
Mrs Sprodgkin,Mrs Milvey,7895,our-mutual-friend
Mrs Sprodgkin,Sprodgkin,7895,our-mutual-friend
Mrs Sprodgkin,Sally,7895,our-mutual-friend
Mrs Sprodgkin,Mrs Milvey,7895,our-mutual-friend
Mrs Milvey,Lightwood,7895,our-mutual-friend
Mrs Milvey,Margaretta,7895,our-mutual-friend
Mrs Milvey,Mrs,7895,our-mutual-friend
Mrs Milvey,Milvey,7895,our-mutual-friend
Mrs Milvey,Sprodgkin,7895,our-mutual-friend
Mrs Milvey,Whom,7895,our-mutual-friend
Mrs Milvey,Sprodgkin,7895,our-mutual-friend
Mrs Milvey,Sally,7895,our-mutual-friend
Mrs Milvey,Mrs Sprodgkin,7895,our-mutual-friend
Mrs Milvey,Mrs Sprodgkin,7895,our-mutual-friend
Mrs Milvey,Rokesmith,7900,our-mutual-friend
Rokesmith,Mrs Milvey,7900,our-mutual-friend
Bella,Milvey,7901,our-mutual-friend
Milvey,Bella,7901,our-mutual-friend
Mrs Milvey,Frank NEVER,7902,our-mutual-friend
Mrs Milvey,Frank,7902,our-mutual-friend
Frank NEVER,Mrs Milvey,7902,our-mutual-friend
Frank NEVER,Frank,7902,our-mutual-friend
Frank,Mrs Milvey,7902,our-mutual-friend
Frank,Frank NEVER,7902,our-mutual-friend
Lightwood,Mrs Milvey,7903,our-mutual-friend
Lightwood,Lizzie Hexam,7903,our-mutual-friend
Lightwood,Milvey,7903,our-mutual-friend
Mrs Milvey,Lightwood,7903,our-mutual-friend
Mrs Milvey,Lizzie Hexam,7903,our-mutual-friend
Mrs Milvey,Lightwood,7903,our-mutual-friend
Mrs Milvey,Milvey,7903,our-mutual-friend
Lizzie Hexam,Lightwood,7903,our-mutual-friend
Lizzie Hexam,Mrs Milvey,7903,our-mutual-friend
Lizzie Hexam,Lightwood,7903,our-mutual-friend
Lizzie Hexam,Milvey,7903,our-mutual-friend
Lightwood,Mrs Milvey,7903,our-mutual-friend
Lightwood,Lizzie Hexam,7903,our-mutual-friend
Lightwood,Milvey,7903,our-mutual-friend
Milvey,Lightwood,7903,our-mutual-friend
Milvey,Mrs Milvey,7903,our-mutual-friend
Milvey,Lizzie Hexam,7903,our-mutual-friend
Milvey,Lightwood,7903,our-mutual-friend
Bradley,Headstone,7924,our-mutual-friend
Bradley,Milvey,7924,our-mutual-friend
Headstone,Bradley,7924,our-mutual-friend
Headstone,Milvey,7924,our-mutual-friend
Milvey,Bradley,7924,our-mutual-friend
Milvey,Headstone,7924,our-mutual-friend
Eugene,Lightwood,7933,our-mutual-friend
Lightwood,Eugene,7933,our-mutual-friend
Bella,Lizzie,7934,our-mutual-friend
Bella,John,7934,our-mutual-friend
Bella,Term,7934,our-mutual-friend
Lizzie,Bella,7934,our-mutual-friend
Lizzie,Bella,7934,our-mutual-friend
Lizzie,John,7934,our-mutual-friend
Lizzie,Term,7934,our-mutual-friend
Bella,Lizzie,7934,our-mutual-friend
Bella,John,7934,our-mutual-friend
Bella,Term,7934,our-mutual-friend
John,Bella,7934,our-mutual-friend
John,Lizzie,7934,our-mutual-friend
John,Bella,7934,our-mutual-friend
John,Term,7934,our-mutual-friend
Term,Bella,7934,our-mutual-friend
Term,Lizzie,7934,our-mutual-friend
Term,Bella,7934,our-mutual-friend
Term,John,7934,our-mutual-friend
Eugene,Lizzie,7937,our-mutual-friend
Lizzie,Eugene,7937,our-mutual-friend
Eugene,Lizzie,7941,our-mutual-friend
Lizzie,Eugene,7941,our-mutual-friend
Milvey,Bella,7942,our-mutual-friend
Bella,Milvey,7942,our-mutual-friend
Bella,Milvey,7942,our-mutual-friend
Bella,Milvey,7942,our-mutual-friend
Milvey,Bella,7942,our-mutual-friend
Milvey,Bella,7942,our-mutual-friend
Eugene,Lizzie,7944,our-mutual-friend
Lizzie,Eugene,7944,our-mutual-friend
Lizzie,Eugene,7953,our-mutual-friend
Eugene,Lizzie,7953,our-mutual-friend
Lizzie,Eugene,7968,our-mutual-friend
Eugene,Lizzie,7968,our-mutual-friend
Mrs John Rokesmith,John Rokesmith,7972,our-mutual-friend
John Rokesmith,Mrs John Rokesmith,7972,our-mutual-friend
John,Bella,7983,our-mutual-friend
Bella,John,7983,our-mutual-friend
John,Bella,7987,our-mutual-friend
John,Lightwood,7987,our-mutual-friend
Bella,John,7987,our-mutual-friend
Bella,Lightwood,7987,our-mutual-friend
Lightwood,John,7987,our-mutual-friend
Lightwood,Bella,7987,our-mutual-friend
Lightwood,Julius Handford,7989,our-mutual-friend
Julius Handford,Lightwood,7989,our-mutual-friend
Julius,Bella,7990,our-mutual-friend
Julius,Boffin,7990,our-mutual-friend
Julius,Julius Handford,7990,our-mutual-friend
Bella,Julius,7990,our-mutual-friend
Bella,Boffin,7990,our-mutual-friend
Bella,Julius Handford,7990,our-mutual-friend
Boffin,Julius,7990,our-mutual-friend
Boffin,Bella,7990,our-mutual-friend
Boffin,Julius Handford,7990,our-mutual-friend
Julius Handford,Julius,7990,our-mutual-friend
Julius Handford,Bella,7990,our-mutual-friend
Julius Handford,Boffin,7990,our-mutual-friend
Lightwood,Julius Handford,7991,our-mutual-friend
Julius Handford,Lightwood,7991,our-mutual-friend
Sir,Lightwood,7995,our-mutual-friend
Lightwood,Sir,7995,our-mutual-friend
Don,Rokesmith,7999,our-mutual-friend
Rokesmith,Don,7999,our-mutual-friend
Lightwood,Bella,8002,our-mutual-friend
Lightwood,Bella,8002,our-mutual-friend
Bella,Lightwood,8002,our-mutual-friend
Bella,Lightwood,8002,our-mutual-friend
Bella,John,8017,our-mutual-friend
John,Bella,8017,our-mutual-friend
Bella,John,8046,our-mutual-friend
Bella,John,8046,our-mutual-friend
Bella,John,8046,our-mutual-friend
Bella,John,8046,our-mutual-friend
Bella,John,8046,our-mutual-friend
John,Bella,8046,our-mutual-friend
John,Bella,8046,our-mutual-friend
John,Bella,8046,our-mutual-friend
John,Bella,8046,our-mutual-friend
John,Bella,8046,our-mutual-friend
John,Bella,8046,our-mutual-friend
John,Bella,8046,our-mutual-friend
John,Bella,8046,our-mutual-friend
Bella,John,8046,our-mutual-friend
Bella,John,8046,our-mutual-friend
Bella,John,8046,our-mutual-friend
Bella,John,8046,our-mutual-friend
Bella,John,8046,our-mutual-friend
John,Bella,8046,our-mutual-friend
John,Bella,8046,our-mutual-friend
John,Bella,8048,our-mutual-friend
Bella,John,8048,our-mutual-friend
Royal Arms,Miss Abbey,8051,our-mutual-friend
Miss Abbey,Royal Arms,8051,our-mutual-friend
Bella,John,8052,our-mutual-friend
Bella,Cosy,8052,our-mutual-friend
John,Bella,8052,our-mutual-friend
John,Cosy,8052,our-mutual-friend
Cosy,Bella,8052,our-mutual-friend
Cosy,John,8052,our-mutual-friend
John,Identification,8053,our-mutual-friend
Identification,John,8053,our-mutual-friend
Potterson,Jacob Kibble,8067,our-mutual-friend
Jacob Kibble,Potterson,8067,our-mutual-friend
Miss Abbey,Steward,8069,our-mutual-friend
Steward,Miss Abbey,8069,our-mutual-friend
Kibble,Potterson,8076,our-mutual-friend
Kibble,Potterson,8076,our-mutual-friend
Kibble,Potterson,8076,our-mutual-friend
Kibble,Bella,8076,our-mutual-friend
Kibble,Sharp,8076,our-mutual-friend
Potterson,Kibble,8076,our-mutual-friend
Potterson,Bella,8076,our-mutual-friend
Potterson,Sharp,8076,our-mutual-friend
Potterson,Kibble,8076,our-mutual-friend
Potterson,Bella,8076,our-mutual-friend
Potterson,Sharp,8076,our-mutual-friend
Potterson,Kibble,8076,our-mutual-friend
Potterson,Bella,8076,our-mutual-friend
Potterson,Sharp,8076,our-mutual-friend
Bella,Kibble,8076,our-mutual-friend
Bella,Potterson,8076,our-mutual-friend
Bella,Potterson,8076,our-mutual-friend
Bella,Potterson,8076,our-mutual-friend
Bella,Sharp,8076,our-mutual-friend
Sharp,Kibble,8076,our-mutual-friend
Sharp,Potterson,8076,our-mutual-friend
Sharp,Potterson,8076,our-mutual-friend
Sharp,Potterson,8076,our-mutual-friend
Sharp,Bella,8076,our-mutual-friend
John,Bella,8078,our-mutual-friend
Bella,John,8078,our-mutual-friend
John,Bella,8094,our-mutual-friend
Bella,John,8094,our-mutual-friend
Bella,John,8094,our-mutual-friend
Bella,John,8094,our-mutual-friend
John,Bella,8094,our-mutual-friend
John,Bella,8094,our-mutual-friend
John,Bella,8096,our-mutual-friend
Bella,John,8096,our-mutual-friend
John,Bella,8097,our-mutual-friend
Bella,John,8097,our-mutual-friend
Bella,Boffin,8098,our-mutual-friend
Boffin,Bella,8098,our-mutual-friend
John,Bella,8102,our-mutual-friend
Bella,John,8102,our-mutual-friend
John,Bella,8105,our-mutual-friend
Bella,John,8105,our-mutual-friend
John,Bella,8107,our-mutual-friend
Bella,John,8107,our-mutual-friend
Behold,Mrs Boffin,8110,our-mutual-friend
Behold,Behold Mrs Boffin,8110,our-mutual-friend
Behold,Noddy,8110,our-mutual-friend
Behold,John,8110,our-mutual-friend
Behold,Pretty Pretty,8110,our-mutual-friend
Mrs Boffin,Behold,8110,our-mutual-friend
Mrs Boffin,Behold Mrs Boffin,8110,our-mutual-friend
Mrs Boffin,Noddy,8110,our-mutual-friend
Mrs Boffin,John,8110,our-mutual-friend
Mrs Boffin,Pretty Pretty,8110,our-mutual-friend
Behold Mrs Boffin,Behold,8110,our-mutual-friend
Behold Mrs Boffin,Mrs Boffin,8110,our-mutual-friend
Behold Mrs Boffin,Noddy,8110,our-mutual-friend
Behold Mrs Boffin,John,8110,our-mutual-friend
Behold Mrs Boffin,Pretty Pretty,8110,our-mutual-friend
Noddy,Behold,8110,our-mutual-friend
Noddy,Mrs Boffin,8110,our-mutual-friend
Noddy,Behold Mrs Boffin,8110,our-mutual-friend
Noddy,John,8110,our-mutual-friend
Noddy,Pretty Pretty,8110,our-mutual-friend
John,Behold,8110,our-mutual-friend
John,Mrs Boffin,8110,our-mutual-friend
John,Behold Mrs Boffin,8110,our-mutual-friend
John,Noddy,8110,our-mutual-friend
John,Pretty Pretty,8110,our-mutual-friend
Pretty Pretty,Behold,8110,our-mutual-friend
Pretty Pretty,Mrs Boffin,8110,our-mutual-friend
Pretty Pretty,Behold Mrs Boffin,8110,our-mutual-friend
Pretty Pretty,Noddy,8110,our-mutual-friend
Pretty Pretty,John,8110,our-mutual-friend
Bella,John,8114,our-mutual-friend
Bella,John,8114,our-mutual-friend
John,Bella,8114,our-mutual-friend
John,Bella,8114,our-mutual-friend
Boffin,Bella,8115,our-mutual-friend
Boffin,John,8115,our-mutual-friend
Bella,Boffin,8115,our-mutual-friend
Bella,John,8115,our-mutual-friend
Bella,Boffin,8115,our-mutual-friend
Bella,Boffin,8115,our-mutual-friend
John,Boffin,8115,our-mutual-friend
John,Bella,8115,our-mutual-friend
John,Boffin,8115,our-mutual-friend
John,Boffin,8115,our-mutual-friend
Boffin,Bella,8115,our-mutual-friend
Boffin,John,8115,our-mutual-friend
Boffin,Bella,8115,our-mutual-friend
Boffin,John,8115,our-mutual-friend
Noddy,Mrs Boffin,8117,our-mutual-friend
Noddy,Bella,8117,our-mutual-friend
Mrs Boffin,Noddy,8117,our-mutual-friend
Mrs Boffin,Bella,8117,our-mutual-friend
Bella,Noddy,8117,our-mutual-friend
Bella,Mrs Boffin,8117,our-mutual-friend
John,Bella,8124,our-mutual-friend
Bella,John,8124,our-mutual-friend
Mrs Boffin,John,8125,our-mutual-friend
John,Mrs Boffin,8125,our-mutual-friend
Mrs Boffin,Didn,8127,our-mutual-friend
Mrs Boffin,Noddy,8127,our-mutual-friend
Didn,Mrs Boffin,8127,our-mutual-friend
Didn,Noddy,8127,our-mutual-friend
Noddy,Mrs Boffin,8127,our-mutual-friend
Noddy,Didn,8127,our-mutual-friend
Harkee,Mrs Boffin,8129,our-mutual-friend
Harkee,Bella,8129,our-mutual-friend
Harkee,John,8129,our-mutual-friend
Harkee,John,8129,our-mutual-friend
Harkee,Noddy,8129,our-mutual-friend
Harkee,John,8129,our-mutual-friend
Harkee,Mrs Boffin,8129,our-mutual-friend
Mrs Boffin,Harkee,8129,our-mutual-friend
Mrs Boffin,Bella,8129,our-mutual-friend
Mrs Boffin,John,8129,our-mutual-friend
Mrs Boffin,John,8129,our-mutual-friend
Mrs Boffin,Noddy,8129,our-mutual-friend
Mrs Boffin,John,8129,our-mutual-friend
Bella,Harkee,8129,our-mutual-friend
Bella,Mrs Boffin,8129,our-mutual-friend
Bella,John,8129,our-mutual-friend
Bella,John,8129,our-mutual-friend
Bella,Noddy,8129,our-mutual-friend
Bella,John,8129,our-mutual-friend
Bella,Mrs Boffin,8129,our-mutual-friend
John,Harkee,8129,our-mutual-friend
John,Mrs Boffin,8129,our-mutual-friend
John,Bella,8129,our-mutual-friend
John,Noddy,8129,our-mutual-friend
John,Mrs Boffin,8129,our-mutual-friend
John,Harkee,8129,our-mutual-friend
John,Mrs Boffin,8129,our-mutual-friend
John,Bella,8129,our-mutual-friend
John,Noddy,8129,our-mutual-friend
John,Mrs Boffin,8129,our-mutual-friend
Noddy,Harkee,8129,our-mutual-friend
Noddy,Mrs Boffin,8129,our-mutual-friend
Noddy,Bella,8129,our-mutual-friend
Noddy,John,8129,our-mutual-friend
Noddy,John,8129,our-mutual-friend
Noddy,John,8129,our-mutual-friend
Noddy,Mrs Boffin,8129,our-mutual-friend
John,Harkee,8129,our-mutual-friend
John,Mrs Boffin,8129,our-mutual-friend
John,Bella,8129,our-mutual-friend
John,Noddy,8129,our-mutual-friend
John,Mrs Boffin,8129,our-mutual-friend
Mrs Boffin,Harkee,8129,our-mutual-friend
Mrs Boffin,Bella,8129,our-mutual-friend
Mrs Boffin,John,8129,our-mutual-friend
Mrs Boffin,John,8129,our-mutual-friend
Mrs Boffin,Noddy,8129,our-mutual-friend
Mrs Boffin,John,8129,our-mutual-friend
Don,Mrs Boffin,8131,our-mutual-friend
Mrs Boffin,Don,8131,our-mutual-friend
Mrs Boffin,John Harmon,8133,our-mutual-friend
Mrs Boffin,John Harmon,8133,our-mutual-friend
Mrs Boffin,John Harmon,8133,our-mutual-friend
Mrs Boffin,John Harmon,8133,our-mutual-friend
John Harmon,Mrs Boffin,8133,our-mutual-friend
John Harmon,Mrs Boffin,8133,our-mutual-friend
John Harmon,Mrs Boffin,8133,our-mutual-friend
John Harmon,Mrs Boffin,8133,our-mutual-friend
Mrs Boffin,John,8135,our-mutual-friend
John,Mrs Boffin,8135,our-mutual-friend
Mrs Boffin,John,8137,our-mutual-friend
Mrs Boffin,John,8137,our-mutual-friend
John,Mrs Boffin,8137,our-mutual-friend
John,Mrs Boffin,8137,our-mutual-friend
Mrs Boffin,John,8139,our-mutual-friend
Mrs Boffin,Noddy,8139,our-mutual-friend
John,Mrs Boffin,8139,our-mutual-friend
John,Noddy,8139,our-mutual-friend
Noddy,Mrs Boffin,8139,our-mutual-friend
Noddy,John,8139,our-mutual-friend
Mrs Boffin,Seems,8141,our-mutual-friend
Mrs Boffin,John,8141,our-mutual-friend
Mrs Boffin,John,8141,our-mutual-friend
Mrs Boffin,Noddy,8141,our-mutual-friend
Mrs Boffin,John,8141,our-mutual-friend
Mrs Boffin,John,8141,our-mutual-friend
Seems,Mrs Boffin,8141,our-mutual-friend
Seems,John,8141,our-mutual-friend
Seems,John,8141,our-mutual-friend
Seems,Noddy,8141,our-mutual-friend
Seems,John,8141,our-mutual-friend
Seems,John,8141,our-mutual-friend
John,Mrs Boffin,8141,our-mutual-friend
John,Seems,8141,our-mutual-friend
John,Noddy,8141,our-mutual-friend
John,Mrs Boffin,8141,our-mutual-friend
John,Seems,8141,our-mutual-friend
John,Noddy,8141,our-mutual-friend
Noddy,Mrs Boffin,8141,our-mutual-friend
Noddy,Seems,8141,our-mutual-friend
Noddy,John,8141,our-mutual-friend
Noddy,John,8141,our-mutual-friend
Noddy,John,8141,our-mutual-friend
Noddy,John,8141,our-mutual-friend
John,Mrs Boffin,8141,our-mutual-friend
John,Seems,8141,our-mutual-friend
John,Noddy,8141,our-mutual-friend
John,Mrs Boffin,8141,our-mutual-friend
John,Seems,8141,our-mutual-friend
John,Noddy,8141,our-mutual-friend
Mrs Boffin,John,8144,our-mutual-friend
Mrs Boffin,Noddy,8144,our-mutual-friend
John,Mrs Boffin,8144,our-mutual-friend
John,Noddy,8144,our-mutual-friend
Noddy,Mrs Boffin,8144,our-mutual-friend
Noddy,John,8144,our-mutual-friend
Don,Mrs Boffin,8146,our-mutual-friend
Mrs Boffin,Don,8146,our-mutual-friend
Don,Mrs Boffin,8148,our-mutual-friend
Don,John,8148,our-mutual-friend
Mrs Boffin,Don,8148,our-mutual-friend
Mrs Boffin,John,8148,our-mutual-friend
John,Don,8148,our-mutual-friend
John,Mrs Boffin,8148,our-mutual-friend
John,Mrs Boffin,8150,our-mutual-friend
Mrs Boffin,John,8150,our-mutual-friend
Mrs Boffin,John,8150,our-mutual-friend
Mrs Boffin,John,8150,our-mutual-friend
Mrs Boffin,John,8150,our-mutual-friend
John,Mrs Boffin,8150,our-mutual-friend
John,Mrs Boffin,8150,our-mutual-friend
John,Mrs Boffin,8150,our-mutual-friend
Noddy,Mrs Boffin,8152,our-mutual-friend
Noddy,John,8152,our-mutual-friend
Noddy,Mrs Boffin,8152,our-mutual-friend
Mrs Boffin,Noddy,8152,our-mutual-friend
Mrs Boffin,John,8152,our-mutual-friend
John,Noddy,8152,our-mutual-friend
John,Mrs Boffin,8152,our-mutual-friend
John,Mrs Boffin,8152,our-mutual-friend
Mrs Boffin,Noddy,8152,our-mutual-friend
Mrs Boffin,John,8152,our-mutual-friend
Mrs Boffin,Better,8154,our-mutual-friend
Mrs Boffin,John,8154,our-mutual-friend
Better,Mrs Boffin,8154,our-mutual-friend
Better,John,8154,our-mutual-friend
John,Mrs Boffin,8154,our-mutual-friend
John,Better,8154,our-mutual-friend
Mrs Boffin,John,8156,our-mutual-friend
Mrs Boffin,Noddy,8156,our-mutual-friend
John,Mrs Boffin,8156,our-mutual-friend
John,Noddy,8156,our-mutual-friend
Noddy,Mrs Boffin,8156,our-mutual-friend
Noddy,John,8156,our-mutual-friend
John,Bella,8162,our-mutual-friend
John,Bella,8162,our-mutual-friend
John,Hopkins,8162,our-mutual-friend
John,Dancer,8162,our-mutual-friend
John,Blackberry Jones,8162,our-mutual-friend
Bella,John,8162,our-mutual-friend
Bella,Hopkins,8162,our-mutual-friend
Bella,Dancer,8162,our-mutual-friend
Bella,Blackberry Jones,8162,our-mutual-friend
Bella,John,8162,our-mutual-friend
Bella,Hopkins,8162,our-mutual-friend
Bella,Dancer,8162,our-mutual-friend
Bella,Blackberry Jones,8162,our-mutual-friend
Hopkins,John,8162,our-mutual-friend
Hopkins,Bella,8162,our-mutual-friend
Hopkins,Bella,8162,our-mutual-friend
Hopkins,Dancer,8162,our-mutual-friend
Hopkins,Blackberry Jones,8162,our-mutual-friend
Dancer,John,8162,our-mutual-friend
Dancer,Bella,8162,our-mutual-friend
Dancer,Bella,8162,our-mutual-friend
Dancer,Hopkins,8162,our-mutual-friend
Dancer,Blackberry Jones,8162,our-mutual-friend
Blackberry Jones,John,8162,our-mutual-friend
Blackberry Jones,Bella,8162,our-mutual-friend
Blackberry Jones,Bella,8162,our-mutual-friend
Blackberry Jones,Hopkins,8162,our-mutual-friend
Blackberry Jones,Dancer,8162,our-mutual-friend
John,Silas Wegg,8173,our-mutual-friend
John,Wegg,8173,our-mutual-friend
John,Blackberry Jones,8173,our-mutual-friend
John,Blewberry,8173,our-mutual-friend
John,Silas Wegg,8173,our-mutual-friend
John,Silas Wegg,8173,our-mutual-friend
John,Wegg,8173,our-mutual-friend
John,Blackberry Jones,8173,our-mutual-friend
John,Blewberry,8173,our-mutual-friend
John,Silas Wegg,8173,our-mutual-friend
Silas Wegg,John,8173,our-mutual-friend
Silas Wegg,John,8173,our-mutual-friend
Silas Wegg,Wegg,8173,our-mutual-friend
Silas Wegg,Blackberry Jones,8173,our-mutual-friend
Silas Wegg,Blewberry,8173,our-mutual-friend
Wegg,John,8173,our-mutual-friend
Wegg,John,8173,our-mutual-friend
Wegg,Silas Wegg,8173,our-mutual-friend
Wegg,Blackberry Jones,8173,our-mutual-friend
Wegg,Blewberry,8173,our-mutual-friend
Wegg,Silas Wegg,8173,our-mutual-friend
Blackberry Jones,John,8173,our-mutual-friend
Blackberry Jones,John,8173,our-mutual-friend
Blackberry Jones,Silas Wegg,8173,our-mutual-friend
Blackberry Jones,Wegg,8173,our-mutual-friend
Blackberry Jones,Blewberry,8173,our-mutual-friend
Blackberry Jones,Silas Wegg,8173,our-mutual-friend
Blewberry,John,8173,our-mutual-friend
Blewberry,John,8173,our-mutual-friend
Blewberry,Silas Wegg,8173,our-mutual-friend
Blewberry,Wegg,8173,our-mutual-friend
Blewberry,Blackberry Jones,8173,our-mutual-friend
Blewberry,Silas Wegg,8173,our-mutual-friend
Silas Wegg,John,8173,our-mutual-friend
Silas Wegg,John,8173,our-mutual-friend
Silas Wegg,Wegg,8173,our-mutual-friend
Silas Wegg,Blackberry Jones,8173,our-mutual-friend
Silas Wegg,Blewberry,8173,our-mutual-friend
Ecod,Mrs John,8178,our-mutual-friend
Ecod,John,8178,our-mutual-friend
Mrs John,Ecod,8178,our-mutual-friend
Mrs John,John,8178,our-mutual-friend
John,Ecod,8178,our-mutual-friend
John,Mrs John,8178,our-mutual-friend
Boffin,John,8183,our-mutual-friend
Boffin,Mew,8183,our-mutual-friend
Boffin,John,8183,our-mutual-friend
Boffin,John,8183,our-mutual-friend
Boffin,Mew,8183,our-mutual-friend
Boffin,John,8183,our-mutual-friend
John,Boffin,8183,our-mutual-friend
John,Boffin,8183,our-mutual-friend
John,Mew,8183,our-mutual-friend
Mew,Boffin,8183,our-mutual-friend
Mew,Boffin,8183,our-mutual-friend
Mew,John,8183,our-mutual-friend
Mew,John,8183,our-mutual-friend
John,Boffin,8183,our-mutual-friend
John,Boffin,8183,our-mutual-friend
John,Mew,8183,our-mutual-friend
John,Mrs Boffin,8185,our-mutual-friend
Mrs Boffin,John,8185,our-mutual-friend
John Harmon,John Rokesmith,8186,our-mutual-friend
John Harmon,Boffin,8186,our-mutual-friend
John Harmon,John Rokesmith,8186,our-mutual-friend
John Harmon,Boffin,8186,our-mutual-friend
John Rokesmith,John Harmon,8186,our-mutual-friend
John Rokesmith,John Harmon,8186,our-mutual-friend
John Rokesmith,Boffin,8186,our-mutual-friend
Boffin,John Harmon,8186,our-mutual-friend
Boffin,John Harmon,8186,our-mutual-friend
Boffin,John Rokesmith,8186,our-mutual-friend
John Harmon,Boffin,8187,our-mutual-friend
John Harmon,Bella,8187,our-mutual-friend
John Harmon,Boffin,8187,our-mutual-friend
John Harmon,Bella,8187,our-mutual-friend
Boffin,John Harmon,8187,our-mutual-friend
Boffin,John Harmon,8187,our-mutual-friend
Boffin,Bella,8187,our-mutual-friend
Boffin,John Harmon,8187,our-mutual-friend
Bella,John Harmon,8187,our-mutual-friend
Bella,John Harmon,8187,our-mutual-friend
Bella,Boffin,8187,our-mutual-friend
Bella,John Harmon,8187,our-mutual-friend
John Harmon,Boffin,8187,our-mutual-friend
John Harmon,Bella,8187,our-mutual-friend
Bella,Peace,8188,our-mutual-friend
Peace,Bella,8188,our-mutual-friend
Noddy,Mrs Boffin,8189,our-mutual-friend
Mrs Boffin,Noddy,8189,our-mutual-friend
John Harmon,Mound,8201,our-mutual-friend
John Harmon,Boffin,8201,our-mutual-friend
John Harmon,Bower,8201,our-mutual-friend
John Harmon,Wegg,8201,our-mutual-friend
Mound,John Harmon,8201,our-mutual-friend
Mound,Boffin,8201,our-mutual-friend
Mound,Bower,8201,our-mutual-friend
Mound,Wegg,8201,our-mutual-friend
Boffin,John Harmon,8201,our-mutual-friend
Boffin,Mound,8201,our-mutual-friend
Boffin,Bower,8201,our-mutual-friend
Boffin,Wegg,8201,our-mutual-friend
Bower,John Harmon,8201,our-mutual-friend
Bower,Mound,8201,our-mutual-friend
Bower,Boffin,8201,our-mutual-friend
Bower,Wegg,8201,our-mutual-friend
Wegg,John Harmon,8201,our-mutual-friend
Wegg,Mound,8201,our-mutual-friend
Wegg,Boffin,8201,our-mutual-friend
Wegg,Bower,8201,our-mutual-friend
Silas,Harmony Jail,8202,our-mutual-friend
Harmony Jail,Silas,8202,our-mutual-friend
Wegg,Silas,8203,our-mutual-friend
Silas,Wegg,8203,our-mutual-friend
Wegg,Boffin,8204,our-mutual-friend
Wegg,Boffin,8204,our-mutual-friend
Boffin,Wegg,8204,our-mutual-friend
Boffin,Wegg,8204,our-mutual-friend
Boffin,Wegg,8204,our-mutual-friend
Boffin,Wegg,8204,our-mutual-friend
Wegg,Boffin,8204,our-mutual-friend
Wegg,Boffin,8204,our-mutual-friend
Venus,Wegg,8205,our-mutual-friend
Wegg,Venus,8205,our-mutual-friend
Venus,Miss Pleasant Riderhood,8235,our-mutual-friend
Miss Pleasant Riderhood,Venus,8235,our-mutual-friend
Sir,Venus,8237,our-mutual-friend
Venus,Sir,8237,our-mutual-friend
Sir,Venus,8241,our-mutual-friend
Venus,Sir,8241,our-mutual-friend
Venus,Boffin,8255,our-mutual-friend
Venus,Boffin,8255,our-mutual-friend
Boffin,Venus,8255,our-mutual-friend
Boffin,Venus,8255,our-mutual-friend
Venus,Door,8257,our-mutual-friend
Venus,Door,8257,our-mutual-friend
Door,Venus,8257,our-mutual-friend
Door,Venus,8257,our-mutual-friend
Wegg,Boffin,8262,our-mutual-friend
Boffin,Wegg,8262,our-mutual-friend
Wegg,Boffin,8263,our-mutual-friend
Wegg,Boffin,8263,our-mutual-friend
Boffin,Wegg,8263,our-mutual-friend
Boffin,Wegg,8263,our-mutual-friend
Wegg,Sloppy,8268,our-mutual-friend
Sloppy,Wegg,8268,our-mutual-friend
Sloppy,Mrs Higden,8269,our-mutual-friend
Mrs Higden,Sloppy,8269,our-mutual-friend
Boffin,Wegg,8272,our-mutual-friend
Wegg,Boffin,8272,our-mutual-friend
Certainly,Venus,8278,our-mutual-friend
Certainly,Silas Wegg,8278,our-mutual-friend
Venus,Certainly,8278,our-mutual-friend
Venus,Silas Wegg,8278,our-mutual-friend
Silas Wegg,Certainly,8278,our-mutual-friend
Silas Wegg,Venus,8278,our-mutual-friend
Silas Wegg,Venus,8280,our-mutual-friend
Venus,Silas Wegg,8280,our-mutual-friend
Venus,Wegg,8281,our-mutual-friend
Wegg,Venus,8281,our-mutual-friend
Venus,John,8284,our-mutual-friend
John,Venus,8284,our-mutual-friend
Venus,John Harmon,8286,our-mutual-friend
John Harmon,Venus,8286,our-mutual-friend
Wegg,Harmon,8287,our-mutual-friend
Wegg,Harmon,8287,our-mutual-friend
Harmon,Wegg,8287,our-mutual-friend
Harmon,Wegg,8287,our-mutual-friend
Wegg,Harmon,8289,our-mutual-friend
Wegg,Bof,8289,our-mutual-friend
Harmon,Wegg,8289,our-mutual-friend
Harmon,Bof,8289,our-mutual-friend
Bof,Wegg,8289,our-mutual-friend
Bof,Harmon,8289,our-mutual-friend
John Harmon,Venus,8300,our-mutual-friend
John Harmon,Sloppy,8300,our-mutual-friend
Venus,John Harmon,8300,our-mutual-friend
Venus,Sloppy,8300,our-mutual-friend
Sloppy,John Harmon,8300,our-mutual-friend
Sloppy,Venus,8300,our-mutual-friend
Mrs Boffin,John Harmon,8302,our-mutual-friend
Mrs Boffin,Wegg,8302,our-mutual-friend
John Harmon,Mrs Boffin,8302,our-mutual-friend
John Harmon,Wegg,8302,our-mutual-friend
Wegg,Mrs Boffin,8302,our-mutual-friend
Wegg,John Harmon,8302,our-mutual-friend
Pardon,Wegg,8308,our-mutual-friend
Wegg,Pardon,8308,our-mutual-friend
Miss Elizabeth,Master George,8314,our-mutual-friend
Miss Elizabeth,Aunt Jane,8314,our-mutual-friend
Miss Elizabeth,Uncle Parker,8314,our-mutual-friend
Master George,Miss Elizabeth,8314,our-mutual-friend
Master George,Aunt Jane,8314,our-mutual-friend
Master George,Uncle Parker,8314,our-mutual-friend
Aunt Jane,Miss Elizabeth,8314,our-mutual-friend
Aunt Jane,Master George,8314,our-mutual-friend
Aunt Jane,Uncle Parker,8314,our-mutual-friend
Uncle Parker,Miss Elizabeth,8314,our-mutual-friend
Uncle Parker,Master George,8314,our-mutual-friend
Uncle Parker,Aunt Jane,8314,our-mutual-friend
John Harmon,Wegg,8319,our-mutual-friend
John Harmon,Wegg,8319,our-mutual-friend
John Harmon,Sloppy,8319,our-mutual-friend
John Harmon,Sloppy,8319,our-mutual-friend
John Harmon,Sloppy,8319,our-mutual-friend
John Harmon,Silas Wegg,8319,our-mutual-friend
Wegg,John Harmon,8319,our-mutual-friend
Wegg,Sloppy,8319,our-mutual-friend
Wegg,Sloppy,8319,our-mutual-friend
Wegg,Sloppy,8319,our-mutual-friend
Wegg,Silas Wegg,8319,our-mutual-friend
Wegg,John Harmon,8319,our-mutual-friend
Wegg,Sloppy,8319,our-mutual-friend
Wegg,Sloppy,8319,our-mutual-friend
Wegg,Sloppy,8319,our-mutual-friend
Wegg,Silas Wegg,8319,our-mutual-friend
Sloppy,John Harmon,8319,our-mutual-friend
Sloppy,Wegg,8319,our-mutual-friend
Sloppy,Wegg,8319,our-mutual-friend
Sloppy,Silas Wegg,8319,our-mutual-friend
Sloppy,John Harmon,8319,our-mutual-friend
Sloppy,Wegg,8319,our-mutual-friend
Sloppy,Wegg,8319,our-mutual-friend
Sloppy,Silas Wegg,8319,our-mutual-friend
Sloppy,John Harmon,8319,our-mutual-friend
Sloppy,Wegg,8319,our-mutual-friend
Sloppy,Wegg,8319,our-mutual-friend
Sloppy,Silas Wegg,8319,our-mutual-friend
Silas Wegg,John Harmon,8319,our-mutual-friend
Silas Wegg,Wegg,8319,our-mutual-friend
Silas Wegg,Wegg,8319,our-mutual-friend
Silas Wegg,Sloppy,8319,our-mutual-friend
Silas Wegg,Sloppy,8319,our-mutual-friend
Silas Wegg,Sloppy,8319,our-mutual-friend
Time,Bradley,8325,our-mutual-friend
Bradley,Time,8325,our-mutual-friend
Eugene Wrayburn,Power,8326,our-mutual-friend
Power,Eugene Wrayburn,8326,our-mutual-friend
Riderhood,Hooroar,8344,our-mutual-friend
Hooroar,Riderhood,8344,our-mutual-friend
Riderhood,Bradley,8347,our-mutual-friend
Riderhood,Chris,8347,our-mutual-friend
Riderhood,Bradley,8347,our-mutual-friend
Riderhood,Roger,8347,our-mutual-friend
Riderhood,Headstone,8347,our-mutual-friend
Bradley,Riderhood,8347,our-mutual-friend
Bradley,Chris,8347,our-mutual-friend
Bradley,Roger,8347,our-mutual-friend
Bradley,Headstone,8347,our-mutual-friend
Chris,Riderhood,8347,our-mutual-friend
Chris,Bradley,8347,our-mutual-friend
Chris,Bradley,8347,our-mutual-friend
Chris,Roger,8347,our-mutual-friend
Chris,Headstone,8347,our-mutual-friend
Bradley,Riderhood,8347,our-mutual-friend
Bradley,Chris,8347,our-mutual-friend
Bradley,Roger,8347,our-mutual-friend
Bradley,Headstone,8347,our-mutual-friend
Roger,Riderhood,8347,our-mutual-friend
Roger,Bradley,8347,our-mutual-friend
Roger,Chris,8347,our-mutual-friend
Roger,Bradley,8347,our-mutual-friend
Roger,Headstone,8347,our-mutual-friend
Headstone,Riderhood,8347,our-mutual-friend
Headstone,Bradley,8347,our-mutual-friend
Headstone,Chris,8347,our-mutual-friend
Headstone,Bradley,8347,our-mutual-friend
Headstone,Roger,8347,our-mutual-friend
Riderhood,Totherest,8349,our-mutual-friend
Totherest,Riderhood,8349,our-mutual-friend
Riderhood,P,8358,our-mutual-friend
P,Riderhood,8358,our-mutual-friend
Riderhood,Master,8360,our-mutual-friend
Master,Riderhood,8360,our-mutual-friend
Riderhood,Master,8362,our-mutual-friend
Riderhood,Wot,8362,our-mutual-friend
Master,Riderhood,8362,our-mutual-friend
Master,Wot,8362,our-mutual-friend
Wot,Riderhood,8362,our-mutual-friend
Wot,Master,8362,our-mutual-friend
Seas,Riderhood,8364,our-mutual-friend
Seas,Master,8364,our-mutual-friend
Seas,Wot,8364,our-mutual-friend
Riderhood,Seas,8364,our-mutual-friend
Riderhood,Master,8364,our-mutual-friend
Riderhood,Seas,8364,our-mutual-friend
Riderhood,Wot,8364,our-mutual-friend
Master,Seas,8364,our-mutual-friend
Master,Riderhood,8364,our-mutual-friend
Master,Seas,8364,our-mutual-friend
Master,Wot,8364,our-mutual-friend
Seas,Riderhood,8364,our-mutual-friend
Seas,Master,8364,our-mutual-friend
Seas,Wot,8364,our-mutual-friend
Wot,Seas,8364,our-mutual-friend
Wot,Riderhood,8364,our-mutual-friend
Wot,Master,8364,our-mutual-friend
Wot,Seas,8364,our-mutual-friend
Riderhood,Wot,8369,our-mutual-friend
Wot,Riderhood,8369,our-mutual-friend
Leastways,Riderhood,8371,our-mutual-friend
Riderhood,Leastways,8371,our-mutual-friend
Master,Riderhood,8377,our-mutual-friend
Riderhood,Master,8377,our-mutual-friend
Bradley,Miss Peecher,8379,our-mutual-friend
Miss Peecher,Bradley,8379,our-mutual-friend
Lizzie,Eugene,8381,our-mutual-friend
Eugene,Lizzie,8381,our-mutual-friend
Bradley Headstone,Master,8391,our-mutual-friend
Master,Bradley Headstone,8391,our-mutual-friend
Don,Riderhood,8403,our-mutual-friend
Riderhood,Don,8403,our-mutual-friend
Don,Look,8405,our-mutual-friend
Don,Bradley Headstone,8405,our-mutual-friend
Don,Master,8405,our-mutual-friend
Don,Mill Lock,8405,our-mutual-friend
Don,Mill Lock,8405,our-mutual-friend
Don,Mill Lock,8405,our-mutual-friend
Look,Don,8405,our-mutual-friend
Look,Bradley Headstone,8405,our-mutual-friend
Look,Master,8405,our-mutual-friend
Look,Mill Lock,8405,our-mutual-friend
Look,Mill Lock,8405,our-mutual-friend
Look,Mill Lock,8405,our-mutual-friend
Bradley Headstone,Don,8405,our-mutual-friend
Bradley Headstone,Look,8405,our-mutual-friend
Bradley Headstone,Master,8405,our-mutual-friend
Bradley Headstone,Mill Lock,8405,our-mutual-friend
Bradley Headstone,Mill Lock,8405,our-mutual-friend
Bradley Headstone,Mill Lock,8405,our-mutual-friend
Master,Don,8405,our-mutual-friend
Master,Look,8405,our-mutual-friend
Master,Bradley Headstone,8405,our-mutual-friend
Master,Mill Lock,8405,our-mutual-friend
Master,Mill Lock,8405,our-mutual-friend
Master,Mill Lock,8405,our-mutual-friend
Mill Lock,Don,8405,our-mutual-friend
Mill Lock,Look,8405,our-mutual-friend
Mill Lock,Bradley Headstone,8405,our-mutual-friend
Mill Lock,Master,8405,our-mutual-friend
Mill Lock,Don,8405,our-mutual-friend
Mill Lock,Look,8405,our-mutual-friend
Mill Lock,Bradley Headstone,8405,our-mutual-friend
Mill Lock,Master,8405,our-mutual-friend
Mill Lock,Don,8405,our-mutual-friend
Mill Lock,Look,8405,our-mutual-friend
Mill Lock,Bradley Headstone,8405,our-mutual-friend
Mill Lock,Master,8405,our-mutual-friend
Riderhood,Bradley Headstone,8407,our-mutual-friend
Riderhood,Master,8407,our-mutual-friend
Riderhood,Bargeman,8407,our-mutual-friend
Riderhood,Bargeman,8407,our-mutual-friend
Riderhood,Bargeman,8407,our-mutual-friend
Riderhood,Bargeman,8407,our-mutual-friend
Bradley Headstone,Riderhood,8407,our-mutual-friend
Bradley Headstone,Master,8407,our-mutual-friend
Bradley Headstone,Bargeman,8407,our-mutual-friend
Bradley Headstone,Bargeman,8407,our-mutual-friend
Bradley Headstone,Bargeman,8407,our-mutual-friend
Bradley Headstone,Bargeman,8407,our-mutual-friend
Master,Riderhood,8407,our-mutual-friend
Master,Bradley Headstone,8407,our-mutual-friend
Master,Bargeman,8407,our-mutual-friend
Master,Bargeman,8407,our-mutual-friend
Master,Bargeman,8407,our-mutual-friend
Master,Bargeman,8407,our-mutual-friend
Bargeman,Riderhood,8407,our-mutual-friend
Bargeman,Bradley Headstone,8407,our-mutual-friend
Bargeman,Master,8407,our-mutual-friend
Bargeman,Riderhood,8407,our-mutual-friend
Bargeman,Bradley Headstone,8407,our-mutual-friend
Bargeman,Master,8407,our-mutual-friend
Bargeman,Riderhood,8407,our-mutual-friend
Bargeman,Bradley Headstone,8407,our-mutual-friend
Bargeman,Master,8407,our-mutual-friend
Bargeman,Riderhood,8407,our-mutual-friend
Bargeman,Bradley Headstone,8407,our-mutual-friend
Bargeman,Master,8407,our-mutual-friend
Bradley,Riderhood,8415,our-mutual-friend
Riderhood,Bradley,8415,our-mutual-friend
Riderhood,Bradley,8415,our-mutual-friend
Bradley,Riderhood,8415,our-mutual-friend
Riderhood,George,8421,our-mutual-friend
Riderhood,Master,8421,our-mutual-friend
George,Riderhood,8421,our-mutual-friend
George,Master,8421,our-mutual-friend
Master,Riderhood,8421,our-mutual-friend
Master,George,8421,our-mutual-friend
Bradley,Riderhood,8422,our-mutual-friend
Riderhood,Bradley,8422,our-mutual-friend
Riderhood,Bradley,8429,our-mutual-friend
Bradley,Riderhood,8429,our-mutual-friend
Hadn,Riderhood,8430,our-mutual-friend
Hadn,Master,8430,our-mutual-friend
Riderhood,Hadn,8430,our-mutual-friend
Riderhood,Master,8430,our-mutual-friend
Master,Hadn,8430,our-mutual-friend
Master,Riderhood,8430,our-mutual-friend
Bradley,Bargeman,8431,our-mutual-friend
Bradley,Riderhood,8431,our-mutual-friend
Bradley,Riderhood,8431,our-mutual-friend
Bargeman,Bradley,8431,our-mutual-friend
Bargeman,Riderhood,8431,our-mutual-friend
Bargeman,Bradley,8431,our-mutual-friend
Bargeman,Riderhood,8431,our-mutual-friend
Riderhood,Bradley,8431,our-mutual-friend
Riderhood,Bargeman,8431,our-mutual-friend
Riderhood,Bradley,8431,our-mutual-friend
Bradley,Bargeman,8431,our-mutual-friend
Bradley,Riderhood,8431,our-mutual-friend
Bradley,Riderhood,8431,our-mutual-friend
Riderhood,Bradley,8431,our-mutual-friend
Riderhood,Bargeman,8431,our-mutual-friend
Riderhood,Bradley,8431,our-mutual-friend
Bradley,Riderhood,8432,our-mutual-friend
Riderhood,Bradley,8432,our-mutual-friend
Bradley,Riderhood,8433,our-mutual-friend
Bradley,Riderhood,8433,our-mutual-friend
Bradley,Riderhood,8433,our-mutual-friend
Riderhood,Bradley,8433,our-mutual-friend
Riderhood,Bradley,8433,our-mutual-friend
Riderhood,Bradley,8433,our-mutual-friend
Bradley,Riderhood,8433,our-mutual-friend
Bradley,Riderhood,8433,our-mutual-friend
Bradley,Riderhood,8433,our-mutual-friend
Riderhood,Bradley,8433,our-mutual-friend
Riderhood,Bradley,8433,our-mutual-friend
Riderhood,Bradley,8433,our-mutual-friend
Bradley,Riderhood,8433,our-mutual-friend
Bradley,Riderhood,8433,our-mutual-friend
Bradley,Riderhood,8433,our-mutual-friend
Riderhood,Bradley,8433,our-mutual-friend
Riderhood,Bradley,8433,our-mutual-friend
Riderhood,Bradley,8433,our-mutual-friend
Bradley,Riderhood,8434,our-mutual-friend
Bradley,Navigation,8434,our-mutual-friend
Riderhood,Bradley,8434,our-mutual-friend
Riderhood,Bradley,8434,our-mutual-friend
Riderhood,Navigation,8434,our-mutual-friend
Bradley,Riderhood,8434,our-mutual-friend
Bradley,Navigation,8434,our-mutual-friend
Navigation,Bradley,8434,our-mutual-friend
Navigation,Riderhood,8434,our-mutual-friend
Navigation,Bradley,8434,our-mutual-friend
Master,Riderhood,8435,our-mutual-friend
Riderhood,Master,8435,our-mutual-friend
Bradley,Riderhood,8436,our-mutual-friend
Riderhood,Bradley,8436,our-mutual-friend
Bradley,Riderhood,8437,our-mutual-friend
Riderhood,Bradley,8437,our-mutual-friend
Bradley Headstone,Master,8438,our-mutual-friend
Bradley Headstone,Riderhood,8438,our-mutual-friend
Master,Bradley Headstone,8438,our-mutual-friend
Master,Riderhood,8438,our-mutual-friend
Riderhood,Bradley Headstone,8438,our-mutual-friend
Riderhood,Master,8438,our-mutual-friend
Bradley,Riderhood,8441,our-mutual-friend
Riderhood,Bradley,8441,our-mutual-friend
Riderhood,Bradley,8441,our-mutual-friend
Bradley,Riderhood,8441,our-mutual-friend
Riderhood,Stop,8442,our-mutual-friend
Stop,Riderhood,8442,our-mutual-friend
Riderhood,Bradley Headstone,8444,our-mutual-friend
Riderhood,Bradley,8444,our-mutual-friend
Bradley Headstone,Riderhood,8444,our-mutual-friend
Bradley Headstone,Riderhood,8444,our-mutual-friend
Bradley Headstone,Bradley,8444,our-mutual-friend
Riderhood,Bradley Headstone,8444,our-mutual-friend
Riderhood,Bradley,8444,our-mutual-friend
Bradley,Riderhood,8444,our-mutual-friend
Bradley,Bradley Headstone,8444,our-mutual-friend
Bradley,Riderhood,8444,our-mutual-friend
John Harmon,John,8448,our-mutual-friend
John Harmon,Mrs Eugene Wrayburn,8448,our-mutual-friend
John Harmon,Eugene,8448,our-mutual-friend
John Harmon,Riah,8448,our-mutual-friend
John Harmon,Miss Abbey Potterson,8448,our-mutual-friend
John Harmon,Harmon,8448,our-mutual-friend
John,John Harmon,8448,our-mutual-friend
John,Mrs Eugene Wrayburn,8448,our-mutual-friend
John,Eugene,8448,our-mutual-friend
John,Riah,8448,our-mutual-friend
John,Miss Abbey Potterson,8448,our-mutual-friend
John,Harmon,8448,our-mutual-friend
Mrs Eugene Wrayburn,John Harmon,8448,our-mutual-friend
Mrs Eugene Wrayburn,John,8448,our-mutual-friend
Mrs Eugene Wrayburn,Eugene,8448,our-mutual-friend
Mrs Eugene Wrayburn,Riah,8448,our-mutual-friend
Mrs Eugene Wrayburn,Miss Abbey Potterson,8448,our-mutual-friend
Mrs Eugene Wrayburn,Harmon,8448,our-mutual-friend
Eugene,John Harmon,8448,our-mutual-friend
Eugene,John,8448,our-mutual-friend
Eugene,Mrs Eugene Wrayburn,8448,our-mutual-friend
Eugene,Riah,8448,our-mutual-friend
Eugene,Miss Abbey Potterson,8448,our-mutual-friend
Eugene,Harmon,8448,our-mutual-friend
Riah,John Harmon,8448,our-mutual-friend
Riah,John,8448,our-mutual-friend
Riah,Mrs Eugene Wrayburn,8448,our-mutual-friend
Riah,Eugene,8448,our-mutual-friend
Riah,Miss Abbey Potterson,8448,our-mutual-friend
Riah,Harmon,8448,our-mutual-friend
Miss Abbey Potterson,John Harmon,8448,our-mutual-friend
Miss Abbey Potterson,John,8448,our-mutual-friend
Miss Abbey Potterson,Mrs Eugene Wrayburn,8448,our-mutual-friend
Miss Abbey Potterson,Eugene,8448,our-mutual-friend
Miss Abbey Potterson,Riah,8448,our-mutual-friend
Miss Abbey Potterson,Harmon,8448,our-mutual-friend
Harmon,John Harmon,8448,our-mutual-friend
Harmon,John,8448,our-mutual-friend
Harmon,Mrs Eugene Wrayburn,8448,our-mutual-friend
Harmon,Eugene,8448,our-mutual-friend
Harmon,Riah,8448,our-mutual-friend
Harmon,Miss Abbey Potterson,8448,our-mutual-friend
John Harmon,Young Blight,8449,our-mutual-friend
John Harmon,Eugene,8449,our-mutual-friend
John Harmon,Lightwood,8449,our-mutual-friend
John Harmon,Twemlow,8449,our-mutual-friend
John Harmon,St James,8449,our-mutual-friend
Young Blight,John Harmon,8449,our-mutual-friend
Young Blight,Eugene,8449,our-mutual-friend
Young Blight,Lightwood,8449,our-mutual-friend
Young Blight,Twemlow,8449,our-mutual-friend
Young Blight,St James,8449,our-mutual-friend
Young Blight,John Harmon,8449,our-mutual-friend
Eugene,John Harmon,8449,our-mutual-friend
Eugene,Young Blight,8449,our-mutual-friend
Eugene,Lightwood,8449,our-mutual-friend
Eugene,Twemlow,8449,our-mutual-friend
Eugene,St James,8449,our-mutual-friend
Eugene,John Harmon,8449,our-mutual-friend
Lightwood,John Harmon,8449,our-mutual-friend
Lightwood,Young Blight,8449,our-mutual-friend
Lightwood,Eugene,8449,our-mutual-friend
Lightwood,Twemlow,8449,our-mutual-friend
Lightwood,St James,8449,our-mutual-friend
Lightwood,John Harmon,8449,our-mutual-friend
Twemlow,John Harmon,8449,our-mutual-friend
Twemlow,Young Blight,8449,our-mutual-friend
Twemlow,Eugene,8449,our-mutual-friend
Twemlow,Lightwood,8449,our-mutual-friend
Twemlow,St James,8449,our-mutual-friend
Twemlow,John Harmon,8449,our-mutual-friend
St James,John Harmon,8449,our-mutual-friend
St James,Young Blight,8449,our-mutual-friend
St James,Eugene,8449,our-mutual-friend
St James,Lightwood,8449,our-mutual-friend
St James,Twemlow,8449,our-mutual-friend
St James,John Harmon,8449,our-mutual-friend
John Harmon,Young Blight,8449,our-mutual-friend
John Harmon,Eugene,8449,our-mutual-friend
John Harmon,Lightwood,8449,our-mutual-friend
John Harmon,Twemlow,8449,our-mutual-friend
John Harmon,St James,8449,our-mutual-friend
Wilfer,Pa,8450,our-mutual-friend
Wilfer,Pa,8450,our-mutual-friend
Wilfer,Stobbles,8450,our-mutual-friend
Wilfer,Ma,8450,our-mutual-friend
Pa,Wilfer,8450,our-mutual-friend
Pa,Stobbles,8450,our-mutual-friend
Pa,Ma,8450,our-mutual-friend
Pa,Wilfer,8450,our-mutual-friend
Pa,Stobbles,8450,our-mutual-friend
Pa,Ma,8450,our-mutual-friend
Stobbles,Wilfer,8450,our-mutual-friend
Stobbles,Pa,8450,our-mutual-friend
Stobbles,Pa,8450,our-mutual-friend
Stobbles,Ma,8450,our-mutual-friend
Ma,Wilfer,8450,our-mutual-friend
Ma,Pa,8450,our-mutual-friend
Ma,Pa,8450,our-mutual-friend
Ma,Stobbles,8450,our-mutual-friend
Miss Lavinia,George Sampson,8451,our-mutual-friend
Miss Lavinia,Mrs Wilfer,8451,our-mutual-friend
Miss Lavinia,Onward,8451,our-mutual-friend
George Sampson,Miss Lavinia,8451,our-mutual-friend
George Sampson,Mrs Wilfer,8451,our-mutual-friend
George Sampson,Onward,8451,our-mutual-friend
Mrs Wilfer,Miss Lavinia,8451,our-mutual-friend
Mrs Wilfer,George Sampson,8451,our-mutual-friend
Mrs Wilfer,Onward,8451,our-mutual-friend
Onward,Miss Lavinia,8451,our-mutual-friend
Onward,George Sampson,8451,our-mutual-friend
Onward,Mrs Wilfer,8451,our-mutual-friend
Mrs Wilfer,Loll,8453,our-mutual-friend
Loll,Mrs Wilfer,8453,our-mutual-friend
Really,George,8461,our-mutual-friend
Really,Miss Lavinia,8461,our-mutual-friend
George,Really,8461,our-mutual-friend
George,Miss Lavinia,8461,our-mutual-friend
Miss Lavinia,Really,8461,our-mutual-friend
Miss Lavinia,George,8461,our-mutual-friend
Sampson,Miss Lavinia Wilfer,8462,our-mutual-friend
Miss Lavinia Wilfer,Sampson,8462,our-mutual-friend
George Sampson,Miss Lavinia,8463,our-mutual-friend
George Sampson,Miss Lavinia,8463,our-mutual-friend
Miss Lavinia,George Sampson,8463,our-mutual-friend
Miss Lavinia,George Sampson,8463,our-mutual-friend
George Sampson,Miss Lavinia,8463,our-mutual-friend
George Sampson,Miss Lavinia,8463,our-mutual-friend
Miss Lavinia,George Sampson,8463,our-mutual-friend
Miss Lavinia,George Sampson,8463,our-mutual-friend
Sampson,Fortune,8466,our-mutual-friend
Fortune,Sampson,8466,our-mutual-friend
Fortune,Sampson,8466,our-mutual-friend
Sampson,Fortune,8466,our-mutual-friend
Nay,Wilfer,8470,our-mutual-friend
Nay,George Sampson,8470,our-mutual-friend
Wilfer,Nay,8470,our-mutual-friend
Wilfer,George Sampson,8470,our-mutual-friend
George Sampson,Nay,8470,our-mutual-friend
George Sampson,Wilfer,8470,our-mutual-friend
Mrs Wilfer,George Sampson,8472,our-mutual-friend
Mrs Wilfer,George Sampson,8472,our-mutual-friend
Mrs Wilfer,George Sampson,8472,our-mutual-friend
Mrs Wilfer,George Sampson,8472,our-mutual-friend
Mrs Wilfer,George Sampson,8472,our-mutual-friend
Mrs Wilfer,Sampson,8472,our-mutual-friend
George Sampson,Mrs Wilfer,8472,our-mutual-friend
George Sampson,Mrs Wilfer,8472,our-mutual-friend
George Sampson,Sampson,8472,our-mutual-friend
George Sampson,Mrs Wilfer,8472,our-mutual-friend
George Sampson,Mrs Wilfer,8472,our-mutual-friend
George Sampson,Sampson,8472,our-mutual-friend
George Sampson,Mrs Wilfer,8472,our-mutual-friend
George Sampson,Mrs Wilfer,8472,our-mutual-friend
George Sampson,Sampson,8472,our-mutual-friend
Mrs Wilfer,George Sampson,8472,our-mutual-friend
Mrs Wilfer,George Sampson,8472,our-mutual-friend
Mrs Wilfer,George Sampson,8472,our-mutual-friend
Mrs Wilfer,George Sampson,8472,our-mutual-friend
Mrs Wilfer,George Sampson,8472,our-mutual-friend
Mrs Wilfer,Sampson,8472,our-mutual-friend
George Sampson,Mrs Wilfer,8472,our-mutual-friend
George Sampson,Mrs Wilfer,8472,our-mutual-friend
George Sampson,Sampson,8472,our-mutual-friend
George Sampson,Mrs Wilfer,8472,our-mutual-friend
George Sampson,Mrs Wilfer,8472,our-mutual-friend
George Sampson,Sampson,8472,our-mutual-friend
Sampson,Mrs Wilfer,8472,our-mutual-friend
Sampson,George Sampson,8472,our-mutual-friend
Sampson,George Sampson,8472,our-mutual-friend
Sampson,George Sampson,8472,our-mutual-friend
Sampson,Mrs Wilfer,8472,our-mutual-friend
Sampson,George Sampson,8472,our-mutual-friend
Sampson,George Sampson,8472,our-mutual-friend
Sampson,Lavinia,8473,our-mutual-friend
Lavinia,Sampson,8473,our-mutual-friend
Dearest Lavinia,Sampson,8475,our-mutual-friend
Sampson,Dearest Lavinia,8475,our-mutual-friend
Sampson,Miss Lavinia,8480,our-mutual-friend
Sampson,George,8480,our-mutual-friend
Sampson,George,8480,our-mutual-friend
Sampson,George,8480,our-mutual-friend
Sampson,George,8480,our-mutual-friend
Sampson,Mrs Wilfer,8480,our-mutual-friend
Miss Lavinia,Sampson,8480,our-mutual-friend
Miss Lavinia,George,8480,our-mutual-friend
Miss Lavinia,George,8480,our-mutual-friend
Miss Lavinia,George,8480,our-mutual-friend
Miss Lavinia,George,8480,our-mutual-friend
Miss Lavinia,Mrs Wilfer,8480,our-mutual-friend
George,Sampson,8480,our-mutual-friend
George,Miss Lavinia,8480,our-mutual-friend
George,Mrs Wilfer,8480,our-mutual-friend
George,Sampson,8480,our-mutual-friend
George,Miss Lavinia,8480,our-mutual-friend
George,Mrs Wilfer,8480,our-mutual-friend
George,Sampson,8480,our-mutual-friend
George,Miss Lavinia,8480,our-mutual-friend
George,Mrs Wilfer,8480,our-mutual-friend
George,Sampson,8480,our-mutual-friend
George,Miss Lavinia,8480,our-mutual-friend
George,Mrs Wilfer,8480,our-mutual-friend
Mrs Wilfer,Sampson,8480,our-mutual-friend
Mrs Wilfer,Miss Lavinia,8480,our-mutual-friend
Mrs Wilfer,George,8480,our-mutual-friend
Mrs Wilfer,George,8480,our-mutual-friend
Mrs Wilfer,George,8480,our-mutual-friend
Mrs Wilfer,George,8480,our-mutual-friend
Mrs Boffin,Time,8481,our-mutual-friend
Mrs Boffin,Bella,8481,our-mutual-friend
Mrs Boffin,John Harmon,8481,our-mutual-friend
Mrs Boffin,Time,8481,our-mutual-friend
Mrs Boffin,Bella,8481,our-mutual-friend
Mrs Boffin,John Harmon,8481,our-mutual-friend
Time,Mrs Boffin,8481,our-mutual-friend
Time,Mrs Boffin,8481,our-mutual-friend
Time,Bella,8481,our-mutual-friend
Time,John Harmon,8481,our-mutual-friend
Bella,Mrs Boffin,8481,our-mutual-friend
Bella,Mrs Boffin,8481,our-mutual-friend
Bella,Time,8481,our-mutual-friend
Bella,John Harmon,8481,our-mutual-friend
John Harmon,Mrs Boffin,8481,our-mutual-friend
John Harmon,Mrs Boffin,8481,our-mutual-friend
John Harmon,Time,8481,our-mutual-friend
John Harmon,Bella,8481,our-mutual-friend
Miss,Sloppy,8487,our-mutual-friend
Sloppy,Miss,8487,our-mutual-friend
Miss Wren,Don,8490,our-mutual-friend
Don,Miss Wren,8490,our-mutual-friend
Miss Wren,Jack,8492,our-mutual-friend
Jack,Miss Wren,8492,our-mutual-friend
Miss,Sloppy,8493,our-mutual-friend
Sloppy,Miss,8493,our-mutual-friend
Miss Wren,Don,8498,our-mutual-friend
Don,Miss Wren,8498,our-mutual-friend
Miss,Sloppy,8501,our-mutual-friend
Sloppy,Miss,8501,our-mutual-friend
Never,Just,8506,our-mutual-friend
Just,Never,8506,our-mutual-friend
Poor,Sloppy,8513,our-mutual-friend
Poor,Please,8513,our-mutual-friend
Sloppy,Poor,8513,our-mutual-friend
Sloppy,Please,8513,our-mutual-friend
Please,Poor,8513,our-mutual-friend
Please,Sloppy,8513,our-mutual-friend
Miss,Wren,8514,our-mutual-friend
Miss,Hoppetty,8514,our-mutual-friend
Miss,Kicketty,8514,our-mutual-friend
Wren,Miss,8514,our-mutual-friend
Wren,Hoppetty,8514,our-mutual-friend
Wren,Kicketty,8514,our-mutual-friend
Hoppetty,Miss,8514,our-mutual-friend
Hoppetty,Wren,8514,our-mutual-friend
Hoppetty,Kicketty,8514,our-mutual-friend
Kicketty,Miss,8514,our-mutual-friend
Kicketty,Wren,8514,our-mutual-friend
Kicketty,Hoppetty,8514,our-mutual-friend
Sloppy,Johnny,8517,our-mutual-friend
Johnny,Sloppy,8517,our-mutual-friend
Miss Wren,Him,8520,our-mutual-friend
Miss Wren,Him,8520,our-mutual-friend
Him,Miss Wren,8520,our-mutual-friend
Him,Miss Wren,8520,our-mutual-friend
Sloppy,Miss,8523,our-mutual-friend
Miss,Sloppy,8523,our-mutual-friend
Miss Wren,Take,8530,our-mutual-friend
Take,Miss Wren,8530,our-mutual-friend
John Harmon,Mrs Eugene Wrayburn,8532,our-mutual-friend
John Harmon,Mrs Eugene Wrayburn,8532,our-mutual-friend
John Harmon,Mrs Boffin,8532,our-mutual-friend
Mrs Eugene Wrayburn,John Harmon,8532,our-mutual-friend
Mrs Eugene Wrayburn,John Harmon,8532,our-mutual-friend
Mrs Eugene Wrayburn,Mrs Boffin,8532,our-mutual-friend
Mrs Eugene Wrayburn,John Harmon,8532,our-mutual-friend
Mrs Eugene Wrayburn,John Harmon,8532,our-mutual-friend
Mrs Eugene Wrayburn,Mrs Boffin,8532,our-mutual-friend
John Harmon,Mrs Eugene Wrayburn,8532,our-mutual-friend
John Harmon,Mrs Eugene Wrayburn,8532,our-mutual-friend
John Harmon,Mrs Boffin,8532,our-mutual-friend
Mrs Boffin,John Harmon,8532,our-mutual-friend
Mrs Boffin,Mrs Eugene Wrayburn,8532,our-mutual-friend
Mrs Boffin,Mrs Eugene Wrayburn,8532,our-mutual-friend
Mrs Boffin,John Harmon,8532,our-mutual-friend
Eugene Wrayburn,John Harmon,8533,our-mutual-friend
Eugene Wrayburn,John Harmon,8533,our-mutual-friend
Eugene Wrayburn,God,8533,our-mutual-friend
John Harmon,Eugene Wrayburn,8533,our-mutual-friend
John Harmon,Eugene Wrayburn,8533,our-mutual-friend
John Harmon,God,8533,our-mutual-friend
John Harmon,Eugene Wrayburn,8533,our-mutual-friend
John Harmon,Eugene Wrayburn,8533,our-mutual-friend
John Harmon,God,8533,our-mutual-friend
Eugene Wrayburn,John Harmon,8533,our-mutual-friend
Eugene Wrayburn,John Harmon,8533,our-mutual-friend
Eugene Wrayburn,God,8533,our-mutual-friend
God,Eugene Wrayburn,8533,our-mutual-friend
God,John Harmon,8533,our-mutual-friend
God,John Harmon,8533,our-mutual-friend
God,Eugene Wrayburn,8533,our-mutual-friend
Eugene,Lightwood,8537,our-mutual-friend
Eugene,Bella,8537,our-mutual-friend
Eugene,Bella,8537,our-mutual-friend
Lightwood,Eugene,8537,our-mutual-friend
Lightwood,Bella,8537,our-mutual-friend
Lightwood,Eugene,8537,our-mutual-friend
Lightwood,Bella,8537,our-mutual-friend
Bella,Eugene,8537,our-mutual-friend
Bella,Lightwood,8537,our-mutual-friend
Bella,Eugene,8537,our-mutual-friend
Eugene,Lightwood,8537,our-mutual-friend
Eugene,Bella,8537,our-mutual-friend
Eugene,Bella,8537,our-mutual-friend
Bella,Eugene,8537,our-mutual-friend
Bella,Lightwood,8537,our-mutual-friend
Bella,Eugene,8537,our-mutual-friend
Eugene,Lightwood,8538,our-mutual-friend
Eugene,Lizzie,8538,our-mutual-friend
Eugene,Which,8538,our-mutual-friend
Lightwood,Eugene,8538,our-mutual-friend
Lightwood,Lizzie,8538,our-mutual-friend
Lightwood,Which,8538,our-mutual-friend
Lizzie,Eugene,8538,our-mutual-friend
Lizzie,Lightwood,8538,our-mutual-friend
Lizzie,Which,8538,our-mutual-friend
Which,Eugene,8538,our-mutual-friend
Which,Lightwood,8538,our-mutual-friend
Which,Lizzie,8538,our-mutual-friend
Really,Eugene,8540,our-mutual-friend
Eugene,Really,8540,our-mutual-friend
Eugene,Wrong,8546,our-mutual-friend
Wrong,Eugene,8546,our-mutual-friend
Eugene,Hamlet,8548,our-mutual-friend
Hamlet,Eugene,8548,our-mutual-friend
Lightwood,Eugene,8549,our-mutual-friend
Eugene,Lightwood,8549,our-mutual-friend
Faith,Tippins,8554,our-mutual-friend
Tippins,Faith,8554,our-mutual-friend
Eugene,Lizzie,8555,our-mutual-friend
Lizzie,Eugene,8555,our-mutual-friend
Lizzie,Society,8558,our-mutual-friend
Society,Lizzie,8558,our-mutual-friend
Faith,Eugene,8559,our-mutual-friend
Eugene,Faith,8559,our-mutual-friend
Mrs Veneering,Veneering,8564,our-mutual-friend
Mrs Veneering,Neptune,8564,our-mutual-friend
Mrs Veneering,Society,8564,our-mutual-friend
Veneering,Mrs Veneering,8564,our-mutual-friend
Veneering,Neptune,8564,our-mutual-friend
Veneering,Society,8564,our-mutual-friend
Neptune,Mrs Veneering,8564,our-mutual-friend
Neptune,Veneering,8564,our-mutual-friend
Neptune,Society,8564,our-mutual-friend
Society,Mrs Veneering,8564,our-mutual-friend
Society,Veneering,8564,our-mutual-friend
Society,Neptune,8564,our-mutual-friend
Lady Tippins,Mrs Podsnap,8565,our-mutual-friend
Lady Tippins,Twemlow,8565,our-mutual-friend
Lady Tippins,Buffer,8565,our-mutual-friend
Lady Tippins,Boots,8565,our-mutual-friend
Mrs Podsnap,Lady Tippins,8565,our-mutual-friend
Mrs Podsnap,Twemlow,8565,our-mutual-friend
Mrs Podsnap,Buffer,8565,our-mutual-friend
Mrs Podsnap,Boots,8565,our-mutual-friend
Twemlow,Lady Tippins,8565,our-mutual-friend
Twemlow,Mrs Podsnap,8565,our-mutual-friend
Twemlow,Buffer,8565,our-mutual-friend
Twemlow,Boots,8565,our-mutual-friend
Buffer,Lady Tippins,8565,our-mutual-friend
Buffer,Mrs Podsnap,8565,our-mutual-friend
Buffer,Twemlow,8565,our-mutual-friend
Buffer,Boots,8565,our-mutual-friend
Boots,Lady Tippins,8565,our-mutual-friend
Boots,Mrs Podsnap,8565,our-mutual-friend
Boots,Twemlow,8565,our-mutual-friend
Boots,Buffer,8565,our-mutual-friend
Tippins,Podsnap,8567,our-mutual-friend
Tippins,Podsnap,8567,our-mutual-friend
Podsnap,Tippins,8567,our-mutual-friend
Podsnap,Tippins,8567,our-mutual-friend
Lady Tippins,Long,8568,our-mutual-friend
Lady Tippins,Robinson Crusoe,8568,our-mutual-friend
Long,Lady Tippins,8568,our-mutual-friend
Long,Robinson Crusoe,8568,our-mutual-friend
Robinson Crusoe,Lady Tippins,8568,our-mutual-friend
Robinson Crusoe,Long,8568,our-mutual-friend
Say,Lady Tippins,8570,our-mutual-friend
Lady Tippins,Say,8570,our-mutual-friend
Juan Fernandez,Lightwood,8571,our-mutual-friend
Lightwood,Juan Fernandez,8571,our-mutual-friend
Pardon,Lady Tippins,8579,our-mutual-friend
Pardon,Lightwood,8579,our-mutual-friend
Lady Tippins,Pardon,8579,our-mutual-friend
Lady Tippins,Lightwood,8579,our-mutual-friend
Lightwood,Pardon,8579,our-mutual-friend
Lightwood,Lady Tippins,8579,our-mutual-friend
Lady Tippins,Eugene,8580,our-mutual-friend
Eugene,Lady Tippins,8580,our-mutual-friend
Brewer,Boots,8588,our-mutual-friend
Brewer,Buffer,8588,our-mutual-friend
Boots,Brewer,8588,our-mutual-friend
Boots,Buffer,8588,our-mutual-friend
Buffer,Brewer,8588,our-mutual-friend
Buffer,Boots,8588,our-mutual-friend
Brewer,Boots,8591,our-mutual-friend
Brewer,Buffer,8591,our-mutual-friend
Boots,Brewer,8591,our-mutual-friend
Boots,Buffer,8591,our-mutual-friend
Buffer,Brewer,8591,our-mutual-friend
Buffer,Boots,8591,our-mutual-friend
Pardon,Twemlow,8613,our-mutual-friend
Twemlow,Pardon,8613,our-mutual-friend
Sir,Twemlow,8615,our-mutual-friend
Twemlow,Sir,8615,our-mutual-friend
Lady Tippins,Twemlow,8620,our-mutual-friend
Lady Tippins,Mrs Veneering,8620,our-mutual-friend
Lady Tippins,Twemlow,8620,our-mutual-friend
Twemlow,Lady Tippins,8620,our-mutual-friend
Twemlow,Mrs Veneering,8620,our-mutual-friend
Mrs Veneering,Lady Tippins,8620,our-mutual-friend
Mrs Veneering,Twemlow,8620,our-mutual-friend
Mrs Veneering,Twemlow,8620,our-mutual-friend
Twemlow,Lady Tippins,8620,our-mutual-friend
Twemlow,Mrs Veneering,8620,our-mutual-friend
John Harmon,John Rokesmith,8624,our-mutual-friend
John Rokesmith,John Harmon,8624,our-mutual-friend
Will Cases,Harmony Jail,8626,our-mutual-friend
Harmony Jail,Will Cases,8626,our-mutual-friend
Betty Higden,Poor Law,8627,our-mutual-friend
Betty Higden,Poor,8627,our-mutual-friend
Betty Higden,Houses,8627,our-mutual-friend
Poor Law,Betty Higden,8627,our-mutual-friend
Poor Law,Poor,8627,our-mutual-friend
Poor Law,Houses,8627,our-mutual-friend
Poor,Betty Higden,8627,our-mutual-friend
Poor,Poor Law,8627,our-mutual-friend
Poor,Houses,8627,our-mutual-friend
Houses,Betty Higden,8627,our-mutual-friend
Houses,Poor Law,8627,our-mutual-friend
Houses,Poor,8627,our-mutual-friend
Mrs Boffin,Mrs Lammle,8628,our-mutual-friend
Mrs Boffin,Miss Bella Wilfer,8628,our-mutual-friend
Mrs Boffin,Bradley Headstone,8628,our-mutual-friend
Mrs Lammle,Mrs Boffin,8628,our-mutual-friend
Mrs Lammle,Miss Bella Wilfer,8628,our-mutual-friend
Mrs Lammle,Bradley Headstone,8628,our-mutual-friend
Miss Bella Wilfer,Mrs Boffin,8628,our-mutual-friend
Miss Bella Wilfer,Mrs Lammle,8628,our-mutual-friend
Miss Bella Wilfer,Bradley Headstone,8628,our-mutual-friend
Bradley Headstone,Mrs Boffin,8628,our-mutual-friend
Bradley Headstone,Mrs Lammle,8628,our-mutual-friend
Bradley Headstone,Miss Bella Wilfer,8628,our-mutual-friend
Project,Project Gutenberg,8635,our-mutual-friend
Project,Project Gutenberg,8635,our-mutual-friend
Project Gutenberg,Project,8635,our-mutual-friend
Project Gutenberg,Project,8635,our-mutual-friend
Project Gutenberg,Project,8642,our-mutual-friend
Project Gutenberg,Project,8642,our-mutual-friend
Project,Project Gutenberg,8642,our-mutual-friend
Project,Project Gutenberg,8642,our-mutual-friend
Project Gutenberg,Project,8643,our-mutual-friend
Project,Project Gutenberg,8643,our-mutual-friend
Vanilla ASCII,Project,8651,our-mutual-friend
Vanilla ASCII,Plain Vanilla,8651,our-mutual-friend
Project,Vanilla ASCII,8651,our-mutual-friend
Project,Plain Vanilla,8651,our-mutual-friend
Plain Vanilla,Vanilla ASCII,8651,our-mutual-friend
Plain Vanilla,Project,8651,our-mutual-friend
Project Gutenberg,Project,8657,our-mutual-friend
Project,Project Gutenberg,8657,our-mutual-friend
Salt Lake City,Email,8668,our-mutual-friend
Email,Salt Lake City,8668,our-mutual-friend
Michael S. Hart,Project,8676,our-mutual-friend
Project,Michael S. Hart,8676,our-mutual-friend
