Item1,Item2,Time,Book
Brown,Little King,2,mudfog-papers
Brown,William,2,mudfog-papers
Brown,Simmons,2,mudfog-papers
Brown,Simmons,2,mudfog-papers
Brown,Mr. Hobler,2,mudfog-papers
Little King,Brown,2,mudfog-papers
Little King,William,2,mudfog-papers
Little King,Simmons,2,mudfog-papers
Little King,Simmons,2,mudfog-papers
Little King,Mr. Hobler,2,mudfog-papers
William,Brown,2,mudfog-papers
William,Little King,2,mudfog-papers
William,Simmons,2,mudfog-papers
William,Simmons,2,mudfog-papers
William,Mr. Hobler,2,mudfog-papers
Simmons,Brown,2,mudfog-papers
Simmons,Little King,2,mudfog-papers
Simmons,William,2,mudfog-papers
Simmons,Mr. Hobler,2,mudfog-papers
Simmons,Brown,2,mudfog-papers
Simmons,Little King,2,mudfog-papers
Simmons,William,2,mudfog-papers
Simmons,Mr. Hobler,2,mudfog-papers
Mr. Hobler,Brown,2,mudfog-papers
Mr. Hobler,Little King,2,mudfog-papers
Mr. Hobler,William,2,mudfog-papers
Mr. Hobler,Simmons,2,mudfog-papers
Mr. Hobler,Simmons,2,mudfog-papers
Mr. Tomkins,Miss Browns,11,mudfog-papers
Mr. Tomkins,Mr. Gubbins,11,mudfog-papers
Miss Browns,Mr. Tomkins,11,mudfog-papers
Miss Browns,Mr. Gubbins,11,mudfog-papers
Mr. Gubbins,Mr. Tomkins,11,mudfog-papers
Mr. Gubbins,Miss Browns,11,mudfog-papers
Sarah,Missis,15,mudfog-papers
Sarah,Mr.,15,mudfog-papers
Sarah,Mr.,15,mudfog-papers
Sarah,Soup Distribution Society,15,mudfog-papers
Missis,Sarah,15,mudfog-papers
Missis,Mr.,15,mudfog-papers
Missis,Mr.,15,mudfog-papers
Missis,Sarah,15,mudfog-papers
Missis,Soup Distribution Society,15,mudfog-papers
Mr.,Sarah,15,mudfog-papers
Mr.,Missis,15,mudfog-papers
Mr.,Sarah,15,mudfog-papers
Mr.,Soup Distribution Society,15,mudfog-papers
Mr.,Sarah,15,mudfog-papers
Mr.,Missis,15,mudfog-papers
Mr.,Sarah,15,mudfog-papers
Mr.,Soup Distribution Society,15,mudfog-papers
Sarah,Missis,15,mudfog-papers
Sarah,Mr.,15,mudfog-papers
Sarah,Mr.,15,mudfog-papers
Sarah,Soup Distribution Society,15,mudfog-papers
Soup Distribution Society,Sarah,15,mudfog-papers
Soup Distribution Society,Missis,15,mudfog-papers
Soup Distribution Society,Mr.,15,mudfog-papers
Soup Distribution Society,Mr.,15,mudfog-papers
Soup Distribution Society,Sarah,15,mudfog-papers
Miss Willis,Willises,23,mudfog-papers
Miss Willis,Willises,23,mudfog-papers
Miss Willis,Willises,23,mudfog-papers
Miss Willis,Willises,23,mudfog-papers
Willises,Miss Willis,23,mudfog-papers
Willises,Miss Willis,23,mudfog-papers
Willises,Miss Willis,23,mudfog-papers
Miss Willis,Willises,23,mudfog-papers
Miss Willis,Willises,23,mudfog-papers
Willises,Miss Willis,23,mudfog-papers
Willises,Miss Willis,23,mudfog-papers
Willises,Miss Willis,23,mudfog-papers
Willises,Mr. Robinson,24,mudfog-papers
Willises,Miss Willis,24,mudfog-papers
Willises,Mr. Robinson,24,mudfog-papers
Mr. Robinson,Willises,24,mudfog-papers
Mr. Robinson,Willises,24,mudfog-papers
Mr. Robinson,Miss Willis,24,mudfog-papers
Willises,Mr. Robinson,24,mudfog-papers
Willises,Miss Willis,24,mudfog-papers
Willises,Mr. Robinson,24,mudfog-papers
Miss Willis,Willises,24,mudfog-papers
Miss Willis,Mr. Robinson,24,mudfog-papers
Miss Willis,Willises,24,mudfog-papers
Miss Willis,Mr. Robinson,24,mudfog-papers
Mr. Robinson,Willises,24,mudfog-papers
Mr. Robinson,Willises,24,mudfog-papers
Mr. Robinson,Miss Willis,24,mudfog-papers
Robinson,_Miss_ Willis,29,mudfog-papers
Robinson,Mr. Robinson,29,mudfog-papers
_Miss_ Willis,Robinson,29,mudfog-papers
_Miss_ Willis,Mr. Robinson,29,mudfog-papers
Mr. Robinson,Robinson,29,mudfog-papers
Mr. Robinson,_Miss_ Willis,29,mudfog-papers
Mr. Robinson,Robinson,30,mudfog-papers
Mr. Robinson,Miss Willis,30,mudfog-papers
Mr. Robinson,Missis,30,mudfog-papers
Mr. Robinson,Robinson,30,mudfog-papers
Mr. Robinson,Robinson,30,mudfog-papers
Mr. Robinson,Dawson,30,mudfog-papers
Mr. Robinson,Robinson,30,mudfog-papers
Robinson,Mr. Robinson,30,mudfog-papers
Robinson,Miss Willis,30,mudfog-papers
Robinson,Missis,30,mudfog-papers
Robinson,Dawson,30,mudfog-papers
Miss Willis,Mr. Robinson,30,mudfog-papers
Miss Willis,Robinson,30,mudfog-papers
Miss Willis,Missis,30,mudfog-papers
Miss Willis,Robinson,30,mudfog-papers
Miss Willis,Robinson,30,mudfog-papers
Miss Willis,Dawson,30,mudfog-papers
Miss Willis,Robinson,30,mudfog-papers
Missis,Mr. Robinson,30,mudfog-papers
Missis,Robinson,30,mudfog-papers
Missis,Miss Willis,30,mudfog-papers
Missis,Robinson,30,mudfog-papers
Missis,Robinson,30,mudfog-papers
Missis,Dawson,30,mudfog-papers
Missis,Robinson,30,mudfog-papers
Robinson,Mr. Robinson,30,mudfog-papers
Robinson,Miss Willis,30,mudfog-papers
Robinson,Missis,30,mudfog-papers
Robinson,Dawson,30,mudfog-papers
Robinson,Mr. Robinson,30,mudfog-papers
Robinson,Miss Willis,30,mudfog-papers
Robinson,Missis,30,mudfog-papers
Robinson,Dawson,30,mudfog-papers
Dawson,Mr. Robinson,30,mudfog-papers
Dawson,Robinson,30,mudfog-papers
Dawson,Miss Willis,30,mudfog-papers
Dawson,Missis,30,mudfog-papers
Dawson,Robinson,30,mudfog-papers
Dawson,Robinson,30,mudfog-papers
Dawson,Robinson,30,mudfog-papers
Robinson,Mr. Robinson,30,mudfog-papers
Robinson,Miss Willis,30,mudfog-papers
Robinson,Missis,30,mudfog-papers
Robinson,Dawson,30,mudfog-papers
Miss Willis,Robinson,31,mudfog-papers
Robinson,Miss Willis,31,mudfog-papers
Bung,Timkins,39,mudfog-papers
Bung,Nine,39,mudfog-papers
Bung,Spruggins,39,mudfog-papers
Bung,Spruggins,39,mudfog-papers
Bung,Spruggins,39,mudfog-papers
Timkins,Bung,39,mudfog-papers
Timkins,Nine,39,mudfog-papers
Timkins,Spruggins,39,mudfog-papers
Timkins,Spruggins,39,mudfog-papers
Timkins,Spruggins,39,mudfog-papers
Timkins,Bung,39,mudfog-papers
Nine,Bung,39,mudfog-papers
Nine,Timkins,39,mudfog-papers
Nine,Spruggins,39,mudfog-papers
Nine,Spruggins,39,mudfog-papers
Nine,Spruggins,39,mudfog-papers
Nine,Bung,39,mudfog-papers
Spruggins,Bung,39,mudfog-papers
Spruggins,Timkins,39,mudfog-papers
Spruggins,Nine,39,mudfog-papers
Spruggins,Bung,39,mudfog-papers
Spruggins,Bung,39,mudfog-papers
Spruggins,Timkins,39,mudfog-papers
Spruggins,Nine,39,mudfog-papers
Spruggins,Bung,39,mudfog-papers
Spruggins,Bung,39,mudfog-papers
Spruggins,Timkins,39,mudfog-papers
Spruggins,Nine,39,mudfog-papers
Spruggins,Bung,39,mudfog-papers
Bung,Timkins,39,mudfog-papers
Bung,Nine,39,mudfog-papers
Bung,Spruggins,39,mudfog-papers
Bung,Spruggins,39,mudfog-papers
Bung,Spruggins,39,mudfog-papers
Spruggins,Bung,40,mudfog-papers
Bung,Spruggins,40,mudfog-papers
Mr. Bung,Bung,44,mudfog-papers
Mr. Bung,Bung,44,mudfog-papers
Mr. Bung,Bung,44,mudfog-papers
Mr. Bung,Spruggins,44,mudfog-papers
Bung,Mr. Bung,44,mudfog-papers
Bung,Spruggins,44,mudfog-papers
Bung,Mr. Bung,44,mudfog-papers
Bung,Spruggins,44,mudfog-papers
Bung,Mr. Bung,44,mudfog-papers
Bung,Spruggins,44,mudfog-papers
Spruggins,Mr. Bung,44,mudfog-papers
Spruggins,Bung,44,mudfog-papers
Spruggins,Bung,44,mudfog-papers
Spruggins,Bung,44,mudfog-papers
Bung,Spruggins,45,mudfog-papers
Bung,Spruggins,45,mudfog-papers
Spruggins,Bung,45,mudfog-papers
Spruggins,Bung,45,mudfog-papers
Mr. Bung,Chance,49,mudfog-papers
Chance,Mr. Bung,49,mudfog-papers
Mr. Bung,God,51,mudfog-papers
God,Mr. Bung,51,mudfog-papers
Mr. Bung,Fixem,52,mudfog-papers
Mr. Bung,Fixem,52,mudfog-papers
Mr. Bung,Hows,52,mudfog-papers
Mr. Bung,Fixem,52,mudfog-papers
Mr. Bung,Smith,52,mudfog-papers
Mr. Bung,Johnson,52,mudfog-papers
Mr. Bung,Thompson,52,mudfog-papers
Mr. Bung,Mr. Smith,52,mudfog-papers
Mr. Bung,John,52,mudfog-papers
Mr. Bung,Fixem,52,mudfog-papers
Mr. Bung,Hundred,52,mudfog-papers
Mr. Bung,Hundred,52,mudfog-papers
Mr. Bung,Fixem,52,mudfog-papers
Mr. Bung,Fixem,52,mudfog-papers
Mr. Bung,Mr. Smith,52,mudfog-papers
Mr. Bung,Fixem,52,mudfog-papers
Mr. Bung,Fixem,52,mudfog-papers
Mr. Bung,Bung,52,mudfog-papers
Fixem,Mr. Bung,52,mudfog-papers
Fixem,Hows,52,mudfog-papers
Fixem,Smith,52,mudfog-papers
Fixem,Johnson,52,mudfog-papers
Fixem,Thompson,52,mudfog-papers
Fixem,Mr. Smith,52,mudfog-papers
Fixem,John,52,mudfog-papers
Fixem,Hundred,52,mudfog-papers
Fixem,Hundred,52,mudfog-papers
Fixem,Mr. Smith,52,mudfog-papers
Fixem,Bung,52,mudfog-papers
Fixem,Mr. Bung,52,mudfog-papers
Fixem,Hows,52,mudfog-papers
Fixem,Smith,52,mudfog-papers
Fixem,Johnson,52,mudfog-papers
Fixem,Thompson,52,mudfog-papers
Fixem,Mr. Smith,52,mudfog-papers
Fixem,John,52,mudfog-papers
Fixem,Hundred,52,mudfog-papers
Fixem,Hundred,52,mudfog-papers
Fixem,Mr. Smith,52,mudfog-papers
Fixem,Bung,52,mudfog-papers
Hows,Mr. Bung,52,mudfog-papers
Hows,Fixem,52,mudfog-papers
Hows,Fixem,52,mudfog-papers
Hows,Fixem,52,mudfog-papers
Hows,Smith,52,mudfog-papers
Hows,Johnson,52,mudfog-papers
Hows,Thompson,52,mudfog-papers
Hows,Mr. Smith,52,mudfog-papers
Hows,John,52,mudfog-papers
Hows,Fixem,52,mudfog-papers
Hows,Hundred,52,mudfog-papers
Hows,Hundred,52,mudfog-papers
Hows,Fixem,52,mudfog-papers
Hows,Fixem,52,mudfog-papers
Hows,Mr. Smith,52,mudfog-papers
Hows,Fixem,52,mudfog-papers
Hows,Fixem,52,mudfog-papers
Hows,Bung,52,mudfog-papers
Fixem,Mr. Bung,52,mudfog-papers
Fixem,Hows,52,mudfog-papers
Fixem,Smith,52,mudfog-papers
Fixem,Johnson,52,mudfog-papers
Fixem,Thompson,52,mudfog-papers
Fixem,Mr. Smith,52,mudfog-papers
Fixem,John,52,mudfog-papers
Fixem,Hundred,52,mudfog-papers
Fixem,Hundred,52,mudfog-papers
Fixem,Mr. Smith,52,mudfog-papers
Fixem,Bung,52,mudfog-papers
Smith,Mr. Bung,52,mudfog-papers
Smith,Fixem,52,mudfog-papers
Smith,Fixem,52,mudfog-papers
Smith,Hows,52,mudfog-papers
Smith,Fixem,52,mudfog-papers
Smith,Johnson,52,mudfog-papers
Smith,Thompson,52,mudfog-papers
Smith,Mr. Smith,52,mudfog-papers
Smith,John,52,mudfog-papers
Smith,Fixem,52,mudfog-papers
Smith,Hundred,52,mudfog-papers
Smith,Hundred,52,mudfog-papers
Smith,Fixem,52,mudfog-papers
Smith,Fixem,52,mudfog-papers
Smith,Mr. Smith,52,mudfog-papers
Smith,Fixem,52,mudfog-papers
Smith,Fixem,52,mudfog-papers
Smith,Bung,52,mudfog-papers
Johnson,Mr. Bung,52,mudfog-papers
Johnson,Fixem,52,mudfog-papers
Johnson,Fixem,52,mudfog-papers
Johnson,Hows,52,mudfog-papers
Johnson,Fixem,52,mudfog-papers
Johnson,Smith,52,mudfog-papers
Johnson,Thompson,52,mudfog-papers
Johnson,Mr. Smith,52,mudfog-papers
Johnson,John,52,mudfog-papers
Johnson,Fixem,52,mudfog-papers
Johnson,Hundred,52,mudfog-papers
Johnson,Hundred,52,mudfog-papers
Johnson,Fixem,52,mudfog-papers
Johnson,Fixem,52,mudfog-papers
Johnson,Mr. Smith,52,mudfog-papers
Johnson,Fixem,52,mudfog-papers
Johnson,Fixem,52,mudfog-papers
Johnson,Bung,52,mudfog-papers
Thompson,Mr. Bung,52,mudfog-papers
Thompson,Fixem,52,mudfog-papers
Thompson,Fixem,52,mudfog-papers
Thompson,Hows,52,mudfog-papers
Thompson,Fixem,52,mudfog-papers
Thompson,Smith,52,mudfog-papers
Thompson,Johnson,52,mudfog-papers
Thompson,Mr. Smith,52,mudfog-papers
Thompson,John,52,mudfog-papers
Thompson,Fixem,52,mudfog-papers
Thompson,Hundred,52,mudfog-papers
Thompson,Hundred,52,mudfog-papers
Thompson,Fixem,52,mudfog-papers
Thompson,Fixem,52,mudfog-papers
Thompson,Mr. Smith,52,mudfog-papers
Thompson,Fixem,52,mudfog-papers
Thompson,Fixem,52,mudfog-papers
Thompson,Bung,52,mudfog-papers
Mr. Smith,Mr. Bung,52,mudfog-papers
Mr. Smith,Fixem,52,mudfog-papers
Mr. Smith,Fixem,52,mudfog-papers
Mr. Smith,Hows,52,mudfog-papers
Mr. Smith,Fixem,52,mudfog-papers
Mr. Smith,Smith,52,mudfog-papers
Mr. Smith,Johnson,52,mudfog-papers
Mr. Smith,Thompson,52,mudfog-papers
Mr. Smith,John,52,mudfog-papers
Mr. Smith,Fixem,52,mudfog-papers
Mr. Smith,Hundred,52,mudfog-papers
Mr. Smith,Hundred,52,mudfog-papers
Mr. Smith,Fixem,52,mudfog-papers
Mr. Smith,Fixem,52,mudfog-papers
Mr. Smith,Fixem,52,mudfog-papers
Mr. Smith,Fixem,52,mudfog-papers
Mr. Smith,Bung,52,mudfog-papers
John,Mr. Bung,52,mudfog-papers
John,Fixem,52,mudfog-papers
John,Fixem,52,mudfog-papers
John,Hows,52,mudfog-papers
John,Fixem,52,mudfog-papers
John,Smith,52,mudfog-papers
John,Johnson,52,mudfog-papers
John,Thompson,52,mudfog-papers
John,Mr. Smith,52,mudfog-papers
John,Fixem,52,mudfog-papers
John,Hundred,52,mudfog-papers
John,Hundred,52,mudfog-papers
John,Fixem,52,mudfog-papers
John,Fixem,52,mudfog-papers
John,Mr. Smith,52,mudfog-papers
John,Fixem,52,mudfog-papers
John,Fixem,52,mudfog-papers
John,Bung,52,mudfog-papers
Fixem,Mr. Bung,52,mudfog-papers
Fixem,Hows,52,mudfog-papers
Fixem,Smith,52,mudfog-papers
Fixem,Johnson,52,mudfog-papers
Fixem,Thompson,52,mudfog-papers
Fixem,Mr. Smith,52,mudfog-papers
Fixem,John,52,mudfog-papers
Fixem,Hundred,52,mudfog-papers
Fixem,Hundred,52,mudfog-papers
Fixem,Mr. Smith,52,mudfog-papers
Fixem,Bung,52,mudfog-papers
Hundred,Mr. Bung,52,mudfog-papers
Hundred,Fixem,52,mudfog-papers
Hundred,Fixem,52,mudfog-papers
Hundred,Hows,52,mudfog-papers
Hundred,Fixem,52,mudfog-papers
Hundred,Smith,52,mudfog-papers
Hundred,Johnson,52,mudfog-papers
Hundred,Thompson,52,mudfog-papers
Hundred,Mr. Smith,52,mudfog-papers
Hundred,John,52,mudfog-papers
Hundred,Fixem,52,mudfog-papers
Hundred,Fixem,52,mudfog-papers
Hundred,Fixem,52,mudfog-papers
Hundred,Mr. Smith,52,mudfog-papers
Hundred,Fixem,52,mudfog-papers
Hundred,Fixem,52,mudfog-papers
Hundred,Bung,52,mudfog-papers
Hundred,Mr. Bung,52,mudfog-papers
Hundred,Fixem,52,mudfog-papers
Hundred,Fixem,52,mudfog-papers
Hundred,Hows,52,mudfog-papers
Hundred,Fixem,52,mudfog-papers
Hundred,Smith,52,mudfog-papers
Hundred,Johnson,52,mudfog-papers
Hundred,Thompson,52,mudfog-papers
Hundred,Mr. Smith,52,mudfog-papers
Hundred,John,52,mudfog-papers
Hundred,Fixem,52,mudfog-papers
Hundred,Fixem,52,mudfog-papers
Hundred,Fixem,52,mudfog-papers
Hundred,Mr. Smith,52,mudfog-papers
Hundred,Fixem,52,mudfog-papers
Hundred,Fixem,52,mudfog-papers
Hundred,Bung,52,mudfog-papers
Fixem,Mr. Bung,52,mudfog-papers
Fixem,Hows,52,mudfog-papers
Fixem,Smith,52,mudfog-papers
Fixem,Johnson,52,mudfog-papers
Fixem,Thompson,52,mudfog-papers
Fixem,Mr. Smith,52,mudfog-papers
Fixem,John,52,mudfog-papers
Fixem,Hundred,52,mudfog-papers
Fixem,Hundred,52,mudfog-papers
Fixem,Mr. Smith,52,mudfog-papers
Fixem,Bung,52,mudfog-papers
Fixem,Mr. Bung,52,mudfog-papers
Fixem,Hows,52,mudfog-papers
Fixem,Smith,52,mudfog-papers
Fixem,Johnson,52,mudfog-papers
Fixem,Thompson,52,mudfog-papers
Fixem,Mr. Smith,52,mudfog-papers
Fixem,John,52,mudfog-papers
Fixem,Hundred,52,mudfog-papers
Fixem,Hundred,52,mudfog-papers
Fixem,Mr. Smith,52,mudfog-papers
Fixem,Bung,52,mudfog-papers
Mr. Smith,Mr. Bung,52,mudfog-papers
Mr. Smith,Fixem,52,mudfog-papers
Mr. Smith,Fixem,52,mudfog-papers
Mr. Smith,Hows,52,mudfog-papers
Mr. Smith,Fixem,52,mudfog-papers
Mr. Smith,Smith,52,mudfog-papers
Mr. Smith,Johnson,52,mudfog-papers
Mr. Smith,Thompson,52,mudfog-papers
Mr. Smith,John,52,mudfog-papers
Mr. Smith,Fixem,52,mudfog-papers
Mr. Smith,Hundred,52,mudfog-papers
Mr. Smith,Hundred,52,mudfog-papers
Mr. Smith,Fixem,52,mudfog-papers
Mr. Smith,Fixem,52,mudfog-papers
Mr. Smith,Fixem,52,mudfog-papers
Mr. Smith,Fixem,52,mudfog-papers
Mr. Smith,Bung,52,mudfog-papers
Fixem,Mr. Bung,52,mudfog-papers
Fixem,Hows,52,mudfog-papers
Fixem,Smith,52,mudfog-papers
Fixem,Johnson,52,mudfog-papers
Fixem,Thompson,52,mudfog-papers
Fixem,Mr. Smith,52,mudfog-papers
Fixem,John,52,mudfog-papers
Fixem,Hundred,52,mudfog-papers
Fixem,Hundred,52,mudfog-papers
Fixem,Mr. Smith,52,mudfog-papers
Fixem,Bung,52,mudfog-papers
Fixem,Mr. Bung,52,mudfog-papers
Fixem,Hows,52,mudfog-papers
Fixem,Smith,52,mudfog-papers
Fixem,Johnson,52,mudfog-papers
Fixem,Thompson,52,mudfog-papers
Fixem,Mr. Smith,52,mudfog-papers
Fixem,John,52,mudfog-papers
Fixem,Hundred,52,mudfog-papers
Fixem,Hundred,52,mudfog-papers
Fixem,Mr. Smith,52,mudfog-papers
Fixem,Bung,52,mudfog-papers
Bung,Mr. Bung,52,mudfog-papers
Bung,Fixem,52,mudfog-papers
Bung,Fixem,52,mudfog-papers
Bung,Hows,52,mudfog-papers
Bung,Fixem,52,mudfog-papers
Bung,Smith,52,mudfog-papers
Bung,Johnson,52,mudfog-papers
Bung,Thompson,52,mudfog-papers
Bung,Mr. Smith,52,mudfog-papers
Bung,John,52,mudfog-papers
Bung,Fixem,52,mudfog-papers
Bung,Hundred,52,mudfog-papers
Bung,Hundred,52,mudfog-papers
Bung,Fixem,52,mudfog-papers
Bung,Fixem,52,mudfog-papers
Bung,Mr. Smith,52,mudfog-papers
Bung,Fixem,52,mudfog-papers
Bung,Fixem,52,mudfog-papers
Mr. Bung,George,53,mudfog-papers
Mr. Bung,Simmons,53,mudfog-papers
George,Mr. Bung,53,mudfog-papers
George,Simmons,53,mudfog-papers
Simmons,Mr. Bung,53,mudfog-papers
Simmons,George,53,mudfog-papers
Mr. Bung,Fixem,54,mudfog-papers
Mr. Bung,Fixem,54,mudfog-papers
Mr. Bung,Fixem,54,mudfog-papers
Mr. Bung,Fixem,54,mudfog-papers
Mr. Bung,Fixem,54,mudfog-papers
Fixem,Mr. Bung,54,mudfog-papers
Fixem,Mr. Bung,54,mudfog-papers
Fixem,Mr. Bung,54,mudfog-papers
Fixem,Mr. Bung,54,mudfog-papers
Fixem,Mr. Bung,54,mudfog-papers
Fixem,God,55,mudfog-papers
Fixem,_Mini_,55,mudfog-papers
God,Fixem,55,mudfog-papers
God,_Mini_,55,mudfog-papers
_Mini_,Fixem,55,mudfog-papers
_Mini_,God,55,mudfog-papers
Sobs,Miss Browns,62,mudfog-papers
Sobs,Miss Browns,62,mudfog-papers
Sobs,Miss Browns,62,mudfog-papers
Miss Browns,Sobs,62,mudfog-papers
Miss Browns,Sobs,62,mudfog-papers
Miss Browns,Sobs,62,mudfog-papers
Miss Browns,Maiden,63,mudfog-papers
Miss Browns,Johnson Parker,63,mudfog-papers
Miss Browns,Mrs. Johnson Parker,63,mudfog-papers
Miss Browns,Johnson Parker,63,mudfog-papers
Maiden,Miss Browns,63,mudfog-papers
Maiden,Miss Browns,63,mudfog-papers
Maiden,Johnson Parker,63,mudfog-papers
Maiden,Mrs. Johnson Parker,63,mudfog-papers
Maiden,Johnson Parker,63,mudfog-papers
Miss Browns,Maiden,63,mudfog-papers
Miss Browns,Johnson Parker,63,mudfog-papers
Miss Browns,Mrs. Johnson Parker,63,mudfog-papers
Miss Browns,Johnson Parker,63,mudfog-papers
Johnson Parker,Miss Browns,63,mudfog-papers
Johnson Parker,Maiden,63,mudfog-papers
Johnson Parker,Miss Browns,63,mudfog-papers
Johnson Parker,Mrs. Johnson Parker,63,mudfog-papers
Mrs. Johnson Parker,Miss Browns,63,mudfog-papers
Mrs. Johnson Parker,Maiden,63,mudfog-papers
Mrs. Johnson Parker,Miss Browns,63,mudfog-papers
Mrs. Johnson Parker,Johnson Parker,63,mudfog-papers
Mrs. Johnson Parker,Johnson Parker,63,mudfog-papers
Johnson Parker,Miss Browns,63,mudfog-papers
Johnson Parker,Maiden,63,mudfog-papers
Johnson Parker,Miss Browns,63,mudfog-papers
Johnson Parker,Mrs. Johnson Parker,63,mudfog-papers
Miss Browns,Johnson Parker,64,mudfog-papers
Miss Browns,Johnson Parker,64,mudfog-papers
Miss Browns,Johnson Parkers,64,mudfog-papers
Miss Browns,Johnson Parker,64,mudfog-papers
Miss Browns,Johnson Parker,64,mudfog-papers
Miss Browns,Johnson Parkers,64,mudfog-papers
Johnson Parker,Miss Browns,64,mudfog-papers
Johnson Parker,Miss Browns,64,mudfog-papers
Johnson Parker,Miss Browns,64,mudfog-papers
Johnson Parker,Johnson Parkers,64,mudfog-papers
Miss Browns,Johnson Parker,64,mudfog-papers
Miss Browns,Johnson Parker,64,mudfog-papers
Miss Browns,Johnson Parkers,64,mudfog-papers
Johnson Parker,Miss Browns,64,mudfog-papers
Johnson Parker,Miss Browns,64,mudfog-papers
Johnson Parker,Miss Browns,64,mudfog-papers
Johnson Parker,Johnson Parkers,64,mudfog-papers
Johnson Parkers,Miss Browns,64,mudfog-papers
Johnson Parkers,Miss Browns,64,mudfog-papers
Johnson Parkers,Johnson Parker,64,mudfog-papers
Johnson Parkers,Miss Browns,64,mudfog-papers
Johnson Parkers,Johnson Parker,64,mudfog-papers
Mrs. Johnson Parker,Exeter,70,mudfog-papers
Mrs. Johnson Parker,Latin,70,mudfog-papers
Mrs. Johnson Parker,Latin,70,mudfog-papers
Mrs. Johnson Parker,Nobody,70,mudfog-papers
Exeter,Mrs. Johnson Parker,70,mudfog-papers
Exeter,Latin,70,mudfog-papers
Exeter,Latin,70,mudfog-papers
Exeter,Nobody,70,mudfog-papers
Latin,Mrs. Johnson Parker,70,mudfog-papers
Latin,Exeter,70,mudfog-papers
Latin,Nobody,70,mudfog-papers
Latin,Mrs. Johnson Parker,70,mudfog-papers
Latin,Exeter,70,mudfog-papers
Latin,Nobody,70,mudfog-papers
Nobody,Mrs. Johnson Parker,70,mudfog-papers
Nobody,Exeter,70,mudfog-papers
Nobody,Latin,70,mudfog-papers
Nobody,Latin,70,mudfog-papers
William,Mother,106,mudfog-papers
William,Mother,106,mudfog-papers
Mother,William,106,mudfog-papers
Mother,William,106,mudfog-papers
Missis,Master,119,mudfog-papers
Missis,Mr. Todd,119,mudfog-papers
Missis,Betsy Clark,119,mudfog-papers
Missis,Mr. Todd,119,mudfog-papers
Missis,Mr. Todd,119,mudfog-papers
Missis,Betsy Clark,119,mudfog-papers
Missis,Mr. Todd,119,mudfog-papers
Missis,Mr. Todd,119,mudfog-papers
Master,Missis,119,mudfog-papers
Master,Missis,119,mudfog-papers
Master,Mr. Todd,119,mudfog-papers
Master,Betsy Clark,119,mudfog-papers
Master,Mr. Todd,119,mudfog-papers
Master,Mr. Todd,119,mudfog-papers
Master,Betsy Clark,119,mudfog-papers
Master,Mr. Todd,119,mudfog-papers
Master,Mr. Todd,119,mudfog-papers
Missis,Master,119,mudfog-papers
Missis,Mr. Todd,119,mudfog-papers
Missis,Betsy Clark,119,mudfog-papers
Missis,Mr. Todd,119,mudfog-papers
Missis,Mr. Todd,119,mudfog-papers
Missis,Betsy Clark,119,mudfog-papers
Missis,Mr. Todd,119,mudfog-papers
Missis,Mr. Todd,119,mudfog-papers
Mr. Todd,Missis,119,mudfog-papers
Mr. Todd,Master,119,mudfog-papers
Mr. Todd,Missis,119,mudfog-papers
Mr. Todd,Betsy Clark,119,mudfog-papers
Mr. Todd,Betsy Clark,119,mudfog-papers
Betsy Clark,Missis,119,mudfog-papers
Betsy Clark,Master,119,mudfog-papers
Betsy Clark,Missis,119,mudfog-papers
Betsy Clark,Mr. Todd,119,mudfog-papers
Betsy Clark,Mr. Todd,119,mudfog-papers
Betsy Clark,Mr. Todd,119,mudfog-papers
Betsy Clark,Mr. Todd,119,mudfog-papers
Betsy Clark,Mr. Todd,119,mudfog-papers
Mr. Todd,Missis,119,mudfog-papers
Mr. Todd,Master,119,mudfog-papers
Mr. Todd,Missis,119,mudfog-papers
Mr. Todd,Betsy Clark,119,mudfog-papers
Mr. Todd,Betsy Clark,119,mudfog-papers
Mr. Todd,Missis,119,mudfog-papers
Mr. Todd,Master,119,mudfog-papers
Mr. Todd,Missis,119,mudfog-papers
Mr. Todd,Betsy Clark,119,mudfog-papers
Mr. Todd,Betsy Clark,119,mudfog-papers
Betsy Clark,Missis,119,mudfog-papers
Betsy Clark,Master,119,mudfog-papers
Betsy Clark,Missis,119,mudfog-papers
Betsy Clark,Mr. Todd,119,mudfog-papers
Betsy Clark,Mr. Todd,119,mudfog-papers
Betsy Clark,Mr. Todd,119,mudfog-papers
Betsy Clark,Mr. Todd,119,mudfog-papers
Betsy Clark,Mr. Todd,119,mudfog-papers
Mr. Todd,Missis,119,mudfog-papers
Mr. Todd,Master,119,mudfog-papers
Mr. Todd,Missis,119,mudfog-papers
Mr. Todd,Betsy Clark,119,mudfog-papers
Mr. Todd,Betsy Clark,119,mudfog-papers
Mr. Todd,Missis,119,mudfog-papers
Mr. Todd,Master,119,mudfog-papers
Mr. Todd,Missis,119,mudfog-papers
Mr. Todd,Betsy Clark,119,mudfog-papers
Mr. Todd,Betsy Clark,119,mudfog-papers
Jews,Heaven,120,mudfog-papers
Heaven,Jews,120,mudfog-papers
Islington,Small,123,mudfog-papers
Small,Islington,123,mudfog-papers
Muffins,Master Peplow,128,mudfog-papers
Muffins,Peplow,128,mudfog-papers
Master Peplow,Muffins,128,mudfog-papers
Master Peplow,Peplow,128,mudfog-papers
Peplow,Muffins,128,mudfog-papers
Peplow,Master Peplow,128,mudfog-papers
Master Peplow,Macklin,129,mudfog-papers
Macklin,Master Peplow,129,mudfog-papers
Disease,God,137,mudfog-papers
God,Disease,137,mudfog-papers
Sterne,Paul,147,mudfog-papers
Sterne,Churchyard,147,mudfog-papers
Sterne,Large,147,mudfog-papers
Paul,Sterne,147,mudfog-papers
Paul,Churchyard,147,mudfog-papers
Paul,Large,147,mudfog-papers
Churchyard,Sterne,147,mudfog-papers
Churchyard,Paul,147,mudfog-papers
Churchyard,Large,147,mudfog-papers
Large,Sterne,147,mudfog-papers
Large,Paul,147,mudfog-papers
Large,Churchyard,147,mudfog-papers
Years,Pedlar,164,mudfog-papers
Years,Acre,164,mudfog-papers
Pedlar,Years,164,mudfog-papers
Pedlar,Acre,164,mudfog-papers
Acre,Years,164,mudfog-papers
Acre,Pedlar,164,mudfog-papers
Tom King,Frenchman,173,mudfog-papers
Tom King,Seven Dials,173,mudfog-papers
Tom King,Seven Dials,173,mudfog-papers
Frenchman,Tom King,173,mudfog-papers
Frenchman,Seven Dials,173,mudfog-papers
Frenchman,Seven Dials,173,mudfog-papers
Seven Dials,Tom King,173,mudfog-papers
Seven Dials,Frenchman,173,mudfog-papers
Seven Dials,Tom King,173,mudfog-papers
Seven Dials,Frenchman,173,mudfog-papers
Seven Dials,Mr. Thompson,174,mudfog-papers
Seven Dials,Tom King,174,mudfog-papers
Mr. Thompson,Seven Dials,174,mudfog-papers
Mr. Thompson,Tom King,174,mudfog-papers
Tom King,Seven Dials,174,mudfog-papers
Tom King,Mr. Thompson,174,mudfog-papers
Easter,Ven,179,mudfog-papers
Easter,Sulliwin,179,mudfog-papers
Ven,Easter,179,mudfog-papers
Ven,Sulliwin,179,mudfog-papers
Sulliwin,Easter,179,mudfog-papers
Sulliwin,Ven,179,mudfog-papers
Pass,Giles,183,mudfog-papers
Pass,Seven Dials,183,mudfog-papers
Giles,Pass,183,mudfog-papers
Giles,Seven Dials,183,mudfog-papers
Seven Dials,Pass,183,mudfog-papers
Seven Dials,Giles,183,mudfog-papers
Liverpool,Manchester,211,mudfog-papers
Manchester,Liverpool,211,mudfog-papers
Paul,Churchyard,222,mudfog-papers
Churchyard,Paul,222,mudfog-papers
Churchyard,Paul,222,mudfog-papers
Paul,Churchyard,222,mudfog-papers
Thomas Sludberry,Michael Bumple,227,mudfog-papers
Thomas Sludberry,Michael Bumple,227,mudfog-papers
Thomas Sludberry,Michael Bumple,227,mudfog-papers
Thomas Sludberry,Michael Bumple,227,mudfog-papers
Thomas Sludberry,Bumple,227,mudfog-papers
Thomas Sludberry,Sludberry,227,mudfog-papers
Michael Bumple,Thomas Sludberry,227,mudfog-papers
Michael Bumple,Thomas Sludberry,227,mudfog-papers
Michael Bumple,Thomas Sludberry,227,mudfog-papers
Michael Bumple,Thomas Sludberry,227,mudfog-papers
Michael Bumple,Bumple,227,mudfog-papers
Michael Bumple,Sludberry,227,mudfog-papers
Michael Bumple,Thomas Sludberry,227,mudfog-papers
Michael Bumple,Thomas Sludberry,227,mudfog-papers
Michael Bumple,Thomas Sludberry,227,mudfog-papers
Michael Bumple,Thomas Sludberry,227,mudfog-papers
Michael Bumple,Bumple,227,mudfog-papers
Michael Bumple,Sludberry,227,mudfog-papers
Thomas Sludberry,Michael Bumple,227,mudfog-papers
Thomas Sludberry,Michael Bumple,227,mudfog-papers
Thomas Sludberry,Michael Bumple,227,mudfog-papers
Thomas Sludberry,Michael Bumple,227,mudfog-papers
Thomas Sludberry,Bumple,227,mudfog-papers
Thomas Sludberry,Sludberry,227,mudfog-papers
Thomas Sludberry,Michael Bumple,227,mudfog-papers
Thomas Sludberry,Michael Bumple,227,mudfog-papers
Thomas Sludberry,Michael Bumple,227,mudfog-papers
Thomas Sludberry,Michael Bumple,227,mudfog-papers
Thomas Sludberry,Bumple,227,mudfog-papers
Thomas Sludberry,Sludberry,227,mudfog-papers
Michael Bumple,Thomas Sludberry,227,mudfog-papers
Michael Bumple,Thomas Sludberry,227,mudfog-papers
Michael Bumple,Thomas Sludberry,227,mudfog-papers
Michael Bumple,Thomas Sludberry,227,mudfog-papers
Michael Bumple,Bumple,227,mudfog-papers
Michael Bumple,Sludberry,227,mudfog-papers
Michael Bumple,Thomas Sludberry,227,mudfog-papers
Michael Bumple,Thomas Sludberry,227,mudfog-papers
Michael Bumple,Thomas Sludberry,227,mudfog-papers
Michael Bumple,Thomas Sludberry,227,mudfog-papers
Michael Bumple,Bumple,227,mudfog-papers
Michael Bumple,Sludberry,227,mudfog-papers
Thomas Sludberry,Michael Bumple,227,mudfog-papers
Thomas Sludberry,Michael Bumple,227,mudfog-papers
Thomas Sludberry,Michael Bumple,227,mudfog-papers
Thomas Sludberry,Michael Bumple,227,mudfog-papers
Thomas Sludberry,Bumple,227,mudfog-papers
Thomas Sludberry,Sludberry,227,mudfog-papers
Bumple,Thomas Sludberry,227,mudfog-papers
Bumple,Michael Bumple,227,mudfog-papers
Bumple,Michael Bumple,227,mudfog-papers
Bumple,Thomas Sludberry,227,mudfog-papers
Bumple,Thomas Sludberry,227,mudfog-papers
Bumple,Michael Bumple,227,mudfog-papers
Bumple,Michael Bumple,227,mudfog-papers
Bumple,Thomas Sludberry,227,mudfog-papers
Bumple,Sludberry,227,mudfog-papers
Sludberry,Thomas Sludberry,227,mudfog-papers
Sludberry,Michael Bumple,227,mudfog-papers
Sludberry,Michael Bumple,227,mudfog-papers
Sludberry,Thomas Sludberry,227,mudfog-papers
Sludberry,Thomas Sludberry,227,mudfog-papers
Sludberry,Michael Bumple,227,mudfog-papers
Sludberry,Michael Bumple,227,mudfog-papers
Sludberry,Thomas Sludberry,227,mudfog-papers
Sludberry,Bumple,227,mudfog-papers
Almack,Thomson,239,mudfog-papers
Almack,Johnson,239,mudfog-papers
Thomson,Almack,239,mudfog-papers
Thomson,Johnson,239,mudfog-papers
Johnson,Almack,239,mudfog-papers
Johnson,Thomson,239,mudfog-papers
Lloyd,Clapton,240,mudfog-papers
Clapton,Lloyd,240,mudfog-papers
Uncle Bill,Don,247,mudfog-papers
Uncle Bill,Sally,247,mudfog-papers
Uncle Bill,Don,247,mudfog-papers
Uncle Bill,Sally,247,mudfog-papers
Don,Uncle Bill,247,mudfog-papers
Don,Uncle Bill,247,mudfog-papers
Don,Sally,247,mudfog-papers
Don,Uncle Bill,247,mudfog-papers
Sally,Uncle Bill,247,mudfog-papers
Sally,Uncle Bill,247,mudfog-papers
Sally,Don,247,mudfog-papers
Sally,Uncle Bill,247,mudfog-papers
Uncle Bill,Don,247,mudfog-papers
Uncle Bill,Sally,247,mudfog-papers
Dando,Mr. Dilworth,254,mudfog-papers
Mr. Dilworth,Dando,254,mudfog-papers
Dando,Pull,255,mudfog-papers
Dando,Tom,255,mudfog-papers
Dando,Pull,255,mudfog-papers
Dando,Tom,255,mudfog-papers
Pull,Dando,255,mudfog-papers
Pull,Dando,255,mudfog-papers
Pull,Tom,255,mudfog-papers
Pull,Dando,255,mudfog-papers
Tom,Dando,255,mudfog-papers
Tom,Dando,255,mudfog-papers
Tom,Pull,255,mudfog-papers
Tom,Dando,255,mudfog-papers
Dando,Pull,255,mudfog-papers
Dando,Tom,255,mudfog-papers
Pink,Red,258,mudfog-papers
Pink,George,258,mudfog-papers
Pink,Tom,258,mudfog-papers
Pink,Yellow,258,mudfog-papers
Red,Pink,258,mudfog-papers
Red,George,258,mudfog-papers
Red,Tom,258,mudfog-papers
Red,Yellow,258,mudfog-papers
George,Pink,258,mudfog-papers
George,Red,258,mudfog-papers
George,Tom,258,mudfog-papers
George,Yellow,258,mudfog-papers
Tom,Pink,258,mudfog-papers
Tom,Red,258,mudfog-papers
Tom,George,258,mudfog-papers
Tom,Yellow,258,mudfog-papers
Yellow,Pink,258,mudfog-papers
Yellow,Red,258,mudfog-papers
Yellow,George,258,mudfog-papers
Yellow,Tom,258,mudfog-papers
St. Kat,Dock Company,263,mudfog-papers
Dock Company,St. Kat,263,mudfog-papers
Alick,Mr. Brown,265,mudfog-papers
Alick,Mr. O,265,mudfog-papers
Alick,Mr. Brown,265,mudfog-papers
Alick,Mr. O,265,mudfog-papers
Alick,Mr. Brown,265,mudfog-papers
Alick,Mr. O,265,mudfog-papers
Alick,Mr. Brown,265,mudfog-papers
Alick,Mr. O,265,mudfog-papers
Mr. Brown,Alick,265,mudfog-papers
Mr. Brown,Alick,265,mudfog-papers
Mr. Brown,Mr. O,265,mudfog-papers
Mr. Brown,Mr. O,265,mudfog-papers
Mr. O,Alick,265,mudfog-papers
Mr. O,Alick,265,mudfog-papers
Mr. O,Mr. Brown,265,mudfog-papers
Mr. O,Mr. Brown,265,mudfog-papers
Mr. Brown,Alick,265,mudfog-papers
Mr. Brown,Alick,265,mudfog-papers
Mr. Brown,Mr. O,265,mudfog-papers
Mr. Brown,Mr. O,265,mudfog-papers
Mr. O,Alick,265,mudfog-papers
Mr. O,Alick,265,mudfog-papers
Mr. O,Mr. Brown,265,mudfog-papers
Mr. O,Mr. Brown,265,mudfog-papers
Astley,Ducrow,270,mudfog-papers
Ducrow,Astley,270,mudfog-papers
Ducrow,Astley,270,mudfog-papers
Astley,Ducrow,270,mudfog-papers
Pa,Astley,273,mudfog-papers
Pa,Drury Lane,273,mudfog-papers
Pa,George,273,mudfog-papers
Pa,George,273,mudfog-papers
Pa,George,273,mudfog-papers
Pa,William,273,mudfog-papers
Astley,Pa,273,mudfog-papers
Astley,Drury Lane,273,mudfog-papers
Astley,George,273,mudfog-papers
Astley,George,273,mudfog-papers
Astley,George,273,mudfog-papers
Astley,William,273,mudfog-papers
Drury Lane,Pa,273,mudfog-papers
Drury Lane,Astley,273,mudfog-papers
Drury Lane,George,273,mudfog-papers
Drury Lane,George,273,mudfog-papers
Drury Lane,George,273,mudfog-papers
Drury Lane,William,273,mudfog-papers
George,Pa,273,mudfog-papers
George,Astley,273,mudfog-papers
George,Drury Lane,273,mudfog-papers
George,William,273,mudfog-papers
George,Pa,273,mudfog-papers
George,Astley,273,mudfog-papers
George,Drury Lane,273,mudfog-papers
George,William,273,mudfog-papers
George,Pa,273,mudfog-papers
George,Astley,273,mudfog-papers
George,Drury Lane,273,mudfog-papers
George,William,273,mudfog-papers
William,Pa,273,mudfog-papers
William,Astley,273,mudfog-papers
William,Drury Lane,273,mudfog-papers
William,George,273,mudfog-papers
William,George,273,mudfog-papers
William,George,273,mudfog-papers
Astley,Miss Woolford,276,mudfog-papers
Astley,Miss Woolford,276,mudfog-papers
Miss Woolford,Astley,276,mudfog-papers
Miss Woolford,Astley,276,mudfog-papers
Easter,Cabs,287,mudfog-papers
Cabs,Easter,287,mudfog-papers
Richard,Tressel,306,mudfog-papers
Richard,Lord Stanley,306,mudfog-papers
Richard,Lord Mayor,306,mudfog-papers
Tressel,Richard,306,mudfog-papers
Tressel,Lord Stanley,306,mudfog-papers
Tressel,Lord Mayor,306,mudfog-papers
Lord Stanley,Richard,306,mudfog-papers
Lord Stanley,Tressel,306,mudfog-papers
Lord Stanley,Lord Mayor,306,mudfog-papers
Lord Mayor,Richard,306,mudfog-papers
Lord Mayor,Tressel,306,mudfog-papers
Lord Mayor,Lord Stanley,306,mudfog-papers
Lady Ann,Sadler,307,mudfog-papers
Lady Ann,Wells,307,mudfog-papers
Lady Ann,Richard,307,mudfog-papers
Sadler,Lady Ann,307,mudfog-papers
Sadler,Wells,307,mudfog-papers
Sadler,Richard,307,mudfog-papers
Wells,Lady Ann,307,mudfog-papers
Wells,Sadler,307,mudfog-papers
Wells,Richard,307,mudfog-papers
Richard,Lady Ann,307,mudfog-papers
Richard,Sadler,307,mudfog-papers
Richard,Wells,307,mudfog-papers
Jews,Gray,308,mudfog-papers
Jews,Sadler,308,mudfog-papers
Jews,Wells,308,mudfog-papers
Gray,Jews,308,mudfog-papers
Gray,Sadler,308,mudfog-papers
Gray,Wells,308,mudfog-papers
Sadler,Jews,308,mudfog-papers
Sadler,Gray,308,mudfog-papers
Sadler,Wells,308,mudfog-papers
Wells,Jews,308,mudfog-papers
Wells,Gray,308,mudfog-papers
Wells,Sadler,308,mudfog-papers
Count D,Bill,310,mudfog-papers
Count D,Ned So-and-so,310,mudfog-papers
Count D,_The Unknown Bandit,310,mudfog-papers
Count D,Mister Palmer,310,mudfog-papers
Count D,_The Unknown Bandit_,310,mudfog-papers
Count D,Charley Scarton,310,mudfog-papers
Count D,Mister Palmer,310,mudfog-papers
Count D,Charley Scarton,310,mudfog-papers
Count D,_Young Dorntons_,310,mudfog-papers
Count D,_Captain Absolutes_,310,mudfog-papers
Bill,Count D,310,mudfog-papers
Bill,Ned So-and-so,310,mudfog-papers
Bill,_The Unknown Bandit,310,mudfog-papers
Bill,Mister Palmer,310,mudfog-papers
Bill,_The Unknown Bandit_,310,mudfog-papers
Bill,Charley Scarton,310,mudfog-papers
Bill,Mister Palmer,310,mudfog-papers
Bill,Charley Scarton,310,mudfog-papers
Bill,_Young Dorntons_,310,mudfog-papers
Bill,_Captain Absolutes_,310,mudfog-papers
Ned So-and-so,Count D,310,mudfog-papers
Ned So-and-so,Bill,310,mudfog-papers
Ned So-and-so,_The Unknown Bandit,310,mudfog-papers
Ned So-and-so,Mister Palmer,310,mudfog-papers
Ned So-and-so,_The Unknown Bandit_,310,mudfog-papers
Ned So-and-so,Charley Scarton,310,mudfog-papers
Ned So-and-so,Mister Palmer,310,mudfog-papers
Ned So-and-so,Charley Scarton,310,mudfog-papers
Ned So-and-so,_Young Dorntons_,310,mudfog-papers
Ned So-and-so,_Captain Absolutes_,310,mudfog-papers
_The Unknown Bandit,Count D,310,mudfog-papers
_The Unknown Bandit,Bill,310,mudfog-papers
_The Unknown Bandit,Ned So-and-so,310,mudfog-papers
_The Unknown Bandit,Mister Palmer,310,mudfog-papers
_The Unknown Bandit,_The Unknown Bandit_,310,mudfog-papers
_The Unknown Bandit,Charley Scarton,310,mudfog-papers
_The Unknown Bandit,Mister Palmer,310,mudfog-papers
_The Unknown Bandit,Charley Scarton,310,mudfog-papers
_The Unknown Bandit,_Young Dorntons_,310,mudfog-papers
_The Unknown Bandit,_Captain Absolutes_,310,mudfog-papers
Mister Palmer,Count D,310,mudfog-papers
Mister Palmer,Bill,310,mudfog-papers
Mister Palmer,Ned So-and-so,310,mudfog-papers
Mister Palmer,_The Unknown Bandit,310,mudfog-papers
Mister Palmer,_The Unknown Bandit_,310,mudfog-papers
Mister Palmer,Charley Scarton,310,mudfog-papers
Mister Palmer,Charley Scarton,310,mudfog-papers
Mister Palmer,_Young Dorntons_,310,mudfog-papers
Mister Palmer,_Captain Absolutes_,310,mudfog-papers
_The Unknown Bandit_,Count D,310,mudfog-papers
_The Unknown Bandit_,Bill,310,mudfog-papers
_The Unknown Bandit_,Ned So-and-so,310,mudfog-papers
_The Unknown Bandit_,_The Unknown Bandit,310,mudfog-papers
_The Unknown Bandit_,Mister Palmer,310,mudfog-papers
_The Unknown Bandit_,Charley Scarton,310,mudfog-papers
_The Unknown Bandit_,Mister Palmer,310,mudfog-papers
_The Unknown Bandit_,Charley Scarton,310,mudfog-papers
_The Unknown Bandit_,_Young Dorntons_,310,mudfog-papers
_The Unknown Bandit_,_Captain Absolutes_,310,mudfog-papers
Charley Scarton,Count D,310,mudfog-papers
Charley Scarton,Bill,310,mudfog-papers
Charley Scarton,Ned So-and-so,310,mudfog-papers
Charley Scarton,_The Unknown Bandit,310,mudfog-papers
Charley Scarton,Mister Palmer,310,mudfog-papers
Charley Scarton,_The Unknown Bandit_,310,mudfog-papers
Charley Scarton,Mister Palmer,310,mudfog-papers
Charley Scarton,_Young Dorntons_,310,mudfog-papers
Charley Scarton,_Captain Absolutes_,310,mudfog-papers
Mister Palmer,Count D,310,mudfog-papers
Mister Palmer,Bill,310,mudfog-papers
Mister Palmer,Ned So-and-so,310,mudfog-papers
Mister Palmer,_The Unknown Bandit,310,mudfog-papers
Mister Palmer,_The Unknown Bandit_,310,mudfog-papers
Mister Palmer,Charley Scarton,310,mudfog-papers
Mister Palmer,Charley Scarton,310,mudfog-papers
Mister Palmer,_Young Dorntons_,310,mudfog-papers
Mister Palmer,_Captain Absolutes_,310,mudfog-papers
Charley Scarton,Count D,310,mudfog-papers
Charley Scarton,Bill,310,mudfog-papers
Charley Scarton,Ned So-and-so,310,mudfog-papers
Charley Scarton,_The Unknown Bandit,310,mudfog-papers
Charley Scarton,Mister Palmer,310,mudfog-papers
Charley Scarton,_The Unknown Bandit_,310,mudfog-papers
Charley Scarton,Mister Palmer,310,mudfog-papers
Charley Scarton,_Young Dorntons_,310,mudfog-papers
Charley Scarton,_Captain Absolutes_,310,mudfog-papers
_Young Dorntons_,Count D,310,mudfog-papers
_Young Dorntons_,Bill,310,mudfog-papers
_Young Dorntons_,Ned So-and-so,310,mudfog-papers
_Young Dorntons_,_The Unknown Bandit,310,mudfog-papers
_Young Dorntons_,Mister Palmer,310,mudfog-papers
_Young Dorntons_,_The Unknown Bandit_,310,mudfog-papers
_Young Dorntons_,Charley Scarton,310,mudfog-papers
_Young Dorntons_,Mister Palmer,310,mudfog-papers
_Young Dorntons_,Charley Scarton,310,mudfog-papers
_Young Dorntons_,_Captain Absolutes_,310,mudfog-papers
_Captain Absolutes_,Count D,310,mudfog-papers
_Captain Absolutes_,Bill,310,mudfog-papers
_Captain Absolutes_,Ned So-and-so,310,mudfog-papers
_Captain Absolutes_,_The Unknown Bandit,310,mudfog-papers
_Captain Absolutes_,Mister Palmer,310,mudfog-papers
_Captain Absolutes_,_The Unknown Bandit_,310,mudfog-papers
_Captain Absolutes_,Charley Scarton,310,mudfog-papers
_Captain Absolutes_,Mister Palmer,310,mudfog-papers
_Captain Absolutes_,Charley Scarton,310,mudfog-papers
_Captain Absolutes_,_Young Dorntons_,310,mudfog-papers
Belville,Berkeley,312,mudfog-papers
Belville,Randolph,312,mudfog-papers
Belville,Byron,312,mudfog-papers
Belville,Walker,312,mudfog-papers
Belville,Thomson,312,mudfog-papers
Belville,Barker,312,mudfog-papers
Berkeley,Belville,312,mudfog-papers
Berkeley,Randolph,312,mudfog-papers
Berkeley,Byron,312,mudfog-papers
Berkeley,Walker,312,mudfog-papers
Berkeley,Thomson,312,mudfog-papers
Berkeley,Barker,312,mudfog-papers
Randolph,Belville,312,mudfog-papers
Randolph,Berkeley,312,mudfog-papers
Randolph,Byron,312,mudfog-papers
Randolph,Walker,312,mudfog-papers
Randolph,Thomson,312,mudfog-papers
Randolph,Barker,312,mudfog-papers
Byron,Belville,312,mudfog-papers
Byron,Berkeley,312,mudfog-papers
Byron,Randolph,312,mudfog-papers
Byron,Walker,312,mudfog-papers
Byron,Thomson,312,mudfog-papers
Byron,Barker,312,mudfog-papers
Walker,Belville,312,mudfog-papers
Walker,Berkeley,312,mudfog-papers
Walker,Randolph,312,mudfog-papers
Walker,Byron,312,mudfog-papers
Walker,Thomson,312,mudfog-papers
Walker,Barker,312,mudfog-papers
Thomson,Belville,312,mudfog-papers
Thomson,Berkeley,312,mudfog-papers
Thomson,Randolph,312,mudfog-papers
Thomson,Byron,312,mudfog-papers
Thomson,Walker,312,mudfog-papers
Thomson,Barker,312,mudfog-papers
Barker,Belville,312,mudfog-papers
Barker,Berkeley,312,mudfog-papers
Barker,Randolph,312,mudfog-papers
Barker,Byron,312,mudfog-papers
Barker,Walker,312,mudfog-papers
Barker,Thomson,312,mudfog-papers
Mr. Horatio St. Julien,Alfred Highflier,314,mudfog-papers
Mr. Horatio St. Julien,Mr. Beverley,314,mudfog-papers
Mr. Horatio St. Julien,Mr. Nathan,314,mudfog-papers
Alfred Highflier,Mr. Horatio St. Julien,314,mudfog-papers
Alfred Highflier,Mr. Beverley,314,mudfog-papers
Alfred Highflier,Mr. Nathan,314,mudfog-papers
Mr. Beverley,Mr. Horatio St. Julien,314,mudfog-papers
Mr. Beverley,Alfred Highflier,314,mudfog-papers
Mr. Beverley,Mr. Nathan,314,mudfog-papers
Mr. Nathan,Mr. Horatio St. Julien,314,mudfog-papers
Mr. Nathan,Alfred Highflier,314,mudfog-papers
Mr. Nathan,Mr. Beverley,314,mudfog-papers
_Fleance_,_Othello_,318,mudfog-papers
_Othello_,_Fleance_,318,mudfog-papers
White,Jones,320,mudfog-papers
White,Hallo,320,mudfog-papers
Jones,White,320,mudfog-papers
Jones,Hallo,320,mudfog-papers
Jones,White,320,mudfog-papers
Hallo,White,320,mudfog-papers
Hallo,Jones,320,mudfog-papers
Hallo,White,320,mudfog-papers
White,Jones,320,mudfog-papers
White,Hallo,320,mudfog-papers
Mr. Blackmore,Madame Somebody,328,mudfog-papers
Madame Somebody,Mr. Blackmore,328,mudfog-papers
Ducrow,Rap,349,mudfog-papers
Rap,Ducrow,349,mudfog-papers
Martin,_Times_,353,mudfog-papers
Martin,Pan,353,mudfog-papers
_Times_,Martin,353,mudfog-papers
_Times_,Pan,353,mudfog-papers
Pan,Martin,353,mudfog-papers
Pan,_Times_,353,mudfog-papers
Either,Bill.,361,mudfog-papers
Bill.,Either,361,mudfog-papers
Mr.,William Barker,401,mudfog-papers
Mr.,Mr. William Barker,401,mudfog-papers
Mr.,Mr. William Barker,401,mudfog-papers
Mr.,Mr. William Barker,401,mudfog-papers
William Barker,Mr.,401,mudfog-papers
William Barker,Mr. William Barker,401,mudfog-papers
William Barker,Mr. William Barker,401,mudfog-papers
William Barker,Mr. William Barker,401,mudfog-papers
Mr. William Barker,Mr.,401,mudfog-papers
Mr. William Barker,William Barker,401,mudfog-papers
Mr. William Barker,Mr.,401,mudfog-papers
Mr. William Barker,William Barker,401,mudfog-papers
Mr. William Barker,Mr.,401,mudfog-papers
Mr. William Barker,William Barker,401,mudfog-papers
William Barker,Bill,402,mudfog-papers
William Barker,Mr. Barker,402,mudfog-papers
William Barker,Bill Boorker,402,mudfog-papers
William Barker,Aggerawatin Bill,402,mudfog-papers
William Barker,Mr. Barker,402,mudfog-papers
William Barker,Mr. Barker,402,mudfog-papers
William Barker,Mr. Barker,402,mudfog-papers
Bill,William Barker,402,mudfog-papers
Bill,Mr. Barker,402,mudfog-papers
Bill,Bill Boorker,402,mudfog-papers
Bill,Aggerawatin Bill,402,mudfog-papers
Bill,Mr. Barker,402,mudfog-papers
Bill,Mr. Barker,402,mudfog-papers
Bill,Mr. Barker,402,mudfog-papers
Mr. Barker,William Barker,402,mudfog-papers
Mr. Barker,Bill,402,mudfog-papers
Mr. Barker,Bill Boorker,402,mudfog-papers
Mr. Barker,Aggerawatin Bill,402,mudfog-papers
Bill Boorker,William Barker,402,mudfog-papers
Bill Boorker,Bill,402,mudfog-papers
Bill Boorker,Mr. Barker,402,mudfog-papers
Bill Boorker,Aggerawatin Bill,402,mudfog-papers
Bill Boorker,Mr. Barker,402,mudfog-papers
Bill Boorker,Mr. Barker,402,mudfog-papers
Bill Boorker,Mr. Barker,402,mudfog-papers
Aggerawatin Bill,William Barker,402,mudfog-papers
Aggerawatin Bill,Bill,402,mudfog-papers
Aggerawatin Bill,Mr. Barker,402,mudfog-papers
Aggerawatin Bill,Bill Boorker,402,mudfog-papers
Aggerawatin Bill,Mr. Barker,402,mudfog-papers
Aggerawatin Bill,Mr. Barker,402,mudfog-papers
Aggerawatin Bill,Mr. Barker,402,mudfog-papers
Mr. Barker,William Barker,402,mudfog-papers
Mr. Barker,Bill,402,mudfog-papers
Mr. Barker,Bill Boorker,402,mudfog-papers
Mr. Barker,Aggerawatin Bill,402,mudfog-papers
Mr. Barker,William Barker,402,mudfog-papers
Mr. Barker,Bill,402,mudfog-papers
Mr. Barker,Bill Boorker,402,mudfog-papers
Mr. Barker,Aggerawatin Bill,402,mudfog-papers
Mr. Barker,William Barker,402,mudfog-papers
Mr. Barker,Bill,402,mudfog-papers
Mr. Barker,Bill Boorker,402,mudfog-papers
Mr. Barker,Aggerawatin Bill,402,mudfog-papers
Millbank,Mr. Barker,404,mudfog-papers
Mr. Barker,Millbank,404,mudfog-papers
Mr.,Barker,406,mudfog-papers
Mr.,Mr. Barker,406,mudfog-papers
Barker,Mr.,406,mudfog-papers
Barker,Mr. Barker,406,mudfog-papers
Mr. Barker,Mr.,406,mudfog-papers
Mr. Barker,Barker,406,mudfog-papers
Mr. Barker,William,407,mudfog-papers
William,Mr. Barker,407,mudfog-papers
William,Mr. Barker,407,mudfog-papers
William,Mr. Barker,407,mudfog-papers
Mr. Barker,William,407,mudfog-papers
Mr. Barker,William,407,mudfog-papers
Mr.,Barker,409,mudfog-papers
Mr.,Paddington,409,mudfog-papers
Barker,Mr.,409,mudfog-papers
Barker,Paddington,409,mudfog-papers
Paddington,Mr.,409,mudfog-papers
Paddington,Barker,409,mudfog-papers
Mr.,Barker,410,mudfog-papers
Mr.,Mr. Barker,410,mudfog-papers
Mr.,Mr. Barker,410,mudfog-papers
Barker,Mr.,410,mudfog-papers
Barker,Mr. Barker,410,mudfog-papers
Barker,Mr. Barker,410,mudfog-papers
Mr. Barker,Mr.,410,mudfog-papers
Mr. Barker,Barker,410,mudfog-papers
Mr. Barker,Mr.,410,mudfog-papers
Mr. Barker,Barker,410,mudfog-papers
Mr. Barker,Would,411,mudfog-papers
Would,Mr. Barker,411,mudfog-papers
Mr. Barker,Dirt,414,mudfog-papers
Mr. Barker,Slang,414,mudfog-papers
Mr. Barker,Dirt,414,mudfog-papers
Mr. Barker,Slang,414,mudfog-papers
Dirt,Mr. Barker,414,mudfog-papers
Dirt,Mr. Barker,414,mudfog-papers
Dirt,Slang,414,mudfog-papers
Slang,Mr. Barker,414,mudfog-papers
Slang,Mr. Barker,414,mudfog-papers
Slang,Dirt,414,mudfog-papers
John,Sir John,418,mudfog-papers
John,Mr.,418,mudfog-papers
John,Mr. Smith,418,mudfog-papers
Sir John,John,418,mudfog-papers
Sir John,Mr.,418,mudfog-papers
Sir John,Mr. Smith,418,mudfog-papers
Mr.,John,418,mudfog-papers
Mr.,Sir John,418,mudfog-papers
Mr.,Mr. Smith,418,mudfog-papers
Mr. Smith,John,418,mudfog-papers
Mr. Smith,Sir John,418,mudfog-papers
Mr. Smith,Mr.,418,mudfog-papers
Honest Tom,Fox,442,mudfog-papers
Honest Tom,Pitt,442,mudfog-papers
Honest Tom,Lord Stanley,442,mudfog-papers
Honest Tom,Sir Somebody Something,442,mudfog-papers
Fox,Honest Tom,442,mudfog-papers
Fox,Pitt,442,mudfog-papers
Fox,Lord Stanley,442,mudfog-papers
Fox,Sir Somebody Something,442,mudfog-papers
Pitt,Honest Tom,442,mudfog-papers
Pitt,Fox,442,mudfog-papers
Pitt,Lord Stanley,442,mudfog-papers
Pitt,Sir Somebody Something,442,mudfog-papers
Lord Stanley,Honest Tom,442,mudfog-papers
Lord Stanley,Fox,442,mudfog-papers
Lord Stanley,Pitt,442,mudfog-papers
Lord Stanley,Sir Somebody Something,442,mudfog-papers
Sir Somebody Something,Honest Tom,442,mudfog-papers
Sir Somebody Something,Fox,442,mudfog-papers
Sir Somebody Something,Pitt,442,mudfog-papers
Sir Somebody Something,Lord Stanley,442,mudfog-papers
Take,Babel,446,mudfog-papers
Babel,Take,446,mudfog-papers
Bellamy,Whigs,448,mudfog-papers
Whigs,Bellamy,448,mudfog-papers
Nicholas,Tory,452,mudfog-papers
Tory,Nicholas,452,mudfog-papers
Tory,Nicholas,452,mudfog-papers
Nicholas,Tory,452,mudfog-papers
Baronet,Jane,457,mudfog-papers
Baronet,Nicholas,457,mudfog-papers
Jane,Baronet,457,mudfog-papers
Jane,Nicholas,457,mudfog-papers
Nicholas,Baronet,457,mudfog-papers
Nicholas,Jane,457,mudfog-papers
Nicholas,Jane,458,mudfog-papers
Nicholas,Jane,458,mudfog-papers
Jane,Nicholas,458,mudfog-papers
Jane,Nicholas,458,mudfog-papers
Yorick,Bellamy,459,mudfog-papers
Bellamy,Yorick,459,mudfog-papers
Smith,Wilson,474,mudfog-papers
Smith,Hickson,474,mudfog-papers
Smith,Nixon,474,mudfog-papers
Smith,Charles Nixon,474,mudfog-papers
Smith,James Nixon,474,mudfog-papers
Smith,Thomas Nixon,474,mudfog-papers
Smith,Lord Fitz Binkle,474,mudfog-papers
Smith,Lady,474,mudfog-papers
Smith,Fitz Binkle,474,mudfog-papers
Smith,Mr. Walker,474,mudfog-papers
Smith,Mr. Walker,474,mudfog-papers
Wilson,Smith,474,mudfog-papers
Wilson,Hickson,474,mudfog-papers
Wilson,Nixon,474,mudfog-papers
Wilson,Charles Nixon,474,mudfog-papers
Wilson,James Nixon,474,mudfog-papers
Wilson,Thomas Nixon,474,mudfog-papers
Wilson,Lord Fitz Binkle,474,mudfog-papers
Wilson,Lady,474,mudfog-papers
Wilson,Fitz Binkle,474,mudfog-papers
Wilson,Mr. Walker,474,mudfog-papers
Wilson,Mr. Walker,474,mudfog-papers
Hickson,Smith,474,mudfog-papers
Hickson,Wilson,474,mudfog-papers
Hickson,Nixon,474,mudfog-papers
Hickson,Charles Nixon,474,mudfog-papers
Hickson,James Nixon,474,mudfog-papers
Hickson,Thomas Nixon,474,mudfog-papers
Hickson,Lord Fitz Binkle,474,mudfog-papers
Hickson,Lady,474,mudfog-papers
Hickson,Fitz Binkle,474,mudfog-papers
Hickson,Mr. Walker,474,mudfog-papers
Hickson,Mr. Walker,474,mudfog-papers
Nixon,Smith,474,mudfog-papers
Nixon,Wilson,474,mudfog-papers
Nixon,Hickson,474,mudfog-papers
Nixon,Charles Nixon,474,mudfog-papers
Nixon,James Nixon,474,mudfog-papers
Nixon,Thomas Nixon,474,mudfog-papers
Nixon,Lord Fitz Binkle,474,mudfog-papers
Nixon,Lady,474,mudfog-papers
Nixon,Fitz Binkle,474,mudfog-papers
Nixon,Mr. Walker,474,mudfog-papers
Nixon,Mr. Walker,474,mudfog-papers
Charles Nixon,Smith,474,mudfog-papers
Charles Nixon,Wilson,474,mudfog-papers
Charles Nixon,Hickson,474,mudfog-papers
Charles Nixon,Nixon,474,mudfog-papers
Charles Nixon,James Nixon,474,mudfog-papers
Charles Nixon,Thomas Nixon,474,mudfog-papers
Charles Nixon,Lord Fitz Binkle,474,mudfog-papers
Charles Nixon,Lady,474,mudfog-papers
Charles Nixon,Fitz Binkle,474,mudfog-papers
Charles Nixon,Mr. Walker,474,mudfog-papers
Charles Nixon,Mr. Walker,474,mudfog-papers
James Nixon,Smith,474,mudfog-papers
James Nixon,Wilson,474,mudfog-papers
James Nixon,Hickson,474,mudfog-papers
James Nixon,Nixon,474,mudfog-papers
James Nixon,Charles Nixon,474,mudfog-papers
James Nixon,Thomas Nixon,474,mudfog-papers
James Nixon,Lord Fitz Binkle,474,mudfog-papers
James Nixon,Lady,474,mudfog-papers
James Nixon,Fitz Binkle,474,mudfog-papers
James Nixon,Mr. Walker,474,mudfog-papers
James Nixon,Mr. Walker,474,mudfog-papers
Thomas Nixon,Smith,474,mudfog-papers
Thomas Nixon,Wilson,474,mudfog-papers
Thomas Nixon,Hickson,474,mudfog-papers
Thomas Nixon,Nixon,474,mudfog-papers
Thomas Nixon,Charles Nixon,474,mudfog-papers
Thomas Nixon,James Nixon,474,mudfog-papers
Thomas Nixon,Lord Fitz Binkle,474,mudfog-papers
Thomas Nixon,Lady,474,mudfog-papers
Thomas Nixon,Fitz Binkle,474,mudfog-papers
Thomas Nixon,Mr. Walker,474,mudfog-papers
Thomas Nixon,Mr. Walker,474,mudfog-papers
Lord Fitz Binkle,Smith,474,mudfog-papers
Lord Fitz Binkle,Wilson,474,mudfog-papers
Lord Fitz Binkle,Hickson,474,mudfog-papers
Lord Fitz Binkle,Nixon,474,mudfog-papers
Lord Fitz Binkle,Charles Nixon,474,mudfog-papers
Lord Fitz Binkle,James Nixon,474,mudfog-papers
Lord Fitz Binkle,Thomas Nixon,474,mudfog-papers
Lord Fitz Binkle,Lady,474,mudfog-papers
Lord Fitz Binkle,Fitz Binkle,474,mudfog-papers
Lord Fitz Binkle,Mr. Walker,474,mudfog-papers
Lord Fitz Binkle,Mr. Walker,474,mudfog-papers
Lady,Smith,474,mudfog-papers
Lady,Wilson,474,mudfog-papers
Lady,Hickson,474,mudfog-papers
Lady,Nixon,474,mudfog-papers
Lady,Charles Nixon,474,mudfog-papers
Lady,James Nixon,474,mudfog-papers
Lady,Thomas Nixon,474,mudfog-papers
Lady,Lord Fitz Binkle,474,mudfog-papers
Lady,Fitz Binkle,474,mudfog-papers
Lady,Mr. Walker,474,mudfog-papers
Lady,Mr. Walker,474,mudfog-papers
Fitz Binkle,Smith,474,mudfog-papers
Fitz Binkle,Wilson,474,mudfog-papers
Fitz Binkle,Hickson,474,mudfog-papers
Fitz Binkle,Nixon,474,mudfog-papers
Fitz Binkle,Charles Nixon,474,mudfog-papers
Fitz Binkle,James Nixon,474,mudfog-papers
Fitz Binkle,Thomas Nixon,474,mudfog-papers
Fitz Binkle,Lord Fitz Binkle,474,mudfog-papers
Fitz Binkle,Lady,474,mudfog-papers
Fitz Binkle,Mr. Walker,474,mudfog-papers
Fitz Binkle,Mr. Walker,474,mudfog-papers
Mr. Walker,Smith,474,mudfog-papers
Mr. Walker,Wilson,474,mudfog-papers
Mr. Walker,Hickson,474,mudfog-papers
Mr. Walker,Nixon,474,mudfog-papers
Mr. Walker,Charles Nixon,474,mudfog-papers
Mr. Walker,James Nixon,474,mudfog-papers
Mr. Walker,Thomas Nixon,474,mudfog-papers
Mr. Walker,Lord Fitz Binkle,474,mudfog-papers
Mr. Walker,Lady,474,mudfog-papers
Mr. Walker,Fitz Binkle,474,mudfog-papers
Mr. Walker,Smith,474,mudfog-papers
Mr. Walker,Wilson,474,mudfog-papers
Mr. Walker,Hickson,474,mudfog-papers
Mr. Walker,Nixon,474,mudfog-papers
Mr. Walker,Charles Nixon,474,mudfog-papers
Mr. Walker,James Nixon,474,mudfog-papers
Mr. Walker,Thomas Nixon,474,mudfog-papers
Mr. Walker,Lord Fitz Binkle,474,mudfog-papers
Mr. Walker,Lady,474,mudfog-papers
Mr. Walker,Fitz Binkle,474,mudfog-papers
Young,Brass Ladle,479,mudfog-papers
Brass Ladle,Young,479,mudfog-papers
Alderman Waithman,George,483,mudfog-papers
George,Alderman Waithman,483,mudfog-papers
Camden,Month,487,mudfog-papers
Camden,Paul Pry,487,mudfog-papers
Camden,Caleb Williams,487,mudfog-papers
Month,Camden,487,mudfog-papers
Month,Paul Pry,487,mudfog-papers
Month,Caleb Williams,487,mudfog-papers
Paul Pry,Camden,487,mudfog-papers
Paul Pry,Month,487,mudfog-papers
Paul Pry,Caleb Williams,487,mudfog-papers
Caleb Williams,Camden,487,mudfog-papers
Caleb Williams,Month,487,mudfog-papers
Caleb Williams,Paul Pry,487,mudfog-papers
Cross,Bench,512,mudfog-papers
Bench,Cross,512,mudfog-papers
Wholesale Department,Brandy Bell,517,mudfog-papers
Wholesale Department,Out,517,mudfog-papers
Wholesale Department,Holborn,517,mudfog-papers
Wholesale Department,Giles,517,mudfog-papers
Brandy Bell,Wholesale Department,517,mudfog-papers
Brandy Bell,Out,517,mudfog-papers
Brandy Bell,Holborn,517,mudfog-papers
Brandy Bell,Giles,517,mudfog-papers
Out,Wholesale Department,517,mudfog-papers
Out,Brandy Bell,517,mudfog-papers
Out,Holborn,517,mudfog-papers
Out,Giles,517,mudfog-papers
Holborn,Wholesale Department,517,mudfog-papers
Holborn,Brandy Bell,517,mudfog-papers
Holborn,Out,517,mudfog-papers
Holborn,Giles,517,mudfog-papers
Giles,Wholesale Department,517,mudfog-papers
Giles,Brandy Bell,517,mudfog-papers
Giles,Out,517,mudfog-papers
Giles,Holborn,517,mudfog-papers
Money,Ferguson,529,mudfog-papers
Ferguson,Money,529,mudfog-papers
Mr. Henry,Tatham,531,mudfog-papers
Tatham,Mr. Henry,531,mudfog-papers
Tatham,Mr. Henry,531,mudfog-papers
Tatham,Mr. Henry,531,mudfog-papers
Mr. Henry,Tatham,531,mudfog-papers
Mr. Henry,Tatham,531,mudfog-papers
Ain,Mackin,533,mudfog-papers
Ain,Jinkins,533,mudfog-papers
Mackin,Ain,533,mudfog-papers
Mackin,Jinkins,533,mudfog-papers
Jinkins,Ain,533,mudfog-papers
Jinkins,Mackin,533,mudfog-papers
Bedlam,Aladdin,558,mudfog-papers
Aladdin,Bedlam,558,mudfog-papers
Bishop,Williams,561,mudfog-papers
Bishop,Jack,561,mudfog-papers
Bishop,Dick Turpin—doubtful,561,mudfog-papers
Williams,Bishop,561,mudfog-papers
Williams,Jack,561,mudfog-papers
Williams,Dick Turpin—doubtful,561,mudfog-papers
Jack,Bishop,561,mudfog-papers
Jack,Williams,561,mudfog-papers
Jack,Dick Turpin—doubtful,561,mudfog-papers
Dick Turpin—doubtful,Bishop,561,mudfog-papers
Dick Turpin—doubtful,Williams,561,mudfog-papers
Dick Turpin—doubtful,Jack,561,mudfog-papers
Paul,Hush,582,mudfog-papers
Paul,Hark,582,mudfog-papers
Hush,Paul,582,mudfog-papers
Hush,Hark,582,mudfog-papers
Hark,Paul,582,mudfog-papers
Hark,Hush,582,mudfog-papers
Mr. Smith,Poor,592,mudfog-papers
Mr. Smith,Poor,592,mudfog-papers
Poor,Mr. Smith,592,mudfog-papers
Poor,Mr. Smith,592,mudfog-papers
Martin,Church,595,mudfog-papers
Martin,James,595,mudfog-papers
Martin,Park,595,mudfog-papers
Martin,Brookes,595,mudfog-papers
Martin,Crockford,595,mudfog-papers
Martin,Bagnigge Wells,595,mudfog-papers
Church,Martin,595,mudfog-papers
Church,James,595,mudfog-papers
Church,Park,595,mudfog-papers
Church,Brookes,595,mudfog-papers
Church,Crockford,595,mudfog-papers
Church,Bagnigge Wells,595,mudfog-papers
James,Martin,595,mudfog-papers
James,Church,595,mudfog-papers
James,Park,595,mudfog-papers
James,Brookes,595,mudfog-papers
James,Crockford,595,mudfog-papers
James,Bagnigge Wells,595,mudfog-papers
Park,Martin,595,mudfog-papers
Park,Church,595,mudfog-papers
Park,James,595,mudfog-papers
Park,Brookes,595,mudfog-papers
Park,Crockford,595,mudfog-papers
Park,Bagnigge Wells,595,mudfog-papers
Brookes,Martin,595,mudfog-papers
Brookes,Church,595,mudfog-papers
Brookes,James,595,mudfog-papers
Brookes,Park,595,mudfog-papers
Brookes,Crockford,595,mudfog-papers
Brookes,Bagnigge Wells,595,mudfog-papers
Crockford,Martin,595,mudfog-papers
Crockford,Church,595,mudfog-papers
Crockford,James,595,mudfog-papers
Crockford,Park,595,mudfog-papers
Crockford,Brookes,595,mudfog-papers
Crockford,Bagnigge Wells,595,mudfog-papers
Bagnigge Wells,Martin,595,mudfog-papers
Bagnigge Wells,Church,595,mudfog-papers
Bagnigge Wells,James,595,mudfog-papers
Bagnigge Wells,Park,595,mudfog-papers
Bagnigge Wells,Brookes,595,mudfog-papers
Bagnigge Wells,Crockford,595,mudfog-papers
Christmas,Never,599,mudfog-papers
Christmas,Dwell,599,mudfog-papers
Christmas,Reflect,599,mudfog-papers
Christmas,Never,599,mudfog-papers
Christmas,Dwell,599,mudfog-papers
Christmas,Reflect,599,mudfog-papers
Never,Christmas,599,mudfog-papers
Never,Christmas,599,mudfog-papers
Never,Dwell,599,mudfog-papers
Never,Reflect,599,mudfog-papers
Dwell,Christmas,599,mudfog-papers
Dwell,Christmas,599,mudfog-papers
Dwell,Never,599,mudfog-papers
Dwell,Reflect,599,mudfog-papers
Reflect,Christmas,599,mudfog-papers
Reflect,Christmas,599,mudfog-papers
Reflect,Never,599,mudfog-papers
Reflect,Dwell,599,mudfog-papers
Petty,Christmas,600,mudfog-papers
Christmas,Petty,600,mudfog-papers
George,Christmas,601,mudfog-papers
Christmas,George,601,mudfog-papers
Christmas,George,601,mudfog-papers
Christmas,George,601,mudfog-papers
George,Christmas,601,mudfog-papers
George,Christmas,601,mudfog-papers
George,Robert,605,mudfog-papers
George,Jane,605,mudfog-papers
George,Robert,605,mudfog-papers
George,Jane,605,mudfog-papers
Robert,George,605,mudfog-papers
Robert,George,605,mudfog-papers
Robert,Jane,605,mudfog-papers
Jane,George,605,mudfog-papers
Jane,George,605,mudfog-papers
Jane,Robert,605,mudfog-papers
George,Margaret,606,mudfog-papers
George,Christmas,606,mudfog-papers
Margaret,George,606,mudfog-papers
Margaret,Christmas,606,mudfog-papers
Christmas,George,606,mudfog-papers
Christmas,Margaret,606,mudfog-papers
Grandpapa,Uncle George,607,mudfog-papers
Grandpapa,Margaret,607,mudfog-papers
Grandpapa,Burton,607,mudfog-papers
Uncle George,Grandpapa,607,mudfog-papers
Uncle George,Margaret,607,mudfog-papers
Uncle George,Burton,607,mudfog-papers
Margaret,Grandpapa,607,mudfog-papers
Margaret,Uncle George,607,mudfog-papers
Margaret,Burton,607,mudfog-papers
Burton,Grandpapa,607,mudfog-papers
Burton,Uncle George,607,mudfog-papers
Burton,Margaret,607,mudfog-papers
Tupple,Mr. Tupple,618,mudfog-papers
Tupple,Mr. Tupple,618,mudfog-papers
Mr. Tupple,Tupple,618,mudfog-papers
Mr. Tupple,Tupple,618,mudfog-papers
Mr.,Mr. Tupple,620,mudfog-papers
Mr. Tupple,Mr.,620,mudfog-papers
Mr. Tupple,Pa,621,mudfog-papers
Pa,Mr. Tupple,621,mudfog-papers
Pa,Mr. Tupple,621,mudfog-papers
Pa,Mr. Tupple,621,mudfog-papers
Pa,Mr. Tupple,621,mudfog-papers
Mr. Tupple,Pa,621,mudfog-papers
Mr. Tupple,Pa,621,mudfog-papers
Mr. Tupple,Pa,621,mudfog-papers
Mr. Tupple,Dobble,622,mudfog-papers
Mr. Tupple,Tupple,622,mudfog-papers
Mr. Tupple,Calm,622,mudfog-papers
Mr. Tupple,Dobble,622,mudfog-papers
Mr. Tupple,Dobble,622,mudfog-papers
Mr. Tupple,Dobble,622,mudfog-papers
Mr. Tupple,Mr. Dobble,622,mudfog-papers
Mr. Tupple,Dobble,622,mudfog-papers
Dobble,Mr. Tupple,622,mudfog-papers
Dobble,Tupple,622,mudfog-papers
Dobble,Calm,622,mudfog-papers
Dobble,Mr. Dobble,622,mudfog-papers
Tupple,Mr. Tupple,622,mudfog-papers
Tupple,Dobble,622,mudfog-papers
Tupple,Calm,622,mudfog-papers
Tupple,Dobble,622,mudfog-papers
Tupple,Dobble,622,mudfog-papers
Tupple,Dobble,622,mudfog-papers
Tupple,Mr. Dobble,622,mudfog-papers
Tupple,Dobble,622,mudfog-papers
Calm,Mr. Tupple,622,mudfog-papers
Calm,Dobble,622,mudfog-papers
Calm,Tupple,622,mudfog-papers
Calm,Dobble,622,mudfog-papers
Calm,Dobble,622,mudfog-papers
Calm,Dobble,622,mudfog-papers
Calm,Mr. Dobble,622,mudfog-papers
Calm,Dobble,622,mudfog-papers
Dobble,Mr. Tupple,622,mudfog-papers
Dobble,Tupple,622,mudfog-papers
Dobble,Calm,622,mudfog-papers
Dobble,Mr. Dobble,622,mudfog-papers
Dobble,Mr. Tupple,622,mudfog-papers
Dobble,Tupple,622,mudfog-papers
Dobble,Calm,622,mudfog-papers
Dobble,Mr. Dobble,622,mudfog-papers
Dobble,Mr. Tupple,622,mudfog-papers
Dobble,Tupple,622,mudfog-papers
Dobble,Calm,622,mudfog-papers
Dobble,Mr. Dobble,622,mudfog-papers
Mr. Dobble,Mr. Tupple,622,mudfog-papers
Mr. Dobble,Dobble,622,mudfog-papers
Mr. Dobble,Tupple,622,mudfog-papers
Mr. Dobble,Calm,622,mudfog-papers
Mr. Dobble,Dobble,622,mudfog-papers
Mr. Dobble,Dobble,622,mudfog-papers
Mr. Dobble,Dobble,622,mudfog-papers
Mr. Dobble,Dobble,622,mudfog-papers
Dobble,Mr. Tupple,622,mudfog-papers
Dobble,Tupple,622,mudfog-papers
Dobble,Calm,622,mudfog-papers
Dobble,Mr. Dobble,622,mudfog-papers
Mr.,Samuel Wilkins,627,mudfog-papers
Mr.,Samuel Wilkins,627,mudfog-papers
Mr.,Samuel,627,mudfog-papers
Mr.,Mr. Wilkins,627,mudfog-papers
Mr.,Jemima Evans,627,mudfog-papers
Samuel Wilkins,Mr.,627,mudfog-papers
Samuel Wilkins,Samuel,627,mudfog-papers
Samuel Wilkins,Mr. Wilkins,627,mudfog-papers
Samuel Wilkins,Jemima Evans,627,mudfog-papers
Samuel Wilkins,Mr.,627,mudfog-papers
Samuel Wilkins,Samuel,627,mudfog-papers
Samuel Wilkins,Mr. Wilkins,627,mudfog-papers
Samuel Wilkins,Jemima Evans,627,mudfog-papers
Samuel,Mr.,627,mudfog-papers
Samuel,Samuel Wilkins,627,mudfog-papers
Samuel,Samuel Wilkins,627,mudfog-papers
Samuel,Mr. Wilkins,627,mudfog-papers
Samuel,Jemima Evans,627,mudfog-papers
Mr. Wilkins,Mr.,627,mudfog-papers
Mr. Wilkins,Samuel Wilkins,627,mudfog-papers
Mr. Wilkins,Samuel Wilkins,627,mudfog-papers
Mr. Wilkins,Samuel,627,mudfog-papers
Mr. Wilkins,Jemima Evans,627,mudfog-papers
Jemima Evans,Mr.,627,mudfog-papers
Jemima Evans,Samuel Wilkins,627,mudfog-papers
Jemima Evans,Samuel Wilkins,627,mudfog-papers
Jemima Evans,Samuel,627,mudfog-papers
Jemima Evans,Mr. Wilkins,627,mudfog-papers
Miss,Mr. Wilkins,628,mudfog-papers
Miss,Mr. Wilkins,628,mudfog-papers
Miss,Jemima,628,mudfog-papers
Miss,Mr. Samuel Wilkins,628,mudfog-papers
Miss,Ivinses,628,mudfog-papers
Mr. Wilkins,Miss,628,mudfog-papers
Mr. Wilkins,Jemima,628,mudfog-papers
Mr. Wilkins,Mr. Samuel Wilkins,628,mudfog-papers
Mr. Wilkins,Ivinses,628,mudfog-papers
Mr. Wilkins,Miss,628,mudfog-papers
Mr. Wilkins,Jemima,628,mudfog-papers
Mr. Wilkins,Mr. Samuel Wilkins,628,mudfog-papers
Mr. Wilkins,Ivinses,628,mudfog-papers
Jemima,Miss,628,mudfog-papers
Jemima,Mr. Wilkins,628,mudfog-papers
Jemima,Mr. Wilkins,628,mudfog-papers
Jemima,Mr. Samuel Wilkins,628,mudfog-papers
Jemima,Ivinses,628,mudfog-papers
Mr. Samuel Wilkins,Miss,628,mudfog-papers
Mr. Samuel Wilkins,Mr. Wilkins,628,mudfog-papers
Mr. Samuel Wilkins,Mr. Wilkins,628,mudfog-papers
Mr. Samuel Wilkins,Jemima,628,mudfog-papers
Mr. Samuel Wilkins,Ivinses,628,mudfog-papers
Ivinses,Miss,628,mudfog-papers
Ivinses,Mr. Wilkins,628,mudfog-papers
Ivinses,Mr. Wilkins,628,mudfog-papers
Ivinses,Jemima,628,mudfog-papers
Ivinses,Mr. Samuel Wilkins,628,mudfog-papers
Mr. Samuel Wilkins,Tilly,629,mudfog-papers
Mr. Samuel Wilkins,Miss J,629,mudfog-papers
Mr. Samuel Wilkins,Ivins,629,mudfog-papers
Mr. Samuel Wilkins,Miss J,629,mudfog-papers
Mr. Samuel Wilkins,Ivins,629,mudfog-papers
Mr. Samuel Wilkins,Miss J,629,mudfog-papers
Mr. Samuel Wilkins,Ivins,629,mudfog-papers
Mr. Samuel Wilkins,Miss Ivins,629,mudfog-papers
Tilly,Mr. Samuel Wilkins,629,mudfog-papers
Tilly,Miss J,629,mudfog-papers
Tilly,Ivins,629,mudfog-papers
Tilly,Mr. Samuel Wilkins,629,mudfog-papers
Tilly,Miss J,629,mudfog-papers
Tilly,Ivins,629,mudfog-papers
Tilly,Mr. Samuel Wilkins,629,mudfog-papers
Tilly,Miss J,629,mudfog-papers
Tilly,Ivins,629,mudfog-papers
Tilly,Miss Ivins,629,mudfog-papers
Miss J,Mr. Samuel Wilkins,629,mudfog-papers
Miss J,Tilly,629,mudfog-papers
Miss J,Ivins,629,mudfog-papers
Miss J,Mr. Samuel Wilkins,629,mudfog-papers
Miss J,Ivins,629,mudfog-papers
Miss J,Mr. Samuel Wilkins,629,mudfog-papers
Miss J,Ivins,629,mudfog-papers
Miss J,Miss Ivins,629,mudfog-papers
Ivins,Mr. Samuel Wilkins,629,mudfog-papers
Ivins,Tilly,629,mudfog-papers
Ivins,Miss J,629,mudfog-papers
Ivins,Mr. Samuel Wilkins,629,mudfog-papers
Ivins,Miss J,629,mudfog-papers
Ivins,Mr. Samuel Wilkins,629,mudfog-papers
Ivins,Miss J,629,mudfog-papers
Ivins,Miss Ivins,629,mudfog-papers
Mr. Samuel Wilkins,Tilly,629,mudfog-papers
Mr. Samuel Wilkins,Miss J,629,mudfog-papers
Mr. Samuel Wilkins,Ivins,629,mudfog-papers
Mr. Samuel Wilkins,Miss J,629,mudfog-papers
Mr. Samuel Wilkins,Ivins,629,mudfog-papers
Mr. Samuel Wilkins,Miss J,629,mudfog-papers
Mr. Samuel Wilkins,Ivins,629,mudfog-papers
Mr. Samuel Wilkins,Miss Ivins,629,mudfog-papers
Miss J,Mr. Samuel Wilkins,629,mudfog-papers
Miss J,Tilly,629,mudfog-papers
Miss J,Ivins,629,mudfog-papers
Miss J,Mr. Samuel Wilkins,629,mudfog-papers
Miss J,Ivins,629,mudfog-papers
Miss J,Mr. Samuel Wilkins,629,mudfog-papers
Miss J,Ivins,629,mudfog-papers
Miss J,Miss Ivins,629,mudfog-papers
Ivins,Mr. Samuel Wilkins,629,mudfog-papers
Ivins,Tilly,629,mudfog-papers
Ivins,Miss J,629,mudfog-papers
Ivins,Mr. Samuel Wilkins,629,mudfog-papers
Ivins,Miss J,629,mudfog-papers
Ivins,Mr. Samuel Wilkins,629,mudfog-papers
Ivins,Miss J,629,mudfog-papers
Ivins,Miss Ivins,629,mudfog-papers
Mr. Samuel Wilkins,Tilly,629,mudfog-papers
Mr. Samuel Wilkins,Miss J,629,mudfog-papers
Mr. Samuel Wilkins,Ivins,629,mudfog-papers
Mr. Samuel Wilkins,Miss J,629,mudfog-papers
Mr. Samuel Wilkins,Ivins,629,mudfog-papers
Mr. Samuel Wilkins,Miss J,629,mudfog-papers
Mr. Samuel Wilkins,Ivins,629,mudfog-papers
Mr. Samuel Wilkins,Miss Ivins,629,mudfog-papers
Miss J,Mr. Samuel Wilkins,629,mudfog-papers
Miss J,Tilly,629,mudfog-papers
Miss J,Ivins,629,mudfog-papers
Miss J,Mr. Samuel Wilkins,629,mudfog-papers
Miss J,Ivins,629,mudfog-papers
Miss J,Mr. Samuel Wilkins,629,mudfog-papers
Miss J,Ivins,629,mudfog-papers
Miss J,Miss Ivins,629,mudfog-papers
Ivins,Mr. Samuel Wilkins,629,mudfog-papers
Ivins,Tilly,629,mudfog-papers
Ivins,Miss J,629,mudfog-papers
Ivins,Mr. Samuel Wilkins,629,mudfog-papers
Ivins,Miss J,629,mudfog-papers
Ivins,Mr. Samuel Wilkins,629,mudfog-papers
Ivins,Miss J,629,mudfog-papers
Ivins,Miss Ivins,629,mudfog-papers
Miss Ivins,Mr. Samuel Wilkins,629,mudfog-papers
Miss Ivins,Tilly,629,mudfog-papers
Miss Ivins,Miss J,629,mudfog-papers
Miss Ivins,Ivins,629,mudfog-papers
Miss Ivins,Mr. Samuel Wilkins,629,mudfog-papers
Miss Ivins,Miss J,629,mudfog-papers
Miss Ivins,Ivins,629,mudfog-papers
Miss Ivins,Mr. Samuel Wilkins,629,mudfog-papers
Miss Ivins,Miss J,629,mudfog-papers
Miss Ivins,Ivins,629,mudfog-papers
Miss J,Ivins,630,mudfog-papers
Miss J,Ivins,630,mudfog-papers
Miss J,Ivins,630,mudfog-papers
Miss J,Ivins,630,mudfog-papers
Miss J,Mr. Samuel Wilkins,630,mudfog-papers
Miss J,Mr. Samuel Wilkins,630,mudfog-papers
Miss J,Ivins,630,mudfog-papers
Miss J,Ivins,630,mudfog-papers
Miss J,Miss Jemima Ivins,630,mudfog-papers
Miss J,Ivins,630,mudfog-papers
Ivins,Miss J,630,mudfog-papers
Ivins,Miss J,630,mudfog-papers
Ivins,Miss J,630,mudfog-papers
Ivins,Miss J,630,mudfog-papers
Ivins,Mr. Samuel Wilkins,630,mudfog-papers
Ivins,Mr. Samuel Wilkins,630,mudfog-papers
Ivins,Miss Jemima Ivins,630,mudfog-papers
Miss J,Ivins,630,mudfog-papers
Miss J,Ivins,630,mudfog-papers
Miss J,Ivins,630,mudfog-papers
Miss J,Ivins,630,mudfog-papers
Miss J,Mr. Samuel Wilkins,630,mudfog-papers
Miss J,Mr. Samuel Wilkins,630,mudfog-papers
Miss J,Ivins,630,mudfog-papers
Miss J,Ivins,630,mudfog-papers
Miss J,Miss Jemima Ivins,630,mudfog-papers
Miss J,Ivins,630,mudfog-papers
Ivins,Miss J,630,mudfog-papers
Ivins,Miss J,630,mudfog-papers
Ivins,Miss J,630,mudfog-papers
Ivins,Miss J,630,mudfog-papers
Ivins,Mr. Samuel Wilkins,630,mudfog-papers
Ivins,Mr. Samuel Wilkins,630,mudfog-papers
Ivins,Miss Jemima Ivins,630,mudfog-papers
Miss J,Ivins,630,mudfog-papers
Miss J,Ivins,630,mudfog-papers
Miss J,Ivins,630,mudfog-papers
Miss J,Ivins,630,mudfog-papers
Miss J,Mr. Samuel Wilkins,630,mudfog-papers
Miss J,Mr. Samuel Wilkins,630,mudfog-papers
Miss J,Ivins,630,mudfog-papers
Miss J,Ivins,630,mudfog-papers
Miss J,Miss Jemima Ivins,630,mudfog-papers
Miss J,Ivins,630,mudfog-papers
Ivins,Miss J,630,mudfog-papers
Ivins,Miss J,630,mudfog-papers
Ivins,Miss J,630,mudfog-papers
Ivins,Miss J,630,mudfog-papers
Ivins,Mr. Samuel Wilkins,630,mudfog-papers
Ivins,Mr. Samuel Wilkins,630,mudfog-papers
Ivins,Miss Jemima Ivins,630,mudfog-papers
Miss J,Ivins,630,mudfog-papers
Miss J,Ivins,630,mudfog-papers
Miss J,Ivins,630,mudfog-papers
Miss J,Ivins,630,mudfog-papers
Miss J,Mr. Samuel Wilkins,630,mudfog-papers
Miss J,Mr. Samuel Wilkins,630,mudfog-papers
Miss J,Ivins,630,mudfog-papers
Miss J,Ivins,630,mudfog-papers
Miss J,Miss Jemima Ivins,630,mudfog-papers
Miss J,Ivins,630,mudfog-papers
Ivins,Miss J,630,mudfog-papers
Ivins,Miss J,630,mudfog-papers
Ivins,Miss J,630,mudfog-papers
Ivins,Miss J,630,mudfog-papers
Ivins,Mr. Samuel Wilkins,630,mudfog-papers
Ivins,Mr. Samuel Wilkins,630,mudfog-papers
Ivins,Miss Jemima Ivins,630,mudfog-papers
Mr. Samuel Wilkins,Miss J,630,mudfog-papers
Mr. Samuel Wilkins,Ivins,630,mudfog-papers
Mr. Samuel Wilkins,Miss J,630,mudfog-papers
Mr. Samuel Wilkins,Ivins,630,mudfog-papers
Mr. Samuel Wilkins,Miss J,630,mudfog-papers
Mr. Samuel Wilkins,Ivins,630,mudfog-papers
Mr. Samuel Wilkins,Miss J,630,mudfog-papers
Mr. Samuel Wilkins,Ivins,630,mudfog-papers
Mr. Samuel Wilkins,Ivins,630,mudfog-papers
Mr. Samuel Wilkins,Ivins,630,mudfog-papers
Mr. Samuel Wilkins,Miss Jemima Ivins,630,mudfog-papers
Mr. Samuel Wilkins,Ivins,630,mudfog-papers
Mr. Samuel Wilkins,Miss J,630,mudfog-papers
Mr. Samuel Wilkins,Ivins,630,mudfog-papers
Mr. Samuel Wilkins,Miss J,630,mudfog-papers
Mr. Samuel Wilkins,Ivins,630,mudfog-papers
Mr. Samuel Wilkins,Miss J,630,mudfog-papers
Mr. Samuel Wilkins,Ivins,630,mudfog-papers
Mr. Samuel Wilkins,Miss J,630,mudfog-papers
Mr. Samuel Wilkins,Ivins,630,mudfog-papers
Mr. Samuel Wilkins,Ivins,630,mudfog-papers
Mr. Samuel Wilkins,Ivins,630,mudfog-papers
Mr. Samuel Wilkins,Miss Jemima Ivins,630,mudfog-papers
Mr. Samuel Wilkins,Ivins,630,mudfog-papers
Ivins,Miss J,630,mudfog-papers
Ivins,Miss J,630,mudfog-papers
Ivins,Miss J,630,mudfog-papers
Ivins,Miss J,630,mudfog-papers
Ivins,Mr. Samuel Wilkins,630,mudfog-papers
Ivins,Mr. Samuel Wilkins,630,mudfog-papers
Ivins,Miss Jemima Ivins,630,mudfog-papers
Ivins,Miss J,630,mudfog-papers
Ivins,Miss J,630,mudfog-papers
Ivins,Miss J,630,mudfog-papers
Ivins,Miss J,630,mudfog-papers
Ivins,Mr. Samuel Wilkins,630,mudfog-papers
Ivins,Mr. Samuel Wilkins,630,mudfog-papers
Ivins,Miss Jemima Ivins,630,mudfog-papers
Miss Jemima Ivins,Miss J,630,mudfog-papers
Miss Jemima Ivins,Ivins,630,mudfog-papers
Miss Jemima Ivins,Miss J,630,mudfog-papers
Miss Jemima Ivins,Ivins,630,mudfog-papers
Miss Jemima Ivins,Miss J,630,mudfog-papers
Miss Jemima Ivins,Ivins,630,mudfog-papers
Miss Jemima Ivins,Miss J,630,mudfog-papers
Miss Jemima Ivins,Ivins,630,mudfog-papers
Miss Jemima Ivins,Mr. Samuel Wilkins,630,mudfog-papers
Miss Jemima Ivins,Mr. Samuel Wilkins,630,mudfog-papers
Miss Jemima Ivins,Ivins,630,mudfog-papers
Miss Jemima Ivins,Ivins,630,mudfog-papers
Miss Jemima Ivins,Ivins,630,mudfog-papers
Ivins,Miss J,630,mudfog-papers
Ivins,Miss J,630,mudfog-papers
Ivins,Miss J,630,mudfog-papers
Ivins,Miss J,630,mudfog-papers
Ivins,Mr. Samuel Wilkins,630,mudfog-papers
Ivins,Mr. Samuel Wilkins,630,mudfog-papers
Ivins,Miss Jemima Ivins,630,mudfog-papers
Miss J,Ivins,631,mudfog-papers
Miss J,Mr. Samuel Wilkins,631,mudfog-papers
Miss J,—but,631,mudfog-papers
Miss J,Ivins,631,mudfog-papers
Miss J,Ivins,631,mudfog-papers
Miss J,Mr. Samuel Wilkins,631,mudfog-papers
Miss J,Ivins,631,mudfog-papers
Miss J,Ivins,631,mudfog-papers
Miss J,Ivins,631,mudfog-papers
Miss J,Mr. Samuel Wilkins,631,mudfog-papers
Miss J,Ivins,631,mudfog-papers
Ivins,Miss J,631,mudfog-papers
Ivins,Mr. Samuel Wilkins,631,mudfog-papers
Ivins,—but,631,mudfog-papers
Ivins,Miss J,631,mudfog-papers
Ivins,Miss J,631,mudfog-papers
Ivins,Mr. Samuel Wilkins,631,mudfog-papers
Ivins,Miss J,631,mudfog-papers
Ivins,Miss J,631,mudfog-papers
Ivins,Miss J,631,mudfog-papers
Ivins,Mr. Samuel Wilkins,631,mudfog-papers
Ivins,Miss J,631,mudfog-papers
Mr. Samuel Wilkins,Miss J,631,mudfog-papers
Mr. Samuel Wilkins,Ivins,631,mudfog-papers
Mr. Samuel Wilkins,—but,631,mudfog-papers
Mr. Samuel Wilkins,Miss J,631,mudfog-papers
Mr. Samuel Wilkins,Ivins,631,mudfog-papers
Mr. Samuel Wilkins,Miss J,631,mudfog-papers
Mr. Samuel Wilkins,Ivins,631,mudfog-papers
Mr. Samuel Wilkins,Miss J,631,mudfog-papers
Mr. Samuel Wilkins,Ivins,631,mudfog-papers
Mr. Samuel Wilkins,Miss J,631,mudfog-papers
Mr. Samuel Wilkins,Ivins,631,mudfog-papers
Mr. Samuel Wilkins,Miss J,631,mudfog-papers
Mr. Samuel Wilkins,Ivins,631,mudfog-papers
Mr. Samuel Wilkins,Miss J,631,mudfog-papers
Mr. Samuel Wilkins,Ivins,631,mudfog-papers
—but,Miss J,631,mudfog-papers
—but,Ivins,631,mudfog-papers
—but,Mr. Samuel Wilkins,631,mudfog-papers
—but,Miss J,631,mudfog-papers
—but,Ivins,631,mudfog-papers
—but,Miss J,631,mudfog-papers
—but,Ivins,631,mudfog-papers
—but,Mr. Samuel Wilkins,631,mudfog-papers
—but,Miss J,631,mudfog-papers
—but,Ivins,631,mudfog-papers
—but,Miss J,631,mudfog-papers
—but,Ivins,631,mudfog-papers
—but,Miss J,631,mudfog-papers
—but,Ivins,631,mudfog-papers
—but,Mr. Samuel Wilkins,631,mudfog-papers
—but,Miss J,631,mudfog-papers
—but,Ivins,631,mudfog-papers
Miss J,Ivins,631,mudfog-papers
Miss J,Mr. Samuel Wilkins,631,mudfog-papers
Miss J,—but,631,mudfog-papers
Miss J,Ivins,631,mudfog-papers
Miss J,Ivins,631,mudfog-papers
Miss J,Mr. Samuel Wilkins,631,mudfog-papers
Miss J,Ivins,631,mudfog-papers
Miss J,Ivins,631,mudfog-papers
Miss J,Ivins,631,mudfog-papers
Miss J,Mr. Samuel Wilkins,631,mudfog-papers
Miss J,Ivins,631,mudfog-papers
Ivins,Miss J,631,mudfog-papers
Ivins,Mr. Samuel Wilkins,631,mudfog-papers
Ivins,—but,631,mudfog-papers
Ivins,Miss J,631,mudfog-papers
Ivins,Miss J,631,mudfog-papers
Ivins,Mr. Samuel Wilkins,631,mudfog-papers
Ivins,Miss J,631,mudfog-papers
Ivins,Miss J,631,mudfog-papers
Ivins,Miss J,631,mudfog-papers
Ivins,Mr. Samuel Wilkins,631,mudfog-papers
Ivins,Miss J,631,mudfog-papers
Miss J,Ivins,631,mudfog-papers
Miss J,Mr. Samuel Wilkins,631,mudfog-papers
Miss J,—but,631,mudfog-papers
Miss J,Ivins,631,mudfog-papers
Miss J,Ivins,631,mudfog-papers
Miss J,Mr. Samuel Wilkins,631,mudfog-papers
Miss J,Ivins,631,mudfog-papers
Miss J,Ivins,631,mudfog-papers
Miss J,Ivins,631,mudfog-papers
Miss J,Mr. Samuel Wilkins,631,mudfog-papers
Miss J,Ivins,631,mudfog-papers
Ivins,Miss J,631,mudfog-papers
Ivins,Mr. Samuel Wilkins,631,mudfog-papers
Ivins,—but,631,mudfog-papers
Ivins,Miss J,631,mudfog-papers
Ivins,Miss J,631,mudfog-papers
Ivins,Mr. Samuel Wilkins,631,mudfog-papers
Ivins,Miss J,631,mudfog-papers
Ivins,Miss J,631,mudfog-papers
Ivins,Miss J,631,mudfog-papers
Ivins,Mr. Samuel Wilkins,631,mudfog-papers
Ivins,Miss J,631,mudfog-papers
Mr. Samuel Wilkins,Miss J,631,mudfog-papers
Mr. Samuel Wilkins,Ivins,631,mudfog-papers
Mr. Samuel Wilkins,—but,631,mudfog-papers
Mr. Samuel Wilkins,Miss J,631,mudfog-papers
Mr. Samuel Wilkins,Ivins,631,mudfog-papers
Mr. Samuel Wilkins,Miss J,631,mudfog-papers
Mr. Samuel Wilkins,Ivins,631,mudfog-papers
Mr. Samuel Wilkins,Miss J,631,mudfog-papers
Mr. Samuel Wilkins,Ivins,631,mudfog-papers
Mr. Samuel Wilkins,Miss J,631,mudfog-papers
Mr. Samuel Wilkins,Ivins,631,mudfog-papers
Mr. Samuel Wilkins,Miss J,631,mudfog-papers
Mr. Samuel Wilkins,Ivins,631,mudfog-papers
Mr. Samuel Wilkins,Miss J,631,mudfog-papers
Mr. Samuel Wilkins,Ivins,631,mudfog-papers
Miss J,Ivins,631,mudfog-papers
Miss J,Mr. Samuel Wilkins,631,mudfog-papers
Miss J,—but,631,mudfog-papers
Miss J,Ivins,631,mudfog-papers
Miss J,Ivins,631,mudfog-papers
Miss J,Mr. Samuel Wilkins,631,mudfog-papers
Miss J,Ivins,631,mudfog-papers
Miss J,Ivins,631,mudfog-papers
Miss J,Ivins,631,mudfog-papers
Miss J,Mr. Samuel Wilkins,631,mudfog-papers
Miss J,Ivins,631,mudfog-papers
Ivins,Miss J,631,mudfog-papers
Ivins,Mr. Samuel Wilkins,631,mudfog-papers
Ivins,—but,631,mudfog-papers
Ivins,Miss J,631,mudfog-papers
Ivins,Miss J,631,mudfog-papers
Ivins,Mr. Samuel Wilkins,631,mudfog-papers
Ivins,Miss J,631,mudfog-papers
Ivins,Miss J,631,mudfog-papers
Ivins,Miss J,631,mudfog-papers
Ivins,Mr. Samuel Wilkins,631,mudfog-papers
Ivins,Miss J,631,mudfog-papers
Miss J,Ivins,631,mudfog-papers
Miss J,Mr. Samuel Wilkins,631,mudfog-papers
Miss J,—but,631,mudfog-papers
Miss J,Ivins,631,mudfog-papers
Miss J,Ivins,631,mudfog-papers
Miss J,Mr. Samuel Wilkins,631,mudfog-papers
Miss J,Ivins,631,mudfog-papers
Miss J,Ivins,631,mudfog-papers
Miss J,Ivins,631,mudfog-papers
Miss J,Mr. Samuel Wilkins,631,mudfog-papers
Miss J,Ivins,631,mudfog-papers
Ivins,Miss J,631,mudfog-papers
Ivins,Mr. Samuel Wilkins,631,mudfog-papers
Ivins,—but,631,mudfog-papers
Ivins,Miss J,631,mudfog-papers
Ivins,Miss J,631,mudfog-papers
Ivins,Mr. Samuel Wilkins,631,mudfog-papers
Ivins,Miss J,631,mudfog-papers
Ivins,Miss J,631,mudfog-papers
Ivins,Miss J,631,mudfog-papers
Ivins,Mr. Samuel Wilkins,631,mudfog-papers
Ivins,Miss J,631,mudfog-papers
Miss J,Ivins,631,mudfog-papers
Miss J,Mr. Samuel Wilkins,631,mudfog-papers
Miss J,—but,631,mudfog-papers
Miss J,Ivins,631,mudfog-papers
Miss J,Ivins,631,mudfog-papers
Miss J,Mr. Samuel Wilkins,631,mudfog-papers
Miss J,Ivins,631,mudfog-papers
Miss J,Ivins,631,mudfog-papers
Miss J,Ivins,631,mudfog-papers
Miss J,Mr. Samuel Wilkins,631,mudfog-papers
Miss J,Ivins,631,mudfog-papers
Ivins,Miss J,631,mudfog-papers
Ivins,Mr. Samuel Wilkins,631,mudfog-papers
Ivins,—but,631,mudfog-papers
Ivins,Miss J,631,mudfog-papers
Ivins,Miss J,631,mudfog-papers
Ivins,Mr. Samuel Wilkins,631,mudfog-papers
Ivins,Miss J,631,mudfog-papers
Ivins,Miss J,631,mudfog-papers
Ivins,Miss J,631,mudfog-papers
Ivins,Mr. Samuel Wilkins,631,mudfog-papers
Ivins,Miss J,631,mudfog-papers
Mr. Samuel Wilkins,Miss J,631,mudfog-papers
Mr. Samuel Wilkins,Ivins,631,mudfog-papers
Mr. Samuel Wilkins,—but,631,mudfog-papers
Mr. Samuel Wilkins,Miss J,631,mudfog-papers
Mr. Samuel Wilkins,Ivins,631,mudfog-papers
Mr. Samuel Wilkins,Miss J,631,mudfog-papers
Mr. Samuel Wilkins,Ivins,631,mudfog-papers
Mr. Samuel Wilkins,Miss J,631,mudfog-papers
Mr. Samuel Wilkins,Ivins,631,mudfog-papers
Mr. Samuel Wilkins,Miss J,631,mudfog-papers
Mr. Samuel Wilkins,Ivins,631,mudfog-papers
Mr. Samuel Wilkins,Miss J,631,mudfog-papers
Mr. Samuel Wilkins,Ivins,631,mudfog-papers
Mr. Samuel Wilkins,Miss J,631,mudfog-papers
Mr. Samuel Wilkins,Ivins,631,mudfog-papers
Miss J,Ivins,631,mudfog-papers
Miss J,Mr. Samuel Wilkins,631,mudfog-papers
Miss J,—but,631,mudfog-papers
Miss J,Ivins,631,mudfog-papers
Miss J,Ivins,631,mudfog-papers
Miss J,Mr. Samuel Wilkins,631,mudfog-papers
Miss J,Ivins,631,mudfog-papers
Miss J,Ivins,631,mudfog-papers
Miss J,Ivins,631,mudfog-papers
Miss J,Mr. Samuel Wilkins,631,mudfog-papers
Miss J,Ivins,631,mudfog-papers
Ivins,Miss J,631,mudfog-papers
Ivins,Mr. Samuel Wilkins,631,mudfog-papers
Ivins,—but,631,mudfog-papers
Ivins,Miss J,631,mudfog-papers
Ivins,Miss J,631,mudfog-papers
Ivins,Mr. Samuel Wilkins,631,mudfog-papers
Ivins,Miss J,631,mudfog-papers
Ivins,Miss J,631,mudfog-papers
Ivins,Miss J,631,mudfog-papers
Ivins,Mr. Samuel Wilkins,631,mudfog-papers
Ivins,Miss J,631,mudfog-papers
Mr. Samuel Wilkins,Miss J,632,mudfog-papers
Mr. Samuel Wilkins,Ivins,632,mudfog-papers
Mr. Samuel Wilkins,Ivins,632,mudfog-papers
Mr. Samuel Wilkins,Miss J,632,mudfog-papers
Mr. Samuel Wilkins,Ivins,632,mudfog-papers
Mr. Samuel Wilkins,Miss J,632,mudfog-papers
Mr. Samuel Wilkins,Ivins,632,mudfog-papers
Mr. Samuel Wilkins,Miss J,632,mudfog-papers
Mr. Samuel Wilkins,Ivins,632,mudfog-papers
Miss J,Mr. Samuel Wilkins,632,mudfog-papers
Miss J,Ivins,632,mudfog-papers
Miss J,Ivins,632,mudfog-papers
Miss J,Ivins,632,mudfog-papers
Miss J,Ivins,632,mudfog-papers
Miss J,Mr. Samuel Wilkins,632,mudfog-papers
Miss J,Ivins,632,mudfog-papers
Ivins,Mr. Samuel Wilkins,632,mudfog-papers
Ivins,Miss J,632,mudfog-papers
Ivins,Miss J,632,mudfog-papers
Ivins,Miss J,632,mudfog-papers
Ivins,Mr. Samuel Wilkins,632,mudfog-papers
Ivins,Miss J,632,mudfog-papers
Ivins,Mr. Samuel Wilkins,632,mudfog-papers
Ivins,Miss J,632,mudfog-papers
Ivins,Miss J,632,mudfog-papers
Ivins,Miss J,632,mudfog-papers
Ivins,Mr. Samuel Wilkins,632,mudfog-papers
Ivins,Miss J,632,mudfog-papers
Miss J,Mr. Samuel Wilkins,632,mudfog-papers
Miss J,Ivins,632,mudfog-papers
Miss J,Ivins,632,mudfog-papers
Miss J,Ivins,632,mudfog-papers
Miss J,Ivins,632,mudfog-papers
Miss J,Mr. Samuel Wilkins,632,mudfog-papers
Miss J,Ivins,632,mudfog-papers
Ivins,Mr. Samuel Wilkins,632,mudfog-papers
Ivins,Miss J,632,mudfog-papers
Ivins,Miss J,632,mudfog-papers
Ivins,Miss J,632,mudfog-papers
Ivins,Mr. Samuel Wilkins,632,mudfog-papers
Ivins,Miss J,632,mudfog-papers
Miss J,Mr. Samuel Wilkins,632,mudfog-papers
Miss J,Ivins,632,mudfog-papers
Miss J,Ivins,632,mudfog-papers
Miss J,Ivins,632,mudfog-papers
Miss J,Ivins,632,mudfog-papers
Miss J,Mr. Samuel Wilkins,632,mudfog-papers
Miss J,Ivins,632,mudfog-papers
Ivins,Mr. Samuel Wilkins,632,mudfog-papers
Ivins,Miss J,632,mudfog-papers
Ivins,Miss J,632,mudfog-papers
Ivins,Miss J,632,mudfog-papers
Ivins,Mr. Samuel Wilkins,632,mudfog-papers
Ivins,Miss J,632,mudfog-papers
Mr. Samuel Wilkins,Miss J,632,mudfog-papers
Mr. Samuel Wilkins,Ivins,632,mudfog-papers
Mr. Samuel Wilkins,Ivins,632,mudfog-papers
Mr. Samuel Wilkins,Miss J,632,mudfog-papers
Mr. Samuel Wilkins,Ivins,632,mudfog-papers
Mr. Samuel Wilkins,Miss J,632,mudfog-papers
Mr. Samuel Wilkins,Ivins,632,mudfog-papers
Mr. Samuel Wilkins,Miss J,632,mudfog-papers
Mr. Samuel Wilkins,Ivins,632,mudfog-papers
Miss J,Mr. Samuel Wilkins,632,mudfog-papers
Miss J,Ivins,632,mudfog-papers
Miss J,Ivins,632,mudfog-papers
Miss J,Ivins,632,mudfog-papers
Miss J,Ivins,632,mudfog-papers
Miss J,Mr. Samuel Wilkins,632,mudfog-papers
Miss J,Ivins,632,mudfog-papers
Ivins,Mr. Samuel Wilkins,632,mudfog-papers
Ivins,Miss J,632,mudfog-papers
Ivins,Miss J,632,mudfog-papers
Ivins,Miss J,632,mudfog-papers
Ivins,Mr. Samuel Wilkins,632,mudfog-papers
Ivins,Miss J,632,mudfog-papers
Mr. Samuel Wilkins,Miss J,633,mudfog-papers
Mr. Samuel Wilkins,Ivins,633,mudfog-papers
Mr. Samuel Wilkins,Miss J,633,mudfog-papers
Mr. Samuel Wilkins,Ivins,633,mudfog-papers
Miss J,Mr. Samuel Wilkins,633,mudfog-papers
Miss J,Mr. Samuel Wilkins,633,mudfog-papers
Miss J,Ivins,633,mudfog-papers
Ivins,Mr. Samuel Wilkins,633,mudfog-papers
Ivins,Mr. Samuel Wilkins,633,mudfog-papers
Ivins,Miss J,633,mudfog-papers
Miss,Ivins,634,mudfog-papers
Ivins,Miss,634,mudfog-papers
Discovery Society,Snobee,649,mudfog-papers
Discovery Society,Mr. Wilson,649,mudfog-papers
Discovery Society,Mr. Wilson,649,mudfog-papers
Discovery Society,Mr. Wilson,649,mudfog-papers
Discovery Society,Prove,649,mudfog-papers
Snobee,Discovery Society,649,mudfog-papers
Snobee,Mr. Wilson,649,mudfog-papers
Snobee,Mr. Wilson,649,mudfog-papers
Snobee,Mr. Wilson,649,mudfog-papers
Snobee,Prove,649,mudfog-papers
Mr. Wilson,Discovery Society,649,mudfog-papers
Mr. Wilson,Snobee,649,mudfog-papers
Mr. Wilson,Prove,649,mudfog-papers
Mr. Wilson,Discovery Society,649,mudfog-papers
Mr. Wilson,Snobee,649,mudfog-papers
Mr. Wilson,Prove,649,mudfog-papers
Mr. Wilson,Discovery Society,649,mudfog-papers
Mr. Wilson,Snobee,649,mudfog-papers
Mr. Wilson,Prove,649,mudfog-papers
Prove,Discovery Society,649,mudfog-papers
Prove,Snobee,649,mudfog-papers
Prove,Mr. Wilson,649,mudfog-papers
Prove,Mr. Wilson,649,mudfog-papers
Prove,Mr. Wilson,649,mudfog-papers
Mr. Rogers,Mr. Ellis,652,mudfog-papers
Mr. Ellis,Mr. Rogers,652,mudfog-papers
God,Jack,683,mudfog-papers
God,Jack,683,mudfog-papers
Jack,God,683,mudfog-papers
Jack,God,683,mudfog-papers
Jack,God Almighty,686,mudfog-papers
God Almighty,Jack,686,mudfog-papers
God Almighty,Jack,686,mudfog-papers
Jack,God Almighty,686,mudfog-papers
Mr.,John Dounce,693,mudfog-papers
Mr.,Mr. Harris,693,mudfog-papers
Mr.,Mr. Jennings,693,mudfog-papers
Mr.,Jones,693,mudfog-papers
John Dounce,Mr.,693,mudfog-papers
John Dounce,Mr. Harris,693,mudfog-papers
John Dounce,Mr. Jennings,693,mudfog-papers
John Dounce,Jones,693,mudfog-papers
Mr. Harris,Mr.,693,mudfog-papers
Mr. Harris,John Dounce,693,mudfog-papers
Mr. Harris,Mr. Jennings,693,mudfog-papers
Mr. Harris,Jones,693,mudfog-papers
Mr. Jennings,Mr.,693,mudfog-papers
Mr. Jennings,John Dounce,693,mudfog-papers
Mr. Jennings,Mr. Harris,693,mudfog-papers
Mr. Jennings,Jones,693,mudfog-papers
Jones,Mr.,693,mudfog-papers
Jones,John Dounce,693,mudfog-papers
Jones,Mr. Harris,693,mudfog-papers
Jones,Mr. Jennings,693,mudfog-papers
Jones,Drury Lane,694,mudfog-papers
Jones,Mr. Dounce,694,mudfog-papers
Jones,Master Betty,694,mudfog-papers
Jones,Dounce,694,mudfog-papers
Jones,Mr. Dounce,694,mudfog-papers
Jones,Mr. Harris,694,mudfog-papers
Jones,Mr. Jennings,694,mudfog-papers
Jones,Lady,694,mudfog-papers
Jones,Mr. Dounce,694,mudfog-papers
Jones,Lady So-and-So,694,mudfog-papers
Jones,John Dounce,694,mudfog-papers
Jones,John Dounce,694,mudfog-papers
Jones,John Dounce,694,mudfog-papers
Jones,Mr. Harris,694,mudfog-papers
Jones,Mr. Harris,694,mudfog-papers
Jones,Mr. Jennings,694,mudfog-papers
Drury Lane,Jones,694,mudfog-papers
Drury Lane,Mr. Dounce,694,mudfog-papers
Drury Lane,Master Betty,694,mudfog-papers
Drury Lane,Dounce,694,mudfog-papers
Drury Lane,Mr. Dounce,694,mudfog-papers
Drury Lane,Mr. Harris,694,mudfog-papers
Drury Lane,Mr. Jennings,694,mudfog-papers
Drury Lane,Lady,694,mudfog-papers
Drury Lane,Mr. Dounce,694,mudfog-papers
Drury Lane,Lady So-and-So,694,mudfog-papers
Drury Lane,Jones,694,mudfog-papers
Drury Lane,John Dounce,694,mudfog-papers
Drury Lane,John Dounce,694,mudfog-papers
Drury Lane,John Dounce,694,mudfog-papers
Drury Lane,Mr. Harris,694,mudfog-papers
Drury Lane,Mr. Harris,694,mudfog-papers
Drury Lane,Mr. Jennings,694,mudfog-papers
Mr. Dounce,Jones,694,mudfog-papers
Mr. Dounce,Drury Lane,694,mudfog-papers
Mr. Dounce,Master Betty,694,mudfog-papers
Mr. Dounce,Dounce,694,mudfog-papers
Mr. Dounce,Mr. Harris,694,mudfog-papers
Mr. Dounce,Mr. Jennings,694,mudfog-papers
Mr. Dounce,Lady,694,mudfog-papers
Mr. Dounce,Lady So-and-So,694,mudfog-papers
Mr. Dounce,Jones,694,mudfog-papers
Mr. Dounce,John Dounce,694,mudfog-papers
Mr. Dounce,John Dounce,694,mudfog-papers
Mr. Dounce,John Dounce,694,mudfog-papers
Mr. Dounce,Mr. Harris,694,mudfog-papers
Mr. Dounce,Mr. Harris,694,mudfog-papers
Mr. Dounce,Mr. Jennings,694,mudfog-papers
Master Betty,Jones,694,mudfog-papers
Master Betty,Drury Lane,694,mudfog-papers
Master Betty,Mr. Dounce,694,mudfog-papers
Master Betty,Dounce,694,mudfog-papers
Master Betty,Mr. Dounce,694,mudfog-papers
Master Betty,Mr. Harris,694,mudfog-papers
Master Betty,Mr. Jennings,694,mudfog-papers
Master Betty,Lady,694,mudfog-papers
Master Betty,Mr. Dounce,694,mudfog-papers
Master Betty,Lady So-and-So,694,mudfog-papers
Master Betty,Jones,694,mudfog-papers
Master Betty,John Dounce,694,mudfog-papers
Master Betty,John Dounce,694,mudfog-papers
Master Betty,John Dounce,694,mudfog-papers
Master Betty,Mr. Harris,694,mudfog-papers
Master Betty,Mr. Harris,694,mudfog-papers
Master Betty,Mr. Jennings,694,mudfog-papers
Dounce,Jones,694,mudfog-papers
Dounce,Drury Lane,694,mudfog-papers
Dounce,Mr. Dounce,694,mudfog-papers
Dounce,Master Betty,694,mudfog-papers
Dounce,Mr. Dounce,694,mudfog-papers
Dounce,Mr. Harris,694,mudfog-papers
Dounce,Mr. Jennings,694,mudfog-papers
Dounce,Lady,694,mudfog-papers
Dounce,Mr. Dounce,694,mudfog-papers
Dounce,Lady So-and-So,694,mudfog-papers
Dounce,Jones,694,mudfog-papers
Dounce,John Dounce,694,mudfog-papers
Dounce,John Dounce,694,mudfog-papers
Dounce,John Dounce,694,mudfog-papers
Dounce,Mr. Harris,694,mudfog-papers
Dounce,Mr. Harris,694,mudfog-papers
Dounce,Mr. Jennings,694,mudfog-papers
Mr. Dounce,Jones,694,mudfog-papers
Mr. Dounce,Drury Lane,694,mudfog-papers
Mr. Dounce,Master Betty,694,mudfog-papers
Mr. Dounce,Dounce,694,mudfog-papers
Mr. Dounce,Mr. Harris,694,mudfog-papers
Mr. Dounce,Mr. Jennings,694,mudfog-papers
Mr. Dounce,Lady,694,mudfog-papers
Mr. Dounce,Lady So-and-So,694,mudfog-papers
Mr. Dounce,Jones,694,mudfog-papers
Mr. Dounce,John Dounce,694,mudfog-papers
Mr. Dounce,John Dounce,694,mudfog-papers
Mr. Dounce,John Dounce,694,mudfog-papers
Mr. Dounce,Mr. Harris,694,mudfog-papers
Mr. Dounce,Mr. Harris,694,mudfog-papers
Mr. Dounce,Mr. Jennings,694,mudfog-papers
Mr. Harris,Jones,694,mudfog-papers
Mr. Harris,Drury Lane,694,mudfog-papers
Mr. Harris,Mr. Dounce,694,mudfog-papers
Mr. Harris,Master Betty,694,mudfog-papers
Mr. Harris,Dounce,694,mudfog-papers
Mr. Harris,Mr. Dounce,694,mudfog-papers
Mr. Harris,Mr. Jennings,694,mudfog-papers
Mr. Harris,Lady,694,mudfog-papers
Mr. Harris,Mr. Dounce,694,mudfog-papers
Mr. Harris,Lady So-and-So,694,mudfog-papers
Mr. Harris,Jones,694,mudfog-papers
Mr. Harris,John Dounce,694,mudfog-papers
Mr. Harris,John Dounce,694,mudfog-papers
Mr. Harris,John Dounce,694,mudfog-papers
Mr. Harris,Mr. Jennings,694,mudfog-papers
Mr. Jennings,Jones,694,mudfog-papers
Mr. Jennings,Drury Lane,694,mudfog-papers
Mr. Jennings,Mr. Dounce,694,mudfog-papers
Mr. Jennings,Master Betty,694,mudfog-papers
Mr. Jennings,Dounce,694,mudfog-papers
Mr. Jennings,Mr. Dounce,694,mudfog-papers
Mr. Jennings,Mr. Harris,694,mudfog-papers
Mr. Jennings,Lady,694,mudfog-papers
Mr. Jennings,Mr. Dounce,694,mudfog-papers
Mr. Jennings,Lady So-and-So,694,mudfog-papers
Mr. Jennings,Jones,694,mudfog-papers
Mr. Jennings,John Dounce,694,mudfog-papers
Mr. Jennings,John Dounce,694,mudfog-papers
Mr. Jennings,John Dounce,694,mudfog-papers
Mr. Jennings,Mr. Harris,694,mudfog-papers
Mr. Jennings,Mr. Harris,694,mudfog-papers
Lady,Jones,694,mudfog-papers
Lady,Drury Lane,694,mudfog-papers
Lady,Mr. Dounce,694,mudfog-papers
Lady,Master Betty,694,mudfog-papers
Lady,Dounce,694,mudfog-papers
Lady,Mr. Dounce,694,mudfog-papers
Lady,Mr. Harris,694,mudfog-papers
Lady,Mr. Jennings,694,mudfog-papers
Lady,Mr. Dounce,694,mudfog-papers
Lady,Lady So-and-So,694,mudfog-papers
Lady,Jones,694,mudfog-papers
Lady,John Dounce,694,mudfog-papers
Lady,John Dounce,694,mudfog-papers
Lady,John Dounce,694,mudfog-papers
Lady,Mr. Harris,694,mudfog-papers
Lady,Mr. Harris,694,mudfog-papers
Lady,Mr. Jennings,694,mudfog-papers
Mr. Dounce,Jones,694,mudfog-papers
Mr. Dounce,Drury Lane,694,mudfog-papers
Mr. Dounce,Master Betty,694,mudfog-papers
Mr. Dounce,Dounce,694,mudfog-papers
Mr. Dounce,Mr. Harris,694,mudfog-papers
Mr. Dounce,Mr. Jennings,694,mudfog-papers
Mr. Dounce,Lady,694,mudfog-papers
Mr. Dounce,Lady So-and-So,694,mudfog-papers
Mr. Dounce,Jones,694,mudfog-papers
Mr. Dounce,John Dounce,694,mudfog-papers
Mr. Dounce,John Dounce,694,mudfog-papers
Mr. Dounce,John Dounce,694,mudfog-papers
Mr. Dounce,Mr. Harris,694,mudfog-papers
Mr. Dounce,Mr. Harris,694,mudfog-papers
Mr. Dounce,Mr. Jennings,694,mudfog-papers
Lady So-and-So,Jones,694,mudfog-papers
Lady So-and-So,Drury Lane,694,mudfog-papers
Lady So-and-So,Mr. Dounce,694,mudfog-papers
Lady So-and-So,Master Betty,694,mudfog-papers
Lady So-and-So,Dounce,694,mudfog-papers
Lady So-and-So,Mr. Dounce,694,mudfog-papers
Lady So-and-So,Mr. Harris,694,mudfog-papers
Lady So-and-So,Mr. Jennings,694,mudfog-papers
Lady So-and-So,Lady,694,mudfog-papers
Lady So-and-So,Mr. Dounce,694,mudfog-papers
Lady So-and-So,Jones,694,mudfog-papers
Lady So-and-So,John Dounce,694,mudfog-papers
Lady So-and-So,John Dounce,694,mudfog-papers
Lady So-and-So,John Dounce,694,mudfog-papers
Lady So-and-So,Mr. Harris,694,mudfog-papers
Lady So-and-So,Mr. Harris,694,mudfog-papers
Lady So-and-So,Mr. Jennings,694,mudfog-papers
Jones,Drury Lane,694,mudfog-papers
Jones,Mr. Dounce,694,mudfog-papers
Jones,Master Betty,694,mudfog-papers
Jones,Dounce,694,mudfog-papers
Jones,Mr. Dounce,694,mudfog-papers
Jones,Mr. Harris,694,mudfog-papers
Jones,Mr. Jennings,694,mudfog-papers
Jones,Lady,694,mudfog-papers
Jones,Mr. Dounce,694,mudfog-papers
Jones,Lady So-and-So,694,mudfog-papers
Jones,John Dounce,694,mudfog-papers
Jones,John Dounce,694,mudfog-papers
Jones,John Dounce,694,mudfog-papers
Jones,Mr. Harris,694,mudfog-papers
Jones,Mr. Harris,694,mudfog-papers
Jones,Mr. Jennings,694,mudfog-papers
John Dounce,Jones,694,mudfog-papers
John Dounce,Drury Lane,694,mudfog-papers
John Dounce,Mr. Dounce,694,mudfog-papers
John Dounce,Master Betty,694,mudfog-papers
John Dounce,Dounce,694,mudfog-papers
John Dounce,Mr. Dounce,694,mudfog-papers
John Dounce,Mr. Harris,694,mudfog-papers
John Dounce,Mr. Jennings,694,mudfog-papers
John Dounce,Lady,694,mudfog-papers
John Dounce,Mr. Dounce,694,mudfog-papers
John Dounce,Lady So-and-So,694,mudfog-papers
John Dounce,Jones,694,mudfog-papers
John Dounce,Mr. Harris,694,mudfog-papers
John Dounce,Mr. Harris,694,mudfog-papers
John Dounce,Mr. Jennings,694,mudfog-papers
John Dounce,Jones,694,mudfog-papers
John Dounce,Drury Lane,694,mudfog-papers
John Dounce,Mr. Dounce,694,mudfog-papers
John Dounce,Master Betty,694,mudfog-papers
John Dounce,Dounce,694,mudfog-papers
John Dounce,Mr. Dounce,694,mudfog-papers
John Dounce,Mr. Harris,694,mudfog-papers
John Dounce,Mr. Jennings,694,mudfog-papers
John Dounce,Lady,694,mudfog-papers
John Dounce,Mr. Dounce,694,mudfog-papers
John Dounce,Lady So-and-So,694,mudfog-papers
John Dounce,Jones,694,mudfog-papers
John Dounce,Mr. Harris,694,mudfog-papers
John Dounce,Mr. Harris,694,mudfog-papers
John Dounce,Mr. Jennings,694,mudfog-papers
John Dounce,Jones,694,mudfog-papers
John Dounce,Drury Lane,694,mudfog-papers
John Dounce,Mr. Dounce,694,mudfog-papers
John Dounce,Master Betty,694,mudfog-papers
John Dounce,Dounce,694,mudfog-papers
John Dounce,Mr. Dounce,694,mudfog-papers
John Dounce,Mr. Harris,694,mudfog-papers
John Dounce,Mr. Jennings,694,mudfog-papers
John Dounce,Lady,694,mudfog-papers
John Dounce,Mr. Dounce,694,mudfog-papers
John Dounce,Lady So-and-So,694,mudfog-papers
John Dounce,Jones,694,mudfog-papers
John Dounce,Mr. Harris,694,mudfog-papers
John Dounce,Mr. Harris,694,mudfog-papers
John Dounce,Mr. Jennings,694,mudfog-papers
Mr. Harris,Jones,694,mudfog-papers
Mr. Harris,Drury Lane,694,mudfog-papers
Mr. Harris,Mr. Dounce,694,mudfog-papers
Mr. Harris,Master Betty,694,mudfog-papers
Mr. Harris,Dounce,694,mudfog-papers
Mr. Harris,Mr. Dounce,694,mudfog-papers
Mr. Harris,Mr. Jennings,694,mudfog-papers
Mr. Harris,Lady,694,mudfog-papers
Mr. Harris,Mr. Dounce,694,mudfog-papers
Mr. Harris,Lady So-and-So,694,mudfog-papers
Mr. Harris,Jones,694,mudfog-papers
Mr. Harris,John Dounce,694,mudfog-papers
Mr. Harris,John Dounce,694,mudfog-papers
Mr. Harris,John Dounce,694,mudfog-papers
Mr. Harris,Mr. Jennings,694,mudfog-papers
Mr. Harris,Jones,694,mudfog-papers
Mr. Harris,Drury Lane,694,mudfog-papers
Mr. Harris,Mr. Dounce,694,mudfog-papers
Mr. Harris,Master Betty,694,mudfog-papers
Mr. Harris,Dounce,694,mudfog-papers
Mr. Harris,Mr. Dounce,694,mudfog-papers
Mr. Harris,Mr. Jennings,694,mudfog-papers
Mr. Harris,Lady,694,mudfog-papers
Mr. Harris,Mr. Dounce,694,mudfog-papers
Mr. Harris,Lady So-and-So,694,mudfog-papers
Mr. Harris,Jones,694,mudfog-papers
Mr. Harris,John Dounce,694,mudfog-papers
Mr. Harris,John Dounce,694,mudfog-papers
Mr. Harris,John Dounce,694,mudfog-papers
Mr. Harris,Mr. Jennings,694,mudfog-papers
Mr. Jennings,Jones,694,mudfog-papers
Mr. Jennings,Drury Lane,694,mudfog-papers
Mr. Jennings,Mr. Dounce,694,mudfog-papers
Mr. Jennings,Master Betty,694,mudfog-papers
Mr. Jennings,Dounce,694,mudfog-papers
Mr. Jennings,Mr. Dounce,694,mudfog-papers
Mr. Jennings,Mr. Harris,694,mudfog-papers
Mr. Jennings,Lady,694,mudfog-papers
Mr. Jennings,Mr. Dounce,694,mudfog-papers
Mr. Jennings,Lady So-and-So,694,mudfog-papers
Mr. Jennings,Jones,694,mudfog-papers
Mr. Jennings,John Dounce,694,mudfog-papers
Mr. Jennings,John Dounce,694,mudfog-papers
Mr. Jennings,John Dounce,694,mudfog-papers
Mr. Jennings,Mr. Harris,694,mudfog-papers
Mr. Jennings,Mr. Harris,694,mudfog-papers
Mr. Dounce,Mr. Harris,695,mudfog-papers
Mr. Dounce,Mr. Jennings,695,mudfog-papers
Mr. Dounce,John Dounce,695,mudfog-papers
Mr. Dounce,Mr. Jones,695,mudfog-papers
Mr. Dounce,John Dounce,695,mudfog-papers
Mr. Dounce,Mr. Harris,695,mudfog-papers
Mr. Dounce,Mr. Jennings,695,mudfog-papers
Mr. Dounce,Mr. Harris,695,mudfog-papers
Mr. Dounce,Mr. Jennings,695,mudfog-papers
Mr. Dounce,John Dounce,695,mudfog-papers
Mr. Dounce,Mr. Jones,695,mudfog-papers
Mr. Dounce,John Dounce,695,mudfog-papers
Mr. Dounce,Mr. Harris,695,mudfog-papers
Mr. Dounce,Mr. Jennings,695,mudfog-papers
Mr. Harris,Mr. Dounce,695,mudfog-papers
Mr. Harris,Mr. Dounce,695,mudfog-papers
Mr. Harris,Mr. Jennings,695,mudfog-papers
Mr. Harris,John Dounce,695,mudfog-papers
Mr. Harris,Mr. Jones,695,mudfog-papers
Mr. Harris,John Dounce,695,mudfog-papers
Mr. Harris,Mr. Jennings,695,mudfog-papers
Mr. Jennings,Mr. Dounce,695,mudfog-papers
Mr. Jennings,Mr. Dounce,695,mudfog-papers
Mr. Jennings,Mr. Harris,695,mudfog-papers
Mr. Jennings,John Dounce,695,mudfog-papers
Mr. Jennings,Mr. Jones,695,mudfog-papers
Mr. Jennings,John Dounce,695,mudfog-papers
Mr. Jennings,Mr. Harris,695,mudfog-papers
John Dounce,Mr. Dounce,695,mudfog-papers
John Dounce,Mr. Dounce,695,mudfog-papers
John Dounce,Mr. Harris,695,mudfog-papers
John Dounce,Mr. Jennings,695,mudfog-papers
John Dounce,Mr. Jones,695,mudfog-papers
John Dounce,Mr. Harris,695,mudfog-papers
John Dounce,Mr. Jennings,695,mudfog-papers
Mr. Jones,Mr. Dounce,695,mudfog-papers
Mr. Jones,Mr. Dounce,695,mudfog-papers
Mr. Jones,Mr. Harris,695,mudfog-papers
Mr. Jones,Mr. Jennings,695,mudfog-papers
Mr. Jones,John Dounce,695,mudfog-papers
Mr. Jones,John Dounce,695,mudfog-papers
Mr. Jones,Mr. Harris,695,mudfog-papers
Mr. Jones,Mr. Jennings,695,mudfog-papers
John Dounce,Mr. Dounce,695,mudfog-papers
John Dounce,Mr. Dounce,695,mudfog-papers
John Dounce,Mr. Harris,695,mudfog-papers
John Dounce,Mr. Jennings,695,mudfog-papers
John Dounce,Mr. Jones,695,mudfog-papers
John Dounce,Mr. Harris,695,mudfog-papers
John Dounce,Mr. Jennings,695,mudfog-papers
Mr. Harris,Mr. Dounce,695,mudfog-papers
Mr. Harris,Mr. Dounce,695,mudfog-papers
Mr. Harris,Mr. Jennings,695,mudfog-papers
Mr. Harris,John Dounce,695,mudfog-papers
Mr. Harris,Mr. Jones,695,mudfog-papers
Mr. Harris,John Dounce,695,mudfog-papers
Mr. Harris,Mr. Jennings,695,mudfog-papers
Mr. Jennings,Mr. Dounce,695,mudfog-papers
Mr. Jennings,Mr. Dounce,695,mudfog-papers
Mr. Jennings,Mr. Harris,695,mudfog-papers
Mr. Jennings,John Dounce,695,mudfog-papers
Mr. Jennings,Mr. Jones,695,mudfog-papers
Mr. Jennings,John Dounce,695,mudfog-papers
Mr. Jennings,Mr. Harris,695,mudfog-papers
Mr.,John Dounce,697,mudfog-papers
Mr.,Mr. Jennings,697,mudfog-papers
Mr.,Jones,697,mudfog-papers
John Dounce,Mr.,697,mudfog-papers
John Dounce,Mr. Jennings,697,mudfog-papers
John Dounce,Jones,697,mudfog-papers
Mr. Jennings,Mr.,697,mudfog-papers
Mr. Jennings,John Dounce,697,mudfog-papers
Mr. Jennings,Jones,697,mudfog-papers
Jones,Mr.,697,mudfog-papers
Jones,John Dounce,697,mudfog-papers
Jones,Mr. Jennings,697,mudfog-papers
Mr. John Dounce,John Dounce,698,mudfog-papers
John Dounce,Mr. John Dounce,698,mudfog-papers
Mr. John Dounce,John Dounce,705,mudfog-papers
Mr. John Dounce,John Dounce,705,mudfog-papers
Mr. John Dounce,John Dounce,705,mudfog-papers
Mr. John Dounce,John Dounce,705,mudfog-papers
Mr. John Dounce,John Dounce,705,mudfog-papers
Mr. John Dounce,John Dounce,705,mudfog-papers
Mr. John Dounce,John Dounce,705,mudfog-papers
John Dounce,Mr. John Dounce,705,mudfog-papers
John Dounce,Mr. John Dounce,705,mudfog-papers
John Dounce,Mr. John Dounce,705,mudfog-papers
John Dounce,Mr. John Dounce,705,mudfog-papers
John Dounce,Mr. John Dounce,705,mudfog-papers
John Dounce,Mr. John Dounce,705,mudfog-papers
John Dounce,Mr. John Dounce,705,mudfog-papers
John Dounce,Saracen,706,mudfog-papers
John Dounce,Saracen,706,mudfog-papers
Saracen,John Dounce,706,mudfog-papers
Saracen,John Dounce,706,mudfog-papers
Harris,Jennings,707,mudfog-papers
Jennings,Harris,707,mudfog-papers
Miss,Miss Martin,711,mudfog-papers
Miss,Martin,711,mudfog-papers
Miss,Miss Martin,711,mudfog-papers
Miss Martin,Miss,711,mudfog-papers
Miss Martin,Martin,711,mudfog-papers
Martin,Miss,711,mudfog-papers
Martin,Miss Martin,711,mudfog-papers
Martin,Miss Martin,711,mudfog-papers
Miss Martin,Miss,711,mudfog-papers
Miss Martin,Martin,711,mudfog-papers
Miss Martin,Miss Amelia Martin,712,mudfog-papers
Miss Martin,Missis,712,mudfog-papers
Miss Martin,Miss Amelia Martin,712,mudfog-papers
Miss Martin,Missis,712,mudfog-papers
Miss Martin,Miss Amelia Martin,712,mudfog-papers
Miss Martin,Missis,712,mudfog-papers
Miss Martin,Miss Amelia Martin,712,mudfog-papers
Miss Martin,Missis,712,mudfog-papers
Miss Amelia Martin,Miss Martin,712,mudfog-papers
Miss Amelia Martin,Miss Martin,712,mudfog-papers
Miss Amelia Martin,Miss Martin,712,mudfog-papers
Miss Amelia Martin,Miss Martin,712,mudfog-papers
Miss Amelia Martin,Miss Martin,712,mudfog-papers
Miss Amelia Martin,Missis,712,mudfog-papers
Miss Amelia Martin,Miss Martin,712,mudfog-papers
Miss Martin,Miss Amelia Martin,712,mudfog-papers
Miss Martin,Missis,712,mudfog-papers
Missis,Miss Martin,712,mudfog-papers
Missis,Miss Martin,712,mudfog-papers
Missis,Miss Martin,712,mudfog-papers
Missis,Miss Martin,712,mudfog-papers
Missis,Miss Amelia Martin,712,mudfog-papers
Missis,Miss Martin,712,mudfog-papers
Missis,Miss Martin,712,mudfog-papers
Miss Martin,Miss Amelia Martin,712,mudfog-papers
Miss Martin,Missis,712,mudfog-papers
Miss Martin,Miss Amelia Martin,714,mudfog-papers
Miss Martin,Beautiful Kidderminster,714,mudfog-papers
Miss Amelia Martin,Miss Martin,714,mudfog-papers
Miss Amelia Martin,Beautiful Kidderminster,714,mudfog-papers
Beautiful Kidderminster,Miss Martin,714,mudfog-papers
Beautiful Kidderminster,Miss Amelia Martin,714,mudfog-papers
Miss Amelia Martin,Mr.,715,mudfog-papers
Miss Amelia Martin,Miss Martin,715,mudfog-papers
Miss Amelia Martin,Mr. Jennings Rodolph,715,mudfog-papers
Miss Amelia Martin,Rodolph,715,mudfog-papers
Miss Amelia Martin,Mr. Jennings Rodolph,715,mudfog-papers
Miss Amelia Martin,Mr. Jennings Rodolph,715,mudfog-papers
Mr.,Miss Amelia Martin,715,mudfog-papers
Mr.,Miss Martin,715,mudfog-papers
Mr.,Mr. Jennings Rodolph,715,mudfog-papers
Mr.,Rodolph,715,mudfog-papers
Mr.,Mr. Jennings Rodolph,715,mudfog-papers
Mr.,Mr. Jennings Rodolph,715,mudfog-papers
Miss Martin,Miss Amelia Martin,715,mudfog-papers
Miss Martin,Mr.,715,mudfog-papers
Miss Martin,Mr. Jennings Rodolph,715,mudfog-papers
Miss Martin,Rodolph,715,mudfog-papers
Miss Martin,Mr. Jennings Rodolph,715,mudfog-papers
Miss Martin,Mr. Jennings Rodolph,715,mudfog-papers
Mr. Jennings Rodolph,Miss Amelia Martin,715,mudfog-papers
Mr. Jennings Rodolph,Mr.,715,mudfog-papers
Mr. Jennings Rodolph,Miss Martin,715,mudfog-papers
Mr. Jennings Rodolph,Rodolph,715,mudfog-papers
Rodolph,Miss Amelia Martin,715,mudfog-papers
Rodolph,Mr.,715,mudfog-papers
Rodolph,Miss Martin,715,mudfog-papers
Rodolph,Mr. Jennings Rodolph,715,mudfog-papers
Rodolph,Mr. Jennings Rodolph,715,mudfog-papers
Rodolph,Mr. Jennings Rodolph,715,mudfog-papers
Mr. Jennings Rodolph,Miss Amelia Martin,715,mudfog-papers
Mr. Jennings Rodolph,Mr.,715,mudfog-papers
Mr. Jennings Rodolph,Miss Martin,715,mudfog-papers
Mr. Jennings Rodolph,Rodolph,715,mudfog-papers
Mr. Jennings Rodolph,Miss Amelia Martin,715,mudfog-papers
Mr. Jennings Rodolph,Mr.,715,mudfog-papers
Mr. Jennings Rodolph,Miss Martin,715,mudfog-papers
Mr. Jennings Rodolph,Rodolph,715,mudfog-papers
Mr. Jennings Rodolph,Miss Martin,716,mudfog-papers
Mr. Jennings Rodolph,Miss Martin,716,mudfog-papers
Miss Martin,Mr. Jennings Rodolph,716,mudfog-papers
Miss Martin,Mr. Jennings Rodolph,716,mudfog-papers
Miss Martin,Mr. Jennings Rodolph,716,mudfog-papers
Miss Martin,Mr. Jennings Rodolph,716,mudfog-papers
Mr. Jennings Rodolph,Miss Martin,716,mudfog-papers
Mr. Jennings Rodolph,Miss Martin,716,mudfog-papers
Don,Miss Martin,719,mudfog-papers
Don,Signora Marra Boni,719,mudfog-papers
Don,Mr. Jennings Rodolph,719,mudfog-papers
Miss Martin,Don,719,mudfog-papers
Miss Martin,Signora Marra Boni,719,mudfog-papers
Miss Martin,Mr. Jennings Rodolph,719,mudfog-papers
Signora Marra Boni,Don,719,mudfog-papers
Signora Marra Boni,Miss Martin,719,mudfog-papers
Signora Marra Boni,Mr. Jennings Rodolph,719,mudfog-papers
Mr. Jennings Rodolph,Don,719,mudfog-papers
Mr. Jennings Rodolph,Miss Martin,719,mudfog-papers
Mr. Jennings Rodolph,Signora Marra Boni,719,mudfog-papers
Mr. Jennings Rodolph,Miss Martin,721,mudfog-papers
Mr. Jennings Rodolph,Miss Martin,721,mudfog-papers
Miss Martin,Mr. Jennings Rodolph,721,mudfog-papers
Miss Martin,Mr. Jennings Rodolph,721,mudfog-papers
Miss Martin,Mr. Jennings Rodolph,721,mudfog-papers
Miss Martin,Mr. Jennings Rodolph,721,mudfog-papers
Mr. Jennings Rodolph,Miss Martin,721,mudfog-papers
Mr. Jennings Rodolph,Miss Martin,721,mudfog-papers
Miss Amelia Martin,Miss Martin,722,mudfog-papers
Miss Amelia Martin,Miss Martin,722,mudfog-papers
Miss Amelia Martin,Rodolph,722,mudfog-papers
Miss Amelia Martin,Miss Martin,722,mudfog-papers
Miss Amelia Martin,Miss Martin,722,mudfog-papers
Miss Amelia Martin,Rodolph,722,mudfog-papers
Miss Martin,Miss Amelia Martin,722,mudfog-papers
Miss Martin,Miss Amelia Martin,722,mudfog-papers
Miss Martin,Rodolph,722,mudfog-papers
Miss Martin,Miss Amelia Martin,722,mudfog-papers
Miss Martin,Miss Amelia Martin,722,mudfog-papers
Miss Martin,Rodolph,722,mudfog-papers
Rodolph,Miss Amelia Martin,722,mudfog-papers
Rodolph,Miss Amelia Martin,722,mudfog-papers
Rodolph,Miss Martin,722,mudfog-papers
Rodolph,Miss Martin,722,mudfog-papers
Mr. Jennings Rodolph,Miss Martin,723,mudfog-papers
Mr. Jennings Rodolph,Duet,723,mudfog-papers
Mr. Jennings Rodolph,Solo,723,mudfog-papers
Mr. Jennings Rodolph,Miss Julia Montague,723,mudfog-papers
Mr. Jennings Rodolph,Miss Martin—,723,mudfog-papers
Mr. Jennings Rodolph,Miss Martin,723,mudfog-papers
Mr. Jennings Rodolph,Harry,723,mudfog-papers
Mr. Jennings Rodolph,Don,723,mudfog-papers
Mr. Jennings Rodolph,Shame,723,mudfog-papers
Miss Martin,Mr. Jennings Rodolph,723,mudfog-papers
Miss Martin,Duet,723,mudfog-papers
Miss Martin,Mr. Jennings Rodolph,723,mudfog-papers
Miss Martin,Solo,723,mudfog-papers
Miss Martin,Miss Julia Montague,723,mudfog-papers
Miss Martin,Miss Martin—,723,mudfog-papers
Miss Martin,Harry,723,mudfog-papers
Miss Martin,Don,723,mudfog-papers
Miss Martin,Shame,723,mudfog-papers
Duet,Mr. Jennings Rodolph,723,mudfog-papers
Duet,Miss Martin,723,mudfog-papers
Duet,Mr. Jennings Rodolph,723,mudfog-papers
Duet,Solo,723,mudfog-papers
Duet,Miss Julia Montague,723,mudfog-papers
Duet,Miss Martin—,723,mudfog-papers
Duet,Miss Martin,723,mudfog-papers
Duet,Harry,723,mudfog-papers
Duet,Don,723,mudfog-papers
Duet,Shame,723,mudfog-papers
Mr. Jennings Rodolph,Miss Martin,723,mudfog-papers
Mr. Jennings Rodolph,Duet,723,mudfog-papers
Mr. Jennings Rodolph,Solo,723,mudfog-papers
Mr. Jennings Rodolph,Miss Julia Montague,723,mudfog-papers
Mr. Jennings Rodolph,Miss Martin—,723,mudfog-papers
Mr. Jennings Rodolph,Miss Martin,723,mudfog-papers
Mr. Jennings Rodolph,Harry,723,mudfog-papers
Mr. Jennings Rodolph,Don,723,mudfog-papers
Mr. Jennings Rodolph,Shame,723,mudfog-papers
Solo,Mr. Jennings Rodolph,723,mudfog-papers
Solo,Miss Martin,723,mudfog-papers
Solo,Duet,723,mudfog-papers
Solo,Mr. Jennings Rodolph,723,mudfog-papers
Solo,Miss Julia Montague,723,mudfog-papers
Solo,Miss Martin—,723,mudfog-papers
Solo,Miss Martin,723,mudfog-papers
Solo,Harry,723,mudfog-papers
Solo,Don,723,mudfog-papers
Solo,Shame,723,mudfog-papers
Miss Julia Montague,Mr. Jennings Rodolph,723,mudfog-papers
Miss Julia Montague,Miss Martin,723,mudfog-papers
Miss Julia Montague,Duet,723,mudfog-papers
Miss Julia Montague,Mr. Jennings Rodolph,723,mudfog-papers
Miss Julia Montague,Solo,723,mudfog-papers
Miss Julia Montague,Miss Martin—,723,mudfog-papers
Miss Julia Montague,Miss Martin,723,mudfog-papers
Miss Julia Montague,Harry,723,mudfog-papers
Miss Julia Montague,Don,723,mudfog-papers
Miss Julia Montague,Shame,723,mudfog-papers
Miss Martin—,Mr. Jennings Rodolph,723,mudfog-papers
Miss Martin—,Miss Martin,723,mudfog-papers
Miss Martin—,Duet,723,mudfog-papers
Miss Martin—,Mr. Jennings Rodolph,723,mudfog-papers
Miss Martin—,Solo,723,mudfog-papers
Miss Martin—,Miss Julia Montague,723,mudfog-papers
Miss Martin—,Miss Martin,723,mudfog-papers
Miss Martin—,Harry,723,mudfog-papers
Miss Martin—,Don,723,mudfog-papers
Miss Martin—,Shame,723,mudfog-papers
Miss Martin,Mr. Jennings Rodolph,723,mudfog-papers
Miss Martin,Duet,723,mudfog-papers
Miss Martin,Mr. Jennings Rodolph,723,mudfog-papers
Miss Martin,Solo,723,mudfog-papers
Miss Martin,Miss Julia Montague,723,mudfog-papers
Miss Martin,Miss Martin—,723,mudfog-papers
Miss Martin,Harry,723,mudfog-papers
Miss Martin,Don,723,mudfog-papers
Miss Martin,Shame,723,mudfog-papers
Harry,Mr. Jennings Rodolph,723,mudfog-papers
Harry,Miss Martin,723,mudfog-papers
Harry,Duet,723,mudfog-papers
Harry,Mr. Jennings Rodolph,723,mudfog-papers
Harry,Solo,723,mudfog-papers
Harry,Miss Julia Montague,723,mudfog-papers
Harry,Miss Martin—,723,mudfog-papers
Harry,Miss Martin,723,mudfog-papers
Harry,Don,723,mudfog-papers
Harry,Shame,723,mudfog-papers
Don,Mr. Jennings Rodolph,723,mudfog-papers
Don,Miss Martin,723,mudfog-papers
Don,Duet,723,mudfog-papers
Don,Mr. Jennings Rodolph,723,mudfog-papers
Don,Solo,723,mudfog-papers
Don,Miss Julia Montague,723,mudfog-papers
Don,Miss Martin—,723,mudfog-papers
Don,Miss Martin,723,mudfog-papers
Don,Harry,723,mudfog-papers
Don,Shame,723,mudfog-papers
Shame,Mr. Jennings Rodolph,723,mudfog-papers
Shame,Miss Martin,723,mudfog-papers
Shame,Duet,723,mudfog-papers
Shame,Mr. Jennings Rodolph,723,mudfog-papers
Shame,Solo,723,mudfog-papers
Shame,Miss Julia Montague,723,mudfog-papers
Shame,Miss Martin—,723,mudfog-papers
Shame,Miss Martin,723,mudfog-papers
Shame,Harry,723,mudfog-papers
Shame,Don,723,mudfog-papers
Martin,Mr. Jennings Rodolph,730,mudfog-papers
Martin,Miss Amelia Martin,730,mudfog-papers
Martin,Mr. Jennings Rodolph,730,mudfog-papers
Martin,Miss Martin,730,mudfog-papers
Mr. Jennings Rodolph,Martin,730,mudfog-papers
Mr. Jennings Rodolph,Miss Amelia Martin,730,mudfog-papers
Mr. Jennings Rodolph,Miss Martin,730,mudfog-papers
Miss Amelia Martin,Martin,730,mudfog-papers
Miss Amelia Martin,Mr. Jennings Rodolph,730,mudfog-papers
Miss Amelia Martin,Mr. Jennings Rodolph,730,mudfog-papers
Miss Amelia Martin,Miss Martin,730,mudfog-papers
Mr. Jennings Rodolph,Martin,730,mudfog-papers
Mr. Jennings Rodolph,Miss Amelia Martin,730,mudfog-papers
Mr. Jennings Rodolph,Miss Martin,730,mudfog-papers
Miss Martin,Martin,730,mudfog-papers
Miss Martin,Mr. Jennings Rodolph,730,mudfog-papers
Miss Martin,Miss Amelia Martin,730,mudfog-papers
Miss Martin,Mr. Jennings Rodolph,730,mudfog-papers
Signor Billsmethi,Gray,733,mudfog-papers
Gray,Signor Billsmethi,733,mudfog-papers
Gray,Signor Billsmethi,733,mudfog-papers
Gray,Signor Billsmethi,733,mudfog-papers
Gray,Signor Billsmethi,733,mudfog-papers
Signor Billsmethi,Gray,733,mudfog-papers
Signor Billsmethi,Gray,733,mudfog-papers
Signor Billsmethi,Gray,733,mudfog-papers
Such,Signor Billsmethi,734,mudfog-papers
Such,Mr. Augustus Cooper,734,mudfog-papers
Such,Signor Billsmethi,734,mudfog-papers
Signor Billsmethi,Such,734,mudfog-papers
Signor Billsmethi,Mr. Augustus Cooper,734,mudfog-papers
Mr. Augustus Cooper,Such,734,mudfog-papers
Mr. Augustus Cooper,Signor Billsmethi,734,mudfog-papers
Mr. Augustus Cooper,Signor Billsmethi,734,mudfog-papers
Signor Billsmethi,Such,734,mudfog-papers
Signor Billsmethi,Mr. Augustus Cooper,734,mudfog-papers
Mr. Augustus Cooper,Signor Billsmethi,735,mudfog-papers
Mr. Augustus Cooper,Signor Billsmethi,735,mudfog-papers
Mr. Augustus Cooper,Signor Billsmethi,735,mudfog-papers
Mr. Augustus Cooper,Signor Billsmethi,735,mudfog-papers
Signor Billsmethi,Mr. Augustus Cooper,735,mudfog-papers
Signor Billsmethi,Mr. Augustus Cooper,735,mudfog-papers
Signor Billsmethi,Mr. Augustus Cooper,735,mudfog-papers
Signor Billsmethi,Mr. Augustus Cooper,735,mudfog-papers
Mr. Cooper,Signor Billsmethi,736,mudfog-papers
Mr. Cooper,Mr. Cooper—I,736,mudfog-papers
Signor Billsmethi,Mr. Cooper,736,mudfog-papers
Signor Billsmethi,Mr. Cooper—I,736,mudfog-papers
Mr. Cooper—I,Mr. Cooper,736,mudfog-papers
Mr. Cooper—I,Signor Billsmethi,736,mudfog-papers
Don,Signor Billsmethi,740,mudfog-papers
Don,Mr. Cooper,740,mudfog-papers
Don,Signor Billsmethi,740,mudfog-papers
Don,Mr. Cooper—Mr,740,mudfog-papers
Don,Cooper,740,mudfog-papers
Don,Mr. Cooper,740,mudfog-papers
Don,Billsmethi,740,mudfog-papers
Signor Billsmethi,Don,740,mudfog-papers
Signor Billsmethi,Mr. Cooper,740,mudfog-papers
Signor Billsmethi,Don,740,mudfog-papers
Signor Billsmethi,Mr. Cooper—Mr,740,mudfog-papers
Signor Billsmethi,Cooper,740,mudfog-papers
Signor Billsmethi,Mr. Cooper,740,mudfog-papers
Signor Billsmethi,Billsmethi,740,mudfog-papers
Mr. Cooper,Don,740,mudfog-papers
Mr. Cooper,Signor Billsmethi,740,mudfog-papers
Mr. Cooper,Don,740,mudfog-papers
Mr. Cooper,Signor Billsmethi,740,mudfog-papers
Mr. Cooper,Mr. Cooper—Mr,740,mudfog-papers
Mr. Cooper,Cooper,740,mudfog-papers
Mr. Cooper,Billsmethi,740,mudfog-papers
Don,Signor Billsmethi,740,mudfog-papers
Don,Mr. Cooper,740,mudfog-papers
Don,Signor Billsmethi,740,mudfog-papers
Don,Mr. Cooper—Mr,740,mudfog-papers
Don,Cooper,740,mudfog-papers
Don,Mr. Cooper,740,mudfog-papers
Don,Billsmethi,740,mudfog-papers
Signor Billsmethi,Don,740,mudfog-papers
Signor Billsmethi,Mr. Cooper,740,mudfog-papers
Signor Billsmethi,Don,740,mudfog-papers
Signor Billsmethi,Mr. Cooper—Mr,740,mudfog-papers
Signor Billsmethi,Cooper,740,mudfog-papers
Signor Billsmethi,Mr. Cooper,740,mudfog-papers
Signor Billsmethi,Billsmethi,740,mudfog-papers
Mr. Cooper—Mr,Don,740,mudfog-papers
Mr. Cooper—Mr,Signor Billsmethi,740,mudfog-papers
Mr. Cooper—Mr,Mr. Cooper,740,mudfog-papers
Mr. Cooper—Mr,Don,740,mudfog-papers
Mr. Cooper—Mr,Signor Billsmethi,740,mudfog-papers
Mr. Cooper—Mr,Cooper,740,mudfog-papers
Mr. Cooper—Mr,Mr. Cooper,740,mudfog-papers
Mr. Cooper—Mr,Billsmethi,740,mudfog-papers
Cooper,Don,740,mudfog-papers
Cooper,Signor Billsmethi,740,mudfog-papers
Cooper,Mr. Cooper,740,mudfog-papers
Cooper,Don,740,mudfog-papers
Cooper,Signor Billsmethi,740,mudfog-papers
Cooper,Mr. Cooper—Mr,740,mudfog-papers
Cooper,Mr. Cooper,740,mudfog-papers
Cooper,Billsmethi,740,mudfog-papers
Mr. Cooper,Don,740,mudfog-papers
Mr. Cooper,Signor Billsmethi,740,mudfog-papers
Mr. Cooper,Don,740,mudfog-papers
Mr. Cooper,Signor Billsmethi,740,mudfog-papers
Mr. Cooper,Mr. Cooper—Mr,740,mudfog-papers
Mr. Cooper,Cooper,740,mudfog-papers
Mr. Cooper,Billsmethi,740,mudfog-papers
Billsmethi,Don,740,mudfog-papers
Billsmethi,Signor Billsmethi,740,mudfog-papers
Billsmethi,Mr. Cooper,740,mudfog-papers
Billsmethi,Don,740,mudfog-papers
Billsmethi,Signor Billsmethi,740,mudfog-papers
Billsmethi,Mr. Cooper—Mr,740,mudfog-papers
Billsmethi,Cooper,740,mudfog-papers
Billsmethi,Mr. Cooper,740,mudfog-papers
Signor Bellsmethi,Mr. Augustus Cooper,741,mudfog-papers
Signor Bellsmethi,Mr. Cooper,741,mudfog-papers
Signor Bellsmethi,Signor Billsmethi,741,mudfog-papers
Signor Bellsmethi,Mr. Cooper,741,mudfog-papers
Signor Bellsmethi,Mr. Cooper,741,mudfog-papers
Mr. Augustus Cooper,Signor Bellsmethi,741,mudfog-papers
Mr. Augustus Cooper,Mr. Cooper,741,mudfog-papers
Mr. Augustus Cooper,Signor Billsmethi,741,mudfog-papers
Mr. Augustus Cooper,Mr. Cooper,741,mudfog-papers
Mr. Augustus Cooper,Mr. Cooper,741,mudfog-papers
Mr. Cooper,Signor Bellsmethi,741,mudfog-papers
Mr. Cooper,Mr. Augustus Cooper,741,mudfog-papers
Mr. Cooper,Signor Billsmethi,741,mudfog-papers
Signor Billsmethi,Signor Bellsmethi,741,mudfog-papers
Signor Billsmethi,Mr. Augustus Cooper,741,mudfog-papers
Signor Billsmethi,Mr. Cooper,741,mudfog-papers
Signor Billsmethi,Mr. Cooper,741,mudfog-papers
Signor Billsmethi,Mr. Cooper,741,mudfog-papers
Mr. Cooper,Signor Bellsmethi,741,mudfog-papers
Mr. Cooper,Mr. Augustus Cooper,741,mudfog-papers
Mr. Cooper,Signor Billsmethi,741,mudfog-papers
Mr. Cooper,Signor Bellsmethi,741,mudfog-papers
Mr. Cooper,Mr. Augustus Cooper,741,mudfog-papers
Mr. Cooper,Signor Billsmethi,741,mudfog-papers
Mr. Augustus Cooper,Signor Billsmethi,742,mudfog-papers
Mr. Augustus Cooper,Miss Billsmethi,742,mudfog-papers
Mr. Augustus Cooper,Signor Billsmethi,742,mudfog-papers
Mr. Augustus Cooper,Miss Billsmethi,742,mudfog-papers
Mr. Augustus Cooper,Master Billsmethi,742,mudfog-papers
Mr. Augustus Cooper,Signor Billsmethi,742,mudfog-papers
Mr. Augustus Cooper,Master Billsmethi,742,mudfog-papers
Mr. Augustus Cooper,Signor Billsmethi,742,mudfog-papers
Mr. Augustus Cooper,Master Billsmethi,742,mudfog-papers
Mr. Augustus Cooper,Master Billsmethi,742,mudfog-papers
Mr. Augustus Cooper,Miss Billsmethi,742,mudfog-papers
Signor Billsmethi,Mr. Augustus Cooper,742,mudfog-papers
Signor Billsmethi,Miss Billsmethi,742,mudfog-papers
Signor Billsmethi,Mr. Augustus Cooper,742,mudfog-papers
Signor Billsmethi,Miss Billsmethi,742,mudfog-papers
Signor Billsmethi,Master Billsmethi,742,mudfog-papers
Signor Billsmethi,Master Billsmethi,742,mudfog-papers
Signor Billsmethi,Master Billsmethi,742,mudfog-papers
Signor Billsmethi,Mr. Augustus Cooper,742,mudfog-papers
Signor Billsmethi,Master Billsmethi,742,mudfog-papers
Signor Billsmethi,Miss Billsmethi,742,mudfog-papers
Signor Billsmethi,Mr. Augustus Cooper,742,mudfog-papers
Signor Billsmethi,Mr. Augustus Cooper,742,mudfog-papers
Miss Billsmethi,Mr. Augustus Cooper,742,mudfog-papers
Miss Billsmethi,Signor Billsmethi,742,mudfog-papers
Miss Billsmethi,Mr. Augustus Cooper,742,mudfog-papers
Miss Billsmethi,Signor Billsmethi,742,mudfog-papers
Miss Billsmethi,Master Billsmethi,742,mudfog-papers
Miss Billsmethi,Signor Billsmethi,742,mudfog-papers
Miss Billsmethi,Master Billsmethi,742,mudfog-papers
Miss Billsmethi,Signor Billsmethi,742,mudfog-papers
Miss Billsmethi,Master Billsmethi,742,mudfog-papers
Miss Billsmethi,Mr. Augustus Cooper,742,mudfog-papers
Miss Billsmethi,Master Billsmethi,742,mudfog-papers
Miss Billsmethi,Mr. Augustus Cooper,742,mudfog-papers
Miss Billsmethi,Mr. Augustus Cooper,742,mudfog-papers
Mr. Augustus Cooper,Signor Billsmethi,742,mudfog-papers
Mr. Augustus Cooper,Miss Billsmethi,742,mudfog-papers
Mr. Augustus Cooper,Signor Billsmethi,742,mudfog-papers
Mr. Augustus Cooper,Miss Billsmethi,742,mudfog-papers
Mr. Augustus Cooper,Master Billsmethi,742,mudfog-papers
Mr. Augustus Cooper,Signor Billsmethi,742,mudfog-papers
Mr. Augustus Cooper,Master Billsmethi,742,mudfog-papers
Mr. Augustus Cooper,Signor Billsmethi,742,mudfog-papers
Mr. Augustus Cooper,Master Billsmethi,742,mudfog-papers
Mr. Augustus Cooper,Master Billsmethi,742,mudfog-papers
Mr. Augustus Cooper,Miss Billsmethi,742,mudfog-papers
Signor Billsmethi,Mr. Augustus Cooper,742,mudfog-papers
Signor Billsmethi,Miss Billsmethi,742,mudfog-papers
Signor Billsmethi,Mr. Augustus Cooper,742,mudfog-papers
Signor Billsmethi,Miss Billsmethi,742,mudfog-papers
Signor Billsmethi,Master Billsmethi,742,mudfog-papers
Signor Billsmethi,Master Billsmethi,742,mudfog-papers
Signor Billsmethi,Master Billsmethi,742,mudfog-papers
Signor Billsmethi,Mr. Augustus Cooper,742,mudfog-papers
Signor Billsmethi,Master Billsmethi,742,mudfog-papers
Signor Billsmethi,Miss Billsmethi,742,mudfog-papers
Signor Billsmethi,Mr. Augustus Cooper,742,mudfog-papers
Signor Billsmethi,Mr. Augustus Cooper,742,mudfog-papers
Miss Billsmethi,Mr. Augustus Cooper,742,mudfog-papers
Miss Billsmethi,Signor Billsmethi,742,mudfog-papers
Miss Billsmethi,Mr. Augustus Cooper,742,mudfog-papers
Miss Billsmethi,Signor Billsmethi,742,mudfog-papers
Miss Billsmethi,Master Billsmethi,742,mudfog-papers
Miss Billsmethi,Signor Billsmethi,742,mudfog-papers
Miss Billsmethi,Master Billsmethi,742,mudfog-papers
Miss Billsmethi,Signor Billsmethi,742,mudfog-papers
Miss Billsmethi,Master Billsmethi,742,mudfog-papers
Miss Billsmethi,Mr. Augustus Cooper,742,mudfog-papers
Miss Billsmethi,Master Billsmethi,742,mudfog-papers
Miss Billsmethi,Mr. Augustus Cooper,742,mudfog-papers
Miss Billsmethi,Mr. Augustus Cooper,742,mudfog-papers
Master Billsmethi,Mr. Augustus Cooper,742,mudfog-papers
Master Billsmethi,Signor Billsmethi,742,mudfog-papers
Master Billsmethi,Miss Billsmethi,742,mudfog-papers
Master Billsmethi,Mr. Augustus Cooper,742,mudfog-papers
Master Billsmethi,Signor Billsmethi,742,mudfog-papers
Master Billsmethi,Miss Billsmethi,742,mudfog-papers
Master Billsmethi,Signor Billsmethi,742,mudfog-papers
Master Billsmethi,Signor Billsmethi,742,mudfog-papers
Master Billsmethi,Mr. Augustus Cooper,742,mudfog-papers
Master Billsmethi,Miss Billsmethi,742,mudfog-papers
Master Billsmethi,Mr. Augustus Cooper,742,mudfog-papers
Master Billsmethi,Mr. Augustus Cooper,742,mudfog-papers
Signor Billsmethi,Mr. Augustus Cooper,742,mudfog-papers
Signor Billsmethi,Miss Billsmethi,742,mudfog-papers
Signor Billsmethi,Mr. Augustus Cooper,742,mudfog-papers
Signor Billsmethi,Miss Billsmethi,742,mudfog-papers
Signor Billsmethi,Master Billsmethi,742,mudfog-papers
Signor Billsmethi,Master Billsmethi,742,mudfog-papers
Signor Billsmethi,Master Billsmethi,742,mudfog-papers
Signor Billsmethi,Mr. Augustus Cooper,742,mudfog-papers
Signor Billsmethi,Master Billsmethi,742,mudfog-papers
Signor Billsmethi,Miss Billsmethi,742,mudfog-papers
Signor Billsmethi,Mr. Augustus Cooper,742,mudfog-papers
Signor Billsmethi,Mr. Augustus Cooper,742,mudfog-papers
Master Billsmethi,Mr. Augustus Cooper,742,mudfog-papers
Master Billsmethi,Signor Billsmethi,742,mudfog-papers
Master Billsmethi,Miss Billsmethi,742,mudfog-papers
Master Billsmethi,Mr. Augustus Cooper,742,mudfog-papers
Master Billsmethi,Signor Billsmethi,742,mudfog-papers
Master Billsmethi,Miss Billsmethi,742,mudfog-papers
Master Billsmethi,Signor Billsmethi,742,mudfog-papers
Master Billsmethi,Signor Billsmethi,742,mudfog-papers
Master Billsmethi,Mr. Augustus Cooper,742,mudfog-papers
Master Billsmethi,Miss Billsmethi,742,mudfog-papers
Master Billsmethi,Mr. Augustus Cooper,742,mudfog-papers
Master Billsmethi,Mr. Augustus Cooper,742,mudfog-papers
Signor Billsmethi,Mr. Augustus Cooper,742,mudfog-papers
Signor Billsmethi,Miss Billsmethi,742,mudfog-papers
Signor Billsmethi,Mr. Augustus Cooper,742,mudfog-papers
Signor Billsmethi,Miss Billsmethi,742,mudfog-papers
Signor Billsmethi,Master Billsmethi,742,mudfog-papers
Signor Billsmethi,Master Billsmethi,742,mudfog-papers
Signor Billsmethi,Master Billsmethi,742,mudfog-papers
Signor Billsmethi,Mr. Augustus Cooper,742,mudfog-papers
Signor Billsmethi,Master Billsmethi,742,mudfog-papers
Signor Billsmethi,Miss Billsmethi,742,mudfog-papers
Signor Billsmethi,Mr. Augustus Cooper,742,mudfog-papers
Signor Billsmethi,Mr. Augustus Cooper,742,mudfog-papers
Master Billsmethi,Mr. Augustus Cooper,742,mudfog-papers
Master Billsmethi,Signor Billsmethi,742,mudfog-papers
Master Billsmethi,Miss Billsmethi,742,mudfog-papers
Master Billsmethi,Mr. Augustus Cooper,742,mudfog-papers
Master Billsmethi,Signor Billsmethi,742,mudfog-papers
Master Billsmethi,Miss Billsmethi,742,mudfog-papers
Master Billsmethi,Signor Billsmethi,742,mudfog-papers
Master Billsmethi,Signor Billsmethi,742,mudfog-papers
Master Billsmethi,Mr. Augustus Cooper,742,mudfog-papers
Master Billsmethi,Miss Billsmethi,742,mudfog-papers
Master Billsmethi,Mr. Augustus Cooper,742,mudfog-papers
Master Billsmethi,Mr. Augustus Cooper,742,mudfog-papers
Mr. Augustus Cooper,Signor Billsmethi,742,mudfog-papers
Mr. Augustus Cooper,Miss Billsmethi,742,mudfog-papers
Mr. Augustus Cooper,Signor Billsmethi,742,mudfog-papers
Mr. Augustus Cooper,Miss Billsmethi,742,mudfog-papers
Mr. Augustus Cooper,Master Billsmethi,742,mudfog-papers
Mr. Augustus Cooper,Signor Billsmethi,742,mudfog-papers
Mr. Augustus Cooper,Master Billsmethi,742,mudfog-papers
Mr. Augustus Cooper,Signor Billsmethi,742,mudfog-papers
Mr. Augustus Cooper,Master Billsmethi,742,mudfog-papers
Mr. Augustus Cooper,Master Billsmethi,742,mudfog-papers
Mr. Augustus Cooper,Miss Billsmethi,742,mudfog-papers
Master Billsmethi,Mr. Augustus Cooper,742,mudfog-papers
Master Billsmethi,Signor Billsmethi,742,mudfog-papers
Master Billsmethi,Miss Billsmethi,742,mudfog-papers
Master Billsmethi,Mr. Augustus Cooper,742,mudfog-papers
Master Billsmethi,Signor Billsmethi,742,mudfog-papers
Master Billsmethi,Miss Billsmethi,742,mudfog-papers
Master Billsmethi,Signor Billsmethi,742,mudfog-papers
Master Billsmethi,Signor Billsmethi,742,mudfog-papers
Master Billsmethi,Mr. Augustus Cooper,742,mudfog-papers
Master Billsmethi,Miss Billsmethi,742,mudfog-papers
Master Billsmethi,Mr. Augustus Cooper,742,mudfog-papers
Master Billsmethi,Mr. Augustus Cooper,742,mudfog-papers
Miss Billsmethi,Mr. Augustus Cooper,742,mudfog-papers
Miss Billsmethi,Signor Billsmethi,742,mudfog-papers
Miss Billsmethi,Mr. Augustus Cooper,742,mudfog-papers
Miss Billsmethi,Signor Billsmethi,742,mudfog-papers
Miss Billsmethi,Master Billsmethi,742,mudfog-papers
Miss Billsmethi,Signor Billsmethi,742,mudfog-papers
Miss Billsmethi,Master Billsmethi,742,mudfog-papers
Miss Billsmethi,Signor Billsmethi,742,mudfog-papers
Miss Billsmethi,Master Billsmethi,742,mudfog-papers
Miss Billsmethi,Mr. Augustus Cooper,742,mudfog-papers
Miss Billsmethi,Master Billsmethi,742,mudfog-papers
Miss Billsmethi,Mr. Augustus Cooper,742,mudfog-papers
Miss Billsmethi,Mr. Augustus Cooper,742,mudfog-papers
Mr. Augustus Cooper,Signor Billsmethi,742,mudfog-papers
Mr. Augustus Cooper,Miss Billsmethi,742,mudfog-papers
Mr. Augustus Cooper,Signor Billsmethi,742,mudfog-papers
Mr. Augustus Cooper,Miss Billsmethi,742,mudfog-papers
Mr. Augustus Cooper,Master Billsmethi,742,mudfog-papers
Mr. Augustus Cooper,Signor Billsmethi,742,mudfog-papers
Mr. Augustus Cooper,Master Billsmethi,742,mudfog-papers
Mr. Augustus Cooper,Signor Billsmethi,742,mudfog-papers
Mr. Augustus Cooper,Master Billsmethi,742,mudfog-papers
Mr. Augustus Cooper,Master Billsmethi,742,mudfog-papers
Mr. Augustus Cooper,Miss Billsmethi,742,mudfog-papers
Mr. Augustus Cooper,Signor Billsmethi,742,mudfog-papers
Mr. Augustus Cooper,Miss Billsmethi,742,mudfog-papers
Mr. Augustus Cooper,Signor Billsmethi,742,mudfog-papers
Mr. Augustus Cooper,Miss Billsmethi,742,mudfog-papers
Mr. Augustus Cooper,Master Billsmethi,742,mudfog-papers
Mr. Augustus Cooper,Signor Billsmethi,742,mudfog-papers
Mr. Augustus Cooper,Master Billsmethi,742,mudfog-papers
Mr. Augustus Cooper,Signor Billsmethi,742,mudfog-papers
Mr. Augustus Cooper,Master Billsmethi,742,mudfog-papers
Mr. Augustus Cooper,Master Billsmethi,742,mudfog-papers
Mr. Augustus Cooper,Miss Billsmethi,742,mudfog-papers
Weeks,Mr. Augustus Cooper,743,mudfog-papers
Weeks,Miss Billsmethi,743,mudfog-papers
Weeks,Miss Billsmethi,743,mudfog-papers
Weeks,Signor Billsmethi,743,mudfog-papers
Mr. Augustus Cooper,Weeks,743,mudfog-papers
Mr. Augustus Cooper,Miss Billsmethi,743,mudfog-papers
Mr. Augustus Cooper,Miss Billsmethi,743,mudfog-papers
Mr. Augustus Cooper,Signor Billsmethi,743,mudfog-papers
Miss Billsmethi,Weeks,743,mudfog-papers
Miss Billsmethi,Mr. Augustus Cooper,743,mudfog-papers
Miss Billsmethi,Signor Billsmethi,743,mudfog-papers
Miss Billsmethi,Weeks,743,mudfog-papers
Miss Billsmethi,Mr. Augustus Cooper,743,mudfog-papers
Miss Billsmethi,Signor Billsmethi,743,mudfog-papers
Signor Billsmethi,Weeks,743,mudfog-papers
Signor Billsmethi,Mr. Augustus Cooper,743,mudfog-papers
Signor Billsmethi,Miss Billsmethi,743,mudfog-papers
Signor Billsmethi,Miss Billsmethi,743,mudfog-papers
Mr. Augustus Cooper,Miss Billsmethi,745,mudfog-papers
Mr. Augustus Cooper,Miss Billsmethi,745,mudfog-papers
Mr. Augustus Cooper,Mr. Cooper,745,mudfog-papers
Mr. Augustus Cooper,Signor Billsmethi,745,mudfog-papers
Mr. Augustus Cooper,Signor Billsmethi,745,mudfog-papers
Miss Billsmethi,Mr. Augustus Cooper,745,mudfog-papers
Miss Billsmethi,Mr. Augustus Cooper,745,mudfog-papers
Miss Billsmethi,Mr. Augustus Cooper,745,mudfog-papers
Miss Billsmethi,Mr. Cooper,745,mudfog-papers
Miss Billsmethi,Mr. Augustus Cooper,745,mudfog-papers
Miss Billsmethi,Signor Billsmethi,745,mudfog-papers
Miss Billsmethi,Mr. Augustus Cooper,745,mudfog-papers
Miss Billsmethi,Mr. Augustus Cooper,745,mudfog-papers
Miss Billsmethi,Mr. Augustus Cooper,745,mudfog-papers
Miss Billsmethi,Signor Billsmethi,745,mudfog-papers
Miss Billsmethi,Mr. Augustus Cooper,745,mudfog-papers
Mr. Augustus Cooper,Miss Billsmethi,745,mudfog-papers
Mr. Augustus Cooper,Miss Billsmethi,745,mudfog-papers
Mr. Augustus Cooper,Mr. Cooper,745,mudfog-papers
Mr. Augustus Cooper,Signor Billsmethi,745,mudfog-papers
Mr. Augustus Cooper,Signor Billsmethi,745,mudfog-papers
Miss Billsmethi,Mr. Augustus Cooper,745,mudfog-papers
Miss Billsmethi,Mr. Augustus Cooper,745,mudfog-papers
Miss Billsmethi,Mr. Augustus Cooper,745,mudfog-papers
Miss Billsmethi,Mr. Cooper,745,mudfog-papers
Miss Billsmethi,Mr. Augustus Cooper,745,mudfog-papers
Miss Billsmethi,Signor Billsmethi,745,mudfog-papers
Miss Billsmethi,Mr. Augustus Cooper,745,mudfog-papers
Miss Billsmethi,Mr. Augustus Cooper,745,mudfog-papers
Miss Billsmethi,Mr. Augustus Cooper,745,mudfog-papers
Miss Billsmethi,Signor Billsmethi,745,mudfog-papers
Miss Billsmethi,Mr. Augustus Cooper,745,mudfog-papers
Mr. Augustus Cooper,Miss Billsmethi,745,mudfog-papers
Mr. Augustus Cooper,Miss Billsmethi,745,mudfog-papers
Mr. Augustus Cooper,Mr. Cooper,745,mudfog-papers
Mr. Augustus Cooper,Signor Billsmethi,745,mudfog-papers
Mr. Augustus Cooper,Signor Billsmethi,745,mudfog-papers
Mr. Cooper,Mr. Augustus Cooper,745,mudfog-papers
Mr. Cooper,Miss Billsmethi,745,mudfog-papers
Mr. Cooper,Mr. Augustus Cooper,745,mudfog-papers
Mr. Cooper,Miss Billsmethi,745,mudfog-papers
Mr. Cooper,Mr. Augustus Cooper,745,mudfog-papers
Mr. Cooper,Mr. Augustus Cooper,745,mudfog-papers
Mr. Cooper,Signor Billsmethi,745,mudfog-papers
Mr. Cooper,Mr. Augustus Cooper,745,mudfog-papers
Mr. Cooper,Mr. Augustus Cooper,745,mudfog-papers
Mr. Cooper,Mr. Augustus Cooper,745,mudfog-papers
Mr. Cooper,Signor Billsmethi,745,mudfog-papers
Mr. Cooper,Mr. Augustus Cooper,745,mudfog-papers
Mr. Augustus Cooper,Miss Billsmethi,745,mudfog-papers
Mr. Augustus Cooper,Miss Billsmethi,745,mudfog-papers
Mr. Augustus Cooper,Mr. Cooper,745,mudfog-papers
Mr. Augustus Cooper,Signor Billsmethi,745,mudfog-papers
Mr. Augustus Cooper,Signor Billsmethi,745,mudfog-papers
Signor Billsmethi,Mr. Augustus Cooper,745,mudfog-papers
Signor Billsmethi,Miss Billsmethi,745,mudfog-papers
Signor Billsmethi,Mr. Augustus Cooper,745,mudfog-papers
Signor Billsmethi,Miss Billsmethi,745,mudfog-papers
Signor Billsmethi,Mr. Augustus Cooper,745,mudfog-papers
Signor Billsmethi,Mr. Cooper,745,mudfog-papers
Signor Billsmethi,Mr. Augustus Cooper,745,mudfog-papers
Signor Billsmethi,Mr. Augustus Cooper,745,mudfog-papers
Signor Billsmethi,Mr. Augustus Cooper,745,mudfog-papers
Signor Billsmethi,Mr. Augustus Cooper,745,mudfog-papers
Signor Billsmethi,Mr. Augustus Cooper,745,mudfog-papers
Mr. Augustus Cooper,Miss Billsmethi,745,mudfog-papers
Mr. Augustus Cooper,Miss Billsmethi,745,mudfog-papers
Mr. Augustus Cooper,Mr. Cooper,745,mudfog-papers
Mr. Augustus Cooper,Signor Billsmethi,745,mudfog-papers
Mr. Augustus Cooper,Signor Billsmethi,745,mudfog-papers
Mr. Augustus Cooper,Miss Billsmethi,745,mudfog-papers
Mr. Augustus Cooper,Miss Billsmethi,745,mudfog-papers
Mr. Augustus Cooper,Mr. Cooper,745,mudfog-papers
Mr. Augustus Cooper,Signor Billsmethi,745,mudfog-papers
Mr. Augustus Cooper,Signor Billsmethi,745,mudfog-papers
Mr. Augustus Cooper,Miss Billsmethi,745,mudfog-papers
Mr. Augustus Cooper,Miss Billsmethi,745,mudfog-papers
Mr. Augustus Cooper,Mr. Cooper,745,mudfog-papers
Mr. Augustus Cooper,Signor Billsmethi,745,mudfog-papers
Mr. Augustus Cooper,Signor Billsmethi,745,mudfog-papers
Signor Billsmethi,Mr. Augustus Cooper,745,mudfog-papers
Signor Billsmethi,Miss Billsmethi,745,mudfog-papers
Signor Billsmethi,Mr. Augustus Cooper,745,mudfog-papers
Signor Billsmethi,Miss Billsmethi,745,mudfog-papers
Signor Billsmethi,Mr. Augustus Cooper,745,mudfog-papers
Signor Billsmethi,Mr. Cooper,745,mudfog-papers
Signor Billsmethi,Mr. Augustus Cooper,745,mudfog-papers
Signor Billsmethi,Mr. Augustus Cooper,745,mudfog-papers
Signor Billsmethi,Mr. Augustus Cooper,745,mudfog-papers
Signor Billsmethi,Mr. Augustus Cooper,745,mudfog-papers
Signor Billsmethi,Mr. Augustus Cooper,745,mudfog-papers
Mr. Augustus Cooper,Miss Billsmethi,745,mudfog-papers
Mr. Augustus Cooper,Miss Billsmethi,745,mudfog-papers
Mr. Augustus Cooper,Mr. Cooper,745,mudfog-papers
Mr. Augustus Cooper,Signor Billsmethi,745,mudfog-papers
Mr. Augustus Cooper,Signor Billsmethi,745,mudfog-papers
Pythias,Damon,760,mudfog-papers
Pythias,Potter,760,mudfog-papers
Damon,Pythias,760,mudfog-papers
Damon,Pythias,760,mudfog-papers
Damon,Potter,760,mudfog-papers
Pythias,Damon,760,mudfog-papers
Pythias,Potter,760,mudfog-papers
Potter,Pythias,760,mudfog-papers
Potter,Damon,760,mudfog-papers
Potter,Pythias,760,mudfog-papers
Mr.,Thomas Potter,761,mudfog-papers
Mr.,Mr. Robert Smithers,761,mudfog-papers
Mr.,Mr. Thomas Potter,761,mudfog-papers
Mr.,Mr. Smithers,761,mudfog-papers
Mr.,Mr. Potter,761,mudfog-papers
Thomas Potter,Mr.,761,mudfog-papers
Thomas Potter,Mr. Robert Smithers,761,mudfog-papers
Thomas Potter,Mr. Thomas Potter,761,mudfog-papers
Thomas Potter,Mr. Smithers,761,mudfog-papers
Thomas Potter,Mr. Potter,761,mudfog-papers
Mr. Robert Smithers,Mr.,761,mudfog-papers
Mr. Robert Smithers,Thomas Potter,761,mudfog-papers
Mr. Robert Smithers,Mr. Thomas Potter,761,mudfog-papers
Mr. Robert Smithers,Mr. Smithers,761,mudfog-papers
Mr. Robert Smithers,Mr. Potter,761,mudfog-papers
Mr. Thomas Potter,Mr.,761,mudfog-papers
Mr. Thomas Potter,Thomas Potter,761,mudfog-papers
Mr. Thomas Potter,Mr. Robert Smithers,761,mudfog-papers
Mr. Thomas Potter,Mr. Smithers,761,mudfog-papers
Mr. Thomas Potter,Mr. Potter,761,mudfog-papers
Mr. Smithers,Mr.,761,mudfog-papers
Mr. Smithers,Thomas Potter,761,mudfog-papers
Mr. Smithers,Mr. Robert Smithers,761,mudfog-papers
Mr. Smithers,Mr. Thomas Potter,761,mudfog-papers
Mr. Smithers,Mr. Potter,761,mudfog-papers
Mr. Potter,Mr.,761,mudfog-papers
Mr. Potter,Thomas Potter,761,mudfog-papers
Mr. Potter,Mr. Robert Smithers,761,mudfog-papers
Mr. Potter,Mr. Thomas Potter,761,mudfog-papers
Mr. Potter,Mr. Smithers,761,mudfog-papers
Mr. Smithers,Mr. Potter,762,mudfog-papers
Mr. Potter,Mr. Smithers,762,mudfog-papers
Mr.,Potter,763,mudfog-papers
Mr.,Mr. Smithers,763,mudfog-papers
Potter,Mr.,763,mudfog-papers
Potter,Mr. Smithers,763,mudfog-papers
Mr. Smithers,Mr.,763,mudfog-papers
Mr. Smithers,Potter,763,mudfog-papers
Mr. Thomas Potter,Mr. Robert Smithers,764,mudfog-papers
Mr. Robert Smithers,Mr. Thomas Potter,764,mudfog-papers
Mr. Thomas Potter,Havannahs,765,mudfog-papers
Mr. Thomas Potter,Mr. Robert Smithers,765,mudfog-papers
Mr. Thomas Potter,Mr. Robert Smithers,765,mudfog-papers
Mr. Thomas Potter,Mr. Robert Smithers,765,mudfog-papers
Mr. Thomas Potter,Havannahs,765,mudfog-papers
Mr. Thomas Potter,Mr. Robert Smithers,765,mudfog-papers
Havannahs,Mr. Thomas Potter,765,mudfog-papers
Havannahs,Mr. Thomas Potter,765,mudfog-papers
Havannahs,Mr. Robert Smithers,765,mudfog-papers
Havannahs,Mr. Thomas Potter,765,mudfog-papers
Havannahs,Mr. Robert Smithers,765,mudfog-papers
Havannahs,Mr. Robert Smithers,765,mudfog-papers
Havannahs,Mr. Robert Smithers,765,mudfog-papers
Mr. Thomas Potter,Havannahs,765,mudfog-papers
Mr. Thomas Potter,Mr. Robert Smithers,765,mudfog-papers
Mr. Thomas Potter,Mr. Robert Smithers,765,mudfog-papers
Mr. Thomas Potter,Mr. Robert Smithers,765,mudfog-papers
Mr. Thomas Potter,Havannahs,765,mudfog-papers
Mr. Thomas Potter,Mr. Robert Smithers,765,mudfog-papers
Mr. Robert Smithers,Mr. Thomas Potter,765,mudfog-papers
Mr. Robert Smithers,Havannahs,765,mudfog-papers
Mr. Robert Smithers,Mr. Thomas Potter,765,mudfog-papers
Mr. Robert Smithers,Mr. Thomas Potter,765,mudfog-papers
Mr. Robert Smithers,Havannahs,765,mudfog-papers
Mr. Thomas Potter,Havannahs,765,mudfog-papers
Mr. Thomas Potter,Mr. Robert Smithers,765,mudfog-papers
Mr. Thomas Potter,Mr. Robert Smithers,765,mudfog-papers
Mr. Thomas Potter,Mr. Robert Smithers,765,mudfog-papers
Mr. Thomas Potter,Havannahs,765,mudfog-papers
Mr. Thomas Potter,Mr. Robert Smithers,765,mudfog-papers
Mr. Robert Smithers,Mr. Thomas Potter,765,mudfog-papers
Mr. Robert Smithers,Havannahs,765,mudfog-papers
Mr. Robert Smithers,Mr. Thomas Potter,765,mudfog-papers
Mr. Robert Smithers,Mr. Thomas Potter,765,mudfog-papers
Mr. Robert Smithers,Havannahs,765,mudfog-papers
Mr. Robert Smithers,Mr. Thomas Potter,765,mudfog-papers
Mr. Robert Smithers,Havannahs,765,mudfog-papers
Mr. Robert Smithers,Mr. Thomas Potter,765,mudfog-papers
Mr. Robert Smithers,Mr. Thomas Potter,765,mudfog-papers
Mr. Robert Smithers,Havannahs,765,mudfog-papers
Havannahs,Mr. Thomas Potter,765,mudfog-papers
Havannahs,Mr. Thomas Potter,765,mudfog-papers
Havannahs,Mr. Robert Smithers,765,mudfog-papers
Havannahs,Mr. Thomas Potter,765,mudfog-papers
Havannahs,Mr. Robert Smithers,765,mudfog-papers
Havannahs,Mr. Robert Smithers,765,mudfog-papers
Havannahs,Mr. Robert Smithers,765,mudfog-papers
Mr. Robert Smithers,Mr. Thomas Potter,765,mudfog-papers
Mr. Robert Smithers,Havannahs,765,mudfog-papers
Mr. Robert Smithers,Mr. Thomas Potter,765,mudfog-papers
Mr. Robert Smithers,Mr. Thomas Potter,765,mudfog-papers
Mr. Robert Smithers,Havannahs,765,mudfog-papers
Mr. Thomas Potter,Mr. Robert Smithers,766,mudfog-papers
Mr. Thomas Potter,Mr. Robert Smithers,766,mudfog-papers
Mr. Robert Smithers,Mr. Thomas Potter,766,mudfog-papers
Mr. Robert Smithers,Mr. Thomas Potter,766,mudfog-papers
Mr. Robert Smithers,Mr. Thomas Potter,767,mudfog-papers
Mr. Thomas Potter,Mr. Robert Smithers,767,mudfog-papers
Such,Havannahs,768,mudfog-papers
Such,Mr. Thomas Potter,768,mudfog-papers
Havannahs,Such,768,mudfog-papers
Havannahs,Mr. Thomas Potter,768,mudfog-papers
Mr. Thomas Potter,Such,768,mudfog-papers
Mr. Thomas Potter,Havannahs,768,mudfog-papers
Mr. Thomas Potter,Mr. Robert Smithers,771,mudfog-papers
Mr. Thomas Potter,Sir,771,mudfog-papers
Mr. Thomas Potter,Sir,771,mudfog-papers
Mr. Thomas Potter,Mr. Robert Smithers,771,mudfog-papers
Mr. Robert Smithers,Mr. Thomas Potter,771,mudfog-papers
Mr. Robert Smithers,Sir,771,mudfog-papers
Mr. Robert Smithers,Sir,771,mudfog-papers
Mr. Robert Smithers,Mr. Thomas Potter,771,mudfog-papers
Sir,Mr. Thomas Potter,771,mudfog-papers
Sir,Mr. Robert Smithers,771,mudfog-papers
Sir,Mr. Robert Smithers,771,mudfog-papers
Sir,Mr. Thomas Potter,771,mudfog-papers
Sir,Mr. Thomas Potter,771,mudfog-papers
Sir,Mr. Robert Smithers,771,mudfog-papers
Sir,Mr. Robert Smithers,771,mudfog-papers
Sir,Mr. Thomas Potter,771,mudfog-papers
Mr. Robert Smithers,Mr. Thomas Potter,771,mudfog-papers
Mr. Robert Smithers,Sir,771,mudfog-papers
Mr. Robert Smithers,Sir,771,mudfog-papers
Mr. Robert Smithers,Mr. Thomas Potter,771,mudfog-papers
Mr. Thomas Potter,Mr. Robert Smithers,771,mudfog-papers
Mr. Thomas Potter,Sir,771,mudfog-papers
Mr. Thomas Potter,Sir,771,mudfog-papers
Mr. Thomas Potter,Mr. Robert Smithers,771,mudfog-papers
Mr.,Robert Smithers,772,mudfog-papers
Mr.,Bramahs,772,mudfog-papers
Mr.,Mr. Thomas Potter,772,mudfog-papers
Mr.,Mr. Robert Smithers,772,mudfog-papers
Mr.,Mr. Thomas Potter,772,mudfog-papers
Mr.,Mr. Robert Smithers,772,mudfog-papers
Robert Smithers,Mr.,772,mudfog-papers
Robert Smithers,Bramahs,772,mudfog-papers
Robert Smithers,Mr. Thomas Potter,772,mudfog-papers
Robert Smithers,Mr. Robert Smithers,772,mudfog-papers
Robert Smithers,Mr. Thomas Potter,772,mudfog-papers
Robert Smithers,Mr. Robert Smithers,772,mudfog-papers
Bramahs,Mr.,772,mudfog-papers
Bramahs,Robert Smithers,772,mudfog-papers
Bramahs,Mr. Thomas Potter,772,mudfog-papers
Bramahs,Mr. Robert Smithers,772,mudfog-papers
Bramahs,Mr. Thomas Potter,772,mudfog-papers
Bramahs,Mr. Robert Smithers,772,mudfog-papers
Mr. Thomas Potter,Mr.,772,mudfog-papers
Mr. Thomas Potter,Robert Smithers,772,mudfog-papers
Mr. Thomas Potter,Bramahs,772,mudfog-papers
Mr. Thomas Potter,Mr. Robert Smithers,772,mudfog-papers
Mr. Thomas Potter,Mr. Robert Smithers,772,mudfog-papers
Mr. Robert Smithers,Mr.,772,mudfog-papers
Mr. Robert Smithers,Robert Smithers,772,mudfog-papers
Mr. Robert Smithers,Bramahs,772,mudfog-papers
Mr. Robert Smithers,Mr. Thomas Potter,772,mudfog-papers
Mr. Robert Smithers,Mr. Thomas Potter,772,mudfog-papers
Mr. Thomas Potter,Mr.,772,mudfog-papers
Mr. Thomas Potter,Robert Smithers,772,mudfog-papers
Mr. Thomas Potter,Bramahs,772,mudfog-papers
Mr. Thomas Potter,Mr. Robert Smithers,772,mudfog-papers
Mr. Thomas Potter,Mr. Robert Smithers,772,mudfog-papers
Mr. Robert Smithers,Mr.,772,mudfog-papers
Mr. Robert Smithers,Robert Smithers,772,mudfog-papers
Mr. Robert Smithers,Bramahs,772,mudfog-papers
Mr. Robert Smithers,Mr. Thomas Potter,772,mudfog-papers
Mr. Robert Smithers,Mr. Thomas Potter,772,mudfog-papers
Mr. Thomas Potter,Mr. Robert Smithers,773,mudfog-papers
Mr. Thomas Potter,Robert Smithers,773,mudfog-papers
Mr. Thomas Potter,Thomas Potter,773,mudfog-papers
Mr. Thomas Potter,Thomas Potter,773,mudfog-papers
Mr. Thomas Potter,Robert Smithers,773,mudfog-papers
Mr. Thomas Potter,Her Majesty,773,mudfog-papers
Mr. Thomas Potter,Mr. Thomas,773,mudfog-papers
Mr. Robert Smithers,Mr. Thomas Potter,773,mudfog-papers
Mr. Robert Smithers,Robert Smithers,773,mudfog-papers
Mr. Robert Smithers,Thomas Potter,773,mudfog-papers
Mr. Robert Smithers,Thomas Potter,773,mudfog-papers
Mr. Robert Smithers,Robert Smithers,773,mudfog-papers
Mr. Robert Smithers,Her Majesty,773,mudfog-papers
Mr. Robert Smithers,Mr. Thomas Potter,773,mudfog-papers
Mr. Robert Smithers,Mr. Thomas,773,mudfog-papers
Robert Smithers,Mr. Thomas Potter,773,mudfog-papers
Robert Smithers,Mr. Robert Smithers,773,mudfog-papers
Robert Smithers,Thomas Potter,773,mudfog-papers
Robert Smithers,Thomas Potter,773,mudfog-papers
Robert Smithers,Her Majesty,773,mudfog-papers
Robert Smithers,Mr. Thomas Potter,773,mudfog-papers
Robert Smithers,Mr. Thomas,773,mudfog-papers
Thomas Potter,Mr. Thomas Potter,773,mudfog-papers
Thomas Potter,Mr. Robert Smithers,773,mudfog-papers
Thomas Potter,Robert Smithers,773,mudfog-papers
Thomas Potter,Robert Smithers,773,mudfog-papers
Thomas Potter,Her Majesty,773,mudfog-papers
Thomas Potter,Mr. Thomas Potter,773,mudfog-papers
Thomas Potter,Mr. Thomas,773,mudfog-papers
Thomas Potter,Mr. Thomas Potter,773,mudfog-papers
Thomas Potter,Mr. Robert Smithers,773,mudfog-papers
Thomas Potter,Robert Smithers,773,mudfog-papers
Thomas Potter,Robert Smithers,773,mudfog-papers
Thomas Potter,Her Majesty,773,mudfog-papers
Thomas Potter,Mr. Thomas Potter,773,mudfog-papers
Thomas Potter,Mr. Thomas,773,mudfog-papers
Robert Smithers,Mr. Thomas Potter,773,mudfog-papers
Robert Smithers,Mr. Robert Smithers,773,mudfog-papers
Robert Smithers,Thomas Potter,773,mudfog-papers
Robert Smithers,Thomas Potter,773,mudfog-papers
Robert Smithers,Her Majesty,773,mudfog-papers
Robert Smithers,Mr. Thomas Potter,773,mudfog-papers
Robert Smithers,Mr. Thomas,773,mudfog-papers
Her Majesty,Mr. Thomas Potter,773,mudfog-papers
Her Majesty,Mr. Robert Smithers,773,mudfog-papers
Her Majesty,Robert Smithers,773,mudfog-papers
Her Majesty,Thomas Potter,773,mudfog-papers
Her Majesty,Thomas Potter,773,mudfog-papers
Her Majesty,Robert Smithers,773,mudfog-papers
Her Majesty,Mr. Thomas Potter,773,mudfog-papers
Her Majesty,Mr. Thomas,773,mudfog-papers
Mr. Thomas Potter,Mr. Robert Smithers,773,mudfog-papers
Mr. Thomas Potter,Robert Smithers,773,mudfog-papers
Mr. Thomas Potter,Thomas Potter,773,mudfog-papers
Mr. Thomas Potter,Thomas Potter,773,mudfog-papers
Mr. Thomas Potter,Robert Smithers,773,mudfog-papers
Mr. Thomas Potter,Her Majesty,773,mudfog-papers
Mr. Thomas Potter,Mr. Thomas,773,mudfog-papers
Mr. Thomas,Mr. Thomas Potter,773,mudfog-papers
Mr. Thomas,Mr. Robert Smithers,773,mudfog-papers
Mr. Thomas,Robert Smithers,773,mudfog-papers
Mr. Thomas,Thomas Potter,773,mudfog-papers
Mr. Thomas,Thomas Potter,773,mudfog-papers
Mr. Thomas,Robert Smithers,773,mudfog-papers
Mr. Thomas,Her Majesty,773,mudfog-papers
Mr. Thomas,Mr. Thomas Potter,773,mudfog-papers
Don,Hallo,782,mudfog-papers
Don,Bella,782,mudfog-papers
Hallo,Don,782,mudfog-papers
Hallo,Bella,782,mudfog-papers
Bella,Don,782,mudfog-papers
Bella,Hallo,782,mudfog-papers
Turn,Step,783,mudfog-papers
Step,Turn,783,mudfog-papers
Tibbs,Mr. Tibbs,793,mudfog-papers
Tibbs,Mr. Tibbs,793,mudfog-papers
Tibbs,Mr. Tibbs,793,mudfog-papers
Tibbs,Joe Millerism,793,mudfog-papers
Mr. Tibbs,Tibbs,793,mudfog-papers
Mr. Tibbs,Tibbs,793,mudfog-papers
Mr. Tibbs,Tibbs,793,mudfog-papers
Mr. Tibbs,Joe Millerism,793,mudfog-papers
Tibbs,Mr. Tibbs,793,mudfog-papers
Tibbs,Mr. Tibbs,793,mudfog-papers
Tibbs,Mr. Tibbs,793,mudfog-papers
Tibbs,Joe Millerism,793,mudfog-papers
Mr. Tibbs,Tibbs,793,mudfog-papers
Mr. Tibbs,Tibbs,793,mudfog-papers
Mr. Tibbs,Tibbs,793,mudfog-papers
Mr. Tibbs,Joe Millerism,793,mudfog-papers
Tibbs,Mr. Tibbs,793,mudfog-papers
Tibbs,Mr. Tibbs,793,mudfog-papers
Tibbs,Mr. Tibbs,793,mudfog-papers
Tibbs,Joe Millerism,793,mudfog-papers
Mr. Tibbs,Tibbs,793,mudfog-papers
Mr. Tibbs,Tibbs,793,mudfog-papers
Mr. Tibbs,Tibbs,793,mudfog-papers
Mr. Tibbs,Joe Millerism,793,mudfog-papers
Joe Millerism,Tibbs,793,mudfog-papers
Joe Millerism,Mr. Tibbs,793,mudfog-papers
Joe Millerism,Tibbs,793,mudfog-papers
Joe Millerism,Mr. Tibbs,793,mudfog-papers
Joe Millerism,Tibbs,793,mudfog-papers
Joe Millerism,Mr. Tibbs,793,mudfog-papers
Mr.,Tibbs,794,mudfog-papers
Mr.,Great,794,mudfog-papers
Tibbs,Mr.,794,mudfog-papers
Tibbs,Great,794,mudfog-papers
Great,Mr.,794,mudfog-papers
Great,Tibbs,794,mudfog-papers
Mr.,Tibbs,796,mudfog-papers
Tibbs,Mr.,796,mudfog-papers
Nobody,Tibbs,805,mudfog-papers
Tibbs,Nobody,805,mudfog-papers
Little,Tibbs,806,mudfog-papers
Tibbs,Little,806,mudfog-papers
Mr. Simpson,Mr. Septimus Hicks,807,mudfog-papers
Mr. Septimus Hicks,Mr. Simpson,807,mudfog-papers
Don,Mr. Septimus Hicks,808,mudfog-papers
Don,Don Juan,808,mudfog-papers
Don,Mr. Simpson,808,mudfog-papers
Don,Paul,808,mudfog-papers
Mr. Septimus Hicks,Don,808,mudfog-papers
Mr. Septimus Hicks,Don Juan,808,mudfog-papers
Mr. Septimus Hicks,Mr. Simpson,808,mudfog-papers
Mr. Septimus Hicks,Paul,808,mudfog-papers
Don Juan,Don,808,mudfog-papers
Don Juan,Mr. Septimus Hicks,808,mudfog-papers
Don Juan,Mr. Simpson,808,mudfog-papers
Don Juan,Paul,808,mudfog-papers
Mr. Simpson,Don,808,mudfog-papers
Mr. Simpson,Mr. Septimus Hicks,808,mudfog-papers
Mr. Simpson,Don Juan,808,mudfog-papers
Mr. Simpson,Paul,808,mudfog-papers
Paul,Don,808,mudfog-papers
Paul,Mr. Septimus Hicks,808,mudfog-papers
Paul,Don Juan,808,mudfog-papers
Paul,Mr. Simpson,808,mudfog-papers
Milton,Mr. Simpson,812,mudfog-papers
Mr. Simpson,Milton,812,mudfog-papers
Maplesone,Mr. Hicks,814,mudfog-papers
Maplesone,Mr.,814,mudfog-papers
Maplesone,Simpson,814,mudfog-papers
Maplesone,Tibbs,814,mudfog-papers
Mr. Hicks,Maplesone,814,mudfog-papers
Mr. Hicks,Mr.,814,mudfog-papers
Mr. Hicks,Maplesone,814,mudfog-papers
Mr. Hicks,Simpson,814,mudfog-papers
Mr. Hicks,Maplesone,814,mudfog-papers
Mr. Hicks,Tibbs,814,mudfog-papers
Mr.,Maplesone,814,mudfog-papers
Mr.,Mr. Hicks,814,mudfog-papers
Mr.,Maplesone,814,mudfog-papers
Mr.,Simpson,814,mudfog-papers
Mr.,Maplesone,814,mudfog-papers
Mr.,Tibbs,814,mudfog-papers
Maplesone,Mr. Hicks,814,mudfog-papers
Maplesone,Mr.,814,mudfog-papers
Maplesone,Simpson,814,mudfog-papers
Maplesone,Tibbs,814,mudfog-papers
Simpson,Maplesone,814,mudfog-papers
Simpson,Mr. Hicks,814,mudfog-papers
Simpson,Mr.,814,mudfog-papers
Simpson,Maplesone,814,mudfog-papers
Simpson,Maplesone,814,mudfog-papers
Simpson,Tibbs,814,mudfog-papers
Maplesone,Mr. Hicks,814,mudfog-papers
Maplesone,Mr.,814,mudfog-papers
Maplesone,Simpson,814,mudfog-papers
Maplesone,Tibbs,814,mudfog-papers
Tibbs,Maplesone,814,mudfog-papers
Tibbs,Mr. Hicks,814,mudfog-papers
Tibbs,Mr.,814,mudfog-papers
Tibbs,Maplesone,814,mudfog-papers
Tibbs,Simpson,814,mudfog-papers
Tibbs,Maplesone,814,mudfog-papers
Don,Miss Julia,817,mudfog-papers
Miss Julia,Don,817,mudfog-papers
Mr. Simpson,Matilda Maplesone,828,mudfog-papers
Mr. Simpson,Julia,828,mudfog-papers
Matilda Maplesone,Mr. Simpson,828,mudfog-papers
Matilda Maplesone,Julia,828,mudfog-papers
Julia,Mr. Simpson,828,mudfog-papers
Julia,Matilda Maplesone,828,mudfog-papers
Splendid,Richardson,829,mudfog-papers
Splendid,Show,829,mudfog-papers
Richardson,Splendid,829,mudfog-papers
Richardson,Show,829,mudfog-papers
Show,Splendid,829,mudfog-papers
Show,Richardson,829,mudfog-papers
Mr. Calton,Mr. Simpson,833,mudfog-papers
Mr. Calton,Miss Julia,833,mudfog-papers
Mr. Calton,Mr. Septimus Hicks,833,mudfog-papers
Mr. Calton,Mr. Tibbs,833,mudfog-papers
Mr. Calton,Mr. Tibbs,833,mudfog-papers
Mr. Calton,Tibbs,833,mudfog-papers
Mr. Calton,James,833,mudfog-papers
Mr. Calton,Salmon,833,mudfog-papers
Mr. Simpson,Mr. Calton,833,mudfog-papers
Mr. Simpson,Miss Julia,833,mudfog-papers
Mr. Simpson,Mr. Septimus Hicks,833,mudfog-papers
Mr. Simpson,Mr. Tibbs,833,mudfog-papers
Mr. Simpson,Mr. Tibbs,833,mudfog-papers
Mr. Simpson,Tibbs,833,mudfog-papers
Mr. Simpson,James,833,mudfog-papers
Mr. Simpson,Salmon,833,mudfog-papers
Miss Julia,Mr. Calton,833,mudfog-papers
Miss Julia,Mr. Simpson,833,mudfog-papers
Miss Julia,Mr. Septimus Hicks,833,mudfog-papers
Miss Julia,Mr. Tibbs,833,mudfog-papers
Miss Julia,Mr. Tibbs,833,mudfog-papers
Miss Julia,Tibbs,833,mudfog-papers
Miss Julia,James,833,mudfog-papers
Miss Julia,Salmon,833,mudfog-papers
Mr. Septimus Hicks,Mr. Calton,833,mudfog-papers
Mr. Septimus Hicks,Mr. Simpson,833,mudfog-papers
Mr. Septimus Hicks,Miss Julia,833,mudfog-papers
Mr. Septimus Hicks,Mr. Tibbs,833,mudfog-papers
Mr. Septimus Hicks,Mr. Tibbs,833,mudfog-papers
Mr. Septimus Hicks,Tibbs,833,mudfog-papers
Mr. Septimus Hicks,James,833,mudfog-papers
Mr. Septimus Hicks,Salmon,833,mudfog-papers
Mr. Tibbs,Mr. Calton,833,mudfog-papers
Mr. Tibbs,Mr. Simpson,833,mudfog-papers
Mr. Tibbs,Miss Julia,833,mudfog-papers
Mr. Tibbs,Mr. Septimus Hicks,833,mudfog-papers
Mr. Tibbs,Tibbs,833,mudfog-papers
Mr. Tibbs,James,833,mudfog-papers
Mr. Tibbs,Salmon,833,mudfog-papers
Mr. Tibbs,Mr. Calton,833,mudfog-papers
Mr. Tibbs,Mr. Simpson,833,mudfog-papers
Mr. Tibbs,Miss Julia,833,mudfog-papers
Mr. Tibbs,Mr. Septimus Hicks,833,mudfog-papers
Mr. Tibbs,Tibbs,833,mudfog-papers
Mr. Tibbs,James,833,mudfog-papers
Mr. Tibbs,Salmon,833,mudfog-papers
Tibbs,Mr. Calton,833,mudfog-papers
Tibbs,Mr. Simpson,833,mudfog-papers
Tibbs,Miss Julia,833,mudfog-papers
Tibbs,Mr. Septimus Hicks,833,mudfog-papers
Tibbs,Mr. Tibbs,833,mudfog-papers
Tibbs,Mr. Tibbs,833,mudfog-papers
Tibbs,James,833,mudfog-papers
Tibbs,Salmon,833,mudfog-papers
James,Mr. Calton,833,mudfog-papers
James,Mr. Simpson,833,mudfog-papers
James,Miss Julia,833,mudfog-papers
James,Mr. Septimus Hicks,833,mudfog-papers
James,Mr. Tibbs,833,mudfog-papers
James,Mr. Tibbs,833,mudfog-papers
James,Tibbs,833,mudfog-papers
James,Salmon,833,mudfog-papers
Salmon,Mr. Calton,833,mudfog-papers
Salmon,Mr. Simpson,833,mudfog-papers
Salmon,Miss Julia,833,mudfog-papers
Salmon,Mr. Septimus Hicks,833,mudfog-papers
Salmon,Mr. Tibbs,833,mudfog-papers
Salmon,Mr. Tibbs,833,mudfog-papers
Salmon,Tibbs,833,mudfog-papers
Salmon,James,833,mudfog-papers
Soup,Tibbs,834,mudfog-papers
Tibbs,Soup,834,mudfog-papers
Julia,Mr. Calton,837,mudfog-papers
Mr. Calton,Julia,837,mudfog-papers
James,Tibbs,842,mudfog-papers
Tibbs,James,842,mudfog-papers
James,Tibbs,843,mudfog-papers
Tibbs,James,843,mudfog-papers
Mr. Simpson,Mr. Calton,846,mudfog-papers
Mr. Simpson,Mr. Hicks,846,mudfog-papers
Mr. Calton,Mr. Simpson,846,mudfog-papers
Mr. Calton,Mr. Hicks,846,mudfog-papers
Mr. Hicks,Mr. Simpson,846,mudfog-papers
Mr. Hicks,Mr. Calton,846,mudfog-papers
Mr. Calton,Tom Moore,851,mudfog-papers
Tom Moore,Mr. Calton,851,mudfog-papers
Julia,Miss Matilda,858,mudfog-papers
Miss Matilda,Julia,858,mudfog-papers
Mr. Septimus Hicks,Don Juan,863,mudfog-papers
Don Juan,Mr. Septimus Hicks,863,mudfog-papers
Tibbs,Sir Charles Rampart,864,mudfog-papers
Sir Charles Rampart,Tibbs,864,mudfog-papers
Tibbs,Mr. Hicks,866,mudfog-papers
Tibbs,Mr. Calton,866,mudfog-papers
Tibbs,Mr. Simpson,866,mudfog-papers
Tibbs,Mr. Calton,866,mudfog-papers
Tibbs,Mr. Simpson,866,mudfog-papers
Tibbs,Mr. Hicks,866,mudfog-papers
Tibbs,Don Juan—it,866,mudfog-papers
Tibbs,Mr. Tibbs,866,mudfog-papers
Mr. Hicks,Tibbs,866,mudfog-papers
Mr. Hicks,Mr. Calton,866,mudfog-papers
Mr. Hicks,Mr. Simpson,866,mudfog-papers
Mr. Hicks,Mr. Calton,866,mudfog-papers
Mr. Hicks,Mr. Simpson,866,mudfog-papers
Mr. Hicks,Don Juan—it,866,mudfog-papers
Mr. Hicks,Tibbs,866,mudfog-papers
Mr. Hicks,Mr. Tibbs,866,mudfog-papers
Mr. Calton,Tibbs,866,mudfog-papers
Mr. Calton,Mr. Hicks,866,mudfog-papers
Mr. Calton,Mr. Simpson,866,mudfog-papers
Mr. Calton,Mr. Simpson,866,mudfog-papers
Mr. Calton,Mr. Hicks,866,mudfog-papers
Mr. Calton,Don Juan—it,866,mudfog-papers
Mr. Calton,Tibbs,866,mudfog-papers
Mr. Calton,Mr. Tibbs,866,mudfog-papers
Mr. Simpson,Tibbs,866,mudfog-papers
Mr. Simpson,Mr. Hicks,866,mudfog-papers
Mr. Simpson,Mr. Calton,866,mudfog-papers
Mr. Simpson,Mr. Calton,866,mudfog-papers
Mr. Simpson,Mr. Hicks,866,mudfog-papers
Mr. Simpson,Don Juan—it,866,mudfog-papers
Mr. Simpson,Tibbs,866,mudfog-papers
Mr. Simpson,Mr. Tibbs,866,mudfog-papers
Mr. Calton,Tibbs,866,mudfog-papers
Mr. Calton,Mr. Hicks,866,mudfog-papers
Mr. Calton,Mr. Simpson,866,mudfog-papers
Mr. Calton,Mr. Simpson,866,mudfog-papers
Mr. Calton,Mr. Hicks,866,mudfog-papers
Mr. Calton,Don Juan—it,866,mudfog-papers
Mr. Calton,Tibbs,866,mudfog-papers
Mr. Calton,Mr. Tibbs,866,mudfog-papers
Mr. Simpson,Tibbs,866,mudfog-papers
Mr. Simpson,Mr. Hicks,866,mudfog-papers
Mr. Simpson,Mr. Calton,866,mudfog-papers
Mr. Simpson,Mr. Calton,866,mudfog-papers
Mr. Simpson,Mr. Hicks,866,mudfog-papers
Mr. Simpson,Don Juan—it,866,mudfog-papers
Mr. Simpson,Tibbs,866,mudfog-papers
Mr. Simpson,Mr. Tibbs,866,mudfog-papers
Mr. Hicks,Tibbs,866,mudfog-papers
Mr. Hicks,Mr. Calton,866,mudfog-papers
Mr. Hicks,Mr. Simpson,866,mudfog-papers
Mr. Hicks,Mr. Calton,866,mudfog-papers
Mr. Hicks,Mr. Simpson,866,mudfog-papers
Mr. Hicks,Don Juan—it,866,mudfog-papers
Mr. Hicks,Tibbs,866,mudfog-papers
Mr. Hicks,Mr. Tibbs,866,mudfog-papers
Don Juan—it,Tibbs,866,mudfog-papers
Don Juan—it,Mr. Hicks,866,mudfog-papers
Don Juan—it,Mr. Calton,866,mudfog-papers
Don Juan—it,Mr. Simpson,866,mudfog-papers
Don Juan—it,Mr. Calton,866,mudfog-papers
Don Juan—it,Mr. Simpson,866,mudfog-papers
Don Juan—it,Mr. Hicks,866,mudfog-papers
Don Juan—it,Tibbs,866,mudfog-papers
Don Juan—it,Mr. Tibbs,866,mudfog-papers
Tibbs,Mr. Hicks,866,mudfog-papers
Tibbs,Mr. Calton,866,mudfog-papers
Tibbs,Mr. Simpson,866,mudfog-papers
Tibbs,Mr. Calton,866,mudfog-papers
Tibbs,Mr. Simpson,866,mudfog-papers
Tibbs,Mr. Hicks,866,mudfog-papers
Tibbs,Don Juan—it,866,mudfog-papers
Tibbs,Mr. Tibbs,866,mudfog-papers
Mr. Tibbs,Tibbs,866,mudfog-papers
Mr. Tibbs,Mr. Hicks,866,mudfog-papers
Mr. Tibbs,Mr. Calton,866,mudfog-papers
Mr. Tibbs,Mr. Simpson,866,mudfog-papers
Mr. Tibbs,Mr. Calton,866,mudfog-papers
Mr. Tibbs,Mr. Simpson,866,mudfog-papers
Mr. Tibbs,Mr. Hicks,866,mudfog-papers
Mr. Tibbs,Don Juan—it,866,mudfog-papers
Mr. Tibbs,Tibbs,866,mudfog-papers
Mr. Septimus Hicks,Mr. Calton,868,mudfog-papers
Mr. Septimus Hicks,Calton,868,mudfog-papers
Mr. Calton,Mr. Septimus Hicks,868,mudfog-papers
Mr. Calton,Calton,868,mudfog-papers
Calton,Mr. Septimus Hicks,868,mudfog-papers
Calton,Mr. Calton,868,mudfog-papers
Mr. Calton,Mr. Septimus,869,mudfog-papers
Mr. Septimus,Mr. Calton,869,mudfog-papers
Mr. Septimus,Mr. Calton,869,mudfog-papers
Mr. Calton,Mr. Septimus,869,mudfog-papers
Hicks,Downstairs,871,mudfog-papers
Hicks,Mr. Calton,871,mudfog-papers
Hicks,Mr. Septimus Hicks,871,mudfog-papers
Hicks,Mr. Hicks,871,mudfog-papers
Hicks,Mr. Calton,871,mudfog-papers
Hicks,Mr. Septimus Hicks,871,mudfog-papers
Downstairs,Hicks,871,mudfog-papers
Downstairs,Mr. Calton,871,mudfog-papers
Downstairs,Mr. Septimus Hicks,871,mudfog-papers
Downstairs,Mr. Hicks,871,mudfog-papers
Downstairs,Mr. Calton,871,mudfog-papers
Downstairs,Mr. Septimus Hicks,871,mudfog-papers
Mr. Calton,Hicks,871,mudfog-papers
Mr. Calton,Downstairs,871,mudfog-papers
Mr. Calton,Mr. Septimus Hicks,871,mudfog-papers
Mr. Calton,Mr. Hicks,871,mudfog-papers
Mr. Calton,Mr. Septimus Hicks,871,mudfog-papers
Mr. Septimus Hicks,Hicks,871,mudfog-papers
Mr. Septimus Hicks,Downstairs,871,mudfog-papers
Mr. Septimus Hicks,Mr. Calton,871,mudfog-papers
Mr. Septimus Hicks,Mr. Hicks,871,mudfog-papers
Mr. Septimus Hicks,Mr. Calton,871,mudfog-papers
Mr. Hicks,Hicks,871,mudfog-papers
Mr. Hicks,Downstairs,871,mudfog-papers
Mr. Hicks,Mr. Calton,871,mudfog-papers
Mr. Hicks,Mr. Septimus Hicks,871,mudfog-papers
Mr. Hicks,Mr. Calton,871,mudfog-papers
Mr. Hicks,Mr. Septimus Hicks,871,mudfog-papers
Mr. Calton,Hicks,871,mudfog-papers
Mr. Calton,Downstairs,871,mudfog-papers
Mr. Calton,Mr. Septimus Hicks,871,mudfog-papers
Mr. Calton,Mr. Hicks,871,mudfog-papers
Mr. Calton,Mr. Septimus Hicks,871,mudfog-papers
Mr. Septimus Hicks,Hicks,871,mudfog-papers
Mr. Septimus Hicks,Downstairs,871,mudfog-papers
Mr. Septimus Hicks,Mr. Calton,871,mudfog-papers
Mr. Septimus Hicks,Mr. Hicks,871,mudfog-papers
Mr. Septimus Hicks,Mr. Calton,871,mudfog-papers
Hicks,Hamlet,878,mudfog-papers
Hamlet,Hicks,878,mudfog-papers
Calton,Hicks,886,mudfog-papers
Calton,Matilda,886,mudfog-papers
Calton,Matilda,886,mudfog-papers
Hicks,Calton,886,mudfog-papers
Hicks,Matilda,886,mudfog-papers
Hicks,Matilda,886,mudfog-papers
Matilda,Calton,886,mudfog-papers
Matilda,Hicks,886,mudfog-papers
Matilda,Calton,886,mudfog-papers
Matilda,Hicks,886,mudfog-papers
Matilda,Hicks,887,mudfog-papers
Hicks,Matilda,887,mudfog-papers
Good Heaven,Hicks,897,mudfog-papers
Hicks,Good Heaven,897,mudfog-papers
Mr. Calton,Matilda,898,mudfog-papers
Matilda,Mr. Calton,898,mudfog-papers
Mr. Calton,Matilda,903,mudfog-papers
Matilda,Mr. Calton,903,mudfog-papers
Tibbs,Mr. Calton,906,mudfog-papers
Mr. Calton,Tibbs,906,mudfog-papers
Certainly,Tibbs,909,mudfog-papers
Tibbs,Certainly,909,mudfog-papers
Mr. Tibbs,Calton,910,mudfog-papers
Calton,Mr. Tibbs,910,mudfog-papers
Mr.,Calton,912,mudfog-papers
Mr.,Mr. Tibbs,912,mudfog-papers
Calton,Mr.,912,mudfog-papers
Calton,Mr. Tibbs,912,mudfog-papers
Mr. Tibbs,Mr.,912,mudfog-papers
Mr. Tibbs,Calton,912,mudfog-papers
Mr. Septimus Hicks,Mr. H.,913,mudfog-papers
Mr. H.,Mr. Septimus Hicks,913,mudfog-papers
Tibbs,Mr. Calton,915,mudfog-papers
Mr. Calton,Tibbs,915,mudfog-papers
Mr. Tibbs,Mr. Calton,916,mudfog-papers
Mr. Calton,Mr. Tibbs,916,mudfog-papers
Certainly,Calton,918,mudfog-papers
Calton,Certainly,918,mudfog-papers
Mr.,Calton,926,mudfog-papers
Mr.,Hicks,926,mudfog-papers
Calton,Mr.,926,mudfog-papers
Calton,Hicks,926,mudfog-papers
Hicks,Mr.,926,mudfog-papers
Hicks,Calton,926,mudfog-papers
Mr.,Mr. Calton,933,mudfog-papers
Mr. Calton,Mr.,933,mudfog-papers
Heaven,Mr. Calton,940,mudfog-papers
Heaven,Septimus Hicks,940,mudfog-papers
Mr. Calton,Heaven,940,mudfog-papers
Mr. Calton,Septimus Hicks,940,mudfog-papers
Septimus Hicks,Heaven,940,mudfog-papers
Septimus Hicks,Mr. Calton,940,mudfog-papers
Mr. Calton,Mr. Septimus Hicks,944,mudfog-papers
Mr. Calton,Hence,944,mudfog-papers
Mr. Calton,Mr. Septimus Hicks,944,mudfog-papers
Mr. Septimus Hicks,Mr. Calton,944,mudfog-papers
Mr. Septimus Hicks,Hence,944,mudfog-papers
Mr. Septimus Hicks,Mr. Calton,944,mudfog-papers
Hence,Mr. Calton,944,mudfog-papers
Hence,Mr. Septimus Hicks,944,mudfog-papers
Hence,Mr. Calton,944,mudfog-papers
Hence,Mr. Septimus Hicks,944,mudfog-papers
Mr. Calton,Mr. Septimus Hicks,944,mudfog-papers
Mr. Calton,Hence,944,mudfog-papers
Mr. Calton,Mr. Septimus Hicks,944,mudfog-papers
Mr. Septimus Hicks,Mr. Calton,944,mudfog-papers
Mr. Septimus Hicks,Hence,944,mudfog-papers
Mr. Septimus Hicks,Mr. Calton,944,mudfog-papers
Mr. Septimus Hicks,Miss Matilda Maplesone,945,mudfog-papers
Mr. Septimus Hicks,Mr. Simpson,945,mudfog-papers
Mr. Septimus Hicks,Miss Julia,945,mudfog-papers
Mr. Septimus Hicks,Mr. Calton,945,mudfog-papers
Mr. Septimus Hicks,_Calton_,945,mudfog-papers
Mr. Septimus Hicks,Mr. Simpson,945,mudfog-papers
Miss Matilda Maplesone,Mr. Septimus Hicks,945,mudfog-papers
Miss Matilda Maplesone,Mr. Simpson,945,mudfog-papers
Miss Matilda Maplesone,Miss Julia,945,mudfog-papers
Miss Matilda Maplesone,Mr. Calton,945,mudfog-papers
Miss Matilda Maplesone,_Calton_,945,mudfog-papers
Miss Matilda Maplesone,Mr. Septimus Hicks,945,mudfog-papers
Miss Matilda Maplesone,Mr. Simpson,945,mudfog-papers
Mr. Simpson,Mr. Septimus Hicks,945,mudfog-papers
Mr. Simpson,Miss Matilda Maplesone,945,mudfog-papers
Mr. Simpson,Miss Julia,945,mudfog-papers
Mr. Simpson,Mr. Calton,945,mudfog-papers
Mr. Simpson,_Calton_,945,mudfog-papers
Mr. Simpson,Mr. Septimus Hicks,945,mudfog-papers
Miss Julia,Mr. Septimus Hicks,945,mudfog-papers
Miss Julia,Miss Matilda Maplesone,945,mudfog-papers
Miss Julia,Mr. Simpson,945,mudfog-papers
Miss Julia,Mr. Calton,945,mudfog-papers
Miss Julia,_Calton_,945,mudfog-papers
Miss Julia,Mr. Septimus Hicks,945,mudfog-papers
Miss Julia,Mr. Simpson,945,mudfog-papers
Mr. Calton,Mr. Septimus Hicks,945,mudfog-papers
Mr. Calton,Miss Matilda Maplesone,945,mudfog-papers
Mr. Calton,Mr. Simpson,945,mudfog-papers
Mr. Calton,Miss Julia,945,mudfog-papers
Mr. Calton,_Calton_,945,mudfog-papers
Mr. Calton,Mr. Septimus Hicks,945,mudfog-papers
Mr. Calton,Mr. Simpson,945,mudfog-papers
_Calton_,Mr. Septimus Hicks,945,mudfog-papers
_Calton_,Miss Matilda Maplesone,945,mudfog-papers
_Calton_,Mr. Simpson,945,mudfog-papers
_Calton_,Miss Julia,945,mudfog-papers
_Calton_,Mr. Calton,945,mudfog-papers
_Calton_,Mr. Septimus Hicks,945,mudfog-papers
_Calton_,Mr. Simpson,945,mudfog-papers
Mr. Septimus Hicks,Miss Matilda Maplesone,945,mudfog-papers
Mr. Septimus Hicks,Mr. Simpson,945,mudfog-papers
Mr. Septimus Hicks,Miss Julia,945,mudfog-papers
Mr. Septimus Hicks,Mr. Calton,945,mudfog-papers
Mr. Septimus Hicks,_Calton_,945,mudfog-papers
Mr. Septimus Hicks,Mr. Simpson,945,mudfog-papers
Mr. Simpson,Mr. Septimus Hicks,945,mudfog-papers
Mr. Simpson,Miss Matilda Maplesone,945,mudfog-papers
Mr. Simpson,Miss Julia,945,mudfog-papers
Mr. Simpson,Mr. Calton,945,mudfog-papers
Mr. Simpson,_Calton_,945,mudfog-papers
Mr. Simpson,Mr. Septimus Hicks,945,mudfog-papers
Tibbs,Down,956,mudfog-papers
Down,Tibbs,956,mudfog-papers
Tibbs,Bloss,964,mudfog-papers
Bloss,Tibbs,964,mudfog-papers
Bloss,Tibbs,989,mudfog-papers
Bloss,James,989,mudfog-papers
Tibbs,Bloss,989,mudfog-papers
Tibbs,James,989,mudfog-papers
James,Bloss,989,mudfog-papers
James,Tibbs,989,mudfog-papers
Tibbs,Clean,992,mudfog-papers
Tibbs,Bloss,992,mudfog-papers
Tibbs,Agnes,992,mudfog-papers
Tibbs,Clean,992,mudfog-papers
Tibbs,Bloss,992,mudfog-papers
Tibbs,Agnes,992,mudfog-papers
Clean,Tibbs,992,mudfog-papers
Clean,Tibbs,992,mudfog-papers
Clean,Bloss,992,mudfog-papers
Clean,Agnes,992,mudfog-papers
Bloss,Tibbs,992,mudfog-papers
Bloss,Tibbs,992,mudfog-papers
Bloss,Clean,992,mudfog-papers
Bloss,Agnes,992,mudfog-papers
Agnes,Tibbs,992,mudfog-papers
Agnes,Tibbs,992,mudfog-papers
Agnes,Clean,992,mudfog-papers
Agnes,Bloss,992,mudfog-papers
Mr. Calton,Bloss,998,mudfog-papers
Bloss,Mr. Calton,998,mudfog-papers
Nine,Tibbs,1006,mudfog-papers
Nine,Blucher,1006,mudfog-papers
Nine,Nobody,1006,mudfog-papers
Tibbs,Nine,1006,mudfog-papers
Tibbs,Blucher,1006,mudfog-papers
Tibbs,Nobody,1006,mudfog-papers
Blucher,Nine,1006,mudfog-papers
Blucher,Tibbs,1006,mudfog-papers
Blucher,Nobody,1006,mudfog-papers
Nobody,Nine,1006,mudfog-papers
Nobody,Tibbs,1006,mudfog-papers
Nobody,Blucher,1006,mudfog-papers
Mr. Evenson,Tibbs,1008,mudfog-papers
Tibbs,Mr. Evenson,1008,mudfog-papers
Mr.,John Evenson,1014,mudfog-papers
Mr.,Mr. Wisbottle,1014,mudfog-papers
Mr.,Mr. Evenson,1014,mudfog-papers
Mr.,Mr. Wisbottle,1014,mudfog-papers
Mr.,Alfred Tomkins,1014,mudfog-papers
Mr.,Mr. Frederick,1014,mudfog-papers
Mr.,Mr. Tomkins,1014,mudfog-papers
Mr.,Mr. O,1014,mudfog-papers
John Evenson,Mr.,1014,mudfog-papers
John Evenson,Mr. Wisbottle,1014,mudfog-papers
John Evenson,Mr. Evenson,1014,mudfog-papers
John Evenson,Mr. Wisbottle,1014,mudfog-papers
John Evenson,Alfred Tomkins,1014,mudfog-papers
John Evenson,Mr. Frederick,1014,mudfog-papers
John Evenson,Mr. Tomkins,1014,mudfog-papers
John Evenson,Mr. O,1014,mudfog-papers
Mr. Wisbottle,Mr.,1014,mudfog-papers
Mr. Wisbottle,John Evenson,1014,mudfog-papers
Mr. Wisbottle,Mr. Evenson,1014,mudfog-papers
Mr. Wisbottle,Alfred Tomkins,1014,mudfog-papers
Mr. Wisbottle,Mr. Frederick,1014,mudfog-papers
Mr. Wisbottle,Mr. Tomkins,1014,mudfog-papers
Mr. Wisbottle,Mr. O,1014,mudfog-papers
Mr. Evenson,Mr.,1014,mudfog-papers
Mr. Evenson,John Evenson,1014,mudfog-papers
Mr. Evenson,Mr. Wisbottle,1014,mudfog-papers
Mr. Evenson,Mr. Wisbottle,1014,mudfog-papers
Mr. Evenson,Alfred Tomkins,1014,mudfog-papers
Mr. Evenson,Mr. Frederick,1014,mudfog-papers
Mr. Evenson,Mr. Tomkins,1014,mudfog-papers
Mr. Evenson,Mr. O,1014,mudfog-papers
Mr. Wisbottle,Mr.,1014,mudfog-papers
Mr. Wisbottle,John Evenson,1014,mudfog-papers
Mr. Wisbottle,Mr. Evenson,1014,mudfog-papers
Mr. Wisbottle,Alfred Tomkins,1014,mudfog-papers
Mr. Wisbottle,Mr. Frederick,1014,mudfog-papers
Mr. Wisbottle,Mr. Tomkins,1014,mudfog-papers
Mr. Wisbottle,Mr. O,1014,mudfog-papers
Alfred Tomkins,Mr.,1014,mudfog-papers
Alfred Tomkins,John Evenson,1014,mudfog-papers
Alfred Tomkins,Mr. Wisbottle,1014,mudfog-papers
Alfred Tomkins,Mr. Evenson,1014,mudfog-papers
Alfred Tomkins,Mr. Wisbottle,1014,mudfog-papers
Alfred Tomkins,Mr. Frederick,1014,mudfog-papers
Alfred Tomkins,Mr. Tomkins,1014,mudfog-papers
Alfred Tomkins,Mr. O,1014,mudfog-papers
Mr. Frederick,Mr.,1014,mudfog-papers
Mr. Frederick,John Evenson,1014,mudfog-papers
Mr. Frederick,Mr. Wisbottle,1014,mudfog-papers
Mr. Frederick,Mr. Evenson,1014,mudfog-papers
Mr. Frederick,Mr. Wisbottle,1014,mudfog-papers
Mr. Frederick,Alfred Tomkins,1014,mudfog-papers
Mr. Frederick,Mr. Tomkins,1014,mudfog-papers
Mr. Frederick,Mr. O,1014,mudfog-papers
Mr. Tomkins,Mr.,1014,mudfog-papers
Mr. Tomkins,John Evenson,1014,mudfog-papers
Mr. Tomkins,Mr. Wisbottle,1014,mudfog-papers
Mr. Tomkins,Mr. Evenson,1014,mudfog-papers
Mr. Tomkins,Mr. Wisbottle,1014,mudfog-papers
Mr. Tomkins,Alfred Tomkins,1014,mudfog-papers
Mr. Tomkins,Mr. Frederick,1014,mudfog-papers
Mr. Tomkins,Mr. O,1014,mudfog-papers
Mr. O,Mr.,1014,mudfog-papers
Mr. O,John Evenson,1014,mudfog-papers
Mr. O,Mr. Wisbottle,1014,mudfog-papers
Mr. O,Mr. Evenson,1014,mudfog-papers
Mr. O,Mr. Wisbottle,1014,mudfog-papers
Mr. O,Alfred Tomkins,1014,mudfog-papers
Mr. O,Mr. Frederick,1014,mudfog-papers
Mr. O,Mr. Tomkins,1014,mudfog-papers
Tibbs,James,1024,mudfog-papers
Tibbs,Mr. O,1024,mudfog-papers
Tibbs,Mr. Alfred Tomkins,1024,mudfog-papers
James,Tibbs,1024,mudfog-papers
James,Tibbs,1024,mudfog-papers
James,Mr. O,1024,mudfog-papers
James,Mr. Alfred Tomkins,1024,mudfog-papers
Tibbs,James,1024,mudfog-papers
Tibbs,Mr. O,1024,mudfog-papers
Tibbs,Mr. Alfred Tomkins,1024,mudfog-papers
Mr. O,Tibbs,1024,mudfog-papers
Mr. O,James,1024,mudfog-papers
Mr. O,Tibbs,1024,mudfog-papers
Mr. O,Mr. Alfred Tomkins,1024,mudfog-papers
Mr. Alfred Tomkins,Tibbs,1024,mudfog-papers
Mr. Alfred Tomkins,James,1024,mudfog-papers
Mr. Alfred Tomkins,Tibbs,1024,mudfog-papers
Mr. Alfred Tomkins,Mr. O,1024,mudfog-papers
Mr.,Wisbottle,1026,mudfog-papers
Wisbottle,Mr.,1026,mudfog-papers
Alfred,John Evenson,1029,mudfog-papers
Alfred,Mr. Tomkins,1029,mudfog-papers
John Evenson,Alfred,1029,mudfog-papers
John Evenson,Mr. Tomkins,1029,mudfog-papers
Mr. Tomkins,Alfred,1029,mudfog-papers
Mr. Tomkins,John Evenson,1029,mudfog-papers
Agnes,Mr. John Evenson,1032,mudfog-papers
Agnes,Mr. Frederick,1032,mudfog-papers
Agnes,Mr. Alfred Tomkins,1032,mudfog-papers
Agnes,Mr. Wisbottle,1032,mudfog-papers
Agnes,Tibbs,1032,mudfog-papers
Mr. John Evenson,Agnes,1032,mudfog-papers
Mr. John Evenson,Mr. Frederick,1032,mudfog-papers
Mr. John Evenson,Mr. Alfred Tomkins,1032,mudfog-papers
Mr. John Evenson,Mr. Wisbottle,1032,mudfog-papers
Mr. John Evenson,Tibbs,1032,mudfog-papers
Mr. John Evenson,Agnes,1032,mudfog-papers
Mr. Frederick,Agnes,1032,mudfog-papers
Mr. Frederick,Mr. John Evenson,1032,mudfog-papers
Mr. Frederick,Mr. Alfred Tomkins,1032,mudfog-papers
Mr. Frederick,Mr. Wisbottle,1032,mudfog-papers
Mr. Frederick,Tibbs,1032,mudfog-papers
Mr. Frederick,Agnes,1032,mudfog-papers
Mr. Alfred Tomkins,Agnes,1032,mudfog-papers
Mr. Alfred Tomkins,Mr. John Evenson,1032,mudfog-papers
Mr. Alfred Tomkins,Mr. Frederick,1032,mudfog-papers
Mr. Alfred Tomkins,Mr. Wisbottle,1032,mudfog-papers
Mr. Alfred Tomkins,Tibbs,1032,mudfog-papers
Mr. Alfred Tomkins,Agnes,1032,mudfog-papers
Mr. Wisbottle,Agnes,1032,mudfog-papers
Mr. Wisbottle,Mr. John Evenson,1032,mudfog-papers
Mr. Wisbottle,Mr. Frederick,1032,mudfog-papers
Mr. Wisbottle,Mr. Alfred Tomkins,1032,mudfog-papers
Mr. Wisbottle,Tibbs,1032,mudfog-papers
Mr. Wisbottle,Agnes,1032,mudfog-papers
Tibbs,Agnes,1032,mudfog-papers
Tibbs,Mr. John Evenson,1032,mudfog-papers
Tibbs,Mr. Frederick,1032,mudfog-papers
Tibbs,Mr. Alfred Tomkins,1032,mudfog-papers
Tibbs,Mr. Wisbottle,1032,mudfog-papers
Tibbs,Agnes,1032,mudfog-papers
Agnes,Mr. John Evenson,1032,mudfog-papers
Agnes,Mr. Frederick,1032,mudfog-papers
Agnes,Mr. Alfred Tomkins,1032,mudfog-papers
Agnes,Mr. Wisbottle,1032,mudfog-papers
Agnes,Tibbs,1032,mudfog-papers
Tibbs,Bloss,1033,mudfog-papers
Tibbs,Lindley Murray,1033,mudfog-papers
Bloss,Tibbs,1033,mudfog-papers
Bloss,Lindley Murray,1033,mudfog-papers
Lindley Murray,Tibbs,1033,mudfog-papers
Lindley Murray,Bloss,1033,mudfog-papers
Publiccash,Baron Slappenbachenhausen,1040,mudfog-papers
Baron Slappenbachenhausen,Publiccash,1040,mudfog-papers
Mr. Alfred Tomkins,Mr. Wisbottle,1053,mudfog-papers
Mr. Wisbottle,Mr. Alfred Tomkins,1053,mudfog-papers
Mr. Wisbottle,Tomkins,1058,mudfog-papers
Mr. Wisbottle,Tomkins,1058,mudfog-papers
Tomkins,Mr. Wisbottle,1058,mudfog-papers
Tomkins,Mr. Wisbottle,1058,mudfog-papers
Wosky,Tibbs,1066,mudfog-papers
Tibbs,Wosky,1066,mudfog-papers
Wosky,Tibbs,1072,mudfog-papers
Tibbs,Wosky,1072,mudfog-papers
Bloss,John Evenson,1077,mudfog-papers
John Evenson,Bloss,1077,mudfog-papers
Mr. Gobler,Mr. Wisbottle,1078,mudfog-papers
Mr. Gobler,Alfred Tomkins,1078,mudfog-papers
Mr. Gobler,Horace,1078,mudfog-papers
Mr. Gobler,John Evenson,1078,mudfog-papers
Mr. Wisbottle,Mr. Gobler,1078,mudfog-papers
Mr. Wisbottle,Alfred Tomkins,1078,mudfog-papers
Mr. Wisbottle,Horace,1078,mudfog-papers
Mr. Wisbottle,John Evenson,1078,mudfog-papers
Alfred Tomkins,Mr. Gobler,1078,mudfog-papers
Alfred Tomkins,Mr. Wisbottle,1078,mudfog-papers
Alfred Tomkins,Horace,1078,mudfog-papers
Alfred Tomkins,John Evenson,1078,mudfog-papers
Horace,Mr. Gobler,1078,mudfog-papers
Horace,Mr. Wisbottle,1078,mudfog-papers
Horace,Alfred Tomkins,1078,mudfog-papers
Horace,John Evenson,1078,mudfog-papers
John Evenson,Mr. Gobler,1078,mudfog-papers
John Evenson,Mr. Wisbottle,1078,mudfog-papers
John Evenson,Alfred Tomkins,1078,mudfog-papers
John Evenson,Horace,1078,mudfog-papers
Agnes,Mr. Tibbs,1079,mudfog-papers
Mr. Tibbs,Agnes,1079,mudfog-papers
Evenson,Mr. Tibbs,1086,mudfog-papers
Mr. Tibbs,Evenson,1086,mudfog-papers
John Evenson,Tibbs,1088,mudfog-papers
Tibbs,John Evenson,1088,mudfog-papers
Tibbs,John Evenson,1090,mudfog-papers
John Evenson,Tibbs,1090,mudfog-papers
Never,Ross,1093,mudfog-papers
Ross,Never,1093,mudfog-papers
Polar,Mr. Evenson,1097,mudfog-papers
Mr. Evenson,Polar,1097,mudfog-papers
Mr. Evenson,Gobler,1104,mudfog-papers
Gobler,Mr. Evenson,1104,mudfog-papers
John Evenson,Tibbs,1107,mudfog-papers
John Evenson,Mr. Gobler,1107,mudfog-papers
John Evenson,Bloss,1107,mudfog-papers
John Evenson,Tomkins,1107,mudfog-papers
John Evenson,Wisbottle,1107,mudfog-papers
John Evenson,Mr. Gobler,1107,mudfog-papers
Tibbs,John Evenson,1107,mudfog-papers
Tibbs,Mr. Gobler,1107,mudfog-papers
Tibbs,Bloss,1107,mudfog-papers
Tibbs,Tomkins,1107,mudfog-papers
Tibbs,Wisbottle,1107,mudfog-papers
Tibbs,John Evenson,1107,mudfog-papers
Tibbs,Mr. Gobler,1107,mudfog-papers
Mr. Gobler,John Evenson,1107,mudfog-papers
Mr. Gobler,Tibbs,1107,mudfog-papers
Mr. Gobler,Bloss,1107,mudfog-papers
Mr. Gobler,Tomkins,1107,mudfog-papers
Mr. Gobler,Wisbottle,1107,mudfog-papers
Mr. Gobler,John Evenson,1107,mudfog-papers
Bloss,John Evenson,1107,mudfog-papers
Bloss,Tibbs,1107,mudfog-papers
Bloss,Mr. Gobler,1107,mudfog-papers
Bloss,Tomkins,1107,mudfog-papers
Bloss,Wisbottle,1107,mudfog-papers
Bloss,John Evenson,1107,mudfog-papers
Bloss,Mr. Gobler,1107,mudfog-papers
Tomkins,John Evenson,1107,mudfog-papers
Tomkins,Tibbs,1107,mudfog-papers
Tomkins,Mr. Gobler,1107,mudfog-papers
Tomkins,Bloss,1107,mudfog-papers
Tomkins,Wisbottle,1107,mudfog-papers
Tomkins,John Evenson,1107,mudfog-papers
Tomkins,Mr. Gobler,1107,mudfog-papers
Wisbottle,John Evenson,1107,mudfog-papers
Wisbottle,Tibbs,1107,mudfog-papers
Wisbottle,Mr. Gobler,1107,mudfog-papers
Wisbottle,Bloss,1107,mudfog-papers
Wisbottle,Tomkins,1107,mudfog-papers
Wisbottle,John Evenson,1107,mudfog-papers
Wisbottle,Mr. Gobler,1107,mudfog-papers
John Evenson,Tibbs,1107,mudfog-papers
John Evenson,Mr. Gobler,1107,mudfog-papers
John Evenson,Bloss,1107,mudfog-papers
John Evenson,Tomkins,1107,mudfog-papers
John Evenson,Wisbottle,1107,mudfog-papers
John Evenson,Mr. Gobler,1107,mudfog-papers
Mr. Gobler,John Evenson,1107,mudfog-papers
Mr. Gobler,Tibbs,1107,mudfog-papers
Mr. Gobler,Bloss,1107,mudfog-papers
Mr. Gobler,Tomkins,1107,mudfog-papers
Mr. Gobler,Wisbottle,1107,mudfog-papers
Mr. Gobler,John Evenson,1107,mudfog-papers
John Evenson,Mr. Gobler,1109,mudfog-papers
Mr. Gobler,John Evenson,1109,mudfog-papers
Tibbs,Queen Anne,1115,mudfog-papers
Queen Anne,Tibbs,1115,mudfog-papers
Agnes,Tibbs,1135,mudfog-papers
Tibbs,Agnes,1135,mudfog-papers
Evenson,Hush,1142,mudfog-papers
Hush,Evenson,1142,mudfog-papers
Hark,Evenson,1158,mudfog-papers
Evenson,Hark,1158,mudfog-papers
Call,Gobler,1177,mudfog-papers
Call,Evenson,1177,mudfog-papers
Gobler,Call,1177,mudfog-papers
Gobler,Evenson,1177,mudfog-papers
Evenson,Call,1177,mudfog-papers
Evenson,Gobler,1177,mudfog-papers
Tibbs,Mr. Evenson,1178,mudfog-papers
Tibbs,Mr. Evenson,1178,mudfog-papers
Mr. Evenson,Tibbs,1178,mudfog-papers
Mr. Evenson,Tibbs,1178,mudfog-papers
Tibbs,Mr. Evenson,1178,mudfog-papers
Tibbs,Mr. Evenson,1178,mudfog-papers
Mr. Evenson,Tibbs,1178,mudfog-papers
Mr. Evenson,Tibbs,1178,mudfog-papers
Mr. Wisbottle,Mr. Alfred,1179,mudfog-papers
Mr. Wisbottle,Mr. Evenson,1179,mudfog-papers
Mr. Wisbottle,Agnes,1179,mudfog-papers
Mr. Wisbottle,Mr. O,1179,mudfog-papers
Mr. Wisbottle,Mr. Gobler,1179,mudfog-papers
Mr. Wisbottle,Mr. O,1179,mudfog-papers
Mr. Wisbottle,Gobler,1179,mudfog-papers
Mr. Wisbottle,Bloss,1179,mudfog-papers
Mr. Wisbottle,Agnes,1179,mudfog-papers
Mr. Wisbottle,Mr. O,1179,mudfog-papers
Mr. Alfred,Mr. Wisbottle,1179,mudfog-papers
Mr. Alfred,Mr. Evenson,1179,mudfog-papers
Mr. Alfred,Agnes,1179,mudfog-papers
Mr. Alfred,Mr. O,1179,mudfog-papers
Mr. Alfred,Mr. Gobler,1179,mudfog-papers
Mr. Alfred,Mr. O,1179,mudfog-papers
Mr. Alfred,Gobler,1179,mudfog-papers
Mr. Alfred,Bloss,1179,mudfog-papers
Mr. Alfred,Agnes,1179,mudfog-papers
Mr. Alfred,Mr. O,1179,mudfog-papers
Mr. Evenson,Mr. Wisbottle,1179,mudfog-papers
Mr. Evenson,Mr. Alfred,1179,mudfog-papers
Mr. Evenson,Agnes,1179,mudfog-papers
Mr. Evenson,Mr. O,1179,mudfog-papers
Mr. Evenson,Mr. Gobler,1179,mudfog-papers
Mr. Evenson,Mr. O,1179,mudfog-papers
Mr. Evenson,Gobler,1179,mudfog-papers
Mr. Evenson,Bloss,1179,mudfog-papers
Mr. Evenson,Agnes,1179,mudfog-papers
Mr. Evenson,Mr. O,1179,mudfog-papers
Agnes,Mr. Wisbottle,1179,mudfog-papers
Agnes,Mr. Alfred,1179,mudfog-papers
Agnes,Mr. Evenson,1179,mudfog-papers
Agnes,Mr. O,1179,mudfog-papers
Agnes,Mr. Gobler,1179,mudfog-papers
Agnes,Mr. O,1179,mudfog-papers
Agnes,Gobler,1179,mudfog-papers
Agnes,Bloss,1179,mudfog-papers
Agnes,Mr. O,1179,mudfog-papers
Mr. O,Mr. Wisbottle,1179,mudfog-papers
Mr. O,Mr. Alfred,1179,mudfog-papers
Mr. O,Mr. Evenson,1179,mudfog-papers
Mr. O,Agnes,1179,mudfog-papers
Mr. O,Mr. Gobler,1179,mudfog-papers
Mr. O,Gobler,1179,mudfog-papers
Mr. O,Bloss,1179,mudfog-papers
Mr. O,Agnes,1179,mudfog-papers
Mr. Gobler,Mr. Wisbottle,1179,mudfog-papers
Mr. Gobler,Mr. Alfred,1179,mudfog-papers
Mr. Gobler,Mr. Evenson,1179,mudfog-papers
Mr. Gobler,Agnes,1179,mudfog-papers
Mr. Gobler,Mr. O,1179,mudfog-papers
Mr. Gobler,Mr. O,1179,mudfog-papers
Mr. Gobler,Gobler,1179,mudfog-papers
Mr. Gobler,Bloss,1179,mudfog-papers
Mr. Gobler,Agnes,1179,mudfog-papers
Mr. Gobler,Mr. O,1179,mudfog-papers
Mr. O,Mr. Wisbottle,1179,mudfog-papers
Mr. O,Mr. Alfred,1179,mudfog-papers
Mr. O,Mr. Evenson,1179,mudfog-papers
Mr. O,Agnes,1179,mudfog-papers
Mr. O,Mr. Gobler,1179,mudfog-papers
Mr. O,Gobler,1179,mudfog-papers
Mr. O,Bloss,1179,mudfog-papers
Mr. O,Agnes,1179,mudfog-papers
Gobler,Mr. Wisbottle,1179,mudfog-papers
Gobler,Mr. Alfred,1179,mudfog-papers
Gobler,Mr. Evenson,1179,mudfog-papers
Gobler,Agnes,1179,mudfog-papers
Gobler,Mr. O,1179,mudfog-papers
Gobler,Mr. Gobler,1179,mudfog-papers
Gobler,Mr. O,1179,mudfog-papers
Gobler,Bloss,1179,mudfog-papers
Gobler,Agnes,1179,mudfog-papers
Gobler,Mr. O,1179,mudfog-papers
Bloss,Mr. Wisbottle,1179,mudfog-papers
Bloss,Mr. Alfred,1179,mudfog-papers
Bloss,Mr. Evenson,1179,mudfog-papers
Bloss,Agnes,1179,mudfog-papers
Bloss,Mr. O,1179,mudfog-papers
Bloss,Mr. Gobler,1179,mudfog-papers
Bloss,Mr. O,1179,mudfog-papers
Bloss,Gobler,1179,mudfog-papers
Bloss,Agnes,1179,mudfog-papers
Bloss,Mr. O,1179,mudfog-papers
Agnes,Mr. Wisbottle,1179,mudfog-papers
Agnes,Mr. Alfred,1179,mudfog-papers
Agnes,Mr. Evenson,1179,mudfog-papers
Agnes,Mr. O,1179,mudfog-papers
Agnes,Mr. Gobler,1179,mudfog-papers
Agnes,Mr. O,1179,mudfog-papers
Agnes,Gobler,1179,mudfog-papers
Agnes,Bloss,1179,mudfog-papers
Agnes,Mr. O,1179,mudfog-papers
Mr. O,Mr. Wisbottle,1179,mudfog-papers
Mr. O,Mr. Alfred,1179,mudfog-papers
Mr. O,Mr. Evenson,1179,mudfog-papers
Mr. O,Agnes,1179,mudfog-papers
Mr. O,Mr. Gobler,1179,mudfog-papers
Mr. O,Gobler,1179,mudfog-papers
Mr. O,Bloss,1179,mudfog-papers
Mr. O,Agnes,1179,mudfog-papers
Gobler,Bloss,1180,mudfog-papers
Bloss,Gobler,1180,mudfog-papers
Bloss,Gobler,1180,mudfog-papers
Gobler,Bloss,1180,mudfog-papers
Mr.,Mr. Tibbs,1181,mudfog-papers
Mr. Tibbs,Mr.,1181,mudfog-papers
Mr.,Minns,1185,mudfog-papers
Mr.,Mr. Augustus Minns,1185,mudfog-papers
Mr.,Mr. Octavius Budden,1185,mudfog-papers
Mr.,Mr. Budden,1185,mudfog-papers
Mr.,Master Alexander Augustus Budden,1185,mudfog-papers
Mr.,Mr. Minns,1185,mudfog-papers
Mr.,Mr. Budden,1185,mudfog-papers
Minns,Mr.,1185,mudfog-papers
Minns,Mr. Augustus Minns,1185,mudfog-papers
Minns,Mr. Octavius Budden,1185,mudfog-papers
Minns,Mr. Budden,1185,mudfog-papers
Minns,Master Alexander Augustus Budden,1185,mudfog-papers
Minns,Mr.,1185,mudfog-papers
Minns,Mr. Minns,1185,mudfog-papers
Minns,Mr. Budden,1185,mudfog-papers
Mr. Augustus Minns,Mr.,1185,mudfog-papers
Mr. Augustus Minns,Minns,1185,mudfog-papers
Mr. Augustus Minns,Mr. Octavius Budden,1185,mudfog-papers
Mr. Augustus Minns,Mr. Budden,1185,mudfog-papers
Mr. Augustus Minns,Master Alexander Augustus Budden,1185,mudfog-papers
Mr. Augustus Minns,Mr.,1185,mudfog-papers
Mr. Augustus Minns,Mr. Minns,1185,mudfog-papers
Mr. Augustus Minns,Mr. Budden,1185,mudfog-papers
Mr. Octavius Budden,Mr.,1185,mudfog-papers
Mr. Octavius Budden,Minns,1185,mudfog-papers
Mr. Octavius Budden,Mr. Augustus Minns,1185,mudfog-papers
Mr. Octavius Budden,Mr. Budden,1185,mudfog-papers
Mr. Octavius Budden,Master Alexander Augustus Budden,1185,mudfog-papers
Mr. Octavius Budden,Mr.,1185,mudfog-papers
Mr. Octavius Budden,Mr. Minns,1185,mudfog-papers
Mr. Octavius Budden,Mr. Budden,1185,mudfog-papers
Mr. Budden,Mr.,1185,mudfog-papers
Mr. Budden,Minns,1185,mudfog-papers
Mr. Budden,Mr. Augustus Minns,1185,mudfog-papers
Mr. Budden,Mr. Octavius Budden,1185,mudfog-papers
Mr. Budden,Master Alexander Augustus Budden,1185,mudfog-papers
Mr. Budden,Mr.,1185,mudfog-papers
Mr. Budden,Mr. Minns,1185,mudfog-papers
Master Alexander Augustus Budden,Mr.,1185,mudfog-papers
Master Alexander Augustus Budden,Minns,1185,mudfog-papers
Master Alexander Augustus Budden,Mr. Augustus Minns,1185,mudfog-papers
Master Alexander Augustus Budden,Mr. Octavius Budden,1185,mudfog-papers
Master Alexander Augustus Budden,Mr. Budden,1185,mudfog-papers
Master Alexander Augustus Budden,Mr.,1185,mudfog-papers
Master Alexander Augustus Budden,Mr. Minns,1185,mudfog-papers
Master Alexander Augustus Budden,Mr. Budden,1185,mudfog-papers
Mr.,Minns,1185,mudfog-papers
Mr.,Mr. Augustus Minns,1185,mudfog-papers
Mr.,Mr. Octavius Budden,1185,mudfog-papers
Mr.,Mr. Budden,1185,mudfog-papers
Mr.,Master Alexander Augustus Budden,1185,mudfog-papers
Mr.,Mr. Minns,1185,mudfog-papers
Mr.,Mr. Budden,1185,mudfog-papers
Mr. Minns,Mr.,1185,mudfog-papers
Mr. Minns,Minns,1185,mudfog-papers
Mr. Minns,Mr. Augustus Minns,1185,mudfog-papers
Mr. Minns,Mr. Octavius Budden,1185,mudfog-papers
Mr. Minns,Mr. Budden,1185,mudfog-papers
Mr. Minns,Master Alexander Augustus Budden,1185,mudfog-papers
Mr. Minns,Mr.,1185,mudfog-papers
Mr. Minns,Mr. Budden,1185,mudfog-papers
Mr. Budden,Mr.,1185,mudfog-papers
Mr. Budden,Minns,1185,mudfog-papers
Mr. Budden,Mr. Augustus Minns,1185,mudfog-papers
Mr. Budden,Mr. Octavius Budden,1185,mudfog-papers
Mr. Budden,Master Alexander Augustus Budden,1185,mudfog-papers
Mr. Budden,Mr.,1185,mudfog-papers
Mr. Budden,Mr. Minns,1185,mudfog-papers
Mr. Budden,Minns,1186,mudfog-papers
Minns,Mr. Budden,1186,mudfog-papers
Mr. Budden,Mr. Minns,1188,mudfog-papers
Mr. Budden,Octavius Budden,1188,mudfog-papers
Mr. Minns,Mr. Budden,1188,mudfog-papers
Mr. Minns,Octavius Budden,1188,mudfog-papers
Octavius Budden,Mr. Budden,1188,mudfog-papers
Octavius Budden,Mr. Minns,1188,mudfog-papers
Budden,Minns,1199,mudfog-papers
Minns,Budden,1199,mudfog-papers
Octavius,Minns,1203,mudfog-papers
Octavius,Pon,1203,mudfog-papers
Minns,Octavius,1203,mudfog-papers
Minns,Pon,1203,mudfog-papers
Pon,Octavius,1203,mudfog-papers
Pon,Minns,1203,mudfog-papers
Don,Minns,1208,mudfog-papers
Minns,Don,1208,mudfog-papers
Budden,Minns,1209,mudfog-papers
Budden,Mr. Minns,1209,mudfog-papers
Budden,Minns,1209,mudfog-papers
Minns,Budden,1209,mudfog-papers
Minns,Mr. Minns,1209,mudfog-papers
Mr. Minns,Budden,1209,mudfog-papers
Mr. Minns,Minns,1209,mudfog-papers
Mr. Minns,Minns,1209,mudfog-papers
Minns,Budden,1209,mudfog-papers
Minns,Mr. Minns,1209,mudfog-papers
Budden,Minns,1211,mudfog-papers
Budden,Minns,1211,mudfog-papers
Minns,Budden,1211,mudfog-papers
Minns,Budden,1211,mudfog-papers
Which,Minns,1214,mudfog-papers
Minns,Which,1214,mudfog-papers
Grogus,Minns,1215,mudfog-papers
Minns,Grogus,1215,mudfog-papers
Mr. Minns,Mr. Augustus Minns,1222,mudfog-papers
Mr. Minns,Minns,1222,mudfog-papers
Mr. Augustus Minns,Mr. Minns,1222,mudfog-papers
Mr. Augustus Minns,Minns,1222,mudfog-papers
Minns,Mr. Minns,1222,mudfog-papers
Minns,Mr. Augustus Minns,1222,mudfog-papers
Mr. Minns,Mr.,1232,mudfog-papers
Mr. Minns,Budden,1232,mudfog-papers
Mr.,Mr. Minns,1232,mudfog-papers
Mr.,Budden,1232,mudfog-papers
Mr.,Mr. Minns,1232,mudfog-papers
Budden,Mr. Minns,1232,mudfog-papers
Budden,Mr.,1232,mudfog-papers
Budden,Mr. Minns,1232,mudfog-papers
Mr. Minns,Mr.,1232,mudfog-papers
Mr. Minns,Budden,1232,mudfog-papers
Brogson,Budden,1233,mudfog-papers
Brogson,Annual,1233,mudfog-papers
Brogson,Mr. Minns,1233,mudfog-papers
Budden,Brogson,1233,mudfog-papers
Budden,Annual,1233,mudfog-papers
Budden,Mr. Minns,1233,mudfog-papers
Budden,Brogson,1233,mudfog-papers
Annual,Brogson,1233,mudfog-papers
Annual,Budden,1233,mudfog-papers
Annual,Mr. Minns,1233,mudfog-papers
Annual,Brogson,1233,mudfog-papers
Mr. Minns,Brogson,1233,mudfog-papers
Mr. Minns,Budden,1233,mudfog-papers
Mr. Minns,Annual,1233,mudfog-papers
Mr. Minns,Brogson,1233,mudfog-papers
Brogson,Budden,1233,mudfog-papers
Brogson,Annual,1233,mudfog-papers
Brogson,Mr. Minns,1233,mudfog-papers
Mr.,Minns,1235,mudfog-papers
Mr.,Budden,1235,mudfog-papers
Minns,Mr.,1235,mudfog-papers
Minns,Budden,1235,mudfog-papers
Budden,Mr.,1235,mudfog-papers
Budden,Minns,1235,mudfog-papers
Alexander,Mr. Minns,1242,mudfog-papers
Mr. Minns,Alexander,1242,mudfog-papers
_I_,Minns,1243,mudfog-papers
_I_,Alick,1243,mudfog-papers
Minns,_I_,1243,mudfog-papers
Minns,Alick,1243,mudfog-papers
Alick,_I_,1243,mudfog-papers
Alick,Minns,1243,mudfog-papers
Jones,Budden,1255,mudfog-papers
Budden,Jones,1255,mudfog-papers
Budden,Minns,1258,mudfog-papers
Minns,Budden,1258,mudfog-papers
Certainly,Budden,1264,mudfog-papers
Certainly,Minns,1264,mudfog-papers
Certainly,Mr. Jones,1264,mudfog-papers
Budden,Certainly,1264,mudfog-papers
Budden,Minns,1264,mudfog-papers
Budden,Mr. Jones,1264,mudfog-papers
Minns,Certainly,1264,mudfog-papers
Minns,Budden,1264,mudfog-papers
Minns,Mr. Jones,1264,mudfog-papers
Mr. Jones,Certainly,1264,mudfog-papers
Mr. Jones,Budden,1264,mudfog-papers
Mr. Jones,Minns,1264,mudfog-papers
Mr.,Minns,1267,mudfog-papers
Mr.,Mr. Minns,1267,mudfog-papers
Mr.,Mr. Minns,1267,mudfog-papers
Minns,Mr.,1267,mudfog-papers
Minns,Mr. Minns,1267,mudfog-papers
Minns,Mr. Minns,1267,mudfog-papers
Mr. Minns,Mr.,1267,mudfog-papers
Mr. Minns,Minns,1267,mudfog-papers
Mr. Minns,Mr.,1267,mudfog-papers
Mr. Minns,Minns,1267,mudfog-papers
Mr. Augustus Minns,Mr. Octavius Budden,1268,mudfog-papers
Mr. Augustus Minns,Master Alexander Augustus Budden,1268,mudfog-papers
Mr. Octavius Budden,Mr. Augustus Minns,1268,mudfog-papers
Mr. Octavius Budden,Master Alexander Augustus Budden,1268,mudfog-papers
Master Alexander Augustus Budden,Mr. Augustus Minns,1268,mudfog-papers
Master Alexander Augustus Budden,Mr. Octavius Budden,1268,mudfog-papers
Miss Amelia Crumpton,Miss Maria Crumpton,1271,mudfog-papers
Miss Maria Crumpton,Miss Amelia Crumpton,1271,mudfog-papers
Cornelius Brook Dingwall,Miss Crumpton,1275,mudfog-papers
Cornelius Brook Dingwall,Miss Crumpton,1275,mudfog-papers
Cornelius Brook Dingwall,Miss Crumpton,1275,mudfog-papers
Cornelius Brook Dingwall,Miss Brook Dingwall,1275,mudfog-papers
Miss Crumpton,Cornelius Brook Dingwall,1275,mudfog-papers
Miss Crumpton,Cornelius Brook Dingwall,1275,mudfog-papers
Miss Crumpton,Miss Brook Dingwall,1275,mudfog-papers
Miss Crumpton,Cornelius Brook Dingwall,1275,mudfog-papers
Miss Crumpton,Cornelius Brook Dingwall,1275,mudfog-papers
Miss Crumpton,Miss Brook Dingwall,1275,mudfog-papers
Cornelius Brook Dingwall,Miss Crumpton,1275,mudfog-papers
Cornelius Brook Dingwall,Miss Crumpton,1275,mudfog-papers
Cornelius Brook Dingwall,Miss Crumpton,1275,mudfog-papers
Cornelius Brook Dingwall,Miss Brook Dingwall,1275,mudfog-papers
Miss Crumpton,Cornelius Brook Dingwall,1275,mudfog-papers
Miss Crumpton,Cornelius Brook Dingwall,1275,mudfog-papers
Miss Crumpton,Miss Brook Dingwall,1275,mudfog-papers
Miss Brook Dingwall,Cornelius Brook Dingwall,1275,mudfog-papers
Miss Brook Dingwall,Miss Crumpton,1275,mudfog-papers
Miss Brook Dingwall,Miss Crumpton,1275,mudfog-papers
Miss Brook Dingwall,Cornelius Brook Dingwall,1275,mudfog-papers
Miss Brook Dingwall,Miss Crumpton,1275,mudfog-papers
Cornelius,Brook Dingwall,1283,mudfog-papers
Cornelius,Miss Brook Dingwall,1283,mudfog-papers
Brook Dingwall,Cornelius,1283,mudfog-papers
Brook Dingwall,Miss Brook Dingwall,1283,mudfog-papers
Miss Brook Dingwall,Cornelius,1283,mudfog-papers
Miss Brook Dingwall,Brook Dingwall,1283,mudfog-papers
Cornelius Brook Dingwall,Brook Dingwall,1284,mudfog-papers
Brook Dingwall,Cornelius Brook Dingwall,1284,mudfog-papers
Miss Maria Crumpton,Cornelius Brook Dingwall,1285,mudfog-papers
Cornelius Brook Dingwall,Miss Maria Crumpton,1285,mudfog-papers
Miss Crumpton,Sir Alfred Muggs,1286,mudfog-papers
Sir Alfred Muggs,Miss Crumpton,1286,mudfog-papers
Miss,Crumpton,1287,mudfog-papers
Miss,Cornelius,1287,mudfog-papers
Crumpton,Miss,1287,mudfog-papers
Crumpton,Cornelius,1287,mudfog-papers
Cornelius,Miss,1287,mudfog-papers
Cornelius,Crumpton,1287,mudfog-papers
Miss Crumpton,Maria,1293,mudfog-papers
Maria,Miss Crumpton,1293,mudfog-papers
Brook Dingwall,Miss Brook Dingwall,1296,mudfog-papers
Miss Brook Dingwall,Brook Dingwall,1296,mudfog-papers
Miss Brook Dingwall,Brook Dingwall,1296,mudfog-papers
Brook Dingwall,Miss Brook Dingwall,1296,mudfog-papers
Miss,Lavinia,1300,mudfog-papers
Lavinia,Miss,1300,mudfog-papers
Mr.,Mr. Theodosius,1316,mudfog-papers
Mr. Theodosius,Mr.,1316,mudfog-papers
Signor Lobskini,Coffee,1321,mudfog-papers
Coffee,Signor Lobskini,1321,mudfog-papers
Mr. Hilton,Master,1322,mudfog-papers
Master,Mr. Hilton,1322,mudfog-papers
Miss,Crumpton,1330,mudfog-papers
Miss,Miss Brook Dingwall,1330,mudfog-papers
Crumpton,Miss,1330,mudfog-papers
Crumpton,Miss Brook Dingwall,1330,mudfog-papers
Miss Brook Dingwall,Miss,1330,mudfog-papers
Miss Brook Dingwall,Crumpton,1330,mudfog-papers
Miss Maria Crumpton,Miss Lavinia,1332,mudfog-papers
Miss Lavinia,Miss Maria Crumpton,1332,mudfog-papers
Edward M,Neville Walter,1335,mudfog-papers
Neville Walter,Edward M,1335,mudfog-papers
Neville Walter,Neville,1340,mudfog-papers
Neville Walter,Butler,1340,mudfog-papers
Neville,Neville Walter,1340,mudfog-papers
Neville,Butler,1340,mudfog-papers
Butler,Neville Walter,1340,mudfog-papers
Butler,Neville,1340,mudfog-papers
Mr. Theodosius,Miss Lavinia,1352,mudfog-papers
Miss Lavinia,Mr. Theodosius,1352,mudfog-papers
Cornelius Brook Dingwall,Easter,1353,mudfog-papers
Easter,Cornelius Brook Dingwall,1353,mudfog-papers
Crumpton,Permission,1354,mudfog-papers
Crumpton,Miss Crumpton,1354,mudfog-papers
Crumpton,Maria,1354,mudfog-papers
Permission,Crumpton,1354,mudfog-papers
Permission,Miss Crumpton,1354,mudfog-papers
Permission,Maria,1354,mudfog-papers
Miss Crumpton,Crumpton,1354,mudfog-papers
Miss Crumpton,Permission,1354,mudfog-papers
Miss Crumpton,Maria,1354,mudfog-papers
Maria,Crumpton,1354,mudfog-papers
Maria,Permission,1354,mudfog-papers
Maria,Miss Crumpton,1354,mudfog-papers
Miss,Crumpton,1355,mudfog-papers
Miss,Brook Dingwall,1355,mudfog-papers
Crumpton,Miss,1355,mudfog-papers
Crumpton,Brook Dingwall,1355,mudfog-papers
Brook Dingwall,Miss,1355,mudfog-papers
Brook Dingwall,Crumpton,1355,mudfog-papers
Brook Dingwall,Frederick,1356,mudfog-papers
Frederick,Brook Dingwall,1356,mudfog-papers
Miss Crumpton,Cornelius,1357,mudfog-papers
Cornelius,Miss Crumpton,1357,mudfog-papers
Mr.,Mr. Theodosius,1377,mudfog-papers
Mr. Theodosius,Mr.,1377,mudfog-papers
Cornelius Brook Dingwall,Minerva House,1378,mudfog-papers
Minerva House,Cornelius Brook Dingwall,1378,mudfog-papers
Mr. Joseph,Mr. Joseph Tuggs,1381,mudfog-papers
Mr. Joseph,Mr. Simon Tuggs,1381,mudfog-papers
Mr. Joseph,Miss Charlotte Tuggs,1381,mudfog-papers
Mr. Joseph Tuggs,Mr. Joseph,1381,mudfog-papers
Mr. Joseph Tuggs,Mr. Simon Tuggs,1381,mudfog-papers
Mr. Joseph Tuggs,Miss Charlotte Tuggs,1381,mudfog-papers
Mr. Simon Tuggs,Mr. Joseph,1381,mudfog-papers
Mr. Simon Tuggs,Mr. Joseph Tuggs,1381,mudfog-papers
Mr. Simon Tuggs,Miss Charlotte Tuggs,1381,mudfog-papers
Miss Charlotte Tuggs,Mr. Joseph,1381,mudfog-papers
Miss Charlotte Tuggs,Mr. Joseph Tuggs,1381,mudfog-papers
Miss Charlotte Tuggs,Mr. Simon Tuggs,1381,mudfog-papers
Mr. Joseph Tuggs,Mr. Tuggs,1382,mudfog-papers
Mr. Joseph Tuggs,Miss Tuggs,1382,mudfog-papers
Mr. Joseph Tuggs,Mr. Simon Tuggs,1382,mudfog-papers
Mr. Tuggs,Mr. Joseph Tuggs,1382,mudfog-papers
Mr. Tuggs,Miss Tuggs,1382,mudfog-papers
Mr. Tuggs,Mr. Simon Tuggs,1382,mudfog-papers
Miss Tuggs,Mr. Joseph Tuggs,1382,mudfog-papers
Miss Tuggs,Mr. Tuggs,1382,mudfog-papers
Miss Tuggs,Mr. Simon Tuggs,1382,mudfog-papers
Mr. Simon Tuggs,Mr. Joseph Tuggs,1382,mudfog-papers
Mr. Simon Tuggs,Mr. Tuggs,1382,mudfog-papers
Mr. Simon Tuggs,Miss Tuggs,1382,mudfog-papers
Tuggs,Mr. Simon,1385,mudfog-papers
Mr. Simon,Tuggs,1385,mudfog-papers
Mr.,Simon,1387,mudfog-papers
Mr.,Mr. Joseph Tuggs,1387,mudfog-papers
Simon,Mr.,1387,mudfog-papers
Simon,Mr. Joseph Tuggs,1387,mudfog-papers
Mr. Joseph Tuggs,Mr.,1387,mudfog-papers
Mr. Joseph Tuggs,Simon,1387,mudfog-papers
Miss Tuggs,Mr. Simon Tuggs,1390,mudfog-papers
Mr. Simon Tuggs,Miss Tuggs,1390,mudfog-papers
Mr. Cower,Mr. Tuggs,1392,mudfog-papers
Mr. Cower,Ladies,1392,mudfog-papers
Mr. Cower,Mr. Joseph Tuggs,1392,mudfog-papers
Mr. Tuggs,Mr. Cower,1392,mudfog-papers
Mr. Tuggs,Ladies,1392,mudfog-papers
Mr. Tuggs,Mr. Joseph Tuggs,1392,mudfog-papers
Ladies,Mr. Cower,1392,mudfog-papers
Ladies,Mr. Tuggs,1392,mudfog-papers
Ladies,Mr. Joseph Tuggs,1392,mudfog-papers
Mr. Joseph Tuggs,Mr. Cower,1392,mudfog-papers
Mr. Joseph Tuggs,Mr. Tuggs,1392,mudfog-papers
Mr. Joseph Tuggs,Ladies,1392,mudfog-papers
Simon,Miss Tuggs,1396,mudfog-papers
Simon,Miss Tuggs,1396,mudfog-papers
Miss Tuggs,Simon,1396,mudfog-papers
Miss Tuggs,Simon,1396,mudfog-papers
Mr. Simon Tuggs,Mr. Joseph Tuggs,1398,mudfog-papers
Mr. Joseph Tuggs,Mr. Simon Tuggs,1398,mudfog-papers
Simon,Mr. Joseph Tuggs,1402,mudfog-papers
Mr. Joseph Tuggs,Simon,1402,mudfog-papers
Mr. Joseph Tuggs,Gravesend,1410,mudfog-papers
Gravesend,Mr. Joseph Tuggs,1410,mudfog-papers
Mr. Cymon,Ramsgate,1413,mudfog-papers
Ramsgate,Mr. Cymon,1413,mudfog-papers
Mr.,Cymon Tuggs,1418,mudfog-papers
Cymon Tuggs,Mr.,1418,mudfog-papers
Mr. Cymon Tuggs,Which,1430,mudfog-papers
Which,Mr. Cymon Tuggs,1430,mudfog-papers
Mr. Cymon Tuggs,Miss Charlotta,1436,mudfog-papers
Miss Charlotta,Mr. Cymon Tuggs,1436,mudfog-papers
Tuggs,Mr. Cymon,1438,mudfog-papers
Mr. Cymon,Tuggs,1438,mudfog-papers
Don,Mr. Cymon Tuggs,1441,mudfog-papers
Mr. Cymon Tuggs,Don,1441,mudfog-papers
Mr.,Cymon Tuggs,1447,mudfog-papers
Cymon Tuggs,Mr.,1447,mudfog-papers
Belinda Waters,Mr. Cymon Tuggs,1449,mudfog-papers
Mr. Cymon Tuggs,Belinda Waters,1449,mudfog-papers
Miss Charlotta Tuggs,Mr. Joseph Tuggs,1450,mudfog-papers
Mr. Joseph Tuggs,Miss Charlotta Tuggs,1450,mudfog-papers
Mr. Cymon,Mr. Cymon Tuggs,1456,mudfog-papers
Mr. Cymon Tuggs,Mr. Cymon,1456,mudfog-papers
Werry,Jump,1459,mudfog-papers
Jump,Werry,1459,mudfog-papers
Large,Werry,1461,mudfog-papers
Werry,Large,1461,mudfog-papers
Down,Splendid,1467,mudfog-papers
Down,Back,1467,mudfog-papers
Splendid,Down,1467,mudfog-papers
Splendid,Back,1467,mudfog-papers
Back,Down,1467,mudfog-papers
Back,Splendid,1467,mudfog-papers
Mr.,Cymon,1481,mudfog-papers
Cymon,Mr.,1481,mudfog-papers
Mr. Joseph Tuggs,Srimps,1482,mudfog-papers
Srimps,Mr. Joseph Tuggs,1482,mudfog-papers
Mr. Cymon,How,1485,mudfog-papers
How,Mr. Cymon,1485,mudfog-papers
Cymon,Miss Charlotta,1486,mudfog-papers
Miss Charlotta,Cymon,1486,mudfog-papers
Mr. Joseph Tuggs,Hallo,1488,mudfog-papers
Mr. Joseph Tuggs,Cymon,1488,mudfog-papers
Mr. Joseph Tuggs,Married,1488,mudfog-papers
Hallo,Mr. Joseph Tuggs,1488,mudfog-papers
Hallo,Cymon,1488,mudfog-papers
Hallo,Married,1488,mudfog-papers
Cymon,Mr. Joseph Tuggs,1488,mudfog-papers
Cymon,Hallo,1488,mudfog-papers
Cymon,Married,1488,mudfog-papers
Married,Mr. Joseph Tuggs,1488,mudfog-papers
Married,Hallo,1488,mudfog-papers
Married,Cymon,1488,mudfog-papers
Mr. Joseph Tuggs,Miss Charlotta Tuggs,1492,mudfog-papers
Mr. Joseph Tuggs,Mr. Cymon Tuggs,1492,mudfog-papers
Miss Charlotta Tuggs,Mr. Joseph Tuggs,1492,mudfog-papers
Miss Charlotta Tuggs,Mr. Cymon Tuggs,1492,mudfog-papers
Mr. Cymon Tuggs,Mr. Joseph Tuggs,1492,mudfog-papers
Mr. Cymon Tuggs,Miss Charlotta Tuggs,1492,mudfog-papers
Mr. Joseph Tuggs,Mr. Cymon,1497,mudfog-papers
Mr. Cymon,Mr. Joseph Tuggs,1497,mudfog-papers
Mr. Joseph Tuggs,Miss Charlotta,1500,mudfog-papers
Miss Charlotta,Mr. Joseph Tuggs,1500,mudfog-papers
How,Miss Charlotta Tuggs,1501,mudfog-papers
Miss Charlotta Tuggs,How,1501,mudfog-papers
How,Captain Walter Waters,1502,mudfog-papers
Captain Walter Waters,How,1502,mudfog-papers
Mr. Joseph Tuggs,Queer,1517,mudfog-papers
Mr. Joseph Tuggs,Mr. Cymon Tuggs,1517,mudfog-papers
Queer,Mr. Joseph Tuggs,1517,mudfog-papers
Queer,Mr. Cymon Tuggs,1517,mudfog-papers
Mr. Cymon Tuggs,Mr. Joseph Tuggs,1517,mudfog-papers
Mr. Cymon Tuggs,Queer,1517,mudfog-papers
Mr.,Cymon Tuggs,1528,mudfog-papers
Cymon Tuggs,Mr.,1528,mudfog-papers
Kim,Belinda Waters,1529,mudfog-papers
Kim,Charlotta Tuggs,1529,mudfog-papers
Belinda Waters,Kim,1529,mudfog-papers
Belinda Waters,Charlotta Tuggs,1529,mudfog-papers
Charlotta Tuggs,Kim,1529,mudfog-papers
Charlotta Tuggs,Belinda Waters,1529,mudfog-papers
Mr. Cymon Tuggs,Away,1530,mudfog-papers
Mr. Cymon Tuggs,Cymon,1530,mudfog-papers
Mr. Cymon Tuggs,Cymon,1530,mudfog-papers
Away,Mr. Cymon Tuggs,1530,mudfog-papers
Away,Cymon,1530,mudfog-papers
Away,Cymon,1530,mudfog-papers
Cymon,Mr. Cymon Tuggs,1530,mudfog-papers
Cymon,Away,1530,mudfog-papers
Cymon,Mr. Cymon Tuggs,1530,mudfog-papers
Cymon,Away,1530,mudfog-papers
Mr. Cymon Tuggs,Miss Tuggs,1535,mudfog-papers
Mr. Cymon Tuggs,Miss Tuggs,1535,mudfog-papers
Miss Tuggs,Mr. Cymon Tuggs,1535,mudfog-papers
Miss Tuggs,Mr. Cymon Tuggs,1535,mudfog-papers
Werry,Mr. Cymon,1538,mudfog-papers
Mr. Cymon,Werry,1538,mudfog-papers
Cymon,Cymon Tuggs,1542,mudfog-papers
Cymon Tuggs,Cymon,1542,mudfog-papers
Mr.,Cymon,1545,mudfog-papers
Cymon,Mr.,1545,mudfog-papers
Cymon Tuggs,Mr. Tuggs,1550,mudfog-papers
Cymon Tuggs,Mr. Cymon,1550,mudfog-papers
Mr. Tuggs,Cymon Tuggs,1550,mudfog-papers
Mr. Tuggs,Mr. Cymon,1550,mudfog-papers
Mr. Cymon,Cymon Tuggs,1550,mudfog-papers
Mr. Cymon,Mr. Tuggs,1550,mudfog-papers
Mr. Cymon Tuggs,Mr.,1551,mudfog-papers
Mr. Cymon Tuggs,Miss Tuggs,1551,mudfog-papers
Mr. Cymon Tuggs,Mr. Joseph Tuggs,1551,mudfog-papers
Mr.,Mr. Cymon Tuggs,1551,mudfog-papers
Mr.,Mr. Cymon Tuggs,1551,mudfog-papers
Mr.,Miss Tuggs,1551,mudfog-papers
Mr.,Mr. Joseph Tuggs,1551,mudfog-papers
Mr.,Mr. Cymon Tuggs,1551,mudfog-papers
Mr.,Mr. Cymon Tuggs,1551,mudfog-papers
Mr. Cymon Tuggs,Mr.,1551,mudfog-papers
Mr. Cymon Tuggs,Miss Tuggs,1551,mudfog-papers
Mr. Cymon Tuggs,Mr. Joseph Tuggs,1551,mudfog-papers
Miss Tuggs,Mr. Cymon Tuggs,1551,mudfog-papers
Miss Tuggs,Mr.,1551,mudfog-papers
Miss Tuggs,Mr. Cymon Tuggs,1551,mudfog-papers
Miss Tuggs,Mr. Joseph Tuggs,1551,mudfog-papers
Miss Tuggs,Mr. Cymon Tuggs,1551,mudfog-papers
Miss Tuggs,Mr. Cymon Tuggs,1551,mudfog-papers
Mr. Joseph Tuggs,Mr. Cymon Tuggs,1551,mudfog-papers
Mr. Joseph Tuggs,Mr.,1551,mudfog-papers
Mr. Joseph Tuggs,Mr. Cymon Tuggs,1551,mudfog-papers
Mr. Joseph Tuggs,Miss Tuggs,1551,mudfog-papers
Mr. Joseph Tuggs,Mr. Cymon Tuggs,1551,mudfog-papers
Mr. Joseph Tuggs,Mr. Cymon Tuggs,1551,mudfog-papers
Mr. Cymon Tuggs,Mr.,1551,mudfog-papers
Mr. Cymon Tuggs,Miss Tuggs,1551,mudfog-papers
Mr. Cymon Tuggs,Mr. Joseph Tuggs,1551,mudfog-papers
Mr. Cymon Tuggs,Mr.,1551,mudfog-papers
Mr. Cymon Tuggs,Miss Tuggs,1551,mudfog-papers
Mr. Cymon Tuggs,Mr. Joseph Tuggs,1551,mudfog-papers
Miss Tuggs,Captain Waters,1553,mudfog-papers
Miss Tuggs,Mr. Cymon Tuggs,1553,mudfog-papers
Miss Tuggs,Mr. Joseph Tuggs,1553,mudfog-papers
Captain Waters,Miss Tuggs,1553,mudfog-papers
Captain Waters,Mr. Cymon Tuggs,1553,mudfog-papers
Captain Waters,Mr. Joseph Tuggs,1553,mudfog-papers
Mr. Cymon Tuggs,Miss Tuggs,1553,mudfog-papers
Mr. Cymon Tuggs,Captain Waters,1553,mudfog-papers
Mr. Cymon Tuggs,Mr. Joseph Tuggs,1553,mudfog-papers
Mr. Joseph Tuggs,Miss Tuggs,1553,mudfog-papers
Mr. Joseph Tuggs,Captain Waters,1553,mudfog-papers
Mr. Joseph Tuggs,Mr. Cymon Tuggs,1553,mudfog-papers
Throw,Jane,1563,mudfog-papers
Jane,Throw,1563,mudfog-papers
Rowlands,Macassar Oil,1564,mudfog-papers
Macassar Oil,Rowlands,1564,mudfog-papers
Mr. Cymon Tuggs,Berlins,1571,mudfog-papers
Berlins,Mr. Cymon Tuggs,1571,mudfog-papers
Tippin,Mr. Tippin,1573,mudfog-papers
Tippin,Mr. Tippin,1573,mudfog-papers
Tippin,Miss Tippin,1573,mudfog-papers
Tippin,Master Tippin,1573,mudfog-papers
Mr. Tippin,Tippin,1573,mudfog-papers
Mr. Tippin,Miss Tippin,1573,mudfog-papers
Mr. Tippin,Master Tippin,1573,mudfog-papers
Mr. Tippin,Tippin,1573,mudfog-papers
Mr. Tippin,Miss Tippin,1573,mudfog-papers
Mr. Tippin,Master Tippin,1573,mudfog-papers
Miss Tippin,Tippin,1573,mudfog-papers
Miss Tippin,Mr. Tippin,1573,mudfog-papers
Miss Tippin,Mr. Tippin,1573,mudfog-papers
Miss Tippin,Master Tippin,1573,mudfog-papers
Master Tippin,Tippin,1573,mudfog-papers
Master Tippin,Mr. Tippin,1573,mudfog-papers
Master Tippin,Mr. Tippin,1573,mudfog-papers
Master Tippin,Miss Tippin,1573,mudfog-papers
Mr.,Cymon Tuggs,1577,mudfog-papers
Cymon Tuggs,Mr.,1577,mudfog-papers
Jealous,Mr. Cymon Tuggs,1583,mudfog-papers
Mr. Cymon Tuggs,Jealous,1583,mudfog-papers
Mr.,Cymon Tuggs,1585,mudfog-papers
Cymon Tuggs,Mr.,1585,mudfog-papers
Joseph Tuggs,Charlotta,1595,mudfog-papers
Charlotta,Joseph Tuggs,1595,mudfog-papers
Mr. Cymon Tuggs,Joseph Tuggs,1599,mudfog-papers
Mr. Cymon Tuggs,Cymon Tuggs,1599,mudfog-papers
Joseph Tuggs,Mr. Cymon Tuggs,1599,mudfog-papers
Joseph Tuggs,Cymon Tuggs,1599,mudfog-papers
Cymon Tuggs,Mr. Cymon Tuggs,1599,mudfog-papers
Cymon Tuggs,Joseph Tuggs,1599,mudfog-papers
Joseph Tuggs—and,Mr. Cymon Tuggs,1623,mudfog-papers
Mr. Cymon Tuggs,Joseph Tuggs—and,1623,mudfog-papers
Lieutenant Slaughter,Mr. Joseph Tuggs,1624,mudfog-papers
Lieutenant Slaughter,Mr. Cymon Tuggs,1624,mudfog-papers
Lieutenant Slaughter,Captain Waters,1624,mudfog-papers
Lieutenant Slaughter,Waters,1624,mudfog-papers
Mr. Joseph Tuggs,Lieutenant Slaughter,1624,mudfog-papers
Mr. Joseph Tuggs,Mr. Cymon Tuggs,1624,mudfog-papers
Mr. Joseph Tuggs,Captain Waters,1624,mudfog-papers
Mr. Joseph Tuggs,Waters,1624,mudfog-papers
Mr. Cymon Tuggs,Lieutenant Slaughter,1624,mudfog-papers
Mr. Cymon Tuggs,Mr. Joseph Tuggs,1624,mudfog-papers
Mr. Cymon Tuggs,Captain Waters,1624,mudfog-papers
Mr. Cymon Tuggs,Waters,1624,mudfog-papers
Captain Waters,Lieutenant Slaughter,1624,mudfog-papers
Captain Waters,Mr. Joseph Tuggs,1624,mudfog-papers
Captain Waters,Mr. Cymon Tuggs,1624,mudfog-papers
Captain Waters,Waters,1624,mudfog-papers
Waters,Lieutenant Slaughter,1624,mudfog-papers
Waters,Mr. Joseph Tuggs,1624,mudfog-papers
Waters,Mr. Cymon Tuggs,1624,mudfog-papers
Waters,Captain Waters,1624,mudfog-papers
Teresa,Malderton,1627,mudfog-papers
Malderton,Teresa,1627,mudfog-papers
Horatio Sparkins,Miss Marianne,1630,mudfog-papers
Miss Marianne,Horatio Sparkins,1630,mudfog-papers
Malderton,Teresa,1633,mudfog-papers
Teresa,Malderton,1633,mudfog-papers
Miss,Teresa Malderton,1634,mudfog-papers
Miss,Mr.,1634,mudfog-papers
Miss,Malderton,1634,mudfog-papers
Miss,Miss Malderton,1634,mudfog-papers
Teresa Malderton,Miss,1634,mudfog-papers
Teresa Malderton,Mr.,1634,mudfog-papers
Teresa Malderton,Malderton,1634,mudfog-papers
Teresa Malderton,Miss Malderton,1634,mudfog-papers
Mr.,Miss,1634,mudfog-papers
Mr.,Teresa Malderton,1634,mudfog-papers
Mr.,Malderton,1634,mudfog-papers
Mr.,Miss Malderton,1634,mudfog-papers
Malderton,Miss,1634,mudfog-papers
Malderton,Teresa Malderton,1634,mudfog-papers
Malderton,Mr.,1634,mudfog-papers
Malderton,Miss Malderton,1634,mudfog-papers
Miss Malderton,Miss,1634,mudfog-papers
Miss Malderton,Teresa Malderton,1634,mudfog-papers
Miss Malderton,Mr.,1634,mudfog-papers
Miss Malderton,Malderton,1634,mudfog-papers
Malderton,Mr. Malderton,1638,mudfog-papers
Mr. Malderton,Malderton,1638,mudfog-papers
Mr. Malderton,Camberwell,1642,mudfog-papers
Camberwell,Mr. Malderton,1642,mudfog-papers
Mr.,Malderton,1645,mudfog-papers
Mr.,Lloyd,1645,mudfog-papers
Mr.,Egotism,1645,mudfog-papers
Malderton,Mr.,1645,mudfog-papers
Malderton,Lloyd,1645,mudfog-papers
Malderton,Egotism,1645,mudfog-papers
Lloyd,Mr.,1645,mudfog-papers
Lloyd,Malderton,1645,mudfog-papers
Lloyd,Egotism,1645,mudfog-papers
Egotism,Mr.,1645,mudfog-papers
Egotism,Malderton,1645,mudfog-papers
Egotism,Lloyd,1645,mudfog-papers
Mr. Horatio,Mr. Malderton,1646,mudfog-papers
Mr. Malderton,Mr. Horatio,1646,mudfog-papers
Mr. Frederick Malderton,Mr. Thomas Malderton,1647,mudfog-papers
Mr. Frederick Malderton,George Barnwell,1647,mudfog-papers
Mr. Frederick Malderton,Mr. Horatio Sparkins,1647,mudfog-papers
Mr. Frederick Malderton,Miss Teresa,1647,mudfog-papers
Mr. Frederick Malderton,Malderton,1647,mudfog-papers
Mr. Frederick Malderton,Miss Marianne,1647,mudfog-papers
Mr. Frederick Malderton,Mr. Malderton,1647,mudfog-papers
Mr. Frederick Malderton,Tom,1647,mudfog-papers
Mr. Frederick Malderton,Mr. Horatio Sparkins,1647,mudfog-papers
Mr. Thomas Malderton,Mr. Frederick Malderton,1647,mudfog-papers
Mr. Thomas Malderton,George Barnwell,1647,mudfog-papers
Mr. Thomas Malderton,Mr. Horatio Sparkins,1647,mudfog-papers
Mr. Thomas Malderton,Miss Teresa,1647,mudfog-papers
Mr. Thomas Malderton,Malderton,1647,mudfog-papers
Mr. Thomas Malderton,Miss Marianne,1647,mudfog-papers
Mr. Thomas Malderton,Mr. Malderton,1647,mudfog-papers
Mr. Thomas Malderton,Tom,1647,mudfog-papers
Mr. Thomas Malderton,Mr. Frederick Malderton,1647,mudfog-papers
Mr. Thomas Malderton,Mr. Horatio Sparkins,1647,mudfog-papers
George Barnwell,Mr. Frederick Malderton,1647,mudfog-papers
George Barnwell,Mr. Thomas Malderton,1647,mudfog-papers
George Barnwell,Mr. Horatio Sparkins,1647,mudfog-papers
George Barnwell,Miss Teresa,1647,mudfog-papers
George Barnwell,Malderton,1647,mudfog-papers
George Barnwell,Miss Marianne,1647,mudfog-papers
George Barnwell,Mr. Malderton,1647,mudfog-papers
George Barnwell,Tom,1647,mudfog-papers
George Barnwell,Mr. Frederick Malderton,1647,mudfog-papers
George Barnwell,Mr. Horatio Sparkins,1647,mudfog-papers
Mr. Horatio Sparkins,Mr. Frederick Malderton,1647,mudfog-papers
Mr. Horatio Sparkins,Mr. Thomas Malderton,1647,mudfog-papers
Mr. Horatio Sparkins,George Barnwell,1647,mudfog-papers
Mr. Horatio Sparkins,Miss Teresa,1647,mudfog-papers
Mr. Horatio Sparkins,Malderton,1647,mudfog-papers
Mr. Horatio Sparkins,Miss Marianne,1647,mudfog-papers
Mr. Horatio Sparkins,Mr. Malderton,1647,mudfog-papers
Mr. Horatio Sparkins,Tom,1647,mudfog-papers
Mr. Horatio Sparkins,Mr. Frederick Malderton,1647,mudfog-papers
Miss Teresa,Mr. Frederick Malderton,1647,mudfog-papers
Miss Teresa,Mr. Thomas Malderton,1647,mudfog-papers
Miss Teresa,George Barnwell,1647,mudfog-papers
Miss Teresa,Mr. Horatio Sparkins,1647,mudfog-papers
Miss Teresa,Malderton,1647,mudfog-papers
Miss Teresa,Miss Marianne,1647,mudfog-papers
Miss Teresa,Mr. Malderton,1647,mudfog-papers
Miss Teresa,Tom,1647,mudfog-papers
Miss Teresa,Mr. Frederick Malderton,1647,mudfog-papers
Miss Teresa,Mr. Horatio Sparkins,1647,mudfog-papers
Malderton,Mr. Frederick Malderton,1647,mudfog-papers
Malderton,Mr. Thomas Malderton,1647,mudfog-papers
Malderton,George Barnwell,1647,mudfog-papers
Malderton,Mr. Horatio Sparkins,1647,mudfog-papers
Malderton,Miss Teresa,1647,mudfog-papers
Malderton,Miss Marianne,1647,mudfog-papers
Malderton,Mr. Malderton,1647,mudfog-papers
Malderton,Tom,1647,mudfog-papers
Malderton,Mr. Frederick Malderton,1647,mudfog-papers
Malderton,Mr. Horatio Sparkins,1647,mudfog-papers
Miss Marianne,Mr. Frederick Malderton,1647,mudfog-papers
Miss Marianne,Mr. Thomas Malderton,1647,mudfog-papers
Miss Marianne,George Barnwell,1647,mudfog-papers
Miss Marianne,Mr. Horatio Sparkins,1647,mudfog-papers
Miss Marianne,Miss Teresa,1647,mudfog-papers
Miss Marianne,Malderton,1647,mudfog-papers
Miss Marianne,Mr. Malderton,1647,mudfog-papers
Miss Marianne,Tom,1647,mudfog-papers
Miss Marianne,Mr. Frederick Malderton,1647,mudfog-papers
Miss Marianne,Mr. Horatio Sparkins,1647,mudfog-papers
Mr. Malderton,Mr. Frederick Malderton,1647,mudfog-papers
Mr. Malderton,Mr. Thomas Malderton,1647,mudfog-papers
Mr. Malderton,George Barnwell,1647,mudfog-papers
Mr. Malderton,Mr. Horatio Sparkins,1647,mudfog-papers
Mr. Malderton,Miss Teresa,1647,mudfog-papers
Mr. Malderton,Malderton,1647,mudfog-papers
Mr. Malderton,Miss Marianne,1647,mudfog-papers
Mr. Malderton,Tom,1647,mudfog-papers
Mr. Malderton,Mr. Frederick Malderton,1647,mudfog-papers
Mr. Malderton,Mr. Horatio Sparkins,1647,mudfog-papers
Tom,Mr. Frederick Malderton,1647,mudfog-papers
Tom,Mr. Thomas Malderton,1647,mudfog-papers
Tom,George Barnwell,1647,mudfog-papers
Tom,Mr. Horatio Sparkins,1647,mudfog-papers
Tom,Miss Teresa,1647,mudfog-papers
Tom,Malderton,1647,mudfog-papers
Tom,Miss Marianne,1647,mudfog-papers
Tom,Mr. Malderton,1647,mudfog-papers
Tom,Mr. Frederick Malderton,1647,mudfog-papers
Tom,Mr. Horatio Sparkins,1647,mudfog-papers
Mr. Frederick Malderton,Mr. Thomas Malderton,1647,mudfog-papers
Mr. Frederick Malderton,George Barnwell,1647,mudfog-papers
Mr. Frederick Malderton,Mr. Horatio Sparkins,1647,mudfog-papers
Mr. Frederick Malderton,Miss Teresa,1647,mudfog-papers
Mr. Frederick Malderton,Malderton,1647,mudfog-papers
Mr. Frederick Malderton,Miss Marianne,1647,mudfog-papers
Mr. Frederick Malderton,Mr. Malderton,1647,mudfog-papers
Mr. Frederick Malderton,Tom,1647,mudfog-papers
Mr. Frederick Malderton,Mr. Horatio Sparkins,1647,mudfog-papers
Mr. Horatio Sparkins,Mr. Frederick Malderton,1647,mudfog-papers
Mr. Horatio Sparkins,Mr. Thomas Malderton,1647,mudfog-papers
Mr. Horatio Sparkins,George Barnwell,1647,mudfog-papers
Mr. Horatio Sparkins,Miss Teresa,1647,mudfog-papers
Mr. Horatio Sparkins,Malderton,1647,mudfog-papers
Mr. Horatio Sparkins,Miss Marianne,1647,mudfog-papers
Mr. Horatio Sparkins,Mr. Malderton,1647,mudfog-papers
Mr. Horatio Sparkins,Tom,1647,mudfog-papers
Mr. Horatio Sparkins,Mr. Frederick Malderton,1647,mudfog-papers
Malderton,Mr. Malderton,1649,mudfog-papers
Mr. Malderton,Malderton,1649,mudfog-papers
Malderton,Mr. Malderton,1654,mudfog-papers
Mr. Malderton,Malderton,1654,mudfog-papers
Teresa,Horatio,1658,mudfog-papers
Horatio,Teresa,1658,mudfog-papers
Mr. Sparkins,Teresa,1666,mudfog-papers
Teresa,Mr. Sparkins,1666,mudfog-papers
Camberwell,Mr. Malderton,1671,mudfog-papers
Camberwell,Mr. Horatio Sparkins,1671,mudfog-papers
Mr. Malderton,Camberwell,1671,mudfog-papers
Mr. Malderton,Mr. Horatio Sparkins,1671,mudfog-papers
Mr. Horatio Sparkins,Camberwell,1671,mudfog-papers
Mr. Horatio Sparkins,Mr. Malderton,1671,mudfog-papers
Certainly,Mr. Frederick Malderton,1677,mudfog-papers
Mr. Frederick Malderton,Certainly,1677,mudfog-papers
Mr.,Tom,1679,mudfog-papers
Tom,Mr.,1679,mudfog-papers
Mr. Malderton,Mr. Sparkins,1680,mudfog-papers
Mr. Sparkins,Mr. Malderton,1680,mudfog-papers
Miss Marianne,How,1681,mudfog-papers
How,Miss Marianne,1681,mudfog-papers
Tom,Mr. Horatio Sparkins,1683,mudfog-papers
Mr. Horatio Sparkins,Tom,1683,mudfog-papers
Tom,Miss Teresa,1684,mudfog-papers
Miss Teresa,Tom,1684,mudfog-papers
Tom,Mr.,1685,mudfog-papers
Tom,Malderton,1685,mudfog-papers
Tom,Miss Teresa,1685,mudfog-papers
Tom,Horatio Sparkins,1685,mudfog-papers
Mr.,Tom,1685,mudfog-papers
Mr.,Malderton,1685,mudfog-papers
Mr.,Miss Teresa,1685,mudfog-papers
Mr.,Horatio Sparkins,1685,mudfog-papers
Malderton,Tom,1685,mudfog-papers
Malderton,Mr.,1685,mudfog-papers
Malderton,Miss Teresa,1685,mudfog-papers
Malderton,Horatio Sparkins,1685,mudfog-papers
Miss Teresa,Tom,1685,mudfog-papers
Miss Teresa,Mr.,1685,mudfog-papers
Miss Teresa,Malderton,1685,mudfog-papers
Miss Teresa,Horatio Sparkins,1685,mudfog-papers
Horatio Sparkins,Tom,1685,mudfog-papers
Horatio Sparkins,Mr.,1685,mudfog-papers
Horatio Sparkins,Malderton,1685,mudfog-papers
Horatio Sparkins,Miss Teresa,1685,mudfog-papers
Horatio,Malderton,1686,mudfog-papers
Malderton,Horatio,1686,mudfog-papers
Mr. Malderton,Mr. Sparkins,1687,mudfog-papers
Mr. Sparkins,Mr. Malderton,1687,mudfog-papers
Mr.,Jacob Barton,1688,mudfog-papers
Jacob Barton,Mr.,1688,mudfog-papers
Flamwell,Mr. Malderton,1689,mudfog-papers
Mr. Malderton,Flamwell,1689,mudfog-papers
Mr.,Flamwell,1692,mudfog-papers
Flamwell,Mr.,1692,mudfog-papers
Mr. Sparkins,Tom,1711,mudfog-papers
Mr. Sparkins,Horatio,1711,mudfog-papers
Mr. Sparkins,Astley,1711,mudfog-papers
Mr. Sparkins,Mr. Malderton,1711,mudfog-papers
Mr. Sparkins,Mr. Flamwell,1711,mudfog-papers
Mr. Sparkins,Horatio,1711,mudfog-papers
Tom,Mr. Sparkins,1711,mudfog-papers
Tom,Horatio,1711,mudfog-papers
Tom,Astley,1711,mudfog-papers
Tom,Mr. Sparkins,1711,mudfog-papers
Tom,Mr. Malderton,1711,mudfog-papers
Tom,Mr. Flamwell,1711,mudfog-papers
Tom,Horatio,1711,mudfog-papers
Horatio,Mr. Sparkins,1711,mudfog-papers
Horatio,Tom,1711,mudfog-papers
Horatio,Astley,1711,mudfog-papers
Horatio,Mr. Sparkins,1711,mudfog-papers
Horatio,Mr. Malderton,1711,mudfog-papers
Horatio,Mr. Flamwell,1711,mudfog-papers
Astley,Mr. Sparkins,1711,mudfog-papers
Astley,Tom,1711,mudfog-papers
Astley,Horatio,1711,mudfog-papers
Astley,Mr. Sparkins,1711,mudfog-papers
Astley,Mr. Malderton,1711,mudfog-papers
Astley,Mr. Flamwell,1711,mudfog-papers
Astley,Horatio,1711,mudfog-papers
Mr. Sparkins,Tom,1711,mudfog-papers
Mr. Sparkins,Horatio,1711,mudfog-papers
Mr. Sparkins,Astley,1711,mudfog-papers
Mr. Sparkins,Mr. Malderton,1711,mudfog-papers
Mr. Sparkins,Mr. Flamwell,1711,mudfog-papers
Mr. Sparkins,Horatio,1711,mudfog-papers
Mr. Malderton,Mr. Sparkins,1711,mudfog-papers
Mr. Malderton,Tom,1711,mudfog-papers
Mr. Malderton,Horatio,1711,mudfog-papers
Mr. Malderton,Astley,1711,mudfog-papers
Mr. Malderton,Mr. Sparkins,1711,mudfog-papers
Mr. Malderton,Mr. Flamwell,1711,mudfog-papers
Mr. Malderton,Horatio,1711,mudfog-papers
Mr. Flamwell,Mr. Sparkins,1711,mudfog-papers
Mr. Flamwell,Tom,1711,mudfog-papers
Mr. Flamwell,Horatio,1711,mudfog-papers
Mr. Flamwell,Astley,1711,mudfog-papers
Mr. Flamwell,Mr. Sparkins,1711,mudfog-papers
Mr. Flamwell,Mr. Malderton,1711,mudfog-papers
Mr. Flamwell,Horatio,1711,mudfog-papers
Horatio,Mr. Sparkins,1711,mudfog-papers
Horatio,Tom,1711,mudfog-papers
Horatio,Astley,1711,mudfog-papers
Horatio,Mr. Sparkins,1711,mudfog-papers
Horatio,Mr. Malderton,1711,mudfog-papers
Horatio,Mr. Flamwell,1711,mudfog-papers
Mr. Augustus,Malderton,1712,mudfog-papers
Malderton,Mr. Augustus,1712,mudfog-papers
Sparkins,Malderton,1716,mudfog-papers
Sparkins,John,1716,mudfog-papers
Sparkins,Miss Teresa,1716,mudfog-papers
Sparkins,Miss,1716,mudfog-papers
Sparkins,Mr. Sparkins,1716,mudfog-papers
Malderton,Sparkins,1716,mudfog-papers
Malderton,John,1716,mudfog-papers
Malderton,Miss Teresa,1716,mudfog-papers
Malderton,Miss,1716,mudfog-papers
Malderton,Mr. Sparkins,1716,mudfog-papers
John,Sparkins,1716,mudfog-papers
John,Malderton,1716,mudfog-papers
John,Miss Teresa,1716,mudfog-papers
John,Miss,1716,mudfog-papers
John,Mr. Sparkins,1716,mudfog-papers
Miss Teresa,Sparkins,1716,mudfog-papers
Miss Teresa,Malderton,1716,mudfog-papers
Miss Teresa,John,1716,mudfog-papers
Miss Teresa,Miss,1716,mudfog-papers
Miss Teresa,Mr. Sparkins,1716,mudfog-papers
Miss,Sparkins,1716,mudfog-papers
Miss,Malderton,1716,mudfog-papers
Miss,John,1716,mudfog-papers
Miss,Miss Teresa,1716,mudfog-papers
Miss,Mr. Sparkins,1716,mudfog-papers
Mr. Sparkins,Sparkins,1716,mudfog-papers
Mr. Sparkins,Malderton,1716,mudfog-papers
Mr. Sparkins,John,1716,mudfog-papers
Mr. Sparkins,Miss Teresa,1716,mudfog-papers
Mr. Sparkins,Miss,1716,mudfog-papers
Horatio,Miss Teresa,1717,mudfog-papers
Horatio,Mr. Malderton,1717,mudfog-papers
Horatio,Mr. Barton,1717,mudfog-papers
Miss Teresa,Horatio,1717,mudfog-papers
Miss Teresa,Mr. Malderton,1717,mudfog-papers
Miss Teresa,Mr. Barton,1717,mudfog-papers
Mr. Malderton,Horatio,1717,mudfog-papers
Mr. Malderton,Miss Teresa,1717,mudfog-papers
Mr. Malderton,Mr. Barton,1717,mudfog-papers
Mr. Barton,Horatio,1717,mudfog-papers
Mr. Barton,Miss Teresa,1717,mudfog-papers
Mr. Barton,Mr. Malderton,1717,mudfog-papers
Sir Thomas Noland,Flamwell,1718,mudfog-papers
Sir Thomas Noland,Mr. Malderton,1718,mudfog-papers
Flamwell,Sir Thomas Noland,1718,mudfog-papers
Flamwell,Mr. Malderton,1718,mudfog-papers
Mr. Malderton,Sir Thomas Noland,1718,mudfog-papers
Mr. Malderton,Flamwell,1718,mudfog-papers
_Floury_,Malderton,1727,mudfog-papers
Malderton,_Floury_,1727,mudfog-papers
Mr. Frederick,Horatio,1734,mudfog-papers
Horatio,Mr. Frederick,1734,mudfog-papers
Mr. Sparkins,Malderton,1735,mudfog-papers
Malderton,Mr. Sparkins,1735,mudfog-papers
Mr. Sparkins,Malderton,1737,mudfog-papers
Malderton,Mr. Sparkins,1737,mudfog-papers
Miss Teresa,Horatio,1738,mudfog-papers
Horatio,Miss Teresa,1738,mudfog-papers
Mr. Frederick,Mr. Sparkins,1745,mudfog-papers
Mr. Sparkins,Mr. Frederick,1745,mudfog-papers
How,Malderton,1755,mudfog-papers
Malderton,How,1755,mudfog-papers
Flamwell,Mr. Horatio Sparkins,1757,mudfog-papers
Mr. Horatio Sparkins,Flamwell,1757,mudfog-papers
Mr.,Malderton,1769,mudfog-papers
Mr.,Mr. Barton,1769,mudfog-papers
Malderton,Mr.,1769,mudfog-papers
Malderton,Mr. Barton,1769,mudfog-papers
Mr. Barton,Mr.,1769,mudfog-papers
Mr. Barton,Malderton,1769,mudfog-papers
Sparkins,Flamwell,1771,mudfog-papers
Sparkins,Mr. Delafontaine,1771,mudfog-papers
Flamwell,Sparkins,1771,mudfog-papers
Flamwell,Mr. Delafontaine,1771,mudfog-papers
Mr. Delafontaine,Sparkins,1771,mudfog-papers
Mr. Delafontaine,Flamwell,1771,mudfog-papers
Mr. Malderton,Horatio,1774,mudfog-papers
Horatio,Mr. Malderton,1774,mudfog-papers
Mr. Malderton,Mr. Barton,1776,mudfog-papers
Mr. Malderton,Miss Teresa,1776,mudfog-papers
Mr. Malderton,Mr. Sparkins,1776,mudfog-papers
Mr. Malderton,Mr. Frederick,1776,mudfog-papers
Mr. Malderton,Horatio,1776,mudfog-papers
Mr. Malderton,Mr. Sparkins,1776,mudfog-papers
Mr. Barton,Mr. Malderton,1776,mudfog-papers
Mr. Barton,Miss Teresa,1776,mudfog-papers
Mr. Barton,Mr. Sparkins,1776,mudfog-papers
Mr. Barton,Mr. Frederick,1776,mudfog-papers
Mr. Barton,Horatio,1776,mudfog-papers
Mr. Barton,Mr. Sparkins,1776,mudfog-papers
Miss Teresa,Mr. Malderton,1776,mudfog-papers
Miss Teresa,Mr. Barton,1776,mudfog-papers
Miss Teresa,Mr. Sparkins,1776,mudfog-papers
Miss Teresa,Mr. Frederick,1776,mudfog-papers
Miss Teresa,Horatio,1776,mudfog-papers
Miss Teresa,Mr. Sparkins,1776,mudfog-papers
Mr. Sparkins,Mr. Malderton,1776,mudfog-papers
Mr. Sparkins,Mr. Barton,1776,mudfog-papers
Mr. Sparkins,Miss Teresa,1776,mudfog-papers
Mr. Sparkins,Mr. Frederick,1776,mudfog-papers
Mr. Sparkins,Horatio,1776,mudfog-papers
Mr. Frederick,Mr. Malderton,1776,mudfog-papers
Mr. Frederick,Mr. Barton,1776,mudfog-papers
Mr. Frederick,Miss Teresa,1776,mudfog-papers
Mr. Frederick,Mr. Sparkins,1776,mudfog-papers
Mr. Frederick,Horatio,1776,mudfog-papers
Mr. Frederick,Mr. Sparkins,1776,mudfog-papers
Horatio,Mr. Malderton,1776,mudfog-papers
Horatio,Mr. Barton,1776,mudfog-papers
Horatio,Miss Teresa,1776,mudfog-papers
Horatio,Mr. Sparkins,1776,mudfog-papers
Horatio,Mr. Frederick,1776,mudfog-papers
Horatio,Mr. Sparkins,1776,mudfog-papers
Mr. Sparkins,Mr. Malderton,1776,mudfog-papers
Mr. Sparkins,Mr. Barton,1776,mudfog-papers
Mr. Sparkins,Miss Teresa,1776,mudfog-papers
Mr. Sparkins,Mr. Frederick,1776,mudfog-papers
Mr. Sparkins,Horatio,1776,mudfog-papers
Mr. Sparkins,Malderton,1777,mudfog-papers
Malderton,Mr. Sparkins,1777,mudfog-papers
Malderton,Mr. Sparkins,1777,mudfog-papers
Mr. Sparkins,Malderton,1777,mudfog-papers
Miss Teresa,Mr. Sparkins,1778,mudfog-papers
Miss Teresa,Flamwell,1778,mudfog-papers
Mr. Sparkins,Miss Teresa,1778,mudfog-papers
Mr. Sparkins,Flamwell,1778,mudfog-papers
Flamwell,Miss Teresa,1778,mudfog-papers
Flamwell,Mr. Sparkins,1778,mudfog-papers
Malderton,Jones,1779,mudfog-papers
Malderton,Spruggins,1779,mudfog-papers
Malderton,Smith,1779,mudfog-papers
Malderton,Redmayne,1779,mudfog-papers
Malderton,Mr. Horatio Sparkins,1779,mudfog-papers
Jones,Malderton,1779,mudfog-papers
Jones,Spruggins,1779,mudfog-papers
Jones,Smith,1779,mudfog-papers
Jones,Redmayne,1779,mudfog-papers
Jones,Mr. Horatio Sparkins,1779,mudfog-papers
Spruggins,Malderton,1779,mudfog-papers
Spruggins,Jones,1779,mudfog-papers
Spruggins,Smith,1779,mudfog-papers
Spruggins,Redmayne,1779,mudfog-papers
Spruggins,Mr. Horatio Sparkins,1779,mudfog-papers
Smith,Malderton,1779,mudfog-papers
Smith,Jones,1779,mudfog-papers
Smith,Spruggins,1779,mudfog-papers
Smith,Redmayne,1779,mudfog-papers
Smith,Mr. Horatio Sparkins,1779,mudfog-papers
Redmayne,Malderton,1779,mudfog-papers
Redmayne,Jones,1779,mudfog-papers
Redmayne,Spruggins,1779,mudfog-papers
Redmayne,Smith,1779,mudfog-papers
Redmayne,Mr. Horatio Sparkins,1779,mudfog-papers
Mr. Horatio Sparkins,Malderton,1779,mudfog-papers
Mr. Horatio Sparkins,Jones,1779,mudfog-papers
Mr. Horatio Sparkins,Spruggins,1779,mudfog-papers
Mr. Horatio Sparkins,Smith,1779,mudfog-papers
Mr. Horatio Sparkins,Redmayne,1779,mudfog-papers
Miss Teresa,Mr. Sparkins,1780,mudfog-papers
Mr. Sparkins,Miss Teresa,1780,mudfog-papers
Directly,Smith,1784,mudfog-papers
Directly,Mr. Smith,1784,mudfog-papers
Smith,Directly,1784,mudfog-papers
Smith,Mr. Smith,1784,mudfog-papers
Mr. Smith,Directly,1784,mudfog-papers
Mr. Smith,Smith,1784,mudfog-papers
Mr.,Malderton,1787,mudfog-papers
Mr.,Miss Teresa,1787,mudfog-papers
Malderton,Mr.,1787,mudfog-papers
Malderton,Miss Teresa,1787,mudfog-papers
Miss Teresa,Mr.,1787,mudfog-papers
Miss Teresa,Malderton,1787,mudfog-papers
Teresa,Mr. Samuel Smith,1788,mudfog-papers
Teresa,Almack,1788,mudfog-papers
Teresa,Miss Teresa,1788,mudfog-papers
Teresa,Captain Ross,1788,mudfog-papers
Mr. Samuel Smith,Teresa,1788,mudfog-papers
Mr. Samuel Smith,Almack,1788,mudfog-papers
Mr. Samuel Smith,Miss Teresa,1788,mudfog-papers
Mr. Samuel Smith,Captain Ross,1788,mudfog-papers
Almack,Teresa,1788,mudfog-papers
Almack,Mr. Samuel Smith,1788,mudfog-papers
Almack,Miss Teresa,1788,mudfog-papers
Almack,Captain Ross,1788,mudfog-papers
Miss Teresa,Teresa,1788,mudfog-papers
Miss Teresa,Mr. Samuel Smith,1788,mudfog-papers
Miss Teresa,Almack,1788,mudfog-papers
Miss Teresa,Captain Ross,1788,mudfog-papers
Captain Ross,Teresa,1788,mudfog-papers
Captain Ross,Mr. Samuel Smith,1788,mudfog-papers
Captain Ross,Almack,1788,mudfog-papers
Captain Ross,Miss Teresa,1788,mudfog-papers
Don,Heaven,1848,mudfog-papers
Heaven,Don,1848,mudfog-papers
Mr.,Percy Noakes,1870,mudfog-papers
Mr.,Mr. Percy Noakes,1870,mudfog-papers
Mr.,Mr. Percy Noakes,1870,mudfog-papers
Mr.,Mr. Percy Noakes,1870,mudfog-papers
Mr.,Mr. Percy Noakes,1870,mudfog-papers
Mr.,Mr. Percy Noakes,1870,mudfog-papers
Percy Noakes,Mr.,1870,mudfog-papers
Percy Noakes,Mr. Percy Noakes,1870,mudfog-papers
Percy Noakes,Mr. Percy Noakes,1870,mudfog-papers
Percy Noakes,Mr. Percy Noakes,1870,mudfog-papers
Percy Noakes,Mr. Percy Noakes,1870,mudfog-papers
Percy Noakes,Mr. Percy Noakes,1870,mudfog-papers
Mr. Percy Noakes,Mr.,1870,mudfog-papers
Mr. Percy Noakes,Percy Noakes,1870,mudfog-papers
Mr. Percy Noakes,Mr.,1870,mudfog-papers
Mr. Percy Noakes,Percy Noakes,1870,mudfog-papers
Mr. Percy Noakes,Mr.,1870,mudfog-papers
Mr. Percy Noakes,Percy Noakes,1870,mudfog-papers
Mr. Percy Noakes,Mr.,1870,mudfog-papers
Mr. Percy Noakes,Percy Noakes,1870,mudfog-papers
Mr. Percy Noakes,Mr.,1870,mudfog-papers
Mr. Percy Noakes,Percy Noakes,1870,mudfog-papers
Mr. Percy Noakes,Stubbs,1872,mudfog-papers
Stubbs,Mr. Percy Noakes,1872,mudfog-papers
Mr. Hardy,Taunton,1876,mudfog-papers
Taunton,Mr. Hardy,1876,mudfog-papers
Mr.,Percy Noakes,1880,mudfog-papers
Mr.,Taunton,1880,mudfog-papers
Percy Noakes,Mr.,1880,mudfog-papers
Percy Noakes,Taunton,1880,mudfog-papers
Taunton,Mr.,1880,mudfog-papers
Taunton,Percy Noakes,1880,mudfog-papers
Mr. Percy Noakes,Taunton,1881,mudfog-papers
Mr. Percy Noakes,Miss Emily Taunton,1881,mudfog-papers
Mr. Percy Noakes,Miss Sophia,1881,mudfog-papers
Taunton,Mr. Percy Noakes,1881,mudfog-papers
Taunton,Miss Emily Taunton,1881,mudfog-papers
Taunton,Miss Sophia,1881,mudfog-papers
Miss Emily Taunton,Mr. Percy Noakes,1881,mudfog-papers
Miss Emily Taunton,Taunton,1881,mudfog-papers
Miss Emily Taunton,Miss Sophia,1881,mudfog-papers
Miss Sophia,Mr. Percy Noakes,1881,mudfog-papers
Miss Sophia,Taunton,1881,mudfog-papers
Miss Sophia,Miss Emily Taunton,1881,mudfog-papers
Mr. Noakes,Miss Sophia,1883,mudfog-papers
Miss Sophia,Mr. Noakes,1883,mudfog-papers
Taunton,Emily,1891,mudfog-papers
Emily,Taunton,1891,mudfog-papers
Percy,Taunton,1892,mudfog-papers
Taunton,Percy,1892,mudfog-papers
Hardy,Miss Sophia,1894,mudfog-papers
Hardy,Miss Emily,1894,mudfog-papers
Miss Sophia,Hardy,1894,mudfog-papers
Miss Sophia,Miss Emily,1894,mudfog-papers
Miss Emily,Hardy,1894,mudfog-papers
Miss Emily,Miss Sophia,1894,mudfog-papers
Mr. Hardy,Joe,1895,mudfog-papers
Mr. Hardy,Mr. Percy Noakes,1895,mudfog-papers
Joe,Mr. Hardy,1895,mudfog-papers
Joe,Mr. Percy Noakes,1895,mudfog-papers
Mr. Percy Noakes,Mr. Hardy,1895,mudfog-papers
Mr. Percy Noakes,Joe,1895,mudfog-papers
Mr. Percy Noakes,Mr. Hardy,1901,mudfog-papers
Mr. Hardy,Mr. Percy Noakes,1901,mudfog-papers
Mr. Hardy,Mr. Percy Noakes,1901,mudfog-papers
Mr. Percy Noakes,Mr. Hardy,1901,mudfog-papers
Mr. Loggins,Mr. Samuel Briggs,1902,mudfog-papers
Mr. Loggins,Inn,1902,mudfog-papers
Mr. Loggins,Mr. Percy Noakes,1902,mudfog-papers
Mr. Loggins,Briggs,1902,mudfog-papers
Mr. Loggins,Mr. Samuel,1902,mudfog-papers
Mr. Loggins,Mr. Alexander,1902,mudfog-papers
Mr. Loggins,Taunton,1902,mudfog-papers
Mr. Loggins,Miss Sophia Taunton,1902,mudfog-papers
Mr. Samuel Briggs,Mr. Loggins,1902,mudfog-papers
Mr. Samuel Briggs,Inn,1902,mudfog-papers
Mr. Samuel Briggs,Mr. Percy Noakes,1902,mudfog-papers
Mr. Samuel Briggs,Briggs,1902,mudfog-papers
Mr. Samuel Briggs,Mr. Samuel,1902,mudfog-papers
Mr. Samuel Briggs,Mr. Alexander,1902,mudfog-papers
Mr. Samuel Briggs,Taunton,1902,mudfog-papers
Mr. Samuel Briggs,Miss Sophia Taunton,1902,mudfog-papers
Inn,Mr. Loggins,1902,mudfog-papers
Inn,Mr. Samuel Briggs,1902,mudfog-papers
Inn,Mr. Percy Noakes,1902,mudfog-papers
Inn,Briggs,1902,mudfog-papers
Inn,Mr. Samuel,1902,mudfog-papers
Inn,Mr. Alexander,1902,mudfog-papers
Inn,Taunton,1902,mudfog-papers
Inn,Miss Sophia Taunton,1902,mudfog-papers
Mr. Percy Noakes,Mr. Loggins,1902,mudfog-papers
Mr. Percy Noakes,Mr. Samuel Briggs,1902,mudfog-papers
Mr. Percy Noakes,Inn,1902,mudfog-papers
Mr. Percy Noakes,Briggs,1902,mudfog-papers
Mr. Percy Noakes,Mr. Samuel,1902,mudfog-papers
Mr. Percy Noakes,Mr. Alexander,1902,mudfog-papers
Mr. Percy Noakes,Taunton,1902,mudfog-papers
Mr. Percy Noakes,Miss Sophia Taunton,1902,mudfog-papers
Briggs,Mr. Loggins,1902,mudfog-papers
Briggs,Mr. Samuel Briggs,1902,mudfog-papers
Briggs,Inn,1902,mudfog-papers
Briggs,Mr. Percy Noakes,1902,mudfog-papers
Briggs,Mr. Samuel,1902,mudfog-papers
Briggs,Mr. Alexander,1902,mudfog-papers
Briggs,Taunton,1902,mudfog-papers
Briggs,Miss Sophia Taunton,1902,mudfog-papers
Mr. Samuel,Mr. Loggins,1902,mudfog-papers
Mr. Samuel,Mr. Samuel Briggs,1902,mudfog-papers
Mr. Samuel,Inn,1902,mudfog-papers
Mr. Samuel,Mr. Percy Noakes,1902,mudfog-papers
Mr. Samuel,Briggs,1902,mudfog-papers
Mr. Samuel,Mr. Alexander,1902,mudfog-papers
Mr. Samuel,Taunton,1902,mudfog-papers
Mr. Samuel,Miss Sophia Taunton,1902,mudfog-papers
Mr. Alexander,Mr. Loggins,1902,mudfog-papers
Mr. Alexander,Mr. Samuel Briggs,1902,mudfog-papers
Mr. Alexander,Inn,1902,mudfog-papers
Mr. Alexander,Mr. Percy Noakes,1902,mudfog-papers
Mr. Alexander,Briggs,1902,mudfog-papers
Mr. Alexander,Mr. Samuel,1902,mudfog-papers
Mr. Alexander,Taunton,1902,mudfog-papers
Mr. Alexander,Miss Sophia Taunton,1902,mudfog-papers
Taunton,Mr. Loggins,1902,mudfog-papers
Taunton,Mr. Samuel Briggs,1902,mudfog-papers
Taunton,Inn,1902,mudfog-papers
Taunton,Mr. Percy Noakes,1902,mudfog-papers
Taunton,Briggs,1902,mudfog-papers
Taunton,Mr. Samuel,1902,mudfog-papers
Taunton,Mr. Alexander,1902,mudfog-papers
Taunton,Miss Sophia Taunton,1902,mudfog-papers
Miss Sophia Taunton,Mr. Loggins,1902,mudfog-papers
Miss Sophia Taunton,Mr. Samuel Briggs,1902,mudfog-papers
Miss Sophia Taunton,Inn,1902,mudfog-papers
Miss Sophia Taunton,Mr. Percy Noakes,1902,mudfog-papers
Miss Sophia Taunton,Briggs,1902,mudfog-papers
Miss Sophia Taunton,Mr. Samuel,1902,mudfog-papers
Miss Sophia Taunton,Mr. Alexander,1902,mudfog-papers
Miss Sophia Taunton,Taunton,1902,mudfog-papers
Mr. Samuel Briggs,Taunton,1903,mudfog-papers
Mr. Samuel Briggs,Mr. Alexander,1903,mudfog-papers
Mr. Samuel Briggs,Mr. Alexander,1903,mudfog-papers
Taunton,Mr. Samuel Briggs,1903,mudfog-papers
Taunton,Mr. Alexander,1903,mudfog-papers
Taunton,Mr. Alexander,1903,mudfog-papers
Mr. Alexander,Mr. Samuel Briggs,1903,mudfog-papers
Mr. Alexander,Taunton,1903,mudfog-papers
Mr. Alexander,Mr. Samuel Briggs,1903,mudfog-papers
Mr. Alexander,Taunton,1903,mudfog-papers
Mr. Percy Noakes,William,1904,mudfog-papers
Mr. Percy Noakes,William,1904,mudfog-papers
William,Mr. Percy Noakes,1904,mudfog-papers
William,Mr. Percy Noakes,1904,mudfog-papers
Mr.,Alexander Briggs,1905,mudfog-papers
Mr.,Mr. Percy Noakes,1905,mudfog-papers
Mr.,Mr. Percy Noakes,1905,mudfog-papers
Mr.,Mr. Hardy,1905,mudfog-papers
Mr.,Mr. Percy Noakes,1905,mudfog-papers
Alexander Briggs,Mr.,1905,mudfog-papers
Alexander Briggs,Mr. Percy Noakes,1905,mudfog-papers
Alexander Briggs,Mr. Percy Noakes,1905,mudfog-papers
Alexander Briggs,Mr. Hardy,1905,mudfog-papers
Alexander Briggs,Mr. Percy Noakes,1905,mudfog-papers
Mr. Percy Noakes,Mr.,1905,mudfog-papers
Mr. Percy Noakes,Alexander Briggs,1905,mudfog-papers
Mr. Percy Noakes,Mr. Hardy,1905,mudfog-papers
Mr. Percy Noakes,Mr.,1905,mudfog-papers
Mr. Percy Noakes,Alexander Briggs,1905,mudfog-papers
Mr. Percy Noakes,Mr. Hardy,1905,mudfog-papers
Mr. Hardy,Mr.,1905,mudfog-papers
Mr. Hardy,Alexander Briggs,1905,mudfog-papers
Mr. Hardy,Mr. Percy Noakes,1905,mudfog-papers
Mr. Hardy,Mr. Percy Noakes,1905,mudfog-papers
Mr. Hardy,Mr. Percy Noakes,1905,mudfog-papers
Mr. Percy Noakes,Mr.,1905,mudfog-papers
Mr. Percy Noakes,Alexander Briggs,1905,mudfog-papers
Mr. Percy Noakes,Mr. Hardy,1905,mudfog-papers
Taunton,Mr. Wizzle,1907,mudfog-papers
Taunton,Mr. Simson,1907,mudfog-papers
Taunton,Mr. Percy Noakes,1907,mudfog-papers
Taunton,Mr. Hardy,1907,mudfog-papers
Mr. Wizzle,Taunton,1907,mudfog-papers
Mr. Wizzle,Mr. Simson,1907,mudfog-papers
Mr. Wizzle,Taunton,1907,mudfog-papers
Mr. Wizzle,Mr. Percy Noakes,1907,mudfog-papers
Mr. Wizzle,Mr. Hardy,1907,mudfog-papers
Mr. Simson,Taunton,1907,mudfog-papers
Mr. Simson,Mr. Wizzle,1907,mudfog-papers
Mr. Simson,Taunton,1907,mudfog-papers
Mr. Simson,Mr. Percy Noakes,1907,mudfog-papers
Mr. Simson,Mr. Hardy,1907,mudfog-papers
Taunton,Mr. Wizzle,1907,mudfog-papers
Taunton,Mr. Simson,1907,mudfog-papers
Taunton,Mr. Percy Noakes,1907,mudfog-papers
Taunton,Mr. Hardy,1907,mudfog-papers
Mr. Percy Noakes,Taunton,1907,mudfog-papers
Mr. Percy Noakes,Mr. Wizzle,1907,mudfog-papers
Mr. Percy Noakes,Mr. Simson,1907,mudfog-papers
Mr. Percy Noakes,Taunton,1907,mudfog-papers
Mr. Percy Noakes,Mr. Hardy,1907,mudfog-papers
Mr. Hardy,Taunton,1907,mudfog-papers
Mr. Hardy,Mr. Wizzle,1907,mudfog-papers
Mr. Hardy,Mr. Simson,1907,mudfog-papers
Mr. Hardy,Taunton,1907,mudfog-papers
Mr. Hardy,Mr. Percy Noakes,1907,mudfog-papers
Alexander,Briggs,1909,mudfog-papers
Alexander,Mr. Samuel,1909,mudfog-papers
Alexander,Mr. Alexander Briggs,1909,mudfog-papers
Briggs,Alexander,1909,mudfog-papers
Briggs,Mr. Samuel,1909,mudfog-papers
Briggs,Mr. Alexander Briggs,1909,mudfog-papers
Mr. Samuel,Alexander,1909,mudfog-papers
Mr. Samuel,Briggs,1909,mudfog-papers
Mr. Samuel,Mr. Alexander Briggs,1909,mudfog-papers
Mr. Alexander Briggs,Alexander,1909,mudfog-papers
Mr. Alexander Briggs,Briggs,1909,mudfog-papers
Mr. Alexander Briggs,Mr. Samuel,1909,mudfog-papers
Mr. Percy Noakes,Mr. Alexander Briggs,1910,mudfog-papers
Mr. Alexander Briggs,Mr. Percy Noakes,1910,mudfog-papers
Mr. Alexander Briggs,Mr. Percy Noakes,1910,mudfog-papers
Mr. Percy Noakes,Mr. Alexander Briggs,1910,mudfog-papers
Mr. Percy Noakes,Steam Packet Wharf,1912,mudfog-papers
Mr. Percy Noakes,Mr. Hardy,1912,mudfog-papers
Steam Packet Wharf,Mr. Percy Noakes,1912,mudfog-papers
Steam Packet Wharf,Mr. Percy Noakes,1912,mudfog-papers
Steam Packet Wharf,Mr. Hardy,1912,mudfog-papers
Mr. Percy Noakes,Steam Packet Wharf,1912,mudfog-papers
Mr. Percy Noakes,Mr. Hardy,1912,mudfog-papers
Mr. Hardy,Mr. Percy Noakes,1912,mudfog-papers
Mr. Hardy,Steam Packet Wharf,1912,mudfog-papers
Mr. Hardy,Mr. Percy Noakes,1912,mudfog-papers
Mr. Percy Noakes,Mr. Alexander Briggs,1913,mudfog-papers
Mr. Alexander Briggs,Mr. Percy Noakes,1913,mudfog-papers
Mr. Alexander Briggs,Mr. Percy Noakes,1913,mudfog-papers
Mr. Percy Noakes,Mr. Alexander Briggs,1913,mudfog-papers
Mr.,Percy Noakes,1916,mudfog-papers
Percy Noakes,Mr.,1916,mudfog-papers
Mr.,Percy Noakes,1920,mudfog-papers
Percy Noakes,Mr.,1920,mudfog-papers
Mr.,Percy Noakes,1925,mudfog-papers
Mr.,Mr. Percy Noakes,1925,mudfog-papers
Mr.,Mr. Percy Noakes,1925,mudfog-papers
Percy Noakes,Mr.,1925,mudfog-papers
Percy Noakes,Mr. Percy Noakes,1925,mudfog-papers
Percy Noakes,Mr. Percy Noakes,1925,mudfog-papers
Mr. Percy Noakes,Mr.,1925,mudfog-papers
Mr. Percy Noakes,Percy Noakes,1925,mudfog-papers
Mr. Percy Noakes,Mr.,1925,mudfog-papers
Mr. Percy Noakes,Percy Noakes,1925,mudfog-papers
Jove,Percy,1926,mudfog-papers
Percy,Jove,1926,mudfog-papers
Mr.,Percy Noakes,1935,mudfog-papers
Mr.,Taunton,1935,mudfog-papers
Percy Noakes,Mr.,1935,mudfog-papers
Percy Noakes,Taunton,1935,mudfog-papers
Taunton,Mr.,1935,mudfog-papers
Taunton,Percy Noakes,1935,mudfog-papers
Mr.,Percy Noakes,1937,mudfog-papers
Percy Noakes,Mr.,1937,mudfog-papers
Mr. Wizzle,Taunton,1938,mudfog-papers
Taunton,Mr. Wizzle,1938,mudfog-papers
Percy,Miss Taunton,1939,mudfog-papers
Miss Taunton,Percy,1939,mudfog-papers
Noakes,Hardy,1948,mudfog-papers
Noakes,Jove,1948,mudfog-papers
Hardy,Noakes,1948,mudfog-papers
Hardy,Jove,1948,mudfog-papers
Jove,Noakes,1948,mudfog-papers
Jove,Hardy,1948,mudfog-papers
Hardy,Mr. Hardy,1950,mudfog-papers
Mr. Hardy,Hardy,1950,mudfog-papers
Mr. Fleetwood,Master Fleetwood,1953,mudfog-papers
Mr. Fleetwood,Mr. Wakefield,1953,mudfog-papers
Mr. Fleetwood,Miss Wakefield,1953,mudfog-papers
Master Fleetwood,Mr. Fleetwood,1953,mudfog-papers
Master Fleetwood,Mr. Wakefield,1953,mudfog-papers
Master Fleetwood,Miss Wakefield,1953,mudfog-papers
Mr. Wakefield,Mr. Fleetwood,1953,mudfog-papers
Mr. Wakefield,Master Fleetwood,1953,mudfog-papers
Mr. Wakefield,Miss Wakefield,1953,mudfog-papers
Miss Wakefield,Mr. Fleetwood,1953,mudfog-papers
Miss Wakefield,Master Fleetwood,1953,mudfog-papers
Miss Wakefield,Mr. Wakefield,1953,mudfog-papers
Mr. Hardy,Captain Helves,1954,mudfog-papers
Mr. Hardy,Captain Helves,1954,mudfog-papers
Mr. Hardy,Miss Emily Taunton,1954,mudfog-papers
Mr. Hardy,Miss Sophia Taunton,1954,mudfog-papers
Mr. Hardy,Taunton,1954,mudfog-papers
Mr. Hardy,Miss Julia Briggs,1954,mudfog-papers
Captain Helves,Mr. Hardy,1954,mudfog-papers
Captain Helves,Miss Emily Taunton,1954,mudfog-papers
Captain Helves,Miss Sophia Taunton,1954,mudfog-papers
Captain Helves,Taunton,1954,mudfog-papers
Captain Helves,Miss Julia Briggs,1954,mudfog-papers
Captain Helves,Mr. Hardy,1954,mudfog-papers
Captain Helves,Miss Emily Taunton,1954,mudfog-papers
Captain Helves,Miss Sophia Taunton,1954,mudfog-papers
Captain Helves,Taunton,1954,mudfog-papers
Captain Helves,Miss Julia Briggs,1954,mudfog-papers
Miss Emily Taunton,Mr. Hardy,1954,mudfog-papers
Miss Emily Taunton,Captain Helves,1954,mudfog-papers
Miss Emily Taunton,Captain Helves,1954,mudfog-papers
Miss Emily Taunton,Miss Sophia Taunton,1954,mudfog-papers
Miss Emily Taunton,Taunton,1954,mudfog-papers
Miss Emily Taunton,Miss Julia Briggs,1954,mudfog-papers
Miss Sophia Taunton,Mr. Hardy,1954,mudfog-papers
Miss Sophia Taunton,Captain Helves,1954,mudfog-papers
Miss Sophia Taunton,Captain Helves,1954,mudfog-papers
Miss Sophia Taunton,Miss Emily Taunton,1954,mudfog-papers
Miss Sophia Taunton,Taunton,1954,mudfog-papers
Miss Sophia Taunton,Miss Julia Briggs,1954,mudfog-papers
Taunton,Mr. Hardy,1954,mudfog-papers
Taunton,Captain Helves,1954,mudfog-papers
Taunton,Captain Helves,1954,mudfog-papers
Taunton,Miss Emily Taunton,1954,mudfog-papers
Taunton,Miss Sophia Taunton,1954,mudfog-papers
Taunton,Miss Julia Briggs,1954,mudfog-papers
Miss Julia Briggs,Mr. Hardy,1954,mudfog-papers
Miss Julia Briggs,Captain Helves,1954,mudfog-papers
Miss Julia Briggs,Captain Helves,1954,mudfog-papers
Miss Julia Briggs,Miss Emily Taunton,1954,mudfog-papers
Miss Julia Briggs,Miss Sophia Taunton,1954,mudfog-papers
Miss Julia Briggs,Taunton,1954,mudfog-papers
Mr.,Mr. Percy Noakes,1955,mudfog-papers
Mr. Percy Noakes,Mr.,1955,mudfog-papers
Miss Briggs,Taunton,1962,mudfog-papers
Taunton,Miss Briggs,1962,mudfog-papers
Paul,Heaven,1971,mudfog-papers
Heaven,Paul,1971,mudfog-papers
Misses Briggs,Taunton,1987,mudfog-papers
Misses Briggs,Briggs,1987,mudfog-papers
Misses Briggs,Taunton,1987,mudfog-papers
Taunton,Misses Briggs,1987,mudfog-papers
Taunton,Briggs,1987,mudfog-papers
Briggs,Misses Briggs,1987,mudfog-papers
Briggs,Taunton,1987,mudfog-papers
Briggs,Taunton,1987,mudfog-papers
Taunton,Misses Briggs,1987,mudfog-papers
Taunton,Briggs,1987,mudfog-papers
Jove,Hardy,2012,mudfog-papers
Hardy,Jove,2012,mudfog-papers
Never,Master Fleetwood,2036,mudfog-papers
Never,Miss Wakefield,2036,mudfog-papers
Master Fleetwood,Never,2036,mudfog-papers
Master Fleetwood,Miss Wakefield,2036,mudfog-papers
Miss Wakefield,Never,2036,mudfog-papers
Miss Wakefield,Master Fleetwood,2036,mudfog-papers
Mr.,Hardy,2037,mudfog-papers
Hardy,Mr.,2037,mudfog-papers
Mr. Alexander Briggs,Mr. Samuel Briggs,2038,mudfog-papers
Mr. Samuel Briggs,Mr. Alexander Briggs,2038,mudfog-papers
Helves,Miss Julia Briggs,2040,mudfog-papers
Helves,Mr. Samuel,2040,mudfog-papers
Helves,Payne,2040,mudfog-papers
Helves,Taunton,2040,mudfog-papers
Miss Julia Briggs,Helves,2040,mudfog-papers
Miss Julia Briggs,Mr. Samuel,2040,mudfog-papers
Miss Julia Briggs,Payne,2040,mudfog-papers
Miss Julia Briggs,Taunton,2040,mudfog-papers
Mr. Samuel,Helves,2040,mudfog-papers
Mr. Samuel,Miss Julia Briggs,2040,mudfog-papers
Mr. Samuel,Payne,2040,mudfog-papers
Mr. Samuel,Taunton,2040,mudfog-papers
Payne,Helves,2040,mudfog-papers
Payne,Miss Julia Briggs,2040,mudfog-papers
Payne,Mr. Samuel,2040,mudfog-papers
Payne,Taunton,2040,mudfog-papers
Taunton,Helves,2040,mudfog-papers
Taunton,Miss Julia Briggs,2040,mudfog-papers
Taunton,Mr. Samuel,2040,mudfog-papers
Taunton,Payne,2040,mudfog-papers
Mr.,Percy Noakes,2041,mudfog-papers
Percy Noakes,Mr.,2041,mudfog-papers
Great Winglebury,Mr. So-and-so,2045,mudfog-papers
Mr. So-and-so,Great Winglebury,2045,mudfog-papers
Down,Lady,2047,mudfog-papers
Down,Up,2047,mudfog-papers
Lady,Down,2047,mudfog-papers
Lady,Up,2047,mudfog-papers
Up,Down,2047,mudfog-papers
Up,Lady,2047,mudfog-papers
—Missis,Trott,2053,mudfog-papers
Trott,—Missis,2053,mudfog-papers
Sir,Stiffun,2059,mudfog-papers
Sir,Mr. Trott,2059,mudfog-papers
Stiffun,Sir,2059,mudfog-papers
Stiffun,Mr. Trott,2059,mudfog-papers
Mr. Trott,Sir,2059,mudfog-papers
Mr. Trott,Stiffun,2059,mudfog-papers
Hunter,Mr. Alexander Trott,2063,mudfog-papers
Hunter,Mr. Alexander Trott,2063,mudfog-papers
Mr. Alexander Trott,Hunter,2063,mudfog-papers
Mr. Alexander Trott,Hunter,2063,mudfog-papers
Brown,Horace Hunter,2064,mudfog-papers
Brown,Stiffun,2064,mudfog-papers
Brown,Mr. Alexander Trott,2064,mudfog-papers
Brown,Horace Hunter,2064,mudfog-papers
Brown,Stiffun,2064,mudfog-papers
Brown,Mr. Alexander Trott,2064,mudfog-papers
Horace Hunter,Brown,2064,mudfog-papers
Horace Hunter,Brown,2064,mudfog-papers
Horace Hunter,Stiffun,2064,mudfog-papers
Horace Hunter,Mr. Alexander Trott,2064,mudfog-papers
Stiffun,Brown,2064,mudfog-papers
Stiffun,Brown,2064,mudfog-papers
Stiffun,Horace Hunter,2064,mudfog-papers
Stiffun,Mr. Alexander Trott,2064,mudfog-papers
Mr. Alexander Trott,Brown,2064,mudfog-papers
Mr. Alexander Trott,Brown,2064,mudfog-papers
Mr. Alexander Trott,Horace Hunter,2064,mudfog-papers
Mr. Alexander Trott,Stiffun,2064,mudfog-papers
Mr. Horace Hunter,Mr. Trott,2065,mudfog-papers
Mr. Trott,Mr. Horace Hunter,2065,mudfog-papers
Mr. Alexander Trott,Madeira,2080,mudfog-papers
Mr. Alexander Trott,Horace Hunter,2080,mudfog-papers
Mr. Alexander Trott,Madeira,2080,mudfog-papers
Mr. Alexander Trott,Horace Hunter,2080,mudfog-papers
Madeira,Mr. Alexander Trott,2080,mudfog-papers
Madeira,Mr. Alexander Trott,2080,mudfog-papers
Madeira,Horace Hunter,2080,mudfog-papers
Horace Hunter,Mr. Alexander Trott,2080,mudfog-papers
Horace Hunter,Mr. Alexander Trott,2080,mudfog-papers
Horace Hunter,Madeira,2080,mudfog-papers
Joseph Overton,Miss Julia,2088,mudfog-papers
Miss Julia,Joseph Overton,2088,mudfog-papers
Mr.,Joseph Overton,2092,mudfog-papers
Joseph Overton,Mr.,2092,mudfog-papers
Miss,Dear Lord,2093,mudfog-papers
Dear Lord,Miss,2093,mudfog-papers
Miss Julia,Lord Peter,2097,mudfog-papers
Miss Julia,Berwick,2097,mudfog-papers
Lord Peter,Miss Julia,2097,mudfog-papers
Lord Peter,Berwick,2097,mudfog-papers
Berwick,Miss Julia,2097,mudfog-papers
Berwick,Lord Peter,2097,mudfog-papers
Joseph Overton,Alexander Trott,2104,mudfog-papers
Alexander Trott,Joseph Overton,2104,mudfog-papers
Fear,Trott,2109,mudfog-papers
Trott,Fear,2109,mudfog-papers
Mr. Trott,Horace Hunter,2116,mudfog-papers
Mr. Trott,Joseph Overton,2116,mudfog-papers
Horace Hunter,Mr. Trott,2116,mudfog-papers
Horace Hunter,Joseph Overton,2116,mudfog-papers
Joseph Overton,Mr. Trott,2116,mudfog-papers
Joseph Overton,Horace Hunter,2116,mudfog-papers
Stay,Trott,2124,mudfog-papers
Trott,Stay,2124,mudfog-papers
Lord Peter,Mr. Trott,2132,mudfog-papers
Mr. Trott,Lord Peter,2132,mudfog-papers
Mr. Trott,Wouldn,2134,mudfog-papers
Wouldn,Mr. Trott,2134,mudfog-papers
Overton,Mr. Trott,2141,mudfog-papers
Mr. Trott,Overton,2141,mudfog-papers
Mr. Overton,Trott,2144,mudfog-papers
Trott,Mr. Overton,2144,mudfog-papers
Madman,Listen,2157,mudfog-papers
Madman,Mr. Trott,2157,mudfog-papers
Listen,Madman,2157,mudfog-papers
Listen,Mr. Trott,2157,mudfog-papers
Mr. Trott,Madman,2157,mudfog-papers
Mr. Trott,Listen,2157,mudfog-papers
Mr. Trott,Mr. Alexander Trott,2164,mudfog-papers
Mr. Trott,Mr. Alexander Trott,2164,mudfog-papers
Mr. Trott,Mr. Joseph Overton,2164,mudfog-papers
Mr. Trott,Williamson,2164,mudfog-papers
Mr. Alexander Trott,Mr. Trott,2164,mudfog-papers
Mr. Alexander Trott,Mr. Joseph Overton,2164,mudfog-papers
Mr. Alexander Trott,Williamson,2164,mudfog-papers
Mr. Alexander Trott,Mr. Trott,2164,mudfog-papers
Mr. Alexander Trott,Mr. Joseph Overton,2164,mudfog-papers
Mr. Alexander Trott,Williamson,2164,mudfog-papers
Mr. Joseph Overton,Mr. Trott,2164,mudfog-papers
Mr. Joseph Overton,Mr. Alexander Trott,2164,mudfog-papers
Mr. Joseph Overton,Mr. Alexander Trott,2164,mudfog-papers
Mr. Joseph Overton,Williamson,2164,mudfog-papers
Williamson,Mr. Trott,2164,mudfog-papers
Williamson,Mr. Alexander Trott,2164,mudfog-papers
Williamson,Mr. Alexander Trott,2164,mudfog-papers
Williamson,Mr. Joseph Overton,2164,mudfog-papers
Overton,Mr. Alexander Trott,2165,mudfog-papers
Mr. Alexander Trott,Overton,2165,mudfog-papers
Bravo,Mr. Overton,2166,mudfog-papers
Mr. Overton,Bravo,2166,mudfog-papers
Exert,Mr. Alexander Trott,2170,mudfog-papers
Mr. Alexander Trott,Exert,2170,mudfog-papers
Overton,Mr. Alexander Trott,2172,mudfog-papers
Mr. Alexander Trott,Overton,2172,mudfog-papers
Mr. Alexander Trott,Williamson,2175,mudfog-papers
Williamson,Mr. Alexander Trott,2175,mudfog-papers
Williamson,Mr. Alexander Trott,2175,mudfog-papers
Mr. Alexander Trott,Williamson,2175,mudfog-papers
Mr.,Overton,2176,mudfog-papers
Mr.,Mr. Alexander Trott,2176,mudfog-papers
Overton,Mr.,2176,mudfog-papers
Overton,Mr. Alexander Trott,2176,mudfog-papers
Mr. Alexander Trott,Mr.,2176,mudfog-papers
Mr. Alexander Trott,Overton,2176,mudfog-papers
Bravo,Overton,2182,mudfog-papers
Overton,Bravo,2182,mudfog-papers
Mr. Trott,Help,2183,mudfog-papers
Help,Mr. Trott,2183,mudfog-papers
Tom,Williamson,2186,mudfog-papers
Tom,Mr. Alexander Trott,2186,mudfog-papers
Tom,Miss Julia Manners,2186,mudfog-papers
Williamson,Tom,2186,mudfog-papers
Williamson,Mr. Alexander Trott,2186,mudfog-papers
Williamson,Miss Julia Manners,2186,mudfog-papers
Mr. Alexander Trott,Tom,2186,mudfog-papers
Mr. Alexander Trott,Williamson,2186,mudfog-papers
Mr. Alexander Trott,Miss Julia Manners,2186,mudfog-papers
Miss Julia Manners,Tom,2186,mudfog-papers
Miss Julia Manners,Williamson,2186,mudfog-papers
Miss Julia Manners,Mr. Alexander Trott,2186,mudfog-papers
Mr.,Alexander Trott,2187,mudfog-papers
Mr.,Mr. Trott,2187,mudfog-papers
Mr.,Horace Hunter,2187,mudfog-papers
Alexander Trott,Mr.,2187,mudfog-papers
Alexander Trott,Mr. Trott,2187,mudfog-papers
Alexander Trott,Horace Hunter,2187,mudfog-papers
Mr. Trott,Mr.,2187,mudfog-papers
Mr. Trott,Alexander Trott,2187,mudfog-papers
Mr. Trott,Horace Hunter,2187,mudfog-papers
Horace Hunter,Mr.,2187,mudfog-papers
Horace Hunter,Alexander Trott,2187,mudfog-papers
Horace Hunter,Mr. Trott,2187,mudfog-papers
Hunter,Alexander,2189,mudfog-papers
Alexander,Hunter,2189,mudfog-papers
Miss Julia,Mr. Trott,2190,mudfog-papers
Mr. Trott,Miss Julia,2190,mudfog-papers
Trott,Lord Peter,2197,mudfog-papers
Lord Peter,Trott,2197,mudfog-papers
Stay,Mr. Trott,2201,mudfog-papers
Stay,Miss Julia,2201,mudfog-papers
Mr. Trott,Stay,2201,mudfog-papers
Mr. Trott,Miss Julia,2201,mudfog-papers
Miss Julia,Stay,2201,mudfog-papers
Miss Julia,Mr. Trott,2201,mudfog-papers
Mr. Trott,Emily Brown,2202,mudfog-papers
Mr. Trott,Horace Hunter,2202,mudfog-papers
Mr. Trott,Mr. Hunter,2202,mudfog-papers
Mr. Trott,Horace Hunter,2202,mudfog-papers
Mr. Trott,Alexander Trott,2202,mudfog-papers
Mr. Trott,Emily Brown,2202,mudfog-papers
Mr. Trott,Horace Hunter,2202,mudfog-papers
Mr. Trott,Mr. Hunter,2202,mudfog-papers
Mr. Trott,Horace Hunter,2202,mudfog-papers
Mr. Trott,Alexander Trott,2202,mudfog-papers
Emily Brown,Mr. Trott,2202,mudfog-papers
Emily Brown,Mr. Trott,2202,mudfog-papers
Emily Brown,Horace Hunter,2202,mudfog-papers
Emily Brown,Mr. Hunter,2202,mudfog-papers
Emily Brown,Mr. Trott,2202,mudfog-papers
Emily Brown,Horace Hunter,2202,mudfog-papers
Emily Brown,Alexander Trott,2202,mudfog-papers
Horace Hunter,Mr. Trott,2202,mudfog-papers
Horace Hunter,Mr. Trott,2202,mudfog-papers
Horace Hunter,Emily Brown,2202,mudfog-papers
Horace Hunter,Mr. Hunter,2202,mudfog-papers
Horace Hunter,Mr. Trott,2202,mudfog-papers
Horace Hunter,Alexander Trott,2202,mudfog-papers
Mr. Hunter,Mr. Trott,2202,mudfog-papers
Mr. Hunter,Mr. Trott,2202,mudfog-papers
Mr. Hunter,Emily Brown,2202,mudfog-papers
Mr. Hunter,Horace Hunter,2202,mudfog-papers
Mr. Hunter,Mr. Trott,2202,mudfog-papers
Mr. Hunter,Horace Hunter,2202,mudfog-papers
Mr. Hunter,Alexander Trott,2202,mudfog-papers
Mr. Trott,Emily Brown,2202,mudfog-papers
Mr. Trott,Horace Hunter,2202,mudfog-papers
Mr. Trott,Mr. Hunter,2202,mudfog-papers
Mr. Trott,Horace Hunter,2202,mudfog-papers
Mr. Trott,Alexander Trott,2202,mudfog-papers
Horace Hunter,Mr. Trott,2202,mudfog-papers
Horace Hunter,Mr. Trott,2202,mudfog-papers
Horace Hunter,Emily Brown,2202,mudfog-papers
Horace Hunter,Mr. Hunter,2202,mudfog-papers
Horace Hunter,Mr. Trott,2202,mudfog-papers
Horace Hunter,Alexander Trott,2202,mudfog-papers
Alexander Trott,Mr. Trott,2202,mudfog-papers
Alexander Trott,Mr. Trott,2202,mudfog-papers
Alexander Trott,Emily Brown,2202,mudfog-papers
Alexander Trott,Horace Hunter,2202,mudfog-papers
Alexander Trott,Mr. Hunter,2202,mudfog-papers
Alexander Trott,Mr. Trott,2202,mudfog-papers
Alexander Trott,Horace Hunter,2202,mudfog-papers
Clapham Rise,Mr. Gattleton,2205,mudfog-papers
Clapham Rise,Mr. Gattleton,2205,mudfog-papers
Clapham Rise,Mr. Gattleton,2205,mudfog-papers
Clapham Rise,Rehearsals,2205,mudfog-papers
Clapham Rise,Mr. Sempronius Gattleton,2205,mudfog-papers
Clapham Rise,Miss Lucina,2205,mudfog-papers
Mr. Gattleton,Clapham Rise,2205,mudfog-papers
Mr. Gattleton,Rehearsals,2205,mudfog-papers
Mr. Gattleton,Mr. Sempronius Gattleton,2205,mudfog-papers
Mr. Gattleton,Miss Lucina,2205,mudfog-papers
Mr. Gattleton,Clapham Rise,2205,mudfog-papers
Mr. Gattleton,Rehearsals,2205,mudfog-papers
Mr. Gattleton,Mr. Sempronius Gattleton,2205,mudfog-papers
Mr. Gattleton,Miss Lucina,2205,mudfog-papers
Mr. Gattleton,Clapham Rise,2205,mudfog-papers
Mr. Gattleton,Rehearsals,2205,mudfog-papers
Mr. Gattleton,Mr. Sempronius Gattleton,2205,mudfog-papers
Mr. Gattleton,Miss Lucina,2205,mudfog-papers
Rehearsals,Clapham Rise,2205,mudfog-papers
Rehearsals,Mr. Gattleton,2205,mudfog-papers
Rehearsals,Mr. Gattleton,2205,mudfog-papers
Rehearsals,Mr. Gattleton,2205,mudfog-papers
Rehearsals,Mr. Sempronius Gattleton,2205,mudfog-papers
Rehearsals,Miss Lucina,2205,mudfog-papers
Mr. Sempronius Gattleton,Clapham Rise,2205,mudfog-papers
Mr. Sempronius Gattleton,Mr. Gattleton,2205,mudfog-papers
Mr. Sempronius Gattleton,Mr. Gattleton,2205,mudfog-papers
Mr. Sempronius Gattleton,Mr. Gattleton,2205,mudfog-papers
Mr. Sempronius Gattleton,Rehearsals,2205,mudfog-papers
Mr. Sempronius Gattleton,Miss Lucina,2205,mudfog-papers
Miss Lucina,Clapham Rise,2205,mudfog-papers
Miss Lucina,Mr. Gattleton,2205,mudfog-papers
Miss Lucina,Mr. Gattleton,2205,mudfog-papers
Miss Lucina,Mr. Gattleton,2205,mudfog-papers
Miss Lucina,Rehearsals,2205,mudfog-papers
Miss Lucina,Mr. Sempronius Gattleton,2205,mudfog-papers
Mr. Sempronius,Mr. Gattleton,2206,mudfog-papers
Mr. Sempronius,Evans,2206,mudfog-papers
Mr. Sempronius,_Roderigo_,2206,mudfog-papers
Mr. Sempronius,Mr. Gattleton,2206,mudfog-papers
Mr. Sempronius,Evans,2206,mudfog-papers
Mr. Sempronius,_Roderigo_,2206,mudfog-papers
Mr. Gattleton,Mr. Sempronius,2206,mudfog-papers
Mr. Gattleton,Mr. Sempronius,2206,mudfog-papers
Mr. Gattleton,Evans,2206,mudfog-papers
Mr. Gattleton,_Roderigo_,2206,mudfog-papers
Evans,Mr. Sempronius,2206,mudfog-papers
Evans,Mr. Sempronius,2206,mudfog-papers
Evans,Mr. Gattleton,2206,mudfog-papers
Evans,_Roderigo_,2206,mudfog-papers
_Roderigo_,Mr. Sempronius,2206,mudfog-papers
_Roderigo_,Mr. Sempronius,2206,mudfog-papers
_Roderigo_,Mr. Gattleton,2206,mudfog-papers
_Roderigo_,Evans,2206,mudfog-papers
Beautifully,Miss Gattletons,2207,mudfog-papers
Beautifully,Mr. Evans,2207,mudfog-papers
Beautifully,_Roderigo_,2207,mudfog-papers
Miss Gattletons,Beautifully,2207,mudfog-papers
Miss Gattletons,Mr. Evans,2207,mudfog-papers
Miss Gattletons,_Roderigo_,2207,mudfog-papers
Mr. Evans,Beautifully,2207,mudfog-papers
Mr. Evans,Miss Gattletons,2207,mudfog-papers
Mr. Evans,_Roderigo_,2207,mudfog-papers
_Roderigo_,Beautifully,2207,mudfog-papers
_Roderigo_,Miss Gattletons,2207,mudfog-papers
_Roderigo_,Mr. Evans,2207,mudfog-papers
Mr. Harleigh,Behold,2213,mudfog-papers
Behold,Mr. Harleigh,2213,mudfog-papers
_Fenella_,Tom,2214,mudfog-papers
_Fenella_,Bob,2214,mudfog-papers
_Fenella_,Tom,2214,mudfog-papers
Tom,_Fenella_,2214,mudfog-papers
Tom,Bob,2214,mudfog-papers
Bob,_Fenella_,2214,mudfog-papers
Bob,Tom,2214,mudfog-papers
Bob,Tom,2214,mudfog-papers
Tom,_Fenella_,2214,mudfog-papers
Tom,Bob,2214,mudfog-papers
Gattleton,Joseph Porter,2216,mudfog-papers
Gattleton,Joseph Porter,2216,mudfog-papers
Joseph Porter,Gattleton,2216,mudfog-papers
Joseph Porter,Gattleton,2216,mudfog-papers
Gattleton,Joseph Porter,2222,mudfog-papers
Joseph Porter,Gattleton,2222,mudfog-papers
Porter,Gattleton,2224,mudfog-papers
Gattleton,Porter,2224,mudfog-papers
Miss Caroline,_Fenella_,2225,mudfog-papers
_Fenella_,Miss Caroline,2225,mudfog-papers
Miss Caroline,_Fenella_,2227,mudfog-papers
_Fenella_,Miss Caroline,2227,mudfog-papers
Mr. Thomas Balderstone,Gattleton,2228,mudfog-papers
Gattleton,Mr. Thomas Balderstone,2228,mudfog-papers
Uncle,Tom,2229,mudfog-papers
Tom,Uncle,2229,mudfog-papers
Mr. Balderstone,Joseph Porter,2236,mudfog-papers
Joseph Porter,Mr. Balderstone,2236,mudfog-papers
Gattleton,Joseph Porter,2242,mudfog-papers
Joseph Porter,Gattleton,2242,mudfog-papers
Mr. Gattleton,_Cassio_,2244,mudfog-papers
Mr. Gattleton,Mr. Harleigh,2244,mudfog-papers
Mr. Gattleton,Mr. Evans,2244,mudfog-papers
Mr. Gattleton,_Iago_,2244,mudfog-papers
Mr. Gattleton,Miss Jenkins,2244,mudfog-papers
Mr. Gattleton,Mr. Cape,2244,mudfog-papers
Mr. Gattleton,Mr. Brown,2244,mudfog-papers
_Cassio_,Mr. Gattleton,2244,mudfog-papers
_Cassio_,Mr. Harleigh,2244,mudfog-papers
_Cassio_,Mr. Evans,2244,mudfog-papers
_Cassio_,_Iago_,2244,mudfog-papers
_Cassio_,Miss Jenkins,2244,mudfog-papers
_Cassio_,Mr. Cape,2244,mudfog-papers
_Cassio_,Mr. Brown,2244,mudfog-papers
Mr. Harleigh,Mr. Gattleton,2244,mudfog-papers
Mr. Harleigh,_Cassio_,2244,mudfog-papers
Mr. Harleigh,Mr. Evans,2244,mudfog-papers
Mr. Harleigh,_Iago_,2244,mudfog-papers
Mr. Harleigh,Miss Jenkins,2244,mudfog-papers
Mr. Harleigh,Mr. Cape,2244,mudfog-papers
Mr. Harleigh,Mr. Brown,2244,mudfog-papers
Mr. Evans,Mr. Gattleton,2244,mudfog-papers
Mr. Evans,_Cassio_,2244,mudfog-papers
Mr. Evans,Mr. Harleigh,2244,mudfog-papers
Mr. Evans,_Iago_,2244,mudfog-papers
Mr. Evans,Miss Jenkins,2244,mudfog-papers
Mr. Evans,Mr. Cape,2244,mudfog-papers
Mr. Evans,Mr. Brown,2244,mudfog-papers
_Iago_,Mr. Gattleton,2244,mudfog-papers
_Iago_,_Cassio_,2244,mudfog-papers
_Iago_,Mr. Harleigh,2244,mudfog-papers
_Iago_,Mr. Evans,2244,mudfog-papers
_Iago_,Miss Jenkins,2244,mudfog-papers
_Iago_,Mr. Cape,2244,mudfog-papers
_Iago_,Mr. Brown,2244,mudfog-papers
Miss Jenkins,Mr. Gattleton,2244,mudfog-papers
Miss Jenkins,_Cassio_,2244,mudfog-papers
Miss Jenkins,Mr. Harleigh,2244,mudfog-papers
Miss Jenkins,Mr. Evans,2244,mudfog-papers
Miss Jenkins,_Iago_,2244,mudfog-papers
Miss Jenkins,Mr. Cape,2244,mudfog-papers
Miss Jenkins,Mr. Brown,2244,mudfog-papers
Mr. Cape,Mr. Gattleton,2244,mudfog-papers
Mr. Cape,_Cassio_,2244,mudfog-papers
Mr. Cape,Mr. Harleigh,2244,mudfog-papers
Mr. Cape,Mr. Evans,2244,mudfog-papers
Mr. Cape,_Iago_,2244,mudfog-papers
Mr. Cape,Miss Jenkins,2244,mudfog-papers
Mr. Cape,Mr. Brown,2244,mudfog-papers
Mr. Brown,Mr. Gattleton,2244,mudfog-papers
Mr. Brown,_Cassio_,2244,mudfog-papers
Mr. Brown,Mr. Harleigh,2244,mudfog-papers
Mr. Brown,Mr. Evans,2244,mudfog-papers
Mr. Brown,_Iago_,2244,mudfog-papers
Mr. Brown,Miss Jenkins,2244,mudfog-papers
Mr. Brown,Mr. Cape,2244,mudfog-papers
Sir Thomas Glumper,Joseph Porter,2245,mudfog-papers
Sir Thomas Glumper,Uncle Tom,2245,mudfog-papers
Sir Thomas Glumper,Uncle Tom,2245,mudfog-papers
Sir Thomas Glumper,Uncle Tom,2245,mudfog-papers
Joseph Porter,Sir Thomas Glumper,2245,mudfog-papers
Joseph Porter,Uncle Tom,2245,mudfog-papers
Joseph Porter,Uncle Tom,2245,mudfog-papers
Joseph Porter,Uncle Tom,2245,mudfog-papers
Uncle Tom,Sir Thomas Glumper,2245,mudfog-papers
Uncle Tom,Joseph Porter,2245,mudfog-papers
Uncle Tom,Sir Thomas Glumper,2245,mudfog-papers
Uncle Tom,Joseph Porter,2245,mudfog-papers
Uncle Tom,Sir Thomas Glumper,2245,mudfog-papers
Uncle Tom,Joseph Porter,2245,mudfog-papers
Mr. Brown,Mr. Sempronius,2246,mudfog-papers
Mr. Sempronius,Mr. Brown,2246,mudfog-papers
Porter,Uncle Tom,2248,mudfog-papers
Porter,Mr. Sempronius Gattleton,2248,mudfog-papers
Porter,_Othello_,2248,mudfog-papers
Porter,Mr. Sempronius,2248,mudfog-papers
Uncle Tom,Porter,2248,mudfog-papers
Uncle Tom,Mr. Sempronius Gattleton,2248,mudfog-papers
Uncle Tom,_Othello_,2248,mudfog-papers
Uncle Tom,Mr. Sempronius,2248,mudfog-papers
Mr. Sempronius Gattleton,Porter,2248,mudfog-papers
Mr. Sempronius Gattleton,Uncle Tom,2248,mudfog-papers
Mr. Sempronius Gattleton,_Othello_,2248,mudfog-papers
Mr. Sempronius Gattleton,Mr. Sempronius,2248,mudfog-papers
_Othello_,Porter,2248,mudfog-papers
_Othello_,Uncle Tom,2248,mudfog-papers
_Othello_,Mr. Sempronius Gattleton,2248,mudfog-papers
_Othello_,Mr. Sempronius,2248,mudfog-papers
Mr. Sempronius,Porter,2248,mudfog-papers
Mr. Sempronius,Uncle Tom,2248,mudfog-papers
Mr. Sempronius,Mr. Sempronius Gattleton,2248,mudfog-papers
Mr. Sempronius,_Othello_,2248,mudfog-papers
_Iago_,Mr. Wilson—I,2249,mudfog-papers
_Iago_,Ladies,2249,mudfog-papers
_Iago_,Mr. Wilson,2249,mudfog-papers
_Iago_,Ladies,2249,mudfog-papers
_Iago_,Mr. Sempronius Gattleton,2249,mudfog-papers
Mr. Wilson—I,_Iago_,2249,mudfog-papers
Mr. Wilson—I,Ladies,2249,mudfog-papers
Mr. Wilson—I,Mr. Wilson,2249,mudfog-papers
Mr. Wilson—I,_Iago_,2249,mudfog-papers
Mr. Wilson—I,Ladies,2249,mudfog-papers
Mr. Wilson—I,_Iago_,2249,mudfog-papers
Mr. Wilson—I,Mr. Sempronius Gattleton,2249,mudfog-papers
Ladies,_Iago_,2249,mudfog-papers
Ladies,Mr. Wilson—I,2249,mudfog-papers
Ladies,Mr. Wilson,2249,mudfog-papers
Ladies,_Iago_,2249,mudfog-papers
Ladies,_Iago_,2249,mudfog-papers
Ladies,Mr. Sempronius Gattleton,2249,mudfog-papers
Mr. Wilson,_Iago_,2249,mudfog-papers
Mr. Wilson,Mr. Wilson—I,2249,mudfog-papers
Mr. Wilson,Ladies,2249,mudfog-papers
Mr. Wilson,_Iago_,2249,mudfog-papers
Mr. Wilson,Ladies,2249,mudfog-papers
Mr. Wilson,_Iago_,2249,mudfog-papers
Mr. Wilson,Mr. Sempronius Gattleton,2249,mudfog-papers
_Iago_,Mr. Wilson—I,2249,mudfog-papers
_Iago_,Ladies,2249,mudfog-papers
_Iago_,Mr. Wilson,2249,mudfog-papers
_Iago_,Ladies,2249,mudfog-papers
_Iago_,Mr. Sempronius Gattleton,2249,mudfog-papers
Ladies,_Iago_,2249,mudfog-papers
Ladies,Mr. Wilson—I,2249,mudfog-papers
Ladies,Mr. Wilson,2249,mudfog-papers
Ladies,_Iago_,2249,mudfog-papers
Ladies,_Iago_,2249,mudfog-papers
Ladies,Mr. Sempronius Gattleton,2249,mudfog-papers
_Iago_,Mr. Wilson—I,2249,mudfog-papers
_Iago_,Ladies,2249,mudfog-papers
_Iago_,Mr. Wilson,2249,mudfog-papers
_Iago_,Ladies,2249,mudfog-papers
_Iago_,Mr. Sempronius Gattleton,2249,mudfog-papers
Mr. Sempronius Gattleton,_Iago_,2249,mudfog-papers
Mr. Sempronius Gattleton,Mr. Wilson—I,2249,mudfog-papers
Mr. Sempronius Gattleton,Ladies,2249,mudfog-papers
Mr. Sempronius Gattleton,Mr. Wilson,2249,mudfog-papers
Mr. Sempronius Gattleton,_Iago_,2249,mudfog-papers
Mr. Sempronius Gattleton,Ladies,2249,mudfog-papers
Mr. Sempronius Gattleton,_Iago_,2249,mudfog-papers
Mr. Sempronius,_Iago_,2250,mudfog-papers
Mr. Sempronius,_Iago_,2250,mudfog-papers
Mr. Sempronius,_Othello_,2250,mudfog-papers
Mr. Sempronius,Porter,2250,mudfog-papers
_Iago_,Mr. Sempronius,2250,mudfog-papers
_Iago_,_Othello_,2250,mudfog-papers
_Iago_,Porter,2250,mudfog-papers
_Iago_,Mr. Sempronius,2250,mudfog-papers
_Iago_,_Othello_,2250,mudfog-papers
_Iago_,Porter,2250,mudfog-papers
_Othello_,Mr. Sempronius,2250,mudfog-papers
_Othello_,_Iago_,2250,mudfog-papers
_Othello_,_Iago_,2250,mudfog-papers
_Othello_,Porter,2250,mudfog-papers
Porter,Mr. Sempronius,2250,mudfog-papers
Porter,_Iago_,2250,mudfog-papers
Porter,_Iago_,2250,mudfog-papers
Porter,_Othello_,2250,mudfog-papers
Mr.,Sempronius,2251,mudfog-papers
Sempronius,Mr.,2251,mudfog-papers
Uncle Tom,Porter,2265,mudfog-papers
Porter,Uncle Tom,2265,mudfog-papers
Porter,Uncle Tom,2265,mudfog-papers
Porter,Uncle Tom,2265,mudfog-papers
Uncle Tom,Porter,2265,mudfog-papers
Uncle Tom,Porter,2265,mudfog-papers
Mr. Evans,Mr. Harleigh,2266,mudfog-papers
Mr. Evans,Mr. Harleigh,2266,mudfog-papers
Mr. Harleigh,Mr. Evans,2266,mudfog-papers
Mr. Harleigh,Mr. Evans,2266,mudfog-papers
Joseph Porter,Gattleton,2267,mudfog-papers
Joseph Porter,Swan River,2267,mudfog-papers
Gattleton,Joseph Porter,2267,mudfog-papers
Gattleton,Swan River,2267,mudfog-papers
Swan River,Joseph Porter,2267,mudfog-papers
Swan River,Gattleton,2267,mudfog-papers
Rose,Villa,2268,mudfog-papers
Rose,Joseph Porter,2268,mudfog-papers
Rose,Uncle Tom,2268,mudfog-papers
Villa,Rose,2268,mudfog-papers
Villa,Joseph Porter,2268,mudfog-papers
Villa,Uncle Tom,2268,mudfog-papers
Joseph Porter,Rose,2268,mudfog-papers
Joseph Porter,Villa,2268,mudfog-papers
Joseph Porter,Uncle Tom,2268,mudfog-papers
Uncle Tom,Rose,2268,mudfog-papers
Uncle Tom,Villa,2268,mudfog-papers
Uncle Tom,Joseph Porter,2268,mudfog-papers
Mr.,Watkins Tottle,2274,mudfog-papers
Mr.,Richardson,2274,mudfog-papers
Mr.,Sir Charles Grandison,2274,mudfog-papers
Watkins Tottle,Mr.,2274,mudfog-papers
Watkins Tottle,Richardson,2274,mudfog-papers
Watkins Tottle,Sir Charles Grandison,2274,mudfog-papers
Richardson,Mr.,2274,mudfog-papers
Richardson,Watkins Tottle,2274,mudfog-papers
Richardson,Sir Charles Grandison,2274,mudfog-papers
Sir Charles Grandison,Mr.,2274,mudfog-papers
Sir Charles Grandison,Watkins Tottle,2274,mudfog-papers
Sir Charles Grandison,Richardson,2274,mudfog-papers
Mr.,Watkins Tottle,2275,mudfog-papers
Watkins Tottle,Mr.,2275,mudfog-papers
Mr. Watkins Tottle,Watkins,2279,mudfog-papers
Watkins,Mr. Watkins Tottle,2279,mudfog-papers
How,Gabriel Parsons,2280,mudfog-papers
Gabriel Parsons,How,2280,mudfog-papers
Quite,Mr. Gabriel Parsons,2281,mudfog-papers
Quite,Mr. Watkins Tottle,2281,mudfog-papers
Mr. Gabriel Parsons,Quite,2281,mudfog-papers
Mr. Gabriel Parsons,Mr. Watkins Tottle,2281,mudfog-papers
Mr. Watkins Tottle,Quite,2281,mudfog-papers
Mr. Watkins Tottle,Mr. Gabriel Parsons,2281,mudfog-papers
Mr. Tottle,Mr. Gabriel Parsons,2286,mudfog-papers
Mr. Tottle,Mr. Watkins Tottle,2286,mudfog-papers
Mr. Gabriel Parsons,Mr. Tottle,2286,mudfog-papers
Mr. Gabriel Parsons,Mr. Watkins Tottle,2286,mudfog-papers
Mr. Watkins Tottle,Mr. Tottle,2286,mudfog-papers
Mr. Watkins Tottle,Mr. Gabriel Parsons,2286,mudfog-papers
Egad,Gabriel,2303,mudfog-papers
Gabriel,Egad,2303,mudfog-papers
Mr.,Watkins Tottle,2306,mudfog-papers
Mr.,Mr. Gabriel Parsons,2306,mudfog-papers
Watkins Tottle,Mr.,2306,mudfog-papers
Watkins Tottle,Mr. Gabriel Parsons,2306,mudfog-papers
Mr. Gabriel Parsons,Mr.,2306,mudfog-papers
Mr. Gabriel Parsons,Watkins Tottle,2306,mudfog-papers
Mr.,Watkins Tottle,2308,mudfog-papers
Watkins Tottle,Mr.,2308,mudfog-papers
Mr. Gabriel Parsons,Frank Ross,2313,mudfog-papers
Frank Ross,Mr. Gabriel Parsons,2313,mudfog-papers
Mr. Gabriel Parsons,Tottle,2323,mudfog-papers
Mr. Gabriel Parsons,Tottle,2323,mudfog-papers
Tottle,Mr. Gabriel Parsons,2323,mudfog-papers
Tottle,Mr. Gabriel Parsons,2323,mudfog-papers
Mr.,Watkins Tottle,2324,mudfog-papers
Watkins Tottle,Mr.,2324,mudfog-papers
Mr.,Watkins Tottle,2327,mudfog-papers
Watkins Tottle,Mr.,2327,mudfog-papers
Mr. Parsons,Tottle,2328,mudfog-papers
Tottle,Mr. Parsons,2328,mudfog-papers
Mr. Gabriel Parsons,Gabriel Parsons,2329,mudfog-papers
Gabriel Parsons,Mr. Gabriel Parsons,2329,mudfog-papers
Gabriel Parsons,Mr. Gabriel Parsons,2329,mudfog-papers
Gabriel Parsons,Mr. Gabriel Parsons,2329,mudfog-papers
Mr. Gabriel Parsons,Gabriel Parsons,2329,mudfog-papers
Mr. Gabriel Parsons,Gabriel Parsons,2329,mudfog-papers
Mr.,Watkins Tottle,2331,mudfog-papers
Watkins Tottle,Mr.,2331,mudfog-papers
Mr. Gabriel Parsons,Timson,2332,mudfog-papers
Mr. Gabriel Parsons,Timson,2332,mudfog-papers
Mr. Gabriel Parsons,Mr. Timson,2332,mudfog-papers
Mr. Gabriel Parsons,Mr. Watkins Tottle,2332,mudfog-papers
Mr. Gabriel Parsons,Gabriel,2332,mudfog-papers
Timson,Mr. Gabriel Parsons,2332,mudfog-papers
Timson,Mr. Timson,2332,mudfog-papers
Timson,Mr. Watkins Tottle,2332,mudfog-papers
Timson,Mr. Gabriel Parsons,2332,mudfog-papers
Timson,Gabriel,2332,mudfog-papers
Timson,Mr. Gabriel Parsons,2332,mudfog-papers
Timson,Mr. Timson,2332,mudfog-papers
Timson,Mr. Watkins Tottle,2332,mudfog-papers
Timson,Mr. Gabriel Parsons,2332,mudfog-papers
Timson,Gabriel,2332,mudfog-papers
Mr. Timson,Mr. Gabriel Parsons,2332,mudfog-papers
Mr. Timson,Timson,2332,mudfog-papers
Mr. Timson,Timson,2332,mudfog-papers
Mr. Timson,Mr. Watkins Tottle,2332,mudfog-papers
Mr. Timson,Mr. Gabriel Parsons,2332,mudfog-papers
Mr. Timson,Gabriel,2332,mudfog-papers
Mr. Watkins Tottle,Mr. Gabriel Parsons,2332,mudfog-papers
Mr. Watkins Tottle,Timson,2332,mudfog-papers
Mr. Watkins Tottle,Timson,2332,mudfog-papers
Mr. Watkins Tottle,Mr. Timson,2332,mudfog-papers
Mr. Watkins Tottle,Mr. Gabriel Parsons,2332,mudfog-papers
Mr. Watkins Tottle,Gabriel,2332,mudfog-papers
Mr. Gabriel Parsons,Timson,2332,mudfog-papers
Mr. Gabriel Parsons,Timson,2332,mudfog-papers
Mr. Gabriel Parsons,Mr. Timson,2332,mudfog-papers
Mr. Gabriel Parsons,Mr. Watkins Tottle,2332,mudfog-papers
Mr. Gabriel Parsons,Gabriel,2332,mudfog-papers
Gabriel,Mr. Gabriel Parsons,2332,mudfog-papers
Gabriel,Timson,2332,mudfog-papers
Gabriel,Timson,2332,mudfog-papers
Gabriel,Mr. Timson,2332,mudfog-papers
Gabriel,Mr. Watkins Tottle,2332,mudfog-papers
Gabriel,Mr. Gabriel Parsons,2332,mudfog-papers
Mr.,Timson,2336,mudfog-papers
Mr.,Mr. Watkins Tottle,2336,mudfog-papers
Mr.,Mr. Watkins Tottle,2336,mudfog-papers
Timson,Mr.,2336,mudfog-papers
Timson,Mr. Watkins Tottle,2336,mudfog-papers
Timson,Mr. Watkins Tottle,2336,mudfog-papers
Mr. Watkins Tottle,Mr.,2336,mudfog-papers
Mr. Watkins Tottle,Timson,2336,mudfog-papers
Mr. Watkins Tottle,Mr.,2336,mudfog-papers
Mr. Watkins Tottle,Timson,2336,mudfog-papers
Mr. Timson,Miss Lillerton,2339,mudfog-papers
Miss Lillerton,Mr. Timson,2339,mudfog-papers
Tottle,Charles Timson,2340,mudfog-papers
Charles Timson,Tottle,2340,mudfog-papers
Timson,Parsons,2342,mudfog-papers
Parsons,Timson,2342,mudfog-papers
Certainly,Mr. Watkins Tottle,2344,mudfog-papers
Certainly,Watkins Tottle,2344,mudfog-papers
Mr. Watkins Tottle,Certainly,2344,mudfog-papers
Mr. Watkins Tottle,Watkins Tottle,2344,mudfog-papers
Watkins Tottle,Certainly,2344,mudfog-papers
Watkins Tottle,Mr. Watkins Tottle,2344,mudfog-papers
Mr. Parsons,Miss Lillerton,2346,mudfog-papers
Miss Lillerton,Mr. Parsons,2346,mudfog-papers
Parsons,Mr. Watkins Tottle,2350,mudfog-papers
Parsons,Mr. Watkins Tottle,2350,mudfog-papers
Parsons,Miss Lillerton,2350,mudfog-papers
Parsons,Mr. Watkins Tottle,2350,mudfog-papers
Parsons,Gabriel Parsons,2350,mudfog-papers
Parsons,Miss Lillerton,2350,mudfog-papers
Parsons,Mr. Gabriel Parsons,2350,mudfog-papers
Mr. Watkins Tottle,Parsons,2350,mudfog-papers
Mr. Watkins Tottle,Miss Lillerton,2350,mudfog-papers
Mr. Watkins Tottle,Gabriel Parsons,2350,mudfog-papers
Mr. Watkins Tottle,Miss Lillerton,2350,mudfog-papers
Mr. Watkins Tottle,Mr. Gabriel Parsons,2350,mudfog-papers
Mr. Watkins Tottle,Parsons,2350,mudfog-papers
Mr. Watkins Tottle,Miss Lillerton,2350,mudfog-papers
Mr. Watkins Tottle,Gabriel Parsons,2350,mudfog-papers
Mr. Watkins Tottle,Miss Lillerton,2350,mudfog-papers
Mr. Watkins Tottle,Mr. Gabriel Parsons,2350,mudfog-papers
Miss Lillerton,Parsons,2350,mudfog-papers
Miss Lillerton,Mr. Watkins Tottle,2350,mudfog-papers
Miss Lillerton,Mr. Watkins Tottle,2350,mudfog-papers
Miss Lillerton,Mr. Watkins Tottle,2350,mudfog-papers
Miss Lillerton,Gabriel Parsons,2350,mudfog-papers
Miss Lillerton,Mr. Gabriel Parsons,2350,mudfog-papers
Mr. Watkins Tottle,Parsons,2350,mudfog-papers
Mr. Watkins Tottle,Miss Lillerton,2350,mudfog-papers
Mr. Watkins Tottle,Gabriel Parsons,2350,mudfog-papers
Mr. Watkins Tottle,Miss Lillerton,2350,mudfog-papers
Mr. Watkins Tottle,Mr. Gabriel Parsons,2350,mudfog-papers
Gabriel Parsons,Parsons,2350,mudfog-papers
Gabriel Parsons,Mr. Watkins Tottle,2350,mudfog-papers
Gabriel Parsons,Mr. Watkins Tottle,2350,mudfog-papers
Gabriel Parsons,Miss Lillerton,2350,mudfog-papers
Gabriel Parsons,Mr. Watkins Tottle,2350,mudfog-papers
Gabriel Parsons,Miss Lillerton,2350,mudfog-papers
Gabriel Parsons,Mr. Gabriel Parsons,2350,mudfog-papers
Miss Lillerton,Parsons,2350,mudfog-papers
Miss Lillerton,Mr. Watkins Tottle,2350,mudfog-papers
Miss Lillerton,Mr. Watkins Tottle,2350,mudfog-papers
Miss Lillerton,Mr. Watkins Tottle,2350,mudfog-papers
Miss Lillerton,Gabriel Parsons,2350,mudfog-papers
Miss Lillerton,Mr. Gabriel Parsons,2350,mudfog-papers
Mr. Gabriel Parsons,Parsons,2350,mudfog-papers
Mr. Gabriel Parsons,Mr. Watkins Tottle,2350,mudfog-papers
Mr. Gabriel Parsons,Mr. Watkins Tottle,2350,mudfog-papers
Mr. Gabriel Parsons,Miss Lillerton,2350,mudfog-papers
Mr. Gabriel Parsons,Mr. Watkins Tottle,2350,mudfog-papers
Mr. Gabriel Parsons,Gabriel Parsons,2350,mudfog-papers
Mr. Gabriel Parsons,Miss Lillerton,2350,mudfog-papers
Mr. Gabriel Parsons,Mr. Watkins Tottle,2351,mudfog-papers
Mr. Watkins Tottle,Mr. Gabriel Parsons,2351,mudfog-papers
Mr. Gabriel Parsons,Timson,2355,mudfog-papers
Timson,Mr. Gabriel Parsons,2355,mudfog-papers
Mr. Gabriel Parsons,Fanny,2361,mudfog-papers
Fanny,Mr. Gabriel Parsons,2361,mudfog-papers
Timson,Mr. Watkins Tottle,2362,mudfog-papers
Mr. Watkins Tottle,Timson,2362,mudfog-papers
Fanny,Macassar,2365,mudfog-papers
Fanny,Macassar,2365,mudfog-papers
Macassar,Fanny,2365,mudfog-papers
Macassar,Fanny,2365,mudfog-papers
Fanny,Kensington Gardens,2367,mudfog-papers
Kensington Gardens,Fanny,2367,mudfog-papers
Fanny,Mr. Gabriel Parsons,2373,mudfog-papers
Fanny,Mr. Gabriel Parsons,2373,mudfog-papers
Mr. Gabriel Parsons,Fanny,2373,mudfog-papers
Mr. Gabriel Parsons,Fanny,2373,mudfog-papers
Parsons,Watkins Tottle,2374,mudfog-papers
Watkins Tottle,Parsons,2374,mudfog-papers
Mr. Gabriel Parsons,Fanny,2377,mudfog-papers
Fanny,Mr. Gabriel Parsons,2377,mudfog-papers
Mr. Watkins Tottle,Miss Lillerton,2380,mudfog-papers
Mr. Watkins Tottle,Mr. Timson,2380,mudfog-papers
Mr. Watkins Tottle,Miss Lillerton,2380,mudfog-papers
Mr. Watkins Tottle,Miss Lillerton,2380,mudfog-papers
Mr. Watkins Tottle,Mr. Timson,2380,mudfog-papers
Mr. Watkins Tottle,Miss Lillerton,2380,mudfog-papers
Miss Lillerton,Mr. Watkins Tottle,2380,mudfog-papers
Miss Lillerton,Mr. Watkins Tottle,2380,mudfog-papers
Miss Lillerton,Mr. Timson,2380,mudfog-papers
Miss Lillerton,Mr. Watkins Tottle,2380,mudfog-papers
Miss Lillerton,Mr. Watkins Tottle,2380,mudfog-papers
Mr. Timson,Mr. Watkins Tottle,2380,mudfog-papers
Mr. Timson,Mr. Watkins Tottle,2380,mudfog-papers
Mr. Timson,Miss Lillerton,2380,mudfog-papers
Mr. Timson,Mr. Watkins Tottle,2380,mudfog-papers
Mr. Timson,Mr. Watkins Tottle,2380,mudfog-papers
Mr. Timson,Miss Lillerton,2380,mudfog-papers
Mr. Watkins Tottle,Miss Lillerton,2380,mudfog-papers
Mr. Watkins Tottle,Mr. Timson,2380,mudfog-papers
Mr. Watkins Tottle,Miss Lillerton,2380,mudfog-papers
Mr. Watkins Tottle,Miss Lillerton,2380,mudfog-papers
Mr. Watkins Tottle,Mr. Timson,2380,mudfog-papers
Mr. Watkins Tottle,Miss Lillerton,2380,mudfog-papers
Miss Lillerton,Mr. Watkins Tottle,2380,mudfog-papers
Miss Lillerton,Mr. Watkins Tottle,2380,mudfog-papers
Miss Lillerton,Mr. Timson,2380,mudfog-papers
Miss Lillerton,Mr. Watkins Tottle,2380,mudfog-papers
Miss Lillerton,Mr. Watkins Tottle,2380,mudfog-papers
Mr. Gabriel Parsons,Mr. Watkins Tottle,2381,mudfog-papers
Mr. Watkins Tottle,Mr. Gabriel Parsons,2381,mudfog-papers
Certainly,Mr. Watkins Tottle,2384,mudfog-papers
Mr. Watkins Tottle,Certainly,2384,mudfog-papers
Tom,Mr. Gabriel Parsons,2388,mudfog-papers
Mr. Gabriel Parsons,Tom,2388,mudfog-papers
Tottle,Mr. Gabriel Parsons,2390,mudfog-papers
Tottle,Gabriel,2390,mudfog-papers
Mr. Gabriel Parsons,Tottle,2390,mudfog-papers
Mr. Gabriel Parsons,Gabriel,2390,mudfog-papers
Gabriel,Tottle,2390,mudfog-papers
Gabriel,Mr. Gabriel Parsons,2390,mudfog-papers
Mr.,Gabriel Parsons,2396,mudfog-papers
Mr.,Mr. Watkins Tottle,2396,mudfog-papers
Gabriel Parsons,Mr.,2396,mudfog-papers
Gabriel Parsons,Mr. Watkins Tottle,2396,mudfog-papers
Mr. Watkins Tottle,Mr.,2396,mudfog-papers
Mr. Watkins Tottle,Gabriel Parsons,2396,mudfog-papers
Werry,Mr. Gabriel Parsons,2400,mudfog-papers
Werry,Mr. Watkins Tottle,2400,mudfog-papers
Werry,Mr. Solomon Jacobs,2400,mudfog-papers
Werry,Mr. Watkins Tottle,2400,mudfog-papers
Mr. Gabriel Parsons,Werry,2400,mudfog-papers
Mr. Gabriel Parsons,Mr. Watkins Tottle,2400,mudfog-papers
Mr. Gabriel Parsons,Mr. Solomon Jacobs,2400,mudfog-papers
Mr. Gabriel Parsons,Mr. Watkins Tottle,2400,mudfog-papers
Mr. Watkins Tottle,Werry,2400,mudfog-papers
Mr. Watkins Tottle,Mr. Gabriel Parsons,2400,mudfog-papers
Mr. Watkins Tottle,Mr. Solomon Jacobs,2400,mudfog-papers
Mr. Solomon Jacobs,Werry,2400,mudfog-papers
Mr. Solomon Jacobs,Mr. Gabriel Parsons,2400,mudfog-papers
Mr. Solomon Jacobs,Mr. Watkins Tottle,2400,mudfog-papers
Mr. Solomon Jacobs,Mr. Watkins Tottle,2400,mudfog-papers
Mr. Watkins Tottle,Werry,2400,mudfog-papers
Mr. Watkins Tottle,Mr. Gabriel Parsons,2400,mudfog-papers
Mr. Watkins Tottle,Mr. Solomon Jacobs,2400,mudfog-papers
Mr. Gabriel Parsons,Mr. Solomon Jacobs,2401,mudfog-papers
Mr. Gabriel Parsons,Mr. Solomon Jacobs,2401,mudfog-papers
Mr. Gabriel Parsons,Mr. Solomon Jacobs,2401,mudfog-papers
Mr. Solomon Jacobs,Mr. Gabriel Parsons,2401,mudfog-papers
Mr. Solomon Jacobs,Mr. Gabriel Parsons,2401,mudfog-papers
Mr. Solomon Jacobs,Mr. Gabriel Parsons,2401,mudfog-papers
Mr. Solomon Jacobs,Mr. Gabriel Parsons,2401,mudfog-papers
Mr. Gabriel Parsons,Mr. Solomon Jacobs,2401,mudfog-papers
Mr. Watkins Tottle,Parsons,2403,mudfog-papers
Parsons,Mr. Watkins Tottle,2403,mudfog-papers
Mr.,Gabriel Parsons,2406,mudfog-papers
Mr.,Being,2406,mudfog-papers
Gabriel Parsons,Mr.,2406,mudfog-papers
Gabriel Parsons,Being,2406,mudfog-papers
Being,Mr.,2406,mudfog-papers
Being,Gabriel Parsons,2406,mudfog-papers
Mr. Walker,Mr. Willis,2412,mudfog-papers
Mr. Willis,Mr. Walker,2412,mudfog-papers
Walker,Mr. Gabriel Parsons,2432,mudfog-papers
Mr. Gabriel Parsons,Walker,2432,mudfog-papers
Vell,Mr. Valker,2435,mudfog-papers
Mr. Valker,Vell,2435,mudfog-papers
Mr. Walker,Uncommon,2438,mudfog-papers
Mr. Walker,Sir,2438,mudfog-papers
Mr. Walker,Jacobs,2438,mudfog-papers
Mr. Walker,Vell,2438,mudfog-papers
Mr. Walker,Harry,2438,mudfog-papers
Uncommon,Mr. Walker,2438,mudfog-papers
Uncommon,Sir,2438,mudfog-papers
Uncommon,Jacobs,2438,mudfog-papers
Uncommon,Vell,2438,mudfog-papers
Uncommon,Harry,2438,mudfog-papers
Sir,Mr. Walker,2438,mudfog-papers
Sir,Uncommon,2438,mudfog-papers
Sir,Jacobs,2438,mudfog-papers
Sir,Vell,2438,mudfog-papers
Sir,Harry,2438,mudfog-papers
Jacobs,Mr. Walker,2438,mudfog-papers
Jacobs,Uncommon,2438,mudfog-papers
Jacobs,Sir,2438,mudfog-papers
Jacobs,Vell,2438,mudfog-papers
Jacobs,Harry,2438,mudfog-papers
Vell,Mr. Walker,2438,mudfog-papers
Vell,Uncommon,2438,mudfog-papers
Vell,Sir,2438,mudfog-papers
Vell,Jacobs,2438,mudfog-papers
Vell,Harry,2438,mudfog-papers
Harry,Mr. Walker,2438,mudfog-papers
Harry,Uncommon,2438,mudfog-papers
Harry,Sir,2438,mudfog-papers
Harry,Jacobs,2438,mudfog-papers
Harry,Vell,2438,mudfog-papers
Ikey,Mr. Gabriel Parsons,2439,mudfog-papers
Ikey,Watkins Tottle,2439,mudfog-papers
Ikey,Watkins,2439,mudfog-papers
Ikey,Mr. Gabriel Parsons,2439,mudfog-papers
Mr. Gabriel Parsons,Ikey,2439,mudfog-papers
Mr. Gabriel Parsons,Watkins Tottle,2439,mudfog-papers
Mr. Gabriel Parsons,Watkins,2439,mudfog-papers
Watkins Tottle,Ikey,2439,mudfog-papers
Watkins Tottle,Mr. Gabriel Parsons,2439,mudfog-papers
Watkins Tottle,Watkins,2439,mudfog-papers
Watkins Tottle,Mr. Gabriel Parsons,2439,mudfog-papers
Watkins,Ikey,2439,mudfog-papers
Watkins,Mr. Gabriel Parsons,2439,mudfog-papers
Watkins,Watkins Tottle,2439,mudfog-papers
Watkins,Mr. Gabriel Parsons,2439,mudfog-papers
Mr. Gabriel Parsons,Ikey,2439,mudfog-papers
Mr. Gabriel Parsons,Watkins Tottle,2439,mudfog-papers
Mr. Gabriel Parsons,Watkins,2439,mudfog-papers
Mr.,Gabriel Parsons,2448,mudfog-papers
Gabriel Parsons,Mr.,2448,mudfog-papers
Mr. Gabriel Parsons,Miss Lillerton,2454,mudfog-papers
Miss Lillerton,Mr. Gabriel Parsons,2454,mudfog-papers
Mr.,Watkins Tottle,2461,mudfog-papers
Watkins Tottle,Mr.,2461,mudfog-papers
Mr. Gabriel,Mr. Watkins Tottle,2468,mudfog-papers
Mr. Watkins Tottle,Mr. Gabriel,2468,mudfog-papers
Fanny,Gabriel,2469,mudfog-papers
Gabriel,Fanny,2469,mudfog-papers
Mr. Tottle,Miss Lillerton,2471,mudfog-papers
Mr. Tottle,Watkins,2471,mudfog-papers
Miss Lillerton,Mr. Tottle,2471,mudfog-papers
Miss Lillerton,Watkins,2471,mudfog-papers
Watkins,Mr. Tottle,2471,mudfog-papers
Watkins,Miss Lillerton,2471,mudfog-papers
Pooh,Parsons,2474,mudfog-papers
Pooh,Fanny,2474,mudfog-papers
Parsons,Pooh,2474,mudfog-papers
Parsons,Fanny,2474,mudfog-papers
Fanny,Pooh,2474,mudfog-papers
Fanny,Parsons,2474,mudfog-papers
Fanny,Parsons,2488,mudfog-papers
Parsons,Fanny,2488,mudfog-papers
Mr. Tottle,Miss Lillerton,2492,mudfog-papers
Miss Lillerton,Mr. Tottle,2492,mudfog-papers
Mr.,Watkins Tottle,2493,mudfog-papers
Watkins Tottle,Mr.,2493,mudfog-papers
Miss Lillerton,Mr. Tottle,2500,mudfog-papers
Mr. Tottle,Miss Lillerton,2500,mudfog-papers
Mr.,Gabriel Parsons,2501,mudfog-papers
Mr.,Mr. Watkins Tottle,2501,mudfog-papers
Gabriel Parsons,Mr.,2501,mudfog-papers
Gabriel Parsons,Mr. Watkins Tottle,2501,mudfog-papers
Mr. Watkins Tottle,Mr.,2501,mudfog-papers
Mr. Watkins Tottle,Gabriel Parsons,2501,mudfog-papers
Miss Lillerton,Thank,2504,mudfog-papers
Thank,Miss Lillerton,2504,mudfog-papers
Mr.,Watkins Tottle,2508,mudfog-papers
Mr.,Mr. Gabriel Parsons,2508,mudfog-papers
Watkins Tottle,Mr.,2508,mudfog-papers
Watkins Tottle,Mr. Gabriel Parsons,2508,mudfog-papers
Mr. Gabriel Parsons,Mr.,2508,mudfog-papers
Mr. Gabriel Parsons,Watkins Tottle,2508,mudfog-papers
Fanny,Parsons,2513,mudfog-papers
Parsons,Fanny,2513,mudfog-papers
Gabriel,Martha,2517,mudfog-papers
Martha,Gabriel,2517,mudfog-papers
Parsons,Miss Lillerton,2519,mudfog-papers
Parsons,Gabriel,2519,mudfog-papers
Miss Lillerton,Parsons,2519,mudfog-papers
Miss Lillerton,Gabriel,2519,mudfog-papers
Gabriel,Parsons,2519,mudfog-papers
Gabriel,Miss Lillerton,2519,mudfog-papers
Parsons,Mr. Parsons,2522,mudfog-papers
Mr. Parsons,Parsons,2522,mudfog-papers
Miss Lillerton,Mr. Watkins Tottle,2523,mudfog-papers
Miss Lillerton,Mr. Gabriel Parsons,2523,mudfog-papers
Mr. Watkins Tottle,Miss Lillerton,2523,mudfog-papers
Mr. Watkins Tottle,Mr. Gabriel Parsons,2523,mudfog-papers
Mr. Watkins Tottle,Miss Lillerton,2523,mudfog-papers
Mr. Gabriel Parsons,Miss Lillerton,2523,mudfog-papers
Mr. Gabriel Parsons,Mr. Watkins Tottle,2523,mudfog-papers
Mr. Gabriel Parsons,Miss Lillerton,2523,mudfog-papers
Miss Lillerton,Mr. Watkins Tottle,2523,mudfog-papers
Miss Lillerton,Mr. Gabriel Parsons,2523,mudfog-papers
Don,Parsons,2525,mudfog-papers
Parsons,Don,2525,mudfog-papers
Tea,Miss Lillerton,2527,mudfog-papers
Miss Lillerton,Tea,2527,mudfog-papers
Parsons,Tottle,2528,mudfog-papers
Tottle,Parsons,2528,mudfog-papers
Tottle,Parsons,2529,mudfog-papers
Parsons,Tottle,2529,mudfog-papers
Parsons,Mr. Watkins Tottle,2531,mudfog-papers
Parsons,Miss Lillerton,2531,mudfog-papers
Mr. Watkins Tottle,Parsons,2531,mudfog-papers
Mr. Watkins Tottle,Miss Lillerton,2531,mudfog-papers
Miss Lillerton,Parsons,2531,mudfog-papers
Miss Lillerton,Mr. Watkins Tottle,2531,mudfog-papers
Watkins Tottle,Miss Lillerton,2532,mudfog-papers
Watkins Tottle,Mr. Watkins Tottle,2532,mudfog-papers
Miss Lillerton,Watkins Tottle,2532,mudfog-papers
Miss Lillerton,Mr. Watkins Tottle,2532,mudfog-papers
Mr. Watkins Tottle,Watkins Tottle,2532,mudfog-papers
Mr. Watkins Tottle,Miss Lillerton,2532,mudfog-papers
Hem,Miss Lillerton,2533,mudfog-papers
Hem,Mr. Watkins Tottle,2533,mudfog-papers
Miss Lillerton,Hem,2533,mudfog-papers
Miss Lillerton,Mr. Watkins Tottle,2533,mudfog-papers
Mr. Watkins Tottle,Hem,2533,mudfog-papers
Mr. Watkins Tottle,Miss Lillerton,2533,mudfog-papers
Mr. Tottle,Miss Lillerton,2538,mudfog-papers
Miss Lillerton,Mr. Tottle,2538,mudfog-papers
Madam,Miss Lillerton,2539,mudfog-papers
Miss Lillerton,Madam,2539,mudfog-papers
Mr. Watkins Tottle,Parsons,2541,mudfog-papers
Mr. Watkins Tottle,Miss Lillerton,2541,mudfog-papers
Parsons,Mr. Watkins Tottle,2541,mudfog-papers
Parsons,Miss Lillerton,2541,mudfog-papers
Miss Lillerton,Mr. Watkins Tottle,2541,mudfog-papers
Miss Lillerton,Parsons,2541,mudfog-papers
Mr. Tottle,Parsons,2542,mudfog-papers
Parsons,Mr. Tottle,2542,mudfog-papers
Miss Lillerton,Mr. Tottle,2544,mudfog-papers
Mr. Tottle,Miss Lillerton,2544,mudfog-papers
Mr.,Watkins Tottle,2547,mudfog-papers
Watkins Tottle,Mr.,2547,mudfog-papers
Miss Lillerton,Mr.,2558,mudfog-papers
Mr.,Miss Lillerton,2558,mudfog-papers
Tottle,Miss Lillerton,2562,mudfog-papers
Tottle,Mr. Timson,2562,mudfog-papers
Miss Lillerton,Tottle,2562,mudfog-papers
Miss Lillerton,Mr. Timson,2562,mudfog-papers
Mr. Timson,Tottle,2562,mudfog-papers
Mr. Timson,Miss Lillerton,2562,mudfog-papers
Timson,Watkins,2563,mudfog-papers
Watkins,Timson,2563,mudfog-papers
Miss Lillerton,Mr. Timson,2564,mudfog-papers
Mr. Timson,Miss Lillerton,2564,mudfog-papers
Timson,Watkins Tottle,2565,mudfog-papers
Watkins Tottle,Timson,2565,mudfog-papers
Miss Lillerton,Mr. Tottle,2566,mudfog-papers
Mr. Tottle,Miss Lillerton,2566,mudfog-papers
Stay,Watkins Tottle,2567,mudfog-papers
Watkins Tottle,Stay,2567,mudfog-papers
Mr. Tottle,Miss Lillerton,2568,mudfog-papers
Miss Lillerton,Mr. Tottle,2568,mudfog-papers
Mr.,Watkins Tottle,2569,mudfog-papers
Watkins Tottle,Mr.,2569,mudfog-papers
Parsons,How,2574,mudfog-papers
How,Parsons,2574,mudfog-papers
Timson,Watkins,2575,mudfog-papers
Watkins,Timson,2575,mudfog-papers
Mr.,Watkins Tottle,2577,mudfog-papers
Watkins Tottle,Mr.,2577,mudfog-papers
Martha,Tottle,2578,mudfog-papers
Tottle,Martha,2578,mudfog-papers
Tottle,Mr. Gabriel Parsons,2579,mudfog-papers
Mr. Gabriel Parsons,Tottle,2579,mudfog-papers
Mr.,Gabriel Parsons,2580,mudfog-papers
Mr.,Mr. Watkins Tottle,2580,mudfog-papers
Gabriel Parsons,Mr.,2580,mudfog-papers
Gabriel Parsons,Mr. Watkins Tottle,2580,mudfog-papers
Mr. Watkins Tottle,Mr.,2580,mudfog-papers
Mr. Watkins Tottle,Gabriel Parsons,2580,mudfog-papers
Gabriel Parsons,Mr. Timson,2582,mudfog-papers
Mr. Timson,Gabriel Parsons,2582,mudfog-papers
Mr. Charles Timson,Mr. Watkins Tottle,2583,mudfog-papers
Mr. Watkins Tottle,Mr. Charles Timson,2583,mudfog-papers
Mr. Watkins Tottle,Mr. Charles Timson,2583,mudfog-papers
Mr. Charles Timson,Mr. Watkins Tottle,2583,mudfog-papers
Mr. Charles,Tom,2586,mudfog-papers
Mr. Charles,Parsons,2586,mudfog-papers
Tom,Mr. Charles,2586,mudfog-papers
Tom,Parsons,2586,mudfog-papers
Parsons,Mr. Charles,2586,mudfog-papers
Parsons,Tom,2586,mudfog-papers
Gabriel,Mr. Tottle,2588,mudfog-papers
Mr. Tottle,Gabriel,2588,mudfog-papers
Miss Lillerton,Timson,2593,mudfog-papers
Miss Lillerton,Pray,2593,mudfog-papers
Timson,Miss Lillerton,2593,mudfog-papers
Timson,Pray,2593,mudfog-papers
Pray,Miss Lillerton,2593,mudfog-papers
Pray,Timson,2593,mudfog-papers
Mr.,Watkins Tottle,2594,mudfog-papers
Mr.,Timson,2594,mudfog-papers
Watkins Tottle,Mr.,2594,mudfog-papers
Watkins Tottle,Timson,2594,mudfog-papers
Timson,Mr.,2594,mudfog-papers
Timson,Watkins Tottle,2594,mudfog-papers
Mr.,Timson,2595,mudfog-papers
Mr.,Watkins Tottle,2595,mudfog-papers
Timson,Mr.,2595,mudfog-papers
Timson,Watkins Tottle,2595,mudfog-papers
Watkins Tottle,Mr.,2595,mudfog-papers
Watkins Tottle,Timson,2595,mudfog-papers
Timson,Tottle,2597,mudfog-papers
Tottle,Timson,2597,mudfog-papers
Mr.,Watkins Tottle,2600,mudfog-papers
Watkins Tottle,Mr.,2600,mudfog-papers
Timson,Tottle,2603,mudfog-papers
Tottle,Timson,2603,mudfog-papers
Mr.,Watkins Tottle,2607,mudfog-papers
Mr.,Timson,2607,mudfog-papers
Watkins Tottle,Mr.,2607,mudfog-papers
Watkins Tottle,Timson,2607,mudfog-papers
Timson,Mr.,2607,mudfog-papers
Timson,Watkins Tottle,2607,mudfog-papers
Timson,Parsons,2608,mudfog-papers
Parsons,Timson,2608,mudfog-papers
Mr.,Timson,2609,mudfog-papers
Mr.,Timson,2609,mudfog-papers
Mr.,Miss Lillerton,2609,mudfog-papers
Timson,Mr.,2609,mudfog-papers
Timson,Miss Lillerton,2609,mudfog-papers
Timson,Mr.,2609,mudfog-papers
Timson,Miss Lillerton,2609,mudfog-papers
Miss Lillerton,Mr.,2609,mudfog-papers
Miss Lillerton,Timson,2609,mudfog-papers
Miss Lillerton,Timson,2609,mudfog-papers
Parsons,Watkins Tottle,2610,mudfog-papers
Watkins Tottle,Parsons,2610,mudfog-papers
Timson,Miss Lillerton,2611,mudfog-papers
Timson,Parsons,2611,mudfog-papers
Timson,Mr. Tottle,2611,mudfog-papers
Miss Lillerton,Timson,2611,mudfog-papers
Miss Lillerton,Parsons,2611,mudfog-papers
Miss Lillerton,Mr. Tottle,2611,mudfog-papers
Parsons,Timson,2611,mudfog-papers
Parsons,Miss Lillerton,2611,mudfog-papers
Parsons,Mr. Tottle,2611,mudfog-papers
Mr. Tottle,Timson,2611,mudfog-papers
Mr. Tottle,Miss Lillerton,2611,mudfog-papers
Mr. Tottle,Parsons,2611,mudfog-papers
Timson,Parsons,2612,mudfog-papers
Parsons,Timson,2612,mudfog-papers
Mr.,Gabriel Parsons,2615,mudfog-papers
Gabriel Parsons,Mr.,2615,mudfog-papers
Fanny,Gabriel,2618,mudfog-papers
Gabriel,Fanny,2618,mudfog-papers
Mr.,Nicodemus Dumps,2625,mudfog-papers
Mr.,Dumps,2625,mudfog-papers
Nicodemus Dumps,Mr.,2625,mudfog-papers
Nicodemus Dumps,Dumps,2625,mudfog-papers
Dumps,Mr.,2625,mudfog-papers
Dumps,Nicodemus Dumps,2625,mudfog-papers
Mr.,Dumps,2626,mudfog-papers
Mr.,Mr. Charles Kitterbell,2626,mudfog-papers
Mr.,Mr. Charles Kitterbell,2626,mudfog-papers
Mr.,Uncle Dumps,2626,mudfog-papers
Dumps,Mr.,2626,mudfog-papers
Dumps,Mr. Charles Kitterbell,2626,mudfog-papers
Dumps,Mr. Charles Kitterbell,2626,mudfog-papers
Dumps,Uncle Dumps,2626,mudfog-papers
Mr. Charles Kitterbell,Mr.,2626,mudfog-papers
Mr. Charles Kitterbell,Dumps,2626,mudfog-papers
Mr. Charles Kitterbell,Uncle Dumps,2626,mudfog-papers
Mr. Charles Kitterbell,Mr.,2626,mudfog-papers
Mr. Charles Kitterbell,Dumps,2626,mudfog-papers
Mr. Charles Kitterbell,Uncle Dumps,2626,mudfog-papers
Uncle Dumps,Mr.,2626,mudfog-papers
Uncle Dumps,Dumps,2626,mudfog-papers
Uncle Dumps,Mr. Charles Kitterbell,2626,mudfog-papers
Uncle Dumps,Mr. Charles Kitterbell,2626,mudfog-papers
Charles,Mr. Kitterbell,2630,mudfog-papers
Mr. Kitterbell,Charles,2630,mudfog-papers
Jemima,Frederick Charles William,2649,mudfog-papers
Jemima,Pray,2649,mudfog-papers
Jemima,Frederick Charles William,2649,mudfog-papers
Jemima,Pray,2649,mudfog-papers
Frederick Charles William,Jemima,2649,mudfog-papers
Frederick Charles William,Jemima,2649,mudfog-papers
Frederick Charles William,Pray,2649,mudfog-papers
Pray,Jemima,2649,mudfog-papers
Pray,Jemima,2649,mudfog-papers
Pray,Frederick Charles William,2649,mudfog-papers
Herald_,Dumps,2653,mudfog-papers
Herald_,Dumps,2653,mudfog-papers
Herald_,Cabs,2653,mudfog-papers
Dumps,Herald_,2653,mudfog-papers
Dumps,Cabs,2653,mudfog-papers
Dumps,Herald_,2653,mudfog-papers
Dumps,Cabs,2653,mudfog-papers
Cabs,Herald_,2653,mudfog-papers
Cabs,Dumps,2653,mudfog-papers
Cabs,Dumps,2653,mudfog-papers
Don,Dumps,2662,mudfog-papers
Dumps,Don,2662,mudfog-papers
Dumps,Heaven,2675,mudfog-papers
Heaven,Dumps,2675,mudfog-papers
Dumps,Great,2677,mudfog-papers
Great,Dumps,2677,mudfog-papers
Mr. Kitterbell,Jemima,2679,mudfog-papers
Jemima,Mr. Kitterbell,2679,mudfog-papers
Jane,Kitterbell,2683,mudfog-papers
Kitterbell,Jane,2683,mudfog-papers
Mrs. K.,Dumps,2685,mudfog-papers
Dumps,Mrs. K.,2685,mudfog-papers
Kitterbell,Wilson,2698,mudfog-papers
Wilson,Kitterbell,2698,mudfog-papers
Dumps,Holborn,2703,mudfog-papers
Dumps,Furnival,2703,mudfog-papers
Holborn,Dumps,2703,mudfog-papers
Holborn,Dumps,2703,mudfog-papers
Holborn,Furnival,2703,mudfog-papers
Holborn,Dumps,2703,mudfog-papers
Dumps,Holborn,2703,mudfog-papers
Dumps,Furnival,2703,mudfog-papers
Furnival,Dumps,2703,mudfog-papers
Furnival,Holborn,2703,mudfog-papers
Furnival,Dumps,2703,mudfog-papers
Furnival,Dumps,2703,mudfog-papers
Dumps,Holborn,2703,mudfog-papers
Dumps,Furnival,2703,mudfog-papers
Good God,Dumps,2708,mudfog-papers
Dumps,Good God,2708,mudfog-papers
Jemima,Lord,2709,mudfog-papers
Jemima,Dumps,2709,mudfog-papers
Lord,Jemima,2709,mudfog-papers
Lord,Dumps,2709,mudfog-papers
Dumps,Jemima,2709,mudfog-papers
Dumps,Lord,2709,mudfog-papers
Mr.,Dumps,2718,mudfog-papers
Dumps,Mr.,2718,mudfog-papers
Dumps,Danton,2719,mudfog-papers
Danton,Dumps,2719,mudfog-papers
Mr.,Danton,2720,mudfog-papers
Danton,Mr.,2720,mudfog-papers
Mr. Danton,Kitterbell,2734,mudfog-papers
Mr. Danton,Dumps,2734,mudfog-papers
Mr. Danton,Dumps,2734,mudfog-papers
Kitterbell,Mr. Danton,2734,mudfog-papers
Kitterbell,Dumps,2734,mudfog-papers
Kitterbell,Mr. Danton,2734,mudfog-papers
Kitterbell,Dumps,2734,mudfog-papers
Dumps,Mr. Danton,2734,mudfog-papers
Dumps,Kitterbell,2734,mudfog-papers
Dumps,Mr. Danton,2734,mudfog-papers
Mr. Danton,Kitterbell,2734,mudfog-papers
Mr. Danton,Dumps,2734,mudfog-papers
Mr. Danton,Dumps,2734,mudfog-papers
Dumps,Mr. Danton,2734,mudfog-papers
Dumps,Kitterbell,2734,mudfog-papers
Dumps,Mr. Danton,2734,mudfog-papers
Dumps,Master Frederick Charles,2743,mudfog-papers
Dumps,William,2743,mudfog-papers
Dumps,Kitterbell,2743,mudfog-papers
Master Frederick Charles,Dumps,2743,mudfog-papers
Master Frederick Charles,William,2743,mudfog-papers
Master Frederick Charles,Dumps,2743,mudfog-papers
Master Frederick Charles,Kitterbell,2743,mudfog-papers
William,Dumps,2743,mudfog-papers
William,Master Frederick Charles,2743,mudfog-papers
William,Dumps,2743,mudfog-papers
William,Kitterbell,2743,mudfog-papers
Dumps,Master Frederick Charles,2743,mudfog-papers
Dumps,William,2743,mudfog-papers
Dumps,Kitterbell,2743,mudfog-papers
Kitterbell,Dumps,2743,mudfog-papers
Kitterbell,Master Frederick Charles,2743,mudfog-papers
Kitterbell,William,2743,mudfog-papers
Kitterbell,Dumps,2743,mudfog-papers
Vinegar,Kitterbell,2744,mudfog-papers
Vinegar,Dumps,2744,mudfog-papers
Kitterbell,Vinegar,2744,mudfog-papers
Kitterbell,Dumps,2744,mudfog-papers
Dumps,Vinegar,2744,mudfog-papers
Dumps,Kitterbell,2744,mudfog-papers
Remorse,Glass,2756,mudfog-papers
Remorse,Death,2756,mudfog-papers
Remorse,Hurrah,2756,mudfog-papers
Glass,Remorse,2756,mudfog-papers
Glass,Death,2756,mudfog-papers
Glass,Hurrah,2756,mudfog-papers
Death,Remorse,2756,mudfog-papers
Death,Glass,2756,mudfog-papers
Death,Hurrah,2756,mudfog-papers
Hurrah,Remorse,2756,mudfog-papers
Hurrah,Glass,2756,mudfog-papers
Hurrah,Death,2756,mudfog-papers
Father,William,2768,mudfog-papers
William,Father,2768,mudfog-papers
Hush,William,2770,mudfog-papers
Hush,William,2770,mudfog-papers
William,Hush,2770,mudfog-papers
William,Hush,2770,mudfog-papers
John,Henry,2779,mudfog-papers
Henry,John,2779,mudfog-papers
Quiz,Phiz,2822,mudfog-papers
Phiz,Quiz,2822,mudfog-papers
Young Ladies,Young Gentlemen,2828,mudfog-papers
Young Gentlemen,Young Ladies,2828,mudfog-papers
Harriet,Mr. Hopkins,2841,mudfog-papers
Mr. Hopkins,Harriet,2841,mudfog-papers
Mr. Hopkins,Lambert,2843,mudfog-papers
Lambert,Mr. Hopkins,2843,mudfog-papers
Lambert,Mr. Hopkins,2843,mudfog-papers
Lambert,Mr. Hopkins,2843,mudfog-papers
Mr. Hopkins,Lambert,2843,mudfog-papers
Mr. Hopkins,Lambert,2843,mudfog-papers
Warmint Blake,Mr. Thurtell,2852,mudfog-papers
Mr. Thurtell,Warmint Blake,2852,mudfog-papers
Mr. Blake,Mr. Dummins,2853,mudfog-papers
Mr. Dummins,Mr. Blake,2853,mudfog-papers
Mincin,Mr. Mincin,2860,mudfog-papers
Mincin,Mr. Mincin,2860,mudfog-papers
Mr. Mincin,Mincin,2860,mudfog-papers
Mr. Mincin,Mincin,2860,mudfog-papers
Mincin,Mr. Wilkins,2861,mudfog-papers
Mincin,Mr. Mincin,2861,mudfog-papers
Mincin,Exactly,2861,mudfog-papers
Mr. Wilkins,Mincin,2861,mudfog-papers
Mr. Wilkins,Mr. Mincin,2861,mudfog-papers
Mr. Wilkins,Exactly,2861,mudfog-papers
Mr. Mincin,Mincin,2861,mudfog-papers
Mr. Mincin,Mr. Wilkins,2861,mudfog-papers
Mr. Mincin,Exactly,2861,mudfog-papers
Exactly,Mincin,2861,mudfog-papers
Exactly,Mr. Wilkins,2861,mudfog-papers
Exactly,Mr. Mincin,2861,mudfog-papers
Mr. Mincin,Sweet,2863,mudfog-papers
Mr. Mincin,Bravo,2863,mudfog-papers
Mr. Mincin,Mincin,2863,mudfog-papers
Sweet,Mr. Mincin,2863,mudfog-papers
Sweet,Mr. Mincin,2863,mudfog-papers
Sweet,Mr. Mincin,2863,mudfog-papers
Sweet,Bravo,2863,mudfog-papers
Sweet,Mincin,2863,mudfog-papers
Mr. Mincin,Sweet,2863,mudfog-papers
Mr. Mincin,Bravo,2863,mudfog-papers
Mr. Mincin,Mincin,2863,mudfog-papers
Mr. Mincin,Sweet,2863,mudfog-papers
Mr. Mincin,Bravo,2863,mudfog-papers
Mr. Mincin,Mincin,2863,mudfog-papers
Bravo,Mr. Mincin,2863,mudfog-papers
Bravo,Sweet,2863,mudfog-papers
Bravo,Mr. Mincin,2863,mudfog-papers
Bravo,Mr. Mincin,2863,mudfog-papers
Bravo,Mincin,2863,mudfog-papers
Mincin,Mr. Mincin,2863,mudfog-papers
Mincin,Sweet,2863,mudfog-papers
Mincin,Mr. Mincin,2863,mudfog-papers
Mincin,Mr. Mincin,2863,mudfog-papers
Mincin,Bravo,2863,mudfog-papers
Mr. Mincin,Capper,2864,mudfog-papers
Mr. Mincin,Romeo,2864,mudfog-papers
Mr. Mincin,Mincin,2864,mudfog-papers
Mr. Mincin,Capper,2864,mudfog-papers
Mr. Mincin,Romeo,2864,mudfog-papers
Mr. Mincin,Mincin,2864,mudfog-papers
Capper,Mr. Mincin,2864,mudfog-papers
Capper,Mr. Mincin,2864,mudfog-papers
Capper,Romeo,2864,mudfog-papers
Capper,Mincin,2864,mudfog-papers
Capper,Mr. Mincin,2864,mudfog-papers
Romeo,Mr. Mincin,2864,mudfog-papers
Romeo,Mr. Mincin,2864,mudfog-papers
Romeo,Capper,2864,mudfog-papers
Romeo,Mincin,2864,mudfog-papers
Romeo,Mr. Mincin,2864,mudfog-papers
Mincin,Mr. Mincin,2864,mudfog-papers
Mincin,Mr. Mincin,2864,mudfog-papers
Mincin,Capper,2864,mudfog-papers
Mincin,Romeo,2864,mudfog-papers
Mincin,Mr. Mincin,2864,mudfog-papers
Mr. Mincin,Capper,2864,mudfog-papers
Mr. Mincin,Romeo,2864,mudfog-papers
Mr. Mincin,Mincin,2864,mudfog-papers
Mr. Mincin,Martin,2865,mudfog-papers
Mr. Mincin,Martin,2865,mudfog-papers
Mr. Mincin,Watson,2865,mudfog-papers
Mr. Mincin,Miss Martin,2865,mudfog-papers
Martin,Mr. Mincin,2865,mudfog-papers
Martin,Watson,2865,mudfog-papers
Martin,Miss Martin,2865,mudfog-papers
Martin,Mr. Mincin,2865,mudfog-papers
Martin,Mr. Mincin,2865,mudfog-papers
Martin,Mr. Mincin,2865,mudfog-papers
Martin,Mr. Mincin,2865,mudfog-papers
Martin,Mr. Mincin,2865,mudfog-papers
Martin,Mr. Mincin,2865,mudfog-papers
Martin,Watson,2865,mudfog-papers
Martin,Miss Martin,2865,mudfog-papers
Martin,Mr. Mincin,2865,mudfog-papers
Martin,Mr. Mincin,2865,mudfog-papers
Martin,Mr. Mincin,2865,mudfog-papers
Martin,Mr. Mincin,2865,mudfog-papers
Martin,Mr. Mincin,2865,mudfog-papers
Watson,Mr. Mincin,2865,mudfog-papers
Watson,Martin,2865,mudfog-papers
Watson,Martin,2865,mudfog-papers
Watson,Miss Martin,2865,mudfog-papers
Watson,Mr. Mincin,2865,mudfog-papers
Watson,Mr. Mincin,2865,mudfog-papers
Watson,Mr. Mincin,2865,mudfog-papers
Watson,Mr. Mincin,2865,mudfog-papers
Watson,Mr. Mincin,2865,mudfog-papers
Miss Martin,Mr. Mincin,2865,mudfog-papers
Miss Martin,Martin,2865,mudfog-papers
Miss Martin,Martin,2865,mudfog-papers
Miss Martin,Watson,2865,mudfog-papers
Miss Martin,Mr. Mincin,2865,mudfog-papers
Miss Martin,Mr. Mincin,2865,mudfog-papers
Miss Martin,Mr. Mincin,2865,mudfog-papers
Miss Martin,Mr. Mincin,2865,mudfog-papers
Miss Martin,Mr. Mincin,2865,mudfog-papers
Mr. Mincin,Martin,2865,mudfog-papers
Mr. Mincin,Martin,2865,mudfog-papers
Mr. Mincin,Watson,2865,mudfog-papers
Mr. Mincin,Miss Martin,2865,mudfog-papers
Mr. Mincin,Martin,2865,mudfog-papers
Mr. Mincin,Martin,2865,mudfog-papers
Mr. Mincin,Watson,2865,mudfog-papers
Mr. Mincin,Miss Martin,2865,mudfog-papers
Mr. Mincin,Martin,2865,mudfog-papers
Mr. Mincin,Martin,2865,mudfog-papers
Mr. Mincin,Watson,2865,mudfog-papers
Mr. Mincin,Miss Martin,2865,mudfog-papers
Mr. Mincin,Martin,2865,mudfog-papers
Mr. Mincin,Martin,2865,mudfog-papers
Mr. Mincin,Watson,2865,mudfog-papers
Mr. Mincin,Miss Martin,2865,mudfog-papers
Mr. Mincin,Martin,2865,mudfog-papers
Mr. Mincin,Martin,2865,mudfog-papers
Mr. Mincin,Watson,2865,mudfog-papers
Mr. Mincin,Miss Martin,2865,mudfog-papers
Miss Martineau,Mr. Hawkins,2886,mudfog-papers
Mr. Hawkins,Miss Martineau,2886,mudfog-papers
Felix,Mother,2896,mudfog-papers
Felix,Mr. Nixon,2896,mudfog-papers
Felix,Mother,2896,mudfog-papers
Felix,Mr. Nixon,2896,mudfog-papers
Felix,Mother,2896,mudfog-papers
Felix,Mr. Nixon,2896,mudfog-papers
Mother,Felix,2896,mudfog-papers
Mother,Felix,2896,mudfog-papers
Mother,Felix,2896,mudfog-papers
Mother,Mr. Nixon,2896,mudfog-papers
Mr. Nixon,Felix,2896,mudfog-papers
Mr. Nixon,Felix,2896,mudfog-papers
Mr. Nixon,Felix,2896,mudfog-papers
Mr. Nixon,Mother,2896,mudfog-papers
Nixon,Miss Thompson,2897,mudfog-papers
Nixon,Julia Thompson,2897,mudfog-papers
Nixon,Felix,2897,mudfog-papers
Nixon,Miss Thompson,2897,mudfog-papers
Nixon,Felix,2897,mudfog-papers
Nixon,Felix,2897,mudfog-papers
Miss Thompson,Nixon,2897,mudfog-papers
Miss Thompson,Julia Thompson,2897,mudfog-papers
Miss Thompson,Felix,2897,mudfog-papers
Miss Thompson,Felix,2897,mudfog-papers
Miss Thompson,Felix,2897,mudfog-papers
Julia Thompson,Nixon,2897,mudfog-papers
Julia Thompson,Miss Thompson,2897,mudfog-papers
Julia Thompson,Felix,2897,mudfog-papers
Julia Thompson,Miss Thompson,2897,mudfog-papers
Julia Thompson,Felix,2897,mudfog-papers
Julia Thompson,Felix,2897,mudfog-papers
Felix,Nixon,2897,mudfog-papers
Felix,Miss Thompson,2897,mudfog-papers
Felix,Julia Thompson,2897,mudfog-papers
Felix,Miss Thompson,2897,mudfog-papers
Miss Thompson,Nixon,2897,mudfog-papers
Miss Thompson,Julia Thompson,2897,mudfog-papers
Miss Thompson,Felix,2897,mudfog-papers
Miss Thompson,Felix,2897,mudfog-papers
Miss Thompson,Felix,2897,mudfog-papers
Felix,Nixon,2897,mudfog-papers
Felix,Miss Thompson,2897,mudfog-papers
Felix,Julia Thompson,2897,mudfog-papers
Felix,Miss Thompson,2897,mudfog-papers
Felix,Nixon,2897,mudfog-papers
Felix,Miss Thompson,2897,mudfog-papers
Felix,Julia Thompson,2897,mudfog-papers
Felix,Miss Thompson,2897,mudfog-papers
Felix,Miss Thompson,2898,mudfog-papers
Felix,Miss Grey,2898,mudfog-papers
Felix,Miss Thompson,2898,mudfog-papers
Felix,Mr. Felix,2898,mudfog-papers
Miss Thompson,Felix,2898,mudfog-papers
Miss Thompson,Miss Grey,2898,mudfog-papers
Miss Thompson,Mr. Felix,2898,mudfog-papers
Miss Grey,Felix,2898,mudfog-papers
Miss Grey,Miss Thompson,2898,mudfog-papers
Miss Grey,Miss Thompson,2898,mudfog-papers
Miss Grey,Mr. Felix,2898,mudfog-papers
Miss Thompson,Felix,2898,mudfog-papers
Miss Thompson,Miss Grey,2898,mudfog-papers
Miss Thompson,Mr. Felix,2898,mudfog-papers
Mr. Felix,Felix,2898,mudfog-papers
Mr. Felix,Miss Thompson,2898,mudfog-papers
Mr. Felix,Miss Grey,2898,mudfog-papers
Mr. Felix,Miss Thompson,2898,mudfog-papers
Mr. Fairfax,Miss Marshall,2904,mudfog-papers
Mr. Fairfax,Miss Greenwood,2904,mudfog-papers
Mr. Fairfax,Miss Marshall,2904,mudfog-papers
Mr. Fairfax,Emily,2904,mudfog-papers
Miss Marshall,Mr. Fairfax,2904,mudfog-papers
Miss Marshall,Miss Greenwood,2904,mudfog-papers
Miss Marshall,Mr. Fairfax,2904,mudfog-papers
Miss Marshall,Emily,2904,mudfog-papers
Miss Marshall,Mr. Fairfax,2904,mudfog-papers
Miss Greenwood,Mr. Fairfax,2904,mudfog-papers
Miss Greenwood,Miss Marshall,2904,mudfog-papers
Miss Greenwood,Miss Marshall,2904,mudfog-papers
Miss Greenwood,Mr. Fairfax,2904,mudfog-papers
Miss Greenwood,Emily,2904,mudfog-papers
Miss Greenwood,Mr. Fairfax,2904,mudfog-papers
Miss Marshall,Mr. Fairfax,2904,mudfog-papers
Miss Marshall,Miss Greenwood,2904,mudfog-papers
Miss Marshall,Mr. Fairfax,2904,mudfog-papers
Miss Marshall,Emily,2904,mudfog-papers
Miss Marshall,Mr. Fairfax,2904,mudfog-papers
Mr. Fairfax,Miss Marshall,2904,mudfog-papers
Mr. Fairfax,Miss Greenwood,2904,mudfog-papers
Mr. Fairfax,Miss Marshall,2904,mudfog-papers
Mr. Fairfax,Emily,2904,mudfog-papers
Emily,Mr. Fairfax,2904,mudfog-papers
Emily,Miss Marshall,2904,mudfog-papers
Emily,Miss Greenwood,2904,mudfog-papers
Emily,Miss Marshall,2904,mudfog-papers
Emily,Mr. Fairfax,2904,mudfog-papers
Emily,Mr. Fairfax,2904,mudfog-papers
Mr. Fairfax,Miss Marshall,2904,mudfog-papers
Mr. Fairfax,Miss Greenwood,2904,mudfog-papers
Mr. Fairfax,Miss Marshall,2904,mudfog-papers
Mr. Fairfax,Emily,2904,mudfog-papers
Lord,Mr.,2906,mudfog-papers
Lord,Barker,2906,mudfog-papers
Lord,Mr. Fairfax,2906,mudfog-papers
Lord,Mr. Fairfax,2906,mudfog-papers
Lord,Barker,2906,mudfog-papers
Mr.,Lord,2906,mudfog-papers
Mr.,Barker,2906,mudfog-papers
Mr.,Mr. Fairfax,2906,mudfog-papers
Mr.,Mr. Fairfax,2906,mudfog-papers
Mr.,Barker,2906,mudfog-papers
Barker,Lord,2906,mudfog-papers
Barker,Mr.,2906,mudfog-papers
Barker,Mr. Fairfax,2906,mudfog-papers
Barker,Mr. Fairfax,2906,mudfog-papers
Mr. Fairfax,Lord,2906,mudfog-papers
Mr. Fairfax,Mr.,2906,mudfog-papers
Mr. Fairfax,Barker,2906,mudfog-papers
Mr. Fairfax,Barker,2906,mudfog-papers
Mr. Fairfax,Lord,2906,mudfog-papers
Mr. Fairfax,Mr.,2906,mudfog-papers
Mr. Fairfax,Barker,2906,mudfog-papers
Mr. Fairfax,Barker,2906,mudfog-papers
Barker,Lord,2906,mudfog-papers
Barker,Mr.,2906,mudfog-papers
Barker,Mr. Fairfax,2906,mudfog-papers
Barker,Mr. Fairfax,2906,mudfog-papers
Griggins,Mr. Griggins,2911,mudfog-papers
Mr. Griggins,Griggins,2911,mudfog-papers
Mr. Griggins,Sir,2912,mudfog-papers
Mr. Griggins,Griggins,2912,mudfog-papers
Sir,Mr. Griggins,2912,mudfog-papers
Sir,Mr. Griggins,2912,mudfog-papers
Sir,Griggins,2912,mudfog-papers
Mr. Griggins,Sir,2912,mudfog-papers
Mr. Griggins,Griggins,2912,mudfog-papers
Griggins,Mr. Griggins,2912,mudfog-papers
Griggins,Sir,2912,mudfog-papers
Griggins,Mr. Griggins,2912,mudfog-papers
Mr.,Griggins,2914,mudfog-papers
Griggins,Mr.,2914,mudfog-papers
Mr. Griggins,Brown,2915,mudfog-papers
Brown,Mr. Griggins,2915,mudfog-papers
Brown,Mr. Griggins,2915,mudfog-papers
Mr. Griggins,Brown,2915,mudfog-papers
Flimkins,Boozle,2920,mudfog-papers
Flimkins,Don,2920,mudfog-papers
Flimkins,Vengedora,2920,mudfog-papers
Boozle,Flimkins,2920,mudfog-papers
Boozle,Don,2920,mudfog-papers
Boozle,Vengedora,2920,mudfog-papers
Don,Flimkins,2920,mudfog-papers
Don,Boozle,2920,mudfog-papers
Don,Vengedora,2920,mudfog-papers
Vengedora,Flimkins,2920,mudfog-papers
Vengedora,Boozle,2920,mudfog-papers
Vengedora,Don,2920,mudfog-papers
Thus,Nisbett,2921,mudfog-papers
Thus,Sheriff,2921,mudfog-papers
Thus,Horton,2921,mudfog-papers
Thus,Charley Young,2921,mudfog-papers
Thus,Jemmy Buckstone,2921,mudfog-papers
Thus,Paul Bedford,2921,mudfog-papers
Thus,Charley Matthews,2921,mudfog-papers
Thus,Harley,2921,mudfog-papers
Nisbett,Thus,2921,mudfog-papers
Nisbett,Sheriff,2921,mudfog-papers
Nisbett,Horton,2921,mudfog-papers
Nisbett,Charley Young,2921,mudfog-papers
Nisbett,Jemmy Buckstone,2921,mudfog-papers
Nisbett,Paul Bedford,2921,mudfog-papers
Nisbett,Charley Matthews,2921,mudfog-papers
Nisbett,Harley,2921,mudfog-papers
Sheriff,Thus,2921,mudfog-papers
Sheriff,Nisbett,2921,mudfog-papers
Sheriff,Horton,2921,mudfog-papers
Sheriff,Charley Young,2921,mudfog-papers
Sheriff,Jemmy Buckstone,2921,mudfog-papers
Sheriff,Paul Bedford,2921,mudfog-papers
Sheriff,Charley Matthews,2921,mudfog-papers
Sheriff,Harley,2921,mudfog-papers
Horton,Thus,2921,mudfog-papers
Horton,Nisbett,2921,mudfog-papers
Horton,Sheriff,2921,mudfog-papers
Horton,Charley Young,2921,mudfog-papers
Horton,Jemmy Buckstone,2921,mudfog-papers
Horton,Paul Bedford,2921,mudfog-papers
Horton,Charley Matthews,2921,mudfog-papers
Horton,Harley,2921,mudfog-papers
Charley Young,Thus,2921,mudfog-papers
Charley Young,Nisbett,2921,mudfog-papers
Charley Young,Sheriff,2921,mudfog-papers
Charley Young,Horton,2921,mudfog-papers
Charley Young,Jemmy Buckstone,2921,mudfog-papers
Charley Young,Paul Bedford,2921,mudfog-papers
Charley Young,Charley Matthews,2921,mudfog-papers
Charley Young,Harley,2921,mudfog-papers
Jemmy Buckstone,Thus,2921,mudfog-papers
Jemmy Buckstone,Nisbett,2921,mudfog-papers
Jemmy Buckstone,Sheriff,2921,mudfog-papers
Jemmy Buckstone,Horton,2921,mudfog-papers
Jemmy Buckstone,Charley Young,2921,mudfog-papers
Jemmy Buckstone,Paul Bedford,2921,mudfog-papers
Jemmy Buckstone,Charley Matthews,2921,mudfog-papers
Jemmy Buckstone,Harley,2921,mudfog-papers
Paul Bedford,Thus,2921,mudfog-papers
Paul Bedford,Nisbett,2921,mudfog-papers
Paul Bedford,Sheriff,2921,mudfog-papers
Paul Bedford,Horton,2921,mudfog-papers
Paul Bedford,Charley Young,2921,mudfog-papers
Paul Bedford,Jemmy Buckstone,2921,mudfog-papers
Paul Bedford,Charley Matthews,2921,mudfog-papers
Paul Bedford,Harley,2921,mudfog-papers
Charley Matthews,Thus,2921,mudfog-papers
Charley Matthews,Nisbett,2921,mudfog-papers
Charley Matthews,Sheriff,2921,mudfog-papers
Charley Matthews,Horton,2921,mudfog-papers
Charley Matthews,Charley Young,2921,mudfog-papers
Charley Matthews,Jemmy Buckstone,2921,mudfog-papers
Charley Matthews,Paul Bedford,2921,mudfog-papers
Charley Matthews,Harley,2921,mudfog-papers
Harley,Thus,2921,mudfog-papers
Harley,Nisbett,2921,mudfog-papers
Harley,Sheriff,2921,mudfog-papers
Harley,Horton,2921,mudfog-papers
Harley,Charley Young,2921,mudfog-papers
Harley,Jemmy Buckstone,2921,mudfog-papers
Harley,Paul Bedford,2921,mudfog-papers
Harley,Charley Matthews,2921,mudfog-papers
Mr. Liston,Mr. George Bennett,2924,mudfog-papers
Mr. Liston,Mr. Baker,2924,mudfog-papers
Mr. Liston,Mr. Fitz Ball,2924,mudfog-papers
Mr. George Bennett,Mr. Liston,2924,mudfog-papers
Mr. George Bennett,Mr. Baker,2924,mudfog-papers
Mr. George Bennett,Mr. Fitz Ball,2924,mudfog-papers
Mr. Baker,Mr. Liston,2924,mudfog-papers
Mr. Baker,Mr. George Bennett,2924,mudfog-papers
Mr. Baker,Mr. Fitz Ball,2924,mudfog-papers
Mr. Fitz Ball,Mr. Liston,2924,mudfog-papers
Mr. Fitz Ball,Mr. George Bennett,2924,mudfog-papers
Mr. Fitz Ball,Mr. Baker,2924,mudfog-papers
John,Hereupon John,2931,mudfog-papers
Hereupon John,John,2931,mudfog-papers
Poets,Corner,2933,mudfog-papers
Poets,Saint Paul,2933,mudfog-papers
Corner,Poets,2933,mudfog-papers
Corner,Saint Paul,2933,mudfog-papers
Saint Paul,Poets,2933,mudfog-papers
Saint Paul,Corner,2933,mudfog-papers
Mr. Caveton,Miss Lowfield,2943,mudfog-papers
Mr. Caveton,Miss,2943,mudfog-papers
Mr. Caveton,Miss Lowfield,2943,mudfog-papers
Mr. Caveton,Miss,2943,mudfog-papers
Mr. Caveton,Miss Lowfield,2943,mudfog-papers
Mr. Caveton,Miss,2943,mudfog-papers
Miss Lowfield,Mr. Caveton,2943,mudfog-papers
Miss Lowfield,Mr. Caveton,2943,mudfog-papers
Miss Lowfield,Mr. Caveton,2943,mudfog-papers
Miss Lowfield,Miss,2943,mudfog-papers
Miss Lowfield,Mr. Caveton,2943,mudfog-papers
Miss,Mr. Caveton,2943,mudfog-papers
Miss,Mr. Caveton,2943,mudfog-papers
Miss,Mr. Caveton,2943,mudfog-papers
Miss,Miss Lowfield,2943,mudfog-papers
Miss,Mr. Caveton,2943,mudfog-papers
Mr. Caveton,Miss Lowfield,2943,mudfog-papers
Mr. Caveton,Miss,2943,mudfog-papers
Mr.,Mr. Balim,2952,mudfog-papers
Mr.,Dear Mr. Balim,2952,mudfog-papers
Mr.,Mr. Balim,2952,mudfog-papers
Mr.,Mr. Balim,2952,mudfog-papers
Mr.,Mr. Balim,2952,mudfog-papers
Mr. Balim,Mr.,2952,mudfog-papers
Mr. Balim,Dear Mr. Balim,2952,mudfog-papers
Dear Mr. Balim,Mr.,2952,mudfog-papers
Dear Mr. Balim,Mr. Balim,2952,mudfog-papers
Dear Mr. Balim,Mr. Balim,2952,mudfog-papers
Dear Mr. Balim,Mr. Balim,2952,mudfog-papers
Dear Mr. Balim,Mr. Balim,2952,mudfog-papers
Mr. Balim,Mr.,2952,mudfog-papers
Mr. Balim,Dear Mr. Balim,2952,mudfog-papers
Mr. Balim,Mr.,2952,mudfog-papers
Mr. Balim,Dear Mr. Balim,2952,mudfog-papers
Mr. Balim,Mr.,2952,mudfog-papers
Mr. Balim,Dear Mr. Balim,2952,mudfog-papers
Her Most Honourable Privy Council,Her Majesty,2974,mudfog-papers
Her Majesty,Her Most Honourable Privy Council,2974,mudfog-papers
Her Most Gracious,Her Most Honourable Privy Council,2975,mudfog-papers
Her Most Gracious,Prince Albert,2975,mudfog-papers
Her Most Gracious,Saxe Coburg,2975,mudfog-papers
Her Most Gracious,Gotha,2975,mudfog-papers
Her Most Honourable Privy Council,Her Most Gracious,2975,mudfog-papers
Her Most Honourable Privy Council,Prince Albert,2975,mudfog-papers
Her Most Honourable Privy Council,Saxe Coburg,2975,mudfog-papers
Her Most Honourable Privy Council,Gotha,2975,mudfog-papers
Prince Albert,Her Most Gracious,2975,mudfog-papers
Prince Albert,Her Most Honourable Privy Council,2975,mudfog-papers
Prince Albert,Saxe Coburg,2975,mudfog-papers
Prince Albert,Gotha,2975,mudfog-papers
Saxe Coburg,Her Most Gracious,2975,mudfog-papers
Saxe Coburg,Her Most Honourable Privy Council,2975,mudfog-papers
Saxe Coburg,Prince Albert,2975,mudfog-papers
Saxe Coburg,Gotha,2975,mudfog-papers
Gotha,Her Most Gracious,2975,mudfog-papers
Gotha,Her Most Honourable Privy Council,2975,mudfog-papers
Gotha,Prince Albert,2975,mudfog-papers
Gotha,Saxe Coburg,2975,mudfog-papers
Bissextile,Her Majesty,2977,mudfog-papers
Her Majesty,Bissextile,2977,mudfog-papers
Mr. Smith,John,2978,mudfog-papers
John,Mr. Smith,2978,mudfog-papers
Her Majesty,Mr. O,2981,mudfog-papers
Her Majesty,Her,2981,mudfog-papers
Mr. O,Her Majesty,2981,mudfog-papers
Mr. O,Her,2981,mudfog-papers
Her,Her Majesty,2981,mudfog-papers
Her,Mr. O,2981,mudfog-papers
Miss Emma Fielding,Mr. Harvey,2986,mudfog-papers
Mr. Harvey,Miss Emma Fielding,2986,mudfog-papers
Miss Emma,Emma,2990,mudfog-papers
Miss Emma,Jane Adams,2990,mudfog-papers
Miss Emma,Emma,2990,mudfog-papers
Miss Emma,Jane Adams,2990,mudfog-papers
Miss Emma,Emma,2990,mudfog-papers
Miss Emma,Jane Adams,2990,mudfog-papers
Miss Emma,Emma,2990,mudfog-papers
Miss Emma,Jane Adams,2990,mudfog-papers
Emma,Miss Emma,2990,mudfog-papers
Emma,Miss Emma,2990,mudfog-papers
Emma,Miss Emma,2990,mudfog-papers
Emma,Miss Emma,2990,mudfog-papers
Emma,Jane Adams,2990,mudfog-papers
Emma,Miss Emma,2990,mudfog-papers
Jane Adams,Miss Emma,2990,mudfog-papers
Jane Adams,Miss Emma,2990,mudfog-papers
Jane Adams,Miss Emma,2990,mudfog-papers
Jane Adams,Miss Emma,2990,mudfog-papers
Jane Adams,Emma,2990,mudfog-papers
Jane Adams,Miss Emma,2990,mudfog-papers
Miss Emma,Emma,2990,mudfog-papers
Miss Emma,Jane Adams,2990,mudfog-papers
Jane,Mr. John,2991,mudfog-papers
Jane,John,2991,mudfog-papers
Jane,Anne,2991,mudfog-papers
Jane,Mr. John,2991,mudfog-papers
Jane,Anne,2991,mudfog-papers
Jane,Mr. John,2991,mudfog-papers
Jane,John,2991,mudfog-papers
Jane,Mr. John,2991,mudfog-papers
Mr. John,Jane,2991,mudfog-papers
Mr. John,Jane,2991,mudfog-papers
Mr. John,John,2991,mudfog-papers
Mr. John,Anne,2991,mudfog-papers
Mr. John,Anne,2991,mudfog-papers
Mr. John,John,2991,mudfog-papers
Jane,Mr. John,2991,mudfog-papers
Jane,John,2991,mudfog-papers
Jane,Anne,2991,mudfog-papers
Jane,Mr. John,2991,mudfog-papers
Jane,Anne,2991,mudfog-papers
Jane,Mr. John,2991,mudfog-papers
Jane,John,2991,mudfog-papers
Jane,Mr. John,2991,mudfog-papers
John,Jane,2991,mudfog-papers
John,Mr. John,2991,mudfog-papers
John,Jane,2991,mudfog-papers
John,Anne,2991,mudfog-papers
John,Mr. John,2991,mudfog-papers
John,Anne,2991,mudfog-papers
John,Mr. John,2991,mudfog-papers
John,Mr. John,2991,mudfog-papers
Anne,Jane,2991,mudfog-papers
Anne,Mr. John,2991,mudfog-papers
Anne,Jane,2991,mudfog-papers
Anne,John,2991,mudfog-papers
Anne,Mr. John,2991,mudfog-papers
Anne,Mr. John,2991,mudfog-papers
Anne,John,2991,mudfog-papers
Anne,Mr. John,2991,mudfog-papers
Mr. John,Jane,2991,mudfog-papers
Mr. John,Jane,2991,mudfog-papers
Mr. John,John,2991,mudfog-papers
Mr. John,Anne,2991,mudfog-papers
Mr. John,Anne,2991,mudfog-papers
Mr. John,John,2991,mudfog-papers
Anne,Jane,2991,mudfog-papers
Anne,Mr. John,2991,mudfog-papers
Anne,Jane,2991,mudfog-papers
Anne,John,2991,mudfog-papers
Anne,Mr. John,2991,mudfog-papers
Anne,Mr. John,2991,mudfog-papers
Anne,John,2991,mudfog-papers
Anne,Mr. John,2991,mudfog-papers
Mr. John,Jane,2991,mudfog-papers
Mr. John,Jane,2991,mudfog-papers
Mr. John,John,2991,mudfog-papers
Mr. John,Anne,2991,mudfog-papers
Mr. John,Anne,2991,mudfog-papers
Mr. John,John,2991,mudfog-papers
John,Jane,2991,mudfog-papers
John,Mr. John,2991,mudfog-papers
John,Jane,2991,mudfog-papers
John,Anne,2991,mudfog-papers
John,Mr. John,2991,mudfog-papers
John,Anne,2991,mudfog-papers
John,Mr. John,2991,mudfog-papers
John,Mr. John,2991,mudfog-papers
Mr. John,Jane,2991,mudfog-papers
Mr. John,Jane,2991,mudfog-papers
Mr. John,John,2991,mudfog-papers
Mr. John,Anne,2991,mudfog-papers
Mr. John,Anne,2991,mudfog-papers
Mr. John,John,2991,mudfog-papers
Anne,Mr. Harvey,2998,mudfog-papers
Anne,Mr. Harvey,2998,mudfog-papers
Mr. Harvey,Anne,2998,mudfog-papers
Mr. Harvey,Anne,2998,mudfog-papers
Mr.,Never,3014,mudfog-papers
Never,Mr.,3014,mudfog-papers
Augusta,Mr. Leaver,3015,mudfog-papers
Augusta,Mr. Leaver,3015,mudfog-papers
Augusta,Mr. Leaver,3015,mudfog-papers
Augusta,Mr. Leaver,3015,mudfog-papers
Augusta,Mr. Leaver,3015,mudfog-papers
Augusta,Mr. Leaver,3015,mudfog-papers
Augusta,Mr. Leaver,3015,mudfog-papers
Augusta,Mr. Leaver,3015,mudfog-papers
Mr. Leaver,Augusta,3015,mudfog-papers
Mr. Leaver,Augusta,3015,mudfog-papers
Mr. Leaver,Augusta,3015,mudfog-papers
Mr. Leaver,Augusta,3015,mudfog-papers
Mr. Leaver,Augusta,3015,mudfog-papers
Mr. Leaver,Augusta,3015,mudfog-papers
Mr. Leaver,Augusta,3015,mudfog-papers
Mr. Leaver,Augusta,3015,mudfog-papers
Mr. Leaver,Pull,3018,mudfog-papers
Pull,Mr. Leaver,3018,mudfog-papers
Pull,Mr. Leaver,3018,mudfog-papers
Mr. Leaver,Pull,3018,mudfog-papers
Mr. Leaver,Leaver,3019,mudfog-papers
Mr. Leaver,Leaver,3019,mudfog-papers
Mr. Leaver,Leaver,3019,mudfog-papers
Mr. Leaver,Leaver,3019,mudfog-papers
Mr. Leaver,Leaver,3019,mudfog-papers
Mr. Leaver,Leaver,3019,mudfog-papers
Leaver,Mr. Leaver,3019,mudfog-papers
Leaver,Mr. Leaver,3019,mudfog-papers
Leaver,Mr. Leaver,3019,mudfog-papers
Leaver,Mr. Leaver,3019,mudfog-papers
Leaver,Mr. Leaver,3019,mudfog-papers
Leaver,Mr. Leaver,3019,mudfog-papers
Leaver,Mr. Leaver,3019,mudfog-papers
Leaver,Mr. Leaver,3019,mudfog-papers
Mr. Leaver,Leaver,3019,mudfog-papers
Mr. Leaver,Leaver,3019,mudfog-papers
Mr. Leaver,Adam,3020,mudfog-papers
Adam,Mr. Leaver,3020,mudfog-papers
Mr. Leaver,Augusta,3022,mudfog-papers
Augusta,Mr. Leaver,3022,mudfog-papers
Mr.,Mr. Leaver,3023,mudfog-papers
Mr.,Mr. Leaver,3023,mudfog-papers
Mr. Leaver,Mr.,3023,mudfog-papers
Mr. Leaver,Mr.,3023,mudfog-papers
Mr. Jenkins,Morgan,3031,mudfog-papers
Mr. Jenkins,Jenkins,3031,mudfog-papers
Mr. Jenkins,Jenkins,3031,mudfog-papers
Morgan,Mr. Jenkins,3031,mudfog-papers
Morgan,Jenkins,3031,mudfog-papers
Morgan,Mr. Jenkins,3031,mudfog-papers
Morgan,Jenkins,3031,mudfog-papers
Jenkins,Mr. Jenkins,3031,mudfog-papers
Jenkins,Morgan,3031,mudfog-papers
Jenkins,Mr. Jenkins,3031,mudfog-papers
Mr. Jenkins,Morgan,3031,mudfog-papers
Mr. Jenkins,Jenkins,3031,mudfog-papers
Mr. Jenkins,Jenkins,3031,mudfog-papers
Jenkins,Mr. Jenkins,3031,mudfog-papers
Jenkins,Morgan,3031,mudfog-papers
Jenkins,Mr. Jenkins,3031,mudfog-papers
Master James,Miss Charlotte,3033,mudfog-papers
Master James,Heaven,3033,mudfog-papers
Master James,Charlotte,3033,mudfog-papers
Master James,Charlotte,3033,mudfog-papers
Master James,Papa,3033,mudfog-papers
Miss Charlotte,Master James,3033,mudfog-papers
Miss Charlotte,Master James,3033,mudfog-papers
Miss Charlotte,Heaven,3033,mudfog-papers
Miss Charlotte,Charlotte,3033,mudfog-papers
Miss Charlotte,Charlotte,3033,mudfog-papers
Miss Charlotte,Master James,3033,mudfog-papers
Miss Charlotte,Papa,3033,mudfog-papers
Master James,Miss Charlotte,3033,mudfog-papers
Master James,Heaven,3033,mudfog-papers
Master James,Charlotte,3033,mudfog-papers
Master James,Charlotte,3033,mudfog-papers
Master James,Papa,3033,mudfog-papers
Heaven,Master James,3033,mudfog-papers
Heaven,Miss Charlotte,3033,mudfog-papers
Heaven,Master James,3033,mudfog-papers
Heaven,Charlotte,3033,mudfog-papers
Heaven,Charlotte,3033,mudfog-papers
Heaven,Master James,3033,mudfog-papers
Heaven,Papa,3033,mudfog-papers
Charlotte,Master James,3033,mudfog-papers
Charlotte,Miss Charlotte,3033,mudfog-papers
Charlotte,Master James,3033,mudfog-papers
Charlotte,Heaven,3033,mudfog-papers
Charlotte,Master James,3033,mudfog-papers
Charlotte,Papa,3033,mudfog-papers
Charlotte,Master James,3033,mudfog-papers
Charlotte,Miss Charlotte,3033,mudfog-papers
Charlotte,Master James,3033,mudfog-papers
Charlotte,Heaven,3033,mudfog-papers
Charlotte,Master James,3033,mudfog-papers
Charlotte,Papa,3033,mudfog-papers
Master James,Miss Charlotte,3033,mudfog-papers
Master James,Heaven,3033,mudfog-papers
Master James,Charlotte,3033,mudfog-papers
Master James,Charlotte,3033,mudfog-papers
Master James,Papa,3033,mudfog-papers
Papa,Master James,3033,mudfog-papers
Papa,Miss Charlotte,3033,mudfog-papers
Papa,Master James,3033,mudfog-papers
Papa,Heaven,3033,mudfog-papers
Papa,Charlotte,3033,mudfog-papers
Papa,Charlotte,3033,mudfog-papers
Papa,Master James,3033,mudfog-papers
Tom,Ned,3038,mudfog-papers
Tom,Whiffler,3038,mudfog-papers
Tom,Georgiana,3038,mudfog-papers
Tom,Mr.,3038,mudfog-papers
Tom,Time,3038,mudfog-papers
Ned,Tom,3038,mudfog-papers
Ned,Whiffler,3038,mudfog-papers
Ned,Georgiana,3038,mudfog-papers
Ned,Mr.,3038,mudfog-papers
Ned,Time,3038,mudfog-papers
Whiffler,Tom,3038,mudfog-papers
Whiffler,Ned,3038,mudfog-papers
Whiffler,Georgiana,3038,mudfog-papers
Whiffler,Mr.,3038,mudfog-papers
Whiffler,Time,3038,mudfog-papers
Georgiana,Tom,3038,mudfog-papers
Georgiana,Ned,3038,mudfog-papers
Georgiana,Whiffler,3038,mudfog-papers
Georgiana,Mr.,3038,mudfog-papers
Georgiana,Time,3038,mudfog-papers
Mr.,Tom,3038,mudfog-papers
Mr.,Ned,3038,mudfog-papers
Mr.,Whiffler,3038,mudfog-papers
Mr.,Georgiana,3038,mudfog-papers
Mr.,Time,3038,mudfog-papers
Time,Tom,3038,mudfog-papers
Time,Ned,3038,mudfog-papers
Time,Whiffler,3038,mudfog-papers
Time,Georgiana,3038,mudfog-papers
Time,Mr.,3038,mudfog-papers
Mr. Whiffler,Mary Anne,3040,mudfog-papers
Mr. Whiffler,Ned,3040,mudfog-papers
Mr. Whiffler,Mary Anne,3040,mudfog-papers
Mr. Whiffler,Ned,3040,mudfog-papers
Mr. Whiffler,Dick,3040,mudfog-papers
Mr. Whiffler,Mary Anne,3040,mudfog-papers
Mary Anne,Mr. Whiffler,3040,mudfog-papers
Mary Anne,Ned,3040,mudfog-papers
Mary Anne,Ned,3040,mudfog-papers
Mary Anne,Dick,3040,mudfog-papers
Ned,Mr. Whiffler,3040,mudfog-papers
Ned,Mary Anne,3040,mudfog-papers
Ned,Mary Anne,3040,mudfog-papers
Ned,Dick,3040,mudfog-papers
Ned,Mary Anne,3040,mudfog-papers
Mary Anne,Mr. Whiffler,3040,mudfog-papers
Mary Anne,Ned,3040,mudfog-papers
Mary Anne,Ned,3040,mudfog-papers
Mary Anne,Dick,3040,mudfog-papers
Ned,Mr. Whiffler,3040,mudfog-papers
Ned,Mary Anne,3040,mudfog-papers
Ned,Mary Anne,3040,mudfog-papers
Ned,Dick,3040,mudfog-papers
Ned,Mary Anne,3040,mudfog-papers
Dick,Mr. Whiffler,3040,mudfog-papers
Dick,Mary Anne,3040,mudfog-papers
Dick,Ned,3040,mudfog-papers
Dick,Mary Anne,3040,mudfog-papers
Dick,Ned,3040,mudfog-papers
Dick,Mary Anne,3040,mudfog-papers
Mary Anne,Mr. Whiffler,3040,mudfog-papers
Mary Anne,Ned,3040,mudfog-papers
Mary Anne,Ned,3040,mudfog-papers
Mary Anne,Dick,3040,mudfog-papers
Dick,Mr. Whiffler,3042,mudfog-papers
Dick,Whiffler,3042,mudfog-papers
Dick,Tom,3042,mudfog-papers
Dick,Tom,3042,mudfog-papers
Dick,Tom,3042,mudfog-papers
Mr. Whiffler,Dick,3042,mudfog-papers
Mr. Whiffler,Dick,3042,mudfog-papers
Mr. Whiffler,Whiffler,3042,mudfog-papers
Mr. Whiffler,Tom,3042,mudfog-papers
Mr. Whiffler,Tom,3042,mudfog-papers
Mr. Whiffler,Dick,3042,mudfog-papers
Mr. Whiffler,Dick,3042,mudfog-papers
Mr. Whiffler,Tom,3042,mudfog-papers
Dick,Mr. Whiffler,3042,mudfog-papers
Dick,Whiffler,3042,mudfog-papers
Dick,Tom,3042,mudfog-papers
Dick,Tom,3042,mudfog-papers
Dick,Tom,3042,mudfog-papers
Whiffler,Dick,3042,mudfog-papers
Whiffler,Mr. Whiffler,3042,mudfog-papers
Whiffler,Dick,3042,mudfog-papers
Whiffler,Tom,3042,mudfog-papers
Whiffler,Tom,3042,mudfog-papers
Whiffler,Dick,3042,mudfog-papers
Whiffler,Dick,3042,mudfog-papers
Whiffler,Tom,3042,mudfog-papers
Tom,Dick,3042,mudfog-papers
Tom,Mr. Whiffler,3042,mudfog-papers
Tom,Dick,3042,mudfog-papers
Tom,Whiffler,3042,mudfog-papers
Tom,Dick,3042,mudfog-papers
Tom,Dick,3042,mudfog-papers
Tom,Dick,3042,mudfog-papers
Tom,Mr. Whiffler,3042,mudfog-papers
Tom,Dick,3042,mudfog-papers
Tom,Whiffler,3042,mudfog-papers
Tom,Dick,3042,mudfog-papers
Tom,Dick,3042,mudfog-papers
Dick,Mr. Whiffler,3042,mudfog-papers
Dick,Whiffler,3042,mudfog-papers
Dick,Tom,3042,mudfog-papers
Dick,Tom,3042,mudfog-papers
Dick,Tom,3042,mudfog-papers
Dick,Mr. Whiffler,3042,mudfog-papers
Dick,Whiffler,3042,mudfog-papers
Dick,Tom,3042,mudfog-papers
Dick,Tom,3042,mudfog-papers
Dick,Tom,3042,mudfog-papers
Tom,Dick,3042,mudfog-papers
Tom,Mr. Whiffler,3042,mudfog-papers
Tom,Dick,3042,mudfog-papers
Tom,Whiffler,3042,mudfog-papers
Tom,Dick,3042,mudfog-papers
Tom,Dick,3042,mudfog-papers
Mr.,Mr. Whiffler,3044,mudfog-papers
Mr.,Tom,3044,mudfog-papers
Mr.,Dick,3044,mudfog-papers
Mr.,Ned,3044,mudfog-papers
Mr.,Mary Anne,3044,mudfog-papers
Mr.,Bob,3044,mudfog-papers
Mr.,Fanny,3044,mudfog-papers
Mr.,Carry,3044,mudfog-papers
Mr.,Mr. Saunders,3044,mudfog-papers
Mr.,Mr. Saunders,3044,mudfog-papers
Mr.,Mr. Whiffler,3044,mudfog-papers
Mr.,Mr. Saunders,3044,mudfog-papers
Mr.,Tom,3044,mudfog-papers
Mr.,Mr. Saunders,3044,mudfog-papers
Mr.,Dick,3044,mudfog-papers
Mr. Whiffler,Mr.,3044,mudfog-papers
Mr. Whiffler,Tom,3044,mudfog-papers
Mr. Whiffler,Dick,3044,mudfog-papers
Mr. Whiffler,Ned,3044,mudfog-papers
Mr. Whiffler,Mary Anne,3044,mudfog-papers
Mr. Whiffler,Bob,3044,mudfog-papers
Mr. Whiffler,Fanny,3044,mudfog-papers
Mr. Whiffler,Carry,3044,mudfog-papers
Mr. Whiffler,Mr. Saunders,3044,mudfog-papers
Mr. Whiffler,Mr. Saunders,3044,mudfog-papers
Mr. Whiffler,Mr. Saunders,3044,mudfog-papers
Mr. Whiffler,Tom,3044,mudfog-papers
Mr. Whiffler,Mr. Saunders,3044,mudfog-papers
Mr. Whiffler,Dick,3044,mudfog-papers
Tom,Mr.,3044,mudfog-papers
Tom,Mr. Whiffler,3044,mudfog-papers
Tom,Dick,3044,mudfog-papers
Tom,Ned,3044,mudfog-papers
Tom,Mary Anne,3044,mudfog-papers
Tom,Bob,3044,mudfog-papers
Tom,Fanny,3044,mudfog-papers
Tom,Carry,3044,mudfog-papers
Tom,Mr. Saunders,3044,mudfog-papers
Tom,Mr. Saunders,3044,mudfog-papers
Tom,Mr. Whiffler,3044,mudfog-papers
Tom,Mr. Saunders,3044,mudfog-papers
Tom,Mr. Saunders,3044,mudfog-papers
Tom,Dick,3044,mudfog-papers
Dick,Mr.,3044,mudfog-papers
Dick,Mr. Whiffler,3044,mudfog-papers
Dick,Tom,3044,mudfog-papers
Dick,Ned,3044,mudfog-papers
Dick,Mary Anne,3044,mudfog-papers
Dick,Bob,3044,mudfog-papers
Dick,Fanny,3044,mudfog-papers
Dick,Carry,3044,mudfog-papers
Dick,Mr. Saunders,3044,mudfog-papers
Dick,Mr. Saunders,3044,mudfog-papers
Dick,Mr. Whiffler,3044,mudfog-papers
Dick,Mr. Saunders,3044,mudfog-papers
Dick,Tom,3044,mudfog-papers
Dick,Mr. Saunders,3044,mudfog-papers
Ned,Mr.,3044,mudfog-papers
Ned,Mr. Whiffler,3044,mudfog-papers
Ned,Tom,3044,mudfog-papers
Ned,Dick,3044,mudfog-papers
Ned,Mary Anne,3044,mudfog-papers
Ned,Bob,3044,mudfog-papers
Ned,Fanny,3044,mudfog-papers
Ned,Carry,3044,mudfog-papers
Ned,Mr. Saunders,3044,mudfog-papers
Ned,Mr. Saunders,3044,mudfog-papers
Ned,Mr. Whiffler,3044,mudfog-papers
Ned,Mr. Saunders,3044,mudfog-papers
Ned,Tom,3044,mudfog-papers
Ned,Mr. Saunders,3044,mudfog-papers
Ned,Dick,3044,mudfog-papers
Mary Anne,Mr.,3044,mudfog-papers
Mary Anne,Mr. Whiffler,3044,mudfog-papers
Mary Anne,Tom,3044,mudfog-papers
Mary Anne,Dick,3044,mudfog-papers
Mary Anne,Ned,3044,mudfog-papers
Mary Anne,Bob,3044,mudfog-papers
Mary Anne,Fanny,3044,mudfog-papers
Mary Anne,Carry,3044,mudfog-papers
Mary Anne,Mr. Saunders,3044,mudfog-papers
Mary Anne,Mr. Saunders,3044,mudfog-papers
Mary Anne,Mr. Whiffler,3044,mudfog-papers
Mary Anne,Mr. Saunders,3044,mudfog-papers
Mary Anne,Tom,3044,mudfog-papers
Mary Anne,Mr. Saunders,3044,mudfog-papers
Mary Anne,Dick,3044,mudfog-papers
Bob,Mr.,3044,mudfog-papers
Bob,Mr. Whiffler,3044,mudfog-papers
Bob,Tom,3044,mudfog-papers
Bob,Dick,3044,mudfog-papers
Bob,Ned,3044,mudfog-papers
Bob,Mary Anne,3044,mudfog-papers
Bob,Fanny,3044,mudfog-papers
Bob,Carry,3044,mudfog-papers
Bob,Mr. Saunders,3044,mudfog-papers
Bob,Mr. Saunders,3044,mudfog-papers
Bob,Mr. Whiffler,3044,mudfog-papers
Bob,Mr. Saunders,3044,mudfog-papers
Bob,Tom,3044,mudfog-papers
Bob,Mr. Saunders,3044,mudfog-papers
Bob,Dick,3044,mudfog-papers
Fanny,Mr.,3044,mudfog-papers
Fanny,Mr. Whiffler,3044,mudfog-papers
Fanny,Tom,3044,mudfog-papers
Fanny,Dick,3044,mudfog-papers
Fanny,Ned,3044,mudfog-papers
Fanny,Mary Anne,3044,mudfog-papers
Fanny,Bob,3044,mudfog-papers
Fanny,Carry,3044,mudfog-papers
Fanny,Mr. Saunders,3044,mudfog-papers
Fanny,Mr. Saunders,3044,mudfog-papers
Fanny,Mr. Whiffler,3044,mudfog-papers
Fanny,Mr. Saunders,3044,mudfog-papers
Fanny,Tom,3044,mudfog-papers
Fanny,Mr. Saunders,3044,mudfog-papers
Fanny,Dick,3044,mudfog-papers
Carry,Mr.,3044,mudfog-papers
Carry,Mr. Whiffler,3044,mudfog-papers
Carry,Tom,3044,mudfog-papers
Carry,Dick,3044,mudfog-papers
Carry,Ned,3044,mudfog-papers
Carry,Mary Anne,3044,mudfog-papers
Carry,Bob,3044,mudfog-papers
Carry,Fanny,3044,mudfog-papers
Carry,Mr. Saunders,3044,mudfog-papers
Carry,Mr. Saunders,3044,mudfog-papers
Carry,Mr. Whiffler,3044,mudfog-papers
Carry,Mr. Saunders,3044,mudfog-papers
Carry,Tom,3044,mudfog-papers
Carry,Mr. Saunders,3044,mudfog-papers
Carry,Dick,3044,mudfog-papers
Mr. Saunders,Mr.,3044,mudfog-papers
Mr. Saunders,Mr. Whiffler,3044,mudfog-papers
Mr. Saunders,Tom,3044,mudfog-papers
Mr. Saunders,Dick,3044,mudfog-papers
Mr. Saunders,Ned,3044,mudfog-papers
Mr. Saunders,Mary Anne,3044,mudfog-papers
Mr. Saunders,Bob,3044,mudfog-papers
Mr. Saunders,Fanny,3044,mudfog-papers
Mr. Saunders,Carry,3044,mudfog-papers
Mr. Saunders,Mr. Whiffler,3044,mudfog-papers
Mr. Saunders,Tom,3044,mudfog-papers
Mr. Saunders,Dick,3044,mudfog-papers
Mr. Saunders,Mr.,3044,mudfog-papers
Mr. Saunders,Mr. Whiffler,3044,mudfog-papers
Mr. Saunders,Tom,3044,mudfog-papers
Mr. Saunders,Dick,3044,mudfog-papers
Mr. Saunders,Ned,3044,mudfog-papers
Mr. Saunders,Mary Anne,3044,mudfog-papers
Mr. Saunders,Bob,3044,mudfog-papers
Mr. Saunders,Fanny,3044,mudfog-papers
Mr. Saunders,Carry,3044,mudfog-papers
Mr. Saunders,Mr. Whiffler,3044,mudfog-papers
Mr. Saunders,Tom,3044,mudfog-papers
Mr. Saunders,Dick,3044,mudfog-papers
Mr. Whiffler,Mr.,3044,mudfog-papers
Mr. Whiffler,Tom,3044,mudfog-papers
Mr. Whiffler,Dick,3044,mudfog-papers
Mr. Whiffler,Ned,3044,mudfog-papers
Mr. Whiffler,Mary Anne,3044,mudfog-papers
Mr. Whiffler,Bob,3044,mudfog-papers
Mr. Whiffler,Fanny,3044,mudfog-papers
Mr. Whiffler,Carry,3044,mudfog-papers
Mr. Whiffler,Mr. Saunders,3044,mudfog-papers
Mr. Whiffler,Mr. Saunders,3044,mudfog-papers
Mr. Whiffler,Mr. Saunders,3044,mudfog-papers
Mr. Whiffler,Tom,3044,mudfog-papers
Mr. Whiffler,Mr. Saunders,3044,mudfog-papers
Mr. Whiffler,Dick,3044,mudfog-papers
Mr. Saunders,Mr.,3044,mudfog-papers
Mr. Saunders,Mr. Whiffler,3044,mudfog-papers
Mr. Saunders,Tom,3044,mudfog-papers
Mr. Saunders,Dick,3044,mudfog-papers
Mr. Saunders,Ned,3044,mudfog-papers
Mr. Saunders,Mary Anne,3044,mudfog-papers
Mr. Saunders,Bob,3044,mudfog-papers
Mr. Saunders,Fanny,3044,mudfog-papers
Mr. Saunders,Carry,3044,mudfog-papers
Mr. Saunders,Mr. Whiffler,3044,mudfog-papers
Mr. Saunders,Tom,3044,mudfog-papers
Mr. Saunders,Dick,3044,mudfog-papers
Tom,Mr.,3044,mudfog-papers
Tom,Mr. Whiffler,3044,mudfog-papers
Tom,Dick,3044,mudfog-papers
Tom,Ned,3044,mudfog-papers
Tom,Mary Anne,3044,mudfog-papers
Tom,Bob,3044,mudfog-papers
Tom,Fanny,3044,mudfog-papers
Tom,Carry,3044,mudfog-papers
Tom,Mr. Saunders,3044,mudfog-papers
Tom,Mr. Saunders,3044,mudfog-papers
Tom,Mr. Whiffler,3044,mudfog-papers
Tom,Mr. Saunders,3044,mudfog-papers
Tom,Mr. Saunders,3044,mudfog-papers
Tom,Dick,3044,mudfog-papers
Mr. Saunders,Mr.,3044,mudfog-papers
Mr. Saunders,Mr. Whiffler,3044,mudfog-papers
Mr. Saunders,Tom,3044,mudfog-papers
Mr. Saunders,Dick,3044,mudfog-papers
Mr. Saunders,Ned,3044,mudfog-papers
Mr. Saunders,Mary Anne,3044,mudfog-papers
Mr. Saunders,Bob,3044,mudfog-papers
Mr. Saunders,Fanny,3044,mudfog-papers
Mr. Saunders,Carry,3044,mudfog-papers
Mr. Saunders,Mr. Whiffler,3044,mudfog-papers
Mr. Saunders,Tom,3044,mudfog-papers
Mr. Saunders,Dick,3044,mudfog-papers
Dick,Mr.,3044,mudfog-papers
Dick,Mr. Whiffler,3044,mudfog-papers
Dick,Tom,3044,mudfog-papers
Dick,Ned,3044,mudfog-papers
Dick,Mary Anne,3044,mudfog-papers
Dick,Bob,3044,mudfog-papers
Dick,Fanny,3044,mudfog-papers
Dick,Carry,3044,mudfog-papers
Dick,Mr. Saunders,3044,mudfog-papers
Dick,Mr. Saunders,3044,mudfog-papers
Dick,Mr. Whiffler,3044,mudfog-papers
Dick,Mr. Saunders,3044,mudfog-papers
Dick,Tom,3044,mudfog-papers
Dick,Mr. Saunders,3044,mudfog-papers
Mr.,Mr. Whiffler,3045,mudfog-papers
Mr.,Mr. Saunders,3045,mudfog-papers
Mr.,Mr. Whiffler,3045,mudfog-papers
Mr.,Mr. Saunders,3045,mudfog-papers
Mr.,Mr. Whiffler,3045,mudfog-papers
Mr.,Mr. Saunders,3045,mudfog-papers
Mr.,Mr. Whiffler,3045,mudfog-papers
Mr.,Mr. Saunders,3045,mudfog-papers
Mr.,Mr. Whiffler,3045,mudfog-papers
Mr.,Mr. Saunders,3045,mudfog-papers
Mr.,Mr. Whiffler,3045,mudfog-papers
Mr.,Mr. Whiffler,3045,mudfog-papers
Mr.,Whiffler,3045,mudfog-papers
Mr. Whiffler,Mr.,3045,mudfog-papers
Mr. Whiffler,Mr. Saunders,3045,mudfog-papers
Mr. Whiffler,Mr. Saunders,3045,mudfog-papers
Mr. Whiffler,Mr. Saunders,3045,mudfog-papers
Mr. Whiffler,Mr. Saunders,3045,mudfog-papers
Mr. Whiffler,Mr. Saunders,3045,mudfog-papers
Mr. Whiffler,Whiffler,3045,mudfog-papers
Mr. Saunders,Mr.,3045,mudfog-papers
Mr. Saunders,Mr. Whiffler,3045,mudfog-papers
Mr. Saunders,Mr. Whiffler,3045,mudfog-papers
Mr. Saunders,Mr. Whiffler,3045,mudfog-papers
Mr. Saunders,Mr. Whiffler,3045,mudfog-papers
Mr. Saunders,Mr. Whiffler,3045,mudfog-papers
Mr. Saunders,Mr. Whiffler,3045,mudfog-papers
Mr. Saunders,Mr. Whiffler,3045,mudfog-papers
Mr. Saunders,Whiffler,3045,mudfog-papers
Mr. Whiffler,Mr.,3045,mudfog-papers
Mr. Whiffler,Mr. Saunders,3045,mudfog-papers
Mr. Whiffler,Mr. Saunders,3045,mudfog-papers
Mr. Whiffler,Mr. Saunders,3045,mudfog-papers
Mr. Whiffler,Mr. Saunders,3045,mudfog-papers
Mr. Whiffler,Mr. Saunders,3045,mudfog-papers
Mr. Whiffler,Whiffler,3045,mudfog-papers
Mr. Saunders,Mr.,3045,mudfog-papers
Mr. Saunders,Mr. Whiffler,3045,mudfog-papers
Mr. Saunders,Mr. Whiffler,3045,mudfog-papers
Mr. Saunders,Mr. Whiffler,3045,mudfog-papers
Mr. Saunders,Mr. Whiffler,3045,mudfog-papers
Mr. Saunders,Mr. Whiffler,3045,mudfog-papers
Mr. Saunders,Mr. Whiffler,3045,mudfog-papers
Mr. Saunders,Mr. Whiffler,3045,mudfog-papers
Mr. Saunders,Whiffler,3045,mudfog-papers
Mr. Whiffler,Mr.,3045,mudfog-papers
Mr. Whiffler,Mr. Saunders,3045,mudfog-papers
Mr. Whiffler,Mr. Saunders,3045,mudfog-papers
Mr. Whiffler,Mr. Saunders,3045,mudfog-papers
Mr. Whiffler,Mr. Saunders,3045,mudfog-papers
Mr. Whiffler,Mr. Saunders,3045,mudfog-papers
Mr. Whiffler,Whiffler,3045,mudfog-papers
Mr. Saunders,Mr.,3045,mudfog-papers
Mr. Saunders,Mr. Whiffler,3045,mudfog-papers
Mr. Saunders,Mr. Whiffler,3045,mudfog-papers
Mr. Saunders,Mr. Whiffler,3045,mudfog-papers
Mr. Saunders,Mr. Whiffler,3045,mudfog-papers
Mr. Saunders,Mr. Whiffler,3045,mudfog-papers
Mr. Saunders,Mr. Whiffler,3045,mudfog-papers
Mr. Saunders,Mr. Whiffler,3045,mudfog-papers
Mr. Saunders,Whiffler,3045,mudfog-papers
Mr. Whiffler,Mr.,3045,mudfog-papers
Mr. Whiffler,Mr. Saunders,3045,mudfog-papers
Mr. Whiffler,Mr. Saunders,3045,mudfog-papers
Mr. Whiffler,Mr. Saunders,3045,mudfog-papers
Mr. Whiffler,Mr. Saunders,3045,mudfog-papers
Mr. Whiffler,Mr. Saunders,3045,mudfog-papers
Mr. Whiffler,Whiffler,3045,mudfog-papers
Mr. Saunders,Mr.,3045,mudfog-papers
Mr. Saunders,Mr. Whiffler,3045,mudfog-papers
Mr. Saunders,Mr. Whiffler,3045,mudfog-papers
Mr. Saunders,Mr. Whiffler,3045,mudfog-papers
Mr. Saunders,Mr. Whiffler,3045,mudfog-papers
Mr. Saunders,Mr. Whiffler,3045,mudfog-papers
Mr. Saunders,Mr. Whiffler,3045,mudfog-papers
Mr. Saunders,Mr. Whiffler,3045,mudfog-papers
Mr. Saunders,Whiffler,3045,mudfog-papers
Mr. Whiffler,Mr.,3045,mudfog-papers
Mr. Whiffler,Mr. Saunders,3045,mudfog-papers
Mr. Whiffler,Mr. Saunders,3045,mudfog-papers
Mr. Whiffler,Mr. Saunders,3045,mudfog-papers
Mr. Whiffler,Mr. Saunders,3045,mudfog-papers
Mr. Whiffler,Mr. Saunders,3045,mudfog-papers
Mr. Whiffler,Whiffler,3045,mudfog-papers
Mr. Saunders,Mr.,3045,mudfog-papers
Mr. Saunders,Mr. Whiffler,3045,mudfog-papers
Mr. Saunders,Mr. Whiffler,3045,mudfog-papers
Mr. Saunders,Mr. Whiffler,3045,mudfog-papers
Mr. Saunders,Mr. Whiffler,3045,mudfog-papers
Mr. Saunders,Mr. Whiffler,3045,mudfog-papers
Mr. Saunders,Mr. Whiffler,3045,mudfog-papers
Mr. Saunders,Mr. Whiffler,3045,mudfog-papers
Mr. Saunders,Whiffler,3045,mudfog-papers
Mr. Whiffler,Mr.,3045,mudfog-papers
Mr. Whiffler,Mr. Saunders,3045,mudfog-papers
Mr. Whiffler,Mr. Saunders,3045,mudfog-papers
Mr. Whiffler,Mr. Saunders,3045,mudfog-papers
Mr. Whiffler,Mr. Saunders,3045,mudfog-papers
Mr. Whiffler,Mr. Saunders,3045,mudfog-papers
Mr. Whiffler,Whiffler,3045,mudfog-papers
Mr. Whiffler,Mr.,3045,mudfog-papers
Mr. Whiffler,Mr. Saunders,3045,mudfog-papers
Mr. Whiffler,Mr. Saunders,3045,mudfog-papers
Mr. Whiffler,Mr. Saunders,3045,mudfog-papers
Mr. Whiffler,Mr. Saunders,3045,mudfog-papers
Mr. Whiffler,Mr. Saunders,3045,mudfog-papers
Mr. Whiffler,Whiffler,3045,mudfog-papers
Whiffler,Mr.,3045,mudfog-papers
Whiffler,Mr. Whiffler,3045,mudfog-papers
Whiffler,Mr. Saunders,3045,mudfog-papers
Whiffler,Mr. Whiffler,3045,mudfog-papers
Whiffler,Mr. Saunders,3045,mudfog-papers
Whiffler,Mr. Whiffler,3045,mudfog-papers
Whiffler,Mr. Saunders,3045,mudfog-papers
Whiffler,Mr. Whiffler,3045,mudfog-papers
Whiffler,Mr. Saunders,3045,mudfog-papers
Whiffler,Mr. Whiffler,3045,mudfog-papers
Whiffler,Mr. Saunders,3045,mudfog-papers
Whiffler,Mr. Whiffler,3045,mudfog-papers
Whiffler,Mr. Whiffler,3045,mudfog-papers
Doctor,Johnson,3046,mudfog-papers
Doctor,Mr. Whiffler,3046,mudfog-papers
Johnson,Doctor,3046,mudfog-papers
Johnson,Mr. Whiffler,3046,mudfog-papers
Mr. Whiffler,Doctor,3046,mudfog-papers
Mr. Whiffler,Johnson,3046,mudfog-papers
Charles,Louisa,3050,mudfog-papers
Charles,Louisa,3050,mudfog-papers
Charles,Louisa,3050,mudfog-papers
Charles,_I_,3050,mudfog-papers
Louisa,Charles,3050,mudfog-papers
Louisa,Charles,3050,mudfog-papers
Louisa,_I_,3050,mudfog-papers
Louisa,Charles,3050,mudfog-papers
Louisa,Charles,3050,mudfog-papers
Louisa,_I_,3050,mudfog-papers
Charles,Louisa,3050,mudfog-papers
Charles,Louisa,3050,mudfog-papers
Charles,Louisa,3050,mudfog-papers
Charles,_I_,3050,mudfog-papers
Louisa,Charles,3050,mudfog-papers
Louisa,Charles,3050,mudfog-papers
Louisa,_I_,3050,mudfog-papers
_I_,Charles,3050,mudfog-papers
_I_,Louisa,3050,mudfog-papers
_I_,Louisa,3050,mudfog-papers
_I_,Charles,3050,mudfog-papers
_I_,Louisa,3050,mudfog-papers
Loss,Mr.,3055,mudfog-papers
Mr.,Loss,3055,mudfog-papers
Jackson,Mr. Jackson,3061,mudfog-papers
Mr. Jackson,Jackson,3061,mudfog-papers
Mr.,Bobtail Widger,3062,mudfog-papers
Mr.,Mr. Widger,3062,mudfog-papers
Mr.,Bobtail,3062,mudfog-papers
Mr.,Bobtail,3062,mudfog-papers
Mr.,Mr. Widger,3062,mudfog-papers
Bobtail Widger,Mr.,3062,mudfog-papers
Bobtail Widger,Mr. Widger,3062,mudfog-papers
Bobtail Widger,Bobtail,3062,mudfog-papers
Bobtail Widger,Bobtail,3062,mudfog-papers
Bobtail Widger,Mr. Widger,3062,mudfog-papers
Mr. Widger,Mr.,3062,mudfog-papers
Mr. Widger,Bobtail Widger,3062,mudfog-papers
Mr. Widger,Bobtail,3062,mudfog-papers
Mr. Widger,Bobtail,3062,mudfog-papers
Bobtail,Mr.,3062,mudfog-papers
Bobtail,Bobtail Widger,3062,mudfog-papers
Bobtail,Mr. Widger,3062,mudfog-papers
Bobtail,Mr. Widger,3062,mudfog-papers
Bobtail,Mr.,3062,mudfog-papers
Bobtail,Bobtail Widger,3062,mudfog-papers
Bobtail,Mr. Widger,3062,mudfog-papers
Bobtail,Mr. Widger,3062,mudfog-papers
Mr. Widger,Mr.,3062,mudfog-papers
Mr. Widger,Bobtail Widger,3062,mudfog-papers
Mr. Widger,Bobtail,3062,mudfog-papers
Mr. Widger,Bobtail,3062,mudfog-papers
Clickit,Mr. Clickit,3063,mudfog-papers
Clickit,Mr. Widger,3063,mudfog-papers
Clickit,Mr. Widger,3063,mudfog-papers
Clickit,Bobtail,3063,mudfog-papers
Clickit,Mr. Widger,3063,mudfog-papers
Clickit,Jackson,3063,mudfog-papers
Clickit,Mr. Widger,3063,mudfog-papers
Clickit,Clickits,3063,mudfog-papers
Clickit,Jackson,3063,mudfog-papers
Clickit,Mr. Widger,3063,mudfog-papers
Clickit,Mr.,3063,mudfog-papers
Clickit,Jackson,3063,mudfog-papers
Clickit,Mr. Widger,3063,mudfog-papers
Mr. Clickit,Clickit,3063,mudfog-papers
Mr. Clickit,Mr. Widger,3063,mudfog-papers
Mr. Clickit,Mr. Widger,3063,mudfog-papers
Mr. Clickit,Bobtail,3063,mudfog-papers
Mr. Clickit,Mr. Widger,3063,mudfog-papers
Mr. Clickit,Jackson,3063,mudfog-papers
Mr. Clickit,Mr. Widger,3063,mudfog-papers
Mr. Clickit,Clickits,3063,mudfog-papers
Mr. Clickit,Jackson,3063,mudfog-papers
Mr. Clickit,Mr. Widger,3063,mudfog-papers
Mr. Clickit,Mr.,3063,mudfog-papers
Mr. Clickit,Jackson,3063,mudfog-papers
Mr. Clickit,Mr. Widger,3063,mudfog-papers
Mr. Widger,Clickit,3063,mudfog-papers
Mr. Widger,Mr. Clickit,3063,mudfog-papers
Mr. Widger,Bobtail,3063,mudfog-papers
Mr. Widger,Jackson,3063,mudfog-papers
Mr. Widger,Clickits,3063,mudfog-papers
Mr. Widger,Jackson,3063,mudfog-papers
Mr. Widger,Mr.,3063,mudfog-papers
Mr. Widger,Jackson,3063,mudfog-papers
Mr. Widger,Clickit,3063,mudfog-papers
Mr. Widger,Mr. Clickit,3063,mudfog-papers
Mr. Widger,Bobtail,3063,mudfog-papers
Mr. Widger,Jackson,3063,mudfog-papers
Mr. Widger,Clickits,3063,mudfog-papers
Mr. Widger,Jackson,3063,mudfog-papers
Mr. Widger,Mr.,3063,mudfog-papers
Mr. Widger,Jackson,3063,mudfog-papers
Bobtail,Clickit,3063,mudfog-papers
Bobtail,Mr. Clickit,3063,mudfog-papers
Bobtail,Mr. Widger,3063,mudfog-papers
Bobtail,Mr. Widger,3063,mudfog-papers
Bobtail,Mr. Widger,3063,mudfog-papers
Bobtail,Jackson,3063,mudfog-papers
Bobtail,Mr. Widger,3063,mudfog-papers
Bobtail,Clickits,3063,mudfog-papers
Bobtail,Jackson,3063,mudfog-papers
Bobtail,Mr. Widger,3063,mudfog-papers
Bobtail,Mr.,3063,mudfog-papers
Bobtail,Jackson,3063,mudfog-papers
Bobtail,Mr. Widger,3063,mudfog-papers
Mr. Widger,Clickit,3063,mudfog-papers
Mr. Widger,Mr. Clickit,3063,mudfog-papers
Mr. Widger,Bobtail,3063,mudfog-papers
Mr. Widger,Jackson,3063,mudfog-papers
Mr. Widger,Clickits,3063,mudfog-papers
Mr. Widger,Jackson,3063,mudfog-papers
Mr. Widger,Mr.,3063,mudfog-papers
Mr. Widger,Jackson,3063,mudfog-papers
Jackson,Clickit,3063,mudfog-papers
Jackson,Mr. Clickit,3063,mudfog-papers
Jackson,Mr. Widger,3063,mudfog-papers
Jackson,Mr. Widger,3063,mudfog-papers
Jackson,Bobtail,3063,mudfog-papers
Jackson,Mr. Widger,3063,mudfog-papers
Jackson,Mr. Widger,3063,mudfog-papers
Jackson,Clickits,3063,mudfog-papers
Jackson,Mr. Widger,3063,mudfog-papers
Jackson,Mr.,3063,mudfog-papers
Jackson,Mr. Widger,3063,mudfog-papers
Mr. Widger,Clickit,3063,mudfog-papers
Mr. Widger,Mr. Clickit,3063,mudfog-papers
Mr. Widger,Bobtail,3063,mudfog-papers
Mr. Widger,Jackson,3063,mudfog-papers
Mr. Widger,Clickits,3063,mudfog-papers
Mr. Widger,Jackson,3063,mudfog-papers
Mr. Widger,Mr.,3063,mudfog-papers
Mr. Widger,Jackson,3063,mudfog-papers
Clickits,Clickit,3063,mudfog-papers
Clickits,Mr. Clickit,3063,mudfog-papers
Clickits,Mr. Widger,3063,mudfog-papers
Clickits,Mr. Widger,3063,mudfog-papers
Clickits,Bobtail,3063,mudfog-papers
Clickits,Mr. Widger,3063,mudfog-papers
Clickits,Jackson,3063,mudfog-papers
Clickits,Mr. Widger,3063,mudfog-papers
Clickits,Jackson,3063,mudfog-papers
Clickits,Mr. Widger,3063,mudfog-papers
Clickits,Mr.,3063,mudfog-papers
Clickits,Jackson,3063,mudfog-papers
Clickits,Mr. Widger,3063,mudfog-papers
Jackson,Clickit,3063,mudfog-papers
Jackson,Mr. Clickit,3063,mudfog-papers
Jackson,Mr. Widger,3063,mudfog-papers
Jackson,Mr. Widger,3063,mudfog-papers
Jackson,Bobtail,3063,mudfog-papers
Jackson,Mr. Widger,3063,mudfog-papers
Jackson,Mr. Widger,3063,mudfog-papers
Jackson,Clickits,3063,mudfog-papers
Jackson,Mr. Widger,3063,mudfog-papers
Jackson,Mr.,3063,mudfog-papers
Jackson,Mr. Widger,3063,mudfog-papers
Mr. Widger,Clickit,3063,mudfog-papers
Mr. Widger,Mr. Clickit,3063,mudfog-papers
Mr. Widger,Bobtail,3063,mudfog-papers
Mr. Widger,Jackson,3063,mudfog-papers
Mr. Widger,Clickits,3063,mudfog-papers
Mr. Widger,Jackson,3063,mudfog-papers
Mr. Widger,Mr.,3063,mudfog-papers
Mr. Widger,Jackson,3063,mudfog-papers
Mr.,Clickit,3063,mudfog-papers
Mr.,Mr. Clickit,3063,mudfog-papers
Mr.,Mr. Widger,3063,mudfog-papers
Mr.,Mr. Widger,3063,mudfog-papers
Mr.,Bobtail,3063,mudfog-papers
Mr.,Mr. Widger,3063,mudfog-papers
Mr.,Jackson,3063,mudfog-papers
Mr.,Mr. Widger,3063,mudfog-papers
Mr.,Clickits,3063,mudfog-papers
Mr.,Jackson,3063,mudfog-papers
Mr.,Mr. Widger,3063,mudfog-papers
Mr.,Jackson,3063,mudfog-papers
Mr.,Mr. Widger,3063,mudfog-papers
Jackson,Clickit,3063,mudfog-papers
Jackson,Mr. Clickit,3063,mudfog-papers
Jackson,Mr. Widger,3063,mudfog-papers
Jackson,Mr. Widger,3063,mudfog-papers
Jackson,Bobtail,3063,mudfog-papers
Jackson,Mr. Widger,3063,mudfog-papers
Jackson,Mr. Widger,3063,mudfog-papers
Jackson,Clickits,3063,mudfog-papers
Jackson,Mr. Widger,3063,mudfog-papers
Jackson,Mr.,3063,mudfog-papers
Jackson,Mr. Widger,3063,mudfog-papers
Mr. Widger,Clickit,3063,mudfog-papers
Mr. Widger,Mr. Clickit,3063,mudfog-papers
Mr. Widger,Bobtail,3063,mudfog-papers
Mr. Widger,Jackson,3063,mudfog-papers
Mr. Widger,Clickits,3063,mudfog-papers
Mr. Widger,Jackson,3063,mudfog-papers
Mr. Widger,Mr.,3063,mudfog-papers
Mr. Widger,Jackson,3063,mudfog-papers
Mr. Slummery,Mr. Fithers,3064,mudfog-papers
Mr. Slummery,Slummery,3064,mudfog-papers
Mr. Fithers,Mr. Slummery,3064,mudfog-papers
Mr. Fithers,Slummery,3064,mudfog-papers
Slummery,Mr. Slummery,3064,mudfog-papers
Slummery,Mr. Fithers,3064,mudfog-papers
Mr.,Bobtail Widger,3066,mudfog-papers
Bobtail Widger,Mr.,3066,mudfog-papers
Mr.,Mr. Chirrup,3070,mudfog-papers
Mr. Chirrup,Mr.,3070,mudfog-papers
Mr.,Mr. Chirrup,3073,mudfog-papers
Mr.,Mr. Chirrup,3073,mudfog-papers
Mr.,Mr. Chirrup,3073,mudfog-papers
Mr.,Mr. Chirrup,3073,mudfog-papers
Mr. Chirrup,Mr.,3073,mudfog-papers
Mr. Chirrup,Mr.,3073,mudfog-papers
Mr.,Mr. Chirrup,3073,mudfog-papers
Mr.,Mr. Chirrup,3073,mudfog-papers
Mr.,Mr. Chirrup,3073,mudfog-papers
Mr.,Mr. Chirrup,3073,mudfog-papers
Mr. Chirrup,Mr.,3073,mudfog-papers
Mr. Chirrup,Mr.,3073,mudfog-papers
Mr. Chirrup,Mr.,3073,mudfog-papers
Mr. Chirrup,Mr.,3073,mudfog-papers
Mr. Chirrup,Mr.,3073,mudfog-papers
Mr. Chirrup,Mr.,3073,mudfog-papers
Mr. Chirrup,Mr.,3074,mudfog-papers
Mr. Chirrup,Mr.,3074,mudfog-papers
Mr. Chirrup,Mr.,3074,mudfog-papers
Mr. Chirrup,Mr.,3074,mudfog-papers
Mr. Chirrup,Mr.,3074,mudfog-papers
Mr.,Mr. Chirrup,3074,mudfog-papers
Mr.,Mr. Chirrup,3074,mudfog-papers
Mr.,Mr. Chirrup,3074,mudfog-papers
Mr.,Mr. Chirrup,3074,mudfog-papers
Mr.,Mr. Chirrup,3074,mudfog-papers
Never,Mr. Briggs,3081,mudfog-papers
Mr. Briggs,Never,3081,mudfog-papers
Lord Slang,Sir Chipkins Glogwog,3082,mudfog-papers
Lord Slang,Sir Chipkins,3082,mudfog-papers
Lord Slang,Don,3082,mudfog-papers
Lord Slang,Slang,3082,mudfog-papers
Sir Chipkins Glogwog,Lord Slang,3082,mudfog-papers
Sir Chipkins Glogwog,Sir Chipkins,3082,mudfog-papers
Sir Chipkins Glogwog,Don,3082,mudfog-papers
Sir Chipkins Glogwog,Slang,3082,mudfog-papers
Sir Chipkins,Lord Slang,3082,mudfog-papers
Sir Chipkins,Sir Chipkins Glogwog,3082,mudfog-papers
Sir Chipkins,Don,3082,mudfog-papers
Sir Chipkins,Slang,3082,mudfog-papers
Don,Lord Slang,3082,mudfog-papers
Don,Sir Chipkins Glogwog,3082,mudfog-papers
Don,Sir Chipkins,3082,mudfog-papers
Don,Slang,3082,mudfog-papers
Slang,Lord Slang,3082,mudfog-papers
Slang,Sir Chipkins Glogwog,3082,mudfog-papers
Slang,Sir Chipkins,3082,mudfog-papers
Slang,Don,3082,mudfog-papers
Hatfield,Charlotte,3083,mudfog-papers
Hatfield,Mr. Greenacre,3083,mudfog-papers
Hatfield,Fish Street Hill,3083,mudfog-papers
Hatfield,Sir,3083,mudfog-papers
Charlotte,Hatfield,3083,mudfog-papers
Charlotte,Mr. Greenacre,3083,mudfog-papers
Charlotte,Fish Street Hill,3083,mudfog-papers
Charlotte,Sir,3083,mudfog-papers
Mr. Greenacre,Hatfield,3083,mudfog-papers
Mr. Greenacre,Charlotte,3083,mudfog-papers
Mr. Greenacre,Fish Street Hill,3083,mudfog-papers
Mr. Greenacre,Sir,3083,mudfog-papers
Fish Street Hill,Hatfield,3083,mudfog-papers
Fish Street Hill,Charlotte,3083,mudfog-papers
Fish Street Hill,Mr. Greenacre,3083,mudfog-papers
Fish Street Hill,Sir,3083,mudfog-papers
Sir,Hatfield,3083,mudfog-papers
Sir,Charlotte,3083,mudfog-papers
Sir,Mr. Greenacre,3083,mudfog-papers
Sir,Fish Street Hill,3083,mudfog-papers
Mr.,Mr. Sliverstone,3085,mudfog-papers
Mr.,Mr. Sliverstone,3085,mudfog-papers
Mr.,Mr. Sliverstone,3085,mudfog-papers
Mr.,Mr. Sliverstone,3085,mudfog-papers
Mr.,Mr. Sliverstone,3085,mudfog-papers
Mr.,Mr. Sliverstone,3085,mudfog-papers
Mr.,Mr. Sliverstone,3085,mudfog-papers
Mr.,Mr. Sliverstone,3085,mudfog-papers
Mr. Sliverstone,Mr.,3085,mudfog-papers
Mr. Sliverstone,Mr.,3085,mudfog-papers
Mr. Sliverstone,Mr.,3085,mudfog-papers
Mr. Sliverstone,Mr.,3085,mudfog-papers
Mr. Sliverstone,Mr.,3085,mudfog-papers
Mr. Sliverstone,Mr.,3085,mudfog-papers
Mr. Sliverstone,Mr.,3085,mudfog-papers
Mr. Sliverstone,Mr.,3085,mudfog-papers
Chopper,Mr.,3091,mudfog-papers
Chopper,Mr.,3091,mudfog-papers
Mr.,Chopper,3091,mudfog-papers
Mr.,Chopper,3091,mudfog-papers
Mr.,Chopper,3093,mudfog-papers
Chopper,Mr.,3093,mudfog-papers
Mr.,Mr. Merrywinkle,3099,mudfog-papers
Mr.,Mr. Merrywinkle,3099,mudfog-papers
Mr. Merrywinkle,Mr.,3099,mudfog-papers
Mr. Merrywinkle,Mr.,3099,mudfog-papers
Death,Miss Emma,3110,mudfog-papers
Miss Emma,Death,3110,mudfog-papers
Sir,Eighty,3112,mudfog-papers
Sir,Julius Caesar,3112,mudfog-papers
Sir,Parr,3112,mudfog-papers
Eighty,Sir,3112,mudfog-papers
Eighty,Sir,3112,mudfog-papers
Eighty,Sir,3112,mudfog-papers
Eighty,Sir,3112,mudfog-papers
Eighty,Julius Caesar,3112,mudfog-papers
Eighty,Sir,3112,mudfog-papers
Eighty,Parr,3112,mudfog-papers
Sir,Eighty,3112,mudfog-papers
Sir,Julius Caesar,3112,mudfog-papers
Sir,Parr,3112,mudfog-papers
Sir,Eighty,3112,mudfog-papers
Sir,Julius Caesar,3112,mudfog-papers
Sir,Parr,3112,mudfog-papers
Sir,Eighty,3112,mudfog-papers
Sir,Julius Caesar,3112,mudfog-papers
Sir,Parr,3112,mudfog-papers
Julius Caesar,Sir,3112,mudfog-papers
Julius Caesar,Eighty,3112,mudfog-papers
Julius Caesar,Sir,3112,mudfog-papers
Julius Caesar,Sir,3112,mudfog-papers
Julius Caesar,Sir,3112,mudfog-papers
Julius Caesar,Sir,3112,mudfog-papers
Julius Caesar,Parr,3112,mudfog-papers
Sir,Eighty,3112,mudfog-papers
Sir,Julius Caesar,3112,mudfog-papers
Sir,Parr,3112,mudfog-papers
Parr,Sir,3112,mudfog-papers
Parr,Eighty,3112,mudfog-papers
Parr,Sir,3112,mudfog-papers
Parr,Sir,3112,mudfog-papers
Parr,Sir,3112,mudfog-papers
Parr,Julius Caesar,3112,mudfog-papers
Parr,Sir,3112,mudfog-papers
Jane Adams,Jane,3115,mudfog-papers
Jane,Jane Adams,3115,mudfog-papers
Mudfog,Water,3130,mudfog-papers
Mudfog,Water,3130,mudfog-papers
Water,Mudfog,3130,mudfog-papers
Water,Mudfog,3130,mudfog-papers
Water,Mudfog,3130,mudfog-papers
Water,Mudfog,3130,mudfog-papers
Mudfog,Water,3130,mudfog-papers
Mudfog,Water,3130,mudfog-papers
Limehouse,Ratcliff Highway,3131,mudfog-papers
Ratcliff Highway,Limehouse,3131,mudfog-papers
Ratcliff Highway,Limehouse,3131,mudfog-papers
Limehouse,Ratcliff Highway,3131,mudfog-papers
Nicholas Tulrumble,Nicholas,3133,mudfog-papers
Nicholas Tulrumble,Nicholas,3133,mudfog-papers
Nicholas,Nicholas Tulrumble,3133,mudfog-papers
Nicholas,Nicholas Tulrumble,3133,mudfog-papers
Nicholas,Nicholas Tulrumble,3133,mudfog-papers
Nicholas,Nicholas Tulrumble,3133,mudfog-papers
Nicholas Tulrumble,Nicholas,3133,mudfog-papers
Nicholas Tulrumble,Nicholas,3133,mudfog-papers
Nicholas Tulrumble,Nicholas,3134,mudfog-papers
Nicholas Tulrumble,Mudfog Hall,3134,mudfog-papers
Nicholas,Nicholas Tulrumble,3134,mudfog-papers
Nicholas,Mudfog Hall,3134,mudfog-papers
Mudfog Hall,Nicholas Tulrumble,3134,mudfog-papers
Mudfog Hall,Nicholas,3134,mudfog-papers
Nicholas Tulrumble,Mr. Tulrumble,3135,mudfog-papers
Nicholas Tulrumble,Mr. Tulrumble,3135,mudfog-papers
Nicholas Tulrumble,Mr. Nicholas Tulrumble,3135,mudfog-papers
Mr. Tulrumble,Nicholas Tulrumble,3135,mudfog-papers
Mr. Tulrumble,Mr. Nicholas Tulrumble,3135,mudfog-papers
Mr. Tulrumble,Nicholas Tulrumble,3135,mudfog-papers
Mr. Tulrumble,Nicholas Tulrumble,3135,mudfog-papers
Mr. Tulrumble,Mr. Nicholas Tulrumble,3135,mudfog-papers
Mr. Tulrumble,Nicholas Tulrumble,3135,mudfog-papers
Mr. Nicholas Tulrumble,Nicholas Tulrumble,3135,mudfog-papers
Mr. Nicholas Tulrumble,Mr. Tulrumble,3135,mudfog-papers
Mr. Nicholas Tulrumble,Mr. Tulrumble,3135,mudfog-papers
Mr. Nicholas Tulrumble,Nicholas Tulrumble,3135,mudfog-papers
Nicholas Tulrumble,Mr. Tulrumble,3135,mudfog-papers
Nicholas Tulrumble,Mr. Tulrumble,3135,mudfog-papers
Nicholas Tulrumble,Mr. Nicholas Tulrumble,3135,mudfog-papers
Mr. Nicholas Tulrumble,Mr. Tulrumble,3138,mudfog-papers
Mr. Nicholas Tulrumble,Lord Mayors,3138,mudfog-papers
Mr. Tulrumble,Mr. Nicholas Tulrumble,3138,mudfog-papers
Mr. Tulrumble,Lord Mayors,3138,mudfog-papers
Mr. Tulrumble,Mr. Nicholas Tulrumble,3138,mudfog-papers
Lord Mayors,Mr. Nicholas Tulrumble,3138,mudfog-papers
Lord Mayors,Mr. Tulrumble,3138,mudfog-papers
Lord Mayors,Mr. Nicholas Tulrumble,3138,mudfog-papers
Mr. Nicholas Tulrumble,Mr. Tulrumble,3138,mudfog-papers
Mr. Nicholas Tulrumble,Lord Mayors,3138,mudfog-papers
Mr.,Nicholas Tulrumble,3139,mudfog-papers
Nicholas Tulrumble,Mr.,3139,mudfog-papers
Mr. Sniggs,Mr. Tulrumble,3142,mudfog-papers
Mr. Tulrumble,Mr. Sniggs,3142,mudfog-papers
Mr. Tulrumble,Mr. Sniggs,3142,mudfog-papers
Mr. Sniggs,Mr. Tulrumble,3142,mudfog-papers
Nicholas Tulrumble,Nicholas,3152,mudfog-papers
Nicholas,Nicholas Tulrumble,3152,mudfog-papers
Nicholas,Nicholas Tulrumble,3152,mudfog-papers
Nicholas Tulrumble,Nicholas,3152,mudfog-papers
Nicholas Tulrumble,Mudfog Hill,3153,mudfog-papers
Mudfog Hill,Nicholas Tulrumble,3153,mudfog-papers
Edward Twigger,Ned,3154,mudfog-papers
Ned,Edward Twigger,3154,mudfog-papers
Mr. Nicholas Tulrumble,Mr. Tulrumble,3155,mudfog-papers
Mr. Nicholas Tulrumble,Arms,3155,mudfog-papers
Mr. Nicholas Tulrumble,Twigger,3155,mudfog-papers
Mr. Nicholas Tulrumble,Nicholas Tulrumble,3155,mudfog-papers
Mr. Nicholas Tulrumble,Esquire,3155,mudfog-papers
Mr. Nicholas Tulrumble,Mr. Twigger,3155,mudfog-papers
Mr. Nicholas Tulrumble,Mr. Twigger,3155,mudfog-papers
Mr. Nicholas Tulrumble,Mudfog Hall,3155,mudfog-papers
Mr. Tulrumble,Mr. Nicholas Tulrumble,3155,mudfog-papers
Mr. Tulrumble,Arms,3155,mudfog-papers
Mr. Tulrumble,Twigger,3155,mudfog-papers
Mr. Tulrumble,Nicholas Tulrumble,3155,mudfog-papers
Mr. Tulrumble,Esquire,3155,mudfog-papers
Mr. Tulrumble,Mr. Twigger,3155,mudfog-papers
Mr. Tulrumble,Mr. Twigger,3155,mudfog-papers
Mr. Tulrumble,Mudfog Hall,3155,mudfog-papers
Arms,Mr. Nicholas Tulrumble,3155,mudfog-papers
Arms,Mr. Tulrumble,3155,mudfog-papers
Arms,Twigger,3155,mudfog-papers
Arms,Nicholas Tulrumble,3155,mudfog-papers
Arms,Esquire,3155,mudfog-papers
Arms,Mr. Twigger,3155,mudfog-papers
Arms,Mr. Twigger,3155,mudfog-papers
Arms,Mudfog Hall,3155,mudfog-papers
Twigger,Mr. Nicholas Tulrumble,3155,mudfog-papers
Twigger,Mr. Tulrumble,3155,mudfog-papers
Twigger,Arms,3155,mudfog-papers
Twigger,Nicholas Tulrumble,3155,mudfog-papers
Twigger,Esquire,3155,mudfog-papers
Twigger,Mr. Twigger,3155,mudfog-papers
Twigger,Mr. Twigger,3155,mudfog-papers
Twigger,Mudfog Hall,3155,mudfog-papers
Nicholas Tulrumble,Mr. Nicholas Tulrumble,3155,mudfog-papers
Nicholas Tulrumble,Mr. Tulrumble,3155,mudfog-papers
Nicholas Tulrumble,Arms,3155,mudfog-papers
Nicholas Tulrumble,Twigger,3155,mudfog-papers
Nicholas Tulrumble,Esquire,3155,mudfog-papers
Nicholas Tulrumble,Mr. Twigger,3155,mudfog-papers
Nicholas Tulrumble,Mr. Twigger,3155,mudfog-papers
Nicholas Tulrumble,Mudfog Hall,3155,mudfog-papers
Esquire,Mr. Nicholas Tulrumble,3155,mudfog-papers
Esquire,Mr. Tulrumble,3155,mudfog-papers
Esquire,Arms,3155,mudfog-papers
Esquire,Twigger,3155,mudfog-papers
Esquire,Nicholas Tulrumble,3155,mudfog-papers
Esquire,Mr. Twigger,3155,mudfog-papers
Esquire,Mr. Twigger,3155,mudfog-papers
Esquire,Mudfog Hall,3155,mudfog-papers
Mr. Twigger,Mr. Nicholas Tulrumble,3155,mudfog-papers
Mr. Twigger,Mr. Tulrumble,3155,mudfog-papers
Mr. Twigger,Arms,3155,mudfog-papers
Mr. Twigger,Twigger,3155,mudfog-papers
Mr. Twigger,Nicholas Tulrumble,3155,mudfog-papers
Mr. Twigger,Esquire,3155,mudfog-papers
Mr. Twigger,Mudfog Hall,3155,mudfog-papers
Mr. Twigger,Mr. Nicholas Tulrumble,3155,mudfog-papers
Mr. Twigger,Mr. Tulrumble,3155,mudfog-papers
Mr. Twigger,Arms,3155,mudfog-papers
Mr. Twigger,Twigger,3155,mudfog-papers
Mr. Twigger,Nicholas Tulrumble,3155,mudfog-papers
Mr. Twigger,Esquire,3155,mudfog-papers
Mr. Twigger,Mudfog Hall,3155,mudfog-papers
Mudfog Hall,Mr. Nicholas Tulrumble,3155,mudfog-papers
Mudfog Hall,Mr. Tulrumble,3155,mudfog-papers
Mudfog Hall,Arms,3155,mudfog-papers
Mudfog Hall,Twigger,3155,mudfog-papers
Mudfog Hall,Nicholas Tulrumble,3155,mudfog-papers
Mudfog Hall,Esquire,3155,mudfog-papers
Mudfog Hall,Mr. Twigger,3155,mudfog-papers
Mudfog Hall,Mr. Twigger,3155,mudfog-papers
Mr.,Nicholas Tulrumble,3156,mudfog-papers
Mr.,Ned Twigger,3156,mudfog-papers
Nicholas Tulrumble,Mr.,3156,mudfog-papers
Nicholas Tulrumble,Ned Twigger,3156,mudfog-papers
Ned Twigger,Mr.,3156,mudfog-papers
Ned Twigger,Nicholas Tulrumble,3156,mudfog-papers
Twigger,Nicholas Tulrumble,3157,mudfog-papers
Nicholas Tulrumble,Twigger,3157,mudfog-papers
Twigger,Nick,3158,mudfog-papers
Nick,Twigger,3158,mudfog-papers
Twigger,Mr. Tulrumble,3159,mudfog-papers
Mr. Tulrumble,Twigger,3159,mudfog-papers
Hush,Twigger,3161,mudfog-papers
Hush,Mr. Jennings,3161,mudfog-papers
Hush,Look,3161,mudfog-papers
Hush,Twigger,3161,mudfog-papers
Twigger,Hush,3161,mudfog-papers
Twigger,Mr. Jennings,3161,mudfog-papers
Twigger,Look,3161,mudfog-papers
Mr. Jennings,Hush,3161,mudfog-papers
Mr. Jennings,Twigger,3161,mudfog-papers
Mr. Jennings,Look,3161,mudfog-papers
Mr. Jennings,Twigger,3161,mudfog-papers
Look,Hush,3161,mudfog-papers
Look,Twigger,3161,mudfog-papers
Look,Mr. Jennings,3161,mudfog-papers
Look,Twigger,3161,mudfog-papers
Twigger,Hush,3161,mudfog-papers
Twigger,Mr. Jennings,3161,mudfog-papers
Twigger,Look,3161,mudfog-papers
Nonsense,Twigger,3165,mudfog-papers
Twigger,Nonsense,3165,mudfog-papers
Pooh,Twigger,3167,mudfog-papers
Twigger,Pooh,3167,mudfog-papers
Mr. Jennings,Twigger,3172,mudfog-papers
Mr. Jennings,Twigger,3172,mudfog-papers
Mr. Jennings,Stay,3172,mudfog-papers
Mr. Jennings,Stand,3172,mudfog-papers
Mr. Jennings,Twigger,3172,mudfog-papers
Twigger,Mr. Jennings,3172,mudfog-papers
Twigger,Stay,3172,mudfog-papers
Twigger,Mr. Jennings,3172,mudfog-papers
Twigger,Stand,3172,mudfog-papers
Twigger,Mr. Jennings,3172,mudfog-papers
Twigger,Stay,3172,mudfog-papers
Twigger,Mr. Jennings,3172,mudfog-papers
Twigger,Stand,3172,mudfog-papers
Stay,Mr. Jennings,3172,mudfog-papers
Stay,Twigger,3172,mudfog-papers
Stay,Twigger,3172,mudfog-papers
Stay,Mr. Jennings,3172,mudfog-papers
Stay,Stand,3172,mudfog-papers
Stay,Twigger,3172,mudfog-papers
Mr. Jennings,Twigger,3172,mudfog-papers
Mr. Jennings,Twigger,3172,mudfog-papers
Mr. Jennings,Stay,3172,mudfog-papers
Mr. Jennings,Stand,3172,mudfog-papers
Mr. Jennings,Twigger,3172,mudfog-papers
Stand,Mr. Jennings,3172,mudfog-papers
Stand,Twigger,3172,mudfog-papers
Stand,Twigger,3172,mudfog-papers
Stand,Stay,3172,mudfog-papers
Stand,Mr. Jennings,3172,mudfog-papers
Stand,Twigger,3172,mudfog-papers
Twigger,Mr. Jennings,3172,mudfog-papers
Twigger,Stay,3172,mudfog-papers
Twigger,Mr. Jennings,3172,mudfog-papers
Twigger,Stand,3172,mudfog-papers
Twigger,Mr. Tulrumble,3173,mudfog-papers
Mr. Tulrumble,Twigger,3173,mudfog-papers
Tulrumble,Mr. Twigger,3178,mudfog-papers
Tulrumble,Nicholas Tulrumble,3178,mudfog-papers
Tulrumble,Nicholas,3178,mudfog-papers
Mr. Twigger,Tulrumble,3178,mudfog-papers
Mr. Twigger,Nicholas Tulrumble,3178,mudfog-papers
Mr. Twigger,Nicholas,3178,mudfog-papers
Nicholas Tulrumble,Tulrumble,3178,mudfog-papers
Nicholas Tulrumble,Mr. Twigger,3178,mudfog-papers
Nicholas Tulrumble,Nicholas,3178,mudfog-papers
Nicholas,Tulrumble,3178,mudfog-papers
Nicholas,Mr. Twigger,3178,mudfog-papers
Nicholas,Nicholas Tulrumble,3178,mudfog-papers
Never,Nicholas Tulrumble,3180,mudfog-papers
Never,Nicholas Tulrumble,3180,mudfog-papers
Nicholas Tulrumble,Never,3180,mudfog-papers
Nicholas Tulrumble,Never,3180,mudfog-papers
Mudfog Hall,Mudfog,3183,mudfog-papers
Mudfog Hall,Nicholas Tulrumble,3183,mudfog-papers
Mudfog Hall,Nicholas Tulrumble,3183,mudfog-papers
Mudfog,Mudfog Hall,3183,mudfog-papers
Mudfog,Nicholas Tulrumble,3183,mudfog-papers
Mudfog,Nicholas Tulrumble,3183,mudfog-papers
Nicholas Tulrumble,Mudfog Hall,3183,mudfog-papers
Nicholas Tulrumble,Mudfog,3183,mudfog-papers
Nicholas Tulrumble,Mudfog Hall,3183,mudfog-papers
Nicholas Tulrumble,Mudfog,3183,mudfog-papers
Nicholas Tulrumble,Mr. Jennings,3185,mudfog-papers
Nicholas Tulrumble,Mudfog Hall,3185,mudfog-papers
Nicholas Tulrumble,Mr. Jennings,3185,mudfog-papers
Nicholas Tulrumble,Mudfog Hall,3185,mudfog-papers
Mr. Jennings,Nicholas Tulrumble,3185,mudfog-papers
Mr. Jennings,Nicholas Tulrumble,3185,mudfog-papers
Mr. Jennings,Mudfog Hall,3185,mudfog-papers
Mudfog Hall,Nicholas Tulrumble,3185,mudfog-papers
Mudfog Hall,Nicholas Tulrumble,3185,mudfog-papers
Mudfog Hall,Mr. Jennings,3185,mudfog-papers
Mr. Jennings,Nicholas Tulrumble,3186,mudfog-papers
Nicholas Tulrumble,Mr. Jennings,3186,mudfog-papers
Nicholas Tulrumble,Aha,3188,mudfog-papers
Nicholas Tulrumble,Mr. Jennings,3188,mudfog-papers
Aha,Nicholas Tulrumble,3188,mudfog-papers
Aha,Mr. Jennings,3188,mudfog-papers
Mr. Jennings,Nicholas Tulrumble,3188,mudfog-papers
Mr. Jennings,Aha,3188,mudfog-papers
Mr. Jennings,Nicholas Tulrumble,3189,mudfog-papers
Nicholas Tulrumble,Mr. Jennings,3189,mudfog-papers
Ned Twigger,Mudfog Hall,3190,mudfog-papers
Mudfog Hall,Ned Twigger,3190,mudfog-papers
Ned Twigger,Nicholas Tulrumble,3191,mudfog-papers
Ned Twigger,Ned,3191,mudfog-papers
Nicholas Tulrumble,Ned Twigger,3191,mudfog-papers
Nicholas Tulrumble,Ned,3191,mudfog-papers
Ned,Ned Twigger,3191,mudfog-papers
Ned,Nicholas Tulrumble,3191,mudfog-papers
Mr. Tulrumble,Mr. Jennings,3194,mudfog-papers
Mr. Jennings,Mr. Tulrumble,3194,mudfog-papers
Nicholas,Tulrumble,3198,mudfog-papers
Tulrumble,Nicholas,3198,mudfog-papers
Mr. Twigger,Mudfog Hall,3199,mudfog-papers
Mr. Twigger,Nicholas Tulrumble,3199,mudfog-papers
Mr. Twigger,Mudfog Hall,3199,mudfog-papers
Mr. Twigger,Nicholas Tulrumble,3199,mudfog-papers
Mudfog Hall,Mr. Twigger,3199,mudfog-papers
Mudfog Hall,Mr. Twigger,3199,mudfog-papers
Mudfog Hall,Nicholas Tulrumble,3199,mudfog-papers
Mudfog Hall,Mr. Twigger,3199,mudfog-papers
Nicholas Tulrumble,Mr. Twigger,3199,mudfog-papers
Nicholas Tulrumble,Mr. Twigger,3199,mudfog-papers
Nicholas Tulrumble,Mudfog Hall,3199,mudfog-papers
Nicholas Tulrumble,Mr. Twigger,3199,mudfog-papers
Mr. Twigger,Mudfog Hall,3199,mudfog-papers
Mr. Twigger,Nicholas Tulrumble,3199,mudfog-papers
Twigger,Nicholas Tulrumble,3200,mudfog-papers
Nicholas Tulrumble,Twigger,3200,mudfog-papers
Mr. Jennings,Nicholas Tulrumble,3208,mudfog-papers
Nicholas Tulrumble,Mr. Jennings,3208,mudfog-papers
Mr. Jennings,Nicholas,3211,mudfog-papers
Nicholas,Mr. Jennings,3211,mudfog-papers
Nicholas,Mr. Jennings,3211,mudfog-papers
Mr. Jennings,Nicholas,3211,mudfog-papers
Ned,Nicholas,3212,mudfog-papers
Ned,Nicholas,3212,mudfog-papers
Ned,Nicholas,3212,mudfog-papers
Ned,Nicholas,3212,mudfog-papers
Ned,Nicholas,3212,mudfog-papers
Ned,Nicholas,3212,mudfog-papers
Nicholas,Ned,3212,mudfog-papers
Nicholas,Ned,3212,mudfog-papers
Nicholas,Ned,3212,mudfog-papers
Ned,Nicholas,3212,mudfog-papers
Ned,Nicholas,3212,mudfog-papers
Ned,Nicholas,3212,mudfog-papers
Nicholas,Ned,3212,mudfog-papers
Nicholas,Ned,3212,mudfog-papers
Nicholas,Ned,3212,mudfog-papers
Nicholas,Ned,3212,mudfog-papers
Nicholas,Ned,3212,mudfog-papers
Nicholas,Ned,3212,mudfog-papers
Ned Twigger,Twigger,3213,mudfog-papers
Ned Twigger,Nicholas Tulrumble,3213,mudfog-papers
Ned Twigger,Nicholas Tulrumble,3213,mudfog-papers
Ned Twigger,Ned,3213,mudfog-papers
Twigger,Ned Twigger,3213,mudfog-papers
Twigger,Nicholas Tulrumble,3213,mudfog-papers
Twigger,Nicholas Tulrumble,3213,mudfog-papers
Twigger,Ned,3213,mudfog-papers
Nicholas Tulrumble,Ned Twigger,3213,mudfog-papers
Nicholas Tulrumble,Twigger,3213,mudfog-papers
Nicholas Tulrumble,Ned,3213,mudfog-papers
Nicholas Tulrumble,Ned Twigger,3213,mudfog-papers
Nicholas Tulrumble,Twigger,3213,mudfog-papers
Nicholas Tulrumble,Ned,3213,mudfog-papers
Ned,Ned Twigger,3213,mudfog-papers
Ned,Twigger,3213,mudfog-papers
Ned,Nicholas Tulrumble,3213,mudfog-papers
Ned,Nicholas Tulrumble,3213,mudfog-papers
Ned,Twigger,3214,mudfog-papers
Ned,Ned Twigger,3214,mudfog-papers
Twigger,Ned,3214,mudfog-papers
Twigger,Ned,3214,mudfog-papers
Twigger,Ned,3214,mudfog-papers
Twigger,Ned,3214,mudfog-papers
Twigger,Ned Twigger,3214,mudfog-papers
Ned,Twigger,3214,mudfog-papers
Ned,Ned Twigger,3214,mudfog-papers
Ned,Twigger,3214,mudfog-papers
Ned,Ned Twigger,3214,mudfog-papers
Ned,Twigger,3214,mudfog-papers
Ned,Ned Twigger,3214,mudfog-papers
Ned Twigger,Ned,3214,mudfog-papers
Ned Twigger,Twigger,3214,mudfog-papers
Ned Twigger,Ned,3214,mudfog-papers
Ned Twigger,Ned,3214,mudfog-papers
Ned Twigger,Ned,3214,mudfog-papers
Nicholas,Nicholas Tulrumble,3215,mudfog-papers
Nicholas,Mudfog Hall,3215,mudfog-papers
Nicholas,Nicholas Tulrumble,3215,mudfog-papers
Nicholas,Mudfog Hall,3215,mudfog-papers
Nicholas Tulrumble,Nicholas,3215,mudfog-papers
Nicholas Tulrumble,Nicholas,3215,mudfog-papers
Nicholas Tulrumble,Mudfog Hall,3215,mudfog-papers
Nicholas Tulrumble,Nicholas,3215,mudfog-papers
Mudfog Hall,Nicholas,3215,mudfog-papers
Mudfog Hall,Nicholas,3215,mudfog-papers
Mudfog Hall,Nicholas Tulrumble,3215,mudfog-papers
Mudfog Hall,Nicholas,3215,mudfog-papers
Nicholas,Nicholas Tulrumble,3215,mudfog-papers
Nicholas,Mudfog Hall,3215,mudfog-papers
Nicholas,Nick,3216,mudfog-papers
Nicholas,Nick,3216,mudfog-papers
Nicholas,Nick,3216,mudfog-papers
Nicholas,Nick,3216,mudfog-papers
Nicholas,Nick,3216,mudfog-papers
Nicholas,Nick,3216,mudfog-papers
Nick,Nicholas,3216,mudfog-papers
Nick,Nicholas,3216,mudfog-papers
Nick,Nicholas,3216,mudfog-papers
Nick,Nicholas,3216,mudfog-papers
Nick,Nicholas,3216,mudfog-papers
Nick,Nicholas,3216,mudfog-papers
Nicholas,Nick,3216,mudfog-papers
Nicholas,Nick,3216,mudfog-papers
Nicholas,Nick,3216,mudfog-papers
Nick,Nicholas,3216,mudfog-papers
Nick,Nicholas,3216,mudfog-papers
Nick,Nicholas,3216,mudfog-papers
Nicholas Tulrumble,Mudfog,3218,mudfog-papers
Mudfog,Nicholas Tulrumble,3218,mudfog-papers
Nicholas,Mudfog Hall,3220,mudfog-papers
Nicholas,Arms,3220,mudfog-papers
Mudfog Hall,Nicholas,3220,mudfog-papers
Mudfog Hall,Arms,3220,mudfog-papers
Arms,Nicholas,3220,mudfog-papers
Arms,Mudfog Hall,3220,mudfog-papers
Nicholas,Arms,3221,mudfog-papers
Arms,Nicholas,3221,mudfog-papers
Arms,Nicholas,3221,mudfog-papers
Nicholas,Arms,3221,mudfog-papers
Neither,Nicholas Tulrumble,3224,mudfog-papers
Nicholas Tulrumble,Neither,3224,mudfog-papers
Nicholas,Ned Twigger,3226,mudfog-papers
Nicholas,Ned Twigger,3226,mudfog-papers
Ned Twigger,Nicholas,3226,mudfog-papers
Ned Twigger,Nicholas,3226,mudfog-papers
Snore,Doze,3234,mudfog-papers
Doze,Snore,3234,mudfog-papers
Snore,Doze,3236,mudfog-papers
Snore,Doze,3236,mudfog-papers
Snore,Wheezy,3236,mudfog-papers
Snore,Amidst,3236,mudfog-papers
Snore,Pray,3236,mudfog-papers
Doze,Snore,3236,mudfog-papers
Doze,Wheezy,3236,mudfog-papers
Doze,Amidst,3236,mudfog-papers
Doze,Pray,3236,mudfog-papers
Doze,Snore,3236,mudfog-papers
Doze,Wheezy,3236,mudfog-papers
Doze,Amidst,3236,mudfog-papers
Doze,Pray,3236,mudfog-papers
Wheezy,Snore,3236,mudfog-papers
Wheezy,Doze,3236,mudfog-papers
Wheezy,Doze,3236,mudfog-papers
Wheezy,Amidst,3236,mudfog-papers
Wheezy,Pray,3236,mudfog-papers
Amidst,Snore,3236,mudfog-papers
Amidst,Doze,3236,mudfog-papers
Amidst,Doze,3236,mudfog-papers
Amidst,Wheezy,3236,mudfog-papers
Amidst,Pray,3236,mudfog-papers
Pray,Snore,3236,mudfog-papers
Pray,Doze,3236,mudfog-papers
Pray,Doze,3236,mudfog-papers
Pray,Wheezy,3236,mudfog-papers
Pray,Amidst,3236,mudfog-papers
Snore,Doze,3241,mudfog-papers
Snore,Wheezy,3241,mudfog-papers
Snore,Professor Wheezy,3241,mudfog-papers
Snore,Professor Wheezy,3241,mudfog-papers
Doze,Snore,3241,mudfog-papers
Doze,Wheezy,3241,mudfog-papers
Doze,Professor Wheezy,3241,mudfog-papers
Doze,Professor Wheezy,3241,mudfog-papers
Wheezy,Snore,3241,mudfog-papers
Wheezy,Doze,3241,mudfog-papers
Wheezy,Professor Wheezy,3241,mudfog-papers
Wheezy,Professor Wheezy,3241,mudfog-papers
Professor Wheezy,Snore,3241,mudfog-papers
Professor Wheezy,Doze,3241,mudfog-papers
Professor Wheezy,Wheezy,3241,mudfog-papers
Professor Wheezy,Snore,3241,mudfog-papers
Professor Wheezy,Doze,3241,mudfog-papers
Professor Wheezy,Wheezy,3241,mudfog-papers
Slug,Mr. Woodensconce,3242,mudfog-papers
Mr. Woodensconce,Slug,3242,mudfog-papers
Frantic,Professor Nogo,3255,mudfog-papers
Professor Nogo,Frantic,3255,mudfog-papers
Snore,Doze,3275,mudfog-papers
Doze,Snore,3275,mudfog-papers
Mudfog,Memory,3276,mudfog-papers
Memory,Mudfog,3276,mudfog-papers
Blunderum,Toby,3287,mudfog-papers
Blunderum,Solomon,3287,mudfog-papers
Toby,Blunderum,3287,mudfog-papers
Toby,Solomon,3287,mudfog-papers
Solomon,Blunderum,3287,mudfog-papers
Solomon,Toby,3287,mudfog-papers
Toorell,Muff,3296,mudfog-papers
Toorell,Nogo,3296,mudfog-papers
Muff,Toorell,3296,mudfog-papers
Muff,Nogo,3296,mudfog-papers
Nogo,Toorell,3296,mudfog-papers
Nogo,Muff,3296,mudfog-papers
Ledbrain,Mr. Timbered,3314,mudfog-papers
Mr. Timbered,Ledbrain,3314,mudfog-papers
Robinson Crusoes,Philip Quarlls,3326,mudfog-papers
Robinson Crusoes,Orsons,3326,mudfog-papers
Robinson Crusoes,Shoeses,3326,mudfog-papers
Robinson Crusoes,Seven Champions,3326,mudfog-papers
Robinson Crusoes,Simple Simons,3326,mudfog-papers
Robinson Crusoes,Saint George,3326,mudfog-papers
Robinson Crusoes,Taint George,3326,mudfog-papers
Robinson Crusoes,Mungo Park,3326,mudfog-papers
Robinson Crusoes,Park,3326,mudfog-papers
Philip Quarlls,Robinson Crusoes,3326,mudfog-papers
Philip Quarlls,Orsons,3326,mudfog-papers
Philip Quarlls,Shoeses,3326,mudfog-papers
Philip Quarlls,Seven Champions,3326,mudfog-papers
Philip Quarlls,Simple Simons,3326,mudfog-papers
Philip Quarlls,Saint George,3326,mudfog-papers
Philip Quarlls,Taint George,3326,mudfog-papers
Philip Quarlls,Mungo Park,3326,mudfog-papers
Philip Quarlls,Park,3326,mudfog-papers
Orsons,Robinson Crusoes,3326,mudfog-papers
Orsons,Philip Quarlls,3326,mudfog-papers
Orsons,Shoeses,3326,mudfog-papers
Orsons,Seven Champions,3326,mudfog-papers
Orsons,Simple Simons,3326,mudfog-papers
Orsons,Saint George,3326,mudfog-papers
Orsons,Taint George,3326,mudfog-papers
Orsons,Mungo Park,3326,mudfog-papers
Orsons,Park,3326,mudfog-papers
Shoeses,Robinson Crusoes,3326,mudfog-papers
Shoeses,Philip Quarlls,3326,mudfog-papers
Shoeses,Orsons,3326,mudfog-papers
Shoeses,Seven Champions,3326,mudfog-papers
Shoeses,Simple Simons,3326,mudfog-papers
Shoeses,Saint George,3326,mudfog-papers
Shoeses,Taint George,3326,mudfog-papers
Shoeses,Mungo Park,3326,mudfog-papers
Shoeses,Park,3326,mudfog-papers
Seven Champions,Robinson Crusoes,3326,mudfog-papers
Seven Champions,Philip Quarlls,3326,mudfog-papers
Seven Champions,Orsons,3326,mudfog-papers
Seven Champions,Shoeses,3326,mudfog-papers
Seven Champions,Simple Simons,3326,mudfog-papers
Seven Champions,Saint George,3326,mudfog-papers
Seven Champions,Taint George,3326,mudfog-papers
Seven Champions,Mungo Park,3326,mudfog-papers
Seven Champions,Park,3326,mudfog-papers
Simple Simons,Robinson Crusoes,3326,mudfog-papers
Simple Simons,Philip Quarlls,3326,mudfog-papers
Simple Simons,Orsons,3326,mudfog-papers
Simple Simons,Shoeses,3326,mudfog-papers
Simple Simons,Seven Champions,3326,mudfog-papers
Simple Simons,Saint George,3326,mudfog-papers
Simple Simons,Taint George,3326,mudfog-papers
Simple Simons,Mungo Park,3326,mudfog-papers
Simple Simons,Park,3326,mudfog-papers
Saint George,Robinson Crusoes,3326,mudfog-papers
Saint George,Philip Quarlls,3326,mudfog-papers
Saint George,Orsons,3326,mudfog-papers
Saint George,Shoeses,3326,mudfog-papers
Saint George,Seven Champions,3326,mudfog-papers
Saint George,Simple Simons,3326,mudfog-papers
Saint George,Taint George,3326,mudfog-papers
Saint George,Mungo Park,3326,mudfog-papers
Saint George,Park,3326,mudfog-papers
Taint George,Robinson Crusoes,3326,mudfog-papers
Taint George,Philip Quarlls,3326,mudfog-papers
Taint George,Orsons,3326,mudfog-papers
Taint George,Shoeses,3326,mudfog-papers
Taint George,Seven Champions,3326,mudfog-papers
Taint George,Simple Simons,3326,mudfog-papers
Taint George,Saint George,3326,mudfog-papers
Taint George,Mungo Park,3326,mudfog-papers
Taint George,Park,3326,mudfog-papers
Mungo Park,Robinson Crusoes,3326,mudfog-papers
Mungo Park,Philip Quarlls,3326,mudfog-papers
Mungo Park,Orsons,3326,mudfog-papers
Mungo Park,Shoeses,3326,mudfog-papers
Mungo Park,Seven Champions,3326,mudfog-papers
Mungo Park,Simple Simons,3326,mudfog-papers
Mungo Park,Saint George,3326,mudfog-papers
Mungo Park,Taint George,3326,mudfog-papers
Mungo Park,Park,3326,mudfog-papers
Park,Robinson Crusoes,3326,mudfog-papers
Park,Philip Quarlls,3326,mudfog-papers
Park,Orsons,3326,mudfog-papers
Park,Shoeses,3326,mudfog-papers
Park,Seven Champions,3326,mudfog-papers
Park,Simple Simons,3326,mudfog-papers
Park,Saint George,3326,mudfog-papers
Park,Taint George,3326,mudfog-papers
Park,Mungo Park,3326,mudfog-papers
Jack,Jill,3327,mudfog-papers
Jill,Jack,3327,mudfog-papers
Carter,Truck,3336,mudfog-papers
Carter,Mr. Waghorn,3336,mudfog-papers
Truck,Carter,3336,mudfog-papers
Truck,Mr. Waghorn,3336,mudfog-papers
Mr. Waghorn,Carter,3336,mudfog-papers
Mr. Waghorn,Truck,3336,mudfog-papers
Camden Town,Islington,3339,mudfog-papers
Camden Town,Camberwell,3339,mudfog-papers
Camden Town,Hackney,3339,mudfog-papers
Camden Town,Professor Queerspeck,3339,mudfog-papers
Islington,Camden Town,3339,mudfog-papers
Islington,Camberwell,3339,mudfog-papers
Islington,Hackney,3339,mudfog-papers
Islington,Professor Queerspeck,3339,mudfog-papers
Camberwell,Camden Town,3339,mudfog-papers
Camberwell,Islington,3339,mudfog-papers
Camberwell,Hackney,3339,mudfog-papers
Camberwell,Professor Queerspeck,3339,mudfog-papers
Hackney,Camden Town,3339,mudfog-papers
Hackney,Islington,3339,mudfog-papers
Hackney,Camberwell,3339,mudfog-papers
Hackney,Professor Queerspeck,3339,mudfog-papers
Professor Queerspeck,Camden Town,3339,mudfog-papers
Professor Queerspeck,Islington,3339,mudfog-papers
Professor Queerspeck,Camberwell,3339,mudfog-papers
Professor Queerspeck,Hackney,3339,mudfog-papers
Jobba,Mr. Jobba,3340,mudfog-papers
Mr. Jobba,Jobba,3340,mudfog-papers
Grime,Professor Woodensconce,3371,mudfog-papers
Professor Woodensconce,Grime,3371,mudfog-papers
Professor Woodensconce,Professor Grime,3376,mudfog-papers
Professor Grime,Professor Woodensconce,3376,mudfog-papers
Mr. Slug,Pray,3383,mudfog-papers
Pray,Mr. Slug,3383,mudfog-papers
Mr. Muddlebranes,Mr. Drawley,3405,mudfog-papers
Mr. Muddlebranes,Professor Muff,3405,mudfog-papers
Mr. Muddlebranes,Mr. X. Misty,3405,mudfog-papers
Mr. Muddlebranes,Mr. X.,3405,mudfog-papers
Mr. Muddlebranes,Mr. Purblind,3405,mudfog-papers
Mr. Muddlebranes,Professor Rummun,3405,mudfog-papers
Mr. Muddlebranes,Reverend Mr. Long Eers,3405,mudfog-papers
Mr. Muddlebranes,Professor John Ketch,3405,mudfog-papers
Mr. Muddlebranes,Sir William Joltered,3405,mudfog-papers
Mr. Muddlebranes,Doctor Buffer,3405,mudfog-papers
Mr. Muddlebranes,Mr. Smith,3405,mudfog-papers
Mr. Muddlebranes,Mr. Brown,3405,mudfog-papers
Mr. Muddlebranes,Sir Hookham Snivey,3405,mudfog-papers
Mr. Drawley,Mr. Muddlebranes,3405,mudfog-papers
Mr. Drawley,Professor Muff,3405,mudfog-papers
Mr. Drawley,Mr. X. Misty,3405,mudfog-papers
Mr. Drawley,Mr. X.,3405,mudfog-papers
Mr. Drawley,Mr. Purblind,3405,mudfog-papers
Mr. Drawley,Professor Rummun,3405,mudfog-papers
Mr. Drawley,Reverend Mr. Long Eers,3405,mudfog-papers
Mr. Drawley,Professor John Ketch,3405,mudfog-papers
Mr. Drawley,Sir William Joltered,3405,mudfog-papers
Mr. Drawley,Doctor Buffer,3405,mudfog-papers
Mr. Drawley,Mr. Smith,3405,mudfog-papers
Mr. Drawley,Mr. Brown,3405,mudfog-papers
Mr. Drawley,Sir Hookham Snivey,3405,mudfog-papers
Professor Muff,Mr. Muddlebranes,3405,mudfog-papers
Professor Muff,Mr. Drawley,3405,mudfog-papers
Professor Muff,Mr. X. Misty,3405,mudfog-papers
Professor Muff,Mr. X.,3405,mudfog-papers
Professor Muff,Mr. Purblind,3405,mudfog-papers
Professor Muff,Professor Rummun,3405,mudfog-papers
Professor Muff,Reverend Mr. Long Eers,3405,mudfog-papers
Professor Muff,Professor John Ketch,3405,mudfog-papers
Professor Muff,Sir William Joltered,3405,mudfog-papers
Professor Muff,Doctor Buffer,3405,mudfog-papers
Professor Muff,Mr. Smith,3405,mudfog-papers
Professor Muff,Mr. Brown,3405,mudfog-papers
Professor Muff,Sir Hookham Snivey,3405,mudfog-papers
Mr. X. Misty,Mr. Muddlebranes,3405,mudfog-papers
Mr. X. Misty,Mr. Drawley,3405,mudfog-papers
Mr. X. Misty,Professor Muff,3405,mudfog-papers
Mr. X. Misty,Mr. X.,3405,mudfog-papers
Mr. X. Misty,Mr. Purblind,3405,mudfog-papers
Mr. X. Misty,Professor Rummun,3405,mudfog-papers
Mr. X. Misty,Reverend Mr. Long Eers,3405,mudfog-papers
Mr. X. Misty,Professor John Ketch,3405,mudfog-papers
Mr. X. Misty,Sir William Joltered,3405,mudfog-papers
Mr. X. Misty,Doctor Buffer,3405,mudfog-papers
Mr. X. Misty,Mr. Smith,3405,mudfog-papers
Mr. X. Misty,Mr. Brown,3405,mudfog-papers
Mr. X. Misty,Sir Hookham Snivey,3405,mudfog-papers
Mr. X.,Mr. Muddlebranes,3405,mudfog-papers
Mr. X.,Mr. Drawley,3405,mudfog-papers
Mr. X.,Professor Muff,3405,mudfog-papers
Mr. X.,Mr. X. Misty,3405,mudfog-papers
Mr. X.,Mr. Purblind,3405,mudfog-papers
Mr. X.,Professor Rummun,3405,mudfog-papers
Mr. X.,Reverend Mr. Long Eers,3405,mudfog-papers
Mr. X.,Professor John Ketch,3405,mudfog-papers
Mr. X.,Sir William Joltered,3405,mudfog-papers
Mr. X.,Doctor Buffer,3405,mudfog-papers
Mr. X.,Mr. Smith,3405,mudfog-papers
Mr. X.,Mr. Brown,3405,mudfog-papers
Mr. X.,Sir Hookham Snivey,3405,mudfog-papers
Mr. Purblind,Mr. Muddlebranes,3405,mudfog-papers
Mr. Purblind,Mr. Drawley,3405,mudfog-papers
Mr. Purblind,Professor Muff,3405,mudfog-papers
Mr. Purblind,Mr. X. Misty,3405,mudfog-papers
Mr. Purblind,Mr. X.,3405,mudfog-papers
Mr. Purblind,Professor Rummun,3405,mudfog-papers
Mr. Purblind,Reverend Mr. Long Eers,3405,mudfog-papers
Mr. Purblind,Professor John Ketch,3405,mudfog-papers
Mr. Purblind,Sir William Joltered,3405,mudfog-papers
Mr. Purblind,Doctor Buffer,3405,mudfog-papers
Mr. Purblind,Mr. Smith,3405,mudfog-papers
Mr. Purblind,Mr. Brown,3405,mudfog-papers
Mr. Purblind,Sir Hookham Snivey,3405,mudfog-papers
Professor Rummun,Mr. Muddlebranes,3405,mudfog-papers
Professor Rummun,Mr. Drawley,3405,mudfog-papers
Professor Rummun,Professor Muff,3405,mudfog-papers
Professor Rummun,Mr. X. Misty,3405,mudfog-papers
Professor Rummun,Mr. X.,3405,mudfog-papers
Professor Rummun,Mr. Purblind,3405,mudfog-papers
Professor Rummun,Reverend Mr. Long Eers,3405,mudfog-papers
Professor Rummun,Professor John Ketch,3405,mudfog-papers
Professor Rummun,Sir William Joltered,3405,mudfog-papers
Professor Rummun,Doctor Buffer,3405,mudfog-papers
Professor Rummun,Mr. Smith,3405,mudfog-papers
Professor Rummun,Mr. Brown,3405,mudfog-papers
Professor Rummun,Sir Hookham Snivey,3405,mudfog-papers
Reverend Mr. Long Eers,Mr. Muddlebranes,3405,mudfog-papers
Reverend Mr. Long Eers,Mr. Drawley,3405,mudfog-papers
Reverend Mr. Long Eers,Professor Muff,3405,mudfog-papers
Reverend Mr. Long Eers,Mr. X. Misty,3405,mudfog-papers
Reverend Mr. Long Eers,Mr. X.,3405,mudfog-papers
Reverend Mr. Long Eers,Mr. Purblind,3405,mudfog-papers
Reverend Mr. Long Eers,Professor Rummun,3405,mudfog-papers
Reverend Mr. Long Eers,Professor John Ketch,3405,mudfog-papers
Reverend Mr. Long Eers,Sir William Joltered,3405,mudfog-papers
Reverend Mr. Long Eers,Doctor Buffer,3405,mudfog-papers
Reverend Mr. Long Eers,Mr. Smith,3405,mudfog-papers
Reverend Mr. Long Eers,Mr. Brown,3405,mudfog-papers
Reverend Mr. Long Eers,Sir Hookham Snivey,3405,mudfog-papers
Professor John Ketch,Mr. Muddlebranes,3405,mudfog-papers
Professor John Ketch,Mr. Drawley,3405,mudfog-papers
Professor John Ketch,Professor Muff,3405,mudfog-papers
Professor John Ketch,Mr. X. Misty,3405,mudfog-papers
Professor John Ketch,Mr. X.,3405,mudfog-papers
Professor John Ketch,Mr. Purblind,3405,mudfog-papers
Professor John Ketch,Professor Rummun,3405,mudfog-papers
Professor John Ketch,Reverend Mr. Long Eers,3405,mudfog-papers
Professor John Ketch,Sir William Joltered,3405,mudfog-papers
Professor John Ketch,Doctor Buffer,3405,mudfog-papers
Professor John Ketch,Mr. Smith,3405,mudfog-papers
Professor John Ketch,Mr. Brown,3405,mudfog-papers
Professor John Ketch,Sir Hookham Snivey,3405,mudfog-papers
Sir William Joltered,Mr. Muddlebranes,3405,mudfog-papers
Sir William Joltered,Mr. Drawley,3405,mudfog-papers
Sir William Joltered,Professor Muff,3405,mudfog-papers
Sir William Joltered,Mr. X. Misty,3405,mudfog-papers
Sir William Joltered,Mr. X.,3405,mudfog-papers
Sir William Joltered,Mr. Purblind,3405,mudfog-papers
Sir William Joltered,Professor Rummun,3405,mudfog-papers
Sir William Joltered,Reverend Mr. Long Eers,3405,mudfog-papers
Sir William Joltered,Professor John Ketch,3405,mudfog-papers
Sir William Joltered,Doctor Buffer,3405,mudfog-papers
Sir William Joltered,Mr. Smith,3405,mudfog-papers
Sir William Joltered,Mr. Brown,3405,mudfog-papers
Sir William Joltered,Sir Hookham Snivey,3405,mudfog-papers
Doctor Buffer,Mr. Muddlebranes,3405,mudfog-papers
Doctor Buffer,Mr. Drawley,3405,mudfog-papers
Doctor Buffer,Professor Muff,3405,mudfog-papers
Doctor Buffer,Mr. X. Misty,3405,mudfog-papers
Doctor Buffer,Mr. X.,3405,mudfog-papers
Doctor Buffer,Mr. Purblind,3405,mudfog-papers
Doctor Buffer,Professor Rummun,3405,mudfog-papers
Doctor Buffer,Reverend Mr. Long Eers,3405,mudfog-papers
Doctor Buffer,Professor John Ketch,3405,mudfog-papers
Doctor Buffer,Sir William Joltered,3405,mudfog-papers
Doctor Buffer,Mr. Smith,3405,mudfog-papers
Doctor Buffer,Mr. Brown,3405,mudfog-papers
Doctor Buffer,Sir Hookham Snivey,3405,mudfog-papers
Mr. Smith,Mr. Muddlebranes,3405,mudfog-papers
Mr. Smith,Mr. Drawley,3405,mudfog-papers
Mr. Smith,Professor Muff,3405,mudfog-papers
Mr. Smith,Mr. X. Misty,3405,mudfog-papers
Mr. Smith,Mr. X.,3405,mudfog-papers
Mr. Smith,Mr. Purblind,3405,mudfog-papers
Mr. Smith,Professor Rummun,3405,mudfog-papers
Mr. Smith,Reverend Mr. Long Eers,3405,mudfog-papers
Mr. Smith,Professor John Ketch,3405,mudfog-papers
Mr. Smith,Sir William Joltered,3405,mudfog-papers
Mr. Smith,Doctor Buffer,3405,mudfog-papers
Mr. Smith,Mr. Brown,3405,mudfog-papers
Mr. Smith,Sir Hookham Snivey,3405,mudfog-papers
Mr. Brown,Mr. Muddlebranes,3405,mudfog-papers
Mr. Brown,Mr. Drawley,3405,mudfog-papers
Mr. Brown,Professor Muff,3405,mudfog-papers
Mr. Brown,Mr. X. Misty,3405,mudfog-papers
Mr. Brown,Mr. X.,3405,mudfog-papers
Mr. Brown,Mr. Purblind,3405,mudfog-papers
Mr. Brown,Professor Rummun,3405,mudfog-papers
Mr. Brown,Reverend Mr. Long Eers,3405,mudfog-papers
Mr. Brown,Professor John Ketch,3405,mudfog-papers
Mr. Brown,Sir William Joltered,3405,mudfog-papers
Mr. Brown,Doctor Buffer,3405,mudfog-papers
Mr. Brown,Mr. Smith,3405,mudfog-papers
Mr. Brown,Sir Hookham Snivey,3405,mudfog-papers
Sir Hookham Snivey,Mr. Muddlebranes,3405,mudfog-papers
Sir Hookham Snivey,Mr. Drawley,3405,mudfog-papers
Sir Hookham Snivey,Professor Muff,3405,mudfog-papers
Sir Hookham Snivey,Mr. X. Misty,3405,mudfog-papers
Sir Hookham Snivey,Mr. X.,3405,mudfog-papers
Sir Hookham Snivey,Mr. Purblind,3405,mudfog-papers
Sir Hookham Snivey,Professor Rummun,3405,mudfog-papers
Sir Hookham Snivey,Reverend Mr. Long Eers,3405,mudfog-papers
Sir Hookham Snivey,Professor John Ketch,3405,mudfog-papers
Sir Hookham Snivey,Sir William Joltered,3405,mudfog-papers
Sir Hookham Snivey,Doctor Buffer,3405,mudfog-papers
Sir Hookham Snivey,Mr. Smith,3405,mudfog-papers
Sir Hookham Snivey,Mr. Brown,3405,mudfog-papers
Reverend Mr. Long Eers,Sir William Joltered,3407,mudfog-papers
Sir William Joltered,Reverend Mr. Long Eers,3407,mudfog-papers
Sowster,Mr. Kwakley,3410,mudfog-papers
Mr. Kwakley,Sowster,3410,mudfog-papers
Mr. Kwakley,Sowster,3410,mudfog-papers
Sowster,Mr. Kwakley,3410,mudfog-papers
William Joltered,Mr. Drawley,3423,mudfog-papers
Mr. Drawley,William Joltered,3423,mudfog-papers
Mallett,Scroo,3439,mudfog-papers
Scroo,Mallett,3439,mudfog-papers
Crinkles,Mr. Fogle Hunter,3443,mudfog-papers
Crinkles,Tommy,3443,mudfog-papers
Mr. Fogle Hunter,Crinkles,3443,mudfog-papers
Mr. Fogle Hunter,Tommy,3443,mudfog-papers
Tommy,Crinkles,3443,mudfog-papers
Tommy,Mr. Fogle Hunter,3443,mudfog-papers
Soemup,Pessell,3468,mudfog-papers
Soemup,Mortair,3468,mudfog-papers
Pessell,Soemup,3468,mudfog-papers
Pessell,Mortair,3468,mudfog-papers
Mortair,Soemup,3468,mudfog-papers
Mortair,Pessell,3468,mudfog-papers
Sir William Courtenay,Thorn,3470,mudfog-papers
Sir William Courtenay,Thorn,3470,mudfog-papers
Thorn,Sir William Courtenay,3470,mudfog-papers
Thorn,Sir William Courtenay,3470,mudfog-papers
Slug,Noakes,3473,mudfog-papers
Slug,Styles,3473,mudfog-papers
Noakes,Slug,3473,mudfog-papers
Noakes,Styles,3473,mudfog-papers
Styles,Slug,3473,mudfog-papers
Styles,Noakes,3473,mudfog-papers
Grub,Dull,3477,mudfog-papers
Grub,Dummy,3477,mudfog-papers
Dull,Grub,3477,mudfog-papers
Dull,Dummy,3477,mudfog-papers
Dummy,Grub,3477,mudfog-papers
Dummy,Dull,3477,mudfog-papers
John Ketch,Mr. Greenacre,3481,mudfog-papers
Mr. Greenacre,John Ketch,3481,mudfog-papers
Mr. Blubb,Mr. Greenacre,3482,mudfog-papers
Mr. Blubb,Sir Hookham Snivey,3482,mudfog-papers
Mr. Blubb,Professor Ketch,3482,mudfog-papers
Mr. Greenacre,Mr. Blubb,3482,mudfog-papers
Mr. Greenacre,Sir Hookham Snivey,3482,mudfog-papers
Mr. Greenacre,Professor Ketch,3482,mudfog-papers
Sir Hookham Snivey,Mr. Blubb,3482,mudfog-papers
Sir Hookham Snivey,Mr. Greenacre,3482,mudfog-papers
Sir Hookham Snivey,Professor Ketch,3482,mudfog-papers
Professor Ketch,Mr. Blubb,3482,mudfog-papers
Professor Ketch,Mr. Greenacre,3482,mudfog-papers
Professor Ketch,Sir Hookham Snivey,3482,mudfog-papers
Professor Ketch,Mr. Greenacre,3485,mudfog-papers
Mr. Greenacre,Professor Ketch,3485,mudfog-papers
Mr. Osbaldistone,Guy Fawkes,3496,mudfog-papers
Mr. Osbaldistone,George Barnwell,3496,mudfog-papers
Mr. Osbaldistone,Brown,3496,mudfog-papers
Mr. Osbaldistone,Gibson,3496,mudfog-papers
Guy Fawkes,Mr. Osbaldistone,3496,mudfog-papers
Guy Fawkes,George Barnwell,3496,mudfog-papers
Guy Fawkes,Brown,3496,mudfog-papers
Guy Fawkes,Gibson,3496,mudfog-papers
George Barnwell,Mr. Osbaldistone,3496,mudfog-papers
George Barnwell,Guy Fawkes,3496,mudfog-papers
George Barnwell,Brown,3496,mudfog-papers
George Barnwell,Gibson,3496,mudfog-papers
Brown,Mr. Osbaldistone,3496,mudfog-papers
Brown,Guy Fawkes,3496,mudfog-papers
Brown,George Barnwell,3496,mudfog-papers
Brown,Gibson,3496,mudfog-papers
Gibson,Mr. Osbaldistone,3496,mudfog-papers
Gibson,Guy Fawkes,3496,mudfog-papers
Gibson,George Barnwell,3496,mudfog-papers
Gibson,Brown,3496,mudfog-papers
Grimaldi,Brown,3504,mudfog-papers
Grimaldi,Gibson,3504,mudfog-papers
Grimaldi,Mr. C. J. Smith,3504,mudfog-papers
Grimaldi,Sadler,3504,mudfog-papers
Grimaldi,Wells,3504,mudfog-papers
Grimaldi,Mr. Richardson,3504,mudfog-papers
Brown,Grimaldi,3504,mudfog-papers
Brown,Gibson,3504,mudfog-papers
Brown,Mr. C. J. Smith,3504,mudfog-papers
Brown,Sadler,3504,mudfog-papers
Brown,Wells,3504,mudfog-papers
Brown,Mr. Richardson,3504,mudfog-papers
Gibson,Grimaldi,3504,mudfog-papers
Gibson,Brown,3504,mudfog-papers
Gibson,Mr. C. J. Smith,3504,mudfog-papers
Gibson,Sadler,3504,mudfog-papers
Gibson,Wells,3504,mudfog-papers
Gibson,Mr. Richardson,3504,mudfog-papers
Mr. C. J. Smith,Grimaldi,3504,mudfog-papers
Mr. C. J. Smith,Brown,3504,mudfog-papers
Mr. C. J. Smith,Gibson,3504,mudfog-papers
Mr. C. J. Smith,Sadler,3504,mudfog-papers
Mr. C. J. Smith,Wells,3504,mudfog-papers
Mr. C. J. Smith,Mr. Richardson,3504,mudfog-papers
Sadler,Grimaldi,3504,mudfog-papers
Sadler,Brown,3504,mudfog-papers
Sadler,Gibson,3504,mudfog-papers
Sadler,Mr. C. J. Smith,3504,mudfog-papers
Sadler,Wells,3504,mudfog-papers
Sadler,Mr. Richardson,3504,mudfog-papers
Wells,Grimaldi,3504,mudfog-papers
Wells,Brown,3504,mudfog-papers
Wells,Gibson,3504,mudfog-papers
Wells,Mr. C. J. Smith,3504,mudfog-papers
Wells,Sadler,3504,mudfog-papers
Wells,Mr. Richardson,3504,mudfog-papers
Mr. Richardson,Grimaldi,3504,mudfog-papers
Mr. Richardson,Brown,3504,mudfog-papers
Mr. Richardson,Gibson,3504,mudfog-papers
Mr. Richardson,Mr. C. J. Smith,3504,mudfog-papers
Mr. Richardson,Sadler,3504,mudfog-papers
Mr. Richardson,Wells,3504,mudfog-papers
Mr. Punch,Mr.,3524,mudfog-papers
Mr.,Mr. Punch,3524,mudfog-papers
Mr. Robert Bolton,Mr. Bolton,3529,mudfog-papers
Mr. Robert Bolton,Mr. Bolton,3529,mudfog-papers
Mr. Bolton,Mr. Robert Bolton,3529,mudfog-papers
Mr. Bolton,Mr. Robert Bolton,3529,mudfog-papers
Byron,Poems,3534,mudfog-papers
Byron,Pope,3534,mudfog-papers
Poems,Byron,3534,mudfog-papers
Poems,Pope,3534,mudfog-papers
Pope,Byron,3534,mudfog-papers
Pope,Poems,3534,mudfog-papers
Clip,Don,3541,mudfog-papers
Clip,Pope,3541,mudfog-papers
Clip,Pope,3541,mudfog-papers
Don,Clip,3541,mudfog-papers
Don,Clip,3541,mudfog-papers
Don,Pope,3541,mudfog-papers
Don,Pope,3541,mudfog-papers
Clip,Don,3541,mudfog-papers
Clip,Pope,3541,mudfog-papers
Clip,Pope,3541,mudfog-papers
Pope,Clip,3541,mudfog-papers
Pope,Don,3541,mudfog-papers
Pope,Clip,3541,mudfog-papers
Pope,Clip,3541,mudfog-papers
Pope,Don,3541,mudfog-papers
Pope,Clip,3541,mudfog-papers
Such,Mr. Robert Bolton,3543,mudfog-papers
Such,Mr. Bolton,3543,mudfog-papers
Mr. Robert Bolton,Such,3543,mudfog-papers
Mr. Robert Bolton,Mr. Bolton,3543,mudfog-papers
Mr. Bolton,Such,3543,mudfog-papers
Mr. Bolton,Mr. Robert Bolton,3543,mudfog-papers
Mr.,Bolton,3550,mudfog-papers
Bolton,Mr.,3550,mudfog-papers
Silence,Bolton,3557,mudfog-papers
Silence,Mr. Robert Bolton,3557,mudfog-papers
Bolton,Silence,3557,mudfog-papers
Bolton,Mr. Robert Bolton,3557,mudfog-papers
Mr. Robert Bolton,Silence,3557,mudfog-papers
Mr. Robert Bolton,Bolton,3557,mudfog-papers
Her Majesty,Nature,3563,mudfog-papers
Nature,Her Majesty,3563,mudfog-papers
Mr. Ainsworth,Bentley,3565,mudfog-papers
Bentley,Mr. Ainsworth,3565,mudfog-papers
Project,Project Gutenberg,3580,mudfog-papers
Project,Project Gutenberg,3580,mudfog-papers
Project Gutenberg,Project,3580,mudfog-papers
Project Gutenberg,Project,3580,mudfog-papers
Project Gutenberg,Project,3587,mudfog-papers
Project Gutenberg,Project,3587,mudfog-papers
Project,Project Gutenberg,3587,mudfog-papers
Project,Project Gutenberg,3587,mudfog-papers
Project Gutenberg,Project,3588,mudfog-papers
Project,Project Gutenberg,3588,mudfog-papers
Vanilla ASCII,Project,3596,mudfog-papers
Vanilla ASCII,Plain Vanilla,3596,mudfog-papers
Project,Vanilla ASCII,3596,mudfog-papers
Project,Plain Vanilla,3596,mudfog-papers
Plain Vanilla,Vanilla ASCII,3596,mudfog-papers
Plain Vanilla,Project,3596,mudfog-papers
Project Gutenberg,Project,3602,mudfog-papers
Project,Project Gutenberg,3602,mudfog-papers
Salt Lake City,Email,3613,mudfog-papers
Email,Salt Lake City,3613,mudfog-papers
Michael S. Hart,Project,3621,mudfog-papers
Project,Michael S. Hart,3621,mudfog-papers
