Item1,Item2,Time,Book
Miss Trotwood,Miss Betsey,10,david-copperfield
Miss Trotwood,Miss Betsey,10,david-copperfield
Miss Trotwood,Miss Betsey,10,david-copperfield
Miss Trotwood,Anyhow,10,david-copperfield
Miss Betsey,Miss Trotwood,10,david-copperfield
Miss Betsey,Anyhow,10,david-copperfield
Miss Betsey,Miss Trotwood,10,david-copperfield
Miss Betsey,Anyhow,10,david-copperfield
Miss Betsey,Miss Trotwood,10,david-copperfield
Miss Betsey,Anyhow,10,david-copperfield
Anyhow,Miss Trotwood,10,david-copperfield
Anyhow,Miss Betsey,10,david-copperfield
Anyhow,Miss Betsey,10,david-copperfield
Anyhow,Miss Betsey,10,david-copperfield
David Copperfield,Miss Betsey,18,david-copperfield
Miss Betsey,David Copperfield,18,david-copperfield
Miss Betsey,Don,23,david-copperfield
Miss Betsey,Don,23,david-copperfield
Don,Miss Betsey,23,david-copperfield
Don,Miss Betsey,23,david-copperfield
Miss Betsey,Baby,27,david-copperfield
Baby,Miss Betsey,27,david-copperfield
Miss Betsey,Rookery,29,david-copperfield
Rookery,Miss Betsey,29,david-copperfield
Rookery,Miss Betsey,31,david-copperfield
Miss Betsey,Rookery,31,david-copperfield
David Copperfield,Miss Betsey,38,david-copperfield
Miss Betsey,David Copperfield,38,david-copperfield
Miss Betsey,David Copperfield,38,david-copperfield
David Copperfield,Miss Betsey,38,david-copperfield
Miss Betsey,Peggotty,50,david-copperfield
Miss Betsey,Copperfield,50,david-copperfield
Peggotty,Miss Betsey,50,david-copperfield
Peggotty,Copperfield,50,david-copperfield
Copperfield,Miss Betsey,50,david-copperfield
Copperfield,Peggotty,50,david-copperfield
Peggotty,Miss Betsey,51,david-copperfield
Peggotty,Don,51,david-copperfield
Miss Betsey,Peggotty,51,david-copperfield
Miss Betsey,Don,51,david-copperfield
Don,Peggotty,51,david-copperfield
Don,Miss Betsey,51,david-copperfield
Miss Betsey,Don,55,david-copperfield
Don,Miss Betsey,55,david-copperfield
David,Miss Betsey,57,david-copperfield
Miss Betsey,David,57,david-copperfield
Don,Miss Betsey,61,david-copperfield
Miss Betsey,Don,61,david-copperfield
Poor Baby,Miss Betsey,64,david-copperfield
Miss Betsey,Poor Baby,64,david-copperfield
Miss Betsey,Mr. Copperfield,69,david-copperfield
Mr. Copperfield,Miss Betsey,69,david-copperfield
Miss Betsey,Don,70,david-copperfield
Miss Betsey,Mr. Copperfield,70,david-copperfield
Don,Miss Betsey,70,david-copperfield
Don,Mr. Copperfield,70,david-copperfield
Mr. Copperfield,Miss Betsey,70,david-copperfield
Mr. Copperfield,Don,70,david-copperfield
Peggotty,Miss Betsey,78,david-copperfield
Peggotty,Ham Peggotty,78,david-copperfield
Miss Betsey,Peggotty,78,david-copperfield
Miss Betsey,Ham Peggotty,78,david-copperfield
Ham Peggotty,Peggotty,78,david-copperfield
Ham Peggotty,Miss Betsey,78,david-copperfield
Ham Peggotty,Miss Betsey,95,david-copperfield
Miss Betsey,Ham Peggotty,95,david-copperfield
Peggotty,Lazarus,122,david-copperfield
Peggotty,Lazarus,122,david-copperfield
Peggotty,Lazarus,122,david-copperfield
Lazarus,Peggotty,122,david-copperfield
Lazarus,Peggotty,122,david-copperfield
Lazarus,Peggotty,122,david-copperfield
Peggotty,Mr. Bodgers,124,david-copperfield
Peggotty,Mr. Bodgers,124,david-copperfield
Peggotty,Mr. Chillip,124,david-copperfield
Peggotty,Mr. Chillip,124,david-copperfield
Peggotty,Mr. Bodgers,124,david-copperfield
Peggotty,Mr. Bodgers,124,david-copperfield
Peggotty,Mr. Chillip,124,david-copperfield
Peggotty,Mr. Chillip,124,david-copperfield
Mr. Bodgers,Peggotty,124,david-copperfield
Mr. Bodgers,Peggotty,124,david-copperfield
Mr. Bodgers,Mr. Chillip,124,david-copperfield
Mr. Bodgers,Mr. Chillip,124,david-copperfield
Mr. Bodgers,Peggotty,124,david-copperfield
Mr. Bodgers,Peggotty,124,david-copperfield
Mr. Bodgers,Peggotty,124,david-copperfield
Mr. Bodgers,Mr. Chillip,124,david-copperfield
Mr. Bodgers,Mr. Chillip,124,david-copperfield
Mr. Bodgers,Peggotty,124,david-copperfield
Mr. Chillip,Peggotty,124,david-copperfield
Mr. Chillip,Peggotty,124,david-copperfield
Mr. Chillip,Mr. Bodgers,124,david-copperfield
Mr. Chillip,Mr. Bodgers,124,david-copperfield
Mr. Chillip,Peggotty,124,david-copperfield
Mr. Chillip,Peggotty,124,david-copperfield
Mr. Chillip,Peggotty,124,david-copperfield
Mr. Chillip,Mr. Bodgers,124,david-copperfield
Mr. Chillip,Mr. Bodgers,124,david-copperfield
Mr. Chillip,Peggotty,124,david-copperfield
Peggotty,Mr. Bodgers,124,david-copperfield
Peggotty,Mr. Bodgers,124,david-copperfield
Peggotty,Mr. Chillip,124,david-copperfield
Peggotty,Mr. Chillip,124,david-copperfield
Peggotty,Paul,127,david-copperfield
Paul,Peggotty,127,david-copperfield
Lord,Master Davy,129,david-copperfield
Lord,Peggotty,129,david-copperfield
Master Davy,Lord,129,david-copperfield
Master Davy,Peggotty,129,david-copperfield
Peggotty,Lord,129,david-copperfield
Peggotty,Master Davy,129,david-copperfield
Davy,Peggotty,133,david-copperfield
Davy,Lawk,133,david-copperfield
Peggotty,Davy,133,david-copperfield
Peggotty,Lawk,133,david-copperfield
Lawk,Davy,133,david-copperfield
Lawk,Peggotty,133,david-copperfield
Peggotty,Master Davy,140,david-copperfield
Master Davy,Peggotty,140,david-copperfield
Mr. Copperfield,Peggotty,164,david-copperfield
Peggotty,Mr. Copperfield,164,david-copperfield
Peggotty,Davy,172,david-copperfield
Peggotty,Davy,172,david-copperfield
Peggotty,Davy,172,david-copperfield
Peggotty,Davy,172,david-copperfield
Davy,Peggotty,172,david-copperfield
Davy,Peggotty,172,david-copperfield
Davy,Peggotty,172,david-copperfield
Davy,Peggotty,172,david-copperfield
Peggotty,Davy,172,david-copperfield
Peggotty,Davy,172,david-copperfield
Peggotty,Davy,172,david-copperfield
Peggotty,Davy,172,david-copperfield
Davy,Peggotty,172,david-copperfield
Davy,Peggotty,172,david-copperfield
Davy,Peggotty,172,david-copperfield
Davy,Peggotty,172,david-copperfield
Mr. Murdstone,Lowestoft,178,david-copperfield
Lowestoft,Mr. Murdstone,178,david-copperfield
Mr. Murdstone,Peggotty,179,david-copperfield
Mr. Murdstone,Peggotty,179,david-copperfield
Peggotty,Mr. Murdstone,179,david-copperfield
Peggotty,Mr. Murdstone,179,david-copperfield
Davy,Mr. Murdstone,185,david-copperfield
Mr. Murdstone,Davy,185,david-copperfield
Mr. Brooks,Mr. Murdstone,193,david-copperfield
Mr. Brooks,Quinion,193,david-copperfield
Mr. Murdstone,Mr. Brooks,193,david-copperfield
Mr. Murdstone,Quinion,193,david-copperfield
Quinion,Mr. Brooks,193,david-copperfield
Quinion,Mr. Murdstone,193,david-copperfield
Brooks,Mr. Murdstone,195,david-copperfield
Mr. Murdstone,Brooks,195,david-copperfield
Skylark,Mr. Skylark,197,david-copperfield
Mr. Skylark,Skylark,197,david-copperfield
Mr. Murdstone,Mr. Quinion,198,david-copperfield
Mr. Murdstone,Mr. Passnidge,198,david-copperfield
Mr. Quinion,Mr. Murdstone,198,david-copperfield
Mr. Quinion,Mr. Murdstone,198,david-copperfield
Mr. Quinion,Mr. Passnidge,198,david-copperfield
Mr. Quinion,Mr. Murdstone,198,david-copperfield
Mr. Quinion,Mr. Murdstone,198,david-copperfield
Mr. Murdstone,Mr. Quinion,198,david-copperfield
Mr. Murdstone,Mr. Passnidge,198,david-copperfield
Mr. Passnidge,Mr. Murdstone,198,david-copperfield
Mr. Passnidge,Mr. Quinion,198,david-copperfield
Mr. Passnidge,Mr. Murdstone,198,david-copperfield
Mr. Passnidge,Mr. Murdstone,198,david-copperfield
Mr. Passnidge,Mr. Murdstone,198,david-copperfield
Mr. Murdstone,Mr. Quinion,198,david-copperfield
Mr. Murdstone,Mr. Passnidge,198,david-copperfield
Mr. Murdstone,Mr. Quinion,198,david-copperfield
Mr. Murdstone,Mr. Passnidge,198,david-copperfield
St. Paul,Peggotty,214,david-copperfield
Peggotty,St. Paul,214,david-copperfield
Master Davy,Wouldn,215,david-copperfield
Wouldn,Master Davy,215,david-copperfield
Peggotty,Don,224,david-copperfield
Don,Peggotty,224,david-copperfield
Mr. Murdstone,Peggotty,230,david-copperfield
Peggotty,Mr. Murdstone,230,david-copperfield
Peggotty,Ham,241,david-copperfield
Ham,Peggotty,241,david-copperfield
Mas,Davy,242,david-copperfield
Davy,Mas,242,david-copperfield
Mas,Davy,245,david-copperfield
Mas,Ham,245,david-copperfield
Davy,Mas,245,david-copperfield
Davy,Ham,245,david-copperfield
Ham,Mas,245,david-copperfield
Ham,Davy,245,david-copperfield
Peggotty,Abraham,247,david-copperfield
Peggotty,Isaac,247,david-copperfield
Peggotty,Daniel,247,david-copperfield
Peggotty,Sarah Jane,247,david-copperfield
Abraham,Peggotty,247,david-copperfield
Abraham,Isaac,247,david-copperfield
Abraham,Daniel,247,david-copperfield
Abraham,Sarah Jane,247,david-copperfield
Isaac,Peggotty,247,david-copperfield
Isaac,Abraham,247,david-copperfield
Isaac,Daniel,247,david-copperfield
Isaac,Sarah Jane,247,david-copperfield
Daniel,Peggotty,247,david-copperfield
Daniel,Abraham,247,david-copperfield
Daniel,Isaac,247,david-copperfield
Daniel,Sarah Jane,247,david-copperfield
Sarah Jane,Peggotty,247,david-copperfield
Sarah Jane,Abraham,247,david-copperfield
Sarah Jane,Isaac,247,david-copperfield
Sarah Jane,Daniel,247,david-copperfield
Peggotty,Mr. Peggotty,249,david-copperfield
Mr. Peggotty,Peggotty,249,david-copperfield
Peggotty,St. Paul,256,david-copperfield
Peggotty,Ham,256,david-copperfield
Peggotty,Mr. Peggotty,256,david-copperfield
St. Paul,Peggotty,256,david-copperfield
St. Paul,Ham,256,david-copperfield
St. Paul,Mr. Peggotty,256,david-copperfield
Ham,Peggotty,256,david-copperfield
Ham,St. Paul,256,david-copperfield
Ham,Mr. Peggotty,256,david-copperfield
Mr. Peggotty,Peggotty,256,david-copperfield
Mr. Peggotty,St. Paul,256,david-copperfield
Mr. Peggotty,Ham,256,david-copperfield
Mr.,Peggotty,260,david-copperfield
Peggotty,Mr.,260,david-copperfield
Joe,Mr. Peggotty,265,david-copperfield
Mr. Peggotty,Joe,265,david-copperfield
Mr. Peggotty,Ham,268,david-copperfield
Ham,Mr. Peggotty,268,david-copperfield
Ham,Mr. Peggotty,268,david-copperfield
Mr. Peggotty,Ham,268,david-copperfield
Haven,Mr. Peggotty,274,david-copperfield
Mr. Peggotty,Haven,274,david-copperfield
Missis Gummidge,Mr. Peggotty,277,david-copperfield
Mr. Peggotty,Missis Gummidge,277,david-copperfield
Peggotty,Ham,279,david-copperfield
Peggotty,Em,279,david-copperfield
Peggotty,Gormed,279,david-copperfield
Ham,Peggotty,279,david-copperfield
Ham,Em,279,david-copperfield
Ham,Peggotty,279,david-copperfield
Ham,Gormed,279,david-copperfield
Em,Peggotty,279,david-copperfield
Em,Ham,279,david-copperfield
Em,Peggotty,279,david-copperfield
Em,Gormed,279,david-copperfield
Peggotty,Ham,279,david-copperfield
Peggotty,Em,279,david-copperfield
Peggotty,Gormed,279,david-copperfield
Gormed,Peggotty,279,david-copperfield
Gormed,Ham,279,david-copperfield
Gormed,Em,279,david-copperfield
Gormed,Peggotty,279,david-copperfield
Em,Dan,291,david-copperfield
Dan,Em,291,david-copperfield
Dan,Mr. Peggotty,292,david-copperfield
Mr. Peggotty,Dan,292,david-copperfield
Uncle Dan,Em,293,david-copperfield
Em,Uncle Dan,293,david-copperfield
Good,Em,295,david-copperfield
Em,Good,295,david-copperfield
Time,Em,310,david-copperfield
Em,Time,310,david-copperfield
Mr. Peggotty,Ham,311,david-copperfield
Ham,Mr. Peggotty,311,david-copperfield
Mr.,Peggotty,313,david-copperfield
Peggotty,Mr.,313,david-copperfield
Mr. Peggotty,Peggotty,321,david-copperfield
Mr. Peggotty,Ham,321,david-copperfield
Peggotty,Mr. Peggotty,321,david-copperfield
Peggotty,Ham,321,david-copperfield
Ham,Mr. Peggotty,321,david-copperfield
Ham,Peggotty,321,david-copperfield
Mates,Mr. Peggotty,322,david-copperfield
Mr. Peggotty,Mates,322,david-copperfield
Mr. Peggotty,Cheer,324,david-copperfield
Cheer,Mr. Peggotty,324,david-copperfield
Cheer,Mr. Peggotty,324,david-copperfield
Mr. Peggotty,Cheer,324,david-copperfield
Along,Mr. Peggotty,332,david-copperfield
Along,Don,332,david-copperfield
Mr. Peggotty,Along,332,david-copperfield
Mr. Peggotty,Don,332,david-copperfield
Don,Along,332,david-copperfield
Don,Mr. Peggotty,332,david-copperfield
Mr. Peggotty,Ham,341,david-copperfield
Mr. Peggotty,Ham,341,david-copperfield
Ham,Mr. Peggotty,341,david-copperfield
Ham,Mr. Peggotty,341,david-copperfield
Blunderstone Rookery,How,345,david-copperfield
How,Blunderstone Rookery,345,david-copperfield
Master Davy,Peggotty,348,david-copperfield
Peggotty,Master Davy,348,david-copperfield
Peggotty,Master Davy,348,david-copperfield
Master Davy,Peggotty,348,david-copperfield
Master Davy,Peggotty,353,david-copperfield
Peggotty,Master Davy,353,david-copperfield
Master Davy,Peggotty,361,david-copperfield
Peggotty,Master Davy,361,david-copperfield
Clara,Mr. Murdstone,369,david-copperfield
Clara,Davy,369,david-copperfield
Mr. Murdstone,Clara,369,david-copperfield
Mr. Murdstone,Davy,369,david-copperfield
Davy,Clara,369,david-copperfield
Davy,Mr. Murdstone,369,david-copperfield
Poor,Peggotty,381,david-copperfield
Peggotty,Poor,381,david-copperfield
Davy,Peggotty,382,david-copperfield
Peggotty,Davy,382,david-copperfield
Peggotty,Mr. Murdstone,383,david-copperfield
Mr. Murdstone,Peggotty,383,david-copperfield
Mr. Murdstone,David,389,david-copperfield
David,Mr. Murdstone,389,david-copperfield
Miss Murdstone,Peggotty,414,david-copperfield
Peggotty,Miss Murdstone,414,david-copperfield
Miss Murdstone,Mr. Murdstone,421,david-copperfield
Miss Murdstone,Mr. Murdstone,421,david-copperfield
Mr. Murdstone,Miss Murdstone,421,david-copperfield
Mr. Murdstone,Miss Murdstone,421,david-copperfield
Mr. Murdstone,Miss Murdstone,421,david-copperfield
Mr. Murdstone,Miss Murdstone,421,david-copperfield
Miss Murdstone,Mr. Murdstone,421,david-copperfield
Miss Murdstone,Mr. Murdstone,421,david-copperfield
Mr. Murdstone,Clara,423,david-copperfield
Clara,Mr. Murdstone,423,david-copperfield
Edward,Peggotty,424,david-copperfield
Peggotty,Edward,424,david-copperfield
Edward,Miss Murdstone,425,david-copperfield
Miss Murdstone,Edward,425,david-copperfield
Edward,Miss Murdstone,428,david-copperfield
Miss Murdstone,Edward,428,david-copperfield
Jane Murdstone,Mr. Murdstone,429,david-copperfield
Mr. Murdstone,Jane Murdstone,429,david-copperfield
Miss,Murdstone,430,david-copperfield
Murdstone,Miss,430,david-copperfield
Clara,Jane Murdstone,431,david-copperfield
Jane Murdstone,Clara,431,david-copperfield
Don,Edward,434,david-copperfield
Don,Ask Peggotty,434,david-copperfield
Edward,Don,434,david-copperfield
Edward,Ask Peggotty,434,david-copperfield
Ask Peggotty,Don,434,david-copperfield
Ask Peggotty,Edward,434,david-copperfield
Clara,Mr. Murdstone,435,david-copperfield
Mr. Murdstone,Clara,435,david-copperfield
Pray,Edward,436,david-copperfield
Pray,Jane,436,david-copperfield
Edward,Pray,436,david-copperfield
Edward,Jane,436,david-copperfield
Jane,Pray,436,david-copperfield
Jane,Edward,436,david-copperfield
Jane Murdstone,Mr. Murdstone,437,david-copperfield
Jane Murdstone,David,437,david-copperfield
Mr. Murdstone,Jane Murdstone,437,david-copperfield
Mr. Murdstone,David,437,david-copperfield
David,Jane Murdstone,437,david-copperfield
David,Mr. Murdstone,437,david-copperfield
Mr.,Miss Murdstone,438,david-copperfield
Miss Murdstone,Mr.,438,david-copperfield
Mr. Murdstone,Again,440,david-copperfield
Mr. Murdstone,Again,440,david-copperfield
Mr. Murdstone,Miss Murdstone,440,david-copperfield
Mr. Murdstone,Again,440,david-copperfield
Mr. Murdstone,Miss Murdstone,440,david-copperfield
Mr. Murdstone,Again,440,david-copperfield
Mr. Murdstone,Again,440,david-copperfield
Mr. Murdstone,Again,440,david-copperfield
Mr. Murdstone,Mr.,440,david-copperfield
Mr. Murdstone,Miss Murdstone,440,david-copperfield
Mr. Murdstone,Again,440,david-copperfield
Mr. Murdstone,Miss Murdstone,440,david-copperfield
Again,Mr. Murdstone,440,david-copperfield
Again,Miss Murdstone,440,david-copperfield
Again,Miss Murdstone,440,david-copperfield
Again,Mr.,440,david-copperfield
Again,Miss Murdstone,440,david-copperfield
Again,Miss Murdstone,440,david-copperfield
Again,Mr. Murdstone,440,david-copperfield
Again,Miss Murdstone,440,david-copperfield
Again,Miss Murdstone,440,david-copperfield
Again,Mr.,440,david-copperfield
Again,Miss Murdstone,440,david-copperfield
Again,Miss Murdstone,440,david-copperfield
Miss Murdstone,Mr. Murdstone,440,david-copperfield
Miss Murdstone,Again,440,david-copperfield
Miss Murdstone,Again,440,david-copperfield
Miss Murdstone,Again,440,david-copperfield
Miss Murdstone,Again,440,david-copperfield
Miss Murdstone,Again,440,david-copperfield
Miss Murdstone,Again,440,david-copperfield
Miss Murdstone,Mr.,440,david-copperfield
Miss Murdstone,Again,440,david-copperfield
Again,Mr. Murdstone,440,david-copperfield
Again,Miss Murdstone,440,david-copperfield
Again,Miss Murdstone,440,david-copperfield
Again,Mr.,440,david-copperfield
Again,Miss Murdstone,440,david-copperfield
Again,Miss Murdstone,440,david-copperfield
Miss Murdstone,Mr. Murdstone,440,david-copperfield
Miss Murdstone,Again,440,david-copperfield
Miss Murdstone,Again,440,david-copperfield
Miss Murdstone,Again,440,david-copperfield
Miss Murdstone,Again,440,david-copperfield
Miss Murdstone,Again,440,david-copperfield
Miss Murdstone,Again,440,david-copperfield
Miss Murdstone,Mr.,440,david-copperfield
Miss Murdstone,Again,440,david-copperfield
Again,Mr. Murdstone,440,david-copperfield
Again,Miss Murdstone,440,david-copperfield
Again,Miss Murdstone,440,david-copperfield
Again,Mr.,440,david-copperfield
Again,Miss Murdstone,440,david-copperfield
Again,Miss Murdstone,440,david-copperfield
Again,Mr. Murdstone,440,david-copperfield
Again,Miss Murdstone,440,david-copperfield
Again,Miss Murdstone,440,david-copperfield
Again,Mr.,440,david-copperfield
Again,Miss Murdstone,440,david-copperfield
Again,Miss Murdstone,440,david-copperfield
Again,Mr. Murdstone,440,david-copperfield
Again,Miss Murdstone,440,david-copperfield
Again,Miss Murdstone,440,david-copperfield
Again,Mr.,440,david-copperfield
Again,Miss Murdstone,440,david-copperfield
Again,Miss Murdstone,440,david-copperfield
Mr.,Mr. Murdstone,440,david-copperfield
Mr.,Again,440,david-copperfield
Mr.,Again,440,david-copperfield
Mr.,Miss Murdstone,440,david-copperfield
Mr.,Again,440,david-copperfield
Mr.,Miss Murdstone,440,david-copperfield
Mr.,Again,440,david-copperfield
Mr.,Again,440,david-copperfield
Mr.,Again,440,david-copperfield
Mr.,Miss Murdstone,440,david-copperfield
Mr.,Again,440,david-copperfield
Mr.,Miss Murdstone,440,david-copperfield
Miss Murdstone,Mr. Murdstone,440,david-copperfield
Miss Murdstone,Again,440,david-copperfield
Miss Murdstone,Again,440,david-copperfield
Miss Murdstone,Again,440,david-copperfield
Miss Murdstone,Again,440,david-copperfield
Miss Murdstone,Again,440,david-copperfield
Miss Murdstone,Again,440,david-copperfield
Miss Murdstone,Mr.,440,david-copperfield
Miss Murdstone,Again,440,david-copperfield
Again,Mr. Murdstone,440,david-copperfield
Again,Miss Murdstone,440,david-copperfield
Again,Miss Murdstone,440,david-copperfield
Again,Mr.,440,david-copperfield
Again,Miss Murdstone,440,david-copperfield
Again,Miss Murdstone,440,david-copperfield
Miss Murdstone,Mr. Murdstone,440,david-copperfield
Miss Murdstone,Again,440,david-copperfield
Miss Murdstone,Again,440,david-copperfield
Miss Murdstone,Again,440,david-copperfield
Miss Murdstone,Again,440,david-copperfield
Miss Murdstone,Again,440,david-copperfield
Miss Murdstone,Again,440,david-copperfield
Miss Murdstone,Mr.,440,david-copperfield
Miss Murdstone,Again,440,david-copperfield
Mr.,Miss Murdstone,442,david-copperfield
Mr.,Mr. Murdstone,442,david-copperfield
Miss Murdstone,Mr.,442,david-copperfield
Miss Murdstone,Mr. Murdstone,442,david-copperfield
Mr. Murdstone,Mr.,442,david-copperfield
Mr. Murdstone,Miss Murdstone,442,david-copperfield
Mr. Murdstone,Miss Murdstone,444,david-copperfield
Miss Murdstone,Mr. Murdstone,444,david-copperfield
Mr. Murdstone,Miss Murdstone,445,david-copperfield
Miss Murdstone,Mr. Murdstone,445,david-copperfield
Clara,Mr. Murdstone,447,david-copperfield
Clara,Don,447,david-copperfield
Clara,Davy,447,david-copperfield
Clara,Davy,447,david-copperfield
Mr. Murdstone,Clara,447,david-copperfield
Mr. Murdstone,Don,447,david-copperfield
Mr. Murdstone,Davy,447,david-copperfield
Mr. Murdstone,Davy,447,david-copperfield
Don,Clara,447,david-copperfield
Don,Mr. Murdstone,447,david-copperfield
Don,Davy,447,david-copperfield
Don,Davy,447,david-copperfield
Davy,Clara,447,david-copperfield
Davy,Mr. Murdstone,447,david-copperfield
Davy,Don,447,david-copperfield
Davy,Clara,447,david-copperfield
Davy,Mr. Murdstone,447,david-copperfield
Davy,Don,447,david-copperfield
Clara,Miss Murdstone,450,david-copperfield
Miss Murdstone,Clara,450,david-copperfield
Mr. Murdstone,Miss Murdstone,452,david-copperfield
Mr. Murdstone,Miss Murdstone,452,david-copperfield
Miss Murdstone,Mr. Murdstone,452,david-copperfield
Miss Murdstone,Mr. Murdstone,452,david-copperfield
Mr. Murdstone,Miss Murdstone,456,david-copperfield
Miss Murdstone,Mr. Murdstone,456,david-copperfield
Roderick Random,Peregrine Pickle,459,david-copperfield
Roderick Random,Humphrey Clinker,459,david-copperfield
Roderick Random,Tom Jones,459,david-copperfield
Roderick Random,Don Quixote,459,david-copperfield
Roderick Random,Gil Blas,459,david-copperfield
Roderick Random,Robinson Crusoe,459,david-copperfield
Roderick Random,Mr.,459,david-copperfield
Roderick Random,Miss Murdstone,459,david-copperfield
Roderick Random,Tom Jones,459,david-copperfield
Roderick Random,Tom Jones,459,david-copperfield
Peregrine Pickle,Roderick Random,459,david-copperfield
Peregrine Pickle,Humphrey Clinker,459,david-copperfield
Peregrine Pickle,Tom Jones,459,david-copperfield
Peregrine Pickle,Don Quixote,459,david-copperfield
Peregrine Pickle,Gil Blas,459,david-copperfield
Peregrine Pickle,Robinson Crusoe,459,david-copperfield
Peregrine Pickle,Mr.,459,david-copperfield
Peregrine Pickle,Miss Murdstone,459,david-copperfield
Peregrine Pickle,Tom Jones,459,david-copperfield
Peregrine Pickle,Tom Jones,459,david-copperfield
Peregrine Pickle,Roderick Random,459,david-copperfield
Humphrey Clinker,Roderick Random,459,david-copperfield
Humphrey Clinker,Peregrine Pickle,459,david-copperfield
Humphrey Clinker,Tom Jones,459,david-copperfield
Humphrey Clinker,Don Quixote,459,david-copperfield
Humphrey Clinker,Gil Blas,459,david-copperfield
Humphrey Clinker,Robinson Crusoe,459,david-copperfield
Humphrey Clinker,Mr.,459,david-copperfield
Humphrey Clinker,Miss Murdstone,459,david-copperfield
Humphrey Clinker,Tom Jones,459,david-copperfield
Humphrey Clinker,Tom Jones,459,david-copperfield
Humphrey Clinker,Roderick Random,459,david-copperfield
Tom Jones,Roderick Random,459,david-copperfield
Tom Jones,Peregrine Pickle,459,david-copperfield
Tom Jones,Humphrey Clinker,459,david-copperfield
Tom Jones,Don Quixote,459,david-copperfield
Tom Jones,Gil Blas,459,david-copperfield
Tom Jones,Robinson Crusoe,459,david-copperfield
Tom Jones,Mr.,459,david-copperfield
Tom Jones,Miss Murdstone,459,david-copperfield
Tom Jones,Roderick Random,459,david-copperfield
Don Quixote,Roderick Random,459,david-copperfield
Don Quixote,Peregrine Pickle,459,david-copperfield
Don Quixote,Humphrey Clinker,459,david-copperfield
Don Quixote,Tom Jones,459,david-copperfield
Don Quixote,Gil Blas,459,david-copperfield
Don Quixote,Robinson Crusoe,459,david-copperfield
Don Quixote,Mr.,459,david-copperfield
Don Quixote,Miss Murdstone,459,david-copperfield
Don Quixote,Tom Jones,459,david-copperfield
Don Quixote,Tom Jones,459,david-copperfield
Don Quixote,Roderick Random,459,david-copperfield
Gil Blas,Roderick Random,459,david-copperfield
Gil Blas,Peregrine Pickle,459,david-copperfield
Gil Blas,Humphrey Clinker,459,david-copperfield
Gil Blas,Tom Jones,459,david-copperfield
Gil Blas,Don Quixote,459,david-copperfield
Gil Blas,Robinson Crusoe,459,david-copperfield
Gil Blas,Mr.,459,david-copperfield
Gil Blas,Miss Murdstone,459,david-copperfield
Gil Blas,Tom Jones,459,david-copperfield
Gil Blas,Tom Jones,459,david-copperfield
Gil Blas,Roderick Random,459,david-copperfield
Robinson Crusoe,Roderick Random,459,david-copperfield
Robinson Crusoe,Peregrine Pickle,459,david-copperfield
Robinson Crusoe,Humphrey Clinker,459,david-copperfield
Robinson Crusoe,Tom Jones,459,david-copperfield
Robinson Crusoe,Don Quixote,459,david-copperfield
Robinson Crusoe,Gil Blas,459,david-copperfield
Robinson Crusoe,Mr.,459,david-copperfield
Robinson Crusoe,Miss Murdstone,459,david-copperfield
Robinson Crusoe,Tom Jones,459,david-copperfield
Robinson Crusoe,Tom Jones,459,david-copperfield
Robinson Crusoe,Roderick Random,459,david-copperfield
Mr.,Roderick Random,459,david-copperfield
Mr.,Peregrine Pickle,459,david-copperfield
Mr.,Humphrey Clinker,459,david-copperfield
Mr.,Tom Jones,459,david-copperfield
Mr.,Don Quixote,459,david-copperfield
Mr.,Gil Blas,459,david-copperfield
Mr.,Robinson Crusoe,459,david-copperfield
Mr.,Miss Murdstone,459,david-copperfield
Mr.,Tom Jones,459,david-copperfield
Mr.,Tom Jones,459,david-copperfield
Mr.,Roderick Random,459,david-copperfield
Miss Murdstone,Roderick Random,459,david-copperfield
Miss Murdstone,Peregrine Pickle,459,david-copperfield
Miss Murdstone,Humphrey Clinker,459,david-copperfield
Miss Murdstone,Tom Jones,459,david-copperfield
Miss Murdstone,Don Quixote,459,david-copperfield
Miss Murdstone,Gil Blas,459,david-copperfield
Miss Murdstone,Robinson Crusoe,459,david-copperfield
Miss Murdstone,Mr.,459,david-copperfield
Miss Murdstone,Tom Jones,459,david-copperfield
Miss Murdstone,Tom Jones,459,david-copperfield
Miss Murdstone,Roderick Random,459,david-copperfield
Tom Jones,Roderick Random,459,david-copperfield
Tom Jones,Peregrine Pickle,459,david-copperfield
Tom Jones,Humphrey Clinker,459,david-copperfield
Tom Jones,Don Quixote,459,david-copperfield
Tom Jones,Gil Blas,459,david-copperfield
Tom Jones,Robinson Crusoe,459,david-copperfield
Tom Jones,Mr.,459,david-copperfield
Tom Jones,Miss Murdstone,459,david-copperfield
Tom Jones,Roderick Random,459,david-copperfield
Tom Jones,Roderick Random,459,david-copperfield
Tom Jones,Peregrine Pickle,459,david-copperfield
Tom Jones,Humphrey Clinker,459,david-copperfield
Tom Jones,Don Quixote,459,david-copperfield
Tom Jones,Gil Blas,459,david-copperfield
Tom Jones,Robinson Crusoe,459,david-copperfield
Tom Jones,Mr.,459,david-copperfield
Tom Jones,Miss Murdstone,459,david-copperfield
Tom Jones,Roderick Random,459,david-copperfield
Roderick Random,Peregrine Pickle,459,david-copperfield
Roderick Random,Humphrey Clinker,459,david-copperfield
Roderick Random,Tom Jones,459,david-copperfield
Roderick Random,Don Quixote,459,david-copperfield
Roderick Random,Gil Blas,459,david-copperfield
Roderick Random,Robinson Crusoe,459,david-copperfield
Roderick Random,Mr.,459,david-copperfield
Roderick Random,Miss Murdstone,459,david-copperfield
Roderick Random,Tom Jones,459,david-copperfield
Roderick Random,Tom Jones,459,david-copperfield
Tom Pipes,Strap,460,david-copperfield
Tom Pipes,Mr. Pickle,460,david-copperfield
Strap,Tom Pipes,460,david-copperfield
Strap,Mr. Pickle,460,david-copperfield
Mr. Pickle,Tom Pipes,460,david-copperfield
Mr. Pickle,Strap,460,david-copperfield
Miss Murdstone,Mr. Murdstone,462,david-copperfield
Mr. Murdstone,Miss Murdstone,462,david-copperfield
Clara,Mr. Murdstone,463,david-copperfield
Mr. Murdstone,Clara,463,david-copperfield
Jane,Edward,465,david-copperfield
Edward,Jane,465,david-copperfield
Edward,Clara,466,david-copperfield
Edward,Mr. Murdstone,466,david-copperfield
Clara,Edward,466,david-copperfield
Clara,Mr. Murdstone,466,david-copperfield
Mr. Murdstone,Edward,466,david-copperfield
Mr. Murdstone,Clara,466,david-copperfield
Book,Miss Murdstone,472,david-copperfield
Miss Murdstone,Book,472,david-copperfield
Jane,Clara,476,david-copperfield
Jane,David,476,david-copperfield
Jane,Clara,476,david-copperfield
Jane,David,476,david-copperfield
Clara,Jane,476,david-copperfield
Clara,David,476,david-copperfield
Clara,David,476,david-copperfield
David,Jane,476,david-copperfield
David,Clara,476,david-copperfield
David,Clara,476,david-copperfield
Clara,Jane,476,david-copperfield
Clara,David,476,david-copperfield
Clara,David,476,david-copperfield
David,Jane,476,david-copperfield
David,Clara,476,david-copperfield
David,Clara,476,david-copperfield
Murdstone,Sir,479,david-copperfield
Murdstone,Don,479,david-copperfield
Murdstone,Pray,479,david-copperfield
Murdstone,Miss Murdstone,479,david-copperfield
Sir,Murdstone,479,david-copperfield
Sir,Don,479,david-copperfield
Sir,Pray,479,david-copperfield
Sir,Miss Murdstone,479,david-copperfield
Don,Murdstone,479,david-copperfield
Don,Sir,479,david-copperfield
Don,Pray,479,david-copperfield
Don,Miss Murdstone,479,david-copperfield
Pray,Murdstone,479,david-copperfield
Pray,Sir,479,david-copperfield
Pray,Don,479,david-copperfield
Pray,Miss Murdstone,479,david-copperfield
Miss Murdstone,Murdstone,479,david-copperfield
Miss Murdstone,Sir,479,david-copperfield
Miss Murdstone,Don,479,david-copperfield
Miss Murdstone,Pray,479,david-copperfield
Miss Murdstone,Mr. Murdstone,488,david-copperfield
Miss Murdstone,Mr. Murdstone,488,david-copperfield
Mr. Murdstone,Miss Murdstone,488,david-copperfield
Mr. Murdstone,Miss Murdstone,488,david-copperfield
Near London,Peggotty,498,david-copperfield
Peggotty,Near London,498,david-copperfield
Peggotty,Davy,508,david-copperfield
Davy,Peggotty,508,david-copperfield
Davy,Peggotty,508,david-copperfield
Davy,Peggotty,508,david-copperfield
Peggotty,Davy,508,david-copperfield
Peggotty,Davy,508,david-copperfield
Peggotty,Mr. Peggotty,509,david-copperfield
Peggotty,Mr. Peggotty,509,david-copperfield
Mr. Peggotty,Peggotty,509,david-copperfield
Mr. Peggotty,Peggotty,509,david-copperfield
Mr. Peggotty,Peggotty,509,david-copperfield
Peggotty,Mr. Peggotty,509,david-copperfield
Master Copperfield,Miss Murdstone,514,david-copperfield
Miss Murdstone,Master Copperfield,514,david-copperfield
Peggotty,Mr. Murdstone,515,david-copperfield
Mr. Murdstone,Peggotty,515,david-copperfield
Ready,Jane,517,david-copperfield
Ready,Davy,517,david-copperfield
Jane,Ready,517,david-copperfield
Jane,Davy,517,david-copperfield
Davy,Ready,517,david-copperfield
Davy,Jane,517,david-copperfield
Miss,Murdstone,521,david-copperfield
Murdstone,Miss,521,david-copperfield
Peggotty,Davy,527,david-copperfield
Davy,Peggotty,527,david-copperfield
Mr. Barkis,Her,539,david-copperfield
Her,Mr. Barkis,539,david-copperfield
Hearts,Mr. Barkis,544,david-copperfield
Mr. Barkis,Hearts,544,david-copperfield
Mr. Barkis,P,552,david-copperfield
P,Mr. Barkis,552,david-copperfield
Mr. Barkis,Mr. Peggotty,559,david-copperfield
Mr. Peggotty,Mr. Barkis,559,david-copperfield
Robinson Crusoe,Mr. Murdstone,622,david-copperfield
Robinson Crusoe,Peggotty,622,david-copperfield
Mr. Murdstone,Robinson Crusoe,622,david-copperfield
Mr. Murdstone,Peggotty,622,david-copperfield
Peggotty,Robinson Crusoe,622,david-copperfield
Peggotty,Mr. Murdstone,622,david-copperfield
Salem House,David Copperfield,644,david-copperfield
David Copperfield,Salem House,644,david-copperfield
Salem,Mr. Mell,653,david-copperfield
Salem,Mr. Creakle,653,david-copperfield
Salem,Miss Creakle,653,david-copperfield
Mr. Mell,Salem,653,david-copperfield
Mr. Mell,Mr. Creakle,653,david-copperfield
Mr. Mell,Miss Creakle,653,david-copperfield
Mr. Creakle,Salem,653,david-copperfield
Mr. Creakle,Mr. Mell,653,david-copperfield
Mr. Creakle,Miss Creakle,653,david-copperfield
Miss Creakle,Salem,653,david-copperfield
Miss Creakle,Mr. Mell,653,david-copperfield
Miss Creakle,Mr. Creakle,653,david-copperfield
Take,Tommy Traddles,664,david-copperfield
Take,George Demple,664,david-copperfield
Take,Mr. Mell,664,david-copperfield
Tommy Traddles,Take,664,david-copperfield
Tommy Traddles,George Demple,664,david-copperfield
Tommy Traddles,Mr. Mell,664,david-copperfield
George Demple,Take,664,david-copperfield
George Demple,Tommy Traddles,664,david-copperfield
George Demple,Mr. Mell,664,david-copperfield
Mr. Mell,Take,664,david-copperfield
Mr. Mell,Tommy Traddles,664,david-copperfield
Mr. Mell,George Demple,664,david-copperfield
Mr. Mell,Miss Murdstone,666,david-copperfield
Miss Murdstone,Mr. Mell,666,david-copperfield
Miss Murdstone,Mr. Mell,666,david-copperfield
Miss Murdstone,Mr. Mell,666,david-copperfield
Miss Murdstone,Mr. Mell,666,david-copperfield
Mr. Mell,Miss Murdstone,666,david-copperfield
Mr. Mell,Miss Murdstone,666,david-copperfield
Mr. Mell,Miss Murdstone,666,david-copperfield
Mr. Mell,Steerforth,667,david-copperfield
Mr. Mell,Mr. Creakle,667,david-copperfield
Mr. Mell,Steerforth,667,david-copperfield
Mr. Mell,Mr. Creakle,667,david-copperfield
Steerforth,Mr. Mell,667,david-copperfield
Steerforth,Mr. Mell,667,david-copperfield
Steerforth,Mr. Creakle,667,david-copperfield
Mr. Creakle,Mr. Mell,667,david-copperfield
Mr. Creakle,Mr. Mell,667,david-copperfield
Mr. Creakle,Steerforth,667,david-copperfield
Mr. Creakle,Mr. Mell,671,david-copperfield
Mr. Creakle,Salem House,671,david-copperfield
Mr. Mell,Mr. Creakle,671,david-copperfield
Mr. Mell,Salem House,671,david-copperfield
Salem House,Mr. Creakle,671,david-copperfield
Salem House,Mr. Mell,671,david-copperfield
Mr. Mell,Mr. Creakle,672,david-copperfield
Mr. Creakle,Mr. Mell,672,david-copperfield
Mr.,Creakle,673,david-copperfield
Mr.,Mr. Creakle,673,david-copperfield
Mr.,Miss Creakle,673,david-copperfield
Mr.,Mr. Creakle,673,david-copperfield
Creakle,Mr.,673,david-copperfield
Creakle,Mr. Creakle,673,david-copperfield
Creakle,Miss Creakle,673,david-copperfield
Creakle,Mr. Creakle,673,david-copperfield
Mr. Creakle,Mr.,673,david-copperfield
Mr. Creakle,Creakle,673,david-copperfield
Mr. Creakle,Miss Creakle,673,david-copperfield
Miss Creakle,Mr.,673,david-copperfield
Miss Creakle,Creakle,673,david-copperfield
Miss Creakle,Mr. Creakle,673,david-copperfield
Miss Creakle,Mr. Creakle,673,david-copperfield
Mr. Creakle,Mr.,673,david-copperfield
Mr. Creakle,Creakle,673,david-copperfield
Mr. Creakle,Miss Creakle,673,david-copperfield
Mr. Creakle,Miss Creakle,677,david-copperfield
Miss Creakle,Mr. Creakle,677,david-copperfield
Mr.,Creakle,694,david-copperfield
Creakle,Mr.,694,david-copperfield
Mr. Sharp,Mr. Mell,697,david-copperfield
Mr. Sharp,Mr. Mell,697,david-copperfield
Mr. Sharp,Mr. Creakle,697,david-copperfield
Mr. Sharp,Mr. Mell,697,david-copperfield
Mr. Sharp,Mr. Mell,697,david-copperfield
Mr. Sharp,Mr. Creakle,697,david-copperfield
Mr. Mell,Mr. Sharp,697,david-copperfield
Mr. Mell,Mr. Sharp,697,david-copperfield
Mr. Mell,Mr. Sharp,697,david-copperfield
Mr. Mell,Mr. Creakle,697,david-copperfield
Mr. Mell,Mr. Sharp,697,david-copperfield
Mr. Mell,Mr. Sharp,697,david-copperfield
Mr. Mell,Mr. Sharp,697,david-copperfield
Mr. Mell,Mr. Sharp,697,david-copperfield
Mr. Mell,Mr. Creakle,697,david-copperfield
Mr. Mell,Mr. Sharp,697,david-copperfield
Mr. Sharp,Mr. Mell,697,david-copperfield
Mr. Sharp,Mr. Mell,697,david-copperfield
Mr. Sharp,Mr. Creakle,697,david-copperfield
Mr. Creakle,Mr. Sharp,697,david-copperfield
Mr. Creakle,Mr. Sharp,697,david-copperfield
Mr. Creakle,Mr. Mell,697,david-copperfield
Mr. Creakle,Mr. Mell,697,david-copperfield
Mr. Creakle,Mr. Sharp,697,david-copperfield
Mr. Creakle,Mr. Sharp,697,david-copperfield
Mr. Sharp,Mr. Mell,697,david-copperfield
Mr. Sharp,Mr. Mell,697,david-copperfield
Mr. Sharp,Mr. Creakle,697,david-copperfield
Traddles,Happily,699,david-copperfield
Happily,Traddles,699,david-copperfield
Steerforth,Traddles,717,david-copperfield
Traddles,Steerforth,717,david-copperfield
Mr. Creakle,Steerforth,718,david-copperfield
Steerforth,Mr. Creakle,718,david-copperfield
Tungay,Mr. Creakle,719,david-copperfield
Tungay,Mr. Creakle,719,david-copperfield
Tungay,Mr. Creakle,719,david-copperfield
Tungay,Mr. Creakle,719,david-copperfield
Tungay,Mr. Creakle,719,david-copperfield
Tungay,Miss Creakle,719,david-copperfield
Mr. Creakle,Tungay,719,david-copperfield
Mr. Creakle,Tungay,719,david-copperfield
Mr. Creakle,Tungay,719,david-copperfield
Mr. Creakle,Miss Creakle,719,david-copperfield
Mr. Creakle,Tungay,719,david-copperfield
Mr. Creakle,Tungay,719,david-copperfield
Mr. Creakle,Tungay,719,david-copperfield
Mr. Creakle,Miss Creakle,719,david-copperfield
Mr. Creakle,Tungay,719,david-copperfield
Mr. Creakle,Tungay,719,david-copperfield
Mr. Creakle,Tungay,719,david-copperfield
Mr. Creakle,Miss Creakle,719,david-copperfield
Tungay,Mr. Creakle,719,david-copperfield
Tungay,Mr. Creakle,719,david-copperfield
Tungay,Mr. Creakle,719,david-copperfield
Tungay,Mr. Creakle,719,david-copperfield
Tungay,Mr. Creakle,719,david-copperfield
Tungay,Miss Creakle,719,david-copperfield
Mr. Creakle,Tungay,719,david-copperfield
Mr. Creakle,Tungay,719,david-copperfield
Mr. Creakle,Tungay,719,david-copperfield
Mr. Creakle,Miss Creakle,719,david-copperfield
Tungay,Mr. Creakle,719,david-copperfield
Tungay,Mr. Creakle,719,david-copperfield
Tungay,Mr. Creakle,719,david-copperfield
Tungay,Mr. Creakle,719,david-copperfield
Tungay,Mr. Creakle,719,david-copperfield
Tungay,Miss Creakle,719,david-copperfield
Mr. Creakle,Tungay,719,david-copperfield
Mr. Creakle,Tungay,719,david-copperfield
Mr. Creakle,Tungay,719,david-copperfield
Mr. Creakle,Miss Creakle,719,david-copperfield
Miss Creakle,Tungay,719,david-copperfield
Miss Creakle,Mr. Creakle,719,david-copperfield
Miss Creakle,Mr. Creakle,719,david-copperfield
Miss Creakle,Mr. Creakle,719,david-copperfield
Miss Creakle,Tungay,719,david-copperfield
Miss Creakle,Mr. Creakle,719,david-copperfield
Miss Creakle,Tungay,719,david-copperfield
Miss Creakle,Mr. Creakle,719,david-copperfield
Mr. Creakle,Steerforth,720,david-copperfield
Steerforth,Mr. Creakle,720,david-copperfield
Mr. Sharp,Mr. Mell,721,david-copperfield
Mr. Sharp,Mr. Creakle,721,david-copperfield
Mr. Sharp,Steerforth,721,david-copperfield
Mr. Mell,Mr. Sharp,721,david-copperfield
Mr. Mell,Mr. Creakle,721,david-copperfield
Mr. Mell,Mr. Sharp,721,david-copperfield
Mr. Mell,Steerforth,721,david-copperfield
Mr. Mell,Mr. Sharp,721,david-copperfield
Mr. Creakle,Mr. Sharp,721,david-copperfield
Mr. Creakle,Mr. Mell,721,david-copperfield
Mr. Creakle,Mr. Sharp,721,david-copperfield
Mr. Creakle,Steerforth,721,david-copperfield
Mr. Creakle,Mr. Sharp,721,david-copperfield
Mr. Sharp,Mr. Mell,721,david-copperfield
Mr. Sharp,Mr. Creakle,721,david-copperfield
Mr. Sharp,Steerforth,721,david-copperfield
Steerforth,Mr. Sharp,721,david-copperfield
Steerforth,Mr. Mell,721,david-copperfield
Steerforth,Mr. Creakle,721,david-copperfield
Steerforth,Mr. Sharp,721,david-copperfield
Steerforth,Mr. Sharp,721,david-copperfield
Mr. Sharp,Mr. Mell,721,david-copperfield
Mr. Sharp,Mr. Creakle,721,david-copperfield
Mr. Sharp,Steerforth,721,david-copperfield
Barter,Miss Creakle,722,david-copperfield
Barter,Steerforth,722,david-copperfield
Barter,Mr. Mell,722,david-copperfield
Miss Creakle,Barter,722,david-copperfield
Miss Creakle,Steerforth,722,david-copperfield
Miss Creakle,Mr. Mell,722,david-copperfield
Steerforth,Barter,722,david-copperfield
Steerforth,Miss Creakle,722,david-copperfield
Steerforth,Mr. Mell,722,david-copperfield
Mr. Mell,Barter,722,david-copperfield
Mr. Mell,Miss Creakle,722,david-copperfield
Mr. Mell,Steerforth,722,david-copperfield
School,Mr. Creakle,732,david-copperfield
Mr. Creakle,School,732,david-copperfield
Tungay,Mr. Creakle,733,david-copperfield
Mr. Creakle,Tungay,733,david-copperfield
Mr.,Creakle,734,david-copperfield
Mr.,Tungay,734,david-copperfield
Creakle,Mr.,734,david-copperfield
Creakle,Tungay,734,david-copperfield
Tungay,Mr.,734,david-copperfield
Tungay,Creakle,734,david-copperfield
Tungay,Mr. Creakle,736,david-copperfield
Tungay,Salem House,736,david-copperfield
Tungay,Steerforth,736,david-copperfield
Mr. Creakle,Tungay,736,david-copperfield
Mr. Creakle,Salem House,736,david-copperfield
Mr. Creakle,Steerforth,736,david-copperfield
Salem House,Tungay,736,david-copperfield
Salem House,Mr. Creakle,736,david-copperfield
Salem House,Steerforth,736,david-copperfield
Steerforth,Tungay,736,david-copperfield
Steerforth,Mr. Creakle,736,david-copperfield
Steerforth,Salem House,736,david-copperfield
Mr. Creakle,Lord High Admiral,738,david-copperfield
Lord High Admiral,Mr. Creakle,738,david-copperfield
Traddles,Steerforth,744,david-copperfield
Traddles,Steerforth,744,david-copperfield
Steerforth,Traddles,744,david-copperfield
Steerforth,Traddles,744,david-copperfield
Steerforth,Traddles,744,david-copperfield
Traddles,Steerforth,744,david-copperfield
Traddles,Steerforth,744,david-copperfield
Steerforth,Traddles,744,david-copperfield
Steerforth,Traddles,744,david-copperfield
Steerforth,Traddles,744,david-copperfield
Traddles,Steerforth,744,david-copperfield
Traddles,Steerforth,744,david-copperfield
Steerforth,Miss Creakle,745,david-copperfield
Steerforth,Miss Creakle,745,david-copperfield
Steerforth,Mr. Sharp,745,david-copperfield
Steerforth,Mr. Mell,745,david-copperfield
Miss Creakle,Steerforth,745,david-copperfield
Miss Creakle,Steerforth,745,david-copperfield
Miss Creakle,Mr. Sharp,745,david-copperfield
Miss Creakle,Mr. Mell,745,david-copperfield
Miss Creakle,Steerforth,745,david-copperfield
Miss Creakle,Steerforth,745,david-copperfield
Miss Creakle,Steerforth,745,david-copperfield
Miss Creakle,Mr. Sharp,745,david-copperfield
Miss Creakle,Mr. Mell,745,david-copperfield
Miss Creakle,Steerforth,745,david-copperfield
Steerforth,Miss Creakle,745,david-copperfield
Steerforth,Miss Creakle,745,david-copperfield
Steerforth,Mr. Sharp,745,david-copperfield
Steerforth,Mr. Mell,745,david-copperfield
Mr. Sharp,Steerforth,745,david-copperfield
Mr. Sharp,Miss Creakle,745,david-copperfield
Mr. Sharp,Miss Creakle,745,david-copperfield
Mr. Sharp,Steerforth,745,david-copperfield
Mr. Sharp,Mr. Mell,745,david-copperfield
Mr. Sharp,Steerforth,745,david-copperfield
Mr. Mell,Steerforth,745,david-copperfield
Mr. Mell,Miss Creakle,745,david-copperfield
Mr. Mell,Miss Creakle,745,david-copperfield
Mr. Mell,Steerforth,745,david-copperfield
Mr. Mell,Mr. Sharp,745,david-copperfield
Mr. Mell,Steerforth,745,david-copperfield
Steerforth,Miss Creakle,745,david-copperfield
Steerforth,Miss Creakle,745,david-copperfield
Steerforth,Mr. Sharp,745,david-copperfield
Steerforth,Mr. Mell,745,david-copperfield
Steerforth,Mr. Creakle,746,david-copperfield
Steerforth,Mr. Creakle,746,david-copperfield
Mr. Creakle,Steerforth,746,david-copperfield
Mr. Creakle,Steerforth,746,david-copperfield
Steerforth,Peggotty,754,david-copperfield
Peggotty,Steerforth,754,david-copperfield
Peregrine,Gil Blas,757,david-copperfield
Peregrine,Mr. Creakle,757,david-copperfield
Peregrine,Steerforth,757,david-copperfield
Gil Blas,Peregrine,757,david-copperfield
Gil Blas,Mr. Creakle,757,david-copperfield
Gil Blas,Steerforth,757,david-copperfield
Mr. Creakle,Peregrine,757,david-copperfield
Mr. Creakle,Gil Blas,757,david-copperfield
Mr. Creakle,Steerforth,757,david-copperfield
Steerforth,Peregrine,757,david-copperfield
Steerforth,Gil Blas,757,david-copperfield
Steerforth,Mr. Creakle,757,david-copperfield
Mr. Mell,Steerforth,758,david-copperfield
Mr. Mell,Steerforth,758,david-copperfield
Steerforth,Mr. Mell,758,david-copperfield
Steerforth,Mr. Mell,758,david-copperfield
Mr. Mell,Steerforth,758,david-copperfield
Mr. Mell,Steerforth,758,david-copperfield
Steerforth,Mr. Mell,758,david-copperfield
Steerforth,Mr. Mell,758,david-copperfield
Mr. Creakle,Tungay,760,david-copperfield
Tungay,Mr. Creakle,760,david-copperfield
Mr. Creakle,Mr. Sharp,761,david-copperfield
Mr. Creakle,Mr. Mell,761,david-copperfield
Mr. Creakle,Mr. Mell,761,david-copperfield
Mr. Creakle,Boys,761,david-copperfield
Mr. Sharp,Mr. Creakle,761,david-copperfield
Mr. Sharp,Mr. Mell,761,david-copperfield
Mr. Sharp,Mr. Mell,761,david-copperfield
Mr. Sharp,Boys,761,david-copperfield
Mr. Mell,Mr. Creakle,761,david-copperfield
Mr. Mell,Mr. Sharp,761,david-copperfield
Mr. Mell,Boys,761,david-copperfield
Mr. Mell,Mr. Creakle,761,david-copperfield
Mr. Mell,Mr. Sharp,761,david-copperfield
Mr. Mell,Boys,761,david-copperfield
Boys,Mr. Creakle,761,david-copperfield
Boys,Mr. Sharp,761,david-copperfield
Boys,Mr. Mell,761,david-copperfield
Boys,Mr. Mell,761,david-copperfield
Steerforth,Mr. Mell,764,david-copperfield
Steerforth,Mr. Mell,764,david-copperfield
Mr. Mell,Steerforth,764,david-copperfield
Mr. Mell,Steerforth,764,david-copperfield
Mr. Steerforth,Mr. Mell,765,david-copperfield
Mr. Mell,Mr. Steerforth,765,david-copperfield
Sit,Mr. Mell,767,david-copperfield
Mr. Mell,Sit,767,david-copperfield
Sit,Steerforth,768,david-copperfield
Steerforth,Sit,768,david-copperfield
Steerforth,Mr. Mell,770,david-copperfield
Mr. Mell,Steerforth,770,david-copperfield
J. Steerforth,Mr. Mell,774,david-copperfield
J. Steerforth,Mr. Mell,774,david-copperfield
J. Steerforth,Copperfield,774,david-copperfield
Mr. Mell,J. Steerforth,774,david-copperfield
Mr. Mell,Copperfield,774,david-copperfield
Mr. Mell,J. Steerforth,774,david-copperfield
Mr. Mell,Copperfield,774,david-copperfield
Copperfield,J. Steerforth,774,david-copperfield
Copperfield,Mr. Mell,774,david-copperfield
Copperfield,Mr. Mell,774,david-copperfield
Young Copperfield,Steerforth,775,david-copperfield
Young Copperfield,Mr. Mell,775,david-copperfield
Steerforth,Young Copperfield,775,david-copperfield
Steerforth,Mr. Mell,775,david-copperfield
Mr. Mell,Young Copperfield,775,david-copperfield
Mr. Mell,Steerforth,775,david-copperfield
Mr. Mell,Mr. Creakle,776,david-copperfield
Mr. Mell,Tungay,776,david-copperfield
Mr. Mell,Miss Creakle,776,david-copperfield
Mr. Mell,Mr. Creakle,776,david-copperfield
Mr. Mell,Tungay,776,david-copperfield
Mr. Mell,Miss Creakle,776,david-copperfield
Mr. Creakle,Mr. Mell,776,david-copperfield
Mr. Creakle,Mr. Mell,776,david-copperfield
Mr. Creakle,Tungay,776,david-copperfield
Mr. Creakle,Miss Creakle,776,david-copperfield
Mr. Creakle,Mr. Mell,776,david-copperfield
Tungay,Mr. Mell,776,david-copperfield
Tungay,Mr. Mell,776,david-copperfield
Tungay,Mr. Creakle,776,david-copperfield
Tungay,Miss Creakle,776,david-copperfield
Tungay,Mr. Mell,776,david-copperfield
Miss Creakle,Mr. Mell,776,david-copperfield
Miss Creakle,Mr. Mell,776,david-copperfield
Miss Creakle,Mr. Creakle,776,david-copperfield
Miss Creakle,Tungay,776,david-copperfield
Miss Creakle,Mr. Mell,776,david-copperfield
Mr. Mell,Mr. Creakle,776,david-copperfield
Mr. Mell,Tungay,776,david-copperfield
Mr. Mell,Miss Creakle,776,david-copperfield
Mell,Mr. Creakle,777,david-copperfield
Mell,Tungay,777,david-copperfield
Mr. Creakle,Mell,777,david-copperfield
Mr. Creakle,Tungay,777,david-copperfield
Tungay,Mell,777,david-copperfield
Tungay,Mr. Creakle,777,david-copperfield
Mr. Creakle,Mr. Mell,779,david-copperfield
Mr. Creakle,Tungay,779,david-copperfield
Mr. Creakle,Mr. Mell,779,david-copperfield
Mr. Mell,Mr. Creakle,779,david-copperfield
Mr. Mell,Tungay,779,david-copperfield
Mr. Mell,Mr. Creakle,779,david-copperfield
Tungay,Mr. Creakle,779,david-copperfield
Tungay,Mr. Mell,779,david-copperfield
Tungay,Mr. Mell,779,david-copperfield
Tungay,Mr. Creakle,779,david-copperfield
Mr. Mell,Mr. Creakle,779,david-copperfield
Mr. Mell,Tungay,779,david-copperfield
Mr. Mell,Mr. Creakle,779,david-copperfield
Mr. Creakle,Mr. Mell,779,david-copperfield
Mr. Creakle,Tungay,779,david-copperfield
Mr. Creakle,Mr. Mell,779,david-copperfield
Steerforth,Mr. Mell,781,david-copperfield
Mr. Mell,Steerforth,781,david-copperfield
Mr. Creakle,Mr.,787,david-copperfield
Mr.,Mr. Creakle,787,david-copperfield
Mr.,Mr. Creakle,787,david-copperfield
Mr.,Mr. Creakle,787,david-copperfield
Mr. Creakle,Mr.,787,david-copperfield
Mr. Creakle,Mr.,787,david-copperfield
Steerforth,Mr. Creakle,792,david-copperfield
Mr. Creakle,Steerforth,792,david-copperfield
Mr. Creakle,Steerforth,792,david-copperfield
Steerforth,Mr. Creakle,792,david-copperfield
Mr. Creakle,Steerforth,794,david-copperfield
Steerforth,Mr. Creakle,794,david-copperfield
Mr. Mell,Mr. Creakle,795,david-copperfield
Mr. Mell,Steerforth,795,david-copperfield
Mr. Creakle,Mr. Mell,795,david-copperfield
Mr. Creakle,Steerforth,795,david-copperfield
Steerforth,Mr. Mell,795,david-copperfield
Steerforth,Mr. Creakle,795,david-copperfield
Deny,Steerforth,796,david-copperfield
Deny,Mr. Creakle,796,david-copperfield
Steerforth,Deny,796,david-copperfield
Steerforth,Mr. Creakle,796,david-copperfield
Mr. Creakle,Deny,796,david-copperfield
Mr. Creakle,Steerforth,796,david-copperfield
Mr. Creakle,Steerforth,799,david-copperfield
Steerforth,Mr. Creakle,799,david-copperfield
Mr.,Creakle,801,david-copperfield
Creakle,Mr.,801,david-copperfield
Mr. Creakle,Don,806,david-copperfield
Don,Mr. Creakle,806,david-copperfield
Mr. Creakle,Mr. Mell,808,david-copperfield
Mr. Mell,Mr. Creakle,808,david-copperfield
Sir,Mr. Creakle,810,david-copperfield
Mr. Creakle,Sir,810,david-copperfield
Mr. Creakle,Mr. Mell,811,david-copperfield
Mr. Creakle,James Steerforth,811,david-copperfield
Mr. Mell,Mr. Creakle,811,david-copperfield
Mr. Mell,James Steerforth,811,david-copperfield
James Steerforth,Mr. Creakle,811,david-copperfield
James Steerforth,Mr. Mell,811,david-copperfield
Mr. Creakle,Steerforth,812,david-copperfield
Mr. Creakle,Salem House,812,david-copperfield
Mr. Creakle,Steerforth,812,david-copperfield
Mr. Creakle,Steerforth,812,david-copperfield
Mr. Creakle,Tommy Traddles,812,david-copperfield
Mr. Creakle,Mr. Mell,812,david-copperfield
Steerforth,Mr. Creakle,812,david-copperfield
Steerforth,Salem House,812,david-copperfield
Steerforth,Mr. Creakle,812,david-copperfield
Steerforth,Tommy Traddles,812,david-copperfield
Steerforth,Mr. Mell,812,david-copperfield
Salem House,Mr. Creakle,812,david-copperfield
Salem House,Steerforth,812,david-copperfield
Salem House,Steerforth,812,david-copperfield
Salem House,Steerforth,812,david-copperfield
Salem House,Mr. Creakle,812,david-copperfield
Salem House,Tommy Traddles,812,david-copperfield
Salem House,Mr. Mell,812,david-copperfield
Steerforth,Mr. Creakle,812,david-copperfield
Steerforth,Salem House,812,david-copperfield
Steerforth,Mr. Creakle,812,david-copperfield
Steerforth,Tommy Traddles,812,david-copperfield
Steerforth,Mr. Mell,812,david-copperfield
Steerforth,Mr. Creakle,812,david-copperfield
Steerforth,Salem House,812,david-copperfield
Steerforth,Mr. Creakle,812,david-copperfield
Steerforth,Tommy Traddles,812,david-copperfield
Steerforth,Mr. Mell,812,david-copperfield
Mr. Creakle,Steerforth,812,david-copperfield
Mr. Creakle,Salem House,812,david-copperfield
Mr. Creakle,Steerforth,812,david-copperfield
Mr. Creakle,Steerforth,812,david-copperfield
Mr. Creakle,Tommy Traddles,812,david-copperfield
Mr. Creakle,Mr. Mell,812,david-copperfield
Tommy Traddles,Mr. Creakle,812,david-copperfield
Tommy Traddles,Steerforth,812,david-copperfield
Tommy Traddles,Salem House,812,david-copperfield
Tommy Traddles,Steerforth,812,david-copperfield
Tommy Traddles,Steerforth,812,david-copperfield
Tommy Traddles,Mr. Creakle,812,david-copperfield
Tommy Traddles,Mr. Mell,812,david-copperfield
Mr. Mell,Mr. Creakle,812,david-copperfield
Mr. Mell,Steerforth,812,david-copperfield
Mr. Mell,Salem House,812,david-copperfield
Mr. Mell,Steerforth,812,david-copperfield
Mr. Mell,Steerforth,812,david-copperfield
Mr. Mell,Mr. Creakle,812,david-copperfield
Mr. Mell,Tommy Traddles,812,david-copperfield
Steerforth,Traddles,813,david-copperfield
Traddles,Steerforth,813,david-copperfield
Poor,Mr. Mell,814,david-copperfield
Mr. Mell,Poor,814,david-copperfield
Steerforth,Miss Traddles,819,david-copperfield
Miss Traddles,Steerforth,819,david-copperfield
Traddles,Steerforth,820,david-copperfield
Traddles,Mr. Mell,820,david-copperfield
Traddles,Steerforth,820,david-copperfield
Steerforth,Traddles,820,david-copperfield
Steerforth,Mr. Mell,820,david-copperfield
Mr. Mell,Traddles,820,david-copperfield
Mr. Mell,Steerforth,820,david-copperfield
Mr. Mell,Steerforth,820,david-copperfield
Steerforth,Traddles,820,david-copperfield
Steerforth,Mr. Mell,820,david-copperfield
Steerforth,Mr. Mell,821,david-copperfield
Mr. Mell,Steerforth,821,david-copperfield
Mr. Creakle,Tungay,823,david-copperfield
Tungay,Mr. Creakle,823,david-copperfield
Mr. Creakle,Mr.,824,david-copperfield
Mr. Creakle,Miss Murdstone,824,david-copperfield
Mr.,Mr. Creakle,824,david-copperfield
Mr.,Miss Murdstone,824,david-copperfield
Miss Murdstone,Mr. Creakle,824,david-copperfield
Miss Murdstone,Mr.,824,david-copperfield
Mr.,Ham,826,david-copperfield
Ham,Mr.,826,david-copperfield
Cheer,Mas,827,david-copperfield
Cheer,Davy,827,david-copperfield
Cheer,Ham,827,david-copperfield
Mas,Cheer,827,david-copperfield
Mas,Davy,827,david-copperfield
Mas,Ham,827,david-copperfield
Davy,Cheer,827,david-copperfield
Davy,Mas,827,david-copperfield
Davy,Ham,827,david-copperfield
Ham,Cheer,827,david-copperfield
Ham,Mas,827,david-copperfield
Ham,Davy,827,david-copperfield
Growed,Mas,829,david-copperfield
Growed,Davy,829,david-copperfield
Growed,Ham,829,david-copperfield
Mas,Growed,829,david-copperfield
Mas,Davy,829,david-copperfield
Mas,Ham,829,david-copperfield
Davy,Growed,829,david-copperfield
Davy,Mas,829,david-copperfield
Davy,Ham,829,david-copperfield
Ham,Growed,829,david-copperfield
Ham,Mas,829,david-copperfield
Ham,Davy,829,david-copperfield
Ain,Mr. Peggotty,830,david-copperfield
Mr. Peggotty,Ain,830,david-copperfield
Oncommon,Mr. Peggotty,833,david-copperfield
Mr. Peggotty,Oncommon,833,david-copperfield
Mr. Peggotty,Mawther,837,david-copperfield
Mr. Peggotty,Gummidge,837,david-copperfield
Mawther,Mr. Peggotty,837,david-copperfield
Mawther,Mr. Peggotty,837,david-copperfield
Mawther,Gummidge,837,david-copperfield
Mr. Peggotty,Mawther,837,david-copperfield
Mr. Peggotty,Gummidge,837,david-copperfield
Gummidge,Mr. Peggotty,837,david-copperfield
Gummidge,Mawther,837,david-copperfield
Gummidge,Mr. Peggotty,837,david-copperfield
Gravesen,Mas,839,david-copperfield
Gravesen,Davy,839,david-copperfield
Gravesen,Mas,839,david-copperfield
Gravesen,Davy,839,david-copperfield
Mas,Gravesen,839,david-copperfield
Mas,Gravesen,839,david-copperfield
Mas,Davy,839,david-copperfield
Davy,Gravesen,839,david-copperfield
Davy,Gravesen,839,david-copperfield
Davy,Mas,839,david-copperfield
Mr. Peggotty,Ask,841,david-copperfield
Mr. Peggotty,Ham,841,david-copperfield
Ask,Mr. Peggotty,841,david-copperfield
Ask,Ham,841,david-copperfield
Ham,Mr. Peggotty,841,david-copperfield
Ham,Ask,841,david-copperfield
Steerforth,Mr. Peggotty,847,david-copperfield
Mr. Peggotty,Steerforth,847,david-copperfield
Don,Steerforth,848,david-copperfield
Steerforth,Don,848,david-copperfield
Aye,Steerforth,849,david-copperfield
Steerforth,Aye,849,david-copperfield
Mr. Peggotty,Mr. Steerforth,851,david-copperfield
Mr. Steerforth,Mr. Peggotty,851,david-copperfield
Mr. Steerforth,Mr. Peggotty,853,david-copperfield
Mr. Steerforth,Steerforth,853,david-copperfield
Mr. Peggotty,Mr. Steerforth,853,david-copperfield
Mr. Peggotty,Steerforth,853,david-copperfield
Steerforth,Mr. Steerforth,853,david-copperfield
Steerforth,Mr. Peggotty,853,david-copperfield
Ham,Mas,855,david-copperfield
Ham,Davy,855,david-copperfield
Ham,Hor,855,david-copperfield
Mas,Ham,855,david-copperfield
Mas,Davy,855,david-copperfield
Mas,Hor,855,david-copperfield
Davy,Ham,855,david-copperfield
Davy,Mas,855,david-copperfield
Davy,Hor,855,david-copperfield
Hor,Ham,855,david-copperfield
Hor,Mas,855,david-copperfield
Hor,Davy,855,david-copperfield
Mr.,Peggotty,856,david-copperfield
Peggotty,Mr.,856,david-copperfield
Mr. Peggotty,Steerforth,858,david-copperfield
Steerforth,Mr. Peggotty,858,david-copperfield
Mr. Peggotty,Mas,859,david-copperfield
Mr. Peggotty,Davy,859,david-copperfield
Mr. Peggotty,Dodman,859,david-copperfield
Mas,Mr. Peggotty,859,david-copperfield
Mas,Davy,859,david-copperfield
Mas,Dodman,859,david-copperfield
Mas,Mr. Peggotty,859,david-copperfield
Davy,Mr. Peggotty,859,david-copperfield
Davy,Mas,859,david-copperfield
Davy,Dodman,859,david-copperfield
Davy,Mr. Peggotty,859,david-copperfield
Dodman,Mr. Peggotty,859,david-copperfield
Dodman,Mas,859,david-copperfield
Dodman,Davy,859,david-copperfield
Dodman,Mr. Peggotty,859,david-copperfield
Mr. Peggotty,Mas,859,david-copperfield
Mr. Peggotty,Davy,859,david-copperfield
Mr. Peggotty,Dodman,859,david-copperfield
Ham,Steerforth,860,david-copperfield
Ham,Mr. Peggotty,860,david-copperfield
Steerforth,Ham,860,david-copperfield
Steerforth,Mr. Peggotty,860,david-copperfield
Mr. Peggotty,Ham,860,david-copperfield
Mr. Peggotty,Steerforth,860,david-copperfield
Mr. Peggotty,Traddles,861,david-copperfield
Traddles,Mr. Peggotty,861,david-copperfield
Salem House,Mr. Creakle,864,david-copperfield
Mr. Creakle,Salem House,864,david-copperfield
Mr.,Barkis,871,david-copperfield
Barkis,Mr.,871,david-copperfield
Mr.,Barkis,874,david-copperfield
Barkis,Mr.,874,david-copperfield
Came,Mr. Barkis,879,david-copperfield
Mr. Barkis,Came,879,david-copperfield
Mr. Barkis,Barkis,887,david-copperfield
Mr. Barkis,Barkis,887,david-copperfield
Barkis,Mr. Barkis,887,david-copperfield
Barkis,Mr. Barkis,887,david-copperfield
Peggotty,Barkis,895,david-copperfield
Peggotty,Barkis,895,david-copperfield
Barkis,Peggotty,895,david-copperfield
Barkis,Peggotty,895,david-copperfield
Mr. Murdstone,Miss Murdstone,898,david-copperfield
Miss Murdstone,Mr. Murdstone,898,david-copperfield
Davy,Peggotty,903,david-copperfield
Peggotty,Davy,903,david-copperfield
Mr.,Miss Murdstone,904,david-copperfield
Miss Murdstone,Mr.,904,david-copperfield
Peggotty,David,905,david-copperfield
Peggotty,David,905,david-copperfield
David,Peggotty,905,david-copperfield
David,Peggotty,905,david-copperfield
Peggotty,Mr. Barkis,906,david-copperfield
Mr. Barkis,Peggotty,906,david-copperfield
Peggotty,Don,912,david-copperfield
Don,Peggotty,912,david-copperfield
Don,Peggotty,922,david-copperfield
Peggotty,Don,922,david-copperfield
Peggotty,Mr. Barkis,927,david-copperfield
Mr. Barkis,Peggotty,927,david-copperfield
Mr. Creakle,Steerforth,928,david-copperfield
Mr. Creakle,Peggotty,928,david-copperfield
Steerforth,Mr. Creakle,928,david-copperfield
Steerforth,Peggotty,928,david-copperfield
Peggotty,Mr. Creakle,928,david-copperfield
Peggotty,Steerforth,928,david-copperfield
Mr.,Miss Murdstone,929,david-copperfield
Mr.,Peggotty,929,david-copperfield
Miss Murdstone,Mr.,929,david-copperfield
Miss Murdstone,Peggotty,929,david-copperfield
Peggotty,Mr.,929,david-copperfield
Peggotty,Miss Murdstone,929,david-copperfield
Peggotty,Davy,931,david-copperfield
Davy,Peggotty,931,david-copperfield
Davy,Peggotty,931,david-copperfield
Peggotty,Davy,931,david-copperfield
Peggotty,Davy,938,david-copperfield
Davy,Peggotty,938,david-copperfield
Miss Murdstone,Peggotty,945,david-copperfield
Peggotty,Miss Murdstone,945,david-copperfield
Peggotty,Miss Murdstone,948,david-copperfield
Peggotty,Haven,948,david-copperfield
Miss Murdstone,Peggotty,948,david-copperfield
Miss Murdstone,Peggotty,948,david-copperfield
Miss Murdstone,Haven,948,david-copperfield
Peggotty,Miss Murdstone,948,david-copperfield
Peggotty,Haven,948,david-copperfield
Haven,Peggotty,948,david-copperfield
Haven,Miss Murdstone,948,david-copperfield
Haven,Peggotty,948,david-copperfield
Peggotty,Mr. Murdstone,954,david-copperfield
Mr. Murdstone,Peggotty,954,david-copperfield
Peggotty,Mr. Murdstone,956,david-copperfield
Peggotty,Davy,956,david-copperfield
Mr. Murdstone,Peggotty,956,david-copperfield
Mr. Murdstone,Peggotty,956,david-copperfield
Mr. Murdstone,Davy,956,david-copperfield
Mr. Murdstone,Peggotty,956,david-copperfield
Peggotty,Mr. Murdstone,956,david-copperfield
Peggotty,Davy,956,david-copperfield
Davy,Peggotty,956,david-copperfield
Davy,Mr. Murdstone,956,david-copperfield
Davy,Peggotty,956,david-copperfield
Davy,Peggotty,956,david-copperfield
Peggotty,Mr. Murdstone,956,david-copperfield
Peggotty,Davy,956,david-copperfield
Peggotty,Mr. Copperfield,958,david-copperfield
Peggotty,Mr. Copperfield,958,david-copperfield
Mr. Copperfield,Peggotty,958,david-copperfield
Mr. Copperfield,Peggotty,958,david-copperfield
Mr.,Miss Murdstone,961,david-copperfield
Miss Murdstone,Mr.,961,david-copperfield
Clara,Miss Murdstone,975,david-copperfield
Miss Murdstone,Clara,975,david-copperfield
Clara,Miss Murdstone,983,david-copperfield
Miss Murdstone,Clara,983,david-copperfield
Jane,Davy,984,david-copperfield
Davy,Jane,984,david-copperfield
Mr. Murdstone,Miss Murdstone,989,david-copperfield
Miss Murdstone,Mr. Murdstone,989,david-copperfield
David,Mr. Murdstone,991,david-copperfield
Mr. Murdstone,David,991,david-copperfield
David,Mr. Murdstone,994,david-copperfield
Mr. Murdstone,David,994,david-copperfield
Jane,Davy,996,david-copperfield
Davy,Jane,996,david-copperfield
Clara,Miss Murdstone,997,david-copperfield
Miss Murdstone,Clara,997,david-copperfield
Pray,Clara,999,david-copperfield
Pray,Miss Murdstone,999,david-copperfield
Clara,Pray,999,david-copperfield
Clara,Miss Murdstone,999,david-copperfield
Miss Murdstone,Pray,999,david-copperfield
Miss Murdstone,Clara,999,david-copperfield
Clara,Miss Murdstone,1001,david-copperfield
Miss Murdstone,Clara,1001,david-copperfield
Clara,Mr. Murdstone,1002,david-copperfield
Mr. Murdstone,Clara,1002,david-copperfield
Edward,Jane,1003,david-copperfield
Jane,Edward,1003,david-copperfield
David,Mr. Murdstone,1006,david-copperfield
Mr. Murdstone,David,1006,david-copperfield
Don,Further,1008,david-copperfield
Don,David,1008,david-copperfield
Further,Don,1008,david-copperfield
Further,David,1008,david-copperfield
David,Don,1008,david-copperfield
David,Further,1008,david-copperfield
Miss,Murdstone,1009,david-copperfield
Murdstone,Miss,1009,david-copperfield
Jane Murdstone,Sit,1010,david-copperfield
Sit,Jane Murdstone,1010,david-copperfield
Mr.,Miss Murdstone,1017,david-copperfield
Miss Murdstone,Mr.,1017,david-copperfield
Melancholy,Miss Murdstone,1019,david-copperfield
Miss Murdstone,Melancholy,1019,david-copperfield
Mr. Creakle,Mr. Barkis,1021,david-copperfield
Mr. Creakle,Miss Murdstone,1021,david-copperfield
Mr. Creakle,Clara,1021,david-copperfield
Mr. Barkis,Mr. Creakle,1021,david-copperfield
Mr. Barkis,Miss Murdstone,1021,david-copperfield
Mr. Barkis,Clara,1021,david-copperfield
Miss Murdstone,Mr. Creakle,1021,david-copperfield
Miss Murdstone,Mr. Barkis,1021,david-copperfield
Miss Murdstone,Clara,1021,david-copperfield
Clara,Mr. Creakle,1021,david-copperfield
Clara,Mr. Barkis,1021,david-copperfield
Clara,Miss Murdstone,1021,david-copperfield
Don,David,1032,david-copperfield
Don,Mr. Sharp,1032,david-copperfield
David,Don,1032,david-copperfield
David,Mr. Sharp,1032,david-copperfield
Mr. Sharp,Don,1032,david-copperfield
Mr. Sharp,David,1032,david-copperfield
Salem House,Mr. Barkis,1050,david-copperfield
Mr. Barkis,Salem House,1050,david-copperfield
Mr.,Omer,1058,david-copperfield
Omer,Mr.,1058,david-copperfield
Father,Minnie,1060,david-copperfield
Minnie,Father,1060,david-copperfield
Mr. Omer,Master Copperfield,1065,david-copperfield
Master Copperfield,Mr. Omer,1065,david-copperfield
Mr.,Omer,1076,david-copperfield
Omer,Mr.,1076,david-copperfield
Don,Mr. Omer,1080,david-copperfield
Mr. Omer,Don,1080,david-copperfield
Joram,Mr. Omer,1083,david-copperfield
Mr. Omer,Joram,1083,david-copperfield
Joram,Done,1084,david-copperfield
Done,Joram,1084,david-copperfield
Joram,Minnie,1087,david-copperfield
Minnie,Joram,1087,david-copperfield
Minnie,Joram,1094,david-copperfield
Joram,Minnie,1094,david-copperfield
Mr.,Murdstone,1099,david-copperfield
Mr.,Miss Murdstone,1099,david-copperfield
Murdstone,Mr.,1099,david-copperfield
Murdstone,Miss Murdstone,1099,david-copperfield
Miss Murdstone,Mr.,1099,david-copperfield
Miss Murdstone,Murdstone,1099,david-copperfield
Mr. Chillip,Miss Murdstone,1109,david-copperfield
Miss Murdstone,Mr. Chillip,1109,david-copperfield
Miss,Murdstone,1111,david-copperfield
Miss,Mr. Chillip,1111,david-copperfield
Murdstone,Miss,1111,david-copperfield
Murdstone,Mr. Chillip,1111,david-copperfield
Mr. Chillip,Miss,1111,david-copperfield
Mr. Chillip,Murdstone,1111,david-copperfield
Mr. Omer,Peggotty,1112,david-copperfield
Peggotty,Mr. Omer,1112,david-copperfield
Mr. Murdstone,Mr. Grayper,1113,david-copperfield
Mr. Murdstone,Mr. Chillip,1113,david-copperfield
Mr. Grayper,Mr. Murdstone,1113,david-copperfield
Mr. Grayper,Mr. Chillip,1113,david-copperfield
Mr. Chillip,Mr. Murdstone,1113,david-copperfield
Mr. Chillip,Mr. Grayper,1113,david-copperfield
Daybreak,Mr. Copperfield,1129,david-copperfield
Daybreak,Peggotty,1129,david-copperfield
Daybreak,Davy,1129,david-copperfield
Daybreak,Peggotty,1129,david-copperfield
Mr. Copperfield,Daybreak,1129,david-copperfield
Mr. Copperfield,Peggotty,1129,david-copperfield
Mr. Copperfield,Davy,1129,david-copperfield
Mr. Copperfield,Peggotty,1129,david-copperfield
Peggotty,Daybreak,1129,david-copperfield
Peggotty,Mr. Copperfield,1129,david-copperfield
Peggotty,Davy,1129,david-copperfield
Davy,Daybreak,1129,david-copperfield
Davy,Mr. Copperfield,1129,david-copperfield
Davy,Peggotty,1129,david-copperfield
Davy,Peggotty,1129,david-copperfield
Peggotty,Daybreak,1129,david-copperfield
Peggotty,Mr. Copperfield,1129,david-copperfield
Peggotty,Davy,1129,david-copperfield
Miss Murdstone,Peggotty,1134,david-copperfield
Miss Murdstone,Peggotty,1134,david-copperfield
Peggotty,Miss Murdstone,1134,david-copperfield
Peggotty,Miss Murdstone,1134,david-copperfield
Miss Murdstone,Peggotty,1136,david-copperfield
Miss Murdstone,Mr. Murdstone,1136,david-copperfield
Peggotty,Miss Murdstone,1136,david-copperfield
Peggotty,Mr. Murdstone,1136,david-copperfield
Mr. Murdstone,Miss Murdstone,1136,david-copperfield
Mr. Murdstone,Peggotty,1136,david-copperfield
Peggotty,Murdstone,1138,david-copperfield
Murdstone,Peggotty,1138,david-copperfield
Miss Murdstone,Peggotty,1142,david-copperfield
Peggotty,Miss Murdstone,1142,david-copperfield
Mr.,Barkis,1159,david-copperfield
Mr.,Peggotty,1159,david-copperfield
Mr.,Mr. Barkis,1159,david-copperfield
Barkis,Mr.,1159,david-copperfield
Barkis,Peggotty,1159,david-copperfield
Barkis,Mr. Barkis,1159,david-copperfield
Peggotty,Mr.,1159,david-copperfield
Peggotty,Barkis,1159,david-copperfield
Peggotty,Mr. Barkis,1159,david-copperfield
Mr. Barkis,Mr.,1159,david-copperfield
Mr. Barkis,Barkis,1159,david-copperfield
Mr. Barkis,Peggotty,1159,david-copperfield
Mr. Barkis,Peggotty,1171,david-copperfield
Peggotty,Mr. Barkis,1171,david-copperfield
Mr.,Ham,1173,david-copperfield
Mr.,Mr. Barkis,1173,david-copperfield
Mr.,Peggotty,1173,david-copperfield
Mr.,Mr. Barkis,1173,david-copperfield
Ham,Mr.,1173,david-copperfield
Ham,Mr. Barkis,1173,david-copperfield
Ham,Peggotty,1173,david-copperfield
Ham,Mr. Barkis,1173,david-copperfield
Mr. Barkis,Mr.,1173,david-copperfield
Mr. Barkis,Ham,1173,david-copperfield
Mr. Barkis,Peggotty,1173,david-copperfield
Peggotty,Mr.,1173,david-copperfield
Peggotty,Ham,1173,david-copperfield
Peggotty,Mr. Barkis,1173,david-copperfield
Peggotty,Mr. Barkis,1173,david-copperfield
Mr. Barkis,Mr.,1173,david-copperfield
Mr. Barkis,Ham,1173,david-copperfield
Mr. Barkis,Peggotty,1173,david-copperfield
Mr. Barkis,Peggotty,1181,david-copperfield
Peggotty,Mr. Barkis,1181,david-copperfield
Peggotty,Davy,1182,david-copperfield
Davy,Peggotty,1182,david-copperfield
Mr. Barkis,Peggotty,1186,david-copperfield
Peggotty,Mr. Barkis,1186,david-copperfield
Peggotty,Davy,1191,david-copperfield
Davy,Peggotty,1191,david-copperfield
Peggotty,Davy,1193,david-copperfield
Peggotty,Barkis,1193,david-copperfield
Peggotty,Mr. Barkis,1193,david-copperfield
Peggotty,Mr. Peggotty,1193,david-copperfield
Davy,Peggotty,1193,david-copperfield
Davy,Barkis,1193,david-copperfield
Davy,Peggotty,1193,david-copperfield
Davy,Peggotty,1193,david-copperfield
Davy,Mr. Barkis,1193,david-copperfield
Davy,Mr. Peggotty,1193,david-copperfield
Barkis,Peggotty,1193,david-copperfield
Barkis,Davy,1193,david-copperfield
Barkis,Peggotty,1193,david-copperfield
Barkis,Peggotty,1193,david-copperfield
Barkis,Mr. Barkis,1193,david-copperfield
Barkis,Mr. Peggotty,1193,david-copperfield
Peggotty,Davy,1193,david-copperfield
Peggotty,Barkis,1193,david-copperfield
Peggotty,Mr. Barkis,1193,david-copperfield
Peggotty,Mr. Peggotty,1193,david-copperfield
Peggotty,Davy,1193,david-copperfield
Peggotty,Barkis,1193,david-copperfield
Peggotty,Mr. Barkis,1193,david-copperfield
Peggotty,Mr. Peggotty,1193,david-copperfield
Mr. Barkis,Peggotty,1193,david-copperfield
Mr. Barkis,Davy,1193,david-copperfield
Mr. Barkis,Barkis,1193,david-copperfield
Mr. Barkis,Peggotty,1193,david-copperfield
Mr. Barkis,Peggotty,1193,david-copperfield
Mr. Barkis,Mr. Peggotty,1193,david-copperfield
Mr. Peggotty,Peggotty,1193,david-copperfield
Mr. Peggotty,Davy,1193,david-copperfield
Mr. Peggotty,Barkis,1193,david-copperfield
Mr. Peggotty,Peggotty,1193,david-copperfield
Mr. Peggotty,Peggotty,1193,david-copperfield
Mr. Peggotty,Mr. Barkis,1193,david-copperfield
Mr. Peggotty,Peggotty,1196,david-copperfield
Peggotty,Mr. Peggotty,1196,david-copperfield
Cheer,Mawther,1198,david-copperfield
Cheer,Mr. Peggotty,1198,david-copperfield
Mawther,Cheer,1198,david-copperfield
Mawther,Mr. Peggotty,1198,david-copperfield
Mr. Peggotty,Cheer,1198,david-copperfield
Mr. Peggotty,Mawther,1198,david-copperfield
Ham,Davy,1209,david-copperfield
Davy,Ham,1209,david-copperfield
Well,Mas,1214,david-copperfield
Well,Davy,1214,david-copperfield
Well,Ham,1214,david-copperfield
Well,Mr. Peggotty,1214,david-copperfield
Well,Mr. Peggotty,1214,david-copperfield
Well,Mr. Peggotty,1214,david-copperfield
Mas,Well,1214,david-copperfield
Mas,Davy,1214,david-copperfield
Mas,Ham,1214,david-copperfield
Mas,Well,1214,david-copperfield
Mas,Mr. Peggotty,1214,david-copperfield
Mas,Mr. Peggotty,1214,david-copperfield
Mas,Mr. Peggotty,1214,david-copperfield
Davy,Well,1214,david-copperfield
Davy,Mas,1214,david-copperfield
Davy,Ham,1214,david-copperfield
Davy,Well,1214,david-copperfield
Davy,Mr. Peggotty,1214,david-copperfield
Davy,Mr. Peggotty,1214,david-copperfield
Davy,Mr. Peggotty,1214,david-copperfield
Ham,Well,1214,david-copperfield
Ham,Mas,1214,david-copperfield
Ham,Davy,1214,david-copperfield
Ham,Well,1214,david-copperfield
Ham,Mr. Peggotty,1214,david-copperfield
Ham,Mr. Peggotty,1214,david-copperfield
Ham,Mr. Peggotty,1214,david-copperfield
Well,Mas,1214,david-copperfield
Well,Davy,1214,david-copperfield
Well,Ham,1214,david-copperfield
Well,Mr. Peggotty,1214,david-copperfield
Well,Mr. Peggotty,1214,david-copperfield
Well,Mr. Peggotty,1214,david-copperfield
Mr. Peggotty,Well,1214,david-copperfield
Mr. Peggotty,Mas,1214,david-copperfield
Mr. Peggotty,Davy,1214,david-copperfield
Mr. Peggotty,Ham,1214,david-copperfield
Mr. Peggotty,Well,1214,david-copperfield
Mr. Peggotty,Well,1214,david-copperfield
Mr. Peggotty,Mas,1214,david-copperfield
Mr. Peggotty,Davy,1214,david-copperfield
Mr. Peggotty,Ham,1214,david-copperfield
Mr. Peggotty,Well,1214,david-copperfield
Mr. Peggotty,Well,1214,david-copperfield
Mr. Peggotty,Mas,1214,david-copperfield
Mr. Peggotty,Davy,1214,david-copperfield
Mr. Peggotty,Ham,1214,david-copperfield
Mr. Peggotty,Well,1214,david-copperfield
Rudderford,Ham,1217,david-copperfield
Ham,Rudderford,1217,david-copperfield
Mr. Peggotty,Lord,1220,david-copperfield
Lord,Mr. Peggotty,1220,david-copperfield
Mr.,Peggotty,1228,david-copperfield
Peggotty,Mr.,1228,david-copperfield
Mr.,Peggotty,1230,david-copperfield
Peggotty,Mr.,1230,david-copperfield
Wild,Em,1236,david-copperfield
Em,Wild,1236,david-copperfield
Mr. Barkis,Peggotty,1237,david-copperfield
Peggotty,Mr. Barkis,1237,david-copperfield
Mr.,Barkis,1238,david-copperfield
Mr.,Peggotty,1238,david-copperfield
Mr.,Peggotty,1238,david-copperfield
Barkis,Mr.,1238,david-copperfield
Barkis,Peggotty,1238,david-copperfield
Barkis,Peggotty,1238,david-copperfield
Peggotty,Mr.,1238,david-copperfield
Peggotty,Barkis,1238,david-copperfield
Peggotty,Mr.,1238,david-copperfield
Peggotty,Barkis,1238,david-copperfield
Peggotty,Mr. Barkis,1239,david-copperfield
Peggotty,Em,1239,david-copperfield
Peggotty,Mr. Barkis,1239,david-copperfield
Mr. Barkis,Peggotty,1239,david-copperfield
Mr. Barkis,Em,1239,david-copperfield
Em,Peggotty,1239,david-copperfield
Em,Mr. Barkis,1239,david-copperfield
Em,Mr. Barkis,1239,david-copperfield
Mr. Barkis,Peggotty,1239,david-copperfield
Mr. Barkis,Em,1239,david-copperfield
Peggotty,Mr. Barkis,1240,david-copperfield
Peggotty,Rendered,1240,david-copperfield
Peggotty,Mr. Barkis,1240,david-copperfield
Mr. Barkis,Peggotty,1240,david-copperfield
Mr. Barkis,Rendered,1240,david-copperfield
Rendered,Peggotty,1240,david-copperfield
Rendered,Mr. Barkis,1240,david-copperfield
Rendered,Mr. Barkis,1240,david-copperfield
Mr. Barkis,Peggotty,1240,david-copperfield
Mr. Barkis,Rendered,1240,david-copperfield
Mr. Barkis,Peggotty,1246,david-copperfield
Peggotty,Mr. Barkis,1246,david-copperfield
Mr.,Peggotty,1248,david-copperfield
Mr.,Mr. Barkis,1248,david-copperfield
Peggotty,Mr.,1248,david-copperfield
Peggotty,Mr. Barkis,1248,david-copperfield
Mr. Barkis,Mr.,1248,david-copperfield
Mr. Barkis,Peggotty,1248,david-copperfield
Peggotty,Mr. Barkis,1254,david-copperfield
Mr. Barkis,Peggotty,1254,david-copperfield
Peggotty,Mr. Barkis,1255,david-copperfield
Mr. Barkis,Peggotty,1255,david-copperfield
Mr. Barkis,Roeshus,1256,david-copperfield
Roeshus,Mr. Barkis,1256,david-copperfield
Mr. Barkis,Graces,1257,david-copperfield
Graces,Mr. Barkis,1257,david-copperfield
Mr.,Barkis,1258,david-copperfield
Mr.,Peggotty,1258,david-copperfield
Barkis,Mr.,1258,david-copperfield
Barkis,Peggotty,1258,david-copperfield
Peggotty,Mr.,1258,david-copperfield
Peggotty,Barkis,1258,david-copperfield
Mr.,Ham,1259,david-copperfield
Ham,Mr.,1259,david-copperfield
Mr. Peggotty,Ham,1260,david-copperfield
Ham,Mr. Peggotty,1260,david-copperfield
Mr. Barkis,Foxe,1261,david-copperfield
Mr. Barkis,Book,1261,david-copperfield
Mr. Barkis,Peggotty,1261,david-copperfield
Foxe,Mr. Barkis,1261,david-copperfield
Foxe,Book,1261,david-copperfield
Foxe,Peggotty,1261,david-copperfield
Book,Mr. Barkis,1261,david-copperfield
Book,Foxe,1261,david-copperfield
Book,Peggotty,1261,david-copperfield
Peggotty,Mr. Barkis,1261,david-copperfield
Peggotty,Foxe,1261,david-copperfield
Peggotty,Book,1261,david-copperfield
Mr. Peggotty,Peggotty,1262,david-copperfield
Peggotty,Mr. Peggotty,1262,david-copperfield
Davy,Peggotty,1263,david-copperfield
Peggotty,Davy,1263,david-copperfield
Mr. Barkis,Peggotty,1264,david-copperfield
Peggotty,Mr. Barkis,1264,david-copperfield
Mr.,Miss Murdstone,1268,david-copperfield
Mr.,Mr. Chillip,1268,david-copperfield
Miss Murdstone,Mr.,1268,david-copperfield
Miss Murdstone,Mr. Chillip,1268,david-copperfield
Mr. Chillip,Mr.,1268,david-copperfield
Mr. Chillip,Miss Murdstone,1268,david-copperfield
Peggotty,Mr. Barkis,1269,david-copperfield
Peggotty,Gunpowder Plot,1269,david-copperfield
Mr. Barkis,Peggotty,1269,david-copperfield
Mr. Barkis,Peggotty,1269,david-copperfield
Mr. Barkis,Peggotty,1269,david-copperfield
Mr. Barkis,Gunpowder Plot,1269,david-copperfield
Peggotty,Mr. Barkis,1269,david-copperfield
Peggotty,Gunpowder Plot,1269,david-copperfield
Peggotty,Mr. Barkis,1269,david-copperfield
Peggotty,Gunpowder Plot,1269,david-copperfield
Gunpowder Plot,Peggotty,1269,david-copperfield
Gunpowder Plot,Mr. Barkis,1269,david-copperfield
Gunpowder Plot,Peggotty,1269,david-copperfield
Gunpowder Plot,Peggotty,1269,david-copperfield
Mr. Quinion,Lowestoft,1276,david-copperfield
Mr. Quinion,Mr. Murdstone,1276,david-copperfield
Lowestoft,Mr. Quinion,1276,david-copperfield
Lowestoft,Mr. Murdstone,1276,david-copperfield
Mr. Murdstone,Mr. Quinion,1276,david-copperfield
Mr. Murdstone,Lowestoft,1276,david-copperfield
Brooks,Mr. Quinion,1277,david-copperfield
Mr. Quinion,Brooks,1277,david-copperfield
Mr. Quinion,Mr. Murdstone,1285,david-copperfield
Mr. Murdstone,Mr. Quinion,1285,david-copperfield
Mr. Murdstone,Mr. Quinion,1285,david-copperfield
Mr. Quinion,Mr. Murdstone,1285,david-copperfield
Mr.,Quinion,1286,david-copperfield
Mr.,Mr. Murdstone,1286,david-copperfield
Mr.,Mr. Quinion,1286,david-copperfield
Quinion,Mr.,1286,david-copperfield
Quinion,Mr. Murdstone,1286,david-copperfield
Quinion,Mr. Quinion,1286,david-copperfield
Mr. Murdstone,Mr.,1286,david-copperfield
Mr. Murdstone,Quinion,1286,david-copperfield
Mr. Murdstone,Mr. Quinion,1286,david-copperfield
Mr. Quinion,Mr.,1286,david-copperfield
Mr. Quinion,Quinion,1286,david-copperfield
Mr. Quinion,Mr. Murdstone,1286,david-copperfield
David,Mr. Murdstone,1287,david-copperfield
Mr. Murdstone,David,1287,david-copperfield
Jane Murdstone,David,1288,david-copperfield
David,Jane Murdstone,1288,david-copperfield
Mr. Quinion,Murdstone,1301,david-copperfield
Murdstone,Mr. Quinion,1301,david-copperfield
Mr. Murdstone,David,1305,david-copperfield
Mr. Murdstone,Mr. Quinion,1305,david-copperfield
David,Mr. Murdstone,1305,david-copperfield
David,Mr. Quinion,1305,david-copperfield
Mr. Quinion,Mr. Murdstone,1305,david-copperfield
Mr. Quinion,David,1305,david-copperfield
Miss Murdstone,Mr. Quinion,1308,david-copperfield
Mr. Quinion,Miss Murdstone,1308,david-copperfield
Grinby,Mr. Quinion,1312,david-copperfield
Mr. Quinion,Grinby,1312,david-copperfield
Mr. Quinion,Hither,1314,david-copperfield
Mr. Quinion,Mick Walker,1314,david-copperfield
Mr. Quinion,Mealy Potatoes,1314,david-copperfield
Mr. Quinion,Mealy,1314,david-copperfield
Mr. Quinion,Mealy,1314,david-copperfield
Mr. Quinion,Imps,1314,david-copperfield
Hither,Mr. Quinion,1314,david-copperfield
Hither,Mick Walker,1314,david-copperfield
Hither,Mealy Potatoes,1314,david-copperfield
Hither,Mealy,1314,david-copperfield
Hither,Mealy,1314,david-copperfield
Hither,Imps,1314,david-copperfield
Mick Walker,Mr. Quinion,1314,david-copperfield
Mick Walker,Hither,1314,david-copperfield
Mick Walker,Mealy Potatoes,1314,david-copperfield
Mick Walker,Mealy,1314,david-copperfield
Mick Walker,Mealy,1314,david-copperfield
Mick Walker,Imps,1314,david-copperfield
Mealy Potatoes,Mr. Quinion,1314,david-copperfield
Mealy Potatoes,Hither,1314,david-copperfield
Mealy Potatoes,Mick Walker,1314,david-copperfield
Mealy Potatoes,Mealy,1314,david-copperfield
Mealy Potatoes,Mealy,1314,david-copperfield
Mealy Potatoes,Imps,1314,david-copperfield
Mealy,Mr. Quinion,1314,david-copperfield
Mealy,Hither,1314,david-copperfield
Mealy,Mick Walker,1314,david-copperfield
Mealy,Mealy Potatoes,1314,david-copperfield
Mealy,Imps,1314,david-copperfield
Mealy,Mr. Quinion,1314,david-copperfield
Mealy,Hither,1314,david-copperfield
Mealy,Mick Walker,1314,david-copperfield
Mealy,Mealy Potatoes,1314,david-copperfield
Mealy,Imps,1314,david-copperfield
Imps,Mr. Quinion,1314,david-copperfield
Imps,Hither,1314,david-copperfield
Imps,Mick Walker,1314,david-copperfield
Imps,Mealy Potatoes,1314,david-copperfield
Imps,Mealy,1314,david-copperfield
Imps,Mealy,1314,david-copperfield
Steerforth,Traddles,1315,david-copperfield
Steerforth,Mick Walker,1315,david-copperfield
Traddles,Steerforth,1315,david-copperfield
Traddles,Mick Walker,1315,david-copperfield
Mick Walker,Steerforth,1315,david-copperfield
Mick Walker,Traddles,1315,david-copperfield
Heaven,Mr. Murdstone,1320,david-copperfield
Mr. Murdstone,Heaven,1320,david-copperfield
Mr. Micawber,Mr. Quinion,1321,david-copperfield
Mr. Quinion,Mr. Micawber,1321,david-copperfield
Mr. Quinion,Mr. Murdstone,1323,david-copperfield
Mr. Quinion,Mr. Murdstone,1323,david-copperfield
Mr. Murdstone,Mr. Quinion,1323,david-copperfield
Mr. Murdstone,Mr. Quinion,1323,david-copperfield
Mr. Micawber,Windsor Terrace,1324,david-copperfield
Windsor Terrace,Mr. Micawber,1324,david-copperfield
Windsor Terrace,Mr. Micawber,1324,david-copperfield
Mr. Micawber,Windsor Terrace,1324,david-copperfield
Mr. Micawber,Mr. Quinion,1330,david-copperfield
Mr. Quinion,Mr. Micawber,1330,david-copperfield
Mr.,Murdstone,1332,david-copperfield
Mr.,Windsor Terrace,1332,david-copperfield
Murdstone,Mr.,1332,david-copperfield
Murdstone,Windsor Terrace,1332,david-copperfield
Windsor Terrace,Mr.,1332,david-copperfield
Windsor Terrace,Murdstone,1332,david-copperfield
Master Micawber,Miss Micawber,1335,david-copperfield
Miss Micawber,Master Micawber,1335,david-copperfield
Mr. Micawber,Blood,1340,david-copperfield
Blood,Mr. Micawber,1340,david-copperfield
Blood,Mr. Micawber,1340,david-copperfield
Mr. Micawber,Blood,1340,david-copperfield
Poor,Micawber,1342,david-copperfield
Poor,Mr. Micawber,1342,david-copperfield
Poor,Don,1342,david-copperfield
Poor,Mr. Micawber,1342,david-copperfield
Poor,Mr. Micawber,1342,david-copperfield
Micawber,Poor,1342,david-copperfield
Micawber,Mr. Micawber,1342,david-copperfield
Micawber,Don,1342,david-copperfield
Micawber,Mr. Micawber,1342,david-copperfield
Micawber,Mr. Micawber,1342,david-copperfield
Mr. Micawber,Poor,1342,david-copperfield
Mr. Micawber,Micawber,1342,david-copperfield
Mr. Micawber,Don,1342,david-copperfield
Don,Poor,1342,david-copperfield
Don,Micawber,1342,david-copperfield
Don,Mr. Micawber,1342,david-copperfield
Don,Mr. Micawber,1342,david-copperfield
Don,Mr. Micawber,1342,david-copperfield
Mr. Micawber,Poor,1342,david-copperfield
Mr. Micawber,Micawber,1342,david-copperfield
Mr. Micawber,Don,1342,david-copperfield
Mr. Micawber,Poor,1342,david-copperfield
Mr. Micawber,Micawber,1342,david-copperfield
Mr. Micawber,Don,1342,david-copperfield
Murdstone,Grinby,1344,david-copperfield
Murdstone,Martin,1344,david-copperfield
Murdstone,Church,1344,david-copperfield
Murdstone,Drury Lane,1344,david-copperfield
Grinby,Murdstone,1344,david-copperfield
Grinby,Martin,1344,david-copperfield
Grinby,Church,1344,david-copperfield
Grinby,Drury Lane,1344,david-copperfield
Martin,Murdstone,1344,david-copperfield
Martin,Grinby,1344,david-copperfield
Martin,Church,1344,david-copperfield
Martin,Drury Lane,1344,david-copperfield
Church,Murdstone,1344,david-copperfield
Church,Grinby,1344,david-copperfield
Church,Martin,1344,david-copperfield
Church,Drury Lane,1344,david-copperfield
Drury Lane,Murdstone,1344,david-copperfield
Drury Lane,Grinby,1344,david-copperfield
Drury Lane,Martin,1344,david-copperfield
Drury Lane,Church,1344,david-copperfield
Grinby,Mr. Quinion,1351,david-copperfield
Grinby,Tipp,1351,david-copperfield
Grinby,David,1351,david-copperfield
Grinby,Mealy Potatoes,1351,david-copperfield
Grinby,Mick Walker,1351,david-copperfield
Mr. Quinion,Grinby,1351,david-copperfield
Mr. Quinion,Tipp,1351,david-copperfield
Mr. Quinion,David,1351,david-copperfield
Mr. Quinion,Mealy Potatoes,1351,david-copperfield
Mr. Quinion,Mick Walker,1351,david-copperfield
Tipp,Grinby,1351,david-copperfield
Tipp,Mr. Quinion,1351,david-copperfield
Tipp,David,1351,david-copperfield
Tipp,Mealy Potatoes,1351,david-copperfield
Tipp,Mick Walker,1351,david-copperfield
David,Grinby,1351,david-copperfield
David,Mr. Quinion,1351,david-copperfield
David,Tipp,1351,david-copperfield
David,Mealy Potatoes,1351,david-copperfield
David,Mick Walker,1351,david-copperfield
Mealy Potatoes,Grinby,1351,david-copperfield
Mealy Potatoes,Mr. Quinion,1351,david-copperfield
Mealy Potatoes,Tipp,1351,david-copperfield
Mealy Potatoes,David,1351,david-copperfield
Mealy Potatoes,Mick Walker,1351,david-copperfield
Mick Walker,Grinby,1351,david-copperfield
Mick Walker,Mr. Quinion,1351,david-copperfield
Mick Walker,Tipp,1351,david-copperfield
Mick Walker,David,1351,david-copperfield
Mick Walker,Mealy Potatoes,1351,david-copperfield
Mr.,Mr. Micawber,1353,david-copperfield
Mr.,Mr. Micawber,1353,david-copperfield
Mr.,Jack,1353,david-copperfield
Mr.,Nan,1353,david-copperfield
Mr. Micawber,Mr.,1353,david-copperfield
Mr. Micawber,Jack,1353,david-copperfield
Mr. Micawber,Nan,1353,david-copperfield
Mr. Micawber,Mr.,1353,david-copperfield
Mr. Micawber,Jack,1353,david-copperfield
Mr. Micawber,Nan,1353,david-copperfield
Jack,Mr.,1353,david-copperfield
Jack,Mr. Micawber,1353,david-copperfield
Jack,Mr. Micawber,1353,david-copperfield
Jack,Nan,1353,david-copperfield
Nan,Mr.,1353,david-copperfield
Nan,Mr. Micawber,1353,david-copperfield
Nan,Mr. Micawber,1353,david-copperfield
Nan,Jack,1353,david-copperfield
Master Copperfield,Mr. Micawber,1355,david-copperfield
Mr. Micawber,Master Copperfield,1355,david-copperfield
Mr. Micawber,Clickett,1362,david-copperfield
Mr. Micawber,Master Copperfield,1362,david-copperfield
Clickett,Mr. Micawber,1362,david-copperfield
Clickett,Master Copperfield,1362,david-copperfield
Master Copperfield,Mr. Micawber,1362,david-copperfield
Master Copperfield,Clickett,1362,david-copperfield
Murdstone,Grinby,1363,david-copperfield
Grinby,Murdstone,1363,david-copperfield
Mr.,Micawber,1364,david-copperfield
Micawber,Mr.,1364,david-copperfield
Mr. Micawber,Bench Prison,1365,david-copperfield
Bench Prison,Mr. Micawber,1365,david-copperfield
Mr.,Micawber,1367,david-copperfield
Micawber,Mr.,1367,david-copperfield
Mr. Micawber,Captain Hopkins,1368,david-copperfield
Mr. Micawber,Hopkins,1368,david-copperfield
Captain Hopkins,Mr. Micawber,1368,david-copperfield
Captain Hopkins,Mr. Micawber,1368,david-copperfield
Captain Hopkins,Hopkins,1368,david-copperfield
Mr. Micawber,Captain Hopkins,1368,david-copperfield
Mr. Micawber,Hopkins,1368,david-copperfield
Hopkins,Mr. Micawber,1368,david-copperfield
Hopkins,Captain Hopkins,1368,david-copperfield
Hopkins,Mr. Micawber,1368,david-copperfield
Hopkins,Mr. Micawber,1369,david-copperfield
Hopkins,Captain Hopkins,1369,david-copperfield
Hopkins,Captain Hopkins,1369,david-copperfield
Hopkins,Captain Hopkins,1369,david-copperfield
Mr. Micawber,Hopkins,1369,david-copperfield
Mr. Micawber,Captain Hopkins,1369,david-copperfield
Mr. Micawber,Captain Hopkins,1369,david-copperfield
Mr. Micawber,Captain Hopkins,1369,david-copperfield
Captain Hopkins,Hopkins,1369,david-copperfield
Captain Hopkins,Mr. Micawber,1369,david-copperfield
Captain Hopkins,Hopkins,1369,david-copperfield
Captain Hopkins,Mr. Micawber,1369,david-copperfield
Captain Hopkins,Hopkins,1369,david-copperfield
Captain Hopkins,Mr. Micawber,1369,david-copperfield
Mr. Micawber,Bench,1371,david-copperfield
Mr. Micawber,Mine,1371,david-copperfield
Bench,Mr. Micawber,1371,david-copperfield
Bench,Mine,1371,david-copperfield
Bench,Mr. Micawber,1371,david-copperfield
Mine,Mr. Micawber,1371,david-copperfield
Mine,Bench,1371,david-copperfield
Mine,Mr. Micawber,1371,david-copperfield
Mr. Micawber,Bench,1371,david-copperfield
Mr. Micawber,Mine,1371,david-copperfield
Grinby,Mr.,1372,david-copperfield
Grinby,Mr. Micawber,1372,david-copperfield
Grinby,Mr. Murdstone,1372,david-copperfield
Mr.,Grinby,1372,david-copperfield
Mr.,Mr. Micawber,1372,david-copperfield
Mr.,Mr. Murdstone,1372,david-copperfield
Mr.,Grinby,1372,david-copperfield
Mr. Micawber,Grinby,1372,david-copperfield
Mr. Micawber,Mr.,1372,david-copperfield
Mr. Micawber,Mr. Murdstone,1372,david-copperfield
Mr. Micawber,Grinby,1372,david-copperfield
Mr. Murdstone,Grinby,1372,david-copperfield
Mr. Murdstone,Mr.,1372,david-copperfield
Mr. Murdstone,Mr. Micawber,1372,david-copperfield
Mr. Murdstone,Grinby,1372,david-copperfield
Grinby,Mr.,1372,david-copperfield
Grinby,Mr. Micawber,1372,david-copperfield
Grinby,Mr. Murdstone,1372,david-copperfield
Mr.,Mr. Micawber,1373,david-copperfield
Mr. Micawber,Mr.,1373,david-copperfield
Mr. Micawber,Heaven,1374,david-copperfield
Heaven,Mr. Micawber,1374,david-copperfield
Murdstone,Grinby,1377,david-copperfield
Murdstone,Mr. Micawber,1377,david-copperfield
Murdstone,Captain Hopkins,1377,david-copperfield
Murdstone,Captain Hopkins,1377,david-copperfield
Murdstone,Captain Hopkins,1377,david-copperfield
Murdstone,Mr. Micawber,1377,david-copperfield
Grinby,Murdstone,1377,david-copperfield
Grinby,Mr. Micawber,1377,david-copperfield
Grinby,Captain Hopkins,1377,david-copperfield
Grinby,Captain Hopkins,1377,david-copperfield
Grinby,Captain Hopkins,1377,david-copperfield
Grinby,Mr. Micawber,1377,david-copperfield
Mr. Micawber,Murdstone,1377,david-copperfield
Mr. Micawber,Grinby,1377,david-copperfield
Mr. Micawber,Captain Hopkins,1377,david-copperfield
Mr. Micawber,Captain Hopkins,1377,david-copperfield
Mr. Micawber,Captain Hopkins,1377,david-copperfield
Captain Hopkins,Murdstone,1377,david-copperfield
Captain Hopkins,Grinby,1377,david-copperfield
Captain Hopkins,Mr. Micawber,1377,david-copperfield
Captain Hopkins,Mr. Micawber,1377,david-copperfield
Captain Hopkins,Murdstone,1377,david-copperfield
Captain Hopkins,Grinby,1377,david-copperfield
Captain Hopkins,Mr. Micawber,1377,david-copperfield
Captain Hopkins,Mr. Micawber,1377,david-copperfield
Captain Hopkins,Murdstone,1377,david-copperfield
Captain Hopkins,Grinby,1377,david-copperfield
Captain Hopkins,Mr. Micawber,1377,david-copperfield
Captain Hopkins,Mr. Micawber,1377,david-copperfield
Mr. Micawber,Murdstone,1377,david-copperfield
Mr. Micawber,Grinby,1377,david-copperfield
Mr. Micawber,Captain Hopkins,1377,david-copperfield
Mr. Micawber,Captain Hopkins,1377,david-copperfield
Mr. Micawber,Captain Hopkins,1377,david-copperfield
Southwark,Hopkins,1378,david-copperfield
Hopkins,Southwark,1378,david-copperfield
Mr.,Micawber,1382,david-copperfield
Mr.,Bench,1382,david-copperfield
Micawber,Mr.,1382,david-copperfield
Micawber,Bench,1382,david-copperfield
Bench,Mr.,1382,david-copperfield
Bench,Micawber,1382,david-copperfield
Mr. Micawber,Master Copperfield,1389,david-copperfield
Mr. Micawber,Master Copperfield,1389,david-copperfield
Master Copperfield,Mr. Micawber,1389,david-copperfield
Master Copperfield,Mr. Micawber,1389,david-copperfield
Micawber,Mr. Micawber,1398,david-copperfield
Mr. Micawber,Micawber,1398,david-copperfield
Dobbin,Gee,1400,david-copperfield
Dobbin,Gee,1400,david-copperfield
Dobbin,Gee,1400,david-copperfield
Gee,Dobbin,1400,david-copperfield
Gee,Dobbin,1400,david-copperfield
Gee,Dobbin,1400,david-copperfield
Dobbin,Gee,1400,david-copperfield
Dobbin,Gee,1400,david-copperfield
Dobbin,Gee,1400,david-copperfield
Gee,Dobbin,1400,david-copperfield
Gee,Dobbin,1400,david-copperfield
Gee,Dobbin,1400,david-copperfield
Dobbin,Gee,1400,david-copperfield
Dobbin,Gee,1400,david-copperfield
Dobbin,Gee,1400,david-copperfield
Gee,Dobbin,1400,david-copperfield
Gee,Dobbin,1400,david-copperfield
Gee,Dobbin,1400,david-copperfield
Mr.,Micawber,1406,david-copperfield
Mr.,Mr. Micawber,1406,david-copperfield
Micawber,Mr.,1406,david-copperfield
Micawber,Mr. Micawber,1406,david-copperfield
Mr. Micawber,Mr.,1406,david-copperfield
Mr. Micawber,Micawber,1406,david-copperfield
Mr.,Micawber,1409,david-copperfield
Mr.,Mr. Micawber,1409,david-copperfield
Micawber,Mr.,1409,david-copperfield
Micawber,Mr.,1409,david-copperfield
Micawber,Mr. Micawber,1409,david-copperfield
Mr.,Micawber,1409,david-copperfield
Mr.,Mr. Micawber,1409,david-copperfield
Mr. Micawber,Mr.,1409,david-copperfield
Mr. Micawber,Micawber,1409,david-copperfield
Mr. Micawber,Mr.,1409,david-copperfield
Miss Murdstone,Mr. Murdstone,1412,david-copperfield
Miss Murdstone,Mr. Quinion,1412,david-copperfield
Miss Murdstone,J. M.,1412,david-copperfield
Mr. Murdstone,Miss Murdstone,1412,david-copperfield
Mr. Murdstone,Mr. Quinion,1412,david-copperfield
Mr. Murdstone,J. M.,1412,david-copperfield
Mr. Quinion,Miss Murdstone,1412,david-copperfield
Mr. Quinion,Mr. Murdstone,1412,david-copperfield
Mr. Quinion,J. M.,1412,david-copperfield
J. M.,Miss Murdstone,1412,david-copperfield
J. M.,Mr. Murdstone,1412,david-copperfield
J. M.,Mr. Quinion,1412,david-copperfield
Mr. Micawber,Mr. Quinion,1413,david-copperfield
Mr. Micawber,Mr. Quinion,1413,david-copperfield
Mr. Quinion,Mr. Micawber,1413,david-copperfield
Mr. Quinion,Mr. Micawber,1413,david-copperfield
Mr.,Wilkins Micawber,1414,david-copperfield
Wilkins Micawber,Mr.,1414,david-copperfield
Master Copperfield,Mr. Micawber,1416,david-copperfield
Mr. Micawber,Master Copperfield,1416,david-copperfield
Mr. Micawber,Heaven,1423,david-copperfield
Heaven,Mr. Micawber,1423,david-copperfield
Heaven,Mr. Micawber,1423,david-copperfield
Mr. Micawber,Heaven,1423,david-copperfield
Mr. Micawber,Annual,1424,david-copperfield
Mr. Micawber,Annual,1424,david-copperfield
Annual,Mr. Micawber,1424,david-copperfield
Annual,Mr. Micawber,1424,david-copperfield
Miss Betsey,Peggotty,1432,david-copperfield
Peggotty,Miss Betsey,1432,david-copperfield
Peggotty,Mr. Barkis,1433,david-copperfield
Peggotty,Miss Betsey,1433,david-copperfield
Mr. Barkis,Peggotty,1433,david-copperfield
Mr. Barkis,Miss Betsey,1433,david-copperfield
Miss Betsey,Peggotty,1433,david-copperfield
Miss Betsey,Mr. Barkis,1433,david-copperfield
Grinby,Mick Walker,1434,david-copperfield
Grinby,Mr. Quinion,1434,david-copperfield
Grinby,Tipp,1434,david-copperfield
Grinby,Mealy Potatoes,1434,david-copperfield
Mick Walker,Grinby,1434,david-copperfield
Mick Walker,Mr. Quinion,1434,david-copperfield
Mick Walker,Tipp,1434,david-copperfield
Mick Walker,Mealy Potatoes,1434,david-copperfield
Mr. Quinion,Grinby,1434,david-copperfield
Mr. Quinion,Mick Walker,1434,david-copperfield
Mr. Quinion,Tipp,1434,david-copperfield
Mr. Quinion,Mealy Potatoes,1434,david-copperfield
Tipp,Grinby,1434,david-copperfield
Tipp,Mick Walker,1434,david-copperfield
Tipp,Mr. Quinion,1434,david-copperfield
Tipp,Mealy Potatoes,1434,david-copperfield
Mealy Potatoes,Grinby,1434,david-copperfield
Mealy Potatoes,Mick Walker,1434,david-copperfield
Mealy Potatoes,Mr. Quinion,1434,david-copperfield
Mealy Potatoes,Tipp,1434,david-copperfield
Mr.,Dolloby,1457,david-copperfield
Dolloby,Mr.,1457,david-copperfield
Mr.,Dolloby,1462,david-copperfield
Dolloby,Mr.,1462,david-copperfield
Sleep,Steerforth,1466,david-copperfield
Sleep,Steerforth,1466,david-copperfield
Sleep,Traddles,1466,david-copperfield
Sleep,Mr. Creakle,1466,david-copperfield
Steerforth,Sleep,1466,david-copperfield
Steerforth,Traddles,1466,david-copperfield
Steerforth,Mr. Creakle,1466,david-copperfield
Steerforth,Sleep,1466,david-copperfield
Steerforth,Traddles,1466,david-copperfield
Steerforth,Mr. Creakle,1466,david-copperfield
Traddles,Sleep,1466,david-copperfield
Traddles,Steerforth,1466,david-copperfield
Traddles,Steerforth,1466,david-copperfield
Traddles,Mr. Creakle,1466,david-copperfield
Mr. Creakle,Sleep,1466,david-copperfield
Mr. Creakle,Steerforth,1466,david-copperfield
Mr. Creakle,Steerforth,1466,david-copperfield
Mr. Creakle,Traddles,1466,david-copperfield
Chatham,Noah,1468,david-copperfield
Noah,Chatham,1468,david-copperfield
Charley,Nelson,1485,david-copperfield
Charley,Goroos,1485,david-copperfield
Charley,Nelson,1485,david-copperfield
Charley,Goroos,1485,david-copperfield
Nelson,Charley,1485,david-copperfield
Nelson,Charley,1485,david-copperfield
Nelson,Goroos,1485,david-copperfield
Goroos,Charley,1485,david-copperfield
Goroos,Charley,1485,david-copperfield
Goroos,Nelson,1485,david-copperfield
Dick,David Copperfield,1546,david-copperfield
David Copperfield,Dick,1546,david-copperfield
David Copperfield,Mr. Dick,1547,david-copperfield
David Copperfield,David,1547,david-copperfield
Mr. Dick,David Copperfield,1547,david-copperfield
Mr. Dick,David Copperfield,1547,david-copperfield
Mr. Dick,David,1547,david-copperfield
David Copperfield,Mr. Dick,1547,david-copperfield
David Copperfield,David,1547,david-copperfield
David,David Copperfield,1547,david-copperfield
David,Mr. Dick,1547,david-copperfield
David,David Copperfield,1547,david-copperfield
Mr. Dick,David,1549,david-copperfield
David,Mr. Dick,1549,david-copperfield
Don,Betsey Trotwood,1552,david-copperfield
Betsey Trotwood,Don,1552,david-copperfield
Nowhere,Mr. Dick,1553,david-copperfield
Mr. Dick,Nowhere,1553,david-copperfield
Dick,David Copperfield,1554,david-copperfield
David Copperfield,Dick,1554,david-copperfield
Mr. Dick,Janet,1559,david-copperfield
Janet,Mr. Dick,1559,david-copperfield
Mr.,Mr. Creakle,1561,david-copperfield
Mr. Creakle,Mr.,1561,david-copperfield
Janet,Donkeys,1564,david-copperfield
Donkeys,Janet,1564,david-copperfield
Janet,Mr. Dick,1567,david-copperfield
Mr. Dick,Janet,1567,david-copperfield
Baby,David Copperfield,1575,david-copperfield
David Copperfield,Baby,1575,david-copperfield
Mr.,Dick,1576,david-copperfield
Dick,Mr.,1576,david-copperfield
Where,Betsey Trotwood,1577,david-copperfield
Where,Don,1577,david-copperfield
Betsey Trotwood,Where,1577,david-copperfield
Betsey Trotwood,Don,1577,david-copperfield
Don,Where,1577,david-copperfield
Don,Betsey Trotwood,1577,david-copperfield
Mr.,Dick,1578,david-copperfield
Dick,Mr.,1578,david-copperfield
Mr.,Dick,1582,david-copperfield
Dick,Mr.,1582,david-copperfield
David,Mr. Dick,1589,david-copperfield
Mr. Dick,David,1589,david-copperfield
David,Mr. Dick,1591,david-copperfield
Mr. Dick,David,1591,david-copperfield
Babley,Mr. Richard Babley,1617,david-copperfield
Mr. Richard Babley,Babley,1617,david-copperfield
Heaven,Mr. Dick,1619,david-copperfield
Heaven,Mr. Dick,1619,david-copperfield
Mr. Dick,Heaven,1619,david-copperfield
Mr. Dick,Heaven,1619,david-copperfield
Phoebus,Mr. Dick,1621,david-copperfield
Phoebus,Mr. Dick,1621,david-copperfield
Mr. Dick,Phoebus,1621,david-copperfield
Mr. Dick,Phoebus,1621,david-copperfield
Mr. Dick,Charles,1625,david-copperfield
Charles,Mr. Dick,1625,david-copperfield
Mr. Dick,Miss Trotwood,1628,david-copperfield
Miss Trotwood,Mr. Dick,1628,david-copperfield
Mr. Dick,Charles,1654,david-copperfield
Charles,Mr. Dick,1654,david-copperfield
Mr. Dick,Janet,1664,david-copperfield
Janet,Mr. Dick,1664,david-copperfield
Mr. Murdstone,Mr. Dick,1665,david-copperfield
Mr. Dick,Mr. Murdstone,1665,david-copperfield
Mr. Dick,Mr. Murdstone,1665,david-copperfield
Mr. Murdstone,Mr. Dick,1665,david-copperfield
Mr. Murdstone,Miss Murdstone,1666,david-copperfield
Miss Murdstone,Mr. Murdstone,1666,david-copperfield
Miss Murdstone,Mr. Murdstone,1668,david-copperfield
Mr. Murdstone,Miss Murdstone,1668,david-copperfield
Janet,Mr. Murdstone,1669,david-copperfield
Janet,Miss Murdstone,1669,david-copperfield
Janet,Mr. Murdstone,1669,david-copperfield
Janet,Miss Murdstone,1669,david-copperfield
Mr. Murdstone,Janet,1669,david-copperfield
Mr. Murdstone,Janet,1669,david-copperfield
Mr. Murdstone,Miss Murdstone,1669,david-copperfield
Miss Murdstone,Janet,1669,david-copperfield
Miss Murdstone,Janet,1669,david-copperfield
Miss Murdstone,Mr. Murdstone,1669,david-copperfield
Miss Murdstone,Janet,1670,david-copperfield
Janet,Miss Murdstone,1670,david-copperfield
Mr.,Miss Murdstone,1672,david-copperfield
Miss Murdstone,Mr.,1672,david-copperfield
Mr.,Murdstone,1676,david-copperfield
Murdstone,Mr.,1676,david-copperfield
Mr. Murdstone,David Copperfield,1678,david-copperfield
Mr. Murdstone,Rookery,1678,david-copperfield
David Copperfield,Mr. Murdstone,1678,david-copperfield
David Copperfield,Rookery,1678,david-copperfield
Rookery,Mr. Murdstone,1678,david-copperfield
Rookery,David Copperfield,1678,david-copperfield
Dick,Mr. Dick,1686,david-copperfield
Mr. Dick,Dick,1686,david-copperfield
Mr.,Dick,1687,david-copperfield
Dick,Mr.,1687,david-copperfield
Jane Murdstone,Miss Trotwood,1693,david-copperfield
Miss Trotwood,Jane Murdstone,1693,david-copperfield
Mr. Murdstone,Miss Trotwood,1698,david-copperfield
Miss Trotwood,Mr. Murdstone,1698,david-copperfield
Mr. Murdstone,Clara,1702,david-copperfield
Mr. Murdstone,Jane Murdstone,1702,david-copperfield
Clara,Mr. Murdstone,1702,david-copperfield
Clara,Jane Murdstone,1702,david-copperfield
Jane Murdstone,Mr. Murdstone,1702,david-copperfield
Jane Murdstone,Clara,1702,david-copperfield
Miss,Murdstone,1703,david-copperfield
Murdstone,Miss,1703,david-copperfield
Good Lord,David Copperfield,1710,david-copperfield
David Copperfield,Good Lord,1710,david-copperfield
Miss Trotwood,David,1713,david-copperfield
David,Miss Trotwood,1713,david-copperfield
David,Miss Trotwood,1713,david-copperfield
David,Miss Trotwood,1713,david-copperfield
Miss Trotwood,David,1713,david-copperfield
Miss Trotwood,David,1713,david-copperfield
Miss Trotwood,Miss Murdstone,1716,david-copperfield
Miss Trotwood,Miss Murdstone,1716,david-copperfield
Miss Murdstone,Miss Trotwood,1716,david-copperfield
Miss Murdstone,Miss Trotwood,1716,david-copperfield
Mr.,Miss Murdstone,1718,david-copperfield
Mr.,Peggotty,1718,david-copperfield
Miss Murdstone,Mr.,1718,david-copperfield
Miss Murdstone,Peggotty,1718,david-copperfield
Peggotty,Mr.,1718,david-copperfield
Peggotty,Miss Murdstone,1718,david-copperfield
Mr.,Dick,1720,david-copperfield
Dick,Mr.,1720,david-copperfield
Dick,Mr. Murdstone,1721,david-copperfield
Mr. Murdstone,Dick,1721,david-copperfield
Stuff,Don,1724,david-copperfield
Don,Stuff,1724,david-copperfield
How,Miss Murdstone,1725,david-copperfield
Miss Murdstone,How,1725,david-copperfield
Miss,Mr. Murdstone,1732,david-copperfield
Mr. Murdstone,Miss,1732,david-copperfield
Miss Trotwood,Miss Murdstone,1734,david-copperfield
Miss Murdstone,Miss Trotwood,1734,david-copperfield
Mr. Murdstone,Aye,1735,david-copperfield
Aye,Mr. Murdstone,1735,david-copperfield
Mr. Dick,David,1741,david-copperfield
David,Mr. Dick,1741,david-copperfield
Certainly,Mr. Dick,1743,david-copperfield
Certainly,David,1743,david-copperfield
Certainly,Trotwood,1743,david-copperfield
Mr. Dick,Certainly,1743,david-copperfield
Mr. Dick,David,1743,david-copperfield
Mr. Dick,Trotwood,1743,david-copperfield
David,Certainly,1743,david-copperfield
David,Mr. Dick,1743,david-copperfield
David,Trotwood,1743,david-copperfield
Trotwood,Certainly,1743,david-copperfield
Trotwood,Mr. Dick,1743,david-copperfield
Trotwood,David,1743,david-copperfield
Trotwood Copperfield,Mr. Dick,1745,david-copperfield
Mr. Dick,Trotwood Copperfield,1745,david-copperfield
Mr. Dick,Grinby,1747,david-copperfield
Grinby,Mr. Dick,1747,david-copperfield
Mr.,Charles,1750,david-copperfield
Mr.,Mr. Dick,1750,david-copperfield
Charles,Mr.,1750,david-copperfield
Charles,Mr. Dick,1750,david-copperfield
Mr. Dick,Mr.,1750,david-copperfield
Mr. Dick,Charles,1750,david-copperfield
Mr. Dick,Betsey Trotwood,1751,david-copperfield
Betsey Trotwood,Mr. Dick,1751,david-copperfield
Trot,Mr. Dick,1752,david-copperfield
Mr. Dick,Trot,1752,david-copperfield
Good,Master Trotwood,1758,david-copperfield
Master Trotwood,Good,1758,david-copperfield
Mr. Wickfield,Uriah Heep,1770,david-copperfield
Uriah Heep,Mr. Wickfield,1770,david-copperfield
Wickfield,Uriah Heep,1771,david-copperfield
Uriah Heep,Wickfield,1771,david-copperfield
Miss,Betsey,1775,david-copperfield
Betsey,Miss,1775,david-copperfield
Miss Trotwood,Mr. Wickfield,1776,david-copperfield
Mr. Wickfield,Miss Trotwood,1776,david-copperfield
Mr. Wickfield,Peggotty,1778,david-copperfield
Peggotty,Mr. Wickfield,1778,david-copperfield
Miss Trotwood,Mr. Wickfield,1780,david-copperfield
Mr. Wickfield,Miss Trotwood,1780,david-copperfield
Mr.,Wickfield,1792,david-copperfield
Wickfield,Mr.,1792,david-copperfield
Uriah Heep,Uriah,1795,david-copperfield
Uriah,Uriah Heep,1795,david-copperfield
Mr. Wickfield,Miss Trotwood,1798,david-copperfield
Miss Trotwood,Mr. Wickfield,1798,david-copperfield
Miss Trotwood,Mr. Wickfield,1801,david-copperfield
Mr. Wickfield,Miss Trotwood,1801,david-copperfield
Mr. Wickfield,Miss Trotwood,1803,david-copperfield
Miss Trotwood,Mr. Wickfield,1803,david-copperfield
Mr.,Wickfield,1807,david-copperfield
Mr.,Agnes,1807,david-copperfield
Mr.,Mr. Wickfield,1807,david-copperfield
Wickfield,Mr.,1807,david-copperfield
Wickfield,Agnes,1807,david-copperfield
Wickfield,Mr. Wickfield,1807,david-copperfield
Agnes,Mr.,1807,david-copperfield
Agnes,Wickfield,1807,david-copperfield
Agnes,Mr. Wickfield,1807,david-copperfield
Mr. Wickfield,Mr.,1807,david-copperfield
Mr. Wickfield,Wickfield,1807,david-copperfield
Mr. Wickfield,Agnes,1807,david-copperfield
Mr. Wickfield,Agnes,1810,david-copperfield
Agnes,Mr. Wickfield,1810,david-copperfield
Agnes,Mr. Wickfield,1810,david-copperfield
Mr. Wickfield,Agnes,1810,david-copperfield
Trot,Mr. Dick,1812,david-copperfield
Mr. Dick,Trot,1812,david-copperfield
Avoid,Trot,1814,david-copperfield
Trot,Avoid,1814,david-copperfield
Mr. Wickfield,Agnes,1817,david-copperfield
Agnes,Mr. Wickfield,1817,david-copperfield
Mr. Wickfield,Doctor Strong,1825,david-copperfield
Doctor Strong,Mr. Wickfield,1825,david-copperfield
Doctor,Strong,1826,david-copperfield
Doctor,Doctor Strong,1826,david-copperfield
Strong,Doctor,1826,david-copperfield
Strong,Doctor Strong,1826,david-copperfield
Doctor Strong,Doctor,1826,david-copperfield
Doctor Strong,Strong,1826,david-copperfield
Doctor Strong,Annie,1827,david-copperfield
Doctor Strong,Mr. Wickfield,1827,david-copperfield
Doctor Strong,Strong,1827,david-copperfield
Annie,Doctor Strong,1827,david-copperfield
Annie,Doctor Strong,1827,david-copperfield
Annie,Mr. Wickfield,1827,david-copperfield
Annie,Strong,1827,david-copperfield
Annie,Doctor Strong,1827,david-copperfield
Annie,Doctor Strong,1827,david-copperfield
Annie,Doctor Strong,1827,david-copperfield
Doctor Strong,Annie,1827,david-copperfield
Doctor Strong,Mr. Wickfield,1827,david-copperfield
Doctor Strong,Strong,1827,david-copperfield
Mr. Wickfield,Doctor Strong,1827,david-copperfield
Mr. Wickfield,Annie,1827,david-copperfield
Mr. Wickfield,Doctor Strong,1827,david-copperfield
Mr. Wickfield,Strong,1827,david-copperfield
Mr. Wickfield,Doctor Strong,1827,david-copperfield
Mr. Wickfield,Doctor Strong,1827,david-copperfield
Mr. Wickfield,Doctor Strong,1827,david-copperfield
Strong,Doctor Strong,1827,david-copperfield
Strong,Annie,1827,david-copperfield
Strong,Doctor Strong,1827,david-copperfield
Strong,Mr. Wickfield,1827,david-copperfield
Strong,Doctor Strong,1827,david-copperfield
Strong,Doctor Strong,1827,david-copperfield
Strong,Doctor Strong,1827,david-copperfield
Doctor Strong,Annie,1827,david-copperfield
Doctor Strong,Mr. Wickfield,1827,david-copperfield
Doctor Strong,Strong,1827,david-copperfield
Doctor Strong,Annie,1827,david-copperfield
Doctor Strong,Mr. Wickfield,1827,david-copperfield
Doctor Strong,Strong,1827,david-copperfield
Doctor Strong,Annie,1827,david-copperfield
Doctor Strong,Mr. Wickfield,1827,david-copperfield
Doctor Strong,Strong,1827,david-copperfield
Wickfield,Doctor Strong,1830,david-copperfield
Wickfield,Jack Maldon,1830,david-copperfield
Wickfield,Doctor Watts,1830,david-copperfield
Doctor Strong,Wickfield,1830,david-copperfield
Doctor Strong,Jack Maldon,1830,david-copperfield
Doctor Strong,Doctor Watts,1830,david-copperfield
Jack Maldon,Wickfield,1830,david-copperfield
Jack Maldon,Doctor Strong,1830,david-copperfield
Jack Maldon,Doctor Watts,1830,david-copperfield
Doctor Watts,Wickfield,1830,david-copperfield
Doctor Watts,Doctor Strong,1830,david-copperfield
Doctor Watts,Jack Maldon,1830,david-copperfield
Egad,Doctor,1831,david-copperfield
Egad,Mr. Wickfield,1831,david-copperfield
Egad,Doctor Watts,1831,david-copperfield
Doctor,Egad,1831,david-copperfield
Doctor,Mr. Wickfield,1831,david-copperfield
Doctor,Doctor Watts,1831,david-copperfield
Mr. Wickfield,Egad,1831,david-copperfield
Mr. Wickfield,Doctor,1831,david-copperfield
Mr. Wickfield,Doctor Watts,1831,david-copperfield
Doctor Watts,Egad,1831,david-copperfield
Doctor Watts,Doctor,1831,david-copperfield
Doctor Watts,Mr. Wickfield,1831,david-copperfield
Jack Maldon,Doctor Strong,1832,david-copperfield
Doctor Strong,Jack Maldon,1832,david-copperfield
Mr. Wickfield,Mr. Jack Maldon,1833,david-copperfield
Mr. Jack Maldon,Mr. Wickfield,1833,david-copperfield
Doctor Strong,Annie,1834,david-copperfield
Annie,Doctor Strong,1834,david-copperfield
Doctor,Strong,1846,david-copperfield
Doctor,Doctor Strong,1846,david-copperfield
Doctor,Mr. Wickfield,1846,david-copperfield
Strong,Doctor,1846,david-copperfield
Strong,Doctor Strong,1846,david-copperfield
Strong,Mr. Wickfield,1846,david-copperfield
Doctor Strong,Doctor,1846,david-copperfield
Doctor Strong,Strong,1846,david-copperfield
Doctor Strong,Mr. Wickfield,1846,david-copperfield
Mr. Wickfield,Doctor,1846,david-copperfield
Mr. Wickfield,Strong,1846,david-copperfield
Mr. Wickfield,Doctor Strong,1846,david-copperfield
Mick Walker,Mealy Potatoes,1850,david-copperfield
Mick Walker,Bench Prison,1850,david-copperfield
Mealy Potatoes,Mick Walker,1850,david-copperfield
Mealy Potatoes,Bench Prison,1850,david-copperfield
Bench Prison,Mick Walker,1850,david-copperfield
Bench Prison,Mealy Potatoes,1850,david-copperfield
Papa,Agnes,1860,david-copperfield
Papa,Hark,1860,david-copperfield
Agnes,Papa,1860,david-copperfield
Agnes,Hark,1860,david-copperfield
Hark,Papa,1860,david-copperfield
Hark,Agnes,1860,david-copperfield
Uriah,Annie,1868,david-copperfield
Uriah,Annie,1868,david-copperfield
Uriah,Annie,1868,david-copperfield
Annie,Uriah,1868,david-copperfield
Annie,Uriah,1868,david-copperfield
Annie,Uriah,1868,david-copperfield
Doctor Strong,Strong,1872,david-copperfield
Strong,Doctor Strong,1872,david-copperfield
Mr. Maldon,Mr. Wickfield,1873,david-copperfield
Mr. Wickfield,Mr. Maldon,1873,david-copperfield
Mr. Maldon,Mr. Wickfield,1877,david-copperfield
Mr. Wickfield,Mr. Maldon,1877,david-copperfield
Annie,Doctor Strong,1878,david-copperfield
Annie,Mr. Jack Maldon,1878,david-copperfield
Annie,Mr. Wickfield,1878,david-copperfield
Doctor Strong,Annie,1878,david-copperfield
Doctor Strong,Mr. Jack Maldon,1878,david-copperfield
Doctor Strong,Mr. Wickfield,1878,david-copperfield
Mr. Jack Maldon,Annie,1878,david-copperfield
Mr. Jack Maldon,Doctor Strong,1878,david-copperfield
Mr. Jack Maldon,Mr. Wickfield,1878,david-copperfield
Mr. Wickfield,Annie,1878,david-copperfield
Mr. Wickfield,Doctor Strong,1878,david-copperfield
Mr. Wickfield,Mr. Jack Maldon,1878,david-copperfield
Mr. Jack Maldon,Mr. Wickfield,1880,david-copperfield
Mr. Wickfield,Mr. Jack Maldon,1880,david-copperfield
Mr. Maldon,Annie,1882,david-copperfield
Annie,Mr. Maldon,1882,david-copperfield
Mr. Wickfield,Mr. Jack Maldon,1883,david-copperfield
Mr. Jack Maldon,Mr. Wickfield,1883,david-copperfield
Agnes,Mr. Wickfield,1884,david-copperfield
Mr. Wickfield,Agnes,1884,david-copperfield
Mr. Wickfield,Agnes,1884,david-copperfield
Mr. Wickfield,Agnes,1884,david-copperfield
Mr. Wickfield,Agnes,1884,david-copperfield
Agnes,Mr. Wickfield,1884,david-copperfield
Agnes,Mr. Wickfield,1884,david-copperfield
Agnes,Mr. Wickfield,1884,david-copperfield
Mr. Wickfield,Agnes,1901,david-copperfield
Agnes,Mr. Wickfield,1901,david-copperfield
Uriah Heep,Uriah,1902,david-copperfield
Uriah,Uriah Heep,1902,david-copperfield
Master Copperfield,Uriah,1904,david-copperfield
Uriah,Master Copperfield,1904,david-copperfield
Master Copperfield,Uriah,1906,david-copperfield
Uriah,Master Copperfield,1906,david-copperfield
Master Copperfield,Uriah,1908,david-copperfield
Master Copperfield,Tidd,1908,david-copperfield
Master Copperfield,Mr. Tidd,1908,david-copperfield
Uriah,Master Copperfield,1908,david-copperfield
Uriah,Tidd,1908,david-copperfield
Uriah,Mr. Tidd,1908,david-copperfield
Uriah,Master Copperfield,1908,david-copperfield
Tidd,Master Copperfield,1908,david-copperfield
Tidd,Uriah,1908,david-copperfield
Tidd,Mr. Tidd,1908,david-copperfield
Tidd,Master Copperfield,1908,david-copperfield
Mr. Tidd,Master Copperfield,1908,david-copperfield
Mr. Tidd,Uriah,1908,david-copperfield
Mr. Tidd,Tidd,1908,david-copperfield
Mr. Tidd,Master Copperfield,1908,david-copperfield
Master Copperfield,Uriah,1908,david-copperfield
Master Copperfield,Tidd,1908,david-copperfield
Master Copperfield,Mr. Tidd,1908,david-copperfield
Master Copperfield,Uriah,1911,david-copperfield
Uriah,Master Copperfield,1911,david-copperfield
Uriah Heep,Master Copperfield,1913,david-copperfield
Master Copperfield,Uriah Heep,1913,david-copperfield
Master Copperfield,Uriah Heep,1915,david-copperfield
Master Copperfield,Mr. Wickfield,1915,david-copperfield
Uriah Heep,Master Copperfield,1915,david-copperfield
Uriah Heep,Mr. Wickfield,1915,david-copperfield
Mr. Wickfield,Master Copperfield,1915,david-copperfield
Mr. Wickfield,Uriah Heep,1915,david-copperfield
Uriah,Mr. Wickfield,1916,david-copperfield
Mr. Wickfield,Uriah,1916,david-copperfield
Master Copperfield,Uriah,1917,david-copperfield
Master Copperfield,Mr. Wickfield,1917,david-copperfield
Uriah,Master Copperfield,1917,david-copperfield
Uriah,Mr. Wickfield,1917,david-copperfield
Mr. Wickfield,Master Copperfield,1917,david-copperfield
Mr. Wickfield,Uriah,1917,david-copperfield
Master Copperfield,Uriah,1919,david-copperfield
Uriah,Master Copperfield,1919,david-copperfield
Mr. Wickfield,Wickfield,1920,david-copperfield
Mr. Wickfield,Heep,1920,david-copperfield
Wickfield,Mr. Wickfield,1920,david-copperfield
Wickfield,Heep,1920,david-copperfield
Heep,Mr. Wickfield,1920,david-copperfield
Heep,Wickfield,1920,david-copperfield
Master Copperfield,Uriah,1921,david-copperfield
Uriah,Master Copperfield,1921,david-copperfield
Wickfield,Master Copperfield,1923,david-copperfield
Wickfield,Uriah,1923,david-copperfield
Master Copperfield,Wickfield,1923,david-copperfield
Master Copperfield,Uriah,1923,david-copperfield
Uriah,Wickfield,1923,david-copperfield
Uriah,Master Copperfield,1923,david-copperfield
Master Copperfield,Uriah,1925,david-copperfield
Uriah,Master Copperfield,1925,david-copperfield
Uriah,Master Copperfield,1925,david-copperfield
Master Copperfield,Uriah,1925,david-copperfield
Master Copperfield,Uriah Heep,1927,david-copperfield
Master Copperfield,Miss Agnes,1927,david-copperfield
Uriah Heep,Master Copperfield,1927,david-copperfield
Uriah Heep,Miss Agnes,1927,david-copperfield
Uriah Heep,Master Copperfield,1927,david-copperfield
Miss Agnes,Master Copperfield,1927,david-copperfield
Miss Agnes,Uriah Heep,1927,david-copperfield
Miss Agnes,Master Copperfield,1927,david-copperfield
Master Copperfield,Uriah Heep,1927,david-copperfield
Master Copperfield,Miss Agnes,1927,david-copperfield
Master Copperfield,Uriah,1929,david-copperfield
Uriah,Master Copperfield,1929,david-copperfield
Master Copperfield,Uriah Heep,1931,david-copperfield
Uriah Heep,Master Copperfield,1931,david-copperfield
Uriah Heep,Master Copperfield,1931,david-copperfield
Master Copperfield,Uriah Heep,1931,david-copperfield
Mother,Master Copperfield,1932,david-copperfield
Master Copperfield,Mother,1932,david-copperfield
Master Copperfield,Uriah,1934,david-copperfield
Uriah,Master Copperfield,1934,david-copperfield
Uriah,Master Copperfield,1934,david-copperfield
Master Copperfield,Uriah,1934,david-copperfield
Uriah,Master Copperfield,1936,david-copperfield
Master Copperfield,Uriah,1936,david-copperfield
Uriah,Master Copperfield,1937,david-copperfield
Uriah,Master Copperfield,1937,david-copperfield
Uriah,Mr. Peggotty,1937,david-copperfield
Master Copperfield,Uriah,1937,david-copperfield
Master Copperfield,Mr. Peggotty,1937,david-copperfield
Master Copperfield,Uriah,1937,david-copperfield
Master Copperfield,Mr. Peggotty,1937,david-copperfield
Mr. Peggotty,Uriah,1937,david-copperfield
Mr. Peggotty,Master Copperfield,1937,david-copperfield
Mr. Peggotty,Master Copperfield,1937,david-copperfield
Doctor,Strong,1939,david-copperfield
Doctor,Mr. Creakle,1939,david-copperfield
Doctor,Hence,1939,david-copperfield
Doctor,Doctor Strong,1939,david-copperfield
Doctor,Doctor Strong,1939,david-copperfield
Strong,Doctor,1939,david-copperfield
Strong,Mr. Creakle,1939,david-copperfield
Strong,Hence,1939,david-copperfield
Strong,Doctor Strong,1939,david-copperfield
Strong,Doctor Strong,1939,david-copperfield
Mr. Creakle,Doctor,1939,david-copperfield
Mr. Creakle,Strong,1939,david-copperfield
Mr. Creakle,Hence,1939,david-copperfield
Mr. Creakle,Doctor Strong,1939,david-copperfield
Mr. Creakle,Doctor Strong,1939,david-copperfield
Hence,Doctor,1939,david-copperfield
Hence,Strong,1939,david-copperfield
Hence,Mr. Creakle,1939,david-copperfield
Hence,Doctor Strong,1939,david-copperfield
Hence,Doctor Strong,1939,david-copperfield
Doctor Strong,Doctor,1939,david-copperfield
Doctor Strong,Strong,1939,david-copperfield
Doctor Strong,Mr. Creakle,1939,david-copperfield
Doctor Strong,Hence,1939,david-copperfield
Doctor Strong,Doctor,1939,david-copperfield
Doctor Strong,Strong,1939,david-copperfield
Doctor Strong,Mr. Creakle,1939,david-copperfield
Doctor Strong,Hence,1939,david-copperfield
Mr. Wickfield,Mr. Jack Maldon,1943,david-copperfield
Mr. Jack Maldon,Mr. Wickfield,1943,david-copperfield
Strong,Markleham,1944,david-copperfield
Markleham,Strong,1944,david-copperfield
Mr. Jack Maldon,Mr. Wickfield,1945,david-copperfield
Mr. Jack Maldon,Mr. Wickfield,1945,david-copperfield
Mr. Jack Maldon,Agnes,1945,david-copperfield
Mr. Wickfield,Mr. Jack Maldon,1945,david-copperfield
Mr. Wickfield,Agnes,1945,david-copperfield
Mr. Wickfield,Mr. Jack Maldon,1945,david-copperfield
Mr. Wickfield,Agnes,1945,david-copperfield
Agnes,Mr. Jack Maldon,1945,david-copperfield
Agnes,Mr. Wickfield,1945,david-copperfield
Agnes,Mr. Wickfield,1945,david-copperfield
Mr.,Jack Maldon,1946,david-copperfield
Mr.,Wonderfully,1946,david-copperfield
Jack Maldon,Mr.,1946,david-copperfield
Jack Maldon,Wonderfully,1946,david-copperfield
Wonderfully,Mr.,1946,david-copperfield
Wonderfully,Jack Maldon,1946,david-copperfield
Doctor,Strong,1947,david-copperfield
Strong,Doctor,1947,david-copperfield
Annie,John Maldon,1949,david-copperfield
Annie,John,1949,david-copperfield
Annie,Master Copperfield,1949,david-copperfield
John Maldon,Annie,1949,david-copperfield
John Maldon,John,1949,david-copperfield
John Maldon,Master Copperfield,1949,david-copperfield
John Maldon,Annie,1949,david-copperfield
John,Annie,1949,david-copperfield
John,John Maldon,1949,david-copperfield
John,Master Copperfield,1949,david-copperfield
John,Annie,1949,david-copperfield
Master Copperfield,Annie,1949,david-copperfield
Master Copperfield,John Maldon,1949,david-copperfield
Master Copperfield,John,1949,david-copperfield
Master Copperfield,Annie,1949,david-copperfield
Annie,John Maldon,1949,david-copperfield
Annie,John,1949,david-copperfield
Annie,Master Copperfield,1949,david-copperfield
Mr. Jack Maldon,Annie,1952,david-copperfield
Annie,Mr. Jack Maldon,1952,david-copperfield
Mr. Jack Maldon,Markleham,1954,david-copperfield
Markleham,Mr. Jack Maldon,1954,david-copperfield
Mr. Wickfield,Annie,1957,david-copperfield
Annie,Mr. Wickfield,1957,david-copperfield
Annie,Doctor Strong,1959,david-copperfield
Annie,Mama,1959,david-copperfield
Annie,Doctor Strong,1959,david-copperfield
Annie,Doctor Strong,1959,david-copperfield
Doctor Strong,Annie,1959,david-copperfield
Doctor Strong,Annie,1959,david-copperfield
Doctor Strong,Mama,1959,david-copperfield
Doctor Strong,Annie,1959,david-copperfield
Doctor Strong,Annie,1959,david-copperfield
Doctor Strong,Annie,1959,david-copperfield
Annie,Doctor Strong,1959,david-copperfield
Annie,Mama,1959,david-copperfield
Annie,Doctor Strong,1959,david-copperfield
Annie,Doctor Strong,1959,david-copperfield
Mama,Annie,1959,david-copperfield
Mama,Doctor Strong,1959,david-copperfield
Mama,Annie,1959,david-copperfield
Mama,Doctor Strong,1959,david-copperfield
Mama,Annie,1959,david-copperfield
Mama,Annie,1959,david-copperfield
Mama,Annie,1959,david-copperfield
Mama,Doctor Strong,1959,david-copperfield
Doctor Strong,Annie,1959,david-copperfield
Doctor Strong,Annie,1959,david-copperfield
Doctor Strong,Mama,1959,david-copperfield
Doctor Strong,Annie,1959,david-copperfield
Doctor Strong,Annie,1959,david-copperfield
Doctor Strong,Annie,1959,david-copperfield
Annie,Doctor Strong,1959,david-copperfield
Annie,Mama,1959,david-copperfield
Annie,Doctor Strong,1959,david-copperfield
Annie,Doctor Strong,1959,david-copperfield
Annie,Doctor Strong,1959,david-copperfield
Annie,Mama,1959,david-copperfield
Annie,Doctor Strong,1959,david-copperfield
Annie,Doctor Strong,1959,david-copperfield
Annie,Doctor Strong,1959,david-copperfield
Annie,Mama,1959,david-copperfield
Annie,Doctor Strong,1959,david-copperfield
Annie,Doctor Strong,1959,david-copperfield
Doctor Strong,Annie,1959,david-copperfield
Doctor Strong,Annie,1959,david-copperfield
Doctor Strong,Mama,1959,david-copperfield
Doctor Strong,Annie,1959,david-copperfield
Doctor Strong,Annie,1959,david-copperfield
Doctor Strong,Annie,1959,david-copperfield
Doctor,Mr. Wickfield,1962,david-copperfield
Mr. Wickfield,Doctor,1962,david-copperfield
Adams,Mr. Jack Maldon,1970,david-copperfield
Adams,Mr. Jack Maldon,1970,david-copperfield
Mr. Jack Maldon,Adams,1970,david-copperfield
Mr. Jack Maldon,Adams,1970,david-copperfield
Strong,Maldon,1971,david-copperfield
Strong,Doctor,1971,david-copperfield
Maldon,Strong,1971,david-copperfield
Maldon,Doctor,1971,david-copperfield
Doctor,Strong,1971,david-copperfield
Doctor,Maldon,1971,david-copperfield
Strong,Maldon,1972,david-copperfield
Strong,Doctor,1972,david-copperfield
Maldon,Strong,1972,david-copperfield
Maldon,Doctor,1972,david-copperfield
Doctor,Strong,1972,david-copperfield
Doctor,Maldon,1972,david-copperfield
Annie,Jack,1975,david-copperfield
Annie,Mr. Jack Maldon,1975,david-copperfield
Jack,Annie,1975,david-copperfield
Jack,Mr. Jack Maldon,1975,david-copperfield
Mr. Jack Maldon,Annie,1975,david-copperfield
Mr. Jack Maldon,Jack,1975,david-copperfield
Mr. Jack Maldon,Annie,1977,david-copperfield
Annie,Mr. Jack Maldon,1977,david-copperfield
Mr. Jack Maldon,Markleham,1981,david-copperfield
Mr. Jack Maldon,Annie,1981,david-copperfield
Markleham,Mr. Jack Maldon,1981,david-copperfield
Markleham,Annie,1981,david-copperfield
Annie,Mr. Jack Maldon,1981,david-copperfield
Annie,Markleham,1981,david-copperfield
Annie,See,1985,david-copperfield
See,Annie,1985,david-copperfield
Mr. Wickfield,Agnes,1990,david-copperfield
Mr. Wickfield,Agnes,1990,david-copperfield
Agnes,Mr. Wickfield,1990,david-copperfield
Agnes,Mr. Wickfield,1990,david-copperfield
Mr. Wickfield,Agnes,1990,david-copperfield
Mr. Wickfield,Agnes,1990,david-copperfield
Agnes,Mr. Wickfield,1990,david-copperfield
Agnes,Mr. Wickfield,1990,david-copperfield
Peggotty,Mr. Dick,1998,david-copperfield
Mr. Dick,Peggotty,1998,david-copperfield
Mr.,Miss Murdstone,2001,david-copperfield
Miss Murdstone,Mr.,2001,david-copperfield
Mr. Barkis,Mr. Peggotty,2002,david-copperfield
Mr. Barkis,Ham,2002,david-copperfield
Mr. Barkis,Peggotty,2002,david-copperfield
Mr. Peggotty,Mr. Barkis,2002,david-copperfield
Mr. Peggotty,Ham,2002,david-copperfield
Mr. Peggotty,Peggotty,2002,david-copperfield
Ham,Mr. Barkis,2002,david-copperfield
Ham,Mr. Peggotty,2002,david-copperfield
Ham,Peggotty,2002,david-copperfield
Peggotty,Mr. Barkis,2002,david-copperfield
Peggotty,Mr. Peggotty,2002,david-copperfield
Peggotty,Ham,2002,david-copperfield
Mr.,Dick,2005,david-copperfield
Mr.,Mr. Dick,2005,david-copperfield
Dick,Mr.,2005,david-copperfield
Dick,Mr. Dick,2005,david-copperfield
Mr. Dick,Mr.,2005,david-copperfield
Mr. Dick,Dick,2005,david-copperfield
Mr.,Dick,2008,david-copperfield
Dick,Mr.,2008,david-copperfield
Mr. Dick,Charles,2009,david-copperfield
Charles,Mr. Dick,2009,david-copperfield
Mr. Dick,Charles,2017,david-copperfield
Mr. Dick,Miss Trotwood,2017,david-copperfield
Charles,Mr. Dick,2017,david-copperfield
Charles,Miss Trotwood,2017,david-copperfield
Miss Trotwood,Mr. Dick,2017,david-copperfield
Miss Trotwood,Charles,2017,david-copperfield
Mr. Dick,Never,2023,david-copperfield
Never,Mr. Dick,2023,david-copperfield
Mr.,Dick,2027,david-copperfield
Mr.,Mr. Dick,2027,david-copperfield
Dick,Mr.,2027,david-copperfield
Dick,Mr. Dick,2027,david-copperfield
Mr. Dick,Mr.,2027,david-copperfield
Mr. Dick,Dick,2027,david-copperfield
Mr. Dick,Charles,2029,david-copperfield
Charles,Mr. Dick,2029,david-copperfield
Mr.,Dick,2031,david-copperfield
Mr.,Doctor Strong,2031,david-copperfield
Mr.,Mr. Dick,2031,david-copperfield
Mr.,Mr. Dick,2031,david-copperfield
Mr.,Dick,2031,david-copperfield
Dick,Mr.,2031,david-copperfield
Dick,Doctor Strong,2031,david-copperfield
Dick,Mr. Dick,2031,david-copperfield
Dick,Mr. Dick,2031,david-copperfield
Doctor Strong,Mr.,2031,david-copperfield
Doctor Strong,Dick,2031,david-copperfield
Doctor Strong,Mr. Dick,2031,david-copperfield
Doctor Strong,Mr. Dick,2031,david-copperfield
Doctor Strong,Dick,2031,david-copperfield
Mr. Dick,Mr.,2031,david-copperfield
Mr. Dick,Dick,2031,david-copperfield
Mr. Dick,Doctor Strong,2031,david-copperfield
Mr. Dick,Dick,2031,david-copperfield
Mr. Dick,Mr.,2031,david-copperfield
Mr. Dick,Dick,2031,david-copperfield
Mr. Dick,Doctor Strong,2031,david-copperfield
Mr. Dick,Dick,2031,david-copperfield
Dick,Mr.,2031,david-copperfield
Dick,Doctor Strong,2031,david-copperfield
Dick,Mr. Dick,2031,david-copperfield
Dick,Mr. Dick,2031,david-copperfield
Mr. Dick,Doctor,2032,david-copperfield
Mr. Dick,Walk,2032,david-copperfield
Mr. Dick,Doctor,2032,david-copperfield
Mr. Dick,Walk,2032,david-copperfield
Doctor,Mr. Dick,2032,david-copperfield
Doctor,Mr. Dick,2032,david-copperfield
Doctor,Walk,2032,david-copperfield
Doctor,Mr. Dick,2032,david-copperfield
Doctor,Mr. Dick,2032,david-copperfield
Walk,Mr. Dick,2032,david-copperfield
Walk,Mr. Dick,2032,david-copperfield
Walk,Doctor,2032,david-copperfield
Walk,Mr. Dick,2032,david-copperfield
Walk,Mr. Dick,2032,david-copperfield
Mr. Dick,Doctor,2032,david-copperfield
Mr. Dick,Walk,2032,david-copperfield
Mr. Dick,Doctor,2032,david-copperfield
Mr. Dick,Walk,2032,david-copperfield
Agnes,Mr. Dick,2034,david-copperfield
Agnes,Uriah,2034,david-copperfield
Agnes,Mr. Dick,2034,david-copperfield
Mr. Dick,Agnes,2034,david-copperfield
Mr. Dick,Uriah,2034,david-copperfield
Uriah,Agnes,2034,david-copperfield
Uriah,Mr. Dick,2034,david-copperfield
Uriah,Mr. Dick,2034,david-copperfield
Mr. Dick,Agnes,2034,david-copperfield
Mr. Dick,Uriah,2034,david-copperfield
Mr. Dick,Uriah,2035,david-copperfield
Mr. Dick,Master Copperfield,2035,david-copperfield
Uriah,Mr. Dick,2035,david-copperfield
Uriah,Master Copperfield,2035,david-copperfield
Master Copperfield,Mr. Dick,2035,david-copperfield
Master Copperfield,Uriah,2035,david-copperfield
Master Copperfield,Uriah,2037,david-copperfield
Uriah,Master Copperfield,2037,david-copperfield
Uriah,Master Copperfield,2037,david-copperfield
Master Copperfield,Uriah,2037,david-copperfield
Mother,Master Copperfield,2039,david-copperfield
Master Copperfield,Mother,2039,david-copperfield
Master Copperfield,Uriah,2041,david-copperfield
Uriah,Master Copperfield,2041,david-copperfield
Master Copperfield,Mr. Tidd,2043,david-copperfield
Mr. Tidd,Master Copperfield,2043,david-copperfield
Master Copperfield,Mr. Tidd,2046,david-copperfield
Mr. Tidd,Master Copperfield,2046,david-copperfield
Uriah,Mr. Tidd,2054,david-copperfield
Uriah,Mr. Tidd,2054,david-copperfield
Uriah,Mr. Tidd,2054,david-copperfield
Mr. Tidd,Uriah,2054,david-copperfield
Mr. Tidd,Uriah,2054,david-copperfield
Mr. Tidd,Uriah,2054,david-copperfield
Mr. Wickfield,Agnes,2064,david-copperfield
Mr. Wickfield,Uriah,2064,david-copperfield
Mr. Wickfield,Uriah,2064,david-copperfield
Mr. Wickfield,Uriah,2064,david-copperfield
Agnes,Mr. Wickfield,2064,david-copperfield
Agnes,Uriah,2064,david-copperfield
Agnes,Uriah,2064,david-copperfield
Agnes,Mr. Wickfield,2064,david-copperfield
Agnes,Mr. Wickfield,2064,david-copperfield
Agnes,Mr. Wickfield,2064,david-copperfield
Agnes,Mr. Wickfield,2064,david-copperfield
Agnes,Uriah,2064,david-copperfield
Uriah,Mr. Wickfield,2064,david-copperfield
Uriah,Agnes,2064,david-copperfield
Uriah,Mr. Wickfield,2064,david-copperfield
Uriah,Mr. Wickfield,2064,david-copperfield
Uriah,Mr. Wickfield,2064,david-copperfield
Uriah,Mr. Wickfield,2064,david-copperfield
Uriah,Mr. Wickfield,2064,david-copperfield
Uriah,Agnes,2064,david-copperfield
Uriah,Mr. Wickfield,2064,david-copperfield
Uriah,Mr. Wickfield,2064,david-copperfield
Uriah,Mr. Wickfield,2064,david-copperfield
Uriah,Mr. Wickfield,2064,david-copperfield
Mr. Wickfield,Agnes,2064,david-copperfield
Mr. Wickfield,Uriah,2064,david-copperfield
Mr. Wickfield,Uriah,2064,david-copperfield
Mr. Wickfield,Uriah,2064,david-copperfield
Mr. Wickfield,Agnes,2064,david-copperfield
Mr. Wickfield,Uriah,2064,david-copperfield
Mr. Wickfield,Uriah,2064,david-copperfield
Mr. Wickfield,Uriah,2064,david-copperfield
Mr. Wickfield,Agnes,2064,david-copperfield
Mr. Wickfield,Uriah,2064,david-copperfield
Mr. Wickfield,Uriah,2064,david-copperfield
Mr. Wickfield,Uriah,2064,david-copperfield
Mr. Wickfield,Agnes,2064,david-copperfield
Mr. Wickfield,Uriah,2064,david-copperfield
Mr. Wickfield,Uriah,2064,david-copperfield
Mr. Wickfield,Uriah,2064,david-copperfield
Uriah,Mr. Wickfield,2064,david-copperfield
Uriah,Agnes,2064,david-copperfield
Uriah,Mr. Wickfield,2064,david-copperfield
Uriah,Mr. Wickfield,2064,david-copperfield
Uriah,Mr. Wickfield,2064,david-copperfield
Uriah,Mr. Wickfield,2064,david-copperfield
Mr. Micawber,Copperfield,2067,david-copperfield
Copperfield,Mr. Micawber,2067,david-copperfield
Mr. Micawber,Nature,2069,david-copperfield
Nature,Mr. Micawber,2069,david-copperfield
Nature,Mr. Micawber,2069,david-copperfield
Mr. Micawber,Nature,2069,david-copperfield
Copperfield,Mr. Micawber,2073,david-copperfield
Copperfield,Mr. Micawber,2073,david-copperfield
Mr. Micawber,Copperfield,2073,david-copperfield
Mr. Micawber,Copperfield,2073,david-copperfield
Mr. Micawber,Uriah Heep,2074,david-copperfield
Uriah Heep,Mr. Micawber,2074,david-copperfield
Uriah Heep,Mr. Micawber,2074,david-copperfield
Mr. Micawber,Uriah Heep,2074,david-copperfield
Copperfield,Mr. Micawber,2075,david-copperfield
Mr. Micawber,Copperfield,2075,david-copperfield
Mr. Micawber,Copperfield,2079,david-copperfield
Mr. Micawber,Uriah,2079,david-copperfield
Copperfield,Mr. Micawber,2079,david-copperfield
Copperfield,Uriah,2079,david-copperfield
Copperfield,Mr. Micawber,2079,david-copperfield
Uriah,Mr. Micawber,2079,david-copperfield
Uriah,Copperfield,2079,david-copperfield
Uriah,Mr. Micawber,2079,david-copperfield
Mr. Micawber,Copperfield,2079,david-copperfield
Mr. Micawber,Uriah,2079,david-copperfield
Mr.,Micawber,2083,david-copperfield
Mr.,Heep,2083,david-copperfield
Micawber,Mr.,2083,david-copperfield
Micawber,Heep,2083,david-copperfield
Heep,Mr.,2083,david-copperfield
Heep,Micawber,2083,david-copperfield
Mr. Micawber,Doctor Strong,2084,david-copperfield
Mr. Micawber,Doctor Strong,2084,david-copperfield
Doctor Strong,Mr. Micawber,2084,david-copperfield
Doctor Strong,Mr. Micawber,2084,david-copperfield
Mr. Micawber,Doctor Strong,2085,david-copperfield
Doctor Strong,Mr. Micawber,2085,david-copperfield
Mr. Micawber,Master Copperfield,2091,david-copperfield
Mr. Micawber,Master Copperfield,2091,david-copperfield
Master Copperfield,Mr. Micawber,2091,david-copperfield
Master Copperfield,Mr. Micawber,2091,david-copperfield
Master Copperfield,Mr. Micawber,2091,david-copperfield
Mr. Micawber,Master Copperfield,2091,david-copperfield
Master Copperfield,Mr. Micawber,2093,david-copperfield
Mr. Micawber,Master Copperfield,2093,david-copperfield
Mr. Micawber,Master Copperfield,2097,david-copperfield
Master Copperfield,Mr. Micawber,2097,david-copperfield
Mr. Micawber,Master Copperfield,2101,david-copperfield
Mr. Micawber,Master Copperfield,2101,david-copperfield
Master Copperfield,Mr. Micawber,2101,david-copperfield
Master Copperfield,Mr. Micawber,2101,david-copperfield
Master Copperfield,Mr. Micawber,2101,david-copperfield
Mr. Micawber,Master Copperfield,2101,david-copperfield
Mr. Micawber,Master Copperfield,2103,david-copperfield
Mr. Micawber,Master Copperfield,2103,david-copperfield
Mr. Micawber,Master Copperfield,2103,david-copperfield
Master Copperfield,Mr. Micawber,2103,david-copperfield
Master Copperfield,Mr. Micawber,2103,david-copperfield
Master Copperfield,Mr. Micawber,2103,david-copperfield
Mr.,Mr. Micawber,2104,david-copperfield
Mr.,Mr. Micawber,2104,david-copperfield
Mr.,Mr. Micawber,2104,david-copperfield
Mr. Micawber,Mr.,2104,david-copperfield
Mr. Micawber,Mr.,2104,david-copperfield
Mr. Micawber,Mr.,2104,david-copperfield
Mr. Micawber,Uriah Heep,2106,david-copperfield
Mr. Micawber,Uriah,2106,david-copperfield
Mr. Micawber,Uriah,2106,david-copperfield
Uriah Heep,Mr. Micawber,2106,david-copperfield
Uriah Heep,Uriah,2106,david-copperfield
Uriah Heep,Mr. Micawber,2106,david-copperfield
Uriah Heep,Mr. Micawber,2106,david-copperfield
Uriah Heep,Uriah,2106,david-copperfield
Uriah,Mr. Micawber,2106,david-copperfield
Uriah,Uriah Heep,2106,david-copperfield
Uriah,Mr. Micawber,2106,david-copperfield
Uriah,Mr. Micawber,2106,david-copperfield
Mr. Micawber,Uriah Heep,2106,david-copperfield
Mr. Micawber,Uriah,2106,david-copperfield
Mr. Micawber,Uriah,2106,david-copperfield
Mr. Micawber,Uriah Heep,2106,david-copperfield
Mr. Micawber,Uriah,2106,david-copperfield
Mr. Micawber,Uriah,2106,david-copperfield
Uriah,Mr. Micawber,2106,david-copperfield
Uriah,Uriah Heep,2106,david-copperfield
Uriah,Mr. Micawber,2106,david-copperfield
Uriah,Mr. Micawber,2106,david-copperfield
Mr. Micawber,Heep,2107,david-copperfield
Heep,Mr. Micawber,2107,david-copperfield
Mr.,Micawber,2110,david-copperfield
Mr.,Mr. Micawber,2110,david-copperfield
Micawber,Mr.,2110,david-copperfield
Micawber,Mr. Micawber,2110,david-copperfield
Mr. Micawber,Mr.,2110,david-copperfield
Mr. Micawber,Micawber,2110,david-copperfield
Mr. Micawber,Auld Lang Syne,2111,david-copperfield
Mr. Micawber,Willie Waught,2111,david-copperfield
Auld Lang Syne,Mr. Micawber,2111,david-copperfield
Auld Lang Syne,Willie Waught,2111,david-copperfield
Willie Waught,Mr. Micawber,2111,david-copperfield
Willie Waught,Auld Lang Syne,2111,david-copperfield
Doctor Strong,Mr. Micawber,2121,david-copperfield
Doctor Strong,Mr.,2121,david-copperfield
Doctor Strong,Mr. Micawber,2121,david-copperfield
Mr. Micawber,Doctor Strong,2121,david-copperfield
Mr. Micawber,Mr.,2121,david-copperfield
Mr.,Doctor Strong,2121,david-copperfield
Mr.,Mr. Micawber,2121,david-copperfield
Mr.,Mr. Micawber,2121,david-copperfield
Mr. Micawber,Doctor Strong,2121,david-copperfield
Mr. Micawber,Mr.,2121,david-copperfield
Agnes,Steerforth,2126,david-copperfield
Agnes,Doctor Strong,2126,david-copperfield
Steerforth,Agnes,2126,david-copperfield
Steerforth,Doctor Strong,2126,david-copperfield
Doctor Strong,Agnes,2126,david-copperfield
Doctor Strong,Steerforth,2126,david-copperfield
Miss,Miss Shepherd,2128,david-copperfield
Miss,Miss Shepherd,2128,david-copperfield
Miss,Miss Shepherd,2128,david-copperfield
Miss,Miss Shepherd,2128,david-copperfield
Miss,Miss Shepherd,2128,david-copperfield
Miss Shepherd,Miss,2128,david-copperfield
Miss Shepherd,Miss,2128,david-copperfield
Miss Shepherd,Miss,2128,david-copperfield
Miss Shepherd,Miss,2128,david-copperfield
Miss Shepherd,Miss,2128,david-copperfield
Miss Shepherd,Soft,2130,david-copperfield
Miss Shepherd,Ecstasy,2130,david-copperfield
Miss Shepherd,Soft,2130,david-copperfield
Miss Shepherd,Ecstasy,2130,david-copperfield
Soft,Miss Shepherd,2130,david-copperfield
Soft,Miss Shepherd,2130,david-copperfield
Soft,Miss Shepherd,2130,david-copperfield
Soft,Miss Shepherd,2130,david-copperfield
Soft,Ecstasy,2130,david-copperfield
Soft,Miss Shepherd,2130,david-copperfield
Miss Shepherd,Soft,2130,david-copperfield
Miss Shepherd,Ecstasy,2130,david-copperfield
Miss Shepherd,Soft,2130,david-copperfield
Miss Shepherd,Ecstasy,2130,david-copperfield
Ecstasy,Miss Shepherd,2130,david-copperfield
Ecstasy,Miss Shepherd,2130,david-copperfield
Ecstasy,Soft,2130,david-copperfield
Ecstasy,Miss Shepherd,2130,david-copperfield
Ecstasy,Miss Shepherd,2130,david-copperfield
Ecstasy,Miss Shepherd,2130,david-copperfield
Miss Shepherd,Soft,2130,david-copperfield
Miss Shepherd,Ecstasy,2130,david-copperfield
Miss,Miss Shepherd,2131,david-copperfield
Miss,Master Jones,2131,david-copperfield
Miss,Jones,2131,david-copperfield
Miss,Miss Shepherd,2131,david-copperfield
Miss,Miss Shepherd,2131,david-copperfield
Miss,Miss Shepherd,2131,david-copperfield
Miss Shepherd,Miss,2131,david-copperfield
Miss Shepherd,Master Jones,2131,david-copperfield
Miss Shepherd,Jones,2131,david-copperfield
Master Jones,Miss,2131,david-copperfield
Master Jones,Miss Shepherd,2131,david-copperfield
Master Jones,Jones,2131,david-copperfield
Master Jones,Miss Shepherd,2131,david-copperfield
Master Jones,Miss Shepherd,2131,david-copperfield
Master Jones,Miss Shepherd,2131,david-copperfield
Jones,Miss,2131,david-copperfield
Jones,Miss Shepherd,2131,david-copperfield
Jones,Master Jones,2131,david-copperfield
Jones,Miss Shepherd,2131,david-copperfield
Jones,Miss Shepherd,2131,david-copperfield
Jones,Miss Shepherd,2131,david-copperfield
Miss Shepherd,Miss,2131,david-copperfield
Miss Shepherd,Master Jones,2131,david-copperfield
Miss Shepherd,Jones,2131,david-copperfield
Miss Shepherd,Miss,2131,david-copperfield
Miss Shepherd,Master Jones,2131,david-copperfield
Miss Shepherd,Jones,2131,david-copperfield
Miss Shepherd,Miss,2131,david-copperfield
Miss Shepherd,Master Jones,2131,david-copperfield
Miss Shepherd,Jones,2131,david-copperfield
Doctor,Mr. Dick,2132,david-copperfield
Mr. Dick,Doctor,2132,david-copperfield
Adams,Doctor Strong,2136,david-copperfield
Adams,Doctor Strong,2136,david-copperfield
Doctor Strong,Adams,2136,david-copperfield
Doctor Strong,Adams,2136,david-copperfield
Doctor Strong,Adams,2136,david-copperfield
Adams,Doctor Strong,2136,david-copperfield
Mr. Wickfield,Gone,2138,david-copperfield
Mr. Wickfield,Agnes,2138,david-copperfield
Gone,Mr. Wickfield,2138,david-copperfield
Gone,Agnes,2138,david-copperfield
Agnes,Mr. Wickfield,2138,david-copperfield
Agnes,Gone,2138,david-copperfield
Larkins,Mr. Larkins,2141,david-copperfield
Mr. Larkins,Larkins,2141,david-copperfield
Mr. Larkins,Larkins,2141,david-copperfield
Larkins,Mr. Larkins,2141,david-copperfield
Larkins,Mr. Larkins,2143,david-copperfield
Larkins,Mr. Larkins,2143,david-copperfield
Larkins,Miss Larkins,2143,david-copperfield
Mr. Larkins,Larkins,2143,david-copperfield
Mr. Larkins,Larkins,2143,david-copperfield
Mr. Larkins,Larkins,2143,david-copperfield
Mr. Larkins,Miss Larkins,2143,david-copperfield
Larkins,Mr. Larkins,2143,david-copperfield
Larkins,Mr. Larkins,2143,david-copperfield
Larkins,Miss Larkins,2143,david-copperfield
Larkins,Mr. Larkins,2143,david-copperfield
Larkins,Mr. Larkins,2143,david-copperfield
Larkins,Miss Larkins,2143,david-copperfield
Mr. Larkins,Larkins,2143,david-copperfield
Mr. Larkins,Larkins,2143,david-copperfield
Mr. Larkins,Larkins,2143,david-copperfield
Mr. Larkins,Miss Larkins,2143,david-copperfield
Miss Larkins,Larkins,2143,david-copperfield
Miss Larkins,Mr. Larkins,2143,david-copperfield
Miss Larkins,Larkins,2143,david-copperfield
Miss Larkins,Larkins,2143,david-copperfield
Miss Larkins,Mr. Larkins,2143,david-copperfield
Miss Larkins,Mr. Copperfield,2144,david-copperfield
Miss Larkins,Mr. Larkins,2144,david-copperfield
Miss Larkins,Mr. Dick,2144,david-copperfield
Miss Larkins,Doctor Strong,2144,david-copperfield
Miss Larkins,Larkins,2144,david-copperfield
Miss Larkins,Mr. Larkins,2144,david-copperfield
Miss Larkins,Mr. Copperfield,2144,david-copperfield
Miss Larkins,Mr. Larkins,2144,david-copperfield
Miss Larkins,Mr. Dick,2144,david-copperfield
Miss Larkins,Doctor Strong,2144,david-copperfield
Miss Larkins,Larkins,2144,david-copperfield
Miss Larkins,Mr. Larkins,2144,david-copperfield
Mr. Copperfield,Miss Larkins,2144,david-copperfield
Mr. Copperfield,Miss Larkins,2144,david-copperfield
Mr. Copperfield,Mr. Larkins,2144,david-copperfield
Mr. Copperfield,Mr. Dick,2144,david-copperfield
Mr. Copperfield,Doctor Strong,2144,david-copperfield
Mr. Copperfield,Larkins,2144,david-copperfield
Mr. Copperfield,Mr. Larkins,2144,david-copperfield
Mr. Larkins,Miss Larkins,2144,david-copperfield
Mr. Larkins,Miss Larkins,2144,david-copperfield
Mr. Larkins,Mr. Copperfield,2144,david-copperfield
Mr. Larkins,Mr. Dick,2144,david-copperfield
Mr. Larkins,Doctor Strong,2144,david-copperfield
Mr. Larkins,Larkins,2144,david-copperfield
Mr. Dick,Miss Larkins,2144,david-copperfield
Mr. Dick,Miss Larkins,2144,david-copperfield
Mr. Dick,Mr. Copperfield,2144,david-copperfield
Mr. Dick,Mr. Larkins,2144,david-copperfield
Mr. Dick,Doctor Strong,2144,david-copperfield
Mr. Dick,Larkins,2144,david-copperfield
Mr. Dick,Mr. Larkins,2144,david-copperfield
Doctor Strong,Miss Larkins,2144,david-copperfield
Doctor Strong,Miss Larkins,2144,david-copperfield
Doctor Strong,Mr. Copperfield,2144,david-copperfield
Doctor Strong,Mr. Larkins,2144,david-copperfield
Doctor Strong,Mr. Dick,2144,david-copperfield
Doctor Strong,Larkins,2144,david-copperfield
Doctor Strong,Mr. Larkins,2144,david-copperfield
Larkins,Miss Larkins,2144,david-copperfield
Larkins,Miss Larkins,2144,david-copperfield
Larkins,Mr. Copperfield,2144,david-copperfield
Larkins,Mr. Larkins,2144,david-copperfield
Larkins,Mr. Dick,2144,david-copperfield
Larkins,Doctor Strong,2144,david-copperfield
Larkins,Mr. Larkins,2144,david-copperfield
Mr. Larkins,Miss Larkins,2144,david-copperfield
Mr. Larkins,Miss Larkins,2144,david-copperfield
Mr. Larkins,Mr. Copperfield,2144,david-copperfield
Mr. Larkins,Mr. Dick,2144,david-copperfield
Mr. Larkins,Doctor Strong,2144,david-copperfield
Mr. Larkins,Larkins,2144,david-copperfield
Miss,Larkins,2149,david-copperfield
Larkins,Miss,2149,david-copperfield
Miss Larkins,Captain Bailey,2150,david-copperfield
Captain Bailey,Miss Larkins,2150,david-copperfield
Miss Larkins,Captain Bailey,2156,david-copperfield
Captain Bailey,Miss Larkins,2156,david-copperfield
Mr. Chestle,Mr. Copperfield,2158,david-copperfield
Mr. Copperfield,Mr. Chestle,2158,david-copperfield
Mr. Chestle,Larkins,2161,david-copperfield
Larkins,Mr. Chestle,2161,david-copperfield
Mr.,Dick,2173,david-copperfield
Dick,Mr.,2173,david-copperfield
David,Mr. Dick,2187,david-copperfield
Mr. Dick,David,2187,david-copperfield
Trot,Heaven,2188,david-copperfield
Trot,Heaven,2188,david-copperfield
Heaven,Trot,2188,david-copperfield
Heaven,Trot,2188,david-copperfield
Mr. Wickfield,Agnes,2195,david-copperfield
Agnes,Mr. Wickfield,2195,david-copperfield
Uriah,Agnes,2214,david-copperfield
Agnes,Uriah,2214,david-copperfield
Doctor,Mr. Wickfield,2219,david-copperfield
Mr. Wickfield,Doctor,2219,david-copperfield
Mr. Wickfield,Agnes,2223,david-copperfield
Agnes,Mr. Wickfield,2223,david-copperfield
Jack,Annie,2226,david-copperfield
Annie,Jack,2226,david-copperfield
Mr. Maldon,Mr. Wickfield,2228,david-copperfield
Mr. Wickfield,Mr. Maldon,2228,david-copperfield
Except,Mr. Wickfield,2230,david-copperfield
Mr. Wickfield,Except,2230,david-copperfield
Say,Jack Maldon,2233,david-copperfield
Jack Maldon,Say,2233,david-copperfield
Annie,Maldon,2235,david-copperfield
Maldon,Annie,2235,david-copperfield
Markleham,Annie,2240,david-copperfield
Annie,Markleham,2240,david-copperfield
Annie,Mr. Wickfield,2241,david-copperfield
Annie,Mr. Jack Maldon,2241,david-copperfield
Mr. Wickfield,Annie,2241,david-copperfield
Mr. Wickfield,Mr. Jack Maldon,2241,david-copperfield
Mr. Jack Maldon,Annie,2241,david-copperfield
Mr. Jack Maldon,Mr. Wickfield,2241,david-copperfield
Annie,Maldon,2246,david-copperfield
Annie,Doctor,2246,david-copperfield
Annie,Maldon,2246,david-copperfield
Annie,Doctor,2246,david-copperfield
Maldon,Annie,2246,david-copperfield
Maldon,Annie,2246,david-copperfield
Maldon,Doctor,2246,david-copperfield
Maldon,Annie,2246,david-copperfield
Doctor,Annie,2246,david-copperfield
Doctor,Annie,2246,david-copperfield
Doctor,Maldon,2246,david-copperfield
Doctor,Annie,2246,david-copperfield
Annie,Maldon,2246,david-copperfield
Annie,Doctor,2246,david-copperfield
Mr.,Wickfield,2247,david-copperfield
Wickfield,Mr.,2247,david-copperfield
Doctor,Agnes,2248,david-copperfield
Doctor,Annie,2248,david-copperfield
Doctor,Mr. Wickfield,2248,david-copperfield
Doctor,Mr. Wickfield,2248,david-copperfield
Doctor,Agnes,2248,david-copperfield
Doctor,Mr. Maldon,2248,david-copperfield
Doctor,Agnes,2248,david-copperfield
Agnes,Doctor,2248,david-copperfield
Agnes,Annie,2248,david-copperfield
Agnes,Mr. Wickfield,2248,david-copperfield
Agnes,Mr. Wickfield,2248,david-copperfield
Agnes,Mr. Maldon,2248,david-copperfield
Annie,Doctor,2248,david-copperfield
Annie,Agnes,2248,david-copperfield
Annie,Mr. Wickfield,2248,david-copperfield
Annie,Mr. Wickfield,2248,david-copperfield
Annie,Agnes,2248,david-copperfield
Annie,Mr. Maldon,2248,david-copperfield
Annie,Agnes,2248,david-copperfield
Mr. Wickfield,Doctor,2248,david-copperfield
Mr. Wickfield,Agnes,2248,david-copperfield
Mr. Wickfield,Annie,2248,david-copperfield
Mr. Wickfield,Agnes,2248,david-copperfield
Mr. Wickfield,Mr. Maldon,2248,david-copperfield
Mr. Wickfield,Agnes,2248,david-copperfield
Mr. Wickfield,Doctor,2248,david-copperfield
Mr. Wickfield,Agnes,2248,david-copperfield
Mr. Wickfield,Annie,2248,david-copperfield
Mr. Wickfield,Agnes,2248,david-copperfield
Mr. Wickfield,Mr. Maldon,2248,david-copperfield
Mr. Wickfield,Agnes,2248,david-copperfield
Agnes,Doctor,2248,david-copperfield
Agnes,Annie,2248,david-copperfield
Agnes,Mr. Wickfield,2248,david-copperfield
Agnes,Mr. Wickfield,2248,david-copperfield
Agnes,Mr. Maldon,2248,david-copperfield
Mr. Maldon,Doctor,2248,david-copperfield
Mr. Maldon,Agnes,2248,david-copperfield
Mr. Maldon,Annie,2248,david-copperfield
Mr. Maldon,Mr. Wickfield,2248,david-copperfield
Mr. Maldon,Mr. Wickfield,2248,david-copperfield
Mr. Maldon,Agnes,2248,david-copperfield
Mr. Maldon,Agnes,2248,david-copperfield
Agnes,Doctor,2248,david-copperfield
Agnes,Annie,2248,david-copperfield
Agnes,Mr. Wickfield,2248,david-copperfield
Agnes,Mr. Wickfield,2248,david-copperfield
Agnes,Mr. Maldon,2248,david-copperfield
Agnes,Mr. Wickfield,2249,david-copperfield
Mr. Wickfield,Agnes,2249,david-copperfield
Mr. Wickfield,Agnes,2249,david-copperfield
Agnes,Mr. Wickfield,2249,david-copperfield
Agnes,Uriah Heep,2251,david-copperfield
Uriah Heep,Agnes,2251,david-copperfield
Birds,William,2258,david-copperfield
William,Birds,2258,david-copperfield
Suffolk,William,2260,david-copperfield
William,Suffolk,2260,david-copperfield
Ain,William,2268,david-copperfield
William,Ain,2268,david-copperfield
Salem House,Mr. Creakle,2277,david-copperfield
Mr. Creakle,Salem House,2277,david-copperfield
Trotwood Copperfield,Esquire,2284,david-copperfield
Esquire,Trotwood Copperfield,2284,david-copperfield
Covent Garden Theatre,Julius Caesar,2286,david-copperfield
Julius Caesar,Covent Garden Theatre,2286,david-copperfield
Davy,Daisy,2307,david-copperfield
Davy,Holloa,2307,david-copperfield
Daisy,Davy,2307,david-copperfield
Daisy,Holloa,2307,david-copperfield
Holloa,Davy,2307,david-copperfield
Holloa,Daisy,2307,david-copperfield
Mr. Copperfield,Steerforth,2309,david-copperfield
Steerforth,Mr. Copperfield,2309,david-copperfield
Steerforth,Mr. Copperfield,2313,david-copperfield
Mr. Copperfield,Steerforth,2313,david-copperfield
Steerforth,Daisy,2328,david-copperfield
Daisy,Steerforth,2328,david-copperfield
Steerforth,James,2334,david-copperfield
James,Steerforth,2334,david-copperfield
Miss Dartle,Steerforth,2337,david-copperfield
Miss Dartle,Steerforth,2337,david-copperfield
Miss Dartle,Steerforth,2337,david-copperfield
Steerforth,Miss Dartle,2337,david-copperfield
Steerforth,Miss Dartle,2337,david-copperfield
Steerforth,Miss Dartle,2337,david-copperfield
Steerforth,Miss Dartle,2337,david-copperfield
Steerforth,Miss Dartle,2337,david-copperfield
Steerforth,Miss Dartle,2337,david-copperfield
Miss Dartle,Steerforth,2337,david-copperfield
Miss Dartle,Steerforth,2337,david-copperfield
Miss Dartle,Steerforth,2337,david-copperfield
Rosa,Steerforth,2338,david-copperfield
Steerforth,Rosa,2338,david-copperfield
Miss Dartle,Steerforth,2346,david-copperfield
Miss Dartle,Mr. Peggotty,2346,david-copperfield
Steerforth,Miss Dartle,2346,david-copperfield
Steerforth,Mr. Peggotty,2346,david-copperfield
Mr. Peggotty,Miss Dartle,2346,david-copperfield
Mr. Peggotty,Steerforth,2346,david-copperfield
Miss Dartle,Live,2355,david-copperfield
Live,Miss Dartle,2355,david-copperfield
Steerforth,Miss Dartle,2356,david-copperfield
Miss Dartle,Steerforth,2356,david-copperfield
Mr. Creakle,Steerforth,2369,david-copperfield
Steerforth,Mr. Creakle,2369,david-copperfield
Miss,Dartle,2378,david-copperfield
Miss,Steerforth,2378,david-copperfield
Dartle,Miss,2378,david-copperfield
Dartle,Steerforth,2378,david-copperfield
Steerforth,Miss,2378,david-copperfield
Steerforth,Dartle,2378,david-copperfield
Steerforth,Miss Dartle,2379,david-copperfield
Miss Dartle,Steerforth,2379,david-copperfield
Steerforth,Traddles,2383,david-copperfield
Steerforth,Salem House,2383,david-copperfield
Steerforth,Traddles,2383,david-copperfield
Steerforth,Salem House,2383,david-copperfield
Traddles,Steerforth,2383,david-copperfield
Traddles,Steerforth,2383,david-copperfield
Traddles,Salem House,2383,david-copperfield
Traddles,Steerforth,2383,david-copperfield
Salem House,Steerforth,2383,david-copperfield
Salem House,Steerforth,2383,david-copperfield
Salem House,Traddles,2383,david-copperfield
Salem House,Steerforth,2383,david-copperfield
Steerforth,Traddles,2383,david-copperfield
Steerforth,Salem House,2383,david-copperfield
Peter,Tom,2390,david-copperfield
Peter,Littimer,2390,david-copperfield
Tom,Peter,2390,david-copperfield
Tom,Littimer,2390,david-copperfield
Littimer,Peter,2390,david-copperfield
Littimer,Tom,2390,david-copperfield
Steerforth,Miss Dartle,2400,david-copperfield
Steerforth,Miss Dartle,2400,david-copperfield
Miss Dartle,Steerforth,2400,david-copperfield
Miss Dartle,Steerforth,2400,david-copperfield
Steerforth,Littimer,2401,david-copperfield
Steerforth,Littimer,2401,david-copperfield
Steerforth,Littimer,2401,david-copperfield
Littimer,Steerforth,2401,david-copperfield
Littimer,Steerforth,2401,david-copperfield
Littimer,Steerforth,2401,david-copperfield
Steerforth,Miss Dartle,2404,david-copperfield
Steerforth,Littimer,2404,david-copperfield
Miss Dartle,Steerforth,2404,david-copperfield
Miss Dartle,Littimer,2404,david-copperfield
Littimer,Steerforth,2404,david-copperfield
Littimer,Miss Dartle,2404,david-copperfield
Steerforth,Mr. Peggotty,2405,david-copperfield
Steerforth,Mr. Peggotty,2405,david-copperfield
Mr. Peggotty,Steerforth,2405,david-copperfield
Mr. Peggotty,Steerforth,2405,david-copperfield
Mr. Omer,Joram,2418,david-copperfield
Joram,Mr. Omer,2418,david-copperfield
Minnie,Joe,2421,david-copperfield
Joe,Minnie,2421,david-copperfield
Servant,Mr. Omer,2423,david-copperfield
Servant,Mr. Omer,2423,david-copperfield
Mr. Omer,Servant,2423,david-copperfield
Mr. Omer,Servant,2423,david-copperfield
Don,Mr. Joram,2427,david-copperfield
Mr. Joram,Don,2427,david-copperfield
Mr. Omer,Minnie,2428,david-copperfield
Minnie,Mr. Omer,2428,david-copperfield
Mr.,Omer,2433,david-copperfield
Omer,Mr.,2433,david-copperfield
Mr. Omer,Joram,2434,david-copperfield
Mr. Omer,Joram,2434,david-copperfield
Mr. Omer,Minnie,2434,david-copperfield
Joram,Mr. Omer,2434,david-copperfield
Joram,Minnie,2434,david-copperfield
Joram,Mr. Omer,2434,david-copperfield
Joram,Minnie,2434,david-copperfield
Minnie,Mr. Omer,2434,david-copperfield
Minnie,Joram,2434,david-copperfield
Minnie,Joram,2434,david-copperfield
Mr. Omer,Joram,2436,david-copperfield
Joram,Mr. Omer,2436,david-copperfield
Mr. Omer,Barkis,2438,david-copperfield
Mr. Omer,Peggotty,2438,david-copperfield
Barkis,Mr. Omer,2438,david-copperfield
Barkis,Peggotty,2438,david-copperfield
Peggotty,Mr. Omer,2438,david-copperfield
Peggotty,Barkis,2438,david-copperfield
Nonsense,Minnie,2443,david-copperfield
Minnie,Nonsense,2443,david-copperfield
Mr. Omer,Couldn,2446,david-copperfield
Couldn,Mr. Omer,2446,david-copperfield
Mr.,Omer,2450,david-copperfield
Mr.,Mr. Omer,2450,david-copperfield
Mr.,Minnie,2450,david-copperfield
Omer,Mr.,2450,david-copperfield
Omer,Mr. Omer,2450,david-copperfield
Omer,Minnie,2450,david-copperfield
Mr. Omer,Mr.,2450,david-copperfield
Mr. Omer,Omer,2450,david-copperfield
Mr. Omer,Minnie,2450,david-copperfield
Minnie,Mr.,2450,david-copperfield
Minnie,Omer,2450,david-copperfield
Minnie,Mr. Omer,2450,david-copperfield
Mr. Omer,Minnie,2452,david-copperfield
Minnie,Mr. Omer,2452,david-copperfield
Mr. Omer,Minnie,2455,david-copperfield
Minnie,Mr. Omer,2455,david-copperfield
Wouldn,Mr. Omer,2457,david-copperfield
Mr. Omer,Wouldn,2457,david-copperfield
Mr. Omer,Peggotty,2458,david-copperfield
Peggotty,Mr. Omer,2458,david-copperfield
Barkis,Peggotty,2471,david-copperfield
Peggotty,Barkis,2471,david-copperfield
Peggotty,Mr. Barkis,2472,david-copperfield
Mr. Barkis,Peggotty,2472,david-copperfield
Mr.,Barkis,2481,david-copperfield
Barkis,Mr.,2481,david-copperfield
Money,Mr. Barkis,2488,david-copperfield
Mr. Barkis,Money,2488,david-copperfield
Mr. Barkis,Mr. David,2494,david-copperfield
Mr. David,Mr. Barkis,2494,david-copperfield
Peggotty,Mr. Barkis,2495,david-copperfield
Mr. Barkis,Peggotty,2495,david-copperfield
Mr. Barkis,Peggotty,2495,david-copperfield
Peggotty,Mr. Barkis,2495,david-copperfield
Peggotty,Steerforth,2496,david-copperfield
Steerforth,Peggotty,2496,david-copperfield
Mr. Peggotty,Ham,2508,david-copperfield
Ham,Mr. Peggotty,2508,david-copperfield
Mas,Davy,2509,david-copperfield
Mas,Davy,2509,david-copperfield
Davy,Mas,2509,david-copperfield
Davy,Mas,2509,david-copperfield
Mas,Davy,2509,david-copperfield
Mas,Davy,2509,david-copperfield
Davy,Mas,2509,david-copperfield
Davy,Mas,2509,david-copperfield
Mr. Peggotty,Steerforth,2510,david-copperfield
Steerforth,Mr. Peggotty,2510,david-copperfield
Mr. Peggotty,Mas,2511,david-copperfield
Mr. Peggotty,Davy,2511,david-copperfield
Mr. Peggotty,Em,2511,david-copperfield
Mr. Peggotty,Mas,2511,david-copperfield
Mr. Peggotty,Davy,2511,david-copperfield
Mas,Mr. Peggotty,2511,david-copperfield
Mas,Davy,2511,david-copperfield
Mas,Em,2511,david-copperfield
Mas,Davy,2511,david-copperfield
Davy,Mr. Peggotty,2511,david-copperfield
Davy,Mas,2511,david-copperfield
Davy,Em,2511,david-copperfield
Davy,Mas,2511,david-copperfield
Em,Mr. Peggotty,2511,david-copperfield
Em,Mas,2511,david-copperfield
Em,Davy,2511,david-copperfield
Em,Mas,2511,david-copperfield
Em,Davy,2511,david-copperfield
Mas,Mr. Peggotty,2511,david-copperfield
Mas,Davy,2511,david-copperfield
Mas,Em,2511,david-copperfield
Mas,Davy,2511,david-copperfield
Davy,Mr. Peggotty,2511,david-copperfield
Davy,Mas,2511,david-copperfield
Davy,Em,2511,david-copperfield
Davy,Mas,2511,david-copperfield
Ham,Well,2514,david-copperfield
Ham,Mas,2514,david-copperfield
Ham,Davy,2514,david-copperfield
Well,Ham,2514,david-copperfield
Well,Mas,2514,david-copperfield
Well,Davy,2514,david-copperfield
Mas,Ham,2514,david-copperfield
Mas,Well,2514,david-copperfield
Mas,Davy,2514,david-copperfield
Davy,Ham,2514,david-copperfield
Davy,Well,2514,david-copperfield
Davy,Mas,2514,david-copperfield
Mr. Peggotty,Mawther,2515,david-copperfield
Mawther,Mr. Peggotty,2515,david-copperfield
Steerforth,Mr. Peggotty,2518,david-copperfield
Mr. Peggotty,Steerforth,2518,david-copperfield
Mr. Peggotty,Thankee,2519,david-copperfield
Thankee,Mr. Peggotty,2519,david-copperfield
Mr. Peggotty,Mas,2523,david-copperfield
Mr. Peggotty,Davy,2523,david-copperfield
Mr. Peggotty,Missis Gummidge,2523,david-copperfield
Mas,Mr. Peggotty,2523,david-copperfield
Mas,Davy,2523,david-copperfield
Mas,Mr. Peggotty,2523,david-copperfield
Mas,Missis Gummidge,2523,david-copperfield
Mas,Mr. Peggotty,2523,david-copperfield
Davy,Mr. Peggotty,2523,david-copperfield
Davy,Mas,2523,david-copperfield
Davy,Mr. Peggotty,2523,david-copperfield
Davy,Missis Gummidge,2523,david-copperfield
Davy,Mr. Peggotty,2523,david-copperfield
Mr. Peggotty,Mas,2523,david-copperfield
Mr. Peggotty,Davy,2523,david-copperfield
Mr. Peggotty,Missis Gummidge,2523,david-copperfield
Missis Gummidge,Mr. Peggotty,2523,david-copperfield
Missis Gummidge,Mas,2523,david-copperfield
Missis Gummidge,Davy,2523,david-copperfield
Missis Gummidge,Mr. Peggotty,2523,david-copperfield
Missis Gummidge,Mr. Peggotty,2523,david-copperfield
Mr. Peggotty,Mas,2523,david-copperfield
Mr. Peggotty,Davy,2523,david-copperfield
Mr. Peggotty,Missis Gummidge,2523,david-copperfield
Mr. Peggotty,God,2526,david-copperfield
God,Mr. Peggotty,2526,david-copperfield
Mr. Peggotty,Ham,2527,david-copperfield
Ham,Mr. Peggotty,2527,david-copperfield
Em,Uncle,2528,david-copperfield
Em,Uncle,2528,david-copperfield
Uncle,Em,2528,david-copperfield
Uncle,Em,2528,david-copperfield
Mr.,Peggotty,2529,david-copperfield
Mr.,Steerforth,2529,david-copperfield
Peggotty,Mr.,2529,david-copperfield
Peggotty,Steerforth,2529,david-copperfield
Steerforth,Mr.,2529,david-copperfield
Steerforth,Peggotty,2529,david-copperfield
Uncle,Mr. Peggotty,2530,david-copperfield
Uncle,Missis Gummidge,2530,david-copperfield
Uncle,Mr. Peggotty,2530,david-copperfield
Mr. Peggotty,Uncle,2530,david-copperfield
Mr. Peggotty,Missis Gummidge,2530,david-copperfield
Missis Gummidge,Uncle,2530,david-copperfield
Missis Gummidge,Mr. Peggotty,2530,david-copperfield
Missis Gummidge,Mr. Peggotty,2530,david-copperfield
Mr. Peggotty,Uncle,2530,david-copperfield
Mr. Peggotty,Missis Gummidge,2530,david-copperfield
Ham,Mr. Peggotty,2531,david-copperfield
Mr. Peggotty,Ham,2531,david-copperfield
Mas,Davy,2532,david-copperfield
Mas,Davy,2532,david-copperfield
Davy,Mas,2532,david-copperfield
Davy,Mas,2532,david-copperfield
Mas,Davy,2532,david-copperfield
Mas,Davy,2532,david-copperfield
Davy,Mas,2532,david-copperfield
Davy,Mas,2532,david-copperfield
Ham,Mr. Peggotty,2533,david-copperfield
Mr. Peggotty,Ham,2533,david-copperfield
Peggotty,Daisy,2535,david-copperfield
Peggotty,Mr. Peggotty,2535,david-copperfield
Daisy,Peggotty,2535,david-copperfield
Daisy,Mr. Peggotty,2535,david-copperfield
Mr. Peggotty,Peggotty,2535,david-copperfield
Mr. Peggotty,Daisy,2535,david-copperfield
Mr. Peggotty,Ham,2536,david-copperfield
Mr. Peggotty,Steerforth,2536,david-copperfield
Ham,Mr. Peggotty,2536,david-copperfield
Ham,Steerforth,2536,david-copperfield
Ham,Mr. Peggotty,2536,david-copperfield
Ham,Mr. Peggotty,2536,david-copperfield
Steerforth,Mr. Peggotty,2536,david-copperfield
Steerforth,Ham,2536,david-copperfield
Steerforth,Mr. Peggotty,2536,david-copperfield
Steerforth,Mr. Peggotty,2536,david-copperfield
Mr. Peggotty,Ham,2536,david-copperfield
Mr. Peggotty,Steerforth,2536,david-copperfield
Mr. Peggotty,Ham,2536,david-copperfield
Mr. Peggotty,Steerforth,2536,david-copperfield
Steerforth,Mr. Peggotty,2537,david-copperfield
Steerforth,Mr. Peggotty,2537,david-copperfield
Mr. Peggotty,Steerforth,2537,david-copperfield
Mr. Peggotty,Steerforth,2537,david-copperfield
Steerforth,Mr. Peggotty,2537,david-copperfield
Steerforth,Mr. Peggotty,2537,david-copperfield
Mr. Peggotty,Steerforth,2537,david-copperfield
Mr. Peggotty,Steerforth,2537,david-copperfield
Steerforth,Miss Dartle,2545,david-copperfield
Miss Dartle,Steerforth,2545,david-copperfield
Miss Dartle,Steerforth,2545,david-copperfield
Steerforth,Miss Dartle,2545,david-copperfield
Mr. Peggotty,Peggotty,2549,david-copperfield
Mr. Peggotty,Mr. Barkis,2549,david-copperfield
Mr. Peggotty,Steerforth,2549,david-copperfield
Peggotty,Mr. Peggotty,2549,david-copperfield
Peggotty,Mr. Barkis,2549,david-copperfield
Peggotty,Steerforth,2549,david-copperfield
Peggotty,Mr. Peggotty,2549,david-copperfield
Mr. Barkis,Mr. Peggotty,2549,david-copperfield
Mr. Barkis,Peggotty,2549,david-copperfield
Mr. Barkis,Steerforth,2549,david-copperfield
Mr. Barkis,Mr. Peggotty,2549,david-copperfield
Steerforth,Mr. Peggotty,2549,david-copperfield
Steerforth,Peggotty,2549,david-copperfield
Steerforth,Mr. Barkis,2549,david-copperfield
Steerforth,Mr. Peggotty,2549,david-copperfield
Mr. Peggotty,Peggotty,2549,david-copperfield
Mr. Peggotty,Mr. Barkis,2549,david-copperfield
Mr. Peggotty,Steerforth,2549,david-copperfield
Steerforth,Hence,2550,david-copperfield
Hence,Steerforth,2550,david-copperfield
Mr.,Mr. Chillip,2553,david-copperfield
Mr. Chillip,Mr.,2553,david-copperfield
Mr. Peggotty,Steerforth,2555,david-copperfield
Steerforth,Mr. Peggotty,2555,david-copperfield
Steerforth,David,2566,david-copperfield
David,Steerforth,2566,david-copperfield
Tut,Daisy,2572,david-copperfield
Daisy,Tut,2572,david-copperfield
Macbeth,Daisy,2576,david-copperfield
Daisy,Macbeth,2576,david-copperfield
Mr. Peggotty,Steerforth,2579,david-copperfield
Steerforth,Mr. Peggotty,2579,david-copperfield
Steerforth,Littimer,2597,david-copperfield
Littimer,Steerforth,2597,david-copperfield
Steerforth,Stormy Petrel,2603,david-copperfield
Steerforth,Mr. Peggotty,2603,david-copperfield
Steerforth,Stormy Petrels,2603,david-copperfield
Stormy Petrel,Steerforth,2603,david-copperfield
Stormy Petrel,Mr. Peggotty,2603,david-copperfield
Stormy Petrel,Stormy Petrels,2603,david-copperfield
Mr. Peggotty,Steerforth,2603,david-copperfield
Mr. Peggotty,Stormy Petrel,2603,david-copperfield
Mr. Peggotty,Stormy Petrels,2603,david-copperfield
Stormy Petrels,Steerforth,2603,david-copperfield
Stormy Petrels,Stormy Petrel,2603,david-copperfield
Stormy Petrels,Mr. Peggotty,2603,david-copperfield
Steerforth,Miss Dartle,2620,david-copperfield
Miss Dartle,Steerforth,2620,david-copperfield
Daisy,Steerforth,2627,david-copperfield
Steerforth,Daisy,2627,david-copperfield
Steerforth,Miss Mowcher,2629,david-copperfield
Miss Mowcher,Steerforth,2629,david-copperfield
Miss Mowcher,Steerforth,2632,david-copperfield
Miss Mowcher,Steerforth,2632,david-copperfield
Steerforth,Miss Mowcher,2632,david-copperfield
Steerforth,Miss Mowcher,2632,david-copperfield
Miss,Mowcher,2634,david-copperfield
Mowcher,Miss,2634,david-copperfield
Lady Mithers,Steerforth,2638,david-copperfield
Steerforth,Lady Mithers,2638,david-copperfield
Walker,Miss Mowcher,2641,david-copperfield
Miss Mowcher,Walker,2641,david-copperfield
Copperfield,Steerforth,2645,david-copperfield
Steerforth,Copperfield,2645,david-copperfield
Miss Mowcher,Mr. Copperfield,2646,david-copperfield
Mr. Copperfield,Miss Mowcher,2646,david-copperfield
Miss Mowcher,Steerforth,2650,david-copperfield
Steerforth,Miss Mowcher,2650,david-copperfield
Pays,Miss Mowcher,2655,david-copperfield
Miss Mowcher,Pays,2655,david-copperfield
Miss,Mowcher,2657,david-copperfield
Miss,Couldn,2657,david-copperfield
Miss,Steerforth,2657,david-copperfield
Mowcher,Miss,2657,david-copperfield
Mowcher,Couldn,2657,david-copperfield
Mowcher,Steerforth,2657,david-copperfield
Couldn,Miss,2657,david-copperfield
Couldn,Mowcher,2657,david-copperfield
Couldn,Steerforth,2657,david-copperfield
Steerforth,Miss,2657,david-copperfield
Steerforth,Mowcher,2657,david-copperfield
Steerforth,Couldn,2657,david-copperfield
Steerforth,Miss Mowcher,2659,david-copperfield
Miss Mowcher,Steerforth,2659,david-copperfield
Miss Mowcher,Bond,2665,david-copperfield
Bond,Miss Mowcher,2665,david-copperfield
Charley Pyegrave,Charley,2669,david-copperfield
Charley,Charley Pyegrave,2669,david-copperfield
Charley,Steerforth,2674,david-copperfield
Steerforth,Charley,2674,david-copperfield
Miss Mowcher,Charley,2677,david-copperfield
Miss Mowcher,Charley,2677,david-copperfield
Charley,Miss Mowcher,2677,david-copperfield
Charley,Miss Mowcher,2677,david-copperfield
Charley,Miss Mowcher,2677,david-copperfield
Charley,Miss Mowcher,2677,david-copperfield
Miss Mowcher,Charley,2677,david-copperfield
Miss Mowcher,Charley,2677,david-copperfield
Mowcher,Isn,2679,david-copperfield
Isn,Mowcher,2679,david-copperfield
Steerforth,Daisy,2684,david-copperfield
Daisy,Steerforth,2684,david-copperfield
Aha,Umph,2686,david-copperfield
Umph,Aha,2686,david-copperfield
Steerforth,Mr. Copperfield,2689,david-copperfield
Mr. Copperfield,Steerforth,2689,david-copperfield
Miss Mowcher,Polly,2690,david-copperfield
Polly,Miss Mowcher,2690,david-copperfield
Aha,Umph,2693,david-copperfield
Aha,Mr. Copperfield,2693,david-copperfield
Umph,Aha,2693,david-copperfield
Umph,Mr. Copperfield,2693,david-copperfield
Mr. Copperfield,Aha,2693,david-copperfield
Mr. Copperfield,Umph,2693,david-copperfield
Well,Steerforth,2695,david-copperfield
Well,Fatima,2695,david-copperfield
Well,Miss Mowcher,2695,david-copperfield
Well,Milliners,2695,david-copperfield
Steerforth,Well,2695,david-copperfield
Steerforth,Fatima,2695,david-copperfield
Steerforth,Miss Mowcher,2695,david-copperfield
Steerforth,Milliners,2695,david-copperfield
Fatima,Well,2695,david-copperfield
Fatima,Steerforth,2695,david-copperfield
Fatima,Miss Mowcher,2695,david-copperfield
Fatima,Milliners,2695,david-copperfield
Miss Mowcher,Well,2695,david-copperfield
Miss Mowcher,Steerforth,2695,david-copperfield
Miss Mowcher,Fatima,2695,david-copperfield
Miss Mowcher,Milliners,2695,david-copperfield
Milliners,Well,2695,david-copperfield
Milliners,Steerforth,2695,david-copperfield
Milliners,Fatima,2695,david-copperfield
Milliners,Miss Mowcher,2695,david-copperfield
Miss,Mowcher,2696,david-copperfield
Mowcher,Miss,2696,david-copperfield
Emily,Mr. Copperfield,2697,david-copperfield
Mr. Copperfield,Emily,2697,david-copperfield
Steerforth,Mr. Copperfield,2699,david-copperfield
Mr. Copperfield,Steerforth,2699,david-copperfield
Daisy,Steerforth,2700,david-copperfield
Daisy,Will,2700,david-copperfield
Steerforth,Daisy,2700,david-copperfield
Steerforth,Will,2700,david-copperfield
Will,Daisy,2700,david-copperfield
Will,Steerforth,2700,david-copperfield
Miss Mowcher,Mr. Copperfield,2709,david-copperfield
Mr. Copperfield,Miss Mowcher,2709,david-copperfield
Miss Mowcher,Ned Beadwood,2711,david-copperfield
Miss Mowcher,Ned,2711,david-copperfield
Miss Mowcher,Mr. Copperfield,2711,david-copperfield
Miss Mowcher,Bob,2711,david-copperfield
Miss Mowcher,Bob,2711,david-copperfield
Ned Beadwood,Miss Mowcher,2711,david-copperfield
Ned Beadwood,Ned,2711,david-copperfield
Ned Beadwood,Mr. Copperfield,2711,david-copperfield
Ned Beadwood,Bob,2711,david-copperfield
Ned Beadwood,Bob,2711,david-copperfield
Ned,Miss Mowcher,2711,david-copperfield
Ned,Ned Beadwood,2711,david-copperfield
Ned,Mr. Copperfield,2711,david-copperfield
Ned,Bob,2711,david-copperfield
Ned,Bob,2711,david-copperfield
Mr. Copperfield,Miss Mowcher,2711,david-copperfield
Mr. Copperfield,Ned Beadwood,2711,david-copperfield
Mr. Copperfield,Ned,2711,david-copperfield
Mr. Copperfield,Bob,2711,david-copperfield
Mr. Copperfield,Bob,2711,david-copperfield
Bob,Miss Mowcher,2711,david-copperfield
Bob,Ned Beadwood,2711,david-copperfield
Bob,Ned,2711,david-copperfield
Bob,Mr. Copperfield,2711,david-copperfield
Bob,Miss Mowcher,2711,david-copperfield
Bob,Ned Beadwood,2711,david-copperfield
Bob,Ned,2711,david-copperfield
Bob,Mr. Copperfield,2711,david-copperfield
Steerforth,Miss Mowcher,2713,david-copperfield
Miss Mowcher,Steerforth,2713,david-copperfield
Steerforth,Bob,2714,david-copperfield
Bob,Steerforth,2714,david-copperfield
Mas,Davy,2716,david-copperfield
Davy,Mas,2716,david-copperfield
Mas,Davy,2718,david-copperfield
Mas,Davy,2718,david-copperfield
Mas,Em,2718,david-copperfield
Davy,Mas,2718,david-copperfield
Davy,Mas,2718,david-copperfield
Davy,Em,2718,david-copperfield
Mas,Davy,2718,david-copperfield
Mas,Davy,2718,david-copperfield
Mas,Em,2718,david-copperfield
Davy,Mas,2718,david-copperfield
Davy,Mas,2718,david-copperfield
Davy,Em,2718,david-copperfield
Em,Mas,2718,david-copperfield
Em,Davy,2718,david-copperfield
Em,Mas,2718,david-copperfield
Em,Davy,2718,david-copperfield
Mas,Davy,2720,david-copperfield
Mas,Ham,2720,david-copperfield
Davy,Mas,2720,david-copperfield
Davy,Ham,2720,david-copperfield
Ham,Mas,2720,david-copperfield
Ham,Davy,2720,david-copperfield
Ham,Mas,2722,david-copperfield
Ham,Davy,2722,david-copperfield
Ham,Em,2722,david-copperfield
Ham,Em,2722,david-copperfield
Ham,Christ,2722,david-copperfield
Ham,Mas,2722,david-copperfield
Ham,Davy,2722,david-copperfield
Mas,Ham,2722,david-copperfield
Mas,Davy,2722,david-copperfield
Mas,Em,2722,david-copperfield
Mas,Em,2722,david-copperfield
Mas,Christ,2722,david-copperfield
Mas,Davy,2722,david-copperfield
Davy,Ham,2722,david-copperfield
Davy,Mas,2722,david-copperfield
Davy,Em,2722,david-copperfield
Davy,Em,2722,david-copperfield
Davy,Christ,2722,david-copperfield
Davy,Mas,2722,david-copperfield
Em,Ham,2722,david-copperfield
Em,Mas,2722,david-copperfield
Em,Davy,2722,david-copperfield
Em,Christ,2722,david-copperfield
Em,Mas,2722,david-copperfield
Em,Davy,2722,david-copperfield
Em,Ham,2722,david-copperfield
Em,Mas,2722,david-copperfield
Em,Davy,2722,david-copperfield
Em,Christ,2722,david-copperfield
Em,Mas,2722,david-copperfield
Em,Davy,2722,david-copperfield
Christ,Ham,2722,david-copperfield
Christ,Mas,2722,david-copperfield
Christ,Davy,2722,david-copperfield
Christ,Em,2722,david-copperfield
Christ,Em,2722,david-copperfield
Christ,Mas,2722,david-copperfield
Christ,Davy,2722,david-copperfield
Mas,Ham,2722,david-copperfield
Mas,Davy,2722,david-copperfield
Mas,Em,2722,david-copperfield
Mas,Em,2722,david-copperfield
Mas,Christ,2722,david-copperfield
Mas,Davy,2722,david-copperfield
Davy,Ham,2722,david-copperfield
Davy,Mas,2722,david-copperfield
Davy,Em,2722,david-copperfield
Davy,Em,2722,david-copperfield
Davy,Christ,2722,david-copperfield
Davy,Mas,2722,david-copperfield
Em,Martha,2723,david-copperfield
Em,Martha,2723,david-copperfield
Em,Mr. Omer,2723,david-copperfield
Martha,Em,2723,david-copperfield
Martha,Mr. Omer,2723,david-copperfield
Martha,Em,2723,david-copperfield
Martha,Mr. Omer,2723,david-copperfield
Mr. Omer,Em,2723,david-copperfield
Mr. Omer,Martha,2723,david-copperfield
Mr. Omer,Martha,2723,david-copperfield
Martha Endell,Ham,2725,david-copperfield
Martha Endell,Em,2725,david-copperfield
Ham,Martha Endell,2725,david-copperfield
Ham,Em,2725,david-copperfield
Em,Martha Endell,2725,david-copperfield
Em,Ham,2725,david-copperfield
Mas,Davy,2727,david-copperfield
Mas,Ham,2727,david-copperfield
Mas,Em,2727,david-copperfield
Mas,Christ,2727,david-copperfield
Mas,Em,2727,david-copperfield
Mas,Davy,2727,david-copperfield
Mas,Ham,2727,david-copperfield
Davy,Mas,2727,david-copperfield
Davy,Ham,2727,david-copperfield
Davy,Em,2727,david-copperfield
Davy,Christ,2727,david-copperfield
Davy,Em,2727,david-copperfield
Davy,Mas,2727,david-copperfield
Davy,Ham,2727,david-copperfield
Ham,Mas,2727,david-copperfield
Ham,Davy,2727,david-copperfield
Ham,Em,2727,david-copperfield
Ham,Christ,2727,david-copperfield
Ham,Em,2727,david-copperfield
Ham,Mas,2727,david-copperfield
Ham,Davy,2727,david-copperfield
Em,Mas,2727,david-copperfield
Em,Davy,2727,david-copperfield
Em,Ham,2727,david-copperfield
Em,Christ,2727,david-copperfield
Em,Mas,2727,david-copperfield
Em,Davy,2727,david-copperfield
Em,Ham,2727,david-copperfield
Christ,Mas,2727,david-copperfield
Christ,Davy,2727,david-copperfield
Christ,Ham,2727,david-copperfield
Christ,Em,2727,david-copperfield
Christ,Em,2727,david-copperfield
Christ,Mas,2727,david-copperfield
Christ,Davy,2727,david-copperfield
Christ,Ham,2727,david-copperfield
Em,Mas,2727,david-copperfield
Em,Davy,2727,david-copperfield
Em,Ham,2727,david-copperfield
Em,Christ,2727,david-copperfield
Em,Mas,2727,david-copperfield
Em,Davy,2727,david-copperfield
Em,Ham,2727,david-copperfield
Mas,Davy,2727,david-copperfield
Mas,Ham,2727,david-copperfield
Mas,Em,2727,david-copperfield
Mas,Christ,2727,david-copperfield
Mas,Em,2727,david-copperfield
Mas,Davy,2727,david-copperfield
Mas,Ham,2727,david-copperfield
Davy,Mas,2727,david-copperfield
Davy,Ham,2727,david-copperfield
Davy,Em,2727,david-copperfield
Davy,Christ,2727,david-copperfield
Davy,Em,2727,david-copperfield
Davy,Mas,2727,david-copperfield
Davy,Ham,2727,david-copperfield
Ham,Mas,2727,david-copperfield
Ham,Davy,2727,david-copperfield
Ham,Em,2727,david-copperfield
Ham,Christ,2727,david-copperfield
Ham,Em,2727,david-copperfield
Ham,Mas,2727,david-copperfield
Ham,Davy,2727,david-copperfield
Barkis,Mas,2729,david-copperfield
Barkis,Davy,2729,david-copperfield
Mas,Barkis,2729,david-copperfield
Mas,Davy,2729,david-copperfield
Davy,Barkis,2729,david-copperfield
Davy,Mas,2729,david-copperfield
Mas,Davy,2731,david-copperfield
Mas,Ham,2731,david-copperfield
Mas,Ham,2731,david-copperfield
Mas,Em,2731,david-copperfield
Davy,Mas,2731,david-copperfield
Davy,Ham,2731,david-copperfield
Davy,Ham,2731,david-copperfield
Davy,Em,2731,david-copperfield
Ham,Mas,2731,david-copperfield
Ham,Davy,2731,david-copperfield
Ham,Em,2731,david-copperfield
Ham,Mas,2731,david-copperfield
Ham,Davy,2731,david-copperfield
Ham,Em,2731,david-copperfield
Em,Mas,2731,david-copperfield
Em,Davy,2731,david-copperfield
Em,Ham,2731,david-copperfield
Em,Ham,2731,david-copperfield
Em,Peggotty,2733,david-copperfield
Em,So,2733,david-copperfield
Peggotty,Em,2733,david-copperfield
Peggotty,So,2733,david-copperfield
So,Em,2733,david-copperfield
So,Peggotty,2733,david-copperfield
Doen,Em,2748,david-copperfield
Doen,Ham,2748,david-copperfield
Em,Doen,2748,david-copperfield
Em,Ham,2748,david-copperfield
Em,Doen,2748,david-copperfield
Ham,Doen,2748,david-copperfield
Ham,Em,2748,david-copperfield
Ham,Doen,2748,david-copperfield
Doen,Em,2748,david-copperfield
Doen,Ham,2748,david-copperfield
Ham,Martha,2755,david-copperfield
Martha,Ham,2755,david-copperfield
Martha,Steerforth,2764,david-copperfield
Steerforth,Martha,2764,david-copperfield
Steerforth,Mr. Barkis,2765,david-copperfield
Steerforth,Peggotty,2765,david-copperfield
Steerforth,Joram,2765,david-copperfield
Mr. Barkis,Steerforth,2765,david-copperfield
Mr. Barkis,Peggotty,2765,david-copperfield
Mr. Barkis,Joram,2765,david-copperfield
Peggotty,Steerforth,2765,david-copperfield
Peggotty,Mr. Barkis,2765,david-copperfield
Peggotty,Joram,2765,david-copperfield
Joram,Steerforth,2765,david-copperfield
Joram,Mr. Barkis,2765,david-copperfield
Joram,Peggotty,2765,david-copperfield
Steerforth,Look,2778,david-copperfield
Look,Steerforth,2778,david-copperfield
Steerforth,Paul,2784,david-copperfield
Steerforth,Churchyard,2784,david-copperfield
Paul,Steerforth,2784,david-copperfield
Paul,Churchyard,2784,david-copperfield
Churchyard,Steerforth,2784,david-copperfield
Churchyard,Paul,2784,david-copperfield
Nonsense,Steerforth,2785,david-copperfield
Steerforth,Nonsense,2785,david-copperfield
Nancy,Sarah Jane,2786,david-copperfield
Nancy,Mr. Peggotty,2786,david-copperfield
Nancy,Nelson,2786,david-copperfield
Sarah Jane,Nancy,2786,david-copperfield
Sarah Jane,Mr. Peggotty,2786,david-copperfield
Sarah Jane,Nelson,2786,david-copperfield
Mr. Peggotty,Nancy,2786,david-copperfield
Mr. Peggotty,Sarah Jane,2786,david-copperfield
Mr. Peggotty,Nelson,2786,david-copperfield
Nelson,Nancy,2786,david-copperfield
Nelson,Sarah Jane,2786,david-copperfield
Nelson,Mr. Peggotty,2786,david-copperfield
Steerforth,Doctors,2788,david-copperfield
Steerforth,David,2788,david-copperfield
Doctors,Steerforth,2788,david-copperfield
Doctors,David,2788,david-copperfield
David,Steerforth,2788,david-copperfield
David,Doctors,2788,david-copperfield
Steerforth,Paul,2789,david-copperfield
Steerforth,Churchyard,2789,david-copperfield
Paul,Steerforth,2789,david-copperfield
Paul,Churchyard,2789,david-copperfield
Churchyard,Steerforth,2789,david-copperfield
Churchyard,Paul,2789,david-copperfield
Steerforth,Daisy,2790,david-copperfield
Steerforth,Doctors,2790,david-copperfield
Daisy,Steerforth,2790,david-copperfield
Daisy,Doctors,2790,david-copperfield
Doctors,Steerforth,2790,david-copperfield
Doctors,Daisy,2790,david-copperfield
Steerforth,Inn Fields,2791,david-copperfield
Inn Fields,Steerforth,2791,david-copperfield
Doctors,Steerforth,2792,david-copperfield
Doctors,Lincoln,2792,david-copperfield
Doctors,Inn Fields,2792,david-copperfield
Steerforth,Doctors,2792,david-copperfield
Steerforth,Lincoln,2792,david-copperfield
Steerforth,Inn Fields,2792,david-copperfield
Lincoln,Doctors,2792,david-copperfield
Lincoln,Steerforth,2792,david-copperfield
Lincoln,Inn Fields,2792,david-copperfield
Inn Fields,Doctors,2792,david-copperfield
Inn Fields,Steerforth,2792,david-copperfield
Inn Fields,Lincoln,2792,david-copperfield
Mr. Dick,Janet,2794,david-copperfield
Janet,Mr. Dick,2794,david-copperfield
Dick,Janet,2797,david-copperfield
Janet,Dick,2797,david-copperfield
Trot,Dick,2815,david-copperfield
Trot,Dick,2815,david-copperfield
Dick,Trot,2815,david-copperfield
Dick,Trot,2815,david-copperfield
Trot,Betsey Trotwood,2817,david-copperfield
Betsey Trotwood,Trot,2817,david-copperfield
Betsey Trotwood,Trot,2817,david-copperfield
Trot,Betsey Trotwood,2817,david-copperfield
Saint Dunstan,Paul,2822,david-copperfield
Saint Dunstan,Churchyard,2822,david-copperfield
Paul,Saint Dunstan,2822,david-copperfield
Paul,Churchyard,2822,david-copperfield
Churchyard,Saint Dunstan,2822,david-copperfield
Churchyard,Paul,2822,david-copperfield
Don,Step,2824,david-copperfield
Step,Don,2824,david-copperfield
Don,Paul,2829,david-copperfield
Don,Churchyard,2829,david-copperfield
Paul,Don,2829,david-copperfield
Paul,Churchyard,2829,david-copperfield
Churchyard,Don,2829,david-copperfield
Churchyard,Paul,2829,david-copperfield
Mr. Copperfield,Miss Trotwood,2842,david-copperfield
Mr. Copperfield,Punch,2842,david-copperfield
Mr. Copperfield,Miss Trotwood,2842,david-copperfield
Mr. Copperfield,Punch,2842,david-copperfield
Miss Trotwood,Mr. Copperfield,2842,david-copperfield
Miss Trotwood,Punch,2842,david-copperfield
Miss Trotwood,Punch,2842,david-copperfield
Punch,Mr. Copperfield,2842,david-copperfield
Punch,Miss Trotwood,2842,david-copperfield
Punch,Miss Trotwood,2842,david-copperfield
Miss Trotwood,Mr. Copperfield,2842,david-copperfield
Miss Trotwood,Punch,2842,david-copperfield
Miss Trotwood,Punch,2842,david-copperfield
Punch,Mr. Copperfield,2842,david-copperfield
Punch,Miss Trotwood,2842,david-copperfield
Punch,Miss Trotwood,2842,david-copperfield
Mr. Spenlow,Mr. Jorkins,2843,david-copperfield
Mr. Jorkins,Mr. Spenlow,2843,david-copperfield
Stamp,Mr. Spenlow,2845,david-copperfield
Stamp,Miss Trotwood,2845,david-copperfield
Stamp,Mr. Jorkins,2845,david-copperfield
Stamp,Mr. Jorkins,2845,david-copperfield
Stamp,Mr. Jorkins,2845,david-copperfield
Mr. Spenlow,Stamp,2845,david-copperfield
Mr. Spenlow,Miss Trotwood,2845,david-copperfield
Mr. Spenlow,Mr. Jorkins,2845,david-copperfield
Mr. Spenlow,Mr. Jorkins,2845,david-copperfield
Mr. Spenlow,Mr. Jorkins,2845,david-copperfield
Miss Trotwood,Stamp,2845,david-copperfield
Miss Trotwood,Mr. Spenlow,2845,david-copperfield
Miss Trotwood,Mr. Jorkins,2845,david-copperfield
Miss Trotwood,Mr. Jorkins,2845,david-copperfield
Miss Trotwood,Mr. Jorkins,2845,david-copperfield
Mr. Jorkins,Stamp,2845,david-copperfield
Mr. Jorkins,Mr. Spenlow,2845,david-copperfield
Mr. Jorkins,Miss Trotwood,2845,david-copperfield
Mr. Jorkins,Stamp,2845,david-copperfield
Mr. Jorkins,Mr. Spenlow,2845,david-copperfield
Mr. Jorkins,Miss Trotwood,2845,david-copperfield
Mr. Jorkins,Stamp,2845,david-copperfield
Mr. Jorkins,Mr. Spenlow,2845,david-copperfield
Mr. Jorkins,Miss Trotwood,2845,david-copperfield
Mr. Copperfield,Mr. Jorkins,2848,david-copperfield
Mr. Jorkins,Mr. Copperfield,2848,david-copperfield
Jorkins,Mr. Jorkins,2849,david-copperfield
Jorkins,Mr. Jorkins,2849,david-copperfield
Jorkins,Mr. Spenlow,2849,david-copperfield
Jorkins,Mr. Jorkins,2849,david-copperfield
Jorkins,Spenlow,2849,david-copperfield
Mr. Jorkins,Jorkins,2849,david-copperfield
Mr. Jorkins,Mr. Spenlow,2849,david-copperfield
Mr. Jorkins,Spenlow,2849,david-copperfield
Mr. Jorkins,Jorkins,2849,david-copperfield
Mr. Jorkins,Jorkins,2849,david-copperfield
Mr. Jorkins,Jorkins,2849,david-copperfield
Mr. Jorkins,Mr. Spenlow,2849,david-copperfield
Mr. Jorkins,Spenlow,2849,david-copperfield
Mr. Jorkins,Jorkins,2849,david-copperfield
Mr. Jorkins,Jorkins,2849,david-copperfield
Mr. Spenlow,Jorkins,2849,david-copperfield
Mr. Spenlow,Mr. Jorkins,2849,david-copperfield
Mr. Spenlow,Mr. Jorkins,2849,david-copperfield
Mr. Spenlow,Mr. Jorkins,2849,david-copperfield
Mr. Spenlow,Spenlow,2849,david-copperfield
Mr. Spenlow,Jorkins,2849,david-copperfield
Mr. Spenlow,Jorkins,2849,david-copperfield
Mr. Jorkins,Jorkins,2849,david-copperfield
Mr. Jorkins,Mr. Spenlow,2849,david-copperfield
Mr. Jorkins,Spenlow,2849,david-copperfield
Mr. Jorkins,Jorkins,2849,david-copperfield
Mr. Jorkins,Jorkins,2849,david-copperfield
Spenlow,Jorkins,2849,david-copperfield
Spenlow,Mr. Jorkins,2849,david-copperfield
Spenlow,Mr. Jorkins,2849,david-copperfield
Spenlow,Mr. Spenlow,2849,david-copperfield
Spenlow,Mr. Jorkins,2849,david-copperfield
Spenlow,Jorkins,2849,david-copperfield
Spenlow,Jorkins,2849,david-copperfield
Jorkins,Mr. Jorkins,2849,david-copperfield
Jorkins,Mr. Jorkins,2849,david-copperfield
Jorkins,Mr. Spenlow,2849,david-copperfield
Jorkins,Mr. Jorkins,2849,david-copperfield
Jorkins,Spenlow,2849,david-copperfield
Jorkins,Mr. Jorkins,2849,david-copperfield
Jorkins,Mr. Jorkins,2849,david-copperfield
Jorkins,Mr. Spenlow,2849,david-copperfield
Jorkins,Mr. Jorkins,2849,david-copperfield
Jorkins,Spenlow,2849,david-copperfield
Mr.,Spenlow,2851,david-copperfield
Mr.,Steerforth,2851,david-copperfield
Mr.,Mr. Spenlow,2851,david-copperfield
Spenlow,Mr.,2851,david-copperfield
Spenlow,Steerforth,2851,david-copperfield
Spenlow,Mr. Spenlow,2851,david-copperfield
Steerforth,Mr.,2851,david-copperfield
Steerforth,Spenlow,2851,david-copperfield
Steerforth,Mr. Spenlow,2851,david-copperfield
Mr. Spenlow,Mr.,2851,david-copperfield
Mr. Spenlow,Spenlow,2851,david-copperfield
Mr. Spenlow,Steerforth,2851,david-copperfield
Mr. Spenlow,Jorkins,2852,david-copperfield
Jorkins,Mr. Spenlow,2852,david-copperfield
Mr. Wickfield,Steerforth,2877,david-copperfield
Mr. Wickfield,Janet,2877,david-copperfield
Steerforth,Mr. Wickfield,2877,david-copperfield
Steerforth,Janet,2877,david-copperfield
Janet,Mr. Wickfield,2877,david-copperfield
Janet,Steerforth,2877,david-copperfield
Agnes,Crupp,2881,david-copperfield
Crupp,Agnes,2881,david-copperfield
Crupp,Steerforth,2885,david-copperfield
Steerforth,Crupp,2885,david-copperfield
Steerforth,Daisy,2887,david-copperfield
Daisy,Steerforth,2887,david-copperfield
Steerforth,Don,2891,david-copperfield
Don,Steerforth,2891,david-copperfield
Crupp,Next,2897,david-copperfield
Next,Crupp,2897,david-copperfield
Next,Crupp,2897,david-copperfield
Next,Crupp,2897,david-copperfield
Next,Crupp,2897,david-copperfield
Crupp,Next,2897,david-copperfield
Crupp,Next,2897,david-copperfield
Crupp,Next,2897,david-copperfield
Crupp,Don,2898,david-copperfield
Crupp,Don,2898,david-copperfield
Don,Crupp,2898,david-copperfield
Don,Crupp,2898,david-copperfield
Don,Crupp,2898,david-copperfield
Crupp,Don,2898,david-copperfield
Mock Turtle,Steerforth,2899,david-copperfield
Steerforth,Mock Turtle,2899,david-copperfield
Steerforth,Grainger,2901,david-copperfield
Steerforth,Markham,2901,david-copperfield
Steerforth,Grainger,2901,david-copperfield
Steerforth,Markham,2901,david-copperfield
Grainger,Steerforth,2901,david-copperfield
Grainger,Markham,2901,david-copperfield
Grainger,Markham,2901,david-copperfield
Markham,Steerforth,2901,david-copperfield
Markham,Grainger,2901,david-copperfield
Markham,Grainger,2901,david-copperfield
Grainger,Steerforth,2901,david-copperfield
Grainger,Markham,2901,david-copperfield
Grainger,Markham,2901,david-copperfield
Markham,Steerforth,2901,david-copperfield
Markham,Grainger,2901,david-copperfield
Markham,Grainger,2901,david-copperfield
Mr. Copperfield,Markham,2902,david-copperfield
Markham,Mr. Copperfield,2902,david-copperfield
Steerforth,Grainger,2908,david-copperfield
Grainger,Steerforth,2908,david-copperfield
Steerforth,God,2909,david-copperfield
Steerforth,Hurrah,2909,david-copperfield
God,Steerforth,2909,david-copperfield
God,Hurrah,2909,david-copperfield
Hurrah,Steerforth,2909,david-copperfield
Hurrah,God,2909,david-copperfield
Markham,Steerforth,2911,david-copperfield
Steerforth,Markham,2911,david-copperfield
Steerforth,Miss Betsey Trotwood,2912,david-copperfield
Miss Betsey Trotwood,Steerforth,2912,david-copperfield
Somebody,Grainger,2914,david-copperfield
Somebody,Markham,2914,david-copperfield
Somebody,Steerforth,2914,david-copperfield
Grainger,Somebody,2914,david-copperfield
Grainger,Markham,2914,david-copperfield
Grainger,Steerforth,2914,david-copperfield
Markham,Somebody,2914,david-copperfield
Markham,Grainger,2914,david-copperfield
Markham,Steerforth,2914,david-copperfield
Steerforth,Somebody,2914,david-copperfield
Steerforth,Grainger,2914,david-copperfield
Steerforth,Markham,2914,david-copperfield
Goori,Steerforth,2928,david-copperfield
Goori,Agnes,2928,david-copperfield
Steerforth,Goori,2928,david-copperfield
Steerforth,Agnes,2928,david-copperfield
Agnes,Goori,2928,david-copperfield
Agnes,Steerforth,2928,david-copperfield
Agnes,Beast,2930,david-copperfield
Beast,Agnes,2930,david-copperfield
Copperfield,Esquire,2934,david-copperfield
Esquire,Copperfield,2934,david-copperfield
Mr. Waterbrook,Holborn,2936,david-copperfield
Holborn,Mr. Waterbrook,2936,david-copperfield
How,Shakespeare,2937,david-copperfield
Shakespeare,How,2937,david-copperfield
Andrew,Holborn,2938,david-copperfield
Andrew,Mr. Waterbrook,2938,david-copperfield
Holborn,Andrew,2938,david-copperfield
Holborn,Mr. Waterbrook,2938,david-copperfield
Mr. Waterbrook,Andrew,2938,david-copperfield
Mr. Waterbrook,Holborn,2938,david-copperfield
Sit,Agnes,2943,david-copperfield
Sit,Don,2943,david-copperfield
Agnes,Sit,2943,david-copperfield
Agnes,Don,2943,david-copperfield
Don,Sit,2943,david-copperfield
Don,Agnes,2943,david-copperfield
Agnes,Steerforth,2959,david-copperfield
Steerforth,Agnes,2959,david-copperfield
Agnes,Miss Larkins,2965,david-copperfield
Agnes,Trotwood,2965,david-copperfield
Miss Larkins,Agnes,2965,david-copperfield
Miss Larkins,Trotwood,2965,david-copperfield
Trotwood,Agnes,2965,david-copperfield
Trotwood,Miss Larkins,2965,david-copperfield
Agnes,Steerforth,2968,david-copperfield
Agnes,Miss Dartle,2968,david-copperfield
Steerforth,Agnes,2968,david-copperfield
Steerforth,Miss Dartle,2968,david-copperfield
Miss Dartle,Agnes,2968,david-copperfield
Miss Dartle,Steerforth,2968,david-copperfield
Agnes,Uriah,2969,david-copperfield
Uriah,Agnes,2969,david-copperfield
Agnes,Papa,2983,david-copperfield
Papa,Agnes,2983,david-copperfield
Trotwood,Agnes,2985,david-copperfield
Agnes,Trotwood,2985,david-copperfield
Agnes,Don,2986,david-copperfield
Agnes,Don,2986,david-copperfield
Don,Agnes,2986,david-copperfield
Don,Agnes,2986,david-copperfield
Agnes,Don,2988,david-copperfield
Agnes,Don,2988,david-copperfield
Don,Agnes,2988,david-copperfield
Don,Agnes,2988,david-copperfield
Henry Spiker,Immense,2993,david-copperfield
Henry Spiker,Henry Spikers,2993,david-copperfield
Henry Spiker,Agnes,2993,david-copperfield
Henry Spiker,Mr. Henry Spiker,2993,david-copperfield
Immense,Henry Spiker,2993,david-copperfield
Immense,Henry Spikers,2993,david-copperfield
Immense,Agnes,2993,david-copperfield
Immense,Mr. Henry Spiker,2993,david-copperfield
Henry Spikers,Henry Spiker,2993,david-copperfield
Henry Spikers,Immense,2993,david-copperfield
Henry Spikers,Agnes,2993,david-copperfield
Henry Spikers,Mr. Henry Spiker,2993,david-copperfield
Agnes,Henry Spiker,2993,david-copperfield
Agnes,Immense,2993,david-copperfield
Agnes,Henry Spikers,2993,david-copperfield
Agnes,Mr. Henry Spiker,2993,david-copperfield
Mr. Henry Spiker,Henry Spiker,2993,david-copperfield
Mr. Henry Spiker,Immense,2993,david-copperfield
Mr. Henry Spiker,Henry Spikers,2993,david-copperfield
Mr. Henry Spiker,Agnes,2993,david-copperfield
Mr. Traddles,Salem House,2995,david-copperfield
Mr. Traddles,Tommy,2995,david-copperfield
Salem House,Mr. Traddles,2995,david-copperfield
Salem House,Tommy,2995,david-copperfield
Tommy,Mr. Traddles,2995,david-copperfield
Tommy,Salem House,2995,david-copperfield
Mr. Traddles,Tommy,2996,david-copperfield
Tommy,Mr. Traddles,2996,david-copperfield
Mr. Waterbrook,Mr. Henry Spiker,2998,david-copperfield
Mr. Henry Spiker,Mr. Waterbrook,2998,david-copperfield
Traddles,Henry Spiker,3004,david-copperfield
Traddles,Henry Spiker,3004,david-copperfield
Traddles,Mr. Copperfield,3004,david-copperfield
Henry Spiker,Traddles,3004,david-copperfield
Henry Spiker,Mr. Copperfield,3004,david-copperfield
Henry Spiker,Traddles,3004,david-copperfield
Henry Spiker,Mr. Copperfield,3004,david-copperfield
Mr. Copperfield,Traddles,3004,david-copperfield
Mr. Copperfield,Henry Spiker,3004,david-copperfield
Mr. Copperfield,Henry Spiker,3004,david-copperfield
Traddles,Mr. Waterbrook,3006,david-copperfield
Mr. Waterbrook,Traddles,3006,david-copperfield
Mr. Waterbrook,Traddles,3008,david-copperfield
Traddles,Mr. Waterbrook,3008,david-copperfield
Mr. Waterbrook,Hamlet,3010,david-copperfield
Mr. Waterbrook,Mr. Henry Spiker,3010,david-copperfield
Mr. Waterbrook,Agnes,3010,david-copperfield
Mr. Waterbrook,Uriah,3010,david-copperfield
Mr. Waterbrook,Traddles,3010,david-copperfield
Mr. Waterbrook,Agnes,3010,david-copperfield
Mr. Waterbrook,Uriah,3010,david-copperfield
Mr. Waterbrook,Blood,3010,david-copperfield
Mr. Waterbrook,Blood,3010,david-copperfield
Hamlet,Mr. Waterbrook,3010,david-copperfield
Hamlet,Mr. Henry Spiker,3010,david-copperfield
Hamlet,Agnes,3010,david-copperfield
Hamlet,Uriah,3010,david-copperfield
Hamlet,Traddles,3010,david-copperfield
Hamlet,Agnes,3010,david-copperfield
Hamlet,Uriah,3010,david-copperfield
Hamlet,Blood,3010,david-copperfield
Hamlet,Blood,3010,david-copperfield
Mr. Henry Spiker,Mr. Waterbrook,3010,david-copperfield
Mr. Henry Spiker,Hamlet,3010,david-copperfield
Mr. Henry Spiker,Agnes,3010,david-copperfield
Mr. Henry Spiker,Uriah,3010,david-copperfield
Mr. Henry Spiker,Traddles,3010,david-copperfield
Mr. Henry Spiker,Agnes,3010,david-copperfield
Mr. Henry Spiker,Uriah,3010,david-copperfield
Mr. Henry Spiker,Blood,3010,david-copperfield
Mr. Henry Spiker,Blood,3010,david-copperfield
Agnes,Mr. Waterbrook,3010,david-copperfield
Agnes,Hamlet,3010,david-copperfield
Agnes,Mr. Henry Spiker,3010,david-copperfield
Agnes,Uriah,3010,david-copperfield
Agnes,Traddles,3010,david-copperfield
Agnes,Uriah,3010,david-copperfield
Agnes,Blood,3010,david-copperfield
Agnes,Blood,3010,david-copperfield
Uriah,Mr. Waterbrook,3010,david-copperfield
Uriah,Hamlet,3010,david-copperfield
Uriah,Mr. Henry Spiker,3010,david-copperfield
Uriah,Agnes,3010,david-copperfield
Uriah,Traddles,3010,david-copperfield
Uriah,Agnes,3010,david-copperfield
Uriah,Blood,3010,david-copperfield
Uriah,Blood,3010,david-copperfield
Traddles,Mr. Waterbrook,3010,david-copperfield
Traddles,Hamlet,3010,david-copperfield
Traddles,Mr. Henry Spiker,3010,david-copperfield
Traddles,Agnes,3010,david-copperfield
Traddles,Uriah,3010,david-copperfield
Traddles,Agnes,3010,david-copperfield
Traddles,Uriah,3010,david-copperfield
Traddles,Blood,3010,david-copperfield
Traddles,Blood,3010,david-copperfield
Agnes,Mr. Waterbrook,3010,david-copperfield
Agnes,Hamlet,3010,david-copperfield
Agnes,Mr. Henry Spiker,3010,david-copperfield
Agnes,Uriah,3010,david-copperfield
Agnes,Traddles,3010,david-copperfield
Agnes,Uriah,3010,david-copperfield
Agnes,Blood,3010,david-copperfield
Agnes,Blood,3010,david-copperfield
Uriah,Mr. Waterbrook,3010,david-copperfield
Uriah,Hamlet,3010,david-copperfield
Uriah,Mr. Henry Spiker,3010,david-copperfield
Uriah,Agnes,3010,david-copperfield
Uriah,Traddles,3010,david-copperfield
Uriah,Agnes,3010,david-copperfield
Uriah,Blood,3010,david-copperfield
Uriah,Blood,3010,david-copperfield
Blood,Mr. Waterbrook,3010,david-copperfield
Blood,Hamlet,3010,david-copperfield
Blood,Mr. Henry Spiker,3010,david-copperfield
Blood,Agnes,3010,david-copperfield
Blood,Uriah,3010,david-copperfield
Blood,Traddles,3010,david-copperfield
Blood,Agnes,3010,david-copperfield
Blood,Uriah,3010,david-copperfield
Blood,Mr. Waterbrook,3010,david-copperfield
Blood,Hamlet,3010,david-copperfield
Blood,Mr. Henry Spiker,3010,david-copperfield
Blood,Agnes,3010,david-copperfield
Blood,Uriah,3010,david-copperfield
Blood,Traddles,3010,david-copperfield
Blood,Agnes,3010,david-copperfield
Blood,Uriah,3010,david-copperfield
Mr. Gulpidge,Hamlet,3011,david-copperfield
Hamlet,Mr. Gulpidge,3011,david-copperfield
Mr. Waterbrook,Blood,3013,david-copperfield
Blood,Mr. Waterbrook,3013,david-copperfield
Hamlet,Blood,3014,david-copperfield
Hamlet,Blood,3014,david-copperfield
Blood,Hamlet,3014,david-copperfield
Blood,Hamlet,3014,david-copperfield
Mr. Gulpidge,Mr. Henry Spiker,3017,david-copperfield
Mr. Henry Spiker,Mr. Gulpidge,3017,david-copperfield
Spiker,Mr. Gulpidge,3018,david-copperfield
Mr. Gulpidge,Spiker,3018,david-copperfield
Mr.,Spiker,3021,david-copperfield
Spiker,Mr.,3021,david-copperfield
Mr.,Spiker,3029,david-copperfield
Spiker,Mr.,3029,david-copperfield
Mr. Gulpidge,Waterbrook,3030,david-copperfield
Waterbrook,Mr. Gulpidge,3030,david-copperfield
Mr.,Waterbrook,3031,david-copperfield
Mr.,Mr. Spiker,3031,david-copperfield
Mr.,Mr. Gulpidge,3031,david-copperfield
Mr.,Mr. Spiker,3031,david-copperfield
Mr.,Traddles,3031,david-copperfield
Mr.,Steerforth,3031,david-copperfield
Mr.,Agnes,3031,david-copperfield
Mr.,Agnes,3031,david-copperfield
Waterbrook,Mr.,3031,david-copperfield
Waterbrook,Mr. Spiker,3031,david-copperfield
Waterbrook,Mr. Gulpidge,3031,david-copperfield
Waterbrook,Mr. Spiker,3031,david-copperfield
Waterbrook,Traddles,3031,david-copperfield
Waterbrook,Steerforth,3031,david-copperfield
Waterbrook,Agnes,3031,david-copperfield
Waterbrook,Agnes,3031,david-copperfield
Mr. Spiker,Mr.,3031,david-copperfield
Mr. Spiker,Waterbrook,3031,david-copperfield
Mr. Spiker,Mr. Gulpidge,3031,david-copperfield
Mr. Spiker,Traddles,3031,david-copperfield
Mr. Spiker,Steerforth,3031,david-copperfield
Mr. Spiker,Agnes,3031,david-copperfield
Mr. Spiker,Agnes,3031,david-copperfield
Mr. Gulpidge,Mr.,3031,david-copperfield
Mr. Gulpidge,Waterbrook,3031,david-copperfield
Mr. Gulpidge,Mr. Spiker,3031,david-copperfield
Mr. Gulpidge,Mr. Spiker,3031,david-copperfield
Mr. Gulpidge,Traddles,3031,david-copperfield
Mr. Gulpidge,Steerforth,3031,david-copperfield
Mr. Gulpidge,Agnes,3031,david-copperfield
Mr. Gulpidge,Agnes,3031,david-copperfield
Mr. Spiker,Mr.,3031,david-copperfield
Mr. Spiker,Waterbrook,3031,david-copperfield
Mr. Spiker,Mr. Gulpidge,3031,david-copperfield
Mr. Spiker,Traddles,3031,david-copperfield
Mr. Spiker,Steerforth,3031,david-copperfield
Mr. Spiker,Agnes,3031,david-copperfield
Mr. Spiker,Agnes,3031,david-copperfield
Traddles,Mr.,3031,david-copperfield
Traddles,Waterbrook,3031,david-copperfield
Traddles,Mr. Spiker,3031,david-copperfield
Traddles,Mr. Gulpidge,3031,david-copperfield
Traddles,Mr. Spiker,3031,david-copperfield
Traddles,Steerforth,3031,david-copperfield
Traddles,Agnes,3031,david-copperfield
Traddles,Agnes,3031,david-copperfield
Steerforth,Mr.,3031,david-copperfield
Steerforth,Waterbrook,3031,david-copperfield
Steerforth,Mr. Spiker,3031,david-copperfield
Steerforth,Mr. Gulpidge,3031,david-copperfield
Steerforth,Mr. Spiker,3031,david-copperfield
Steerforth,Traddles,3031,david-copperfield
Steerforth,Agnes,3031,david-copperfield
Steerforth,Agnes,3031,david-copperfield
Agnes,Mr.,3031,david-copperfield
Agnes,Waterbrook,3031,david-copperfield
Agnes,Mr. Spiker,3031,david-copperfield
Agnes,Mr. Gulpidge,3031,david-copperfield
Agnes,Mr. Spiker,3031,david-copperfield
Agnes,Traddles,3031,david-copperfield
Agnes,Steerforth,3031,david-copperfield
Agnes,Mr.,3031,david-copperfield
Agnes,Waterbrook,3031,david-copperfield
Agnes,Mr. Spiker,3031,david-copperfield
Agnes,Mr. Gulpidge,3031,david-copperfield
Agnes,Mr. Spiker,3031,david-copperfield
Agnes,Traddles,3031,david-copperfield
Agnes,Steerforth,3031,david-copperfield
Uriah,Agnes,3034,david-copperfield
Agnes,Uriah,3034,david-copperfield
Master Copperfield,Mister Copperfield,3035,david-copperfield
Mister Copperfield,Master Copperfield,3035,david-copperfield
Agnes,Crupp,3040,david-copperfield
Crupp,Agnes,3040,david-copperfield
Master Copperfield,Mister Copperfield,3041,david-copperfield
Master Copperfield,Uriah,3041,david-copperfield
Master Copperfield,Mister Copperfield,3041,david-copperfield
Mister Copperfield,Master Copperfield,3041,david-copperfield
Mister Copperfield,Uriah,3041,david-copperfield
Mister Copperfield,Master Copperfield,3041,david-copperfield
Uriah,Master Copperfield,3041,david-copperfield
Uriah,Mister Copperfield,3041,david-copperfield
Uriah,Master Copperfield,3041,david-copperfield
Uriah,Mister Copperfield,3041,david-copperfield
Master Copperfield,Mister Copperfield,3041,david-copperfield
Master Copperfield,Uriah,3041,david-copperfield
Master Copperfield,Mister Copperfield,3041,david-copperfield
Mister Copperfield,Master Copperfield,3041,david-copperfield
Mister Copperfield,Uriah,3041,david-copperfield
Mister Copperfield,Master Copperfield,3041,david-copperfield
Master Copperfield,Mister Copperfield,3043,david-copperfield
Master Copperfield,Uriah,3043,david-copperfield
Mister Copperfield,Master Copperfield,3043,david-copperfield
Mister Copperfield,Uriah,3043,david-copperfield
Uriah,Master Copperfield,3043,david-copperfield
Uriah,Mister Copperfield,3043,david-copperfield
Miss Agnes,Master,3045,david-copperfield
Miss Agnes,Mister Copperfield,3045,david-copperfield
Miss Agnes,Master,3045,david-copperfield
Miss Agnes,Mister Copperfield,3045,david-copperfield
Master,Miss Agnes,3045,david-copperfield
Master,Miss Agnes,3045,david-copperfield
Master,Mister Copperfield,3045,david-copperfield
Mister Copperfield,Miss Agnes,3045,david-copperfield
Mister Copperfield,Miss Agnes,3045,david-copperfield
Mister Copperfield,Master,3045,david-copperfield
Mister Copperfield,Uriah,3047,david-copperfield
Mister Copperfield,Don,3047,david-copperfield
Mister Copperfield,Mr. Wickfield,3047,david-copperfield
Mister Copperfield,Wickfield,3047,david-copperfield
Mister Copperfield,Heep,3047,david-copperfield
Mister Copperfield,Master Copperfield,3047,david-copperfield
Uriah,Mister Copperfield,3047,david-copperfield
Uriah,Don,3047,david-copperfield
Uriah,Mr. Wickfield,3047,david-copperfield
Uriah,Wickfield,3047,david-copperfield
Uriah,Heep,3047,david-copperfield
Uriah,Master Copperfield,3047,david-copperfield
Don,Mister Copperfield,3047,david-copperfield
Don,Uriah,3047,david-copperfield
Don,Mr. Wickfield,3047,david-copperfield
Don,Wickfield,3047,david-copperfield
Don,Heep,3047,david-copperfield
Don,Master Copperfield,3047,david-copperfield
Mr. Wickfield,Mister Copperfield,3047,david-copperfield
Mr. Wickfield,Uriah,3047,david-copperfield
Mr. Wickfield,Don,3047,david-copperfield
Mr. Wickfield,Wickfield,3047,david-copperfield
Mr. Wickfield,Heep,3047,david-copperfield
Mr. Wickfield,Master Copperfield,3047,david-copperfield
Wickfield,Mister Copperfield,3047,david-copperfield
Wickfield,Uriah,3047,david-copperfield
Wickfield,Don,3047,david-copperfield
Wickfield,Mr. Wickfield,3047,david-copperfield
Wickfield,Heep,3047,david-copperfield
Wickfield,Master Copperfield,3047,david-copperfield
Heep,Mister Copperfield,3047,david-copperfield
Heep,Uriah,3047,david-copperfield
Heep,Don,3047,david-copperfield
Heep,Mr. Wickfield,3047,david-copperfield
Heep,Wickfield,3047,david-copperfield
Heep,Master Copperfield,3047,david-copperfield
Master Copperfield,Mister Copperfield,3047,david-copperfield
Master Copperfield,Uriah,3047,david-copperfield
Master Copperfield,Don,3047,david-copperfield
Master Copperfield,Mr. Wickfield,3047,david-copperfield
Master Copperfield,Wickfield,3047,david-copperfield
Master Copperfield,Heep,3047,david-copperfield
Mister Copperfield,Uriah,3048,david-copperfield
Uriah,Mister Copperfield,3048,david-copperfield
Master Copperfield,Mr. Wickfield,3050,david-copperfield
Master Copperfield,Mister Copperfield,3050,david-copperfield
Mr. Wickfield,Master Copperfield,3050,david-copperfield
Mr. Wickfield,Mister Copperfield,3050,david-copperfield
Mister Copperfield,Master Copperfield,3050,david-copperfield
Mister Copperfield,Mr. Wickfield,3050,david-copperfield
Mister Copperfield,Uriah,3052,david-copperfield
Mister Copperfield,Miss Agnes,3052,david-copperfield
Mister Copperfield,Master Copperfield,3052,david-copperfield
Mister Copperfield,Master Copperfield,3052,david-copperfield
Uriah,Mister Copperfield,3052,david-copperfield
Uriah,Miss Agnes,3052,david-copperfield
Uriah,Master Copperfield,3052,david-copperfield
Uriah,Master Copperfield,3052,david-copperfield
Miss Agnes,Mister Copperfield,3052,david-copperfield
Miss Agnes,Uriah,3052,david-copperfield
Miss Agnes,Master Copperfield,3052,david-copperfield
Miss Agnes,Master Copperfield,3052,david-copperfield
Master Copperfield,Mister Copperfield,3052,david-copperfield
Master Copperfield,Uriah,3052,david-copperfield
Master Copperfield,Miss Agnes,3052,david-copperfield
Master Copperfield,Mister Copperfield,3052,david-copperfield
Master Copperfield,Uriah,3052,david-copperfield
Master Copperfield,Miss Agnes,3052,david-copperfield
Mr. Wickfield,Mr. Heep,3057,david-copperfield
Mr. Heep,Mr. Wickfield,3057,david-copperfield
Master Copperfield,Uriah,3058,david-copperfield
Master Copperfield,Uriah,3058,david-copperfield
Uriah,Master Copperfield,3058,david-copperfield
Uriah,Master Copperfield,3058,david-copperfield
Master Copperfield,Uriah,3060,david-copperfield
Uriah,Master Copperfield,3060,david-copperfield
Uriah,Master Copperfield,3062,david-copperfield
Uriah,Mr. Wickfield,3062,david-copperfield
Uriah,Master Copperfield,3062,david-copperfield
Master Copperfield,Uriah,3062,david-copperfield
Master Copperfield,Mr. Wickfield,3062,david-copperfield
Master Copperfield,Uriah,3062,david-copperfield
Mr. Wickfield,Uriah,3062,david-copperfield
Mr. Wickfield,Master Copperfield,3062,david-copperfield
Mr. Wickfield,Master Copperfield,3062,david-copperfield
Mr. Wickfield,Uriah,3062,david-copperfield
Master Copperfield,Uriah,3062,david-copperfield
Master Copperfield,Mr. Wickfield,3062,david-copperfield
Master Copperfield,Uriah,3062,david-copperfield
Uriah,Master Copperfield,3062,david-copperfield
Uriah,Mr. Wickfield,3062,david-copperfield
Uriah,Master Copperfield,3062,david-copperfield
Master Copperfield,Mr. Wickfield,3064,david-copperfield
Mr. Wickfield,Master Copperfield,3064,david-copperfield
Miss Agnes,Master Copperfield,3070,david-copperfield
Miss Agnes,Uriah,3070,david-copperfield
Master Copperfield,Miss Agnes,3070,david-copperfield
Master Copperfield,Uriah,3070,david-copperfield
Uriah,Miss Agnes,3070,david-copperfield
Uriah,Master Copperfield,3070,david-copperfield
Uriah,Master Copperfield,3071,david-copperfield
Master Copperfield,Uriah,3071,david-copperfield
Master Copperfield,Uriah,3075,david-copperfield
Uriah,Master Copperfield,3075,david-copperfield
Uriah,Master Copperfield,3075,david-copperfield
Uriah,Master Copperfield,3075,david-copperfield
Master Copperfield,Uriah,3075,david-copperfield
Master Copperfield,Uriah,3075,david-copperfield
Master Copperfield,Uriah,3082,david-copperfield
Uriah,Master Copperfield,3082,david-copperfield
Agnes,Uriah,3091,david-copperfield
Uriah,Agnes,3091,david-copperfield
Uriah Heep,Agnes,3096,david-copperfield
Uriah Heep,Agnes,3096,david-copperfield
Uriah Heep,Agnes,3096,david-copperfield
Uriah Heep,Agnes,3096,david-copperfield
Agnes,Uriah Heep,3096,david-copperfield
Agnes,Uriah Heep,3096,david-copperfield
Agnes,Uriah Heep,3096,david-copperfield
Agnes,Uriah Heep,3096,david-copperfield
Steerforth,Agnes,3100,david-copperfield
Agnes,Steerforth,3100,david-copperfield
Spenlow,Crupp,3101,david-copperfield
Crupp,Spenlow,3101,david-copperfield
Mr.,Spenlow,3103,david-copperfield
Spenlow,Mr.,3103,david-copperfield
Mr. Spenlow,Mr. Tiffey,3104,david-copperfield
Mr. Spenlow,Robinson Crusoe,3104,david-copperfield
Mr. Tiffey,Mr. Spenlow,3104,david-copperfield
Mr. Tiffey,Robinson Crusoe,3104,david-copperfield
Mr. Tiffey,Mr. Spenlow,3104,david-copperfield
Robinson Crusoe,Mr. Spenlow,3104,david-copperfield
Robinson Crusoe,Mr. Tiffey,3104,david-copperfield
Robinson Crusoe,Mr. Spenlow,3104,david-copperfield
Mr. Spenlow,Mr. Tiffey,3104,david-copperfield
Mr. Spenlow,Robinson Crusoe,3104,david-copperfield
Mr. Spenlow,Miss Spenlow,3110,david-copperfield
Miss Spenlow,Mr. Spenlow,3110,david-copperfield
Miss Dora,Mr. Spenlow,3111,david-copperfield
Mr. Spenlow,Miss Dora,3111,david-copperfield
Copperfield,Dora,3112,david-copperfield
Copperfield,Dora,3112,david-copperfield
Copperfield,Mr. Spenlow,3112,david-copperfield
Copperfield,Dora Spenlow,3112,david-copperfield
Dora,Copperfield,3112,david-copperfield
Dora,Mr. Spenlow,3112,david-copperfield
Dora,Dora Spenlow,3112,david-copperfield
Dora,Copperfield,3112,david-copperfield
Dora,Mr. Spenlow,3112,david-copperfield
Dora,Dora Spenlow,3112,david-copperfield
Mr. Spenlow,Copperfield,3112,david-copperfield
Mr. Spenlow,Dora,3112,david-copperfield
Mr. Spenlow,Dora,3112,david-copperfield
Mr. Spenlow,Dora Spenlow,3112,david-copperfield
Dora Spenlow,Copperfield,3112,david-copperfield
Dora Spenlow,Dora,3112,david-copperfield
Dora Spenlow,Dora,3112,david-copperfield
Dora Spenlow,Mr. Spenlow,3112,david-copperfield
Dora,Miss Murdstone,3115,david-copperfield
Miss Murdstone,Dora,3115,david-copperfield
Dora Spenlow,Murdstone,3116,david-copperfield
Dora Spenlow,Mr. Murdstone,3116,david-copperfield
Murdstone,Dora Spenlow,3116,david-copperfield
Murdstone,Mr. Murdstone,3116,david-copperfield
Mr. Murdstone,Dora Spenlow,3116,david-copperfield
Mr. Murdstone,Murdstone,3116,david-copperfield
Copperfield,Miss Murdstone,3119,david-copperfield
Miss Murdstone,Copperfield,3119,david-copperfield
Mr. Spenlow,Dora,3121,david-copperfield
Mr. Spenlow,Miss Murdstone,3121,david-copperfield
Dora,Mr. Spenlow,3121,david-copperfield
Dora,Miss Murdstone,3121,david-copperfield
Miss Murdstone,Mr. Spenlow,3121,david-copperfield
Miss Murdstone,Dora,3121,david-copperfield
Miss Murdstone,Dora,3122,david-copperfield
Miss Murdstone,Mr. Spenlow,3122,david-copperfield
Dora,Miss Murdstone,3122,david-copperfield
Dora,Mr. Spenlow,3122,david-copperfield
Mr. Spenlow,Miss Murdstone,3122,david-copperfield
Mr. Spenlow,Dora,3122,david-copperfield
Dora,Grey,3124,david-copperfield
Grey,Dora,3124,david-copperfield
Miss Murdstone,Dora,3127,david-copperfield
Miss Murdstone,Dora,3127,david-copperfield
Dora,Miss Murdstone,3127,david-copperfield
Dora,Miss Murdstone,3127,david-copperfield
David Copperfield,Miss Murdstone,3129,david-copperfield
Miss Murdstone,David Copperfield,3129,david-copperfield
David Copperfield,Miss Murdstone,3131,david-copperfield
Miss Murdstone,David Copperfield,3131,david-copperfield
Miss,Murdstone,3134,david-copperfield
Murdstone,Miss,3134,david-copperfield
Miss,Murdstone,3139,david-copperfield
Miss,Miss Murdstone,3139,david-copperfield
Murdstone,Miss,3139,david-copperfield
Murdstone,Miss Murdstone,3139,david-copperfield
Miss Murdstone,Miss,3139,david-copperfield
Miss Murdstone,Murdstone,3139,david-copperfield
Jip,Gipsy,3141,david-copperfield
Gipsy,Jip,3141,david-copperfield
Miss Murdstone,Don,3145,david-copperfield
Don,Miss Murdstone,3145,david-copperfield
Miss Murdstone,Dora,3156,david-copperfield
Dora,Miss Murdstone,3156,david-copperfield
Dora,Miss Murdstone,3159,david-copperfield
Dora,Jip,3159,david-copperfield
Miss Murdstone,Dora,3159,david-copperfield
Miss Murdstone,Jip,3159,david-copperfield
Jip,Dora,3159,david-copperfield
Jip,Miss Murdstone,3159,david-copperfield
Mama,Miss Murdstone,3163,david-copperfield
Mama,Jip,3163,david-copperfield
Mama,Jip,3163,david-copperfield
Mama,Jip,3163,david-copperfield
Miss Murdstone,Mama,3163,david-copperfield
Miss Murdstone,Jip,3163,david-copperfield
Miss Murdstone,Jip,3163,david-copperfield
Miss Murdstone,Jip,3163,david-copperfield
Jip,Mama,3163,david-copperfield
Jip,Miss Murdstone,3163,david-copperfield
Jip,Mama,3163,david-copperfield
Jip,Miss Murdstone,3163,david-copperfield
Jip,Mama,3163,david-copperfield
Jip,Miss Murdstone,3163,david-copperfield
Miss,Murdstone,3166,david-copperfield
Miss,Dora,3166,david-copperfield
Murdstone,Miss,3166,david-copperfield
Murdstone,Dora,3166,david-copperfield
Dora,Miss,3166,david-copperfield
Dora,Murdstone,3166,david-copperfield
Dora,Miss Murdstone,3167,david-copperfield
Miss Murdstone,Dora,3167,david-copperfield
Miss Murdstone,Dora,3167,david-copperfield
Miss Murdstone,Dora,3167,david-copperfield
Dora,Miss Murdstone,3167,david-copperfield
Dora,Miss Murdstone,3167,david-copperfield
Miss Murdstone,Mr. Spenlow,3168,david-copperfield
Mr. Spenlow,Miss Murdstone,3168,david-copperfield
Dora,Jip,3169,david-copperfield
Jip,Dora,3169,david-copperfield
Mr. Spenlow,Dora,3170,david-copperfield
Dora,Mr. Spenlow,3170,david-copperfield
Miss Murdstone,Mr. Spenlow,3172,david-copperfield
Mr. Spenlow,Miss Murdstone,3172,david-copperfield
Copperfull,Mr. Copperfull,3189,david-copperfield
Mr. Copperfull,Copperfull,3189,david-copperfield
Good,D,3202,david-copperfield
D,Good,3202,david-copperfield
Lord,Traddles,3220,david-copperfield
Traddles,Lord,3220,david-copperfield
Traddles,Mr. Mell,3222,david-copperfield
Mr. Mell,Traddles,3222,david-copperfield
Traddles,Old Creakle,3224,david-copperfield
Old Creakle,Traddles,3224,david-copperfield
Traddles,Salem House,3234,david-copperfield
Traddles,Yawler,3234,david-copperfield
Salem House,Traddles,3234,david-copperfield
Salem House,Yawler,3234,david-copperfield
Yawler,Traddles,3234,david-copperfield
Yawler,Salem House,3234,david-copperfield
Traddles,Yawler,3236,david-copperfield
Traddles,Mr. Waterbrook,3236,david-copperfield
Yawler,Traddles,3236,david-copperfield
Yawler,Mr. Waterbrook,3236,david-copperfield
Yawler,Traddles,3236,david-copperfield
Mr. Waterbrook,Traddles,3236,david-copperfield
Mr. Waterbrook,Yawler,3236,david-copperfield
Mr. Waterbrook,Traddles,3236,david-copperfield
Traddles,Yawler,3236,david-copperfield
Traddles,Mr. Waterbrook,3236,david-copperfield
Traddles,Wait,3242,david-copperfield
Wait,Traddles,3242,david-copperfield
Traddles,Mr.,3247,david-copperfield
Mr.,Traddles,3247,david-copperfield
Mr. Micawber,Traddles,3251,david-copperfield
Traddles,Mr. Micawber,3251,david-copperfield
Traddles,Mr. Micawber,3251,david-copperfield
Mr. Micawber,Traddles,3251,david-copperfield
Mr. Traddles,Mr. Micawber,3252,david-copperfield
Mr. Micawber,Mr. Traddles,3252,david-copperfield
Sir,Mr. Micawber,3255,david-copperfield
Mr. Micawber,Sir,3255,david-copperfield
Sir,Mr. Micawber,3257,david-copperfield
Sir,God,3257,david-copperfield
Mr. Micawber,Sir,3257,david-copperfield
Mr. Micawber,God,3257,david-copperfield
God,Sir,3257,david-copperfield
God,Mr. Micawber,3257,david-copperfield
Sir,Mr. Micawber,3259,david-copperfield
Mr. Micawber,Sir,3259,david-copperfield
Mr. Micawber,Copperfield,3260,david-copperfield
Copperfield,Mr. Micawber,3260,david-copperfield
Good Heaven,Mr. Traddles,3261,david-copperfield
Good Heaven,Mr. Micawber,3261,david-copperfield
Good Heaven,Traddles,3261,david-copperfield
Good Heaven,Mr. Traddles,3261,david-copperfield
Mr. Traddles,Good Heaven,3261,david-copperfield
Mr. Traddles,Mr. Micawber,3261,david-copperfield
Mr. Traddles,Traddles,3261,david-copperfield
Mr. Micawber,Good Heaven,3261,david-copperfield
Mr. Micawber,Mr. Traddles,3261,david-copperfield
Mr. Micawber,Traddles,3261,david-copperfield
Mr. Micawber,Mr. Traddles,3261,david-copperfield
Traddles,Good Heaven,3261,david-copperfield
Traddles,Mr. Traddles,3261,david-copperfield
Traddles,Mr. Micawber,3261,david-copperfield
Traddles,Mr. Traddles,3261,david-copperfield
Mr. Traddles,Good Heaven,3261,david-copperfield
Mr. Traddles,Mr. Micawber,3261,david-copperfield
Mr. Traddles,Traddles,3261,david-copperfield
Mr. Micawber,Chaucer,3265,david-copperfield
Chaucer,Mr. Micawber,3265,david-copperfield
Chaucer,Mr. Micawber,3265,david-copperfield
Mr. Micawber,Chaucer,3265,david-copperfield
Mr. Micawber,Master,3270,david-copperfield
Mr. Micawber,Miss Micawber,3270,david-copperfield
Master,Mr. Micawber,3270,david-copperfield
Master,Miss Micawber,3270,david-copperfield
Miss Micawber,Mr. Micawber,3270,david-copperfield
Miss Micawber,Master,3270,david-copperfield
Mr.,Micawber,3271,david-copperfield
Micawber,Mr.,3271,david-copperfield
Traddles,Mr.,3272,david-copperfield
Mr.,Traddles,3272,david-copperfield
Mr.,Traddles,3272,david-copperfield
Traddles,Mr.,3272,david-copperfield
Mr. Micawber,Traddles,3274,david-copperfield
Mr. Micawber,Traddles,3274,david-copperfield
Traddles,Mr. Micawber,3274,david-copperfield
Traddles,Mr. Micawber,3274,david-copperfield
Micawber,Mr. Micawber,3287,david-copperfield
Micawber,Copperfield,3287,david-copperfield
Micawber,Turncock,3287,david-copperfield
Mr. Micawber,Micawber,3287,david-copperfield
Mr. Micawber,Copperfield,3287,david-copperfield
Mr. Micawber,Turncock,3287,david-copperfield
Copperfield,Micawber,3287,david-copperfield
Copperfield,Mr. Micawber,3287,david-copperfield
Copperfield,Turncock,3287,david-copperfield
Turncock,Micawber,3287,david-copperfield
Turncock,Mr. Micawber,3287,david-copperfield
Turncock,Copperfield,3287,david-copperfield
Dora,Mr. Micawber,3290,david-copperfield
Mr. Micawber,Dora,3290,david-copperfield
Copperfield,Mr. Micawber,3291,david-copperfield
Mr. Micawber,Copperfield,3291,david-copperfield
Dora,Mr.,3293,david-copperfield
Mr.,Dora,3293,david-copperfield
Steerforth,Mr. Micawber,3305,david-copperfield
Steerforth,Traddles,3305,david-copperfield
Mr. Micawber,Steerforth,3305,david-copperfield
Mr. Micawber,Traddles,3305,david-copperfield
Traddles,Steerforth,3305,david-copperfield
Traddles,Mr. Micawber,3305,david-copperfield
Mr.,Micawber,3329,david-copperfield
Mr.,Steerforth,3329,david-copperfield
Mr.,Mr. Micawber,3329,david-copperfield
Micawber,Mr.,3329,david-copperfield
Micawber,Steerforth,3329,david-copperfield
Micawber,Mr. Micawber,3329,david-copperfield
Steerforth,Mr.,3329,david-copperfield
Steerforth,Micawber,3329,david-copperfield
Steerforth,Mr. Micawber,3329,david-copperfield
Mr. Micawber,Mr.,3329,david-copperfield
Mr. Micawber,Micawber,3329,david-copperfield
Mr. Micawber,Steerforth,3329,david-copperfield
Mr. Micawber,Copperfield,3332,david-copperfield
Mr. Micawber,Copperfield,3332,david-copperfield
Copperfield,Mr. Micawber,3332,david-copperfield
Copperfield,Mr. Micawber,3332,david-copperfield
Mr. Micawber,Copperfield,3334,david-copperfield
Copperfield,Mr. Micawber,3334,david-copperfield
Ahem,Mr. Micawber,3336,david-copperfield
Mr. Micawber,Ahem,3336,david-copperfield
Mr. Copperfield,Traddles,3338,david-copperfield
Mr. Copperfield,Mr. Micawber,3338,david-copperfield
Mr. Copperfield,Mr. Micawber,3338,david-copperfield
Traddles,Mr. Copperfield,3338,david-copperfield
Traddles,Mr. Micawber,3338,david-copperfield
Traddles,Mr. Micawber,3338,david-copperfield
Mr. Micawber,Mr. Copperfield,3338,david-copperfield
Mr. Micawber,Traddles,3338,david-copperfield
Mr. Micawber,Mr. Copperfield,3338,david-copperfield
Mr. Micawber,Traddles,3338,david-copperfield
Mr. Copperfield,Mr. Micawber,3342,david-copperfield
Mr. Copperfield,Mr. Micawber,3342,david-copperfield
Mr. Micawber,Mr. Copperfield,3342,david-copperfield
Mr. Micawber,Mr. Copperfield,3342,david-copperfield
Mr. Copperfield,Mr. Micawber,3344,david-copperfield
Mr. Copperfield,Perkins,3344,david-copperfield
Mr. Copperfield,Hanbury,3344,david-copperfield
Mr. Copperfield,Buxton,3344,david-copperfield
Mr. Copperfield,Mr. Micawber,3344,david-copperfield
Mr. Copperfield,Mr. Micawber,3344,david-copperfield
Mr. Copperfield,Mr. Micawber,3344,david-copperfield
Mr. Micawber,Mr. Copperfield,3344,david-copperfield
Mr. Micawber,Perkins,3344,david-copperfield
Mr. Micawber,Hanbury,3344,david-copperfield
Mr. Micawber,Buxton,3344,david-copperfield
Perkins,Mr. Copperfield,3344,david-copperfield
Perkins,Mr. Micawber,3344,david-copperfield
Perkins,Hanbury,3344,david-copperfield
Perkins,Buxton,3344,david-copperfield
Perkins,Mr. Micawber,3344,david-copperfield
Perkins,Mr. Micawber,3344,david-copperfield
Perkins,Mr. Micawber,3344,david-copperfield
Hanbury,Mr. Copperfield,3344,david-copperfield
Hanbury,Mr. Micawber,3344,david-copperfield
Hanbury,Perkins,3344,david-copperfield
Hanbury,Buxton,3344,david-copperfield
Hanbury,Mr. Micawber,3344,david-copperfield
Hanbury,Mr. Micawber,3344,david-copperfield
Hanbury,Mr. Micawber,3344,david-copperfield
Buxton,Mr. Copperfield,3344,david-copperfield
Buxton,Mr. Micawber,3344,david-copperfield
Buxton,Perkins,3344,david-copperfield
Buxton,Hanbury,3344,david-copperfield
Buxton,Mr. Micawber,3344,david-copperfield
Buxton,Mr. Micawber,3344,david-copperfield
Buxton,Mr. Micawber,3344,david-copperfield
Mr. Micawber,Mr. Copperfield,3344,david-copperfield
Mr. Micawber,Perkins,3344,david-copperfield
Mr. Micawber,Hanbury,3344,david-copperfield
Mr. Micawber,Buxton,3344,david-copperfield
Mr. Micawber,Mr. Copperfield,3344,david-copperfield
Mr. Micawber,Perkins,3344,david-copperfield
Mr. Micawber,Hanbury,3344,david-copperfield
Mr. Micawber,Buxton,3344,david-copperfield
Mr. Micawber,Mr. Copperfield,3344,david-copperfield
Mr. Micawber,Perkins,3344,david-copperfield
Mr. Micawber,Hanbury,3344,david-copperfield
Mr. Micawber,Buxton,3344,david-copperfield
Hem,Mr. Micawber,3345,david-copperfield
Mr. Micawber,Hem,3345,david-copperfield
Mr. Copperfield,Mr. Micawber,3346,david-copperfield
Mr. Copperfield,Mr. Micawber,3346,david-copperfield
Mr. Copperfield,Mr. Micawber,3346,david-copperfield
Mr. Copperfield,Mr. Micawber,3346,david-copperfield
Mr. Copperfield,Mr. Micawber,3346,david-copperfield
Mr. Micawber,Mr. Copperfield,3346,david-copperfield
Mr. Micawber,Mr. Copperfield,3346,david-copperfield
Mr. Micawber,Mr. Copperfield,3346,david-copperfield
Mr. Micawber,Mr. Copperfield,3346,david-copperfield
Mr. Micawber,Mr. Copperfield,3346,david-copperfield
Mr. Copperfield,Mr. Micawber,3350,david-copperfield
Mr. Micawber,Mr. Copperfield,3350,david-copperfield
Mr. Micawber,Mr. Copperfield,3356,david-copperfield
Mr. Copperfield,Mr. Micawber,3356,david-copperfield
Mr. Copperfield,Mr. Micawber,3356,david-copperfield
Mr. Micawber,Mr. Copperfield,3356,david-copperfield
Mr. Micawber,Post Office,3358,david-copperfield
Mr. Micawber,Camden Town,3358,david-copperfield
Post Office,Mr. Micawber,3358,david-copperfield
Post Office,Camden Town,3358,david-copperfield
Camden Town,Mr. Micawber,3358,david-copperfield
Camden Town,Post Office,3358,david-copperfield
Quite,Mr. Copperfield,3361,david-copperfield
Quite,Mr. Micawber,3361,david-copperfield
Quite,Mr. Micawber,3361,david-copperfield
Mr. Copperfield,Quite,3361,david-copperfield
Mr. Copperfield,Mr. Micawber,3361,david-copperfield
Mr. Copperfield,Mr. Micawber,3361,david-copperfield
Mr. Micawber,Quite,3361,david-copperfield
Mr. Micawber,Mr. Copperfield,3361,david-copperfield
Mr. Micawber,Quite,3361,david-copperfield
Mr. Micawber,Mr. Copperfield,3361,david-copperfield
Mr. Micawber,Mr. Copperfield,3365,david-copperfield
Mr. Micawber,Mr. Copperfield,3365,david-copperfield
Mr. Micawber,Mr. Copperfield,3365,david-copperfield
Mr. Copperfield,Mr. Micawber,3365,david-copperfield
Mr. Copperfield,Mr. Micawber,3365,david-copperfield
Mr. Copperfield,Mr. Micawber,3365,david-copperfield
Mr. Micawber,Mr. Copperfield,3367,david-copperfield
Mr. Micawber,Mr. Traddles,3367,david-copperfield
Mr. Copperfield,Mr. Micawber,3367,david-copperfield
Mr. Copperfield,Mr. Traddles,3367,david-copperfield
Mr. Copperfield,Mr. Micawber,3367,david-copperfield
Mr. Copperfield,Mr. Micawber,3367,david-copperfield
Mr. Traddles,Mr. Micawber,3367,david-copperfield
Mr. Traddles,Mr. Copperfield,3367,david-copperfield
Mr. Traddles,Mr. Micawber,3367,david-copperfield
Mr. Traddles,Mr. Micawber,3367,david-copperfield
Mr. Micawber,Mr. Copperfield,3367,david-copperfield
Mr. Micawber,Mr. Traddles,3367,david-copperfield
Mr. Micawber,Mr. Copperfield,3367,david-copperfield
Mr. Micawber,Mr. Traddles,3367,david-copperfield
Mr. Micawber,Traddles,3369,david-copperfield
Traddles,Mr. Micawber,3369,david-copperfield
Traddles,Mr. Micawber,3369,david-copperfield
Mr. Micawber,Traddles,3369,david-copperfield
Mr.,Traddles,3371,david-copperfield
Mr.,Mr. Micawber,3371,david-copperfield
Mr.,Heaven,3371,david-copperfield
Mr.,Traddles,3371,david-copperfield
Mr.,Mr. Micawber,3371,david-copperfield
Mr.,Traddles,3371,david-copperfield
Traddles,Mr.,3371,david-copperfield
Traddles,Mr. Micawber,3371,david-copperfield
Traddles,Heaven,3371,david-copperfield
Traddles,Mr. Micawber,3371,david-copperfield
Mr. Micawber,Mr.,3371,david-copperfield
Mr. Micawber,Traddles,3371,david-copperfield
Mr. Micawber,Heaven,3371,david-copperfield
Mr. Micawber,Traddles,3371,david-copperfield
Mr. Micawber,Traddles,3371,david-copperfield
Heaven,Mr.,3371,david-copperfield
Heaven,Traddles,3371,david-copperfield
Heaven,Mr. Micawber,3371,david-copperfield
Heaven,Traddles,3371,david-copperfield
Heaven,Mr. Micawber,3371,david-copperfield
Heaven,Traddles,3371,david-copperfield
Traddles,Mr.,3371,david-copperfield
Traddles,Mr. Micawber,3371,david-copperfield
Traddles,Heaven,3371,david-copperfield
Traddles,Mr. Micawber,3371,david-copperfield
Mr. Micawber,Mr.,3371,david-copperfield
Mr. Micawber,Traddles,3371,david-copperfield
Mr. Micawber,Heaven,3371,david-copperfield
Mr. Micawber,Traddles,3371,david-copperfield
Mr. Micawber,Traddles,3371,david-copperfield
Traddles,Mr.,3371,david-copperfield
Traddles,Mr. Micawber,3371,david-copperfield
Traddles,Heaven,3371,david-copperfield
Traddles,Mr. Micawber,3371,david-copperfield
Mr.,Micawber,3372,david-copperfield
Mr.,Copperfield,3372,david-copperfield
Mr.,Mr. Micawber,3372,david-copperfield
Mr.,Mr. Copperfield,3372,david-copperfield
Micawber,Mr.,3372,david-copperfield
Micawber,Copperfield,3372,david-copperfield
Micawber,Mr. Micawber,3372,david-copperfield
Micawber,Mr. Copperfield,3372,david-copperfield
Copperfield,Mr.,3372,david-copperfield
Copperfield,Micawber,3372,david-copperfield
Copperfield,Mr. Micawber,3372,david-copperfield
Copperfield,Mr. Copperfield,3372,david-copperfield
Mr. Micawber,Mr.,3372,david-copperfield
Mr. Micawber,Micawber,3372,david-copperfield
Mr. Micawber,Copperfield,3372,david-copperfield
Mr. Micawber,Mr. Copperfield,3372,david-copperfield
Mr. Copperfield,Mr.,3372,david-copperfield
Mr. Copperfield,Micawber,3372,david-copperfield
Mr. Copperfield,Copperfield,3372,david-copperfield
Mr. Copperfield,Mr. Micawber,3372,david-copperfield
Mr. Micawber,Camden Town,3373,david-copperfield
Mr. Micawber,Hyde Park,3373,david-copperfield
Mr. Micawber,Traddles,3373,david-copperfield
Camden Town,Mr. Micawber,3373,david-copperfield
Camden Town,Hyde Park,3373,david-copperfield
Camden Town,Traddles,3373,david-copperfield
Hyde Park,Mr. Micawber,3373,david-copperfield
Hyde Park,Camden Town,3373,david-copperfield
Hyde Park,Traddles,3373,david-copperfield
Traddles,Mr. Micawber,3373,david-copperfield
Traddles,Camden Town,3373,david-copperfield
Traddles,Hyde Park,3373,david-copperfield
Mr. Micawber,Little Tafflin,3374,david-copperfield
Little Tafflin,Mr. Micawber,3374,david-copperfield
Mr. Micawber,Traddles,3375,david-copperfield
Mr. Micawber,Traddles,3375,david-copperfield
Mr. Micawber,Traddles,3375,david-copperfield
Mr. Micawber,Traddles,3375,david-copperfield
Traddles,Mr. Micawber,3375,david-copperfield
Traddles,Mr. Micawber,3375,david-copperfield
Traddles,Mr. Micawber,3375,david-copperfield
Traddles,Mr. Micawber,3375,david-copperfield
Traddles,Mine,3383,david-copperfield
Mine,Traddles,3383,david-copperfield
Traddles,Mr. Micawber,3384,david-copperfield
Mr. Micawber,Traddles,3384,david-copperfield
Mr.,Traddles,3385,david-copperfield
Traddles,Mr.,3385,david-copperfield
Mr. Micawber,Traddles,3386,david-copperfield
Mr. Micawber,Steerforth,3386,david-copperfield
Traddles,Mr. Micawber,3386,david-copperfield
Traddles,Steerforth,3386,david-copperfield
Steerforth,Mr. Micawber,3386,david-copperfield
Steerforth,Traddles,3386,david-copperfield
Daisy,Steerforth,3388,david-copperfield
Steerforth,Daisy,3388,david-copperfield
Steerforth,Daisy,3390,david-copperfield
Daisy,Steerforth,3390,david-copperfield
Don,Traddles,3397,david-copperfield
Traddles,Don,3397,david-copperfield
Traddles,Steerforth,3399,david-copperfield
Traddles,Steerforth,3399,david-copperfield
Steerforth,Traddles,3399,david-copperfield
Steerforth,Traddles,3399,david-copperfield
Steerforth,Daisy,3404,david-copperfield
Daisy,Steerforth,3404,david-copperfield
Steerforth,Esquire,3410,david-copperfield
Steerforth,Patience,3410,david-copperfield
Esquire,Steerforth,3410,david-copperfield
Esquire,Patience,3410,david-copperfield
Patience,Steerforth,3410,david-copperfield
Patience,Esquire,3410,david-copperfield
Steerforth,Wouldn,3423,david-copperfield
Wouldn,Steerforth,3423,david-copperfield
Mr. Spenlow,Miss Spenlow,3445,david-copperfield
Miss Spenlow,Mr. Spenlow,3445,david-copperfield
Miss Spenlow,Mr. Spenlow,3445,david-copperfield
Mr. Spenlow,Miss Spenlow,3445,david-copperfield
Tipkins,Mr. Spenlow,3446,david-copperfield
Tipkins,Mr. Spenlow,3446,david-copperfield
Mr. Spenlow,Tipkins,3446,david-copperfield
Mr. Spenlow,Tipkins,3446,david-copperfield
Steerforth,Rosa Dartle,3447,david-copperfield
Steerforth,Miss Dartle,3447,david-copperfield
Steerforth,Blameless,3447,david-copperfield
Rosa Dartle,Steerforth,3447,david-copperfield
Rosa Dartle,Miss Dartle,3447,david-copperfield
Rosa Dartle,Steerforth,3447,david-copperfield
Rosa Dartle,Steerforth,3447,david-copperfield
Rosa Dartle,Steerforth,3447,david-copperfield
Rosa Dartle,Blameless,3447,david-copperfield
Miss Dartle,Steerforth,3447,david-copperfield
Miss Dartle,Rosa Dartle,3447,david-copperfield
Miss Dartle,Steerforth,3447,david-copperfield
Miss Dartle,Steerforth,3447,david-copperfield
Miss Dartle,Steerforth,3447,david-copperfield
Miss Dartle,Blameless,3447,david-copperfield
Steerforth,Rosa Dartle,3447,david-copperfield
Steerforth,Miss Dartle,3447,david-copperfield
Steerforth,Blameless,3447,david-copperfield
Steerforth,Rosa Dartle,3447,david-copperfield
Steerforth,Miss Dartle,3447,david-copperfield
Steerforth,Blameless,3447,david-copperfield
Steerforth,Rosa Dartle,3447,david-copperfield
Steerforth,Miss Dartle,3447,david-copperfield
Steerforth,Blameless,3447,david-copperfield
Blameless,Steerforth,3447,david-copperfield
Blameless,Rosa Dartle,3447,david-copperfield
Blameless,Miss Dartle,3447,david-copperfield
Blameless,Steerforth,3447,david-copperfield
Blameless,Steerforth,3447,david-copperfield
Blameless,Steerforth,3447,david-copperfield
Steerforth,Rosa Dartle,3467,david-copperfield
Steerforth,Rosa Dartle,3467,david-copperfield
Rosa Dartle,Steerforth,3467,david-copperfield
Rosa Dartle,Steerforth,3467,david-copperfield
Rosa,Pray,3470,david-copperfield
Pray,Rosa,3470,david-copperfield
Pray,Rosa,3470,david-copperfield
Rosa,Pray,3470,david-copperfield
Rosa,Steerforth,3478,david-copperfield
Rosa,Rosa Dartle,3478,david-copperfield
Steerforth,Rosa,3478,david-copperfield
Steerforth,Rosa Dartle,3478,david-copperfield
Rosa Dartle,Rosa,3478,david-copperfield
Rosa Dartle,Steerforth,3478,david-copperfield
Rosa,Steerforth,3487,david-copperfield
Rosa,James,3487,david-copperfield
Steerforth,Rosa,3487,david-copperfield
Steerforth,James,3487,david-copperfield
James,Rosa,3487,david-copperfield
James,Steerforth,3487,david-copperfield
Miss Dartle,Steerforth,3489,david-copperfield
Steerforth,Miss Dartle,3489,david-copperfield
Don,Steerforth,3491,david-copperfield
Don,Rosa,3491,david-copperfield
Steerforth,Don,3491,david-copperfield
Steerforth,Rosa,3491,david-copperfield
Rosa,Don,3491,david-copperfield
Rosa,Steerforth,3491,david-copperfield
Steerforth,Daisy,3493,david-copperfield
Steerforth,Rosa,3493,david-copperfield
Daisy,Steerforth,3493,david-copperfield
Daisy,Rosa,3493,david-copperfield
Rosa,Steerforth,3493,david-copperfield
Rosa,Daisy,3493,david-copperfield
Steerforth,Rosa,3496,david-copperfield
Rosa,Steerforth,3496,david-copperfield
Rosa,Steerforth,3497,david-copperfield
Steerforth,Rosa,3497,david-copperfield
Rosa,Steerforth,3500,david-copperfield
Steerforth,Rosa,3500,david-copperfield
Heaven,Steerforth,3502,david-copperfield
Steerforth,Heaven,3502,david-copperfield
Joram,Mr. Omer,3515,david-copperfield
Mr. Omer,Joram,3515,david-copperfield
Mr.,Omer,3519,david-copperfield
Omer,Mr.,3519,david-copperfield
Mr.,Omer,3521,david-copperfield
Omer,Mr.,3521,david-copperfield
Mr. Omer,Joram,3525,david-copperfield
Joram,Mr. Omer,3525,david-copperfield
Mr.,Mr. Omer,3526,david-copperfield
Mr. Omer,Mr.,3526,david-copperfield
Mr. Omer,Barkis,3527,david-copperfield
Barkis,Mr. Omer,3527,david-copperfield
Barkis,Em,3533,david-copperfield
Barkis,Minnie,3533,david-copperfield
Barkis,Mr. Omer,3533,david-copperfield
Barkis,Mr. Omer,3533,david-copperfield
Barkis,Minnie,3533,david-copperfield
Em,Barkis,3533,david-copperfield
Em,Minnie,3533,david-copperfield
Em,Mr. Omer,3533,david-copperfield
Em,Mr. Omer,3533,david-copperfield
Em,Minnie,3533,david-copperfield
Minnie,Barkis,3533,david-copperfield
Minnie,Em,3533,david-copperfield
Minnie,Mr. Omer,3533,david-copperfield
Minnie,Mr. Omer,3533,david-copperfield
Mr. Omer,Barkis,3533,david-copperfield
Mr. Omer,Em,3533,david-copperfield
Mr. Omer,Minnie,3533,david-copperfield
Mr. Omer,Minnie,3533,david-copperfield
Mr. Omer,Barkis,3533,david-copperfield
Mr. Omer,Em,3533,david-copperfield
Mr. Omer,Minnie,3533,david-copperfield
Mr. Omer,Minnie,3533,david-copperfield
Minnie,Barkis,3533,david-copperfield
Minnie,Em,3533,david-copperfield
Minnie,Mr. Omer,3533,david-copperfield
Minnie,Mr. Omer,3533,david-copperfield
Mr.,Mr. Omer,3538,david-copperfield
Mr. Omer,Mr.,3538,david-copperfield
Mr. Omer,Em,3542,david-copperfield
Mr. Omer,Joram,3542,david-copperfield
Em,Mr. Omer,3542,david-copperfield
Em,Joram,3542,david-copperfield
Em,Mr. Omer,3542,david-copperfield
Joram,Mr. Omer,3542,david-copperfield
Joram,Em,3542,david-copperfield
Joram,Mr. Omer,3542,david-copperfield
Mr. Omer,Em,3542,david-copperfield
Mr. Omer,Joram,3542,david-copperfield
Mr. Omer,Barkis,3546,david-copperfield
Barkis,Mr. Omer,3546,david-copperfield
Mr. Omer,Minnie,3550,david-copperfield
Minnie,Mr. Omer,3550,david-copperfield
Minnie,Mr. Omer,3550,david-copperfield
Mr. Omer,Minnie,3550,david-copperfield
Mr. Barkis,Mr. Chillip,3554,david-copperfield
Mr. Barkis,Apothecaries,3554,david-copperfield
Mr. Barkis,Mr. Chillip,3554,david-copperfield
Mr. Chillip,Mr. Barkis,3554,david-copperfield
Mr. Chillip,Apothecaries,3554,david-copperfield
Apothecaries,Mr. Barkis,3554,david-copperfield
Apothecaries,Mr. Chillip,3554,david-copperfield
Apothecaries,Mr. Chillip,3554,david-copperfield
Mr. Chillip,Mr. Barkis,3554,david-copperfield
Mr. Chillip,Apothecaries,3554,david-copperfield
Mr. Peggotty,Mr. Omer,3555,david-copperfield
Mr. Peggotty,Mr.,3555,david-copperfield
Mr. Peggotty,Mr. Barkis,3555,david-copperfield
Mr. Omer,Mr. Peggotty,3555,david-copperfield
Mr. Omer,Mr.,3555,david-copperfield
Mr. Omer,Mr. Barkis,3555,david-copperfield
Mr.,Mr. Peggotty,3555,david-copperfield
Mr.,Mr. Omer,3555,david-copperfield
Mr.,Mr. Barkis,3555,david-copperfield
Mr. Barkis,Mr. Peggotty,3555,david-copperfield
Mr. Barkis,Mr. Omer,3555,david-copperfield
Mr. Barkis,Mr.,3555,david-copperfield
Mr. Peggotty,Emily,3557,david-copperfield
Mr. Peggotty,Ham,3557,david-copperfield
Emily,Mr. Peggotty,3557,david-copperfield
Emily,Ham,3557,david-copperfield
Ham,Mr. Peggotty,3557,david-copperfield
Ham,Emily,3557,david-copperfield
Mas,Davy,3559,david-copperfield
Mas,Mr. Peggotty,3559,david-copperfield
Davy,Mas,3559,david-copperfield
Davy,Mr. Peggotty,3559,david-copperfield
Mr. Peggotty,Mas,3559,david-copperfield
Mr. Peggotty,Davy,3559,david-copperfield
Mr. Peggotty,Mas,3561,david-copperfield
Mr. Peggotty,Davy,3561,david-copperfield
Mr. Peggotty,Mas,3561,david-copperfield
Mr. Peggotty,Davy,3561,david-copperfield
Mas,Mr. Peggotty,3561,david-copperfield
Mas,Davy,3561,david-copperfield
Mas,Davy,3561,david-copperfield
Davy,Mr. Peggotty,3561,david-copperfield
Davy,Mas,3561,david-copperfield
Davy,Mas,3561,david-copperfield
Mas,Mr. Peggotty,3561,david-copperfield
Mas,Davy,3561,david-copperfield
Mas,Davy,3561,david-copperfield
Davy,Mr. Peggotty,3561,david-copperfield
Davy,Mas,3561,david-copperfield
Davy,Mas,3561,david-copperfield
Mr. Peggotty,Mas,3563,david-copperfield
Mr. Peggotty,Davy,3563,david-copperfield
Mas,Mr. Peggotty,3563,david-copperfield
Mas,Davy,3563,david-copperfield
Davy,Mr. Peggotty,3563,david-copperfield
Davy,Mas,3563,david-copperfield
Mr. Peggotty,Em,3565,david-copperfield
Em,Mr. Peggotty,3565,david-copperfield
Moppet,Mr. Peggotty,3567,david-copperfield
Mr. Peggotty,Moppet,3567,david-copperfield
Mas,Davy,3568,david-copperfield
Mas,Ham,3568,david-copperfield
Mas,Lookee,3568,david-copperfield
Mas,Em,3568,david-copperfield
Davy,Mas,3568,david-copperfield
Davy,Ham,3568,david-copperfield
Davy,Lookee,3568,david-copperfield
Davy,Em,3568,david-copperfield
Ham,Mas,3568,david-copperfield
Ham,Davy,3568,david-copperfield
Ham,Lookee,3568,david-copperfield
Ham,Em,3568,david-copperfield
Lookee,Mas,3568,david-copperfield
Lookee,Davy,3568,david-copperfield
Lookee,Ham,3568,david-copperfield
Lookee,Em,3568,david-copperfield
Em,Mas,3568,david-copperfield
Em,Davy,3568,david-copperfield
Em,Ham,3568,david-copperfield
Em,Lookee,3568,david-copperfield
Ham,Mr. Peggotty,3570,david-copperfield
Mr. Peggotty,Ham,3570,david-copperfield
Mas,Davy,3571,david-copperfield
Mas,Davy,3571,david-copperfield
Mas,Mr. Peggotty,3571,david-copperfield
Mas,Em,3571,david-copperfield
Davy,Mas,3571,david-copperfield
Davy,Mas,3571,david-copperfield
Davy,Mr. Peggotty,3571,david-copperfield
Davy,Em,3571,david-copperfield
Mas,Davy,3571,david-copperfield
Mas,Davy,3571,david-copperfield
Mas,Mr. Peggotty,3571,david-copperfield
Mas,Em,3571,david-copperfield
Davy,Mas,3571,david-copperfield
Davy,Mas,3571,david-copperfield
Davy,Mr. Peggotty,3571,david-copperfield
Davy,Em,3571,david-copperfield
Mr. Peggotty,Mas,3571,david-copperfield
Mr. Peggotty,Davy,3571,david-copperfield
Mr. Peggotty,Mas,3571,david-copperfield
Mr. Peggotty,Davy,3571,david-copperfield
Mr. Peggotty,Em,3571,david-copperfield
Em,Mas,3571,david-copperfield
Em,Davy,3571,david-copperfield
Em,Mas,3571,david-copperfield
Em,Davy,3571,david-copperfield
Em,Mr. Peggotty,3571,david-copperfield
Emily,Mr. Omer,3573,david-copperfield
Emily,Peggotty,3573,david-copperfield
Emily,Peggotty,3573,david-copperfield
Emily,Mr. Barkis,3573,david-copperfield
Mr. Omer,Emily,3573,david-copperfield
Mr. Omer,Peggotty,3573,david-copperfield
Mr. Omer,Peggotty,3573,david-copperfield
Mr. Omer,Mr. Barkis,3573,david-copperfield
Peggotty,Emily,3573,david-copperfield
Peggotty,Mr. Omer,3573,david-copperfield
Peggotty,Mr. Barkis,3573,david-copperfield
Peggotty,Emily,3573,david-copperfield
Peggotty,Mr. Omer,3573,david-copperfield
Peggotty,Mr. Barkis,3573,david-copperfield
Mr. Barkis,Emily,3573,david-copperfield
Mr. Barkis,Mr. Omer,3573,david-copperfield
Mr. Barkis,Peggotty,3573,david-copperfield
Mr. Barkis,Peggotty,3573,david-copperfield
Barkis,Peggotty,3575,david-copperfield
Barkis,Master Davy,3575,david-copperfield
Barkis,Won,3575,david-copperfield
Barkis,Master Davy,3575,david-copperfield
Peggotty,Barkis,3575,david-copperfield
Peggotty,Master Davy,3575,david-copperfield
Peggotty,Barkis,3575,david-copperfield
Peggotty,Won,3575,david-copperfield
Peggotty,Master Davy,3575,david-copperfield
Master Davy,Barkis,3575,david-copperfield
Master Davy,Peggotty,3575,david-copperfield
Master Davy,Barkis,3575,david-copperfield
Master Davy,Won,3575,david-copperfield
Barkis,Peggotty,3575,david-copperfield
Barkis,Master Davy,3575,david-copperfield
Barkis,Won,3575,david-copperfield
Barkis,Master Davy,3575,david-copperfield
Won,Barkis,3575,david-copperfield
Won,Peggotty,3575,david-copperfield
Won,Master Davy,3575,david-copperfield
Won,Barkis,3575,david-copperfield
Won,Master Davy,3575,david-copperfield
Master Davy,Barkis,3575,david-copperfield
Master Davy,Peggotty,3575,david-copperfield
Master Davy,Barkis,3575,david-copperfield
Master Davy,Won,3575,david-copperfield
Mr.,Peggotty,3582,david-copperfield
Peggotty,Mr.,3582,david-copperfield
Barkis,Peggotty,3583,david-copperfield
Peggotty,Barkis,3583,david-copperfield
Master Davy,Peggotty,3585,david-copperfield
Peggotty,Master Davy,3585,david-copperfield
Peggotty,Mr. Barkis,3592,david-copperfield
Mr. Barkis,Peggotty,3592,david-copperfield
Mr. Barkis,Blackboy,3594,david-copperfield
Mr. Barkis,Barkis,3594,david-copperfield
Blackboy,Mr. Barkis,3594,david-copperfield
Blackboy,Barkis,3594,david-copperfield
Barkis,Mr. Barkis,3594,david-copperfield
Barkis,Blackboy,3594,david-copperfield
Mr. Peggotty,Emily,3595,david-copperfield
Emily,Mr. Peggotty,3595,david-copperfield
Peggotty,Mr. Chillip,3598,david-copperfield
Peggotty,Mr. Omer,3598,david-copperfield
Mr. Chillip,Peggotty,3598,david-copperfield
Mr. Chillip,Mr. Omer,3598,david-copperfield
Mr. Omer,Peggotty,3598,david-copperfield
Mr. Omer,Mr. Chillip,3598,david-copperfield
Emily,Mr. Omer,3601,david-copperfield
Emily,Ham,3601,david-copperfield
Mr. Omer,Emily,3601,david-copperfield
Mr. Omer,Ham,3601,david-copperfield
Ham,Emily,3601,david-copperfield
Ham,Mr. Omer,3601,david-copperfield
Strap,Roderick Random,3602,david-copperfield
Strap,Rain,3602,david-copperfield
Roderick Random,Strap,3602,david-copperfield
Roderick Random,Rain,3602,david-copperfield
Rain,Strap,3602,david-copperfield
Rain,Roderick Random,3602,david-copperfield
Mr. Peggotty,Peggotty,3604,david-copperfield
Mr. Peggotty,St. Paul,3604,david-copperfield
Peggotty,Mr. Peggotty,3604,david-copperfield
Peggotty,St. Paul,3604,david-copperfield
St. Paul,Mr. Peggotty,3604,david-copperfield
St. Paul,Peggotty,3604,david-copperfield
Mas,Davy,3605,david-copperfield
Mas,Mr. Peggotty,3605,david-copperfield
Mas,Doen,3605,david-copperfield
Davy,Mas,3605,david-copperfield
Davy,Mr. Peggotty,3605,david-copperfield
Davy,Doen,3605,david-copperfield
Mr. Peggotty,Mas,3605,david-copperfield
Mr. Peggotty,Davy,3605,david-copperfield
Mr. Peggotty,Doen,3605,david-copperfield
Doen,Mas,3605,david-copperfield
Doen,Davy,3605,david-copperfield
Doen,Mr. Peggotty,3605,david-copperfield
Mr. Peggotty,Peggotty,3608,david-copperfield
Peggotty,Mr. Peggotty,3608,david-copperfield
Cheer,Mr. Peggotty,3611,david-copperfield
Cheer,Doen,3611,david-copperfield
Mr. Peggotty,Cheer,3611,david-copperfield
Mr. Peggotty,Doen,3611,david-copperfield
Doen,Cheer,3611,david-copperfield
Doen,Mr. Peggotty,3611,david-copperfield
Dan,Nothink,3612,david-copperfield
Nothink,Dan,3612,david-copperfield
Mr. Peggotty,Doen,3615,david-copperfield
Doen,Mr. Peggotty,3615,david-copperfield
Mr.,Peggotty,3617,david-copperfield
Mr.,Peggotty,3617,david-copperfield
Peggotty,Mr.,3617,david-copperfield
Peggotty,Mr.,3617,david-copperfield
Mr. Peggotty,Missis Gummidge,3618,david-copperfield
Mr. Peggotty,Em,3618,david-copperfield
Mr. Peggotty,Em,3618,david-copperfield
Missis Gummidge,Mr. Peggotty,3618,david-copperfield
Missis Gummidge,Mr. Peggotty,3618,david-copperfield
Missis Gummidge,Em,3618,david-copperfield
Missis Gummidge,Em,3618,david-copperfield
Mr. Peggotty,Missis Gummidge,3618,david-copperfield
Mr. Peggotty,Em,3618,david-copperfield
Mr. Peggotty,Em,3618,david-copperfield
Em,Mr. Peggotty,3618,david-copperfield
Em,Missis Gummidge,3618,david-copperfield
Em,Mr. Peggotty,3618,david-copperfield
Em,Mr. Peggotty,3618,david-copperfield
Em,Missis Gummidge,3618,david-copperfield
Em,Mr. Peggotty,3618,david-copperfield
Mr. Peggotty,Gormed,3622,david-copperfield
Gormed,Mr. Peggotty,3622,david-copperfield
Gormed,Mr. Peggotty,3622,david-copperfield
Gormed,Mr. Peggotty,3622,david-copperfield
Mr. Peggotty,Gormed,3622,david-copperfield
Mr. Peggotty,Gormed,3622,david-copperfield
Wheer,Em,3626,david-copperfield
Wheer,Mr. Peggotty,3626,david-copperfield
Em,Wheer,3626,david-copperfield
Em,Mr. Peggotty,3626,david-copperfield
Mr. Peggotty,Wheer,3626,david-copperfield
Mr. Peggotty,Em,3626,david-copperfield
Ham,Mr. Peggotty,3627,david-copperfield
Mr. Peggotty,Ham,3627,david-copperfield
Mr. Peggotty,Ham,3627,david-copperfield
Ham,Mr. Peggotty,3627,david-copperfield
Mas,Davy,3628,david-copperfield
Mas,Em,3628,david-copperfield
Davy,Mas,3628,david-copperfield
Davy,Em,3628,david-copperfield
Em,Mas,3628,david-copperfield
Em,Davy,3628,david-copperfield
Mas,Davy,3631,david-copperfield
Davy,Mas,3631,david-copperfield
Mas,Davy,3634,david-copperfield
Davy,Mas,3634,david-copperfield
Mas,Davy,3636,david-copperfield
Davy,Mas,3636,david-copperfield
Mas,Davy,3638,david-copperfield
Davy,Mas,3638,david-copperfield
Ham,Mr. Peggotty,3640,david-copperfield
Mr. Peggotty,Ham,3640,david-copperfield
Ham,Mr. Peggotty,3650,david-copperfield
Mr. Peggotty,Ham,3650,david-copperfield
Mas,Davy,3655,david-copperfield
Mas,Ham,3655,david-copperfield
Davy,Mas,3655,david-copperfield
Davy,Ham,3655,david-copperfield
Ham,Mas,3655,david-copperfield
Ham,Davy,3655,david-copperfield
Mr.,Peggotty,3659,david-copperfield
Peggotty,Mr.,3659,david-copperfield
Ham,Doen,3660,david-copperfield
Ham,Mas,3660,david-copperfield
Ham,Davy,3660,david-copperfield
Doen,Ham,3660,david-copperfield
Doen,Mas,3660,david-copperfield
Doen,Davy,3660,david-copperfield
Mas,Ham,3660,david-copperfield
Mas,Doen,3660,david-copperfield
Mas,Davy,3660,david-copperfield
Davy,Ham,3660,david-copperfield
Davy,Doen,3660,david-copperfield
Davy,Mas,3660,david-copperfield
Mr. Peggotty,Doen,3663,david-copperfield
Mr. Peggotty,Steerforth,3663,david-copperfield
Doen,Mr. Peggotty,3663,david-copperfield
Doen,Steerforth,3663,david-copperfield
Steerforth,Mr. Peggotty,3663,david-copperfield
Steerforth,Doen,3663,david-copperfield
Mas,Davy,3664,david-copperfield
Mas,Ham,3664,david-copperfield
Mas,Steerforth,3664,david-copperfield
Davy,Mas,3664,david-copperfield
Davy,Ham,3664,david-copperfield
Davy,Steerforth,3664,david-copperfield
Ham,Mas,3664,david-copperfield
Ham,Davy,3664,david-copperfield
Ham,Steerforth,3664,david-copperfield
Steerforth,Mas,3664,david-copperfield
Steerforth,Davy,3664,david-copperfield
Steerforth,Ham,3664,david-copperfield
Mr.,Peggotty,3665,david-copperfield
Peggotty,Mr.,3665,david-copperfield
Dan,Ham,3671,david-copperfield
Dan,Ham,3671,david-copperfield
Dan,Ham,3671,david-copperfield
Ham,Dan,3671,david-copperfield
Ham,Dan,3671,david-copperfield
Ham,Dan,3671,david-copperfield
Ham,Dan,3671,david-copperfield
Ham,Dan,3671,david-copperfield
Dan,Ham,3671,david-copperfield
Dan,Ham,3671,david-copperfield
Steerforth,Deeply,3675,david-copperfield
Deeply,Steerforth,3675,david-copperfield
Peggotty,Mr. Peggotty,3678,david-copperfield
Mr. Peggotty,Peggotty,3678,david-copperfield
Mas,Davy,3687,david-copperfield
Davy,Mas,3687,david-copperfield
Mas,Davy,3689,david-copperfield
Mas,Missis Gummidge,3689,david-copperfield
Davy,Mas,3689,david-copperfield
Davy,Missis Gummidge,3689,david-copperfield
Missis Gummidge,Mas,3689,david-copperfield
Missis Gummidge,Davy,3689,david-copperfield
Mas,Davy,3694,david-copperfield
Davy,Mas,3694,david-copperfield
Mas,Davy,3695,david-copperfield
Davy,Mas,3695,david-copperfield
Mas,Davy,3697,david-copperfield
Davy,Mas,3697,david-copperfield
Dan,Mas,3702,david-copperfield
Dan,Davy,3702,david-copperfield
Mas,Dan,3702,david-copperfield
Mas,Davy,3702,david-copperfield
Mas,Dan,3702,david-copperfield
Davy,Dan,3702,david-copperfield
Davy,Mas,3702,david-copperfield
Davy,Dan,3702,david-copperfield
Dan,Mas,3702,david-copperfield
Dan,Davy,3702,david-copperfield
Dan,Doen,3704,david-copperfield
Doen,Dan,3704,david-copperfield
Doen,Dan,3704,david-copperfield
Dan,Doen,3704,david-copperfield
Mr. Peggotty,Querulousness,3705,david-copperfield
Mr. Peggotty,Mas,3705,david-copperfield
Mr. Peggotty,Davy,3705,david-copperfield
Querulousness,Mr. Peggotty,3705,david-copperfield
Querulousness,Mr. Peggotty,3705,david-copperfield
Querulousness,Mas,3705,david-copperfield
Querulousness,Davy,3705,david-copperfield
Querulousness,Mr. Peggotty,3705,david-copperfield
Mr. Peggotty,Querulousness,3705,david-copperfield
Mr. Peggotty,Mas,3705,david-copperfield
Mr. Peggotty,Davy,3705,david-copperfield
Mas,Mr. Peggotty,3705,david-copperfield
Mas,Querulousness,3705,david-copperfield
Mas,Mr. Peggotty,3705,david-copperfield
Mas,Davy,3705,david-copperfield
Mas,Mr. Peggotty,3705,david-copperfield
Davy,Mr. Peggotty,3705,david-copperfield
Davy,Querulousness,3705,david-copperfield
Davy,Mr. Peggotty,3705,david-copperfield
Davy,Mas,3705,david-copperfield
Davy,Mr. Peggotty,3705,david-copperfield
Mr. Peggotty,Querulousness,3705,david-copperfield
Mr. Peggotty,Mas,3705,david-copperfield
Mr. Peggotty,Davy,3705,david-copperfield
Em,Minnie,3714,david-copperfield
Em,Minnie,3714,david-copperfield
Em,Minnie,3714,david-copperfield
Minnie,Em,3714,david-copperfield
Minnie,Em,3714,david-copperfield
Minnie,Em,3714,david-copperfield
Em,Minnie,3714,david-copperfield
Em,Minnie,3714,david-copperfield
Em,Minnie,3714,david-copperfield
Em,Minnie,3714,david-copperfield
Em,Minnie,3714,david-copperfield
Em,Minnie,3714,david-copperfield
Minnie,Em,3714,david-copperfield
Minnie,Em,3714,david-copperfield
Minnie,Em,3714,david-copperfield
Minnie,Em,3714,david-copperfield
Minnie,Em,3714,david-copperfield
Minnie,Em,3714,david-copperfield
Joram,Peggotty,3715,david-copperfield
Peggotty,Joram,3715,david-copperfield
Mr. Barkis,Ham,3717,david-copperfield
Ham,Mr. Barkis,3717,david-copperfield
See,Mr. Copperfield,3727,david-copperfield
Mr. Copperfield,See,3727,david-copperfield
Miss,Mowcher,3730,david-copperfield
Mowcher,Miss,3730,david-copperfield
Miss,Mowcher,3732,david-copperfield
Mowcher,Miss,3732,david-copperfield
Miss Mowcher,Steerforth,3742,david-copperfield
Steerforth,Miss Mowcher,3742,david-copperfield
Steerforth,Miss Mowcher,3742,david-copperfield
Miss Mowcher,Steerforth,3742,david-copperfield
Heaven,Littimer,3752,david-copperfield
Littimer,Heaven,3752,david-copperfield
Mr. Peggotty,Ham,3756,david-copperfield
Ham,Mr. Peggotty,3756,david-copperfield
Mas,Davy,3757,david-copperfield
Mas,Mr. Peggotty,3757,david-copperfield
Mas,Davy,3757,david-copperfield
Davy,Mas,3757,david-copperfield
Davy,Mr. Peggotty,3757,david-copperfield
Davy,Mas,3757,david-copperfield
Mr. Peggotty,Mas,3757,david-copperfield
Mr. Peggotty,Davy,3757,david-copperfield
Mr. Peggotty,Mas,3757,david-copperfield
Mr. Peggotty,Davy,3757,david-copperfield
Mas,Davy,3757,david-copperfield
Mas,Mr. Peggotty,3757,david-copperfield
Mas,Davy,3757,david-copperfield
Davy,Mas,3757,david-copperfield
Davy,Mr. Peggotty,3757,david-copperfield
Davy,Mas,3757,david-copperfield
Thankee,Mas,3759,david-copperfield
Thankee,Davy,3759,david-copperfield
Thankee,Money,3759,david-copperfield
Mas,Thankee,3759,david-copperfield
Mas,Davy,3759,david-copperfield
Mas,Money,3759,david-copperfield
Davy,Thankee,3759,david-copperfield
Davy,Mas,3759,david-copperfield
Davy,Money,3759,david-copperfield
Money,Thankee,3759,david-copperfield
Money,Mas,3759,david-copperfield
Money,Davy,3759,david-copperfield
Peggotty,Crupp,3764,david-copperfield
Peggotty,Crupp,3764,david-copperfield
Crupp,Peggotty,3764,david-copperfield
Crupp,Peggotty,3764,david-copperfield
Mr.,Peggotty,3765,david-copperfield
Peggotty,Mr.,3765,david-copperfield
Steerforth,Rosa Dartle,3767,david-copperfield
Rosa Dartle,Steerforth,3767,david-copperfield
Mr. Peggotty,Rosa Dartle,3769,david-copperfield
Rosa Dartle,Mr. Peggotty,3769,david-copperfield
Miss,Dartle,3788,david-copperfield
Dartle,Miss,3788,david-copperfield
Mr.,Peggotty,3808,david-copperfield
Peggotty,Mr.,3808,david-copperfield
Peggotty,Mr. Peggotty,3814,david-copperfield
Mr. Peggotty,Peggotty,3814,david-copperfield
Peggotty,Mas,3816,david-copperfield
Peggotty,Davy,3816,david-copperfield
Mas,Peggotty,3816,david-copperfield
Mas,Davy,3816,david-copperfield
Davy,Peggotty,3816,david-copperfield
Davy,Mas,3816,david-copperfield
Mr. Spenlow,Peggotty,3826,david-copperfield
Mr. Spenlow,Dora,3826,david-copperfield
Mr. Spenlow,Dora,3826,david-copperfield
Mr. Spenlow,Dora,3826,david-copperfield
Peggotty,Mr. Spenlow,3826,david-copperfield
Peggotty,Dora,3826,david-copperfield
Peggotty,Dora,3826,david-copperfield
Peggotty,Dora,3826,david-copperfield
Dora,Mr. Spenlow,3826,david-copperfield
Dora,Peggotty,3826,david-copperfield
Dora,Mr. Spenlow,3826,david-copperfield
Dora,Peggotty,3826,david-copperfield
Dora,Mr. Spenlow,3826,david-copperfield
Dora,Peggotty,3826,david-copperfield
Peggotty,Miss Linwood,3828,david-copperfield
Peggotty,Paul,3828,david-copperfield
Peggotty,Paul,3828,david-copperfield
Miss Linwood,Peggotty,3828,david-copperfield
Miss Linwood,Paul,3828,david-copperfield
Miss Linwood,Peggotty,3828,david-copperfield
Miss Linwood,Paul,3828,david-copperfield
Paul,Peggotty,3828,david-copperfield
Paul,Miss Linwood,3828,david-copperfield
Paul,Peggotty,3828,david-copperfield
Peggotty,Miss Linwood,3828,david-copperfield
Peggotty,Paul,3828,david-copperfield
Peggotty,Paul,3828,david-copperfield
Paul,Peggotty,3828,david-copperfield
Paul,Miss Linwood,3828,david-copperfield
Paul,Peggotty,3828,david-copperfield
Peggotty,Mr. Spenlow,3829,david-copperfield
Peggotty,Tiffey,3829,david-copperfield
Mr. Spenlow,Peggotty,3829,david-copperfield
Mr. Spenlow,Tiffey,3829,david-copperfield
Mr. Spenlow,Peggotty,3829,david-copperfield
Tiffey,Peggotty,3829,david-copperfield
Tiffey,Mr. Spenlow,3829,david-copperfield
Tiffey,Peggotty,3829,david-copperfield
Peggotty,Mr. Spenlow,3829,david-copperfield
Peggotty,Tiffey,3829,david-copperfield
Mr. Spenlow,Mr. Barkis,3830,david-copperfield
Mr. Barkis,Mr. Spenlow,3830,david-copperfield
Mr. Murdstone,Peggotty,3838,david-copperfield
Peggotty,Mr. Murdstone,3838,david-copperfield
Peggotty,Mr. Murdstone,3840,david-copperfield
Mr. Murdstone,Peggotty,3840,david-copperfield
Mr.,Spenlow,3849,david-copperfield
Mr.,Mr. Murdstone,3849,david-copperfield
Mr.,Mr. Spenlow,3849,david-copperfield
Mr.,Mr. Tiffey,3849,david-copperfield
Mr.,Peggotty,3849,david-copperfield
Spenlow,Mr.,3849,david-copperfield
Spenlow,Mr. Murdstone,3849,david-copperfield
Spenlow,Mr. Spenlow,3849,david-copperfield
Spenlow,Mr. Tiffey,3849,david-copperfield
Spenlow,Peggotty,3849,david-copperfield
Mr. Murdstone,Mr.,3849,david-copperfield
Mr. Murdstone,Spenlow,3849,david-copperfield
Mr. Murdstone,Mr. Spenlow,3849,david-copperfield
Mr. Murdstone,Mr. Tiffey,3849,david-copperfield
Mr. Murdstone,Peggotty,3849,david-copperfield
Mr. Spenlow,Mr.,3849,david-copperfield
Mr. Spenlow,Spenlow,3849,david-copperfield
Mr. Spenlow,Mr. Murdstone,3849,david-copperfield
Mr. Spenlow,Mr. Tiffey,3849,david-copperfield
Mr. Spenlow,Peggotty,3849,david-copperfield
Mr. Tiffey,Mr.,3849,david-copperfield
Mr. Tiffey,Spenlow,3849,david-copperfield
Mr. Tiffey,Mr. Murdstone,3849,david-copperfield
Mr. Tiffey,Mr. Spenlow,3849,david-copperfield
Mr. Tiffey,Peggotty,3849,david-copperfield
Peggotty,Mr.,3849,david-copperfield
Peggotty,Spenlow,3849,david-copperfield
Peggotty,Mr. Murdstone,3849,david-copperfield
Peggotty,Mr. Spenlow,3849,david-copperfield
Peggotty,Mr. Tiffey,3849,david-copperfield
Mr. Murdstone,Miss Murdstone,3853,david-copperfield
Miss Murdstone,Mr. Murdstone,3853,david-copperfield
Mr. Spenlow,Beauty,3855,david-copperfield
Beauty,Mr. Spenlow,3855,david-copperfield
Peggotty,Tiffey,3858,david-copperfield
Tiffey,Peggotty,3858,david-copperfield
Old,Tiffey,3859,david-copperfield
Old,Mr. Spenlow,3859,david-copperfield
Old,Mr. Spenlow,3859,david-copperfield
Old,Jorkins,3859,david-copperfield
Tiffey,Old,3859,david-copperfield
Tiffey,Mr. Spenlow,3859,david-copperfield
Tiffey,Mr. Spenlow,3859,david-copperfield
Tiffey,Jorkins,3859,david-copperfield
Mr. Spenlow,Old,3859,david-copperfield
Mr. Spenlow,Tiffey,3859,david-copperfield
Mr. Spenlow,Jorkins,3859,david-copperfield
Mr. Spenlow,Old,3859,david-copperfield
Mr. Spenlow,Tiffey,3859,david-copperfield
Mr. Spenlow,Jorkins,3859,david-copperfield
Jorkins,Old,3859,david-copperfield
Jorkins,Tiffey,3859,david-copperfield
Jorkins,Mr. Spenlow,3859,david-copperfield
Jorkins,Mr. Spenlow,3859,david-copperfield
Peggotty,Tiffey,3861,david-copperfield
Peggotty,Mr. Spenlow,3861,david-copperfield
Peggotty,Thomas Benjamin,3861,david-copperfield
Peggotty,Thomas,3861,david-copperfield
Peggotty,Thomas Benjamin,3861,david-copperfield
Tiffey,Peggotty,3861,david-copperfield
Tiffey,Peggotty,3861,david-copperfield
Tiffey,Mr. Spenlow,3861,david-copperfield
Tiffey,Thomas Benjamin,3861,david-copperfield
Tiffey,Thomas,3861,david-copperfield
Tiffey,Thomas Benjamin,3861,david-copperfield
Peggotty,Tiffey,3861,david-copperfield
Peggotty,Mr. Spenlow,3861,david-copperfield
Peggotty,Thomas Benjamin,3861,david-copperfield
Peggotty,Thomas,3861,david-copperfield
Peggotty,Thomas Benjamin,3861,david-copperfield
Mr. Spenlow,Peggotty,3861,david-copperfield
Mr. Spenlow,Tiffey,3861,david-copperfield
Mr. Spenlow,Peggotty,3861,david-copperfield
Mr. Spenlow,Thomas Benjamin,3861,david-copperfield
Mr. Spenlow,Thomas,3861,david-copperfield
Mr. Spenlow,Thomas Benjamin,3861,david-copperfield
Thomas Benjamin,Peggotty,3861,david-copperfield
Thomas Benjamin,Tiffey,3861,david-copperfield
Thomas Benjamin,Peggotty,3861,david-copperfield
Thomas Benjamin,Mr. Spenlow,3861,david-copperfield
Thomas Benjamin,Thomas,3861,david-copperfield
Thomas,Peggotty,3861,david-copperfield
Thomas,Tiffey,3861,david-copperfield
Thomas,Peggotty,3861,david-copperfield
Thomas,Mr. Spenlow,3861,david-copperfield
Thomas,Thomas Benjamin,3861,david-copperfield
Thomas,Thomas Benjamin,3861,david-copperfield
Thomas Benjamin,Peggotty,3861,david-copperfield
Thomas Benjamin,Tiffey,3861,david-copperfield
Thomas Benjamin,Peggotty,3861,david-copperfield
Thomas Benjamin,Mr. Spenlow,3861,david-copperfield
Thomas Benjamin,Thomas,3861,david-copperfield
Mr. Spenlow,Look,3862,david-copperfield
Look,Mr. Spenlow,3862,david-copperfield
Dora,Mr. Spenlow,3863,david-copperfield
Mr. Spenlow,Dora,3863,david-copperfield
Mr. Spenlow,Dora,3864,david-copperfield
Mr. Spenlow,Paul,3864,david-copperfield
Mr. Spenlow,Churchyard,3864,david-copperfield
Dora,Mr. Spenlow,3864,david-copperfield
Dora,Paul,3864,david-copperfield
Dora,Churchyard,3864,david-copperfield
Paul,Mr. Spenlow,3864,david-copperfield
Paul,Dora,3864,david-copperfield
Paul,Churchyard,3864,david-copperfield
Churchyard,Mr. Spenlow,3864,david-copperfield
Churchyard,Dora,3864,david-copperfield
Churchyard,Paul,3864,david-copperfield
Mr.,Spenlow,3865,david-copperfield
Spenlow,Mr.,3865,david-copperfield
Mr. Spenlow,Dora,3866,david-copperfield
Mr. Spenlow,Dora,3866,david-copperfield
Dora,Mr. Spenlow,3866,david-copperfield
Dora,Mr. Spenlow,3866,david-copperfield
Garden Market,Dora,3867,david-copperfield
Dora,Garden Market,3867,david-copperfield
Dora,Miss Mills,3868,david-copperfield
Dora,Happy Miss Mills,3868,david-copperfield
Dora,Miss Mills,3868,david-copperfield
Dora,Happy Miss Mills,3868,david-copperfield
Miss Mills,Dora,3868,david-copperfield
Miss Mills,Dora,3868,david-copperfield
Miss Mills,Dora,3868,david-copperfield
Miss Mills,Happy Miss Mills,3868,david-copperfield
Dora,Miss Mills,3868,david-copperfield
Dora,Happy Miss Mills,3868,david-copperfield
Happy Miss Mills,Dora,3868,david-copperfield
Happy Miss Mills,Dora,3868,david-copperfield
Happy Miss Mills,Miss Mills,3868,david-copperfield
Happy Miss Mills,Dora,3868,david-copperfield
Jip,Jip WOULD,3869,david-copperfield
Jip WOULD,Jip,3869,david-copperfield
Mr. Copperfield,Dora,3870,david-copperfield
Dora,Mr. Copperfield,3870,david-copperfield
Kill,Miss Mills,3871,david-copperfield
Miss Mills,Kill,3871,david-copperfield
Dora,Jip,3872,david-copperfield
Dora,Jip,3872,david-copperfield
Dora,Jip,3872,david-copperfield
Jip,Dora,3872,david-copperfield
Jip,Dora,3872,david-copperfield
Jip,Dora,3872,david-copperfield
Dora,Jip,3872,david-copperfield
Dora,Jip,3872,david-copperfield
Dora,Jip,3872,david-copperfield
Jip,Dora,3872,david-copperfield
Jip,Dora,3872,david-copperfield
Jip,Dora,3872,david-copperfield
Dora,Jip,3872,david-copperfield
Dora,Jip,3872,david-copperfield
Dora,Jip,3872,david-copperfield
Jip,Dora,3872,david-copperfield
Jip,Dora,3872,david-copperfield
Jip,Dora,3872,david-copperfield
Mr. Copperfield,Dora,3873,david-copperfield
Mr. Copperfield,Miss Murdstone,3873,david-copperfield
Mr. Copperfield,Isn,3873,david-copperfield
Dora,Mr. Copperfield,3873,david-copperfield
Dora,Miss Murdstone,3873,david-copperfield
Dora,Isn,3873,david-copperfield
Miss Murdstone,Mr. Copperfield,3873,david-copperfield
Miss Murdstone,Dora,3873,david-copperfield
Miss Murdstone,Isn,3873,david-copperfield
Isn,Mr. Copperfield,3873,david-copperfield
Isn,Dora,3873,david-copperfield
Isn,Miss Murdstone,3873,david-copperfield
Dora,Julia,3877,david-copperfield
Julia,Dora,3877,david-copperfield
Mr. Spenlow,Dora,3879,david-copperfield
Mr. Spenlow,Miss Mills,3879,david-copperfield
Mr. Spenlow,Ye Mayflies,3879,david-copperfield
Dora,Mr. Spenlow,3879,david-copperfield
Dora,Miss Mills,3879,david-copperfield
Dora,Ye Mayflies,3879,david-copperfield
Miss Mills,Mr. Spenlow,3879,david-copperfield
Miss Mills,Dora,3879,david-copperfield
Miss Mills,Ye Mayflies,3879,david-copperfield
Ye Mayflies,Mr. Spenlow,3879,david-copperfield
Ye Mayflies,Dora,3879,david-copperfield
Ye Mayflies,Miss Mills,3879,david-copperfield
Mr. Spenlow,Dora,3881,david-copperfield
Mr. Spenlow,Dora,3881,david-copperfield
Mr. Spenlow,Dora,3881,david-copperfield
Mr. Spenlow,Dora,3881,david-copperfield
Mr. Spenlow,Miss Mills,3881,david-copperfield
Mr. Spenlow,Miss Mills,3881,david-copperfield
Dora,Mr. Spenlow,3881,david-copperfield
Dora,Miss Mills,3881,david-copperfield
Dora,Miss Mills,3881,david-copperfield
Dora,Mr. Spenlow,3881,david-copperfield
Dora,Miss Mills,3881,david-copperfield
Dora,Miss Mills,3881,david-copperfield
Dora,Mr. Spenlow,3881,david-copperfield
Dora,Miss Mills,3881,david-copperfield
Dora,Miss Mills,3881,david-copperfield
Dora,Mr. Spenlow,3881,david-copperfield
Dora,Miss Mills,3881,david-copperfield
Dora,Miss Mills,3881,david-copperfield
Miss Mills,Mr. Spenlow,3881,david-copperfield
Miss Mills,Dora,3881,david-copperfield
Miss Mills,Dora,3881,david-copperfield
Miss Mills,Dora,3881,david-copperfield
Miss Mills,Dora,3881,david-copperfield
Miss Mills,Mr. Spenlow,3881,david-copperfield
Miss Mills,Dora,3881,david-copperfield
Miss Mills,Dora,3881,david-copperfield
Miss Mills,Dora,3881,david-copperfield
Miss Mills,Dora,3881,david-copperfield
Whisker,Dora,3884,david-copperfield
Dora,Whisker,3884,david-copperfield
Howbeit,Dora,3887,david-copperfield
Howbeit,Miss Mills,3887,david-copperfield
Dora,Howbeit,3887,david-copperfield
Dora,Miss Mills,3887,david-copperfield
Miss Mills,Howbeit,3887,david-copperfield
Miss Mills,Dora,3887,david-copperfield
Copperfield,Miss Mills,3888,david-copperfield
Miss Mills,Copperfield,3888,david-copperfield
Dora,Miss Mills,3890,david-copperfield
Miss Mills,Dora,3890,david-copperfield
Copperfield,Dora,3892,david-copperfield
Copperfield,Miss Mills,3892,david-copperfield
Copperfield,Miss Mills,3892,david-copperfield
Dora,Copperfield,3892,david-copperfield
Dora,Miss Mills,3892,david-copperfield
Dora,Miss Mills,3892,david-copperfield
Miss Mills,Copperfield,3892,david-copperfield
Miss Mills,Dora,3892,david-copperfield
Miss Mills,Copperfield,3892,david-copperfield
Miss Mills,Dora,3892,david-copperfield
Dora,Miss Mills,3893,david-copperfield
Miss Mills,Dora,3893,david-copperfield
Miss Mills,Dora,3893,david-copperfield
Dora,Miss Mills,3893,david-copperfield
Dora,Miss Mills,3895,david-copperfield
Miss Mills,Dora,3895,david-copperfield
Red Whisker,Mr. Spenlow,3896,david-copperfield
Red Whisker,Jip,3896,david-copperfield
Mr. Spenlow,Red Whisker,3896,david-copperfield
Mr. Spenlow,Jip,3896,david-copperfield
Jip,Red Whisker,3896,david-copperfield
Jip,Mr. Spenlow,3896,david-copperfield
Copperfield,Miss Mills,3898,david-copperfield
Miss Mills,Copperfield,3898,david-copperfield
Miss Mills,Dora,3901,david-copperfield
Miss Mills,Dora,3901,david-copperfield
Dora,Miss Mills,3901,david-copperfield
Dora,Miss Mills,3901,david-copperfield
Dora,Miss Mills,3901,david-copperfield
Dora,Miss Mills,3901,david-copperfield
Miss Mills,Dora,3901,david-copperfield
Miss Mills,Dora,3901,david-copperfield
Mr. Spenlow,Dora,3902,david-copperfield
Mr. Spenlow,Dora,3902,david-copperfield
Dora,Mr. Spenlow,3902,david-copperfield
Dora,Mr. Spenlow,3902,david-copperfield
Mr. Spenlow,Dora,3902,david-copperfield
Mr. Spenlow,Dora,3902,david-copperfield
Dora,Mr. Spenlow,3902,david-copperfield
Dora,Mr. Spenlow,3902,david-copperfield
Dora,Miss Mills,3903,david-copperfield
Dora,Miss Mills,3903,david-copperfield
Miss Mills,Dora,3903,david-copperfield
Miss Mills,Dora,3903,david-copperfield
Mr.,Mills,3905,david-copperfield
Mr.,Nobody,3905,david-copperfield
Mr.,Miss Mills,3905,david-copperfield
Mr.,Miss Mills,3905,david-copperfield
Mills,Mr.,3905,david-copperfield
Mills,Nobody,3905,david-copperfield
Mills,Miss Mills,3905,david-copperfield
Mills,Miss Mills,3905,david-copperfield
Nobody,Mr.,3905,david-copperfield
Nobody,Mills,3905,david-copperfield
Nobody,Miss Mills,3905,david-copperfield
Nobody,Miss Mills,3905,david-copperfield
Miss Mills,Mr.,3905,david-copperfield
Miss Mills,Mills,3905,david-copperfield
Miss Mills,Nobody,3905,david-copperfield
Miss Mills,Mr.,3905,david-copperfield
Miss Mills,Mills,3905,david-copperfield
Miss Mills,Nobody,3905,david-copperfield
Miss Mills,Dora,3906,david-copperfield
Miss Mills,Jip,3906,david-copperfield
Miss Mills,Dirge,3906,david-copperfield
Miss Mills,Dora,3906,david-copperfield
Miss Mills,Garden Market,3906,david-copperfield
Dora,Miss Mills,3906,david-copperfield
Dora,Jip,3906,david-copperfield
Dora,Miss Mills,3906,david-copperfield
Dora,Dirge,3906,david-copperfield
Dora,Garden Market,3906,david-copperfield
Jip,Miss Mills,3906,david-copperfield
Jip,Dora,3906,david-copperfield
Jip,Miss Mills,3906,david-copperfield
Jip,Dirge,3906,david-copperfield
Jip,Dora,3906,david-copperfield
Jip,Garden Market,3906,david-copperfield
Miss Mills,Dora,3906,david-copperfield
Miss Mills,Jip,3906,david-copperfield
Miss Mills,Dirge,3906,david-copperfield
Miss Mills,Dora,3906,david-copperfield
Miss Mills,Garden Market,3906,david-copperfield
Dirge,Miss Mills,3906,david-copperfield
Dirge,Dora,3906,david-copperfield
Dirge,Jip,3906,david-copperfield
Dirge,Miss Mills,3906,david-copperfield
Dirge,Dora,3906,david-copperfield
Dirge,Garden Market,3906,david-copperfield
Dora,Miss Mills,3906,david-copperfield
Dora,Jip,3906,david-copperfield
Dora,Miss Mills,3906,david-copperfield
Dora,Dirge,3906,david-copperfield
Dora,Garden Market,3906,david-copperfield
Garden Market,Miss Mills,3906,david-copperfield
Garden Market,Dora,3906,david-copperfield
Garden Market,Jip,3906,david-copperfield
Garden Market,Miss Mills,3906,david-copperfield
Garden Market,Dirge,3906,david-copperfield
Garden Market,Dora,3906,david-copperfield
Miss,Mills,3907,david-copperfield
Miss,Miss Mills,3907,david-copperfield
Miss,Dirge,3907,david-copperfield
Mills,Miss,3907,david-copperfield
Mills,Miss Mills,3907,david-copperfield
Mills,Dirge,3907,david-copperfield
Miss Mills,Miss,3907,david-copperfield
Miss Mills,Mills,3907,david-copperfield
Miss Mills,Dirge,3907,david-copperfield
Dirge,Miss,3907,david-copperfield
Dirge,Mills,3907,david-copperfield
Dirge,Miss Mills,3907,david-copperfield
Dora,Miss Kitt,3918,david-copperfield
Miss Kitt,Dora,3918,david-copperfield
Dora,Jip,3920,david-copperfield
Jip,Dora,3920,david-copperfield
Jip,Dora,3921,david-copperfield
Dora,Jip,3921,david-copperfield
Dora,Jip,3921,david-copperfield
Jip,Dora,3921,david-copperfield
Dora,Jip,3922,david-copperfield
Dora,Jip,3922,david-copperfield
Dora,Jip,3922,david-copperfield
Jip,Dora,3922,david-copperfield
Jip,Dora,3922,david-copperfield
Jip,Dora,3922,david-copperfield
Dora,Jip,3923,david-copperfield
Jip,Dora,3923,david-copperfield
Jip,Dora,3923,david-copperfield
Dora,Jip,3923,david-copperfield
Dora,Mr. Spenlow,3924,david-copperfield
Mr. Spenlow,Dora,3924,david-copperfield
Miss,Mills,3925,david-copperfield
Miss,Dora,3925,david-copperfield
Mills,Miss,3925,david-copperfield
Mills,Dora,3925,david-copperfield
Dora,Miss,3925,david-copperfield
Dora,Mills,3925,david-copperfield
Miss Mills,Dora,3930,david-copperfield
Miss Mills,Dora,3930,david-copperfield
Miss Mills,Dora,3930,david-copperfield
Dora,Miss Mills,3930,david-copperfield
Dora,Miss Mills,3930,david-copperfield
Dora,Miss Mills,3930,david-copperfield
Love,Miss Mills,3931,david-copperfield
Miss Mills,Love,3931,david-copperfield
Agnes,Dora,3935,david-copperfield
Agnes,Dora,3935,david-copperfield
Dora,Agnes,3935,david-copperfield
Dora,Agnes,3935,david-copperfield
Dora,Agnes,3935,david-copperfield
Dora,Agnes,3935,david-copperfield
Agnes,Dora,3935,david-copperfield
Agnes,Dora,3935,david-copperfield
Agnes,Dora,3936,david-copperfield
Dora,Agnes,3936,david-copperfield
Traddles,Peggotty,3939,david-copperfield
Traddles,Peggotty,3939,david-copperfield
Traddles,God,3939,david-copperfield
Peggotty,Traddles,3939,david-copperfield
Peggotty,God,3939,david-copperfield
Peggotty,Traddles,3939,david-copperfield
Peggotty,God,3939,david-copperfield
God,Traddles,3939,david-copperfield
God,Peggotty,3939,david-copperfield
God,Peggotty,3939,david-copperfield
Traddles,Crupp,3940,david-copperfield
Traddles,Peggotty,3940,david-copperfield
Traddles,Peggotty,3940,david-copperfield
Crupp,Traddles,3940,david-copperfield
Crupp,Peggotty,3940,david-copperfield
Crupp,Peggotty,3940,david-copperfield
Peggotty,Traddles,3940,david-copperfield
Peggotty,Crupp,3940,david-copperfield
Peggotty,Traddles,3940,david-copperfield
Peggotty,Crupp,3940,david-copperfield
Crupp,Peggotty,3941,david-copperfield
Peggotty,Crupp,3941,david-copperfield
Miss D.,Traddles,3946,david-copperfield
Traddles,Miss D.,3946,david-copperfield
Mine,Traddles,3948,david-copperfield
Traddles,Mine,3948,david-copperfield
Sophy,Splendid,3958,david-copperfield
Sophy,Traddles,3958,david-copperfield
Splendid,Sophy,3958,david-copperfield
Splendid,Traddles,3958,david-copperfield
Traddles,Sophy,3958,david-copperfield
Traddles,Splendid,3958,david-copperfield
Traddles,Sophy,3959,david-copperfield
Sophy,Traddles,3959,david-copperfield
Traddles,Sophy,3961,david-copperfield
Sophy,Traddles,3961,david-copperfield
Traddles,Sarah,3963,david-copperfield
Traddles,Sarah,3963,david-copperfield
Traddles,Sophy,3963,david-copperfield
Traddles,Sophy,3963,david-copperfield
Sarah,Traddles,3963,david-copperfield
Sarah,Sophy,3963,david-copperfield
Sarah,Sophy,3963,david-copperfield
Sarah,Traddles,3963,david-copperfield
Sarah,Sophy,3963,david-copperfield
Sarah,Sophy,3963,david-copperfield
Sophy,Traddles,3963,david-copperfield
Sophy,Sarah,3963,david-copperfield
Sophy,Sarah,3963,david-copperfield
Sophy,Traddles,3963,david-copperfield
Sophy,Sarah,3963,david-copperfield
Sophy,Sarah,3963,david-copperfield
Traddles,Sophy,3967,david-copperfield
Sophy,Traddles,3967,david-copperfield
Traddles,Sophy,3972,david-copperfield
Sophy,Traddles,3972,david-copperfield
Traddles,Mr. Micawber,3977,david-copperfield
Traddles,Mr. Micawber,3977,david-copperfield
Mr. Micawber,Traddles,3977,david-copperfield
Mr. Micawber,Traddles,3977,david-copperfield
Peggotty,Traddles,3979,david-copperfield
Traddles,Peggotty,3979,david-copperfield
Traddles,Sophy,3982,david-copperfield
Sophy,Traddles,3982,david-copperfield
Mr. Dick,Robinson Crusoe,3986,david-copperfield
Robinson Crusoe,Mr. Dick,3986,david-copperfield
Robinson Crusoe,Mr. Dick,3986,david-copperfield
Mr. Dick,Robinson Crusoe,3986,david-copperfield
Mr. Dick,Mr. Copperfull,3988,david-copperfield
Mr. Copperfull,Mr. Dick,3988,david-copperfield
Barkis,Peggotty,3992,david-copperfield
Peggotty,Barkis,3992,david-copperfield
Crupp,Barkis,4005,david-copperfield
Barkis,Crupp,4005,david-copperfield
Trot,Barkis,4008,david-copperfield
Barkis,Trot,4008,david-copperfield
Dick,Janet,4016,david-copperfield
Dick,Barkis,4016,david-copperfield
Janet,Dick,4016,david-copperfield
Janet,Barkis,4016,david-copperfield
Barkis,Dick,4016,david-copperfield
Barkis,Janet,4016,david-copperfield
Mr. Dick,Mr. Peggotty,4021,david-copperfield
Mr. Dick,Crupp,4021,david-copperfield
Mr. Peggotty,Mr. Dick,4021,david-copperfield
Mr. Peggotty,Mr. Dick,4021,david-copperfield
Mr. Peggotty,Crupp,4021,david-copperfield
Mr. Peggotty,Mr. Dick,4021,david-copperfield
Mr. Dick,Mr. Peggotty,4021,david-copperfield
Mr. Dick,Crupp,4021,david-copperfield
Crupp,Mr. Dick,4021,david-copperfield
Crupp,Mr. Peggotty,4021,david-copperfield
Crupp,Mr. Dick,4021,david-copperfield
Crupp,Mr. Dick,4021,david-copperfield
Mr. Dick,Mr. Peggotty,4021,david-copperfield
Mr. Dick,Crupp,4021,david-copperfield
Mr. Dick,Dick,4022,david-copperfield
Dick,Mr. Dick,4022,david-copperfield
Mr.,Dick,4023,david-copperfield
Dick,Mr.,4023,david-copperfield
Trot,Ale,4032,david-copperfield
Ale,Trot,4032,david-copperfield
Mr. Dick,Peggotty,4033,david-copperfield
Peggotty,Mr. Dick,4033,david-copperfield
Peggotty,Mr. Dick,4033,david-copperfield
Mr. Dick,Peggotty,4033,david-copperfield
Tut,Ale,4037,david-copperfield
Ale,Tut,4037,david-copperfield
Barkis,Trot,4047,david-copperfield
Barkis,Trot,4047,david-copperfield
Trot,Barkis,4047,david-copperfield
Trot,Barkis,4047,david-copperfield
Mercy,Trot,4053,david-copperfield
Mercy,Barkis,4053,david-copperfield
Mercy,Dick,4053,david-copperfield
Trot,Mercy,4053,david-copperfield
Trot,Barkis,4053,david-copperfield
Trot,Dick,4053,david-copperfield
Barkis,Mercy,4053,david-copperfield
Barkis,Trot,4053,david-copperfield
Barkis,Dick,4053,david-copperfield
Dick,Mercy,4053,david-copperfield
Dick,Trot,4053,david-copperfield
Dick,Barkis,4053,david-copperfield
Poor,Trot,4066,david-copperfield
Trot,Poor,4066,david-copperfield
Trot,Baby,4070,david-copperfield
Trot,Deep,4070,david-copperfield
Baby,Trot,4070,david-copperfield
Baby,Trot,4070,david-copperfield
Baby,Deep,4070,david-copperfield
Trot,Baby,4070,david-copperfield
Trot,Deep,4070,david-copperfield
Deep,Trot,4070,david-copperfield
Deep,Baby,4070,david-copperfield
Deep,Trot,4070,david-copperfield
Mr. Spenlow,Dora,4075,david-copperfield
Mr. Spenlow,Dora,4075,david-copperfield
Mr. Spenlow,Sordid,4075,david-copperfield
Mr. Spenlow,Dora,4075,david-copperfield
Mr. Spenlow,Dora,4075,david-copperfield
Dora,Mr. Spenlow,4075,david-copperfield
Dora,Sordid,4075,david-copperfield
Dora,Mr. Spenlow,4075,david-copperfield
Dora,Sordid,4075,david-copperfield
Sordid,Mr. Spenlow,4075,david-copperfield
Sordid,Dora,4075,david-copperfield
Sordid,Dora,4075,david-copperfield
Sordid,Dora,4075,david-copperfield
Sordid,Dora,4075,david-copperfield
Dora,Mr. Spenlow,4075,david-copperfield
Dora,Sordid,4075,david-copperfield
Dora,Mr. Spenlow,4075,david-copperfield
Dora,Sordid,4075,david-copperfield
Mr. Spenlow,Tiffey,4076,david-copperfield
Mr. Spenlow,St. Paul,4076,david-copperfield
Mr. Spenlow,Dora,4076,david-copperfield
Mr. Spenlow,Uriah Heep,4076,david-copperfield
Tiffey,Mr. Spenlow,4076,david-copperfield
Tiffey,St. Paul,4076,david-copperfield
Tiffey,Dora,4076,david-copperfield
Tiffey,Uriah Heep,4076,david-copperfield
St. Paul,Mr. Spenlow,4076,david-copperfield
St. Paul,Tiffey,4076,david-copperfield
St. Paul,Dora,4076,david-copperfield
St. Paul,Uriah Heep,4076,david-copperfield
Dora,Mr. Spenlow,4076,david-copperfield
Dora,Tiffey,4076,david-copperfield
Dora,St. Paul,4076,david-copperfield
Dora,Uriah Heep,4076,david-copperfield
Uriah Heep,Mr. Spenlow,4076,david-copperfield
Uriah Heep,Tiffey,4076,david-copperfield
Uriah Heep,St. Paul,4076,david-copperfield
Uriah Heep,Dora,4076,david-copperfield
Westminster Abbey,Buckingham Street,4077,david-copperfield
Buckingham Street,Westminster Abbey,4077,david-copperfield
Peggotty,Doctors,4079,david-copperfield
Doctors,Peggotty,4079,david-copperfield
Don,Mr. Spenlow,4094,david-copperfield
Don,Mr. Jorkins,4094,david-copperfield
Mr. Spenlow,Don,4094,david-copperfield
Mr. Spenlow,Mr. Jorkins,4094,david-copperfield
Mr. Jorkins,Don,4094,david-copperfield
Mr. Jorkins,Mr. Spenlow,4094,david-copperfield
Mr.,Spenlow,4097,david-copperfield
Mr.,Heaven,4097,david-copperfield
Mr.,Mr. Jorkins,4097,david-copperfield
Mr.,Mr. Jorkins,4097,david-copperfield
Mr.,Mr. Jorkins,4097,david-copperfield
Spenlow,Mr.,4097,david-copperfield
Spenlow,Heaven,4097,david-copperfield
Spenlow,Mr. Jorkins,4097,david-copperfield
Spenlow,Mr. Jorkins,4097,david-copperfield
Spenlow,Mr. Jorkins,4097,david-copperfield
Heaven,Mr.,4097,david-copperfield
Heaven,Spenlow,4097,david-copperfield
Heaven,Mr. Jorkins,4097,david-copperfield
Heaven,Mr. Jorkins,4097,david-copperfield
Heaven,Mr. Jorkins,4097,david-copperfield
Mr. Jorkins,Mr.,4097,david-copperfield
Mr. Jorkins,Spenlow,4097,david-copperfield
Mr. Jorkins,Heaven,4097,david-copperfield
Mr. Jorkins,Mr.,4097,david-copperfield
Mr. Jorkins,Spenlow,4097,david-copperfield
Mr. Jorkins,Heaven,4097,david-copperfield
Mr. Jorkins,Mr.,4097,david-copperfield
Mr. Jorkins,Spenlow,4097,david-copperfield
Mr. Jorkins,Heaven,4097,david-copperfield
Mr. Spenlow,Mr. Jorkins,4100,david-copperfield
Mr. Spenlow,Mr. Jorkins,4100,david-copperfield
Mr. Jorkins,Mr. Spenlow,4100,david-copperfield
Mr. Jorkins,Mr. Spenlow,4100,david-copperfield
Dora,Mr. Jorkins,4101,david-copperfield
Dora,Mr. Jorkins,4101,david-copperfield
Dora,Mr. Jorkins,4101,david-copperfield
Mr. Jorkins,Dora,4101,david-copperfield
Mr. Jorkins,Dora,4101,david-copperfield
Mr. Jorkins,Dora,4101,david-copperfield
Mr. Copperfield,Mr. Jorkins,4102,david-copperfield
Mr. Jorkins,Mr. Copperfield,4102,david-copperfield
Mr. Jorkins,Mr. Spenlow,4103,david-copperfield
Mr. Spenlow,Mr. Jorkins,4103,david-copperfield
Mr. Spenlow,Mr. Jorkins,4103,david-copperfield
Mr. Jorkins,Mr. Spenlow,4103,david-copperfield
Mr. Spenlow,Mr. Jorkins,4104,david-copperfield
Mr. Jorkins,Mr. Spenlow,4104,david-copperfield
Yes,Mr. Spenlow,4105,david-copperfield
Mr. Spenlow,Yes,4105,david-copperfield
Mr. Copperfield,Mr. Jorkins,4108,david-copperfield
Mr. Jorkins,Mr. Copperfield,4108,david-copperfield
Mr. Jorkins,Mr. Copperfield,4110,david-copperfield
Mr. Jorkins,Mr. Spenlow,4110,david-copperfield
Mr. Copperfield,Mr. Jorkins,4110,david-copperfield
Mr. Copperfield,Mr. Spenlow,4110,david-copperfield
Mr. Spenlow,Mr. Jorkins,4110,david-copperfield
Mr. Spenlow,Mr. Copperfield,4110,david-copperfield
Mr. Jorkins,Mr. Copperfield,4112,david-copperfield
Mr. Copperfield,Mr. Jorkins,4112,david-copperfield
Mr. Spenlow,Jorkins,4113,david-copperfield
Jorkins,Mr. Spenlow,4113,david-copperfield
Mr. Spenlow,Mr. Jorkins,4114,david-copperfield
Mr. Spenlow,Mr. Jorkins,4114,david-copperfield
Mr. Spenlow,Mr. Jorkins,4114,david-copperfield
Mr. Spenlow,Jorkins,4114,david-copperfield
Mr. Jorkins,Mr. Spenlow,4114,david-copperfield
Mr. Jorkins,Jorkins,4114,david-copperfield
Mr. Jorkins,Mr. Spenlow,4114,david-copperfield
Mr. Jorkins,Jorkins,4114,david-copperfield
Mr. Jorkins,Mr. Spenlow,4114,david-copperfield
Mr. Jorkins,Jorkins,4114,david-copperfield
Jorkins,Mr. Spenlow,4114,david-copperfield
Jorkins,Mr. Jorkins,4114,david-copperfield
Jorkins,Mr. Jorkins,4114,david-copperfield
Jorkins,Mr. Jorkins,4114,david-copperfield
Mr. Spenlow,Mr. Jorkins,4115,david-copperfield
Mr. Spenlow,Dora,4115,david-copperfield
Mr. Jorkins,Mr. Spenlow,4115,david-copperfield
Mr. Jorkins,Dora,4115,david-copperfield
Dora,Mr. Spenlow,4115,david-copperfield
Dora,Mr. Jorkins,4115,david-copperfield
Certainly,Dora,4122,david-copperfield
Certainly,Agnes,4122,david-copperfield
Dora,Certainly,4122,david-copperfield
Dora,Agnes,4122,david-copperfield
Agnes,Certainly,4122,david-copperfield
Agnes,Dora,4122,david-copperfield
Hope,Agnes,4124,david-copperfield
Agnes,Hope,4124,david-copperfield
Agnes,Mr. Wickfield,4125,david-copperfield
Agnes,Uriah Heep,4125,david-copperfield
Mr. Wickfield,Agnes,4125,david-copperfield
Mr. Wickfield,Uriah Heep,4125,david-copperfield
Uriah Heep,Agnes,4125,david-copperfield
Uriah Heep,Mr. Wickfield,4125,david-copperfield
Agnes,Mr. Wickfield,4127,david-copperfield
Mr. Wickfield,Agnes,4127,david-copperfield
Mr. Wickfield,Agnes,4127,david-copperfield
Agnes,Mr. Wickfield,4127,david-copperfield
Heep,Agnes,4130,david-copperfield
Agnes,Heep,4130,david-copperfield
Agnes,Uriah Heep,4138,david-copperfield
Uriah Heep,Agnes,4138,david-copperfield
Peggotty,Mr. Dick,4141,david-copperfield
Peggotty,Agnes,4141,david-copperfield
Peggotty,Agnes,4141,david-copperfield
Mr. Dick,Peggotty,4141,david-copperfield
Mr. Dick,Agnes,4141,david-copperfield
Mr. Dick,Agnes,4141,david-copperfield
Agnes,Peggotty,4141,david-copperfield
Agnes,Mr. Dick,4141,david-copperfield
Agnes,Peggotty,4141,david-copperfield
Agnes,Mr. Dick,4141,david-copperfield
Which,Trot,4143,david-copperfield
Which,Trot,4143,david-copperfield
Which,Agnes,4143,david-copperfield
Trot,Which,4143,david-copperfield
Trot,Agnes,4143,david-copperfield
Trot,Which,4143,david-copperfield
Trot,Agnes,4143,david-copperfield
Agnes,Which,4143,david-copperfield
Agnes,Trot,4143,david-copperfield
Agnes,Trot,4143,david-copperfield
Betsey Trotwood,Trot,4145,david-copperfield
Betsey Trotwood,Betsey,4145,david-copperfield
Betsey Trotwood,Betsey,4145,david-copperfield
Betsey Trotwood,Betsey,4145,david-copperfield
Betsey Trotwood,Agnes,4145,david-copperfield
Betsey Trotwood,Tom Tiddler,4145,david-copperfield
Betsey Trotwood,Betsey,4145,david-copperfield
Betsey Trotwood,Least,4145,david-copperfield
Trot,Betsey Trotwood,4145,david-copperfield
Trot,Betsey,4145,david-copperfield
Trot,Betsey,4145,david-copperfield
Trot,Betsey,4145,david-copperfield
Trot,Agnes,4145,david-copperfield
Trot,Tom Tiddler,4145,david-copperfield
Trot,Betsey,4145,david-copperfield
Trot,Least,4145,david-copperfield
Betsey,Betsey Trotwood,4145,david-copperfield
Betsey,Trot,4145,david-copperfield
Betsey,Agnes,4145,david-copperfield
Betsey,Tom Tiddler,4145,david-copperfield
Betsey,Least,4145,david-copperfield
Betsey,Betsey Trotwood,4145,david-copperfield
Betsey,Trot,4145,david-copperfield
Betsey,Agnes,4145,david-copperfield
Betsey,Tom Tiddler,4145,david-copperfield
Betsey,Least,4145,david-copperfield
Betsey,Betsey Trotwood,4145,david-copperfield
Betsey,Trot,4145,david-copperfield
Betsey,Agnes,4145,david-copperfield
Betsey,Tom Tiddler,4145,david-copperfield
Betsey,Least,4145,david-copperfield
Agnes,Betsey Trotwood,4145,david-copperfield
Agnes,Trot,4145,david-copperfield
Agnes,Betsey,4145,david-copperfield
Agnes,Betsey,4145,david-copperfield
Agnes,Betsey,4145,david-copperfield
Agnes,Tom Tiddler,4145,david-copperfield
Agnes,Betsey,4145,david-copperfield
Agnes,Least,4145,david-copperfield
Tom Tiddler,Betsey Trotwood,4145,david-copperfield
Tom Tiddler,Trot,4145,david-copperfield
Tom Tiddler,Betsey,4145,david-copperfield
Tom Tiddler,Betsey,4145,david-copperfield
Tom Tiddler,Betsey,4145,david-copperfield
Tom Tiddler,Agnes,4145,david-copperfield
Tom Tiddler,Betsey,4145,david-copperfield
Tom Tiddler,Least,4145,david-copperfield
Betsey,Betsey Trotwood,4145,david-copperfield
Betsey,Trot,4145,david-copperfield
Betsey,Agnes,4145,david-copperfield
Betsey,Tom Tiddler,4145,david-copperfield
Betsey,Least,4145,david-copperfield
Least,Betsey Trotwood,4145,david-copperfield
Least,Trot,4145,david-copperfield
Least,Betsey,4145,david-copperfield
Least,Betsey,4145,david-copperfield
Least,Betsey,4145,david-copperfield
Least,Agnes,4145,david-copperfield
Least,Tom Tiddler,4145,david-copperfield
Least,Betsey,4145,david-copperfield
Agnes,Trot,4150,david-copperfield
Trot,Agnes,4150,david-copperfield
Dick,Agnes,4151,david-copperfield
Agnes,Dick,4151,david-copperfield
Agnes,Strong,4161,david-copperfield
Agnes,Don,4161,david-copperfield
Strong,Agnes,4161,david-copperfield
Strong,Don,4161,david-copperfield
Don,Agnes,4161,david-copperfield
Don,Strong,4161,david-copperfield
Agnes,Doctor,4163,david-copperfield
Doctor,Agnes,4163,david-copperfield
Peggotty,Agnes,4165,david-copperfield
Peggotty,Agnes,4165,david-copperfield
Agnes,Peggotty,4165,david-copperfield
Agnes,Peggotty,4165,david-copperfield
Mr. Wickfield,Uriah Heep,4167,david-copperfield
Uriah Heep,Mr. Wickfield,4167,david-copperfield
Uriah Heep,Mr. Wickfield,4167,david-copperfield
Mr. Wickfield,Uriah Heep,4167,david-copperfield
Uriah Heep,Uriah,4168,david-copperfield
Uriah Heep,Mr. Wickfield,4168,david-copperfield
Uriah,Uriah Heep,4168,david-copperfield
Uriah,Mr. Wickfield,4168,david-copperfield
Mr. Wickfield,Uriah Heep,4168,david-copperfield
Mr. Wickfield,Uriah,4168,david-copperfield
Agnes,Papa,4169,david-copperfield
Agnes,Miss Trotwood,4169,david-copperfield
Agnes,Uriah,4169,david-copperfield
Papa,Agnes,4169,david-copperfield
Papa,Miss Trotwood,4169,david-copperfield
Papa,Uriah,4169,david-copperfield
Papa,Agnes,4169,david-copperfield
Miss Trotwood,Agnes,4169,david-copperfield
Miss Trotwood,Papa,4169,david-copperfield
Miss Trotwood,Uriah,4169,david-copperfield
Miss Trotwood,Agnes,4169,david-copperfield
Uriah,Agnes,4169,david-copperfield
Uriah,Papa,4169,david-copperfield
Uriah,Miss Trotwood,4169,david-copperfield
Uriah,Agnes,4169,david-copperfield
Agnes,Papa,4169,david-copperfield
Agnes,Miss Trotwood,4169,david-copperfield
Agnes,Uriah,4169,david-copperfield
Wickfield,Agnes,4171,david-copperfield
Agnes,Wickfield,4171,david-copperfield
Uriah Heep,Miss Betsey Trotwood,4172,david-copperfield
Uriah Heep,Miss Agnes,4172,david-copperfield
Miss Betsey Trotwood,Uriah Heep,4172,david-copperfield
Miss Betsey Trotwood,Miss Agnes,4172,david-copperfield
Miss Agnes,Uriah Heep,4172,david-copperfield
Miss Agnes,Miss Betsey Trotwood,4172,david-copperfield
Master,Mister Copperfield,4175,david-copperfield
Master,Uriah,4175,david-copperfield
Master,Mister Copperfield,4175,david-copperfield
Master,Mister Copperfield,4175,david-copperfield
Master,Uriah,4175,david-copperfield
Mister Copperfield,Master,4175,david-copperfield
Mister Copperfield,Uriah,4175,david-copperfield
Mister Copperfield,Uriah,4175,david-copperfield
Uriah,Master,4175,david-copperfield
Uriah,Mister Copperfield,4175,david-copperfield
Uriah,Mister Copperfield,4175,david-copperfield
Uriah,Mister Copperfield,4175,david-copperfield
Mister Copperfield,Master,4175,david-copperfield
Mister Copperfield,Uriah,4175,david-copperfield
Mister Copperfield,Uriah,4175,david-copperfield
Mister Copperfield,Master,4175,david-copperfield
Mister Copperfield,Uriah,4175,david-copperfield
Mister Copperfield,Uriah,4175,david-copperfield
Uriah,Master,4175,david-copperfield
Uriah,Mister Copperfield,4175,david-copperfield
Uriah,Mister Copperfield,4175,david-copperfield
Uriah,Mister Copperfield,4175,david-copperfield
Master Copperfield,Mister,4177,david-copperfield
Master Copperfield,Uriah,4177,david-copperfield
Master Copperfield,Don,4177,david-copperfield
Master Copperfield,Mr. Wickfield,4177,david-copperfield
Master Copperfield,Miss Agnes,4177,david-copperfield
Mister,Master Copperfield,4177,david-copperfield
Mister,Uriah,4177,david-copperfield
Mister,Don,4177,david-copperfield
Mister,Mr. Wickfield,4177,david-copperfield
Mister,Master Copperfield,4177,david-copperfield
Mister,Miss Agnes,4177,david-copperfield
Uriah,Master Copperfield,4177,david-copperfield
Uriah,Mister,4177,david-copperfield
Uriah,Don,4177,david-copperfield
Uriah,Mr. Wickfield,4177,david-copperfield
Uriah,Master Copperfield,4177,david-copperfield
Uriah,Miss Agnes,4177,david-copperfield
Don,Master Copperfield,4177,david-copperfield
Don,Mister,4177,david-copperfield
Don,Uriah,4177,david-copperfield
Don,Mr. Wickfield,4177,david-copperfield
Don,Master Copperfield,4177,david-copperfield
Don,Miss Agnes,4177,david-copperfield
Mr. Wickfield,Master Copperfield,4177,david-copperfield
Mr. Wickfield,Mister,4177,david-copperfield
Mr. Wickfield,Uriah,4177,david-copperfield
Mr. Wickfield,Don,4177,david-copperfield
Mr. Wickfield,Master Copperfield,4177,david-copperfield
Mr. Wickfield,Miss Agnes,4177,david-copperfield
Master Copperfield,Mister,4177,david-copperfield
Master Copperfield,Uriah,4177,david-copperfield
Master Copperfield,Don,4177,david-copperfield
Master Copperfield,Mr. Wickfield,4177,david-copperfield
Master Copperfield,Miss Agnes,4177,david-copperfield
Miss Agnes,Master Copperfield,4177,david-copperfield
Miss Agnes,Mister,4177,david-copperfield
Miss Agnes,Uriah,4177,david-copperfield
Miss Agnes,Don,4177,david-copperfield
Miss Agnes,Mr. Wickfield,4177,david-copperfield
Miss Agnes,Master Copperfield,4177,david-copperfield
Don,Good God,4181,david-copperfield
Good God,Don,4181,david-copperfield
Mr.,Heep,4182,david-copperfield
Heep,Mr.,4182,david-copperfield
Master Copperfield,Miss Trotwood,4183,david-copperfield
Master Copperfield,Heep,4183,david-copperfield
Master Copperfield,Uriah,4183,david-copperfield
Miss Trotwood,Master Copperfield,4183,david-copperfield
Miss Trotwood,Master Copperfield,4183,david-copperfield
Miss Trotwood,Heep,4183,david-copperfield
Miss Trotwood,Uriah,4183,david-copperfield
Master Copperfield,Miss Trotwood,4183,david-copperfield
Master Copperfield,Heep,4183,david-copperfield
Master Copperfield,Uriah,4183,david-copperfield
Heep,Master Copperfield,4183,david-copperfield
Heep,Miss Trotwood,4183,david-copperfield
Heep,Master Copperfield,4183,david-copperfield
Heep,Uriah,4183,david-copperfield
Uriah,Master Copperfield,4183,david-copperfield
Uriah,Miss Trotwood,4183,david-copperfield
Uriah,Master Copperfield,4183,david-copperfield
Uriah,Heep,4183,david-copperfield
Uriah Heep,Mr. Wickfield,4184,david-copperfield
Uriah Heep,Uriah,4184,david-copperfield
Mr. Wickfield,Uriah Heep,4184,david-copperfield
Mr. Wickfield,Uriah,4184,david-copperfield
Uriah,Uriah Heep,4184,david-copperfield
Uriah,Mr. Wickfield,4184,david-copperfield
Uriah,Master Copperfield,4185,david-copperfield
Master Copperfield,Uriah,4185,david-copperfield
Uriah Heep,Mr. Wickfield,4186,david-copperfield
Mr. Wickfield,Uriah Heep,4186,david-copperfield
Agnes,Will,4188,david-copperfield
Agnes,Trotwood,4188,david-copperfield
Will,Agnes,4188,david-copperfield
Will,Trotwood,4188,david-copperfield
Trotwood,Agnes,4188,david-copperfield
Trotwood,Will,4188,david-copperfield
Uriah,Master Copperfield,4190,david-copperfield
Uriah,Miss Betsey Trotwood,4190,david-copperfield
Master Copperfield,Uriah,4190,david-copperfield
Master Copperfield,Miss Betsey Trotwood,4190,david-copperfield
Miss Betsey Trotwood,Uriah,4190,david-copperfield
Miss Betsey Trotwood,Master Copperfield,4190,david-copperfield
Mr. Wickfield,Agnes,4192,david-copperfield
Agnes,Mr. Wickfield,4192,david-copperfield
Peggotty,Agnes,4193,david-copperfield
Peggotty,Agnes,4193,david-copperfield
Agnes,Peggotty,4193,david-copperfield
Agnes,Peggotty,4193,david-copperfield
Great,Dora,4200,david-copperfield
Great,Dora,4200,david-copperfield
Dora,Great,4200,david-copperfield
Dora,Great,4200,david-copperfield
Dora,Jip,4202,david-copperfield
Jip,Dora,4202,david-copperfield
Steerforth,Rosa Dartle,4203,david-copperfield
Steerforth,Rosa Dartle,4203,david-copperfield
Rosa Dartle,Steerforth,4203,david-copperfield
Rosa Dartle,Steerforth,4203,david-copperfield
Annie,Mr. Jack Maldon,4209,david-copperfield
Mr. Jack Maldon,Annie,4209,david-copperfield
Markleham,Mr. Jack Maldon,4215,david-copperfield
Mr. Jack Maldon,Markleham,4215,david-copperfield
Strong,Mr. Jack Maldon,4232,david-copperfield
Strong,Mr. Jack Maldon,4232,david-copperfield
Mr. Jack Maldon,Strong,4232,david-copperfield
Mr. Jack Maldon,Strong,4232,david-copperfield
Mr.,Jack Maldon,4234,david-copperfield
Mr.,Annie,4234,david-copperfield
Mr.,Mr. Jack,4234,david-copperfield
Jack Maldon,Mr.,4234,david-copperfield
Jack Maldon,Annie,4234,david-copperfield
Jack Maldon,Mr. Jack,4234,david-copperfield
Annie,Mr.,4234,david-copperfield
Annie,Jack Maldon,4234,david-copperfield
Annie,Mr. Jack,4234,david-copperfield
Mr. Jack,Mr.,4234,david-copperfield
Mr. Jack,Jack Maldon,4234,david-copperfield
Mr. Jack,Annie,4234,david-copperfield
Annie,Mr. Maldon,4241,david-copperfield
Mr. Maldon,Annie,4241,david-copperfield
Doctor,Mr. Jack Maldon,4246,david-copperfield
Mr. Jack Maldon,Doctor,4246,david-copperfield
Agnes,Doctor,4247,david-copperfield
Doctor,Agnes,4247,david-copperfield
Doctor,Agnes,4247,david-copperfield
Doctor,Agnes,4247,david-copperfield
Agnes,Doctor,4247,david-copperfield
Agnes,Doctor,4247,david-copperfield
Dora,Miss Mills,4249,david-copperfield
Dora,Miss Mills,4249,david-copperfield
Dora,Miss Mills,4249,david-copperfield
Dora,Miss Mills,4249,david-copperfield
Miss Mills,Dora,4249,david-copperfield
Miss Mills,Dora,4249,david-copperfield
Miss Mills,Dora,4249,david-copperfield
Miss Mills,Dora,4249,david-copperfield
Traddles,Holborn,4250,david-copperfield
Traddles,Mr. Dick,4250,david-copperfield
Holborn,Traddles,4250,david-copperfield
Holborn,Mr. Dick,4250,david-copperfield
Mr. Dick,Traddles,4250,david-copperfield
Mr. Dick,Holborn,4250,david-copperfield
Mr. Dick,Traddles,4251,david-copperfield
Mr. Dick,Traddles,4251,david-copperfield
Mr. Dick,Traddles,4251,david-copperfield
Traddles,Mr. Dick,4251,david-copperfield
Traddles,Mr. Dick,4251,david-copperfield
Traddles,Mr. Dick,4251,david-copperfield
Traddles,Dora,4253,david-copperfield
Traddles,Dora,4253,david-copperfield
Traddles,Dora,4253,david-copperfield
Dora,Traddles,4253,david-copperfield
Dora,Traddles,4253,david-copperfield
Dora,Traddles,4253,david-copperfield
Mr. Dick,Mr. Traddles,4259,david-copperfield
Mr. Traddles,Mr. Dick,4259,david-copperfield
Don,Traddles,4262,david-copperfield
Traddles,Don,4262,david-copperfield
Mr.,Dick,4263,david-copperfield
Mr.,Trotwood,4263,david-copperfield
Dick,Mr.,4263,david-copperfield
Dick,Trotwood,4263,david-copperfield
Trotwood,Mr.,4263,david-copperfield
Trotwood,Dick,4263,david-copperfield
Traddles,Dick,4266,david-copperfield
Traddles,Wouldn,4266,david-copperfield
Dick,Traddles,4266,david-copperfield
Dick,Wouldn,4266,david-copperfield
Wouldn,Traddles,4266,david-copperfield
Wouldn,Dick,4266,david-copperfield
Traddles,Mr. Dick,4268,david-copperfield
Mr. Dick,Traddles,4268,david-copperfield
Mr. Dick,Sir,4269,david-copperfield
Sir,Mr. Dick,4269,david-copperfield
Traddles,Mr. Micawber,4270,david-copperfield
Traddles,Mr. Micawber,4270,david-copperfield
Mr. Micawber,Traddles,4270,david-copperfield
Mr. Micawber,Traddles,4270,david-copperfield
Mr. Micawber,Esquire,4271,david-copperfield
Esquire,Mr. Micawber,4271,david-copperfield
Babylon,Mr. Thomas Traddles,4275,david-copperfield
Mr. Thomas Traddles,Babylon,4275,david-copperfield
Mr. Micawber,Mr. Mortimer,4277,david-copperfield
Mr. Micawber,Inn Road,4277,david-copperfield
Mr. Micawber,Mr. Mortimer,4277,david-copperfield
Mr. Micawber,Inn Road,4277,david-copperfield
Mr. Mortimer,Mr. Micawber,4277,david-copperfield
Mr. Mortimer,Mr. Micawber,4277,david-copperfield
Mr. Mortimer,Inn Road,4277,david-copperfield
Inn Road,Mr. Micawber,4277,david-copperfield
Inn Road,Mr. Micawber,4277,david-copperfield
Inn Road,Mr. Mortimer,4277,david-copperfield
Mr. Micawber,Master Micawber,4278,david-copperfield
Mr. Micawber,Miss Micawber,4278,david-copperfield
Master Micawber,Mr. Micawber,4278,david-copperfield
Master Micawber,Miss Micawber,4278,david-copperfield
Master Micawber,Mr. Micawber,4278,david-copperfield
Miss Micawber,Mr. Micawber,4278,david-copperfield
Miss Micawber,Master Micawber,4278,david-copperfield
Miss Micawber,Mr. Micawber,4278,david-copperfield
Mr. Micawber,Master Micawber,4278,david-copperfield
Mr. Micawber,Miss Micawber,4278,david-copperfield
Mr. Micawber,Mr. Traddles,4279,david-copperfield
Mr. Traddles,Mr. Micawber,4279,david-copperfield
Mr. Copperfield,Mr. Micawber,4281,david-copperfield
Mr. Micawber,Mr. Copperfield,4281,david-copperfield
Mr. Copperfield,Mr. Traddles,4283,david-copperfield
Mr. Copperfield,Emma,4283,david-copperfield
Mr. Copperfield,Mr. Micawber,4283,david-copperfield
Mr. Traddles,Mr. Copperfield,4283,david-copperfield
Mr. Traddles,Emma,4283,david-copperfield
Mr. Traddles,Mr. Micawber,4283,david-copperfield
Emma,Mr. Copperfield,4283,david-copperfield
Emma,Mr. Traddles,4283,david-copperfield
Emma,Mr. Micawber,4283,david-copperfield
Mr. Micawber,Mr. Copperfield,4283,david-copperfield
Mr. Micawber,Mr. Traddles,4283,david-copperfield
Mr. Micawber,Emma,4283,david-copperfield
Mr. Copperfield,Mr. Micawber,4285,david-copperfield
Mr. Copperfield,Mr. Micawber,4285,david-copperfield
Mr. Copperfield,Mr. Micawber,4285,david-copperfield
Mr. Micawber,Mr. Copperfield,4285,david-copperfield
Mr. Micawber,Mr. Copperfield,4285,david-copperfield
Mr. Micawber,Mr. Copperfield,4285,david-copperfield
Mr. Micawber,Mr. Copperfield,4285,david-copperfield
Mr. Micawber,Mr. Copperfield,4285,david-copperfield
Mr. Micawber,Mr. Copperfield,4285,david-copperfield
Mr. Copperfield,Mr. Micawber,4285,david-copperfield
Mr. Copperfield,Mr. Micawber,4285,david-copperfield
Mr. Copperfield,Mr. Micawber,4285,david-copperfield
Mr. Copperfield,Mr. Micawber,4286,david-copperfield
Mr. Micawber,Mr. Copperfield,4286,david-copperfield
Heep,Mr. Micawber,4291,david-copperfield
Heep,Mr. Micawber,4291,david-copperfield
Heep,Mr.,4291,david-copperfield
Heep,Mr. Micawber,4291,david-copperfield
Heep,Mr. Micawber,4291,david-copperfield
Heep,Mr.,4291,david-copperfield
Mr. Micawber,Heep,4291,david-copperfield
Mr. Micawber,Heep,4291,david-copperfield
Mr. Micawber,Heep,4291,david-copperfield
Mr. Micawber,Heep,4291,david-copperfield
Mr. Micawber,Mr.,4291,david-copperfield
Heep,Mr. Micawber,4291,david-copperfield
Heep,Mr. Micawber,4291,david-copperfield
Heep,Mr.,4291,david-copperfield
Mr. Micawber,Heep,4291,david-copperfield
Mr. Micawber,Heep,4291,david-copperfield
Mr. Micawber,Heep,4291,david-copperfield
Mr. Micawber,Heep,4291,david-copperfield
Mr. Micawber,Mr.,4291,david-copperfield
Heep,Mr. Micawber,4291,david-copperfield
Heep,Mr. Micawber,4291,david-copperfield
Heep,Mr.,4291,david-copperfield
Mr.,Heep,4291,david-copperfield
Mr.,Heep,4291,david-copperfield
Mr.,Mr. Micawber,4291,david-copperfield
Mr.,Heep,4291,david-copperfield
Mr.,Mr. Micawber,4291,david-copperfield
Mr.,Heep,4291,david-copperfield
Master Micawber,Traddles,4292,david-copperfield
Master Micawber,Mr. Micawber,4292,david-copperfield
Traddles,Master Micawber,4292,david-copperfield
Traddles,Master Micawber,4292,david-copperfield
Traddles,Mr. Micawber,4292,david-copperfield
Master Micawber,Traddles,4292,david-copperfield
Master Micawber,Mr. Micawber,4292,david-copperfield
Mr. Micawber,Master Micawber,4292,david-copperfield
Mr. Micawber,Traddles,4292,david-copperfield
Mr. Micawber,Master Micawber,4292,david-copperfield
Mr. Micawber,Mr. Copperfield,4293,david-copperfield
Mr. Micawber,Mr. Traddles,4293,david-copperfield
Mr. Copperfield,Mr. Micawber,4293,david-copperfield
Mr. Copperfield,Mr. Micawber,4293,david-copperfield
Mr. Copperfield,Mr. Traddles,4293,david-copperfield
Mr. Copperfield,Mr. Micawber,4293,david-copperfield
Mr. Micawber,Mr. Copperfield,4293,david-copperfield
Mr. Micawber,Mr. Traddles,4293,david-copperfield
Mr. Traddles,Mr. Micawber,4293,david-copperfield
Mr. Traddles,Mr. Copperfield,4293,david-copperfield
Mr. Traddles,Mr. Micawber,4293,david-copperfield
Mr. Traddles,Mr. Micawber,4293,david-copperfield
Mr. Micawber,Mr. Copperfield,4293,david-copperfield
Mr. Micawber,Mr. Traddles,4293,david-copperfield
Mr.,Micawber,4296,david-copperfield
Micawber,Mr.,4296,david-copperfield
Traddles,Mr. Micawber,4299,david-copperfield
Mr. Micawber,Traddles,4299,david-copperfield
Traddles,Mr. Micawber,4301,david-copperfield
Mr. Micawber,Traddles,4301,david-copperfield
Mr. Traddles,Mr. Micawber,4302,david-copperfield
Mr. Micawber,Mr. Traddles,4302,david-copperfield
Mr. Micawber,Traddles,4310,david-copperfield
Traddles,Mr. Micawber,4310,david-copperfield
Mr. Micawber,Micawber,4311,david-copperfield
Mr. Micawber,Micawber,4311,david-copperfield
Micawber,Mr. Micawber,4311,david-copperfield
Micawber,Mr. Micawber,4311,david-copperfield
Mr.,Micawber,4312,david-copperfield
Micawber,Mr.,4312,david-copperfield
Mr. Thomas Traddles,Mr. Micawber,4313,david-copperfield
Mr. Thomas Traddles,Copperfield,4313,david-copperfield
Mr. Thomas Traddles,Mr. Micawber,4313,david-copperfield
Mr. Thomas Traddles,Copperfield,4313,david-copperfield
Mr. Micawber,Mr. Thomas Traddles,4313,david-copperfield
Mr. Micawber,Mr. Thomas Traddles,4313,david-copperfield
Mr. Micawber,Copperfield,4313,david-copperfield
Copperfield,Mr. Thomas Traddles,4313,david-copperfield
Copperfield,Mr. Thomas Traddles,4313,david-copperfield
Copperfield,Mr. Micawber,4313,david-copperfield
Mr. Micawber,Mr. Thomas Traddles,4315,david-copperfield
Mr. Micawber,Mr. Thomas Traddles,4315,david-copperfield
Mr. Micawber,Mr. Thomas Traddles,4315,david-copperfield
Mr. Thomas Traddles,Mr. Micawber,4315,david-copperfield
Mr. Thomas Traddles,Mr. Micawber,4315,david-copperfield
Mr. Thomas Traddles,Mr. Micawber,4315,david-copperfield
Dora,Mr. Mills,4320,david-copperfield
Mr. Mills,Dora,4320,david-copperfield
Mr. Dick,Crupp,4321,david-copperfield
Crupp,Mr. Dick,4321,david-copperfield
Peggotty,Barkis,4323,david-copperfield
Barkis,Peggotty,4323,david-copperfield
Peggotty,Ham,4324,david-copperfield
Ham,Peggotty,4324,david-copperfield
Davy,Peggotty,4325,david-copperfield
Peggotty,Davy,4325,david-copperfield
Dora,Jip,4331,david-copperfield
Jip,Dora,4331,david-copperfield
Jip,Dora,4331,david-copperfield
Dora,Jip,4331,david-copperfield
Dora,Jip,4335,david-copperfield
Jip,Dora,4335,david-copperfield
Dora,David,4337,david-copperfield
David,Dora,4337,david-copperfield
Jip,Dora,4338,david-copperfield
Dora,Jip,4338,david-copperfield
Dora,Julia Mills,4339,david-copperfield
Dora,Julia Mills,4339,david-copperfield
Dora,Julia Mills,4339,david-copperfield
Dora,Julia Mills,4339,david-copperfield
Julia Mills,Dora,4339,david-copperfield
Julia Mills,Dora,4339,david-copperfield
Julia Mills,Dora,4339,david-copperfield
Julia Mills,Dora,4339,david-copperfield
Don,Dora,4344,david-copperfield
Dora,Don,4344,david-copperfield
Dora,Jip,4346,david-copperfield
Jip,Dora,4346,david-copperfield
Dora,Jip,4347,david-copperfield
Jip,Dora,4347,david-copperfield
Dora,Jip,4350,david-copperfield
Jip,Dora,4350,david-copperfield
Dora,Jip,4355,david-copperfield
Dora,Jip,4355,david-copperfield
Jip,Dora,4355,david-copperfield
Jip,Dora,4355,david-copperfield
Don,Pray,4360,david-copperfield
Don,Dora,4360,david-copperfield
Pray,Don,4360,david-copperfield
Pray,Dora,4360,david-copperfield
Dora,Don,4360,david-copperfield
Dora,Pray,4360,david-copperfield
Miss,Mills,4369,david-copperfield
Miss,Dora,4369,david-copperfield
Miss,Dora,4369,david-copperfield
Miss,Dora,4369,david-copperfield
Miss,Miss Mills,4369,david-copperfield
Miss,Miss Mills,4369,david-copperfield
Mills,Miss,4369,david-copperfield
Mills,Dora,4369,david-copperfield
Mills,Dora,4369,david-copperfield
Mills,Dora,4369,david-copperfield
Mills,Miss Mills,4369,david-copperfield
Mills,Miss Mills,4369,david-copperfield
Dora,Miss,4369,david-copperfield
Dora,Mills,4369,david-copperfield
Dora,Miss Mills,4369,david-copperfield
Dora,Miss Mills,4369,david-copperfield
Dora,Miss,4369,david-copperfield
Dora,Mills,4369,david-copperfield
Dora,Miss Mills,4369,david-copperfield
Dora,Miss Mills,4369,david-copperfield
Dora,Miss,4369,david-copperfield
Dora,Mills,4369,david-copperfield
Dora,Miss Mills,4369,david-copperfield
Dora,Miss Mills,4369,david-copperfield
Miss Mills,Miss,4369,david-copperfield
Miss Mills,Mills,4369,david-copperfield
Miss Mills,Dora,4369,david-copperfield
Miss Mills,Dora,4369,david-copperfield
Miss Mills,Dora,4369,david-copperfield
Miss Mills,Miss,4369,david-copperfield
Miss Mills,Mills,4369,david-copperfield
Miss Mills,Dora,4369,david-copperfield
Miss Mills,Dora,4369,david-copperfield
Miss Mills,Dora,4369,david-copperfield
Miss Mills,Dora,4371,david-copperfield
Dora,Miss Mills,4371,david-copperfield
Dora,Miss Mills,4371,david-copperfield
Miss Mills,Dora,4371,david-copperfield
Miss,Mills,4373,david-copperfield
Mills,Miss,4373,david-copperfield
Copperfield,Dora,4374,david-copperfield
Copperfield,Miss Mills,4374,david-copperfield
Dora,Copperfield,4374,david-copperfield
Dora,Miss Mills,4374,david-copperfield
Miss Mills,Copperfield,4374,david-copperfield
Miss Mills,Dora,4374,david-copperfield
Dora,Miss Mills,4375,david-copperfield
Dora,Miss Mills,4375,david-copperfield
Miss Mills,Dora,4375,david-copperfield
Miss Mills,Dora,4375,david-copperfield
Dora,Miss Mills,4375,david-copperfield
Dora,Miss Mills,4375,david-copperfield
Miss Mills,Dora,4375,david-copperfield
Miss Mills,Dora,4375,david-copperfield
Dora,Jip,4376,david-copperfield
Jip,Dora,4376,david-copperfield
Dora,La,4377,david-copperfield
Dora,La,4377,david-copperfield
La,Dora,4377,david-copperfield
La,Dora,4377,david-copperfield
Miss Mills,Whether Dora,4378,david-copperfield
Whether Dora,Miss Mills,4378,david-copperfield
Mr. Dick,Traddles,4394,david-copperfield
Mr. Dick,Enfield,4394,david-copperfield
Mr. Dick,Traddles,4394,david-copperfield
Mr. Dick,Mr. Pitt,4394,david-copperfield
Mr. Dick,Mr. Fox,4394,david-copperfield
Mr. Dick,Mr. Sheridan,4394,david-copperfield
Mr. Dick,Mr. Burke,4394,david-copperfield
Mr. Dick,Lord Castlereagh,4394,david-copperfield
Mr. Dick,Viscount Sidmouth,4394,david-copperfield
Mr. Dick,Mr. Canning,4394,david-copperfield
Traddles,Mr. Dick,4394,david-copperfield
Traddles,Enfield,4394,david-copperfield
Traddles,Mr. Pitt,4394,david-copperfield
Traddles,Mr. Fox,4394,david-copperfield
Traddles,Mr. Sheridan,4394,david-copperfield
Traddles,Mr. Burke,4394,david-copperfield
Traddles,Lord Castlereagh,4394,david-copperfield
Traddles,Viscount Sidmouth,4394,david-copperfield
Traddles,Mr. Canning,4394,david-copperfield
Traddles,Mr. Dick,4394,david-copperfield
Traddles,Mr. Dick,4394,david-copperfield
Traddles,Mr. Dick,4394,david-copperfield
Enfield,Mr. Dick,4394,david-copperfield
Enfield,Traddles,4394,david-copperfield
Enfield,Traddles,4394,david-copperfield
Enfield,Mr. Pitt,4394,david-copperfield
Enfield,Mr. Fox,4394,david-copperfield
Enfield,Mr. Sheridan,4394,david-copperfield
Enfield,Mr. Burke,4394,david-copperfield
Enfield,Lord Castlereagh,4394,david-copperfield
Enfield,Viscount Sidmouth,4394,david-copperfield
Enfield,Mr. Canning,4394,david-copperfield
Enfield,Mr. Dick,4394,david-copperfield
Enfield,Mr. Dick,4394,david-copperfield
Enfield,Mr. Dick,4394,david-copperfield
Traddles,Mr. Dick,4394,david-copperfield
Traddles,Enfield,4394,david-copperfield
Traddles,Mr. Pitt,4394,david-copperfield
Traddles,Mr. Fox,4394,david-copperfield
Traddles,Mr. Sheridan,4394,david-copperfield
Traddles,Mr. Burke,4394,david-copperfield
Traddles,Lord Castlereagh,4394,david-copperfield
Traddles,Viscount Sidmouth,4394,david-copperfield
Traddles,Mr. Canning,4394,david-copperfield
Traddles,Mr. Dick,4394,david-copperfield
Traddles,Mr. Dick,4394,david-copperfield
Traddles,Mr. Dick,4394,david-copperfield
Mr. Pitt,Mr. Dick,4394,david-copperfield
Mr. Pitt,Traddles,4394,david-copperfield
Mr. Pitt,Enfield,4394,david-copperfield
Mr. Pitt,Traddles,4394,david-copperfield
Mr. Pitt,Mr. Fox,4394,david-copperfield
Mr. Pitt,Mr. Sheridan,4394,david-copperfield
Mr. Pitt,Mr. Burke,4394,david-copperfield
Mr. Pitt,Lord Castlereagh,4394,david-copperfield
Mr. Pitt,Viscount Sidmouth,4394,david-copperfield
Mr. Pitt,Mr. Canning,4394,david-copperfield
Mr. Pitt,Mr. Dick,4394,david-copperfield
Mr. Pitt,Mr. Dick,4394,david-copperfield
Mr. Pitt,Mr. Dick,4394,david-copperfield
Mr. Fox,Mr. Dick,4394,david-copperfield
Mr. Fox,Traddles,4394,david-copperfield
Mr. Fox,Enfield,4394,david-copperfield
Mr. Fox,Traddles,4394,david-copperfield
Mr. Fox,Mr. Pitt,4394,david-copperfield
Mr. Fox,Mr. Sheridan,4394,david-copperfield
Mr. Fox,Mr. Burke,4394,david-copperfield
Mr. Fox,Lord Castlereagh,4394,david-copperfield
Mr. Fox,Viscount Sidmouth,4394,david-copperfield
Mr. Fox,Mr. Canning,4394,david-copperfield
Mr. Fox,Mr. Dick,4394,david-copperfield
Mr. Fox,Mr. Dick,4394,david-copperfield
Mr. Fox,Mr. Dick,4394,david-copperfield
Mr. Sheridan,Mr. Dick,4394,david-copperfield
Mr. Sheridan,Traddles,4394,david-copperfield
Mr. Sheridan,Enfield,4394,david-copperfield
Mr. Sheridan,Traddles,4394,david-copperfield
Mr. Sheridan,Mr. Pitt,4394,david-copperfield
Mr. Sheridan,Mr. Fox,4394,david-copperfield
Mr. Sheridan,Mr. Burke,4394,david-copperfield
Mr. Sheridan,Lord Castlereagh,4394,david-copperfield
Mr. Sheridan,Viscount Sidmouth,4394,david-copperfield
Mr. Sheridan,Mr. Canning,4394,david-copperfield
Mr. Sheridan,Mr. Dick,4394,david-copperfield
Mr. Sheridan,Mr. Dick,4394,david-copperfield
Mr. Sheridan,Mr. Dick,4394,david-copperfield
Mr. Burke,Mr. Dick,4394,david-copperfield
Mr. Burke,Traddles,4394,david-copperfield
Mr. Burke,Enfield,4394,david-copperfield
Mr. Burke,Traddles,4394,david-copperfield
Mr. Burke,Mr. Pitt,4394,david-copperfield
Mr. Burke,Mr. Fox,4394,david-copperfield
Mr. Burke,Mr. Sheridan,4394,david-copperfield
Mr. Burke,Lord Castlereagh,4394,david-copperfield
Mr. Burke,Viscount Sidmouth,4394,david-copperfield
Mr. Burke,Mr. Canning,4394,david-copperfield
Mr. Burke,Mr. Dick,4394,david-copperfield
Mr. Burke,Mr. Dick,4394,david-copperfield
Mr. Burke,Mr. Dick,4394,david-copperfield
Lord Castlereagh,Mr. Dick,4394,david-copperfield
Lord Castlereagh,Traddles,4394,david-copperfield
Lord Castlereagh,Enfield,4394,david-copperfield
Lord Castlereagh,Traddles,4394,david-copperfield
Lord Castlereagh,Mr. Pitt,4394,david-copperfield
Lord Castlereagh,Mr. Fox,4394,david-copperfield
Lord Castlereagh,Mr. Sheridan,4394,david-copperfield
Lord Castlereagh,Mr. Burke,4394,david-copperfield
Lord Castlereagh,Viscount Sidmouth,4394,david-copperfield
Lord Castlereagh,Mr. Canning,4394,david-copperfield
Lord Castlereagh,Mr. Dick,4394,david-copperfield
Lord Castlereagh,Mr. Dick,4394,david-copperfield
Lord Castlereagh,Mr. Dick,4394,david-copperfield
Viscount Sidmouth,Mr. Dick,4394,david-copperfield
Viscount Sidmouth,Traddles,4394,david-copperfield
Viscount Sidmouth,Enfield,4394,david-copperfield
Viscount Sidmouth,Traddles,4394,david-copperfield
Viscount Sidmouth,Mr. Pitt,4394,david-copperfield
Viscount Sidmouth,Mr. Fox,4394,david-copperfield
Viscount Sidmouth,Mr. Sheridan,4394,david-copperfield
Viscount Sidmouth,Mr. Burke,4394,david-copperfield
Viscount Sidmouth,Lord Castlereagh,4394,david-copperfield
Viscount Sidmouth,Mr. Canning,4394,david-copperfield
Viscount Sidmouth,Mr. Dick,4394,david-copperfield
Viscount Sidmouth,Mr. Dick,4394,david-copperfield
Viscount Sidmouth,Mr. Dick,4394,david-copperfield
Mr. Canning,Mr. Dick,4394,david-copperfield
Mr. Canning,Traddles,4394,david-copperfield
Mr. Canning,Enfield,4394,david-copperfield
Mr. Canning,Traddles,4394,david-copperfield
Mr. Canning,Mr. Pitt,4394,david-copperfield
Mr. Canning,Mr. Fox,4394,david-copperfield
Mr. Canning,Mr. Sheridan,4394,david-copperfield
Mr. Canning,Mr. Burke,4394,david-copperfield
Mr. Canning,Lord Castlereagh,4394,david-copperfield
Mr. Canning,Viscount Sidmouth,4394,david-copperfield
Mr. Canning,Mr. Dick,4394,david-copperfield
Mr. Canning,Mr. Dick,4394,david-copperfield
Mr. Canning,Mr. Dick,4394,david-copperfield
Mr. Dick,Traddles,4394,david-copperfield
Mr. Dick,Enfield,4394,david-copperfield
Mr. Dick,Traddles,4394,david-copperfield
Mr. Dick,Mr. Pitt,4394,david-copperfield
Mr. Dick,Mr. Fox,4394,david-copperfield
Mr. Dick,Mr. Sheridan,4394,david-copperfield
Mr. Dick,Mr. Burke,4394,david-copperfield
Mr. Dick,Lord Castlereagh,4394,david-copperfield
Mr. Dick,Viscount Sidmouth,4394,david-copperfield
Mr. Dick,Mr. Canning,4394,david-copperfield
Mr. Dick,Traddles,4394,david-copperfield
Mr. Dick,Enfield,4394,david-copperfield
Mr. Dick,Traddles,4394,david-copperfield
Mr. Dick,Mr. Pitt,4394,david-copperfield
Mr. Dick,Mr. Fox,4394,david-copperfield
Mr. Dick,Mr. Sheridan,4394,david-copperfield
Mr. Dick,Mr. Burke,4394,david-copperfield
Mr. Dick,Lord Castlereagh,4394,david-copperfield
Mr. Dick,Viscount Sidmouth,4394,david-copperfield
Mr. Dick,Mr. Canning,4394,david-copperfield
Mr. Dick,Traddles,4394,david-copperfield
Mr. Dick,Enfield,4394,david-copperfield
Mr. Dick,Traddles,4394,david-copperfield
Mr. Dick,Mr. Pitt,4394,david-copperfield
Mr. Dick,Mr. Fox,4394,david-copperfield
Mr. Dick,Mr. Sheridan,4394,david-copperfield
Mr. Dick,Mr. Burke,4394,david-copperfield
Mr. Dick,Lord Castlereagh,4394,david-copperfield
Mr. Dick,Viscount Sidmouth,4394,david-copperfield
Mr. Dick,Mr. Canning,4394,david-copperfield
Paul,Churchyard,4397,david-copperfield
Paul,Dora,4397,david-copperfield
Churchyard,Paul,4397,david-copperfield
Churchyard,Dora,4397,david-copperfield
Dora,Paul,4397,david-copperfield
Dora,Churchyard,4397,david-copperfield
Miss,Murdstone,4399,david-copperfield
Miss,Mr. Spenlow,4399,david-copperfield
Murdstone,Miss,4399,david-copperfield
Murdstone,Mr. Spenlow,4399,david-copperfield
Mr. Spenlow,Miss,4399,david-copperfield
Mr. Spenlow,Murdstone,4399,david-copperfield
Mr. Copperfield,Mr. Spenlow,4400,david-copperfield
Mr. Copperfield,Miss Murdstone,4400,david-copperfield
Mr. Spenlow,Mr. Copperfield,4400,david-copperfield
Mr. Spenlow,Miss Murdstone,4400,david-copperfield
Miss Murdstone,Mr. Copperfield,4400,david-copperfield
Miss Murdstone,Mr. Spenlow,4400,david-copperfield
Mr. Copperfield,Mr. Spenlow,4402,david-copperfield
Mr. Spenlow,Mr. Copperfield,4402,david-copperfield
Mr. Spenlow,Miss Murdstone,4404,david-copperfield
Mr. Spenlow,Mr. Copperfield,4404,david-copperfield
Miss Murdstone,Mr. Spenlow,4404,david-copperfield
Miss Murdstone,Mr. Copperfield,4404,david-copperfield
Mr. Copperfield,Mr. Spenlow,4404,david-copperfield
Mr. Copperfield,Miss Murdstone,4404,david-copperfield
Mr. Spenlow,Miss Murdstone,4406,david-copperfield
Miss Murdstone,Mr. Spenlow,4406,david-copperfield
David Copperfield,Miss Spenlow,4408,david-copperfield
Miss Spenlow,David Copperfield,4408,david-copperfield
Miss Spenlow,David Copperfield,4408,david-copperfield
David Copperfield,Miss Spenlow,4408,david-copperfield
Miss,Murdstone,4410,david-copperfield
Murdstone,Miss,4410,david-copperfield
David Copperfield,Miss Spenlow,4411,david-copperfield
Miss Spenlow,David Copperfield,4411,david-copperfield
Mr.,Spenlow,4412,david-copperfield
Spenlow,Mr.,4412,david-copperfield
Miss Murdstone,Miss Mills,4413,david-copperfield
Miss Murdstone,Miss Spenlow,4413,david-copperfield
Miss Mills,Miss Murdstone,4413,david-copperfield
Miss Mills,Miss Spenlow,4413,david-copperfield
Miss Spenlow,Miss Murdstone,4413,david-copperfield
Miss Spenlow,Miss Mills,4413,david-copperfield
Miss Murdstone,Miss Spenlow,4415,david-copperfield
Miss Murdstone,Miss Mills,4415,david-copperfield
Miss Murdstone,Miss Mills,4415,david-copperfield
Miss Murdstone,Mr. Spenlow,4415,david-copperfield
Miss Spenlow,Miss Murdstone,4415,david-copperfield
Miss Spenlow,Miss Mills,4415,david-copperfield
Miss Spenlow,Miss Mills,4415,david-copperfield
Miss Spenlow,Mr. Spenlow,4415,david-copperfield
Miss Mills,Miss Murdstone,4415,david-copperfield
Miss Mills,Miss Spenlow,4415,david-copperfield
Miss Mills,Mr. Spenlow,4415,david-copperfield
Miss Mills,Miss Murdstone,4415,david-copperfield
Miss Mills,Miss Spenlow,4415,david-copperfield
Miss Mills,Mr. Spenlow,4415,david-copperfield
Mr. Spenlow,Miss Murdstone,4415,david-copperfield
Mr. Spenlow,Miss Spenlow,4415,david-copperfield
Mr. Spenlow,Miss Mills,4415,david-copperfield
Mr. Spenlow,Miss Mills,4415,david-copperfield
Mr.,Spenlow,4416,david-copperfield
Spenlow,Mr.,4416,david-copperfield
Miss Murdstone,Miss Spenlow,4417,david-copperfield
Miss Spenlow,Miss Murdstone,4417,david-copperfield
Miss Murdstone,Miss Spenlow,4419,david-copperfield
Miss Murdstone,David Copperfield,4419,david-copperfield
Miss Spenlow,Miss Murdstone,4419,david-copperfield
Miss Spenlow,David Copperfield,4419,david-copperfield
David Copperfield,Miss Murdstone,4419,david-copperfield
David Copperfield,Miss Spenlow,4419,david-copperfield
Miss Murdstone,Mr. Spenlow,4421,david-copperfield
Miss Murdstone,Mr. Copperfield,4421,david-copperfield
Mr. Spenlow,Miss Murdstone,4421,david-copperfield
Mr. Spenlow,Mr. Copperfield,4421,david-copperfield
Mr. Copperfield,Miss Murdstone,4421,david-copperfield
Mr. Copperfield,Mr. Spenlow,4421,david-copperfield
Mr. Spenlow,Mr. Copperfield,4426,david-copperfield
Mr. Spenlow,Mr. Copperfield,4426,david-copperfield
Mr. Copperfield,Mr. Spenlow,4426,david-copperfield
Mr. Copperfield,Mr. Spenlow,4426,david-copperfield
Mr. Spenlow,Miss Spenlow,4427,david-copperfield
Miss Spenlow,Mr. Spenlow,4427,david-copperfield
Mr. Spenlow,Mr. Copperfield,4428,david-copperfield
Mr. Copperfield,Mr. Spenlow,4428,david-copperfield
Mr. Spenlow,Mr. Copperfield,4430,david-copperfield
Mr. Spenlow,Mr. Copperfield,4430,david-copperfield
Mr. Copperfield,Mr. Spenlow,4430,david-copperfield
Mr. Copperfield,Mr. Spenlow,4430,david-copperfield
Mr. Spenlow,Punch,4432,david-copperfield
Mr. Spenlow,Mr. Copperfield,4432,david-copperfield
Punch,Mr. Spenlow,4432,david-copperfield
Punch,Mr. Copperfield,4432,david-copperfield
Mr. Copperfield,Mr. Spenlow,4432,david-copperfield
Mr. Copperfield,Punch,4432,david-copperfield
Mr. Spenlow,Miss Spenlow,4435,david-copperfield
Mr. Spenlow,Mr. Copperfield,4435,david-copperfield
Miss Spenlow,Mr. Spenlow,4435,david-copperfield
Miss Spenlow,Mr. Copperfield,4435,david-copperfield
Mr. Copperfield,Mr. Spenlow,4435,david-copperfield
Mr. Copperfield,Miss Spenlow,4435,david-copperfield
Love,Dora,4436,david-copperfield
Love,Dora,4436,david-copperfield
Dora,Love,4436,david-copperfield
Dora,Love,4436,david-copperfield
Mr. Copperfield,Mr. Spenlow,4437,david-copperfield
Mr. Spenlow,Mr. Copperfield,4437,david-copperfield
Mr. Spenlow,Mr. Copperfield,4439,david-copperfield
Mr. Copperfield,Mr. Spenlow,4439,david-copperfield
Mr. Spenlow,Mr. Copperfield,4447,david-copperfield
Mr. Copperfield,Mr. Spenlow,4447,david-copperfield
Mr. Spenlow,Mr. Copperfield,4451,david-copperfield
Mr. Copperfield,Mr. Spenlow,4451,david-copperfield
Miss Trotwood,Mr. Spenlow,4454,david-copperfield
Miss Trotwood,Mr. Copperfield,4454,david-copperfield
Mr. Spenlow,Miss Trotwood,4454,david-copperfield
Mr. Spenlow,Mr. Copperfield,4454,david-copperfield
Mr. Copperfield,Miss Trotwood,4454,david-copperfield
Mr. Copperfield,Mr. Spenlow,4454,david-copperfield
Tiffey,Jip,4456,david-copperfield
Tiffey,Dora,4456,david-copperfield
Tiffey,Mr. Spenlow,4456,david-copperfield
Jip,Tiffey,4456,david-copperfield
Jip,Dora,4456,david-copperfield
Jip,Mr. Spenlow,4456,david-copperfield
Dora,Tiffey,4456,david-copperfield
Dora,Jip,4456,david-copperfield
Dora,Mr. Spenlow,4456,david-copperfield
Mr. Spenlow,Tiffey,4456,david-copperfield
Mr. Spenlow,Jip,4456,david-copperfield
Mr. Spenlow,Dora,4456,david-copperfield
Mr. Copperfield,Miss Murdstone,4458,david-copperfield
Miss Murdstone,Mr. Copperfield,4458,david-copperfield
Miss Murdstone,Mr. Copperfield,4458,david-copperfield
Miss Murdstone,Mr. Copperfield,4458,david-copperfield
Mr. Copperfield,Miss Murdstone,4458,david-copperfield
Mr. Copperfield,Miss Murdstone,4458,david-copperfield
Miss Mills,Dora,4459,david-copperfield
Miss Mills,Mr. Mills,4459,david-copperfield
Miss Mills,Mangle,4459,david-copperfield
Miss Mills,Mr. Micawber,4459,david-copperfield
Dora,Miss Mills,4459,david-copperfield
Dora,Miss Mills,4459,david-copperfield
Dora,Mr. Mills,4459,david-copperfield
Dora,Mangle,4459,david-copperfield
Dora,Miss Mills,4459,david-copperfield
Dora,Mr. Micawber,4459,david-copperfield
Miss Mills,Dora,4459,david-copperfield
Miss Mills,Mr. Mills,4459,david-copperfield
Miss Mills,Mangle,4459,david-copperfield
Miss Mills,Mr. Micawber,4459,david-copperfield
Mr. Mills,Miss Mills,4459,david-copperfield
Mr. Mills,Dora,4459,david-copperfield
Mr. Mills,Miss Mills,4459,david-copperfield
Mr. Mills,Mangle,4459,david-copperfield
Mr. Mills,Miss Mills,4459,david-copperfield
Mr. Mills,Mr. Micawber,4459,david-copperfield
Mangle,Miss Mills,4459,david-copperfield
Mangle,Dora,4459,david-copperfield
Mangle,Miss Mills,4459,david-copperfield
Mangle,Mr. Mills,4459,david-copperfield
Mangle,Miss Mills,4459,david-copperfield
Mangle,Mr. Micawber,4459,david-copperfield
Miss Mills,Dora,4459,david-copperfield
Miss Mills,Mr. Mills,4459,david-copperfield
Miss Mills,Mangle,4459,david-copperfield
Miss Mills,Mr. Micawber,4459,david-copperfield
Mr. Micawber,Miss Mills,4459,david-copperfield
Mr. Micawber,Dora,4459,david-copperfield
Mr. Micawber,Miss Mills,4459,david-copperfield
Mr. Micawber,Mr. Mills,4459,david-copperfield
Mr. Micawber,Mangle,4459,david-copperfield
Mr. Micawber,Miss Mills,4459,david-copperfield
Miss,Mills,4462,david-copperfield
Miss,Dora,4462,david-copperfield
Miss,Love,4462,david-copperfield
Miss,Miss Mills,4462,david-copperfield
Miss,Love,4462,david-copperfield
Mills,Miss,4462,david-copperfield
Mills,Dora,4462,david-copperfield
Mills,Love,4462,david-copperfield
Mills,Miss Mills,4462,david-copperfield
Mills,Love,4462,david-copperfield
Dora,Miss,4462,david-copperfield
Dora,Mills,4462,david-copperfield
Dora,Love,4462,david-copperfield
Dora,Miss Mills,4462,david-copperfield
Dora,Love,4462,david-copperfield
Love,Miss,4462,david-copperfield
Love,Mills,4462,david-copperfield
Love,Dora,4462,david-copperfield
Love,Miss Mills,4462,david-copperfield
Miss Mills,Miss,4462,david-copperfield
Miss Mills,Mills,4462,david-copperfield
Miss Mills,Dora,4462,david-copperfield
Miss Mills,Love,4462,david-copperfield
Miss Mills,Love,4462,david-copperfield
Love,Miss,4462,david-copperfield
Love,Mills,4462,david-copperfield
Love,Dora,4462,david-copperfield
Love,Miss Mills,4462,david-copperfield
Don,Tiffey,4469,david-copperfield
Tiffey,Don,4469,david-copperfield
Spenlow,Tiffey,4471,david-copperfield
Tiffey,Spenlow,4471,david-copperfield
Tiffey,Medical,4481,david-copperfield
Medical,Tiffey,4481,david-copperfield
Miss Mills,Mr. Spenlow,4483,david-copperfield
Miss Mills,Dora,4483,david-copperfield
Miss Mills,Dora,4483,david-copperfield
Mr. Spenlow,Miss Mills,4483,david-copperfield
Mr. Spenlow,Dora,4483,david-copperfield
Mr. Spenlow,Dora,4483,david-copperfield
Dora,Miss Mills,4483,david-copperfield
Dora,Mr. Spenlow,4483,david-copperfield
Dora,Miss Mills,4483,david-copperfield
Dora,Mr. Spenlow,4483,david-copperfield
Mr. Jorkins,Tiffey,4485,david-copperfield
Mr. Jorkins,Tiffey,4485,david-copperfield
Tiffey,Mr. Jorkins,4485,david-copperfield
Tiffey,Mr. Jorkins,4485,david-copperfield
Mr. Jorkins,Tiffey,4486,david-copperfield
Mr. Jorkins,Mr. Copperfield,4486,david-copperfield
Tiffey,Mr. Jorkins,4486,david-copperfield
Tiffey,Mr. Copperfield,4486,david-copperfield
Mr. Copperfield,Mr. Jorkins,4486,david-copperfield
Mr. Copperfield,Tiffey,4486,david-copperfield
Mr.,Tiffey,4492,david-copperfield
Tiffey,Mr.,4492,david-copperfield
Mr. Copperfield,Tiffey,4496,david-copperfield
Tiffey,Mr. Copperfield,4496,david-copperfield
Miss Mills,Mr. Spenlow,4500,david-copperfield
Miss Mills,Dora,4500,david-copperfield
Mr. Spenlow,Miss Mills,4500,david-copperfield
Mr. Spenlow,Dora,4500,david-copperfield
Dora,Miss Mills,4500,david-copperfield
Dora,Mr. Spenlow,4500,david-copperfield
Dora,Julia Mills,4501,david-copperfield
Dora,Jip,4501,david-copperfield
Dora,Julia Mills,4501,david-copperfield
Dora,Jip,4501,david-copperfield
Julia Mills,Dora,4501,david-copperfield
Julia Mills,Dora,4501,david-copperfield
Julia Mills,Jip,4501,david-copperfield
Jip,Dora,4501,david-copperfield
Jip,Dora,4501,david-copperfield
Jip,Julia Mills,4501,david-copperfield
Putney,Miss Mills,4502,david-copperfield
Miss Mills,Putney,4502,david-copperfield
Sang,Effect,4505,david-copperfield
Effect,Sang,4505,david-copperfield
Better,Slight,4506,david-copperfield
Better,Soothed,4506,david-copperfield
Better,Drew,4506,david-copperfield
Better,Chequered,4506,david-copperfield
Slight,Better,4506,david-copperfield
Slight,Soothed,4506,david-copperfield
Slight,Drew,4506,david-copperfield
Slight,Chequered,4506,david-copperfield
Soothed,Better,4506,david-copperfield
Soothed,Slight,4506,david-copperfield
Soothed,Drew,4506,david-copperfield
Soothed,Chequered,4506,david-copperfield
Drew,Better,4506,david-copperfield
Drew,Slight,4506,david-copperfield
Drew,Soothed,4506,david-copperfield
Drew,Chequered,4506,david-copperfield
Chequered,Better,4506,david-copperfield
Chequered,Slight,4506,david-copperfield
Chequered,Soothed,4506,david-copperfield
Chequered,Drew,4506,david-copperfield
Man,Cook,4507,david-copperfield
Man,Cook,4507,david-copperfield
Man,Information,4507,david-copperfield
Man,Search,4507,david-copperfield
Man,No J.,4507,david-copperfield
Man,Brought,4507,david-copperfield
Man,Broad,4507,david-copperfield
Man,Cook,4507,david-copperfield
Man,Cook,4507,david-copperfield
Man,Cook,4507,david-copperfield
Man,Information,4507,david-copperfield
Man,Search,4507,david-copperfield
Man,No J.,4507,david-copperfield
Man,Brought,4507,david-copperfield
Man,Broad,4507,david-copperfield
Man,Cook,4507,david-copperfield
Cook,Man,4507,david-copperfield
Cook,Man,4507,david-copperfield
Cook,Information,4507,david-copperfield
Cook,Search,4507,david-copperfield
Cook,No J.,4507,david-copperfield
Cook,Brought,4507,david-copperfield
Cook,Broad,4507,david-copperfield
Cook,Man,4507,david-copperfield
Cook,Man,4507,david-copperfield
Cook,Information,4507,david-copperfield
Cook,Search,4507,david-copperfield
Cook,No J.,4507,david-copperfield
Cook,Brought,4507,david-copperfield
Cook,Broad,4507,david-copperfield
Information,Man,4507,david-copperfield
Information,Man,4507,david-copperfield
Information,Cook,4507,david-copperfield
Information,Cook,4507,david-copperfield
Information,Search,4507,david-copperfield
Information,No J.,4507,david-copperfield
Information,Brought,4507,david-copperfield
Information,Broad,4507,david-copperfield
Information,Cook,4507,david-copperfield
Search,Man,4507,david-copperfield
Search,Man,4507,david-copperfield
Search,Cook,4507,david-copperfield
Search,Cook,4507,david-copperfield
Search,Information,4507,david-copperfield
Search,No J.,4507,david-copperfield
Search,Brought,4507,david-copperfield
Search,Broad,4507,david-copperfield
Search,Cook,4507,david-copperfield
No J.,Man,4507,david-copperfield
No J.,Man,4507,david-copperfield
No J.,Cook,4507,david-copperfield
No J.,Cook,4507,david-copperfield
No J.,Information,4507,david-copperfield
No J.,Search,4507,david-copperfield
No J.,Brought,4507,david-copperfield
No J.,Broad,4507,david-copperfield
No J.,Cook,4507,david-copperfield
Brought,Man,4507,david-copperfield
Brought,Man,4507,david-copperfield
Brought,Cook,4507,david-copperfield
Brought,Cook,4507,david-copperfield
Brought,Information,4507,david-copperfield
Brought,Search,4507,david-copperfield
Brought,No J.,4507,david-copperfield
Brought,Broad,4507,david-copperfield
Brought,Cook,4507,david-copperfield
Broad,Man,4507,david-copperfield
Broad,Man,4507,david-copperfield
Broad,Cook,4507,david-copperfield
Broad,Cook,4507,david-copperfield
Broad,Information,4507,david-copperfield
Broad,Search,4507,david-copperfield
Broad,No J.,4507,david-copperfield
Broad,Brought,4507,david-copperfield
Broad,Cook,4507,david-copperfield
Cook,Man,4507,david-copperfield
Cook,Man,4507,david-copperfield
Cook,Information,4507,david-copperfield
Cook,Search,4507,david-copperfield
Cook,No J.,4507,david-copperfield
Cook,Brought,4507,david-copperfield
Cook,Broad,4507,david-copperfield
Miss,Mills,4508,david-copperfield
Miss,Dora,4508,david-copperfield
Miss,Dora,4508,david-copperfield
Miss,Miss Mills,4508,david-copperfield
Mills,Miss,4508,david-copperfield
Mills,Dora,4508,david-copperfield
Mills,Dora,4508,david-copperfield
Mills,Miss Mills,4508,david-copperfield
Dora,Miss,4508,david-copperfield
Dora,Mills,4508,david-copperfield
Dora,Miss Mills,4508,david-copperfield
Dora,Miss,4508,david-copperfield
Dora,Mills,4508,david-copperfield
Dora,Miss Mills,4508,david-copperfield
Miss Mills,Miss,4508,david-copperfield
Miss Mills,Mills,4508,david-copperfield
Miss Mills,Dora,4508,david-copperfield
Miss Mills,Dora,4508,david-copperfield
Janet,Dover,4511,david-copperfield
Dover,Janet,4511,david-copperfield
Miss Mills,Agnes,4512,david-copperfield
Agnes,Miss Mills,4512,david-copperfield
Mr. Jorkins,Mr. Spenlow,4513,david-copperfield
Mr. Jorkins,Mr. Spenlow,4513,david-copperfield
Mr. Spenlow,Mr. Jorkins,4513,david-copperfield
Mr. Spenlow,Mr. Jorkins,4513,david-copperfield
Mr. Spenlow,Mr. Jorkins,4513,david-copperfield
Mr. Spenlow,Mr. Jorkins,4513,david-copperfield
Mr. Jorkins,Mr. Spenlow,4513,david-copperfield
Mr. Jorkins,Mr. Spenlow,4513,david-copperfield
Mr. Wickfield,Uriah Heep,4517,david-copperfield
Mr. Wickfield,Mr. Micawber,4517,david-copperfield
Uriah Heep,Mr. Wickfield,4517,david-copperfield
Uriah Heep,Mr. Micawber,4517,david-copperfield
Mr. Micawber,Mr. Wickfield,4517,david-copperfield
Mr. Micawber,Uriah Heep,4517,david-copperfield
Mr.,Micawber,4518,david-copperfield
Micawber,Mr.,4518,david-copperfield
Mr. Micawber,Heep,4522,david-copperfield
Heep,Mr. Micawber,4522,david-copperfield
Pardon,Mr. Micawber,4526,david-copperfield
Mr. Micawber,Pardon,4526,david-copperfield
Mr. Micawber,Wickfield,4530,david-copperfield
Wickfield,Mr. Micawber,4530,david-copperfield
Mr. Micawber,Messrs Wickfield,4532,david-copperfield
Mr. Micawber,Heep,4532,david-copperfield
Mr. Micawber,Messrs Wickfield,4532,david-copperfield
Mr. Micawber,Heep,4532,david-copperfield
Messrs Wickfield,Mr. Micawber,4532,david-copperfield
Messrs Wickfield,Mr. Micawber,4532,david-copperfield
Messrs Wickfield,Heep,4532,david-copperfield
Heep,Mr. Micawber,4532,david-copperfield
Heep,Mr. Micawber,4532,david-copperfield
Heep,Messrs Wickfield,4532,david-copperfield
Mr. Micawber,Miss Wickfield,4534,david-copperfield
Mr. Micawber,Miss Wickfield,4534,david-copperfield
Miss Wickfield,Mr. Micawber,4534,david-copperfield
Miss Wickfield,Mr. Micawber,4534,david-copperfield
Mr. Micawber,Miss Wickfield,4534,david-copperfield
Mr. Micawber,Miss Wickfield,4534,david-copperfield
Miss Wickfield,Mr. Micawber,4534,david-copperfield
Miss Wickfield,Mr. Micawber,4534,david-copperfield
Agnes,Dora,4562,david-copperfield
Dora,Agnes,4562,david-copperfield
Dora,Agnes,4562,david-copperfield
Agnes,Dora,4562,david-copperfield
Trotwood,Poor Dora,4564,david-copperfield
Poor Dora,Trotwood,4564,david-copperfield
Dora,Agnes,4565,david-copperfield
Dora,Agnes,4565,david-copperfield
Agnes,Dora,4565,david-copperfield
Agnes,Dora,4565,david-copperfield
Agnes,Don,4568,david-copperfield
Don,Agnes,4568,david-copperfield
Dora,Agnes,4573,david-copperfield
Agnes,Dora,4573,david-copperfield
Agnes,Dora,4573,david-copperfield
Dora,Agnes,4573,david-copperfield
Agnes,Mr. Wickfield,4577,david-copperfield
Agnes,Uriah Heep,4577,david-copperfield
Mr. Wickfield,Agnes,4577,david-copperfield
Mr. Wickfield,Uriah Heep,4577,david-copperfield
Uriah Heep,Agnes,4577,david-copperfield
Uriah Heep,Mr. Wickfield,4577,david-copperfield
Uriah,Mr. Micawber,4578,david-copperfield
Uriah,Mr. Wickfield,4578,david-copperfield
Uriah,Mr. Wickfield,4578,david-copperfield
Mr. Micawber,Uriah,4578,david-copperfield
Mr. Micawber,Mr. Wickfield,4578,david-copperfield
Mr. Micawber,Mr. Wickfield,4578,david-copperfield
Mr. Wickfield,Uriah,4578,david-copperfield
Mr. Wickfield,Mr. Micawber,4578,david-copperfield
Mr. Wickfield,Uriah,4578,david-copperfield
Mr. Wickfield,Mr. Micawber,4578,david-copperfield
Master Copperfield,Mister,4581,david-copperfield
Master Copperfield,Uriah,4581,david-copperfield
Mister,Master Copperfield,4581,david-copperfield
Mister,Uriah,4581,david-copperfield
Uriah,Master Copperfield,4581,david-copperfield
Uriah,Mister,4581,david-copperfield
Mr. Wickfield,Uriah,4582,david-copperfield
Uriah,Mr. Wickfield,4582,david-copperfield
Agnes,Heep,4584,david-copperfield
Heep,Agnes,4584,david-copperfield
Don,Miss Wickfield,4591,david-copperfield
Miss Wickfield,Don,4591,david-copperfield
Mr. Wickfield,Agnes,4595,david-copperfield
Agnes,Mr. Wickfield,4595,david-copperfield
Agnes,Uriah Heep,4597,david-copperfield
Uriah Heep,Agnes,4597,david-copperfield
Master Copperfield,Uriah,4604,david-copperfield
Uriah,Master Copperfield,4604,david-copperfield
Agnes Wickfield,Heaven,4620,david-copperfield
Heaven,Agnes Wickfield,4620,david-copperfield
Uriah,Master Copperfield,4631,david-copperfield
Master Copperfield,Uriah,4631,david-copperfield
Uriah,Didn,4632,david-copperfield
Uriah,Master Copperfield,4632,david-copperfield
Uriah,Father,4632,david-copperfield
Uriah,Father,4632,david-copperfield
Uriah,Father,4632,david-copperfield
Didn,Uriah,4632,david-copperfield
Didn,Master Copperfield,4632,david-copperfield
Didn,Father,4632,david-copperfield
Didn,Father,4632,david-copperfield
Didn,Father,4632,david-copperfield
Didn,Uriah,4632,david-copperfield
Master Copperfield,Uriah,4632,david-copperfield
Master Copperfield,Didn,4632,david-copperfield
Master Copperfield,Father,4632,david-copperfield
Master Copperfield,Father,4632,david-copperfield
Master Copperfield,Father,4632,david-copperfield
Master Copperfield,Uriah,4632,david-copperfield
Father,Uriah,4632,david-copperfield
Father,Didn,4632,david-copperfield
Father,Master Copperfield,4632,david-copperfield
Father,Uriah,4632,david-copperfield
Father,Uriah,4632,david-copperfield
Father,Didn,4632,david-copperfield
Father,Master Copperfield,4632,david-copperfield
Father,Uriah,4632,david-copperfield
Father,Uriah,4632,david-copperfield
Father,Didn,4632,david-copperfield
Father,Master Copperfield,4632,david-copperfield
Father,Uriah,4632,david-copperfield
Uriah,Didn,4632,david-copperfield
Uriah,Master Copperfield,4632,david-copperfield
Uriah,Father,4632,david-copperfield
Uriah,Father,4632,david-copperfield
Uriah,Father,4632,david-copperfield
Uriah,Latin,4634,david-copperfield
Uriah,Master Copperfield,4634,david-copperfield
Latin,Uriah,4634,david-copperfield
Latin,Master Copperfield,4634,david-copperfield
Master Copperfield,Uriah,4634,david-copperfield
Master Copperfield,Latin,4634,david-copperfield
Mr. Wickfield,Agnes,4638,david-copperfield
Mr. Wickfield,Uriah,4638,david-copperfield
Agnes,Mr. Wickfield,4638,david-copperfield
Agnes,Uriah,4638,david-copperfield
Uriah,Mr. Wickfield,4638,david-copperfield
Uriah,Agnes,4638,david-copperfield
Mr. Wickfield,Mr. Copperfield,4639,david-copperfield
Mr. Copperfield,Mr. Wickfield,4639,david-copperfield
Mr. Wickfield,Mr. Dick,4642,david-copperfield
Mr. Wickfield,Uriah,4642,david-copperfield
Mr. Wickfield,Uriah,4642,david-copperfield
Mr. Dick,Mr. Wickfield,4642,david-copperfield
Mr. Dick,Uriah,4642,david-copperfield
Mr. Dick,Uriah,4642,david-copperfield
Uriah,Mr. Wickfield,4642,david-copperfield
Uriah,Mr. Dick,4642,david-copperfield
Uriah,Mr. Wickfield,4642,david-copperfield
Uriah,Mr. Dick,4642,david-copperfield
Agnes,Uriah,4647,david-copperfield
Agnes,Agnes Wickfield,4647,david-copperfield
Uriah,Agnes,4647,david-copperfield
Uriah,Agnes Wickfield,4647,david-copperfield
Agnes Wickfield,Agnes,4647,david-copperfield
Agnes Wickfield,Uriah,4647,david-copperfield
Uriah,Mr. Wickfield,4648,david-copperfield
Mr. Wickfield,Uriah,4648,david-copperfield
Mr. Wickfield,Agnes,4649,david-copperfield
Agnes,Mr. Wickfield,4649,david-copperfield
Agnes,Trotwood,4650,david-copperfield
Agnes,Trotwood,4650,david-copperfield
Trotwood,Agnes,4650,david-copperfield
Trotwood,Agnes,4650,david-copperfield
Uriah,Don,4653,david-copperfield
Uriah,Mr. Wickfield,4653,david-copperfield
Don,Uriah,4653,david-copperfield
Don,Mr. Wickfield,4653,david-copperfield
Mr. Wickfield,Uriah,4653,david-copperfield
Mr. Wickfield,Don,4653,david-copperfield
Uriah,Mr. Wickfield,4657,david-copperfield
Mr. Wickfield,Uriah,4657,david-copperfield
Trotwood,Mr. Wickfield,4658,david-copperfield
Trotwood,Sordid,4658,david-copperfield
Mr. Wickfield,Trotwood,4658,david-copperfield
Mr. Wickfield,Sordid,4658,david-copperfield
Sordid,Trotwood,4658,david-copperfield
Sordid,Mr. Wickfield,4658,david-copperfield
Mr. Wickfield,Uriah Heep,4660,david-copperfield
Uriah Heep,Mr. Wickfield,4660,david-copperfield
Master Copperfield,Uriah,4664,david-copperfield
Uriah,Master Copperfield,4664,david-copperfield
Agnes,Nobody,4665,david-copperfield
Nobody,Agnes,4665,david-copperfield
Nobody,Agnes,4665,david-copperfield
Agnes,Nobody,4665,david-copperfield
Uriah,Master Copperfield,4680,david-copperfield
Master Copperfield,Uriah,4680,david-copperfield
Martin,Lane,4691,david-copperfield
Lane,Martin,4691,david-copperfield
Martha,Emily,4693,david-copperfield
Martha,Martha Endell,4693,david-copperfield
Martha,Ham,4693,david-copperfield
Emily,Martha,4693,david-copperfield
Emily,Martha Endell,4693,david-copperfield
Emily,Ham,4693,david-copperfield
Martha Endell,Martha,4693,david-copperfield
Martha Endell,Emily,4693,david-copperfield
Martha Endell,Ham,4693,david-copperfield
Ham,Martha,4693,david-copperfield
Ham,Emily,4693,david-copperfield
Ham,Martha Endell,4693,david-copperfield
Mas,Davy,4695,david-copperfield
Mas,Well,4695,david-copperfield
Davy,Mas,4695,david-copperfield
Davy,Well,4695,david-copperfield
Well,Mas,4695,david-copperfield
Well,Davy,4695,david-copperfield
Mas,Davy,4704,david-copperfield
Davy,Mas,4704,david-copperfield
Mas,Davy,4714,david-copperfield
Mas,Em,4714,david-copperfield
Mas,Cross,4714,david-copperfield
Davy,Mas,4714,david-copperfield
Davy,Em,4714,david-copperfield
Davy,Cross,4714,david-copperfield
Em,Mas,4714,david-copperfield
Em,Davy,4714,david-copperfield
Em,Cross,4714,david-copperfield
Cross,Mas,4714,david-copperfield
Cross,Davy,4714,david-copperfield
Cross,Em,4714,david-copperfield
Mas,Davy,4718,david-copperfield
Davy,Mas,4718,david-copperfield
Mas,Davy,4722,david-copperfield
Mas,Wheer,4722,david-copperfield
Davy,Mas,4722,david-copperfield
Davy,Wheer,4722,david-copperfield
Wheer,Mas,4722,david-copperfield
Wheer,Davy,4722,david-copperfield
Mr. Peggotty,Missis Gummidge,4724,david-copperfield
Mr. Peggotty,Doen,4724,david-copperfield
Mr. Peggotty,Dan,4724,david-copperfield
Missis Gummidge,Mr. Peggotty,4724,david-copperfield
Missis Gummidge,Doen,4724,david-copperfield
Missis Gummidge,Dan,4724,david-copperfield
Doen,Mr. Peggotty,4724,david-copperfield
Doen,Missis Gummidge,4724,david-copperfield
Doen,Dan,4724,david-copperfield
Dan,Mr. Peggotty,4724,david-copperfield
Dan,Missis Gummidge,4724,david-copperfield
Dan,Doen,4724,david-copperfield
Missis Gummidge,Ham,4733,david-copperfield
Ham,Missis Gummidge,4733,david-copperfield
Mas,Davy,4740,david-copperfield
Mas,Mr. Peggotty,4740,david-copperfield
Davy,Mas,4740,david-copperfield
Davy,Mr. Peggotty,4740,david-copperfield
Mr. Peggotty,Mas,4740,david-copperfield
Mr. Peggotty,Davy,4740,david-copperfield
Mr. Copperfield,Mr. Thomas Traddles,4751,david-copperfield
Mr. Thomas Traddles,Mr. Copperfield,4751,david-copperfield
Mr. Thomas Traddles,Mr. Copperfield,4751,david-copperfield
Mr. Copperfield,Mr. Thomas Traddles,4751,david-copperfield
Mr. Mills,Julia,4752,david-copperfield
Julia,Mr. Mills,4752,david-copperfield
Mr. Dick,Traddles,4753,david-copperfield
Traddles,Mr. Dick,4753,david-copperfield
Traddles,Sophy,4760,david-copperfield
Sophy,Traddles,4760,david-copperfield
Traddles,Sophy,4764,david-copperfield
Sophy,Traddles,4764,david-copperfield
Traddles,Sophy,4766,david-copperfield
Sophy,Traddles,4766,david-copperfield
Traddles,Horace Crewler,4768,david-copperfield
Traddles,Crewler,4768,david-copperfield
Horace Crewler,Traddles,4768,david-copperfield
Horace Crewler,Crewler,4768,david-copperfield
Crewler,Traddles,4768,david-copperfield
Crewler,Horace Crewler,4768,david-copperfield
Traddles,Sophy,4776,david-copperfield
Traddles,Sarah,4776,david-copperfield
Traddles,Sarah,4776,david-copperfield
Traddles,Sophy,4776,david-copperfield
Sophy,Traddles,4776,david-copperfield
Sophy,Sarah,4776,david-copperfield
Sophy,Sarah,4776,david-copperfield
Sarah,Traddles,4776,david-copperfield
Sarah,Sophy,4776,david-copperfield
Sarah,Sophy,4776,david-copperfield
Sarah,Traddles,4776,david-copperfield
Sarah,Sophy,4776,david-copperfield
Sarah,Sophy,4776,david-copperfield
Sophy,Traddles,4776,david-copperfield
Sophy,Sarah,4776,david-copperfield
Sophy,Sarah,4776,david-copperfield
Traddles,Jip,4780,david-copperfield
Traddles,Mr. Spenlow,4780,david-copperfield
Jip,Traddles,4780,david-copperfield
Jip,Traddles,4780,david-copperfield
Jip,Mr. Spenlow,4780,david-copperfield
Traddles,Jip,4780,david-copperfield
Traddles,Mr. Spenlow,4780,david-copperfield
Mr. Spenlow,Traddles,4780,david-copperfield
Mr. Spenlow,Jip,4780,david-copperfield
Mr. Spenlow,Traddles,4780,david-copperfield
Traddles,Mr. Copperfield,4784,david-copperfield
Traddles,Mr. Copperfield,4784,david-copperfield
Traddles,Jip,4784,david-copperfield
Mr. Copperfield,Traddles,4784,david-copperfield
Mr. Copperfield,Traddles,4784,david-copperfield
Mr. Copperfield,Jip,4784,david-copperfield
Traddles,Mr. Copperfield,4784,david-copperfield
Traddles,Mr. Copperfield,4784,david-copperfield
Traddles,Jip,4784,david-copperfield
Mr. Copperfield,Traddles,4784,david-copperfield
Mr. Copperfield,Traddles,4784,david-copperfield
Mr. Copperfield,Jip,4784,david-copperfield
Jip,Traddles,4784,david-copperfield
Jip,Mr. Copperfield,4784,david-copperfield
Jip,Traddles,4784,david-copperfield
Jip,Mr. Copperfield,4784,david-copperfield
Miss Lavinia,Mr. Pidger,4788,david-copperfield
Miss Lavinia,Pidger,4788,david-copperfield
Miss Lavinia,Miss Clarissa,4788,david-copperfield
Miss Lavinia,Bath,4788,david-copperfield
Mr. Pidger,Miss Lavinia,4788,david-copperfield
Mr. Pidger,Pidger,4788,david-copperfield
Mr. Pidger,Miss Clarissa,4788,david-copperfield
Mr. Pidger,Bath,4788,david-copperfield
Pidger,Miss Lavinia,4788,david-copperfield
Pidger,Mr. Pidger,4788,david-copperfield
Pidger,Miss Clarissa,4788,david-copperfield
Pidger,Bath,4788,david-copperfield
Miss Clarissa,Miss Lavinia,4788,david-copperfield
Miss Clarissa,Mr. Pidger,4788,david-copperfield
Miss Clarissa,Pidger,4788,david-copperfield
Miss Clarissa,Bath,4788,david-copperfield
Bath,Miss Lavinia,4788,david-copperfield
Bath,Mr. Pidger,4788,david-copperfield
Bath,Pidger,4788,david-copperfield
Bath,Miss Clarissa,4788,david-copperfield
Miss Lavinia,Francis,4789,david-copperfield
Francis,Miss Lavinia,4789,david-copperfield
Miss Clarissa,Francis,4790,david-copperfield
Francis,Miss Clarissa,4790,david-copperfield
Francis,Miss Lavinia,4792,david-copperfield
Francis,Mr. Copperfield,4792,david-copperfield
Miss Lavinia,Francis,4792,david-copperfield
Miss Lavinia,Mr. Copperfield,4792,david-copperfield
Mr. Copperfield,Francis,4792,david-copperfield
Mr. Copperfield,Miss Lavinia,4792,david-copperfield
Dora,Traddles,4793,david-copperfield
Traddles,Dora,4793,david-copperfield
Miss,Lavinia,4794,david-copperfield
Miss,Miss Clarissa,4794,david-copperfield
Miss,Francis,4794,david-copperfield
Lavinia,Miss,4794,david-copperfield
Lavinia,Miss Clarissa,4794,david-copperfield
Lavinia,Francis,4794,david-copperfield
Miss Clarissa,Miss,4794,david-copperfield
Miss Clarissa,Lavinia,4794,david-copperfield
Miss Clarissa,Francis,4794,david-copperfield
Francis,Miss,4794,david-copperfield
Francis,Lavinia,4794,david-copperfield
Francis,Miss Clarissa,4794,david-copperfield
Dora,Francis,4795,david-copperfield
Francis,Dora,4795,david-copperfield
Miss Clarissa,Dora,4797,david-copperfield
Miss Clarissa,Francis,4797,david-copperfield
Dora,Miss Clarissa,4797,david-copperfield
Dora,Francis,4797,david-copperfield
Francis,Miss Clarissa,4797,david-copperfield
Francis,Dora,4797,david-copperfield
Miss Clarissa,Miss Lavinia,4798,david-copperfield
Miss Lavinia,Miss Clarissa,4798,david-copperfield
Clarissa,Mr. Copperfield,4800,david-copperfield
Mr. Copperfield,Clarissa,4800,david-copperfield
Francis,Miss Clarissa,4801,david-copperfield
Francis,Doctors,4801,david-copperfield
Francis,Doctors,4801,david-copperfield
Francis,Lavinia,4801,david-copperfield
Miss Clarissa,Francis,4801,david-copperfield
Miss Clarissa,Doctors,4801,david-copperfield
Miss Clarissa,Doctors,4801,david-copperfield
Miss Clarissa,Francis,4801,david-copperfield
Miss Clarissa,Lavinia,4801,david-copperfield
Doctors,Francis,4801,david-copperfield
Doctors,Miss Clarissa,4801,david-copperfield
Doctors,Francis,4801,david-copperfield
Doctors,Lavinia,4801,david-copperfield
Doctors,Francis,4801,david-copperfield
Doctors,Miss Clarissa,4801,david-copperfield
Doctors,Francis,4801,david-copperfield
Doctors,Lavinia,4801,david-copperfield
Francis,Miss Clarissa,4801,david-copperfield
Francis,Doctors,4801,david-copperfield
Francis,Doctors,4801,david-copperfield
Francis,Lavinia,4801,david-copperfield
Lavinia,Francis,4801,david-copperfield
Lavinia,Miss Clarissa,4801,david-copperfield
Lavinia,Doctors,4801,david-copperfield
Lavinia,Doctors,4801,david-copperfield
Lavinia,Francis,4801,david-copperfield
Miss,Lavinia,4804,david-copperfield
Lavinia,Miss,4804,david-copperfield
Miss Lavinia,Clarissa,4810,david-copperfield
Miss Lavinia,Mr. Copperfield,4810,david-copperfield
Miss Lavinia,Mr.,4810,david-copperfield
Clarissa,Miss Lavinia,4810,david-copperfield
Clarissa,Mr. Copperfield,4810,david-copperfield
Clarissa,Mr.,4810,david-copperfield
Mr. Copperfield,Miss Lavinia,4810,david-copperfield
Mr. Copperfield,Clarissa,4810,david-copperfield
Mr. Copperfield,Mr.,4810,david-copperfield
Mr.,Miss Lavinia,4810,david-copperfield
Mr.,Clarissa,4810,david-copperfield
Mr.,Mr. Copperfield,4810,david-copperfield
Miss Lavinia,Dora,4814,david-copperfield
Miss Lavinia,Miss Clarissa,4814,david-copperfield
Miss Lavinia,Dora,4814,david-copperfield
Miss Lavinia,Agnes,4814,david-copperfield
Miss Lavinia,Traddles,4814,david-copperfield
Miss Lavinia,Traddles,4814,david-copperfield
Dora,Miss Lavinia,4814,david-copperfield
Dora,Miss Clarissa,4814,david-copperfield
Dora,Agnes,4814,david-copperfield
Dora,Traddles,4814,david-copperfield
Dora,Traddles,4814,david-copperfield
Miss Clarissa,Miss Lavinia,4814,david-copperfield
Miss Clarissa,Dora,4814,david-copperfield
Miss Clarissa,Dora,4814,david-copperfield
Miss Clarissa,Agnes,4814,david-copperfield
Miss Clarissa,Traddles,4814,david-copperfield
Miss Clarissa,Traddles,4814,david-copperfield
Dora,Miss Lavinia,4814,david-copperfield
Dora,Miss Clarissa,4814,david-copperfield
Dora,Agnes,4814,david-copperfield
Dora,Traddles,4814,david-copperfield
Dora,Traddles,4814,david-copperfield
Agnes,Miss Lavinia,4814,david-copperfield
Agnes,Dora,4814,david-copperfield
Agnes,Miss Clarissa,4814,david-copperfield
Agnes,Dora,4814,david-copperfield
Agnes,Traddles,4814,david-copperfield
Agnes,Traddles,4814,david-copperfield
Traddles,Miss Lavinia,4814,david-copperfield
Traddles,Dora,4814,david-copperfield
Traddles,Miss Clarissa,4814,david-copperfield
Traddles,Dora,4814,david-copperfield
Traddles,Agnes,4814,david-copperfield
Traddles,Miss Lavinia,4814,david-copperfield
Traddles,Dora,4814,david-copperfield
Traddles,Miss Clarissa,4814,david-copperfield
Traddles,Dora,4814,david-copperfield
Traddles,Agnes,4814,david-copperfield
Mr. Traddles,Miss Lavinia,4816,david-copperfield
Miss Lavinia,Mr. Traddles,4816,david-copperfield
Miss,Clarissa,4818,david-copperfield
Miss,Miss Lavinia,4818,david-copperfield
Miss,Miss Clarissa,4818,david-copperfield
Clarissa,Miss,4818,david-copperfield
Clarissa,Miss Lavinia,4818,david-copperfield
Clarissa,Miss Clarissa,4818,david-copperfield
Miss Lavinia,Miss,4818,david-copperfield
Miss Lavinia,Clarissa,4818,david-copperfield
Miss Lavinia,Miss Clarissa,4818,david-copperfield
Miss Clarissa,Miss,4818,david-copperfield
Miss Clarissa,Clarissa,4818,david-copperfield
Miss Clarissa,Miss Lavinia,4818,david-copperfield
Miss,Lavinia,4819,david-copperfield
Miss,Traddles,4819,david-copperfield
Lavinia,Miss,4819,david-copperfield
Lavinia,Traddles,4819,david-copperfield
Traddles,Miss,4819,david-copperfield
Traddles,Lavinia,4819,david-copperfield
Mr. Traddles,Mr. Copperfield,4820,david-copperfield
Mr. Copperfield,Mr. Traddles,4820,david-copperfield
Francis,Miss Clarissa,4821,david-copperfield
Francis,Sister Lavinia,4821,david-copperfield
Miss Clarissa,Francis,4821,david-copperfield
Miss Clarissa,Francis,4821,david-copperfield
Miss Clarissa,Francis,4821,david-copperfield
Miss Clarissa,Sister Lavinia,4821,david-copperfield
Francis,Miss Clarissa,4821,david-copperfield
Francis,Sister Lavinia,4821,david-copperfield
Francis,Miss Clarissa,4821,david-copperfield
Francis,Sister Lavinia,4821,david-copperfield
Sister Lavinia,Francis,4821,david-copperfield
Sister Lavinia,Miss Clarissa,4821,david-copperfield
Sister Lavinia,Francis,4821,david-copperfield
Sister Lavinia,Francis,4821,david-copperfield
Miss,Lavinia,4822,david-copperfield
Lavinia,Miss,4822,david-copperfield
Mr. Traddles,Mr. Copperfield,4823,david-copperfield
Mr. Copperfield,Mr. Traddles,4823,david-copperfield
Miss Lavinia,Mr. Traddles,4825,david-copperfield
Miss Lavinia,Mr. Copperfield,4825,david-copperfield
Mr. Traddles,Miss Lavinia,4825,david-copperfield
Mr. Traddles,Mr. Copperfield,4825,david-copperfield
Mr. Copperfield,Miss Lavinia,4825,david-copperfield
Mr. Copperfield,Mr. Traddles,4825,david-copperfield
Miss Lavinia,Mr. Copperfield,4830,david-copperfield
Mr. Copperfield,Miss Lavinia,4830,david-copperfield
Clarissa,Miss Lavinia,4831,david-copperfield
Clarissa,Mr. Copperfield,4831,david-copperfield
Clarissa,Mr. Copperfield,4831,david-copperfield
Clarissa,Mr. Traddles,4831,david-copperfield
Miss Lavinia,Clarissa,4831,david-copperfield
Miss Lavinia,Mr. Copperfield,4831,david-copperfield
Miss Lavinia,Mr. Copperfield,4831,david-copperfield
Miss Lavinia,Mr. Traddles,4831,david-copperfield
Mr. Copperfield,Clarissa,4831,david-copperfield
Mr. Copperfield,Miss Lavinia,4831,david-copperfield
Mr. Copperfield,Mr. Traddles,4831,david-copperfield
Mr. Copperfield,Clarissa,4831,david-copperfield
Mr. Copperfield,Miss Lavinia,4831,david-copperfield
Mr. Copperfield,Mr. Traddles,4831,david-copperfield
Mr. Traddles,Clarissa,4831,david-copperfield
Mr. Traddles,Miss Lavinia,4831,david-copperfield
Mr. Traddles,Mr. Copperfield,4831,david-copperfield
Mr. Traddles,Mr. Copperfield,4831,david-copperfield
Miss Clarissa,Mr. Copperfield,4838,david-copperfield
Mr. Copperfield,Miss Clarissa,4838,david-copperfield
Miss Clarissa,Mr. Copperfield,4840,david-copperfield
Mr. Copperfield,Miss Clarissa,4840,david-copperfield
Miss Clarissa,Mr. Copperfield,4844,david-copperfield
Miss Clarissa,Francis,4844,david-copperfield
Mr. Copperfield,Miss Clarissa,4844,david-copperfield
Mr. Copperfield,Francis,4844,david-copperfield
Francis,Miss Clarissa,4844,david-copperfield
Francis,Mr. Copperfield,4844,david-copperfield
Miss,Mr. Traddles,4846,david-copperfield
Mr. Traddles,Miss,4846,david-copperfield
Dora,Don,4859,david-copperfield
Dora,Don,4859,david-copperfield
Dora,Doady,4859,david-copperfield
Dora,David,4859,david-copperfield
Don,Dora,4859,david-copperfield
Don,Doady,4859,david-copperfield
Don,David,4859,david-copperfield
Don,Dora,4859,david-copperfield
Don,Doady,4859,david-copperfield
Don,David,4859,david-copperfield
Doady,Dora,4859,david-copperfield
Doady,Don,4859,david-copperfield
Doady,Don,4859,david-copperfield
Doady,David,4859,david-copperfield
David,Dora,4859,david-copperfield
David,Don,4859,david-copperfield
David,Don,4859,david-copperfield
David,Doady,4859,david-copperfield
Jip,Miss Lavinia,4860,david-copperfield
Jip,Miss Lavinia,4860,david-copperfield
Jip,Dora,4860,david-copperfield
Jip,Dora,4860,david-copperfield
Jip,Dora,4860,david-copperfield
Jip,Traddles,4860,david-copperfield
Miss Lavinia,Jip,4860,david-copperfield
Miss Lavinia,Dora,4860,david-copperfield
Miss Lavinia,Dora,4860,david-copperfield
Miss Lavinia,Dora,4860,david-copperfield
Miss Lavinia,Traddles,4860,david-copperfield
Miss Lavinia,Jip,4860,david-copperfield
Miss Lavinia,Dora,4860,david-copperfield
Miss Lavinia,Dora,4860,david-copperfield
Miss Lavinia,Dora,4860,david-copperfield
Miss Lavinia,Traddles,4860,david-copperfield
Dora,Jip,4860,david-copperfield
Dora,Miss Lavinia,4860,david-copperfield
Dora,Miss Lavinia,4860,david-copperfield
Dora,Traddles,4860,david-copperfield
Dora,Jip,4860,david-copperfield
Dora,Miss Lavinia,4860,david-copperfield
Dora,Miss Lavinia,4860,david-copperfield
Dora,Traddles,4860,david-copperfield
Dora,Jip,4860,david-copperfield
Dora,Miss Lavinia,4860,david-copperfield
Dora,Miss Lavinia,4860,david-copperfield
Dora,Traddles,4860,david-copperfield
Traddles,Jip,4860,david-copperfield
Traddles,Miss Lavinia,4860,david-copperfield
Traddles,Miss Lavinia,4860,david-copperfield
Traddles,Dora,4860,david-copperfield
Traddles,Dora,4860,david-copperfield
Traddles,Dora,4860,david-copperfield
Dora,Sophy,4870,david-copperfield
Dora,Traddles,4870,david-copperfield
Sophy,Dora,4870,david-copperfield
Sophy,Dora,4870,david-copperfield
Sophy,Traddles,4870,david-copperfield
Dora,Sophy,4870,david-copperfield
Dora,Traddles,4870,david-copperfield
Traddles,Dora,4870,david-copperfield
Traddles,Sophy,4870,david-copperfield
Traddles,Dora,4870,david-copperfield
Putney,Miss Lavinia,4873,david-copperfield
Miss Lavinia,Putney,4873,david-copperfield
Dora,Putney,4874,david-copperfield
Dora,Putney,4874,david-copperfield
Dora,Putney,4874,david-copperfield
Putney,Dora,4874,david-copperfield
Putney,Dora,4874,david-copperfield
Putney,Dora,4874,david-copperfield
Putney,Dora,4874,david-copperfield
Putney,Dora,4874,david-copperfield
Dora,Putney,4874,david-copperfield
Dora,Putney,4874,david-copperfield
Jip,Dora,4875,david-copperfield
Dora,Jip,4875,david-copperfield
Dora,Miss Lavinia,4876,david-copperfield
Miss Lavinia,Dora,4876,david-copperfield
Miss Lavinia,Dora,4876,david-copperfield
Miss Lavinia,Dora,4876,david-copperfield
Dora,Miss Lavinia,4876,david-copperfield
Dora,Miss Lavinia,4876,david-copperfield
Dora,Doady,4885,david-copperfield
Doady,Dora,4885,david-copperfield
Dora,Jip,4889,david-copperfield
Jip,Dora,4889,david-copperfield
Jip,Dora,4897,david-copperfield
Dora,Jip,4897,david-copperfield
Dora,Heaven,4901,david-copperfield
Heaven,Dora,4901,david-copperfield
Mr. Wickfield,Doctor,4903,david-copperfield
Mr. Wickfield,Agnes,4903,david-copperfield
Mr. Wickfield,Uriah,4903,david-copperfield
Doctor,Mr. Wickfield,4903,david-copperfield
Doctor,Agnes,4903,david-copperfield
Doctor,Uriah,4903,david-copperfield
Agnes,Mr. Wickfield,4903,david-copperfield
Agnes,Doctor,4903,david-copperfield
Agnes,Uriah,4903,david-copperfield
Uriah,Mr. Wickfield,4903,david-copperfield
Uriah,Doctor,4903,david-copperfield
Uriah,Agnes,4903,david-copperfield
Really,Master Copperfield,4909,david-copperfield
Really,Mister,4909,david-copperfield
Master Copperfield,Really,4909,david-copperfield
Master Copperfield,Mister,4909,david-copperfield
Mister,Really,4909,david-copperfield
Mister,Master Copperfield,4909,david-copperfield
Don,Master Copperfield,4932,david-copperfield
Don,Mr. Maldon,4932,david-copperfield
Master Copperfield,Don,4932,david-copperfield
Master Copperfield,Mr. Maldon,4932,david-copperfield
Mr. Maldon,Don,4932,david-copperfield
Mr. Maldon,Master Copperfield,4932,david-copperfield
Agnes,Dora,4935,david-copperfield
Agnes,Miss Lavinia,4935,david-copperfield
Dora,Agnes,4935,david-copperfield
Dora,Miss Lavinia,4935,david-copperfield
Dora,Agnes,4935,david-copperfield
Miss Lavinia,Agnes,4935,david-copperfield
Miss Lavinia,Dora,4935,david-copperfield
Miss Lavinia,Agnes,4935,david-copperfield
Agnes,Dora,4935,david-copperfield
Agnes,Miss Lavinia,4935,david-copperfield
Agnes,Dora,4936,david-copperfield
Agnes,Dora,4936,david-copperfield
Dora,Agnes,4936,david-copperfield
Dora,Agnes,4936,david-copperfield
Dora,Agnes,4939,david-copperfield
Dora,Agnes,4939,david-copperfield
Agnes,Dora,4939,david-copperfield
Agnes,Dora,4939,david-copperfield
Miss,Miss Clarissa,4941,david-copperfield
Miss,Miss Clarissa,4941,david-copperfield
Miss,Miss Lavinia,4941,david-copperfield
Miss Clarissa,Miss,4941,david-copperfield
Miss Clarissa,Miss Lavinia,4941,david-copperfield
Miss Clarissa,Miss,4941,david-copperfield
Miss Clarissa,Miss Lavinia,4941,david-copperfield
Miss Lavinia,Miss,4941,david-copperfield
Miss Lavinia,Miss Clarissa,4941,david-copperfield
Miss Lavinia,Miss Clarissa,4941,david-copperfield
Agnes,Dora,4942,david-copperfield
Dora,Agnes,4942,david-copperfield
Dora,Julia Mills,4943,david-copperfield
Julia Mills,Dora,4943,david-copperfield
Miss Mills,Dora,4944,david-copperfield
Dora,Miss Mills,4944,david-copperfield
Dora,Miss Mills,4944,david-copperfield
Miss Mills,Dora,4944,david-copperfield
Agnes,Dora,4945,david-copperfield
Dora,Agnes,4945,david-copperfield
Don,Doady,4950,david-copperfield
Don,Dora,4950,david-copperfield
Doady,Don,4950,david-copperfield
Doady,Dora,4950,david-copperfield
Dora,Don,4950,david-copperfield
Dora,Doady,4950,david-copperfield
Dora,Agnes,4953,david-copperfield
Agnes,Dora,4953,david-copperfield
Dora,Jip,4960,david-copperfield
Dora,Jip,4960,david-copperfield
Dora,Agnes,4960,david-copperfield
Dora,Agnes,4960,david-copperfield
Dora,Agnes,4960,david-copperfield
Jip,Dora,4960,david-copperfield
Jip,Agnes,4960,david-copperfield
Jip,Dora,4960,david-copperfield
Jip,Agnes,4960,david-copperfield
Jip,Dora,4960,david-copperfield
Jip,Agnes,4960,david-copperfield
Jip,Dora,4960,david-copperfield
Jip,Agnes,4960,david-copperfield
Jip,Dora,4960,david-copperfield
Jip,Agnes,4960,david-copperfield
Jip,Dora,4960,david-copperfield
Jip,Agnes,4960,david-copperfield
Agnes,Dora,4960,david-copperfield
Agnes,Jip,4960,david-copperfield
Agnes,Jip,4960,david-copperfield
Agnes,Dora,4960,david-copperfield
Agnes,Dora,4960,david-copperfield
Dora,Jip,4960,david-copperfield
Dora,Jip,4960,david-copperfield
Dora,Agnes,4960,david-copperfield
Dora,Agnes,4960,david-copperfield
Dora,Agnes,4960,david-copperfield
Agnes,Dora,4960,david-copperfield
Agnes,Jip,4960,david-copperfield
Agnes,Jip,4960,david-copperfield
Agnes,Dora,4960,david-copperfield
Agnes,Dora,4960,david-copperfield
Dora,Jip,4960,david-copperfield
Dora,Jip,4960,david-copperfield
Dora,Agnes,4960,david-copperfield
Dora,Agnes,4960,david-copperfield
Dora,Agnes,4960,david-copperfield
Agnes,Dora,4960,david-copperfield
Agnes,Jip,4960,david-copperfield
Agnes,Jip,4960,david-copperfield
Agnes,Dora,4960,david-copperfield
Agnes,Dora,4960,david-copperfield
Covent Garden,Agnes,4961,david-copperfield
Covent Garden,Dora,4961,david-copperfield
Agnes,Covent Garden,4961,david-copperfield
Agnes,Dora,4961,david-copperfield
Dora,Covent Garden,4961,david-copperfield
Dora,Agnes,4961,david-copperfield
Strong,Agnes,4977,david-copperfield
Agnes,Strong,4977,david-copperfield
Uriah,Doctor,4979,david-copperfield
Uriah,Mr. Wickfield,4979,david-copperfield
Doctor,Uriah,4979,david-copperfield
Doctor,Mr. Wickfield,4979,david-copperfield
Mr. Wickfield,Uriah,4979,david-copperfield
Mr. Wickfield,Doctor,4979,david-copperfield
Doctor,Uriah,4980,david-copperfield
Uriah,Doctor,4980,david-copperfield
Uriah,Doctor,4980,david-copperfield
Doctor,Uriah,4980,david-copperfield
Master Copperfield,Uriah,4983,david-copperfield
Master Copperfield,Doctor Strong,4983,david-copperfield
Uriah,Master Copperfield,4983,david-copperfield
Uriah,Doctor Strong,4983,david-copperfield
Doctor Strong,Master Copperfield,4983,david-copperfield
Doctor Strong,Uriah,4983,david-copperfield
Master Copperfield,Uriah,4985,david-copperfield
Master Copperfield,Doctor Strong,4985,david-copperfield
Uriah,Master Copperfield,4985,david-copperfield
Uriah,Doctor Strong,4985,david-copperfield
Doctor Strong,Master Copperfield,4985,david-copperfield
Doctor Strong,Uriah,4985,david-copperfield
Hows,Doctor Strong,4986,david-copperfield
Doctor Strong,Hows,4986,david-copperfield
Doctor Strong,Mr. Maldon,4988,david-copperfield
Doctor Strong,Mr. Maldon,4988,david-copperfield
Doctor Strong,Mr. Maldon,4988,david-copperfield
Doctor Strong,Mr. Wickfield,4988,david-copperfield
Mr. Maldon,Doctor Strong,4988,david-copperfield
Mr. Maldon,Doctor Strong,4988,david-copperfield
Mr. Maldon,Doctor Strong,4988,david-copperfield
Mr. Maldon,Doctor Strong,4988,david-copperfield
Mr. Maldon,Mr. Wickfield,4988,david-copperfield
Doctor Strong,Mr. Maldon,4988,david-copperfield
Doctor Strong,Mr. Maldon,4988,david-copperfield
Doctor Strong,Mr. Maldon,4988,david-copperfield
Doctor Strong,Mr. Wickfield,4988,david-copperfield
Doctor Strong,Mr. Maldon,4988,david-copperfield
Doctor Strong,Mr. Maldon,4988,david-copperfield
Doctor Strong,Mr. Maldon,4988,david-copperfield
Doctor Strong,Mr. Wickfield,4988,david-copperfield
Mr. Maldon,Doctor Strong,4988,david-copperfield
Mr. Maldon,Doctor Strong,4988,david-copperfield
Mr. Maldon,Doctor Strong,4988,david-copperfield
Mr. Maldon,Doctor Strong,4988,david-copperfield
Mr. Maldon,Mr. Wickfield,4988,david-copperfield
Mr. Maldon,Doctor Strong,4988,david-copperfield
Mr. Maldon,Doctor Strong,4988,david-copperfield
Mr. Maldon,Doctor Strong,4988,david-copperfield
Mr. Maldon,Doctor Strong,4988,david-copperfield
Mr. Maldon,Mr. Wickfield,4988,david-copperfield
Doctor Strong,Mr. Maldon,4988,david-copperfield
Doctor Strong,Mr. Maldon,4988,david-copperfield
Doctor Strong,Mr. Maldon,4988,david-copperfield
Doctor Strong,Mr. Wickfield,4988,david-copperfield
Mr. Wickfield,Doctor Strong,4988,david-copperfield
Mr. Wickfield,Mr. Maldon,4988,david-copperfield
Mr. Wickfield,Doctor Strong,4988,david-copperfield
Mr. Wickfield,Doctor Strong,4988,david-copperfield
Mr. Wickfield,Mr. Maldon,4988,david-copperfield
Mr. Wickfield,Mr. Maldon,4988,david-copperfield
Mr. Wickfield,Doctor Strong,4988,david-copperfield
God,Mr. Wickfield,4989,david-copperfield
Mr. Wickfield,God,4989,david-copperfield
Uriah,Miss Agnes,4990,david-copperfield
Miss Agnes,Uriah,4990,david-copperfield
Mr. Wickfield,Maldon,4995,david-copperfield
Maldon,Mr. Wickfield,4995,david-copperfield
Master Copperfield,Uriah,4998,david-copperfield
Uriah,Master Copperfield,4998,david-copperfield
Mr. Wickfield,Uriah,5002,david-copperfield
Uriah,Mr. Wickfield,5002,david-copperfield
Uriah,Don,5007,david-copperfield
Don,Uriah,5007,david-copperfield
Uriah,Heep,5011,david-copperfield
Heep,Uriah,5011,david-copperfield
Mr.,Wickfield,5027,david-copperfield
Mr.,Uriah,5027,david-copperfield
Wickfield,Mr.,5027,david-copperfield
Wickfield,Uriah,5027,david-copperfield
Uriah,Mr.,5027,david-copperfield
Uriah,Wickfield,5027,david-copperfield
Master Copperfield,Uriah,5028,david-copperfield
Uriah,Master Copperfield,5028,david-copperfield
Doctor,Often,5053,david-copperfield
Doctor,Gradually,5053,david-copperfield
Doctor,Markleham,5053,david-copperfield
Often,Doctor,5053,david-copperfield
Often,Gradually,5053,david-copperfield
Often,Markleham,5053,david-copperfield
Gradually,Doctor,5053,david-copperfield
Gradually,Often,5053,david-copperfield
Gradually,Markleham,5053,david-copperfield
Markleham,Doctor,5053,david-copperfield
Markleham,Often,5053,david-copperfield
Markleham,Gradually,5053,david-copperfield
Doctor,Mr. Dick,5057,david-copperfield
Mr. Dick,Doctor,5057,david-copperfield
Walk,Doctor,5058,david-copperfield
Walk,Doctor,5058,david-copperfield
Doctor,Walk,5058,david-copperfield
Doctor,Walk,5058,david-copperfield
Annie,Charles,5059,david-copperfield
Charles,Annie,5059,david-copperfield
Trot,Dick,5060,david-copperfield
Dick,Trot,5060,david-copperfield
Uriah Heep,Mr. Micawber,5061,david-copperfield
Uriah Heep,Mr. Micawber,5061,david-copperfield
Mr. Micawber,Uriah Heep,5061,david-copperfield
Mr. Micawber,Uriah Heep,5061,david-copperfield
Mr. Copperfield,Mr. Micawber,5064,david-copperfield
Mr. Micawber,Mr. Copperfield,5064,david-copperfield
Mr. Copperfield,Mr. Micawber,5065,david-copperfield
Mr. Copperfield,Mr. Micawber,5065,david-copperfield
Mr. Copperfield,Mr. Micawber,5065,david-copperfield
Mr. Micawber,Mr. Copperfield,5065,david-copperfield
Mr. Micawber,Mr. Copperfield,5065,david-copperfield
Mr. Micawber,Mr. Copperfield,5065,david-copperfield
Mr. Copperfield,Mr. Micawber,5066,david-copperfield
Mr. Micawber,Mr. Copperfield,5066,david-copperfield
Dora,Miss Lavinia,5081,david-copperfield
Dora,Miss Clarissa,5081,david-copperfield
Dora,Miss Lavinia,5081,david-copperfield
Dora,Miss Dora,5081,david-copperfield
Miss Lavinia,Dora,5081,david-copperfield
Miss Lavinia,Miss Clarissa,5081,david-copperfield
Miss Lavinia,Miss Dora,5081,david-copperfield
Miss Clarissa,Dora,5081,david-copperfield
Miss Clarissa,Miss Lavinia,5081,david-copperfield
Miss Clarissa,Miss Lavinia,5081,david-copperfield
Miss Clarissa,Miss Dora,5081,david-copperfield
Miss Lavinia,Dora,5081,david-copperfield
Miss Lavinia,Miss Clarissa,5081,david-copperfield
Miss Lavinia,Miss Dora,5081,david-copperfield
Miss Dora,Dora,5081,david-copperfield
Miss Dora,Miss Lavinia,5081,david-copperfield
Miss Dora,Miss Clarissa,5081,david-copperfield
Miss Dora,Miss Lavinia,5081,david-copperfield
Miss,Dora,5082,david-copperfield
Miss,Dora,5082,david-copperfield
Miss,Jip,5082,david-copperfield
Miss,Jip,5082,david-copperfield
Dora,Miss,5082,david-copperfield
Dora,Jip,5082,david-copperfield
Dora,Jip,5082,david-copperfield
Dora,Miss,5082,david-copperfield
Dora,Jip,5082,david-copperfield
Dora,Jip,5082,david-copperfield
Jip,Miss,5082,david-copperfield
Jip,Dora,5082,david-copperfield
Jip,Dora,5082,david-copperfield
Jip,Miss,5082,david-copperfield
Jip,Dora,5082,david-copperfield
Jip,Dora,5082,david-copperfield
Traddles,David Copperfield,5085,david-copperfield
Traddles,Dora Spenlow,5085,david-copperfield
David Copperfield,Traddles,5085,david-copperfield
David Copperfield,Dora Spenlow,5085,david-copperfield
Dora Spenlow,Traddles,5085,david-copperfield
Dora Spenlow,David Copperfield,5085,david-copperfield
Traddles,Miss Wickfield,5090,david-copperfield
Miss Wickfield,Traddles,5090,david-copperfield
Traddles,Sophy,5091,david-copperfield
Traddles,Miss Wickfield,5091,david-copperfield
Sophy,Traddles,5091,david-copperfield
Sophy,Miss Wickfield,5091,david-copperfield
Miss Wickfield,Traddles,5091,david-copperfield
Miss Wickfield,Sophy,5091,david-copperfield
Agnes,Traddles,5094,david-copperfield
Traddles,Agnes,5094,david-copperfield
Dora,Jip,5096,david-copperfield
Dora,Miss Lavinia,5096,david-copperfield
Dora,Jip,5096,david-copperfield
Dora,Miss Lavinia,5096,david-copperfield
Jip,Dora,5096,david-copperfield
Jip,Dora,5096,david-copperfield
Jip,Dora,5096,david-copperfield
Jip,Miss Lavinia,5096,david-copperfield
Dora,Jip,5096,david-copperfield
Dora,Miss Lavinia,5096,david-copperfield
Miss Lavinia,Dora,5096,david-copperfield
Miss Lavinia,Dora,5096,david-copperfield
Miss Lavinia,Jip,5096,david-copperfield
Miss Lavinia,Dora,5096,david-copperfield
Dora,Miss Lavinia,5098,david-copperfield
Dora,Miss Lavinia,5098,david-copperfield
Miss Lavinia,Dora,5098,david-copperfield
Miss Lavinia,Dora,5098,david-copperfield
Doady,Dora,5099,david-copperfield
Dora,Doady,5099,david-copperfield
Miss Lavinia,Dora,5102,david-copperfield
Dora,Miss Lavinia,5102,david-copperfield
Janet,Peggotty,5104,david-copperfield
Janet,Mr. Dick,5104,david-copperfield
Janet,Traddles,5104,david-copperfield
Janet,Mr. Dick,5104,david-copperfield
Peggotty,Janet,5104,david-copperfield
Peggotty,Mr. Dick,5104,david-copperfield
Peggotty,Traddles,5104,david-copperfield
Peggotty,Mr. Dick,5104,david-copperfield
Mr. Dick,Janet,5104,david-copperfield
Mr. Dick,Peggotty,5104,david-copperfield
Mr. Dick,Traddles,5104,david-copperfield
Traddles,Janet,5104,david-copperfield
Traddles,Peggotty,5104,david-copperfield
Traddles,Mr. Dick,5104,david-copperfield
Traddles,Mr. Dick,5104,david-copperfield
Mr. Dick,Janet,5104,david-copperfield
Mr. Dick,Peggotty,5104,david-copperfield
Mr. Dick,Traddles,5104,david-copperfield
Tut,Mr. Dick,5108,david-copperfield
Mr. Dick,Tut,5108,david-copperfield
Dora,Miss Clarissa,5120,david-copperfield
Miss Clarissa,Dora,5120,david-copperfield
Miss Clarissa,Dora,5120,david-copperfield
Dora,Miss Clarissa,5120,david-copperfield
Dora,Mary Anne,5133,david-copperfield
Mary Anne,Dora,5133,david-copperfield
Doady,Dora,5138,david-copperfield
Dora,Doady,5138,david-copperfield
Don,Mary Anne,5143,david-copperfield
Mary Anne,Don,5143,david-copperfield
Doady,Dora,5144,david-copperfield
Dora,Doady,5144,david-copperfield
Dora,Blue Beard,5150,david-copperfield
Dora,Don,5150,david-copperfield
Blue Beard,Dora,5150,david-copperfield
Blue Beard,Don,5150,david-copperfield
Don,Dora,5150,david-copperfield
Don,Blue Beard,5150,david-copperfield
Dora,Mary Anne,5167,david-copperfield
Dora,Likewise,5167,david-copperfield
Mary Anne,Dora,5167,david-copperfield
Mary Anne,Likewise,5167,david-copperfield
Likewise,Dora,5167,david-copperfield
Likewise,Mary Anne,5167,david-copperfield
Trot,Sit,5175,david-copperfield
Sit,Trot,5175,david-copperfield
Trot,Don,5184,david-copperfield
Don,Trot,5184,david-copperfield
Trot,Rome,5190,david-copperfield
Rome,Trot,5190,david-copperfield
Give Betsey Trotwood,Trot,5192,david-copperfield
Give Betsey Trotwood,Betsey,5192,david-copperfield
Trot,Give Betsey Trotwood,5192,david-copperfield
Trot,Betsey,5192,david-copperfield
Betsey,Give Betsey Trotwood,5192,david-copperfield
Betsey,Trot,5192,david-copperfield
Mary Anne,Kentish Town,5195,david-copperfield
Mary Anne,Greenwich Fair,5195,david-copperfield
Mary Anne,Kentish Town,5195,david-copperfield
Mary Anne,Greenwich Fair,5195,david-copperfield
Kentish Town,Mary Anne,5195,david-copperfield
Kentish Town,Mary Anne,5195,david-copperfield
Kentish Town,Greenwich Fair,5195,david-copperfield
Greenwich Fair,Mary Anne,5195,david-copperfield
Greenwich Fair,Mary Anne,5195,david-copperfield
Greenwich Fair,Kentish Town,5195,david-copperfield
Traddles,Sophy,5199,david-copperfield
Sophy,Traddles,5199,david-copperfield
Jip,Traddles,5200,david-copperfield
Jip,Dora,5200,david-copperfield
Traddles,Jip,5200,david-copperfield
Traddles,Dora,5200,david-copperfield
Dora,Jip,5200,david-copperfield
Dora,Traddles,5200,david-copperfield
Jip,Traddles,5201,david-copperfield
Traddles,Jip,5201,david-copperfield
Doady,Dora,5207,david-copperfield
Dora,Doady,5207,david-copperfield
Doady,Dora,5209,david-copperfield
Doady,Dora,5209,david-copperfield
Dora,Doady,5209,david-copperfield
Dora,Doady,5209,david-copperfield
Traddles,Doady,5215,david-copperfield
Doady,Traddles,5215,david-copperfield
Dora,Jip,5231,david-copperfield
Dora,Jip,5231,david-copperfield
Jip,Dora,5231,david-copperfield
Jip,Dora,5231,david-copperfield
Jip,Doady,5232,david-copperfield
Jip,Doady,5232,david-copperfield
Jip,Doady,5232,david-copperfield
Doady,Jip,5232,david-copperfield
Doady,Jip,5232,david-copperfield
Doady,Jip,5232,david-copperfield
Dora,Jip,5257,david-copperfield
Jip,Dora,5257,david-copperfield
Dora,Jip,5259,david-copperfield
Dora,Jip,5259,david-copperfield
Jip,Dora,5259,david-copperfield
Jip,Dora,5259,david-copperfield
Jip,Dora,5259,david-copperfield
Jip,Dora,5259,david-copperfield
Dora,Jip,5259,david-copperfield
Dora,Jip,5259,david-copperfield
Markleham,Annie,5264,david-copperfield
Annie,Markleham,5264,david-copperfield
Doctor,Annie,5267,david-copperfield
Doctor,Annie,5267,david-copperfield
Annie,Doctor,5267,david-copperfield
Annie,Doctor,5267,david-copperfield
Doctor,Annie,5269,david-copperfield
Annie,Doctor,5269,david-copperfield
Doctor Johnson,Annie,5271,david-copperfield
Annie,Doctor Johnson,5271,david-copperfield
Annie,Duty,5275,david-copperfield
Duty,Annie,5275,david-copperfield
Annie,Doctor Strong,5276,david-copperfield
Annie,Doctor Strong,5276,david-copperfield
Annie,Doctor Strong,5276,david-copperfield
Doctor Strong,Annie,5276,david-copperfield
Doctor Strong,Annie,5276,david-copperfield
Doctor Strong,Annie,5276,david-copperfield
Mr. Maldon,Dora,5278,david-copperfield
Mr. Maldon,Dora,5278,david-copperfield
Mr. Maldon,Doctor,5278,david-copperfield
Dora,Mr. Maldon,5278,david-copperfield
Dora,Doctor,5278,david-copperfield
Dora,Mr. Maldon,5278,david-copperfield
Dora,Doctor,5278,david-copperfield
Doctor,Mr. Maldon,5278,david-copperfield
Doctor,Dora,5278,david-copperfield
Doctor,Dora,5278,david-copperfield
Weak,Mr. Dick,5294,david-copperfield
Mr. Dick,Weak,5294,david-copperfield
Mr.,Dick,5301,david-copperfield
Dick,Mr.,5301,david-copperfield
Mr. Dick,Dick,5302,david-copperfield
Dick,Mr. Dick,5302,david-copperfield
Mr. Dick,Dick,5319,david-copperfield
Mr. Dick,Dick,5319,david-copperfield
Mr. Dick,Dick,5319,david-copperfield
Mr. Dick,Dick,5319,david-copperfield
Dick,Mr. Dick,5319,david-copperfield
Dick,Mr. Dick,5319,david-copperfield
Dick,Mr. Dick,5319,david-copperfield
Dick,Mr. Dick,5319,david-copperfield
Dick,Mr. Dick,5321,david-copperfield
Mr. Dick,Dick,5321,david-copperfield
Strong,Mr. Dick,5324,david-copperfield
Strong,Doctor,5324,david-copperfield
Mr. Dick,Strong,5324,david-copperfield
Mr. Dick,Doctor,5324,david-copperfield
Mr. Dick,Strong,5324,david-copperfield
Doctor,Strong,5324,david-copperfield
Doctor,Mr. Dick,5324,david-copperfield
Doctor,Strong,5324,david-copperfield
Strong,Mr. Dick,5324,david-copperfield
Strong,Doctor,5324,david-copperfield
Miss Trotwood,David,5329,david-copperfield
David,Miss Trotwood,5329,david-copperfield
Annie,Will,5331,david-copperfield
Annie,Miss Trotwood,5331,david-copperfield
Annie,Doctor,5331,david-copperfield
Will,Annie,5331,david-copperfield
Will,Miss Trotwood,5331,david-copperfield
Will,Doctor,5331,david-copperfield
Will,Annie,5331,david-copperfield
Miss Trotwood,Annie,5331,david-copperfield
Miss Trotwood,Will,5331,david-copperfield
Miss Trotwood,Doctor,5331,david-copperfield
Miss Trotwood,Annie,5331,david-copperfield
Doctor,Annie,5331,david-copperfield
Doctor,Will,5331,david-copperfield
Doctor,Miss Trotwood,5331,david-copperfield
Doctor,Annie,5331,david-copperfield
Annie,Will,5331,david-copperfield
Annie,Miss Trotwood,5331,david-copperfield
Annie,Doctor,5331,david-copperfield
Miss Trotwood,David,5333,david-copperfield
Miss Trotwood,Annie,5333,david-copperfield
Miss Trotwood,Doctor Strong,5333,david-copperfield
Miss Trotwood,Doctor Strong,5333,david-copperfield
David,Miss Trotwood,5333,david-copperfield
David,Annie,5333,david-copperfield
David,Doctor Strong,5333,david-copperfield
David,Doctor Strong,5333,david-copperfield
Annie,Miss Trotwood,5333,david-copperfield
Annie,David,5333,david-copperfield
Annie,Doctor Strong,5333,david-copperfield
Annie,Doctor Strong,5333,david-copperfield
Doctor Strong,Miss Trotwood,5333,david-copperfield
Doctor Strong,David,5333,david-copperfield
Doctor Strong,Annie,5333,david-copperfield
Doctor Strong,Miss Trotwood,5333,david-copperfield
Doctor Strong,David,5333,david-copperfield
Doctor Strong,Annie,5333,david-copperfield
Annie,Miss Trotwood,5335,david-copperfield
Annie,David,5335,david-copperfield
Miss Trotwood,Annie,5335,david-copperfield
Miss Trotwood,David,5335,david-copperfield
David,Annie,5335,david-copperfield
David,Miss Trotwood,5335,david-copperfield
Mr. Dick,Markleham,5336,david-copperfield
Mr. Dick,Doctor,5336,david-copperfield
Mr. Dick,Markleham,5336,david-copperfield
Markleham,Mr. Dick,5336,david-copperfield
Markleham,Mr. Dick,5336,david-copperfield
Markleham,Doctor,5336,david-copperfield
Mr. Dick,Markleham,5336,david-copperfield
Mr. Dick,Doctor,5336,david-copperfield
Mr. Dick,Markleham,5336,david-copperfield
Doctor,Mr. Dick,5336,david-copperfield
Doctor,Markleham,5336,david-copperfield
Doctor,Mr. Dick,5336,david-copperfield
Doctor,Markleham,5336,david-copperfield
Markleham,Mr. Dick,5336,david-copperfield
Markleham,Mr. Dick,5336,david-copperfield
Markleham,Doctor,5336,david-copperfield
Strong,Doctor Strong,5349,david-copperfield
Doctor Strong,Strong,5349,david-copperfield
Annie,Mr. Dick,5353,david-copperfield
Mr. Dick,Annie,5353,david-copperfield
Nay,Annie,5355,david-copperfield
Annie,Nay,5355,david-copperfield
Annie,Mama,5368,david-copperfield
Mama,Annie,5368,david-copperfield
Steerforth,Howbeit,5404,david-copperfield
Howbeit,Steerforth,5404,david-copperfield
James,Mr. James,5436,david-copperfield
Mr. James,James,5436,david-copperfield
Miss,Dartle,5439,david-copperfield
Dartle,Miss,5439,david-copperfield
Mr. Littimer,Miss Dartle,5454,david-copperfield
Mr. Littimer,Mr. James,5454,david-copperfield
Mr. Littimer,Mr. James,5454,david-copperfield
Miss Dartle,Mr. Littimer,5454,david-copperfield
Miss Dartle,Mr. James,5454,david-copperfield
Miss Dartle,Mr. James,5454,david-copperfield
Mr. James,Mr. Littimer,5454,david-copperfield
Mr. James,Miss Dartle,5454,david-copperfield
Mr. James,Mr. Littimer,5454,david-copperfield
Mr. James,Miss Dartle,5454,david-copperfield
Mr. James,Words,5460,david-copperfield
Words,Mr. James,5460,david-copperfield
Words,Mr. James,5460,david-copperfield
Mr. James,Words,5460,david-copperfield
Miss,Dartle,5463,david-copperfield
Dartle,Miss,5463,david-copperfield
Miss,Dartle,5466,david-copperfield
Dartle,Miss,5466,david-copperfield
Sir,Mr. James,5469,david-copperfield
Sir,Mr. James,5469,david-copperfield
Mr. James,Sir,5469,david-copperfield
Mr. James,Sir,5469,david-copperfield
Mr. Copperfield,Rosa,5477,david-copperfield
Rosa,Mr. Copperfield,5477,david-copperfield
Rosa,Steerforth,5483,david-copperfield
Steerforth,Rosa,5483,david-copperfield
Mr. Peggotty,Often,5492,david-copperfield
Often,Mr. Peggotty,5492,david-copperfield
Mas,Davy,5495,david-copperfield
Mas,Sit,5495,david-copperfield
Davy,Mas,5495,david-copperfield
Davy,Sit,5495,david-copperfield
Sit,Mas,5495,david-copperfield
Sit,Davy,5495,david-copperfield
Mas,Davy,5502,david-copperfield
Davy,Mas,5502,david-copperfield
Emily,Ham,5519,david-copperfield
Ham,Emily,5519,david-copperfield
Mas,Davy,5520,david-copperfield
Davy,Mas,5520,david-copperfield
Mas,Davy,5524,david-copperfield
Davy,Mas,5524,david-copperfield
Mas,Davy,5527,david-copperfield
Mas,Martha,5527,david-copperfield
Davy,Mas,5527,david-copperfield
Davy,Martha,5527,david-copperfield
Martha,Mas,5527,david-copperfield
Martha,Davy,5527,david-copperfield
Ham,Steerforth,5529,david-copperfield
Ham,Steerforth,5529,david-copperfield
Steerforth,Ham,5529,david-copperfield
Steerforth,Ham,5529,david-copperfield
Mas,Davy,5534,david-copperfield
Davy,Mas,5534,david-copperfield
Mas,Davy,5536,david-copperfield
Davy,Mas,5536,david-copperfield
Temple Bar,Blackfriars Bridge,5537,david-copperfield
Blackfriars Bridge,Temple Bar,5537,david-copperfield
Coarse,Works,5546,david-copperfield
Works,Coarse,5546,david-copperfield
Hush,Calm,5553,david-copperfield
Calm,Hush,5553,david-copperfield
Martha,Heaven,5574,david-copperfield
Heaven,Martha,5574,david-copperfield
Martha,Mr. Peggotty,5580,david-copperfield
Mr. Peggotty,Martha,5580,david-copperfield
Mr. Peggotty,Mas,5582,david-copperfield
Mr. Peggotty,Davy,5582,david-copperfield
Mr. Peggotty,Martha,5582,david-copperfield
Mas,Mr. Peggotty,5582,david-copperfield
Mas,Davy,5582,david-copperfield
Mas,Martha,5582,david-copperfield
Davy,Mr. Peggotty,5582,david-copperfield
Davy,Mas,5582,david-copperfield
Davy,Martha,5582,david-copperfield
Martha,Mr. Peggotty,5582,david-copperfield
Martha,Mas,5582,david-copperfield
Martha,Davy,5582,david-copperfield
Davy,Mas,5588,david-copperfield
Mas,Davy,5588,david-copperfield
Mas,Davy,5588,david-copperfield
Davy,Mas,5588,david-copperfield
Full,Mr. Peggotty,5591,david-copperfield
Mr. Peggotty,Full,5591,david-copperfield
Mr.,Mr. Peggotty,5598,david-copperfield
Mr. Peggotty,Mr.,5598,david-copperfield
Betsey Trotwood,Trot,5632,david-copperfield
Betsey Trotwood,Trot,5632,david-copperfield
Trot,Betsey Trotwood,5632,david-copperfield
Trot,Betsey Trotwood,5632,david-copperfield
Dora,Bow Street,5647,david-copperfield
Bow Street,Dora,5647,david-copperfield
Dora,Don,5667,david-copperfield
Don,Dora,5667,david-copperfield
Julia Mills,Julia,5668,david-copperfield
Julia Mills,Dora,5668,david-copperfield
Julia,Julia Mills,5668,david-copperfield
Julia,Dora,5668,david-copperfield
Dora,Julia Mills,5668,david-copperfield
Dora,Julia,5668,david-copperfield
Dora,Shakespeare,5670,david-copperfield
Shakespeare,Dora,5670,david-copperfield
Traddles,Dora,5671,david-copperfield
Traddles,Dora,5671,david-copperfield
Dora,Traddles,5671,david-copperfield
Dora,Traddles,5671,david-copperfield
Dora,Haven,5677,david-copperfield
Dora,Doady,5677,david-copperfield
Haven,Dora,5677,david-copperfield
Haven,Doady,5677,david-copperfield
Doady,Dora,5677,david-copperfield
Doady,Haven,5677,david-copperfield
Dora,Agnes,5703,david-copperfield
Agnes,Dora,5703,david-copperfield
Agnes,Dora,5703,david-copperfield
Dora,Agnes,5703,david-copperfield
Dora,Jip,5707,david-copperfield
Jip,Dora,5707,david-copperfield
Dora,Jip,5709,david-copperfield
Jip,Dora,5709,david-copperfield
Jip,Dora,5711,david-copperfield
Dora,Jip,5711,david-copperfield
Blossom,Dora,5712,david-copperfield
Dora,Blossom,5712,david-copperfield
Jip,Dora,5718,david-copperfield
Dora,Jip,5718,david-copperfield
Dora,Jip,5718,david-copperfield
Dora,Jip,5718,david-copperfield
Jip,Dora,5718,david-copperfield
Jip,Dora,5718,david-copperfield
Jip,Dora,5724,david-copperfield
Dora,Jip,5724,david-copperfield
Jip,Mr. Dick,5726,david-copperfield
Mr. Dick,Jip,5726,david-copperfield
Mr. Copperfield,Mr. Thomas Traddles,5735,david-copperfield
Mr. Thomas Traddles,Mr. Copperfield,5735,david-copperfield
Mr. Micawber,Traddles,5738,david-copperfield
Traddles,Mr. Micawber,5738,david-copperfield
Traddles,Mr. Micawber,5739,david-copperfield
Mr. Micawber,Traddles,5739,david-copperfield
Traddles,Mr. Micawber,5741,david-copperfield
Mr. Micawber,Traddles,5741,david-copperfield
Mr. Thomas Traddles,Mr. T.,5743,david-copperfield
Mr. T.,Mr. Thomas Traddles,5743,david-copperfield
Mr. Micawber,Mr. Traddles,5744,david-copperfield
Mr. Micawber,Mr.,5744,david-copperfield
Mr. Micawber,Mr. Traddles,5744,david-copperfield
Mr. Micawber,Mr. T.,5744,david-copperfield
Mr. Traddles,Mr. Micawber,5744,david-copperfield
Mr. Traddles,Mr.,5744,david-copperfield
Mr. Traddles,Mr. Micawber,5744,david-copperfield
Mr. Traddles,Mr. T.,5744,david-copperfield
Mr. Traddles,Mr. Micawber,5744,david-copperfield
Mr.,Mr. Micawber,5744,david-copperfield
Mr.,Mr. Traddles,5744,david-copperfield
Mr.,Mr. Micawber,5744,david-copperfield
Mr.,Mr. Traddles,5744,david-copperfield
Mr.,Mr. T.,5744,david-copperfield
Mr.,Mr. Micawber,5744,david-copperfield
Mr. Micawber,Mr. Traddles,5744,david-copperfield
Mr. Micawber,Mr.,5744,david-copperfield
Mr. Micawber,Mr. Traddles,5744,david-copperfield
Mr. Micawber,Mr. T.,5744,david-copperfield
Mr. Traddles,Mr. Micawber,5744,david-copperfield
Mr. Traddles,Mr.,5744,david-copperfield
Mr. Traddles,Mr. Micawber,5744,david-copperfield
Mr. Traddles,Mr. T.,5744,david-copperfield
Mr. Traddles,Mr. Micawber,5744,david-copperfield
Mr. T.,Mr. Micawber,5744,david-copperfield
Mr. T.,Mr. Traddles,5744,david-copperfield
Mr. T.,Mr.,5744,david-copperfield
Mr. T.,Mr. Micawber,5744,david-copperfield
Mr. T.,Mr. Traddles,5744,david-copperfield
Mr. T.,Mr. Micawber,5744,david-copperfield
Mr. Micawber,Mr. Traddles,5744,david-copperfield
Mr. Micawber,Mr.,5744,david-copperfield
Mr. Micawber,Mr. Traddles,5744,david-copperfield
Mr. Micawber,Mr. T.,5744,david-copperfield
Mr. Traddles,Mr. T.,5745,david-copperfield
Mr. T.,Mr. Traddles,5745,david-copperfield
Mr. Micawber,Mr.,5747,david-copperfield
Mr. Micawber,Mr.,5747,david-copperfield
Mr.,Mr. Micawber,5747,david-copperfield
Mr.,Mr. Micawber,5747,david-copperfield
Mr.,Mr. Micawber,5747,david-copperfield
Mr.,Mr. Micawber,5747,david-copperfield
Mr. Micawber,Mr.,5747,david-copperfield
Mr. Micawber,Mr.,5747,david-copperfield
Mr. Copperfield,Mr.,5748,david-copperfield
Mr. Copperfield,Mr. Micawber,5748,david-copperfield
Mr. Copperfield,Mr. T.,5748,david-copperfield
Mr. Copperfield,Post Office,5748,david-copperfield
Mr.,Mr. Copperfield,5748,david-copperfield
Mr.,Mr. Micawber,5748,david-copperfield
Mr.,Mr. T.,5748,david-copperfield
Mr.,Post Office,5748,david-copperfield
Mr. Micawber,Mr. Copperfield,5748,david-copperfield
Mr. Micawber,Mr.,5748,david-copperfield
Mr. Micawber,Mr. T.,5748,david-copperfield
Mr. Micawber,Post Office,5748,david-copperfield
Mr. T.,Mr. Copperfield,5748,david-copperfield
Mr. T.,Mr.,5748,david-copperfield
Mr. T.,Mr. Micawber,5748,david-copperfield
Mr. T.,Post Office,5748,david-copperfield
Post Office,Mr. Copperfield,5748,david-copperfield
Post Office,Mr.,5748,david-copperfield
Post Office,Mr. Micawber,5748,david-copperfield
Post Office,Mr. T.,5748,david-copperfield
Traddles,Mr.,5753,david-copperfield
Traddles,Poor,5753,david-copperfield
Traddles,Mr. Micawber,5753,david-copperfield
Mr.,Traddles,5753,david-copperfield
Mr.,Poor,5753,david-copperfield
Mr.,Mr. Micawber,5753,david-copperfield
Poor,Traddles,5753,david-copperfield
Poor,Mr.,5753,david-copperfield
Poor,Mr. Micawber,5753,david-copperfield
Mr. Micawber,Traddles,5753,david-copperfield
Mr. Micawber,Mr.,5753,david-copperfield
Mr. Micawber,Poor,5753,david-copperfield
Mr. Micawber,Uriah Heep,5754,david-copperfield
Uriah Heep,Mr. Micawber,5754,david-copperfield
Traddles,Mr. Micawber,5755,david-copperfield
Mr. Micawber,Traddles,5755,david-copperfield
Mr. Micawber,Mr. Traddles,5758,david-copperfield
Mr. Traddles,Mr. Micawber,5758,david-copperfield
Copperfield,Mr. Micawber,5764,david-copperfield
Mr. Micawber,Copperfield,5764,david-copperfield
Mr. Micawber,Traddles,5767,david-copperfield
Traddles,Mr. Micawber,5767,david-copperfield
Mr.,Micawber,5770,david-copperfield
Micawber,Mr.,5770,david-copperfield
Heep,Mr. Micawber,5771,david-copperfield
Mr. Micawber,Heep,5771,david-copperfield
Mr.,Miss Wickfield,5773,david-copperfield
Miss Wickfield,Mr.,5773,david-copperfield
Mr. Micawber,Miss Wickfield,5776,david-copperfield
Miss Wickfield,Mr. Micawber,5776,david-copperfield
Mr. Micawber,Traddles,5779,david-copperfield
Traddles,Mr. Micawber,5779,david-copperfield
Traddles,Mr. Micawber,5781,david-copperfield
Mr. Micawber,Traddles,5781,david-copperfield
Dora,Mr. Micawber,5782,david-copperfield
Dora,Mr. Micawber,5782,david-copperfield
Mr. Micawber,Dora,5782,david-copperfield
Mr. Micawber,Dora,5782,david-copperfield
Mr.,Dick,5783,david-copperfield
Mr.,Mr. Micawber,5783,david-copperfield
Mr.,Mr. Micawber,5783,david-copperfield
Mr.,Which,5783,david-copperfield
Mr.,Mr. Dick,5783,david-copperfield
Dick,Mr.,5783,david-copperfield
Dick,Mr. Micawber,5783,david-copperfield
Dick,Mr. Micawber,5783,david-copperfield
Dick,Which,5783,david-copperfield
Dick,Mr. Dick,5783,david-copperfield
Mr. Micawber,Mr.,5783,david-copperfield
Mr. Micawber,Dick,5783,david-copperfield
Mr. Micawber,Which,5783,david-copperfield
Mr. Micawber,Mr. Dick,5783,david-copperfield
Mr. Micawber,Mr.,5783,david-copperfield
Mr. Micawber,Dick,5783,david-copperfield
Mr. Micawber,Which,5783,david-copperfield
Mr. Micawber,Mr. Dick,5783,david-copperfield
Which,Mr.,5783,david-copperfield
Which,Dick,5783,david-copperfield
Which,Mr. Micawber,5783,david-copperfield
Which,Mr. Micawber,5783,david-copperfield
Which,Mr. Dick,5783,david-copperfield
Mr. Dick,Mr.,5783,david-copperfield
Mr. Dick,Dick,5783,david-copperfield
Mr. Dick,Mr. Micawber,5783,david-copperfield
Mr. Dick,Mr. Micawber,5783,david-copperfield
Mr. Dick,Which,5783,david-copperfield
Mr. Micawber,Mr. Dick,5786,david-copperfield
Mr. Dick,Mr. Micawber,5786,david-copperfield
Mr.,Micawber,5790,david-copperfield
Mr.,Mr. Dick,5790,david-copperfield
Micawber,Mr.,5790,david-copperfield
Micawber,Mr. Dick,5790,david-copperfield
Mr. Dick,Mr.,5790,david-copperfield
Mr. Dick,Micawber,5790,david-copperfield
Mr. Micawber,Traddles,5791,david-copperfield
Traddles,Mr. Micawber,5791,david-copperfield
Traddles,Mr. Micawber,5791,david-copperfield
Mr. Micawber,Traddles,5791,david-copperfield
Madam,Mr. Micawber,5793,david-copperfield
Mr. Micawber,Madam,5793,david-copperfield
Mr.,Micawber,5795,david-copperfield
Micawber,Mr.,5795,david-copperfield
Mr. Micawber,Mr. Heep,5800,david-copperfield
Mr. Heep,Mr. Micawber,5800,david-copperfield
Mr. Micawber,Mount Vesuvius,5809,david-copperfield
Mount Vesuvius,Mr. Micawber,5809,david-copperfield
Miss Wickfield,Auld Lang Syne,5811,david-copperfield
Auld Lang Syne,Miss Wickfield,5811,david-copperfield
Martha,Mr. Peggotty,5822,david-copperfield
Martha,Emily,5822,david-copperfield
Mr. Peggotty,Martha,5822,david-copperfield
Mr. Peggotty,Emily,5822,david-copperfield
Emily,Martha,5822,david-copperfield
Emily,Mr. Peggotty,5822,david-copperfield
Miss Dartle,Emily,5824,david-copperfield
Emily,Miss Dartle,5824,david-copperfield
Mas,Davy,5828,david-copperfield
Davy,Mas,5828,david-copperfield
Mas,Davy,5830,david-copperfield
Davy,Mas,5830,david-copperfield
Martha,Miss Dartle,5844,david-copperfield
Miss Dartle,Martha,5844,david-copperfield
Miss Dartle,Martha,5844,david-copperfield
Martha,Miss Dartle,5844,david-copperfield
Heaven,Emily,5856,david-copperfield
Emily,Heaven,5856,david-copperfield
Emily,Heaven,5856,david-copperfield
Heaven,Emily,5856,david-copperfield
Emily,Martha,5860,david-copperfield
Martha,Emily,5860,david-copperfield
Miss,Dartle,5861,david-copperfield
Miss,Emily,5861,david-copperfield
Dartle,Miss,5861,david-copperfield
Dartle,Emily,5861,david-copperfield
Emily,Miss,5861,david-copperfield
Emily,Dartle,5861,david-copperfield
Rosa,Dartle,5866,david-copperfield
Dartle,Rosa,5866,david-copperfield
Rosa,Dartle,5871,david-copperfield
Dartle,Rosa,5871,david-copperfield
Mas,Davy,5891,david-copperfield
Mas,Him,5891,david-copperfield
Davy,Mas,5891,david-copperfield
Davy,Him,5891,david-copperfield
Him,Mas,5891,david-copperfield
Him,Davy,5891,david-copperfield
Trot,Little Blossom,5896,david-copperfield
Little Blossom,Trot,5896,david-copperfield
Mas,Davy,5907,david-copperfield
Davy,Mas,5907,david-copperfield
Em,Mr. Peggotty,5909,david-copperfield
Em,Fur,5909,david-copperfield
Mr. Peggotty,Em,5909,david-copperfield
Mr. Peggotty,Fur,5909,david-copperfield
Fur,Em,5909,david-copperfield
Fur,Mr. Peggotty,5909,david-copperfield
Mr. Peggotty,Em,5911,david-copperfield
Mr. Peggotty,Em,5911,david-copperfield
Mr. Peggotty,Sermuchser,5911,david-copperfield
Mr. Peggotty,Em,5911,david-copperfield
Mr. Peggotty,Em,5911,david-copperfield
Em,Mr. Peggotty,5911,david-copperfield
Em,Sermuchser,5911,david-copperfield
Em,Mr. Peggotty,5911,david-copperfield
Em,Mr. Peggotty,5911,david-copperfield
Em,Sermuchser,5911,david-copperfield
Em,Mr. Peggotty,5911,david-copperfield
Sermuchser,Mr. Peggotty,5911,david-copperfield
Sermuchser,Em,5911,david-copperfield
Sermuchser,Em,5911,david-copperfield
Sermuchser,Em,5911,david-copperfield
Sermuchser,Em,5911,david-copperfield
Sermuchser,Mr. Peggotty,5911,david-copperfield
Em,Mr. Peggotty,5911,david-copperfield
Em,Sermuchser,5911,david-copperfield
Em,Mr. Peggotty,5911,david-copperfield
Em,Mr. Peggotty,5911,david-copperfield
Em,Sermuchser,5911,david-copperfield
Em,Mr. Peggotty,5911,david-copperfield
Mr. Peggotty,Em,5911,david-copperfield
Mr. Peggotty,Em,5911,david-copperfield
Mr. Peggotty,Sermuchser,5911,david-copperfield
Mr. Peggotty,Em,5911,david-copperfield
Mr. Peggotty,Em,5911,david-copperfield
Em,Fisherman,5917,david-copperfield
Em,Fisherman,5917,david-copperfield
Fisherman,Em,5917,david-copperfield
Fisherman,Em,5917,david-copperfield
Em,Mr. Peggotty,5918,david-copperfield
Em,Mas,5918,david-copperfield
Em,Davy,5918,david-copperfield
Mr. Peggotty,Em,5918,david-copperfield
Mr. Peggotty,Mas,5918,david-copperfield
Mr. Peggotty,Davy,5918,david-copperfield
Mas,Em,5918,david-copperfield
Mas,Mr. Peggotty,5918,david-copperfield
Mas,Davy,5918,david-copperfield
Davy,Em,5918,david-copperfield
Davy,Mr. Peggotty,5918,david-copperfield
Davy,Mas,5918,david-copperfield
Mr. Peggotty,Martha,5921,david-copperfield
Martha,Mr. Peggotty,5921,david-copperfield
Mas,Davy,5923,david-copperfield
Mas,Em,5923,david-copperfield
Mas,Em,5923,david-copperfield
Davy,Mas,5923,david-copperfield
Davy,Em,5923,david-copperfield
Davy,Em,5923,david-copperfield
Em,Mas,5923,david-copperfield
Em,Davy,5923,david-copperfield
Em,Mas,5923,david-copperfield
Em,Davy,5923,david-copperfield
Mr. Peggotty,Mas,5924,david-copperfield
Mr. Peggotty,Davy,5924,david-copperfield
Mas,Mr. Peggotty,5924,david-copperfield
Mas,Davy,5924,david-copperfield
Davy,Mr. Peggotty,5924,david-copperfield
Davy,Mas,5924,david-copperfield
Mr. Peggotty,Em,5925,david-copperfield
Mr. Peggotty,Tis,5925,david-copperfield
Em,Mr. Peggotty,5925,david-copperfield
Em,Tis,5925,david-copperfield
Tis,Mr. Peggotty,5925,david-copperfield
Tis,Em,5925,david-copperfield
Trot,Betsey Trotwood,5927,david-copperfield
Betsey Trotwood,Trot,5927,david-copperfield
Mr.,Peggotty,5928,david-copperfield
Peggotty,Mr.,5928,david-copperfield
Mas,Davy,5930,david-copperfield
Mas,Em,5930,david-copperfield
Davy,Mas,5930,david-copperfield
Davy,Em,5930,david-copperfield
Em,Mas,5930,david-copperfield
Em,Davy,5930,david-copperfield
Aye,Mas,5936,david-copperfield
Aye,Davy,5936,david-copperfield
Aye,Mas,5936,david-copperfield
Aye,Davy,5936,david-copperfield
Mas,Aye,5936,david-copperfield
Mas,Davy,5936,david-copperfield
Mas,Davy,5936,david-copperfield
Davy,Aye,5936,david-copperfield
Davy,Mas,5936,david-copperfield
Davy,Mas,5936,david-copperfield
Mas,Aye,5936,david-copperfield
Mas,Davy,5936,david-copperfield
Mas,Davy,5936,david-copperfield
Davy,Aye,5936,david-copperfield
Davy,Mas,5936,david-copperfield
Davy,Mas,5936,david-copperfield
Mr. Peggotty,Poor,5938,david-copperfield
Poor,Mr. Peggotty,5938,david-copperfield
Poor,Mr. Peggotty,5938,david-copperfield
Mr. Peggotty,Poor,5938,david-copperfield
Mr. Peggotty,Missis Gummidge,5940,david-copperfield
Mr. Peggotty,Missis Gummidge,5940,david-copperfield
Mr. Peggotty,Mas,5940,david-copperfield
Mr. Peggotty,Davy,5940,david-copperfield
Missis Gummidge,Mr. Peggotty,5940,david-copperfield
Missis Gummidge,Mas,5940,david-copperfield
Missis Gummidge,Davy,5940,david-copperfield
Missis Gummidge,Mr. Peggotty,5940,david-copperfield
Missis Gummidge,Mr. Peggotty,5940,david-copperfield
Missis Gummidge,Mas,5940,david-copperfield
Missis Gummidge,Davy,5940,david-copperfield
Missis Gummidge,Mr. Peggotty,5940,david-copperfield
Mas,Mr. Peggotty,5940,david-copperfield
Mas,Missis Gummidge,5940,david-copperfield
Mas,Missis Gummidge,5940,david-copperfield
Mas,Davy,5940,david-copperfield
Mas,Mr. Peggotty,5940,david-copperfield
Davy,Mr. Peggotty,5940,david-copperfield
Davy,Missis Gummidge,5940,david-copperfield
Davy,Missis Gummidge,5940,david-copperfield
Davy,Mas,5940,david-copperfield
Davy,Mr. Peggotty,5940,david-copperfield
Mr. Peggotty,Missis Gummidge,5940,david-copperfield
Mr. Peggotty,Missis Gummidge,5940,david-copperfield
Mr. Peggotty,Mas,5940,david-copperfield
Mr. Peggotty,Davy,5940,david-copperfield
Wheerby,Mr. Peggotty,5942,david-copperfield
Wheerby,Missis Gummidge,5942,david-copperfield
Wheerby,Missis Gummidge,5942,david-copperfield
Wheerby,Beein,5942,david-copperfield
Wheerby,Mr. Peggotty,5942,david-copperfield
Mr. Peggotty,Wheerby,5942,david-copperfield
Mr. Peggotty,Missis Gummidge,5942,david-copperfield
Mr. Peggotty,Missis Gummidge,5942,david-copperfield
Mr. Peggotty,Beein,5942,david-copperfield
Missis Gummidge,Wheerby,5942,david-copperfield
Missis Gummidge,Mr. Peggotty,5942,david-copperfield
Missis Gummidge,Beein,5942,david-copperfield
Missis Gummidge,Mr. Peggotty,5942,david-copperfield
Missis Gummidge,Wheerby,5942,david-copperfield
Missis Gummidge,Mr. Peggotty,5942,david-copperfield
Missis Gummidge,Beein,5942,david-copperfield
Missis Gummidge,Mr. Peggotty,5942,david-copperfield
Beein,Wheerby,5942,david-copperfield
Beein,Mr. Peggotty,5942,david-copperfield
Beein,Missis Gummidge,5942,david-copperfield
Beein,Missis Gummidge,5942,david-copperfield
Beein,Mr. Peggotty,5942,david-copperfield
Mr. Peggotty,Wheerby,5942,david-copperfield
Mr. Peggotty,Missis Gummidge,5942,david-copperfield
Mr. Peggotty,Missis Gummidge,5942,david-copperfield
Mr. Peggotty,Beein,5942,david-copperfield
Mas,Davy,5946,david-copperfield
Davy,Mas,5946,david-copperfield
Mas,Davy,5948,david-copperfield
Davy,Mas,5948,david-copperfield
Mas,Davy,5952,david-copperfield
Davy,Mas,5952,david-copperfield
Mr. Peggotty,Joram,5954,david-copperfield
Mr. Peggotty,Mr. Omer,5954,david-copperfield
Mr. Peggotty,Mr. Omer,5954,david-copperfield
Joram,Mr. Peggotty,5954,david-copperfield
Joram,Mr. Omer,5954,david-copperfield
Joram,Mr. Peggotty,5954,david-copperfield
Joram,Mr. Omer,5954,david-copperfield
Mr. Omer,Mr. Peggotty,5954,david-copperfield
Mr. Omer,Joram,5954,david-copperfield
Mr. Omer,Mr. Peggotty,5954,david-copperfield
Mr. Peggotty,Joram,5954,david-copperfield
Mr. Peggotty,Mr. Omer,5954,david-copperfield
Mr. Peggotty,Mr. Omer,5954,david-copperfield
Mr. Omer,Mr. Peggotty,5954,david-copperfield
Mr. Omer,Joram,5954,david-copperfield
Mr. Omer,Mr. Peggotty,5954,david-copperfield
Mr. Omer,Dick,5961,david-copperfield
Mr. Omer,Joram,5961,david-copperfield
Dick,Mr. Omer,5961,david-copperfield
Dick,Joram,5961,david-copperfield
Joram,Mr. Omer,5961,david-copperfield
Joram,Dick,5961,david-copperfield
Mr. Omer,Joram,5963,david-copperfield
Joram,Mr. Omer,5963,david-copperfield
Mr. Omer,Joram,5965,david-copperfield
Mr. Omer,Minnie,5965,david-copperfield
Mr. Omer,Valentines,5965,david-copperfield
Joram,Mr. Omer,5965,david-copperfield
Joram,Minnie,5965,david-copperfield
Joram,Valentines,5965,david-copperfield
Minnie,Mr. Omer,5965,david-copperfield
Minnie,Joram,5965,david-copperfield
Minnie,Valentines,5965,david-copperfield
Valentines,Mr. Omer,5965,david-copperfield
Valentines,Joram,5965,david-copperfield
Valentines,Minnie,5965,david-copperfield
Mr. Omer,Mr. Peggotty,5972,david-copperfield
Mr. Peggotty,Mr. Omer,5972,david-copperfield
Mr. Omer,Minnie,5973,david-copperfield
Mr. Omer,Minnie,5973,david-copperfield
Mr. Omer,Martha,5973,david-copperfield
Minnie,Mr. Omer,5973,david-copperfield
Minnie,Martha,5973,david-copperfield
Minnie,Mr. Omer,5973,david-copperfield
Minnie,Mr. Omer,5973,david-copperfield
Minnie,Mr. Omer,5973,david-copperfield
Minnie,Martha,5973,david-copperfield
Minnie,Mr. Omer,5973,david-copperfield
Minnie,Mr. Omer,5973,david-copperfield
Martha,Mr. Omer,5973,david-copperfield
Martha,Minnie,5973,david-copperfield
Martha,Minnie,5973,david-copperfield
Martha,Mr. Omer,5973,david-copperfield
Martha,Mr. Omer,5973,david-copperfield
Mr. Omer,Minnie,5973,david-copperfield
Mr. Omer,Minnie,5973,david-copperfield
Mr. Omer,Martha,5973,david-copperfield
Mr. Omer,Minnie,5973,david-copperfield
Mr. Omer,Minnie,5973,david-copperfield
Mr. Omer,Martha,5973,david-copperfield
Mr. Omer,Minnie,5977,david-copperfield
Mr. Omer,Joram,5977,david-copperfield
Mr. Omer,Minnie,5977,david-copperfield
Mr. Omer,Joram,5977,david-copperfield
Minnie,Mr. Omer,5977,david-copperfield
Minnie,Joram,5977,david-copperfield
Minnie,Mr. Omer,5977,david-copperfield
Minnie,Joram,5977,david-copperfield
Joram,Mr. Omer,5977,david-copperfield
Joram,Minnie,5977,david-copperfield
Joram,Minnie,5977,david-copperfield
Joram,Mr. Omer,5977,david-copperfield
Minnie,Mr. Omer,5977,david-copperfield
Minnie,Joram,5977,david-copperfield
Minnie,Mr. Omer,5977,david-copperfield
Minnie,Joram,5977,david-copperfield
Mr. Omer,Minnie,5977,david-copperfield
Mr. Omer,Joram,5977,david-copperfield
Mr. Omer,Minnie,5977,david-copperfield
Mr. Omer,Joram,5977,david-copperfield
Joram,Mr. Omer,5977,david-copperfield
Joram,Minnie,5977,david-copperfield
Joram,Minnie,5977,david-copperfield
Joram,Mr. Omer,5977,david-copperfield
Mr. Omer,Minnie,5979,david-copperfield
Minnie,Mr. Omer,5979,david-copperfield
Ham,Peggotty,5984,david-copperfield
Ham,Mr. Barkis,5984,david-copperfield
Ham,Mr. Barkis,5984,david-copperfield
Peggotty,Ham,5984,david-copperfield
Peggotty,Mr. Barkis,5984,david-copperfield
Peggotty,Mr. Barkis,5984,david-copperfield
Mr. Barkis,Ham,5984,david-copperfield
Mr. Barkis,Peggotty,5984,david-copperfield
Mr. Barkis,Ham,5984,david-copperfield
Mr. Barkis,Peggotty,5984,david-copperfield
Mr. Peggotty,Peggotty,5985,david-copperfield
Mr. Peggotty,Ham,5985,david-copperfield
Mr. Peggotty,Ham,5985,david-copperfield
Peggotty,Mr. Peggotty,5985,david-copperfield
Peggotty,Ham,5985,david-copperfield
Peggotty,Mr. Peggotty,5985,david-copperfield
Peggotty,Ham,5985,david-copperfield
Ham,Mr. Peggotty,5985,david-copperfield
Ham,Peggotty,5985,david-copperfield
Ham,Mr. Peggotty,5985,david-copperfield
Mr. Peggotty,Peggotty,5985,david-copperfield
Mr. Peggotty,Ham,5985,david-copperfield
Mr. Peggotty,Ham,5985,david-copperfield
Ham,Mr. Peggotty,5985,david-copperfield
Ham,Peggotty,5985,david-copperfield
Ham,Mr. Peggotty,5985,david-copperfield
Mas,Davy,5990,david-copperfield
Davy,Mas,5990,david-copperfield
Mas,Davy,5993,david-copperfield
Davy,Mas,5993,david-copperfield
Mas,Davy,6001,david-copperfield
Davy,Mas,6001,david-copperfield
Mas,Davy,6003,david-copperfield
Davy,Mas,6003,david-copperfield
Twas,Mas,6005,david-copperfield
Twas,Davy,6005,david-copperfield
Twas,Lon,6005,david-copperfield
Mas,Twas,6005,david-copperfield
Mas,Davy,6005,david-copperfield
Mas,Lon,6005,david-copperfield
Davy,Twas,6005,david-copperfield
Davy,Mas,6005,david-copperfield
Davy,Lon,6005,david-copperfield
Lon,Twas,6005,david-copperfield
Lon,Mas,6005,david-copperfield
Lon,Davy,6005,david-copperfield
Mas,Davy,6010,david-copperfield
Mas,Bare,6010,david-copperfield
Davy,Mas,6010,david-copperfield
Davy,Bare,6010,david-copperfield
Bare,Mas,6010,david-copperfield
Bare,Davy,6010,david-copperfield
Missis Gummidge,Mr. Peggotty,6011,david-copperfield
Missis Gummidge,Mr. Peggotty,6011,david-copperfield
Mr. Peggotty,Missis Gummidge,6011,david-copperfield
Mr. Peggotty,Missis Gummidge,6011,david-copperfield
Em,Mr. Peggotty,6013,david-copperfield
Em,Mas,6013,david-copperfield
Em,Davy,6013,david-copperfield
Mr. Peggotty,Em,6013,david-copperfield
Mr. Peggotty,Mas,6013,david-copperfield
Mr. Peggotty,Davy,6013,david-copperfield
Mas,Em,6013,david-copperfield
Mas,Mr. Peggotty,6013,david-copperfield
Mas,Davy,6013,david-copperfield
Davy,Em,6013,david-copperfield
Davy,Mr. Peggotty,6013,david-copperfield
Davy,Mas,6013,david-copperfield
Dan,Doen,6019,david-copperfield
Dan,Doen,6019,david-copperfield
Doen,Dan,6019,david-copperfield
Doen,Dan,6019,david-copperfield
Doen,Dan,6019,david-copperfield
Dan,Doen,6019,david-copperfield
Doen,Dan,6021,david-copperfield
Doen,Dan,6021,david-copperfield
Doen,Em,6021,david-copperfield
Doen,Dan,6021,david-copperfield
Dan,Doen,6021,david-copperfield
Dan,Em,6021,david-copperfield
Dan,Doen,6021,david-copperfield
Dan,Em,6021,david-copperfield
Em,Doen,6021,david-copperfield
Em,Dan,6021,david-copperfield
Em,Dan,6021,david-copperfield
Em,Dan,6021,david-copperfield
Dan,Doen,6021,david-copperfield
Dan,Em,6021,david-copperfield
Mr. Peggotty,Dan,6022,david-copperfield
Mr. Peggotty,Dan,6022,david-copperfield
Mr. Peggotty,Dan,6022,david-copperfield
Mr. Peggotty,Dan,6022,david-copperfield
Mr. Peggotty,Em,6022,david-copperfield
Mr. Peggotty,Mas,6022,david-copperfield
Mr. Peggotty,Davy,6022,david-copperfield
Mr. Peggotty,Em,6022,david-copperfield
Mr. Peggotty,Dan,6022,david-copperfield
Mr. Peggotty,Dan,6022,david-copperfield
Dan,Mr. Peggotty,6022,david-copperfield
Dan,Em,6022,david-copperfield
Dan,Mas,6022,david-copperfield
Dan,Davy,6022,david-copperfield
Dan,Em,6022,david-copperfield
Dan,Mr. Peggotty,6022,david-copperfield
Dan,Em,6022,david-copperfield
Dan,Mas,6022,david-copperfield
Dan,Davy,6022,david-copperfield
Dan,Em,6022,david-copperfield
Dan,Mr. Peggotty,6022,david-copperfield
Dan,Em,6022,david-copperfield
Dan,Mas,6022,david-copperfield
Dan,Davy,6022,david-copperfield
Dan,Em,6022,david-copperfield
Dan,Mr. Peggotty,6022,david-copperfield
Dan,Em,6022,david-copperfield
Dan,Mas,6022,david-copperfield
Dan,Davy,6022,david-copperfield
Dan,Em,6022,david-copperfield
Em,Mr. Peggotty,6022,david-copperfield
Em,Dan,6022,david-copperfield
Em,Dan,6022,david-copperfield
Em,Dan,6022,david-copperfield
Em,Dan,6022,david-copperfield
Em,Mas,6022,david-copperfield
Em,Davy,6022,david-copperfield
Em,Dan,6022,david-copperfield
Em,Dan,6022,david-copperfield
Mas,Mr. Peggotty,6022,david-copperfield
Mas,Dan,6022,david-copperfield
Mas,Dan,6022,david-copperfield
Mas,Dan,6022,david-copperfield
Mas,Dan,6022,david-copperfield
Mas,Em,6022,david-copperfield
Mas,Davy,6022,david-copperfield
Mas,Em,6022,david-copperfield
Mas,Dan,6022,david-copperfield
Mas,Dan,6022,david-copperfield
Davy,Mr. Peggotty,6022,david-copperfield
Davy,Dan,6022,david-copperfield
Davy,Dan,6022,david-copperfield
Davy,Dan,6022,david-copperfield
Davy,Dan,6022,david-copperfield
Davy,Em,6022,david-copperfield
Davy,Mas,6022,david-copperfield
Davy,Em,6022,david-copperfield
Davy,Dan,6022,david-copperfield
Davy,Dan,6022,david-copperfield
Em,Mr. Peggotty,6022,david-copperfield
Em,Dan,6022,david-copperfield
Em,Dan,6022,david-copperfield
Em,Dan,6022,david-copperfield
Em,Dan,6022,david-copperfield
Em,Mas,6022,david-copperfield
Em,Davy,6022,david-copperfield
Em,Dan,6022,david-copperfield
Em,Dan,6022,david-copperfield
Dan,Mr. Peggotty,6022,david-copperfield
Dan,Em,6022,david-copperfield
Dan,Mas,6022,david-copperfield
Dan,Davy,6022,david-copperfield
Dan,Em,6022,david-copperfield
Dan,Mr. Peggotty,6022,david-copperfield
Dan,Em,6022,david-copperfield
Dan,Mas,6022,david-copperfield
Dan,Davy,6022,david-copperfield
Dan,Em,6022,david-copperfield
Mr. Micawber,Dora,6027,david-copperfield
Mr. Micawber,Dora,6027,david-copperfield
Dora,Mr. Micawber,6027,david-copperfield
Dora,Mr. Micawber,6027,david-copperfield
Mr. Micawber,Mr. Dick,6028,david-copperfield
Mr. Micawber,Dora,6028,david-copperfield
Mr. Dick,Mr. Micawber,6028,david-copperfield
Mr. Dick,Dora,6028,david-copperfield
Dora,Mr. Micawber,6028,david-copperfield
Dora,Mr. Dick,6028,david-copperfield
Dora,Jip,6029,david-copperfield
Jip,Dora,6029,david-copperfield
Tut,Blossom,6030,david-copperfield
Blossom,Tut,6030,david-copperfield
Dora,Doady,6031,david-copperfield
Doady,Dora,6031,david-copperfield
Doady,Dora,6031,david-copperfield
Dora,Doady,6031,david-copperfield
Dora,Jip,6037,david-copperfield
Dora,Doady,6037,david-copperfield
Jip,Dora,6037,david-copperfield
Jip,Doady,6037,david-copperfield
Doady,Dora,6037,david-copperfield
Doady,Jip,6037,david-copperfield
Dora,Mr. Dick,6038,david-copperfield
Dora,Traddles,6038,david-copperfield
Mr. Dick,Dora,6038,david-copperfield
Mr. Dick,Traddles,6038,david-copperfield
Traddles,Dora,6038,david-copperfield
Traddles,Mr. Dick,6038,david-copperfield
Mr. Micawber,Mr. Dick,6043,david-copperfield
Mr. Micawber,Traddles,6043,david-copperfield
Mr. Dick,Mr. Micawber,6043,david-copperfield
Mr. Dick,Traddles,6043,david-copperfield
Mr. Dick,Mr. Micawber,6043,david-copperfield
Traddles,Mr. Micawber,6043,david-copperfield
Traddles,Mr. Dick,6043,david-copperfield
Traddles,Mr. Micawber,6043,david-copperfield
Mr. Micawber,Mr. Dick,6043,david-copperfield
Mr. Micawber,Traddles,6043,david-copperfield
Traddles,Mr. Dick,6045,david-copperfield
Traddles,Mr. Micawber,6045,david-copperfield
Mr. Dick,Traddles,6045,david-copperfield
Mr. Dick,Mr. Micawber,6045,david-copperfield
Mr. Micawber,Traddles,6045,david-copperfield
Mr. Micawber,Mr. Dick,6045,david-copperfield
Mr. Micawber,Mr. Dick,6046,david-copperfield
Mr. Dick,Mr. Micawber,6046,david-copperfield
Mr. Micawber,Mr. Dixon,6048,david-copperfield
Mr. Dixon,Mr. Micawber,6048,david-copperfield
Mr.,Dixon,6049,david-copperfield
Mr.,Mr. Micawber,6049,david-copperfield
Dixon,Mr.,6049,david-copperfield
Dixon,Mr. Micawber,6049,david-copperfield
Mr. Micawber,Mr.,6049,david-copperfield
Mr. Micawber,Dixon,6049,david-copperfield
Mr.,Dick,6051,david-copperfield
Dick,Mr.,6051,david-copperfield
Mr. Micawber,Mount Vesuvius,6052,david-copperfield
Mount Vesuvius,Mr. Micawber,6052,david-copperfield
Madam,Mr. Micawber,6053,david-copperfield
Madam,Mr. Traddles,6053,david-copperfield
Mr. Micawber,Madam,6053,david-copperfield
Mr. Micawber,Mr. Traddles,6053,david-copperfield
Mr. Traddles,Madam,6053,david-copperfield
Mr. Traddles,Mr. Micawber,6053,david-copperfield
Traddles,Micawber,6054,david-copperfield
Micawber,Traddles,6054,david-copperfield
Mr. Traddles,Mr. Micawber,6055,david-copperfield
Mr. Micawber,Mr. Traddles,6055,david-copperfield
Mr. Micawber,Stray,6057,david-copperfield
Stray,Mr. Micawber,6057,david-copperfield
Copperfield,Mr. Micawber,6059,david-copperfield
Copperfield,Miss Wickfield,6059,david-copperfield
Copperfield,Heep,6059,david-copperfield
Mr. Micawber,Copperfield,6059,david-copperfield
Mr. Micawber,Miss Wickfield,6059,david-copperfield
Mr. Micawber,Heep,6059,david-copperfield
Miss Wickfield,Copperfield,6059,david-copperfield
Miss Wickfield,Mr. Micawber,6059,david-copperfield
Miss Wickfield,Heep,6059,david-copperfield
Heep,Copperfield,6059,david-copperfield
Heep,Mr. Micawber,6059,david-copperfield
Heep,Miss Wickfield,6059,david-copperfield
Copperfield,Mr. Micawber,6067,david-copperfield
Mr. Micawber,Copperfield,6067,david-copperfield
Wickfield,Miss Wickfield,6069,david-copperfield
Miss Wickfield,Wickfield,6069,david-copperfield
Mr. David Copperfield,Mr. Thomas Traddles,6071,david-copperfield
Mr. David Copperfield,Mr. Dixon,6071,david-copperfield
Mr. Thomas Traddles,Mr. David Copperfield,6071,david-copperfield
Mr. Thomas Traddles,Mr. Dixon,6071,david-copperfield
Mr. Dixon,Mr. David Copperfield,6071,david-copperfield
Mr. Dixon,Mr. Thomas Traddles,6071,david-copperfield
St. Paul,Mr. Copperfield,6073,david-copperfield
Mr. Copperfield,St. Paul,6073,david-copperfield
Miss Trotwood,Uriah,6075,david-copperfield
Uriah,Miss Trotwood,6075,david-copperfield
Uriah,Miss Trotwood,6075,david-copperfield
Miss Trotwood,Uriah,6075,david-copperfield
Miss Trotwood,Uriah,6077,david-copperfield
Miss Trotwood,Miss Agnes,6077,david-copperfield
Miss Trotwood,Mother,6077,david-copperfield
Miss Trotwood,Uriah,6077,david-copperfield
Uriah,Miss Trotwood,6077,david-copperfield
Uriah,Miss Agnes,6077,david-copperfield
Uriah,Mother,6077,david-copperfield
Miss Agnes,Miss Trotwood,6077,david-copperfield
Miss Agnes,Uriah,6077,david-copperfield
Miss Agnes,Mother,6077,david-copperfield
Miss Agnes,Uriah,6077,david-copperfield
Mother,Miss Trotwood,6077,david-copperfield
Mother,Uriah,6077,david-copperfield
Mother,Miss Agnes,6077,david-copperfield
Mother,Uriah,6077,david-copperfield
Uriah,Miss Trotwood,6077,david-copperfield
Uriah,Miss Agnes,6077,david-copperfield
Uriah,Mother,6077,david-copperfield
Mr. Heep,Traddles,6078,david-copperfield
Traddles,Mr. Heep,6078,david-copperfield
Mr. Traddles,Uriah,6079,david-copperfield
Mr. Traddles,Mr. Wickfield,6079,david-copperfield
Mr. Traddles,Mr. Wickfield,6079,david-copperfield
Uriah,Mr. Traddles,6079,david-copperfield
Uriah,Mr. Wickfield,6079,david-copperfield
Uriah,Mr. Wickfield,6079,david-copperfield
Uriah,Mr. Traddles,6079,david-copperfield
Mr. Wickfield,Mr. Traddles,6079,david-copperfield
Mr. Wickfield,Uriah,6079,david-copperfield
Mr. Wickfield,Mr. Traddles,6079,david-copperfield
Mr. Wickfield,Mr. Traddles,6079,david-copperfield
Mr. Wickfield,Uriah,6079,david-copperfield
Mr. Wickfield,Mr. Traddles,6079,david-copperfield
Mr. Traddles,Uriah,6079,david-copperfield
Mr. Traddles,Mr. Wickfield,6079,david-copperfield
Mr. Traddles,Mr. Wickfield,6079,david-copperfield
Mr. Wickfield,Mr. Heep,6080,david-copperfield
Mr. Heep,Mr. Wickfield,6080,david-copperfield
Uriah,Traddles,6081,david-copperfield
Traddles,Uriah,6081,david-copperfield
Uriah,Mr. Micawber,6084,david-copperfield
Uriah,Traddles,6084,david-copperfield
Mr. Micawber,Uriah,6084,david-copperfield
Mr. Micawber,Traddles,6084,david-copperfield
Traddles,Uriah,6084,david-copperfield
Traddles,Mr. Micawber,6084,david-copperfield
Don,Micawber,6085,david-copperfield
Don,Uriah,6085,david-copperfield
Micawber,Don,6085,david-copperfield
Micawber,Uriah,6085,david-copperfield
Uriah,Don,6085,david-copperfield
Uriah,Micawber,6085,david-copperfield
Uriah,Mr. Micawber,6091,david-copperfield
Mr. Micawber,Uriah,6091,david-copperfield
Uriah,Miss Trotwood,6097,david-copperfield
Uriah,Miss Wickfield,6097,david-copperfield
Uriah,Think,6097,david-copperfield
Uriah,Micawber,6097,david-copperfield
Miss Trotwood,Uriah,6097,david-copperfield
Miss Trotwood,Miss Wickfield,6097,david-copperfield
Miss Trotwood,Think,6097,david-copperfield
Miss Trotwood,Micawber,6097,david-copperfield
Miss Wickfield,Uriah,6097,david-copperfield
Miss Wickfield,Miss Trotwood,6097,david-copperfield
Miss Wickfield,Think,6097,david-copperfield
Miss Wickfield,Micawber,6097,david-copperfield
Think,Uriah,6097,david-copperfield
Think,Miss Trotwood,6097,david-copperfield
Think,Miss Wickfield,6097,david-copperfield
Think,Micawber,6097,david-copperfield
Micawber,Uriah,6097,david-copperfield
Micawber,Miss Trotwood,6097,david-copperfield
Micawber,Miss Wickfield,6097,david-copperfield
Micawber,Think,6097,david-copperfield
Heep,Traddles,6098,david-copperfield
Traddles,Heep,6098,david-copperfield
Mr. Wickfield,Traddles,6100,david-copperfield
Traddles,Mr. Wickfield,6100,david-copperfield
Traddles,Mr. Heep,6102,david-copperfield
Traddles,Mr. Micawber,6102,david-copperfield
Mr. Heep,Traddles,6102,david-copperfield
Mr. Heep,Mr. Micawber,6102,david-copperfield
Mr. Micawber,Traddles,6102,david-copperfield
Mr. Micawber,Mr. Heep,6102,david-copperfield
Mr. Micawber,Ignominy,6116,david-copperfield
Mr. Micawber,Despair,6116,david-copperfield
Ignominy,Mr. Micawber,6116,david-copperfield
Ignominy,Despair,6116,david-copperfield
Despair,Mr. Micawber,6116,david-copperfield
Despair,Ignominy,6116,david-copperfield
Mr. Micawber,Traddles,6122,david-copperfield
Traddles,Mr. Micawber,6122,david-copperfield
Mr.,Micawber,6128,david-copperfield
Micawber,Mr.,6128,david-copperfield
Mr. W.,Miss W.,6129,david-copperfield
Miss W.,Mr. W.,6129,david-copperfield
Mr. Micawber,Mr. W.,6133,david-copperfield
Mr. Micawber,Mr. W.,6133,david-copperfield
Mr. Micawber,Mr. W.,6133,david-copperfield
Mr. Micawber,Mr. W.,6133,david-copperfield
Mr. Micawber,Mr. W.,6133,david-copperfield
Mr. Micawber,Mr. W.,6133,david-copperfield
Mr. W.,Mr. Micawber,6133,david-copperfield
Mr. W.,Mr. Micawber,6133,david-copperfield
Mr. W.,Mr. Micawber,6133,david-copperfield
Mr. W.,Mr. Micawber,6133,david-copperfield
Mr. W.,Mr. Micawber,6133,david-copperfield
Mr. W.,Mr. Micawber,6133,david-copperfield
Mr. Traddles,Mr. Micawber,6135,david-copperfield
Mr. Micawber,Mr. Traddles,6135,david-copperfield
Mr. Micawber,Wilkins Micawber,6139,david-copperfield
Wilkins Micawber,Mr. Micawber,6139,david-copperfield
Uriah,Mother,6145,david-copperfield
Mother,Uriah,6145,david-copperfield
Mr.,Micawber,6149,david-copperfield
Micawber,Mr.,6149,david-copperfield
Mr.,Wilkins Micawber,6150,david-copperfield
Mr.,Mr. W.,6150,david-copperfield
Mr.,Mr. W.,6150,david-copperfield
Mr.,Mr. W.,6150,david-copperfield
Mr.,Mr. W.,6150,david-copperfield
Mr.,Wilkins Micawber,6150,david-copperfield
Mr.,Mr. W.,6150,david-copperfield
Wilkins Micawber,Mr.,6150,david-copperfield
Wilkins Micawber,Mr. W.,6150,david-copperfield
Wilkins Micawber,Mr. W.,6150,david-copperfield
Wilkins Micawber,Mr. W.,6150,david-copperfield
Wilkins Micawber,Mr. W.,6150,david-copperfield
Wilkins Micawber,Mr. W.,6150,david-copperfield
Mr. W.,Mr.,6150,david-copperfield
Mr. W.,Wilkins Micawber,6150,david-copperfield
Mr. W.,Wilkins Micawber,6150,david-copperfield
Mr. W.,Mr.,6150,david-copperfield
Mr. W.,Wilkins Micawber,6150,david-copperfield
Mr. W.,Wilkins Micawber,6150,david-copperfield
Mr. W.,Mr.,6150,david-copperfield
Mr. W.,Wilkins Micawber,6150,david-copperfield
Mr. W.,Wilkins Micawber,6150,david-copperfield
Mr. W.,Mr.,6150,david-copperfield
Mr. W.,Wilkins Micawber,6150,david-copperfield
Mr. W.,Wilkins Micawber,6150,david-copperfield
Wilkins Micawber,Mr.,6150,david-copperfield
Wilkins Micawber,Mr. W.,6150,david-copperfield
Wilkins Micawber,Mr. W.,6150,david-copperfield
Wilkins Micawber,Mr. W.,6150,david-copperfield
Wilkins Micawber,Mr. W.,6150,david-copperfield
Wilkins Micawber,Mr. W.,6150,david-copperfield
Mr. W.,Mr.,6150,david-copperfield
Mr. W.,Wilkins Micawber,6150,david-copperfield
Mr. W.,Wilkins Micawber,6150,david-copperfield
Mr. Micawber,Mr. Traddles,6151,david-copperfield
Mr. Traddles,Mr. Micawber,6151,david-copperfield
Ury,Mr. Copperfield,6153,david-copperfield
Mr. Copperfield,Ury,6153,david-copperfield
Mr. W.,Mr.,6162,david-copperfield
Mr. W.,Miss W.,6162,david-copperfield
Mr. W.,Mr.,6162,david-copperfield
Mr. W.,Bankrupt,6162,david-copperfield
Mr. W.,Mr. Micawber,6162,david-copperfield
Mr. W.,Mr.,6162,david-copperfield
Mr. W.,Miss W.,6162,david-copperfield
Mr. W.,Mr.,6162,david-copperfield
Mr. W.,Bankrupt,6162,david-copperfield
Mr. W.,Mr. Micawber,6162,david-copperfield
Mr.,Mr. W.,6162,david-copperfield
Mr.,Mr. W.,6162,david-copperfield
Mr.,Miss W.,6162,david-copperfield
Mr.,Mr. W.,6162,david-copperfield
Mr.,Mr. W.,6162,david-copperfield
Mr.,Mr. W.,6162,david-copperfield
Mr.,Mr. W.,6162,david-copperfield
Mr.,Bankrupt,6162,david-copperfield
Mr.,Mr. Micawber,6162,david-copperfield
Miss W.,Mr. W.,6162,david-copperfield
Miss W.,Mr. W.,6162,david-copperfield
Miss W.,Mr.,6162,david-copperfield
Miss W.,Mr. W.,6162,david-copperfield
Miss W.,Mr. W.,6162,david-copperfield
Miss W.,Mr. W.,6162,david-copperfield
Miss W.,Mr.,6162,david-copperfield
Miss W.,Mr. W.,6162,david-copperfield
Miss W.,Bankrupt,6162,david-copperfield
Miss W.,Mr. Micawber,6162,david-copperfield
Mr. W.,Mr.,6162,david-copperfield
Mr. W.,Miss W.,6162,david-copperfield
Mr. W.,Mr.,6162,david-copperfield
Mr. W.,Bankrupt,6162,david-copperfield
Mr. W.,Mr. Micawber,6162,david-copperfield
Mr. W.,Mr.,6162,david-copperfield
Mr. W.,Miss W.,6162,david-copperfield
Mr. W.,Mr.,6162,david-copperfield
Mr. W.,Bankrupt,6162,david-copperfield
Mr. W.,Mr. Micawber,6162,david-copperfield
Mr. W.,Mr.,6162,david-copperfield
Mr. W.,Miss W.,6162,david-copperfield
Mr. W.,Mr.,6162,david-copperfield
Mr. W.,Bankrupt,6162,david-copperfield
Mr. W.,Mr. Micawber,6162,david-copperfield
Mr.,Mr. W.,6162,david-copperfield
Mr.,Mr. W.,6162,david-copperfield
Mr.,Miss W.,6162,david-copperfield
Mr.,Mr. W.,6162,david-copperfield
Mr.,Mr. W.,6162,david-copperfield
Mr.,Mr. W.,6162,david-copperfield
Mr.,Mr. W.,6162,david-copperfield
Mr.,Bankrupt,6162,david-copperfield
Mr.,Mr. Micawber,6162,david-copperfield
Mr. W.,Mr.,6162,david-copperfield
Mr. W.,Miss W.,6162,david-copperfield
Mr. W.,Mr.,6162,david-copperfield
Mr. W.,Bankrupt,6162,david-copperfield
Mr. W.,Mr. Micawber,6162,david-copperfield
Bankrupt,Mr. W.,6162,david-copperfield
Bankrupt,Mr. W.,6162,david-copperfield
Bankrupt,Mr.,6162,david-copperfield
Bankrupt,Miss W.,6162,david-copperfield
Bankrupt,Mr. W.,6162,david-copperfield
Bankrupt,Mr. W.,6162,david-copperfield
Bankrupt,Mr. W.,6162,david-copperfield
Bankrupt,Mr.,6162,david-copperfield
Bankrupt,Mr. W.,6162,david-copperfield
Bankrupt,Mr. Micawber,6162,david-copperfield
Mr. Micawber,Mr. W.,6162,david-copperfield
Mr. Micawber,Mr. W.,6162,david-copperfield
Mr. Micawber,Mr.,6162,david-copperfield
Mr. Micawber,Miss W.,6162,david-copperfield
Mr. Micawber,Mr. W.,6162,david-copperfield
Mr. Micawber,Mr. W.,6162,david-copperfield
Mr. Micawber,Mr. W.,6162,david-copperfield
Mr. Micawber,Mr.,6162,david-copperfield
Mr. Micawber,Mr. W.,6162,david-copperfield
Mr. Micawber,Bankrupt,6162,david-copperfield
Demon,Hero,6164,david-copperfield
Hero,Demon,6164,david-copperfield
Mr.,Micawber,6170,david-copperfield
Micawber,Mr.,6170,david-copperfield
Don,Traddles,6171,david-copperfield
Traddles,Don,6171,david-copperfield
Mr. Dick,Traddles,6193,david-copperfield
Traddles,Mr. Dick,6193,david-copperfield
Traddles,Mr. Heep,6195,david-copperfield
Mr. Heep,Traddles,6195,david-copperfield
Agnes,Uriah,6202,david-copperfield
Agnes,Traddles,6202,david-copperfield
Agnes,Mr. Dick,6202,david-copperfield
Agnes,Mr. Dick,6202,david-copperfield
Agnes,Mr. Micawber,6202,david-copperfield
Agnes,Mr. Micawber,6202,david-copperfield
Uriah,Agnes,6202,david-copperfield
Uriah,Traddles,6202,david-copperfield
Uriah,Mr. Dick,6202,david-copperfield
Uriah,Mr. Dick,6202,david-copperfield
Uriah,Mr. Micawber,6202,david-copperfield
Uriah,Mr. Micawber,6202,david-copperfield
Traddles,Agnes,6202,david-copperfield
Traddles,Uriah,6202,david-copperfield
Traddles,Mr. Dick,6202,david-copperfield
Traddles,Mr. Dick,6202,david-copperfield
Traddles,Mr. Micawber,6202,david-copperfield
Traddles,Mr. Micawber,6202,david-copperfield
Mr. Dick,Agnes,6202,david-copperfield
Mr. Dick,Uriah,6202,david-copperfield
Mr. Dick,Traddles,6202,david-copperfield
Mr. Dick,Mr. Micawber,6202,david-copperfield
Mr. Dick,Mr. Micawber,6202,david-copperfield
Mr. Dick,Agnes,6202,david-copperfield
Mr. Dick,Uriah,6202,david-copperfield
Mr. Dick,Traddles,6202,david-copperfield
Mr. Dick,Mr. Micawber,6202,david-copperfield
Mr. Dick,Mr. Micawber,6202,david-copperfield
Mr. Micawber,Agnes,6202,david-copperfield
Mr. Micawber,Uriah,6202,david-copperfield
Mr. Micawber,Traddles,6202,david-copperfield
Mr. Micawber,Mr. Dick,6202,david-copperfield
Mr. Micawber,Mr. Dick,6202,david-copperfield
Mr. Micawber,Agnes,6202,david-copperfield
Mr. Micawber,Uriah,6202,david-copperfield
Mr. Micawber,Traddles,6202,david-copperfield
Mr. Micawber,Mr. Dick,6202,david-copperfield
Mr. Micawber,Mr. Dick,6202,david-copperfield
Mr. Micawber,Miss Micawber,6203,david-copperfield
Mr. Micawber,Master Micawber,6203,david-copperfield
Mr. Micawber,Miss Micawber,6203,david-copperfield
Mr. Micawber,Master Micawber,6203,david-copperfield
Miss Micawber,Mr. Micawber,6203,david-copperfield
Miss Micawber,Mr. Micawber,6203,david-copperfield
Miss Micawber,Master Micawber,6203,david-copperfield
Master Micawber,Mr. Micawber,6203,david-copperfield
Master Micawber,Mr. Micawber,6203,david-copperfield
Master Micawber,Miss Micawber,6203,david-copperfield
Mr. Copperfield,Mr. Micawber,6207,david-copperfield
Mr. Micawber,Mr. Copperfield,6207,david-copperfield
Madam,Mr. Micawber,6211,david-copperfield
Mr. Micawber,Madam,6211,david-copperfield
Mr. Micawber,Wilkins,6213,david-copperfield
Wilkins,Mr. Micawber,6213,david-copperfield
Master,Micawber,6216,david-copperfield
Micawber,Master,6216,david-copperfield
Madam,Mr. Micawber,6219,david-copperfield
Mr. Micawber,Madam,6219,david-copperfield
Aye,Mr.,6220,david-copperfield
Mr.,Aye,6220,david-copperfield
David,Mr.,6225,david-copperfield
Mr.,David,6225,david-copperfield
Dora,Doady,6244,david-copperfield
Doady,Dora,6244,david-copperfield
Mr. Wickfield,Agnes,6250,david-copperfield
Agnes,Mr. Wickfield,6250,david-copperfield
Dora,Dearest,6264,david-copperfield
Dearest,Dora,6264,david-copperfield
Agnes,Dora,6266,david-copperfield
Agnes,Dora,6266,david-copperfield
Dora,Agnes,6266,david-copperfield
Dora,Agnes,6266,david-copperfield
Hush,Agnes,6282,david-copperfield
Agnes,Hush,6282,david-copperfield
Agnes,Look,6293,david-copperfield
Look,Agnes,6293,david-copperfield
Mr. Micawber,Heep,6302,david-copperfield
Heep,Mr. Micawber,6302,david-copperfield
Agnes,Mr. Micawber,6303,david-copperfield
Agnes,Mr. Wickfield,6303,david-copperfield
Mr. Micawber,Agnes,6303,david-copperfield
Mr. Micawber,Mr. Wickfield,6303,david-copperfield
Mr. Wickfield,Agnes,6303,david-copperfield
Mr. Wickfield,Mr. Micawber,6303,david-copperfield
Mr. Micawber,Bark,6305,david-copperfield
Bark,Mr. Micawber,6305,david-copperfield
Madam,Mr. Micawber,6307,david-copperfield
Madam,Labour,6307,david-copperfield
Mr. Micawber,Madam,6307,david-copperfield
Mr. Micawber,Labour,6307,david-copperfield
Labour,Madam,6307,david-copperfield
Labour,Mr. Micawber,6307,david-copperfield
Mr. Micawber,Bills,6311,david-copperfield
Bills,Mr. Micawber,6311,david-copperfield
Mr. Micawber,Wilkins,6313,david-copperfield
Wilkins,Mr. Micawber,6313,david-copperfield
Mr. Copperfield,Mr. Micawber,6315,david-copperfield
Mr. Copperfield,Mr. Micawber,6315,david-copperfield
Mr. Copperfield,Mr. Micawber,6315,david-copperfield
Mr. Micawber,Mr. Copperfield,6315,david-copperfield
Mr. Micawber,Mr. Copperfield,6315,david-copperfield
Mr. Micawber,Mr. Copperfield,6315,david-copperfield
Mr. Copperfield,Mr. Micawber,6317,david-copperfield
Mr. Micawber,Mr. Copperfield,6317,david-copperfield
Mr. Micawber,Bills,6319,david-copperfield
Mr. Micawber,Bills,6319,david-copperfield
Mr. Micawber,Bills,6319,david-copperfield
Bills,Mr. Micawber,6319,david-copperfield
Bills,Mr. Micawber,6319,david-copperfield
Bills,Mr. Micawber,6319,david-copperfield
Mr.,Micawber,6324,david-copperfield
Micawber,Mr.,6324,david-copperfield
Mr. Micawber,Traddles,6334,david-copperfield
Mr. Micawber,Mr. Wickfield,6334,david-copperfield
Traddles,Mr. Micawber,6334,david-copperfield
Traddles,Mr. Wickfield,6334,david-copperfield
Mr. Wickfield,Mr. Micawber,6334,david-copperfield
Mr. Wickfield,Traddles,6334,david-copperfield
Mr. Dick,Traddles,6336,david-copperfield
Mr. Dick,Uriah Heep,6336,david-copperfield
Mr. Dick,Mr. Wickfield,6336,david-copperfield
Traddles,Mr. Dick,6336,david-copperfield
Traddles,Uriah Heep,6336,david-copperfield
Traddles,Mr. Wickfield,6336,david-copperfield
Uriah Heep,Mr. Dick,6336,david-copperfield
Uriah Heep,Traddles,6336,david-copperfield
Uriah Heep,Mr. Wickfield,6336,david-copperfield
Mr. Wickfield,Mr. Dick,6336,david-copperfield
Mr. Wickfield,Traddles,6336,david-copperfield
Mr. Wickfield,Uriah Heep,6336,david-copperfield
Dick,Trot,6337,david-copperfield
Trot,Dick,6337,david-copperfield
Miss Wickfield,Traddles,6338,david-copperfield
Miss Wickfield,Mr. Wickfield,6338,david-copperfield
Miss Wickfield,Agnes,6338,david-copperfield
Traddles,Miss Wickfield,6338,david-copperfield
Traddles,Mr. Wickfield,6338,david-copperfield
Traddles,Agnes,6338,david-copperfield
Mr. Wickfield,Miss Wickfield,6338,david-copperfield
Mr. Wickfield,Traddles,6338,david-copperfield
Mr. Wickfield,Agnes,6338,david-copperfield
Agnes,Miss Wickfield,6338,david-copperfield
Agnes,Traddles,6338,david-copperfield
Agnes,Mr. Wickfield,6338,david-copperfield
Traddles,Mr. Wickfield,6339,david-copperfield
Mr. Wickfield,Traddles,6339,david-copperfield
Heaven,Agnes,6340,david-copperfield
Agnes,Heaven,6340,david-copperfield
Traddles,Miss Wickfield,6341,david-copperfield
Traddles,Miss Wickfield,6341,david-copperfield
Miss Wickfield,Traddles,6341,david-copperfield
Miss Wickfield,Traddles,6341,david-copperfield
Agnes,Mr. Traddles,6344,david-copperfield
Mr. Traddles,Agnes,6344,david-copperfield
Miss Trotwood,Traddles,6348,david-copperfield
Traddles,Miss Trotwood,6348,david-copperfield
Consols,Traddles,6350,david-copperfield
Traddles,Consols,6350,david-copperfield
Trot,Dick,6355,david-copperfield
Trot,Don,6355,david-copperfield
Dick,Trot,6355,david-copperfield
Dick,Don,6355,david-copperfield
Don,Trot,6355,david-copperfield
Don,Dick,6355,david-copperfield
Don,How,6358,david-copperfield
How,Don,6358,david-copperfield
Mr. Wickfield,Traddles,6359,david-copperfield
Traddles,Mr. Wickfield,6359,david-copperfield
Traddles,Mr. Wickfield,6361,david-copperfield
Traddles,Mr. Wickfield,6361,david-copperfield
Mr. Wickfield,Traddles,6361,david-copperfield
Mr. Wickfield,Traddles,6361,david-copperfield
Traddles,Micawber,6365,david-copperfield
Micawber,Traddles,6365,david-copperfield
Traddles,Mr. Micawber,6367,david-copperfield
Mr. Micawber,Traddles,6367,david-copperfield
Traddles,Mr. Micawber,6373,david-copperfield
Traddles,Mr. Micawber,6373,david-copperfield
Traddles,Uriah Heep,6373,david-copperfield
Mr. Micawber,Traddles,6373,david-copperfield
Mr. Micawber,Uriah Heep,6373,david-copperfield
Mr. Micawber,Traddles,6373,david-copperfield
Mr. Micawber,Uriah Heep,6373,david-copperfield
Uriah Heep,Traddles,6373,david-copperfield
Uriah Heep,Mr. Micawber,6373,david-copperfield
Uriah Heep,Mr. Micawber,6373,david-copperfield
Traddles,Mr. Micawber,6376,david-copperfield
Mr. Micawber,Traddles,6376,david-copperfield
Traddles,Mr. Micawber,6378,david-copperfield
Mr. Micawber,Traddles,6378,david-copperfield
Mr. Micawber,Traddles,6380,david-copperfield
Traddles,Mr. Micawber,6380,david-copperfield
Traddles,Mr. Micawber,6382,david-copperfield
Traddles,Mr. Micawber,6382,david-copperfield
Traddles,Mr. Peggotty,6382,david-copperfield
Traddles,Mr. Peggotty,6382,david-copperfield
Traddles,Mr. Micawber,6382,david-copperfield
Traddles,Mr. Peggotty,6382,david-copperfield
Traddles,Mr. Peggotty,6382,david-copperfield
Mr. Micawber,Traddles,6382,david-copperfield
Mr. Micawber,Mr. Peggotty,6382,david-copperfield
Mr. Micawber,Mr. Peggotty,6382,david-copperfield
Mr. Micawber,Mr. Peggotty,6382,david-copperfield
Mr. Micawber,Mr. Peggotty,6382,david-copperfield
Mr. Micawber,Traddles,6382,david-copperfield
Mr. Micawber,Mr. Peggotty,6382,david-copperfield
Mr. Micawber,Mr. Peggotty,6382,david-copperfield
Mr. Micawber,Mr. Peggotty,6382,david-copperfield
Mr. Micawber,Mr. Peggotty,6382,david-copperfield
Mr. Peggotty,Traddles,6382,david-copperfield
Mr. Peggotty,Mr. Micawber,6382,david-copperfield
Mr. Peggotty,Mr. Micawber,6382,david-copperfield
Mr. Peggotty,Mr. Micawber,6382,david-copperfield
Mr. Peggotty,Traddles,6382,david-copperfield
Mr. Peggotty,Mr. Micawber,6382,david-copperfield
Mr. Peggotty,Mr. Micawber,6382,david-copperfield
Mr. Peggotty,Mr. Micawber,6382,david-copperfield
Mr. Micawber,Traddles,6382,david-copperfield
Mr. Micawber,Mr. Peggotty,6382,david-copperfield
Mr. Micawber,Mr. Peggotty,6382,david-copperfield
Mr. Micawber,Mr. Peggotty,6382,david-copperfield
Mr. Micawber,Mr. Peggotty,6382,david-copperfield
Mr. Peggotty,Traddles,6382,david-copperfield
Mr. Peggotty,Mr. Micawber,6382,david-copperfield
Mr. Peggotty,Mr. Micawber,6382,david-copperfield
Mr. Peggotty,Mr. Micawber,6382,david-copperfield
Mr. Peggotty,Traddles,6382,david-copperfield
Mr. Peggotty,Mr. Micawber,6382,david-copperfield
Mr. Peggotty,Mr. Micawber,6382,david-copperfield
Mr. Peggotty,Mr. Micawber,6382,david-copperfield
Traddles,Mr. Micawber,6384,david-copperfield
Traddles,Uriah Heep,6384,david-copperfield
Mr. Micawber,Traddles,6384,david-copperfield
Mr. Micawber,Uriah Heep,6384,david-copperfield
Uriah Heep,Traddles,6384,david-copperfield
Uriah Heep,Mr. Micawber,6384,david-copperfield
Mr. Micawber,Uriah Heep,6390,david-copperfield
Uriah Heep,Mr. Micawber,6390,david-copperfield
Trot,Mr.,6393,david-copperfield
Mr.,Trot,6393,david-copperfield
Mr. Micawber,Uriah Heep,6395,david-copperfield
Uriah Heep,Mr. Micawber,6395,david-copperfield
Uriah Heep,Mr. Micawber,6395,david-copperfield
Mr. Micawber,Uriah Heep,6395,david-copperfield
Madam,Mr. Micawber,6397,david-copperfield
Madam,Mr. Micawber,6397,david-copperfield
Madam,Wilkins,6397,david-copperfield
Madam,Deeply,6397,david-copperfield
Madam,Mr. Micawber,6397,david-copperfield
Mr. Micawber,Madam,6397,david-copperfield
Mr. Micawber,Wilkins,6397,david-copperfield
Mr. Micawber,Deeply,6397,david-copperfield
Mr. Micawber,Madam,6397,david-copperfield
Mr. Micawber,Wilkins,6397,david-copperfield
Mr. Micawber,Deeply,6397,david-copperfield
Wilkins,Madam,6397,david-copperfield
Wilkins,Mr. Micawber,6397,david-copperfield
Wilkins,Mr. Micawber,6397,david-copperfield
Wilkins,Deeply,6397,david-copperfield
Wilkins,Mr. Micawber,6397,david-copperfield
Deeply,Madam,6397,david-copperfield
Deeply,Mr. Micawber,6397,david-copperfield
Deeply,Mr. Micawber,6397,david-copperfield
Deeply,Wilkins,6397,david-copperfield
Deeply,Mr. Micawber,6397,david-copperfield
Mr. Micawber,Madam,6397,david-copperfield
Mr. Micawber,Wilkins,6397,david-copperfield
Mr. Micawber,Deeply,6397,david-copperfield
Mr. Wickfield,Agnes,6398,david-copperfield
Agnes,Mr. Wickfield,6398,david-copperfield
Trot,Mr. Peggotty,6441,david-copperfield
Mr. Peggotty,Trot,6441,david-copperfield
Mas,Davy,6443,david-copperfield
Mas,Em,6443,david-copperfield
Davy,Mas,6443,david-copperfield
Davy,Em,6443,david-copperfield
Em,Mas,6443,david-copperfield
Em,Davy,6443,david-copperfield
Mas,Davy,6450,david-copperfield
Mas,Mr. Peggotty,6450,david-copperfield
Davy,Mas,6450,david-copperfield
Davy,Mr. Peggotty,6450,david-copperfield
Mr. Peggotty,Mas,6450,david-copperfield
Mr. Peggotty,Davy,6450,david-copperfield
Mas,Davy,6451,david-copperfield
Davy,Mas,6451,david-copperfield
Ham,Lowestoft,6466,david-copperfield
Lowestoft,Ham,6466,david-copperfield
Mas,Davy,6491,david-copperfield
Davy,Mas,6491,david-copperfield
Rosa Dartle,Steerforth,6523,david-copperfield
Steerforth,Rosa Dartle,6523,david-copperfield
Dear,Steerforth,6527,david-copperfield
Steerforth,Dear,6527,david-copperfield
Steerforth,Rosa Dartle,6536,david-copperfield
Rosa Dartle,Steerforth,6536,david-copperfield
Rosa,Moan,6543,david-copperfield
Moan,Rosa,6543,david-copperfield
Mr. Micawber,Mr. Peggotty,6572,david-copperfield
Mr. Peggotty,Mr. Micawber,6572,david-copperfield
Mr. Peggotty,Miss,6575,david-copperfield
Mr. Peggotty,Master Micawber,6575,david-copperfield
Mr. Peggotty,Mr. Micawber,6575,david-copperfield
Miss,Mr. Peggotty,6575,david-copperfield
Miss,Master Micawber,6575,david-copperfield
Miss,Mr. Micawber,6575,david-copperfield
Master Micawber,Mr. Peggotty,6575,david-copperfield
Master Micawber,Miss,6575,david-copperfield
Master Micawber,Mr. Micawber,6575,david-copperfield
Mr. Micawber,Mr. Peggotty,6575,david-copperfield
Mr. Micawber,Miss,6575,david-copperfield
Mr. Micawber,Master Micawber,6575,david-copperfield
Traddles,Mr. Micawber,6576,david-copperfield
Mr. Micawber,Traddles,6576,david-copperfield
Agnes,Peggotty,6577,david-copperfield
Peggotty,Agnes,6577,david-copperfield
Mr. Peggotty,Mr. Micawber,6578,david-copperfield
Mr. Micawber,Mr. Peggotty,6578,david-copperfield
Mr.,Micawber,6580,david-copperfield
Micawber,Mr.,6580,david-copperfield
Mr. Peggotty,Mas,6585,david-copperfield
Mr. Peggotty,Davy,6585,david-copperfield
Mas,Mr. Peggotty,6585,david-copperfield
Mas,Davy,6585,david-copperfield
Davy,Mr. Peggotty,6585,david-copperfield
Davy,Mas,6585,david-copperfield
Mr. Micawber,Peggotty,6587,david-copperfield
Mr. Micawber,Emma,6587,david-copperfield
Mr. Micawber,Mr. Thomas Traddles,6587,david-copperfield
Mr. Micawber,Miss Wickfield,6587,david-copperfield
Peggotty,Mr. Micawber,6587,david-copperfield
Peggotty,Emma,6587,david-copperfield
Peggotty,Mr. Micawber,6587,david-copperfield
Peggotty,Mr. Thomas Traddles,6587,david-copperfield
Peggotty,Miss Wickfield,6587,david-copperfield
Emma,Mr. Micawber,6587,david-copperfield
Emma,Peggotty,6587,david-copperfield
Emma,Mr. Micawber,6587,david-copperfield
Emma,Mr. Thomas Traddles,6587,david-copperfield
Emma,Miss Wickfield,6587,david-copperfield
Mr. Micawber,Peggotty,6587,david-copperfield
Mr. Micawber,Emma,6587,david-copperfield
Mr. Micawber,Mr. Thomas Traddles,6587,david-copperfield
Mr. Micawber,Miss Wickfield,6587,david-copperfield
Mr. Thomas Traddles,Mr. Micawber,6587,david-copperfield
Mr. Thomas Traddles,Peggotty,6587,david-copperfield
Mr. Thomas Traddles,Emma,6587,david-copperfield
Mr. Thomas Traddles,Mr. Micawber,6587,david-copperfield
Mr. Thomas Traddles,Miss Wickfield,6587,david-copperfield
Miss Wickfield,Mr. Micawber,6587,david-copperfield
Miss Wickfield,Peggotty,6587,david-copperfield
Miss Wickfield,Emma,6587,david-copperfield
Miss Wickfield,Mr. Micawber,6587,david-copperfield
Miss Wickfield,Mr. Thomas Traddles,6587,david-copperfield
Mr.,Mr. Micawber,6590,david-copperfield
Mr. Micawber,Mr.,6590,david-copperfield
Mr.,Micawber,6601,david-copperfield
Mr.,Micawber,6601,david-copperfield
Mr.,Mr. Micawber,6601,david-copperfield
Micawber,Mr.,6601,david-copperfield
Micawber,Mr. Micawber,6601,david-copperfield
Micawber,Mr.,6601,david-copperfield
Micawber,Mr. Micawber,6601,david-copperfield
Mr. Micawber,Mr.,6601,david-copperfield
Mr. Micawber,Micawber,6601,david-copperfield
Mr. Micawber,Micawber,6601,david-copperfield
Mr. Micawber,Wilkins,6611,david-copperfield
Mr. Micawber,Little Tafflin,6611,david-copperfield
Wilkins,Mr. Micawber,6611,david-copperfield
Wilkins,Little Tafflin,6611,david-copperfield
Wilkins,Mr. Micawber,6611,david-copperfield
Little Tafflin,Mr. Micawber,6611,david-copperfield
Little Tafflin,Wilkins,6611,david-copperfield
Little Tafflin,Mr. Micawber,6611,david-copperfield
Mr. Micawber,Wilkins,6611,david-copperfield
Mr. Micawber,Little Tafflin,6611,david-copperfield
Mr. Copperfield,Micawber,6613,david-copperfield
Micawber,Mr. Copperfield,6613,david-copperfield
Micawber,Albion,6615,david-copperfield
Albion,Micawber,6615,david-copperfield
Micawber,Albion,6617,david-copperfield
Albion,Micawber,6617,david-copperfield
Mr.,Micawber,6618,david-copperfield
Micawber,Mr.,6618,david-copperfield
Mr. Copperfield,Mr. Micawber,6619,david-copperfield
Mr. Copperfield,Mr. Micawber,6619,david-copperfield
Mr. Copperfield,Mr. Micawber,6619,david-copperfield
Mr. Copperfield,Mr. Micawber,6619,david-copperfield
Mr. Copperfield,Mr. Micawber,6619,david-copperfield
Mr. Copperfield,Mr. Micawber,6619,david-copperfield
Mr. Micawber,Mr. Copperfield,6619,david-copperfield
Mr. Micawber,Mr. Copperfield,6619,david-copperfield
Mr. Micawber,Mr. Copperfield,6619,david-copperfield
Mr. Micawber,Mr. Copperfield,6619,david-copperfield
Mr. Copperfield,Mr. Micawber,6619,david-copperfield
Mr. Copperfield,Mr. Micawber,6619,david-copperfield
Mr. Copperfield,Mr. Micawber,6619,david-copperfield
Mr. Copperfield,Mr. Micawber,6619,david-copperfield
Mr. Copperfield,Mr. Micawber,6619,david-copperfield
Mr. Copperfield,Mr. Micawber,6619,david-copperfield
Mr. Micawber,Mr. Copperfield,6619,david-copperfield
Mr. Micawber,Mr. Copperfield,6619,david-copperfield
Mr. Micawber,Mr. Copperfield,6619,david-copperfield
Mr. Micawber,Mr. Copperfield,6619,david-copperfield
Mr. Micawber,Mr. Copperfield,6619,david-copperfield
Mr. Micawber,Mr. Copperfield,6619,david-copperfield
Mr. Micawber,Mr. Copperfield,6619,david-copperfield
Mr. Micawber,Mr. Copperfield,6619,david-copperfield
Micawber,Mr. Copperfield,6621,david-copperfield
Micawber,Mr. Micawber,6621,david-copperfield
Micawber,Mr. Micawber,6621,david-copperfield
Micawber,Mr. Micawber,6621,david-copperfield
Mr. Copperfield,Micawber,6621,david-copperfield
Mr. Copperfield,Mr. Micawber,6621,david-copperfield
Mr. Copperfield,Mr. Micawber,6621,david-copperfield
Mr. Copperfield,Mr. Micawber,6621,david-copperfield
Mr. Micawber,Micawber,6621,david-copperfield
Mr. Micawber,Mr. Copperfield,6621,david-copperfield
Mr. Micawber,Micawber,6621,david-copperfield
Mr. Micawber,Mr. Copperfield,6621,david-copperfield
Mr. Micawber,Micawber,6621,david-copperfield
Mr. Micawber,Mr. Copperfield,6621,david-copperfield
Mr. Micawber,Mr. Copperfield,6623,david-copperfield
Mr. Copperfield,Mr. Micawber,6623,david-copperfield
Mr. Copperfield,Mr. Micawber,6623,david-copperfield
Mr. Micawber,Mr. Copperfield,6623,david-copperfield
Mr.,Micawber,6624,david-copperfield
Micawber,Mr.,6624,david-copperfield
Mr. Micawber,Heaven,6628,david-copperfield
Heaven,Mr. Micawber,6628,david-copperfield
Mr.,Peggotty,6630,david-copperfield
Peggotty,Mr.,6630,david-copperfield
Peggotty,Mr.,6630,david-copperfield
Mr.,Peggotty,6630,david-copperfield
Mr. Micawber,Agnes,6631,david-copperfield
Mr. Micawber,Agnes,6631,david-copperfield
Agnes,Mr. Micawber,6631,david-copperfield
Agnes,Mr. Micawber,6631,david-copperfield
Mr.,Peggotty,6634,david-copperfield
Mr.,Mr. Micawber,6634,david-copperfield
Mr.,Mr. Micawber,6634,david-copperfield
Peggotty,Mr.,6634,david-copperfield
Peggotty,Mr. Micawber,6634,david-copperfield
Peggotty,Mr. Micawber,6634,david-copperfield
Mr. Micawber,Mr.,6634,david-copperfield
Mr. Micawber,Peggotty,6634,david-copperfield
Mr. Micawber,Mr.,6634,david-copperfield
Mr. Micawber,Peggotty,6634,david-copperfield
Emily,Mr. Peggotty,6636,david-copperfield
Mr. Peggotty,Emily,6636,david-copperfield
Mas,Davy,6637,david-copperfield
Davy,Mas,6637,david-copperfield
Aye,Emily,6646,david-copperfield
Emily,Aye,6646,david-copperfield
History,Fancy,6656,david-copperfield
History,Heaven,6656,david-copperfield
Fancy,History,6656,david-copperfield
Fancy,Heaven,6656,david-copperfield
Heaven,History,6656,david-copperfield
Heaven,Fancy,6656,david-copperfield
Nature,Dora,6660,david-copperfield
Dora,Nature,6660,david-copperfield
Hill,St. Paul,6684,david-copperfield
St. Paul,Hill,6684,david-copperfield
Traddles,Inn,6685,david-copperfield
Inn,Traddles,6685,david-copperfield
Gray,Inn,6705,david-copperfield
Inn,Gray,6705,david-copperfield
Good God,Traddles,6712,david-copperfield
Good God,Copperfield,6712,david-copperfield
Traddles,Good God,6712,david-copperfield
Traddles,Copperfield,6712,david-copperfield
Copperfield,Good God,6712,david-copperfield
Copperfield,Traddles,6712,david-copperfield
Traddles,Sophy,6733,david-copperfield
Sophy,Traddles,6733,david-copperfield
Traddles,Sophy,6741,david-copperfield
Traddles,Sophy,6741,david-copperfield
Sophy,Traddles,6741,david-copperfield
Sophy,Traddles,6741,david-copperfield
Traddles,Sarah,6743,david-copperfield
Traddles,Sophy,6743,david-copperfield
Traddles,Louisa,6743,david-copperfield
Sarah,Traddles,6743,david-copperfield
Sarah,Sophy,6743,david-copperfield
Sarah,Louisa,6743,david-copperfield
Sophy,Traddles,6743,david-copperfield
Sophy,Sarah,6743,david-copperfield
Sophy,Louisa,6743,david-copperfield
Louisa,Traddles,6743,david-copperfield
Louisa,Sarah,6743,david-copperfield
Louisa,Sophy,6743,david-copperfield
Traddles,Sophy,6745,david-copperfield
Sophy,Traddles,6745,david-copperfield
Sophy,Traddles,6745,david-copperfield
Traddles,Sophy,6745,david-copperfield
Mr.,Traddles,6746,david-copperfield
Traddles,Mr.,6746,david-copperfield
Traddles,Sophy,6747,david-copperfield
Sophy,Traddles,6747,david-copperfield
Sophy,Traddles,6757,david-copperfield
Sophy,Traddles,6757,david-copperfield
Traddles,Sophy,6757,david-copperfield
Traddles,Sophy,6757,david-copperfield
Traddles,Sophy,6757,david-copperfield
Traddles,Sophy,6757,david-copperfield
Sophy,Traddles,6757,david-copperfield
Sophy,Traddles,6757,david-copperfield
Traddles,Mr. Copperfield,6765,david-copperfield
Traddles,Miss Crewler,6765,david-copperfield
Traddles,Miss Sarah,6765,david-copperfield
Traddles,Miss Louisa,6765,david-copperfield
Traddles,Margaret,6765,david-copperfield
Traddles,Lucy,6765,david-copperfield
Traddles,Mr. Copperfield,6765,david-copperfield
Traddles,Miss Crewler,6765,david-copperfield
Traddles,Miss Sarah,6765,david-copperfield
Traddles,Miss Louisa,6765,david-copperfield
Traddles,Margaret,6765,david-copperfield
Traddles,Lucy,6765,david-copperfield
Mr. Copperfield,Traddles,6765,david-copperfield
Mr. Copperfield,Traddles,6765,david-copperfield
Mr. Copperfield,Miss Crewler,6765,david-copperfield
Mr. Copperfield,Miss Sarah,6765,david-copperfield
Mr. Copperfield,Miss Louisa,6765,david-copperfield
Mr. Copperfield,Margaret,6765,david-copperfield
Mr. Copperfield,Lucy,6765,david-copperfield
Miss Crewler,Traddles,6765,david-copperfield
Miss Crewler,Traddles,6765,david-copperfield
Miss Crewler,Mr. Copperfield,6765,david-copperfield
Miss Crewler,Miss Sarah,6765,david-copperfield
Miss Crewler,Miss Louisa,6765,david-copperfield
Miss Crewler,Margaret,6765,david-copperfield
Miss Crewler,Lucy,6765,david-copperfield
Miss Sarah,Traddles,6765,david-copperfield
Miss Sarah,Traddles,6765,david-copperfield
Miss Sarah,Mr. Copperfield,6765,david-copperfield
Miss Sarah,Miss Crewler,6765,david-copperfield
Miss Sarah,Miss Louisa,6765,david-copperfield
Miss Sarah,Margaret,6765,david-copperfield
Miss Sarah,Lucy,6765,david-copperfield
Miss Louisa,Traddles,6765,david-copperfield
Miss Louisa,Traddles,6765,david-copperfield
Miss Louisa,Mr. Copperfield,6765,david-copperfield
Miss Louisa,Miss Crewler,6765,david-copperfield
Miss Louisa,Miss Sarah,6765,david-copperfield
Miss Louisa,Margaret,6765,david-copperfield
Miss Louisa,Lucy,6765,david-copperfield
Margaret,Traddles,6765,david-copperfield
Margaret,Traddles,6765,david-copperfield
Margaret,Mr. Copperfield,6765,david-copperfield
Margaret,Miss Crewler,6765,david-copperfield
Margaret,Miss Sarah,6765,david-copperfield
Margaret,Miss Louisa,6765,david-copperfield
Margaret,Lucy,6765,david-copperfield
Lucy,Traddles,6765,david-copperfield
Lucy,Traddles,6765,david-copperfield
Lucy,Mr. Copperfield,6765,david-copperfield
Lucy,Miss Crewler,6765,david-copperfield
Lucy,Miss Sarah,6765,david-copperfield
Lucy,Miss Louisa,6765,david-copperfield
Lucy,Margaret,6765,david-copperfield
Agnes,Tom,6767,david-copperfield
Agnes,Tom,6767,david-copperfield
Agnes,Tom,6767,david-copperfield
Agnes,Tom,6767,david-copperfield
Tom,Agnes,6767,david-copperfield
Tom,Agnes,6767,david-copperfield
Agnes,Tom,6767,david-copperfield
Agnes,Tom,6767,david-copperfield
Agnes,Tom,6767,david-copperfield
Agnes,Tom,6767,david-copperfield
Tom,Agnes,6767,david-copperfield
Tom,Agnes,6767,david-copperfield
Tom,Agnes,6767,david-copperfield
Tom,Agnes,6767,david-copperfield
Tom,Agnes,6767,david-copperfield
Tom,Agnes,6767,david-copperfield
Traddles,Sophy,6769,david-copperfield
Traddles,Sophy,6769,david-copperfield
Traddles,Sophy,6769,david-copperfield
Traddles,Sophy,6769,david-copperfield
Traddles,Sophy,6769,david-copperfield
Traddles,Sophy,6769,david-copperfield
Traddles,Sophy,6769,david-copperfield
Traddles,Sophy,6769,david-copperfield
Traddles,Sophy,6769,david-copperfield
Sophy,Traddles,6769,david-copperfield
Sophy,Traddles,6769,david-copperfield
Sophy,Traddles,6769,david-copperfield
Sophy,Traddles,6769,david-copperfield
Sophy,Traddles,6769,david-copperfield
Sophy,Traddles,6769,david-copperfield
Sophy,Traddles,6769,david-copperfield
Sophy,Traddles,6769,david-copperfield
Sophy,Traddles,6769,david-copperfield
Sophy,Traddles,6769,david-copperfield
Sophy,Traddles,6769,david-copperfield
Sophy,Traddles,6769,david-copperfield
Sophy,Traddles,6769,david-copperfield
Sophy,Traddles,6769,david-copperfield
Sophy,Traddles,6769,david-copperfield
Sophy,Traddles,6769,david-copperfield
Sophy,Traddles,6769,david-copperfield
Sophy,Traddles,6769,david-copperfield
Sophy,Traddles,6769,david-copperfield
Sophy,Traddles,6769,david-copperfield
Sophy,Traddles,6769,david-copperfield
Sophy,Traddles,6769,david-copperfield
Sophy,Traddles,6769,david-copperfield
Sophy,Traddles,6769,david-copperfield
Sophy,Traddles,6769,david-copperfield
Sophy,Traddles,6769,david-copperfield
Sophy,Traddles,6769,david-copperfield
Sophy,Traddles,6769,david-copperfield
Traddles,Sophy,6769,david-copperfield
Traddles,Sophy,6769,david-copperfield
Traddles,Sophy,6769,david-copperfield
Traddles,Sophy,6769,david-copperfield
Traddles,Sophy,6769,david-copperfield
Traddles,Sophy,6769,david-copperfield
Traddles,Sophy,6769,david-copperfield
Traddles,Sophy,6769,david-copperfield
Traddles,Sophy,6769,david-copperfield
Sophy,Traddles,6769,david-copperfield
Sophy,Traddles,6769,david-copperfield
Sophy,Traddles,6769,david-copperfield
Sophy,Traddles,6769,david-copperfield
Sophy,Traddles,6769,david-copperfield
Sophy,Traddles,6769,david-copperfield
Sophy,Traddles,6769,david-copperfield
Sophy,Traddles,6769,david-copperfield
Traddles,Sophy,6769,david-copperfield
Traddles,Sophy,6769,david-copperfield
Traddles,Sophy,6769,david-copperfield
Traddles,Sophy,6769,david-copperfield
Traddles,Sophy,6769,david-copperfield
Traddles,Sophy,6769,david-copperfield
Traddles,Sophy,6769,david-copperfield
Traddles,Sophy,6769,david-copperfield
Traddles,Sophy,6769,david-copperfield
Traddles,Sophy,6769,david-copperfield
Traddles,Sophy,6769,david-copperfield
Traddles,Sophy,6769,david-copperfield
Traddles,Sophy,6769,david-copperfield
Traddles,Sophy,6769,david-copperfield
Traddles,Sophy,6769,david-copperfield
Traddles,Sophy,6769,david-copperfield
Traddles,Sophy,6769,david-copperfield
Traddles,Sophy,6769,david-copperfield
Traddles,Gray,6770,david-copperfield
Traddles,Inn,6770,david-copperfield
Traddles,Gray,6770,david-copperfield
Traddles,Inn Hall,6770,david-copperfield
Traddles,Somehow,6770,david-copperfield
Gray,Traddles,6770,david-copperfield
Gray,Inn,6770,david-copperfield
Gray,Inn Hall,6770,david-copperfield
Gray,Somehow,6770,david-copperfield
Inn,Traddles,6770,david-copperfield
Inn,Gray,6770,david-copperfield
Inn,Gray,6770,david-copperfield
Inn,Inn Hall,6770,david-copperfield
Inn,Somehow,6770,david-copperfield
Gray,Traddles,6770,david-copperfield
Gray,Inn,6770,david-copperfield
Gray,Inn Hall,6770,david-copperfield
Gray,Somehow,6770,david-copperfield
Inn Hall,Traddles,6770,david-copperfield
Inn Hall,Gray,6770,david-copperfield
Inn Hall,Inn,6770,david-copperfield
Inn Hall,Gray,6770,david-copperfield
Inn Hall,Somehow,6770,david-copperfield
Somehow,Traddles,6770,david-copperfield
Somehow,Gray,6770,david-copperfield
Somehow,Inn,6770,david-copperfield
Somehow,Gray,6770,david-copperfield
Somehow,Inn Hall,6770,david-copperfield
Mr.,Chillip,6775,david-copperfield
Chillip,Mr.,6775,david-copperfield
Mr. Chillip,Mr. Copperfield,6787,david-copperfield
Mr. Copperfield,Mr. Chillip,6787,david-copperfield
Mr. Chillip,Don,6799,david-copperfield
Mr. Chillip,Robin,6799,david-copperfield
Don,Mr. Chillip,6799,david-copperfield
Don,Mr. Chillip,6799,david-copperfield
Don,Robin,6799,david-copperfield
Mr. Chillip,Don,6799,david-copperfield
Mr. Chillip,Robin,6799,david-copperfield
Robin,Mr. Chillip,6799,david-copperfield
Robin,Don,6799,david-copperfield
Robin,Mr. Chillip,6799,david-copperfield
Mr. Chillip,Mr. Copperfield,6802,david-copperfield
Mr. Copperfield,Mr. Chillip,6802,david-copperfield
Mr. Chillip,Mr. Murdstone,6815,david-copperfield
Mr. Chillip,Chillip,6815,david-copperfield
Mr. Murdstone,Mr. Chillip,6815,david-copperfield
Mr. Murdstone,Chillip,6815,david-copperfield
Chillip,Mr. Chillip,6815,david-copperfield
Chillip,Mr. Murdstone,6815,david-copperfield
Chillip,Mr.,6819,david-copperfield
Chillip,Miss Murdstone,6819,david-copperfield
Mr.,Chillip,6819,david-copperfield
Mr.,Miss Murdstone,6819,david-copperfield
Miss Murdstone,Chillip,6819,david-copperfield
Miss Murdstone,Mr.,6819,david-copperfield
Mr. Chillip,Don,6821,david-copperfield
Don,Mr. Chillip,6821,david-copperfield
Mr. Chillip,Inn,6822,david-copperfield
Mr. Chillip,Bullied,6822,david-copperfield
Mr. Chillip,Mr. Copperfield,6822,david-copperfield
Inn,Mr. Chillip,6822,david-copperfield
Inn,Bullied,6822,david-copperfield
Inn,Mr. Copperfield,6822,david-copperfield
Bullied,Mr. Chillip,6822,david-copperfield
Bullied,Inn,6822,david-copperfield
Bullied,Mr. Copperfield,6822,david-copperfield
Mr. Copperfield,Mr. Chillip,6822,david-copperfield
Mr. Copperfield,Inn,6822,david-copperfield
Mr. Copperfield,Bullied,6822,david-copperfield
Mr. Dick,Mr. Chillip,6824,david-copperfield
Mr. Dick,Peggotty,6824,david-copperfield
Mr. Chillip,Mr. Dick,6824,david-copperfield
Mr. Chillip,Peggotty,6824,david-copperfield
Peggotty,Mr. Dick,6824,david-copperfield
Peggotty,Mr. Chillip,6824,david-copperfield
Mr. Micawber,Janet,6827,david-copperfield
Mr. Micawber,Mr. Dick,6827,david-copperfield
Janet,Mr. Micawber,6827,david-copperfield
Janet,Mr. Dick,6827,david-copperfield
Mr. Dick,Mr. Micawber,6827,david-copperfield
Mr. Dick,Janet,6827,david-copperfield
Agnes,Trot,6833,david-copperfield
Trot,Agnes,6833,david-copperfield
Uriah Heep,Mr. Micawber,6855,david-copperfield
Uriah Heep,Miss Wickfield,6855,david-copperfield
Uriah Heep,Agnes,6855,david-copperfield
Mr. Micawber,Uriah Heep,6855,david-copperfield
Mr. Micawber,Miss Wickfield,6855,david-copperfield
Mr. Micawber,Agnes,6855,david-copperfield
Miss Wickfield,Uriah Heep,6855,david-copperfield
Miss Wickfield,Mr. Micawber,6855,david-copperfield
Miss Wickfield,Agnes,6855,david-copperfield
Agnes,Uriah Heep,6855,david-copperfield
Agnes,Mr. Micawber,6855,david-copperfield
Agnes,Miss Wickfield,6855,david-copperfield
Papa,Trotwood,6865,david-copperfield
Trotwood,Papa,6865,david-copperfield
Miss Shepherd,Larkins,6886,david-copperfield
Miss Shepherd,Agnes,6886,david-copperfield
Larkins,Miss Shepherd,6886,david-copperfield
Larkins,Agnes,6886,david-copperfield
Agnes,Miss Shepherd,6886,david-copperfield
Agnes,Larkins,6886,david-copperfield
Mr. Wickfield,Agnes,6888,david-copperfield
Agnes,Mr. Wickfield,6888,david-copperfield
Agnes,Dora,6910,david-copperfield
Dora,Agnes,6910,david-copperfield
Dora,Agnes,6910,david-copperfield
Agnes,Dora,6910,david-copperfield
Tom,Sophy,6933,david-copperfield
Sophy,Tom,6933,david-copperfield
Traddles,Sophy,6938,david-copperfield
Traddles,Sophy,6938,david-copperfield
Traddles,Sophy,6938,david-copperfield
Traddles,Tom,6938,david-copperfield
Traddles,Which,6938,david-copperfield
Traddles,Tom,6938,david-copperfield
Sophy,Traddles,6938,david-copperfield
Sophy,Tom,6938,david-copperfield
Sophy,Which,6938,david-copperfield
Sophy,Tom,6938,david-copperfield
Sophy,Traddles,6938,david-copperfield
Sophy,Tom,6938,david-copperfield
Sophy,Which,6938,david-copperfield
Sophy,Tom,6938,david-copperfield
Sophy,Traddles,6938,david-copperfield
Sophy,Tom,6938,david-copperfield
Sophy,Which,6938,david-copperfield
Sophy,Tom,6938,david-copperfield
Tom,Traddles,6938,david-copperfield
Tom,Sophy,6938,david-copperfield
Tom,Sophy,6938,david-copperfield
Tom,Sophy,6938,david-copperfield
Tom,Which,6938,david-copperfield
Which,Traddles,6938,david-copperfield
Which,Sophy,6938,david-copperfield
Which,Sophy,6938,david-copperfield
Which,Sophy,6938,david-copperfield
Which,Tom,6938,david-copperfield
Which,Tom,6938,david-copperfield
Tom,Traddles,6938,david-copperfield
Tom,Sophy,6938,david-copperfield
Tom,Sophy,6938,david-copperfield
Tom,Sophy,6938,david-copperfield
Tom,Which,6938,david-copperfield
Traddles,Sophy,6944,david-copperfield
Traddles,Sophy,6944,david-copperfield
Traddles,Lord Chancellor,6944,david-copperfield
Sophy,Traddles,6944,david-copperfield
Sophy,Lord Chancellor,6944,david-copperfield
Sophy,Traddles,6944,david-copperfield
Sophy,Lord Chancellor,6944,david-copperfield
Lord Chancellor,Traddles,6944,david-copperfield
Lord Chancellor,Sophy,6944,david-copperfield
Lord Chancellor,Sophy,6944,david-copperfield
Really,Traddles,6946,david-copperfield
Traddles,Really,6946,david-copperfield
Rascal,Traddles,6948,david-copperfield
Rascal,Traddles,6948,david-copperfield
Traddles,Rascal,6948,david-copperfield
Traddles,Rascal,6948,david-copperfield
Traddles,Mr. Creakle,6961,david-copperfield
Mr. Creakle,Traddles,6961,david-copperfield
Traddles,Mr. Creakle,6962,david-copperfield
Mr. Creakle,Traddles,6962,david-copperfield
Traddles,Mr. Creakle,6963,david-copperfield
Mr. Creakle,Traddles,6963,david-copperfield
Mr. Creakle,Traddles,6963,david-copperfield
Traddles,Mr. Creakle,6963,david-copperfield
Twenty Seven,Twenty Eight,6968,david-copperfield
Twenty Seven,Twenty Eight,6968,david-copperfield
Twenty Eight,Twenty Seven,6968,david-copperfield
Twenty Eight,Twenty Seven,6968,david-copperfield
Twenty Eight,Twenty Seven,6968,david-copperfield
Twenty Eight,Twenty Seven,6968,david-copperfield
Twenty Seven,Twenty Eight,6968,david-copperfield
Twenty Seven,Twenty Eight,6968,david-copperfield
Twenty Seven,Mr. Creakle,6969,david-copperfield
Mr. Creakle,Twenty Seven,6969,david-copperfield
Number Twenty,Twenty Seven,6970,david-copperfield
Number Twenty,Mr. Creakle,6970,david-copperfield
Number Twenty,Twenty Seven,6970,david-copperfield
Number Twenty,Traddles,6970,david-copperfield
Number Twenty,Twenty Seven,6970,david-copperfield
Number Twenty,Uriah Heep,6970,david-copperfield
Twenty Seven,Number Twenty,6970,david-copperfield
Twenty Seven,Mr. Creakle,6970,david-copperfield
Twenty Seven,Traddles,6970,david-copperfield
Twenty Seven,Uriah Heep,6970,david-copperfield
Mr. Creakle,Number Twenty,6970,david-copperfield
Mr. Creakle,Twenty Seven,6970,david-copperfield
Mr. Creakle,Twenty Seven,6970,david-copperfield
Mr. Creakle,Traddles,6970,david-copperfield
Mr. Creakle,Twenty Seven,6970,david-copperfield
Mr. Creakle,Uriah Heep,6970,david-copperfield
Twenty Seven,Number Twenty,6970,david-copperfield
Twenty Seven,Mr. Creakle,6970,david-copperfield
Twenty Seven,Traddles,6970,david-copperfield
Twenty Seven,Uriah Heep,6970,david-copperfield
Traddles,Number Twenty,6970,david-copperfield
Traddles,Twenty Seven,6970,david-copperfield
Traddles,Mr. Creakle,6970,david-copperfield
Traddles,Twenty Seven,6970,david-copperfield
Traddles,Twenty Seven,6970,david-copperfield
Traddles,Uriah Heep,6970,david-copperfield
Twenty Seven,Number Twenty,6970,david-copperfield
Twenty Seven,Mr. Creakle,6970,david-copperfield
Twenty Seven,Traddles,6970,david-copperfield
Twenty Seven,Uriah Heep,6970,david-copperfield
Uriah Heep,Number Twenty,6970,david-copperfield
Uriah Heep,Twenty Seven,6970,david-copperfield
Uriah Heep,Mr. Creakle,6970,david-copperfield
Uriah Heep,Twenty Seven,6970,david-copperfield
Uriah Heep,Traddles,6970,david-copperfield
Uriah Heep,Twenty Seven,6970,david-copperfield
Mr. Copperfield,Mr. Traddles,6972,david-copperfield
Mr. Traddles,Mr. Copperfield,6972,david-copperfield
Twenty Seven,Mr. Creakle,6974,david-copperfield
Mr. Creakle,Twenty Seven,6974,david-copperfield
Twenty Seven,Mr. Creakle,6976,david-copperfield
Mr. Creakle,Twenty Seven,6976,david-copperfield
Uriah,Mr. Creakle,6980,david-copperfield
Uriah,Twenty Seven,6980,david-copperfield
Uriah,Twenty Eight,6980,david-copperfield
Uriah,Mr. Creakle,6980,david-copperfield
Uriah,Twenty Seven,6980,david-copperfield
Uriah,Twenty Eight,6980,david-copperfield
Mr. Creakle,Uriah,6980,david-copperfield
Mr. Creakle,Uriah,6980,david-copperfield
Mr. Creakle,Twenty Seven,6980,david-copperfield
Mr. Creakle,Twenty Eight,6980,david-copperfield
Twenty Seven,Uriah,6980,david-copperfield
Twenty Seven,Uriah,6980,david-copperfield
Twenty Seven,Mr. Creakle,6980,david-copperfield
Twenty Seven,Twenty Eight,6980,david-copperfield
Twenty Eight,Uriah,6980,david-copperfield
Twenty Eight,Uriah,6980,david-copperfield
Twenty Eight,Mr. Creakle,6980,david-copperfield
Twenty Eight,Twenty Seven,6980,david-copperfield
Mr. Creakle,Twenty Seven,6984,david-copperfield
Twenty Seven,Mr. Creakle,6984,david-copperfield
Sir,Mr. Littimer,6990,david-copperfield
Mr. Littimer,Sir,6990,david-copperfield
Sir,Mr. Littimer,6993,david-copperfield
Mr. Littimer,Sir,6993,david-copperfield
Twenty Seven,Mr. Creakle,6997,david-copperfield
Mr. Creakle,Twenty Seven,6997,david-copperfield
Mr. Creakle,Mr. Copperfield,7009,david-copperfield
Mr. Creakle,Twenty Seven,7009,david-copperfield
Mr. Copperfield,Mr. Creakle,7009,david-copperfield
Mr. Copperfield,Twenty Seven,7009,david-copperfield
Twenty Seven,Mr. Creakle,7009,david-copperfield
Twenty Seven,Mr. Copperfield,7009,david-copperfield
Mr. Copperfield,Uriah,7010,david-copperfield
Uriah,Mr. Copperfield,7010,david-copperfield
Uriah,Mr. Copperfield,7010,david-copperfield
Mr. Copperfield,Uriah,7010,david-copperfield
Mr. Copperfield,Uriah,7012,david-copperfield
Mr. Copperfield,Mr. W.,7012,david-copperfield
Mr. Copperfield,Miss W.,7012,david-copperfield
Mr. Copperfield,Mr. W.,7012,david-copperfield
Mr. Copperfield,Miss W.,7012,david-copperfield
Uriah,Mr. Copperfield,7012,david-copperfield
Uriah,Mr. W.,7012,david-copperfield
Uriah,Miss W.,7012,david-copperfield
Uriah,Mr. W.,7012,david-copperfield
Uriah,Miss W.,7012,david-copperfield
Uriah,Mr. Copperfield,7012,david-copperfield
Mr. W.,Mr. Copperfield,7012,david-copperfield
Mr. W.,Uriah,7012,david-copperfield
Mr. W.,Miss W.,7012,david-copperfield
Mr. W.,Miss W.,7012,david-copperfield
Mr. W.,Mr. Copperfield,7012,david-copperfield
Miss W.,Mr. Copperfield,7012,david-copperfield
Miss W.,Uriah,7012,david-copperfield
Miss W.,Mr. W.,7012,david-copperfield
Miss W.,Mr. W.,7012,david-copperfield
Miss W.,Mr. Copperfield,7012,david-copperfield
Mr. W.,Mr. Copperfield,7012,david-copperfield
Mr. W.,Uriah,7012,david-copperfield
Mr. W.,Miss W.,7012,david-copperfield
Mr. W.,Miss W.,7012,david-copperfield
Mr. W.,Mr. Copperfield,7012,david-copperfield
Miss W.,Mr. Copperfield,7012,david-copperfield
Miss W.,Uriah,7012,david-copperfield
Miss W.,Mr. W.,7012,david-copperfield
Miss W.,Mr. W.,7012,david-copperfield
Miss W.,Mr. Copperfield,7012,david-copperfield
Mr. Copperfield,Uriah,7012,david-copperfield
Mr. Copperfield,Mr. W.,7012,david-copperfield
Mr. Copperfield,Miss W.,7012,david-copperfield
Mr. Copperfield,Mr. W.,7012,david-copperfield
Mr. Copperfield,Miss W.,7012,david-copperfield
Fraud,Twenty Seven,7017,david-copperfield
Twenty Seven,Fraud,7017,david-copperfield
Mr. Creakle,Twenty Seven,7027,david-copperfield
Mr. Creakle,Twenty Eight,7027,david-copperfield
Twenty Seven,Mr. Creakle,7027,david-copperfield
Twenty Seven,Twenty Eight,7027,david-copperfield
Twenty Eight,Mr. Creakle,7027,david-copperfield
Twenty Eight,Twenty Seven,7027,david-copperfield
Heaven,Agnes,7084,david-copperfield
Agnes,Heaven,7084,david-copperfield
Agnes,Sister,7089,david-copperfield
Agnes,Sister,7089,david-copperfield
Sister,Agnes,7089,david-copperfield
Sister,Agnes,7089,david-copperfield
Dora,Agnes,7093,david-copperfield
Agnes,Dora,7093,david-copperfield
Agnes,Mr. Dick,7112,david-copperfield
Mr. Dick,Agnes,7112,david-copperfield
Sophy,Doctor,7120,david-copperfield
Sophy,Clasped,7120,david-copperfield
Doctor,Sophy,7120,david-copperfield
Doctor,Clasped,7120,david-copperfield
Clasped,Sophy,7120,david-copperfield
Clasped,Doctor,7120,david-copperfield
Mas,Davy,7140,david-copperfield
Mas,Davy,7140,david-copperfield
Davy,Mas,7140,david-copperfield
Davy,Mas,7140,david-copperfield
Mas,Davy,7140,david-copperfield
Mas,Davy,7140,david-copperfield
Davy,Mas,7140,david-copperfield
Davy,Mas,7140,david-copperfield
Mr. Peggotty,Mas,7142,david-copperfield
Mr. Peggotty,Davy,7142,david-copperfield
Mr. Peggotty,Em,7142,david-copperfield
Mas,Mr. Peggotty,7142,david-copperfield
Mas,Davy,7142,david-copperfield
Mas,Em,7142,david-copperfield
Davy,Mr. Peggotty,7142,david-copperfield
Davy,Mas,7142,david-copperfield
Davy,Em,7142,david-copperfield
Em,Mr. Peggotty,7142,david-copperfield
Em,Mas,7142,david-copperfield
Em,Davy,7142,david-copperfield
Mr. Peggotty,Which,7147,david-copperfield
Which,Mr. Peggotty,7147,david-copperfield
Which,Mr. Peggotty,7147,david-copperfield
Mr. Peggotty,Which,7147,david-copperfield
Em,Mas,7149,david-copperfield
Em,Davy,7149,david-copperfield
Mas,Em,7149,david-copperfield
Mas,Davy,7149,david-copperfield
Davy,Em,7149,david-copperfield
Davy,Mas,7149,david-copperfield
Mas,Davy,7152,david-copperfield
Mas,Mr. Peggotty,7152,david-copperfield
Davy,Mas,7152,david-copperfield
Davy,Mr. Peggotty,7152,david-copperfield
Mr. Peggotty,Mas,7152,david-copperfield
Mr. Peggotty,Davy,7152,david-copperfield
Mas,Davy,7154,david-copperfield
Mas,Davy,7154,david-copperfield
Davy,Mas,7154,david-copperfield
Davy,Mas,7154,david-copperfield
Mas,Davy,7154,david-copperfield
Mas,Davy,7154,david-copperfield
Davy,Mas,7154,david-copperfield
Davy,Mas,7154,david-copperfield
Mr. Peggotty,Beein,7156,david-copperfield
Beein,Mr. Peggotty,7156,david-copperfield
Aye,Mas,7159,david-copperfield
Aye,Davy,7159,david-copperfield
Mas,Aye,7159,david-copperfield
Mas,Davy,7159,david-copperfield
Davy,Aye,7159,david-copperfield
Davy,Mas,7159,david-copperfield
Martha,Mas,7166,david-copperfield
Martha,Davy,7166,david-copperfield
Mas,Martha,7166,david-copperfield
Mas,Davy,7166,david-copperfield
Davy,Martha,7166,david-copperfield
Davy,Mas,7166,david-copperfield
Mas,Davy,7169,david-copperfield
Mas,Missis Gummidge,7169,david-copperfield
Mas,Gormed,7169,david-copperfield
Davy,Mas,7169,david-copperfield
Davy,Missis Gummidge,7169,david-copperfield
Davy,Gormed,7169,david-copperfield
Missis Gummidge,Mas,7169,david-copperfield
Missis Gummidge,Davy,7169,david-copperfield
Missis Gummidge,Gormed,7169,david-copperfield
Gormed,Mas,7169,david-copperfield
Gormed,Davy,7169,david-copperfield
Gormed,Missis Gummidge,7169,david-copperfield
Agnes,Mr. Peggotty,7170,david-copperfield
Agnes,Mr. Peggotty,7170,david-copperfield
Mr. Peggotty,Agnes,7170,david-copperfield
Mr. Peggotty,Agnes,7170,david-copperfield
Mr.,Agnes,7173,david-copperfield
Agnes,Mr.,7173,david-copperfield
Mas,Davy,7174,david-copperfield
Davy,Mas,7174,david-copperfield
Mr. Micawber,Traddles,7175,david-copperfield
Traddles,Mr. Micawber,7175,david-copperfield
Mas,Davy,7177,david-copperfield
Davy,Mas,7177,david-copperfield
Mr. Peggotty,Mas,7179,david-copperfield
Mr. Peggotty,Davy,7179,david-copperfield
Mas,Mr. Peggotty,7179,david-copperfield
Mas,Davy,7179,david-copperfield
Davy,Mr. Peggotty,7179,david-copperfield
Davy,Mas,7179,david-copperfield
Mr.,Peggotty,7181,david-copperfield
Peggotty,Mr.,7181,david-copperfield
Port Middlebay District Magistrate,Doctor Mell,7182,david-copperfield
Port Middlebay District Magistrate,Grammar School,7182,david-copperfield
Port Middlebay District Magistrate,Port Middlebay,7182,david-copperfield
Port Middlebay District Magistrate,Doctor Mell,7182,david-copperfield
Port Middlebay District Magistrate,Again,7182,david-copperfield
Port Middlebay District Magistrate,Sol,7182,david-copperfield
Port Middlebay District Magistrate,Wilkins Micawber,7182,david-copperfield
Port Middlebay District Magistrate,Esquire,7182,david-copperfield
Port Middlebay District Magistrate,Junior,7182,david-copperfield
Port Middlebay District Magistrate,Miss Helena,7182,david-copperfield
Port Middlebay District Magistrate,Doctor Mell,7182,david-copperfield
Doctor Mell,Port Middlebay District Magistrate,7182,david-copperfield
Doctor Mell,Grammar School,7182,david-copperfield
Doctor Mell,Port Middlebay,7182,david-copperfield
Doctor Mell,Again,7182,david-copperfield
Doctor Mell,Sol,7182,david-copperfield
Doctor Mell,Wilkins Micawber,7182,david-copperfield
Doctor Mell,Esquire,7182,david-copperfield
Doctor Mell,Junior,7182,david-copperfield
Doctor Mell,Miss Helena,7182,david-copperfield
Grammar School,Port Middlebay District Magistrate,7182,david-copperfield
Grammar School,Doctor Mell,7182,david-copperfield
Grammar School,Port Middlebay,7182,david-copperfield
Grammar School,Doctor Mell,7182,david-copperfield
Grammar School,Again,7182,david-copperfield
Grammar School,Sol,7182,david-copperfield
Grammar School,Wilkins Micawber,7182,david-copperfield
Grammar School,Esquire,7182,david-copperfield
Grammar School,Junior,7182,david-copperfield
Grammar School,Miss Helena,7182,david-copperfield
Grammar School,Doctor Mell,7182,david-copperfield
Port Middlebay,Port Middlebay District Magistrate,7182,david-copperfield
Port Middlebay,Doctor Mell,7182,david-copperfield
Port Middlebay,Grammar School,7182,david-copperfield
Port Middlebay,Doctor Mell,7182,david-copperfield
Port Middlebay,Again,7182,david-copperfield
Port Middlebay,Sol,7182,david-copperfield
Port Middlebay,Wilkins Micawber,7182,david-copperfield
Port Middlebay,Esquire,7182,david-copperfield
Port Middlebay,Junior,7182,david-copperfield
Port Middlebay,Miss Helena,7182,david-copperfield
Port Middlebay,Doctor Mell,7182,david-copperfield
Doctor Mell,Port Middlebay District Magistrate,7182,david-copperfield
Doctor Mell,Grammar School,7182,david-copperfield
Doctor Mell,Port Middlebay,7182,david-copperfield
Doctor Mell,Again,7182,david-copperfield
Doctor Mell,Sol,7182,david-copperfield
Doctor Mell,Wilkins Micawber,7182,david-copperfield
Doctor Mell,Esquire,7182,david-copperfield
Doctor Mell,Junior,7182,david-copperfield
Doctor Mell,Miss Helena,7182,david-copperfield
Again,Port Middlebay District Magistrate,7182,david-copperfield
Again,Doctor Mell,7182,david-copperfield
Again,Grammar School,7182,david-copperfield
Again,Port Middlebay,7182,david-copperfield
Again,Doctor Mell,7182,david-copperfield
Again,Sol,7182,david-copperfield
Again,Wilkins Micawber,7182,david-copperfield
Again,Esquire,7182,david-copperfield
Again,Junior,7182,david-copperfield
Again,Miss Helena,7182,david-copperfield
Again,Doctor Mell,7182,david-copperfield
Sol,Port Middlebay District Magistrate,7182,david-copperfield
Sol,Doctor Mell,7182,david-copperfield
Sol,Grammar School,7182,david-copperfield
Sol,Port Middlebay,7182,david-copperfield
Sol,Doctor Mell,7182,david-copperfield
Sol,Again,7182,david-copperfield
Sol,Wilkins Micawber,7182,david-copperfield
Sol,Esquire,7182,david-copperfield
Sol,Junior,7182,david-copperfield
Sol,Miss Helena,7182,david-copperfield
Sol,Doctor Mell,7182,david-copperfield
Wilkins Micawber,Port Middlebay District Magistrate,7182,david-copperfield
Wilkins Micawber,Doctor Mell,7182,david-copperfield
Wilkins Micawber,Grammar School,7182,david-copperfield
Wilkins Micawber,Port Middlebay,7182,david-copperfield
Wilkins Micawber,Doctor Mell,7182,david-copperfield
Wilkins Micawber,Again,7182,david-copperfield
Wilkins Micawber,Sol,7182,david-copperfield
Wilkins Micawber,Esquire,7182,david-copperfield
Wilkins Micawber,Junior,7182,david-copperfield
Wilkins Micawber,Miss Helena,7182,david-copperfield
Wilkins Micawber,Doctor Mell,7182,david-copperfield
Esquire,Port Middlebay District Magistrate,7182,david-copperfield
Esquire,Doctor Mell,7182,david-copperfield
Esquire,Grammar School,7182,david-copperfield
Esquire,Port Middlebay,7182,david-copperfield
Esquire,Doctor Mell,7182,david-copperfield
Esquire,Again,7182,david-copperfield
Esquire,Sol,7182,david-copperfield
Esquire,Wilkins Micawber,7182,david-copperfield
Esquire,Junior,7182,david-copperfield
Esquire,Miss Helena,7182,david-copperfield
Esquire,Doctor Mell,7182,david-copperfield
Junior,Port Middlebay District Magistrate,7182,david-copperfield
Junior,Doctor Mell,7182,david-copperfield
Junior,Grammar School,7182,david-copperfield
Junior,Port Middlebay,7182,david-copperfield
Junior,Doctor Mell,7182,david-copperfield
Junior,Again,7182,david-copperfield
Junior,Sol,7182,david-copperfield
Junior,Wilkins Micawber,7182,david-copperfield
Junior,Esquire,7182,david-copperfield
Junior,Miss Helena,7182,david-copperfield
Junior,Doctor Mell,7182,david-copperfield
Miss Helena,Port Middlebay District Magistrate,7182,david-copperfield
Miss Helena,Doctor Mell,7182,david-copperfield
Miss Helena,Grammar School,7182,david-copperfield
Miss Helena,Port Middlebay,7182,david-copperfield
Miss Helena,Doctor Mell,7182,david-copperfield
Miss Helena,Again,7182,david-copperfield
Miss Helena,Sol,7182,david-copperfield
Miss Helena,Wilkins Micawber,7182,david-copperfield
Miss Helena,Esquire,7182,david-copperfield
Miss Helena,Junior,7182,david-copperfield
Miss Helena,Doctor Mell,7182,david-copperfield
Doctor Mell,Port Middlebay District Magistrate,7182,david-copperfield
Doctor Mell,Grammar School,7182,david-copperfield
Doctor Mell,Port Middlebay,7182,david-copperfield
Doctor Mell,Again,7182,david-copperfield
Doctor Mell,Sol,7182,david-copperfield
Doctor Mell,Wilkins Micawber,7182,david-copperfield
Doctor Mell,Esquire,7182,david-copperfield
Doctor Mell,Junior,7182,david-copperfield
Doctor Mell,Miss Helena,7182,david-copperfield
Doctor Mell,Mr. Mell,7183,david-copperfield
Doctor Mell,Mr. Peggotty,7183,david-copperfield
Mr. Mell,Doctor Mell,7183,david-copperfield
Mr. Mell,Mr. Peggotty,7183,david-copperfield
Mr. Peggotty,Doctor Mell,7183,david-copperfield
Mr. Peggotty,Mr. Mell,7183,david-copperfield
Mr. Micawber,Article,7196,david-copperfield
Article,Mr. Micawber,7196,david-copperfield
Mr. Micawber,Mr. Peggotty,7197,david-copperfield
Mr. Micawber,Agnes,7197,david-copperfield
Mr. Peggotty,Mr. Micawber,7197,david-copperfield
Mr. Peggotty,Agnes,7197,david-copperfield
Agnes,Mr. Micawber,7197,david-copperfield
Agnes,Mr. Peggotty,7197,david-copperfield
Em,Mas,7199,david-copperfield
Em,Davy,7199,david-copperfield
Mas,Em,7199,david-copperfield
Mas,Davy,7199,david-copperfield
Davy,Em,7199,david-copperfield
Davy,Mas,7199,david-copperfield
Peggotty,Paul,7206,david-copperfield
Paul,Peggotty,7206,david-copperfield
Scotch Croesus,Julia Mills,7217,david-copperfield
Julia Mills,Scotch Croesus,7217,david-copperfield
Julia Mills,Julia,7218,david-copperfield
Julia Mills,Affection,7218,david-copperfield
Julia Mills,Dirge,7218,david-copperfield
Julia Mills,Scotch Croesus,7218,david-copperfield
Julia Mills,Julia,7218,david-copperfield
Julia,Julia Mills,7218,david-copperfield
Julia,Affection,7218,david-copperfield
Julia,Dirge,7218,david-copperfield
Julia,Scotch Croesus,7218,david-copperfield
Affection,Julia Mills,7218,david-copperfield
Affection,Julia,7218,david-copperfield
Affection,Dirge,7218,david-copperfield
Affection,Scotch Croesus,7218,david-copperfield
Affection,Julia,7218,david-copperfield
Dirge,Julia Mills,7218,david-copperfield
Dirge,Julia,7218,david-copperfield
Dirge,Affection,7218,david-copperfield
Dirge,Scotch Croesus,7218,david-copperfield
Dirge,Julia,7218,david-copperfield
Scotch Croesus,Julia Mills,7218,david-copperfield
Scotch Croesus,Julia,7218,david-copperfield
Scotch Croesus,Affection,7218,david-copperfield
Scotch Croesus,Dirge,7218,david-copperfield
Scotch Croesus,Julia,7218,david-copperfield
Julia,Julia Mills,7218,david-copperfield
Julia,Affection,7218,david-copperfield
Julia,Dirge,7218,david-copperfield
Julia,Scotch Croesus,7218,david-copperfield
Julia,Mr. Jack Maldon,7219,david-copperfield
Julia,Mr. Jack Maldon,7219,david-copperfield
Mr. Jack Maldon,Julia,7219,david-copperfield
Mr. Jack Maldon,Julia,7219,david-copperfield
Sophy,Traddles,7222,david-copperfield
Traddles,Sophy,7222,david-copperfield
Traddles,Sophy,7227,david-copperfield
Sophy,Traddles,7227,david-copperfield
Sophy,Traddles,7227,david-copperfield
Traddles,Sophy,7227,david-copperfield
Sophy,Traddles,7231,david-copperfield
Sophy,Traddles,7231,david-copperfield
Traddles,Sophy,7231,david-copperfield
Traddles,Sophy,7231,david-copperfield
Traddles,Sophy,7231,david-copperfield
Traddles,Sophy,7231,david-copperfield
Sophy,Traddles,7231,david-copperfield
Sophy,Traddles,7231,david-copperfield
Sophy,Traddles,7231,david-copperfield
Sophy,Traddles,7231,david-copperfield
Traddles,Sophy,7231,david-copperfield
Traddles,Sophy,7231,david-copperfield
Traddles,Sophy,7231,david-copperfield
Traddles,Sophy,7231,david-copperfield
Sophy,Traddles,7231,david-copperfield
Sophy,Traddles,7231,david-copperfield
Project,Project Gutenberg,7241,david-copperfield
Project,Project Gutenberg,7241,david-copperfield
Project Gutenberg,Project,7241,david-copperfield
Project Gutenberg,Project,7241,david-copperfield
Project Gutenberg,Project,7248,david-copperfield
Project Gutenberg,Project,7248,david-copperfield
Project,Project Gutenberg,7248,david-copperfield
Project,Project Gutenberg,7248,david-copperfield
Project Gutenberg,Project,7249,david-copperfield
Project,Project Gutenberg,7249,david-copperfield
Vanilla ASCII,Project,7257,david-copperfield
Vanilla ASCII,Plain Vanilla,7257,david-copperfield
Project,Vanilla ASCII,7257,david-copperfield
Project,Plain Vanilla,7257,david-copperfield
Plain Vanilla,Vanilla ASCII,7257,david-copperfield
Plain Vanilla,Project,7257,david-copperfield
Project Gutenberg,Project,7263,david-copperfield
Project,Project Gutenberg,7263,david-copperfield
Salt Lake City,Email,7274,david-copperfield
Email,Salt Lake City,7274,david-copperfield
Michael S. Hart,Project,7282,david-copperfield
Project,Michael S. Hart,7282,david-copperfield
