Item1,Item2,Time,Book
Michaelmas,Inn Hall,2,bleak-house
Michaelmas,Implacable November,2,bleak-house
Michaelmas,Holborn Hill,2,bleak-house
Michaelmas,Smoke,2,bleak-house
Inn Hall,Michaelmas,2,bleak-house
Inn Hall,Implacable November,2,bleak-house
Inn Hall,Holborn Hill,2,bleak-house
Inn Hall,Smoke,2,bleak-house
Implacable November,Michaelmas,2,bleak-house
Implacable November,Inn Hall,2,bleak-house
Implacable November,Holborn Hill,2,bleak-house
Implacable November,Smoke,2,bleak-house
Holborn Hill,Michaelmas,2,bleak-house
Holborn Hill,Inn Hall,2,bleak-house
Holborn Hill,Implacable November,2,bleak-house
Holborn Hill,Smoke,2,bleak-house
Smoke,Michaelmas,2,bleak-house
Smoke,Inn Hall,2,bleak-house
Smoke,Implacable November,2,bleak-house
Smoke,Holborn Hill,2,bleak-house
Temple Bar,Inn Hall,5,bleak-house
Temple Bar,Inn Hall,5,bleak-house
Inn Hall,Temple Bar,5,bleak-house
Inn Hall,Temple Bar,5,bleak-house
Jarndyce,Tom Jarndyce,9,bleak-house
Jarndyce,Tom Jarndyce,9,bleak-house
Tom Jarndyce,Jarndyce,9,bleak-house
Tom Jarndyce,Jarndyce,9,bleak-house
Tom Jarndyce,Jarndyce,9,bleak-house
Tom Jarndyce,Jarndyce,9,bleak-house
Jarndyce,Tom Jarndyce,9,bleak-house
Jarndyce,Tom Jarndyce,9,bleak-house
Jarndyce,Every Chancellor,10,bleak-house
Jarndyce,Mr. Blowers,10,bleak-house
Jarndyce,Mr. Blowers,10,bleak-house
Every Chancellor,Jarndyce,10,bleak-house
Every Chancellor,Mr. Blowers,10,bleak-house
Every Chancellor,Mr. Blowers,10,bleak-house
Mr. Blowers,Jarndyce,10,bleak-house
Mr. Blowers,Every Chancellor,10,bleak-house
Mr. Blowers,Jarndyce,10,bleak-house
Mr. Blowers,Every Chancellor,10,bleak-house
Jarndyce,Mr. Chizzle,11,bleak-house
Jarndyce,Mr. Chizzle,11,bleak-house
Mr. Chizzle,Jarndyce,11,bleak-house
Mr. Chizzle,Jarndyce,11,bleak-house
Mr. Chizzle,Jarndyce,11,bleak-house
Jarndyce,Mr. Chizzle,11,bleak-house
Mlud,Mr. Tangle,14,bleak-house
Mlud,Mr. Tangle,14,bleak-house
Mlud,Jarndyce,14,bleak-house
Mr. Tangle,Mlud,14,bleak-house
Mr. Tangle,Jarndyce,14,bleak-house
Mr. Tangle,Mlud,14,bleak-house
Mr. Tangle,Jarndyce,14,bleak-house
Jarndyce,Mlud,14,bleak-house
Jarndyce,Mr. Tangle,14,bleak-house
Jarndyce,Mr. Tangle,14,bleak-house
Mlud,Mr. Tangle,16,bleak-house
Mr. Tangle,Mlud,16,bleak-house
Mr. Tangle,Tangle,22,bleak-house
Tangle,Mr. Tangle,22,bleak-house
Mr.,Begludship,23,bleak-house
Begludship,Mr.,23,bleak-house
Lady Dedlock,Walk,35,bleak-house
Lady Dedlock,Walk,35,bleak-house
Lady Dedlock,Walk,35,bleak-house
Lady Dedlock,Walk,35,bleak-house
Walk,Lady Dedlock,35,bleak-house
Walk,Lady Dedlock,35,bleak-house
Walk,Lady Dedlock,35,bleak-house
Walk,Lady Dedlock,35,bleak-house
Walk,Lady Dedlock,35,bleak-house
Walk,Lady Dedlock,35,bleak-house
Lady Dedlock,Walk,35,bleak-house
Lady Dedlock,Walk,35,bleak-house
Sir,Leicester Dedlock,37,bleak-house
Leicester Dedlock,Sir,37,bleak-house
Sir,Lady,38,bleak-house
Sir,Lady,38,bleak-house
Lady,Sir,38,bleak-house
Lady,Sir,38,bleak-house
Sir Leicester,Wealth,39,bleak-house
Sir Leicester,Lady Dedlock,39,bleak-house
Wealth,Sir Leicester,39,bleak-house
Wealth,Lady Dedlock,39,bleak-house
Lady Dedlock,Sir Leicester,39,bleak-house
Lady Dedlock,Wealth,39,bleak-house
Alexander,Lady Dedlock,40,bleak-house
Lady Dedlock,Alexander,40,bleak-house
Lady Dedlock,Lady,42,bleak-house
Lady,Lady Dedlock,42,bleak-house
Mr. Tulkinghorn,Mute,43,bleak-house
Mute,Mr. Tulkinghorn,43,bleak-house
Mute,Mr. Tulkinghorn,43,bleak-house
Mr. Tulkinghorn,Mute,43,bleak-house
Sir,Leicester Dedlock,44,bleak-house
Sir,Mr. Tulkinghorn,44,bleak-house
Sir,Sir Leicester,44,bleak-house
Sir,Mr. Tulkinghorn,44,bleak-house
Leicester Dedlock,Sir,44,bleak-house
Leicester Dedlock,Mr. Tulkinghorn,44,bleak-house
Leicester Dedlock,Sir Leicester,44,bleak-house
Leicester Dedlock,Mr. Tulkinghorn,44,bleak-house
Mr. Tulkinghorn,Sir,44,bleak-house
Mr. Tulkinghorn,Leicester Dedlock,44,bleak-house
Mr. Tulkinghorn,Sir Leicester,44,bleak-house
Sir Leicester,Sir,44,bleak-house
Sir Leicester,Leicester Dedlock,44,bleak-house
Sir Leicester,Mr. Tulkinghorn,44,bleak-house
Sir Leicester,Mr. Tulkinghorn,44,bleak-house
Mr. Tulkinghorn,Sir,44,bleak-house
Mr. Tulkinghorn,Leicester Dedlock,44,bleak-house
Mr. Tulkinghorn,Sir Leicester,44,bleak-house
Mr. Tulkinghorn,Lady Dedlock,45,bleak-house
Mr. Tulkinghorn,Lady Dedlock,45,bleak-house
Mr. Tulkinghorn,Lemuel Gulliver,45,bleak-house
Mr. Tulkinghorn,Blaze,45,bleak-house
Mr. Tulkinghorn,Lady Dedlock,45,bleak-house
Mr. Tulkinghorn,Sheen,45,bleak-house
Mr. Tulkinghorn,Gloss,45,bleak-house
Mr. Tulkinghorn,Mr. Sladdery,45,bleak-house
Mr. Tulkinghorn,Mr. Sladdery,45,bleak-house
Lady Dedlock,Mr. Tulkinghorn,45,bleak-house
Lady Dedlock,Lemuel Gulliver,45,bleak-house
Lady Dedlock,Blaze,45,bleak-house
Lady Dedlock,Sheen,45,bleak-house
Lady Dedlock,Gloss,45,bleak-house
Lady Dedlock,Mr. Sladdery,45,bleak-house
Lady Dedlock,Mr. Sladdery,45,bleak-house
Lady Dedlock,Mr. Tulkinghorn,45,bleak-house
Lady Dedlock,Lemuel Gulliver,45,bleak-house
Lady Dedlock,Blaze,45,bleak-house
Lady Dedlock,Sheen,45,bleak-house
Lady Dedlock,Gloss,45,bleak-house
Lady Dedlock,Mr. Sladdery,45,bleak-house
Lady Dedlock,Mr. Sladdery,45,bleak-house
Lemuel Gulliver,Mr. Tulkinghorn,45,bleak-house
Lemuel Gulliver,Lady Dedlock,45,bleak-house
Lemuel Gulliver,Lady Dedlock,45,bleak-house
Lemuel Gulliver,Blaze,45,bleak-house
Lemuel Gulliver,Lady Dedlock,45,bleak-house
Lemuel Gulliver,Sheen,45,bleak-house
Lemuel Gulliver,Gloss,45,bleak-house
Lemuel Gulliver,Mr. Sladdery,45,bleak-house
Lemuel Gulliver,Mr. Sladdery,45,bleak-house
Blaze,Mr. Tulkinghorn,45,bleak-house
Blaze,Lady Dedlock,45,bleak-house
Blaze,Lady Dedlock,45,bleak-house
Blaze,Lemuel Gulliver,45,bleak-house
Blaze,Lady Dedlock,45,bleak-house
Blaze,Sheen,45,bleak-house
Blaze,Gloss,45,bleak-house
Blaze,Mr. Sladdery,45,bleak-house
Blaze,Mr. Sladdery,45,bleak-house
Lady Dedlock,Mr. Tulkinghorn,45,bleak-house
Lady Dedlock,Lemuel Gulliver,45,bleak-house
Lady Dedlock,Blaze,45,bleak-house
Lady Dedlock,Sheen,45,bleak-house
Lady Dedlock,Gloss,45,bleak-house
Lady Dedlock,Mr. Sladdery,45,bleak-house
Lady Dedlock,Mr. Sladdery,45,bleak-house
Sheen,Mr. Tulkinghorn,45,bleak-house
Sheen,Lady Dedlock,45,bleak-house
Sheen,Lady Dedlock,45,bleak-house
Sheen,Lemuel Gulliver,45,bleak-house
Sheen,Blaze,45,bleak-house
Sheen,Lady Dedlock,45,bleak-house
Sheen,Gloss,45,bleak-house
Sheen,Mr. Sladdery,45,bleak-house
Sheen,Mr. Sladdery,45,bleak-house
Gloss,Mr. Tulkinghorn,45,bleak-house
Gloss,Lady Dedlock,45,bleak-house
Gloss,Lady Dedlock,45,bleak-house
Gloss,Lemuel Gulliver,45,bleak-house
Gloss,Blaze,45,bleak-house
Gloss,Lady Dedlock,45,bleak-house
Gloss,Sheen,45,bleak-house
Gloss,Mr. Sladdery,45,bleak-house
Gloss,Mr. Sladdery,45,bleak-house
Mr. Sladdery,Mr. Tulkinghorn,45,bleak-house
Mr. Sladdery,Lady Dedlock,45,bleak-house
Mr. Sladdery,Lady Dedlock,45,bleak-house
Mr. Sladdery,Lemuel Gulliver,45,bleak-house
Mr. Sladdery,Blaze,45,bleak-house
Mr. Sladdery,Lady Dedlock,45,bleak-house
Mr. Sladdery,Sheen,45,bleak-house
Mr. Sladdery,Gloss,45,bleak-house
Mr. Sladdery,Mr. Tulkinghorn,45,bleak-house
Mr. Sladdery,Lady Dedlock,45,bleak-house
Mr. Sladdery,Lady Dedlock,45,bleak-house
Mr. Sladdery,Lemuel Gulliver,45,bleak-house
Mr. Sladdery,Blaze,45,bleak-house
Mr. Sladdery,Lady Dedlock,45,bleak-house
Mr. Sladdery,Sheen,45,bleak-house
Mr. Sladdery,Gloss,45,bleak-house
Lady,Mr. Tulkinghorn,47,bleak-house
Lady,Sir Leicester,47,bleak-house
Mr. Tulkinghorn,Lady,47,bleak-house
Mr. Tulkinghorn,Sir Leicester,47,bleak-house
Sir Leicester,Lady,47,bleak-house
Sir Leicester,Mr. Tulkinghorn,47,bleak-house
Mr. Tulkinghorn,Lady,48,bleak-house
Lady,Mr. Tulkinghorn,48,bleak-house
Sir,Leicester,52,bleak-house
Sir,Lady,52,bleak-house
Sir,Wat Tyler,52,bleak-house
Leicester,Sir,52,bleak-house
Leicester,Lady,52,bleak-house
Leicester,Wat Tyler,52,bleak-house
Lady,Sir,52,bleak-house
Lady,Leicester,52,bleak-house
Lady,Wat Tyler,52,bleak-house
Wat Tyler,Sir,52,bleak-house
Wat Tyler,Leicester,52,bleak-house
Wat Tyler,Lady,52,bleak-house
Mr.,Lady,55,bleak-house
Lady,Mr.,55,bleak-house
Mr.,Sir Leicester,58,bleak-house
Mr.,Who,58,bleak-house
Sir Leicester,Mr.,58,bleak-house
Sir Leicester,Who,58,bleak-house
Who,Mr.,58,bleak-house
Who,Sir Leicester,58,bleak-house
Mr.,Lady,59,bleak-house
Lady,Mr.,59,bleak-house
Mr.,Sir Leicester,63,bleak-house
Sir Leicester,Mr.,63,bleak-house
Mr. Tulkinghorn,Lady Dedlock,64,bleak-house
Lady Dedlock,Mr. Tulkinghorn,64,bleak-house
Mr.,Mercury,66,bleak-house
Mr.,Mr. Tulkinghorn,66,bleak-house
Mercury,Mr.,66,bleak-house
Mercury,Mr. Tulkinghorn,66,bleak-house
Mr. Tulkinghorn,Mr.,66,bleak-house
Mr. Tulkinghorn,Mercury,66,bleak-house
Imperfect,Dolly,86,bleak-house
Dolly,Imperfect,86,bleak-house
Kenge,Carboy,99,bleak-house
Kenge,Lincoln,99,bleak-house
Kenge,Carboy,99,bleak-house
Kenge,Lincoln,99,bleak-house
Carboy,Kenge,99,bleak-house
Carboy,Kenge,99,bleak-house
Carboy,Lincoln,99,bleak-house
Lincoln,Kenge,99,bleak-house
Lincoln,Kenge,99,bleak-house
Lincoln,Carboy,99,bleak-house
Mr. Kenge,Don,103,bleak-house
Mr. Kenge,Don,103,bleak-house
Mr. Kenge,Don,103,bleak-house
Don,Mr. Kenge,103,bleak-house
Don,Mr. Kenge,103,bleak-house
Don,Mr. Kenge,103,bleak-house
Mr. Kenge,Jarndyce,105,bleak-house
Jarndyce,Mr. Kenge,105,bleak-house
Jarndyce,Mr. Kenge,107,bleak-house
Jarndyce,Rachael,107,bleak-house
Jarndyce,Mr. Kenge,107,bleak-house
Mr. Kenge,Jarndyce,107,bleak-house
Mr. Kenge,Rachael,107,bleak-house
Rachael,Jarndyce,107,bleak-house
Rachael,Mr. Kenge,107,bleak-house
Rachael,Mr. Kenge,107,bleak-house
Mr. Kenge,Jarndyce,107,bleak-house
Mr. Kenge,Rachael,107,bleak-house
Mr. Kenge,Miss Barbary,113,bleak-house
Miss Barbary,Mr. Kenge,113,bleak-house
Mr. Kenge,Miss Barbary,115,bleak-house
Mr. Kenge,Jarndyce,115,bleak-house
Miss Barbary,Mr. Kenge,115,bleak-house
Miss Barbary,Jarndyce,115,bleak-house
Miss Barbary,Mr. Kenge,115,bleak-house
Jarndyce,Mr. Kenge,115,bleak-house
Jarndyce,Miss Barbary,115,bleak-house
Jarndyce,Mr. Kenge,115,bleak-house
Mr. Kenge,Miss Barbary,115,bleak-house
Mr. Kenge,Jarndyce,115,bleak-house
Mr. Kenge,Take,121,bleak-house
Take,Mr. Kenge,121,bleak-house
Esther,Miss Donny,153,bleak-house
Esther,Mr. Jarndyce,153,bleak-house
Miss Donny,Esther,153,bleak-house
Miss Donny,Mr. Jarndyce,153,bleak-house
Mr. Jarndyce,Esther,153,bleak-house
Mr. Jarndyce,Miss Donny,153,bleak-house
Mr. Jarndyce,Miss Donny,155,bleak-house
Miss Donny,Mr. Jarndyce,155,bleak-house
Esther,Miss Donny,158,bleak-house
Esther,Kenge,158,bleak-house
Esther,Carboy,158,bleak-house
Esther,Mr. Kenge,158,bleak-house
Miss Donny,Esther,158,bleak-house
Miss Donny,Kenge,158,bleak-house
Miss Donny,Carboy,158,bleak-house
Miss Donny,Mr. Kenge,158,bleak-house
Kenge,Esther,158,bleak-house
Kenge,Miss Donny,158,bleak-house
Kenge,Carboy,158,bleak-house
Kenge,Mr. Kenge,158,bleak-house
Carboy,Esther,158,bleak-house
Carboy,Miss Donny,158,bleak-house
Carboy,Kenge,158,bleak-house
Carboy,Mr. Kenge,158,bleak-house
Mr. Kenge,Esther,158,bleak-house
Mr. Kenge,Miss Donny,158,bleak-house
Mr. Kenge,Kenge,158,bleak-house
Mr. Kenge,Carboy,158,bleak-house
Miss Donny,Mr. Kenge,163,bleak-house
Miss Donny,Kenge,163,bleak-house
Miss Donny,Mr. Kenge,163,bleak-house
Mr. Kenge,Miss Donny,163,bleak-house
Mr. Kenge,Miss Donny,163,bleak-house
Mr. Kenge,Kenge,163,bleak-house
Miss Donny,Mr. Kenge,163,bleak-house
Miss Donny,Kenge,163,bleak-house
Miss Donny,Mr. Kenge,163,bleak-house
Kenge,Miss Donny,163,bleak-house
Kenge,Mr. Kenge,163,bleak-house
Kenge,Miss Donny,163,bleak-house
Kenge,Mr. Kenge,163,bleak-house
Mr. Kenge,Miss Donny,163,bleak-house
Mr. Kenge,Miss Donny,163,bleak-house
Mr. Kenge,Kenge,163,bleak-house
Old,Lincoln,166,bleak-house
Lincoln,Old,166,bleak-house
Madam,Servts,171,bleak-house
Servts,Madam,171,bleak-house
Kenge,Carboy,172,bleak-house
Carboy,Kenge,172,bleak-house
Miss,Esther Summerson,173,bleak-house
Esther Summerson,Miss,173,bleak-house
Kenge,Carboy,180,bleak-house
Kenge,Lincoln,180,bleak-house
Carboy,Kenge,180,bleak-house
Carboy,Lincoln,180,bleak-house
Lincoln,Kenge,180,bleak-house
Lincoln,Carboy,180,bleak-house
Kenge,Carboy,188,bleak-house
Kenge,Mr. Kenge,188,bleak-house
Carboy,Kenge,188,bleak-house
Carboy,Mr. Kenge,188,bleak-house
Mr. Kenge,Kenge,188,bleak-house
Mr. Kenge,Carboy,188,bleak-house
Mr. Kenge,Miss Summerson,193,bleak-house
Miss Summerson,Mr. Kenge,193,bleak-house
Mr. Kenge,Miss Summerson,197,bleak-house
Miss Summerson,Mr. Kenge,197,bleak-house
Richard Carstone,Richard,200,bleak-house
Richard,Richard Carstone,200,bleak-house
Mr.,Kenge,205,bleak-house
Kenge,Mr.,205,bleak-house
Bleak House,Mr. Kenge,207,bleak-house
Mr. Kenge,Bleak House,207,bleak-house
Young Mr.,Richard Carstone,215,bleak-house
Richard Carstone,Young Mr.,215,bleak-house
Bleak House,Mr. Kenge,218,bleak-house
Mr. Kenge,Bleak House,218,bleak-house
Miss Ada Clare,Miss Summerson,220,bleak-house
Miss Summerson,Miss Ada Clare,220,bleak-house
Mr.,Kenge,224,bleak-house
Kenge,Mr.,224,bleak-house
Mr.,Kenge,225,bleak-house
Mr.,Richard,225,bleak-house
Mr.,Mr. Jarndyce,225,bleak-house
Mr.,Bleak House,225,bleak-house
Mr.,Richard Carstone,225,bleak-house
Kenge,Mr.,225,bleak-house
Kenge,Richard,225,bleak-house
Kenge,Mr. Jarndyce,225,bleak-house
Kenge,Bleak House,225,bleak-house
Kenge,Richard Carstone,225,bleak-house
Richard,Mr.,225,bleak-house
Richard,Kenge,225,bleak-house
Richard,Mr. Jarndyce,225,bleak-house
Richard,Bleak House,225,bleak-house
Richard,Richard Carstone,225,bleak-house
Mr. Jarndyce,Mr.,225,bleak-house
Mr. Jarndyce,Kenge,225,bleak-house
Mr. Jarndyce,Richard,225,bleak-house
Mr. Jarndyce,Bleak House,225,bleak-house
Mr. Jarndyce,Richard Carstone,225,bleak-house
Bleak House,Mr.,225,bleak-house
Bleak House,Kenge,225,bleak-house
Bleak House,Richard,225,bleak-house
Bleak House,Mr. Jarndyce,225,bleak-house
Bleak House,Richard Carstone,225,bleak-house
Richard Carstone,Mr.,225,bleak-house
Richard Carstone,Kenge,225,bleak-house
Richard Carstone,Richard,225,bleak-house
Richard Carstone,Mr. Jarndyce,225,bleak-house
Richard Carstone,Bleak House,225,bleak-house
Mr. Jarndyce,Bleak House,226,bleak-house
Bleak House,Mr. Jarndyce,226,bleak-house
Richard Carstone,Miss Summerson,229,bleak-house
Miss Summerson,Richard Carstone,229,bleak-house
Quite,Mr. Kenge,241,bleak-house
Mr. Kenge,Quite,241,bleak-house
Mr. Kenge,Jellyby,247,bleak-house
Mr. Kenge,Jellyby,247,bleak-house
Jellyby,Mr. Kenge,247,bleak-house
Jellyby,Mr. Kenge,247,bleak-house
Mr. Kenge,Jellyby,249,bleak-house
Mr. Kenge,Mr. Jarndyce,249,bleak-house
Jellyby,Mr. Kenge,249,bleak-house
Jellyby,Mr. Jarndyce,249,bleak-house
Mr. Jarndyce,Mr. Kenge,249,bleak-house
Mr. Jarndyce,Jellyby,249,bleak-house
Mr. Jellyby,Richard,251,bleak-house
Richard,Mr. Jellyby,251,bleak-house
Mr. Jellyby,Mr. Kenge,252,bleak-house
Mr. Kenge,Mr. Jellyby,252,bleak-house
Mr. Kenge,Mr. Jellyby,254,bleak-house
Mr. Kenge,Mr. Jellyby,254,bleak-house
Mr. Kenge,Bleak House,254,bleak-house
Mr. Kenge,Mr. Jarndyce,254,bleak-house
Mr. Kenge,Jellyby,254,bleak-house
Mr. Jellyby,Mr. Kenge,254,bleak-house
Mr. Jellyby,Mr. Kenge,254,bleak-house
Mr. Jellyby,Bleak House,254,bleak-house
Mr. Jellyby,Mr. Jarndyce,254,bleak-house
Mr. Jellyby,Jellyby,254,bleak-house
Mr. Jellyby,Mr. Kenge,254,bleak-house
Mr. Jellyby,Mr. Kenge,254,bleak-house
Mr. Jellyby,Bleak House,254,bleak-house
Mr. Jellyby,Mr. Jarndyce,254,bleak-house
Mr. Jellyby,Jellyby,254,bleak-house
Mr. Kenge,Mr. Jellyby,254,bleak-house
Mr. Kenge,Mr. Jellyby,254,bleak-house
Mr. Kenge,Bleak House,254,bleak-house
Mr. Kenge,Mr. Jarndyce,254,bleak-house
Mr. Kenge,Jellyby,254,bleak-house
Bleak House,Mr. Kenge,254,bleak-house
Bleak House,Mr. Jellyby,254,bleak-house
Bleak House,Mr. Jellyby,254,bleak-house
Bleak House,Mr. Kenge,254,bleak-house
Bleak House,Mr. Jarndyce,254,bleak-house
Bleak House,Jellyby,254,bleak-house
Mr. Jarndyce,Mr. Kenge,254,bleak-house
Mr. Jarndyce,Mr. Jellyby,254,bleak-house
Mr. Jarndyce,Mr. Jellyby,254,bleak-house
Mr. Jarndyce,Mr. Kenge,254,bleak-house
Mr. Jarndyce,Bleak House,254,bleak-house
Mr. Jarndyce,Jellyby,254,bleak-house
Jellyby,Mr. Kenge,254,bleak-house
Jellyby,Mr. Jellyby,254,bleak-house
Jellyby,Mr. Jellyby,254,bleak-house
Jellyby,Mr. Kenge,254,bleak-house
Jellyby,Bleak House,254,bleak-house
Jellyby,Mr. Jarndyce,254,bleak-house
Mr. Kenge,Miss Summerson,255,bleak-house
Mr. Kenge,Mr. Guppy,255,bleak-house
Miss Summerson,Mr. Kenge,255,bleak-house
Miss Summerson,Mr. Guppy,255,bleak-house
Mr. Guppy,Mr. Kenge,255,bleak-house
Mr. Guppy,Miss Summerson,255,bleak-house
Mr. Kenge,Miss Clare,256,bleak-house
Mr. Kenge,Miss Summerson,256,bleak-house
Mr. Kenge,Carstone,256,bleak-house
Mr. Kenge,Guppy,256,bleak-house
Miss Clare,Mr. Kenge,256,bleak-house
Miss Clare,Miss Summerson,256,bleak-house
Miss Clare,Carstone,256,bleak-house
Miss Clare,Guppy,256,bleak-house
Miss Summerson,Mr. Kenge,256,bleak-house
Miss Summerson,Miss Clare,256,bleak-house
Miss Summerson,Carstone,256,bleak-house
Miss Summerson,Guppy,256,bleak-house
Carstone,Mr. Kenge,256,bleak-house
Carstone,Miss Clare,256,bleak-house
Carstone,Miss Summerson,256,bleak-house
Carstone,Guppy,256,bleak-house
Guppy,Mr. Kenge,256,bleak-house
Guppy,Miss Clare,256,bleak-house
Guppy,Miss Summerson,256,bleak-house
Guppy,Carstone,256,bleak-house
Mr. Guppy,Richard,257,bleak-house
Richard,Mr. Guppy,257,bleak-house
Mr. Guppy,Chancery Lane,260,bleak-house
Mr. Guppy,Holborn,260,bleak-house
Chancery Lane,Mr. Guppy,260,bleak-house
Chancery Lane,Holborn,260,bleak-house
Holborn,Mr. Guppy,260,bleak-house
Holborn,Chancery Lane,260,bleak-house
Don,Mr. Guppy,264,bleak-house
Mr. Guppy,Don,264,bleak-house
Richard,Mr. Guppy,267,bleak-house
Richard,Mr. Guppy,267,bleak-house
Mr. Guppy,Richard,267,bleak-house
Mr. Guppy,Richard,267,bleak-house
Jellyby,Ada,268,bleak-house
Jellyby,Missis Jellyby,268,bleak-house
Ada,Jellyby,268,bleak-house
Ada,Missis Jellyby,268,bleak-house
Ada,Jellyby,268,bleak-house
Missis Jellyby,Jellyby,268,bleak-house
Missis Jellyby,Ada,268,bleak-house
Missis Jellyby,Jellyby,268,bleak-house
Jellyby,Ada,268,bleak-house
Jellyby,Missis Jellyby,268,bleak-house
Richard,Africa,269,bleak-house
Africa,Richard,269,bleak-house
Swallow,Caddy,285,bleak-house
Caddy,Swallow,285,bleak-house
Ada,Peepy,287,bleak-house
Peepy,Ada,287,bleak-house
Caddy,Miss Clare,289,bleak-house
Caddy,Miss Summerson,289,bleak-house
Caddy,Pray,289,bleak-house
Caddy,Miss Summerson,289,bleak-house
Miss Clare,Caddy,289,bleak-house
Miss Clare,Miss Summerson,289,bleak-house
Miss Clare,Pray,289,bleak-house
Miss Clare,Miss Summerson,289,bleak-house
Miss Summerson,Caddy,289,bleak-house
Miss Summerson,Miss Clare,289,bleak-house
Miss Summerson,Pray,289,bleak-house
Pray,Caddy,289,bleak-house
Pray,Miss Clare,289,bleak-house
Pray,Miss Summerson,289,bleak-house
Pray,Miss Summerson,289,bleak-house
Miss Summerson,Caddy,289,bleak-house
Miss Summerson,Miss Clare,289,bleak-house
Miss Summerson,Pray,289,bleak-house
Ada,Miss Jellyby,294,bleak-house
Miss Jellyby,Ada,294,bleak-house
Ada,Peepy,295,bleak-house
Peepy,Ada,295,bleak-house
Tunbridge Wells,Jellyby,296,bleak-house
Tunbridge Wells,Richard,296,bleak-house
Tunbridge Wells,Ada,296,bleak-house
Jellyby,Tunbridge Wells,296,bleak-house
Jellyby,Richard,296,bleak-house
Jellyby,Ada,296,bleak-house
Richard,Tunbridge Wells,296,bleak-house
Richard,Jellyby,296,bleak-house
Richard,Ada,296,bleak-house
Ada,Tunbridge Wells,296,bleak-house
Ada,Jellyby,296,bleak-house
Ada,Richard,296,bleak-house
Jellyby,Richard,298,bleak-house
Richard,Jellyby,298,bleak-house
Richard,Mr. Jellyby,299,bleak-house
Richard,Mr. Jellyby,299,bleak-house
Richard,Mr. Quale,299,bleak-house
Richard,Mr. Jellyby,299,bleak-house
Mr. Jellyby,Richard,299,bleak-house
Mr. Jellyby,Mr. Quale,299,bleak-house
Mr. Jellyby,Richard,299,bleak-house
Mr. Jellyby,Mr. Quale,299,bleak-house
Mr. Quale,Richard,299,bleak-house
Mr. Quale,Mr. Jellyby,299,bleak-house
Mr. Quale,Mr. Jellyby,299,bleak-house
Mr. Quale,Mr. Jellyby,299,bleak-house
Mr. Jellyby,Richard,299,bleak-house
Mr. Jellyby,Mr. Quale,299,bleak-house
Africa,Jellyby,300,bleak-house
Africa,Mr. Jellyby,300,bleak-house
Africa,Richard,300,bleak-house
Africa,Richard,300,bleak-house
Jellyby,Africa,300,bleak-house
Jellyby,Mr. Jellyby,300,bleak-house
Jellyby,Richard,300,bleak-house
Jellyby,Richard,300,bleak-house
Mr. Jellyby,Africa,300,bleak-house
Mr. Jellyby,Jellyby,300,bleak-house
Mr. Jellyby,Richard,300,bleak-house
Mr. Jellyby,Richard,300,bleak-house
Richard,Africa,300,bleak-house
Richard,Jellyby,300,bleak-house
Richard,Mr. Jellyby,300,bleak-house
Richard,Africa,300,bleak-house
Richard,Jellyby,300,bleak-house
Richard,Mr. Jellyby,300,bleak-house
Mr. Quale,Peepy,301,bleak-house
Mr. Quale,Ada,301,bleak-house
Mr. Quale,Puss,301,bleak-house
Mr. Quale,Peepy,301,bleak-house
Peepy,Mr. Quale,301,bleak-house
Peepy,Ada,301,bleak-house
Peepy,Puss,301,bleak-house
Ada,Mr. Quale,301,bleak-house
Ada,Peepy,301,bleak-house
Ada,Puss,301,bleak-house
Ada,Peepy,301,bleak-house
Puss,Mr. Quale,301,bleak-house
Puss,Peepy,301,bleak-house
Puss,Ada,301,bleak-house
Puss,Peepy,301,bleak-house
Peepy,Mr. Quale,301,bleak-house
Peepy,Ada,301,bleak-house
Peepy,Puss,301,bleak-house
Ada,How,304,bleak-house
Ada,Jarndyce,304,bleak-house
How,Ada,304,bleak-house
How,Jarndyce,304,bleak-house
Jarndyce,Ada,304,bleak-house
Jarndyce,How,304,bleak-house
Ada,Esther,308,bleak-house
Esther,Ada,308,bleak-house
Ada,Jarndyce,320,bleak-house
Ada,Richard,320,bleak-house
Ada,Mr. Jarndyce,320,bleak-house
Jarndyce,Ada,320,bleak-house
Jarndyce,Richard,320,bleak-house
Jarndyce,Mr. Jarndyce,320,bleak-house
Jarndyce,Ada,320,bleak-house
Jarndyce,Ada,320,bleak-house
Richard,Ada,320,bleak-house
Richard,Jarndyce,320,bleak-house
Richard,Mr. Jarndyce,320,bleak-house
Richard,Ada,320,bleak-house
Richard,Ada,320,bleak-house
Mr. Jarndyce,Ada,320,bleak-house
Mr. Jarndyce,Jarndyce,320,bleak-house
Mr. Jarndyce,Richard,320,bleak-house
Mr. Jarndyce,Ada,320,bleak-house
Mr. Jarndyce,Ada,320,bleak-house
Ada,Jarndyce,320,bleak-house
Ada,Richard,320,bleak-house
Ada,Mr. Jarndyce,320,bleak-house
Ada,Jarndyce,320,bleak-house
Ada,Richard,320,bleak-house
Ada,Mr. Jarndyce,320,bleak-house
Ada,Bleak House,321,bleak-house
Bleak House,Ada,321,bleak-house
Certainly,Don,326,bleak-house
Certainly,Miss Clare,326,bleak-house
Don,Certainly,326,bleak-house
Don,Miss Clare,326,bleak-house
Miss Clare,Certainly,326,bleak-house
Miss Clare,Don,326,bleak-house
Don,Miss Summerson,330,bleak-house
Miss Summerson,Don,330,bleak-house
Don,Miss Summerson,344,bleak-house
Miss Summerson,Don,344,bleak-house
Priscilla,Miss Summerson,360,bleak-house
Miss Summerson,Priscilla,360,bleak-house
Peepy,Ada,364,bleak-house
Peepy,Miss Jellyby,364,bleak-house
Peepy,Priscilla,364,bleak-house
Peepy,Crumbs,364,bleak-house
Ada,Peepy,364,bleak-house
Ada,Miss Jellyby,364,bleak-house
Ada,Priscilla,364,bleak-house
Ada,Crumbs,364,bleak-house
Miss Jellyby,Peepy,364,bleak-house
Miss Jellyby,Ada,364,bleak-house
Miss Jellyby,Priscilla,364,bleak-house
Miss Jellyby,Crumbs,364,bleak-house
Priscilla,Peepy,364,bleak-house
Priscilla,Ada,364,bleak-house
Priscilla,Miss Jellyby,364,bleak-house
Priscilla,Crumbs,364,bleak-house
Crumbs,Peepy,364,bleak-house
Crumbs,Ada,364,bleak-house
Crumbs,Miss Jellyby,364,bleak-house
Crumbs,Priscilla,364,bleak-house
Richard,Thavies Inn,365,bleak-house
Richard,Miss Jellyby,365,bleak-house
Richard,Miss Jellyby,365,bleak-house
Thavies Inn,Richard,365,bleak-house
Thavies Inn,Miss Jellyby,365,bleak-house
Thavies Inn,Miss Jellyby,365,bleak-house
Miss Jellyby,Richard,365,bleak-house
Miss Jellyby,Thavies Inn,365,bleak-house
Miss Jellyby,Richard,365,bleak-house
Miss Jellyby,Thavies Inn,365,bleak-house
Anywhere,Miss Jellyby,368,bleak-house
Miss Jellyby,Anywhere,368,bleak-house
Miss Summerson,Such ASSES,371,bleak-house
Such ASSES,Miss Summerson,371,bleak-house
Don,Miss Summerson,373,bleak-house
Don,Ma,373,bleak-house
Miss Summerson,Don,373,bleak-house
Miss Summerson,Ma,373,bleak-house
Ma,Don,373,bleak-house
Ma,Miss Summerson,373,bleak-house
Mr. Quale,Richard,376,bleak-house
Mr. Quale,Ada,376,bleak-house
Mr. Quale,Miss Jellyby,376,bleak-house
Richard,Mr. Quale,376,bleak-house
Richard,Ada,376,bleak-house
Richard,Miss Jellyby,376,bleak-house
Ada,Mr. Quale,376,bleak-house
Ada,Richard,376,bleak-house
Ada,Miss Jellyby,376,bleak-house
Miss Jellyby,Mr. Quale,376,bleak-house
Miss Jellyby,Richard,376,bleak-house
Miss Jellyby,Ada,376,bleak-house
Richard,Ada,377,bleak-house
Ada,Richard,377,bleak-house
Miss Summerson,Miss Jellyby,381,bleak-house
Miss Jellyby,Miss Summerson,381,bleak-house
Richard,Miss Jellyby,384,bleak-house
Miss Jellyby,Richard,384,bleak-house
Miss Jellyby,Richard,388,bleak-house
Miss Jellyby,Ada,388,bleak-house
Miss Jellyby,Richard,388,bleak-house
Miss Jellyby,Ada,388,bleak-house
Richard,Miss Jellyby,388,bleak-house
Richard,Ada,388,bleak-house
Richard,Ada,388,bleak-house
Ada,Miss Jellyby,388,bleak-house
Ada,Richard,388,bleak-house
Ada,Richard,388,bleak-house
Richard,Miss Jellyby,388,bleak-house
Richard,Ada,388,bleak-house
Richard,Ada,388,bleak-house
Ada,Miss Jellyby,388,bleak-house
Ada,Richard,388,bleak-house
Ada,Richard,388,bleak-house
Law Books,Carboy,390,bleak-house
Law Books,Mr. Krook,390,bleak-house
Law Books,Richard,390,bleak-house
Law Books,Ada,390,bleak-house
Carboy,Law Books,390,bleak-house
Carboy,Mr. Krook,390,bleak-house
Carboy,Richard,390,bleak-house
Carboy,Ada,390,bleak-house
Mr. Krook,Law Books,390,bleak-house
Mr. Krook,Carboy,390,bleak-house
Mr. Krook,Richard,390,bleak-house
Mr. Krook,Ada,390,bleak-house
Richard,Law Books,390,bleak-house
Richard,Carboy,390,bleak-house
Richard,Mr. Krook,390,bleak-house
Richard,Ada,390,bleak-house
Ada,Law Books,390,bleak-house
Ada,Carboy,390,bleak-house
Ada,Mr. Krook,390,bleak-house
Ada,Richard,390,bleak-house
Lincoln,Inn,391,bleak-house
Inn,Lincoln,391,bleak-house
Richard,Ada,399,bleak-house
Ada,Richard,399,bleak-house
Ada,Mr. Krook,400,bleak-house
Mr. Krook,Ada,400,bleak-house
Richard,Ada,414,bleak-house
Ada,Richard,414,bleak-house
Tom,Tom Jarndyce,415,bleak-house
Tom Jarndyce,Tom,415,bleak-house
Krook,Chancery Lane,417,bleak-house
Krook,Tom Jarndyce,417,bleak-house
Chancery Lane,Krook,417,bleak-house
Chancery Lane,Tom Jarndyce,417,bleak-house
Tom Jarndyce,Krook,417,bleak-house
Tom Jarndyce,Chancery Lane,417,bleak-house
Ada,Richard,420,bleak-house
Richard,Ada,420,bleak-house
Lincoln,Inn Hall,421,bleak-house
Inn Hall,Lincoln,421,bleak-house
Richard,Ada,437,bleak-house
Richard,Miss Jellyby,437,bleak-house
Richard,Kenge,437,bleak-house
Richard,Carboy,437,bleak-house
Ada,Richard,437,bleak-house
Ada,Miss Jellyby,437,bleak-house
Ada,Kenge,437,bleak-house
Ada,Carboy,437,bleak-house
Miss Jellyby,Richard,437,bleak-house
Miss Jellyby,Ada,437,bleak-house
Miss Jellyby,Kenge,437,bleak-house
Miss Jellyby,Carboy,437,bleak-house
Kenge,Richard,437,bleak-house
Kenge,Ada,437,bleak-house
Kenge,Miss Jellyby,437,bleak-house
Kenge,Carboy,437,bleak-house
Carboy,Richard,437,bleak-house
Carboy,Ada,437,bleak-house
Carboy,Miss Jellyby,437,bleak-house
Carboy,Kenge,437,bleak-house
Richard,Don,447,bleak-house
Richard,Mr. Krook,447,bleak-house
Don,Richard,447,bleak-house
Don,Mr. Krook,447,bleak-house
Mr. Krook,Richard,447,bleak-house
Mr. Krook,Don,447,bleak-house
Mr. Krook,Ada,448,bleak-house
Ada,Mr. Krook,448,bleak-house
Ada,Mr. Krook,448,bleak-house
Mr. Krook,Ada,448,bleak-house
Richard,Strange,451,bleak-house
Richard,Ada,451,bleak-house
Strange,Richard,451,bleak-house
Strange,Ada,451,bleak-house
Ada,Richard,451,bleak-house
Ada,Strange,451,bleak-house
Richard,Ada,454,bleak-house
Ada,Richard,454,bleak-house
Miss,Jellyby,455,bleak-house
Jellyby,Miss,455,bleak-house
Jellyby,Peepy,456,bleak-house
Jellyby,Peepy,456,bleak-house
Peepy,Jellyby,456,bleak-house
Peepy,Jellyby,456,bleak-house
Peepy,Jellyby,456,bleak-house
Jellyby,Peepy,456,bleak-house
Caddy,Jellyby,457,bleak-house
Caddy,Mr. Jarndyce,457,bleak-house
Jellyby,Caddy,457,bleak-house
Jellyby,Mr. Jarndyce,457,bleak-house
Jellyby,Caddy,457,bleak-house
Mr. Jarndyce,Caddy,457,bleak-house
Mr. Jarndyce,Jellyby,457,bleak-house
Mr. Jarndyce,Caddy,457,bleak-house
Caddy,Jellyby,457,bleak-house
Caddy,Mr. Jarndyce,457,bleak-house
Richard,Halloa,462,bleak-house
Halloa,Richard,462,bleak-house
Richard,Ada,464,bleak-house
Richard,Ada,464,bleak-house
Ada,Richard,464,bleak-house
Ada,Richard,464,bleak-house
Richard,Master,465,bleak-house
Richard,Master,465,bleak-house
Master,Richard,465,bleak-house
Master,Richard,465,bleak-house
Mr. Jarndyce,Richard,466,bleak-house
Richard,Mr. Jarndyce,466,bleak-house
Richard,Jarndyce,472,bleak-house
Richard,Ada,472,bleak-house
Richard,Mr. Jarndyce,472,bleak-house
Jarndyce,Richard,472,bleak-house
Jarndyce,Ada,472,bleak-house
Jarndyce,Mr. Jarndyce,472,bleak-house
Ada,Richard,472,bleak-house
Ada,Jarndyce,472,bleak-house
Ada,Mr. Jarndyce,472,bleak-house
Mr. Jarndyce,Richard,472,bleak-house
Mr. Jarndyce,Jarndyce,472,bleak-house
Mr. Jarndyce,Ada,472,bleak-house
Richard,Ada,474,bleak-house
Richard,Ada,474,bleak-house
Richard,Bleak House,474,bleak-house
Ada,Richard,474,bleak-house
Ada,Richard,474,bleak-house
Ada,Richard,474,bleak-house
Ada,Bleak House,474,bleak-house
Richard,Ada,474,bleak-house
Richard,Ada,474,bleak-house
Richard,Bleak House,474,bleak-house
Richard,Ada,474,bleak-house
Richard,Ada,474,bleak-house
Richard,Bleak House,474,bleak-house
Ada,Richard,474,bleak-house
Ada,Richard,474,bleak-house
Ada,Richard,474,bleak-house
Ada,Bleak House,474,bleak-house
Bleak House,Richard,474,bleak-house
Bleak House,Ada,474,bleak-house
Bleak House,Richard,474,bleak-house
Bleak House,Richard,474,bleak-house
Bleak House,Ada,474,bleak-house
Ada,Esther,475,bleak-house
Ada,Rick,475,bleak-house
Esther,Ada,475,bleak-house
Esther,Rick,475,bleak-house
Rick,Ada,475,bleak-house
Rick,Esther,475,bleak-house
Richard,Mr. Jarndyce,478,bleak-house
Mr. Jarndyce,Richard,478,bleak-house
Rick,Mr. Jarndyce,492,bleak-house
Mr. Jarndyce,Rick,492,bleak-house
Rick,Mr. Jarndyce,494,bleak-house
Mr. Jarndyce,Rick,494,bleak-house
Ada,Richard,495,bleak-house
Richard,Ada,495,bleak-house
Couldn,Mr. Jarndyce,496,bleak-house
Mr. Jarndyce,Couldn,496,bleak-house
Good,Cousin John,498,bleak-house
Cousin John,Good,498,bleak-house
Aye,Mr. Jarndyce,502,bleak-house
Aye,Esther,502,bleak-house
Mr. Jarndyce,Aye,502,bleak-house
Mr. Jarndyce,Esther,502,bleak-house
Esther,Aye,502,bleak-house
Esther,Mr. Jarndyce,502,bleak-house
John,Ada,503,bleak-house
John,Esther,503,bleak-house
John,Esther,503,bleak-house
John,Peepy,503,bleak-house
John,Caroline,503,bleak-house
Ada,John,503,bleak-house
Ada,Esther,503,bleak-house
Ada,Esther,503,bleak-house
Ada,Peepy,503,bleak-house
Ada,John,503,bleak-house
Ada,Caroline,503,bleak-house
Esther,John,503,bleak-house
Esther,Ada,503,bleak-house
Esther,Peepy,503,bleak-house
Esther,John,503,bleak-house
Esther,Caroline,503,bleak-house
Esther,John,503,bleak-house
Esther,Ada,503,bleak-house
Esther,Peepy,503,bleak-house
Esther,John,503,bleak-house
Esther,Caroline,503,bleak-house
Peepy,John,503,bleak-house
Peepy,Ada,503,bleak-house
Peepy,Esther,503,bleak-house
Peepy,Esther,503,bleak-house
Peepy,John,503,bleak-house
Peepy,Caroline,503,bleak-house
John,Ada,503,bleak-house
John,Esther,503,bleak-house
John,Esther,503,bleak-house
John,Peepy,503,bleak-house
John,Caroline,503,bleak-house
Caroline,John,503,bleak-house
Caroline,Ada,503,bleak-house
Caroline,Esther,503,bleak-house
Caroline,Esther,503,bleak-house
Caroline,Peepy,503,bleak-house
Caroline,John,503,bleak-house
Rick,Mr. Jarndyce,505,bleak-house
Mr. Jarndyce,Rick,505,bleak-house
Mine,Ada,508,bleak-house
Mine,Ada,508,bleak-house
Mine,Adas,508,bleak-house
Mine,Richard,508,bleak-house
Mine,Mr. Jarndyce,508,bleak-house
Mine,Hold,508,bleak-house
Ada,Mine,508,bleak-house
Ada,Adas,508,bleak-house
Ada,Richard,508,bleak-house
Ada,Mr. Jarndyce,508,bleak-house
Ada,Hold,508,bleak-house
Ada,Mine,508,bleak-house
Ada,Adas,508,bleak-house
Ada,Richard,508,bleak-house
Ada,Mr. Jarndyce,508,bleak-house
Ada,Hold,508,bleak-house
Adas,Mine,508,bleak-house
Adas,Ada,508,bleak-house
Adas,Ada,508,bleak-house
Adas,Richard,508,bleak-house
Adas,Mr. Jarndyce,508,bleak-house
Adas,Hold,508,bleak-house
Richard,Mine,508,bleak-house
Richard,Ada,508,bleak-house
Richard,Ada,508,bleak-house
Richard,Adas,508,bleak-house
Richard,Mr. Jarndyce,508,bleak-house
Richard,Hold,508,bleak-house
Mr. Jarndyce,Mine,508,bleak-house
Mr. Jarndyce,Ada,508,bleak-house
Mr. Jarndyce,Ada,508,bleak-house
Mr. Jarndyce,Adas,508,bleak-house
Mr. Jarndyce,Richard,508,bleak-house
Mr. Jarndyce,Hold,508,bleak-house
Hold,Mine,508,bleak-house
Hold,Ada,508,bleak-house
Hold,Ada,508,bleak-house
Hold,Adas,508,bleak-house
Hold,Richard,508,bleak-house
Hold,Mr. Jarndyce,508,bleak-house
Ada,Queen Anne,509,bleak-house
Ada,Bleak House,509,bleak-house
Queen Anne,Ada,509,bleak-house
Queen Anne,Bleak House,509,bleak-house
Bleak House,Ada,509,bleak-house
Bleak House,Queen Anne,509,bleak-house
Mr. Jarndyce,Ada,510,bleak-house
Ada,Mr. Jarndyce,510,bleak-house
Rick,Mr. Jarndyce,516,bleak-house
Mr. Jarndyce,Rick,516,bleak-house
Mr. Jarndyce,Harold Skimpole,518,bleak-house
Harold Skimpole,Mr. Jarndyce,518,bleak-house
Mr. Jarndyce,Bleak House,520,bleak-house
Bleak House,Mr. Jarndyce,520,bleak-house
Mr. Skimpole,Richard,529,bleak-house
Mr. Skimpole,Mr. Jarndyce,529,bleak-house
Richard,Mr. Skimpole,529,bleak-house
Richard,Mr. Jarndyce,529,bleak-house
Mr. Jarndyce,Mr. Skimpole,529,bleak-house
Mr. Jarndyce,Richard,529,bleak-house
Mr. Skimpole,Jarndyce,530,bleak-house
Mr. Skimpole,Harold Skimpole,530,bleak-house
Mr. Skimpole,Jarndyce,530,bleak-house
Mr. Skimpole,Harold Skimpole,530,bleak-house
Mr. Skimpole,Jarndyce,530,bleak-house
Mr. Skimpole,Harold Skimpole,530,bleak-house
Jarndyce,Mr. Skimpole,530,bleak-house
Jarndyce,Mr. Skimpole,530,bleak-house
Jarndyce,Mr. Skimpole,530,bleak-house
Jarndyce,Harold Skimpole,530,bleak-house
Harold Skimpole,Mr. Skimpole,530,bleak-house
Harold Skimpole,Mr. Skimpole,530,bleak-house
Harold Skimpole,Mr. Skimpole,530,bleak-house
Harold Skimpole,Jarndyce,530,bleak-house
Mr. Skimpole,Jarndyce,532,bleak-house
Mr. Skimpole,Jarndyce,532,bleak-house
Mr. Skimpole,Harold Skimpole,532,bleak-house
Jarndyce,Mr. Skimpole,532,bleak-house
Jarndyce,Harold Skimpole,532,bleak-house
Jarndyce,Mr. Skimpole,532,bleak-house
Jarndyce,Harold Skimpole,532,bleak-house
Harold Skimpole,Mr. Skimpole,532,bleak-house
Harold Skimpole,Jarndyce,532,bleak-house
Harold Skimpole,Jarndyce,532,bleak-house
Mr. Jarndyce,Mr. Skimpole,533,bleak-house
Mr. Skimpole,Mr. Jarndyce,533,bleak-house
Richard,Mr. Skimpole,536,bleak-house
Richard,Mr. Skimpole,536,bleak-house
Mr. Skimpole,Richard,536,bleak-house
Mr. Skimpole,Richard,536,bleak-house
Richard,Mr. Skimpole,536,bleak-house
Richard,Mr. Skimpole,536,bleak-house
Mr. Skimpole,Richard,536,bleak-house
Mr. Skimpole,Richard,536,bleak-house
Ada,Richard,537,bleak-house
Richard,Ada,537,bleak-house
Mr.,Jarndyce,544,bleak-house
Mr.,Ada,544,bleak-house
Mr.,Richard,544,bleak-house
Mr.,Ada,544,bleak-house
Jarndyce,Mr.,544,bleak-house
Jarndyce,Ada,544,bleak-house
Jarndyce,Richard,544,bleak-house
Jarndyce,Ada,544,bleak-house
Ada,Mr.,544,bleak-house
Ada,Jarndyce,544,bleak-house
Ada,Richard,544,bleak-house
Richard,Mr.,544,bleak-house
Richard,Jarndyce,544,bleak-house
Richard,Ada,544,bleak-house
Richard,Ada,544,bleak-house
Ada,Mr.,544,bleak-house
Ada,Jarndyce,544,bleak-house
Ada,Richard,544,bleak-house
Mr. Jarndyce,Ada,545,bleak-house
Mr. Jarndyce,Richard,545,bleak-house
Ada,Mr. Jarndyce,545,bleak-house
Ada,Richard,545,bleak-house
Richard,Mr. Jarndyce,545,bleak-house
Richard,Ada,545,bleak-house
Mr.,Ada,546,bleak-house
Mr.,Mr. Jarndyce,546,bleak-house
Mr.,Mr. Skimpole,546,bleak-house
Mr.,Richard,546,bleak-house
Mr.,Richard,546,bleak-house
Ada,Mr.,546,bleak-house
Ada,Mr. Jarndyce,546,bleak-house
Ada,Mr. Skimpole,546,bleak-house
Ada,Richard,546,bleak-house
Ada,Richard,546,bleak-house
Mr. Jarndyce,Mr.,546,bleak-house
Mr. Jarndyce,Ada,546,bleak-house
Mr. Jarndyce,Mr. Skimpole,546,bleak-house
Mr. Jarndyce,Richard,546,bleak-house
Mr. Jarndyce,Richard,546,bleak-house
Mr. Skimpole,Mr.,546,bleak-house
Mr. Skimpole,Ada,546,bleak-house
Mr. Skimpole,Mr. Jarndyce,546,bleak-house
Mr. Skimpole,Richard,546,bleak-house
Mr. Skimpole,Richard,546,bleak-house
Richard,Mr.,546,bleak-house
Richard,Ada,546,bleak-house
Richard,Mr. Jarndyce,546,bleak-house
Richard,Mr. Skimpole,546,bleak-house
Richard,Mr.,546,bleak-house
Richard,Ada,546,bleak-house
Richard,Mr. Jarndyce,546,bleak-house
Richard,Mr. Skimpole,546,bleak-house
Mr. Carstone,Mr. Skimpole,547,bleak-house
Mr. Skimpole,Mr. Carstone,547,bleak-house
Took,Sudden,549,bleak-house
Sudden,Took,549,bleak-house
Mr. Skimpole,Richard,550,bleak-house
Mr. Skimpole,Richard,550,bleak-house
Richard,Mr. Skimpole,550,bleak-house
Richard,Mr. Skimpole,550,bleak-house
Richard,Mr.,551,bleak-house
Mr.,Richard,551,bleak-house
Skimpole,Richard,559,bleak-house
Skimpole,Jarndyce,559,bleak-house
Richard,Skimpole,559,bleak-house
Richard,Jarndyce,559,bleak-house
Jarndyce,Skimpole,559,bleak-house
Jarndyce,Richard,559,bleak-house
Mr. Skimpole,Jarndyce,560,bleak-house
Jarndyce,Mr. Skimpole,560,bleak-house
Miss Summerson,Richard,561,bleak-house
Richard,Miss Summerson,561,bleak-house
Richard,Mr. Skimpole,566,bleak-house
Mr. Skimpole,Richard,566,bleak-house
Mr. Skimpole,Don,571,bleak-house
Don,Mr. Skimpole,571,bleak-house
Mr. Richard,Mr. Skimpole,573,bleak-house
Mr. Richard,Mankind,573,bleak-house
Mr. Richard,Harold Skimpole,573,bleak-house
Mr. Skimpole,Mr. Richard,573,bleak-house
Mr. Skimpole,Mankind,573,bleak-house
Mr. Skimpole,Harold Skimpole,573,bleak-house
Mankind,Mr. Richard,573,bleak-house
Mankind,Mr. Skimpole,573,bleak-house
Mankind,Harold Skimpole,573,bleak-house
Harold Skimpole,Mr. Richard,573,bleak-house
Harold Skimpole,Mr. Skimpole,573,bleak-house
Harold Skimpole,Mankind,573,bleak-house
Richard,Mr. Kenge,574,bleak-house
Mr. Kenge,Richard,574,bleak-house
Richard,Mr. Skimpole,575,bleak-house
Mr. Skimpole,Richard,575,bleak-house
Mr. Skimpole,Richard,576,bleak-house
Richard,Mr. Skimpole,576,bleak-house
Richard,Mr. Skimpole,576,bleak-house
Richard,Mr. Skimpole,576,bleak-house
Mr. Skimpole,Richard,576,bleak-house
Mr. Skimpole,Richard,576,bleak-house
Know,Coavinses,581,bleak-house
Coavinses,Know,581,bleak-house
Nobody,Coavinses,585,bleak-house
Coavinses,Nobody,585,bleak-house
Mr. Skimpole,Harold Skimpole,588,bleak-house
Mr. Skimpole,Harold Skimpole,588,bleak-house
Harold Skimpole,Mr. Skimpole,588,bleak-house
Harold Skimpole,Mr. Skimpole,588,bleak-house
Ada,John,591,bleak-house
Ada,Mr. Skimpole,591,bleak-house
Ada,Richard,591,bleak-house
Ada,Mr. Jarndyce,591,bleak-house
Ada,Mr. Skimpole,591,bleak-house
Ada,Richard,591,bleak-house
John,Ada,591,bleak-house
John,Mr. Skimpole,591,bleak-house
John,Richard,591,bleak-house
John,Mr. Jarndyce,591,bleak-house
John,Mr. Skimpole,591,bleak-house
John,Richard,591,bleak-house
Mr. Skimpole,Ada,591,bleak-house
Mr. Skimpole,John,591,bleak-house
Mr. Skimpole,Richard,591,bleak-house
Mr. Skimpole,Mr. Jarndyce,591,bleak-house
Mr. Skimpole,Richard,591,bleak-house
Richard,Ada,591,bleak-house
Richard,John,591,bleak-house
Richard,Mr. Skimpole,591,bleak-house
Richard,Mr. Jarndyce,591,bleak-house
Richard,Mr. Skimpole,591,bleak-house
Mr. Jarndyce,Ada,591,bleak-house
Mr. Jarndyce,John,591,bleak-house
Mr. Jarndyce,Mr. Skimpole,591,bleak-house
Mr. Jarndyce,Richard,591,bleak-house
Mr. Jarndyce,Mr. Skimpole,591,bleak-house
Mr. Jarndyce,Richard,591,bleak-house
Mr. Skimpole,Ada,591,bleak-house
Mr. Skimpole,John,591,bleak-house
Mr. Skimpole,Richard,591,bleak-house
Mr. Skimpole,Mr. Jarndyce,591,bleak-house
Mr. Skimpole,Richard,591,bleak-house
Richard,Ada,591,bleak-house
Richard,John,591,bleak-house
Richard,Mr. Skimpole,591,bleak-house
Richard,Mr. Jarndyce,591,bleak-house
Richard,Mr. Skimpole,591,bleak-house
Ada,Mr. Skimpole,592,bleak-house
Ada,Richard,592,bleak-house
Ada,Jellyby,592,bleak-house
Ada,Mr. Jarndyce,592,bleak-house
Mr. Skimpole,Ada,592,bleak-house
Mr. Skimpole,Ada,592,bleak-house
Mr. Skimpole,Richard,592,bleak-house
Mr. Skimpole,Jellyby,592,bleak-house
Mr. Skimpole,Mr. Jarndyce,592,bleak-house
Ada,Mr. Skimpole,592,bleak-house
Ada,Richard,592,bleak-house
Ada,Jellyby,592,bleak-house
Ada,Mr. Jarndyce,592,bleak-house
Richard,Ada,592,bleak-house
Richard,Mr. Skimpole,592,bleak-house
Richard,Ada,592,bleak-house
Richard,Jellyby,592,bleak-house
Richard,Mr. Jarndyce,592,bleak-house
Jellyby,Ada,592,bleak-house
Jellyby,Mr. Skimpole,592,bleak-house
Jellyby,Ada,592,bleak-house
Jellyby,Richard,592,bleak-house
Jellyby,Mr. Jarndyce,592,bleak-house
Mr. Jarndyce,Ada,592,bleak-house
Mr. Jarndyce,Mr. Skimpole,592,bleak-house
Mr. Jarndyce,Ada,592,bleak-house
Mr. Jarndyce,Richard,592,bleak-house
Mr. Jarndyce,Jellyby,592,bleak-house
Rick,Esther,593,bleak-house
Esther,Rick,593,bleak-house
Really,Richard,596,bleak-house
Really,Mr. Skimpole,596,bleak-house
Richard,Really,596,bleak-house
Richard,Mr. Skimpole,596,bleak-house
Mr. Skimpole,Really,596,bleak-house
Mr. Skimpole,Richard,596,bleak-house
Mr. Jarndyce,Rick,601,bleak-house
Mr. Jarndyce,Saint Michael,601,bleak-house
Rick,Mr. Jarndyce,601,bleak-house
Rick,Saint Michael,601,bleak-house
Saint Michael,Mr. Jarndyce,601,bleak-house
Saint Michael,Rick,601,bleak-house
Mr. Jarndyce,Rick,614,bleak-house
Mr. Jarndyce,Esther,614,bleak-house
Mr. Jarndyce,Ada,614,bleak-house
Rick,Mr. Jarndyce,614,bleak-house
Rick,Esther,614,bleak-house
Rick,Ada,614,bleak-house
Esther,Mr. Jarndyce,614,bleak-house
Esther,Rick,614,bleak-house
Esther,Ada,614,bleak-house
Ada,Mr. Jarndyce,614,bleak-house
Ada,Rick,614,bleak-house
Ada,Esther,614,bleak-house
Mr. Skimpole,Ada,619,bleak-house
Mr. Skimpole,Richard,619,bleak-house
Mr. Skimpole,Mr. Jarndyce,619,bleak-house
Ada,Mr. Skimpole,619,bleak-house
Ada,Richard,619,bleak-house
Ada,Mr. Jarndyce,619,bleak-house
Richard,Mr. Skimpole,619,bleak-house
Richard,Ada,619,bleak-house
Richard,Mr. Jarndyce,619,bleak-house
Mr. Jarndyce,Mr. Skimpole,619,bleak-house
Mr. Jarndyce,Ada,619,bleak-house
Mr. Jarndyce,Richard,619,bleak-house
Walk,Sir Leicester,624,bleak-house
Walk,Chesney Wold,624,bleak-house
Sir Leicester,Walk,624,bleak-house
Sir Leicester,Chesney Wold,624,bleak-house
Chesney Wold,Walk,624,bleak-house
Chesney Wold,Sir Leicester,624,bleak-house
Chesney Wold,Mr. Rouncewell,630,bleak-house
Mr. Rouncewell,Chesney Wold,630,bleak-house
Sir Leicester,Rouncewell,632,bleak-house
Sir Leicester,Farther,632,bleak-house
Sir Leicester,Sir Leicester Dedlock,632,bleak-house
Sir Leicester,Chesney Wold,632,bleak-house
Rouncewell,Sir Leicester,632,bleak-house
Rouncewell,Sir Leicester,632,bleak-house
Rouncewell,Farther,632,bleak-house
Rouncewell,Sir Leicester Dedlock,632,bleak-house
Rouncewell,Chesney Wold,632,bleak-house
Sir Leicester,Rouncewell,632,bleak-house
Sir Leicester,Farther,632,bleak-house
Sir Leicester,Sir Leicester Dedlock,632,bleak-house
Sir Leicester,Chesney Wold,632,bleak-house
Farther,Sir Leicester,632,bleak-house
Farther,Rouncewell,632,bleak-house
Farther,Sir Leicester,632,bleak-house
Farther,Sir Leicester Dedlock,632,bleak-house
Farther,Chesney Wold,632,bleak-house
Sir Leicester Dedlock,Sir Leicester,632,bleak-house
Sir Leicester Dedlock,Rouncewell,632,bleak-house
Sir Leicester Dedlock,Sir Leicester,632,bleak-house
Sir Leicester Dedlock,Farther,632,bleak-house
Sir Leicester Dedlock,Chesney Wold,632,bleak-house
Chesney Wold,Sir Leicester,632,bleak-house
Chesney Wold,Rouncewell,632,bleak-house
Chesney Wold,Sir Leicester,632,bleak-house
Chesney Wold,Farther,632,bleak-house
Chesney Wold,Sir Leicester Dedlock,632,bleak-house
Rosa,Chesney Wold,655,bleak-house
Rosa,Mr. Tulkinghorn,655,bleak-house
Rosa,Mr. Tulkinghorn,655,bleak-house
Chesney Wold,Rosa,655,bleak-house
Chesney Wold,Mr. Tulkinghorn,655,bleak-house
Chesney Wold,Mr. Tulkinghorn,655,bleak-house
Chesney Wold,Rosa,655,bleak-house
Mr. Tulkinghorn,Rosa,655,bleak-house
Mr. Tulkinghorn,Chesney Wold,655,bleak-house
Mr. Tulkinghorn,Rosa,655,bleak-house
Mr. Tulkinghorn,Rosa,655,bleak-house
Mr. Tulkinghorn,Chesney Wold,655,bleak-house
Mr. Tulkinghorn,Rosa,655,bleak-house
Rosa,Chesney Wold,655,bleak-house
Rosa,Mr. Tulkinghorn,655,bleak-house
Rosa,Mr. Tulkinghorn,655,bleak-house
Mr. Tulkinghorn,Rosa,656,bleak-house
Rosa,Mr. Tulkinghorn,656,bleak-house
Mr. Guppy,Us London,657,bleak-house
Us London,Mr. Guppy,657,bleak-house
Mr. Guppy,Rosa,659,bleak-house
Mr. Guppy,Rosa,659,bleak-house
Rosa,Mr. Guppy,659,bleak-house
Rosa,Mr. Guppy,659,bleak-house
Rosa,Mr. Guppy,659,bleak-house
Rosa,Mr. Guppy,659,bleak-house
Mr. Guppy,Rosa,659,bleak-house
Mr. Guppy,Rosa,659,bleak-house
Chesney Wold,Mr. Guppy,660,bleak-house
Mr. Guppy,Chesney Wold,660,bleak-house
Rosa,Lady Dedlock,662,bleak-house
Lady Dedlock,Rosa,662,bleak-house
Blest,Mr. Guppy,663,bleak-house
Mr. Guppy,Blest,663,bleak-house
Mr. Guppy,Lady Dedlock,665,bleak-house
Lady Dedlock,Mr. Guppy,665,bleak-house
Sir Leicester Dedlock,Sir Leicester,666,bleak-house
Sir Leicester,Sir Leicester Dedlock,666,bleak-house
Mr.,Guppy,667,bleak-house
Mr.,Mr. Guppy,667,bleak-house
Guppy,Mr.,667,bleak-house
Guppy,Mr. Guppy,667,bleak-house
Mr. Guppy,Mr.,667,bleak-house
Mr. Guppy,Guppy,667,bleak-house
Mr. Guppy,Lady Dedlock,668,bleak-house
Lady Dedlock,Mr. Guppy,668,bleak-house
Sir Morbury Dedlock,Lady,678,bleak-house
Sir Morbury Dedlock,Charles,678,bleak-house
Sir Morbury Dedlock,Lady,678,bleak-house
Sir Morbury Dedlock,Watt,678,bleak-house
Lady,Sir Morbury Dedlock,678,bleak-house
Lady,Charles,678,bleak-house
Lady,Watt,678,bleak-house
Charles,Sir Morbury Dedlock,678,bleak-house
Charles,Lady,678,bleak-house
Charles,Lady,678,bleak-house
Charles,Watt,678,bleak-house
Lady,Sir Morbury Dedlock,678,bleak-house
Lady,Charles,678,bleak-house
Lady,Watt,678,bleak-house
Watt,Sir Morbury Dedlock,678,bleak-house
Watt,Lady,678,bleak-house
Watt,Charles,678,bleak-house
Watt,Lady,678,bleak-house
Sir Morbury,Lady,681,bleak-house
Sir Morbury,Chesney Wold,681,bleak-house
Lady,Sir Morbury,681,bleak-house
Lady,Sir Morbury,681,bleak-house
Lady,Chesney Wold,681,bleak-house
Sir Morbury,Lady,681,bleak-house
Sir Morbury,Chesney Wold,681,bleak-house
Chesney Wold,Sir Morbury,681,bleak-house
Chesney Wold,Lady,681,bleak-house
Chesney Wold,Sir Morbury,681,bleak-house
Ghost,Walk,685,bleak-house
Walk,Ghost,685,bleak-house
Hither,Lady,693,bleak-house
Lady,Hither,693,bleak-house
Ada,John,700,bleak-house
John,Ada,700,bleak-house
Mr.,Skimpole,701,bleak-house
Mr.,Mr. Skimpole,701,bleak-house
Skimpole,Mr.,701,bleak-house
Skimpole,Mr. Skimpole,701,bleak-house
Mr. Skimpole,Mr.,701,bleak-house
Mr. Skimpole,Skimpole,701,bleak-house
Sit,Mr. Jarndyce,703,bleak-house
Mr. Jarndyce,Sit,703,bleak-house
Pooh,Don,707,bleak-house
Don,Pooh,707,bleak-house
Esther,Mr. Jarndyce,710,bleak-house
Mr. Jarndyce,Esther,710,bleak-house
Equity,Tom Jarndyce,715,bleak-house
Tom Jarndyce,Equity,715,bleak-house
Rick,Ada,725,bleak-house
Rick,Esther,725,bleak-house
Ada,Rick,725,bleak-house
Ada,Esther,725,bleak-house
Esther,Rick,725,bleak-house
Esther,Ada,725,bleak-house
Little Old Woman,Shipton,735,bleak-house
Little Old Woman,Mother Hubbard,735,bleak-house
Little Old Woman,Dame Durden,735,bleak-house
Shipton,Little Old Woman,735,bleak-house
Shipton,Mother Hubbard,735,bleak-house
Shipton,Dame Durden,735,bleak-house
Mother Hubbard,Little Old Woman,735,bleak-house
Mother Hubbard,Shipton,735,bleak-house
Mother Hubbard,Dame Durden,735,bleak-house
Dame Durden,Little Old Woman,735,bleak-house
Dame Durden,Shipton,735,bleak-house
Dame Durden,Mother Hubbard,735,bleak-house
Mr. Jarndyce,Rick,736,bleak-house
Rick,Mr. Jarndyce,736,bleak-house
Esther,Mr. Jarndyce,738,bleak-house
Mr. Jarndyce,Esther,738,bleak-house
Kenge,Carboy,740,bleak-house
Kenge,Master,740,bleak-house
Kenge,Chancery,740,bleak-house
Kenge,Wiglomeration,740,bleak-house
Carboy,Kenge,740,bleak-house
Carboy,Master,740,bleak-house
Carboy,Chancery,740,bleak-house
Carboy,Wiglomeration,740,bleak-house
Master,Kenge,740,bleak-house
Master,Carboy,740,bleak-house
Master,Chancery,740,bleak-house
Master,Wiglomeration,740,bleak-house
Chancery,Kenge,740,bleak-house
Chancery,Carboy,740,bleak-house
Chancery,Master,740,bleak-house
Chancery,Wiglomeration,740,bleak-house
Wiglomeration,Kenge,740,bleak-house
Wiglomeration,Carboy,740,bleak-house
Wiglomeration,Master,740,bleak-house
Wiglomeration,Chancery,740,bleak-house
Mr. Jarndyce,Ada,751,bleak-house
Ada,Mr. Jarndyce,751,bleak-house
Ada,Mr. Jarndyce,751,bleak-house
Mr. Jarndyce,Ada,751,bleak-house
Mr. Jarndyce,Pardiggle,752,bleak-house
Pardiggle,Mr. Jarndyce,752,bleak-house
Pardiggle,Mr. Jarndyce,752,bleak-house
Mr. Jarndyce,Pardiggle,752,bleak-house
Mr. Jarndyce,Egbert,754,bleak-house
Mr. Jarndyce,Oswald,754,bleak-house
Mr. Jarndyce,Francis,754,bleak-house
Egbert,Mr. Jarndyce,754,bleak-house
Egbert,Oswald,754,bleak-house
Egbert,Francis,754,bleak-house
Oswald,Mr. Jarndyce,754,bleak-house
Oswald,Egbert,754,bleak-house
Oswald,Francis,754,bleak-house
Francis,Mr. Jarndyce,754,bleak-house
Francis,Egbert,754,bleak-house
Francis,Oswald,754,bleak-house
Jellyby,Ada,758,bleak-house
Ada,Jellyby,758,bleak-house
Ada,Jellyby,758,bleak-house
Jellyby,Ada,758,bleak-house
Miss Summerson,Mr. Jarndyce,762,bleak-house
Miss Summerson,Mr. Pardiggle,762,bleak-house
Miss Summerson,Mr. Pardiggle,762,bleak-house
Mr. Jarndyce,Miss Summerson,762,bleak-house
Mr. Jarndyce,Mr. Pardiggle,762,bleak-house
Mr. Jarndyce,Mr. Pardiggle,762,bleak-house
Mr. Pardiggle,Miss Summerson,762,bleak-house
Mr. Pardiggle,Mr. Jarndyce,762,bleak-house
Mr. Pardiggle,Miss Summerson,762,bleak-house
Mr. Pardiggle,Mr. Jarndyce,762,bleak-house
Suppose,Mr. Pardiggle,763,bleak-house
Suppose,Mr. Jellyby,763,bleak-house
Suppose,Mr. Jellyby,763,bleak-house
Suppose,Mr. Pardiggle,763,bleak-house
Suppose,Mr. Pardiggle,763,bleak-house
Suppose,Mr. Jellyby,763,bleak-house
Mr. Pardiggle,Suppose,763,bleak-house
Mr. Pardiggle,Mr. Jellyby,763,bleak-house
Mr. Pardiggle,Mr. Jellyby,763,bleak-house
Mr. Pardiggle,Mr. Jellyby,763,bleak-house
Mr. Jellyby,Suppose,763,bleak-house
Mr. Jellyby,Mr. Pardiggle,763,bleak-house
Mr. Jellyby,Mr. Pardiggle,763,bleak-house
Mr. Jellyby,Mr. Pardiggle,763,bleak-house
Mr. Jellyby,Suppose,763,bleak-house
Mr. Jellyby,Mr. Pardiggle,763,bleak-house
Mr. Jellyby,Mr. Pardiggle,763,bleak-house
Mr. Jellyby,Mr. Pardiggle,763,bleak-house
Mr. Pardiggle,Suppose,763,bleak-house
Mr. Pardiggle,Mr. Jellyby,763,bleak-house
Mr. Pardiggle,Mr. Jellyby,763,bleak-house
Mr. Pardiggle,Mr. Jellyby,763,bleak-house
Mr. Pardiggle,Suppose,763,bleak-house
Mr. Pardiggle,Mr. Jellyby,763,bleak-house
Mr. Pardiggle,Mr. Jellyby,763,bleak-house
Mr. Pardiggle,Mr. Jellyby,763,bleak-house
Mr. Jellyby,Suppose,763,bleak-house
Mr. Jellyby,Mr. Pardiggle,763,bleak-house
Mr. Jellyby,Mr. Pardiggle,763,bleak-house
Mr. Jellyby,Mr. Pardiggle,763,bleak-house
Miss Summerson,Miss Clare,774,bleak-house
Miss Clare,Miss Summerson,774,bleak-house
Miss Summerson,Miss Clare,776,bleak-house
Miss Clare,Miss Summerson,776,bleak-house
Ada,Pardiggle,778,bleak-house
Pardiggle,Ada,778,bleak-house
Egbert,Felix,779,bleak-house
Felix,Egbert,779,bleak-house
Pardiggle,Mr. Jarndyce,790,bleak-house
Pardiggle,Robinson Crusoe,790,bleak-house
Mr. Jarndyce,Pardiggle,790,bleak-house
Mr. Jarndyce,Robinson Crusoe,790,bleak-house
Robinson Crusoe,Pardiggle,790,bleak-house
Robinson Crusoe,Mr. Jarndyce,790,bleak-house
Esther,Ada,799,bleak-house
Ada,Esther,799,bleak-house
Ada,Esther,799,bleak-house
Esther,Ada,799,bleak-house
Ada,Richard,807,bleak-house
Ada,Mr. Jarndyce,807,bleak-house
Richard,Ada,807,bleak-house
Richard,Mr. Jarndyce,807,bleak-house
Mr. Jarndyce,Ada,807,bleak-house
Mr. Jarndyce,Richard,807,bleak-house
Ada,Jenny,817,bleak-house
Jenny,Ada,817,bleak-house
Richard,Mr. Jarndyce,827,bleak-house
Richard,Sir Leicester Dedlock,827,bleak-house
Richard,Sir Leicester,827,bleak-house
Richard,Lady,827,bleak-house
Mr. Jarndyce,Richard,827,bleak-house
Mr. Jarndyce,Sir Leicester Dedlock,827,bleak-house
Mr. Jarndyce,Richard,827,bleak-house
Mr. Jarndyce,Sir Leicester,827,bleak-house
Mr. Jarndyce,Lady,827,bleak-house
Sir Leicester Dedlock,Richard,827,bleak-house
Sir Leicester Dedlock,Mr. Jarndyce,827,bleak-house
Sir Leicester Dedlock,Richard,827,bleak-house
Sir Leicester Dedlock,Sir Leicester,827,bleak-house
Sir Leicester Dedlock,Lady,827,bleak-house
Richard,Mr. Jarndyce,827,bleak-house
Richard,Sir Leicester Dedlock,827,bleak-house
Richard,Sir Leicester,827,bleak-house
Richard,Lady,827,bleak-house
Sir Leicester,Richard,827,bleak-house
Sir Leicester,Mr. Jarndyce,827,bleak-house
Sir Leicester,Sir Leicester Dedlock,827,bleak-house
Sir Leicester,Richard,827,bleak-house
Sir Leicester,Lady,827,bleak-house
Lady,Richard,827,bleak-house
Lady,Mr. Jarndyce,827,bleak-house
Lady,Sir Leicester Dedlock,827,bleak-house
Lady,Richard,827,bleak-house
Lady,Sir Leicester,827,bleak-house
Richard,Mr. Skimpole,829,bleak-house
Mr. Skimpole,Richard,829,bleak-house
Mr.,Jarndyce,830,bleak-house
Mr.,Mr. Skimpole,830,bleak-house
Mr.,Richard,830,bleak-house
Mr.,Richard,830,bleak-house
Jarndyce,Mr.,830,bleak-house
Jarndyce,Mr. Skimpole,830,bleak-house
Jarndyce,Richard,830,bleak-house
Jarndyce,Richard,830,bleak-house
Mr. Skimpole,Mr.,830,bleak-house
Mr. Skimpole,Jarndyce,830,bleak-house
Mr. Skimpole,Richard,830,bleak-house
Mr. Skimpole,Richard,830,bleak-house
Richard,Mr.,830,bleak-house
Richard,Jarndyce,830,bleak-house
Richard,Mr. Skimpole,830,bleak-house
Richard,Mr.,830,bleak-house
Richard,Jarndyce,830,bleak-house
Richard,Mr. Skimpole,830,bleak-house
Mother Hubbard,Coavinses,831,bleak-house
Coavinses,Mother Hubbard,831,bleak-house
Richard,Ada,840,bleak-house
Ada,Richard,840,bleak-house
Mr. Jarndyce,Boythorn,841,bleak-house
Mr. Jarndyce,Boythorn,841,bleak-house
Boythorn,Mr. Jarndyce,841,bleak-house
Boythorn,Mr. Jarndyce,841,bleak-house
Lawrence Boythorn,Mr. Jarndyce,842,bleak-house
Mr. Jarndyce,Lawrence Boythorn,842,bleak-house
Rick,Mr. Jarndyce,844,bleak-house
Mr. Jarndyce,Rick,844,bleak-house
Mr. Jarndyce,Boythorn,845,bleak-house
Boythorn,Mr. Jarndyce,845,bleak-house
Rick—and Ada,Boythorn,846,bleak-house
Boythorn,Rick—and Ada,846,bleak-house
Teeth,Mr. Jarndyce,850,bleak-house
Mr. Jarndyce,Teeth,850,bleak-house
Mr. Jarndyce,Richard,857,bleak-house
Mr. Jarndyce,Ada,857,bleak-house
Richard,Mr. Jarndyce,857,bleak-house
Richard,Ada,857,bleak-house
Richard,Mr. Jarndyce,857,bleak-house
Ada,Mr. Jarndyce,857,bleak-house
Ada,Richard,857,bleak-house
Ada,Mr. Jarndyce,857,bleak-house
Mr. Jarndyce,Richard,857,bleak-house
Mr. Jarndyce,Ada,857,bleak-house
Mr. Boythorn,Sir Leicester,866,bleak-house
Mr. Boythorn,Sir Lucifer,866,bleak-house
Sir Leicester,Mr. Boythorn,866,bleak-house
Sir Leicester,Sir Lucifer,866,bleak-house
Sir Lucifer,Mr. Boythorn,866,bleak-house
Sir Lucifer,Sir Leicester,866,bleak-house
Ada,Richard,867,bleak-house
Richard,Ada,867,bleak-house
Miss Clare,Mr. Carstone,868,bleak-house
Mr. Carstone,Miss Clare,868,bleak-house
Mr. Boythorn,Chesney Wolds,870,bleak-house
Mr. Boythorn,Sir Leicester Dedlock,870,bleak-house
Mr. Boythorn,Baronet,870,bleak-house
Mr. Boythorn,Mr. Lawrence Boythorn,870,bleak-house
Mr. Boythorn,Mr. Lawrence Boythorn,870,bleak-house
Mr. Boythorn,Sir Leicester,870,bleak-house
Mr. Boythorn,Chesney Wold,870,bleak-house
Mr. Boythorn,Sir Leicester,870,bleak-house
Mr. Boythorn,Lawrence Boythorn,870,bleak-house
Mr. Boythorn,Sir Leicester Dedlock,870,bleak-house
Mr. Boythorn,Baronet,870,bleak-house
Mr. Boythorn,Sir Leicester Dedlock,870,bleak-house
Chesney Wolds,Mr. Boythorn,870,bleak-house
Chesney Wolds,Sir Leicester Dedlock,870,bleak-house
Chesney Wolds,Baronet,870,bleak-house
Chesney Wolds,Mr. Lawrence Boythorn,870,bleak-house
Chesney Wolds,Mr. Lawrence Boythorn,870,bleak-house
Chesney Wolds,Sir Leicester,870,bleak-house
Chesney Wolds,Chesney Wold,870,bleak-house
Chesney Wolds,Sir Leicester,870,bleak-house
Chesney Wolds,Lawrence Boythorn,870,bleak-house
Chesney Wolds,Sir Leicester Dedlock,870,bleak-house
Chesney Wolds,Baronet,870,bleak-house
Chesney Wolds,Sir Leicester Dedlock,870,bleak-house
Sir Leicester Dedlock,Mr. Boythorn,870,bleak-house
Sir Leicester Dedlock,Chesney Wolds,870,bleak-house
Sir Leicester Dedlock,Baronet,870,bleak-house
Sir Leicester Dedlock,Mr. Lawrence Boythorn,870,bleak-house
Sir Leicester Dedlock,Mr. Lawrence Boythorn,870,bleak-house
Sir Leicester Dedlock,Sir Leicester,870,bleak-house
Sir Leicester Dedlock,Chesney Wold,870,bleak-house
Sir Leicester Dedlock,Sir Leicester,870,bleak-house
Sir Leicester Dedlock,Lawrence Boythorn,870,bleak-house
Sir Leicester Dedlock,Baronet,870,bleak-house
Baronet,Mr. Boythorn,870,bleak-house
Baronet,Chesney Wolds,870,bleak-house
Baronet,Sir Leicester Dedlock,870,bleak-house
Baronet,Mr. Lawrence Boythorn,870,bleak-house
Baronet,Mr. Lawrence Boythorn,870,bleak-house
Baronet,Sir Leicester,870,bleak-house
Baronet,Chesney Wold,870,bleak-house
Baronet,Sir Leicester,870,bleak-house
Baronet,Lawrence Boythorn,870,bleak-house
Baronet,Sir Leicester Dedlock,870,bleak-house
Baronet,Sir Leicester Dedlock,870,bleak-house
Mr. Lawrence Boythorn,Mr. Boythorn,870,bleak-house
Mr. Lawrence Boythorn,Chesney Wolds,870,bleak-house
Mr. Lawrence Boythorn,Sir Leicester Dedlock,870,bleak-house
Mr. Lawrence Boythorn,Baronet,870,bleak-house
Mr. Lawrence Boythorn,Sir Leicester,870,bleak-house
Mr. Lawrence Boythorn,Chesney Wold,870,bleak-house
Mr. Lawrence Boythorn,Sir Leicester,870,bleak-house
Mr. Lawrence Boythorn,Lawrence Boythorn,870,bleak-house
Mr. Lawrence Boythorn,Sir Leicester Dedlock,870,bleak-house
Mr. Lawrence Boythorn,Baronet,870,bleak-house
Mr. Lawrence Boythorn,Sir Leicester Dedlock,870,bleak-house
Mr. Lawrence Boythorn,Mr. Boythorn,870,bleak-house
Mr. Lawrence Boythorn,Chesney Wolds,870,bleak-house
Mr. Lawrence Boythorn,Sir Leicester Dedlock,870,bleak-house
Mr. Lawrence Boythorn,Baronet,870,bleak-house
Mr. Lawrence Boythorn,Sir Leicester,870,bleak-house
Mr. Lawrence Boythorn,Chesney Wold,870,bleak-house
Mr. Lawrence Boythorn,Sir Leicester,870,bleak-house
Mr. Lawrence Boythorn,Lawrence Boythorn,870,bleak-house
Mr. Lawrence Boythorn,Sir Leicester Dedlock,870,bleak-house
Mr. Lawrence Boythorn,Baronet,870,bleak-house
Mr. Lawrence Boythorn,Sir Leicester Dedlock,870,bleak-house
Sir Leicester,Mr. Boythorn,870,bleak-house
Sir Leicester,Chesney Wolds,870,bleak-house
Sir Leicester,Sir Leicester Dedlock,870,bleak-house
Sir Leicester,Baronet,870,bleak-house
Sir Leicester,Mr. Lawrence Boythorn,870,bleak-house
Sir Leicester,Mr. Lawrence Boythorn,870,bleak-house
Sir Leicester,Chesney Wold,870,bleak-house
Sir Leicester,Lawrence Boythorn,870,bleak-house
Sir Leicester,Sir Leicester Dedlock,870,bleak-house
Sir Leicester,Baronet,870,bleak-house
Sir Leicester,Sir Leicester Dedlock,870,bleak-house
Chesney Wold,Mr. Boythorn,870,bleak-house
Chesney Wold,Chesney Wolds,870,bleak-house
Chesney Wold,Sir Leicester Dedlock,870,bleak-house
Chesney Wold,Baronet,870,bleak-house
Chesney Wold,Mr. Lawrence Boythorn,870,bleak-house
Chesney Wold,Mr. Lawrence Boythorn,870,bleak-house
Chesney Wold,Sir Leicester,870,bleak-house
Chesney Wold,Sir Leicester,870,bleak-house
Chesney Wold,Lawrence Boythorn,870,bleak-house
Chesney Wold,Sir Leicester Dedlock,870,bleak-house
Chesney Wold,Baronet,870,bleak-house
Chesney Wold,Sir Leicester Dedlock,870,bleak-house
Sir Leicester,Mr. Boythorn,870,bleak-house
Sir Leicester,Chesney Wolds,870,bleak-house
Sir Leicester,Sir Leicester Dedlock,870,bleak-house
Sir Leicester,Baronet,870,bleak-house
Sir Leicester,Mr. Lawrence Boythorn,870,bleak-house
Sir Leicester,Mr. Lawrence Boythorn,870,bleak-house
Sir Leicester,Chesney Wold,870,bleak-house
Sir Leicester,Lawrence Boythorn,870,bleak-house
Sir Leicester,Sir Leicester Dedlock,870,bleak-house
Sir Leicester,Baronet,870,bleak-house
Sir Leicester,Sir Leicester Dedlock,870,bleak-house
Lawrence Boythorn,Mr. Boythorn,870,bleak-house
Lawrence Boythorn,Chesney Wolds,870,bleak-house
Lawrence Boythorn,Sir Leicester Dedlock,870,bleak-house
Lawrence Boythorn,Baronet,870,bleak-house
Lawrence Boythorn,Mr. Lawrence Boythorn,870,bleak-house
Lawrence Boythorn,Mr. Lawrence Boythorn,870,bleak-house
Lawrence Boythorn,Sir Leicester,870,bleak-house
Lawrence Boythorn,Chesney Wold,870,bleak-house
Lawrence Boythorn,Sir Leicester,870,bleak-house
Lawrence Boythorn,Sir Leicester Dedlock,870,bleak-house
Lawrence Boythorn,Baronet,870,bleak-house
Lawrence Boythorn,Sir Leicester Dedlock,870,bleak-house
Sir Leicester Dedlock,Mr. Boythorn,870,bleak-house
Sir Leicester Dedlock,Chesney Wolds,870,bleak-house
Sir Leicester Dedlock,Baronet,870,bleak-house
Sir Leicester Dedlock,Mr. Lawrence Boythorn,870,bleak-house
Sir Leicester Dedlock,Mr. Lawrence Boythorn,870,bleak-house
Sir Leicester Dedlock,Sir Leicester,870,bleak-house
Sir Leicester Dedlock,Chesney Wold,870,bleak-house
Sir Leicester Dedlock,Sir Leicester,870,bleak-house
Sir Leicester Dedlock,Lawrence Boythorn,870,bleak-house
Sir Leicester Dedlock,Baronet,870,bleak-house
Baronet,Mr. Boythorn,870,bleak-house
Baronet,Chesney Wolds,870,bleak-house
Baronet,Sir Leicester Dedlock,870,bleak-house
Baronet,Mr. Lawrence Boythorn,870,bleak-house
Baronet,Mr. Lawrence Boythorn,870,bleak-house
Baronet,Sir Leicester,870,bleak-house
Baronet,Chesney Wold,870,bleak-house
Baronet,Sir Leicester,870,bleak-house
Baronet,Lawrence Boythorn,870,bleak-house
Baronet,Sir Leicester Dedlock,870,bleak-house
Baronet,Sir Leicester Dedlock,870,bleak-house
Sir Leicester Dedlock,Mr. Boythorn,870,bleak-house
Sir Leicester Dedlock,Chesney Wolds,870,bleak-house
Sir Leicester Dedlock,Baronet,870,bleak-house
Sir Leicester Dedlock,Mr. Lawrence Boythorn,870,bleak-house
Sir Leicester Dedlock,Mr. Lawrence Boythorn,870,bleak-house
Sir Leicester Dedlock,Sir Leicester,870,bleak-house
Sir Leicester Dedlock,Chesney Wold,870,bleak-house
Sir Leicester Dedlock,Sir Leicester,870,bleak-house
Sir Leicester Dedlock,Lawrence Boythorn,870,bleak-house
Sir Leicester Dedlock,Baronet,870,bleak-house
Mr. Boythorn,Jarndyce,874,bleak-house
Mr. Boythorn,Miss Clare,874,bleak-house
Mr. Boythorn,Miss Summerson,874,bleak-house
Mr. Boythorn,Kenge,874,bleak-house
Mr. Boythorn,Carboy,874,bleak-house
Jarndyce,Mr. Boythorn,874,bleak-house
Jarndyce,Miss Clare,874,bleak-house
Jarndyce,Miss Summerson,874,bleak-house
Jarndyce,Kenge,874,bleak-house
Jarndyce,Carboy,874,bleak-house
Miss Clare,Mr. Boythorn,874,bleak-house
Miss Clare,Jarndyce,874,bleak-house
Miss Clare,Miss Summerson,874,bleak-house
Miss Clare,Kenge,874,bleak-house
Miss Clare,Carboy,874,bleak-house
Miss Summerson,Mr. Boythorn,874,bleak-house
Miss Summerson,Jarndyce,874,bleak-house
Miss Summerson,Miss Clare,874,bleak-house
Miss Summerson,Kenge,874,bleak-house
Miss Summerson,Carboy,874,bleak-house
Kenge,Mr. Boythorn,874,bleak-house
Kenge,Jarndyce,874,bleak-house
Kenge,Miss Clare,874,bleak-house
Kenge,Miss Summerson,874,bleak-house
Kenge,Carboy,874,bleak-house
Carboy,Mr. Boythorn,874,bleak-house
Carboy,Jarndyce,874,bleak-house
Carboy,Miss Clare,874,bleak-house
Carboy,Miss Summerson,874,bleak-house
Carboy,Kenge,874,bleak-house
Esther,Mr. Jarndyce,875,bleak-house
Mr. Jarndyce,Esther,875,bleak-house
Richard,Ada,878,bleak-house
Richard,Mr. Boythorn,878,bleak-house
Ada,Richard,878,bleak-house
Ada,Mr. Boythorn,878,bleak-house
Mr. Boythorn,Richard,878,bleak-house
Mr. Boythorn,Ada,878,bleak-house
Mr.,Jarndyce,882,bleak-house
Jarndyce,Mr.,882,bleak-house
Kenge,Carboy,890,bleak-house
Kenge,Mr. Boythorn,890,bleak-house
Kenge,Mr. Jarndyce,890,bleak-house
Kenge,Ada,890,bleak-house
Kenge,Richard,890,bleak-house
Kenge,Mr. Boythorn,890,bleak-house
Kenge,Carboy,890,bleak-house
Carboy,Kenge,890,bleak-house
Carboy,Mr. Boythorn,890,bleak-house
Carboy,Mr. Jarndyce,890,bleak-house
Carboy,Ada,890,bleak-house
Carboy,Richard,890,bleak-house
Carboy,Mr. Boythorn,890,bleak-house
Carboy,Kenge,890,bleak-house
Mr. Boythorn,Kenge,890,bleak-house
Mr. Boythorn,Carboy,890,bleak-house
Mr. Boythorn,Mr. Jarndyce,890,bleak-house
Mr. Boythorn,Ada,890,bleak-house
Mr. Boythorn,Richard,890,bleak-house
Mr. Boythorn,Kenge,890,bleak-house
Mr. Boythorn,Carboy,890,bleak-house
Mr. Jarndyce,Kenge,890,bleak-house
Mr. Jarndyce,Carboy,890,bleak-house
Mr. Jarndyce,Mr. Boythorn,890,bleak-house
Mr. Jarndyce,Ada,890,bleak-house
Mr. Jarndyce,Richard,890,bleak-house
Mr. Jarndyce,Mr. Boythorn,890,bleak-house
Mr. Jarndyce,Kenge,890,bleak-house
Mr. Jarndyce,Carboy,890,bleak-house
Ada,Kenge,890,bleak-house
Ada,Carboy,890,bleak-house
Ada,Mr. Boythorn,890,bleak-house
Ada,Mr. Jarndyce,890,bleak-house
Ada,Richard,890,bleak-house
Ada,Mr. Boythorn,890,bleak-house
Ada,Kenge,890,bleak-house
Ada,Carboy,890,bleak-house
Richard,Kenge,890,bleak-house
Richard,Carboy,890,bleak-house
Richard,Mr. Boythorn,890,bleak-house
Richard,Mr. Jarndyce,890,bleak-house
Richard,Ada,890,bleak-house
Richard,Mr. Boythorn,890,bleak-house
Richard,Kenge,890,bleak-house
Richard,Carboy,890,bleak-house
Mr. Boythorn,Kenge,890,bleak-house
Mr. Boythorn,Carboy,890,bleak-house
Mr. Boythorn,Mr. Jarndyce,890,bleak-house
Mr. Boythorn,Ada,890,bleak-house
Mr. Boythorn,Richard,890,bleak-house
Mr. Boythorn,Kenge,890,bleak-house
Mr. Boythorn,Carboy,890,bleak-house
Kenge,Carboy,890,bleak-house
Kenge,Mr. Boythorn,890,bleak-house
Kenge,Mr. Jarndyce,890,bleak-house
Kenge,Ada,890,bleak-house
Kenge,Richard,890,bleak-house
Kenge,Mr. Boythorn,890,bleak-house
Kenge,Carboy,890,bleak-house
Carboy,Kenge,890,bleak-house
Carboy,Mr. Boythorn,890,bleak-house
Carboy,Mr. Jarndyce,890,bleak-house
Carboy,Ada,890,bleak-house
Carboy,Richard,890,bleak-house
Carboy,Mr. Boythorn,890,bleak-house
Carboy,Kenge,890,bleak-house
Mr. Boythorn,Mr. Jarndyce,893,bleak-house
Mr. Jarndyce,Mr. Boythorn,893,bleak-house
Mr.,Guppy,897,bleak-house
Guppy,Mr.,897,bleak-house
Shan,Mr. Guppy,901,bleak-house
Mr. Guppy,Shan,901,bleak-house
Mr. Guppy,Miss Summerson,915,bleak-house
Mr. Guppy,Carboy,915,bleak-house
Mr. Guppy,Miss Summerson,915,bleak-house
Miss Summerson,Mr. Guppy,915,bleak-house
Miss Summerson,Carboy,915,bleak-house
Carboy,Mr. Guppy,915,bleak-house
Carboy,Miss Summerson,915,bleak-house
Carboy,Miss Summerson,915,bleak-house
Miss Summerson,Mr. Guppy,915,bleak-house
Miss Summerson,Carboy,915,bleak-house
Mr.,Guppy,916,bleak-house
Guppy,Mr.,916,bleak-house
Mr. Guppy,Miss Summerson,924,bleak-house
Mr. Guppy,Angel,924,bleak-house
Mr. Guppy,Blest,924,bleak-house
Miss Summerson,Mr. Guppy,924,bleak-house
Miss Summerson,Angel,924,bleak-house
Miss Summerson,Blest,924,bleak-house
Angel,Mr. Guppy,924,bleak-house
Angel,Miss Summerson,924,bleak-house
Angel,Blest,924,bleak-house
Blest,Mr. Guppy,924,bleak-house
Blest,Miss Summerson,924,bleak-house
Blest,Angel,924,bleak-house
Cruel,Mr. Guppy,926,bleak-house
Cruel,Thy,926,bleak-house
Cruel,Jellyby,926,bleak-house
Cruel,Love,926,bleak-house
Mr. Guppy,Cruel,926,bleak-house
Mr. Guppy,Thy,926,bleak-house
Mr. Guppy,Jellyby,926,bleak-house
Mr. Guppy,Love,926,bleak-house
Thy,Cruel,926,bleak-house
Thy,Mr. Guppy,926,bleak-house
Thy,Jellyby,926,bleak-house
Thy,Love,926,bleak-house
Jellyby,Cruel,926,bleak-house
Jellyby,Mr. Guppy,926,bleak-house
Jellyby,Thy,926,bleak-house
Jellyby,Love,926,bleak-house
Love,Cruel,926,bleak-house
Love,Mr. Guppy,926,bleak-house
Love,Thy,926,bleak-house
Love,Jellyby,926,bleak-house
Mr. Guppy,Kenge,927,bleak-house
Mr. Guppy,Carboy,927,bleak-house
Kenge,Mr. Guppy,927,bleak-house
Kenge,Carboy,927,bleak-house
Carboy,Mr. Guppy,927,bleak-house
Carboy,Kenge,927,bleak-house
Mr. William Guppy,Penton Place,930,bleak-house
Mr. William Guppy,Old Street Road,930,bleak-house
Penton Place,Mr. William Guppy,930,bleak-house
Penton Place,Old Street Road,930,bleak-house
Old Street Road,Mr. William Guppy,930,bleak-house
Old Street Road,Penton Place,930,bleak-house
Chancery Lane,Cursitor Street,936,bleak-house
Chancery Lane,Mr. Snagsby,936,bleak-house
Chancery Lane,Cook,936,bleak-house
Chancery Lane,Mr. Snagsby,936,bleak-house
Chancery Lane,Peffer,936,bleak-house
Chancery Lane,Cook,936,bleak-house
Chancery Lane,Court,936,bleak-house
Chancery Lane,Peffer,936,bleak-house
Cursitor Street,Chancery Lane,936,bleak-house
Cursitor Street,Mr. Snagsby,936,bleak-house
Cursitor Street,Cook,936,bleak-house
Cursitor Street,Mr. Snagsby,936,bleak-house
Cursitor Street,Peffer,936,bleak-house
Cursitor Street,Cook,936,bleak-house
Cursitor Street,Court,936,bleak-house
Cursitor Street,Peffer,936,bleak-house
Mr. Snagsby,Chancery Lane,936,bleak-house
Mr. Snagsby,Cursitor Street,936,bleak-house
Mr. Snagsby,Cook,936,bleak-house
Mr. Snagsby,Peffer,936,bleak-house
Mr. Snagsby,Cook,936,bleak-house
Mr. Snagsby,Court,936,bleak-house
Mr. Snagsby,Peffer,936,bleak-house
Cook,Chancery Lane,936,bleak-house
Cook,Cursitor Street,936,bleak-house
Cook,Mr. Snagsby,936,bleak-house
Cook,Mr. Snagsby,936,bleak-house
Cook,Peffer,936,bleak-house
Cook,Court,936,bleak-house
Cook,Peffer,936,bleak-house
Mr. Snagsby,Chancery Lane,936,bleak-house
Mr. Snagsby,Cursitor Street,936,bleak-house
Mr. Snagsby,Cook,936,bleak-house
Mr. Snagsby,Peffer,936,bleak-house
Mr. Snagsby,Cook,936,bleak-house
Mr. Snagsby,Court,936,bleak-house
Mr. Snagsby,Peffer,936,bleak-house
Peffer,Chancery Lane,936,bleak-house
Peffer,Cursitor Street,936,bleak-house
Peffer,Mr. Snagsby,936,bleak-house
Peffer,Cook,936,bleak-house
Peffer,Mr. Snagsby,936,bleak-house
Peffer,Cook,936,bleak-house
Peffer,Court,936,bleak-house
Cook,Chancery Lane,936,bleak-house
Cook,Cursitor Street,936,bleak-house
Cook,Mr. Snagsby,936,bleak-house
Cook,Mr. Snagsby,936,bleak-house
Cook,Peffer,936,bleak-house
Cook,Court,936,bleak-house
Cook,Peffer,936,bleak-house
Court,Chancery Lane,936,bleak-house
Court,Cursitor Street,936,bleak-house
Court,Mr. Snagsby,936,bleak-house
Court,Cook,936,bleak-house
Court,Mr. Snagsby,936,bleak-house
Court,Peffer,936,bleak-house
Court,Cook,936,bleak-house
Court,Peffer,936,bleak-house
Peffer,Chancery Lane,936,bleak-house
Peffer,Cursitor Street,936,bleak-house
Peffer,Mr. Snagsby,936,bleak-house
Peffer,Cook,936,bleak-house
Peffer,Mr. Snagsby,936,bleak-house
Peffer,Cook,936,bleak-house
Peffer,Court,936,bleak-house
Holborn,Peffer,937,bleak-house
Holborn,Cook,937,bleak-house
Peffer,Holborn,937,bleak-house
Peffer,Cook,937,bleak-house
Cook,Holborn,937,bleak-house
Cook,Peffer,937,bleak-house
Snagsby,Peffer,938,bleak-house
Snagsby,Courtiers,938,bleak-house
Snagsby,Cursitor Street,938,bleak-house
Snagsby,Mr. Snagsby,938,bleak-house
Peffer,Snagsby,938,bleak-house
Peffer,Courtiers,938,bleak-house
Peffer,Cursitor Street,938,bleak-house
Peffer,Mr. Snagsby,938,bleak-house
Courtiers,Snagsby,938,bleak-house
Courtiers,Peffer,938,bleak-house
Courtiers,Cursitor Street,938,bleak-house
Courtiers,Mr. Snagsby,938,bleak-house
Cursitor Street,Snagsby,938,bleak-house
Cursitor Street,Peffer,938,bleak-house
Cursitor Street,Courtiers,938,bleak-house
Cursitor Street,Mr. Snagsby,938,bleak-house
Mr. Snagsby,Snagsby,938,bleak-house
Mr. Snagsby,Peffer,938,bleak-house
Mr. Snagsby,Courtiers,938,bleak-house
Mr. Snagsby,Cursitor Street,938,bleak-house
Mr.,Mr. Snagsby,939,bleak-house
Mr.,Mr. Snagsby,939,bleak-house
Mr. Snagsby,Mr.,939,bleak-house
Mr. Snagsby,Mr.,939,bleak-house
Mr. Snagsby,Cook,941,bleak-house
Mr. Snagsby,Cursitor Street,941,bleak-house
Mr. Snagsby,Coavinses,941,bleak-house
Mr. Snagsby,Guster,941,bleak-house
Cook,Mr. Snagsby,941,bleak-house
Cook,Cursitor Street,941,bleak-house
Cook,Coavinses,941,bleak-house
Cook,Mr. Snagsby,941,bleak-house
Cook,Mr. Snagsby,941,bleak-house
Cook,Guster,941,bleak-house
Cursitor Street,Mr. Snagsby,941,bleak-house
Cursitor Street,Cook,941,bleak-house
Cursitor Street,Coavinses,941,bleak-house
Cursitor Street,Mr. Snagsby,941,bleak-house
Cursitor Street,Mr. Snagsby,941,bleak-house
Cursitor Street,Guster,941,bleak-house
Coavinses,Mr. Snagsby,941,bleak-house
Coavinses,Cook,941,bleak-house
Coavinses,Cursitor Street,941,bleak-house
Coavinses,Mr. Snagsby,941,bleak-house
Coavinses,Mr. Snagsby,941,bleak-house
Coavinses,Guster,941,bleak-house
Mr. Snagsby,Cook,941,bleak-house
Mr. Snagsby,Cursitor Street,941,bleak-house
Mr. Snagsby,Coavinses,941,bleak-house
Mr. Snagsby,Guster,941,bleak-house
Mr. Snagsby,Cook,941,bleak-house
Mr. Snagsby,Cursitor Street,941,bleak-house
Mr. Snagsby,Coavinses,941,bleak-house
Mr. Snagsby,Guster,941,bleak-house
Guster,Mr. Snagsby,941,bleak-house
Guster,Cook,941,bleak-house
Guster,Cursitor Street,941,bleak-house
Guster,Coavinses,941,bleak-house
Guster,Mr. Snagsby,941,bleak-house
Guster,Mr. Snagsby,941,bleak-house
Mr.,Mr. Snagsby,942,bleak-house
Mr.,Chancery Lane,942,bleak-house
Mr.,Mr. Snagsby,942,bleak-house
Mr.,Rumour,942,bleak-house
Mr.,Cook,942,bleak-house
Mr.,Mr. Snagsby,942,bleak-house
Mr.,Mr. Snagsby,942,bleak-house
Mr.,Turnstile,942,bleak-house
Mr. Snagsby,Mr.,942,bleak-house
Mr. Snagsby,Chancery Lane,942,bleak-house
Mr. Snagsby,Rumour,942,bleak-house
Mr. Snagsby,Cook,942,bleak-house
Mr. Snagsby,Turnstile,942,bleak-house
Chancery Lane,Mr.,942,bleak-house
Chancery Lane,Mr. Snagsby,942,bleak-house
Chancery Lane,Mr. Snagsby,942,bleak-house
Chancery Lane,Rumour,942,bleak-house
Chancery Lane,Cook,942,bleak-house
Chancery Lane,Mr. Snagsby,942,bleak-house
Chancery Lane,Mr. Snagsby,942,bleak-house
Chancery Lane,Turnstile,942,bleak-house
Mr. Snagsby,Mr.,942,bleak-house
Mr. Snagsby,Chancery Lane,942,bleak-house
Mr. Snagsby,Rumour,942,bleak-house
Mr. Snagsby,Cook,942,bleak-house
Mr. Snagsby,Turnstile,942,bleak-house
Rumour,Mr.,942,bleak-house
Rumour,Mr. Snagsby,942,bleak-house
Rumour,Chancery Lane,942,bleak-house
Rumour,Mr. Snagsby,942,bleak-house
Rumour,Cook,942,bleak-house
Rumour,Mr. Snagsby,942,bleak-house
Rumour,Mr. Snagsby,942,bleak-house
Rumour,Turnstile,942,bleak-house
Cook,Mr.,942,bleak-house
Cook,Mr. Snagsby,942,bleak-house
Cook,Chancery Lane,942,bleak-house
Cook,Mr. Snagsby,942,bleak-house
Cook,Rumour,942,bleak-house
Cook,Mr. Snagsby,942,bleak-house
Cook,Mr. Snagsby,942,bleak-house
Cook,Turnstile,942,bleak-house
Mr. Snagsby,Mr.,942,bleak-house
Mr. Snagsby,Chancery Lane,942,bleak-house
Mr. Snagsby,Rumour,942,bleak-house
Mr. Snagsby,Cook,942,bleak-house
Mr. Snagsby,Turnstile,942,bleak-house
Mr. Snagsby,Mr.,942,bleak-house
Mr. Snagsby,Chancery Lane,942,bleak-house
Mr. Snagsby,Rumour,942,bleak-house
Mr. Snagsby,Cook,942,bleak-house
Mr. Snagsby,Turnstile,942,bleak-house
Turnstile,Mr.,942,bleak-house
Turnstile,Mr. Snagsby,942,bleak-house
Turnstile,Chancery Lane,942,bleak-house
Turnstile,Mr. Snagsby,942,bleak-house
Turnstile,Rumour,942,bleak-house
Turnstile,Cook,942,bleak-house
Turnstile,Mr. Snagsby,942,bleak-house
Turnstile,Mr. Snagsby,942,bleak-house
Mr. Snagsby,Cook,943,bleak-house
Mr. Snagsby,Chancery Lane,943,bleak-house
Mr. Snagsby,Lincoln,943,bleak-house
Mr. Snagsby,Inn Garden,943,bleak-house
Mr. Snagsby,Lincoln,943,bleak-house
Mr. Snagsby,Inn Fields,943,bleak-house
Cook,Mr. Snagsby,943,bleak-house
Cook,Chancery Lane,943,bleak-house
Cook,Lincoln,943,bleak-house
Cook,Inn Garden,943,bleak-house
Cook,Lincoln,943,bleak-house
Cook,Inn Fields,943,bleak-house
Chancery Lane,Mr. Snagsby,943,bleak-house
Chancery Lane,Cook,943,bleak-house
Chancery Lane,Lincoln,943,bleak-house
Chancery Lane,Inn Garden,943,bleak-house
Chancery Lane,Lincoln,943,bleak-house
Chancery Lane,Inn Fields,943,bleak-house
Lincoln,Mr. Snagsby,943,bleak-house
Lincoln,Cook,943,bleak-house
Lincoln,Chancery Lane,943,bleak-house
Lincoln,Inn Garden,943,bleak-house
Lincoln,Inn Fields,943,bleak-house
Inn Garden,Mr. Snagsby,943,bleak-house
Inn Garden,Cook,943,bleak-house
Inn Garden,Chancery Lane,943,bleak-house
Inn Garden,Lincoln,943,bleak-house
Inn Garden,Lincoln,943,bleak-house
Inn Garden,Inn Fields,943,bleak-house
Lincoln,Mr. Snagsby,943,bleak-house
Lincoln,Cook,943,bleak-house
Lincoln,Chancery Lane,943,bleak-house
Lincoln,Inn Garden,943,bleak-house
Lincoln,Inn Fields,943,bleak-house
Inn Fields,Mr. Snagsby,943,bleak-house
Inn Fields,Cook,943,bleak-house
Inn Fields,Chancery Lane,943,bleak-house
Inn Fields,Lincoln,943,bleak-house
Inn Fields,Inn Garden,943,bleak-house
Inn Fields,Lincoln,943,bleak-house
Mr. Tulkinghorn,Allegory,944,bleak-house
Mr. Tulkinghorn,Allegory,944,bleak-house
Allegory,Mr. Tulkinghorn,944,bleak-house
Allegory,Mr. Tulkinghorn,944,bleak-house
Allegory,Mr. Tulkinghorn,944,bleak-house
Allegory,Mr. Tulkinghorn,944,bleak-house
Mr. Tulkinghorn,Allegory,944,bleak-house
Mr. Tulkinghorn,Allegory,944,bleak-house
Heavy,Mr. Tulkinghorn,945,bleak-house
Mr. Tulkinghorn,Heavy,945,bleak-house
Mr. Tulkinghorn,Very,947,bleak-house
Very,Mr. Tulkinghorn,947,bleak-house
Mr.,Cook,948,bleak-house
Mr.,Cursitor Street,948,bleak-house
Mr.,Snagsby,948,bleak-house
Mr.,Deeds,948,bleak-house
Cook,Mr.,948,bleak-house
Cook,Cursitor Street,948,bleak-house
Cook,Snagsby,948,bleak-house
Cook,Deeds,948,bleak-house
Cursitor Street,Mr.,948,bleak-house
Cursitor Street,Cook,948,bleak-house
Cursitor Street,Snagsby,948,bleak-house
Cursitor Street,Deeds,948,bleak-house
Snagsby,Mr.,948,bleak-house
Snagsby,Cook,948,bleak-house
Snagsby,Cursitor Street,948,bleak-house
Snagsby,Deeds,948,bleak-house
Deeds,Mr.,948,bleak-house
Deeds,Cook,948,bleak-house
Deeds,Cursitor Street,948,bleak-house
Deeds,Snagsby,948,bleak-house
Snagsby,Mr. Snagsby,949,bleak-house
Mr. Snagsby,Snagsby,949,bleak-house
Master,Guster,953,bleak-house
Master,Guster,953,bleak-house
Guster,Master,953,bleak-house
Guster,Master,953,bleak-house
Mr.,Mr. Tulkinghorn,954,bleak-house
Mr. Tulkinghorn,Mr.,954,bleak-house
Mr. Tulkinghorn,Nemo,967,bleak-house
Nemo,Mr. Tulkinghorn,967,bleak-house
Mr. Tulkinghorn,Nemo,968,bleak-house
Mr. Tulkinghorn,Latin,968,bleak-house
Nemo,Mr. Tulkinghorn,968,bleak-house
Nemo,Latin,968,bleak-house
Latin,Mr. Tulkinghorn,968,bleak-house
Latin,Nemo,968,bleak-house
Mr. Snagsby,Bench Office,971,bleak-house
Bench Office,Mr. Snagsby,971,bleak-house
Mr.,Coavinses,972,bleak-house
Mr.,Mr. Snagsby,972,bleak-house
Coavinses,Mr.,972,bleak-house
Coavinses,Mr. Snagsby,972,bleak-house
Mr. Snagsby,Mr.,972,bleak-house
Mr. Snagsby,Coavinses,972,bleak-house
Mr.,Mr. Tulkinghorn,979,bleak-house
Mr. Tulkinghorn,Mr.,979,bleak-house
Lincoln,Inn,982,bleak-house
Inn,Lincoln,982,bleak-house
Mr. Tulkinghorn,Mr. Krook,987,bleak-house
Mr. Krook,Mr. Tulkinghorn,987,bleak-house
Mr.,Krook,991,bleak-house
Krook,Mr.,991,bleak-house
Mr. Krook,Mr. Tulkinghorn,996,bleak-house
Mr. Krook,Mr. Tulkinghorn,996,bleak-house
Mr. Tulkinghorn,Mr. Krook,996,bleak-house
Mr. Tulkinghorn,Mr. Krook,996,bleak-house
Lady Jane,Krook,997,bleak-house
Krook,Lady Jane,997,bleak-house
Miss Flite,Flite,1020,bleak-house
Miss Flite,Krook,1020,bleak-house
Flite,Miss Flite,1020,bleak-house
Flite,Krook,1020,bleak-house
Krook,Miss Flite,1020,bleak-house
Krook,Flite,1020,bleak-house
Mr.,Flite,1021,bleak-house
Mr.,Krook,1021,bleak-house
Flite,Mr.,1021,bleak-house
Flite,Krook,1021,bleak-house
Krook,Mr.,1021,bleak-house
Krook,Flite,1021,bleak-house
Cook,Snagsby,1045,bleak-house
Snagsby,Cook,1045,bleak-house
Mr. Krook,Mr. Tulkinghorn,1046,bleak-house
Mr. Tulkinghorn,Mr. Krook,1046,bleak-house
Snagsby,Mr. Tulkinghorn,1048,bleak-house
Mr. Tulkinghorn,Snagsby,1048,bleak-house
Mr. Tulkinghorn,Mr. Krook,1055,bleak-house
Mr. Krook,Mr. Tulkinghorn,1055,bleak-house
Mr. Snagsby,Snagsby,1056,bleak-house
Snagsby,Mr. Snagsby,1056,bleak-house
Mr. Snagsby,Nemo,1058,bleak-house
Mr. Snagsby,Snagsby,1058,bleak-house
Mr. Snagsby,Nimrod,1058,bleak-house
Mr. Snagsby,Snagsby,1058,bleak-house
Mr. Snagsby,Chancery,1058,bleak-house
Mr. Snagsby,Nemo,1058,bleak-house
Mr. Snagsby,Snagsby,1058,bleak-house
Mr. Snagsby,Nimrod,1058,bleak-house
Mr. Snagsby,Snagsby,1058,bleak-house
Mr. Snagsby,Chancery,1058,bleak-house
Mr. Snagsby,Nemo,1058,bleak-house
Mr. Snagsby,Snagsby,1058,bleak-house
Mr. Snagsby,Nimrod,1058,bleak-house
Mr. Snagsby,Snagsby,1058,bleak-house
Mr. Snagsby,Chancery,1058,bleak-house
Nemo,Mr. Snagsby,1058,bleak-house
Nemo,Mr. Snagsby,1058,bleak-house
Nemo,Mr. Snagsby,1058,bleak-house
Nemo,Snagsby,1058,bleak-house
Nemo,Nimrod,1058,bleak-house
Nemo,Snagsby,1058,bleak-house
Nemo,Chancery,1058,bleak-house
Nemo,Mr. Snagsby,1058,bleak-house
Snagsby,Mr. Snagsby,1058,bleak-house
Snagsby,Mr. Snagsby,1058,bleak-house
Snagsby,Mr. Snagsby,1058,bleak-house
Snagsby,Nemo,1058,bleak-house
Snagsby,Nimrod,1058,bleak-house
Snagsby,Chancery,1058,bleak-house
Snagsby,Mr. Snagsby,1058,bleak-house
Nimrod,Mr. Snagsby,1058,bleak-house
Nimrod,Mr. Snagsby,1058,bleak-house
Nimrod,Mr. Snagsby,1058,bleak-house
Nimrod,Nemo,1058,bleak-house
Nimrod,Snagsby,1058,bleak-house
Nimrod,Snagsby,1058,bleak-house
Nimrod,Chancery,1058,bleak-house
Nimrod,Mr. Snagsby,1058,bleak-house
Snagsby,Mr. Snagsby,1058,bleak-house
Snagsby,Mr. Snagsby,1058,bleak-house
Snagsby,Mr. Snagsby,1058,bleak-house
Snagsby,Nemo,1058,bleak-house
Snagsby,Nimrod,1058,bleak-house
Snagsby,Chancery,1058,bleak-house
Snagsby,Mr. Snagsby,1058,bleak-house
Chancery,Mr. Snagsby,1058,bleak-house
Chancery,Mr. Snagsby,1058,bleak-house
Chancery,Mr. Snagsby,1058,bleak-house
Chancery,Nemo,1058,bleak-house
Chancery,Snagsby,1058,bleak-house
Chancery,Nimrod,1058,bleak-house
Chancery,Snagsby,1058,bleak-house
Chancery,Mr. Snagsby,1058,bleak-house
Mr. Snagsby,Nemo,1058,bleak-house
Mr. Snagsby,Snagsby,1058,bleak-house
Mr. Snagsby,Nimrod,1058,bleak-house
Mr. Snagsby,Snagsby,1058,bleak-house
Mr. Snagsby,Chancery,1058,bleak-house
Hadn,Mr. Tulkinghorn,1059,bleak-house
Mr. Tulkinghorn,Hadn,1059,bleak-house
Snagsby,Mr. Tulkinghorn,1061,bleak-house
Snagsby,Mr. Snagsby,1061,bleak-house
Mr. Tulkinghorn,Snagsby,1061,bleak-house
Mr. Tulkinghorn,Mr. Snagsby,1061,bleak-house
Mr. Snagsby,Snagsby,1061,bleak-house
Mr. Snagsby,Mr. Tulkinghorn,1061,bleak-house
Don,Mr. Krook,1066,bleak-house
Mr. Krook,Don,1066,bleak-house
Mr. Tulkinghorn,Allegory,1067,bleak-house
Allegory,Mr. Tulkinghorn,1067,bleak-house
Mr. Krook,Perkins,1068,bleak-house
Mr. Krook,Piper,1068,bleak-house
Mr. Krook,Chancery Lane,1068,bleak-house
Perkins,Mr. Krook,1068,bleak-house
Perkins,Piper,1068,bleak-house
Perkins,Chancery Lane,1068,bleak-house
Perkins,Mr. Krook,1068,bleak-house
Piper,Mr. Krook,1068,bleak-house
Piper,Perkins,1068,bleak-house
Piper,Chancery Lane,1068,bleak-house
Piper,Mr. Krook,1068,bleak-house
Chancery Lane,Mr. Krook,1068,bleak-house
Chancery Lane,Perkins,1068,bleak-house
Chancery Lane,Piper,1068,bleak-house
Chancery Lane,Mr. Krook,1068,bleak-house
Mr. Krook,Perkins,1068,bleak-house
Mr. Krook,Piper,1068,bleak-house
Mr. Krook,Chancery Lane,1068,bleak-house
Beadle,Policeman,1070,bleak-house
Beadle,Public,1070,bleak-house
Policeman,Beadle,1070,bleak-house
Policeman,Public,1070,bleak-house
Public,Beadle,1070,bleak-house
Public,Policeman,1070,bleak-house
Chancery Lane,Mr. Krook,1071,bleak-house
Mr. Krook,Chancery Lane,1071,bleak-house
Arms,Little Swills,1073,bleak-house
Arms,Mr. Krook,1073,bleak-house
Little Swills,Arms,1073,bleak-house
Little Swills,Arms,1073,bleak-house
Little Swills,Mr. Krook,1073,bleak-house
Little Swills,Arms,1073,bleak-house
Arms,Little Swills,1073,bleak-house
Arms,Mr. Krook,1073,bleak-house
Mr. Krook,Arms,1073,bleak-house
Mr. Krook,Little Swills,1073,bleak-house
Mr. Krook,Arms,1073,bleak-house
Mr. Krook,Arms,1073,bleak-house
Arms,Little Swills,1073,bleak-house
Arms,Mr. Krook,1073,bleak-house
Mr. Krook,Mooney,1080,bleak-house
Mooney,Mr. Krook,1080,bleak-house
Piper,Alexander James Piper,1084,bleak-house
Piper,Johnny,1084,bleak-house
Piper,Has,1084,bleak-house
Alexander James Piper,Piper,1084,bleak-house
Alexander James Piper,Johnny,1084,bleak-house
Alexander James Piper,Has,1084,bleak-house
Johnny,Piper,1084,bleak-house
Johnny,Alexander James Piper,1084,bleak-house
Johnny,Has,1084,bleak-house
Has,Piper,1084,bleak-house
Has,Alexander James Piper,1084,bleak-house
Has,Johnny,1084,bleak-house
Don,Jo,1088,bleak-house
Don,Jo,1088,bleak-house
Jo,Don,1088,bleak-house
Jo,Don,1088,bleak-house
Jo,Don,1088,bleak-house
Don,Jo,1088,bleak-house
Arms,Little Swills,1100,bleak-house
Arms,Little Swills,1100,bleak-house
Arms,Little Swills,1100,bleak-house
Little Swills,Arms,1100,bleak-house
Little Swills,Arms,1100,bleak-house
Little Swills,Arms,1100,bleak-house
Little Swills,Dee,1101,bleak-house
Little Swills,Dee,1101,bleak-house
Dee,Little Swills,1101,bleak-house
Dee,Little Swills,1101,bleak-house
Mr. Snagsby,Guster,1103,bleak-house
Mr. Snagsby,Hence,1103,bleak-house
Mr. Snagsby,Guster,1103,bleak-house
Mr. Snagsby,Hence,1103,bleak-house
Guster,Mr. Snagsby,1103,bleak-house
Guster,Mr. Snagsby,1103,bleak-house
Guster,Mr. Snagsby,1103,bleak-house
Guster,Hence,1103,bleak-house
Guster,Mr. Snagsby,1103,bleak-house
Mr. Snagsby,Guster,1103,bleak-house
Mr. Snagsby,Hence,1103,bleak-house
Hence,Mr. Snagsby,1103,bleak-house
Hence,Mr. Snagsby,1103,bleak-house
Hence,Guster,1103,bleak-house
Hence,Mr. Snagsby,1103,bleak-house
Hence,Mr. Snagsby,1103,bleak-house
Mr. Snagsby,Guster,1103,bleak-house
Mr. Snagsby,Hence,1103,bleak-house
Chesney Wold,Sir Leicester,1114,bleak-house
Sir Leicester,Chesney Wold,1114,bleak-house
Chesney Wold,Lady,1115,bleak-house
Lady,Chesney Wold,1115,bleak-house
Sir Leicester,Lady,1116,bleak-house
Sir Leicester,Rivoli,1116,bleak-house
Lady,Sir Leicester,1116,bleak-house
Lady,Sir Leicester,1116,bleak-house
Lady,Rivoli,1116,bleak-house
Sir Leicester,Lady,1116,bleak-house
Sir Leicester,Rivoli,1116,bleak-house
Rivoli,Sir Leicester,1116,bleak-house
Rivoli,Lady,1116,bleak-house
Rivoli,Sir Leicester,1116,bleak-house
Lady Dedlock,Concert,1117,bleak-house
Lady Dedlock,Lady,1117,bleak-house
Concert,Lady Dedlock,1117,bleak-house
Concert,Lady,1117,bleak-house
Lady,Lady Dedlock,1117,bleak-house
Lady,Concert,1117,bleak-house
Sir Leicester,Lady,1125,bleak-house
Sir Leicester,Lady,1125,bleak-house
Lady,Sir Leicester,1125,bleak-house
Lady,Sir Leicester,1125,bleak-house
Walk,Sir Leicester,1129,bleak-house
Sir Leicester,Walk,1129,bleak-house
Lady,Sir Leicester,1131,bleak-house
Sir Leicester,Lady,1131,bleak-house
Lady,Madame,1132,bleak-house
Madame,Lady,1132,bleak-house
Sir Leicester,Chesney Wold,1133,bleak-house
Chesney Wold,Sir Leicester,1133,bleak-house
Walk,Sir Leicester,1134,bleak-house
Sir Leicester,Walk,1134,bleak-house
Rosa,Lady Dedlock,1143,bleak-house
Lady Dedlock,Rosa,1143,bleak-house
Sir Leicester,Queen Elizabeth,1149,bleak-house
Queen Elizabeth,Sir Leicester,1149,bleak-house
Rosa,Lady Dedlock,1150,bleak-house
Rosa,Heaven,1150,bleak-house
Rosa,Lady,1150,bleak-house
Lady Dedlock,Rosa,1150,bleak-house
Lady Dedlock,Rosa,1150,bleak-house
Lady Dedlock,Heaven,1150,bleak-house
Lady Dedlock,Lady,1150,bleak-house
Rosa,Lady Dedlock,1150,bleak-house
Rosa,Heaven,1150,bleak-house
Rosa,Lady,1150,bleak-house
Heaven,Rosa,1150,bleak-house
Heaven,Lady Dedlock,1150,bleak-house
Heaven,Rosa,1150,bleak-house
Heaven,Lady,1150,bleak-house
Lady,Rosa,1150,bleak-house
Lady,Lady Dedlock,1150,bleak-house
Lady,Rosa,1150,bleak-house
Lady,Heaven,1150,bleak-house
Might,Watt,1152,bleak-house
Watt,Might,1152,bleak-house
Sir Leicester,Lady Dedlock,1157,bleak-house
Lady Dedlock,Sir Leicester,1157,bleak-house
Sir Leicester,Watt,1158,bleak-house
Watt,Sir Leicester,1158,bleak-house
Rosa,Lady,1161,bleak-house
Lady,Rosa,1161,bleak-house
Lady,Avignon,1162,bleak-house
Lady,Marseilles,1162,bleak-house
Lady,Rosa,1162,bleak-house
Avignon,Lady,1162,bleak-house
Avignon,Marseilles,1162,bleak-house
Avignon,Rosa,1162,bleak-house
Avignon,Lady,1162,bleak-house
Marseilles,Lady,1162,bleak-house
Marseilles,Avignon,1162,bleak-house
Marseilles,Rosa,1162,bleak-house
Marseilles,Lady,1162,bleak-house
Rosa,Lady,1162,bleak-house
Rosa,Avignon,1162,bleak-house
Rosa,Marseilles,1162,bleak-house
Rosa,Lady,1162,bleak-house
Lady,Avignon,1162,bleak-house
Lady,Marseilles,1162,bleak-house
Lady,Rosa,1162,bleak-house
Mademoiselle Hortense,Lady,1164,bleak-house
Lady,Mademoiselle Hortense,1164,bleak-house
James,Lady,1165,bleak-house
Lady,James,1165,bleak-house
Sir Leicester Dedlock,Lord Coodle,1170,bleak-house
Sir Leicester Dedlock,Sir Thomas,1170,bleak-house
Sir Leicester Dedlock,Noodle,1170,bleak-house
Lord Coodle,Sir Leicester Dedlock,1170,bleak-house
Lord Coodle,Sir Thomas,1170,bleak-house
Lord Coodle,Noodle,1170,bleak-house
Lord Coodle,Sir Leicester Dedlock,1170,bleak-house
Sir Thomas,Sir Leicester Dedlock,1170,bleak-house
Sir Thomas,Lord Coodle,1170,bleak-house
Sir Thomas,Noodle,1170,bleak-house
Sir Thomas,Sir Leicester Dedlock,1170,bleak-house
Noodle,Sir Leicester Dedlock,1170,bleak-house
Noodle,Lord Coodle,1170,bleak-house
Noodle,Sir Thomas,1170,bleak-house
Noodle,Sir Leicester Dedlock,1170,bleak-house
Sir Leicester Dedlock,Lord Coodle,1170,bleak-house
Sir Leicester Dedlock,Sir Thomas,1170,bleak-house
Sir Leicester Dedlock,Noodle,1170,bleak-house
William Buffy,Cuffy,1171,bleak-house
William Buffy,Fuffy,1171,bleak-house
William Buffy,Juffy,1171,bleak-house
William Buffy,Kuffy,1171,bleak-house
William Buffy,Luffy,1171,bleak-house
Cuffy,William Buffy,1171,bleak-house
Cuffy,Fuffy,1171,bleak-house
Cuffy,Juffy,1171,bleak-house
Cuffy,Kuffy,1171,bleak-house
Cuffy,Luffy,1171,bleak-house
Fuffy,William Buffy,1171,bleak-house
Fuffy,Cuffy,1171,bleak-house
Fuffy,Juffy,1171,bleak-house
Fuffy,Kuffy,1171,bleak-house
Fuffy,Luffy,1171,bleak-house
Juffy,William Buffy,1171,bleak-house
Juffy,Cuffy,1171,bleak-house
Juffy,Fuffy,1171,bleak-house
Juffy,Kuffy,1171,bleak-house
Juffy,Luffy,1171,bleak-house
Kuffy,William Buffy,1171,bleak-house
Kuffy,Cuffy,1171,bleak-house
Kuffy,Fuffy,1171,bleak-house
Kuffy,Juffy,1171,bleak-house
Kuffy,Luffy,1171,bleak-house
Luffy,William Buffy,1171,bleak-house
Luffy,Cuffy,1171,bleak-house
Luffy,Fuffy,1171,bleak-house
Luffy,Juffy,1171,bleak-house
Luffy,Kuffy,1171,bleak-house
Boodle,Buffy,1172,bleak-house
Boodle,Buffy,1172,bleak-house
Buffy,Boodle,1172,bleak-house
Buffy,Boodle,1172,bleak-house
Boodle,Buffy,1172,bleak-house
Boodle,Buffy,1172,bleak-house
Buffy,Boodle,1172,bleak-house
Buffy,Boodle,1172,bleak-house
Chesney,Mr. Tulkinghorn,1174,bleak-house
Chesney,Sir Leicester,1174,bleak-house
Mr. Tulkinghorn,Chesney,1174,bleak-house
Mr. Tulkinghorn,Sir Leicester,1174,bleak-house
Sir Leicester,Chesney,1174,bleak-house
Sir Leicester,Mr. Tulkinghorn,1174,bleak-house
Sir Leicester,Mr. Tulkinghorn,1181,bleak-house
Mr. Tulkinghorn,Sir Leicester,1181,bleak-house
Mr. Tulkinghorn,Sir Leicester,1182,bleak-house
Sir Leicester,Mr. Tulkinghorn,1182,bleak-house
Mr.,Sir Leicester,1183,bleak-house
Sir Leicester,Mr.,1183,bleak-house
Sir Leicester,Tulkinghorn,1184,bleak-house
Tulkinghorn,Sir Leicester,1184,bleak-house
Tulkinghorn,Sir Leicester,1193,bleak-house
Tulkinghorn,Mr. Boythorn,1193,bleak-house
Sir Leicester,Tulkinghorn,1193,bleak-house
Sir Leicester,Mr. Boythorn,1193,bleak-house
Mr. Boythorn,Tulkinghorn,1193,bleak-house
Mr. Boythorn,Sir Leicester,1193,bleak-house
Mr.,Boythorn,1194,bleak-house
Boythorn,Mr.,1194,bleak-house
Mr. Tulkinghorn,Sir Leicester,1195,bleak-house
Sir Leicester,Mr. Tulkinghorn,1195,bleak-house
Lady Dedlock,Mr. Tulkinghorn,1198,bleak-house
Mr. Tulkinghorn,Lady Dedlock,1198,bleak-house
Mr. Tulkinghorn,Sir Leicester,1211,bleak-house
Sir Leicester,Mr. Tulkinghorn,1211,bleak-house
Sir,Leicester,1218,bleak-house
Leicester,Sir,1218,bleak-house
Lady Dedlock,Mr. Tulkinghorn,1228,bleak-house
Lady Dedlock,Sir Leicester,1228,bleak-house
Lady Dedlock,Lady,1228,bleak-house
Mr. Tulkinghorn,Lady Dedlock,1228,bleak-house
Mr. Tulkinghorn,Sir Leicester,1228,bleak-house
Mr. Tulkinghorn,Lady,1228,bleak-house
Sir Leicester,Lady Dedlock,1228,bleak-house
Sir Leicester,Mr. Tulkinghorn,1228,bleak-house
Sir Leicester,Lady,1228,bleak-house
Lady,Lady Dedlock,1228,bleak-house
Lady,Mr. Tulkinghorn,1228,bleak-house
Lady,Sir Leicester,1228,bleak-house
Certainly,Lady,1229,bleak-house
Certainly,Mr. Tulkinghorn,1229,bleak-house
Lady,Certainly,1229,bleak-house
Lady,Mr. Tulkinghorn,1229,bleak-house
Mr. Tulkinghorn,Certainly,1229,bleak-house
Mr. Tulkinghorn,Lady,1229,bleak-house
Mr.,Lady Dedlock,1230,bleak-house
Mr.,Mr. Tulkinghorn,1230,bleak-house
Lady Dedlock,Mr.,1230,bleak-house
Lady Dedlock,Mr. Tulkinghorn,1230,bleak-house
Mr. Tulkinghorn,Mr.,1230,bleak-house
Mr. Tulkinghorn,Lady Dedlock,1230,bleak-house
Esther,Narrative,1233,bleak-house
Narrative,Esther,1233,bleak-house
Richard,Mr. Jarndyce,1234,bleak-house
Richard,Mr. Jarndyce,1234,bleak-house
Richard,Mr. Jarndyce,1234,bleak-house
Richard,Mr. Jarndyce,1234,bleak-house
Mr. Jarndyce,Richard,1234,bleak-house
Mr. Jarndyce,Richard,1234,bleak-house
Mr. Jarndyce,Richard,1234,bleak-house
Mr. Jarndyce,Richard,1234,bleak-house
Mr. Jarndyce,Richard,1234,bleak-house
Richard,Mr. Jarndyce,1234,bleak-house
Richard,Mr. Jarndyce,1234,bleak-house
Richard,Mr. Jarndyce,1234,bleak-house
Richard,Mr. Jarndyce,1234,bleak-house
Mr. Jarndyce,Richard,1234,bleak-house
Mr. Jarndyce,Richard,1234,bleak-house
Mr. Jarndyce,Richard,1234,bleak-house
Mr. Jarndyce,Richard,1234,bleak-house
Mr. Jarndyce,Richard,1234,bleak-house
Richard,Mr. Jarndyce,1234,bleak-house
Richard,Mr. Jarndyce,1234,bleak-house
Richard,Mr. Jarndyce,1234,bleak-house
Richard,Mr. Jarndyce,1234,bleak-house
Mr. Jarndyce,Richard,1234,bleak-house
Mr. Jarndyce,Richard,1234,bleak-house
Mr. Jarndyce,Richard,1234,bleak-house
Mr. Jarndyce,Richard,1234,bleak-house
Mr. Jarndyce,Richard,1234,bleak-house
Richard,Mr. Jarndyce,1234,bleak-house
Richard,Mr. Jarndyce,1234,bleak-house
Richard,Mr. Jarndyce,1234,bleak-house
Richard,Mr. Jarndyce,1234,bleak-house
Mr. Jarndyce,Richard,1234,bleak-house
Mr. Jarndyce,Richard,1234,bleak-house
Mr. Jarndyce,Richard,1234,bleak-house
Mr. Jarndyce,Richard,1234,bleak-house
Mr. Jarndyce,Richard,1234,bleak-house
Richard,Mr. Jarndyce,1234,bleak-house
Richard,Mr. Jarndyce,1234,bleak-house
Richard,Mr. Jarndyce,1234,bleak-house
Richard,Mr. Jarndyce,1234,bleak-house
Mr. Kenge,Mr. Jarndyce,1239,bleak-house
Mr. Jarndyce,Mr. Kenge,1239,bleak-house
Mr.,Jarndyce,1246,bleak-house
Mr.,Richard,1246,bleak-house
Mr.,Ada,1246,bleak-house
Jarndyce,Mr.,1246,bleak-house
Jarndyce,Richard,1246,bleak-house
Jarndyce,Ada,1246,bleak-house
Richard,Mr.,1246,bleak-house
Richard,Jarndyce,1246,bleak-house
Richard,Ada,1246,bleak-house
Ada,Mr.,1246,bleak-house
Ada,Jarndyce,1246,bleak-house
Ada,Richard,1246,bleak-house
Wouldn,Mr. Jarndyce,1248,bleak-house
Mr. Jarndyce,Wouldn,1248,bleak-house
Richard,Mr. Jarndyce,1251,bleak-house
Richard,Ada,1251,bleak-house
Richard,Mr. Kenge,1251,bleak-house
Richard,Mr. Kenge,1251,bleak-house
Mr. Jarndyce,Richard,1251,bleak-house
Mr. Jarndyce,Ada,1251,bleak-house
Mr. Jarndyce,Mr. Kenge,1251,bleak-house
Mr. Jarndyce,Mr. Kenge,1251,bleak-house
Ada,Richard,1251,bleak-house
Ada,Mr. Jarndyce,1251,bleak-house
Ada,Mr. Kenge,1251,bleak-house
Ada,Mr. Kenge,1251,bleak-house
Mr. Kenge,Richard,1251,bleak-house
Mr. Kenge,Mr. Jarndyce,1251,bleak-house
Mr. Kenge,Ada,1251,bleak-house
Mr. Kenge,Richard,1251,bleak-house
Mr. Kenge,Mr. Jarndyce,1251,bleak-house
Mr. Kenge,Ada,1251,bleak-house
Mr. Kenge,Mr. Jarndyce,1252,bleak-house
Mr. Jarndyce,Mr. Kenge,1252,bleak-house
Truly,Mr. Kenge,1256,bleak-house
Truly,Mr. Richard Carstone,1256,bleak-house
Mr. Kenge,Truly,1256,bleak-house
Mr. Kenge,Mr. Richard Carstone,1256,bleak-house
Mr. Richard Carstone,Truly,1256,bleak-house
Mr. Richard Carstone,Mr. Kenge,1256,bleak-house
Mr. Jarndyce,Mr. Kenge,1258,bleak-house
Mr. Jarndyce,Mr. Richard,1258,bleak-house
Mr. Jarndyce,Mr. Richard,1258,bleak-house
Mr. Kenge,Mr. Jarndyce,1258,bleak-house
Mr. Kenge,Mr. Richard,1258,bleak-house
Mr. Kenge,Mr. Richard,1258,bleak-house
Mr. Richard,Mr. Jarndyce,1258,bleak-house
Mr. Richard,Mr. Kenge,1258,bleak-house
Mr. Richard,Mr. Jarndyce,1258,bleak-house
Mr. Richard,Mr. Kenge,1258,bleak-house
Mr. Kenge,Mr. Jarndyce,1265,bleak-house
Mr. Kenge,Mr. Richard,1265,bleak-house
Mr. Jarndyce,Mr. Kenge,1265,bleak-house
Mr. Jarndyce,Mr. Richard,1265,bleak-house
Mr. Jarndyce,Mr. Kenge,1265,bleak-house
Mr. Richard,Mr. Kenge,1265,bleak-house
Mr. Richard,Mr. Jarndyce,1265,bleak-house
Mr. Richard,Mr. Kenge,1265,bleak-house
Mr. Kenge,Mr. Jarndyce,1265,bleak-house
Mr. Kenge,Mr. Richard,1265,bleak-house
Mr. Kenge,Mr. Jarndyce,1266,bleak-house
Mr. Kenge,Richard,1266,bleak-house
Mr. Jarndyce,Mr. Kenge,1266,bleak-house
Mr. Jarndyce,Richard,1266,bleak-house
Richard,Mr. Kenge,1266,bleak-house
Richard,Mr. Jarndyce,1266,bleak-house
Mr.,Oxford Street,1267,bleak-house
Mr.,London,1267,bleak-house
Mr.,Mr. Guppy,1267,bleak-house
Oxford Street,Mr.,1267,bleak-house
Oxford Street,London,1267,bleak-house
Oxford Street,Mr. Guppy,1267,bleak-house
London,Mr.,1267,bleak-house
London,Oxford Street,1267,bleak-house
London,Mr. Guppy,1267,bleak-house
Mr. Guppy,Mr.,1267,bleak-house
Mr. Guppy,Oxford Street,1267,bleak-house
Mr. Guppy,London,1267,bleak-house
Ada,Richard,1268,bleak-house
Ada,Mr. Guppy,1268,bleak-house
Richard,Ada,1268,bleak-house
Richard,Ada,1268,bleak-house
Richard,Mr. Guppy,1268,bleak-house
Ada,Richard,1268,bleak-house
Ada,Mr. Guppy,1268,bleak-house
Mr. Guppy,Ada,1268,bleak-house
Mr. Guppy,Richard,1268,bleak-house
Mr. Guppy,Ada,1268,bleak-house
Mr. Guppy,Richard,1270,bleak-house
Mr. Guppy,Ada,1270,bleak-house
Richard,Mr. Guppy,1270,bleak-house
Richard,Ada,1270,bleak-house
Richard,Mr. Guppy,1270,bleak-house
Ada,Mr. Guppy,1270,bleak-house
Ada,Richard,1270,bleak-house
Ada,Mr. Guppy,1270,bleak-house
Mr. Guppy,Richard,1270,bleak-house
Mr. Guppy,Ada,1270,bleak-house
Mr. Jarndyce,Mr. Guppy,1271,bleak-house
Mr. Jarndyce,Mr. Guppy,1271,bleak-house
Mr. Jarndyce,Mr. Guppy,1271,bleak-house
Mr. Guppy,Mr. Jarndyce,1271,bleak-house
Mr. Guppy,Mr. Jarndyce,1271,bleak-house
Mr. Guppy,Mr. Jarndyce,1271,bleak-house
Mr. Guppy,Mr. Kenge,1272,bleak-house
Mr. Guppy,Mr. Bayham Badger,1272,bleak-house
Mr. Guppy,Richard,1272,bleak-house
Mr. Guppy,Mr. Badger,1272,bleak-house
Mr. Guppy,Mr. Badger,1272,bleak-house
Mr. Guppy,Richard,1272,bleak-house
Mr. Guppy,Richard,1272,bleak-house
Mr. Guppy,Mr. Badger,1272,bleak-house
Mr. Kenge,Mr. Guppy,1272,bleak-house
Mr. Kenge,Mr. Bayham Badger,1272,bleak-house
Mr. Kenge,Richard,1272,bleak-house
Mr. Kenge,Mr. Badger,1272,bleak-house
Mr. Kenge,Mr. Badger,1272,bleak-house
Mr. Kenge,Richard,1272,bleak-house
Mr. Kenge,Richard,1272,bleak-house
Mr. Kenge,Mr. Badger,1272,bleak-house
Mr. Bayham Badger,Mr. Guppy,1272,bleak-house
Mr. Bayham Badger,Mr. Kenge,1272,bleak-house
Mr. Bayham Badger,Richard,1272,bleak-house
Mr. Bayham Badger,Mr. Badger,1272,bleak-house
Mr. Bayham Badger,Mr. Badger,1272,bleak-house
Mr. Bayham Badger,Richard,1272,bleak-house
Mr. Bayham Badger,Richard,1272,bleak-house
Mr. Bayham Badger,Mr. Badger,1272,bleak-house
Richard,Mr. Guppy,1272,bleak-house
Richard,Mr. Kenge,1272,bleak-house
Richard,Mr. Bayham Badger,1272,bleak-house
Richard,Mr. Badger,1272,bleak-house
Richard,Mr. Badger,1272,bleak-house
Richard,Mr. Badger,1272,bleak-house
Mr. Badger,Mr. Guppy,1272,bleak-house
Mr. Badger,Mr. Kenge,1272,bleak-house
Mr. Badger,Mr. Bayham Badger,1272,bleak-house
Mr. Badger,Richard,1272,bleak-house
Mr. Badger,Richard,1272,bleak-house
Mr. Badger,Richard,1272,bleak-house
Mr. Badger,Mr. Guppy,1272,bleak-house
Mr. Badger,Mr. Kenge,1272,bleak-house
Mr. Badger,Mr. Bayham Badger,1272,bleak-house
Mr. Badger,Richard,1272,bleak-house
Mr. Badger,Richard,1272,bleak-house
Mr. Badger,Richard,1272,bleak-house
Richard,Mr. Guppy,1272,bleak-house
Richard,Mr. Kenge,1272,bleak-house
Richard,Mr. Bayham Badger,1272,bleak-house
Richard,Mr. Badger,1272,bleak-house
Richard,Mr. Badger,1272,bleak-house
Richard,Mr. Badger,1272,bleak-house
Richard,Mr. Guppy,1272,bleak-house
Richard,Mr. Kenge,1272,bleak-house
Richard,Mr. Bayham Badger,1272,bleak-house
Richard,Mr. Badger,1272,bleak-house
Richard,Mr. Badger,1272,bleak-house
Richard,Mr. Badger,1272,bleak-house
Mr. Badger,Mr. Guppy,1272,bleak-house
Mr. Badger,Mr. Kenge,1272,bleak-house
Mr. Badger,Mr. Bayham Badger,1272,bleak-house
Mr. Badger,Richard,1272,bleak-house
Mr. Badger,Richard,1272,bleak-house
Mr. Badger,Richard,1272,bleak-house
Richard,Mr. Badger,1273,bleak-house
Richard,Mr. Badger,1273,bleak-house
Richard,Badger,1273,bleak-house
Mr. Badger,Richard,1273,bleak-house
Mr. Badger,Badger,1273,bleak-house
Mr. Badger,Richard,1273,bleak-house
Mr. Badger,Badger,1273,bleak-house
Badger,Richard,1273,bleak-house
Badger,Mr. Badger,1273,bleak-house
Badger,Mr. Badger,1273,bleak-house
Mr.,Bayham Badger,1274,bleak-house
Mr.,Bayham Badger,1274,bleak-house
Mr.,Mr. Jarndyce,1274,bleak-house
Mr.,Bayham Badger,1274,bleak-house
Bayham Badger,Mr.,1274,bleak-house
Bayham Badger,Mr. Jarndyce,1274,bleak-house
Bayham Badger,Mr.,1274,bleak-house
Bayham Badger,Mr. Jarndyce,1274,bleak-house
Mr. Jarndyce,Mr.,1274,bleak-house
Mr. Jarndyce,Bayham Badger,1274,bleak-house
Mr. Jarndyce,Bayham Badger,1274,bleak-house
Mr. Jarndyce,Bayham Badger,1274,bleak-house
Bayham Badger,Mr.,1274,bleak-house
Bayham Badger,Mr. Jarndyce,1274,bleak-house
Mr. Badger,Bayham Badger,1276,bleak-house
Mr. Badger,Miss Summerson,1276,bleak-house
Bayham Badger,Mr. Badger,1276,bleak-house
Bayham Badger,Miss Summerson,1276,bleak-house
Miss Summerson,Mr. Badger,1276,bleak-house
Miss Summerson,Bayham Badger,1276,bleak-house
Mr. Badger,Captain Swosser,1278,bleak-house
Mr. Badger,Badger,1278,bleak-house
Captain Swosser,Mr. Badger,1278,bleak-house
Captain Swosser,Badger,1278,bleak-house
Badger,Mr. Badger,1278,bleak-house
Badger,Captain Swosser,1278,bleak-house
Mr. Badger,Mr. Jarndyce,1280,bleak-house
Mr. Badger,Miss Summerson,1280,bleak-house
Mr. Jarndyce,Mr. Badger,1280,bleak-house
Mr. Jarndyce,Miss Summerson,1280,bleak-house
Miss Summerson,Mr. Badger,1280,bleak-house
Miss Summerson,Mr. Jarndyce,1280,bleak-house
Badger,Mr. Badger,1284,bleak-house
Mr. Badger,Badger,1284,bleak-house
Mr. Badger,Mr. Jarndyce,1286,bleak-house
Mr. Jarndyce,Mr. Badger,1286,bleak-house
Mr. Badger,Mr. Carstone,1288,bleak-house
Mr. Badger,Captain Swosser,1288,bleak-house
Mr. Badger,Mr. Jarndyce,1288,bleak-house
Mr. Badger,Mr. Bayham Badger,1288,bleak-house
Mr. Carstone,Mr. Badger,1288,bleak-house
Mr. Carstone,Mr. Badger,1288,bleak-house
Mr. Carstone,Captain Swosser,1288,bleak-house
Mr. Carstone,Mr. Jarndyce,1288,bleak-house
Mr. Carstone,Mr. Bayham Badger,1288,bleak-house
Mr. Badger,Mr. Carstone,1288,bleak-house
Mr. Badger,Captain Swosser,1288,bleak-house
Mr. Badger,Mr. Jarndyce,1288,bleak-house
Mr. Badger,Mr. Bayham Badger,1288,bleak-house
Captain Swosser,Mr. Badger,1288,bleak-house
Captain Swosser,Mr. Carstone,1288,bleak-house
Captain Swosser,Mr. Badger,1288,bleak-house
Captain Swosser,Mr. Jarndyce,1288,bleak-house
Captain Swosser,Mr. Bayham Badger,1288,bleak-house
Mr. Jarndyce,Mr. Badger,1288,bleak-house
Mr. Jarndyce,Mr. Carstone,1288,bleak-house
Mr. Jarndyce,Mr. Badger,1288,bleak-house
Mr. Jarndyce,Captain Swosser,1288,bleak-house
Mr. Jarndyce,Mr. Bayham Badger,1288,bleak-house
Mr. Bayham Badger,Mr. Badger,1288,bleak-house
Mr. Bayham Badger,Mr. Carstone,1288,bleak-house
Mr. Bayham Badger,Mr. Badger,1288,bleak-house
Mr. Bayham Badger,Captain Swosser,1288,bleak-house
Mr. Bayham Badger,Mr. Jarndyce,1288,bleak-house
Mr. Badger,Captain Swosser,1290,bleak-house
Mr. Badger,Professor Dingo,1290,bleak-house
Mr. Badger,Bayham Badger,1290,bleak-house
Mr. Badger,Bayham Badger,1290,bleak-house
Mr. Badger,Bayham Badger,1290,bleak-house
Captain Swosser,Mr. Badger,1290,bleak-house
Captain Swosser,Professor Dingo,1290,bleak-house
Captain Swosser,Bayham Badger,1290,bleak-house
Captain Swosser,Bayham Badger,1290,bleak-house
Captain Swosser,Bayham Badger,1290,bleak-house
Professor Dingo,Mr. Badger,1290,bleak-house
Professor Dingo,Captain Swosser,1290,bleak-house
Professor Dingo,Bayham Badger,1290,bleak-house
Professor Dingo,Bayham Badger,1290,bleak-house
Professor Dingo,Bayham Badger,1290,bleak-house
Bayham Badger,Mr. Badger,1290,bleak-house
Bayham Badger,Captain Swosser,1290,bleak-house
Bayham Badger,Professor Dingo,1290,bleak-house
Bayham Badger,Mr. Badger,1290,bleak-house
Bayham Badger,Captain Swosser,1290,bleak-house
Bayham Badger,Professor Dingo,1290,bleak-house
Bayham Badger,Mr. Badger,1290,bleak-house
Bayham Badger,Captain Swosser,1290,bleak-house
Bayham Badger,Professor Dingo,1290,bleak-house
Dinner,Mr. Badger,1291,bleak-house
Dinner,Ada,1291,bleak-house
Mr. Badger,Dinner,1291,bleak-house
Mr. Badger,Ada,1291,bleak-house
Ada,Dinner,1291,bleak-house
Ada,Mr. Badger,1291,bleak-house
Miss Summerson,James,1292,bleak-house
James,Miss Summerson,1292,bleak-house
Mr. Badger,Bayham Badger,1294,bleak-house
Bayham Badger,Mr. Badger,1294,bleak-house
James,Captain Swosser,1296,bleak-house
James,Mr. Jarndyce,1296,bleak-house
James,Swosser,1296,bleak-house
Captain Swosser,James,1296,bleak-house
Captain Swosser,Mr. Jarndyce,1296,bleak-house
Captain Swosser,Swosser,1296,bleak-house
Captain Swosser,James,1296,bleak-house
Mr. Jarndyce,James,1296,bleak-house
Mr. Jarndyce,Captain Swosser,1296,bleak-house
Mr. Jarndyce,Swosser,1296,bleak-house
Mr. Jarndyce,James,1296,bleak-house
Swosser,James,1296,bleak-house
Swosser,Captain Swosser,1296,bleak-house
Swosser,Mr. Jarndyce,1296,bleak-house
Swosser,James,1296,bleak-house
James,Captain Swosser,1296,bleak-house
James,Mr. Jarndyce,1296,bleak-house
James,Swosser,1296,bleak-house
Trim,Captain Swosser,1298,bleak-house
Trim,Captain Swosser,1298,bleak-house
Trim,Swosser,1298,bleak-house
Captain Swosser,Trim,1298,bleak-house
Captain Swosser,Swosser,1298,bleak-house
Captain Swosser,Trim,1298,bleak-house
Captain Swosser,Swosser,1298,bleak-house
Swosser,Trim,1298,bleak-house
Swosser,Captain Swosser,1298,bleak-house
Swosser,Captain Swosser,1298,bleak-house
Badger,Captain Swosser,1301,bleak-house
Badger,Laura,1301,bleak-house
Captain Swosser,Badger,1301,bleak-house
Captain Swosser,Badger,1301,bleak-house
Captain Swosser,Laura,1301,bleak-house
Badger,Captain Swosser,1301,bleak-house
Badger,Laura,1301,bleak-house
Laura,Badger,1301,bleak-house
Laura,Captain Swosser,1301,bleak-house
Laura,Badger,1301,bleak-house
Ada,Richard,1302,bleak-house
Richard,Ada,1302,bleak-house
Richard,Ada,1302,bleak-house
Richard,Ada,1302,bleak-house
Ada,Richard,1302,bleak-house
Ada,Richard,1302,bleak-house
Pray,Ada,1308,bleak-house
Ada,Pray,1308,bleak-house
Ada,Richard,1310,bleak-house
Richard,Ada,1310,bleak-house
Esther,Ada,1322,bleak-house
Ada,Esther,1322,bleak-house
Richard,Ada,1330,bleak-house
Richard,Dame Durden,1330,bleak-house
Ada,Richard,1330,bleak-house
Ada,Richard,1330,bleak-house
Ada,Dame Durden,1330,bleak-house
Richard,Ada,1330,bleak-house
Richard,Dame Durden,1330,bleak-house
Dame Durden,Richard,1330,bleak-house
Dame Durden,Ada,1330,bleak-house
Dame Durden,Richard,1330,bleak-house
Richard,Ada,1333,bleak-house
Richard,Ada,1333,bleak-house
Richard,John,1333,bleak-house
Ada,Richard,1333,bleak-house
Ada,Richard,1333,bleak-house
Ada,John,1333,bleak-house
Ada,Richard,1333,bleak-house
Ada,Richard,1333,bleak-house
Ada,John,1333,bleak-house
Richard,Ada,1333,bleak-house
Richard,Ada,1333,bleak-house
Richard,John,1333,bleak-house
John,Richard,1333,bleak-house
John,Ada,1333,bleak-house
John,Ada,1333,bleak-house
John,Richard,1333,bleak-house
Aye,Esther,1337,bleak-house
Esther,Aye,1337,bleak-house
Bleak House,Ada,1338,bleak-house
Ada,Bleak House,1338,bleak-house
Ada,Richard,1342,bleak-house
Richard,Ada,1342,bleak-house
Ada,Richard,1346,bleak-house
Richard,Ada,1346,bleak-house
Rick,Mr. Jarndyce,1347,bleak-house
Rick,Ada,1347,bleak-house
Mr. Jarndyce,Rick,1347,bleak-house
Mr. Jarndyce,Ada,1347,bleak-house
Mr. Jarndyce,Rick,1347,bleak-house
Ada,Rick,1347,bleak-house
Ada,Mr. Jarndyce,1347,bleak-house
Ada,Rick,1347,bleak-house
Rick,Mr. Jarndyce,1347,bleak-house
Rick,Ada,1347,bleak-house
Mr. Jarndyce,Rick,1349,bleak-house
Rick,Mr. Jarndyce,1349,bleak-house
Richard,Ada,1350,bleak-house
Ada,Richard,1350,bleak-house
John,Ada,1351,bleak-house
Ada,John,1351,bleak-house
Mr. Jarndyce,Rick,1352,bleak-house
Mr. Jarndyce,Ada,1352,bleak-house
Rick,Mr. Jarndyce,1352,bleak-house
Rick,Ada,1352,bleak-house
Ada,Mr. Jarndyce,1352,bleak-house
Ada,Rick,1352,bleak-house
Well,Mr. Jarndyce,1356,bleak-house
Well,Rick,1356,bleak-house
Well,Otherwise,1356,bleak-house
Well,Ada,1356,bleak-house
Mr. Jarndyce,Well,1356,bleak-house
Mr. Jarndyce,Rick,1356,bleak-house
Mr. Jarndyce,Otherwise,1356,bleak-house
Mr. Jarndyce,Ada,1356,bleak-house
Rick,Well,1356,bleak-house
Rick,Mr. Jarndyce,1356,bleak-house
Rick,Otherwise,1356,bleak-house
Rick,Ada,1356,bleak-house
Otherwise,Well,1356,bleak-house
Otherwise,Mr. Jarndyce,1356,bleak-house
Otherwise,Rick,1356,bleak-house
Otherwise,Ada,1356,bleak-house
Ada,Well,1356,bleak-house
Ada,Mr. Jarndyce,1356,bleak-house
Ada,Rick,1356,bleak-house
Ada,Otherwise,1356,bleak-house
Ada,Richard,1357,bleak-house
Richard,Ada,1357,bleak-house
Rick,Mr. Jarndyce,1361,bleak-house
Rick,Esther,1361,bleak-house
Mr. Jarndyce,Rick,1361,bleak-house
Mr. Jarndyce,Esther,1361,bleak-house
Esther,Rick,1361,bleak-house
Esther,Mr. Jarndyce,1361,bleak-house
Richard,Ada,1370,bleak-house
Richard,Ada,1370,bleak-house
Ada,Richard,1370,bleak-house
Ada,Richard,1370,bleak-house
Richard,Ada,1370,bleak-house
Richard,Ada,1370,bleak-house
Ada,Richard,1370,bleak-house
Ada,Richard,1370,bleak-house
Ada,Richard,1373,bleak-house
Richard,Ada,1373,bleak-house
Too,Ada,1376,bleak-house
Ada,Too,1376,bleak-house
Richard,Dame Durden,1381,bleak-house
Dame Durden,Richard,1381,bleak-house
Richard,Ada,1383,bleak-house
Ada,Richard,1383,bleak-house
Mr. Jarndyce,Jellyby,1384,bleak-house
Mr. Jarndyce,Miss Jellyby,1384,bleak-house
Jellyby,Mr. Jarndyce,1384,bleak-house
Jellyby,Miss Jellyby,1384,bleak-house
Miss Jellyby,Mr. Jarndyce,1384,bleak-house
Miss Jellyby,Jellyby,1384,bleak-house
Jellyby,Mile End,1385,bleak-house
Jellyby,Branch Aid Ramification,1385,bleak-house
Jellyby,Peepy,1385,bleak-house
Mile End,Jellyby,1385,bleak-house
Mile End,Branch Aid Ramification,1385,bleak-house
Mile End,Peepy,1385,bleak-house
Branch Aid Ramification,Jellyby,1385,bleak-house
Branch Aid Ramification,Mile End,1385,bleak-house
Branch Aid Ramification,Peepy,1385,bleak-house
Peepy,Jellyby,1385,bleak-house
Peepy,Mile End,1385,bleak-house
Peepy,Branch Aid Ramification,1385,bleak-house
Ada,Jellyby,1386,bleak-house
Ada,Mr. Jellyby,1386,bleak-house
Ada,Miss Jellyby,1386,bleak-house
Jellyby,Ada,1386,bleak-house
Jellyby,Mr. Jellyby,1386,bleak-house
Jellyby,Miss Jellyby,1386,bleak-house
Mr. Jellyby,Ada,1386,bleak-house
Mr. Jellyby,Jellyby,1386,bleak-house
Mr. Jellyby,Miss Jellyby,1386,bleak-house
Miss Jellyby,Ada,1386,bleak-house
Miss Jellyby,Jellyby,1386,bleak-house
Miss Jellyby,Mr. Jellyby,1386,bleak-house
Peepy,Mr. Jarndyce,1390,bleak-house
Peepy,Miss Jellyby,1390,bleak-house
Peepy,Mr. Jarndyce,1390,bleak-house
Peepy,Miss Jellyby,1390,bleak-house
Mr. Jarndyce,Peepy,1390,bleak-house
Mr. Jarndyce,Peepy,1390,bleak-house
Mr. Jarndyce,Miss Jellyby,1390,bleak-house
Miss Jellyby,Peepy,1390,bleak-house
Miss Jellyby,Peepy,1390,bleak-house
Miss Jellyby,Mr. Jarndyce,1390,bleak-house
Miss Summerson,Miss Jellyby,1393,bleak-house
Miss Summerson,Peepy,1393,bleak-house
Miss Jellyby,Miss Summerson,1393,bleak-house
Miss Jellyby,Peepy,1393,bleak-house
Peepy,Miss Summerson,1393,bleak-house
Peepy,Miss Jellyby,1393,bleak-house
Caddy,Peepy,1396,bleak-house
Peepy,Caddy,1396,bleak-house
Miss Jellyby,Ma,1399,bleak-house
Ma,Miss Jellyby,1399,bleak-house
Miss Jellyby,Pa,1401,bleak-house
Pa,Miss Jellyby,1401,bleak-house
Miss Summerson,Miss Jellyby,1403,bleak-house
Miss Jellyby,Miss Summerson,1403,bleak-house
Miss,Jellyby,1404,bleak-house
Jellyby,Miss,1404,bleak-house
Miss Jellyby,Peepy,1413,bleak-house
Peepy,Miss Jellyby,1413,bleak-house
Peepy,Caddy,1414,bleak-house
Peepy,Miss Jellyby,1414,bleak-house
Caddy,Peepy,1414,bleak-house
Caddy,Miss Jellyby,1414,bleak-house
Miss Jellyby,Peepy,1414,bleak-house
Miss Jellyby,Caddy,1414,bleak-house
Ma,Mr. Turveydrop,1417,bleak-house
Ma,Academy,1417,bleak-house
Mr. Turveydrop,Ma,1417,bleak-house
Mr. Turveydrop,Academy,1417,bleak-house
Academy,Ma,1417,bleak-house
Academy,Mr. Turveydrop,1417,bleak-house
Caddy,Mr. Turveydrop,1419,bleak-house
Caddy,Mr. Turveydrops,1419,bleak-house
Caddy,Mr. Turveydrop,1419,bleak-house
Mr. Turveydrop,Caddy,1419,bleak-house
Mr. Turveydrop,Mr. Turveydrops,1419,bleak-house
Mr. Turveydrops,Caddy,1419,bleak-house
Mr. Turveydrops,Mr. Turveydrop,1419,bleak-house
Mr. Turveydrops,Mr. Turveydrop,1419,bleak-house
Mr. Turveydrop,Caddy,1419,bleak-house
Mr. Turveydrop,Mr. Turveydrops,1419,bleak-house
Mr. Turveydrop,Old Mr. Turveydrop,1421,bleak-house
Mr. Turveydrop,Old Mr. Turveydrop,1421,bleak-house
Old Mr. Turveydrop,Mr. Turveydrop,1421,bleak-house
Old Mr. Turveydrop,Mr. Turveydrop,1421,bleak-house
Old Mr. Turveydrop,Miss Clare,1423,bleak-house
Old Mr. Turveydrop,Miss Jellyby,1423,bleak-house
Miss Clare,Old Mr. Turveydrop,1423,bleak-house
Miss Clare,Miss Jellyby,1423,bleak-house
Miss Jellyby,Old Mr. Turveydrop,1423,bleak-house
Miss Jellyby,Miss Clare,1423,bleak-house
Peepy,Miss Jellyby,1424,bleak-house
Miss Jellyby,Peepy,1424,bleak-house
Miss Jellyby,Peepy,1424,bleak-house
Peepy,Miss Jellyby,1424,bleak-house
Caddy,Young Mr. Turveydrop,1425,bleak-house
Caddy,Mr. Turveydrop,1425,bleak-house
Caddy,Young Mr. Turveydrop,1425,bleak-house
Caddy,Mr. Turveydrop,1425,bleak-house
Young Mr. Turveydrop,Caddy,1425,bleak-house
Young Mr. Turveydrop,Caddy,1425,bleak-house
Young Mr. Turveydrop,Mr. Turveydrop,1425,bleak-house
Mr. Turveydrop,Caddy,1425,bleak-house
Mr. Turveydrop,Caddy,1425,bleak-house
Mr. Turveydrop,Young Mr. Turveydrop,1425,bleak-house
Caddy,Miss Flite,1430,bleak-house
Caddy,Young Mr. Turveydrop,1430,bleak-house
Caddy,Mr. Turveydrop,1430,bleak-house
Caddy,Old Mr. Turveydrop,1430,bleak-house
Caddy,Mr. Turveydrop,1430,bleak-house
Caddy,Miss Summerson,1430,bleak-house
Miss Flite,Caddy,1430,bleak-house
Miss Flite,Caddy,1430,bleak-house
Miss Flite,Young Mr. Turveydrop,1430,bleak-house
Miss Flite,Mr. Turveydrop,1430,bleak-house
Miss Flite,Old Mr. Turveydrop,1430,bleak-house
Miss Flite,Mr. Turveydrop,1430,bleak-house
Miss Flite,Miss Summerson,1430,bleak-house
Miss Flite,Caddy,1430,bleak-house
Caddy,Miss Flite,1430,bleak-house
Caddy,Young Mr. Turveydrop,1430,bleak-house
Caddy,Mr. Turveydrop,1430,bleak-house
Caddy,Old Mr. Turveydrop,1430,bleak-house
Caddy,Mr. Turveydrop,1430,bleak-house
Caddy,Miss Summerson,1430,bleak-house
Young Mr. Turveydrop,Caddy,1430,bleak-house
Young Mr. Turveydrop,Miss Flite,1430,bleak-house
Young Mr. Turveydrop,Caddy,1430,bleak-house
Young Mr. Turveydrop,Mr. Turveydrop,1430,bleak-house
Young Mr. Turveydrop,Old Mr. Turveydrop,1430,bleak-house
Young Mr. Turveydrop,Mr. Turveydrop,1430,bleak-house
Young Mr. Turveydrop,Miss Summerson,1430,bleak-house
Young Mr. Turveydrop,Caddy,1430,bleak-house
Mr. Turveydrop,Caddy,1430,bleak-house
Mr. Turveydrop,Miss Flite,1430,bleak-house
Mr. Turveydrop,Caddy,1430,bleak-house
Mr. Turveydrop,Young Mr. Turveydrop,1430,bleak-house
Mr. Turveydrop,Old Mr. Turveydrop,1430,bleak-house
Mr. Turveydrop,Miss Summerson,1430,bleak-house
Mr. Turveydrop,Caddy,1430,bleak-house
Old Mr. Turveydrop,Caddy,1430,bleak-house
Old Mr. Turveydrop,Miss Flite,1430,bleak-house
Old Mr. Turveydrop,Caddy,1430,bleak-house
Old Mr. Turveydrop,Young Mr. Turveydrop,1430,bleak-house
Old Mr. Turveydrop,Mr. Turveydrop,1430,bleak-house
Old Mr. Turveydrop,Mr. Turveydrop,1430,bleak-house
Old Mr. Turveydrop,Miss Summerson,1430,bleak-house
Old Mr. Turveydrop,Caddy,1430,bleak-house
Mr. Turveydrop,Caddy,1430,bleak-house
Mr. Turveydrop,Miss Flite,1430,bleak-house
Mr. Turveydrop,Caddy,1430,bleak-house
Mr. Turveydrop,Young Mr. Turveydrop,1430,bleak-house
Mr. Turveydrop,Old Mr. Turveydrop,1430,bleak-house
Mr. Turveydrop,Miss Summerson,1430,bleak-house
Mr. Turveydrop,Caddy,1430,bleak-house
Miss Summerson,Caddy,1430,bleak-house
Miss Summerson,Miss Flite,1430,bleak-house
Miss Summerson,Caddy,1430,bleak-house
Miss Summerson,Young Mr. Turveydrop,1430,bleak-house
Miss Summerson,Mr. Turveydrop,1430,bleak-house
Miss Summerson,Old Mr. Turveydrop,1430,bleak-house
Miss Summerson,Mr. Turveydrop,1430,bleak-house
Miss Summerson,Caddy,1430,bleak-house
Caddy,Miss Flite,1430,bleak-house
Caddy,Young Mr. Turveydrop,1430,bleak-house
Caddy,Mr. Turveydrop,1430,bleak-house
Caddy,Old Mr. Turveydrop,1430,bleak-house
Caddy,Mr. Turveydrop,1430,bleak-house
Caddy,Miss Summerson,1430,bleak-house
Miss Flite,Miss Jellyby,1431,bleak-house
Miss Flite,Peepy,1431,bleak-house
Miss Flite,Ada,1431,bleak-house
Miss Flite,Miss Jellyby,1431,bleak-house
Miss Flite,Peepy,1431,bleak-house
Miss Flite,Peepy,1431,bleak-house
Miss Jellyby,Miss Flite,1431,bleak-house
Miss Jellyby,Peepy,1431,bleak-house
Miss Jellyby,Ada,1431,bleak-house
Miss Jellyby,Peepy,1431,bleak-house
Miss Jellyby,Peepy,1431,bleak-house
Peepy,Miss Flite,1431,bleak-house
Peepy,Miss Jellyby,1431,bleak-house
Peepy,Ada,1431,bleak-house
Peepy,Miss Jellyby,1431,bleak-house
Ada,Miss Flite,1431,bleak-house
Ada,Miss Jellyby,1431,bleak-house
Ada,Peepy,1431,bleak-house
Ada,Miss Jellyby,1431,bleak-house
Ada,Peepy,1431,bleak-house
Ada,Peepy,1431,bleak-house
Miss Jellyby,Miss Flite,1431,bleak-house
Miss Jellyby,Peepy,1431,bleak-house
Miss Jellyby,Ada,1431,bleak-house
Miss Jellyby,Peepy,1431,bleak-house
Miss Jellyby,Peepy,1431,bleak-house
Peepy,Miss Flite,1431,bleak-house
Peepy,Miss Jellyby,1431,bleak-house
Peepy,Ada,1431,bleak-house
Peepy,Miss Jellyby,1431,bleak-house
Peepy,Miss Flite,1431,bleak-house
Peepy,Miss Jellyby,1431,bleak-house
Peepy,Ada,1431,bleak-house
Peepy,Miss Jellyby,1431,bleak-house
MR. TURVEYDROP,Miss Jellyby,1432,bleak-house
Miss Jellyby,MR. TURVEYDROP,1432,bleak-house
Mr. Turveydrop,Caddy,1433,bleak-house
Caddy,Mr. Turveydrop,1433,bleak-house
Peepy,Mr. Turveydrop,1439,bleak-house
Mr. Turveydrop,Peepy,1439,bleak-house
Father,Miss Jellyby,1441,bleak-house
Father,Miss Summerson,1441,bleak-house
Miss Jellyby,Father,1441,bleak-house
Miss Jellyby,Miss Summerson,1441,bleak-house
Miss Summerson,Father,1441,bleak-house
Miss Summerson,Miss Jellyby,1441,bleak-house
Mr. Turveydrop,Miss Summerson,1442,bleak-house
Miss Summerson,Mr. Turveydrop,1442,bleak-house
Mr.,Turveydrop,1486,bleak-house
Turveydrop,Mr.,1486,bleak-house
Caddy,Mr. Turveydrops,1487,bleak-house
Caddy,Lincoln,1487,bleak-house
Mr. Turveydrops,Caddy,1487,bleak-house
Mr. Turveydrops,Lincoln,1487,bleak-house
Lincoln,Caddy,1487,bleak-house
Lincoln,Mr. Turveydrops,1487,bleak-house
Caddy,Miss Summerson,1489,bleak-house
Caddy,Poor Miss Flite,1489,bleak-house
Caddy,Mr. Turveydrop,1489,bleak-house
Caddy,Peepy,1489,bleak-house
Caddy,Miss Clare,1489,bleak-house
Miss Summerson,Caddy,1489,bleak-house
Miss Summerson,Poor Miss Flite,1489,bleak-house
Miss Summerson,Mr. Turveydrop,1489,bleak-house
Miss Summerson,Caddy,1489,bleak-house
Miss Summerson,Peepy,1489,bleak-house
Miss Summerson,Miss Clare,1489,bleak-house
Poor Miss Flite,Caddy,1489,bleak-house
Poor Miss Flite,Miss Summerson,1489,bleak-house
Poor Miss Flite,Mr. Turveydrop,1489,bleak-house
Poor Miss Flite,Caddy,1489,bleak-house
Poor Miss Flite,Peepy,1489,bleak-house
Poor Miss Flite,Miss Clare,1489,bleak-house
Mr. Turveydrop,Caddy,1489,bleak-house
Mr. Turveydrop,Miss Summerson,1489,bleak-house
Mr. Turveydrop,Poor Miss Flite,1489,bleak-house
Mr. Turveydrop,Caddy,1489,bleak-house
Mr. Turveydrop,Peepy,1489,bleak-house
Mr. Turveydrop,Miss Clare,1489,bleak-house
Caddy,Miss Summerson,1489,bleak-house
Caddy,Poor Miss Flite,1489,bleak-house
Caddy,Mr. Turveydrop,1489,bleak-house
Caddy,Peepy,1489,bleak-house
Caddy,Miss Clare,1489,bleak-house
Peepy,Caddy,1489,bleak-house
Peepy,Miss Summerson,1489,bleak-house
Peepy,Poor Miss Flite,1489,bleak-house
Peepy,Mr. Turveydrop,1489,bleak-house
Peepy,Caddy,1489,bleak-house
Peepy,Miss Clare,1489,bleak-house
Miss Clare,Caddy,1489,bleak-house
Miss Clare,Miss Summerson,1489,bleak-house
Miss Clare,Poor Miss Flite,1489,bleak-house
Miss Clare,Mr. Turveydrop,1489,bleak-house
Miss Clare,Caddy,1489,bleak-house
Miss Clare,Peepy,1489,bleak-house
Caddy,How,1491,bleak-house
How,Caddy,1491,bleak-house
Caddy,Mr. Turveydrop,1492,bleak-house
Mr. Turveydrop,Caddy,1492,bleak-house
Mr. Krook,Caddy,1493,bleak-house
Mr. Krook,Miss Flite,1493,bleak-house
Mr. Krook,Caddy,1493,bleak-house
Caddy,Mr. Krook,1493,bleak-house
Caddy,Miss Flite,1493,bleak-house
Miss Flite,Mr. Krook,1493,bleak-house
Miss Flite,Caddy,1493,bleak-house
Miss Flite,Caddy,1493,bleak-house
Caddy,Mr. Krook,1493,bleak-house
Caddy,Miss Flite,1493,bleak-house
Ada,Miss Flite,1494,bleak-house
Miss Flite,Ada,1494,bleak-house
Miss,Flite,1496,bleak-house
Flite,Miss,1496,bleak-house
Honoured,Bleak House,1497,bleak-house
Bleak House,Honoured,1497,bleak-house
Mr. Woodcourt,Bleak,1499,bleak-house
Mr. Woodcourt,Bleak,1499,bleak-house
Bleak,Mr. Woodcourt,1499,bleak-house
Bleak,Mr. Woodcourt,1499,bleak-house
Miss Flite,Krook,1508,bleak-house
Krook,Miss Flite,1508,bleak-house
Bah,Mr. Krook,1512,bleak-house
Mr. Krook,Bah,1512,bleak-house
Miss Flite,Mightn,1516,bleak-house
Miss Flite,Jarndyce,1516,bleak-house
Mightn,Miss Flite,1516,bleak-house
Mightn,Jarndyce,1516,bleak-house
Jarndyce,Miss Flite,1516,bleak-house
Jarndyce,Mightn,1516,bleak-house
Krook,Mr. Jarndyce,1518,bleak-house
Krook,Flite,1518,bleak-house
Mr. Jarndyce,Krook,1518,bleak-house
Mr. Jarndyce,Flite,1518,bleak-house
Flite,Krook,1518,bleak-house
Flite,Mr. Jarndyce,1518,bleak-house
Hope,Joy,1521,bleak-house
Hope,Peace,1521,bleak-house
Hope,Life,1521,bleak-house
Hope,Dust,1521,bleak-house
Hope,Ashes,1521,bleak-house
Hope,Ruin,1521,bleak-house
Hope,Despair,1521,bleak-house
Hope,Death,1521,bleak-house
Hope,Folly,1521,bleak-house
Hope,Words,1521,bleak-house
Hope,Wigs,1521,bleak-house
Hope,Rags,1521,bleak-house
Hope,Sheepskin,1521,bleak-house
Hope,Plunder,1521,bleak-house
Hope,Spinach,1521,bleak-house
Joy,Hope,1521,bleak-house
Joy,Peace,1521,bleak-house
Joy,Life,1521,bleak-house
Joy,Dust,1521,bleak-house
Joy,Ashes,1521,bleak-house
Joy,Ruin,1521,bleak-house
Joy,Despair,1521,bleak-house
Joy,Death,1521,bleak-house
Joy,Folly,1521,bleak-house
Joy,Words,1521,bleak-house
Joy,Wigs,1521,bleak-house
Joy,Rags,1521,bleak-house
Joy,Sheepskin,1521,bleak-house
Joy,Plunder,1521,bleak-house
Joy,Spinach,1521,bleak-house
Peace,Hope,1521,bleak-house
Peace,Joy,1521,bleak-house
Peace,Life,1521,bleak-house
Peace,Dust,1521,bleak-house
Peace,Ashes,1521,bleak-house
Peace,Ruin,1521,bleak-house
Peace,Despair,1521,bleak-house
Peace,Death,1521,bleak-house
Peace,Folly,1521,bleak-house
Peace,Words,1521,bleak-house
Peace,Wigs,1521,bleak-house
Peace,Rags,1521,bleak-house
Peace,Sheepskin,1521,bleak-house
Peace,Plunder,1521,bleak-house
Peace,Spinach,1521,bleak-house
Life,Hope,1521,bleak-house
Life,Joy,1521,bleak-house
Life,Peace,1521,bleak-house
Life,Dust,1521,bleak-house
Life,Ashes,1521,bleak-house
Life,Ruin,1521,bleak-house
Life,Despair,1521,bleak-house
Life,Death,1521,bleak-house
Life,Folly,1521,bleak-house
Life,Words,1521,bleak-house
Life,Wigs,1521,bleak-house
Life,Rags,1521,bleak-house
Life,Sheepskin,1521,bleak-house
Life,Plunder,1521,bleak-house
Life,Spinach,1521,bleak-house
Dust,Hope,1521,bleak-house
Dust,Joy,1521,bleak-house
Dust,Peace,1521,bleak-house
Dust,Life,1521,bleak-house
Dust,Ashes,1521,bleak-house
Dust,Ruin,1521,bleak-house
Dust,Despair,1521,bleak-house
Dust,Death,1521,bleak-house
Dust,Folly,1521,bleak-house
Dust,Words,1521,bleak-house
Dust,Wigs,1521,bleak-house
Dust,Rags,1521,bleak-house
Dust,Sheepskin,1521,bleak-house
Dust,Plunder,1521,bleak-house
Dust,Spinach,1521,bleak-house
Ashes,Hope,1521,bleak-house
Ashes,Joy,1521,bleak-house
Ashes,Peace,1521,bleak-house
Ashes,Life,1521,bleak-house
Ashes,Dust,1521,bleak-house
Ashes,Ruin,1521,bleak-house
Ashes,Despair,1521,bleak-house
Ashes,Death,1521,bleak-house
Ashes,Folly,1521,bleak-house
Ashes,Words,1521,bleak-house
Ashes,Wigs,1521,bleak-house
Ashes,Rags,1521,bleak-house
Ashes,Sheepskin,1521,bleak-house
Ashes,Plunder,1521,bleak-house
Ashes,Spinach,1521,bleak-house
Ruin,Hope,1521,bleak-house
Ruin,Joy,1521,bleak-house
Ruin,Peace,1521,bleak-house
Ruin,Life,1521,bleak-house
Ruin,Dust,1521,bleak-house
Ruin,Ashes,1521,bleak-house
Ruin,Despair,1521,bleak-house
Ruin,Death,1521,bleak-house
Ruin,Folly,1521,bleak-house
Ruin,Words,1521,bleak-house
Ruin,Wigs,1521,bleak-house
Ruin,Rags,1521,bleak-house
Ruin,Sheepskin,1521,bleak-house
Ruin,Plunder,1521,bleak-house
Ruin,Spinach,1521,bleak-house
Despair,Hope,1521,bleak-house
Despair,Joy,1521,bleak-house
Despair,Peace,1521,bleak-house
Despair,Life,1521,bleak-house
Despair,Dust,1521,bleak-house
Despair,Ashes,1521,bleak-house
Despair,Ruin,1521,bleak-house
Despair,Death,1521,bleak-house
Despair,Folly,1521,bleak-house
Despair,Words,1521,bleak-house
Despair,Wigs,1521,bleak-house
Despair,Rags,1521,bleak-house
Despair,Sheepskin,1521,bleak-house
Despair,Plunder,1521,bleak-house
Despair,Spinach,1521,bleak-house
Death,Hope,1521,bleak-house
Death,Joy,1521,bleak-house
Death,Peace,1521,bleak-house
Death,Life,1521,bleak-house
Death,Dust,1521,bleak-house
Death,Ashes,1521,bleak-house
Death,Ruin,1521,bleak-house
Death,Despair,1521,bleak-house
Death,Folly,1521,bleak-house
Death,Words,1521,bleak-house
Death,Wigs,1521,bleak-house
Death,Rags,1521,bleak-house
Death,Sheepskin,1521,bleak-house
Death,Plunder,1521,bleak-house
Death,Spinach,1521,bleak-house
Folly,Hope,1521,bleak-house
Folly,Joy,1521,bleak-house
Folly,Peace,1521,bleak-house
Folly,Life,1521,bleak-house
Folly,Dust,1521,bleak-house
Folly,Ashes,1521,bleak-house
Folly,Ruin,1521,bleak-house
Folly,Despair,1521,bleak-house
Folly,Death,1521,bleak-house
Folly,Words,1521,bleak-house
Folly,Wigs,1521,bleak-house
Folly,Rags,1521,bleak-house
Folly,Sheepskin,1521,bleak-house
Folly,Plunder,1521,bleak-house
Folly,Spinach,1521,bleak-house
Words,Hope,1521,bleak-house
Words,Joy,1521,bleak-house
Words,Peace,1521,bleak-house
Words,Life,1521,bleak-house
Words,Dust,1521,bleak-house
Words,Ashes,1521,bleak-house
Words,Ruin,1521,bleak-house
Words,Despair,1521,bleak-house
Words,Death,1521,bleak-house
Words,Folly,1521,bleak-house
Words,Wigs,1521,bleak-house
Words,Rags,1521,bleak-house
Words,Sheepskin,1521,bleak-house
Words,Plunder,1521,bleak-house
Words,Spinach,1521,bleak-house
Wigs,Hope,1521,bleak-house
Wigs,Joy,1521,bleak-house
Wigs,Peace,1521,bleak-house
Wigs,Life,1521,bleak-house
Wigs,Dust,1521,bleak-house
Wigs,Ashes,1521,bleak-house
Wigs,Ruin,1521,bleak-house
Wigs,Despair,1521,bleak-house
Wigs,Death,1521,bleak-house
Wigs,Folly,1521,bleak-house
Wigs,Words,1521,bleak-house
Wigs,Rags,1521,bleak-house
Wigs,Sheepskin,1521,bleak-house
Wigs,Plunder,1521,bleak-house
Wigs,Spinach,1521,bleak-house
Rags,Hope,1521,bleak-house
Rags,Joy,1521,bleak-house
Rags,Peace,1521,bleak-house
Rags,Life,1521,bleak-house
Rags,Dust,1521,bleak-house
Rags,Ashes,1521,bleak-house
Rags,Ruin,1521,bleak-house
Rags,Despair,1521,bleak-house
Rags,Death,1521,bleak-house
Rags,Folly,1521,bleak-house
Rags,Words,1521,bleak-house
Rags,Wigs,1521,bleak-house
Rags,Sheepskin,1521,bleak-house
Rags,Plunder,1521,bleak-house
Rags,Spinach,1521,bleak-house
Sheepskin,Hope,1521,bleak-house
Sheepskin,Joy,1521,bleak-house
Sheepskin,Peace,1521,bleak-house
Sheepskin,Life,1521,bleak-house
Sheepskin,Dust,1521,bleak-house
Sheepskin,Ashes,1521,bleak-house
Sheepskin,Ruin,1521,bleak-house
Sheepskin,Despair,1521,bleak-house
Sheepskin,Death,1521,bleak-house
Sheepskin,Folly,1521,bleak-house
Sheepskin,Words,1521,bleak-house
Sheepskin,Wigs,1521,bleak-house
Sheepskin,Rags,1521,bleak-house
Sheepskin,Plunder,1521,bleak-house
Sheepskin,Spinach,1521,bleak-house
Plunder,Hope,1521,bleak-house
Plunder,Joy,1521,bleak-house
Plunder,Peace,1521,bleak-house
Plunder,Life,1521,bleak-house
Plunder,Dust,1521,bleak-house
Plunder,Ashes,1521,bleak-house
Plunder,Ruin,1521,bleak-house
Plunder,Despair,1521,bleak-house
Plunder,Death,1521,bleak-house
Plunder,Folly,1521,bleak-house
Plunder,Words,1521,bleak-house
Plunder,Wigs,1521,bleak-house
Plunder,Rags,1521,bleak-house
Plunder,Sheepskin,1521,bleak-house
Plunder,Spinach,1521,bleak-house
Spinach,Hope,1521,bleak-house
Spinach,Joy,1521,bleak-house
Spinach,Peace,1521,bleak-house
Spinach,Life,1521,bleak-house
Spinach,Dust,1521,bleak-house
Spinach,Ashes,1521,bleak-house
Spinach,Ruin,1521,bleak-house
Spinach,Despair,1521,bleak-house
Spinach,Death,1521,bleak-house
Spinach,Folly,1521,bleak-house
Spinach,Words,1521,bleak-house
Spinach,Wigs,1521,bleak-house
Spinach,Rags,1521,bleak-house
Spinach,Sheepskin,1521,bleak-house
Spinach,Plunder,1521,bleak-house
Miss Flite,Mr. Krook,1525,bleak-house
Miss Flite,Mr. Jarndyce,1525,bleak-house
Miss Flite,Mr. Jarndyce,1525,bleak-house
Miss Flite,Mr. Krook,1525,bleak-house
Mr. Krook,Miss Flite,1525,bleak-house
Mr. Krook,Mr. Jarndyce,1525,bleak-house
Mr. Krook,Mr. Jarndyce,1525,bleak-house
Mr. Jarndyce,Miss Flite,1525,bleak-house
Mr. Jarndyce,Mr. Krook,1525,bleak-house
Mr. Jarndyce,Mr. Krook,1525,bleak-house
Mr. Jarndyce,Miss Flite,1525,bleak-house
Mr. Jarndyce,Mr. Krook,1525,bleak-house
Mr. Jarndyce,Mr. Krook,1525,bleak-house
Mr. Krook,Miss Flite,1525,bleak-house
Mr. Krook,Mr. Jarndyce,1525,bleak-house
Mr. Krook,Mr. Jarndyce,1525,bleak-house
Slow,Bad,1530,bleak-house
Bad,Slow,1530,bleak-house
Mr. Jarndyce,Bleak House,1534,bleak-house
Bleak House,Mr. Jarndyce,1534,bleak-house
Mr. Woodcourt,Lincoln,1535,bleak-house
Mr. Woodcourt,Inn,1535,bleak-house
Mr. Woodcourt,Mr. Krook,1535,bleak-house
Lincoln,Mr. Woodcourt,1535,bleak-house
Lincoln,Inn,1535,bleak-house
Lincoln,Mr. Krook,1535,bleak-house
Inn,Mr. Woodcourt,1535,bleak-house
Inn,Lincoln,1535,bleak-house
Inn,Mr. Krook,1535,bleak-house
Mr. Krook,Mr. Woodcourt,1535,bleak-house
Mr. Krook,Lincoln,1535,bleak-house
Mr. Krook,Inn,1535,bleak-house
Peepy,Caddy,1536,bleak-house
Peepy,Caddy,1536,bleak-house
Peepy,Caddy,1536,bleak-house
Caddy,Peepy,1536,bleak-house
Caddy,Peepy,1536,bleak-house
Caddy,Peepy,1536,bleak-house
Peepy,Caddy,1536,bleak-house
Peepy,Caddy,1536,bleak-house
Peepy,Caddy,1536,bleak-house
Caddy,Peepy,1536,bleak-house
Caddy,Peepy,1536,bleak-house
Caddy,Peepy,1536,bleak-house
Caddy,Peepy,1536,bleak-house
Caddy,Peepy,1536,bleak-house
Caddy,Peepy,1536,bleak-house
Peepy,Caddy,1536,bleak-house
Peepy,Caddy,1536,bleak-house
Peepy,Caddy,1536,bleak-house
Mr. Woodcourt,Mr. Badger,1537,bleak-house
Mr. Woodcourt,Mr. Jarndyce,1537,bleak-house
Mr. Woodcourt,Richard,1537,bleak-house
Mr. Woodcourt,Ada,1537,bleak-house
Mr. Badger,Mr. Woodcourt,1537,bleak-house
Mr. Badger,Mr. Jarndyce,1537,bleak-house
Mr. Badger,Richard,1537,bleak-house
Mr. Badger,Ada,1537,bleak-house
Mr. Jarndyce,Mr. Woodcourt,1537,bleak-house
Mr. Jarndyce,Mr. Badger,1537,bleak-house
Mr. Jarndyce,Richard,1537,bleak-house
Mr. Jarndyce,Ada,1537,bleak-house
Richard,Mr. Woodcourt,1537,bleak-house
Richard,Mr. Badger,1537,bleak-house
Richard,Mr. Jarndyce,1537,bleak-house
Richard,Ada,1537,bleak-house
Ada,Mr. Woodcourt,1537,bleak-house
Ada,Mr. Badger,1537,bleak-house
Ada,Mr. Jarndyce,1537,bleak-house
Ada,Richard,1537,bleak-house
Mr. Jarndyce,Mr. Quale,1542,bleak-house
Mr. Quale,Mr. Jarndyce,1542,bleak-house
Pardiggle,Mr. Quale,1543,bleak-house
Pardiggle,Mr. Quale,1543,bleak-house
Pardiggle,Mr. Gusher,1543,bleak-house
Pardiggle,Mr. Gusher,1543,bleak-house
Pardiggle,Mr. Quale,1543,bleak-house
Pardiggle,Mr. Gusher,1543,bleak-house
Pardiggle,Mr. Quale,1543,bleak-house
Pardiggle,Ada,1543,bleak-house
Pardiggle,Mr. Quale,1543,bleak-house
Pardiggle,Mr. Quale,1543,bleak-house
Mr. Quale,Pardiggle,1543,bleak-house
Mr. Quale,Pardiggle,1543,bleak-house
Mr. Quale,Pardiggle,1543,bleak-house
Mr. Quale,Mr. Gusher,1543,bleak-house
Mr. Quale,Mr. Gusher,1543,bleak-house
Mr. Quale,Mr. Gusher,1543,bleak-house
Mr. Quale,Ada,1543,bleak-house
Pardiggle,Mr. Quale,1543,bleak-house
Pardiggle,Mr. Quale,1543,bleak-house
Pardiggle,Mr. Gusher,1543,bleak-house
Pardiggle,Mr. Gusher,1543,bleak-house
Pardiggle,Mr. Quale,1543,bleak-house
Pardiggle,Mr. Gusher,1543,bleak-house
Pardiggle,Mr. Quale,1543,bleak-house
Pardiggle,Ada,1543,bleak-house
Pardiggle,Mr. Quale,1543,bleak-house
Pardiggle,Mr. Quale,1543,bleak-house
Mr. Quale,Pardiggle,1543,bleak-house
Mr. Quale,Pardiggle,1543,bleak-house
Mr. Quale,Pardiggle,1543,bleak-house
Mr. Quale,Mr. Gusher,1543,bleak-house
Mr. Quale,Mr. Gusher,1543,bleak-house
Mr. Quale,Mr. Gusher,1543,bleak-house
Mr. Quale,Ada,1543,bleak-house
Pardiggle,Mr. Quale,1543,bleak-house
Pardiggle,Mr. Quale,1543,bleak-house
Pardiggle,Mr. Gusher,1543,bleak-house
Pardiggle,Mr. Gusher,1543,bleak-house
Pardiggle,Mr. Quale,1543,bleak-house
Pardiggle,Mr. Gusher,1543,bleak-house
Pardiggle,Mr. Quale,1543,bleak-house
Pardiggle,Ada,1543,bleak-house
Pardiggle,Mr. Quale,1543,bleak-house
Pardiggle,Mr. Quale,1543,bleak-house
Mr. Gusher,Pardiggle,1543,bleak-house
Mr. Gusher,Mr. Quale,1543,bleak-house
Mr. Gusher,Pardiggle,1543,bleak-house
Mr. Gusher,Mr. Quale,1543,bleak-house
Mr. Gusher,Pardiggle,1543,bleak-house
Mr. Gusher,Mr. Quale,1543,bleak-house
Mr. Gusher,Mr. Quale,1543,bleak-house
Mr. Gusher,Ada,1543,bleak-house
Mr. Gusher,Mr. Quale,1543,bleak-house
Mr. Gusher,Mr. Quale,1543,bleak-house
Mr. Gusher,Pardiggle,1543,bleak-house
Mr. Gusher,Mr. Quale,1543,bleak-house
Mr. Gusher,Pardiggle,1543,bleak-house
Mr. Gusher,Mr. Quale,1543,bleak-house
Mr. Gusher,Pardiggle,1543,bleak-house
Mr. Gusher,Mr. Quale,1543,bleak-house
Mr. Gusher,Mr. Quale,1543,bleak-house
Mr. Gusher,Ada,1543,bleak-house
Mr. Gusher,Mr. Quale,1543,bleak-house
Mr. Gusher,Mr. Quale,1543,bleak-house
Mr. Quale,Pardiggle,1543,bleak-house
Mr. Quale,Pardiggle,1543,bleak-house
Mr. Quale,Pardiggle,1543,bleak-house
Mr. Quale,Mr. Gusher,1543,bleak-house
Mr. Quale,Mr. Gusher,1543,bleak-house
Mr. Quale,Mr. Gusher,1543,bleak-house
Mr. Quale,Ada,1543,bleak-house
Mr. Gusher,Pardiggle,1543,bleak-house
Mr. Gusher,Mr. Quale,1543,bleak-house
Mr. Gusher,Pardiggle,1543,bleak-house
Mr. Gusher,Mr. Quale,1543,bleak-house
Mr. Gusher,Pardiggle,1543,bleak-house
Mr. Gusher,Mr. Quale,1543,bleak-house
Mr. Gusher,Mr. Quale,1543,bleak-house
Mr. Gusher,Ada,1543,bleak-house
Mr. Gusher,Mr. Quale,1543,bleak-house
Mr. Gusher,Mr. Quale,1543,bleak-house
Mr. Quale,Pardiggle,1543,bleak-house
Mr. Quale,Pardiggle,1543,bleak-house
Mr. Quale,Pardiggle,1543,bleak-house
Mr. Quale,Mr. Gusher,1543,bleak-house
Mr. Quale,Mr. Gusher,1543,bleak-house
Mr. Quale,Mr. Gusher,1543,bleak-house
Mr. Quale,Ada,1543,bleak-house
Ada,Pardiggle,1543,bleak-house
Ada,Mr. Quale,1543,bleak-house
Ada,Pardiggle,1543,bleak-house
Ada,Mr. Quale,1543,bleak-house
Ada,Pardiggle,1543,bleak-house
Ada,Mr. Gusher,1543,bleak-house
Ada,Mr. Gusher,1543,bleak-house
Ada,Mr. Quale,1543,bleak-house
Ada,Mr. Gusher,1543,bleak-house
Ada,Mr. Quale,1543,bleak-house
Ada,Mr. Quale,1543,bleak-house
Ada,Mr. Quale,1543,bleak-house
Mr. Quale,Pardiggle,1543,bleak-house
Mr. Quale,Pardiggle,1543,bleak-house
Mr. Quale,Pardiggle,1543,bleak-house
Mr. Quale,Mr. Gusher,1543,bleak-house
Mr. Quale,Mr. Gusher,1543,bleak-house
Mr. Quale,Mr. Gusher,1543,bleak-house
Mr. Quale,Ada,1543,bleak-house
Mr. Quale,Pardiggle,1543,bleak-house
Mr. Quale,Pardiggle,1543,bleak-house
Mr. Quale,Pardiggle,1543,bleak-house
Mr. Quale,Mr. Gusher,1543,bleak-house
Mr. Quale,Mr. Gusher,1543,bleak-house
Mr. Quale,Mr. Gusher,1543,bleak-house
Mr. Quale,Ada,1543,bleak-house
Mr.,Jarndyce,1544,bleak-house
Mr.,Mr. Quale,1544,bleak-house
Mr.,Mr. Gusher,1544,bleak-house
Mr.,Mr. Quale,1544,bleak-house
Mr.,Mr. Gusher,1544,bleak-house
Jarndyce,Mr.,1544,bleak-house
Jarndyce,Mr. Quale,1544,bleak-house
Jarndyce,Mr. Gusher,1544,bleak-house
Jarndyce,Mr. Quale,1544,bleak-house
Jarndyce,Mr. Gusher,1544,bleak-house
Mr. Quale,Mr.,1544,bleak-house
Mr. Quale,Jarndyce,1544,bleak-house
Mr. Quale,Mr. Gusher,1544,bleak-house
Mr. Quale,Mr. Gusher,1544,bleak-house
Mr. Gusher,Mr.,1544,bleak-house
Mr. Gusher,Jarndyce,1544,bleak-house
Mr. Gusher,Mr. Quale,1544,bleak-house
Mr. Gusher,Mr. Quale,1544,bleak-house
Mr. Quale,Mr.,1544,bleak-house
Mr. Quale,Jarndyce,1544,bleak-house
Mr. Quale,Mr. Gusher,1544,bleak-house
Mr. Quale,Mr. Gusher,1544,bleak-house
Mr. Gusher,Mr.,1544,bleak-house
Mr. Gusher,Jarndyce,1544,bleak-house
Mr. Gusher,Mr. Quale,1544,bleak-house
Mr. Gusher,Mr. Quale,1544,bleak-house
Nature,Mr. Skimpole,1554,bleak-house
Nature,Ada,1554,bleak-house
Mr. Skimpole,Nature,1554,bleak-house
Mr. Skimpole,Ada,1554,bleak-house
Ada,Nature,1554,bleak-house
Ada,Mr. Skimpole,1554,bleak-house
Mr. Boythorn,Mr. Skimpole,1555,bleak-house
Mr. Boythorn,Mr. Skimpole,1555,bleak-house
Mr. Boythorn,Ada,1555,bleak-house
Mr. Skimpole,Mr. Boythorn,1555,bleak-house
Mr. Skimpole,Mr. Boythorn,1555,bleak-house
Mr. Skimpole,Ada,1555,bleak-house
Mr. Boythorn,Mr. Skimpole,1555,bleak-house
Mr. Boythorn,Mr. Skimpole,1555,bleak-house
Mr. Boythorn,Ada,1555,bleak-house
Mr. Skimpole,Mr. Boythorn,1555,bleak-house
Mr. Skimpole,Mr. Boythorn,1555,bleak-house
Mr. Skimpole,Ada,1555,bleak-house
Ada,Mr. Boythorn,1555,bleak-house
Ada,Mr. Skimpole,1555,bleak-house
Ada,Mr. Boythorn,1555,bleak-house
Ada,Mr. Skimpole,1555,bleak-house
Mr. Skimpole,Coavinses,1556,bleak-house
Mr. Skimpole,Coavinses,1556,bleak-house
Mr. Skimpole,Miss Summerson,1556,bleak-house
Coavinses,Mr. Skimpole,1556,bleak-house
Coavinses,Miss Summerson,1556,bleak-house
Coavinses,Mr. Skimpole,1556,bleak-house
Coavinses,Miss Summerson,1556,bleak-house
Miss Summerson,Mr. Skimpole,1556,bleak-house
Miss Summerson,Coavinses,1556,bleak-house
Miss Summerson,Coavinses,1556,bleak-house
Coavinses,Mr. Skimpole,1559,bleak-house
Mr. Skimpole,Coavinses,1559,bleak-house
Mr.,Skimpole,1562,bleak-house
Skimpole,Mr.,1562,bleak-house
Mr.,Jarndyce,1564,bleak-house
Mr.,Mr. Skimpole,1564,bleak-house
Mr.,Ada,1564,bleak-house
Mr.,Ada,1564,bleak-house
Mr.,Mr. Jarndyce,1564,bleak-house
Jarndyce,Mr.,1564,bleak-house
Jarndyce,Mr. Skimpole,1564,bleak-house
Jarndyce,Ada,1564,bleak-house
Jarndyce,Ada,1564,bleak-house
Jarndyce,Mr. Jarndyce,1564,bleak-house
Mr. Skimpole,Mr.,1564,bleak-house
Mr. Skimpole,Jarndyce,1564,bleak-house
Mr. Skimpole,Ada,1564,bleak-house
Mr. Skimpole,Ada,1564,bleak-house
Mr. Skimpole,Mr. Jarndyce,1564,bleak-house
Ada,Mr.,1564,bleak-house
Ada,Jarndyce,1564,bleak-house
Ada,Mr. Skimpole,1564,bleak-house
Ada,Mr. Jarndyce,1564,bleak-house
Ada,Mr.,1564,bleak-house
Ada,Jarndyce,1564,bleak-house
Ada,Mr. Skimpole,1564,bleak-house
Ada,Mr. Jarndyce,1564,bleak-house
Mr. Jarndyce,Mr.,1564,bleak-house
Mr. Jarndyce,Jarndyce,1564,bleak-house
Mr. Jarndyce,Mr. Skimpole,1564,bleak-house
Mr. Jarndyce,Ada,1564,bleak-house
Mr. Jarndyce,Ada,1564,bleak-house
Mr. Skimpole,Coavinses,1568,bleak-house
Coavinses,Mr. Skimpole,1568,bleak-house
Mr.,Jarndyce,1569,bleak-house
Mr.,Mr. Skimpole,1569,bleak-house
Mr.,Coavinses,1569,bleak-house
Jarndyce,Mr.,1569,bleak-house
Jarndyce,Mr. Skimpole,1569,bleak-house
Jarndyce,Coavinses,1569,bleak-house
Mr. Skimpole,Mr.,1569,bleak-house
Mr. Skimpole,Jarndyce,1569,bleak-house
Mr. Skimpole,Coavinses,1569,bleak-house
Coavinses,Mr.,1569,bleak-house
Coavinses,Jarndyce,1569,bleak-house
Coavinses,Mr. Skimpole,1569,bleak-house
Cursitor Street,Chancery Lane,1570,bleak-house
Cursitor Street,Coavinses,1570,bleak-house
Chancery Lane,Cursitor Street,1570,bleak-house
Chancery Lane,Coavinses,1570,bleak-house
Coavinses,Cursitor Street,1570,bleak-house
Coavinses,Chancery Lane,1570,bleak-house
Lincoln,Inn,1581,bleak-house
Lincoln,Mr. Skimpole,1581,bleak-house
Inn,Lincoln,1581,bleak-house
Inn,Mr. Skimpole,1581,bleak-house
Mr. Skimpole,Lincoln,1581,bleak-house
Mr. Skimpole,Inn,1581,bleak-house
Neckett,Door,1582,bleak-house
Door,Neckett,1582,bleak-house
Mr. Jarndyce,Mr. Skimpole,1586,bleak-house
Mr. Skimpole,Mr. Jarndyce,1586,bleak-house
Mr. Skimpole,Mr. Jarndyce,1586,bleak-house
Mr. Jarndyce,Mr. Skimpole,1586,bleak-house
Charlotte,Father,1592,bleak-house
Father,Charlotte,1592,bleak-house
Emma,Charley,1594,bleak-house
Charley,Emma,1594,bleak-house
Mother,Emma,1614,bleak-house
Emma,Mother,1614,bleak-house
Charley,Blinder,1618,bleak-house
Charley,Mr. Gridley,1618,bleak-house
Charley,Tom,1618,bleak-house
Charley,Tom,1618,bleak-house
Blinder,Charley,1618,bleak-house
Blinder,Mr. Gridley,1618,bleak-house
Blinder,Tom,1618,bleak-house
Blinder,Tom,1618,bleak-house
Mr. Gridley,Charley,1618,bleak-house
Mr. Gridley,Blinder,1618,bleak-house
Mr. Gridley,Tom,1618,bleak-house
Mr. Gridley,Tom,1618,bleak-house
Tom,Charley,1618,bleak-house
Tom,Blinder,1618,bleak-house
Tom,Mr. Gridley,1618,bleak-house
Tom,Charley,1618,bleak-house
Tom,Blinder,1618,bleak-house
Tom,Mr. Gridley,1618,bleak-house
Don,Tom,1620,bleak-house
Tom,Don,1620,bleak-house
Charley,Tom,1621,bleak-house
Tom,Charley,1621,bleak-house
Emma,Don,1622,bleak-house
Emma,Tom,1622,bleak-house
Don,Emma,1622,bleak-house
Don,Tom,1622,bleak-house
Tom,Emma,1622,bleak-house
Tom,Don,1622,bleak-house
Charley,Tom,1623,bleak-house
Tom,Charley,1623,bleak-house
Tom,Charley,1623,bleak-house
Charley,Tom,1623,bleak-house
Really,Blinder,1628,bleak-house
Really,Blinder,1628,bleak-house
Blinder,Really,1628,bleak-house
Blinder,Really,1628,bleak-house
Mr. Coavins,Charlotte,1636,bleak-house
Charlotte,Mr. Coavins,1636,bleak-house
Blinder,Mr. Jarndyce,1637,bleak-house
Blinder,Mr. Gridley,1637,bleak-house
Mr. Jarndyce,Blinder,1637,bleak-house
Mr. Jarndyce,Mr. Gridley,1637,bleak-house
Mr. Gridley,Blinder,1637,bleak-house
Mr. Gridley,Mr. Jarndyce,1637,bleak-house
Charley,Tom,1638,bleak-house
Tom,Charley,1638,bleak-house
Sir,Gridley,1645,bleak-house
Gridley,Sir,1645,bleak-house
Jarndyce,Gridley,1649,bleak-house
Gridley,Jarndyce,1649,bleak-house
Jarndyce,Mr. Jarndyce,1651,bleak-house
Mr. Jarndyce,Jarndyce,1651,bleak-house
Mr.,Jarndyce,1652,bleak-house
Jarndyce,Mr.,1652,bleak-house
Mr. Gridley,Mr. Tulkinghorn,1653,bleak-house
Mr. Gridley,Inn Fields,1653,bleak-house
Mr. Tulkinghorn,Mr. Gridley,1653,bleak-house
Mr. Tulkinghorn,Inn Fields,1653,bleak-house
Inn Fields,Mr. Gridley,1653,bleak-house
Inn Fields,Mr. Tulkinghorn,1653,bleak-house
Jarndyce,Mr. Gridley,1655,bleak-house
Mr. Gridley,Jarndyce,1655,bleak-house
Mr. Skimpole,Well,1661,bleak-house
Mr. Skimpole,Mr. Gridley,1661,bleak-house
Mr. Skimpole,Gridley,1661,bleak-house
Mr. Skimpole,Young Love,1661,bleak-house
Mr. Skimpole,Chancery,1661,bleak-house
Mr. Skimpole,Chancery,1661,bleak-house
Mr. Skimpole,Gridley,1661,bleak-house
Mr. Skimpole,Coavinses,1661,bleak-house
Well,Mr. Skimpole,1661,bleak-house
Well,Mr. Gridley,1661,bleak-house
Well,Gridley,1661,bleak-house
Well,Young Love,1661,bleak-house
Well,Chancery,1661,bleak-house
Well,Chancery,1661,bleak-house
Well,Gridley,1661,bleak-house
Well,Mr. Skimpole,1661,bleak-house
Well,Coavinses,1661,bleak-house
Mr. Gridley,Mr. Skimpole,1661,bleak-house
Mr. Gridley,Well,1661,bleak-house
Mr. Gridley,Gridley,1661,bleak-house
Mr. Gridley,Young Love,1661,bleak-house
Mr. Gridley,Chancery,1661,bleak-house
Mr. Gridley,Chancery,1661,bleak-house
Mr. Gridley,Gridley,1661,bleak-house
Mr. Gridley,Mr. Skimpole,1661,bleak-house
Mr. Gridley,Coavinses,1661,bleak-house
Gridley,Mr. Skimpole,1661,bleak-house
Gridley,Well,1661,bleak-house
Gridley,Mr. Gridley,1661,bleak-house
Gridley,Young Love,1661,bleak-house
Gridley,Chancery,1661,bleak-house
Gridley,Chancery,1661,bleak-house
Gridley,Mr. Skimpole,1661,bleak-house
Gridley,Coavinses,1661,bleak-house
Young Love,Mr. Skimpole,1661,bleak-house
Young Love,Well,1661,bleak-house
Young Love,Mr. Gridley,1661,bleak-house
Young Love,Gridley,1661,bleak-house
Young Love,Chancery,1661,bleak-house
Young Love,Chancery,1661,bleak-house
Young Love,Gridley,1661,bleak-house
Young Love,Mr. Skimpole,1661,bleak-house
Young Love,Coavinses,1661,bleak-house
Chancery,Mr. Skimpole,1661,bleak-house
Chancery,Well,1661,bleak-house
Chancery,Mr. Gridley,1661,bleak-house
Chancery,Gridley,1661,bleak-house
Chancery,Young Love,1661,bleak-house
Chancery,Gridley,1661,bleak-house
Chancery,Mr. Skimpole,1661,bleak-house
Chancery,Coavinses,1661,bleak-house
Chancery,Mr. Skimpole,1661,bleak-house
Chancery,Well,1661,bleak-house
Chancery,Mr. Gridley,1661,bleak-house
Chancery,Gridley,1661,bleak-house
Chancery,Young Love,1661,bleak-house
Chancery,Gridley,1661,bleak-house
Chancery,Mr. Skimpole,1661,bleak-house
Chancery,Coavinses,1661,bleak-house
Gridley,Mr. Skimpole,1661,bleak-house
Gridley,Well,1661,bleak-house
Gridley,Mr. Gridley,1661,bleak-house
Gridley,Young Love,1661,bleak-house
Gridley,Chancery,1661,bleak-house
Gridley,Chancery,1661,bleak-house
Gridley,Mr. Skimpole,1661,bleak-house
Gridley,Coavinses,1661,bleak-house
Mr. Skimpole,Well,1661,bleak-house
Mr. Skimpole,Mr. Gridley,1661,bleak-house
Mr. Skimpole,Gridley,1661,bleak-house
Mr. Skimpole,Young Love,1661,bleak-house
Mr. Skimpole,Chancery,1661,bleak-house
Mr. Skimpole,Chancery,1661,bleak-house
Mr. Skimpole,Gridley,1661,bleak-house
Mr. Skimpole,Coavinses,1661,bleak-house
Coavinses,Mr. Skimpole,1661,bleak-house
Coavinses,Well,1661,bleak-house
Coavinses,Mr. Gridley,1661,bleak-house
Coavinses,Gridley,1661,bleak-house
Coavinses,Young Love,1661,bleak-house
Coavinses,Chancery,1661,bleak-house
Coavinses,Chancery,1661,bleak-house
Coavinses,Gridley,1661,bleak-house
Coavinses,Mr. Skimpole,1661,bleak-house
Lady Dedlock,Sir Leicester,1666,bleak-house
Sir Leicester,Lady Dedlock,1666,bleak-house
Sir,Sir Leicester,1667,bleak-house
Sir,Dedlock,1667,bleak-house
Sir Leicester,Sir,1667,bleak-house
Sir Leicester,Dedlock,1667,bleak-house
Dedlock,Sir,1667,bleak-house
Dedlock,Sir Leicester,1667,bleak-house
Hence,Sir Leicester,1668,bleak-house
Sir Leicester,Hence,1668,bleak-house
Lady,Outside,1669,bleak-house
Lady,Inside,1669,bleak-house
Outside,Lady,1669,bleak-house
Outside,Inside,1669,bleak-house
Inside,Lady,1669,bleak-house
Inside,Outside,1669,bleak-house
Lord Coodle,Sir Thomas Doodle,1673,bleak-house
Sir Thomas Doodle,Lord Coodle,1673,bleak-house
Tom,Certainly Jo,1675,bleak-house
Tom,Certainly Jo,1675,bleak-house
Certainly Jo,Tom,1675,bleak-house
Certainly Jo,Tom,1675,bleak-house
Mr. Tulkinghorn,Gridley,1683,bleak-house
Mr. Tulkinghorn,Allegory,1683,bleak-house
Mr. Tulkinghorn,Roman,1683,bleak-house
Gridley,Mr. Tulkinghorn,1683,bleak-house
Gridley,Allegory,1683,bleak-house
Gridley,Roman,1683,bleak-house
Gridley,Mr. Tulkinghorn,1683,bleak-house
Allegory,Mr. Tulkinghorn,1683,bleak-house
Allegory,Gridley,1683,bleak-house
Allegory,Roman,1683,bleak-house
Allegory,Mr. Tulkinghorn,1683,bleak-house
Roman,Mr. Tulkinghorn,1683,bleak-house
Roman,Gridley,1683,bleak-house
Roman,Allegory,1683,bleak-house
Roman,Mr. Tulkinghorn,1683,bleak-house
Mr. Tulkinghorn,Gridley,1683,bleak-house
Mr. Tulkinghorn,Allegory,1683,bleak-house
Mr. Tulkinghorn,Roman,1683,bleak-house
Listen,Don,1704,bleak-house
Don,Listen,1704,bleak-house
Sir Leicester,Walk,1739,bleak-house
Walk,Sir Leicester,1739,bleak-house
Esther,Narrative,1742,bleak-house
Narrative,Esther,1742,bleak-house
Mr.,Bayham Badger,1745,bleak-house
Mr.,Richard,1745,bleak-house
Bayham Badger,Mr.,1745,bleak-house
Bayham Badger,Richard,1745,bleak-house
Richard,Mr.,1745,bleak-house
Richard,Bayham Badger,1745,bleak-house
Mr. Carstone,Captain Swosser,1746,bleak-house
Captain Swosser,Mr. Carstone,1746,bleak-house
Captain Swosser,Mr. Carstone,1746,bleak-house
Mr. Carstone,Captain Swosser,1746,bleak-house
Miss Clare,Bayham Badger,1748,bleak-house
Bayham Badger,Miss Clare,1748,bleak-house
Crippler,Captain Swosser,1756,bleak-house
Crippler,Captain Swosser,1756,bleak-house
Crippler,Again,1756,bleak-house
Crippler,Professor Dingo,1756,bleak-house
Captain Swosser,Crippler,1756,bleak-house
Captain Swosser,Again,1756,bleak-house
Captain Swosser,Professor Dingo,1756,bleak-house
Captain Swosser,Crippler,1756,bleak-house
Captain Swosser,Again,1756,bleak-house
Captain Swosser,Professor Dingo,1756,bleak-house
Again,Crippler,1756,bleak-house
Again,Captain Swosser,1756,bleak-house
Again,Captain Swosser,1756,bleak-house
Again,Professor Dingo,1756,bleak-house
Professor Dingo,Crippler,1756,bleak-house
Professor Dingo,Captain Swosser,1756,bleak-house
Professor Dingo,Captain Swosser,1756,bleak-house
Professor Dingo,Again,1756,bleak-house
Miss Summerson,Mr. Badger,1759,bleak-house
Mr. Badger,Miss Summerson,1759,bleak-house
Mr. Badger,Mr. Carstone,1760,bleak-house
Mr. Carstone,Mr. Badger,1760,bleak-house
Mr. Carstone,Mr. Allan Woodcourt,1762,bleak-house
Mr. Allan Woodcourt,Mr. Carstone,1762,bleak-house
Mr. Allan Woodcourt,Mr. Carstone,1762,bleak-house
Mr. Carstone,Mr. Allan Woodcourt,1762,bleak-house
Mr. Badger,Ada,1763,bleak-house
Ada,Mr. Badger,1763,bleak-house
Mr. Badger,Miss Clare,1764,bleak-house
Mr. Badger,Badger,1764,bleak-house
Mr. Badger,Badger,1764,bleak-house
Mr. Badger,Badger,1764,bleak-house
Mr. Badger,Captain Swosser,1764,bleak-house
Mr. Badger,Badger,1764,bleak-house
Miss Clare,Mr. Badger,1764,bleak-house
Miss Clare,Badger,1764,bleak-house
Miss Clare,Badger,1764,bleak-house
Miss Clare,Badger,1764,bleak-house
Miss Clare,Captain Swosser,1764,bleak-house
Miss Clare,Badger,1764,bleak-house
Badger,Mr. Badger,1764,bleak-house
Badger,Miss Clare,1764,bleak-house
Badger,Captain Swosser,1764,bleak-house
Badger,Mr. Badger,1764,bleak-house
Badger,Miss Clare,1764,bleak-house
Badger,Captain Swosser,1764,bleak-house
Badger,Mr. Badger,1764,bleak-house
Badger,Miss Clare,1764,bleak-house
Badger,Captain Swosser,1764,bleak-house
Captain Swosser,Mr. Badger,1764,bleak-house
Captain Swosser,Miss Clare,1764,bleak-house
Captain Swosser,Badger,1764,bleak-house
Captain Swosser,Badger,1764,bleak-house
Captain Swosser,Badger,1764,bleak-house
Captain Swosser,Badger,1764,bleak-house
Badger,Mr. Badger,1764,bleak-house
Badger,Miss Clare,1764,bleak-house
Badger,Captain Swosser,1764,bleak-house
Swosser,Davy Jones,1765,bleak-house
Davy Jones,Swosser,1765,bleak-house
Mr. Badger,Captain Swosser,1766,bleak-house
Mr. Badger,Beautifully,1766,bleak-house
Captain Swosser,Mr. Badger,1766,bleak-house
Captain Swosser,Beautifully,1766,bleak-house
Beautifully,Mr. Badger,1766,bleak-house
Beautifully,Captain Swosser,1766,bleak-house
Mr. Badger,Miss Summerson,1768,bleak-house
Miss Summerson,Mr. Badger,1768,bleak-house
Mr.,Badger,1769,bleak-house
Mr.,Mr. Jarndyce,1769,bleak-house
Mr.,Richard,1769,bleak-house
Badger,Mr.,1769,bleak-house
Badger,Mr. Jarndyce,1769,bleak-house
Badger,Richard,1769,bleak-house
Mr. Jarndyce,Mr.,1769,bleak-house
Mr. Jarndyce,Badger,1769,bleak-house
Mr. Jarndyce,Richard,1769,bleak-house
Richard,Mr.,1769,bleak-house
Richard,Badger,1769,bleak-house
Richard,Mr. Jarndyce,1769,bleak-house
Dame Durden,Ada,1780,bleak-house
Ada,Dame Durden,1780,bleak-house
Richard,Ada,1783,bleak-house
Richard,Ada,1783,bleak-house
Ada,Richard,1783,bleak-house
Ada,Richard,1783,bleak-house
Ada,Richard,1784,bleak-house
Richard,Ada,1784,bleak-house
Richard,Bayham Badger,1789,bleak-house
Bayham Badger,Richard,1789,bleak-house
Ada,Esther,1790,bleak-house
Esther,Ada,1790,bleak-house
Ada,Richard,1794,bleak-house
Ada,Richard,1794,bleak-house
Richard,Ada,1794,bleak-house
Richard,Ada,1794,bleak-house
Hubbard,Richard,1795,bleak-house
Richard,Hubbard,1795,bleak-house
Shipton,Richard,1803,bleak-house
Richard,Shipton,1803,bleak-house
Kenge,Richard,1805,bleak-house
Kenge,Ada,1805,bleak-house
Richard,Kenge,1805,bleak-house
Richard,Ada,1805,bleak-house
Ada,Kenge,1805,bleak-house
Ada,Richard,1805,bleak-house
Richard,Mr. Jarndyce,1808,bleak-house
Richard,Rick,1808,bleak-house
Richard,Rick,1808,bleak-house
Mr. Jarndyce,Richard,1808,bleak-house
Mr. Jarndyce,Rick,1808,bleak-house
Mr. Jarndyce,Rick,1808,bleak-house
Rick,Richard,1808,bleak-house
Rick,Mr. Jarndyce,1808,bleak-house
Rick,Richard,1808,bleak-house
Rick,Mr. Jarndyce,1808,bleak-house
Richard,Mr. Kenge,1809,bleak-house
Richard,Ada,1809,bleak-house
Richard,Cousin John,1809,bleak-house
Mr. Kenge,Richard,1809,bleak-house
Mr. Kenge,Ada,1809,bleak-house
Mr. Kenge,Cousin John,1809,bleak-house
Mr. Kenge,Richard,1809,bleak-house
Ada,Richard,1809,bleak-house
Ada,Mr. Kenge,1809,bleak-house
Ada,Cousin John,1809,bleak-house
Ada,Richard,1809,bleak-house
Cousin John,Richard,1809,bleak-house
Cousin John,Mr. Kenge,1809,bleak-house
Cousin John,Ada,1809,bleak-house
Cousin John,Richard,1809,bleak-house
Richard,Mr. Kenge,1809,bleak-house
Richard,Ada,1809,bleak-house
Richard,Cousin John,1809,bleak-house
John,Ada,1813,bleak-house
John,Richard,1813,bleak-house
Ada,John,1813,bleak-house
Ada,Richard,1813,bleak-house
Richard,John,1813,bleak-house
Richard,Ada,1813,bleak-house
Mr. Jarndyce,Rick,1814,bleak-house
Rick,Mr. Jarndyce,1814,bleak-house
John,Ada,1815,bleak-house
John,Richard,1815,bleak-house
Ada,John,1815,bleak-house
Ada,Richard,1815,bleak-house
Richard,John,1815,bleak-house
Richard,Ada,1815,bleak-house
Ada,Richard,1818,bleak-house
Richard,Ada,1818,bleak-house
Ada,Richard,1819,bleak-house
Richard,Ada,1819,bleak-house
Mr.,Woodcourt,1855,bleak-house
Mr.,Ada,1855,bleak-house
Woodcourt,Mr.,1855,bleak-house
Woodcourt,Ada,1855,bleak-house
Ada,Mr.,1855,bleak-house
Ada,Woodcourt,1855,bleak-house
Esther,Caddy,1859,bleak-house
Caddy,Esther,1859,bleak-house
Ada,Dame Durden,1870,bleak-house
Dame Durden,Ada,1870,bleak-house
Richard,Mr. Kenge,1874,bleak-house
Richard,Mr. Badger,1874,bleak-house
Richard,Mr. Badger,1874,bleak-house
Richard,Kenge,1874,bleak-house
Richard,Carboy,1874,bleak-house
Mr. Kenge,Richard,1874,bleak-house
Mr. Kenge,Richard,1874,bleak-house
Mr. Kenge,Mr. Badger,1874,bleak-house
Mr. Kenge,Mr. Badger,1874,bleak-house
Mr. Kenge,Kenge,1874,bleak-house
Mr. Kenge,Carboy,1874,bleak-house
Richard,Mr. Kenge,1874,bleak-house
Richard,Mr. Badger,1874,bleak-house
Richard,Mr. Badger,1874,bleak-house
Richard,Kenge,1874,bleak-house
Richard,Carboy,1874,bleak-house
Mr. Badger,Richard,1874,bleak-house
Mr. Badger,Mr. Kenge,1874,bleak-house
Mr. Badger,Richard,1874,bleak-house
Mr. Badger,Kenge,1874,bleak-house
Mr. Badger,Carboy,1874,bleak-house
Mr. Badger,Richard,1874,bleak-house
Mr. Badger,Mr. Kenge,1874,bleak-house
Mr. Badger,Richard,1874,bleak-house
Mr. Badger,Kenge,1874,bleak-house
Mr. Badger,Carboy,1874,bleak-house
Kenge,Richard,1874,bleak-house
Kenge,Mr. Kenge,1874,bleak-house
Kenge,Richard,1874,bleak-house
Kenge,Mr. Badger,1874,bleak-house
Kenge,Mr. Badger,1874,bleak-house
Kenge,Carboy,1874,bleak-house
Carboy,Richard,1874,bleak-house
Carboy,Mr. Kenge,1874,bleak-house
Carboy,Richard,1874,bleak-house
Carboy,Mr. Badger,1874,bleak-house
Carboy,Mr. Badger,1874,bleak-house
Carboy,Kenge,1874,bleak-house
Mr. Jarndyce,Richard,1875,bleak-house
Mr. Jarndyce,Esther,1875,bleak-house
Mr. Jarndyce,Richard,1875,bleak-house
Mr. Jarndyce,Esther,1875,bleak-house
Richard,Mr. Jarndyce,1875,bleak-house
Richard,Mr. Jarndyce,1875,bleak-house
Richard,Esther,1875,bleak-house
Esther,Mr. Jarndyce,1875,bleak-house
Esther,Mr. Jarndyce,1875,bleak-house
Esther,Richard,1875,bleak-house
Bleak House,Richard,1878,bleak-house
Bleak House,Mr. Kenge,1878,bleak-house
Bleak House,Queen Square,1878,bleak-house
Bleak House,Ada,1878,bleak-house
Richard,Bleak House,1878,bleak-house
Richard,Mr. Kenge,1878,bleak-house
Richard,Queen Square,1878,bleak-house
Richard,Ada,1878,bleak-house
Mr. Kenge,Bleak House,1878,bleak-house
Mr. Kenge,Richard,1878,bleak-house
Mr. Kenge,Queen Square,1878,bleak-house
Mr. Kenge,Ada,1878,bleak-house
Queen Square,Bleak House,1878,bleak-house
Queen Square,Richard,1878,bleak-house
Queen Square,Mr. Kenge,1878,bleak-house
Queen Square,Ada,1878,bleak-house
Ada,Bleak House,1878,bleak-house
Ada,Richard,1878,bleak-house
Ada,Mr. Kenge,1878,bleak-house
Ada,Queen Square,1878,bleak-house
Mr. Boythorn,Richard,1879,bleak-house
Richard,Mr. Boythorn,1879,bleak-house
Mr. Skimpole,Jarndyce,1883,bleak-house
Jarndyce,Mr. Skimpole,1883,bleak-house
Mr. Skimpole,Mr. Jarndyce,1886,bleak-house
Mr. Jarndyce,Mr. Skimpole,1886,bleak-house
Sir Arrogant Numskull,Mr. Boythorn,1895,bleak-house
Sir Arrogant Numskull,Sir Arrogant,1895,bleak-house
Mr. Boythorn,Sir Arrogant Numskull,1895,bleak-house
Mr. Boythorn,Sir Arrogant,1895,bleak-house
Sir Arrogant,Sir Arrogant Numskull,1895,bleak-house
Sir Arrogant,Mr. Boythorn,1895,bleak-house
Ada,Chesney Wold,1897,bleak-house
Chesney Wold,Ada,1897,bleak-house
Mr. Rouncewell,Lady Dedlock,1903,bleak-house
Mr. Rouncewell,Rosebud,1903,bleak-house
Lady Dedlock,Mr. Rouncewell,1903,bleak-house
Lady Dedlock,Rosebud,1903,bleak-house
Rosebud,Mr. Rouncewell,1903,bleak-house
Rosebud,Lady Dedlock,1903,bleak-house
Mr. Boythorn,Ada,1904,bleak-house
Ada,Mr. Boythorn,1904,bleak-house
Ada,Mr. Boythorn,1906,bleak-house
Mr. Boythorn,Ada,1906,bleak-house
Mr. Boythorn,Lawrence,1908,bleak-house
Mr. Boythorn,Lawrence,1908,bleak-house
Mr. Boythorn,Lawrence,1908,bleak-house
Mr. Boythorn,Lawrence,1908,bleak-house
Mr. Boythorn,Lawrence,1908,bleak-house
Mr. Boythorn,Lawrence,1908,bleak-house
Mr. Boythorn,Lawrence,1908,bleak-house
Mr. Boythorn,Lawrence,1908,bleak-house
Lawrence,Mr. Boythorn,1908,bleak-house
Lawrence,Mr. Boythorn,1908,bleak-house
Lawrence,Mr. Boythorn,1908,bleak-house
Lawrence,Mr. Boythorn,1908,bleak-house
Lawrence,Mr. Boythorn,1908,bleak-house
Lawrence,Mr. Boythorn,1908,bleak-house
Lawrence,Mr. Boythorn,1908,bleak-house
Lawrence,Mr. Boythorn,1908,bleak-house
Mr. Boythorn,Sir Leicester Dedlock,1910,bleak-house
Sir Leicester Dedlock,Mr. Boythorn,1910,bleak-house
Sir Leicester Dedlock,Lady Dedlock,1917,bleak-house
Lady Dedlock,Sir Leicester Dedlock,1917,bleak-house
Lady Dedlock,Esther Summerson,1918,bleak-house
Lady Dedlock,Esther Summerson,1918,bleak-house
Esther Summerson,Lady Dedlock,1918,bleak-house
Esther Summerson,Lady Dedlock,1918,bleak-house
Sir Leicester,Lady,1920,bleak-house
Sir Leicester,Mr. Skimpole,1920,bleak-house
Sir Leicester,Mr. Boythorn,1920,bleak-house
Lady,Sir Leicester,1920,bleak-house
Lady,Sir Leicester,1920,bleak-house
Lady,Mr. Skimpole,1920,bleak-house
Lady,Mr. Boythorn,1920,bleak-house
Sir Leicester,Lady,1920,bleak-house
Sir Leicester,Mr. Skimpole,1920,bleak-house
Sir Leicester,Mr. Boythorn,1920,bleak-house
Mr. Skimpole,Sir Leicester,1920,bleak-house
Mr. Skimpole,Lady,1920,bleak-house
Mr. Skimpole,Sir Leicester,1920,bleak-house
Mr. Skimpole,Mr. Boythorn,1920,bleak-house
Mr. Boythorn,Sir Leicester,1920,bleak-house
Mr. Boythorn,Lady,1920,bleak-house
Mr. Boythorn,Sir Leicester,1920,bleak-house
Mr. Boythorn,Mr. Skimpole,1920,bleak-house
Mr. Skimpole,Mr. Boythorn,1922,bleak-house
Mr. Boythorn,Mr. Skimpole,1922,bleak-house
Mr. Skimpole,Milton,1926,bleak-house
Milton,Mr. Skimpole,1926,bleak-house
Mr. Skimpole,My,1928,bleak-house
Mr. Skimpole,Boythorn,1928,bleak-house
My,Mr. Skimpole,1928,bleak-house
My,Boythorn,1928,bleak-house
Boythorn,Mr. Skimpole,1928,bleak-house
Boythorn,My,1928,bleak-house
Mr. Boythorn,Mr. Harold Skimpole,1931,bleak-house
Mr. Harold Skimpole,Mr. Boythorn,1931,bleak-house
Mr. Jarndyce,Ada,1936,bleak-house
Ada,Mr. Jarndyce,1936,bleak-house
Lady,Dedlock,1943,bleak-house
Dedlock,Lady,1943,bleak-house
Lady Dedlock,Mr. Jarndyce,1946,bleak-house
Mr. Jarndyce,Lady Dedlock,1946,bleak-house
Lady Dedlock,Mr. Jarndyce,1956,bleak-house
Mr. Jarndyce,Lady Dedlock,1956,bleak-house
Lady,Dedlock,1961,bleak-house
Dedlock,Lady,1961,bleak-house
Lady Dedlock,Mr. Jarndyce,1979,bleak-house
Mr. Jarndyce,Lady Dedlock,1979,bleak-house
Chancery Lane,Law,1993,bleak-house
Chancery Lane,Dutchman,1993,bleak-house
Law,Chancery Lane,1993,bleak-house
Law,Dutchman,1993,bleak-house
Dutchman,Chancery Lane,1993,bleak-house
Dutchman,Law,1993,bleak-house
Chancery Lane,Serjeants,1994,bleak-house
Chancery Lane,Lincoln,1994,bleak-house
Chancery Lane,Lincoln,1994,bleak-house
Chancery Lane,Inn Hall,1994,bleak-house
Serjeants,Chancery Lane,1994,bleak-house
Serjeants,Lincoln,1994,bleak-house
Serjeants,Lincoln,1994,bleak-house
Serjeants,Inn Hall,1994,bleak-house
Lincoln,Chancery Lane,1994,bleak-house
Lincoln,Serjeants,1994,bleak-house
Lincoln,Inn Hall,1994,bleak-house
Lincoln,Chancery Lane,1994,bleak-house
Lincoln,Serjeants,1994,bleak-house
Lincoln,Inn Hall,1994,bleak-house
Inn Hall,Chancery Lane,1994,bleak-house
Inn Hall,Serjeants,1994,bleak-house
Inn Hall,Lincoln,1994,bleak-house
Inn Hall,Lincoln,1994,bleak-house
Other,Chancery Lane,1996,bleak-house
Chancery Lane,Other,1996,bleak-house
Temple Bar,Fleet Street,1997,bleak-house
Fleet Street,Temple Bar,1997,bleak-house
Mr. Krook,Krook,1998,bleak-house
Mr. Krook,Arms,1998,bleak-house
Mr. Krook,Little Swills,1998,bleak-house
Krook,Mr. Krook,1998,bleak-house
Krook,Arms,1998,bleak-house
Krook,Little Swills,1998,bleak-house
Arms,Mr. Krook,1998,bleak-house
Arms,Krook,1998,bleak-house
Arms,Little Swills,1998,bleak-house
Little Swills,Mr. Krook,1998,bleak-house
Little Swills,Krook,1998,bleak-house
Little Swills,Arms,1998,bleak-house
Mr. Snagsby,Cook,1999,bleak-house
Mr. Snagsby,Cursitor Street,1999,bleak-house
Cook,Mr. Snagsby,1999,bleak-house
Cook,Cursitor Street,1999,bleak-house
Cursitor Street,Mr. Snagsby,1999,bleak-house
Cursitor Street,Cook,1999,bleak-house
Mr.,Mr. Chadband,2000,bleak-house
Mr.,Mr. Chadband,2000,bleak-house
Mr.,Bark,2000,bleak-house
Mr.,Mr. Chadband,2000,bleak-house
Mr.,Mr. Chadband,2000,bleak-house
Mr.,Bark,2000,bleak-house
Mr. Chadband,Mr.,2000,bleak-house
Mr. Chadband,Mr.,2000,bleak-house
Mr. Chadband,Bark,2000,bleak-house
Mr. Chadband,Mr.,2000,bleak-house
Mr. Chadband,Mr.,2000,bleak-house
Mr. Chadband,Bark,2000,bleak-house
Bark,Mr.,2000,bleak-house
Bark,Mr.,2000,bleak-house
Bark,Mr. Chadband,2000,bleak-house
Bark,Mr. Chadband,2000,bleak-house
Guster,Mr.,2012,bleak-house
Mr.,Guster,2012,bleak-house
Mr.,Mr. Chadband,2013,bleak-house
Mr. Chadband,Mr.,2013,bleak-house
Guster,Mr. Chadband,2025,bleak-house
Mr. Chadband,Guster,2025,bleak-house
Mr. Snagsby,Mr. Chadband,2027,bleak-house
Mr. Snagsby,Mr. Chadband,2027,bleak-house
Mr. Chadband,Mr. Snagsby,2027,bleak-house
Mr. Chadband,Mr. Snagsby,2027,bleak-house
Mr. Chadband,Mr. Snagsby,2032,bleak-house
Mr. Snagsby,Mr. Chadband,2032,bleak-house
Mr.,Mr. Snagsby,2034,bleak-house
Mr.,Cursitor Street,2034,bleak-house
Mr. Snagsby,Mr.,2034,bleak-house
Mr. Snagsby,Cursitor Street,2034,bleak-house
Cursitor Street,Mr.,2034,bleak-house
Cursitor Street,Mr. Snagsby,2034,bleak-house
Guster,Mr. Chadband,2035,bleak-house
Guster,Mr. Snagsby,2035,bleak-house
Mr. Chadband,Guster,2035,bleak-house
Mr. Chadband,Guster,2035,bleak-house
Mr. Chadband,Mr. Snagsby,2035,bleak-house
Guster,Mr. Chadband,2035,bleak-house
Guster,Mr. Snagsby,2035,bleak-house
Mr. Snagsby,Guster,2035,bleak-house
Mr. Snagsby,Mr. Chadband,2035,bleak-house
Mr. Snagsby,Guster,2035,bleak-house
Mr.,Snagsby,2048,bleak-house
Snagsby,Mr.,2048,bleak-house
Snagsby,Mr.,2048,bleak-house
Mr.,Snagsby,2048,bleak-house
Enter,Mr. Guppy,2053,bleak-house
Enter,Mr. Snagsby,2053,bleak-house
Mr. Guppy,Enter,2053,bleak-house
Mr. Guppy,Mr. Snagsby,2053,bleak-house
Mr. Snagsby,Enter,2053,bleak-house
Mr. Snagsby,Mr. Guppy,2053,bleak-house
Jo,Mr. Guppy,2069,bleak-house
Jo,Mr. Guppy,2069,bleak-house
Jo,Mr. Guppy,2069,bleak-house
Jo,Mr. Guppy,2069,bleak-house
Mr. Guppy,Jo,2069,bleak-house
Mr. Guppy,Jo,2069,bleak-house
Mr. Guppy,Jo,2069,bleak-house
Mr. Guppy,Jo,2069,bleak-house
Mr. Guppy,Carboy,2070,bleak-house
Carboy,Mr. Guppy,2070,bleak-house
Kenge,Carboy,2073,bleak-house
Kenge,Mr. Guppy,2073,bleak-house
Kenge,Mr. Chadband,2073,bleak-house
Carboy,Kenge,2073,bleak-house
Carboy,Mr. Guppy,2073,bleak-house
Carboy,Mr. Chadband,2073,bleak-house
Mr. Guppy,Kenge,2073,bleak-house
Mr. Guppy,Carboy,2073,bleak-house
Mr. Guppy,Mr. Chadband,2073,bleak-house
Mr. Chadband,Kenge,2073,bleak-house
Mr. Chadband,Carboy,2073,bleak-house
Mr. Chadband,Mr. Guppy,2073,bleak-house
Mr. Guppy,Pray,2082,bleak-house
Mr. Guppy,Kenge,2082,bleak-house
Mr. Guppy,Carboy,2082,bleak-house
Pray,Mr. Guppy,2082,bleak-house
Pray,Kenge,2082,bleak-house
Pray,Carboy,2082,bleak-house
Kenge,Mr. Guppy,2082,bleak-house
Kenge,Pray,2082,bleak-house
Kenge,Carboy,2082,bleak-house
Carboy,Mr. Guppy,2082,bleak-house
Carboy,Pray,2082,bleak-house
Carboy,Kenge,2082,bleak-house
Esther Summerson,Kenge,2085,bleak-house
Esther Summerson,Carboy,2085,bleak-house
Kenge,Esther Summerson,2085,bleak-house
Kenge,Carboy,2085,bleak-house
Carboy,Esther Summerson,2085,bleak-house
Carboy,Kenge,2085,bleak-house
Mr.,Hush,2089,bleak-house
Hush,Mr.,2089,bleak-house
Mr. Guppy,Mr. Snagsby,2101,bleak-house
Mr. Snagsby,Mr. Guppy,2101,bleak-house
Mr.,Blackfriars Bridge,2102,bleak-house
Blackfriars Bridge,Mr.,2102,bleak-house
Kenge,Carboy,2108,bleak-house
Kenge,Mr. Guppy,2108,bleak-house
Kenge,Mr. Guppy,2108,bleak-house
Kenge,Mr. Richard Carstone,2108,bleak-house
Kenge,Mr. Carstone,2108,bleak-house
Kenge,Mr. Guppy,2108,bleak-house
Carboy,Kenge,2108,bleak-house
Carboy,Mr. Guppy,2108,bleak-house
Carboy,Mr. Guppy,2108,bleak-house
Carboy,Mr. Richard Carstone,2108,bleak-house
Carboy,Mr. Carstone,2108,bleak-house
Carboy,Mr. Guppy,2108,bleak-house
Mr. Guppy,Kenge,2108,bleak-house
Mr. Guppy,Carboy,2108,bleak-house
Mr. Guppy,Mr. Richard Carstone,2108,bleak-house
Mr. Guppy,Mr. Carstone,2108,bleak-house
Mr. Guppy,Kenge,2108,bleak-house
Mr. Guppy,Carboy,2108,bleak-house
Mr. Guppy,Mr. Richard Carstone,2108,bleak-house
Mr. Guppy,Mr. Carstone,2108,bleak-house
Mr. Richard Carstone,Kenge,2108,bleak-house
Mr. Richard Carstone,Carboy,2108,bleak-house
Mr. Richard Carstone,Mr. Guppy,2108,bleak-house
Mr. Richard Carstone,Mr. Guppy,2108,bleak-house
Mr. Richard Carstone,Mr. Carstone,2108,bleak-house
Mr. Richard Carstone,Mr. Guppy,2108,bleak-house
Mr. Carstone,Kenge,2108,bleak-house
Mr. Carstone,Carboy,2108,bleak-house
Mr. Carstone,Mr. Guppy,2108,bleak-house
Mr. Carstone,Mr. Guppy,2108,bleak-house
Mr. Carstone,Mr. Richard Carstone,2108,bleak-house
Mr. Carstone,Mr. Guppy,2108,bleak-house
Mr. Guppy,Kenge,2108,bleak-house
Mr. Guppy,Carboy,2108,bleak-house
Mr. Guppy,Mr. Richard Carstone,2108,bleak-house
Mr. Guppy,Mr. Carstone,2108,bleak-house
Mr.,Carboy,2109,bleak-house
Carboy,Mr.,2109,bleak-house
Mr. Guppy,Carboy,2110,bleak-house
Mr. Guppy,Young Smallweed,2110,bleak-house
Carboy,Mr. Guppy,2110,bleak-house
Carboy,Young Smallweed,2110,bleak-house
Young Smallweed,Mr. Guppy,2110,bleak-house
Young Smallweed,Carboy,2110,bleak-house
Whether,Young Smallweed,2111,bleak-house
Whether,Small,2111,bleak-house
Whether,Chick Weed,2111,bleak-house
Whether,Chancery Lane,2111,bleak-house
Whether,Mr. Guppy,2111,bleak-house
Young Smallweed,Whether,2111,bleak-house
Young Smallweed,Small,2111,bleak-house
Young Smallweed,Chick Weed,2111,bleak-house
Young Smallweed,Chancery Lane,2111,bleak-house
Young Smallweed,Mr. Guppy,2111,bleak-house
Small,Whether,2111,bleak-house
Small,Young Smallweed,2111,bleak-house
Small,Chick Weed,2111,bleak-house
Small,Chancery Lane,2111,bleak-house
Small,Mr. Guppy,2111,bleak-house
Chick Weed,Whether,2111,bleak-house
Chick Weed,Young Smallweed,2111,bleak-house
Chick Weed,Small,2111,bleak-house
Chick Weed,Chancery Lane,2111,bleak-house
Chick Weed,Mr. Guppy,2111,bleak-house
Chancery Lane,Whether,2111,bleak-house
Chancery Lane,Young Smallweed,2111,bleak-house
Chancery Lane,Small,2111,bleak-house
Chancery Lane,Chick Weed,2111,bleak-house
Chancery Lane,Mr. Guppy,2111,bleak-house
Mr. Guppy,Whether,2111,bleak-house
Mr. Guppy,Young Smallweed,2111,bleak-house
Mr. Guppy,Small,2111,bleak-house
Mr. Guppy,Chick Weed,2111,bleak-house
Mr. Guppy,Chancery Lane,2111,bleak-house
Mr.,Guppy,2112,bleak-house
Mr.,Mr. Smallweed,2112,bleak-house
Mr.,Mr. Guppy,2112,bleak-house
Mr.,Mr. Smallweed,2112,bleak-house
Guppy,Mr.,2112,bleak-house
Guppy,Mr. Smallweed,2112,bleak-house
Guppy,Mr. Guppy,2112,bleak-house
Guppy,Mr. Smallweed,2112,bleak-house
Mr. Smallweed,Mr.,2112,bleak-house
Mr. Smallweed,Guppy,2112,bleak-house
Mr. Smallweed,Mr. Guppy,2112,bleak-house
Mr. Guppy,Mr.,2112,bleak-house
Mr. Guppy,Guppy,2112,bleak-house
Mr. Guppy,Mr. Smallweed,2112,bleak-house
Mr. Guppy,Mr. Smallweed,2112,bleak-house
Mr. Smallweed,Mr.,2112,bleak-house
Mr. Smallweed,Guppy,2112,bleak-house
Mr. Smallweed,Mr. Guppy,2112,bleak-house
Lincoln,Inn,2113,bleak-house
Lincoln,Mr. Guppy,2113,bleak-house
Inn,Lincoln,2113,bleak-house
Inn,Mr. Guppy,2113,bleak-house
Mr. Guppy,Lincoln,2113,bleak-house
Mr. Guppy,Inn,2113,bleak-house
Mr. Guppy,Small,2114,bleak-house
Small,Mr. Guppy,2114,bleak-house
Mr. Guppy,Mr. Jobling,2119,bleak-house
Mr. Jobling,Mr. Guppy,2119,bleak-house
Mr. Guppy,Sit,2126,bleak-house
Sit,Mr. Guppy,2126,bleak-house
Smallweed,Mr. Jobling,2127,bleak-house
Mr. Jobling,Smallweed,2127,bleak-house
Mr.,Mr. Jobling,2130,bleak-house
Mr.,How,2130,bleak-house
Mr.,Mr. Guppy,2130,bleak-house
Mr. Jobling,Mr.,2130,bleak-house
Mr. Jobling,How,2130,bleak-house
Mr. Jobling,Mr. Guppy,2130,bleak-house
How,Mr.,2130,bleak-house
How,Mr. Jobling,2130,bleak-house
How,Mr. Guppy,2130,bleak-house
Mr. Guppy,Mr.,2130,bleak-house
Mr. Guppy,Mr. Jobling,2130,bleak-house
Mr. Guppy,How,2130,bleak-house
Law,John Doe,2134,bleak-house
Law,Roe,2134,bleak-house
John Doe,Law,2134,bleak-house
John Doe,Roe,2134,bleak-house
Roe,Law,2134,bleak-house
Roe,John Doe,2134,bleak-house
Mr. Guppy,Polly,2136,bleak-house
Mr. Guppy,Mr. Jobling,2136,bleak-house
Mr. Guppy,Babel,2136,bleak-house
Mr. Guppy,Mr. Smallweed,2136,bleak-house
Polly,Mr. Guppy,2136,bleak-house
Polly,Mr. Guppy,2136,bleak-house
Polly,Mr. Jobling,2136,bleak-house
Polly,Babel,2136,bleak-house
Polly,Mr. Smallweed,2136,bleak-house
Mr. Guppy,Polly,2136,bleak-house
Mr. Guppy,Mr. Jobling,2136,bleak-house
Mr. Guppy,Babel,2136,bleak-house
Mr. Guppy,Mr. Smallweed,2136,bleak-house
Mr. Jobling,Mr. Guppy,2136,bleak-house
Mr. Jobling,Polly,2136,bleak-house
Mr. Jobling,Mr. Guppy,2136,bleak-house
Mr. Jobling,Babel,2136,bleak-house
Mr. Jobling,Mr. Smallweed,2136,bleak-house
Babel,Mr. Guppy,2136,bleak-house
Babel,Polly,2136,bleak-house
Babel,Mr. Guppy,2136,bleak-house
Babel,Mr. Jobling,2136,bleak-house
Babel,Mr. Smallweed,2136,bleak-house
Mr. Smallweed,Mr. Guppy,2136,bleak-house
Mr. Smallweed,Polly,2136,bleak-house
Mr. Smallweed,Mr. Guppy,2136,bleak-house
Mr. Smallweed,Mr. Jobling,2136,bleak-house
Mr. Smallweed,Babel,2136,bleak-house
Mr. Guppy,Guppy,2138,bleak-house
Mr. Guppy,Mr. Jobling,2138,bleak-house
Guppy,Mr. Guppy,2138,bleak-house
Guppy,Mr. Jobling,2138,bleak-house
Mr. Jobling,Mr. Guppy,2138,bleak-house
Mr. Jobling,Guppy,2138,bleak-house
Mr.,Mr. Guppy,2140,bleak-house
Mr.,Tony,2140,bleak-house
Mr. Guppy,Mr.,2140,bleak-house
Mr. Guppy,Tony,2140,bleak-house
Tony,Mr.,2140,bleak-house
Tony,Mr. Guppy,2140,bleak-house
Mr. Jobling,Say,2141,bleak-house
Say,Mr. Jobling,2141,bleak-house
Guppy,Mr. Jobling,2143,bleak-house
Mr. Jobling,Guppy,2143,bleak-house
Guppy,Mr. Jobling,2145,bleak-house
Mr. Jobling,Guppy,2145,bleak-house
Guppy,Smallweed,2148,bleak-house
Smallweed,Guppy,2148,bleak-house
Marrow,Mr. Smallweed,2150,bleak-house
Mr. Smallweed,Marrow,2150,bleak-house
Aye,Mr. Jobling,2151,bleak-house
Aye,Mr. Guppy,2151,bleak-house
Mr. Jobling,Aye,2151,bleak-house
Mr. Jobling,Mr. Guppy,2151,bleak-house
Mr. Guppy,Aye,2151,bleak-house
Mr. Guppy,Mr. Jobling,2151,bleak-house
Mr. Jobling,Mr. Smallweed,2152,bleak-house
Mr. Jobling,Guppy,2152,bleak-house
Mr. Smallweed,Mr. Jobling,2152,bleak-house
Mr. Smallweed,Mr. Jobling,2152,bleak-house
Mr. Smallweed,Guppy,2152,bleak-house
Mr. Jobling,Mr. Smallweed,2152,bleak-house
Mr. Jobling,Guppy,2152,bleak-house
Guppy,Mr. Jobling,2152,bleak-house
Guppy,Mr. Smallweed,2152,bleak-house
Guppy,Mr. Jobling,2152,bleak-house
Mr. Guppy,Smallweed,2153,bleak-house
Smallweed,Mr. Guppy,2153,bleak-house
Sir,Mr. Smallweed,2155,bleak-house
Mr. Smallweed,Sir,2155,bleak-house
Mr. Jobling,Ill,2157,bleak-house
Mr. Jobling,Ill,2157,bleak-house
Ill,Mr. Jobling,2157,bleak-house
Ill,Mr. Jobling,2157,bleak-house
Chesney Wold,Mr. Jobling,2161,bleak-house
Mr. Jobling,Chesney Wold,2161,bleak-house
Tony,Mr. Guppy,2162,bleak-house
Mr. Guppy,Tony,2162,bleak-house
Guppy,Mr. Jobling,2163,bleak-house
Mr. Jobling,Guppy,2163,bleak-house
Better,Mr. Smallweed,2166,bleak-house
Mr. Smallweed,Better,2166,bleak-house
Say,Mr. Jobling,2172,bleak-house
Say,Guppy,2172,bleak-house
Mr. Jobling,Say,2172,bleak-house
Mr. Jobling,Guppy,2172,bleak-house
Guppy,Say,2172,bleak-house
Guppy,Mr. Jobling,2172,bleak-house
Mr. Guppy,Mr. Jobling,2177,bleak-house
Mr. Guppy,Mr. Smallweed,2177,bleak-house
Mr. Jobling,Mr. Guppy,2177,bleak-house
Mr. Jobling,Mr. Smallweed,2177,bleak-house
Mr. Smallweed,Mr. Guppy,2177,bleak-house
Mr. Smallweed,Mr. Jobling,2177,bleak-house
Mr. Guppy,Snagsby,2178,bleak-house
Mr. Guppy,Smallweed,2178,bleak-house
Snagsby,Mr. Guppy,2178,bleak-house
Snagsby,Smallweed,2178,bleak-house
Smallweed,Mr. Guppy,2178,bleak-house
Smallweed,Snagsby,2178,bleak-house
Mr. Guppy,Snagsby,2180,bleak-house
Snagsby,Mr. Guppy,2180,bleak-house
Mr. Guppy,Krook,2182,bleak-house
Mr. Guppy,Krook,2182,bleak-house
Krook,Mr. Guppy,2182,bleak-house
Krook,Mr. Guppy,2182,bleak-house
Mr. Guppy,Krook,2182,bleak-house
Mr. Guppy,Krook,2182,bleak-house
Krook,Mr. Guppy,2182,bleak-house
Krook,Mr. Guppy,2182,bleak-house
Krook,Mr. Guppy,2186,bleak-house
Mr. Guppy,Krook,2186,bleak-house
Tony,Mr. Guppy,2190,bleak-house
Mr. Guppy,Tony,2190,bleak-house
Mr. Jobling,Mr. Guppy,2191,bleak-house
Mr. Jobling,Mr. Smallweed,2191,bleak-house
Mr. Guppy,Mr. Jobling,2191,bleak-house
Mr. Guppy,Mr. Smallweed,2191,bleak-house
Mr. Smallweed,Mr. Jobling,2191,bleak-house
Mr. Smallweed,Mr. Guppy,2191,bleak-house
Tony,Mr. Guppy,2192,bleak-house
Mr. Guppy,Tony,2192,bleak-house
Mr. Guppy,Tony Jobling,2193,bleak-house
Mr. Guppy,William Guppy,2193,bleak-house
Tony Jobling,Mr. Guppy,2193,bleak-house
Tony Jobling,Mr. Guppy,2193,bleak-house
Tony Jobling,William Guppy,2193,bleak-house
Mr. Guppy,Tony Jobling,2193,bleak-house
Mr. Guppy,William Guppy,2193,bleak-house
William Guppy,Mr. Guppy,2193,bleak-house
William Guppy,Tony Jobling,2193,bleak-house
William Guppy,Mr. Guppy,2193,bleak-house
Mr. Jobling,Mr. Guppy,2194,bleak-house
Mr. Jobling,Mr. Guppy,2194,bleak-house
Mr. Guppy,Mr. Jobling,2194,bleak-house
Mr. Guppy,Mr. Jobling,2194,bleak-house
Mr. Jobling,Mr. Guppy,2194,bleak-house
Mr. Jobling,Mr. Guppy,2194,bleak-house
Mr. Guppy,Mr. Jobling,2194,bleak-house
Mr. Guppy,Mr. Jobling,2194,bleak-house
Mr. Jobling,Guppy,2195,bleak-house
Guppy,Mr. Jobling,2195,bleak-house
Krook,Mr. Guppy,2196,bleak-house
Mr. Guppy,Krook,2196,bleak-house
Mr. Guppy,Mr. Krook,2200,bleak-house
Mr. Guppy,Mr. Jobling,2200,bleak-house
Mr. Guppy,Smallweed,2200,bleak-house
Mr. Guppy,Mr. Krook,2200,bleak-house
Mr. Krook,Mr. Guppy,2200,bleak-house
Mr. Krook,Mr. Jobling,2200,bleak-house
Mr. Krook,Smallweed,2200,bleak-house
Mr. Jobling,Mr. Guppy,2200,bleak-house
Mr. Jobling,Mr. Krook,2200,bleak-house
Mr. Jobling,Smallweed,2200,bleak-house
Mr. Jobling,Mr. Krook,2200,bleak-house
Smallweed,Mr. Guppy,2200,bleak-house
Smallweed,Mr. Krook,2200,bleak-house
Smallweed,Mr. Jobling,2200,bleak-house
Smallweed,Mr. Krook,2200,bleak-house
Mr. Krook,Mr. Guppy,2200,bleak-house
Mr. Krook,Mr. Jobling,2200,bleak-house
Mr. Krook,Smallweed,2200,bleak-house
Mr. Guppy,Small,2201,bleak-house
Small,Mr. Guppy,2201,bleak-house
Mr. Smallweed,Polly,2202,bleak-house
Polly,Mr. Smallweed,2202,bleak-house
Mr.,Mr. Jobling,2204,bleak-house
Mr.,Krook,2204,bleak-house
Mr. Jobling,Mr.,2204,bleak-house
Mr. Jobling,Krook,2204,bleak-house
Krook,Mr.,2204,bleak-house
Krook,Mr. Jobling,2204,bleak-house
Mr. Guppy,Krook,2205,bleak-house
Mr. Guppy,Halloa,2205,bleak-house
Krook,Mr. Guppy,2205,bleak-house
Krook,Halloa,2205,bleak-house
Halloa,Mr. Guppy,2205,bleak-house
Halloa,Krook,2205,bleak-house
Mr. Guppy,Halloa,2208,bleak-house
Halloa,Mr. Guppy,2208,bleak-house
Mr. Krook,Mr. Guppy,2212,bleak-house
Mr. Guppy,Mr. Krook,2212,bleak-house
Mr. Guppy,Mr. Krook,2212,bleak-house
Mr. Krook,Mr. Guppy,2212,bleak-house
Mr. Guppy,Mr. Weevle,2226,bleak-house
Mr. Guppy,Krook,2226,bleak-house
Mr. Guppy,Been,2226,bleak-house
Mr. Guppy,Been,2226,bleak-house
Mr. Weevle,Mr. Guppy,2226,bleak-house
Mr. Weevle,Krook,2226,bleak-house
Mr. Weevle,Been,2226,bleak-house
Mr. Weevle,Been,2226,bleak-house
Krook,Mr. Guppy,2226,bleak-house
Krook,Mr. Weevle,2226,bleak-house
Krook,Been,2226,bleak-house
Krook,Been,2226,bleak-house
Been,Mr. Guppy,2226,bleak-house
Been,Mr. Weevle,2226,bleak-house
Been,Krook,2226,bleak-house
Been,Mr. Guppy,2226,bleak-house
Been,Mr. Weevle,2226,bleak-house
Been,Krook,2226,bleak-house
Mr. Guppy,Kenge,2227,bleak-house
Mr. Guppy,Carboy,2227,bleak-house
Mr. Guppy,Jarndyce,2227,bleak-house
Mr. Guppy,Mr. Weevle,2227,bleak-house
Mr. Guppy,Mr. Weevle,2227,bleak-house
Mr. Guppy,Cursitor Street,2227,bleak-house
Mr. Guppy,Mr. Snagsby,2227,bleak-house
Mr. Guppy,Smallweed,2227,bleak-house
Kenge,Mr. Guppy,2227,bleak-house
Kenge,Carboy,2227,bleak-house
Kenge,Jarndyce,2227,bleak-house
Kenge,Mr. Weevle,2227,bleak-house
Kenge,Mr. Weevle,2227,bleak-house
Kenge,Mr. Guppy,2227,bleak-house
Kenge,Cursitor Street,2227,bleak-house
Kenge,Mr. Snagsby,2227,bleak-house
Kenge,Smallweed,2227,bleak-house
Kenge,Mr. Guppy,2227,bleak-house
Carboy,Mr. Guppy,2227,bleak-house
Carboy,Kenge,2227,bleak-house
Carboy,Jarndyce,2227,bleak-house
Carboy,Mr. Weevle,2227,bleak-house
Carboy,Mr. Weevle,2227,bleak-house
Carboy,Mr. Guppy,2227,bleak-house
Carboy,Cursitor Street,2227,bleak-house
Carboy,Mr. Snagsby,2227,bleak-house
Carboy,Smallweed,2227,bleak-house
Carboy,Mr. Guppy,2227,bleak-house
Jarndyce,Mr. Guppy,2227,bleak-house
Jarndyce,Kenge,2227,bleak-house
Jarndyce,Carboy,2227,bleak-house
Jarndyce,Mr. Weevle,2227,bleak-house
Jarndyce,Mr. Weevle,2227,bleak-house
Jarndyce,Mr. Guppy,2227,bleak-house
Jarndyce,Cursitor Street,2227,bleak-house
Jarndyce,Mr. Snagsby,2227,bleak-house
Jarndyce,Smallweed,2227,bleak-house
Jarndyce,Mr. Guppy,2227,bleak-house
Mr. Weevle,Mr. Guppy,2227,bleak-house
Mr. Weevle,Kenge,2227,bleak-house
Mr. Weevle,Carboy,2227,bleak-house
Mr. Weevle,Jarndyce,2227,bleak-house
Mr. Weevle,Mr. Guppy,2227,bleak-house
Mr. Weevle,Cursitor Street,2227,bleak-house
Mr. Weevle,Mr. Snagsby,2227,bleak-house
Mr. Weevle,Smallweed,2227,bleak-house
Mr. Weevle,Mr. Guppy,2227,bleak-house
Mr. Weevle,Mr. Guppy,2227,bleak-house
Mr. Weevle,Kenge,2227,bleak-house
Mr. Weevle,Carboy,2227,bleak-house
Mr. Weevle,Jarndyce,2227,bleak-house
Mr. Weevle,Mr. Guppy,2227,bleak-house
Mr. Weevle,Cursitor Street,2227,bleak-house
Mr. Weevle,Mr. Snagsby,2227,bleak-house
Mr. Weevle,Smallweed,2227,bleak-house
Mr. Weevle,Mr. Guppy,2227,bleak-house
Mr. Guppy,Kenge,2227,bleak-house
Mr. Guppy,Carboy,2227,bleak-house
Mr. Guppy,Jarndyce,2227,bleak-house
Mr. Guppy,Mr. Weevle,2227,bleak-house
Mr. Guppy,Mr. Weevle,2227,bleak-house
Mr. Guppy,Cursitor Street,2227,bleak-house
Mr. Guppy,Mr. Snagsby,2227,bleak-house
Mr. Guppy,Smallweed,2227,bleak-house
Cursitor Street,Mr. Guppy,2227,bleak-house
Cursitor Street,Kenge,2227,bleak-house
Cursitor Street,Carboy,2227,bleak-house
Cursitor Street,Jarndyce,2227,bleak-house
Cursitor Street,Mr. Weevle,2227,bleak-house
Cursitor Street,Mr. Weevle,2227,bleak-house
Cursitor Street,Mr. Guppy,2227,bleak-house
Cursitor Street,Mr. Snagsby,2227,bleak-house
Cursitor Street,Smallweed,2227,bleak-house
Cursitor Street,Mr. Guppy,2227,bleak-house
Mr. Snagsby,Mr. Guppy,2227,bleak-house
Mr. Snagsby,Kenge,2227,bleak-house
Mr. Snagsby,Carboy,2227,bleak-house
Mr. Snagsby,Jarndyce,2227,bleak-house
Mr. Snagsby,Mr. Weevle,2227,bleak-house
Mr. Snagsby,Mr. Weevle,2227,bleak-house
Mr. Snagsby,Mr. Guppy,2227,bleak-house
Mr. Snagsby,Cursitor Street,2227,bleak-house
Mr. Snagsby,Smallweed,2227,bleak-house
Mr. Snagsby,Mr. Guppy,2227,bleak-house
Smallweed,Mr. Guppy,2227,bleak-house
Smallweed,Kenge,2227,bleak-house
Smallweed,Carboy,2227,bleak-house
Smallweed,Jarndyce,2227,bleak-house
Smallweed,Mr. Weevle,2227,bleak-house
Smallweed,Mr. Weevle,2227,bleak-house
Smallweed,Mr. Guppy,2227,bleak-house
Smallweed,Cursitor Street,2227,bleak-house
Smallweed,Mr. Snagsby,2227,bleak-house
Smallweed,Mr. Guppy,2227,bleak-house
Mr. Guppy,Kenge,2227,bleak-house
Mr. Guppy,Carboy,2227,bleak-house
Mr. Guppy,Jarndyce,2227,bleak-house
Mr. Guppy,Mr. Weevle,2227,bleak-house
Mr. Guppy,Mr. Weevle,2227,bleak-house
Mr. Guppy,Cursitor Street,2227,bleak-house
Mr. Guppy,Mr. Snagsby,2227,bleak-house
Mr. Guppy,Smallweed,2227,bleak-house
Mr. Weevle,Albion,2229,bleak-house
Mr. Weevle,Galaxy Gallery,2229,bleak-house
Albion,Mr. Weevle,2229,bleak-house
Albion,Galaxy Gallery,2229,bleak-house
Galaxy Gallery,Mr. Weevle,2229,bleak-house
Galaxy Gallery,Albion,2229,bleak-house
Mr. Weevle,Tony Jobling,2230,bleak-house
Mr. Weevle,Galaxy,2230,bleak-house
Tony Jobling,Mr. Weevle,2230,bleak-house
Tony Jobling,Galaxy,2230,bleak-house
Tony Jobling,Mr. Weevle,2230,bleak-house
Galaxy,Mr. Weevle,2230,bleak-house
Galaxy,Tony Jobling,2230,bleak-house
Galaxy,Mr. Weevle,2230,bleak-house
Mr. Weevle,Tony Jobling,2230,bleak-house
Mr. Weevle,Galaxy,2230,bleak-house
Mr. Guppy,Krook,2231,bleak-house
Mr. Guppy,Wherefore,2231,bleak-house
Mr. Guppy,Johnny,2231,bleak-house
Mr. Guppy,Krook,2231,bleak-house
Krook,Mr. Guppy,2231,bleak-house
Krook,Wherefore,2231,bleak-house
Krook,Johnny,2231,bleak-house
Wherefore,Mr. Guppy,2231,bleak-house
Wherefore,Krook,2231,bleak-house
Wherefore,Johnny,2231,bleak-house
Wherefore,Krook,2231,bleak-house
Johnny,Mr. Guppy,2231,bleak-house
Johnny,Krook,2231,bleak-house
Johnny,Wherefore,2231,bleak-house
Johnny,Krook,2231,bleak-house
Krook,Mr. Guppy,2231,bleak-house
Krook,Wherefore,2231,bleak-house
Krook,Johnny,2231,bleak-house
Mount Pleasant,Bartholomew,2235,bleak-house
Mount Pleasant,Bart,2235,bleak-house
Bartholomew,Mount Pleasant,2235,bleak-house
Bartholomew,Bart,2235,bleak-house
Bart,Mount Pleasant,2235,bleak-house
Bart,Bartholomew,2235,bleak-house
Mr.,Smallweed,2237,bleak-house
Mr.,Mr. Smallweed,2237,bleak-house
Smallweed,Mr.,2237,bleak-house
Smallweed,Mr. Smallweed,2237,bleak-house
Mr. Smallweed,Mr.,2237,bleak-house
Mr. Smallweed,Smallweed,2237,bleak-house
Grandfather Smallweed,Mr. Smallweed,2240,bleak-house
Mr. Smallweed,Grandfather Smallweed,2240,bleak-house
Mr. Smallweed,Death,2253,bleak-house
Death,Mr. Smallweed,2253,bleak-house
Grandfather Smallweed,Judy,2257,bleak-house
Judy,Grandfather Smallweed,2257,bleak-house
Charley,Judy,2258,bleak-house
Judy,Charley,2258,bleak-house
Aye,Bart,2272,bleak-house
Aye,Grandfather Smallweed,2272,bleak-house
Bart,Aye,2272,bleak-house
Bart,Grandfather Smallweed,2272,bleak-house
Grandfather Smallweed,Aye,2272,bleak-house
Grandfather Smallweed,Bart,2272,bleak-house
Bart,Judy,2283,bleak-house
Judy,Bart,2283,bleak-house
Bart,Judy,2285,bleak-house
Bart,Judy,2285,bleak-house
Judy,Bart,2285,bleak-house
Judy,Bart,2285,bleak-house
Charley,Judy Smallweed,2288,bleak-house
Judy Smallweed,Charley,2288,bleak-house
Charley,Miss Smallweed,2292,bleak-house
Miss Smallweed,Charley,2292,bleak-house
Miss Smallweed,Charley,2292,bleak-house
Charley,Miss Smallweed,2292,bleak-house
Mr. George,Grandfather Smallweed,2297,bleak-house
Mr. George,Grandfather Smallweed,2297,bleak-house
Grandfather Smallweed,Mr. George,2297,bleak-house
Grandfather Smallweed,Mr. George,2297,bleak-house
Mr. George,Grandfather Smallweed,2302,bleak-house
Grandfather Smallweed,Mr. George,2302,bleak-house
Mr. George,Trooper,2305,bleak-house
Trooper,Mr. George,2305,bleak-house
Mr. George,Grandfather Smallweed,2309,bleak-house
Grandfather Smallweed,Mr. George,2309,bleak-house
Unlucky,Mr. George,2310,bleak-house
Unlucky,Don,2310,bleak-house
Unlucky,Mr. Smallweed,2310,bleak-house
Unlucky,Mr. George,2310,bleak-house
Mr. George,Unlucky,2310,bleak-house
Mr. George,Don,2310,bleak-house
Mr. George,Mr. Smallweed,2310,bleak-house
Don,Unlucky,2310,bleak-house
Don,Mr. George,2310,bleak-house
Don,Mr. Smallweed,2310,bleak-house
Don,Mr. George,2310,bleak-house
Mr. Smallweed,Unlucky,2310,bleak-house
Mr. Smallweed,Mr. George,2310,bleak-house
Mr. Smallweed,Don,2310,bleak-house
Mr. Smallweed,Mr. George,2310,bleak-house
Mr. George,Unlucky,2310,bleak-house
Mr. George,Don,2310,bleak-house
Mr. George,Mr. Smallweed,2310,bleak-house
Mr.,George,2317,bleak-house
Mr.,Grandfather Smallweed,2317,bleak-house
Mr.,Judy,2317,bleak-house
Mr.,Mr. George,2317,bleak-house
Mr.,Judy,2317,bleak-house
Mr.,Mr. George,2317,bleak-house
Mr.,Judy,2317,bleak-house
Mr.,Mr. George,2317,bleak-house
George,Mr.,2317,bleak-house
George,Grandfather Smallweed,2317,bleak-house
George,Judy,2317,bleak-house
George,Mr. George,2317,bleak-house
George,Judy,2317,bleak-house
George,Mr. George,2317,bleak-house
George,Judy,2317,bleak-house
George,Mr. George,2317,bleak-house
Grandfather Smallweed,Mr.,2317,bleak-house
Grandfather Smallweed,George,2317,bleak-house
Grandfather Smallweed,Judy,2317,bleak-house
Grandfather Smallweed,Mr. George,2317,bleak-house
Grandfather Smallweed,Judy,2317,bleak-house
Grandfather Smallweed,Mr. George,2317,bleak-house
Grandfather Smallweed,Judy,2317,bleak-house
Grandfather Smallweed,Mr. George,2317,bleak-house
Judy,Mr.,2317,bleak-house
Judy,George,2317,bleak-house
Judy,Grandfather Smallweed,2317,bleak-house
Judy,Mr. George,2317,bleak-house
Judy,Mr. George,2317,bleak-house
Judy,Mr. George,2317,bleak-house
Mr. George,Mr.,2317,bleak-house
Mr. George,George,2317,bleak-house
Mr. George,Grandfather Smallweed,2317,bleak-house
Mr. George,Judy,2317,bleak-house
Mr. George,Judy,2317,bleak-house
Mr. George,Judy,2317,bleak-house
Judy,Mr.,2317,bleak-house
Judy,George,2317,bleak-house
Judy,Grandfather Smallweed,2317,bleak-house
Judy,Mr. George,2317,bleak-house
Judy,Mr. George,2317,bleak-house
Judy,Mr. George,2317,bleak-house
Mr. George,Mr.,2317,bleak-house
Mr. George,George,2317,bleak-house
Mr. George,Grandfather Smallweed,2317,bleak-house
Mr. George,Judy,2317,bleak-house
Mr. George,Judy,2317,bleak-house
Mr. George,Judy,2317,bleak-house
Judy,Mr.,2317,bleak-house
Judy,George,2317,bleak-house
Judy,Grandfather Smallweed,2317,bleak-house
Judy,Mr. George,2317,bleak-house
Judy,Mr. George,2317,bleak-house
Judy,Mr. George,2317,bleak-house
Mr. George,Mr.,2317,bleak-house
Mr. George,George,2317,bleak-house
Mr. George,Grandfather Smallweed,2317,bleak-house
Mr. George,Judy,2317,bleak-house
Mr. George,Judy,2317,bleak-house
Mr. George,Judy,2317,bleak-house
Stuff,Folly,2326,bleak-house
Folly,Stuff,2326,bleak-house
Devil,Mr. George,2333,bleak-house
Devil,Charley,2333,bleak-house
Mr. George,Devil,2333,bleak-house
Mr. George,Charley,2333,bleak-house
Charley,Devil,2333,bleak-house
Charley,Mr. George,2333,bleak-house
Mr.,George,2340,bleak-house
George,Mr.,2340,bleak-house
Mr.,George,2351,bleak-house
George,Mr.,2351,bleak-house
Grandfather Smallweed,Mr. George,2352,bleak-house
Mr. George,Grandfather Smallweed,2352,bleak-house
Mr.,George,2353,bleak-house
George,Mr.,2353,bleak-house
Mr. George,Grandfather Smallweed,2359,bleak-house
Grandfather Smallweed,Mr. George,2359,bleak-house
Mr. George,Mr. Hawdon,2364,bleak-house
Mr. George,Hawdon,2364,bleak-house
Mr. Hawdon,Mr. George,2364,bleak-house
Mr. Hawdon,Hawdon,2364,bleak-house
Hawdon,Mr. George,2364,bleak-house
Hawdon,Mr. Hawdon,2364,bleak-house
Don,Mr. George,2376,bleak-house
Don,Mr. Smallweed,2376,bleak-house
Mr. George,Don,2376,bleak-house
Mr. George,Mr. Smallweed,2376,bleak-house
Mr. Smallweed,Don,2376,bleak-house
Mr. Smallweed,Mr. George,2376,bleak-house
Mr.,George,2382,bleak-house
Mr.,Mr. Smallweed,2382,bleak-house
George,Mr.,2382,bleak-house
George,Mr. Smallweed,2382,bleak-house
Mr. Smallweed,Mr.,2382,bleak-house
Mr. Smallweed,George,2382,bleak-house
Mr. George,Waterloo Bridge,2385,bleak-house
Mr. George,Astley,2385,bleak-house
Waterloo Bridge,Mr. George,2385,bleak-house
Waterloo Bridge,Astley,2385,bleak-house
Astley,Mr. George,2385,bleak-house
Astley,Waterloo Bridge,2385,bleak-house
Mr. George,Leicester Square,2386,bleak-house
Leicester Square,Mr. George,2386,bleak-house
George,Gallery,2387,bleak-house
George,Gallery,2387,bleak-house
Gallery,George,2387,bleak-house
Gallery,George,2387,bleak-house
Flat,Phil,2392,bleak-house
Phil,Flat,2392,bleak-house
Shut,Phil,2393,bleak-house
Phil,Shut,2393,bleak-house
George,Phil,2395,bleak-house
Phil,George,2395,bleak-house
Phil,Watchman,2397,bleak-house
Watchman,Phil,2397,bleak-house
Inn Fields,Mr. Tulkinghorn,2406,bleak-house
Inn Fields,November,2406,bleak-house
Mr. Tulkinghorn,Inn Fields,2406,bleak-house
Mr. Tulkinghorn,November,2406,bleak-house
November,Inn Fields,2406,bleak-house
November,Mr. Tulkinghorn,2406,bleak-house
Snagsby,Mr. Tulkinghorn,2411,bleak-house
Mr. Tulkinghorn,Snagsby,2411,bleak-house
Mr.,Mr. Snagsby,2415,bleak-house
Mr. Snagsby,Mr.,2415,bleak-house
Mr. Tulkinghorn,Snagsby,2416,bleak-house
Snagsby,Mr. Tulkinghorn,2416,bleak-house
Mr. Snagsby,Poor,2417,bleak-house
Poor,Mr. Snagsby,2417,bleak-house
Mr.,Fill,2421,bleak-house
Mr.,Snagsby,2421,bleak-house
Fill,Mr.,2421,bleak-house
Fill,Snagsby,2421,bleak-house
Snagsby,Mr.,2421,bleak-house
Snagsby,Fill,2421,bleak-house
Mr.,Mr. Snagsby,2428,bleak-house
Mr. Snagsby,Mr.,2428,bleak-house
Don,Mr. Tulkinghorn,2429,bleak-house
Don,Mr. Bucket,2429,bleak-house
Mr. Tulkinghorn,Don,2429,bleak-house
Mr. Tulkinghorn,Mr. Bucket,2429,bleak-house
Mr. Bucket,Don,2429,bleak-house
Mr. Bucket,Mr. Tulkinghorn,2429,bleak-house
Bucket,Snagsby,2433,bleak-house
Snagsby,Bucket,2433,bleak-house
Mr. Snagsby,Bucket,2436,bleak-house
Bucket,Mr. Snagsby,2436,bleak-house
Mr. Tulkinghorn,Mr. Snagsby,2438,bleak-house
Mr. Snagsby,Mr. Tulkinghorn,2438,bleak-house
Mr. Snagsby,Bucket,2439,bleak-house
Bucket,Mr. Snagsby,2439,bleak-house
Bucket,Don,2441,bleak-house
Don,Bucket,2441,bleak-house
Bucket,Mr. Snagsby,2445,bleak-house
Mr. Snagsby,Bucket,2445,bleak-house
Mr. Snagsby,Mr. Bucket,2456,bleak-house
Mr. Snagsby,Mr. Bucket,2456,bleak-house
Mr. Snagsby,Mr. Bucket,2456,bleak-house
Mr. Snagsby,Mr. Bucket,2456,bleak-house
Mr. Bucket,Mr. Snagsby,2456,bleak-house
Mr. Bucket,Mr. Snagsby,2456,bleak-house
Mr. Bucket,Mr. Snagsby,2456,bleak-house
Mr. Bucket,Mr. Snagsby,2456,bleak-house
Mr. Bucket,Mr. Snagsby,2457,bleak-house
Mr. Bucket,Mr. Snagsby,2457,bleak-house
Mr. Snagsby,Mr. Bucket,2457,bleak-house
Mr. Snagsby,Mr. Bucket,2457,bleak-house
Draw,Mr. Snagsby,2458,bleak-house
Draw,Bucket,2458,bleak-house
Mr. Snagsby,Draw,2458,bleak-house
Mr. Snagsby,Bucket,2458,bleak-house
Bucket,Draw,2458,bleak-house
Bucket,Mr. Snagsby,2458,bleak-house
Darby,Mr. Bucket,2460,bleak-house
Mr. Bucket,Darby,2460,bleak-house
Mr. Snagsby,Carrots,2462,bleak-house
Mr. Snagsby,Young Chisel,2462,bleak-house
Mr. Snagsby,Terrier Tip,2462,bleak-house
Mr. Snagsby,Carrots,2462,bleak-house
Mr. Snagsby,Mr. Bucket,2462,bleak-house
Carrots,Mr. Snagsby,2462,bleak-house
Carrots,Young Chisel,2462,bleak-house
Carrots,Terrier Tip,2462,bleak-house
Carrots,Mr. Snagsby,2462,bleak-house
Carrots,Mr. Snagsby,2462,bleak-house
Carrots,Mr. Bucket,2462,bleak-house
Young Chisel,Mr. Snagsby,2462,bleak-house
Young Chisel,Carrots,2462,bleak-house
Young Chisel,Terrier Tip,2462,bleak-house
Young Chisel,Mr. Snagsby,2462,bleak-house
Young Chisel,Carrots,2462,bleak-house
Young Chisel,Mr. Snagsby,2462,bleak-house
Young Chisel,Mr. Bucket,2462,bleak-house
Terrier Tip,Mr. Snagsby,2462,bleak-house
Terrier Tip,Carrots,2462,bleak-house
Terrier Tip,Young Chisel,2462,bleak-house
Terrier Tip,Mr. Snagsby,2462,bleak-house
Terrier Tip,Carrots,2462,bleak-house
Terrier Tip,Mr. Snagsby,2462,bleak-house
Terrier Tip,Mr. Bucket,2462,bleak-house
Mr. Snagsby,Carrots,2462,bleak-house
Mr. Snagsby,Young Chisel,2462,bleak-house
Mr. Snagsby,Terrier Tip,2462,bleak-house
Mr. Snagsby,Carrots,2462,bleak-house
Mr. Snagsby,Mr. Bucket,2462,bleak-house
Carrots,Mr. Snagsby,2462,bleak-house
Carrots,Young Chisel,2462,bleak-house
Carrots,Terrier Tip,2462,bleak-house
Carrots,Mr. Snagsby,2462,bleak-house
Carrots,Mr. Snagsby,2462,bleak-house
Carrots,Mr. Bucket,2462,bleak-house
Mr. Snagsby,Carrots,2462,bleak-house
Mr. Snagsby,Young Chisel,2462,bleak-house
Mr. Snagsby,Terrier Tip,2462,bleak-house
Mr. Snagsby,Carrots,2462,bleak-house
Mr. Snagsby,Mr. Bucket,2462,bleak-house
Mr. Bucket,Mr. Snagsby,2462,bleak-house
Mr. Bucket,Carrots,2462,bleak-house
Mr. Bucket,Young Chisel,2462,bleak-house
Mr. Bucket,Terrier Tip,2462,bleak-house
Mr. Bucket,Mr. Snagsby,2462,bleak-house
Mr. Bucket,Carrots,2462,bleak-house
Mr. Bucket,Mr. Snagsby,2462,bleak-house
Toughy,Mr. Snagsby,2463,bleak-house
Mr. Snagsby,Toughy,2463,bleak-house
Mr. Snagsby,Toughy,2463,bleak-house
Toughy,Mr. Snagsby,2463,bleak-house
Bucket,Mr. Snagsby,2477,bleak-house
Mr. Snagsby,Bucket,2477,bleak-house
Jenny,Better,2484,bleak-house
Jenny,Better,2484,bleak-house
Better,Jenny,2484,bleak-house
Better,Jenny,2484,bleak-house
Better,Jenny,2484,bleak-house
Jenny,Better,2484,bleak-house
Jenny,Liz,2491,bleak-house
Liz,Jenny,2491,bleak-house
Mr. Snagsby,Mr. Bucket,2494,bleak-house
Mr. Bucket,Mr. Snagsby,2494,bleak-house
Mr. Bucket,Mr. Snagsby,2494,bleak-house
Mr. Snagsby,Mr. Bucket,2494,bleak-house
Mr. Snagsby,Mr. Bucket,2496,bleak-house
Mr. Bucket,Mr. Snagsby,2496,bleak-house
Mr. Bucket,Mr. Snagsby,2497,bleak-house
Mr. Snagsby,Mr. Bucket,2497,bleak-house
Mr. Snagsby,Mr. Bucket,2498,bleak-house
Mr. Snagsby,Lincoln,2498,bleak-house
Mr. Snagsby,Inn Fields,2498,bleak-house
Mr. Bucket,Mr. Snagsby,2498,bleak-house
Mr. Bucket,Lincoln,2498,bleak-house
Mr. Bucket,Inn Fields,2498,bleak-house
Lincoln,Mr. Snagsby,2498,bleak-house
Lincoln,Mr. Bucket,2498,bleak-house
Lincoln,Inn Fields,2498,bleak-house
Inn Fields,Mr. Snagsby,2498,bleak-house
Inn Fields,Mr. Bucket,2498,bleak-house
Inn Fields,Lincoln,2498,bleak-house
Mr. Snagsby,Mr. Tulkinghorn,2499,bleak-house
Mr. Tulkinghorn,Mr. Snagsby,2499,bleak-house
Mr. Tulkinghorn,Mr. Bucket,2500,bleak-house
Mr. Tulkinghorn,Bucket,2500,bleak-house
Mr. Bucket,Mr. Tulkinghorn,2500,bleak-house
Mr. Bucket,Bucket,2500,bleak-house
Bucket,Mr. Tulkinghorn,2500,bleak-house
Bucket,Mr. Bucket,2500,bleak-house
Mr.,Mr. Snagsby,2502,bleak-house
Mr.,Jo,2502,bleak-house
Mr. Snagsby,Mr.,2502,bleak-house
Mr. Snagsby,Jo,2502,bleak-house
Jo,Mr.,2502,bleak-house
Jo,Mr. Snagsby,2502,bleak-house
Mr. Bucket,Bucket,2525,bleak-house
Mr. Bucket,Mr. Snagsby,2525,bleak-house
Mr. Bucket,Mr. Tulkinghorn,2525,bleak-house
Bucket,Mr. Bucket,2525,bleak-house
Bucket,Mr. Snagsby,2525,bleak-house
Bucket,Mr. Tulkinghorn,2525,bleak-house
Mr. Snagsby,Mr. Bucket,2525,bleak-house
Mr. Snagsby,Bucket,2525,bleak-house
Mr. Snagsby,Mr. Tulkinghorn,2525,bleak-house
Mr. Tulkinghorn,Mr. Bucket,2525,bleak-house
Mr. Tulkinghorn,Bucket,2525,bleak-house
Mr. Tulkinghorn,Mr. Snagsby,2525,bleak-house
Mademoiselle Hortense,Mr. Tulkinghorn,2526,bleak-house
Mr. Tulkinghorn,Mademoiselle Hortense,2526,bleak-house
Bucket,Mr. Tulkinghorn,2536,bleak-house
Mr. Tulkinghorn,Bucket,2536,bleak-house
Mr. Snagsby,Don,2537,bleak-house
Don,Mr. Snagsby,2537,bleak-house
Snagsby,Mr. Tulkinghorn,2539,bleak-house
Mr. Tulkinghorn,Snagsby,2539,bleak-house
Mr. Snagsby,Mr. Bucket,2541,bleak-house
Mr. Bucket,Mr. Snagsby,2541,bleak-house
Esther,Narrative,2547,bleak-house
Narrative,Esther,2547,bleak-house
Mr. Boythorn,Lady Dedlock,2548,bleak-house
Lady Dedlock,Mr. Boythorn,2548,bleak-house
Lady,Chut,2564,bleak-house
Lady,Mademoiselle,2564,bleak-house
Chut,Lady,2564,bleak-house
Chut,Mademoiselle,2564,bleak-house
Mademoiselle,Lady,2564,bleak-house
Mademoiselle,Chut,2564,bleak-house
Richard,Ada,2571,bleak-house
Richard,Miss Flite,2571,bleak-house
Ada,Richard,2571,bleak-house
Ada,Miss Flite,2571,bleak-house
Ada,Richard,2571,bleak-house
Miss Flite,Richard,2571,bleak-house
Miss Flite,Ada,2571,bleak-house
Miss Flite,Richard,2571,bleak-house
Richard,Ada,2571,bleak-house
Richard,Miss Flite,2571,bleak-house
Ada,Caddy Jellyby,2572,bleak-house
Ada,Richard,2572,bleak-house
Caddy Jellyby,Ada,2572,bleak-house
Caddy Jellyby,Richard,2572,bleak-house
Richard,Ada,2572,bleak-house
Richard,Caddy Jellyby,2572,bleak-house
Richard,Esther,2585,bleak-house
Richard,Badger,2585,bleak-house
Richard,Kenge,2585,bleak-house
Richard,Carboy,2585,bleak-house
Esther,Richard,2585,bleak-house
Esther,Badger,2585,bleak-house
Esther,Kenge,2585,bleak-house
Esther,Carboy,2585,bleak-house
Badger,Richard,2585,bleak-house
Badger,Esther,2585,bleak-house
Badger,Kenge,2585,bleak-house
Badger,Carboy,2585,bleak-house
Kenge,Richard,2585,bleak-house
Kenge,Esther,2585,bleak-house
Kenge,Badger,2585,bleak-house
Kenge,Carboy,2585,bleak-house
Carboy,Richard,2585,bleak-house
Carboy,Esther,2585,bleak-house
Carboy,Badger,2585,bleak-house
Carboy,Kenge,2585,bleak-house
Richard,Esther,2587,bleak-house
Esther,Richard,2587,bleak-house
Esther,Ada,2589,bleak-house
Ada,Esther,2589,bleak-house
Richard,Ada,2591,bleak-house
Ada,Richard,2591,bleak-house
Kenge,Mr. Badger,2595,bleak-house
Mr. Badger,Kenge,2595,bleak-house
Esther,Jarndyce,2596,bleak-house
Esther,Richard,2596,bleak-house
Jarndyce,Esther,2596,bleak-house
Jarndyce,Richard,2596,bleak-house
Richard,Esther,2596,bleak-house
Richard,Jarndyce,2596,bleak-house
Don,Richard,2598,bleak-house
Richard,Don,2598,bleak-house
Richard,Ada,2604,bleak-house
Ada,Richard,2604,bleak-house
Ada,Richard,2604,bleak-house
Richard,Ada,2604,bleak-house
Soho Square,Caddy Jellyby,2605,bleak-house
Soho Square,Caddy,2605,bleak-house
Soho Square,Richard,2605,bleak-house
Caddy Jellyby,Soho Square,2605,bleak-house
Caddy Jellyby,Caddy,2605,bleak-house
Caddy Jellyby,Richard,2605,bleak-house
Caddy,Soho Square,2605,bleak-house
Caddy,Caddy Jellyby,2605,bleak-house
Caddy,Richard,2605,bleak-house
Richard,Soho Square,2605,bleak-house
Richard,Caddy Jellyby,2605,bleak-house
Richard,Caddy,2605,bleak-house
Esther,Caddy,2606,bleak-house
Caddy,Esther,2606,bleak-house
Esther,Caddy,2608,bleak-house
Esther,Ma,2608,bleak-house
Caddy,Esther,2608,bleak-house
Caddy,Ma,2608,bleak-house
Ma,Esther,2608,bleak-house
Ma,Caddy,2608,bleak-house
Esther,Caddy,2612,bleak-house
Caddy,Esther,2612,bleak-house
Caddy,Miss,2614,bleak-house
Miss,Caddy,2614,bleak-house
Caddy,Esther,2616,bleak-house
Caddy,Esther,2616,bleak-house
Esther,Caddy,2616,bleak-house
Esther,Caddy,2616,bleak-house
Caddy,Mr. Turveydrop,2618,bleak-house
Caddy,Mr. Turveydrop,2618,bleak-house
Caddy,Mr. Turveydrop,2618,bleak-house
Caddy,Mr. Turveydrop,2618,bleak-house
Caddy,Esther,2618,bleak-house
Mr. Turveydrop,Caddy,2618,bleak-house
Mr. Turveydrop,Esther,2618,bleak-house
Mr. Turveydrop,Caddy,2618,bleak-house
Mr. Turveydrop,Caddy,2618,bleak-house
Mr. Turveydrop,Esther,2618,bleak-house
Mr. Turveydrop,Caddy,2618,bleak-house
Mr. Turveydrop,Caddy,2618,bleak-house
Mr. Turveydrop,Esther,2618,bleak-house
Mr. Turveydrop,Caddy,2618,bleak-house
Mr. Turveydrop,Caddy,2618,bleak-house
Mr. Turveydrop,Esther,2618,bleak-house
Mr. Turveydrop,Caddy,2618,bleak-house
Esther,Caddy,2618,bleak-house
Esther,Mr. Turveydrop,2618,bleak-house
Esther,Mr. Turveydrop,2618,bleak-house
Esther,Mr. Turveydrop,2618,bleak-house
Esther,Mr. Turveydrop,2618,bleak-house
Esther,Caddy,2618,bleak-house
Caddy,Mr. Turveydrop,2618,bleak-house
Caddy,Mr. Turveydrop,2618,bleak-house
Caddy,Mr. Turveydrop,2618,bleak-house
Caddy,Mr. Turveydrop,2618,bleak-house
Caddy,Esther,2618,bleak-house
Esther,Caddy,2620,bleak-house
Caddy,Esther,2620,bleak-house
Caddy,Miss Summerson,2624,bleak-house
Caddy,Esther,2624,bleak-house
Miss Summerson,Caddy,2624,bleak-house
Miss Summerson,Caddy,2624,bleak-house
Miss Summerson,Esther,2624,bleak-house
Caddy,Miss Summerson,2624,bleak-house
Caddy,Esther,2624,bleak-house
Esther,Caddy,2624,bleak-house
Esther,Miss Summerson,2624,bleak-house
Esther,Caddy,2624,bleak-house
Father,Miss Summerson,2628,bleak-house
Father,Miss Jellyby,2628,bleak-house
Miss Summerson,Father,2628,bleak-house
Miss Summerson,Miss Jellyby,2628,bleak-house
Miss Jellyby,Father,2628,bleak-house
Miss Jellyby,Miss Summerson,2628,bleak-house
Mr. Turveydrop,Permit,2629,bleak-house
Mr. Turveydrop,Overjoyed,2629,bleak-house
Permit,Mr. Turveydrop,2629,bleak-house
Permit,Overjoyed,2629,bleak-house
Overjoyed,Mr. Turveydrop,2629,bleak-house
Overjoyed,Permit,2629,bleak-house
Miss Summerson,Miss Jellyby,2637,bleak-house
Miss Jellyby,Miss Summerson,2637,bleak-house
Boy,Mr. Turveydrop,2642,bleak-house
Boy,Strike,2642,bleak-house
Boy,Strike,2642,bleak-house
Mr. Turveydrop,Boy,2642,bleak-house
Mr. Turveydrop,Strike,2642,bleak-house
Mr. Turveydrop,Strike,2642,bleak-house
Strike,Boy,2642,bleak-house
Strike,Mr. Turveydrop,2642,bleak-house
Strike,Boy,2642,bleak-house
Strike,Mr. Turveydrop,2642,bleak-house
Strike,Mr. Turveydrop,2644,bleak-house
Mr. Turveydrop,Strike,2644,bleak-house
Mr. Turveydrop,Strike,2644,bleak-house
Strike,Mr. Turveydrop,2644,bleak-house
Mr. Turveydrop,Caddy,2649,bleak-house
Caddy,Mr. Turveydrop,2649,bleak-house
Old,Mr. Turveydrop,2656,bleak-house
Old,Thavies Inn,2656,bleak-house
Old,Caddy,2656,bleak-house
Old,Mr. Turveydrop,2656,bleak-house
Mr. Turveydrop,Old,2656,bleak-house
Mr. Turveydrop,Thavies Inn,2656,bleak-house
Mr. Turveydrop,Caddy,2656,bleak-house
Thavies Inn,Old,2656,bleak-house
Thavies Inn,Mr. Turveydrop,2656,bleak-house
Thavies Inn,Caddy,2656,bleak-house
Thavies Inn,Mr. Turveydrop,2656,bleak-house
Caddy,Old,2656,bleak-house
Caddy,Mr. Turveydrop,2656,bleak-house
Caddy,Thavies Inn,2656,bleak-house
Caddy,Mr. Turveydrop,2656,bleak-house
Mr. Turveydrop,Old,2656,bleak-house
Mr. Turveydrop,Thavies Inn,2656,bleak-house
Mr. Turveydrop,Caddy,2656,bleak-house
Mr. Jellyby,Caddy,2657,bleak-house
Caddy,Mr. Jellyby,2657,bleak-house
Caddy,Mr. Jellyby,2657,bleak-house
Mr. Jellyby,Caddy,2657,bleak-house
Miss Summerson,Mr. Jarndyce,2659,bleak-house
Miss Summerson,Miss Clare,2659,bleak-house
Mr. Jarndyce,Miss Summerson,2659,bleak-house
Mr. Jarndyce,Miss Clare,2659,bleak-house
Miss Clare,Miss Summerson,2659,bleak-house
Miss Clare,Mr. Jarndyce,2659,bleak-house
Happily,Miss Summerson,2661,bleak-house
Miss Summerson,Happily,2661,bleak-house
Caddy,Jellyby,2670,bleak-house
Caddy,Africa,2670,bleak-house
Caddy,Jellyby,2670,bleak-house
Jellyby,Caddy,2670,bleak-house
Jellyby,Africa,2670,bleak-house
Africa,Caddy,2670,bleak-house
Africa,Jellyby,2670,bleak-house
Africa,Jellyby,2670,bleak-house
Jellyby,Caddy,2670,bleak-house
Jellyby,Africa,2670,bleak-house
Caddy,Mr. Turveydrop,2677,bleak-house
Caddy,Mr. Turveydrop,2677,bleak-house
Mr. Turveydrop,Caddy,2677,bleak-house
Mr. Turveydrop,Caddy,2677,bleak-house
Miss Summerson,Caddy,2678,bleak-house
Miss Summerson,Mr. Quale,2678,bleak-house
Caddy,Miss Summerson,2678,bleak-house
Caddy,Mr. Quale,2678,bleak-house
Mr. Quale,Miss Summerson,2678,bleak-house
Mr. Quale,Caddy,2678,bleak-house
Mr. Quale,Caddy,2679,bleak-house
Caddy,Mr. Quale,2679,bleak-house
Caddy,Miss Summerson,2680,bleak-house
Caddy,Miss Summerson,2680,bleak-house
Miss Summerson,Caddy,2680,bleak-house
Miss Summerson,Caddy,2680,bleak-house
Caddy,Jellyby,2681,bleak-house
Jellyby,Caddy,2681,bleak-house
Caddy,Ma,2686,bleak-house
Ma,Caddy,2686,bleak-house
Caddy,Peepy,2690,bleak-house
Caddy,Peepy,2690,bleak-house
Caddy,Mr. Jellyby,2690,bleak-house
Peepy,Caddy,2690,bleak-house
Peepy,Mr. Jellyby,2690,bleak-house
Peepy,Caddy,2690,bleak-house
Peepy,Mr. Jellyby,2690,bleak-house
Mr. Jellyby,Caddy,2690,bleak-house
Mr. Jellyby,Peepy,2690,bleak-house
Mr. Jellyby,Peepy,2690,bleak-house
Caddy,Mr. Turveydrop,2691,bleak-house
Mr. Turveydrop,Caddy,2691,bleak-house
Ada,Caddy,2693,bleak-house
Caddy,Ada,2693,bleak-house
How,Charley,2695,bleak-house
Charley,How,2695,bleak-house
Charley,Tom,2700,bleak-house
Charley,Tom,2700,bleak-house
Charley,Mr. Jarndyce,2700,bleak-house
Charley,Tom,2700,bleak-house
Charley,Emma,2700,bleak-house
Charley,Don,2700,bleak-house
Tom,Charley,2700,bleak-house
Tom,Mr. Jarndyce,2700,bleak-house
Tom,Emma,2700,bleak-house
Tom,Don,2700,bleak-house
Tom,Charley,2700,bleak-house
Tom,Mr. Jarndyce,2700,bleak-house
Tom,Emma,2700,bleak-house
Tom,Don,2700,bleak-house
Mr. Jarndyce,Charley,2700,bleak-house
Mr. Jarndyce,Tom,2700,bleak-house
Mr. Jarndyce,Tom,2700,bleak-house
Mr. Jarndyce,Tom,2700,bleak-house
Mr. Jarndyce,Emma,2700,bleak-house
Mr. Jarndyce,Don,2700,bleak-house
Tom,Charley,2700,bleak-house
Tom,Mr. Jarndyce,2700,bleak-house
Tom,Emma,2700,bleak-house
Tom,Don,2700,bleak-house
Emma,Charley,2700,bleak-house
Emma,Tom,2700,bleak-house
Emma,Tom,2700,bleak-house
Emma,Mr. Jarndyce,2700,bleak-house
Emma,Tom,2700,bleak-house
Emma,Don,2700,bleak-house
Don,Charley,2700,bleak-house
Don,Tom,2700,bleak-house
Don,Tom,2700,bleak-house
Don,Mr. Jarndyce,2700,bleak-house
Don,Tom,2700,bleak-house
Don,Emma,2700,bleak-house
Charley,Mr. Jarndyce,2702,bleak-house
Charley,Tom,2702,bleak-house
Charley,Emma,2702,bleak-house
Mr. Jarndyce,Charley,2702,bleak-house
Mr. Jarndyce,Tom,2702,bleak-house
Mr. Jarndyce,Emma,2702,bleak-house
Mr. Jarndyce,Charley,2702,bleak-house
Tom,Charley,2702,bleak-house
Tom,Mr. Jarndyce,2702,bleak-house
Tom,Emma,2702,bleak-house
Tom,Charley,2702,bleak-house
Emma,Charley,2702,bleak-house
Emma,Mr. Jarndyce,2702,bleak-house
Emma,Tom,2702,bleak-house
Emma,Charley,2702,bleak-house
Charley,Mr. Jarndyce,2702,bleak-house
Charley,Tom,2702,bleak-house
Charley,Emma,2702,bleak-house
Tom,Emma,2704,bleak-house
Emma,Tom,2704,bleak-house
Mr. Jarndyce,Charley,2705,bleak-house
Charley,Mr. Jarndyce,2705,bleak-house
Richard,Mr. Jarndyce,2713,bleak-house
Richard,Mr. Kenge,2713,bleak-house
Richard,Ada,2713,bleak-house
Richard,Mr. Jarndyce,2713,bleak-house
Richard,Mr. Kenge,2713,bleak-house
Richard,Ada,2713,bleak-house
Mr. Jarndyce,Richard,2713,bleak-house
Mr. Jarndyce,Richard,2713,bleak-house
Mr. Jarndyce,Richard,2713,bleak-house
Mr. Jarndyce,Mr. Kenge,2713,bleak-house
Mr. Jarndyce,Ada,2713,bleak-house
Mr. Jarndyce,Richard,2713,bleak-house
Richard,Mr. Jarndyce,2713,bleak-house
Richard,Mr. Kenge,2713,bleak-house
Richard,Ada,2713,bleak-house
Mr. Kenge,Richard,2713,bleak-house
Mr. Kenge,Richard,2713,bleak-house
Mr. Kenge,Mr. Jarndyce,2713,bleak-house
Mr. Kenge,Richard,2713,bleak-house
Mr. Kenge,Ada,2713,bleak-house
Mr. Kenge,Richard,2713,bleak-house
Ada,Richard,2713,bleak-house
Ada,Richard,2713,bleak-house
Ada,Mr. Jarndyce,2713,bleak-house
Ada,Richard,2713,bleak-house
Ada,Mr. Kenge,2713,bleak-house
Ada,Richard,2713,bleak-house
Richard,Mr. Jarndyce,2713,bleak-house
Richard,Mr. Kenge,2713,bleak-house
Richard,Ada,2713,bleak-house
Ada,Richard,2716,bleak-house
Richard,Ada,2716,bleak-house
Rick,Ada,2717,bleak-house
Rick,Mr. Jarndyce,2717,bleak-house
Ada,Rick,2717,bleak-house
Ada,Mr. Jarndyce,2717,bleak-house
Ada,Rick,2717,bleak-house
Mr. Jarndyce,Rick,2717,bleak-house
Mr. Jarndyce,Ada,2717,bleak-house
Mr. Jarndyce,Rick,2717,bleak-house
Rick,Ada,2717,bleak-house
Rick,Mr. Jarndyce,2717,bleak-house
Rick,Mr. Jarndyce,2721,bleak-house
Mr. Jarndyce,Rick,2721,bleak-house
Mr. Jarndyce,Rick,2721,bleak-house
Rick,Mr. Jarndyce,2721,bleak-house
John,Ada,2724,bleak-house
Ada,John,2724,bleak-house
Richard,John,2726,bleak-house
John,Richard,2726,bleak-house
Ada,Rick,2729,bleak-house
Rick,Ada,2729,bleak-house
Ada,Mr. Jarndyce,2733,bleak-house
Ada,Richard,2733,bleak-house
Mr. Jarndyce,Ada,2733,bleak-house
Mr. Jarndyce,Richard,2733,bleak-house
Richard,Ada,2733,bleak-house
Richard,Mr. Jarndyce,2733,bleak-house
Richard,Ada,2734,bleak-house
Ada,Richard,2734,bleak-house
Mr. Jarndyce,Rick,2737,bleak-house
Rick,Mr. Jarndyce,2737,bleak-house
Richard,Harder,2738,bleak-house
Harder,Richard,2738,bleak-house
Mr. Jarndyce,Ada,2739,bleak-house
Mr. Jarndyce,Rick,2739,bleak-house
Ada,Mr. Jarndyce,2739,bleak-house
Ada,Rick,2739,bleak-house
Rick,Mr. Jarndyce,2739,bleak-house
Rick,Ada,2739,bleak-house
Mr. Jarndyce,Bygones,2743,bleak-house
Bygones,Mr. Jarndyce,2743,bleak-house
Cousin Richard,Ada,2747,bleak-house
Cousin Richard,John,2747,bleak-house
Cousin Richard,Richard,2747,bleak-house
Cousin Richard,Ada,2747,bleak-house
Cousin Richard,Richard,2747,bleak-house
Cousin Richard,Richard,2747,bleak-house
Cousin Richard,Esther,2747,bleak-house
Cousin Richard,Richard,2747,bleak-house
Cousin Richard,Ada,2747,bleak-house
Ada,Cousin Richard,2747,bleak-house
Ada,John,2747,bleak-house
Ada,Richard,2747,bleak-house
Ada,Richard,2747,bleak-house
Ada,Richard,2747,bleak-house
Ada,Esther,2747,bleak-house
Ada,Richard,2747,bleak-house
John,Cousin Richard,2747,bleak-house
John,Ada,2747,bleak-house
John,Richard,2747,bleak-house
John,Ada,2747,bleak-house
John,Richard,2747,bleak-house
John,Richard,2747,bleak-house
John,Esther,2747,bleak-house
John,Richard,2747,bleak-house
John,Ada,2747,bleak-house
Richard,Cousin Richard,2747,bleak-house
Richard,Ada,2747,bleak-house
Richard,John,2747,bleak-house
Richard,Ada,2747,bleak-house
Richard,Esther,2747,bleak-house
Richard,Ada,2747,bleak-house
Ada,Cousin Richard,2747,bleak-house
Ada,John,2747,bleak-house
Ada,Richard,2747,bleak-house
Ada,Richard,2747,bleak-house
Ada,Richard,2747,bleak-house
Ada,Esther,2747,bleak-house
Ada,Richard,2747,bleak-house
Richard,Cousin Richard,2747,bleak-house
Richard,Ada,2747,bleak-house
Richard,John,2747,bleak-house
Richard,Ada,2747,bleak-house
Richard,Esther,2747,bleak-house
Richard,Ada,2747,bleak-house
Richard,Cousin Richard,2747,bleak-house
Richard,Ada,2747,bleak-house
Richard,John,2747,bleak-house
Richard,Ada,2747,bleak-house
Richard,Esther,2747,bleak-house
Richard,Ada,2747,bleak-house
Esther,Cousin Richard,2747,bleak-house
Esther,Ada,2747,bleak-house
Esther,John,2747,bleak-house
Esther,Richard,2747,bleak-house
Esther,Ada,2747,bleak-house
Esther,Richard,2747,bleak-house
Esther,Richard,2747,bleak-house
Esther,Richard,2747,bleak-house
Esther,Ada,2747,bleak-house
Richard,Cousin Richard,2747,bleak-house
Richard,Ada,2747,bleak-house
Richard,John,2747,bleak-house
Richard,Ada,2747,bleak-house
Richard,Esther,2747,bleak-house
Richard,Ada,2747,bleak-house
Ada,Cousin Richard,2747,bleak-house
Ada,John,2747,bleak-house
Ada,Richard,2747,bleak-house
Ada,Richard,2747,bleak-house
Ada,Richard,2747,bleak-house
Ada,Esther,2747,bleak-house
Ada,Richard,2747,bleak-house
Richard,Mr. Jarndyce,2748,bleak-house
Mr. Jarndyce,Richard,2748,bleak-house
Mr. George,Carstone,2752,bleak-house
Mr. George,Miss Summerson,2752,bleak-house
Mr. George,Sit,2752,bleak-house
Carstone,Mr. George,2752,bleak-house
Carstone,Miss Summerson,2752,bleak-house
Carstone,Sit,2752,bleak-house
Miss Summerson,Mr. George,2752,bleak-house
Miss Summerson,Carstone,2752,bleak-house
Miss Summerson,Sit,2752,bleak-house
Sit,Mr. George,2752,bleak-house
Sit,Carstone,2752,bleak-house
Sit,Miss Summerson,2752,bleak-house
Mr.,George,2787,bleak-house
George,Mr.,2787,bleak-house
Richard,Mr. George,2793,bleak-house
Mr. George,Richard,2793,bleak-house
Richard,Liverpool,2794,bleak-house
Richard,Jarndyce,2794,bleak-house
Liverpool,Richard,2794,bleak-house
Liverpool,Jarndyce,2794,bleak-house
Liverpool,Richard,2794,bleak-house
Liverpool,Richard,2794,bleak-house
Jarndyce,Richard,2794,bleak-house
Jarndyce,Liverpool,2794,bleak-house
Jarndyce,Richard,2794,bleak-house
Jarndyce,Richard,2794,bleak-house
Richard,Liverpool,2794,bleak-house
Richard,Jarndyce,2794,bleak-house
Richard,Liverpool,2794,bleak-house
Richard,Jarndyce,2794,bleak-house
Miss,Mr. Kenge,2797,bleak-house
Mr. Kenge,Miss,2797,bleak-house
Richard,Dame Durden,2800,bleak-house
Richard,Better,2800,bleak-house
Dame Durden,Richard,2800,bleak-house
Dame Durden,Better,2800,bleak-house
Better,Richard,2800,bleak-house
Better,Dame Durden,2800,bleak-house
Mr. Guppy,Mr. Kenge,2801,bleak-house
Mr. Guppy,Richard,2801,bleak-house
Mr. Kenge,Mr. Guppy,2801,bleak-house
Mr. Kenge,Richard,2801,bleak-house
Mr. Kenge,Mr. Guppy,2801,bleak-house
Richard,Mr. Guppy,2801,bleak-house
Richard,Mr. Kenge,2801,bleak-house
Richard,Mr. Guppy,2801,bleak-house
Mr. Guppy,Mr. Kenge,2801,bleak-house
Mr. Guppy,Richard,2801,bleak-house
Mr. Carstone,Miss Summerson,2802,bleak-house
Miss Summerson,Mr. Carstone,2802,bleak-house
Mr.,Rachael,2808,bleak-house
Mr.,Richard,2808,bleak-house
Mr.,Mr. George,2808,bleak-house
Rachael,Mr.,2808,bleak-house
Rachael,Richard,2808,bleak-house
Rachael,Mr. George,2808,bleak-house
Richard,Mr.,2808,bleak-house
Richard,Rachael,2808,bleak-house
Richard,Mr. George,2808,bleak-house
Mr. George,Mr.,2808,bleak-house
Mr. George,Rachael,2808,bleak-house
Mr. George,Richard,2808,bleak-house
George,Richard,2809,bleak-house
Richard,George,2809,bleak-house
Miss Flite,Fitz Jarndyce,2813,bleak-house
Fitz Jarndyce,Miss Flite,2813,bleak-house
Hem,Mr. George,2814,bleak-house
Hem,Gridley,2814,bleak-house
Mr. George,Hem,2814,bleak-house
Mr. George,Gridley,2814,bleak-house
Gridley,Hem,2814,bleak-house
Gridley,Mr. George,2814,bleak-house
Hadn,Gridley,2816,bleak-house
Gridley,Hadn,2816,bleak-house
Mr. George,Hush,2820,bleak-house
Hush,Mr. George,2820,bleak-house
Hush,Mr. George,2820,bleak-house
Mr. George,Hush,2820,bleak-house
Poor,Mr. George,2822,bleak-house
Poor,Miss Flite,2822,bleak-house
Poor,Richard,2822,bleak-house
Poor,Mr. George,2822,bleak-house
Poor,Gridley,2822,bleak-house
Poor,Mr. Jarndyce,2822,bleak-house
Poor,Mr. George,2822,bleak-house
Mr. George,Poor,2822,bleak-house
Mr. George,Miss Flite,2822,bleak-house
Mr. George,Richard,2822,bleak-house
Mr. George,Gridley,2822,bleak-house
Mr. George,Mr. Jarndyce,2822,bleak-house
Miss Flite,Poor,2822,bleak-house
Miss Flite,Mr. George,2822,bleak-house
Miss Flite,Richard,2822,bleak-house
Miss Flite,Mr. George,2822,bleak-house
Miss Flite,Gridley,2822,bleak-house
Miss Flite,Mr. Jarndyce,2822,bleak-house
Miss Flite,Mr. George,2822,bleak-house
Richard,Poor,2822,bleak-house
Richard,Mr. George,2822,bleak-house
Richard,Miss Flite,2822,bleak-house
Richard,Mr. George,2822,bleak-house
Richard,Gridley,2822,bleak-house
Richard,Mr. Jarndyce,2822,bleak-house
Richard,Mr. George,2822,bleak-house
Mr. George,Poor,2822,bleak-house
Mr. George,Miss Flite,2822,bleak-house
Mr. George,Richard,2822,bleak-house
Mr. George,Gridley,2822,bleak-house
Mr. George,Mr. Jarndyce,2822,bleak-house
Gridley,Poor,2822,bleak-house
Gridley,Mr. George,2822,bleak-house
Gridley,Miss Flite,2822,bleak-house
Gridley,Richard,2822,bleak-house
Gridley,Mr. George,2822,bleak-house
Gridley,Mr. Jarndyce,2822,bleak-house
Gridley,Mr. George,2822,bleak-house
Mr. Jarndyce,Poor,2822,bleak-house
Mr. Jarndyce,Mr. George,2822,bleak-house
Mr. Jarndyce,Miss Flite,2822,bleak-house
Mr. Jarndyce,Richard,2822,bleak-house
Mr. Jarndyce,Mr. George,2822,bleak-house
Mr. Jarndyce,Gridley,2822,bleak-house
Mr. Jarndyce,Mr. George,2822,bleak-house
Mr. George,Poor,2822,bleak-house
Mr. George,Miss Flite,2822,bleak-house
Mr. George,Richard,2822,bleak-house
Mr. George,Gridley,2822,bleak-house
Mr. George,Mr. Jarndyce,2822,bleak-house
Leicester Square,Mr. George,2823,bleak-house
Mr. George,Leicester Square,2823,bleak-house
George,Gallery,2824,bleak-house
Gallery,George,2824,bleak-house
Mr. George,Richard,2831,bleak-house
Richard,Mr. George,2831,bleak-house
George,Bucket,2833,bleak-house
George,Gridley,2833,bleak-house
Bucket,George,2833,bleak-house
Bucket,Gridley,2833,bleak-house
Gridley,George,2833,bleak-house
Gridley,Bucket,2833,bleak-house
Mr.,George,2834,bleak-house
George,Mr.,2834,bleak-house
George,Phil Squod,2835,bleak-house
Phil Squod,George,2835,bleak-house
Mr. Bucket,Inspector Bucket,2840,bleak-house
Mr. Bucket,George,2840,bleak-house
Inspector Bucket,Mr. Bucket,2840,bleak-house
Inspector Bucket,George,2840,bleak-house
George,Mr. Bucket,2840,bleak-house
George,Inspector Bucket,2840,bleak-house
Gammon,George,2842,bleak-house
Gammon,Mr. Bucket,2842,bleak-house
Gammon,William Tell,2842,bleak-house
Gammon,Old Shaw,2842,bleak-house
George,Gammon,2842,bleak-house
George,Mr. Bucket,2842,bleak-house
George,William Tell,2842,bleak-house
George,Old Shaw,2842,bleak-house
Mr. Bucket,Gammon,2842,bleak-house
Mr. Bucket,George,2842,bleak-house
Mr. Bucket,William Tell,2842,bleak-house
Mr. Bucket,Old Shaw,2842,bleak-house
William Tell,Gammon,2842,bleak-house
William Tell,George,2842,bleak-house
William Tell,Mr. Bucket,2842,bleak-house
William Tell,Old Shaw,2842,bleak-house
Old Shaw,Gammon,2842,bleak-house
Old Shaw,George,2842,bleak-house
Old Shaw,Mr. Bucket,2842,bleak-house
Old Shaw,William Tell,2842,bleak-house
Mr. George,Miss Flite,2843,bleak-house
Mr. George,Mr. Bucket,2843,bleak-house
Mr. George,Mr. Bucket,2843,bleak-house
Mr. George,Richard,2843,bleak-house
Mr. George,Phil Squod,2843,bleak-house
Miss Flite,Mr. George,2843,bleak-house
Miss Flite,Mr. Bucket,2843,bleak-house
Miss Flite,Mr. Bucket,2843,bleak-house
Miss Flite,Richard,2843,bleak-house
Miss Flite,Phil Squod,2843,bleak-house
Mr. Bucket,Mr. George,2843,bleak-house
Mr. Bucket,Miss Flite,2843,bleak-house
Mr. Bucket,Richard,2843,bleak-house
Mr. Bucket,Phil Squod,2843,bleak-house
Mr. Bucket,Mr. George,2843,bleak-house
Mr. Bucket,Miss Flite,2843,bleak-house
Mr. Bucket,Richard,2843,bleak-house
Mr. Bucket,Phil Squod,2843,bleak-house
Richard,Mr. George,2843,bleak-house
Richard,Miss Flite,2843,bleak-house
Richard,Mr. Bucket,2843,bleak-house
Richard,Mr. Bucket,2843,bleak-house
Richard,Phil Squod,2843,bleak-house
Phil Squod,Mr. George,2843,bleak-house
Phil Squod,Miss Flite,2843,bleak-house
Phil Squod,Mr. Bucket,2843,bleak-house
Phil Squod,Mr. Bucket,2843,bleak-house
Phil Squod,Richard,2843,bleak-house
Richard,Mr. George,2844,bleak-house
Richard,Gridley,2844,bleak-house
Mr. George,Richard,2844,bleak-house
Mr. George,Gridley,2844,bleak-house
Gridley,Richard,2844,bleak-house
Gridley,Mr. George,2844,bleak-house
Sir,Miss Flite,2853,bleak-house
Miss Flite,Sir,2853,bleak-house
Gridley,Miss Flite,2855,bleak-house
Miss Flite,Gridley,2855,bleak-house
Don,Mr. Gridley,2858,bleak-house
Mr. Gridley,Don,2858,bleak-house
Don,Mr. Bucket,2860,bleak-house
Don,Lord,2860,bleak-house
Don,Haven,2860,bleak-house
Don,Mr. Gridley,2860,bleak-house
Mr. Bucket,Don,2860,bleak-house
Mr. Bucket,Lord,2860,bleak-house
Mr. Bucket,Haven,2860,bleak-house
Mr. Bucket,Don,2860,bleak-house
Mr. Bucket,Mr. Gridley,2860,bleak-house
Lord,Don,2860,bleak-house
Lord,Mr. Bucket,2860,bleak-house
Lord,Haven,2860,bleak-house
Lord,Don,2860,bleak-house
Lord,Mr. Gridley,2860,bleak-house
Haven,Don,2860,bleak-house
Haven,Mr. Bucket,2860,bleak-house
Haven,Lord,2860,bleak-house
Haven,Don,2860,bleak-house
Haven,Mr. Gridley,2860,bleak-house
Don,Mr. Bucket,2860,bleak-house
Don,Lord,2860,bleak-house
Don,Haven,2860,bleak-house
Don,Mr. Gridley,2860,bleak-house
Mr. Gridley,Don,2860,bleak-house
Mr. Gridley,Mr. Bucket,2860,bleak-house
Mr. Gridley,Lord,2860,bleak-house
Mr. Gridley,Haven,2860,bleak-house
Mr. Gridley,Don,2860,bleak-house
Bucket,Mr. Gridley,2862,bleak-house
Bucket,Mr. Tulkinghorn,2862,bleak-house
Bucket,Lincoln,2862,bleak-house
Bucket,Inn Fields,2862,bleak-house
Bucket,George,2862,bleak-house
Bucket,Mr. Gridley,2862,bleak-house
Mr. Gridley,Bucket,2862,bleak-house
Mr. Gridley,Mr. Tulkinghorn,2862,bleak-house
Mr. Gridley,Lincoln,2862,bleak-house
Mr. Gridley,Inn Fields,2862,bleak-house
Mr. Gridley,George,2862,bleak-house
Mr. Tulkinghorn,Bucket,2862,bleak-house
Mr. Tulkinghorn,Mr. Gridley,2862,bleak-house
Mr. Tulkinghorn,Lincoln,2862,bleak-house
Mr. Tulkinghorn,Inn Fields,2862,bleak-house
Mr. Tulkinghorn,George,2862,bleak-house
Mr. Tulkinghorn,Mr. Gridley,2862,bleak-house
Lincoln,Bucket,2862,bleak-house
Lincoln,Mr. Gridley,2862,bleak-house
Lincoln,Mr. Tulkinghorn,2862,bleak-house
Lincoln,Inn Fields,2862,bleak-house
Lincoln,George,2862,bleak-house
Lincoln,Mr. Gridley,2862,bleak-house
Inn Fields,Bucket,2862,bleak-house
Inn Fields,Mr. Gridley,2862,bleak-house
Inn Fields,Mr. Tulkinghorn,2862,bleak-house
Inn Fields,Lincoln,2862,bleak-house
Inn Fields,George,2862,bleak-house
Inn Fields,Mr. Gridley,2862,bleak-house
George,Bucket,2862,bleak-house
George,Mr. Gridley,2862,bleak-house
George,Mr. Tulkinghorn,2862,bleak-house
George,Lincoln,2862,bleak-house
George,Inn Fields,2862,bleak-house
George,Mr. Gridley,2862,bleak-house
Mr. Gridley,Bucket,2862,bleak-house
Mr. Gridley,Mr. Tulkinghorn,2862,bleak-house
Mr. Gridley,Lincoln,2862,bleak-house
Mr. Gridley,Inn Fields,2862,bleak-house
Mr. Gridley,George,2862,bleak-house
Richard,Chancery,2867,bleak-house
Richard,Chancery,2867,bleak-house
Chancery,Richard,2867,bleak-house
Chancery,Richard,2867,bleak-house
Cursitor Street,Black,2871,bleak-house
Cursitor Street,Cook,2871,bleak-house
Cursitor Street,Mr. Snagsby,2871,bleak-house
Black,Cursitor Street,2871,bleak-house
Black,Cook,2871,bleak-house
Black,Mr. Snagsby,2871,bleak-house
Cook,Cursitor Street,2871,bleak-house
Cook,Black,2871,bleak-house
Cook,Mr. Snagsby,2871,bleak-house
Mr. Snagsby,Cursitor Street,2871,bleak-house
Mr. Snagsby,Black,2871,bleak-house
Mr. Snagsby,Cook,2871,bleak-house
Lincoln,Inn Fields,2872,bleak-house
Lincoln,Mr. Snagsby,2872,bleak-house
Lincoln,Mr. Bucket,2872,bleak-house
Lincoln,Mr. Tulkinghorn,2872,bleak-house
Lincoln,Mr. Snagsby,2872,bleak-house
Inn Fields,Lincoln,2872,bleak-house
Inn Fields,Mr. Snagsby,2872,bleak-house
Inn Fields,Mr. Bucket,2872,bleak-house
Inn Fields,Mr. Tulkinghorn,2872,bleak-house
Inn Fields,Mr. Snagsby,2872,bleak-house
Mr. Snagsby,Lincoln,2872,bleak-house
Mr. Snagsby,Inn Fields,2872,bleak-house
Mr. Snagsby,Mr. Bucket,2872,bleak-house
Mr. Snagsby,Mr. Tulkinghorn,2872,bleak-house
Mr. Bucket,Lincoln,2872,bleak-house
Mr. Bucket,Inn Fields,2872,bleak-house
Mr. Bucket,Mr. Snagsby,2872,bleak-house
Mr. Bucket,Mr. Tulkinghorn,2872,bleak-house
Mr. Bucket,Mr. Snagsby,2872,bleak-house
Mr. Tulkinghorn,Lincoln,2872,bleak-house
Mr. Tulkinghorn,Inn Fields,2872,bleak-house
Mr. Tulkinghorn,Mr. Snagsby,2872,bleak-house
Mr. Tulkinghorn,Mr. Bucket,2872,bleak-house
Mr. Tulkinghorn,Mr. Snagsby,2872,bleak-house
Mr. Snagsby,Lincoln,2872,bleak-house
Mr. Snagsby,Inn Fields,2872,bleak-house
Mr. Snagsby,Mr. Bucket,2872,bleak-house
Mr. Snagsby,Mr. Tulkinghorn,2872,bleak-house
Mr.,Mr. Tulkinghorn,2873,bleak-house
Mr.,Mr. Bucket,2873,bleak-house
Mr.,Bucket,2873,bleak-house
Mr. Tulkinghorn,Mr.,2873,bleak-house
Mr. Tulkinghorn,Mr. Bucket,2873,bleak-house
Mr. Tulkinghorn,Bucket,2873,bleak-house
Mr. Bucket,Mr.,2873,bleak-house
Mr. Bucket,Mr. Tulkinghorn,2873,bleak-house
Mr. Bucket,Bucket,2873,bleak-house
Bucket,Mr.,2873,bleak-house
Bucket,Mr. Tulkinghorn,2873,bleak-house
Bucket,Mr. Bucket,2873,bleak-house
Cook,Cursitor Street,2876,bleak-house
Cook,Chancery Lane,2876,bleak-house
Cook,Cursitor Street,2876,bleak-house
Cook,Mr. Snagsby,2876,bleak-house
Cook,Mr. Snagsby,2876,bleak-house
Cursitor Street,Cook,2876,bleak-house
Cursitor Street,Cook,2876,bleak-house
Cursitor Street,Chancery Lane,2876,bleak-house
Cursitor Street,Cook,2876,bleak-house
Cursitor Street,Mr. Snagsby,2876,bleak-house
Cursitor Street,Mr. Snagsby,2876,bleak-house
Cook,Cursitor Street,2876,bleak-house
Cook,Chancery Lane,2876,bleak-house
Cook,Cursitor Street,2876,bleak-house
Cook,Mr. Snagsby,2876,bleak-house
Cook,Mr. Snagsby,2876,bleak-house
Chancery Lane,Cook,2876,bleak-house
Chancery Lane,Cursitor Street,2876,bleak-house
Chancery Lane,Cook,2876,bleak-house
Chancery Lane,Cook,2876,bleak-house
Chancery Lane,Cursitor Street,2876,bleak-house
Chancery Lane,Mr. Snagsby,2876,bleak-house
Chancery Lane,Mr. Snagsby,2876,bleak-house
Cook,Cursitor Street,2876,bleak-house
Cook,Chancery Lane,2876,bleak-house
Cook,Cursitor Street,2876,bleak-house
Cook,Mr. Snagsby,2876,bleak-house
Cook,Mr. Snagsby,2876,bleak-house
Cursitor Street,Cook,2876,bleak-house
Cursitor Street,Cook,2876,bleak-house
Cursitor Street,Chancery Lane,2876,bleak-house
Cursitor Street,Cook,2876,bleak-house
Cursitor Street,Mr. Snagsby,2876,bleak-house
Cursitor Street,Mr. Snagsby,2876,bleak-house
Mr. Snagsby,Cook,2876,bleak-house
Mr. Snagsby,Cursitor Street,2876,bleak-house
Mr. Snagsby,Cook,2876,bleak-house
Mr. Snagsby,Chancery Lane,2876,bleak-house
Mr. Snagsby,Cook,2876,bleak-house
Mr. Snagsby,Cursitor Street,2876,bleak-house
Mr. Snagsby,Cook,2876,bleak-house
Mr. Snagsby,Cursitor Street,2876,bleak-house
Mr. Snagsby,Cook,2876,bleak-house
Mr. Snagsby,Chancery Lane,2876,bleak-house
Mr. Snagsby,Cook,2876,bleak-house
Mr. Snagsby,Cursitor Street,2876,bleak-house
Who,Nimrod,2878,bleak-house
Who,Nimrod,2878,bleak-house
Nimrod,Who,2878,bleak-house
Nimrod,Who,2878,bleak-house
Who,Nimrod,2878,bleak-house
Who,Nimrod,2878,bleak-house
Nimrod,Who,2878,bleak-house
Nimrod,Who,2878,bleak-house
Mr. Chadband,Mr.,2879,bleak-house
Mr. Chadband,Snagsby,2879,bleak-house
Mr.,Mr. Chadband,2879,bleak-house
Mr.,Snagsby,2879,bleak-house
Mr.,Mr. Chadband,2879,bleak-house
Snagsby,Mr. Chadband,2879,bleak-house
Snagsby,Mr.,2879,bleak-house
Snagsby,Mr. Chadband,2879,bleak-house
Mr. Chadband,Mr.,2879,bleak-house
Mr. Chadband,Snagsby,2879,bleak-house
Mr. Snagsby,Guster,2881,bleak-house
Mr. Snagsby,Mr. Chadband,2881,bleak-house
Guster,Mr. Snagsby,2881,bleak-house
Guster,Mr. Chadband,2881,bleak-house
Mr. Chadband,Mr. Snagsby,2881,bleak-house
Mr. Chadband,Guster,2881,bleak-house
Guster,Mr. Snagsby,2882,bleak-house
Guster,Mr. Snagsby,2882,bleak-house
Guster,Mr. Snagsby,2882,bleak-house
Guster,Mr. Snagsby,2882,bleak-house
Guster,Mr. Snagsby,2882,bleak-house
Mr. Snagsby,Guster,2882,bleak-house
Mr. Snagsby,Guster,2882,bleak-house
Mr. Snagsby,Guster,2882,bleak-house
Mr. Snagsby,Guster,2882,bleak-house
Mr. Snagsby,Guster,2882,bleak-house
Mr. Chadband,Guster,2887,bleak-house
Guster,Mr. Chadband,2887,bleak-house
Guster,Mr. Chadband,2887,bleak-house
Mr. Chadband,Guster,2887,bleak-house
Mr. Chadband,Mr. Snagsby,2888,bleak-house
Mr. Chadband,Mr. Snagsby,2888,bleak-house
Mr. Chadband,Mr. Snagsby,2888,bleak-house
Mr. Snagsby,Mr. Chadband,2888,bleak-house
Mr. Snagsby,Mr. Chadband,2888,bleak-house
Mr. Snagsby,Mr. Chadband,2888,bleak-house
Mr. Chadband,Mr. Snagsby,2889,bleak-house
Mr. Chadband,Devoid,2889,bleak-house
Mr. Chadband,Mr. Snagsby,2889,bleak-house
Mr. Snagsby,Mr. Chadband,2889,bleak-house
Mr. Snagsby,Devoid,2889,bleak-house
Mr. Snagsby,Mr. Chadband,2889,bleak-house
Devoid,Mr. Chadband,2889,bleak-house
Devoid,Mr. Snagsby,2889,bleak-house
Devoid,Mr. Chadband,2889,bleak-house
Devoid,Mr. Snagsby,2889,bleak-house
Mr. Chadband,Mr. Snagsby,2889,bleak-house
Mr. Chadband,Devoid,2889,bleak-house
Mr. Chadband,Mr. Snagsby,2889,bleak-house
Mr. Snagsby,Mr. Chadband,2889,bleak-house
Mr. Snagsby,Devoid,2889,bleak-house
Mr. Snagsby,Mr. Chadband,2889,bleak-house
Mr. Snagsby,Mr. Chadband,2890,bleak-house
Mr. Chadband,Mr. Snagsby,2890,bleak-house
Mr.,Mr. Snagsby,2894,bleak-house
Mr.,Mr. Chadband,2894,bleak-house
Mr.,Mr. Snagsby,2894,bleak-house
Mr. Snagsby,Mr.,2894,bleak-house
Mr. Snagsby,Mr. Chadband,2894,bleak-house
Mr. Chadband,Mr.,2894,bleak-house
Mr. Chadband,Mr. Snagsby,2894,bleak-house
Mr. Chadband,Mr. Snagsby,2894,bleak-house
Mr. Snagsby,Mr.,2894,bleak-house
Mr. Snagsby,Mr. Chadband,2894,bleak-house
Mr.,Mr. Snagsby,2896,bleak-house
Mr. Snagsby,Mr.,2896,bleak-house
Mr. Chadband,Mr. Snagsby,2898,bleak-house
Mr. Chadband,Mr. Snagsby,2898,bleak-house
Mr. Snagsby,Mr. Chadband,2898,bleak-house
Mr. Snagsby,Mr. Chadband,2898,bleak-house
Mr. Snagsby,Mr. Chadband,2898,bleak-house
Mr. Chadband,Mr. Snagsby,2898,bleak-house
Terewth,Guster,2899,bleak-house
Guster,Terewth,2899,bleak-house
Sarah,Terewth,2907,bleak-house
Terewth,Sarah,2907,bleak-house
Chadband,Terewth,2911,bleak-house
Terewth,Chadband,2911,bleak-house
Cook,Mr. Snagsby,2912,bleak-house
Mr. Snagsby,Cook,2912,bleak-house
Leicester Square,Mr. Bucket,2933,bleak-house
Mr. Bucket,Leicester Square,2933,bleak-house
Mr. Bucket,Leicester Square,2933,bleak-house
Leicester Square,Mr. Bucket,2933,bleak-house
Mr. George,Phil,2934,bleak-house
Mr. George,Phil,2934,bleak-house
Phil,Mr. George,2934,bleak-house
Phil,Mr. George,2934,bleak-house
Mr. George,Phil,2935,bleak-house
Mr. George,Phil,2935,bleak-house
Phil,Mr. George,2935,bleak-house
Phil,Mr. George,2935,bleak-house
Mr. George,Phil,2935,bleak-house
Mr. George,Phil,2935,bleak-house
Phil,Mr. George,2935,bleak-house
Phil,Mr. George,2935,bleak-house
Phil,George,2936,bleak-house
George,Phil,2936,bleak-house
Phil,Mr. George,2945,bleak-house
Phil,Mr. George,2945,bleak-house
Mr. George,Phil,2945,bleak-house
Mr. George,Phil,2945,bleak-house
Mr. George,Phil,2945,bleak-house
Phil,Mr. George,2945,bleak-house
Mr. George,Phil,2946,bleak-house
Phil,Mr. George,2946,bleak-house
Phil,Mr. George,2952,bleak-house
Mr. George,Phil,2952,bleak-house
Bosh,God,2961,bleak-house
God,Bosh,2961,bleak-house
Mr.,George,2969,bleak-house
Mr.,Phil—,2969,bleak-house
Mr.,Phil,2969,bleak-house
George,Mr.,2969,bleak-house
George,Phil—,2969,bleak-house
George,Phil,2969,bleak-house
Phil—,Mr.,2969,bleak-house
Phil—,George,2969,bleak-house
Phil—,Phil,2969,bleak-house
Phil,Mr.,2969,bleak-house
Phil,George,2969,bleak-house
Phil,Phil—,2969,bleak-house
Phil,April Fool,2970,bleak-house
April Fool,Phil,2970,bleak-house
Saffron Hill,Hatton Garden,2974,bleak-house
Hatton Garden,Saffron Hill,2974,bleak-house
Phil,Cheer,2985,bleak-house
Cheer,Phil,2985,bleak-house
Cheer,Phil,2985,bleak-house
Phil,Cheer,2985,bleak-house
Mr.,George,2987,bleak-house
Mr.,Phil,2987,bleak-house
George,Mr.,2987,bleak-house
George,Phil,2987,bleak-house
Phil,Mr.,2987,bleak-house
Phil,George,2987,bleak-house
Old England,How,2989,bleak-house
Old England,Mr. George,2989,bleak-house
Old England,Mr. Smallweed,2989,bleak-house
How,Old England,2989,bleak-house
How,Mr. George,2989,bleak-house
How,Mr. Smallweed,2989,bleak-house
Mr. George,Old England,2989,bleak-house
Mr. George,How,2989,bleak-house
Mr. George,Mr. Smallweed,2989,bleak-house
Mr. Smallweed,Old England,2989,bleak-house
Mr. Smallweed,How,2989,bleak-house
Mr. Smallweed,Mr. George,2989,bleak-house
George,Grandfather Smallweed,2990,bleak-house
Grandfather Smallweed,George,2990,bleak-house
Mr. Smallweed,Mr. George,2992,bleak-house
Mr. Smallweed,How,2992,bleak-house
Mr. George,Mr. Smallweed,2992,bleak-house
Mr. George,How,2992,bleak-house
How,Mr. Smallweed,2992,bleak-house
How,Mr. George,2992,bleak-house
Grandfather Smallweed,Which,2996,bleak-house
Grandfather Smallweed,Judy,2996,bleak-house
Which,Grandfather Smallweed,2996,bleak-house
Which,Judy,2996,bleak-house
Judy,Grandfather Smallweed,2996,bleak-house
Judy,Which,2996,bleak-house
Phil,Mr. Smallweed,2997,bleak-house
Mr. Smallweed,Phil,2997,bleak-house
Mr. George,Grandfather Smallweed,3000,bleak-house
Grandfather Smallweed,Mr. George,3000,bleak-house
Mr. Smallweed,Mr. George,3003,bleak-house
Mr. George,Mr. Smallweed,3003,bleak-house
Phil,Mr. Smallweed,3009,bleak-house
Mr. Smallweed,Phil,3009,bleak-house
Mr.,George,3011,bleak-house
George,Mr.,3011,bleak-house
Mr.,George,3015,bleak-house
George,Mr.,3015,bleak-house
Mr. Smallweed,Mr. George,3018,bleak-house
Mr. George,Mr. Smallweed,3018,bleak-house
Judy,Mr. George,3019,bleak-house
Mr. George,Judy,3019,bleak-house
Grandfather Smallweed,Mr. George,3026,bleak-house
Mr. George,Grandfather Smallweed,3026,bleak-house
Mr. George,Grandfather Smallweed,3034,bleak-house
Mr. George,Grandfather Smallweed,3034,bleak-house
Grandfather Smallweed,Mr. George,3034,bleak-house
Grandfather Smallweed,Mr. George,3034,bleak-house
Mr. George,Grandfather Smallweed,3034,bleak-house
Mr. George,Grandfather Smallweed,3034,bleak-house
Grandfather Smallweed,Mr. George,3034,bleak-house
Grandfather Smallweed,Mr. George,3034,bleak-house
Mr.,George,3035,bleak-house
George,Mr.,3035,bleak-house
Mr. Smallweed,Mr. George,3036,bleak-house
Mr. George,Mr. Smallweed,3036,bleak-house
Grandfather Smallweed,George,3044,bleak-house
George,Grandfather Smallweed,3044,bleak-house
Mr. George,Captain Hawdon,3050,bleak-house
Captain Hawdon,Mr. George,3050,bleak-house
Mr. Smallweed,Mr. George,3051,bleak-house
Mr. George,Mr. Smallweed,3051,bleak-house
Plague,Mr. George,3052,bleak-house
Mr. George,Plague,3052,bleak-house
Sir,Mr. George,3058,bleak-house
Mr. George,Sir,3058,bleak-house
Grandfather Smallweed,Mr. George,3060,bleak-house
Mr. George,Grandfather Smallweed,3060,bleak-house
Didn,Grandfather Smallweed,3062,bleak-house
Grandfather Smallweed,Didn,3062,bleak-house
Mr. Smallweed,Mr. George,3066,bleak-house
Mr. Smallweed,Judy,3066,bleak-house
Mr. Smallweed,Judy,3066,bleak-house
Mr. George,Mr. Smallweed,3066,bleak-house
Mr. George,Judy,3066,bleak-house
Mr. George,Mr. Smallweed,3066,bleak-house
Mr. George,Mr. Smallweed,3066,bleak-house
Mr. George,Judy,3066,bleak-house
Judy,Mr. Smallweed,3066,bleak-house
Judy,Mr. George,3066,bleak-house
Judy,Mr. Smallweed,3066,bleak-house
Judy,Mr. Smallweed,3066,bleak-house
Mr. Smallweed,Mr. George,3066,bleak-house
Mr. Smallweed,Judy,3066,bleak-house
Mr. Smallweed,Judy,3066,bleak-house
Mr. Smallweed,Mr. George,3066,bleak-house
Mr. Smallweed,Judy,3066,bleak-house
Mr. Smallweed,Judy,3066,bleak-house
Judy,Mr. Smallweed,3066,bleak-house
Judy,Mr. George,3066,bleak-house
Judy,Mr. Smallweed,3066,bleak-house
Judy,Mr. Smallweed,3066,bleak-house
Mr. Smallweed,Mr. George,3069,bleak-house
Mr. George,Mr. Smallweed,3069,bleak-house
Mr.,George,3070,bleak-house
George,Mr.,3070,bleak-house
Mr.,George,3074,bleak-house
Mr.,Lincoln,3074,bleak-house
Mr.,Inn Fields,3074,bleak-house
Mr.,Mr. George,3074,bleak-house
Mr.,Mr. Tulkinghorn,3074,bleak-house
George,Mr.,3074,bleak-house
George,Lincoln,3074,bleak-house
George,Inn Fields,3074,bleak-house
George,Mr. George,3074,bleak-house
George,Mr. Tulkinghorn,3074,bleak-house
Lincoln,Mr.,3074,bleak-house
Lincoln,George,3074,bleak-house
Lincoln,Inn Fields,3074,bleak-house
Lincoln,Mr. George,3074,bleak-house
Lincoln,Mr. Tulkinghorn,3074,bleak-house
Inn Fields,Mr.,3074,bleak-house
Inn Fields,George,3074,bleak-house
Inn Fields,Lincoln,3074,bleak-house
Inn Fields,Mr. George,3074,bleak-house
Inn Fields,Mr. Tulkinghorn,3074,bleak-house
Mr. George,Mr.,3074,bleak-house
Mr. George,George,3074,bleak-house
Mr. George,Lincoln,3074,bleak-house
Mr. George,Inn Fields,3074,bleak-house
Mr. George,Mr. Tulkinghorn,3074,bleak-house
Mr. Tulkinghorn,Mr.,3074,bleak-house
Mr. Tulkinghorn,George,3074,bleak-house
Mr. Tulkinghorn,Lincoln,3074,bleak-house
Mr. Tulkinghorn,Inn Fields,3074,bleak-house
Mr. Tulkinghorn,Mr. George,3074,bleak-house
Mr. Smallweed,Mr. Tulkinghorn,3077,bleak-house
Mr. Smallweed,Mr. Tulkinghorn,3077,bleak-house
Mr. Tulkinghorn,Mr. Smallweed,3077,bleak-house
Mr. Tulkinghorn,Mr. Smallweed,3077,bleak-house
Mr.,George,3078,bleak-house
George,Mr.,3078,bleak-house
Baronet,Mr. George,3079,bleak-house
Baronet,Chesney,3079,bleak-house
Baronet,Mr. George,3079,bleak-house
Baronet,Chesney Wold,3079,bleak-house
Mr. George,Baronet,3079,bleak-house
Mr. George,Chesney,3079,bleak-house
Mr. George,Baronet,3079,bleak-house
Mr. George,Chesney Wold,3079,bleak-house
Chesney,Baronet,3079,bleak-house
Chesney,Mr. George,3079,bleak-house
Chesney,Mr. George,3079,bleak-house
Chesney,Baronet,3079,bleak-house
Chesney,Chesney Wold,3079,bleak-house
Mr. George,Baronet,3079,bleak-house
Mr. George,Chesney,3079,bleak-house
Mr. George,Baronet,3079,bleak-house
Mr. George,Chesney Wold,3079,bleak-house
Baronet,Mr. George,3079,bleak-house
Baronet,Chesney,3079,bleak-house
Baronet,Mr. George,3079,bleak-house
Baronet,Chesney Wold,3079,bleak-house
Chesney Wold,Baronet,3079,bleak-house
Chesney Wold,Mr. George,3079,bleak-house
Chesney Wold,Chesney,3079,bleak-house
Chesney Wold,Mr. George,3079,bleak-house
Chesney Wold,Baronet,3079,bleak-house
Mr. George,Powerfully,3080,bleak-house
Powerfully,Mr. George,3080,bleak-house
Mr. Smallweed,Sit,3085,bleak-house
Sit,Mr. Smallweed,3085,bleak-house
Sit,Mr. Tulkinghorn,3087,bleak-house
Mr. Tulkinghorn,Sit,3087,bleak-house
George,Grandfather Smallweed,3091,bleak-house
Grandfather Smallweed,George,3091,bleak-house
Mr.,George,3092,bleak-house
George,Mr.,3092,bleak-house
Mr.,George,3093,bleak-house
George,Mr.,3093,bleak-house
Mr. Smallweed,Mr. Tulkinghorn,3099,bleak-house
Mr. Tulkinghorn,Mr. Smallweed,3099,bleak-house
Mr. Tulkinghorn,Mr. Smallweed,3100,bleak-house
Mr. Tulkinghorn,Captain Hawdon,3100,bleak-house
Mr. Smallweed,Mr. Tulkinghorn,3100,bleak-house
Mr. Smallweed,Captain Hawdon,3100,bleak-house
Captain Hawdon,Mr. Tulkinghorn,3100,bleak-house
Captain Hawdon,Mr. Smallweed,3100,bleak-house
Mr.,George,3105,bleak-house
Mr.,Mr. Smallweed,3105,bleak-house
George,Mr.,3105,bleak-house
George,Mr. Smallweed,3105,bleak-house
Mr. Smallweed,Mr.,3105,bleak-house
Mr. Smallweed,George,3105,bleak-house
Mr. Tulkinghorn,Hawdon,3106,bleak-house
Hawdon,Mr. Tulkinghorn,3106,bleak-house
Hawdon,Mr. George,3107,bleak-house
Mr. George,Hawdon,3107,bleak-house
Mr. George,Mr. Tulkinghorn,3112,bleak-house
Mr. Tulkinghorn,Mr. George,3112,bleak-house
Mr. Smallweed,Mr. George,3116,bleak-house
Mr. George,Mr. Smallweed,3116,bleak-house
Mr. Smallweed,Mr. Tulkinghorn,3118,bleak-house
Mr. Tulkinghorn,Mr. Smallweed,3118,bleak-house
Mr.,George,3119,bleak-house
Mr.,Mr. Smallweed,3119,bleak-house
Mr.,Mr. Smallweed,3119,bleak-house
Mr.,Mr. Tulkinghorn,3119,bleak-house
Mr.,Mr. Tulkinghorn,3119,bleak-house
George,Mr.,3119,bleak-house
George,Mr. Smallweed,3119,bleak-house
George,Mr. Smallweed,3119,bleak-house
George,Mr. Tulkinghorn,3119,bleak-house
George,Mr. Tulkinghorn,3119,bleak-house
Mr. Smallweed,Mr.,3119,bleak-house
Mr. Smallweed,George,3119,bleak-house
Mr. Smallweed,Mr. Tulkinghorn,3119,bleak-house
Mr. Smallweed,Mr. Tulkinghorn,3119,bleak-house
Mr. Smallweed,Mr.,3119,bleak-house
Mr. Smallweed,George,3119,bleak-house
Mr. Smallweed,Mr. Tulkinghorn,3119,bleak-house
Mr. Smallweed,Mr. Tulkinghorn,3119,bleak-house
Mr. Tulkinghorn,Mr.,3119,bleak-house
Mr. Tulkinghorn,George,3119,bleak-house
Mr. Tulkinghorn,Mr. Smallweed,3119,bleak-house
Mr. Tulkinghorn,Mr. Smallweed,3119,bleak-house
Mr. Tulkinghorn,Mr.,3119,bleak-house
Mr. Tulkinghorn,George,3119,bleak-house
Mr. Tulkinghorn,Mr. Smallweed,3119,bleak-house
Mr. Tulkinghorn,Mr. Smallweed,3119,bleak-house
Mr. George,Mr. Smallweed,3120,bleak-house
Mr. Smallweed,Mr. George,3120,bleak-house
Mr. Smallweed,Mr. George,3125,bleak-house
Mr. Smallweed,Mr. Tulkinghorn,3125,bleak-house
Mr. George,Mr. Smallweed,3125,bleak-house
Mr. George,Mr. Tulkinghorn,3125,bleak-house
Mr. Tulkinghorn,Mr. Smallweed,3125,bleak-house
Mr. Tulkinghorn,Mr. George,3125,bleak-house
Certainly,Don,3128,bleak-house
Don,Certainly,3128,bleak-house
Mr. Tulkinghorn,Judy,3130,bleak-house
Judy,Mr. Tulkinghorn,3130,bleak-house
Mr. George,Grandfather Smallweed,3132,bleak-house
Grandfather Smallweed,Mr. George,3132,bleak-house
Mr.,Mr. Smallweed,3133,bleak-house
Mr. Smallweed,Mr.,3133,bleak-house
Blackfriars Bridge,Blackfriars Road,3135,bleak-house
Blackfriars Bridge,Mr. George,3135,bleak-house
Blackfriars Bridge,Kent,3135,bleak-house
Blackfriars Bridge,Mr. George,3135,bleak-house
Blackfriars Bridge,Mr. George,3135,bleak-house
Blackfriars Road,Blackfriars Bridge,3135,bleak-house
Blackfriars Road,Mr. George,3135,bleak-house
Blackfriars Road,Kent,3135,bleak-house
Blackfriars Road,Mr. George,3135,bleak-house
Blackfriars Road,Mr. George,3135,bleak-house
Mr. George,Blackfriars Bridge,3135,bleak-house
Mr. George,Blackfriars Road,3135,bleak-house
Mr. George,Kent,3135,bleak-house
Kent,Blackfriars Bridge,3135,bleak-house
Kent,Blackfriars Road,3135,bleak-house
Kent,Mr. George,3135,bleak-house
Kent,Mr. George,3135,bleak-house
Kent,Mr. George,3135,bleak-house
Mr. George,Blackfriars Bridge,3135,bleak-house
Mr. George,Blackfriars Road,3135,bleak-house
Mr. George,Kent,3135,bleak-house
Mr. George,Blackfriars Bridge,3135,bleak-house
Mr. George,Blackfriars Road,3135,bleak-house
Mr. George,Kent,3135,bleak-house
George,Matthew Bagnet,3139,bleak-house
Matthew Bagnet,George,3139,bleak-house
Bagnet,Mat,3145,bleak-house
Mat,Bagnet,3145,bleak-house
George,Joe Pouch,3146,bleak-house
George,Joe Pouch,3146,bleak-house
Joe Pouch,George,3146,bleak-house
Joe Pouch,George,3146,bleak-house
Joe Pouch,Mat,3147,bleak-house
Mat,Joe Pouch,3147,bleak-house
Woolwich,Mr. George,3151,bleak-house
Mr. George,Woolwich,3151,bleak-house
Mat,Mr. George,3155,bleak-house
Mr. George,Mat,3155,bleak-house
Mr. George,Mat,3155,bleak-house
Mat,Mr. George,3155,bleak-house
Mr.,George,3156,bleak-house
Mr.,George,3156,bleak-house
Mr.,Mr. Bagnet,3156,bleak-house
Mr.,Woolwich,3156,bleak-house
Mr.,Mr. Bagnet,3156,bleak-house
Mr.,Young Woolwich,3156,bleak-house
George,Mr.,3156,bleak-house
George,Mr. Bagnet,3156,bleak-house
George,Woolwich,3156,bleak-house
George,Mr. Bagnet,3156,bleak-house
George,Young Woolwich,3156,bleak-house
George,Mr.,3156,bleak-house
George,Mr. Bagnet,3156,bleak-house
George,Woolwich,3156,bleak-house
George,Mr. Bagnet,3156,bleak-house
George,Young Woolwich,3156,bleak-house
Mr. Bagnet,Mr.,3156,bleak-house
Mr. Bagnet,George,3156,bleak-house
Mr. Bagnet,George,3156,bleak-house
Mr. Bagnet,Woolwich,3156,bleak-house
Mr. Bagnet,Young Woolwich,3156,bleak-house
Woolwich,Mr.,3156,bleak-house
Woolwich,George,3156,bleak-house
Woolwich,George,3156,bleak-house
Woolwich,Mr. Bagnet,3156,bleak-house
Woolwich,Mr. Bagnet,3156,bleak-house
Woolwich,Young Woolwich,3156,bleak-house
Mr. Bagnet,Mr.,3156,bleak-house
Mr. Bagnet,George,3156,bleak-house
Mr. Bagnet,George,3156,bleak-house
Mr. Bagnet,Woolwich,3156,bleak-house
Mr. Bagnet,Young Woolwich,3156,bleak-house
Young Woolwich,Mr.,3156,bleak-house
Young Woolwich,George,3156,bleak-house
Young Woolwich,George,3156,bleak-house
Young Woolwich,Mr. Bagnet,3156,bleak-house
Young Woolwich,Woolwich,3156,bleak-house
Young Woolwich,Mr. Bagnet,3156,bleak-house
George,Mr. Bagnet,3158,bleak-house
George,Wait,3158,bleak-house
Mr. Bagnet,George,3158,bleak-house
Mr. Bagnet,Wait,3158,bleak-house
Wait,George,3158,bleak-house
Wait,Mr. Bagnet,3158,bleak-house
Mr. Bagnet,Wait,3164,bleak-house
Wait,Mr. Bagnet,3164,bleak-house
Quebec,Young Woolwich,3169,bleak-house
Young Woolwich,Quebec,3169,bleak-house
Mr. Bagnet,Bagnet,3170,bleak-house
Bagnet,Mr. Bagnet,3170,bleak-house
Mr. George,Mr. Bagnet,3171,bleak-house
Mr. George,Mr. Bagnet,3171,bleak-house
Mr. Bagnet,Mr. George,3171,bleak-house
Mr. Bagnet,Mr. George,3171,bleak-house
Mr. Bagnet,Mr. George,3177,bleak-house
Mr. George,Mr. Bagnet,3177,bleak-house
Mr. George,Malta,3178,bleak-house
Mr. George,Lincoln,3178,bleak-house
Mr. George,Inn Fields,3178,bleak-house
Mr. George,Malta,3178,bleak-house
Mr. George,Lincoln,3178,bleak-house
Mr. George,Inn Fields,3178,bleak-house
Malta,Mr. George,3178,bleak-house
Malta,Mr. George,3178,bleak-house
Malta,Mr. George,3178,bleak-house
Malta,Lincoln,3178,bleak-house
Malta,Inn Fields,3178,bleak-house
Mr. George,Malta,3178,bleak-house
Mr. George,Lincoln,3178,bleak-house
Mr. George,Inn Fields,3178,bleak-house
Lincoln,Mr. George,3178,bleak-house
Lincoln,Mr. George,3178,bleak-house
Lincoln,Malta,3178,bleak-house
Lincoln,Mr. George,3178,bleak-house
Lincoln,Inn Fields,3178,bleak-house
Inn Fields,Mr. George,3178,bleak-house
Inn Fields,Mr. George,3178,bleak-house
Inn Fields,Malta,3178,bleak-house
Inn Fields,Mr. George,3178,bleak-house
Inn Fields,Lincoln,3178,bleak-house
Inn Fields,Mr. Tulkinghorn,3181,bleak-house
Inn Fields,Mr. Tulkinghorn,3181,bleak-house
Mr. Tulkinghorn,Inn Fields,3181,bleak-house
Mr. Tulkinghorn,Inn Fields,3181,bleak-house
Mr. Tulkinghorn,Mr. Gridley,3187,bleak-house
Mr. Gridley,Mr. Tulkinghorn,3187,bleak-house
Mr.,George,3191,bleak-house
George,Mr.,3191,bleak-house
Sir,Leicester Dedlock,3195,bleak-house
Sir,Chesney Wold,3195,bleak-house
Sir,Sir Leicester,3195,bleak-house
Sir,Sir Leicester,3195,bleak-house
Sir,Lady Dedlock,3195,bleak-house
Leicester Dedlock,Sir,3195,bleak-house
Leicester Dedlock,Chesney Wold,3195,bleak-house
Leicester Dedlock,Sir Leicester,3195,bleak-house
Leicester Dedlock,Sir Leicester,3195,bleak-house
Leicester Dedlock,Lady Dedlock,3195,bleak-house
Chesney Wold,Sir,3195,bleak-house
Chesney Wold,Leicester Dedlock,3195,bleak-house
Chesney Wold,Sir Leicester,3195,bleak-house
Chesney Wold,Sir Leicester,3195,bleak-house
Chesney Wold,Lady Dedlock,3195,bleak-house
Sir Leicester,Sir,3195,bleak-house
Sir Leicester,Leicester Dedlock,3195,bleak-house
Sir Leicester,Chesney Wold,3195,bleak-house
Sir Leicester,Lady Dedlock,3195,bleak-house
Sir Leicester,Sir,3195,bleak-house
Sir Leicester,Leicester Dedlock,3195,bleak-house
Sir Leicester,Chesney Wold,3195,bleak-house
Sir Leicester,Lady Dedlock,3195,bleak-house
Lady Dedlock,Sir,3195,bleak-house
Lady Dedlock,Leicester Dedlock,3195,bleak-house
Lady Dedlock,Chesney Wold,3195,bleak-house
Lady Dedlock,Sir Leicester,3195,bleak-house
Lady Dedlock,Sir Leicester,3195,bleak-house
Sir Leicester Dedlock,Sir Leicester,3198,bleak-house
Sir Leicester,Sir Leicester Dedlock,3198,bleak-house
Volumnia Dedlock,Miss Volumnia,3199,bleak-house
Volumnia Dedlock,Sir Leicester,3199,bleak-house
Miss Volumnia,Volumnia Dedlock,3199,bleak-house
Miss Volumnia,Sir Leicester,3199,bleak-house
Sir Leicester,Volumnia Dedlock,3199,bleak-house
Sir Leicester,Miss Volumnia,3199,bleak-house
William Buffy,Sir Leicester Dedlock,3200,bleak-house
William Buffy,Sir Leicester Dedlock,3200,bleak-house
Sir Leicester Dedlock,William Buffy,3200,bleak-house
Sir Leicester Dedlock,William Buffy,3200,bleak-house
William Buffy,Sir Leicester Dedlock,3201,bleak-house
Sir Leicester Dedlock,William Buffy,3201,bleak-house
Lady Dedlock,Beautiful,3203,bleak-house
Lady Dedlock,Sir Leicester,3203,bleak-house
Beautiful,Lady Dedlock,3203,bleak-house
Beautiful,Sir Leicester,3203,bleak-house
Sir Leicester,Lady Dedlock,3203,bleak-house
Sir Leicester,Beautiful,3203,bleak-house
Bedroom,Sir Leicester,3204,bleak-house
Bedroom,Sir Leicester,3204,bleak-house
Bedroom,Sir Leicester,3204,bleak-house
Bedroom,Sir Leicester,3204,bleak-house
Sir Leicester,Bedroom,3204,bleak-house
Sir Leicester,Bedroom,3204,bleak-house
Sir Leicester,Bedroom,3204,bleak-house
Sir Leicester,Bedroom,3204,bleak-house
Lady,Sir Leicester,3206,bleak-house
Sir Leicester,Lady,3206,bleak-house
Sir,Chesney Wold,3213,bleak-house
Chesney Wold,Sir,3213,bleak-house
Sir Leicester,Mr. Tulkinghorn,3217,bleak-house
Mr. Tulkinghorn,Sir Leicester,3217,bleak-house
Mr. Tulkinghorn,Sir Leicester,3223,bleak-house
Mr. Tulkinghorn,Sir Leicester,3223,bleak-house
Sir Leicester,Mr. Tulkinghorn,3223,bleak-house
Sir Leicester,Mr. Tulkinghorn,3223,bleak-house
Miss Volumnia,Sir Leicester,3224,bleak-house
Miss Volumnia,Lady,3224,bleak-house
Sir Leicester,Miss Volumnia,3224,bleak-house
Sir Leicester,Lady,3224,bleak-house
Lady,Miss Volumnia,3224,bleak-house
Lady,Sir Leicester,3224,bleak-house
Miss Volumnia,Lud,3226,bleak-house
Lud,Miss Volumnia,3226,bleak-house
Sir Leicester,Mr. Rouncewell,3227,bleak-house
Mr. Rouncewell,Sir Leicester,3227,bleak-house
Lady,Mr. Rouncewell,3228,bleak-house
Mr. Rouncewell,Lady,3228,bleak-house
Sir Leicester,Lady Dedlock,3229,bleak-house
Lady Dedlock,Sir Leicester,3229,bleak-house
Lady Dedlock,Sir Leicester,3229,bleak-house
Sir Leicester,Lady Dedlock,3229,bleak-house
Sir,Sir Leicester,3232,bleak-house
Sir,Chesney Wold,3232,bleak-house
Sir Leicester,Sir,3232,bleak-house
Sir Leicester,Chesney Wold,3232,bleak-house
Chesney Wold,Sir,3232,bleak-house
Chesney Wold,Sir Leicester,3232,bleak-house
Lady Dedlock,Mr. Rouncewell,3233,bleak-house
Lady Dedlock,Rosa,3233,bleak-house
Lady Dedlock,Rosa,3233,bleak-house
Mr. Rouncewell,Lady Dedlock,3233,bleak-house
Mr. Rouncewell,Rosa,3233,bleak-house
Mr. Rouncewell,Rosa,3233,bleak-house
Rosa,Lady Dedlock,3233,bleak-house
Rosa,Mr. Rouncewell,3233,bleak-house
Rosa,Lady Dedlock,3233,bleak-house
Rosa,Mr. Rouncewell,3233,bleak-house
Sir Leicester,Rosa,3237,bleak-house
Sir Leicester,Lady Dedlock,3237,bleak-house
Rosa,Sir Leicester,3237,bleak-house
Rosa,Sir Leicester,3237,bleak-house
Rosa,Lady Dedlock,3237,bleak-house
Sir Leicester,Rosa,3237,bleak-house
Sir Leicester,Lady Dedlock,3237,bleak-house
Lady Dedlock,Sir Leicester,3237,bleak-house
Lady Dedlock,Rosa,3237,bleak-house
Lady Dedlock,Sir Leicester,3237,bleak-house
Sir Leicester,Mr. Rouncewell,3239,bleak-house
Sir Leicester,Chesney Wold,3239,bleak-house
Mr. Rouncewell,Sir Leicester,3239,bleak-house
Mr. Rouncewell,Chesney Wold,3239,bleak-house
Chesney Wold,Sir Leicester,3239,bleak-house
Chesney Wold,Mr. Rouncewell,3239,bleak-house
Mr. Rouncewell,Sir Leicester,3242,bleak-house
Sir Leicester,Mr. Rouncewell,3242,bleak-house
Willingly,Lady Dedlock,3243,bleak-house
Lady Dedlock,Willingly,3243,bleak-house
Pardon,Sir Leicester,3247,bleak-house
Pardon,Chesney Wold,3247,bleak-house
Pardon,Lady,3247,bleak-house
Sir Leicester,Pardon,3247,bleak-house
Sir Leicester,Chesney Wold,3247,bleak-house
Sir Leicester,Lady,3247,bleak-house
Chesney Wold,Pardon,3247,bleak-house
Chesney Wold,Sir Leicester,3247,bleak-house
Chesney Wold,Lady,3247,bleak-house
Lady,Pardon,3247,bleak-house
Lady,Sir Leicester,3247,bleak-house
Lady,Chesney Wold,3247,bleak-house
Lady Dedlock,Lady,3251,bleak-house
Lady,Lady Dedlock,3251,bleak-house
Sir,Leicester,3252,bleak-house
Sir,Calmly,3252,bleak-house
Leicester,Sir,3252,bleak-house
Leicester,Calmly,3252,bleak-house
Calmly,Sir,3252,bleak-house
Calmly,Leicester,3252,bleak-house
Rouncewell,Sir Leicester,3253,bleak-house
Rouncewell,Chesney Wold,3253,bleak-house
Sir Leicester,Rouncewell,3253,bleak-house
Sir Leicester,Chesney Wold,3253,bleak-house
Chesney Wold,Rouncewell,3253,bleak-house
Chesney Wold,Sir Leicester,3253,bleak-house
Mr. Rouncewell,Sir Leicester,3258,bleak-house
Sir Leicester,Mr. Rouncewell,3258,bleak-house
Chesney Wold,Sir Leicester,3260,bleak-house
Sir Leicester,Chesney Wold,3260,bleak-house
Rouncewell,Lady,3261,bleak-house
Lady,Rouncewell,3261,bleak-house
Rouncewell,Sir Leicester,3263,bleak-house
Rouncewell,Lady,3263,bleak-house
Rouncewell,Chesney Wold,3263,bleak-house
Sir Leicester,Rouncewell,3263,bleak-house
Sir Leicester,Lady,3263,bleak-house
Sir Leicester,Chesney Wold,3263,bleak-house
Lady,Rouncewell,3263,bleak-house
Lady,Sir Leicester,3263,bleak-house
Lady,Chesney Wold,3263,bleak-house
Chesney Wold,Rouncewell,3263,bleak-house
Chesney Wold,Sir Leicester,3263,bleak-house
Chesney Wold,Lady,3263,bleak-house
Walk,Lady,3267,bleak-house
Lady,Walk,3267,bleak-house
Rosa,Lady,3280,bleak-house
Lady,Rosa,3280,bleak-house
Sir Leicester,William Buffy,3282,bleak-house
William Buffy,Sir Leicester,3282,bleak-house
William Buffy,Sir Leicester,3282,bleak-house
Sir Leicester,William Buffy,3282,bleak-house
Chesney,Chesney Wold,3286,bleak-house
Chesney Wold,Chesney,3286,bleak-house
Chesney Wold,Sir Leicester,3287,bleak-house
Chesney Wold,Sir Leicester,3287,bleak-house
Chesney Wold,Don,3287,bleak-house
Chesney Wold,Othello,3287,bleak-house
Sir Leicester,Chesney Wold,3287,bleak-house
Sir Leicester,Don,3287,bleak-house
Sir Leicester,Othello,3287,bleak-house
Sir Leicester,Chesney Wold,3287,bleak-house
Sir Leicester,Don,3287,bleak-house
Sir Leicester,Othello,3287,bleak-house
Don,Chesney Wold,3287,bleak-house
Don,Sir Leicester,3287,bleak-house
Don,Sir Leicester,3287,bleak-house
Don,Othello,3287,bleak-house
Othello,Chesney Wold,3287,bleak-house
Othello,Sir Leicester,3287,bleak-house
Othello,Sir Leicester,3287,bleak-house
Othello,Don,3287,bleak-house
Mr.,Mr. Tulkinghorn,3288,bleak-house
Mr.,Lady,3288,bleak-house
Mr. Tulkinghorn,Mr.,3288,bleak-house
Mr. Tulkinghorn,Lady,3288,bleak-house
Lady,Mr.,3288,bleak-house
Lady,Mr. Tulkinghorn,3288,bleak-house
Sir,Lady,3289,bleak-house
Sir,Mr. Tulkinghorn,3289,bleak-house
Sir,Sir Leicester,3289,bleak-house
Sir,Sir Leicester,3289,bleak-house
Sir,Lady,3289,bleak-house
Lady,Sir,3289,bleak-house
Lady,Mr. Tulkinghorn,3289,bleak-house
Lady,Sir Leicester,3289,bleak-house
Lady,Sir Leicester,3289,bleak-house
Mr. Tulkinghorn,Sir,3289,bleak-house
Mr. Tulkinghorn,Lady,3289,bleak-house
Mr. Tulkinghorn,Sir Leicester,3289,bleak-house
Mr. Tulkinghorn,Sir Leicester,3289,bleak-house
Mr. Tulkinghorn,Lady,3289,bleak-house
Sir Leicester,Sir,3289,bleak-house
Sir Leicester,Lady,3289,bleak-house
Sir Leicester,Mr. Tulkinghorn,3289,bleak-house
Sir Leicester,Lady,3289,bleak-house
Sir Leicester,Sir,3289,bleak-house
Sir Leicester,Lady,3289,bleak-house
Sir Leicester,Mr. Tulkinghorn,3289,bleak-house
Sir Leicester,Lady,3289,bleak-house
Lady,Sir,3289,bleak-house
Lady,Mr. Tulkinghorn,3289,bleak-house
Lady,Sir Leicester,3289,bleak-house
Lady,Sir Leicester,3289,bleak-house
Sir,Lady,3291,bleak-house
Lady,Sir,3291,bleak-house
Sir Leicester,Lady,3295,bleak-house
Lady,Sir Leicester,3295,bleak-house
Lady,Sir Leicester,3295,bleak-house
Sir Leicester,Lady,3295,bleak-house
Hem,Kenge,3307,bleak-house
Hem,Carboy,3307,bleak-house
Hem,Lincoln,3307,bleak-house
Hem,Inn,3307,bleak-house
Kenge,Hem,3307,bleak-house
Kenge,Carboy,3307,bleak-house
Kenge,Lincoln,3307,bleak-house
Kenge,Inn,3307,bleak-house
Carboy,Hem,3307,bleak-house
Carboy,Kenge,3307,bleak-house
Carboy,Lincoln,3307,bleak-house
Carboy,Inn,3307,bleak-house
Lincoln,Hem,3307,bleak-house
Lincoln,Kenge,3307,bleak-house
Lincoln,Carboy,3307,bleak-house
Lincoln,Inn,3307,bleak-house
Inn,Hem,3307,bleak-house
Inn,Kenge,3307,bleak-house
Inn,Carboy,3307,bleak-house
Inn,Lincoln,3307,bleak-house
Mr. Guppy,Jarndyce,3309,bleak-house
Jarndyce,Mr. Guppy,3309,bleak-house
Mr. Guppy,Jarndyce,3310,bleak-house
Mr. Guppy,Mr. Tulkinghorn,3310,bleak-house
Mr. Guppy,Mr.,3310,bleak-house
Jarndyce,Mr. Guppy,3310,bleak-house
Jarndyce,Mr. Tulkinghorn,3310,bleak-house
Jarndyce,Mr.,3310,bleak-house
Mr. Tulkinghorn,Mr. Guppy,3310,bleak-house
Mr. Tulkinghorn,Jarndyce,3310,bleak-house
Mr. Tulkinghorn,Mr.,3310,bleak-house
Mr.,Mr. Guppy,3310,bleak-house
Mr.,Jarndyce,3310,bleak-house
Mr.,Mr. Tulkinghorn,3310,bleak-house
Mr. Guppy,Kenge,3312,bleak-house
Mr. Guppy,Carboy,3312,bleak-house
Mr. Guppy,Mr. Tulkinghorn,3312,bleak-house
Kenge,Mr. Guppy,3312,bleak-house
Kenge,Carboy,3312,bleak-house
Kenge,Mr. Tulkinghorn,3312,bleak-house
Carboy,Mr. Guppy,3312,bleak-house
Carboy,Kenge,3312,bleak-house
Carboy,Mr. Tulkinghorn,3312,bleak-house
Mr. Tulkinghorn,Mr. Guppy,3312,bleak-house
Mr. Tulkinghorn,Kenge,3312,bleak-house
Mr. Tulkinghorn,Carboy,3312,bleak-house
Mr. Guppy,Lady,3316,bleak-house
Lady,Mr. Guppy,3316,bleak-house
Mr. Guppy,Miss Summerson,3323,bleak-house
Miss Summerson,Mr. Guppy,3323,bleak-house
Miss Summerson,Chesney Wold,3325,bleak-house
Miss Summerson,Miss Esther Summerson,3325,bleak-house
Chesney Wold,Miss Summerson,3325,bleak-house
Chesney Wold,Miss Esther Summerson,3325,bleak-house
Miss Esther Summerson,Miss Summerson,3325,bleak-house
Miss Esther Summerson,Chesney Wold,3325,bleak-house
Miss Esther Summerson,Carboy,3330,bleak-house
Miss Esther Summerson,Miss Summerson,3330,bleak-house
Miss Esther Summerson,Miss Summerson,3330,bleak-house
Carboy,Miss Esther Summerson,3330,bleak-house
Carboy,Miss Summerson,3330,bleak-house
Carboy,Miss Summerson,3330,bleak-house
Miss Summerson,Miss Esther Summerson,3330,bleak-house
Miss Summerson,Carboy,3330,bleak-house
Miss Summerson,Miss Esther Summerson,3330,bleak-house
Miss Summerson,Carboy,3330,bleak-house
Mr. Guppy,Kenge,3332,bleak-house
Mr. Guppy,Carboy,3332,bleak-house
Mr. Guppy,Miss Summerson,3332,bleak-house
Mr. Guppy,Mr. Jarndyce,3332,bleak-house
Kenge,Mr. Guppy,3332,bleak-house
Kenge,Carboy,3332,bleak-house
Kenge,Miss Summerson,3332,bleak-house
Kenge,Mr. Jarndyce,3332,bleak-house
Carboy,Mr. Guppy,3332,bleak-house
Carboy,Kenge,3332,bleak-house
Carboy,Miss Summerson,3332,bleak-house
Carboy,Mr. Jarndyce,3332,bleak-house
Miss Summerson,Mr. Guppy,3332,bleak-house
Miss Summerson,Kenge,3332,bleak-house
Miss Summerson,Carboy,3332,bleak-house
Miss Summerson,Mr. Jarndyce,3332,bleak-house
Mr. Jarndyce,Mr. Guppy,3332,bleak-house
Mr. Jarndyce,Kenge,3332,bleak-house
Mr. Jarndyce,Carboy,3332,bleak-house
Mr. Jarndyce,Miss Summerson,3332,bleak-house
Mr. Guppy,Barbary,3338,bleak-house
Mr. Guppy,Esther Summerson,3338,bleak-house
Mr. Guppy,Esther Hawdon,3338,bleak-house
Barbary,Mr. Guppy,3338,bleak-house
Barbary,Esther Summerson,3338,bleak-house
Barbary,Esther Hawdon,3338,bleak-house
Esther Summerson,Mr. Guppy,3338,bleak-house
Esther Summerson,Barbary,3338,bleak-house
Esther Summerson,Esther Hawdon,3338,bleak-house
Esther Hawdon,Mr. Guppy,3338,bleak-house
Esther Hawdon,Barbary,3338,bleak-house
Esther Hawdon,Esther Summerson,3338,bleak-house
Mr.,Lady Dedlock,3340,bleak-house
Lady Dedlock,Mr.,3340,bleak-house
Mr. Guppy,Krook,3345,bleak-house
Mr. Guppy,Chancery Lane,3345,bleak-house
Mr. Guppy,Hawdon,3345,bleak-house
Krook,Mr. Guppy,3345,bleak-house
Krook,Chancery Lane,3345,bleak-house
Krook,Hawdon,3345,bleak-house
Chancery Lane,Mr. Guppy,3345,bleak-house
Chancery Lane,Krook,3345,bleak-house
Chancery Lane,Hawdon,3345,bleak-house
Hawdon,Mr. Guppy,3345,bleak-house
Hawdon,Krook,3345,bleak-house
Hawdon,Chancery Lane,3345,bleak-house
Mr. Guppy,Miss Barbary,3355,bleak-house
Mr. Guppy,Miss Summerson,3355,bleak-house
Miss Barbary,Mr. Guppy,3355,bleak-house
Miss Barbary,Miss Summerson,3355,bleak-house
Miss Summerson,Mr. Guppy,3355,bleak-house
Miss Summerson,Miss Barbary,3355,bleak-house
Esther,Narrative,3369,bleak-house
Narrative,Esther,3369,bleak-house
Richard,Bayham Badger,3370,bleak-house
Richard,Allan,3370,bleak-house
Richard,Bleak House,3370,bleak-house
Bayham Badger,Richard,3370,bleak-house
Bayham Badger,Allan,3370,bleak-house
Bayham Badger,Bleak House,3370,bleak-house
Allan,Richard,3370,bleak-house
Allan,Bayham Badger,3370,bleak-house
Allan,Bleak House,3370,bleak-house
Bleak House,Richard,3370,bleak-house
Bleak House,Bayham Badger,3370,bleak-house
Bleak House,Allan,3370,bleak-house
Mr. Woodcourt,Miss Flite,3386,bleak-house
Miss Flite,Mr. Woodcourt,3386,bleak-house
Woodcourt,Caddy Jellyby,3407,bleak-house
Woodcourt,Caddy,3407,bleak-house
Caddy Jellyby,Woodcourt,3407,bleak-house
Caddy Jellyby,Caddy,3407,bleak-house
Caddy,Woodcourt,3407,bleak-house
Caddy,Caddy Jellyby,3407,bleak-house
Caddy,Ada,3408,bleak-house
Caddy,Ada,3408,bleak-house
Ada,Caddy,3408,bleak-house
Ada,Caddy,3408,bleak-house
Ada,Caddy,3408,bleak-house
Caddy,Ada,3408,bleak-house
Caddy,Mr. Turveydrop,3410,bleak-house
Caddy,Mr. Jellyby,3410,bleak-house
Caddy,Mr. Turveydrop,3410,bleak-house
Caddy,Mr. Turveydrop,3410,bleak-house
Mr. Turveydrop,Caddy,3410,bleak-house
Mr. Turveydrop,Mr. Jellyby,3410,bleak-house
Mr. Jellyby,Caddy,3410,bleak-house
Mr. Jellyby,Mr. Turveydrop,3410,bleak-house
Mr. Jellyby,Mr. Turveydrop,3410,bleak-house
Mr. Jellyby,Mr. Turveydrop,3410,bleak-house
Mr. Turveydrop,Caddy,3410,bleak-house
Mr. Turveydrop,Mr. Jellyby,3410,bleak-house
Mr. Turveydrop,Caddy,3410,bleak-house
Mr. Turveydrop,Mr. Jellyby,3410,bleak-house
Poor Pa,Caddy,3412,bleak-house
Poor Pa,Ma,3412,bleak-house
Caddy,Poor Pa,3412,bleak-house
Caddy,Ma,3412,bleak-house
Ma,Poor Pa,3412,bleak-house
Ma,Caddy,3412,bleak-house
Caddy,Pa,3416,bleak-house
Pa,Caddy,3416,bleak-house
Ada,Mr. Jellyby,3417,bleak-house
Mr. Jellyby,Ada,3417,bleak-house
Caddy,Ma,3418,bleak-house
Caddy,Ma,3418,bleak-house
Ma,Caddy,3418,bleak-house
Ma,Caddy,3418,bleak-house
Caddy,Jellyby,3419,bleak-house
Jellyby,Caddy,3419,bleak-house
Esther,Caddy,3420,bleak-house
Esther,Caddy,3420,bleak-house
Esther,Caddy,3420,bleak-house
Caddy,Esther,3420,bleak-house
Caddy,Esther,3420,bleak-house
Caddy,Esther,3420,bleak-house
Caddy,Ada,3423,bleak-house
Caddy,Mr. Jellyby,3423,bleak-house
Ada,Caddy,3423,bleak-house
Ada,Caddy,3423,bleak-house
Ada,Mr. Jellyby,3423,bleak-house
Ada,Caddy,3423,bleak-house
Caddy,Ada,3423,bleak-house
Caddy,Mr. Jellyby,3423,bleak-house
Mr. Jellyby,Caddy,3423,bleak-house
Mr. Jellyby,Ada,3423,bleak-house
Mr. Jellyby,Caddy,3423,bleak-house
Mr. Jellyby,Caddy,3423,bleak-house
Caddy,Ada,3423,bleak-house
Caddy,Mr. Jellyby,3423,bleak-house
Caddy,Caddy Jellyby,3425,bleak-house
Caddy Jellyby,Caddy,3425,bleak-house
Charley,Ada,3426,bleak-house
Charley,Caddy,3426,bleak-house
Charley,Ada,3426,bleak-house
Ada,Charley,3426,bleak-house
Ada,Caddy,3426,bleak-house
Ada,Charley,3426,bleak-house
Caddy,Charley,3426,bleak-house
Caddy,Ada,3426,bleak-house
Caddy,Ada,3426,bleak-house
Caddy,Charley,3426,bleak-house
Ada,Charley,3426,bleak-house
Ada,Caddy,3426,bleak-house
Ada,Charley,3426,bleak-house
Charley,Ada,3426,bleak-house
Charley,Caddy,3426,bleak-house
Charley,Ada,3426,bleak-house
Caddy,Mr. Turveydrop,3427,bleak-house
Mr. Turveydrop,Caddy,3427,bleak-house
Jellyby,Mr. Jellyby,3428,bleak-house
Jellyby,Hatton Garden,3428,bleak-house
Mr. Jellyby,Jellyby,3428,bleak-house
Mr. Jellyby,Hatton Garden,3428,bleak-house
Hatton Garden,Jellyby,3428,bleak-house
Hatton Garden,Mr. Jellyby,3428,bleak-house
Jellyby,Paul,3439,bleak-house
Jellyby,Saint Peter,3439,bleak-house
Jellyby,Caddy,3439,bleak-house
Paul,Jellyby,3439,bleak-house
Paul,Saint Peter,3439,bleak-house
Paul,Caddy,3439,bleak-house
Saint Peter,Jellyby,3439,bleak-house
Saint Peter,Paul,3439,bleak-house
Saint Peter,Caddy,3439,bleak-house
Caddy,Jellyby,3439,bleak-house
Caddy,Paul,3439,bleak-house
Caddy,Saint Peter,3439,bleak-house
Poor,Mr. Jellyby,3440,bleak-house
Poor,Caddy,3440,bleak-house
Poor,Jellyby,3440,bleak-house
Poor,Jellyby,3440,bleak-house
Mr. Jellyby,Poor,3440,bleak-house
Mr. Jellyby,Caddy,3440,bleak-house
Mr. Jellyby,Jellyby,3440,bleak-house
Mr. Jellyby,Jellyby,3440,bleak-house
Caddy,Poor,3440,bleak-house
Caddy,Mr. Jellyby,3440,bleak-house
Caddy,Jellyby,3440,bleak-house
Caddy,Jellyby,3440,bleak-house
Jellyby,Poor,3440,bleak-house
Jellyby,Mr. Jellyby,3440,bleak-house
Jellyby,Caddy,3440,bleak-house
Jellyby,Poor,3440,bleak-house
Jellyby,Mr. Jellyby,3440,bleak-house
Jellyby,Caddy,3440,bleak-house
Poor Pa,Caddy,3441,bleak-house
Poor Pa,Esther,3441,bleak-house
Caddy,Poor Pa,3441,bleak-house
Caddy,Esther,3441,bleak-house
Esther,Poor Pa,3441,bleak-house
Esther,Caddy,3441,bleak-house
Mr.,Jellyby,3442,bleak-house
Jellyby,Mr.,3442,bleak-house
Richard,Mr. Jellyby,3449,bleak-house
Mr. Jellyby,Richard,3449,bleak-house
Don,Caddy,3450,bleak-house
Caddy,Don,3450,bleak-house
Mr.,Jellyby,3452,bleak-house
Jellyby,Mr.,3452,bleak-house
Peepy,Caddy,3455,bleak-house
Peepy,Mr. Turveydrop,3455,bleak-house
Peepy,Caddy,3455,bleak-house
Peepy,Mr. Turveydrop,3455,bleak-house
Peepy,Mr. Jarndyce,3455,bleak-house
Caddy,Peepy,3455,bleak-house
Caddy,Peepy,3455,bleak-house
Caddy,Mr. Turveydrop,3455,bleak-house
Caddy,Mr. Turveydrop,3455,bleak-house
Caddy,Mr. Jarndyce,3455,bleak-house
Peepy,Caddy,3455,bleak-house
Peepy,Mr. Turveydrop,3455,bleak-house
Peepy,Caddy,3455,bleak-house
Peepy,Mr. Turveydrop,3455,bleak-house
Peepy,Mr. Jarndyce,3455,bleak-house
Mr. Turveydrop,Peepy,3455,bleak-house
Mr. Turveydrop,Caddy,3455,bleak-house
Mr. Turveydrop,Peepy,3455,bleak-house
Mr. Turveydrop,Caddy,3455,bleak-house
Mr. Turveydrop,Mr. Jarndyce,3455,bleak-house
Caddy,Peepy,3455,bleak-house
Caddy,Peepy,3455,bleak-house
Caddy,Mr. Turveydrop,3455,bleak-house
Caddy,Mr. Turveydrop,3455,bleak-house
Caddy,Mr. Jarndyce,3455,bleak-house
Mr. Turveydrop,Peepy,3455,bleak-house
Mr. Turveydrop,Caddy,3455,bleak-house
Mr. Turveydrop,Peepy,3455,bleak-house
Mr. Turveydrop,Caddy,3455,bleak-house
Mr. Turveydrop,Mr. Jarndyce,3455,bleak-house
Mr. Jarndyce,Peepy,3455,bleak-house
Mr. Jarndyce,Caddy,3455,bleak-house
Mr. Jarndyce,Peepy,3455,bleak-house
Mr. Jarndyce,Mr. Turveydrop,3455,bleak-house
Mr. Jarndyce,Caddy,3455,bleak-house
Mr. Jarndyce,Mr. Turveydrop,3455,bleak-house
Mr.,Pardiggle,3456,bleak-house
Mr.,Mr. Quale,3456,bleak-house
Mr.,Miss Wisk,3456,bleak-house
Mr.,Jellyby,3456,bleak-house
Mr.,Caddy,3456,bleak-house
Pardiggle,Mr.,3456,bleak-house
Pardiggle,Mr. Quale,3456,bleak-house
Pardiggle,Miss Wisk,3456,bleak-house
Pardiggle,Jellyby,3456,bleak-house
Pardiggle,Caddy,3456,bleak-house
Mr. Quale,Mr.,3456,bleak-house
Mr. Quale,Pardiggle,3456,bleak-house
Mr. Quale,Miss Wisk,3456,bleak-house
Mr. Quale,Jellyby,3456,bleak-house
Mr. Quale,Caddy,3456,bleak-house
Miss Wisk,Mr.,3456,bleak-house
Miss Wisk,Pardiggle,3456,bleak-house
Miss Wisk,Mr. Quale,3456,bleak-house
Miss Wisk,Jellyby,3456,bleak-house
Miss Wisk,Caddy,3456,bleak-house
Jellyby,Mr.,3456,bleak-house
Jellyby,Pardiggle,3456,bleak-house
Jellyby,Mr. Quale,3456,bleak-house
Jellyby,Miss Wisk,3456,bleak-house
Jellyby,Caddy,3456,bleak-house
Caddy,Mr.,3456,bleak-house
Caddy,Pardiggle,3456,bleak-house
Caddy,Mr. Quale,3456,bleak-house
Caddy,Miss Wisk,3456,bleak-house
Caddy,Jellyby,3456,bleak-house
Miss Wisk,Mr. Quale,3457,bleak-house
Mr. Quale,Miss Wisk,3457,bleak-house
Mr. Quale,Miss Wisk,3457,bleak-house
Miss Wisk,Mr. Quale,3457,bleak-house
Caddy,Mr. Jellyby,3458,bleak-house
Caddy,Mr. Turveydrop,3458,bleak-house
Caddy,Miss Wisk,3458,bleak-house
Mr. Jellyby,Caddy,3458,bleak-house
Mr. Jellyby,Mr. Turveydrop,3458,bleak-house
Mr. Jellyby,Miss Wisk,3458,bleak-house
Mr. Turveydrop,Caddy,3458,bleak-house
Mr. Turveydrop,Mr. Jellyby,3458,bleak-house
Mr. Turveydrop,Miss Wisk,3458,bleak-house
Miss Wisk,Caddy,3458,bleak-house
Miss Wisk,Mr. Jellyby,3458,bleak-house
Miss Wisk,Mr. Turveydrop,3458,bleak-house
Jellyby,Mr. Jellyby,3459,bleak-house
Jellyby,Caddy,3459,bleak-house
Jellyby,Peepy,3459,bleak-house
Mr. Jellyby,Jellyby,3459,bleak-house
Mr. Jellyby,Caddy,3459,bleak-house
Mr. Jellyby,Peepy,3459,bleak-house
Caddy,Jellyby,3459,bleak-house
Caddy,Mr. Jellyby,3459,bleak-house
Caddy,Peepy,3459,bleak-house
Peepy,Jellyby,3459,bleak-house
Peepy,Mr. Jellyby,3459,bleak-house
Peepy,Caddy,3459,bleak-house
Mr.,Mr. Thurveydrop,3460,bleak-house
Mr. Thurveydrop,Mr.,3460,bleak-house
Mr. Turveydrop,Caddy,3474,bleak-house
Caddy,Mr. Turveydrop,3474,bleak-house
Mr. Turveydrop,Caroline,3479,bleak-house
Mr. Turveydrop,Caroline,3479,bleak-house
Caroline,Mr. Turveydrop,3479,bleak-house
Caroline,Mr. Turveydrop,3479,bleak-house
Mr. Turveydrop,Ada,3480,bleak-house
Mr. Turveydrop,Mr. Jellyby,3480,bleak-house
Mr. Turveydrop,Pray,3480,bleak-house
Ada,Mr. Turveydrop,3480,bleak-house
Ada,Mr. Jellyby,3480,bleak-house
Ada,Pray,3480,bleak-house
Mr. Jellyby,Mr. Turveydrop,3480,bleak-house
Mr. Jellyby,Ada,3480,bleak-house
Mr. Jellyby,Pray,3480,bleak-house
Pray,Mr. Turveydrop,3480,bleak-house
Pray,Ada,3480,bleak-house
Pray,Mr. Jellyby,3480,bleak-house
Somebody,Dame Durden,3487,bleak-house
Dame Durden,Somebody,3487,bleak-house
Charley,Writing,3491,bleak-house
Writing,Charley,3491,bleak-house
Writing,Charley,3491,bleak-house
Writing,Charley,3491,bleak-house
Writing,Charley,3491,bleak-house
Charley,Writing,3491,bleak-house
Charley,Writing,3491,bleak-house
Charley,Writing,3491,bleak-house
Charley,Really,3506,bleak-house
Really,Charley,3506,bleak-house
Really,Charley,3506,bleak-house
Really,Charley,3506,bleak-house
Charley,Really,3506,bleak-house
Charley,Really,3506,bleak-house
Charley,Tom,3509,bleak-house
Charley,Emma,3509,bleak-house
Charley,Tom,3509,bleak-house
Charley,Emma,3509,bleak-house
Tom,Charley,3509,bleak-house
Tom,Charley,3509,bleak-house
Tom,Emma,3509,bleak-house
Tom,Charley,3509,bleak-house
Emma,Charley,3509,bleak-house
Emma,Charley,3509,bleak-house
Emma,Tom,3509,bleak-house
Emma,Charley,3509,bleak-house
Charley,Tom,3509,bleak-house
Charley,Emma,3509,bleak-house
Charley,Jenny,3512,bleak-house
Jenny,Charley,3512,bleak-house
None,Towards London,3514,bleak-house
Towards London,None,3514,bleak-house
Hadn,Jo,3534,bleak-house
Jo,Hadn,3534,bleak-house
Liz,Hark,3543,bleak-house
Hark,Liz,3543,bleak-house
Hark,Liz,3543,bleak-house
Liz,Hark,3543,bleak-house
Charley,Tom,3544,bleak-house
Charley,Emma,3544,bleak-house
Tom,Charley,3544,bleak-house
Tom,Emma,3544,bleak-house
Emma,Charley,3544,bleak-house
Emma,Tom,3544,bleak-house
Charley,Jenny,3546,bleak-house
Jenny,Charley,3546,bleak-house
Charley,Jo,3547,bleak-house
Charley,Jo,3547,bleak-house
Jo,Charley,3547,bleak-house
Jo,Charley,3547,bleak-house
Mr.,Skimpole,3561,bleak-house
Skimpole,Mr.,3561,bleak-house
Mr. Skimpole,Miss Summerson,3572,bleak-house
Miss Summerson,Mr. Skimpole,3572,bleak-house
Jarndyce,Mr. Skimpole,3577,bleak-house
Jarndyce,Miss Summerson,3577,bleak-house
Mr. Skimpole,Jarndyce,3577,bleak-house
Mr. Skimpole,Miss Summerson,3577,bleak-house
Miss Summerson,Jarndyce,3577,bleak-house
Miss Summerson,Mr. Skimpole,3577,bleak-house
Lord Mayor,Harold Skimpole,3584,bleak-house
Lord Mayor,Harold Skimpole,3584,bleak-house
Harold Skimpole,Lord Mayor,3584,bleak-house
Harold Skimpole,Lord Mayor,3584,bleak-house
Charley,Tom,3604,bleak-house
Charley,Emma,3604,bleak-house
Charley,Tom,3604,bleak-house
Charley,Tom,3604,bleak-house
Charley,Tom,3604,bleak-house
Tom,Charley,3604,bleak-house
Tom,Emma,3604,bleak-house
Tom,Charley,3604,bleak-house
Tom,Charley,3604,bleak-house
Emma,Charley,3604,bleak-house
Emma,Tom,3604,bleak-house
Emma,Tom,3604,bleak-house
Emma,Charley,3604,bleak-house
Emma,Charley,3604,bleak-house
Emma,Tom,3604,bleak-house
Emma,Tom,3604,bleak-house
Tom,Charley,3604,bleak-house
Tom,Emma,3604,bleak-house
Tom,Charley,3604,bleak-house
Tom,Charley,3604,bleak-house
Charley,Tom,3604,bleak-house
Charley,Emma,3604,bleak-house
Charley,Tom,3604,bleak-house
Charley,Tom,3604,bleak-house
Charley,Tom,3604,bleak-house
Charley,Tom,3604,bleak-house
Charley,Emma,3604,bleak-house
Charley,Tom,3604,bleak-house
Charley,Tom,3604,bleak-house
Charley,Tom,3604,bleak-house
Tom,Charley,3604,bleak-house
Tom,Emma,3604,bleak-house
Tom,Charley,3604,bleak-house
Tom,Charley,3604,bleak-house
Tom,Charley,3604,bleak-house
Tom,Emma,3604,bleak-house
Tom,Charley,3604,bleak-house
Tom,Charley,3604,bleak-house
Ada,Charley,3607,bleak-house
Charley,Ada,3607,bleak-house
Strong,Charley,3612,bleak-house
Charley,Strong,3612,bleak-house
Miss Ada,Charley,3619,bleak-house
Miss Ada,Charley,3619,bleak-house
Charley,Miss Ada,3619,bleak-house
Charley,Miss Ada,3619,bleak-house
Chancery Lane,Piper,3635,bleak-house
Chancery Lane,Mr. Krook,3635,bleak-house
Chancery Lane,Mr. Krook,3635,bleak-house
Chancery Lane,Arms,3635,bleak-house
Chancery Lane,Little Swills,3635,bleak-house
Chancery Lane,Yorick,3635,bleak-house
Chancery Lane,Listen,3635,bleak-house
Chancery Lane,Miss M. Melvilleson,3635,bleak-house
Chancery Lane,Arms,3635,bleak-house
Chancery Lane,Sooner,3635,bleak-house
Chancery Lane,Perkins,3635,bleak-house
Piper,Chancery Lane,3635,bleak-house
Piper,Mr. Krook,3635,bleak-house
Piper,Mr. Krook,3635,bleak-house
Piper,Arms,3635,bleak-house
Piper,Little Swills,3635,bleak-house
Piper,Yorick,3635,bleak-house
Piper,Listen,3635,bleak-house
Piper,Miss M. Melvilleson,3635,bleak-house
Piper,Arms,3635,bleak-house
Piper,Sooner,3635,bleak-house
Piper,Perkins,3635,bleak-house
Mr. Krook,Chancery Lane,3635,bleak-house
Mr. Krook,Piper,3635,bleak-house
Mr. Krook,Arms,3635,bleak-house
Mr. Krook,Little Swills,3635,bleak-house
Mr. Krook,Yorick,3635,bleak-house
Mr. Krook,Listen,3635,bleak-house
Mr. Krook,Miss M. Melvilleson,3635,bleak-house
Mr. Krook,Arms,3635,bleak-house
Mr. Krook,Sooner,3635,bleak-house
Mr. Krook,Perkins,3635,bleak-house
Mr. Krook,Chancery Lane,3635,bleak-house
Mr. Krook,Piper,3635,bleak-house
Mr. Krook,Arms,3635,bleak-house
Mr. Krook,Little Swills,3635,bleak-house
Mr. Krook,Yorick,3635,bleak-house
Mr. Krook,Listen,3635,bleak-house
Mr. Krook,Miss M. Melvilleson,3635,bleak-house
Mr. Krook,Arms,3635,bleak-house
Mr. Krook,Sooner,3635,bleak-house
Mr. Krook,Perkins,3635,bleak-house
Arms,Chancery Lane,3635,bleak-house
Arms,Piper,3635,bleak-house
Arms,Mr. Krook,3635,bleak-house
Arms,Mr. Krook,3635,bleak-house
Arms,Little Swills,3635,bleak-house
Arms,Yorick,3635,bleak-house
Arms,Listen,3635,bleak-house
Arms,Miss M. Melvilleson,3635,bleak-house
Arms,Sooner,3635,bleak-house
Arms,Perkins,3635,bleak-house
Little Swills,Chancery Lane,3635,bleak-house
Little Swills,Piper,3635,bleak-house
Little Swills,Mr. Krook,3635,bleak-house
Little Swills,Mr. Krook,3635,bleak-house
Little Swills,Arms,3635,bleak-house
Little Swills,Yorick,3635,bleak-house
Little Swills,Listen,3635,bleak-house
Little Swills,Miss M. Melvilleson,3635,bleak-house
Little Swills,Arms,3635,bleak-house
Little Swills,Sooner,3635,bleak-house
Little Swills,Perkins,3635,bleak-house
Yorick,Chancery Lane,3635,bleak-house
Yorick,Piper,3635,bleak-house
Yorick,Mr. Krook,3635,bleak-house
Yorick,Mr. Krook,3635,bleak-house
Yorick,Arms,3635,bleak-house
Yorick,Little Swills,3635,bleak-house
Yorick,Listen,3635,bleak-house
Yorick,Miss M. Melvilleson,3635,bleak-house
Yorick,Arms,3635,bleak-house
Yorick,Sooner,3635,bleak-house
Yorick,Perkins,3635,bleak-house
Listen,Chancery Lane,3635,bleak-house
Listen,Piper,3635,bleak-house
Listen,Mr. Krook,3635,bleak-house
Listen,Mr. Krook,3635,bleak-house
Listen,Arms,3635,bleak-house
Listen,Little Swills,3635,bleak-house
Listen,Yorick,3635,bleak-house
Listen,Miss M. Melvilleson,3635,bleak-house
Listen,Arms,3635,bleak-house
Listen,Sooner,3635,bleak-house
Listen,Perkins,3635,bleak-house
Miss M. Melvilleson,Chancery Lane,3635,bleak-house
Miss M. Melvilleson,Piper,3635,bleak-house
Miss M. Melvilleson,Mr. Krook,3635,bleak-house
Miss M. Melvilleson,Mr. Krook,3635,bleak-house
Miss M. Melvilleson,Arms,3635,bleak-house
Miss M. Melvilleson,Little Swills,3635,bleak-house
Miss M. Melvilleson,Yorick,3635,bleak-house
Miss M. Melvilleson,Listen,3635,bleak-house
Miss M. Melvilleson,Arms,3635,bleak-house
Miss M. Melvilleson,Sooner,3635,bleak-house
Miss M. Melvilleson,Perkins,3635,bleak-house
Arms,Chancery Lane,3635,bleak-house
Arms,Piper,3635,bleak-house
Arms,Mr. Krook,3635,bleak-house
Arms,Mr. Krook,3635,bleak-house
Arms,Little Swills,3635,bleak-house
Arms,Yorick,3635,bleak-house
Arms,Listen,3635,bleak-house
Arms,Miss M. Melvilleson,3635,bleak-house
Arms,Sooner,3635,bleak-house
Arms,Perkins,3635,bleak-house
Sooner,Chancery Lane,3635,bleak-house
Sooner,Piper,3635,bleak-house
Sooner,Mr. Krook,3635,bleak-house
Sooner,Mr. Krook,3635,bleak-house
Sooner,Arms,3635,bleak-house
Sooner,Little Swills,3635,bleak-house
Sooner,Yorick,3635,bleak-house
Sooner,Listen,3635,bleak-house
Sooner,Miss M. Melvilleson,3635,bleak-house
Sooner,Arms,3635,bleak-house
Sooner,Perkins,3635,bleak-house
Perkins,Chancery Lane,3635,bleak-house
Perkins,Piper,3635,bleak-house
Perkins,Mr. Krook,3635,bleak-house
Perkins,Mr. Krook,3635,bleak-house
Perkins,Arms,3635,bleak-house
Perkins,Little Swills,3635,bleak-house
Perkins,Yorick,3635,bleak-house
Perkins,Listen,3635,bleak-house
Perkins,Miss M. Melvilleson,3635,bleak-house
Perkins,Arms,3635,bleak-house
Perkins,Sooner,3635,bleak-house
Weevle,Mr. Snagsby,3639,bleak-house
Mr. Snagsby,Weevle,3639,bleak-house
Don,Mr. Snagsby,3642,bleak-house
Don,Mr. Weevle,3642,bleak-house
Mr. Snagsby,Don,3642,bleak-house
Mr. Snagsby,Mr. Weevle,3642,bleak-house
Mr. Weevle,Don,3642,bleak-house
Mr. Weevle,Mr. Snagsby,3642,bleak-house
Mr. Weevle,Arms,3643,bleak-house
Arms,Mr. Weevle,3643,bleak-house
Chops,Mr. Snagsby,3644,bleak-house
Chops,Mr. Snagsby,3644,bleak-house
Mr. Snagsby,Chops,3644,bleak-house
Mr. Snagsby,Chops,3644,bleak-house
George,Mr. Weevle,3647,bleak-house
Mr. Weevle,George,3647,bleak-house
Mr. Snagsby,Krook,3650,bleak-house
Krook,Mr. Snagsby,3650,bleak-house
Mr.,Weevle,3653,bleak-house
Mr.,Mr. Snagsby,3653,bleak-house
Weevle,Mr.,3653,bleak-house
Weevle,Mr. Snagsby,3653,bleak-house
Mr. Snagsby,Mr.,3653,bleak-house
Mr. Snagsby,Weevle,3653,bleak-house
Which,Mr. Snagsby,3658,bleak-house
Which,Mr. Weevle,3658,bleak-house
Which,Mr. Snagsby,3658,bleak-house
Mr. Snagsby,Which,3658,bleak-house
Mr. Snagsby,Mr. Weevle,3658,bleak-house
Mr. Weevle,Which,3658,bleak-house
Mr. Weevle,Mr. Snagsby,3658,bleak-house
Mr. Weevle,Mr. Snagsby,3658,bleak-house
Mr. Snagsby,Which,3658,bleak-house
Mr. Snagsby,Mr. Weevle,3658,bleak-house
Mr. Weevle,Snagsby,3662,bleak-house
Snagsby,Mr. Weevle,3662,bleak-house
Mr. Snagsby,Arms,3663,bleak-house
Mr. Snagsby,Mr. Weevle,3663,bleak-house
Arms,Mr. Snagsby,3663,bleak-house
Arms,Mr. Weevle,3663,bleak-house
Mr. Weevle,Mr. Snagsby,3663,bleak-house
Mr. Weevle,Arms,3663,bleak-house
Mr. Weevle,Mr. Guppy,3665,bleak-house
Mr. Weevle,Mr. Guppy,3665,bleak-house
Mr. Guppy,Mr. Weevle,3665,bleak-house
Mr. Guppy,Mr. Weevle,3665,bleak-house
Jericho,Tony,3666,bleak-house
Tony,Jericho,3666,bleak-house
Tony,Mr. Guppy,3673,bleak-house
Mr. Guppy,Tony,3673,bleak-house
William Guppy,Mr. Weevle,3674,bleak-house
William Guppy,Mr. Guppy,3674,bleak-house
Mr. Weevle,William Guppy,3674,bleak-house
Mr. Weevle,Mr. Guppy,3674,bleak-house
Mr. Guppy,William Guppy,3674,bleak-house
Mr. Guppy,Mr. Weevle,3674,bleak-house
Snagsby,Tony,3675,bleak-house
Tony,Snagsby,3675,bleak-house
Snagsby,Mr. Weevle,3676,bleak-house
Mr. Weevle,Snagsby,3676,bleak-house
Snagsby,Mr. Guppy,3679,bleak-house
Mr. Guppy,Snagsby,3679,bleak-house
William G.,Tony,3680,bleak-house
William G.,George,3680,bleak-house
Tony,William G.,3680,bleak-house
Tony,George,3680,bleak-house
George,William G.,3680,bleak-house
George,Tony,3680,bleak-house
Mr.,Lady Dedlock,3681,bleak-house
Lady Dedlock,Mr.,3681,bleak-house
Lady Dedlock,Mr. Guppy,3682,bleak-house
Mr. Guppy,Lady Dedlock,3682,bleak-house
William Guppy,Mr. Weevle,3686,bleak-house
Mr. Weevle,William Guppy,3686,bleak-house
Sir,Mr. William Guppy,3687,bleak-house
Mr. William Guppy,Sir,3687,bleak-house
Mr.,Mr. William Guppy,3688,bleak-house
Mr.,Mr. William Guppy,3688,bleak-house
Mr. William Guppy,Mr.,3688,bleak-house
Mr. William Guppy,Mr.,3688,bleak-house
Tony,William Guppy,3690,bleak-house
Tony,Mr. Guppy,3690,bleak-house
William Guppy,Tony,3690,bleak-house
William Guppy,Mr. Guppy,3690,bleak-house
William Guppy,Tony,3690,bleak-house
Mr. Guppy,Tony,3690,bleak-house
Mr. Guppy,William Guppy,3690,bleak-house
Mr. Guppy,Tony,3690,bleak-house
Tony,William Guppy,3690,bleak-house
Tony,Mr. Guppy,3690,bleak-house
Tony,Isn,3691,bleak-house
Isn,Tony,3691,bleak-house
Bibo,Charon,3695,bleak-house
Charon,Bibo,3695,bleak-house
Charon,Bibo,3695,bleak-house
Bibo,Charon,3695,bleak-house
Tony,Mr. Guppy,3698,bleak-house
Mr. Guppy,Tony,3698,bleak-house
Tony,Mr. Guppy,3700,bleak-house
Mr. Guppy,Tony,3700,bleak-house
Tony,Mr. Guppy,3702,bleak-house
Mr. Guppy,Tony,3702,bleak-house
Mr.,Guppy,3704,bleak-house
Guppy,Mr.,3704,bleak-house
Mr. Guppy,See,3707,bleak-house
See,Mr. Guppy,3707,bleak-house
Tony,Mr. Snagsby,3708,bleak-house
Tony,Arms,3708,bleak-house
Mr. Snagsby,Tony,3708,bleak-house
Mr. Snagsby,Arms,3708,bleak-house
Arms,Tony,3708,bleak-house
Arms,Mr. Snagsby,3708,bleak-house
Tony,William Guppy,3710,bleak-house
Tony,Boguey,3710,bleak-house
William Guppy,Tony,3710,bleak-house
William Guppy,Boguey,3710,bleak-house
Boguey,Tony,3710,bleak-house
Boguey,William Guppy,3710,bleak-house
Tony,Mr. Guppy,3712,bleak-house
Mr. Guppy,Tony,3712,bleak-house
Tony,Mr. Guppy,3715,bleak-house
Mr. Guppy,Tony,3715,bleak-house
Tony,William Guppy,3720,bleak-house
William Guppy,Tony,3720,bleak-house
Mr.,Lady Dedlock,3726,bleak-house
Lady Dedlock,Mr.,3726,bleak-house
Saint Paul,Listen,3727,bleak-house
Listen,Saint Paul,3727,bleak-house
Tony,Mr. Guppy,3729,bleak-house
Mr. Guppy,Tony,3729,bleak-house
Tony,Mr. Guppy,3733,bleak-house
Mr. Guppy,Tony,3733,bleak-house
Mr. Guppy,Mr. Weevle,3735,bleak-house
Mr. Weevle,Mr. Guppy,3735,bleak-house
Mr. Weevle,Mr. Guppy,3735,bleak-house
Mr. Guppy,Mr. Weevle,3735,bleak-house
Mr. Guppy,Tony,3753,bleak-house
Tony,Mr. Guppy,3753,bleak-house
Chancery Lane,Krook,3770,bleak-house
Chancery Lane,Arms,3770,bleak-house
Chancery Lane,Mr. James George Bogsby,3770,bleak-house
Chancery Lane,Mr. Swills,3770,bleak-house
Chancery Lane,Mr. J.,3770,bleak-house
Chancery Lane,Miss M. Melvilleson,3770,bleak-house
Chancery Lane,Mr. J.,3770,bleak-house
Chancery Lane,Arms,3770,bleak-house
Chancery Lane,Mr. Bogsby,3770,bleak-house
Chancery Lane,Mr. Swills,3770,bleak-house
Chancery Lane,Mr. Swills,3770,bleak-house
Chancery Lane,Arms,3770,bleak-house
Krook,Chancery Lane,3770,bleak-house
Krook,Arms,3770,bleak-house
Krook,Mr. James George Bogsby,3770,bleak-house
Krook,Mr. Swills,3770,bleak-house
Krook,Mr. J.,3770,bleak-house
Krook,Miss M. Melvilleson,3770,bleak-house
Krook,Mr. J.,3770,bleak-house
Krook,Arms,3770,bleak-house
Krook,Mr. Bogsby,3770,bleak-house
Krook,Mr. Swills,3770,bleak-house
Krook,Mr. Swills,3770,bleak-house
Krook,Arms,3770,bleak-house
Arms,Chancery Lane,3770,bleak-house
Arms,Krook,3770,bleak-house
Arms,Mr. James George Bogsby,3770,bleak-house
Arms,Mr. Swills,3770,bleak-house
Arms,Mr. J.,3770,bleak-house
Arms,Miss M. Melvilleson,3770,bleak-house
Arms,Mr. J.,3770,bleak-house
Arms,Mr. Bogsby,3770,bleak-house
Arms,Mr. Swills,3770,bleak-house
Arms,Mr. Swills,3770,bleak-house
Mr. James George Bogsby,Chancery Lane,3770,bleak-house
Mr. James George Bogsby,Krook,3770,bleak-house
Mr. James George Bogsby,Arms,3770,bleak-house
Mr. James George Bogsby,Mr. Swills,3770,bleak-house
Mr. James George Bogsby,Mr. J.,3770,bleak-house
Mr. James George Bogsby,Miss M. Melvilleson,3770,bleak-house
Mr. James George Bogsby,Mr. J.,3770,bleak-house
Mr. James George Bogsby,Arms,3770,bleak-house
Mr. James George Bogsby,Mr. Bogsby,3770,bleak-house
Mr. James George Bogsby,Mr. Swills,3770,bleak-house
Mr. James George Bogsby,Mr. Swills,3770,bleak-house
Mr. James George Bogsby,Arms,3770,bleak-house
Mr. Swills,Chancery Lane,3770,bleak-house
Mr. Swills,Krook,3770,bleak-house
Mr. Swills,Arms,3770,bleak-house
Mr. Swills,Mr. James George Bogsby,3770,bleak-house
Mr. Swills,Mr. J.,3770,bleak-house
Mr. Swills,Miss M. Melvilleson,3770,bleak-house
Mr. Swills,Mr. J.,3770,bleak-house
Mr. Swills,Arms,3770,bleak-house
Mr. Swills,Mr. Bogsby,3770,bleak-house
Mr. Swills,Arms,3770,bleak-house
Mr. J.,Chancery Lane,3770,bleak-house
Mr. J.,Krook,3770,bleak-house
Mr. J.,Arms,3770,bleak-house
Mr. J.,Mr. James George Bogsby,3770,bleak-house
Mr. J.,Mr. Swills,3770,bleak-house
Mr. J.,Miss M. Melvilleson,3770,bleak-house
Mr. J.,Arms,3770,bleak-house
Mr. J.,Mr. Bogsby,3770,bleak-house
Mr. J.,Mr. Swills,3770,bleak-house
Mr. J.,Mr. Swills,3770,bleak-house
Mr. J.,Arms,3770,bleak-house
Miss M. Melvilleson,Chancery Lane,3770,bleak-house
Miss M. Melvilleson,Krook,3770,bleak-house
Miss M. Melvilleson,Arms,3770,bleak-house
Miss M. Melvilleson,Mr. James George Bogsby,3770,bleak-house
Miss M. Melvilleson,Mr. Swills,3770,bleak-house
Miss M. Melvilleson,Mr. J.,3770,bleak-house
Miss M. Melvilleson,Mr. J.,3770,bleak-house
Miss M. Melvilleson,Arms,3770,bleak-house
Miss M. Melvilleson,Mr. Bogsby,3770,bleak-house
Miss M. Melvilleson,Mr. Swills,3770,bleak-house
Miss M. Melvilleson,Mr. Swills,3770,bleak-house
Miss M. Melvilleson,Arms,3770,bleak-house
Mr. J.,Chancery Lane,3770,bleak-house
Mr. J.,Krook,3770,bleak-house
Mr. J.,Arms,3770,bleak-house
Mr. J.,Mr. James George Bogsby,3770,bleak-house
Mr. J.,Mr. Swills,3770,bleak-house
Mr. J.,Miss M. Melvilleson,3770,bleak-house
Mr. J.,Arms,3770,bleak-house
Mr. J.,Mr. Bogsby,3770,bleak-house
Mr. J.,Mr. Swills,3770,bleak-house
Mr. J.,Mr. Swills,3770,bleak-house
Mr. J.,Arms,3770,bleak-house
Arms,Chancery Lane,3770,bleak-house
Arms,Krook,3770,bleak-house
Arms,Mr. James George Bogsby,3770,bleak-house
Arms,Mr. Swills,3770,bleak-house
Arms,Mr. J.,3770,bleak-house
Arms,Miss M. Melvilleson,3770,bleak-house
Arms,Mr. J.,3770,bleak-house
Arms,Mr. Bogsby,3770,bleak-house
Arms,Mr. Swills,3770,bleak-house
Arms,Mr. Swills,3770,bleak-house
Mr. Bogsby,Chancery Lane,3770,bleak-house
Mr. Bogsby,Krook,3770,bleak-house
Mr. Bogsby,Arms,3770,bleak-house
Mr. Bogsby,Mr. James George Bogsby,3770,bleak-house
Mr. Bogsby,Mr. Swills,3770,bleak-house
Mr. Bogsby,Mr. J.,3770,bleak-house
Mr. Bogsby,Miss M. Melvilleson,3770,bleak-house
Mr. Bogsby,Mr. J.,3770,bleak-house
Mr. Bogsby,Arms,3770,bleak-house
Mr. Bogsby,Mr. Swills,3770,bleak-house
Mr. Bogsby,Mr. Swills,3770,bleak-house
Mr. Bogsby,Arms,3770,bleak-house
Mr. Swills,Chancery Lane,3770,bleak-house
Mr. Swills,Krook,3770,bleak-house
Mr. Swills,Arms,3770,bleak-house
Mr. Swills,Mr. James George Bogsby,3770,bleak-house
Mr. Swills,Mr. J.,3770,bleak-house
Mr. Swills,Miss M. Melvilleson,3770,bleak-house
Mr. Swills,Mr. J.,3770,bleak-house
Mr. Swills,Arms,3770,bleak-house
Mr. Swills,Mr. Bogsby,3770,bleak-house
Mr. Swills,Arms,3770,bleak-house
Mr. Swills,Chancery Lane,3770,bleak-house
Mr. Swills,Krook,3770,bleak-house
Mr. Swills,Arms,3770,bleak-house
Mr. Swills,Mr. James George Bogsby,3770,bleak-house
Mr. Swills,Mr. J.,3770,bleak-house
Mr. Swills,Miss M. Melvilleson,3770,bleak-house
Mr. Swills,Mr. J.,3770,bleak-house
Mr. Swills,Arms,3770,bleak-house
Mr. Swills,Mr. Bogsby,3770,bleak-house
Mr. Swills,Arms,3770,bleak-house
Arms,Chancery Lane,3770,bleak-house
Arms,Krook,3770,bleak-house
Arms,Mr. James George Bogsby,3770,bleak-house
Arms,Mr. Swills,3770,bleak-house
Arms,Mr. J.,3770,bleak-house
Arms,Miss M. Melvilleson,3770,bleak-house
Arms,Mr. J.,3770,bleak-house
Arms,Mr. Bogsby,3770,bleak-house
Arms,Mr. Swills,3770,bleak-house
Arms,Mr. Swills,3770,bleak-house
Miss Flite,Arms,3771,bleak-house
Miss Flite,Piper,3771,bleak-house
Arms,Miss Flite,3771,bleak-house
Arms,Piper,3771,bleak-house
Piper,Miss Flite,3771,bleak-house
Piper,Arms,3771,bleak-house
Mr.,Mr. Guppy,3772,bleak-house
Mr.,Mr. Bogsby,3772,bleak-house
Mr. Guppy,Mr.,3772,bleak-house
Mr. Guppy,Mr. Bogsby,3772,bleak-house
Mr. Bogsby,Mr.,3772,bleak-house
Mr. Bogsby,Mr. Guppy,3772,bleak-house
Mr. Snagsby,Arms,3782,bleak-house
Mr. Snagsby,Mr. Weevle,3782,bleak-house
Arms,Mr. Snagsby,3782,bleak-house
Arms,Mr. Weevle,3782,bleak-house
Mr. Weevle,Mr. Snagsby,3782,bleak-house
Mr. Weevle,Arms,3782,bleak-house
Mr. Guppy,Mr. Snagsby,3783,bleak-house
Mr. Snagsby,Mr. Guppy,3783,bleak-house
Mr.,Snagsby,3784,bleak-house
Snagsby,Mr.,3784,bleak-house
Mr. Snagsby,Good Lord,3794,bleak-house
Good Lord,Mr. Snagsby,3794,bleak-house
Mr.,Guppy,3804,bleak-house
Mr.,Arms,3804,bleak-house
Guppy,Mr.,3804,bleak-house
Guppy,Arms,3804,bleak-house
Arms,Mr.,3804,bleak-house
Arms,Guppy,3804,bleak-house
Mr.,Mr. Guppy,3805,bleak-house
Mr.,Lincoln,3805,bleak-house
Mr.,Inn,3805,bleak-house
Mr. Guppy,Mr.,3805,bleak-house
Mr. Guppy,Lincoln,3805,bleak-house
Mr. Guppy,Inn,3805,bleak-house
Lincoln,Mr.,3805,bleak-house
Lincoln,Mr. Guppy,3805,bleak-house
Lincoln,Inn,3805,bleak-house
Inn,Mr.,3805,bleak-house
Inn,Mr. Guppy,3805,bleak-house
Inn,Lincoln,3805,bleak-house
Tony,Mr. Guppy,3806,bleak-house
Mr. Guppy,Tony,3806,bleak-house
Mr. Guppy,Mr. Weevle,3808,bleak-house
Mr. Guppy,William,3808,bleak-house
Mr. Guppy,Who,3808,bleak-house
Mr. Guppy,Mr. Jobling,3808,bleak-house
Mr. Guppy,Mr. Jobling,3808,bleak-house
Mr. Guppy,Who,3808,bleak-house
Mr. Guppy,Mr. Jobling,3808,bleak-house
Mr. Guppy,Mr. Jobling,3808,bleak-house
Mr. Weevle,Mr. Guppy,3808,bleak-house
Mr. Weevle,William,3808,bleak-house
Mr. Weevle,Mr. Guppy,3808,bleak-house
Mr. Weevle,Who,3808,bleak-house
Mr. Weevle,Mr. Jobling,3808,bleak-house
Mr. Weevle,Mr. Guppy,3808,bleak-house
Mr. Weevle,Mr. Jobling,3808,bleak-house
Mr. Weevle,Mr. Guppy,3808,bleak-house
Mr. Weevle,Who,3808,bleak-house
Mr. Weevle,Mr. Jobling,3808,bleak-house
Mr. Weevle,Mr. Guppy,3808,bleak-house
Mr. Weevle,Mr. Jobling,3808,bleak-house
William,Mr. Guppy,3808,bleak-house
William,Mr. Weevle,3808,bleak-house
William,Mr. Guppy,3808,bleak-house
William,Who,3808,bleak-house
William,Mr. Jobling,3808,bleak-house
William,Mr. Guppy,3808,bleak-house
William,Mr. Jobling,3808,bleak-house
William,Mr. Guppy,3808,bleak-house
William,Who,3808,bleak-house
William,Mr. Jobling,3808,bleak-house
William,Mr. Guppy,3808,bleak-house
William,Mr. Jobling,3808,bleak-house
Mr. Guppy,Mr. Weevle,3808,bleak-house
Mr. Guppy,William,3808,bleak-house
Mr. Guppy,Who,3808,bleak-house
Mr. Guppy,Mr. Jobling,3808,bleak-house
Mr. Guppy,Mr. Jobling,3808,bleak-house
Mr. Guppy,Who,3808,bleak-house
Mr. Guppy,Mr. Jobling,3808,bleak-house
Mr. Guppy,Mr. Jobling,3808,bleak-house
Who,Mr. Guppy,3808,bleak-house
Who,Mr. Weevle,3808,bleak-house
Who,William,3808,bleak-house
Who,Mr. Guppy,3808,bleak-house
Who,Mr. Jobling,3808,bleak-house
Who,Mr. Guppy,3808,bleak-house
Who,Mr. Jobling,3808,bleak-house
Who,Mr. Guppy,3808,bleak-house
Who,Mr. Jobling,3808,bleak-house
Who,Mr. Guppy,3808,bleak-house
Who,Mr. Jobling,3808,bleak-house
Mr. Jobling,Mr. Guppy,3808,bleak-house
Mr. Jobling,Mr. Weevle,3808,bleak-house
Mr. Jobling,William,3808,bleak-house
Mr. Jobling,Mr. Guppy,3808,bleak-house
Mr. Jobling,Who,3808,bleak-house
Mr. Jobling,Mr. Guppy,3808,bleak-house
Mr. Jobling,Mr. Guppy,3808,bleak-house
Mr. Jobling,Who,3808,bleak-house
Mr. Jobling,Mr. Guppy,3808,bleak-house
Mr. Guppy,Mr. Weevle,3808,bleak-house
Mr. Guppy,William,3808,bleak-house
Mr. Guppy,Who,3808,bleak-house
Mr. Guppy,Mr. Jobling,3808,bleak-house
Mr. Guppy,Mr. Jobling,3808,bleak-house
Mr. Guppy,Who,3808,bleak-house
Mr. Guppy,Mr. Jobling,3808,bleak-house
Mr. Guppy,Mr. Jobling,3808,bleak-house
Mr. Jobling,Mr. Guppy,3808,bleak-house
Mr. Jobling,Mr. Weevle,3808,bleak-house
Mr. Jobling,William,3808,bleak-house
Mr. Jobling,Mr. Guppy,3808,bleak-house
Mr. Jobling,Who,3808,bleak-house
Mr. Jobling,Mr. Guppy,3808,bleak-house
Mr. Jobling,Mr. Guppy,3808,bleak-house
Mr. Jobling,Who,3808,bleak-house
Mr. Jobling,Mr. Guppy,3808,bleak-house
Mr. Guppy,Mr. Weevle,3808,bleak-house
Mr. Guppy,William,3808,bleak-house
Mr. Guppy,Who,3808,bleak-house
Mr. Guppy,Mr. Jobling,3808,bleak-house
Mr. Guppy,Mr. Jobling,3808,bleak-house
Mr. Guppy,Who,3808,bleak-house
Mr. Guppy,Mr. Jobling,3808,bleak-house
Mr. Guppy,Mr. Jobling,3808,bleak-house
Who,Mr. Guppy,3808,bleak-house
Who,Mr. Weevle,3808,bleak-house
Who,William,3808,bleak-house
Who,Mr. Guppy,3808,bleak-house
Who,Mr. Jobling,3808,bleak-house
Who,Mr. Guppy,3808,bleak-house
Who,Mr. Jobling,3808,bleak-house
Who,Mr. Guppy,3808,bleak-house
Who,Mr. Jobling,3808,bleak-house
Who,Mr. Guppy,3808,bleak-house
Who,Mr. Jobling,3808,bleak-house
Mr. Jobling,Mr. Guppy,3808,bleak-house
Mr. Jobling,Mr. Weevle,3808,bleak-house
Mr. Jobling,William,3808,bleak-house
Mr. Jobling,Mr. Guppy,3808,bleak-house
Mr. Jobling,Who,3808,bleak-house
Mr. Jobling,Mr. Guppy,3808,bleak-house
Mr. Jobling,Mr. Guppy,3808,bleak-house
Mr. Jobling,Who,3808,bleak-house
Mr. Jobling,Mr. Guppy,3808,bleak-house
Mr. Guppy,Mr. Weevle,3808,bleak-house
Mr. Guppy,William,3808,bleak-house
Mr. Guppy,Who,3808,bleak-house
Mr. Guppy,Mr. Jobling,3808,bleak-house
Mr. Guppy,Mr. Jobling,3808,bleak-house
Mr. Guppy,Who,3808,bleak-house
Mr. Guppy,Mr. Jobling,3808,bleak-house
Mr. Guppy,Mr. Jobling,3808,bleak-house
Mr. Jobling,Mr. Guppy,3808,bleak-house
Mr. Jobling,Mr. Weevle,3808,bleak-house
Mr. Jobling,William,3808,bleak-house
Mr. Jobling,Mr. Guppy,3808,bleak-house
Mr. Jobling,Who,3808,bleak-house
Mr. Jobling,Mr. Guppy,3808,bleak-house
Mr. Jobling,Mr. Guppy,3808,bleak-house
Mr. Jobling,Who,3808,bleak-house
Mr. Jobling,Mr. Guppy,3808,bleak-house
Tony,Mr. Guppy,3809,bleak-house
Mr. Guppy,Tony,3809,bleak-house
Mr. Guppy,Tony,3809,bleak-house
Tony,Mr. Guppy,3809,bleak-house
Tony,Mr. Guppy,3819,bleak-house
Mr. Guppy,Tony,3819,bleak-house
Tony,Mr. Guppy,3827,bleak-house
Mr. Guppy,Tony,3827,bleak-house
Tony,Mr. Guppy,3829,bleak-house
Mr. Guppy,Tony,3829,bleak-house
Mr. Guppy,Tony,3831,bleak-house
Tony,Mr. Guppy,3831,bleak-house
Mr. Smallweed,Mr. Guppy,3834,bleak-house
Mr. Smallweed,Mr. Guppy,3834,bleak-house
Mr. Guppy,Mr. Smallweed,3834,bleak-house
Mr. Guppy,Mr. Smallweed,3834,bleak-house
Grandfather Smallweed,Bart,3836,bleak-house
Bart,Grandfather Smallweed,3836,bleak-house
Mr.,Arms,3837,bleak-house
Arms,Mr.,3837,bleak-house
Mr. Weevle,Arms,3839,bleak-house
Arms,Mr. Weevle,3839,bleak-house
Lord,Mr. Smallweed,3840,bleak-house
Mr. Smallweed,Lord,3840,bleak-house
Mr. Tulkinghorn,Lincoln,3853,bleak-house
Mr. Tulkinghorn,Inn Fields,3853,bleak-house
Mr. Tulkinghorn,Krook,3853,bleak-house
Mr. Tulkinghorn,Krook,3853,bleak-house
Mr. Tulkinghorn,Krook,3853,bleak-house
Lincoln,Mr. Tulkinghorn,3853,bleak-house
Lincoln,Inn Fields,3853,bleak-house
Lincoln,Krook,3853,bleak-house
Lincoln,Krook,3853,bleak-house
Lincoln,Krook,3853,bleak-house
Inn Fields,Mr. Tulkinghorn,3853,bleak-house
Inn Fields,Lincoln,3853,bleak-house
Inn Fields,Krook,3853,bleak-house
Inn Fields,Krook,3853,bleak-house
Inn Fields,Krook,3853,bleak-house
Krook,Mr. Tulkinghorn,3853,bleak-house
Krook,Lincoln,3853,bleak-house
Krook,Inn Fields,3853,bleak-house
Krook,Mr. Tulkinghorn,3853,bleak-house
Krook,Lincoln,3853,bleak-house
Krook,Inn Fields,3853,bleak-house
Krook,Mr. Tulkinghorn,3853,bleak-house
Krook,Lincoln,3853,bleak-house
Krook,Inn Fields,3853,bleak-house
Will,Mr. Smallweed,3855,bleak-house
Will,Judy,3855,bleak-house
Will,Mr. Smallweed,3855,bleak-house
Will,Judy,3855,bleak-house
Mr. Smallweed,Will,3855,bleak-house
Mr. Smallweed,Will,3855,bleak-house
Mr. Smallweed,Judy,3855,bleak-house
Judy,Will,3855,bleak-house
Judy,Will,3855,bleak-house
Judy,Mr. Smallweed,3855,bleak-house
Mr.,Mr. Guppy,3857,bleak-house
Mr.,Mr. Tulkinghorn,3857,bleak-house
Mr.,Mr. Tulkinghorn,3857,bleak-house
Mr.,Mr. Smallweed,3857,bleak-house
Mr.,Miss Flite,3857,bleak-house
Mr. Guppy,Mr.,3857,bleak-house
Mr. Guppy,Mr. Tulkinghorn,3857,bleak-house
Mr. Guppy,Mr. Tulkinghorn,3857,bleak-house
Mr. Guppy,Mr. Smallweed,3857,bleak-house
Mr. Guppy,Miss Flite,3857,bleak-house
Mr. Tulkinghorn,Mr.,3857,bleak-house
Mr. Tulkinghorn,Mr. Guppy,3857,bleak-house
Mr. Tulkinghorn,Mr. Smallweed,3857,bleak-house
Mr. Tulkinghorn,Miss Flite,3857,bleak-house
Mr. Tulkinghorn,Mr.,3857,bleak-house
Mr. Tulkinghorn,Mr. Guppy,3857,bleak-house
Mr. Tulkinghorn,Mr. Smallweed,3857,bleak-house
Mr. Tulkinghorn,Miss Flite,3857,bleak-house
Mr. Smallweed,Mr.,3857,bleak-house
Mr. Smallweed,Mr. Guppy,3857,bleak-house
Mr. Smallweed,Mr. Tulkinghorn,3857,bleak-house
Mr. Smallweed,Mr. Tulkinghorn,3857,bleak-house
Mr. Smallweed,Miss Flite,3857,bleak-house
Miss Flite,Mr.,3857,bleak-house
Miss Flite,Mr. Guppy,3857,bleak-house
Miss Flite,Mr. Tulkinghorn,3857,bleak-house
Miss Flite,Mr. Tulkinghorn,3857,bleak-house
Miss Flite,Mr. Smallweed,3857,bleak-house
Young Piper,Swills,3858,bleak-house
Young Piper,Miss M. Melvilleson,3858,bleak-house
Young Piper,Mr. Bogsby,3858,bleak-house
Young Piper,Mr. Smallweed,3858,bleak-house
Swills,Young Piper,3858,bleak-house
Swills,Miss M. Melvilleson,3858,bleak-house
Swills,Mr. Bogsby,3858,bleak-house
Swills,Mr. Smallweed,3858,bleak-house
Miss M. Melvilleson,Young Piper,3858,bleak-house
Miss M. Melvilleson,Swills,3858,bleak-house
Miss M. Melvilleson,Mr. Bogsby,3858,bleak-house
Miss M. Melvilleson,Mr. Smallweed,3858,bleak-house
Mr. Bogsby,Young Piper,3858,bleak-house
Mr. Bogsby,Swills,3858,bleak-house
Mr. Bogsby,Miss M. Melvilleson,3858,bleak-house
Mr. Bogsby,Mr. Smallweed,3858,bleak-house
Mr. Smallweed,Young Piper,3858,bleak-house
Mr. Smallweed,Swills,3858,bleak-house
Mr. Smallweed,Miss M. Melvilleson,3858,bleak-house
Mr. Smallweed,Mr. Bogsby,3858,bleak-house
Monsieur Le Cat,Mr. Krook,3859,bleak-house
Monsieur Le Cat,Arms,3859,bleak-house
Monsieur Le Cat,Perkins,3859,bleak-house
Monsieur Le Cat,Mr. Krook,3859,bleak-house
Mr. Krook,Monsieur Le Cat,3859,bleak-house
Mr. Krook,Arms,3859,bleak-house
Mr. Krook,Perkins,3859,bleak-house
Arms,Monsieur Le Cat,3859,bleak-house
Arms,Mr. Krook,3859,bleak-house
Arms,Perkins,3859,bleak-house
Arms,Mr. Krook,3859,bleak-house
Perkins,Monsieur Le Cat,3859,bleak-house
Perkins,Mr. Krook,3859,bleak-house
Perkins,Arms,3859,bleak-house
Perkins,Mr. Krook,3859,bleak-house
Mr. Krook,Monsieur Le Cat,3859,bleak-house
Mr. Krook,Arms,3859,bleak-house
Mr. Krook,Perkins,3859,bleak-house
Mr. Guppy,Mr. Smallweed,3861,bleak-house
Mr. Guppy,Lady Dedlock,3861,bleak-house
Mr. Smallweed,Mr. Guppy,3861,bleak-house
Mr. Smallweed,Mr. Guppy,3861,bleak-house
Mr. Smallweed,Lady Dedlock,3861,bleak-house
Mr. Guppy,Mr. Smallweed,3861,bleak-house
Mr. Guppy,Lady Dedlock,3861,bleak-house
Lady Dedlock,Mr. Guppy,3861,bleak-house
Lady Dedlock,Mr. Smallweed,3861,bleak-house
Lady Dedlock,Mr. Guppy,3861,bleak-house
Mr. Guppy,Lady Dedlock,3874,bleak-house
Lady Dedlock,Mr. Guppy,3874,bleak-house
Mr.,Guppy,3876,bleak-house
Guppy,Mr.,3876,bleak-house
Aye,Kenge,3890,bleak-house
Aye,Carboy,3890,bleak-house
Kenge,Aye,3890,bleak-house
Kenge,Carboy,3890,bleak-house
Carboy,Aye,3890,bleak-house
Carboy,Kenge,3890,bleak-house
Kenge,Carboy,3891,bleak-house
Kenge,Mr. Tulkinghorn,3891,bleak-house
Carboy,Kenge,3891,bleak-house
Carboy,Mr. Tulkinghorn,3891,bleak-house
Mr. Tulkinghorn,Kenge,3891,bleak-house
Mr. Tulkinghorn,Carboy,3891,bleak-house
Mr.,Mr. Tulkinghorn,3895,bleak-house
Mr.,Lady Dedlock,3895,bleak-house
Mr. Tulkinghorn,Mr.,3895,bleak-house
Mr. Tulkinghorn,Lady Dedlock,3895,bleak-house
Lady Dedlock,Mr.,3895,bleak-house
Lady Dedlock,Mr. Tulkinghorn,3895,bleak-house
Phil,Listen,3904,bleak-house
Listen,Phil,3904,bleak-house
Mr. Matthew Bagnet,Joshua,3906,bleak-house
Mr. Matthew Bagnet,Phil,3906,bleak-house
Joshua,Mr. Matthew Bagnet,3906,bleak-house
Joshua,Phil,3906,bleak-house
Phil,Mr. Matthew Bagnet,3906,bleak-house
Phil,Joshua,3906,bleak-house
Lookye,Phil,3910,bleak-house
Phil,Lookye,3910,bleak-house
Mr. Squod,George,3918,bleak-house
George,Mr. Squod,3918,bleak-house
George,Phil,3925,bleak-house
George,Mr. Bagnet,3925,bleak-house
Phil,George,3925,bleak-house
Phil,Mr. Bagnet,3925,bleak-house
Mr. Bagnet,George,3925,bleak-house
Mr. Bagnet,Phil,3925,bleak-house
Mr. Bagnet,Gallery,3926,bleak-house
Gallery,Mr. Bagnet,3926,bleak-house
Mr.,Phil,3929,bleak-house
Phil,Mr.,3929,bleak-house
George,Lignum,3930,bleak-house
George,Lignum Vitae,3930,bleak-house
Lignum,George,3930,bleak-house
Lignum,Lignum Vitae,3930,bleak-house
Lignum,George,3930,bleak-house
Lignum Vitae,George,3930,bleak-house
Lignum Vitae,Lignum,3930,bleak-house
Lignum Vitae,George,3930,bleak-house
George,Lignum,3930,bleak-house
George,Lignum Vitae,3930,bleak-house
Woolwich,Lignum,3932,bleak-house
Woolwich,George,3932,bleak-house
Lignum,Woolwich,3932,bleak-house
Lignum,George,3932,bleak-house
George,Woolwich,3932,bleak-house
George,Lignum,3932,bleak-house
George,Don,3934,bleak-house
George,Lignum,3934,bleak-house
George,Don,3934,bleak-house
Don,George,3934,bleak-house
Don,Lignum,3934,bleak-house
Don,George,3934,bleak-house
Lignum,George,3934,bleak-house
Lignum,Don,3934,bleak-house
Lignum,Don,3934,bleak-house
Lignum,George,3934,bleak-house
Don,George,3934,bleak-house
Don,Lignum,3934,bleak-house
Don,George,3934,bleak-house
George,Don,3934,bleak-house
George,Lignum,3934,bleak-house
George,Don,3934,bleak-house
George,Lignum,3936,bleak-house
Lignum,George,3936,bleak-house
Lignum,George,3936,bleak-house
Lignum,George,3936,bleak-house
George,Lignum,3936,bleak-house
George,Lignum,3936,bleak-house
George,Quebec,3938,bleak-house
George,Malta,3938,bleak-house
George,Woolwich,3938,bleak-house
George,Quebec,3938,bleak-house
George,Malta,3938,bleak-house
George,Woolwich,3938,bleak-house
George,Quebec,3938,bleak-house
George,Malta,3938,bleak-house
George,Woolwich,3938,bleak-house
Quebec,George,3938,bleak-house
Quebec,George,3938,bleak-house
Quebec,George,3938,bleak-house
Quebec,Malta,3938,bleak-house
Quebec,Woolwich,3938,bleak-house
Quebec,George,3938,bleak-house
Malta,George,3938,bleak-house
Malta,George,3938,bleak-house
Malta,George,3938,bleak-house
Malta,Quebec,3938,bleak-house
Malta,Woolwich,3938,bleak-house
Malta,George,3938,bleak-house
Woolwich,George,3938,bleak-house
Woolwich,George,3938,bleak-house
Woolwich,George,3938,bleak-house
Woolwich,Quebec,3938,bleak-house
Woolwich,Malta,3938,bleak-house
Woolwich,George,3938,bleak-house
George,Quebec,3938,bleak-house
George,Malta,3938,bleak-house
George,Woolwich,3938,bleak-house
Mr. Bagnet,Mr. George,3939,bleak-house
Mr. George,Mr. Bagnet,3939,bleak-house
Anyhow,Joe Pouch,3944,bleak-house
Anyhow,Don,3944,bleak-house
Anyhow,Mat,3944,bleak-house
Joe Pouch,Anyhow,3944,bleak-house
Joe Pouch,Don,3944,bleak-house
Joe Pouch,Mat,3944,bleak-house
Don,Anyhow,3944,bleak-house
Don,Joe Pouch,3944,bleak-house
Don,Mat,3944,bleak-house
Mat,Anyhow,3944,bleak-house
Mat,Joe Pouch,3944,bleak-house
Mat,Don,3944,bleak-house
Phil,Mr. George,3951,bleak-house
Mr. George,Phil,3951,bleak-house
George,Mr. Bagnet,3952,bleak-house
Mr. Bagnet,George,3952,bleak-house
Mr.,George,3953,bleak-house
Mr.,Mr. Smallweed,3953,bleak-house
Mr.,Mr. Bagnet,3953,bleak-house
Mr.,Mr. George,3953,bleak-house
Mr.,Mr. Bagnet,3953,bleak-house
George,Mr.,3953,bleak-house
George,Mr. Smallweed,3953,bleak-house
George,Mr. Bagnet,3953,bleak-house
George,Mr. George,3953,bleak-house
George,Mr. Bagnet,3953,bleak-house
Mr. Smallweed,Mr.,3953,bleak-house
Mr. Smallweed,George,3953,bleak-house
Mr. Smallweed,Mr. Bagnet,3953,bleak-house
Mr. Smallweed,Mr. George,3953,bleak-house
Mr. Smallweed,Mr. Bagnet,3953,bleak-house
Mr. Bagnet,Mr.,3953,bleak-house
Mr. Bagnet,George,3953,bleak-house
Mr. Bagnet,Mr. Smallweed,3953,bleak-house
Mr. Bagnet,Mr. George,3953,bleak-house
Mr. George,Mr.,3953,bleak-house
Mr. George,George,3953,bleak-house
Mr. George,Mr. Smallweed,3953,bleak-house
Mr. George,Mr. Bagnet,3953,bleak-house
Mr. George,Mr. Bagnet,3953,bleak-house
Mr. Bagnet,Mr.,3953,bleak-house
Mr. Bagnet,George,3953,bleak-house
Mr. Bagnet,Mr. Smallweed,3953,bleak-house
Mr. Bagnet,Mr. George,3953,bleak-house
Don,George,3954,bleak-house
George,Don,3954,bleak-house
Lignum,Mr. Smallweed,3955,bleak-house
Mr. Smallweed,Lignum,3955,bleak-house
Mr. Smallweed,Mr. George,3956,bleak-house
Mr. Smallweed,Mr. Matthew Bagnet,3956,bleak-house
Mr. Smallweed,Mount Pleasant,3956,bleak-house
Mr. Smallweed,Mr. Bagnet,3956,bleak-house
Mr. George,Mr. Smallweed,3956,bleak-house
Mr. George,Mr. Matthew Bagnet,3956,bleak-house
Mr. George,Mount Pleasant,3956,bleak-house
Mr. George,Mr. Bagnet,3956,bleak-house
Mr. Matthew Bagnet,Mr. Smallweed,3956,bleak-house
Mr. Matthew Bagnet,Mr. George,3956,bleak-house
Mr. Matthew Bagnet,Mount Pleasant,3956,bleak-house
Mr. Matthew Bagnet,Mr. Bagnet,3956,bleak-house
Mount Pleasant,Mr. Smallweed,3956,bleak-house
Mount Pleasant,Mr. George,3956,bleak-house
Mount Pleasant,Mr. Matthew Bagnet,3956,bleak-house
Mount Pleasant,Mr. Bagnet,3956,bleak-house
Mr. Bagnet,Mr. Smallweed,3956,bleak-house
Mr. Bagnet,Mr. George,3956,bleak-house
Mr. Bagnet,Mr. Matthew Bagnet,3956,bleak-house
Mr. Bagnet,Mount Pleasant,3956,bleak-house
George,Mr. Bagnet,3959,bleak-house
George,Discipline,3959,bleak-house
Mr. Bagnet,George,3959,bleak-house
Mr. Bagnet,Discipline,3959,bleak-house
Discipline,George,3959,bleak-house
Discipline,Mr. Bagnet,3959,bleak-house
Mr. Bagnet,George,3963,bleak-house
George,Mr. Bagnet,3963,bleak-house
Mount Pleasant,Grandfather Smallweed,3966,bleak-house
Mount Pleasant,Mr. Smallweed,3966,bleak-house
Grandfather Smallweed,Mount Pleasant,3966,bleak-house
Grandfather Smallweed,Mr. Smallweed,3966,bleak-house
Mr. Smallweed,Mount Pleasant,3966,bleak-house
Mr. Smallweed,Grandfather Smallweed,3966,bleak-house
Grandfather Smallweed,How,3967,bleak-house
How,Grandfather Smallweed,3967,bleak-house
George,Matthew Bagnet,3968,bleak-house
Matthew Bagnet,George,3968,bleak-house
Mr. Bagnet,Mr. George,3970,bleak-house
Mr. George,Mr. Bagnet,3970,bleak-house
Mr. George,Mr. Bagnet,3971,bleak-house
Mr. Bagnet,Mr. George,3971,bleak-house
Mr. Smallweed,George,3975,bleak-house
George,Mr. Smallweed,3975,bleak-house
Mr. Smallweed,Matthew Bagnet,3981,bleak-house
Matthew Bagnet,Mr. Smallweed,3981,bleak-house
Mr. Smallweed,Mr. Bagnet,3986,bleak-house
Mr. Bagnet,Mr. Smallweed,3986,bleak-house
George,Mr. Smallweed,3987,bleak-house
Mr. Smallweed,George,3987,bleak-house
Mr. Smallweed,Matthew Bagnet,3988,bleak-house
Matthew Bagnet,Mr. Smallweed,3988,bleak-house
Matthew Bagnet,Mr. Smallweed,3988,bleak-house
Mr. Smallweed,Matthew Bagnet,3988,bleak-house
Grandfather Smallweed,Mr. Bagnet,3991,bleak-house
Mr. Bagnet,Grandfather Smallweed,3991,bleak-house
George,Mr. Smallweed,3992,bleak-house
George,Bagnet,3992,bleak-house
Mr. Smallweed,George,3992,bleak-house
Mr. Smallweed,Bagnet,3992,bleak-house
Bagnet,George,3992,bleak-house
Bagnet,Mr. Smallweed,3992,bleak-house
Mr. Bagnet,Utterly,4000,bleak-house
Mr. Bagnet,Mr. George,4000,bleak-house
Utterly,Mr. Bagnet,4000,bleak-house
Utterly,Mr. George,4000,bleak-house
Utterly,Mr. Bagnet,4000,bleak-house
Mr. George,Mr. Bagnet,4000,bleak-house
Mr. George,Utterly,4000,bleak-house
Mr. George,Mr. Bagnet,4000,bleak-house
Mr. Bagnet,Utterly,4000,bleak-house
Mr. Bagnet,Mr. George,4000,bleak-house
Mat,Mr. George,4001,bleak-house
Mr. George,Mat,4001,bleak-house
Inn Fields,Mr. Tulkinghorn,4003,bleak-house
Inn Fields,Mr. Tulkinghorn,4003,bleak-house
Inn Fields,Mr. Tulkinghorn,4003,bleak-house
Mr. Tulkinghorn,Inn Fields,4003,bleak-house
Mr. Tulkinghorn,Inn Fields,4003,bleak-house
Mr. Tulkinghorn,Inn Fields,4003,bleak-house
Mr. George,Mr. Bagnet,4006,bleak-house
Mr. Bagnet,Mr. George,4006,bleak-house
George,Mr. Bagnet,4010,bleak-house
George,Don,4010,bleak-house
George,Cheer,4010,bleak-house
Mr. Bagnet,George,4010,bleak-house
Mr. Bagnet,Don,4010,bleak-house
Mr. Bagnet,Cheer,4010,bleak-house
Don,George,4010,bleak-house
Don,Mr. Bagnet,4010,bleak-house
Don,Cheer,4010,bleak-house
Cheer,George,4010,bleak-house
Cheer,Mr. Bagnet,4010,bleak-house
Cheer,Don,4010,bleak-house
Mr. George,Mr. Smallweed,4019,bleak-house
Mr. George,Melchisedech,4019,bleak-house
Mr. George,Clifford,4019,bleak-house
Mr. Smallweed,Mr. George,4019,bleak-house
Mr. Smallweed,Melchisedech,4019,bleak-house
Mr. Smallweed,Clifford,4019,bleak-house
Melchisedech,Mr. George,4019,bleak-house
Melchisedech,Mr. Smallweed,4019,bleak-house
Melchisedech,Clifford,4019,bleak-house
Clifford,Mr. George,4019,bleak-house
Clifford,Mr. Smallweed,4019,bleak-house
Clifford,Melchisedech,4019,bleak-house
Mr. George,Mr. Tulkinghorn,4030,bleak-house
Mr. Tulkinghorn,Mr. George,4030,bleak-house
Good,Better,4032,bleak-house
Good,Mr. George,4032,bleak-house
Good,Bluffy,4032,bleak-house
Better,Good,4032,bleak-house
Better,Mr. George,4032,bleak-house
Better,Bluffy,4032,bleak-house
Mr. George,Good,4032,bleak-house
Mr. George,Better,4032,bleak-house
Mr. George,Bluffy,4032,bleak-house
Bluffy,Good,4032,bleak-house
Bluffy,Better,4032,bleak-house
Bluffy,Mr. George,4032,bleak-house
George,Lignum,4042,bleak-house
Lignum,George,4042,bleak-house
Mr.,Bagnet,4046,bleak-house
Bagnet,Mr.,4046,bleak-house
Take,Woolwich,4047,bleak-house
Woolwich,Take,4047,bleak-house
Mr.,George,4048,bleak-house
George,Mr.,4048,bleak-house
Esther,Narrative,4051,bleak-house
Narrative,Esther,4051,bleak-house
Never,Charley,4059,bleak-house
Charley,Never,4059,bleak-house
Ada,Caddy,4078,bleak-house
Ada,Rick,4078,bleak-house
Caddy,Ada,4078,bleak-house
Caddy,Rick,4078,bleak-house
Rick,Ada,4078,bleak-house
Rick,Caddy,4078,bleak-house
Rick,Whereas,4084,bleak-house
Rick,Chancery,4084,bleak-house
Whereas,Rick,4084,bleak-house
Whereas,Rick,4084,bleak-house
Whereas,Chancery,4084,bleak-house
Rick,Whereas,4084,bleak-house
Rick,Chancery,4084,bleak-house
Chancery,Rick,4084,bleak-house
Chancery,Whereas,4084,bleak-house
Chancery,Rick,4084,bleak-house
Dame Durden,Jarndyce,4090,bleak-house
Dame Durden,Jarndyce,4090,bleak-house
Dame Durden,Rick,4090,bleak-house
Jarndyce,Dame Durden,4090,bleak-house
Jarndyce,Rick,4090,bleak-house
Jarndyce,Dame Durden,4090,bleak-house
Jarndyce,Rick,4090,bleak-house
Rick,Dame Durden,4090,bleak-house
Rick,Jarndyce,4090,bleak-house
Rick,Jarndyce,4090,bleak-house
Mr. Jarndyce,Rick,4092,bleak-house
Mr. Jarndyce,Chancery,4092,bleak-house
Rick,Mr. Jarndyce,4092,bleak-house
Rick,Chancery,4092,bleak-house
Chancery,Mr. Jarndyce,4092,bleak-house
Chancery,Rick,4092,bleak-house
Ada,Charley,4099,bleak-house
Charley,Ada,4099,bleak-house
Charley,Ada,4099,bleak-house
Ada,Charley,4099,bleak-house
Jarndyce,Miss Summerson,4102,bleak-house
Jarndyce,Chesney Wold,4102,bleak-house
Miss Summerson,Jarndyce,4102,bleak-house
Miss Summerson,Chesney Wold,4102,bleak-house
Chesney Wold,Jarndyce,4102,bleak-house
Chesney Wold,Miss Summerson,4102,bleak-house
Miss Flite,Fitz Jarndyce,4109,bleak-house
Fitz Jarndyce,Miss Flite,4109,bleak-house
Miss,Charley,4113,bleak-house
Charley,Miss,4113,bleak-house
Miss Flite,Highly,4114,bleak-house
Highly,Miss Flite,4114,bleak-house
Highly,Miss Flite,4114,bleak-house
Miss Flite,Highly,4114,bleak-house
Miss,Flite,4116,bleak-house
Miss,Miss Flite,4116,bleak-house
Flite,Miss,4116,bleak-house
Flite,Miss Flite,4116,bleak-house
Miss Flite,Miss,4116,bleak-house
Miss Flite,Flite,4116,bleak-house
Jenny,Charley,4118,bleak-house
Charley,Jenny,4118,bleak-house
Charley,Jenny,4123,bleak-house
Charley,Jenny,4123,bleak-house
Jenny,Charley,4123,bleak-house
Jenny,Charley,4123,bleak-house
Hush,Don,4139,bleak-house
Don,Hush,4139,bleak-house
Miss Flite,Good,4143,bleak-house
Miss Flite,Cold,4143,bleak-house
Good,Miss Flite,4143,bleak-house
Good,Cold,4143,bleak-house
Cold,Miss Flite,4143,bleak-house
Cold,Good,4143,bleak-house
Home,Fitz Jarndyce,4145,bleak-house
Home,Hush,4145,bleak-house
Fitz Jarndyce,Home,4145,bleak-house
Fitz Jarndyce,Hush,4145,bleak-house
Hush,Home,4145,bleak-house
Hush,Fitz Jarndyce,4145,bleak-house
Woodcourt,Miss Flite,4153,bleak-house
Miss Flite,Woodcourt,4153,bleak-house
Don,Fire,4160,bleak-house
Don,Calm,4160,bleak-house
Fire,Don,4160,bleak-house
Fire,Calm,4160,bleak-house
Calm,Don,4160,bleak-house
Calm,Fire,4160,bleak-house
Charley,Mr. Boythorn,4174,bleak-house
Mr. Boythorn,Charley,4174,bleak-house
Mr. Woodcourt,Nobody,4180,bleak-house
Mr. Woodcourt,Ada,4180,bleak-house
Nobody,Mr. Woodcourt,4180,bleak-house
Nobody,Ada,4180,bleak-house
Ada,Mr. Woodcourt,4180,bleak-house
Ada,Nobody,4180,bleak-house
Ada,Charley,4185,bleak-house
Ada,Mr. Boythorn,4185,bleak-house
Ada,Charley,4185,bleak-house
Ada,Stubbs,4185,bleak-house
Ada,Charley,4185,bleak-house
Charley,Ada,4185,bleak-house
Charley,Mr. Boythorn,4185,bleak-house
Charley,Stubbs,4185,bleak-house
Mr. Boythorn,Ada,4185,bleak-house
Mr. Boythorn,Charley,4185,bleak-house
Mr. Boythorn,Charley,4185,bleak-house
Mr. Boythorn,Stubbs,4185,bleak-house
Mr. Boythorn,Charley,4185,bleak-house
Charley,Ada,4185,bleak-house
Charley,Mr. Boythorn,4185,bleak-house
Charley,Stubbs,4185,bleak-house
Stubbs,Ada,4185,bleak-house
Stubbs,Charley,4185,bleak-house
Stubbs,Mr. Boythorn,4185,bleak-house
Stubbs,Charley,4185,bleak-house
Stubbs,Charley,4185,bleak-house
Charley,Ada,4185,bleak-house
Charley,Mr. Boythorn,4185,bleak-house
Charley,Stubbs,4185,bleak-house
Chesney Wold,Walk,4190,bleak-house
Chesney Wold,Mr. Boythorn,4190,bleak-house
Chesney Wold,Charley,4190,bleak-house
Walk,Chesney Wold,4190,bleak-house
Walk,Mr. Boythorn,4190,bleak-house
Walk,Charley,4190,bleak-house
Mr. Boythorn,Chesney Wold,4190,bleak-house
Mr. Boythorn,Walk,4190,bleak-house
Mr. Boythorn,Charley,4190,bleak-house
Charley,Chesney Wold,4190,bleak-house
Charley,Walk,4190,bleak-house
Charley,Mr. Boythorn,4190,bleak-house
Walk,Lady Dedlock,4191,bleak-house
Lady Dedlock,Walk,4191,bleak-house
Charley,Walk,4192,bleak-house
Charley,Dedlock,4192,bleak-house
Walk,Charley,4192,bleak-house
Walk,Dedlock,4192,bleak-house
Dedlock,Charley,4192,bleak-house
Dedlock,Walk,4192,bleak-house
Charley,Lady Dedlock,4194,bleak-house
Lady Dedlock,Charley,4194,bleak-house
Charley,Lady Dedlock,4203,bleak-house
Lady Dedlock,Charley,4203,bleak-house
Charley,Lady Dedlock,4235,bleak-house
Charley,Lady Dedlock,4235,bleak-house
Lady Dedlock,Charley,4235,bleak-house
Lady Dedlock,Charley,4235,bleak-house
Chesney Wold,Esther,4238,bleak-house
Esther,Chesney Wold,4238,bleak-house
Ada,Lady Dedlock,4259,bleak-house
Ada,Greater,4259,bleak-house
Ada,Charley,4259,bleak-house
Ada,Lady Dedlock,4259,bleak-house
Ada,Charley,4259,bleak-house
Lady Dedlock,Ada,4259,bleak-house
Lady Dedlock,Greater,4259,bleak-house
Lady Dedlock,Ada,4259,bleak-house
Lady Dedlock,Ada,4259,bleak-house
Lady Dedlock,Charley,4259,bleak-house
Lady Dedlock,Charley,4259,bleak-house
Greater,Ada,4259,bleak-house
Greater,Lady Dedlock,4259,bleak-house
Greater,Ada,4259,bleak-house
Greater,Ada,4259,bleak-house
Greater,Charley,4259,bleak-house
Greater,Lady Dedlock,4259,bleak-house
Greater,Charley,4259,bleak-house
Ada,Lady Dedlock,4259,bleak-house
Ada,Greater,4259,bleak-house
Ada,Charley,4259,bleak-house
Ada,Lady Dedlock,4259,bleak-house
Ada,Charley,4259,bleak-house
Ada,Lady Dedlock,4259,bleak-house
Ada,Greater,4259,bleak-house
Ada,Charley,4259,bleak-house
Ada,Lady Dedlock,4259,bleak-house
Ada,Charley,4259,bleak-house
Charley,Ada,4259,bleak-house
Charley,Lady Dedlock,4259,bleak-house
Charley,Greater,4259,bleak-house
Charley,Ada,4259,bleak-house
Charley,Ada,4259,bleak-house
Charley,Lady Dedlock,4259,bleak-house
Lady Dedlock,Ada,4259,bleak-house
Lady Dedlock,Greater,4259,bleak-house
Lady Dedlock,Ada,4259,bleak-house
Lady Dedlock,Ada,4259,bleak-house
Lady Dedlock,Charley,4259,bleak-house
Lady Dedlock,Charley,4259,bleak-house
Charley,Ada,4259,bleak-house
Charley,Lady Dedlock,4259,bleak-house
Charley,Greater,4259,bleak-house
Charley,Ada,4259,bleak-house
Charley,Ada,4259,bleak-house
Charley,Lady Dedlock,4259,bleak-house
Mr. Boythorn,Charley,4260,bleak-house
Mr. Boythorn,Ada,4260,bleak-house
Charley,Mr. Boythorn,4260,bleak-house
Charley,Ada,4260,bleak-house
Ada,Mr. Boythorn,4260,bleak-house
Ada,Charley,4260,bleak-house
Charley,Don,4269,bleak-house
Don,Charley,4269,bleak-house
Don,Charley,4269,bleak-house
Charley,Don,4269,bleak-house
Aye,Charley,4270,bleak-house
Charley,Aye,4270,bleak-house
Charley,Mr. Boythorn,4272,bleak-house
Mr. Boythorn,Charley,4272,bleak-house
Mr.,Grubble,4273,bleak-house
Mr.,Queen Caroline,4273,bleak-house
Mr.,Mr. Grubble,4273,bleak-house
Grubble,Mr.,4273,bleak-house
Grubble,Queen Caroline,4273,bleak-house
Grubble,Mr. Grubble,4273,bleak-house
Queen Caroline,Mr.,4273,bleak-house
Queen Caroline,Grubble,4273,bleak-house
Queen Caroline,Mr. Grubble,4273,bleak-house
Mr. Grubble,Mr.,4273,bleak-house
Mr. Grubble,Grubble,4273,bleak-house
Mr. Grubble,Queen Caroline,4273,bleak-house
John Jarndyce,Richard,4282,bleak-house
Richard,John Jarndyce,4282,bleak-house
Mr. Jarndyce,Mr. Anybody,4284,bleak-house
Mr. Anybody,Mr. Jarndyce,4284,bleak-house
Richard,John Jarndyce,4286,bleak-house
John Jarndyce,Richard,4286,bleak-house
Richard,Puff,4296,bleak-house
Puff,Richard,4296,bleak-house
Richard,Mr.,4299,bleak-house
Richard,Fresh,4299,bleak-house
Mr.,Richard,4299,bleak-house
Mr.,Richard,4299,bleak-house
Mr.,Fresh,4299,bleak-house
Richard,Mr.,4299,bleak-house
Richard,Fresh,4299,bleak-house
Fresh,Richard,4299,bleak-house
Fresh,Mr.,4299,bleak-house
Fresh,Richard,4299,bleak-house
Mr. Skimpole,Richard,4300,bleak-house
Richard,Mr. Skimpole,4300,bleak-house
Richard,Mr. Skimpole,4301,bleak-house
Mr. Skimpole,Richard,4301,bleak-house
Mr. Skimpole,Richard,4301,bleak-house
Richard,Mr. Skimpole,4301,bleak-house
Richard,Mr. Skimpole,4302,bleak-house
Richard,Mr. Skimpole,4302,bleak-house
Mr. Skimpole,Richard,4302,bleak-house
Mr. Skimpole,Richard,4302,bleak-house
Mr. Skimpole,Richard,4303,bleak-house
Richard,Mr. Skimpole,4303,bleak-house
Richard,Jarndyce,4304,bleak-house
Richard,Jarndyce,4304,bleak-house
Jarndyce,Richard,4304,bleak-house
Jarndyce,Richard,4304,bleak-house
Jarndyce,Richard,4304,bleak-house
Jarndyce,Richard,4304,bleak-house
Richard,Jarndyce,4304,bleak-house
Richard,Jarndyce,4304,bleak-house
Ada,Mr. Jarndyce,4305,bleak-house
Ada,Mr. Jarndyce,4305,bleak-house
Ada,Mr. Skimpole,4305,bleak-house
Ada,Charley,4305,bleak-house
Mr. Jarndyce,Ada,4305,bleak-house
Mr. Jarndyce,Mr. Skimpole,4305,bleak-house
Mr. Jarndyce,Charley,4305,bleak-house
Mr. Jarndyce,Ada,4305,bleak-house
Mr. Jarndyce,Mr. Skimpole,4305,bleak-house
Mr. Jarndyce,Charley,4305,bleak-house
Mr. Skimpole,Ada,4305,bleak-house
Mr. Skimpole,Mr. Jarndyce,4305,bleak-house
Mr. Skimpole,Mr. Jarndyce,4305,bleak-house
Mr. Skimpole,Charley,4305,bleak-house
Charley,Ada,4305,bleak-house
Charley,Mr. Jarndyce,4305,bleak-house
Charley,Mr. Jarndyce,4305,bleak-house
Charley,Mr. Skimpole,4305,bleak-house
Mr. Skimpole,God,4306,bleak-house
God,Mr. Skimpole,4306,bleak-house
Richard,Nature,4307,bleak-house
Nature,Richard,4307,bleak-house
John Jarndyce,Richard,4319,bleak-house
John Jarndyce,Don,4319,bleak-house
Richard,John Jarndyce,4319,bleak-house
Richard,Don,4319,bleak-house
Don,John Jarndyce,4319,bleak-house
Don,Richard,4319,bleak-house
Esther,Richard,4329,bleak-house
Esther,John Jarndyce,4329,bleak-house
Esther,John Jarndyce,4329,bleak-house
Esther,Ada,4329,bleak-house
Esther,John Jarndyce,4329,bleak-house
Esther,Ada,4329,bleak-house
Richard,Esther,4329,bleak-house
Richard,John Jarndyce,4329,bleak-house
Richard,John Jarndyce,4329,bleak-house
Richard,Ada,4329,bleak-house
Richard,Esther,4329,bleak-house
Richard,John Jarndyce,4329,bleak-house
Richard,Ada,4329,bleak-house
John Jarndyce,Esther,4329,bleak-house
John Jarndyce,Richard,4329,bleak-house
John Jarndyce,Ada,4329,bleak-house
John Jarndyce,Esther,4329,bleak-house
John Jarndyce,Ada,4329,bleak-house
John Jarndyce,Esther,4329,bleak-house
John Jarndyce,Richard,4329,bleak-house
John Jarndyce,Ada,4329,bleak-house
John Jarndyce,Esther,4329,bleak-house
John Jarndyce,Ada,4329,bleak-house
Ada,Esther,4329,bleak-house
Ada,Richard,4329,bleak-house
Ada,John Jarndyce,4329,bleak-house
Ada,John Jarndyce,4329,bleak-house
Ada,Esther,4329,bleak-house
Ada,John Jarndyce,4329,bleak-house
Esther,Richard,4329,bleak-house
Esther,John Jarndyce,4329,bleak-house
Esther,John Jarndyce,4329,bleak-house
Esther,Ada,4329,bleak-house
Esther,John Jarndyce,4329,bleak-house
Esther,Ada,4329,bleak-house
John Jarndyce,Esther,4329,bleak-house
John Jarndyce,Richard,4329,bleak-house
John Jarndyce,Ada,4329,bleak-house
John Jarndyce,Esther,4329,bleak-house
John Jarndyce,Ada,4329,bleak-house
Ada,Esther,4329,bleak-house
Ada,Richard,4329,bleak-house
Ada,John Jarndyce,4329,bleak-house
Ada,John Jarndyce,4329,bleak-house
Ada,Esther,4329,bleak-house
Ada,John Jarndyce,4329,bleak-house
Richard,Ada,4337,bleak-house
Richard,John Jarndyce,4337,bleak-house
Ada,Richard,4337,bleak-house
Ada,John Jarndyce,4337,bleak-house
John Jarndyce,Richard,4337,bleak-house
John Jarndyce,Ada,4337,bleak-house
Are,Richard,4342,bleak-house
Richard,Are,4342,bleak-house
Richard,Ada,4345,bleak-house
Richard,John Jarndyce,4345,bleak-house
Richard,John,4345,bleak-house
Richard,Ada,4345,bleak-house
Ada,Richard,4345,bleak-house
Ada,John Jarndyce,4345,bleak-house
Ada,John,4345,bleak-house
Ada,Richard,4345,bleak-house
John Jarndyce,Richard,4345,bleak-house
John Jarndyce,Ada,4345,bleak-house
John Jarndyce,John,4345,bleak-house
John Jarndyce,Richard,4345,bleak-house
John Jarndyce,Ada,4345,bleak-house
John,Richard,4345,bleak-house
John,Ada,4345,bleak-house
John,John Jarndyce,4345,bleak-house
John,Richard,4345,bleak-house
John,Ada,4345,bleak-house
Richard,Ada,4345,bleak-house
Richard,John Jarndyce,4345,bleak-house
Richard,John,4345,bleak-house
Richard,Ada,4345,bleak-house
Ada,Richard,4345,bleak-house
Ada,John Jarndyce,4345,bleak-house
Ada,John,4345,bleak-house
Ada,Richard,4345,bleak-house
Richard,John Jarndyce,4349,bleak-house
Richard,Rick,4349,bleak-house
Richard,Ada,4349,bleak-house
Richard,John Jarndyce,4349,bleak-house
Richard,Ada,4349,bleak-house
Richard,Jarndyce,4349,bleak-house
John Jarndyce,Richard,4349,bleak-house
John Jarndyce,Rick,4349,bleak-house
John Jarndyce,Ada,4349,bleak-house
John Jarndyce,Ada,4349,bleak-house
John Jarndyce,Jarndyce,4349,bleak-house
Rick,Richard,4349,bleak-house
Rick,John Jarndyce,4349,bleak-house
Rick,Ada,4349,bleak-house
Rick,John Jarndyce,4349,bleak-house
Rick,Ada,4349,bleak-house
Rick,Jarndyce,4349,bleak-house
Ada,Richard,4349,bleak-house
Ada,John Jarndyce,4349,bleak-house
Ada,Rick,4349,bleak-house
Ada,John Jarndyce,4349,bleak-house
Ada,Jarndyce,4349,bleak-house
John Jarndyce,Richard,4349,bleak-house
John Jarndyce,Rick,4349,bleak-house
John Jarndyce,Ada,4349,bleak-house
John Jarndyce,Ada,4349,bleak-house
John Jarndyce,Jarndyce,4349,bleak-house
Ada,Richard,4349,bleak-house
Ada,John Jarndyce,4349,bleak-house
Ada,Rick,4349,bleak-house
Ada,John Jarndyce,4349,bleak-house
Ada,Jarndyce,4349,bleak-house
Jarndyce,Richard,4349,bleak-house
Jarndyce,John Jarndyce,4349,bleak-house
Jarndyce,Rick,4349,bleak-house
Jarndyce,Ada,4349,bleak-house
Jarndyce,John Jarndyce,4349,bleak-house
Jarndyce,Ada,4349,bleak-house
Ada,Richard,4360,bleak-house
Richard,Ada,4360,bleak-house
Ada,Richard,4362,bleak-house
Richard,Ada,4362,bleak-house
Pray,Richard,4365,bleak-house
Richard,Pray,4365,bleak-house
Richard,Ada,4369,bleak-house
Ada,Richard,4369,bleak-house
Mr. Skimpole,Richard,4370,bleak-house
Richard,Mr. Skimpole,4370,bleak-house
Mr. Skimpole,See,4373,bleak-house
Mr. Skimpole,Harold Skimpole,4373,bleak-house
See,Mr. Skimpole,4373,bleak-house
See,Harold Skimpole,4373,bleak-house
Harold Skimpole,Mr. Skimpole,4373,bleak-house
Harold Skimpole,See,4373,bleak-house
Mr. Skimpole,Don,4379,bleak-house
Mr. Skimpole,Richard,4379,bleak-house
Mr. Skimpole,Odd,4379,bleak-house
Don,Mr. Skimpole,4379,bleak-house
Don,Richard,4379,bleak-house
Don,Odd,4379,bleak-house
Richard,Mr. Skimpole,4379,bleak-house
Richard,Don,4379,bleak-house
Richard,Odd,4379,bleak-house
Odd,Mr. Skimpole,4379,bleak-house
Odd,Don,4379,bleak-house
Odd,Richard,4379,bleak-house
Ada,Richard,4380,bleak-house
Ada,Mr. Skimpole,4380,bleak-house
Richard,Ada,4380,bleak-house
Richard,Mr. Skimpole,4380,bleak-house
Mr. Skimpole,Ada,4380,bleak-house
Mr. Skimpole,Richard,4380,bleak-house
Mr. Skimpole,Kenge,4386,bleak-house
Mr. Skimpole,Vholes,4386,bleak-house
Kenge,Mr. Skimpole,4386,bleak-house
Kenge,Vholes,4386,bleak-house
Vholes,Mr. Skimpole,4386,bleak-house
Vholes,Kenge,4386,bleak-house
Richard,Mr.,4389,bleak-house
Mr.,Richard,4389,bleak-house
Mr. Vholes,Mr. Carstone,4390,bleak-house
Mr. Carstone,Mr. Vholes,4390,bleak-house
Richard,Mr. Vholes,4391,bleak-house
Mr. Vholes,Richard,4391,bleak-house
Richard,Cousin Ada,4393,bleak-house
Richard,Esther,4393,bleak-house
Richard,Mr. Vholes,4393,bleak-house
Cousin Ada,Richard,4393,bleak-house
Cousin Ada,Esther,4393,bleak-house
Cousin Ada,Mr. Vholes,4393,bleak-house
Esther,Richard,4393,bleak-house
Esther,Cousin Ada,4393,bleak-house
Esther,Mr. Vholes,4393,bleak-house
Mr. Vholes,Richard,4393,bleak-house
Mr. Vholes,Cousin Ada,4393,bleak-house
Mr. Vholes,Esther,4393,bleak-house
Mr. Carstone,Sir,4395,bleak-house
Sir,Mr. Carstone,4395,bleak-house
Carstone,Mr. Vholes,4398,bleak-house
Carstone,Jane,4398,bleak-house
Mr. Vholes,Carstone,4398,bleak-house
Mr. Vholes,Jane,4398,bleak-house
Jane,Carstone,4398,bleak-house
Jane,Mr. Vholes,4398,bleak-house
Emma,Jane,4402,bleak-house
Jane,Emma,4402,bleak-house
Mr. Boythorn,Richard,4405,bleak-house
Mr. Boythorn,Mr. Vholes,4405,bleak-house
Mr. Boythorn,Mr. Vholes,4405,bleak-house
Richard,Mr. Boythorn,4405,bleak-house
Richard,Mr. Vholes,4405,bleak-house
Richard,Mr. Vholes,4405,bleak-house
Mr. Vholes,Mr. Boythorn,4405,bleak-house
Mr. Vholes,Richard,4405,bleak-house
Mr. Vholes,Mr. Boythorn,4405,bleak-house
Mr. Vholes,Richard,4405,bleak-house
Mr. Skimpole,Ada,4406,bleak-house
Mr. Skimpole,Richard,4406,bleak-house
Ada,Mr. Skimpole,4406,bleak-house
Ada,Richard,4406,bleak-house
Ada,Mr. Skimpole,4406,bleak-house
Richard,Mr. Skimpole,4406,bleak-house
Richard,Ada,4406,bleak-house
Richard,Mr. Skimpole,4406,bleak-house
Mr. Skimpole,Ada,4406,bleak-house
Mr. Skimpole,Richard,4406,bleak-house
Richard,Mr. Vholes,4408,bleak-house
Mr. Vholes,Richard,4408,bleak-house
Bleak House,Esther,4415,bleak-house
Esther,Bleak House,4415,bleak-house
Mr. Turveydrop,Caddy,4419,bleak-house
Mr. Turveydrop,Caddy,4419,bleak-house
Caddy,Mr. Turveydrop,4419,bleak-house
Caddy,Mr. Turveydrop,4419,bleak-house
Esther,Caddy,4421,bleak-house
Esther,Ma,4421,bleak-house
Caddy,Esther,4421,bleak-house
Caddy,Ma,4421,bleak-house
Ma,Esther,4421,bleak-house
Ma,Caddy,4421,bleak-house
Caddy,Mr. Turveydrop,4433,bleak-house
Mr. Turveydrop,Caddy,4433,bleak-house
Ma,Esther,4435,bleak-house
Ma,Caddy,4435,bleak-house
Esther,Ma,4435,bleak-house
Esther,Caddy,4435,bleak-house
Caddy,Ma,4435,bleak-house
Caddy,Esther,4435,bleak-house
Caddy,Esther,4437,bleak-house
Esther,Caddy,4437,bleak-house
Old Mr. Turveydrop,Caddy,4443,bleak-house
Old Mr. Turveydrop,Esther,4443,bleak-house
Caddy,Old Mr. Turveydrop,4443,bleak-house
Caddy,Esther,4443,bleak-house
Esther,Old Mr. Turveydrop,4443,bleak-house
Esther,Caddy,4443,bleak-house
Mr. Turveydrop,Mr. Jellyby,4446,bleak-house
Mr. Turveydrop,Caddy,4446,bleak-house
Mr. Jellyby,Mr. Turveydrop,4446,bleak-house
Mr. Jellyby,Caddy,4446,bleak-house
Caddy,Mr. Turveydrop,4446,bleak-house
Caddy,Mr. Jellyby,4446,bleak-house
Caddy,Pa,4447,bleak-house
Caddy,Mr. Turveydrop,4447,bleak-house
Pa,Caddy,4447,bleak-house
Pa,Mr. Turveydrop,4447,bleak-house
Mr. Turveydrop,Caddy,4447,bleak-house
Mr. Turveydrop,Pa,4447,bleak-house
Mr. Turveydrop,Mr. Jellyby,4448,bleak-house
Mr. Jellyby,Mr. Turveydrop,4448,bleak-house
Caddy,Mr. Turveydrop,4449,bleak-house
Caddy,Esther,4449,bleak-house
Mr. Turveydrop,Caddy,4449,bleak-house
Mr. Turveydrop,Caddy,4449,bleak-house
Mr. Turveydrop,Esther,4449,bleak-house
Caddy,Mr. Turveydrop,4449,bleak-house
Caddy,Esther,4449,bleak-house
Esther,Caddy,4449,bleak-house
Esther,Mr. Turveydrop,4449,bleak-house
Esther,Caddy,4449,bleak-house
Mr. Guppy,Mother,4454,bleak-house
Mother,Mr. Guppy,4454,bleak-house
Caddy,Mr. Guppy,4456,bleak-house
Mr. Guppy,Caddy,4456,bleak-house
Mr.,Guppy,4458,bleak-house
Mr.,Mr. Guppy,4458,bleak-house
Mr.,Caddy,4458,bleak-house
Guppy,Mr.,4458,bleak-house
Guppy,Mr. Guppy,4458,bleak-house
Guppy,Caddy,4458,bleak-house
Mr. Guppy,Mr.,4458,bleak-house
Mr. Guppy,Guppy,4458,bleak-house
Mr. Guppy,Caddy,4458,bleak-house
Caddy,Mr.,4458,bleak-house
Caddy,Guppy,4458,bleak-house
Caddy,Mr. Guppy,4458,bleak-house
Mr. Guppy,Caddy,4460,bleak-house
Mr. Guppy,Caddy,4460,bleak-house
Caddy,Mr. Guppy,4460,bleak-house
Caddy,Mr. Guppy,4460,bleak-house
Mr. Kenge,Mr. Guppy,4463,bleak-house
Mr. Guppy,Mr. Kenge,4463,bleak-house
Mr. Jarndyce,Mr. Guppy,4480,bleak-house
Mr. Guppy,Mr. Jarndyce,4480,bleak-house
Mr. Guppy,Miss Summerson,4484,bleak-house
Miss Summerson,Mr. Guppy,4484,bleak-house
Miss Summerson,Mr. Guppy,4484,bleak-house
Mr. Guppy,Miss Summerson,4484,bleak-house
Mr.,Guppy,4486,bleak-house
Mr.,Mr. Guppy,4486,bleak-house
Guppy,Mr.,4486,bleak-house
Guppy,Mr. Guppy,4486,bleak-house
Mr. Guppy,Mr.,4486,bleak-house
Mr. Guppy,Guppy,4486,bleak-house
William Guppy,Penton Place,4493,bleak-house
Penton Place,William Guppy,4493,bleak-house
Mr. William Guppy,Penton Place,4494,bleak-house
Penton Place,Mr. William Guppy,4494,bleak-house
Married,Mr. Guppy,4497,bleak-house
Married,Caroline Jellyby,4497,bleak-house
Married,Oxford Street,4497,bleak-house
Mr. Guppy,Married,4497,bleak-house
Mr. Guppy,Caroline Jellyby,4497,bleak-house
Mr. Guppy,Oxford Street,4497,bleak-house
Caroline Jellyby,Married,4497,bleak-house
Caroline Jellyby,Mr. Guppy,4497,bleak-house
Caroline Jellyby,Oxford Street,4497,bleak-house
Oxford Street,Married,4497,bleak-house
Oxford Street,Mr. Guppy,4497,bleak-house
Oxford Street,Caroline Jellyby,4497,bleak-house
Mr. Vholes,Inn,4506,bleak-house
Mr. Vholes,Chancery,4506,bleak-house
Mr. Vholes,Symond,4506,bleak-house
Mr. Vholes,Symond,4506,bleak-house
Inn,Mr. Vholes,4506,bleak-house
Inn,Chancery,4506,bleak-house
Inn,Symond,4506,bleak-house
Inn,Symond,4506,bleak-house
Inn,Mr. Vholes,4506,bleak-house
Chancery,Mr. Vholes,4506,bleak-house
Chancery,Inn,4506,bleak-house
Chancery,Symond,4506,bleak-house
Chancery,Symond,4506,bleak-house
Chancery,Mr. Vholes,4506,bleak-house
Symond,Mr. Vholes,4506,bleak-house
Symond,Inn,4506,bleak-house
Symond,Chancery,4506,bleak-house
Symond,Mr. Vholes,4506,bleak-house
Symond,Mr. Vholes,4506,bleak-house
Symond,Inn,4506,bleak-house
Symond,Chancery,4506,bleak-house
Symond,Mr. Vholes,4506,bleak-house
Mr. Vholes,Inn,4506,bleak-house
Mr. Vholes,Chancery,4506,bleak-house
Mr. Vholes,Symond,4506,bleak-house
Mr. Vholes,Symond,4506,bleak-house
Mr.,Vholes,4507,bleak-house
Mr.,Mr. Vholes,4507,bleak-house
Mr.,Mr. Vholes,4507,bleak-house
Vholes,Mr.,4507,bleak-house
Vholes,Mr. Vholes,4507,bleak-house
Vholes,Mr. Vholes,4507,bleak-house
Mr. Vholes,Mr.,4507,bleak-house
Mr. Vholes,Vholes,4507,bleak-house
Mr. Vholes,Mr.,4507,bleak-house
Mr. Vholes,Vholes,4507,bleak-house
Mr.,Vholes,4508,bleak-house
Vholes,Mr.,4508,bleak-house
Mr. Vholes,Mr. Kenge,4510,bleak-house
Mr. Vholes,Mr.,4510,bleak-house
Mr. Vholes,Vholes,4510,bleak-house
Mr. Kenge,Mr. Vholes,4510,bleak-house
Mr. Kenge,Mr. Vholes,4510,bleak-house
Mr. Kenge,Mr. Vholes,4510,bleak-house
Mr. Kenge,Mr.,4510,bleak-house
Mr. Kenge,Mr. Vholes,4510,bleak-house
Mr. Kenge,Mr. Vholes,4510,bleak-house
Mr. Kenge,Mr. Vholes,4510,bleak-house
Mr. Kenge,Vholes,4510,bleak-house
Mr. Vholes,Mr. Kenge,4510,bleak-house
Mr. Vholes,Mr.,4510,bleak-house
Mr. Vholes,Vholes,4510,bleak-house
Mr. Vholes,Mr. Kenge,4510,bleak-house
Mr. Vholes,Mr.,4510,bleak-house
Mr. Vholes,Vholes,4510,bleak-house
Mr.,Mr. Vholes,4510,bleak-house
Mr.,Mr. Kenge,4510,bleak-house
Mr.,Mr. Vholes,4510,bleak-house
Mr.,Mr. Vholes,4510,bleak-house
Mr.,Mr. Vholes,4510,bleak-house
Mr.,Mr. Vholes,4510,bleak-house
Mr.,Mr. Vholes,4510,bleak-house
Mr.,Vholes,4510,bleak-house
Mr. Vholes,Mr. Kenge,4510,bleak-house
Mr. Vholes,Mr.,4510,bleak-house
Mr. Vholes,Vholes,4510,bleak-house
Mr. Vholes,Mr. Kenge,4510,bleak-house
Mr. Vholes,Mr.,4510,bleak-house
Mr. Vholes,Vholes,4510,bleak-house
Mr. Vholes,Mr. Kenge,4510,bleak-house
Mr. Vholes,Mr.,4510,bleak-house
Mr. Vholes,Vholes,4510,bleak-house
Vholes,Mr. Vholes,4510,bleak-house
Vholes,Mr. Kenge,4510,bleak-house
Vholes,Mr. Vholes,4510,bleak-house
Vholes,Mr. Vholes,4510,bleak-house
Vholes,Mr.,4510,bleak-house
Vholes,Mr. Vholes,4510,bleak-house
Vholes,Mr. Vholes,4510,bleak-house
Vholes,Mr. Vholes,4510,bleak-house
Vholes,Mr. Vholes,4511,bleak-house
Vholes,Mr. Vholes,4511,bleak-house
Mr. Vholes,Vholes,4511,bleak-house
Mr. Vholes,Vholes,4511,bleak-house
Mr. Vholes,Vholes,4512,bleak-house
Vholes,Mr. Vholes,4512,bleak-house
Mr. Vholes,Richard,4522,bleak-house
Richard,Mr. Vholes,4522,bleak-house
Sir,Vholes,4523,bleak-house
Sir,Vholes,4523,bleak-house
Vholes,Sir,4523,bleak-house
Vholes,Sir,4523,bleak-house
Sir,Vholes,4523,bleak-house
Sir,Vholes,4523,bleak-house
Vholes,Sir,4523,bleak-house
Vholes,Sir,4523,bleak-house
Vholes,Mr. Carstone,4525,bleak-house
Mr. Carstone,Vholes,4525,bleak-house
Mr.,Mr. C.,4526,bleak-house
Mr. C.,Mr.,4526,bleak-house
Mr.,Vholes,4527,bleak-house
Mr.,Richard,4527,bleak-house
Mr.,Mr. Vholes,4527,bleak-house
Vholes,Mr.,4527,bleak-house
Vholes,Richard,4527,bleak-house
Vholes,Mr. Vholes,4527,bleak-house
Richard,Mr.,4527,bleak-house
Richard,Vholes,4527,bleak-house
Richard,Mr. Vholes,4527,bleak-house
Mr. Vholes,Mr.,4527,bleak-house
Mr. Vholes,Vholes,4527,bleak-house
Mr. Vholes,Richard,4527,bleak-house
Mr. Vholes,Richard,4528,bleak-house
Richard,Mr. Vholes,4528,bleak-house
Mr. Vholes,Mr. C.,4529,bleak-house
Mr. C.,Mr. Vholes,4529,bleak-house
Aye,Richard,4530,bleak-house
Richard,Aye,4530,bleak-house
Mr. Vholes,Nobody,4533,bleak-house
Nobody,Mr. Vholes,4533,bleak-house
Vholes,Don,4536,bleak-house
Don,Vholes,4536,bleak-house
Mr. Vholes,Mr. C.,4538,bleak-house
Mr. C.,Mr. Vholes,4538,bleak-house
Vholes,Mr. Jarndyce,4542,bleak-house
Vholes,Mr. Jarndyce,4542,bleak-house
Mr. Jarndyce,Vholes,4542,bleak-house
Mr. Jarndyce,Vholes,4542,bleak-house
Vholes,Emma,4544,bleak-house
Vholes,Jane,4544,bleak-house
Vholes,Caroline,4544,bleak-house
Vholes,Mr. Skimpole,4544,bleak-house
Vholes,Kenge,4544,bleak-house
Vholes,Carboy,4544,bleak-house
Vholes,Michaelmas,4544,bleak-house
Vholes,Mr. Vholes,4544,bleak-house
Vholes,Mr. C.,4544,bleak-house
Emma,Vholes,4544,bleak-house
Emma,Jane,4544,bleak-house
Emma,Caroline,4544,bleak-house
Emma,Mr. Skimpole,4544,bleak-house
Emma,Kenge,4544,bleak-house
Emma,Carboy,4544,bleak-house
Emma,Michaelmas,4544,bleak-house
Emma,Mr. Vholes,4544,bleak-house
Emma,Mr. C.,4544,bleak-house
Jane,Vholes,4544,bleak-house
Jane,Emma,4544,bleak-house
Jane,Caroline,4544,bleak-house
Jane,Mr. Skimpole,4544,bleak-house
Jane,Kenge,4544,bleak-house
Jane,Carboy,4544,bleak-house
Jane,Michaelmas,4544,bleak-house
Jane,Mr. Vholes,4544,bleak-house
Jane,Mr. C.,4544,bleak-house
Caroline,Vholes,4544,bleak-house
Caroline,Emma,4544,bleak-house
Caroline,Jane,4544,bleak-house
Caroline,Mr. Skimpole,4544,bleak-house
Caroline,Kenge,4544,bleak-house
Caroline,Carboy,4544,bleak-house
Caroline,Michaelmas,4544,bleak-house
Caroline,Mr. Vholes,4544,bleak-house
Caroline,Mr. C.,4544,bleak-house
Mr. Skimpole,Vholes,4544,bleak-house
Mr. Skimpole,Emma,4544,bleak-house
Mr. Skimpole,Jane,4544,bleak-house
Mr. Skimpole,Caroline,4544,bleak-house
Mr. Skimpole,Kenge,4544,bleak-house
Mr. Skimpole,Carboy,4544,bleak-house
Mr. Skimpole,Michaelmas,4544,bleak-house
Mr. Skimpole,Mr. Vholes,4544,bleak-house
Mr. Skimpole,Mr. C.,4544,bleak-house
Kenge,Vholes,4544,bleak-house
Kenge,Emma,4544,bleak-house
Kenge,Jane,4544,bleak-house
Kenge,Caroline,4544,bleak-house
Kenge,Mr. Skimpole,4544,bleak-house
Kenge,Carboy,4544,bleak-house
Kenge,Michaelmas,4544,bleak-house
Kenge,Mr. Vholes,4544,bleak-house
Kenge,Mr. C.,4544,bleak-house
Carboy,Vholes,4544,bleak-house
Carboy,Emma,4544,bleak-house
Carboy,Jane,4544,bleak-house
Carboy,Caroline,4544,bleak-house
Carboy,Mr. Skimpole,4544,bleak-house
Carboy,Kenge,4544,bleak-house
Carboy,Michaelmas,4544,bleak-house
Carboy,Mr. Vholes,4544,bleak-house
Carboy,Mr. C.,4544,bleak-house
Michaelmas,Vholes,4544,bleak-house
Michaelmas,Emma,4544,bleak-house
Michaelmas,Jane,4544,bleak-house
Michaelmas,Caroline,4544,bleak-house
Michaelmas,Mr. Skimpole,4544,bleak-house
Michaelmas,Kenge,4544,bleak-house
Michaelmas,Carboy,4544,bleak-house
Michaelmas,Mr. Vholes,4544,bleak-house
Michaelmas,Mr. C.,4544,bleak-house
Mr. Vholes,Vholes,4544,bleak-house
Mr. Vholes,Emma,4544,bleak-house
Mr. Vholes,Jane,4544,bleak-house
Mr. Vholes,Caroline,4544,bleak-house
Mr. Vholes,Mr. Skimpole,4544,bleak-house
Mr. Vholes,Kenge,4544,bleak-house
Mr. Vholes,Carboy,4544,bleak-house
Mr. Vholes,Michaelmas,4544,bleak-house
Mr. Vholes,Mr. C.,4544,bleak-house
Mr. C.,Vholes,4544,bleak-house
Mr. C.,Emma,4544,bleak-house
Mr. C.,Jane,4544,bleak-house
Mr. C.,Caroline,4544,bleak-house
Mr. C.,Mr. Skimpole,4544,bleak-house
Mr. C.,Kenge,4544,bleak-house
Mr. C.,Carboy,4544,bleak-house
Mr. C.,Michaelmas,4544,bleak-house
Mr. C.,Mr. Vholes,4544,bleak-house
Mr. Carstone,Mr. C.,4545,bleak-house
Mr. C.,Mr. Carstone,4545,bleak-house
Vholes,Mr. C.,4546,bleak-house
Mr. C.,Vholes,4546,bleak-house
Mr. C.,Vholes,4546,bleak-house
Vholes,Mr. C.,4546,bleak-house
Mr. Vholes,Vholes,4548,bleak-house
Mr. Vholes,Vholes,4548,bleak-house
Mr. Vholes,Vholes,4548,bleak-house
Mr. Vholes,Vholes,4548,bleak-house
Vholes,Mr. Vholes,4548,bleak-house
Vholes,Mr. Vholes,4548,bleak-house
Vholes,Mr. Vholes,4548,bleak-house
Vholes,Mr. Vholes,4548,bleak-house
Richard,Symond,4549,bleak-house
Richard,Chancery,4549,bleak-house
Richard,Lincoln,4549,bleak-house
Richard,Inn,4549,bleak-house
Richard,Chancery,4549,bleak-house
Symond,Richard,4549,bleak-house
Symond,Chancery,4549,bleak-house
Symond,Lincoln,4549,bleak-house
Symond,Inn,4549,bleak-house
Symond,Chancery,4549,bleak-house
Chancery,Richard,4549,bleak-house
Chancery,Symond,4549,bleak-house
Chancery,Lincoln,4549,bleak-house
Chancery,Inn,4549,bleak-house
Lincoln,Richard,4549,bleak-house
Lincoln,Symond,4549,bleak-house
Lincoln,Chancery,4549,bleak-house
Lincoln,Inn,4549,bleak-house
Lincoln,Chancery,4549,bleak-house
Inn,Richard,4549,bleak-house
Inn,Symond,4549,bleak-house
Inn,Chancery,4549,bleak-house
Inn,Lincoln,4549,bleak-house
Inn,Chancery,4549,bleak-house
Chancery,Richard,4549,bleak-house
Chancery,Symond,4549,bleak-house
Chancery,Lincoln,4549,bleak-house
Chancery,Inn,4549,bleak-house
Richard,Vholes,4550,bleak-house
Richard,Vholes,4550,bleak-house
Vholes,Richard,4550,bleak-house
Vholes,Richard,4550,bleak-house
Richard,Angel,4551,bleak-house
Angel,Richard,4551,bleak-house
Mr. Guppy,Mr. Weevle,4552,bleak-house
Mr. Weevle,Mr. Guppy,4552,bleak-house
William,Mr. Weevle,4553,bleak-house
Mr. Weevle,William,4553,bleak-house
Mr. Guppy,Tony,4554,bleak-house
Tony,Mr. Guppy,4554,bleak-house
Small,Told Kenge,4558,bleak-house
Told Kenge,Small,4558,bleak-house
Tony,Mr. Guppy,4560,bleak-house
Tony,Guppy,4560,bleak-house
Mr. Guppy,Tony,4560,bleak-house
Mr. Guppy,Tony,4560,bleak-house
Mr. Guppy,Guppy,4560,bleak-house
Mr. Guppy,Tony,4560,bleak-house
Mr. Guppy,Tony,4560,bleak-house
Tony,Mr. Guppy,4560,bleak-house
Tony,Guppy,4560,bleak-house
Guppy,Tony,4560,bleak-house
Guppy,Mr. Guppy,4560,bleak-house
Guppy,Tony,4560,bleak-house
Guppy,Tony,4560,bleak-house
Guppy,Tony,4560,bleak-house
Tony,Mr. Guppy,4560,bleak-house
Tony,Guppy,4560,bleak-house
Tony,Mr. Guppy,4560,bleak-house
Tony,Guppy,4560,bleak-house
Tony,Mr. Guppy,4562,bleak-house
Mr. Guppy,Tony,4562,bleak-house
Mr.,Mr. Guppy,4563,bleak-house
Mr. Guppy,Mr.,4563,bleak-house
Mr. Smallweed,Judy,4564,bleak-house
Mr. Smallweed,Mr. Daniel Dancer,4564,bleak-house
Mr. Smallweed,Mr. Elwes,4564,bleak-house
Mr. Smallweed,Mr. Krook,4564,bleak-house
Mr. Smallweed,Miss M. Melvilleson,4564,bleak-house
Judy,Mr. Smallweed,4564,bleak-house
Judy,Mr. Daniel Dancer,4564,bleak-house
Judy,Mr. Elwes,4564,bleak-house
Judy,Mr. Krook,4564,bleak-house
Judy,Miss M. Melvilleson,4564,bleak-house
Judy,Mr. Smallweed,4564,bleak-house
Mr. Daniel Dancer,Mr. Smallweed,4564,bleak-house
Mr. Daniel Dancer,Judy,4564,bleak-house
Mr. Daniel Dancer,Mr. Elwes,4564,bleak-house
Mr. Daniel Dancer,Mr. Krook,4564,bleak-house
Mr. Daniel Dancer,Miss M. Melvilleson,4564,bleak-house
Mr. Daniel Dancer,Mr. Smallweed,4564,bleak-house
Mr. Elwes,Mr. Smallweed,4564,bleak-house
Mr. Elwes,Judy,4564,bleak-house
Mr. Elwes,Mr. Daniel Dancer,4564,bleak-house
Mr. Elwes,Mr. Krook,4564,bleak-house
Mr. Elwes,Miss M. Melvilleson,4564,bleak-house
Mr. Elwes,Mr. Smallweed,4564,bleak-house
Mr. Krook,Mr. Smallweed,4564,bleak-house
Mr. Krook,Judy,4564,bleak-house
Mr. Krook,Mr. Daniel Dancer,4564,bleak-house
Mr. Krook,Mr. Elwes,4564,bleak-house
Mr. Krook,Miss M. Melvilleson,4564,bleak-house
Mr. Krook,Mr. Smallweed,4564,bleak-house
Miss M. Melvilleson,Mr. Smallweed,4564,bleak-house
Miss M. Melvilleson,Judy,4564,bleak-house
Miss M. Melvilleson,Mr. Daniel Dancer,4564,bleak-house
Miss M. Melvilleson,Mr. Elwes,4564,bleak-house
Miss M. Melvilleson,Mr. Krook,4564,bleak-house
Miss M. Melvilleson,Mr. Smallweed,4564,bleak-house
Mr. Smallweed,Judy,4564,bleak-house
Mr. Smallweed,Mr. Daniel Dancer,4564,bleak-house
Mr. Smallweed,Mr. Elwes,4564,bleak-house
Mr. Smallweed,Mr. Krook,4564,bleak-house
Mr. Smallweed,Miss M. Melvilleson,4564,bleak-house
Mr.,Mr. Guppy,4565,bleak-house
Mr. Guppy,Mr.,4565,bleak-house
Mr. Smallweed,Small,4566,bleak-house
Mr. Smallweed,Small,4566,bleak-house
Small,Mr. Smallweed,4566,bleak-house
Small,Mr. Smallweed,4566,bleak-house
Mr. Smallweed,Judy,4567,bleak-house
Judy,Mr. Smallweed,4567,bleak-house
How,Mr. Weevle,4568,bleak-house
Mr. Weevle,How,4568,bleak-house
Mr.,Mr. Guppy,4569,bleak-house
Mr.,Mr. Weevle,4569,bleak-house
Mr.,Mr. Weevle,4569,bleak-house
Mr.,Mr. Guppy,4569,bleak-house
Mr.,Mr. Smallweed,4569,bleak-house
Mr.,How,4569,bleak-house
Mr.,Mr. Guppy,4569,bleak-house
Mr.,Mr. Tulkinghorn,4569,bleak-house
Mr. Guppy,Mr.,4569,bleak-house
Mr. Guppy,Mr. Weevle,4569,bleak-house
Mr. Guppy,Mr. Weevle,4569,bleak-house
Mr. Guppy,Mr. Smallweed,4569,bleak-house
Mr. Guppy,How,4569,bleak-house
Mr. Guppy,Mr. Tulkinghorn,4569,bleak-house
Mr. Weevle,Mr.,4569,bleak-house
Mr. Weevle,Mr. Guppy,4569,bleak-house
Mr. Weevle,Mr. Guppy,4569,bleak-house
Mr. Weevle,Mr. Smallweed,4569,bleak-house
Mr. Weevle,How,4569,bleak-house
Mr. Weevle,Mr. Guppy,4569,bleak-house
Mr. Weevle,Mr. Tulkinghorn,4569,bleak-house
Mr. Weevle,Mr.,4569,bleak-house
Mr. Weevle,Mr. Guppy,4569,bleak-house
Mr. Weevle,Mr. Guppy,4569,bleak-house
Mr. Weevle,Mr. Smallweed,4569,bleak-house
Mr. Weevle,How,4569,bleak-house
Mr. Weevle,Mr. Guppy,4569,bleak-house
Mr. Weevle,Mr. Tulkinghorn,4569,bleak-house
Mr. Guppy,Mr.,4569,bleak-house
Mr. Guppy,Mr. Weevle,4569,bleak-house
Mr. Guppy,Mr. Weevle,4569,bleak-house
Mr. Guppy,Mr. Smallweed,4569,bleak-house
Mr. Guppy,How,4569,bleak-house
Mr. Guppy,Mr. Tulkinghorn,4569,bleak-house
Mr. Smallweed,Mr.,4569,bleak-house
Mr. Smallweed,Mr. Guppy,4569,bleak-house
Mr. Smallweed,Mr. Weevle,4569,bleak-house
Mr. Smallweed,Mr. Weevle,4569,bleak-house
Mr. Smallweed,Mr. Guppy,4569,bleak-house
Mr. Smallweed,How,4569,bleak-house
Mr. Smallweed,Mr. Guppy,4569,bleak-house
Mr. Smallweed,Mr. Tulkinghorn,4569,bleak-house
How,Mr.,4569,bleak-house
How,Mr. Guppy,4569,bleak-house
How,Mr. Weevle,4569,bleak-house
How,Mr. Weevle,4569,bleak-house
How,Mr. Guppy,4569,bleak-house
How,Mr. Smallweed,4569,bleak-house
How,Mr. Guppy,4569,bleak-house
How,Mr. Tulkinghorn,4569,bleak-house
Mr. Guppy,Mr.,4569,bleak-house
Mr. Guppy,Mr. Weevle,4569,bleak-house
Mr. Guppy,Mr. Weevle,4569,bleak-house
Mr. Guppy,Mr. Smallweed,4569,bleak-house
Mr. Guppy,How,4569,bleak-house
Mr. Guppy,Mr. Tulkinghorn,4569,bleak-house
Mr. Tulkinghorn,Mr.,4569,bleak-house
Mr. Tulkinghorn,Mr. Guppy,4569,bleak-house
Mr. Tulkinghorn,Mr. Weevle,4569,bleak-house
Mr. Tulkinghorn,Mr. Weevle,4569,bleak-house
Mr. Tulkinghorn,Mr. Guppy,4569,bleak-house
Mr. Tulkinghorn,Mr. Smallweed,4569,bleak-house
Mr. Tulkinghorn,How,4569,bleak-house
Mr. Tulkinghorn,Mr. Guppy,4569,bleak-house
Mr.,Mr. Tulkinghorn,4571,bleak-house
Mr.,Mr. Tulkinghorn,4571,bleak-house
Mr. Tulkinghorn,Mr.,4571,bleak-house
Mr. Tulkinghorn,Mr.,4571,bleak-house
Mr. Guppy,Mr. Smallweed,4572,bleak-house
Mr. Smallweed,Mr. Guppy,4572,bleak-house
Rags,Bart,4573,bleak-house
Bart,Rags,4573,bleak-house
Mr.,Smallweed,4574,bleak-house
Mr.,Mr. Weevle,4574,bleak-house
Mr.,Mr. Guppy,4574,bleak-house
Smallweed,Mr.,4574,bleak-house
Smallweed,Mr. Weevle,4574,bleak-house
Smallweed,Mr. Guppy,4574,bleak-house
Mr. Weevle,Mr.,4574,bleak-house
Mr. Weevle,Smallweed,4574,bleak-house
Mr. Weevle,Mr. Guppy,4574,bleak-house
Mr. Guppy,Mr.,4574,bleak-house
Mr. Guppy,Smallweed,4574,bleak-house
Mr. Guppy,Mr. Weevle,4574,bleak-house
Mr. Guppy,Tony,4577,bleak-house
Tony,Mr. Guppy,4577,bleak-house
Mr.,Small,4579,bleak-house
Mr.,Krook,4579,bleak-house
Mr.,Shoohoo,4579,bleak-house
Small,Mr.,4579,bleak-house
Small,Krook,4579,bleak-house
Small,Shoohoo,4579,bleak-house
Krook,Mr.,4579,bleak-house
Krook,Small,4579,bleak-house
Krook,Shoohoo,4579,bleak-house
Shoohoo,Mr.,4579,bleak-house
Shoohoo,Small,4579,bleak-house
Shoohoo,Krook,4579,bleak-house
Lady,Mr. Tulkinghorn,4580,bleak-house
Mr. Tulkinghorn,Lady,4580,bleak-house
Guppy,Mr. Tulkinghorn,4581,bleak-house
Mr. Tulkinghorn,Guppy,4581,bleak-house
Mr.,Sir,4582,bleak-house
Mr.,Mr. Tulkinghorn,4582,bleak-house
Sir,Mr.,4582,bleak-house
Sir,Mr. Tulkinghorn,4582,bleak-house
Mr. Tulkinghorn,Mr.,4582,bleak-house
Mr. Tulkinghorn,Sir,4582,bleak-house
Mr. Tulkinghorn,Mr.,4585,bleak-house
Mr. Tulkinghorn,Mr. Guppy,4585,bleak-house
Mr.,Mr. Tulkinghorn,4585,bleak-house
Mr.,Mr. Guppy,4585,bleak-house
Mr. Guppy,Mr. Tulkinghorn,4585,bleak-house
Mr. Guppy,Mr.,4585,bleak-house
Mr.,Kenge,4588,bleak-house
Mr.,Carboy,4588,bleak-house
Mr.,Mr. Tulkinghorn,4588,bleak-house
Kenge,Mr.,4588,bleak-house
Kenge,Carboy,4588,bleak-house
Kenge,Mr. Tulkinghorn,4588,bleak-house
Carboy,Mr.,4588,bleak-house
Carboy,Kenge,4588,bleak-house
Carboy,Mr. Tulkinghorn,4588,bleak-house
Mr. Tulkinghorn,Mr.,4588,bleak-house
Mr. Tulkinghorn,Kenge,4588,bleak-house
Mr. Tulkinghorn,Carboy,4588,bleak-house
Mr. Tulkinghorn,Lady,4593,bleak-house
Lady,Mr. Tulkinghorn,4593,bleak-house
Mr. Guppy,Lady Dedlock,4594,bleak-house
Lady Dedlock,Mr. Guppy,4594,bleak-house
Lord Coodle,Sir Thomas Doodle,4600,bleak-house
Lord Coodle,Doodle,4600,bleak-house
Lord Coodle,Sir Thomas Doodle,4600,bleak-house
Lord Coodle,Sir Thomas Doodle,4600,bleak-house
Lord Coodle,Sir Leicester Dedlock,4600,bleak-house
Lord Coodle,Coodle,4600,bleak-house
Lord Coodle,Doodle,4600,bleak-house
Lord Coodle,Thomas Doodle,4600,bleak-house
Sir Thomas Doodle,Lord Coodle,4600,bleak-house
Sir Thomas Doodle,Doodle,4600,bleak-house
Sir Thomas Doodle,Lord Coodle,4600,bleak-house
Sir Thomas Doodle,Lord Coodle,4600,bleak-house
Sir Thomas Doodle,Sir Leicester Dedlock,4600,bleak-house
Sir Thomas Doodle,Coodle,4600,bleak-house
Sir Thomas Doodle,Doodle,4600,bleak-house
Sir Thomas Doodle,Thomas Doodle,4600,bleak-house
Doodle,Lord Coodle,4600,bleak-house
Doodle,Sir Thomas Doodle,4600,bleak-house
Doodle,Lord Coodle,4600,bleak-house
Doodle,Sir Thomas Doodle,4600,bleak-house
Doodle,Sir Thomas Doodle,4600,bleak-house
Doodle,Lord Coodle,4600,bleak-house
Doodle,Sir Leicester Dedlock,4600,bleak-house
Doodle,Coodle,4600,bleak-house
Doodle,Thomas Doodle,4600,bleak-house
Lord Coodle,Sir Thomas Doodle,4600,bleak-house
Lord Coodle,Doodle,4600,bleak-house
Lord Coodle,Sir Thomas Doodle,4600,bleak-house
Lord Coodle,Sir Thomas Doodle,4600,bleak-house
Lord Coodle,Sir Leicester Dedlock,4600,bleak-house
Lord Coodle,Coodle,4600,bleak-house
Lord Coodle,Doodle,4600,bleak-house
Lord Coodle,Thomas Doodle,4600,bleak-house
Sir Thomas Doodle,Lord Coodle,4600,bleak-house
Sir Thomas Doodle,Doodle,4600,bleak-house
Sir Thomas Doodle,Lord Coodle,4600,bleak-house
Sir Thomas Doodle,Lord Coodle,4600,bleak-house
Sir Thomas Doodle,Sir Leicester Dedlock,4600,bleak-house
Sir Thomas Doodle,Coodle,4600,bleak-house
Sir Thomas Doodle,Doodle,4600,bleak-house
Sir Thomas Doodle,Thomas Doodle,4600,bleak-house
Sir Thomas Doodle,Lord Coodle,4600,bleak-house
Sir Thomas Doodle,Doodle,4600,bleak-house
Sir Thomas Doodle,Lord Coodle,4600,bleak-house
Sir Thomas Doodle,Lord Coodle,4600,bleak-house
Sir Thomas Doodle,Sir Leicester Dedlock,4600,bleak-house
Sir Thomas Doodle,Coodle,4600,bleak-house
Sir Thomas Doodle,Doodle,4600,bleak-house
Sir Thomas Doodle,Thomas Doodle,4600,bleak-house
Lord Coodle,Sir Thomas Doodle,4600,bleak-house
Lord Coodle,Doodle,4600,bleak-house
Lord Coodle,Sir Thomas Doodle,4600,bleak-house
Lord Coodle,Sir Thomas Doodle,4600,bleak-house
Lord Coodle,Sir Leicester Dedlock,4600,bleak-house
Lord Coodle,Coodle,4600,bleak-house
Lord Coodle,Doodle,4600,bleak-house
Lord Coodle,Thomas Doodle,4600,bleak-house
Sir Leicester Dedlock,Lord Coodle,4600,bleak-house
Sir Leicester Dedlock,Sir Thomas Doodle,4600,bleak-house
Sir Leicester Dedlock,Doodle,4600,bleak-house
Sir Leicester Dedlock,Lord Coodle,4600,bleak-house
Sir Leicester Dedlock,Sir Thomas Doodle,4600,bleak-house
Sir Leicester Dedlock,Sir Thomas Doodle,4600,bleak-house
Sir Leicester Dedlock,Lord Coodle,4600,bleak-house
Sir Leicester Dedlock,Coodle,4600,bleak-house
Sir Leicester Dedlock,Doodle,4600,bleak-house
Sir Leicester Dedlock,Thomas Doodle,4600,bleak-house
Coodle,Lord Coodle,4600,bleak-house
Coodle,Sir Thomas Doodle,4600,bleak-house
Coodle,Doodle,4600,bleak-house
Coodle,Lord Coodle,4600,bleak-house
Coodle,Sir Thomas Doodle,4600,bleak-house
Coodle,Sir Thomas Doodle,4600,bleak-house
Coodle,Lord Coodle,4600,bleak-house
Coodle,Sir Leicester Dedlock,4600,bleak-house
Coodle,Doodle,4600,bleak-house
Coodle,Thomas Doodle,4600,bleak-house
Doodle,Lord Coodle,4600,bleak-house
Doodle,Sir Thomas Doodle,4600,bleak-house
Doodle,Lord Coodle,4600,bleak-house
Doodle,Sir Thomas Doodle,4600,bleak-house
Doodle,Sir Thomas Doodle,4600,bleak-house
Doodle,Lord Coodle,4600,bleak-house
Doodle,Sir Leicester Dedlock,4600,bleak-house
Doodle,Coodle,4600,bleak-house
Doodle,Thomas Doodle,4600,bleak-house
Thomas Doodle,Lord Coodle,4600,bleak-house
Thomas Doodle,Sir Thomas Doodle,4600,bleak-house
Thomas Doodle,Doodle,4600,bleak-house
Thomas Doodle,Lord Coodle,4600,bleak-house
Thomas Doodle,Sir Thomas Doodle,4600,bleak-house
Thomas Doodle,Sir Thomas Doodle,4600,bleak-house
Thomas Doodle,Lord Coodle,4600,bleak-house
Thomas Doodle,Sir Leicester Dedlock,4600,bleak-house
Thomas Doodle,Coodle,4600,bleak-house
Thomas Doodle,Doodle,4600,bleak-house
Dedlocks,Down,4604,bleak-house
Down,Dedlocks,4604,bleak-house
Chesney Wold,Thomas,4611,bleak-house
Thomas,Chesney Wold,4611,bleak-house
Sir Leicester,Better,4614,bleak-house
Sir Leicester,Volumnia,4614,bleak-house
Better,Sir Leicester,4614,bleak-house
Better,Volumnia,4614,bleak-house
Volumnia,Sir Leicester,4614,bleak-house
Volumnia,Better,4614,bleak-house
Lady,Sir Leicester,4615,bleak-house
Sir Leicester,Lady,4615,bleak-house
Sir Leicester,Daily Volumnia,4616,bleak-house
Daily Volumnia,Sir Leicester,4616,bleak-house
Daily Volumnia,Sir Leicester,4616,bleak-house
Daily Volumnia,Sir Leicester,4616,bleak-house
Sir Leicester,Daily Volumnia,4616,bleak-house
Sir Leicester,Daily Volumnia,4616,bleak-house
Doodle,Sir Leicester,4618,bleak-house
Sir Leicester,Doodle,4618,bleak-house
Dedlock,Sir Leicester,4626,bleak-house
Sir Leicester,Dedlock,4626,bleak-house
Sir Leicester,Mr. Tulkinghorn,4640,bleak-house
Sir Leicester,Mr. Tulkinghorn,4640,bleak-house
Mr. Tulkinghorn,Sir Leicester,4640,bleak-house
Mr. Tulkinghorn,Sir Leicester,4640,bleak-house
Sir Leicester,Mr. Tulkinghorn,4641,bleak-house
Sir Leicester,Mr. Tulkinghorn,4641,bleak-house
Mr. Tulkinghorn,Sir Leicester,4641,bleak-house
Mr. Tulkinghorn,Sir Leicester,4641,bleak-house
Sir Leicester,Mr. Tulkinghorn,4644,bleak-house
Mr. Tulkinghorn,Sir Leicester,4644,bleak-house
Tulkinghorn,Sir Leicester,4648,bleak-house
Sir Leicester,Tulkinghorn,4648,bleak-house
Enter,Mr. Tulkinghorn,4654,bleak-house
Mr. Tulkinghorn,Enter,4654,bleak-house
Mr.,Lady,4660,bleak-house
Mr.,Sir Leicester,4660,bleak-house
Mr.,Sir Leicester,4660,bleak-house
Mr.,Lady,4660,bleak-house
Mr.,Sir Leicester,4660,bleak-house
Mr.,Mr. Tulkinghorn,4660,bleak-house
Lady,Mr.,4660,bleak-house
Lady,Sir Leicester,4660,bleak-house
Lady,Sir Leicester,4660,bleak-house
Lady,Sir Leicester,4660,bleak-house
Lady,Mr. Tulkinghorn,4660,bleak-house
Sir Leicester,Mr.,4660,bleak-house
Sir Leicester,Lady,4660,bleak-house
Sir Leicester,Lady,4660,bleak-house
Sir Leicester,Mr. Tulkinghorn,4660,bleak-house
Sir Leicester,Mr.,4660,bleak-house
Sir Leicester,Lady,4660,bleak-house
Sir Leicester,Lady,4660,bleak-house
Sir Leicester,Mr. Tulkinghorn,4660,bleak-house
Lady,Mr.,4660,bleak-house
Lady,Sir Leicester,4660,bleak-house
Lady,Sir Leicester,4660,bleak-house
Lady,Sir Leicester,4660,bleak-house
Lady,Mr. Tulkinghorn,4660,bleak-house
Sir Leicester,Mr.,4660,bleak-house
Sir Leicester,Lady,4660,bleak-house
Sir Leicester,Lady,4660,bleak-house
Sir Leicester,Mr. Tulkinghorn,4660,bleak-house
Mr. Tulkinghorn,Mr.,4660,bleak-house
Mr. Tulkinghorn,Lady,4660,bleak-house
Mr. Tulkinghorn,Sir Leicester,4660,bleak-house
Mr. Tulkinghorn,Sir Leicester,4660,bleak-house
Mr. Tulkinghorn,Lady,4660,bleak-house
Mr. Tulkinghorn,Sir Leicester,4660,bleak-house
Sir Leicester,How,4661,bleak-house
How,Sir Leicester,4661,bleak-house
Sir,Volumnia,4664,bleak-house
Volumnia,Sir,4664,bleak-house
Sir Leicester,Mr. Rouncewell,4666,bleak-house
Mr. Rouncewell,Sir Leicester,4666,bleak-house
Sir,Mr. Rouncewell,4668,bleak-house
Mr. Rouncewell,Sir,4668,bleak-house
Sir Leicester,Mr. Tulkinghorn,4687,bleak-house
Mr. Tulkinghorn,Sir Leicester,4687,bleak-house
Really,Sir Leicester,4688,bleak-house
Really,Lady Dedlock,4688,bleak-house
Sir Leicester,Really,4688,bleak-house
Sir Leicester,Lady Dedlock,4688,bleak-house
Lady Dedlock,Really,4688,bleak-house
Lady Dedlock,Sir Leicester,4688,bleak-house
Mr. Tulkinghorn,Miss Dedlock,4690,bleak-house
Mr. Tulkinghorn,Sir Leicester,4690,bleak-house
Mr. Tulkinghorn,Lady Dedlock,4690,bleak-house
Miss Dedlock,Mr. Tulkinghorn,4690,bleak-house
Miss Dedlock,Sir Leicester,4690,bleak-house
Miss Dedlock,Lady Dedlock,4690,bleak-house
Sir Leicester,Mr. Tulkinghorn,4690,bleak-house
Sir Leicester,Miss Dedlock,4690,bleak-house
Sir Leicester,Lady Dedlock,4690,bleak-house
Lady Dedlock,Mr. Tulkinghorn,4690,bleak-house
Lady Dedlock,Miss Dedlock,4690,bleak-house
Lady Dedlock,Sir Leicester,4690,bleak-house
Sir,Mr. Tulkinghorn,4693,bleak-house
Mr. Tulkinghorn,Sir,4693,bleak-house
Sir Leicester,Mr. Rouncewell,4696,bleak-house
Sir Leicester,Such,4696,bleak-house
Sir Leicester,Lady Dedlock,4696,bleak-house
Mr. Rouncewell,Sir Leicester,4696,bleak-house
Mr. Rouncewell,Such,4696,bleak-house
Mr. Rouncewell,Lady Dedlock,4696,bleak-house
Such,Sir Leicester,4696,bleak-house
Such,Mr. Rouncewell,4696,bleak-house
Such,Lady Dedlock,4696,bleak-house
Lady Dedlock,Sir Leicester,4696,bleak-house
Lady Dedlock,Mr. Rouncewell,4696,bleak-house
Lady Dedlock,Such,4696,bleak-house
Volumnia,Wat Tyler,4697,bleak-house
Wat Tyler,Volumnia,4697,bleak-house
Sir Leicester,Mr. Tulkinghorn,4698,bleak-house
Sir Leicester,Lady Dedlock,4698,bleak-house
Sir Leicester,Lady Dedlock,4698,bleak-house
Mr. Tulkinghorn,Sir Leicester,4698,bleak-house
Mr. Tulkinghorn,Lady Dedlock,4698,bleak-house
Mr. Tulkinghorn,Lady Dedlock,4698,bleak-house
Lady Dedlock,Sir Leicester,4698,bleak-house
Lady Dedlock,Mr. Tulkinghorn,4698,bleak-house
Lady Dedlock,Sir Leicester,4698,bleak-house
Lady Dedlock,Mr. Tulkinghorn,4698,bleak-house
Mr. Tulkinghorn,Room,4701,bleak-house
Room,Mr. Tulkinghorn,4701,bleak-house
Anger,Mr. Tulkinghorn,4720,bleak-house
Mr. Tulkinghorn,Anger,4720,bleak-house
Lady Dedlock,Sir Leicester,4721,bleak-house
Sir Leicester,Lady Dedlock,4721,bleak-house
Really,Lady Dedlock,4725,bleak-house
Really,Mr. Tulkinghorn,4725,bleak-house
Lady Dedlock,Really,4725,bleak-house
Lady Dedlock,Mr. Tulkinghorn,4725,bleak-house
Mr. Tulkinghorn,Really,4725,bleak-house
Mr. Tulkinghorn,Lady Dedlock,4725,bleak-house
Sir,Mr. Rouncewell,4727,bleak-house
Mr. Rouncewell,Sir,4727,bleak-house
Lady Dedlock,Pray,4731,bleak-house
Pray,Lady Dedlock,4731,bleak-house
Lady Dedlock,Mr. Tulkinghorn,4738,bleak-house
Mr. Tulkinghorn,Lady Dedlock,4738,bleak-house
Lady Dedlock,Sir Leicester,4748,bleak-house
Sir Leicester,Lady Dedlock,4748,bleak-house
Pardon,Lady Dedlock,4755,bleak-house
Lady Dedlock,Pardon,4755,bleak-house
Lady Dedlock,Sir Leicester,4759,bleak-house
Sir Leicester,Lady Dedlock,4759,bleak-house
Lady Dedlock,Sir Leicester,4761,bleak-house
Lady Dedlock,Sir Leicester,4761,bleak-house
Sir Leicester,Lady Dedlock,4761,bleak-house
Sir Leicester,Lady Dedlock,4761,bleak-house
Sir Leicester,Chesney Wold,4765,bleak-house
Sir Leicester,Lady Dedlock,4765,bleak-house
Sir Leicester,Chesney Wold,4765,bleak-house
Sir Leicester,Lady Dedlock,4765,bleak-house
Sir Leicester,Chesney Wold,4765,bleak-house
Sir Leicester,Lady Dedlock,4765,bleak-house
Chesney Wold,Sir Leicester,4765,bleak-house
Chesney Wold,Sir Leicester,4765,bleak-house
Chesney Wold,Sir Leicester,4765,bleak-house
Chesney Wold,Sir Leicester,4765,bleak-house
Chesney Wold,Lady Dedlock,4765,bleak-house
Sir Leicester,Chesney Wold,4765,bleak-house
Sir Leicester,Lady Dedlock,4765,bleak-house
Lady Dedlock,Sir Leicester,4765,bleak-house
Lady Dedlock,Sir Leicester,4765,bleak-house
Lady Dedlock,Sir Leicester,4765,bleak-house
Lady Dedlock,Chesney Wold,4765,bleak-house
Lady Dedlock,Sir Leicester,4765,bleak-house
Mr. Tulkinghorn,Sir Leicester,4767,bleak-house
Mr. Tulkinghorn,Lady Dedlock,4767,bleak-house
Mr. Tulkinghorn,Lady Dedlock,4767,bleak-house
Sir Leicester,Mr. Tulkinghorn,4767,bleak-house
Sir Leicester,Lady Dedlock,4767,bleak-house
Sir Leicester,Lady Dedlock,4767,bleak-house
Lady Dedlock,Mr. Tulkinghorn,4767,bleak-house
Lady Dedlock,Sir Leicester,4767,bleak-house
Lady Dedlock,Mr. Tulkinghorn,4767,bleak-house
Lady Dedlock,Sir Leicester,4767,bleak-house
Mr. Tulkinghorn,Lady Dedlock,4771,bleak-house
Mr. Tulkinghorn,Sir Leicester,4771,bleak-house
Lady Dedlock,Mr. Tulkinghorn,4771,bleak-house
Lady Dedlock,Sir Leicester,4771,bleak-house
Sir Leicester,Mr. Tulkinghorn,4771,bleak-house
Sir Leicester,Lady Dedlock,4771,bleak-house
Mr. Tulkinghorn,Lady Dedlock,4784,bleak-house
Lady Dedlock,Mr. Tulkinghorn,4784,bleak-house
Sir Leicester,Lady Dedlock,4786,bleak-house
Sir Leicester,Lady Dedlock,4786,bleak-house
Lady Dedlock,Sir Leicester,4786,bleak-house
Lady Dedlock,Sir Leicester,4786,bleak-house
Will,Wills,4790,bleak-house
Will,Mr. Tulkinghorn,4790,bleak-house
Will,Sir Leicester,4790,bleak-house
Will,Lady Dedlock,4790,bleak-house
Wills,Will,4790,bleak-house
Wills,Mr. Tulkinghorn,4790,bleak-house
Wills,Sir Leicester,4790,bleak-house
Wills,Lady Dedlock,4790,bleak-house
Mr. Tulkinghorn,Will,4790,bleak-house
Mr. Tulkinghorn,Wills,4790,bleak-house
Mr. Tulkinghorn,Sir Leicester,4790,bleak-house
Mr. Tulkinghorn,Lady Dedlock,4790,bleak-house
Sir Leicester,Will,4790,bleak-house
Sir Leicester,Wills,4790,bleak-house
Sir Leicester,Mr. Tulkinghorn,4790,bleak-house
Sir Leicester,Lady Dedlock,4790,bleak-house
Lady Dedlock,Will,4790,bleak-house
Lady Dedlock,Wills,4790,bleak-house
Lady Dedlock,Mr. Tulkinghorn,4790,bleak-house
Lady Dedlock,Sir Leicester,4790,bleak-house
Mr. Tulkinghorn,Chesney Wold,4794,bleak-house
Mr. Tulkinghorn,Lincoln,4794,bleak-house
Mr. Tulkinghorn,Inn Fields,4794,bleak-house
Chesney Wold,Mr. Tulkinghorn,4794,bleak-house
Chesney Wold,Lincoln,4794,bleak-house
Chesney Wold,Inn Fields,4794,bleak-house
Lincoln,Mr. Tulkinghorn,4794,bleak-house
Lincoln,Chesney Wold,4794,bleak-house
Lincoln,Inn Fields,4794,bleak-house
Inn Fields,Mr. Tulkinghorn,4794,bleak-house
Inn Fields,Chesney Wold,4794,bleak-house
Inn Fields,Lincoln,4794,bleak-house
Mr.,Tulkinghorn,4805,bleak-house
Tulkinghorn,Mr.,4805,bleak-house
Snagsby,Mr. Tulkinghorn,4809,bleak-house
Mr. Tulkinghorn,Snagsby,4809,bleak-house
Mr. Snagsby,Mr. Tulkinghorn,4813,bleak-house
Mr. Snagsby,Snagsby,4813,bleak-house
Mr. Snagsby,Whereas,4813,bleak-house
Mr. Tulkinghorn,Mr. Snagsby,4813,bleak-house
Mr. Tulkinghorn,Snagsby,4813,bleak-house
Mr. Tulkinghorn,Whereas,4813,bleak-house
Mr. Tulkinghorn,Mr. Snagsby,4813,bleak-house
Snagsby,Mr. Snagsby,4813,bleak-house
Snagsby,Mr. Tulkinghorn,4813,bleak-house
Snagsby,Whereas,4813,bleak-house
Snagsby,Mr. Snagsby,4813,bleak-house
Whereas,Mr. Snagsby,4813,bleak-house
Whereas,Mr. Tulkinghorn,4813,bleak-house
Whereas,Snagsby,4813,bleak-house
Whereas,Mr. Snagsby,4813,bleak-house
Mr. Snagsby,Mr. Tulkinghorn,4813,bleak-house
Mr. Snagsby,Snagsby,4813,bleak-house
Mr. Snagsby,Whereas,4813,bleak-house
Mr.,Tulkinghorn,4814,bleak-house
Mr.,Snagsby,4814,bleak-house
Tulkinghorn,Mr.,4814,bleak-house
Tulkinghorn,Snagsby,4814,bleak-house
Snagsby,Mr.,4814,bleak-house
Snagsby,Tulkinghorn,4814,bleak-house
Mr. Snagsby,Mr. Tulkinghorn,4819,bleak-house
Mr. Tulkinghorn,Mr. Snagsby,4819,bleak-house
Roman,Mr. Tulkinghorn,4820,bleak-house
Mr. Tulkinghorn,Roman,4820,bleak-house
Mr. Tulkinghorn,Mademoiselle Hortense,4828,bleak-house
Mademoiselle Hortense,Mr. Tulkinghorn,4828,bleak-house
Mr.,Tulkinghorn,4836,bleak-house
Tulkinghorn,Mr.,4836,bleak-house
Mr. Tulkinghorn,Mr. Snagsby,4863,bleak-house
Mr. Snagsby,Mr. Tulkinghorn,4863,bleak-house
Esther,Narrative,4877,bleak-house
Narrative,Esther,4877,bleak-house
Ada,Richard,4880,bleak-house
Ada,Richard,4880,bleak-house
Ada,Rick,4880,bleak-house
Richard,Ada,4880,bleak-house
Richard,Rick,4880,bleak-house
Richard,Ada,4880,bleak-house
Richard,Rick,4880,bleak-house
Rick,Ada,4880,bleak-house
Rick,Richard,4880,bleak-house
Rick,Richard,4880,bleak-house
Richard,Jarndyce,4881,bleak-house
Richard,Jarndyce,4881,bleak-house
Richard,Jarndyce,4881,bleak-house
Richard,Jarndyce,4881,bleak-house
Jarndyce,Richard,4881,bleak-house
Jarndyce,Richard,4881,bleak-house
Jarndyce,Richard,4881,bleak-house
Jarndyce,Richard,4881,bleak-house
Mr. Skimpole,Richard,4882,bleak-house
Richard,Mr. Skimpole,4882,bleak-house
Adviser,Skimpole,4883,bleak-house
Skimpole,Adviser,4883,bleak-house
John,Ada,4888,bleak-house
Ada,John,4888,bleak-house
Richard,Mr. Vholes,4894,bleak-house
Mr. Vholes,Richard,4894,bleak-house
Rick,Mr. Vholes,4895,bleak-house
Mr. Vholes,Rick,4895,bleak-house
Mr. Jarndyce,Ada,4900,bleak-house
Ada,Mr. Jarndyce,4900,bleak-house
Mr. Jarndyce,Mr. Skimpole,4901,bleak-house
Mr. Skimpole,Mr. Jarndyce,4901,bleak-house
Mr. Skimpole,Saint Summerson,4910,bleak-house
Saint Summerson,Mr. Skimpole,4910,bleak-house
Harold,Rick,4913,bleak-house
Rick,Harold,4913,bleak-house
Mr. Jarndyce,Harold,4916,bleak-house
Harold,Mr. Jarndyce,4916,bleak-house
Mr. Skimpole,Miss Clare,4921,bleak-house
Mr. Skimpole,Mr. Carstone,4921,bleak-house
Miss Clare,Mr. Skimpole,4921,bleak-house
Miss Clare,Mr. Carstone,4921,bleak-house
Mr. Carstone,Mr. Skimpole,4921,bleak-house
Mr. Carstone,Miss Clare,4921,bleak-house
Mr. Skimpole,Harold,4924,bleak-house
Harold,Mr. Skimpole,4924,bleak-house
Mr. Skimpole,Miss Summerson,4932,bleak-house
Mr. Skimpole,Summerson,4932,bleak-house
Miss Summerson,Mr. Skimpole,4932,bleak-house
Miss Summerson,Summerson,4932,bleak-house
Summerson,Mr. Skimpole,4932,bleak-house
Summerson,Miss Summerson,4932,bleak-house
Mr. Jarndyce,Mr. Skimpole,4938,bleak-house
Mr. Skimpole,Mr. Jarndyce,4938,bleak-house
Mr. Skimpole,Don,4945,bleak-house
Mr. Skimpole,Nature,4945,bleak-house
Mr. Skimpole,Jarndyce,4945,bleak-house
Don,Mr. Skimpole,4945,bleak-house
Don,Nature,4945,bleak-house
Don,Mr. Skimpole,4945,bleak-house
Don,Jarndyce,4945,bleak-house
Nature,Mr. Skimpole,4945,bleak-house
Nature,Don,4945,bleak-house
Nature,Mr. Skimpole,4945,bleak-house
Nature,Jarndyce,4945,bleak-house
Mr. Skimpole,Don,4945,bleak-house
Mr. Skimpole,Nature,4945,bleak-house
Mr. Skimpole,Jarndyce,4945,bleak-house
Jarndyce,Mr. Skimpole,4945,bleak-house
Jarndyce,Don,4945,bleak-house
Jarndyce,Nature,4945,bleak-house
Jarndyce,Mr. Skimpole,4945,bleak-house
Jarndyce,Sir Leicester,4952,bleak-house
Sir Leicester,Jarndyce,4952,bleak-house
Sir Leicester,Mr. Skimpole,4960,bleak-house
Mr. Skimpole,Sir Leicester,4960,bleak-house
Sir Leicester Dedlock,Chesney Wold,4961,bleak-house
Sir Leicester Dedlock,Mr. Skimpole,4961,bleak-house
Chesney Wold,Sir Leicester Dedlock,4961,bleak-house
Chesney Wold,Mr. Skimpole,4961,bleak-house
Mr. Skimpole,Sir Leicester Dedlock,4961,bleak-house
Mr. Skimpole,Chesney Wold,4961,bleak-house
Sir,Leicester,4962,bleak-house
Leicester,Sir,4962,bleak-house
Sir,Leicester,4964,bleak-house
Sir,Mr. Skimpole,4964,bleak-house
Sir,Mr. Skimpole,4964,bleak-house
Leicester,Sir,4964,bleak-house
Leicester,Mr. Skimpole,4964,bleak-house
Leicester,Mr. Skimpole,4964,bleak-house
Mr. Skimpole,Sir,4964,bleak-house
Mr. Skimpole,Leicester,4964,bleak-house
Mr. Skimpole,Sir,4964,bleak-house
Mr. Skimpole,Leicester,4964,bleak-house
Skimpole,Sir Leicester,4965,bleak-house
Sir Leicester,Skimpole,4965,bleak-house
Miss Summerson,Miss Clare,4966,bleak-house
Miss Summerson,Mr. Skimpole,4966,bleak-house
Miss Clare,Miss Summerson,4966,bleak-house
Miss Clare,Mr. Skimpole,4966,bleak-house
Mr. Skimpole,Miss Summerson,4966,bleak-house
Mr. Skimpole,Miss Clare,4966,bleak-house
Mr.,Mr. Jarndyce,4967,bleak-house
Mr.,Lady Dedlock,4967,bleak-house
Mr. Jarndyce,Mr.,4967,bleak-house
Mr. Jarndyce,Lady Dedlock,4967,bleak-house
Lady Dedlock,Mr.,4967,bleak-house
Lady Dedlock,Mr. Jarndyce,4967,bleak-house
Lady Dedlock,Sir Leicester,4970,bleak-house
Lady Dedlock,Mr. Jarndyce,4970,bleak-house
Lady Dedlock,Mr. Jarndyce,4970,bleak-house
Lady Dedlock,Mr. Skimpole,4970,bleak-house
Lady Dedlock,Mr. Boythorn,4970,bleak-house
Sir Leicester,Lady Dedlock,4970,bleak-house
Sir Leicester,Mr. Jarndyce,4970,bleak-house
Sir Leicester,Mr. Jarndyce,4970,bleak-house
Sir Leicester,Mr. Skimpole,4970,bleak-house
Sir Leicester,Mr. Boythorn,4970,bleak-house
Mr. Jarndyce,Lady Dedlock,4970,bleak-house
Mr. Jarndyce,Sir Leicester,4970,bleak-house
Mr. Jarndyce,Mr. Skimpole,4970,bleak-house
Mr. Jarndyce,Mr. Boythorn,4970,bleak-house
Mr. Jarndyce,Lady Dedlock,4970,bleak-house
Mr. Jarndyce,Sir Leicester,4970,bleak-house
Mr. Jarndyce,Mr. Skimpole,4970,bleak-house
Mr. Jarndyce,Mr. Boythorn,4970,bleak-house
Mr. Skimpole,Lady Dedlock,4970,bleak-house
Mr. Skimpole,Sir Leicester,4970,bleak-house
Mr. Skimpole,Mr. Jarndyce,4970,bleak-house
Mr. Skimpole,Mr. Jarndyce,4970,bleak-house
Mr. Skimpole,Mr. Boythorn,4970,bleak-house
Mr. Boythorn,Lady Dedlock,4970,bleak-house
Mr. Boythorn,Sir Leicester,4970,bleak-house
Mr. Boythorn,Mr. Jarndyce,4970,bleak-house
Mr. Boythorn,Mr. Jarndyce,4970,bleak-house
Mr. Boythorn,Mr. Skimpole,4970,bleak-house
Sir,Leicester Dedlock,4972,bleak-house
Leicester Dedlock,Sir,4972,bleak-house
Charley,Mind,5039,bleak-house
Mind,Charley,5039,bleak-house
Charley,Mr. Jarndyce,5041,bleak-house
Mr. Jarndyce,Charley,5041,bleak-house
Mr. Jarndyce,Charley,5041,bleak-house
Mr. Jarndyce,Charley,5041,bleak-house
Mr. Jarndyce,Charley,5041,bleak-house
Mr. Jarndyce,Charley,5041,bleak-house
Charley,Mr. Jarndyce,5041,bleak-house
Charley,Mr. Jarndyce,5041,bleak-house
Charley,Mr. Jarndyce,5041,bleak-house
Charley,Mr. Jarndyce,5041,bleak-house
Bleak House,Don,5054,bleak-house
Bleak House,Woodcourt,5054,bleak-house
Don,Bleak House,5054,bleak-house
Don,Woodcourt,5054,bleak-house
Woodcourt,Bleak House,5054,bleak-house
Woodcourt,Don,5054,bleak-house
Mr. Skimpole,Ada,5061,bleak-house
Ada,Mr. Skimpole,5061,bleak-house
Mr. Vholes,Ada,5072,bleak-house
Mr. Vholes,Richard,5072,bleak-house
Ada,Mr. Vholes,5072,bleak-house
Ada,Richard,5072,bleak-house
Ada,Mr. Vholes,5072,bleak-house
Richard,Mr. Vholes,5072,bleak-house
Richard,Ada,5072,bleak-house
Richard,Mr. Vholes,5072,bleak-house
Mr. Vholes,Ada,5072,bleak-house
Mr. Vholes,Richard,5072,bleak-house
Charley,Flora,5073,bleak-house
Charley,Mr. Jarndyce,5073,bleak-house
Flora,Charley,5073,bleak-house
Flora,Mr. Jarndyce,5073,bleak-house
Mr. Jarndyce,Charley,5073,bleak-house
Mr. Jarndyce,Flora,5073,bleak-house
Charley,Mr. Jarndyce,5074,bleak-house
Charley,Mr. Jarndyce,5074,bleak-house
Mr. Jarndyce,Charley,5074,bleak-house
Mr. Jarndyce,Charley,5074,bleak-house
Ada,Charley,5075,bleak-house
Ada,Mr. Jarndyce,5075,bleak-house
Ada,Charley,5075,bleak-house
Ada,Mr. Richard,5075,bleak-house
Charley,Ada,5075,bleak-house
Charley,Mr. Jarndyce,5075,bleak-house
Charley,Mr. Richard,5075,bleak-house
Mr. Jarndyce,Ada,5075,bleak-house
Mr. Jarndyce,Charley,5075,bleak-house
Mr. Jarndyce,Charley,5075,bleak-house
Mr. Jarndyce,Mr. Richard,5075,bleak-house
Charley,Ada,5075,bleak-house
Charley,Mr. Jarndyce,5075,bleak-house
Charley,Mr. Richard,5075,bleak-house
Mr. Richard,Ada,5075,bleak-house
Mr. Richard,Charley,5075,bleak-house
Mr. Richard,Mr. Jarndyce,5075,bleak-house
Mr. Richard,Charley,5075,bleak-house
Mr.,Vholes,5078,bleak-house
Mr.,Richard,5078,bleak-house
Mr.,Richard,5078,bleak-house
Vholes,Mr.,5078,bleak-house
Vholes,Richard,5078,bleak-house
Vholes,Richard,5078,bleak-house
Richard,Mr.,5078,bleak-house
Richard,Vholes,5078,bleak-house
Richard,Mr.,5078,bleak-house
Richard,Vholes,5078,bleak-house
Vholes,Mr. Vholes,5079,bleak-house
Mr. Vholes,Vholes,5079,bleak-house
Rick,Mr. Vholes,5081,bleak-house
Mr. Vholes,Rick,5081,bleak-house
Mr. Vholes,Miss Summerson,5082,bleak-house
Mr. Vholes,Mr. C.,5082,bleak-house
Mr. Vholes,Mr. C.,5082,bleak-house
Mr. Vholes,Mr. C.,5082,bleak-house
Mr. Vholes,Mr. C.,5082,bleak-house
Mr. Vholes,Mr. C.,5082,bleak-house
Miss Summerson,Mr. Vholes,5082,bleak-house
Miss Summerson,Mr. C.,5082,bleak-house
Miss Summerson,Mr. C.,5082,bleak-house
Miss Summerson,Mr. C.,5082,bleak-house
Miss Summerson,Mr. C.,5082,bleak-house
Miss Summerson,Mr. C.,5082,bleak-house
Mr. C.,Mr. Vholes,5082,bleak-house
Mr. C.,Miss Summerson,5082,bleak-house
Mr. C.,Mr. Vholes,5082,bleak-house
Mr. C.,Miss Summerson,5082,bleak-house
Mr. C.,Mr. Vholes,5082,bleak-house
Mr. C.,Miss Summerson,5082,bleak-house
Mr. C.,Mr. Vholes,5082,bleak-house
Mr. C.,Miss Summerson,5082,bleak-house
Mr. C.,Mr. Vholes,5082,bleak-house
Mr. C.,Miss Summerson,5082,bleak-house
Mr.,Vholes,5085,bleak-house
Vholes,Mr.,5085,bleak-house
Mr. Jarndyce,Mr. C.,5086,bleak-house
Mr. Jarndyce,Mr. Vholes,5086,bleak-house
Mr. C.,Mr. Jarndyce,5086,bleak-house
Mr. C.,Mr. Vholes,5086,bleak-house
Mr. Vholes,Mr. Jarndyce,5086,bleak-house
Mr. Vholes,Mr. C.,5086,bleak-house
Mr. Vholes,Richard,5087,bleak-house
Mr. Vholes,Richard,5087,bleak-house
Richard,Mr. Vholes,5087,bleak-house
Richard,Mr. Vholes,5087,bleak-house
Richard,Mr. Vholes,5087,bleak-house
Richard,Mr. Vholes,5087,bleak-house
Richard,Mr. Vholes,5087,bleak-house
Richard,Mr. Vholes,5087,bleak-house
Mr. Vholes,Richard,5087,bleak-house
Mr. Vholes,Richard,5087,bleak-house
Mr. Vholes,Richard,5087,bleak-house
Mr. Vholes,Richard,5087,bleak-house
Mr. Jarndyce,Summerson,5089,bleak-house
Mr. Jarndyce,Mr. Carstone,5089,bleak-house
Summerson,Mr. Jarndyce,5089,bleak-house
Summerson,Mr. Carstone,5089,bleak-house
Mr. Carstone,Mr. Jarndyce,5089,bleak-house
Mr. Carstone,Summerson,5089,bleak-house
Mr. Jarndyce,Mr. Vholes,5090,bleak-house
Mr. Vholes,Mr. Jarndyce,5090,bleak-house
Mr. Jarndyce,Mr. Vholes,5095,bleak-house
Mr. Vholes,Mr. Jarndyce,5095,bleak-house
Ada,Richard,5096,bleak-house
Richard,Ada,5096,bleak-house
Indiaman,Charley,5101,bleak-house
Indiaman,Charley,5101,bleak-house
Charley,Indiaman,5101,bleak-house
Charley,Indiaman,5101,bleak-house
Richard,Charley,5103,bleak-house
Richard,Dame Durden,5103,bleak-house
Charley,Richard,5103,bleak-house
Charley,Richard,5103,bleak-house
Charley,Dame Durden,5103,bleak-house
Richard,Charley,5103,bleak-house
Richard,Dame Durden,5103,bleak-house
Dame Durden,Richard,5103,bleak-house
Dame Durden,Charley,5103,bleak-house
Dame Durden,Richard,5103,bleak-house
Richard,Down,5104,bleak-house
Down,Richard,5104,bleak-house
Quite,Richard,5106,bleak-house
Richard,Quite,5106,bleak-house
Esther,Vholes,5114,bleak-house
Vholes,Esther,5114,bleak-house
Dame Durden,John Jarndyce,5116,bleak-house
John Jarndyce,Dame Durden,5116,bleak-house
Richard,Ada,5123,bleak-house
Ada,Richard,5123,bleak-house
Ada,Vholes,5129,bleak-house
Vholes,Ada,5129,bleak-house
Richard,Ada,5131,bleak-house
Richard,Don,5131,bleak-house
Richard,Vholes,5131,bleak-house
Richard,Ada,5131,bleak-house
Richard,Esther,5131,bleak-house
Ada,Richard,5131,bleak-house
Ada,Don,5131,bleak-house
Ada,Vholes,5131,bleak-house
Ada,Esther,5131,bleak-house
Don,Richard,5131,bleak-house
Don,Ada,5131,bleak-house
Don,Vholes,5131,bleak-house
Don,Ada,5131,bleak-house
Don,Esther,5131,bleak-house
Vholes,Richard,5131,bleak-house
Vholes,Ada,5131,bleak-house
Vholes,Don,5131,bleak-house
Vholes,Ada,5131,bleak-house
Vholes,Esther,5131,bleak-house
Ada,Richard,5131,bleak-house
Ada,Don,5131,bleak-house
Ada,Vholes,5131,bleak-house
Ada,Esther,5131,bleak-house
Esther,Richard,5131,bleak-house
Esther,Ada,5131,bleak-house
Esther,Don,5131,bleak-house
Esther,Vholes,5131,bleak-house
Esther,Ada,5131,bleak-house
Richard,Mr. Vholes,5133,bleak-house
Richard,Ada,5133,bleak-house
Richard,Charley,5133,bleak-house
Mr. Vholes,Richard,5133,bleak-house
Mr. Vholes,Ada,5133,bleak-house
Mr. Vholes,Richard,5133,bleak-house
Mr. Vholes,Charley,5133,bleak-house
Ada,Richard,5133,bleak-house
Ada,Mr. Vholes,5133,bleak-house
Ada,Richard,5133,bleak-house
Ada,Charley,5133,bleak-house
Richard,Mr. Vholes,5133,bleak-house
Richard,Ada,5133,bleak-house
Richard,Charley,5133,bleak-house
Charley,Richard,5133,bleak-house
Charley,Mr. Vholes,5133,bleak-house
Charley,Ada,5133,bleak-house
Charley,Richard,5133,bleak-house
Mr. Richard Carstone,Mr. Woodcourt,5139,bleak-house
Mr. Woodcourt,Mr. Richard Carstone,5139,bleak-house
Richard,Mr. Woodcourt,5152,bleak-house
Richard,Mr. Woodcourt,5152,bleak-house
Mr. Woodcourt,Richard,5152,bleak-house
Mr. Woodcourt,Richard,5152,bleak-house
Richard,Mr. Woodcourt,5152,bleak-house
Richard,Mr. Woodcourt,5152,bleak-house
Mr. Woodcourt,Richard,5152,bleak-house
Mr. Woodcourt,Richard,5152,bleak-house
Richard,Mr. Woodcourt,5153,bleak-house
Mr. Woodcourt,Richard,5153,bleak-house
Mr. Woodcourt,Richard,5153,bleak-house
Mr. Woodcourt,Richard,5153,bleak-house
Richard,Mr. Woodcourt,5153,bleak-house
Richard,Mr. Woodcourt,5153,bleak-house
Richard,Pray,5163,bleak-house
Richard,Ada,5163,bleak-house
Richard,Mr. Jarndyce,5163,bleak-house
Richard,Mr. Woodcourt,5163,bleak-house
Pray,Richard,5163,bleak-house
Pray,Ada,5163,bleak-house
Pray,Mr. Jarndyce,5163,bleak-house
Pray,Mr. Woodcourt,5163,bleak-house
Ada,Richard,5163,bleak-house
Ada,Pray,5163,bleak-house
Ada,Mr. Jarndyce,5163,bleak-house
Ada,Mr. Woodcourt,5163,bleak-house
Mr. Jarndyce,Richard,5163,bleak-house
Mr. Jarndyce,Pray,5163,bleak-house
Mr. Jarndyce,Ada,5163,bleak-house
Mr. Jarndyce,Mr. Woodcourt,5163,bleak-house
Mr. Woodcourt,Richard,5163,bleak-house
Mr. Woodcourt,Pray,5163,bleak-house
Mr. Woodcourt,Ada,5163,bleak-house
Mr. Woodcourt,Mr. Jarndyce,5163,bleak-house
Richard,Symond,5169,bleak-house
Symond,Richard,5169,bleak-house
Richard,Mr. Woodcourt,5171,bleak-house
Mr. Woodcourt,Richard,5171,bleak-house
Mr. Woodcourt,Richard,5171,bleak-house
Richard,Mr. Woodcourt,5171,bleak-house
Allan Woodcourt,Allan,5268,bleak-house
Allan,Allan Woodcourt,5268,bleak-house
Jo,Soon,5269,bleak-house
Jo,Allan,5269,bleak-house
Soon,Jo,5269,bleak-house
Soon,Allan,5269,bleak-house
Allan,Jo,5269,bleak-house
Allan,Soon,5269,bleak-house
Allan Woodcourt,Allan,5274,bleak-house
Allan,Allan Woodcourt,5274,bleak-house
Allan,Miss Flite,5275,bleak-house
Allan,Miss Flite,5275,bleak-house
Allan,Miss Flite,5275,bleak-house
Miss Flite,Allan,5275,bleak-house
Miss Flite,Allan,5275,bleak-house
Miss Flite,Allan,5275,bleak-house
Miss Flite,Allan,5276,bleak-house
Allan,Miss Flite,5276,bleak-house
Miss,Gridley,5278,bleak-house
Miss,Gridley,5278,bleak-house
Miss,Miss Flite,5278,bleak-house
Miss,Gridley,5278,bleak-house
Miss,George,5278,bleak-house
Gridley,Miss,5278,bleak-house
Gridley,Miss Flite,5278,bleak-house
Gridley,George,5278,bleak-house
Gridley,Miss,5278,bleak-house
Gridley,Miss Flite,5278,bleak-house
Gridley,George,5278,bleak-house
Miss Flite,Miss,5278,bleak-house
Miss Flite,Gridley,5278,bleak-house
Miss Flite,Gridley,5278,bleak-house
Miss Flite,Gridley,5278,bleak-house
Miss Flite,George,5278,bleak-house
Gridley,Miss,5278,bleak-house
Gridley,Miss Flite,5278,bleak-house
Gridley,George,5278,bleak-house
George,Miss,5278,bleak-house
George,Gridley,5278,bleak-house
George,Gridley,5278,bleak-house
George,Miss Flite,5278,bleak-house
George,Gridley,5278,bleak-house
Miss Flite,Fitz Jarndyce,5279,bleak-house
Miss Flite,Allan,5279,bleak-house
Fitz Jarndyce,Miss Flite,5279,bleak-house
Fitz Jarndyce,Allan,5279,bleak-house
Allan,Miss Flite,5279,bleak-house
Allan,Fitz Jarndyce,5279,bleak-house
George,Gallery,5280,bleak-house
George,Allan Woodcourt,5280,bleak-house
George,Mr. George,5280,bleak-house
Gallery,George,5280,bleak-house
Gallery,Allan Woodcourt,5280,bleak-house
Gallery,Mr. George,5280,bleak-house
Allan Woodcourt,George,5280,bleak-house
Allan Woodcourt,Gallery,5280,bleak-house
Allan Woodcourt,Mr. George,5280,bleak-house
Mr. George,George,5280,bleak-house
Mr. George,Gallery,5280,bleak-house
Mr. George,Allan Woodcourt,5280,bleak-house
Mr. George,Miss Flite,5281,bleak-house
Miss Flite,Mr. George,5281,bleak-house
Mr. George,Miss Flite,5285,bleak-house
Mr. George,Allan,5285,bleak-house
Miss Flite,Mr. George,5285,bleak-house
Miss Flite,Allan,5285,bleak-house
Allan,Mr. George,5285,bleak-house
Allan,Miss Flite,5285,bleak-house
Allan,Mr. George,5287,bleak-house
Mr. George,Allan,5287,bleak-house
Mr. George,Miss Flite,5294,bleak-house
Miss Flite,Mr. George,5294,bleak-house
Mr. Jarndyce,Miss Summerson,5295,bleak-house
Mr. Jarndyce,Mr. George,5295,bleak-house
Mr. Jarndyce,Allan,5295,bleak-house
Miss Summerson,Mr. Jarndyce,5295,bleak-house
Miss Summerson,Mr. George,5295,bleak-house
Miss Summerson,Allan,5295,bleak-house
Mr. George,Mr. Jarndyce,5295,bleak-house
Mr. George,Miss Summerson,5295,bleak-house
Mr. George,Allan,5295,bleak-house
Allan,Mr. Jarndyce,5295,bleak-house
Allan,Miss Summerson,5295,bleak-house
Allan,Mr. George,5295,bleak-house
Mr. George,Miss Summerson,5297,bleak-house
Mr. George,Phil,5297,bleak-house
Miss Summerson,Mr. George,5297,bleak-house
Miss Summerson,Phil,5297,bleak-house
Phil,Mr. George,5297,bleak-house
Phil,Miss Summerson,5297,bleak-house
Mr.,Jellyby,5306,bleak-house
Mr.,Dirty,5306,bleak-house
Mr.,Homely,5306,bleak-house
Mr.,Stand,5306,bleak-house
Jellyby,Mr.,5306,bleak-house
Jellyby,Dirty,5306,bleak-house
Jellyby,Homely,5306,bleak-house
Jellyby,Stand,5306,bleak-house
Dirty,Mr.,5306,bleak-house
Dirty,Jellyby,5306,bleak-house
Dirty,Homely,5306,bleak-house
Dirty,Stand,5306,bleak-house
Homely,Mr.,5306,bleak-house
Homely,Jellyby,5306,bleak-house
Homely,Dirty,5306,bleak-house
Homely,Stand,5306,bleak-house
Stand,Mr.,5306,bleak-house
Stand,Jellyby,5306,bleak-house
Stand,Dirty,5306,bleak-house
Stand,Homely,5306,bleak-house
Allan,Mr. George,5308,bleak-house
Mr. George,Allan,5308,bleak-house
Mr. George,Mr.,5315,bleak-house
Mr. George,Allan,5315,bleak-house
Mr. George,Woodcourt,5315,bleak-house
Mr. George,Don,5315,bleak-house
Mr. George,Phil,5315,bleak-house
Mr.,Mr. George,5315,bleak-house
Mr.,Allan,5315,bleak-house
Mr.,Woodcourt,5315,bleak-house
Mr.,Don,5315,bleak-house
Mr.,Phil,5315,bleak-house
Allan,Mr. George,5315,bleak-house
Allan,Mr.,5315,bleak-house
Allan,Woodcourt,5315,bleak-house
Allan,Don,5315,bleak-house
Allan,Phil,5315,bleak-house
Woodcourt,Mr. George,5315,bleak-house
Woodcourt,Mr.,5315,bleak-house
Woodcourt,Allan,5315,bleak-house
Woodcourt,Don,5315,bleak-house
Woodcourt,Phil,5315,bleak-house
Don,Mr. George,5315,bleak-house
Don,Mr.,5315,bleak-house
Don,Allan,5315,bleak-house
Don,Woodcourt,5315,bleak-house
Don,Phil,5315,bleak-house
Phil,Mr. George,5315,bleak-house
Phil,Mr.,5315,bleak-house
Phil,Allan,5315,bleak-house
Phil,Woodcourt,5315,bleak-house
Phil,Don,5315,bleak-house
Certainly,Phil,5317,bleak-house
Phil,Certainly,5317,bleak-house
George,Allan,5319,bleak-house
Allan,George,5319,bleak-house
Phil,Miss Flite,5320,bleak-house
Phil,Allan,5320,bleak-house
Miss Flite,Phil,5320,bleak-house
Miss Flite,Allan,5320,bleak-house
Allan,Phil,5320,bleak-house
Allan,Miss Flite,5320,bleak-house
Mr. George,Miss Summerson,5321,bleak-house
Miss Summerson,Mr. George,5321,bleak-house
Mr. George,Miss Summerson,5325,bleak-house
Mr. George,Tis MY,5325,bleak-house
Miss Summerson,Mr. George,5325,bleak-house
Miss Summerson,Tis MY,5325,bleak-house
Tis MY,Mr. George,5325,bleak-house
Tis MY,Miss Summerson,5325,bleak-house
Inn Fields,Bucket,5328,bleak-house
Bucket,Inn Fields,5328,bleak-house
George,Mr. Tulkinghorn,5334,bleak-house
Mr. Tulkinghorn,George,5334,bleak-house
Sore,Melchisedech,5336,bleak-house
Sore,Clifford,5336,bleak-house
Sore,Inn,5336,bleak-house
Sore,Melchisedech,5336,bleak-house
Sore,Clifford,5336,bleak-house
Sore,Mr. Woodcourt,5336,bleak-house
Melchisedech,Sore,5336,bleak-house
Melchisedech,Clifford,5336,bleak-house
Melchisedech,Inn,5336,bleak-house
Melchisedech,Clifford,5336,bleak-house
Melchisedech,Mr. Woodcourt,5336,bleak-house
Clifford,Sore,5336,bleak-house
Clifford,Melchisedech,5336,bleak-house
Clifford,Inn,5336,bleak-house
Clifford,Melchisedech,5336,bleak-house
Clifford,Mr. Woodcourt,5336,bleak-house
Inn,Sore,5336,bleak-house
Inn,Melchisedech,5336,bleak-house
Inn,Clifford,5336,bleak-house
Inn,Melchisedech,5336,bleak-house
Inn,Clifford,5336,bleak-house
Inn,Mr. Woodcourt,5336,bleak-house
Melchisedech,Sore,5336,bleak-house
Melchisedech,Clifford,5336,bleak-house
Melchisedech,Inn,5336,bleak-house
Melchisedech,Clifford,5336,bleak-house
Melchisedech,Mr. Woodcourt,5336,bleak-house
Clifford,Sore,5336,bleak-house
Clifford,Melchisedech,5336,bleak-house
Clifford,Inn,5336,bleak-house
Clifford,Melchisedech,5336,bleak-house
Clifford,Mr. Woodcourt,5336,bleak-house
Mr. Woodcourt,Sore,5336,bleak-house
Mr. Woodcourt,Melchisedech,5336,bleak-house
Mr. Woodcourt,Clifford,5336,bleak-house
Mr. Woodcourt,Inn,5336,bleak-house
Mr. Woodcourt,Melchisedech,5336,bleak-house
Mr. Woodcourt,Clifford,5336,bleak-house
Mr.,George,5337,bleak-house
Mr.,Allan Woodcourt,5337,bleak-house
Mr.,Mr. Tulkinghorn,5337,bleak-house
George,Mr.,5337,bleak-house
George,Allan Woodcourt,5337,bleak-house
George,Mr. Tulkinghorn,5337,bleak-house
Allan Woodcourt,Mr.,5337,bleak-house
Allan Woodcourt,George,5337,bleak-house
Allan Woodcourt,Mr. Tulkinghorn,5337,bleak-house
Mr. Tulkinghorn,Mr.,5337,bleak-house
Mr. Tulkinghorn,George,5337,bleak-house
Mr. Tulkinghorn,Allan Woodcourt,5337,bleak-house
Phil,Allan,5338,bleak-house
Phil,Mr. Jarndyce,5338,bleak-house
Allan,Phil,5338,bleak-house
Allan,Mr. Jarndyce,5338,bleak-house
Mr. Jarndyce,Phil,5338,bleak-house
Mr. Jarndyce,Allan,5338,bleak-house
Allan,Mr. Jarndyce,5341,bleak-house
Mr. Jarndyce,Allan,5341,bleak-house
Cook,Mr. Snagsby,5342,bleak-house
Mr. Snagsby,Cook,5342,bleak-house
Mr. Snagsby,Whereas,5350,bleak-house
Whereas,Mr. Snagsby,5350,bleak-house
Mr. Snagsby,Bedlam,5356,bleak-house
Bedlam,Mr. Snagsby,5356,bleak-house
Bedlam,Mr. Snagsby,5356,bleak-house
Mr. Snagsby,Bedlam,5356,bleak-house
Mr. Sangsby,Mr. Snagsby,5358,bleak-house
Mr. Snagsby,Mr. Sangsby,5358,bleak-house
Sangsby,Mr. Sangsby,5362,bleak-house
Sangsby,Mr. Jarnders,5362,bleak-house
Sangsby,Mr. Woodcot,5362,bleak-house
Sangsby,Mr. Sangsby,5362,bleak-house
Mr. Sangsby,Sangsby,5362,bleak-house
Mr. Sangsby,Mr. Jarnders,5362,bleak-house
Mr. Sangsby,Mr. Woodcot,5362,bleak-house
Mr. Jarnders,Sangsby,5362,bleak-house
Mr. Jarnders,Mr. Sangsby,5362,bleak-house
Mr. Jarnders,Mr. Woodcot,5362,bleak-house
Mr. Jarnders,Mr. Sangsby,5362,bleak-house
Mr. Woodcot,Sangsby,5362,bleak-house
Mr. Woodcot,Mr. Sangsby,5362,bleak-house
Mr. Woodcot,Mr. Jarnders,5362,bleak-house
Mr. Woodcot,Mr. Sangsby,5362,bleak-house
Mr. Sangsby,Sangsby,5362,bleak-house
Mr. Sangsby,Mr. Jarnders,5362,bleak-house
Mr. Sangsby,Mr. Woodcot,5362,bleak-house
Mr. Sangsby,Mr. Woodcot,5368,bleak-house
Mr. Woodcot,Mr. Sangsby,5368,bleak-house
Phil,Mr. Jarndyce,5373,bleak-house
Phil,Allan Woodcourt,5373,bleak-house
Mr. Jarndyce,Phil,5373,bleak-house
Mr. Jarndyce,Allan Woodcourt,5373,bleak-house
Allan Woodcourt,Phil,5373,bleak-house
Allan Woodcourt,Mr. Jarndyce,5373,bleak-house
Phil,Mr. Woodcourt,5375,bleak-house
Mr. Woodcourt,Phil,5375,bleak-house
Nothink,Mr.,5384,bleak-house
Nothink,Mr. Sangsby,5384,bleak-house
Mr.,Nothink,5384,bleak-house
Mr.,Mr. Sangsby,5384,bleak-house
Mr. Sangsby,Nothink,5384,bleak-house
Mr. Sangsby,Mr.,5384,bleak-house
Lie,Jo,5388,bleak-house
Jo,Lie,5388,bleak-house
Sir Leicester,Rosa,5415,bleak-house
Sir Leicester,Rosa,5415,bleak-house
Rosa,Sir Leicester,5415,bleak-house
Rosa,Sir Leicester,5415,bleak-house
Lady Dedlock,Rosa,5422,bleak-house
Rosa,Lady Dedlock,5422,bleak-house
Mr. Rouncewell,Sir Leicester,5442,bleak-house
Mr. Rouncewell,Sir Leicester,5442,bleak-house
Sir Leicester,Mr. Rouncewell,5442,bleak-house
Sir Leicester,Mr. Rouncewell,5442,bleak-house
Lady Dedlock,Mr. Tulkinghorn,5449,bleak-house
Mr. Tulkinghorn,Lady Dedlock,5449,bleak-house
Sir,Leicester,5450,bleak-house
Leicester,Sir,5450,bleak-house
Tulkinghorn,Sir Leicester,5454,bleak-house
Sir Leicester,Tulkinghorn,5454,bleak-house
Mr. Rouncewell,Lady,5456,bleak-house
Lady,Mr. Rouncewell,5456,bleak-house
Lady,Mr. Rouncewell,5456,bleak-house
Mr. Rouncewell,Lady,5456,bleak-house
Sir,Highly,5464,bleak-house
Highly,Sir,5464,bleak-house
Really,Lady Dedlock,5466,bleak-house
Lady Dedlock,Really,5466,bleak-house
Sir,Leicester,5467,bleak-house
Sir,Mr. Rouncewell,5467,bleak-house
Leicester,Sir,5467,bleak-house
Leicester,Mr. Rouncewell,5467,bleak-house
Mr. Rouncewell,Sir,5467,bleak-house
Mr. Rouncewell,Leicester,5467,bleak-house
Lady,Sir Leicester,5473,bleak-house
Sir Leicester,Lady,5473,bleak-house
Mr. Rouncewell,Sir Leicester,5474,bleak-house
Mr. Rouncewell,Pray,5474,bleak-house
Sir Leicester,Mr. Rouncewell,5474,bleak-house
Sir Leicester,Pray,5474,bleak-house
Pray,Mr. Rouncewell,5474,bleak-house
Pray,Sir Leicester,5474,bleak-house
Sir,Lady,5477,bleak-house
Lady,Sir,5477,bleak-house
Sir Leicester,Mr. Rouncewell,5478,bleak-house
Sir Leicester,Lady Dedlock,5478,bleak-house
Mr. Rouncewell,Sir Leicester,5478,bleak-house
Mr. Rouncewell,Lady Dedlock,5478,bleak-house
Lady Dedlock,Sir Leicester,5478,bleak-house
Lady Dedlock,Mr. Rouncewell,5478,bleak-house
Sir Leicester,Mr. Tulkinghorn,5484,bleak-house
Sir Leicester,Mercury,5484,bleak-house
Mr. Tulkinghorn,Sir Leicester,5484,bleak-house
Mr. Tulkinghorn,Mercury,5484,bleak-house
Mercury,Sir Leicester,5484,bleak-house
Mercury,Mr. Tulkinghorn,5484,bleak-house
Lady,Sir Leicester,5490,bleak-house
Lady,Mr. Tulkinghorn,5490,bleak-house
Sir Leicester,Lady,5490,bleak-house
Sir Leicester,Mr. Tulkinghorn,5490,bleak-house
Mr. Tulkinghorn,Lady,5490,bleak-house
Mr. Tulkinghorn,Sir Leicester,5490,bleak-house
Sir Leicester,Lady Dedlock,5491,bleak-house
Sir Leicester,Mr. Rouncewell,5491,bleak-house
Sir Leicester,Lady Dedlock,5491,bleak-house
Lady Dedlock,Sir Leicester,5491,bleak-house
Lady Dedlock,Mr. Rouncewell,5491,bleak-house
Mr. Rouncewell,Sir Leicester,5491,bleak-house
Mr. Rouncewell,Lady Dedlock,5491,bleak-house
Mr. Rouncewell,Lady Dedlock,5491,bleak-house
Lady Dedlock,Sir Leicester,5491,bleak-house
Lady Dedlock,Mr. Rouncewell,5491,bleak-house
Sir,Rouncewell,5492,bleak-house
Rouncewell,Sir,5492,bleak-house
Sir Leicester,Lady Dedlock,5493,bleak-house
Lady Dedlock,Sir Leicester,5493,bleak-house
Sir Leicester,Mr. Tulkinghorn,5494,bleak-house
Sir Leicester,Mr. Rouncewell,5494,bleak-house
Sir Leicester,Rosa,5494,bleak-house
Mr. Tulkinghorn,Sir Leicester,5494,bleak-house
Mr. Tulkinghorn,Mr. Rouncewell,5494,bleak-house
Mr. Tulkinghorn,Rosa,5494,bleak-house
Mr. Rouncewell,Sir Leicester,5494,bleak-house
Mr. Rouncewell,Mr. Tulkinghorn,5494,bleak-house
Mr. Rouncewell,Rosa,5494,bleak-house
Rosa,Sir Leicester,5494,bleak-house
Rosa,Mr. Tulkinghorn,5494,bleak-house
Rosa,Mr. Rouncewell,5494,bleak-house
Mr. Tulkinghorn,Sir Leicester,5495,bleak-house
Mr. Tulkinghorn,Sir Leicester,5495,bleak-house
Sir Leicester,Mr. Tulkinghorn,5495,bleak-house
Sir Leicester,Mr. Tulkinghorn,5495,bleak-house
Lady,Sir Leicester,5496,bleak-house
Lady,Lady Dedlock,5496,bleak-house
Lady,Mr. Tulkinghorn,5496,bleak-house
Sir Leicester,Lady,5496,bleak-house
Sir Leicester,Lady Dedlock,5496,bleak-house
Sir Leicester,Mr. Tulkinghorn,5496,bleak-house
Lady Dedlock,Lady,5496,bleak-house
Lady Dedlock,Sir Leicester,5496,bleak-house
Lady Dedlock,Mr. Tulkinghorn,5496,bleak-house
Mr. Tulkinghorn,Lady,5496,bleak-house
Mr. Tulkinghorn,Sir Leicester,5496,bleak-house
Mr. Tulkinghorn,Lady Dedlock,5496,bleak-house
Lady Dedlock,Sir Leicester,5510,bleak-house
Sir Leicester,Lady Dedlock,5510,bleak-house
Sir Leicester,Lady Dedlock,5510,bleak-house
Lady Dedlock,Sir Leicester,5510,bleak-house
Mr. Tulkinghorn,Lady Dedlock,5514,bleak-house
Mr. Tulkinghorn,Lady Dedlock,5514,bleak-house
Lady Dedlock,Mr. Tulkinghorn,5514,bleak-house
Lady Dedlock,Mr. Tulkinghorn,5514,bleak-house
Lady Dedlock,Mr. Tulkinghorn,5516,bleak-house
Mr. Tulkinghorn,Lady Dedlock,5516,bleak-house
Mr.,Lady Dedlock,5520,bleak-house
Lady Dedlock,Mr.,5520,bleak-house
Don,Mr. Tulkinghorn,5533,bleak-house
Mr. Tulkinghorn,Don,5533,bleak-house
Don,Arrived,5535,bleak-house
Arrived,Don,5535,bleak-house
Roman,Moonlight,5543,bleak-house
Moonlight,Roman,5543,bleak-house
Mr. Matthew Bagnet,Lignum Vitae,5551,bleak-house
Lignum Vitae,Mr. Matthew Bagnet,5551,bleak-house
Woolwich,Mr. Bagnet,5553,bleak-house
Mr. Bagnet,Woolwich,5553,bleak-house
Malta,Woolwich,5556,bleak-house
Woolwich,Malta,5556,bleak-house
George,Mr. Bagnet,5561,bleak-house
George,Has George,5561,bleak-house
Mr. Bagnet,George,5561,bleak-house
Mr. Bagnet,Has George,5561,bleak-house
Has George,George,5561,bleak-house
Has George,Mr. Bagnet,5561,bleak-house
Malta,Bluffy,5564,bleak-house
Bluffy,Malta,5564,bleak-house
George,Mr. Bagnet,5566,bleak-house
George,Don,5566,bleak-house
Mr. Bagnet,George,5566,bleak-house
Mr. Bagnet,Don,5566,bleak-house
Don,George,5566,bleak-house
Don,Mr. Bagnet,5566,bleak-house
Mr. Bagnet,Woolwich,5573,bleak-house
Woolwich,Mr. Bagnet,5573,bleak-house
Mr. Bagnet,George,5575,bleak-house
Mr. Bagnet,George,5575,bleak-house
George,Mr. Bagnet,5575,bleak-house
George,Mr. Bagnet,5575,bleak-house
George,Mr. Bagnet,5576,bleak-house
George,Mr. George,5576,bleak-house
Mr. Bagnet,George,5576,bleak-house
Mr. Bagnet,Mr. George,5576,bleak-house
Mr. George,George,5576,bleak-house
Mr. George,Mr. Bagnet,5576,bleak-house
George,Mr. Bagnet,5580,bleak-house
Mr. Bagnet,George,5580,bleak-house
Mr. George,See,5585,bleak-house
See,Mr. George,5585,bleak-house
Mr.,George,5586,bleak-house
Mr.,Mr. Bagnet,5586,bleak-house
Mr.,Mr. Bagnet,5586,bleak-house
George,Mr.,5586,bleak-house
George,Mr. Bagnet,5586,bleak-house
George,Mr. Bagnet,5586,bleak-house
Mr. Bagnet,Mr.,5586,bleak-house
Mr. Bagnet,George,5586,bleak-house
Mr. Bagnet,Mr.,5586,bleak-house
Mr. Bagnet,George,5586,bleak-house
Mr. Bagnet,Woolwich,5592,bleak-house
Woolwich,Mr. Bagnet,5592,bleak-house
Mr. Bagnet,George,5601,bleak-house
Mr. Bagnet,George,5601,bleak-house
George,Mr. Bagnet,5601,bleak-house
George,Mr. Bagnet,5601,bleak-house
George,Mr. Bagnet,5601,bleak-house
Mr. Bagnet,George,5601,bleak-house
George,Woolwich,5602,bleak-house
George,Quebec,5602,bleak-house
George,Malta,5602,bleak-house
Woolwich,George,5602,bleak-house
Woolwich,Quebec,5602,bleak-house
Woolwich,Malta,5602,bleak-house
Quebec,George,5602,bleak-house
Quebec,Woolwich,5602,bleak-house
Quebec,Malta,5602,bleak-house
Malta,George,5602,bleak-house
Malta,Woolwich,5602,bleak-house
Malta,Quebec,5602,bleak-house
George,Mr. Bucket,5607,bleak-house
Mr. Bucket,George,5607,bleak-house
Mr.,Mr. George,5608,bleak-house
Mr.,Quebec,5608,bleak-house
Mr.,Mr. Bucket,5608,bleak-house
Mr. George,Mr.,5608,bleak-house
Mr. George,Quebec,5608,bleak-house
Mr. George,Mr. Bucket,5608,bleak-house
Quebec,Mr.,5608,bleak-house
Quebec,Mr. George,5608,bleak-house
Quebec,Mr. Bucket,5608,bleak-house
Mr. Bucket,Mr.,5608,bleak-house
Mr. Bucket,Mr. George,5608,bleak-house
Mr. Bucket,Quebec,5608,bleak-house
Mr. Bucket,Malta,5610,bleak-house
Mr. Bucket,Bucket,5610,bleak-house
Mr. Bucket,Malta,5610,bleak-house
Mr. Bucket,Bucket,5610,bleak-house
Malta,Mr. Bucket,5610,bleak-house
Malta,Mr. Bucket,5610,bleak-house
Malta,Mr. Bucket,5610,bleak-house
Malta,Bucket,5610,bleak-house
Mr. Bucket,Malta,5610,bleak-house
Mr. Bucket,Bucket,5610,bleak-house
Bucket,Mr. Bucket,5610,bleak-house
Bucket,Mr. Bucket,5610,bleak-house
Bucket,Malta,5610,bleak-house
Bucket,Mr. Bucket,5610,bleak-house
Mr. Bucket,George,5611,bleak-house
Mr. Bucket,George,5611,bleak-house
George,Mr. Bucket,5611,bleak-house
George,Mr. Bucket,5611,bleak-house
Mr. Bucket,George,5612,bleak-house
George,Mr. Bucket,5612,bleak-house
Ain,Mr. Bucket,5618,bleak-house
Mr. Bucket,Ain,5618,bleak-house
Mr. Bucket,Mr. George,5619,bleak-house
Mr. Bucket,Mr. George,5619,bleak-house
Mr. George,Mr. Bucket,5619,bleak-house
Mr. George,Mr. Bucket,5619,bleak-house
Mr. Bucket,Woolwich,5624,bleak-house
Woolwich,Mr. Bucket,5624,bleak-house
Lord,Mr. Bucket,5626,bleak-house
Lord,Mr. Bagnet,5626,bleak-house
Mr. Bucket,Lord,5626,bleak-house
Mr. Bucket,Mr. Bagnet,5626,bleak-house
Mr. Bagnet,Lord,5626,bleak-house
Mr. Bagnet,Mr. Bucket,5626,bleak-house
George,Mr. Bucket,5628,bleak-house
Mr. Bucket,George,5628,bleak-house
Mr. Bucket,George,5628,bleak-house
George,Mr. Bucket,5628,bleak-house
Mr.,Beautiful,5629,bleak-house
Beautiful,Mr.,5629,bleak-house
Woolwich,Mr. Bucket,5631,bleak-house
Woolwich,Mr. Bagnet,5631,bleak-house
Woolwich,Mr. Bucket,5631,bleak-house
Woolwich,Believe Me,5631,bleak-house
Woolwich,Bucket,5631,bleak-house
Mr. Bucket,Woolwich,5631,bleak-house
Mr. Bucket,Mr. Bagnet,5631,bleak-house
Mr. Bucket,Believe Me,5631,bleak-house
Mr. Bucket,Bucket,5631,bleak-house
Mr. Bagnet,Woolwich,5631,bleak-house
Mr. Bagnet,Mr. Bucket,5631,bleak-house
Mr. Bagnet,Mr. Bucket,5631,bleak-house
Mr. Bagnet,Believe Me,5631,bleak-house
Mr. Bagnet,Bucket,5631,bleak-house
Mr. Bucket,Woolwich,5631,bleak-house
Mr. Bucket,Mr. Bagnet,5631,bleak-house
Mr. Bucket,Believe Me,5631,bleak-house
Mr. Bucket,Bucket,5631,bleak-house
Believe Me,Woolwich,5631,bleak-house
Believe Me,Mr. Bucket,5631,bleak-house
Believe Me,Mr. Bagnet,5631,bleak-house
Believe Me,Mr. Bucket,5631,bleak-house
Believe Me,Bucket,5631,bleak-house
Bucket,Woolwich,5631,bleak-house
Bucket,Mr. Bucket,5631,bleak-house
Bucket,Mr. Bagnet,5631,bleak-house
Bucket,Mr. Bucket,5631,bleak-house
Bucket,Believe Me,5631,bleak-house
Mr. George,Mr. Bagnet,5632,bleak-house
Mr. George,Mr. Bucket,5632,bleak-house
Mr. Bagnet,Mr. George,5632,bleak-house
Mr. Bagnet,Mr. Bucket,5632,bleak-house
Mr. Bucket,Mr. George,5632,bleak-house
Mr. Bucket,Mr. Bagnet,5632,bleak-house
Mr. George,Mr. Bucket,5634,bleak-house
Mr. Bucket,Mr. George,5634,bleak-house
Mr. Bucket,Ecod,5637,bleak-house
Mr. Bucket,Handel,5637,bleak-house
Ecod,Mr. Bucket,5637,bleak-house
Ecod,Handel,5637,bleak-house
Ecod,Mr. Bucket,5637,bleak-house
Handel,Mr. Bucket,5637,bleak-house
Handel,Ecod,5637,bleak-house
Handel,Mr. Bucket,5637,bleak-house
Mr. Bucket,Ecod,5637,bleak-house
Mr. Bucket,Handel,5637,bleak-house
George,Mr. Bucket,5642,bleak-house
George,Mr. Bucket,5642,bleak-house
Mr. Bucket,George,5642,bleak-house
Mr. Bucket,George,5642,bleak-house
Mr. Bucket,George,5642,bleak-house
Mr. Bucket,George,5642,bleak-house
George,Mr. Bucket,5642,bleak-house
George,Mr. Bucket,5642,bleak-house
Mr. George,Mr. Bucket,5643,bleak-house
Mr. George,George,5643,bleak-house
Mr. Bucket,Mr. George,5643,bleak-house
Mr. Bucket,George,5643,bleak-house
George,Mr. George,5643,bleak-house
George,Mr. Bucket,5643,bleak-house
George,Mr. Bucket,5644,bleak-house
Mr. Bucket,George,5644,bleak-house
Mr. Bucket,George,5644,bleak-house
George,Mr. Bucket,5644,bleak-house
George,Mr. Bucket,5646,bleak-house
Mr. Bucket,George,5646,bleak-house
Mr. Bucket,George,5646,bleak-house
George,Mr. Bucket,5646,bleak-house
George,Mr. Bucket,5648,bleak-house
Mr. Bucket,George,5648,bleak-house
George,Mr. Bucket,5650,bleak-house
George,Inn,5650,bleak-house
Mr. Bucket,George,5650,bleak-house
Mr. Bucket,Inn,5650,bleak-house
Inn,George,5650,bleak-house
Inn,Mr. Bucket,5650,bleak-house
Bucket,Mr. Tulkinghorn,5652,bleak-house
Mr. Tulkinghorn,Bucket,5652,bleak-house
George,Mr. Bucket,5653,bleak-house
Mr. Bucket,George,5653,bleak-house
George,Mr. Bucket,5655,bleak-house
Mr. Bucket,George,5655,bleak-house
George,Mr. Bucket,5657,bleak-house
George,Sir Leicester Dedlock,5657,bleak-house
George,Baronet,5657,bleak-house
Mr. Bucket,George,5657,bleak-house
Mr. Bucket,Sir Leicester Dedlock,5657,bleak-house
Mr. Bucket,Baronet,5657,bleak-house
Sir Leicester Dedlock,George,5657,bleak-house
Sir Leicester Dedlock,Mr. Bucket,5657,bleak-house
Sir Leicester Dedlock,Baronet,5657,bleak-house
Baronet,George,5657,bleak-house
Baronet,Mr. Bucket,5657,bleak-house
Baronet,Sir Leicester Dedlock,5657,bleak-house
Mr.,George,5658,bleak-house
George,Mr.,5658,bleak-house
George,Mr. Bucket,5659,bleak-house
Mr. Bucket,George,5659,bleak-house
Mr. Bucket,George,5659,bleak-house
George,Mr. Bucket,5659,bleak-house
Mr.,George,5661,bleak-house
George,Mr.,5661,bleak-house
Mr. George,God,5664,bleak-house
God,Mr. George,5664,bleak-house
Esther,Narrative,5668,bleak-house
Narrative,Esther,5668,bleak-house
Caddy Jellyby,Caddy,5669,bleak-house
Caddy Jellyby,Caddy,5669,bleak-house
Caddy,Caddy Jellyby,5669,bleak-house
Caddy,Caddy Jellyby,5669,bleak-house
Caddy,Esther,5670,bleak-house
Caddy,Esther,5670,bleak-house
Caddy,Esther,5670,bleak-house
Esther,Caddy,5670,bleak-house
Esther,Caddy,5670,bleak-house
Esther,Caddy,5670,bleak-house
Caddy,Bleak House,5690,bleak-house
Caddy,John,5690,bleak-house
Caddy,Bleak House,5690,bleak-house
Caddy,John,5690,bleak-house
Bleak House,Caddy,5690,bleak-house
Bleak House,Caddy,5690,bleak-house
Bleak House,John,5690,bleak-house
John,Caddy,5690,bleak-house
John,Caddy,5690,bleak-house
John,Bleak House,5690,bleak-house
Mr. Woodcourt,Richard,5691,bleak-house
Mr. Woodcourt,Caddy,5691,bleak-house
Mr. Woodcourt,Ada,5691,bleak-house
Mr. Woodcourt,Caddy,5691,bleak-house
Mr. Woodcourt,Caddy,5691,bleak-house
Richard,Mr. Woodcourt,5691,bleak-house
Richard,Caddy,5691,bleak-house
Richard,Ada,5691,bleak-house
Richard,Caddy,5691,bleak-house
Richard,Caddy,5691,bleak-house
Caddy,Mr. Woodcourt,5691,bleak-house
Caddy,Richard,5691,bleak-house
Caddy,Ada,5691,bleak-house
Ada,Mr. Woodcourt,5691,bleak-house
Ada,Richard,5691,bleak-house
Ada,Caddy,5691,bleak-house
Ada,Caddy,5691,bleak-house
Ada,Caddy,5691,bleak-house
Caddy,Mr. Woodcourt,5691,bleak-house
Caddy,Richard,5691,bleak-house
Caddy,Ada,5691,bleak-house
Caddy,Mr. Woodcourt,5691,bleak-house
Caddy,Richard,5691,bleak-house
Caddy,Ada,5691,bleak-house
Caddy,Mr. Turveydrop,5692,bleak-house
Mr. Turveydrop,Caddy,5692,bleak-house
Caddy,Bleak House,5693,bleak-house
Bleak House,Caddy,5693,bleak-house
Ada,Caddy,5694,bleak-house
Ada,Caddy,5694,bleak-house
Caddy,Ada,5694,bleak-house
Caddy,Ada,5694,bleak-house
Mr. Turveydrop,Caddy,5696,bleak-house
Mr. Turveydrop,Caddy,5696,bleak-house
Caddy,Mr. Turveydrop,5696,bleak-house
Caddy,Mr. Turveydrop,5696,bleak-house
Caroline,Miss Summerson,5701,bleak-house
Miss Summerson,Caroline,5701,bleak-house
Miss Summerson,Caroline,5701,bleak-house
Caroline,Miss Summerson,5701,bleak-house
Nay,Caddy,5703,bleak-house
Caddy,Nay,5703,bleak-house
Caddy,Nay,5703,bleak-house
Nay,Caddy,5703,bleak-house
Mr. Turveydrop,Peepy,5704,bleak-house
Mr. Turveydrop,Peepy,5704,bleak-house
Peepy,Mr. Turveydrop,5704,bleak-house
Peepy,Mr. Turveydrop,5704,bleak-house
Mr. Jellyby,Caddy,5705,bleak-house
Caddy,Mr. Jellyby,5705,bleak-house
Mr. Woodcourt,Caddy,5706,bleak-house
Mr. Woodcourt,Caddy,5706,bleak-house
Mr. Woodcourt,Mr. Badger,5706,bleak-house
Caddy,Mr. Woodcourt,5706,bleak-house
Caddy,Mr. Woodcourt,5706,bleak-house
Caddy,Mr. Badger,5706,bleak-house
Mr. Woodcourt,Caddy,5706,bleak-house
Mr. Woodcourt,Caddy,5706,bleak-house
Mr. Woodcourt,Mr. Badger,5706,bleak-house
Caddy,Mr. Woodcourt,5706,bleak-house
Caddy,Mr. Woodcourt,5706,bleak-house
Caddy,Mr. Badger,5706,bleak-house
Mr. Badger,Mr. Woodcourt,5706,bleak-house
Mr. Badger,Caddy,5706,bleak-house
Mr. Badger,Mr. Woodcourt,5706,bleak-house
Mr. Badger,Caddy,5706,bleak-house
Caddy,Ada,5707,bleak-house
Ada,Caddy,5707,bleak-house
Ada,Bleak House,5708,bleak-house
Bleak House,Ada,5708,bleak-house
Dame Trot,Woodcourt,5712,bleak-house
Dame Trot,Caddy Jellyby,5712,bleak-house
Woodcourt,Dame Trot,5712,bleak-house
Woodcourt,Caddy Jellyby,5712,bleak-house
Caddy Jellyby,Dame Trot,5712,bleak-house
Caddy Jellyby,Woodcourt,5712,bleak-house
True,Rich,5718,bleak-house
True,Rich,5718,bleak-house
Rich,True,5718,bleak-house
Rich,True,5718,bleak-house
Ada,John,5731,bleak-house
John,Ada,5731,bleak-house
Esther,Ada,5737,bleak-house
Ada,Esther,5737,bleak-house
Caddy,Ada,5740,bleak-house
Ada,Caddy,5740,bleak-house
Mr. Woodcourt,Mr. Vholes,5747,bleak-house
Mr. Woodcourt,Richard,5747,bleak-house
Mr. Vholes,Mr. Woodcourt,5747,bleak-house
Mr. Vholes,Richard,5747,bleak-house
Richard,Mr. Woodcourt,5747,bleak-house
Richard,Mr. Vholes,5747,bleak-house
Mr. Vholes,Richard,5748,bleak-house
Mr. Vholes,Richard,5748,bleak-house
Richard,Mr. Vholes,5748,bleak-house
Richard,Mr. Vholes,5748,bleak-house
Mr. Vholes,Mr. C.,5749,bleak-house
Mr. C.,Mr. Vholes,5749,bleak-house
Mr.,Woodcourt,5750,bleak-house
Mr.,Mr. Vholes,5750,bleak-house
Woodcourt,Mr.,5750,bleak-house
Woodcourt,Mr. Vholes,5750,bleak-house
Mr. Vholes,Mr.,5750,bleak-house
Mr. Vholes,Woodcourt,5750,bleak-house
Mr. Vholes,Mr. C.,5751,bleak-house
Mr. C.,Mr. Vholes,5751,bleak-house
Sir,Mr. Vholes,5753,bleak-house
Mr. Vholes,Sir,5753,bleak-house
Mr.,Woodcourt,5754,bleak-house
Woodcourt,Mr.,5754,bleak-house
Mr. Vholes,Sir,5755,bleak-house
Mr. Vholes,Mr. C.,5755,bleak-house
Sir,Mr. Vholes,5755,bleak-house
Sir,Mr. C.,5755,bleak-house
Mr. C.,Mr. Vholes,5755,bleak-house
Mr. C.,Sir,5755,bleak-house
Sir,Mr. Vholes,5757,bleak-house
Sir,Mr. C.,5757,bleak-house
Sir,Mr. C.,5757,bleak-house
Sir,Mr. Vholes,5757,bleak-house
Mr. Vholes,Sir,5757,bleak-house
Mr. Vholes,Mr. C.,5757,bleak-house
Mr. Vholes,Mr. C.,5757,bleak-house
Mr. C.,Sir,5757,bleak-house
Mr. C.,Mr. Vholes,5757,bleak-house
Mr. C.,Mr. Vholes,5757,bleak-house
Mr. C.,Sir,5757,bleak-house
Mr. C.,Mr. Vholes,5757,bleak-house
Mr. C.,Mr. Vholes,5757,bleak-house
Mr. Vholes,Sir,5757,bleak-house
Mr. Vholes,Mr. C.,5757,bleak-house
Mr. Vholes,Mr. C.,5757,bleak-house
Pardon,Mr. Vholes,5759,bleak-house
Mr. Vholes,Pardon,5759,bleak-house
Mr. Vholes,Mr. C.,5761,bleak-house
Mr. Vholes,Mr. C.,5761,bleak-house
Mr. Vholes,Mr. C.,5761,bleak-house
Mr. Vholes,Mr. C.,5761,bleak-house
Mr. Vholes,Whereas,5761,bleak-house
Mr. C.,Mr. Vholes,5761,bleak-house
Mr. C.,Whereas,5761,bleak-house
Mr. C.,Mr. Vholes,5761,bleak-house
Mr. C.,Whereas,5761,bleak-house
Mr. C.,Mr. Vholes,5761,bleak-house
Mr. C.,Whereas,5761,bleak-house
Mr. C.,Mr. Vholes,5761,bleak-house
Mr. C.,Whereas,5761,bleak-house
Whereas,Mr. Vholes,5761,bleak-house
Whereas,Mr. C.,5761,bleak-house
Whereas,Mr. C.,5761,bleak-house
Whereas,Mr. C.,5761,bleak-house
Whereas,Mr. C.,5761,bleak-house
Mr.,Woodcourt,5762,bleak-house
Woodcourt,Mr.,5762,bleak-house
Mr. Vholes,Mr. C.,5763,bleak-house
Mr. Vholes,Mr. C.,5763,bleak-house
Mr. C.,Mr. Vholes,5763,bleak-house
Mr. C.,Mr. Vholes,5763,bleak-house
Mr. Carstone,Mr. Vholes,5764,bleak-house
Mr. Vholes,Mr. Carstone,5764,bleak-house
Sir,Mr. Vholes,5765,bleak-house
Sir,Mr. C.,5765,bleak-house
Sir,Mr. C.,5765,bleak-house
Mr. Vholes,Sir,5765,bleak-house
Mr. Vholes,Mr. C.,5765,bleak-house
Mr. Vholes,Mr. C.,5765,bleak-house
Mr. C.,Sir,5765,bleak-house
Mr. C.,Mr. Vholes,5765,bleak-house
Mr. C.,Sir,5765,bleak-house
Mr. C.,Mr. Vholes,5765,bleak-house
Mr. Woodcourt,Mr. Vholes,5766,bleak-house
Mr. Woodcourt,Richard,5766,bleak-house
Mr. Vholes,Mr. Woodcourt,5766,bleak-house
Mr. Vholes,Richard,5766,bleak-house
Richard,Mr. Woodcourt,5766,bleak-house
Richard,Mr. Vholes,5766,bleak-house
Richard,Vholes,5780,bleak-house
Richard,Woodcourt,5780,bleak-house
Richard,Ada,5780,bleak-house
Vholes,Richard,5780,bleak-house
Vholes,Woodcourt,5780,bleak-house
Vholes,Ada,5780,bleak-house
Woodcourt,Richard,5780,bleak-house
Woodcourt,Vholes,5780,bleak-house
Woodcourt,Ada,5780,bleak-house
Ada,Richard,5780,bleak-house
Ada,Vholes,5780,bleak-house
Ada,Woodcourt,5780,bleak-house
Mr.,Woodcourt,5781,bleak-house
Mr.,Richard,5781,bleak-house
Mr.,Don,5781,bleak-house
Mr.,Ada,5781,bleak-house
Mr.,Vholes,5781,bleak-house
Woodcourt,Mr.,5781,bleak-house
Woodcourt,Richard,5781,bleak-house
Woodcourt,Don,5781,bleak-house
Woodcourt,Ada,5781,bleak-house
Woodcourt,Vholes,5781,bleak-house
Richard,Mr.,5781,bleak-house
Richard,Woodcourt,5781,bleak-house
Richard,Don,5781,bleak-house
Richard,Ada,5781,bleak-house
Richard,Vholes,5781,bleak-house
Don,Mr.,5781,bleak-house
Don,Woodcourt,5781,bleak-house
Don,Richard,5781,bleak-house
Don,Ada,5781,bleak-house
Don,Vholes,5781,bleak-house
Ada,Mr.,5781,bleak-house
Ada,Woodcourt,5781,bleak-house
Ada,Richard,5781,bleak-house
Ada,Don,5781,bleak-house
Ada,Vholes,5781,bleak-house
Vholes,Mr.,5781,bleak-house
Vholes,Woodcourt,5781,bleak-house
Vholes,Richard,5781,bleak-house
Vholes,Don,5781,bleak-house
Vholes,Ada,5781,bleak-house
Richard,Ada,5783,bleak-house
Richard,Woodcourt,5783,bleak-house
Ada,Richard,5783,bleak-house
Ada,Woodcourt,5783,bleak-house
Woodcourt,Richard,5783,bleak-house
Woodcourt,Ada,5783,bleak-house
Mr. Woodcourt,Richard,5784,bleak-house
Mr. Woodcourt,Symond,5784,bleak-house
Mr. Woodcourt,Mr. Vholes,5784,bleak-house
Mr. Woodcourt,Richard,5784,bleak-house
Mr. Woodcourt,Caddy,5784,bleak-house
Richard,Mr. Woodcourt,5784,bleak-house
Richard,Symond,5784,bleak-house
Richard,Mr. Vholes,5784,bleak-house
Richard,Caddy,5784,bleak-house
Symond,Mr. Woodcourt,5784,bleak-house
Symond,Richard,5784,bleak-house
Symond,Mr. Vholes,5784,bleak-house
Symond,Richard,5784,bleak-house
Symond,Caddy,5784,bleak-house
Mr. Vholes,Mr. Woodcourt,5784,bleak-house
Mr. Vholes,Richard,5784,bleak-house
Mr. Vholes,Symond,5784,bleak-house
Mr. Vholes,Richard,5784,bleak-house
Mr. Vholes,Caddy,5784,bleak-house
Richard,Mr. Woodcourt,5784,bleak-house
Richard,Symond,5784,bleak-house
Richard,Mr. Vholes,5784,bleak-house
Richard,Caddy,5784,bleak-house
Caddy,Mr. Woodcourt,5784,bleak-house
Caddy,Richard,5784,bleak-house
Caddy,Symond,5784,bleak-house
Caddy,Mr. Vholes,5784,bleak-house
Caddy,Richard,5784,bleak-house
Ada,Richard,5785,bleak-house
Richard,Ada,5785,bleak-house
Richard,Ada,5790,bleak-house
Richard,Ada,5790,bleak-house
Ada,Richard,5790,bleak-house
Ada,Richard,5790,bleak-house
Symond,Ada,5792,bleak-house
Symond,Chancery Lane,5792,bleak-house
Ada,Symond,5792,bleak-house
Ada,Chancery Lane,5792,bleak-house
Ada,Symond,5792,bleak-house
Chancery Lane,Symond,5792,bleak-house
Chancery Lane,Ada,5792,bleak-house
Chancery Lane,Symond,5792,bleak-house
Symond,Ada,5792,bleak-house
Symond,Chancery Lane,5792,bleak-house
Mr. Vholes,Ada,5793,bleak-house
Mr. Vholes,Ada,5793,bleak-house
Ada,Mr. Vholes,5793,bleak-house
Ada,Mr. Vholes,5793,bleak-house
Ada,Mr. Vholes,5793,bleak-house
Mr. Vholes,Ada,5793,bleak-house
Ada,Richard,5795,bleak-house
Ada,Jarndyce,5795,bleak-house
Richard,Ada,5795,bleak-house
Richard,Jarndyce,5795,bleak-house
Jarndyce,Ada,5795,bleak-house
Jarndyce,Richard,5795,bleak-house
Ada,Richard,5798,bleak-house
Ada,Vholes,5798,bleak-house
Richard,Ada,5798,bleak-house
Richard,Vholes,5798,bleak-house
Vholes,Ada,5798,bleak-house
Vholes,Richard,5798,bleak-house
Richard,Esther,5803,bleak-house
Esther,Richard,5803,bleak-house
Richard,Vholes,5805,bleak-house
Richard,Ask Vholes,5805,bleak-house
Richard,Vholes,5805,bleak-house
Vholes,Richard,5805,bleak-house
Vholes,Ask Vholes,5805,bleak-house
Ask Vholes,Richard,5805,bleak-house
Ask Vholes,Vholes,5805,bleak-house
Ask Vholes,Vholes,5805,bleak-house
Vholes,Richard,5805,bleak-house
Vholes,Ask Vholes,5805,bleak-house
Richard,Ada,5807,bleak-house
Ada,Richard,5807,bleak-house
Esther,John,5817,bleak-house
John,Esther,5817,bleak-house
Richard,Ada,5820,bleak-house
Richard,Esther,5820,bleak-house
Ada,Richard,5820,bleak-house
Ada,Richard,5820,bleak-house
Ada,Esther,5820,bleak-house
Richard,Ada,5820,bleak-house
Richard,Esther,5820,bleak-house
Esther,Richard,5820,bleak-house
Esther,Ada,5820,bleak-house
Esther,Richard,5820,bleak-house
Esther,John,5822,bleak-house
John,Esther,5822,bleak-house
Richard,Ada,5824,bleak-house
Richard,Ada,5824,bleak-house
Ada,Richard,5824,bleak-house
Ada,Richard,5824,bleak-house
Richard,Esther,5825,bleak-house
Esther,Richard,5825,bleak-house
Symond,Richard,5827,bleak-house
Richard,Symond,5827,bleak-house
Charley,Mr. Vholes,5833,bleak-house
Mr. Vholes,Charley,5833,bleak-house
Charley,Ada,5835,bleak-house
Ada,Charley,5835,bleak-house
Poor,Poor Rick,5842,bleak-house
Poor,Poor Ada,5842,bleak-house
Poor Rick,Poor,5842,bleak-house
Poor Rick,Poor Ada,5842,bleak-house
Poor Ada,Poor,5842,bleak-house
Poor Ada,Poor Rick,5842,bleak-house
Mr. Woodcourt,Mr. George,5851,bleak-house
Mr. Woodcourt,Sir Leicester Dedlock,5851,bleak-house
Mr. Woodcourt,Sir Leicester,5851,bleak-house
Mr. George,Mr. Woodcourt,5851,bleak-house
Mr. George,Sir Leicester Dedlock,5851,bleak-house
Mr. George,Sir Leicester,5851,bleak-house
Sir Leicester Dedlock,Mr. Woodcourt,5851,bleak-house
Sir Leicester Dedlock,Mr. George,5851,bleak-house
Sir Leicester Dedlock,Sir Leicester,5851,bleak-house
Sir Leicester,Mr. Woodcourt,5851,bleak-house
Sir Leicester,Mr. George,5851,bleak-house
Sir Leicester,Sir Leicester Dedlock,5851,bleak-house
Mr. Gridley,Mr. George,5859,bleak-house
Mr. George,Mr. Gridley,5859,bleak-house
Mr.,Woodcourt,5860,bleak-house
Mr.,Mr. Woodcourt,5860,bleak-house
Woodcourt,Mr.,5860,bleak-house
Woodcourt,Mr. Woodcourt,5860,bleak-house
Mr. Woodcourt,Mr.,5860,bleak-house
Mr. Woodcourt,Woodcourt,5860,bleak-house
Mr. George,Miss Summerson,5867,bleak-house
Miss Summerson,Mr. George,5867,bleak-house
Mr. George,Gridley,5893,bleak-house
Gridley,Mr. George,5893,bleak-house
Mr. George,Matthew Bagnet,5909,bleak-house
Mr. George,Matthew Bagnet,5909,bleak-house
Matthew Bagnet,Mr. George,5909,bleak-house
Matthew Bagnet,Mr. George,5909,bleak-house
Mr.,Bagnet,5910,bleak-house
Bagnet,Mr.,5910,bleak-house
George,Don,5919,bleak-house
Don,George,5919,bleak-house
Don,George,5919,bleak-house
George,Don,5919,bleak-house
Dover Castle,George,5941,bleak-house
George,Dover Castle,5941,bleak-house
Lignum,George,5948,bleak-house
George,Lignum,5948,bleak-house
Mr.,Mr. Bucket,5957,bleak-house
Mr.,Mr. Bucket,5957,bleak-house
Mr. Bucket,Mr.,5957,bleak-house
Mr. Bucket,Mr.,5957,bleak-house
Mr. Bucket,Sir Leicester Dedlock,5959,bleak-house
Sir Leicester Dedlock,Mr. Bucket,5959,bleak-house
Sir Leicester Dedlock,Mr. Bucket,5959,bleak-house
Mr. Bucket,Sir Leicester Dedlock,5959,bleak-house
Inn Fields,Sir Leicester Dedlock,5961,bleak-house
Inn Fields,Lord Doodle,5961,bleak-house
Inn Fields,William Buffy,5961,bleak-house
Inn Fields,College,5961,bleak-house
Sir Leicester Dedlock,Inn Fields,5961,bleak-house
Sir Leicester Dedlock,Lord Doodle,5961,bleak-house
Sir Leicester Dedlock,William Buffy,5961,bleak-house
Sir Leicester Dedlock,College,5961,bleak-house
Lord Doodle,Inn Fields,5961,bleak-house
Lord Doodle,Sir Leicester Dedlock,5961,bleak-house
Lord Doodle,William Buffy,5961,bleak-house
Lord Doodle,College,5961,bleak-house
William Buffy,Inn Fields,5961,bleak-house
William Buffy,Sir Leicester Dedlock,5961,bleak-house
William Buffy,Lord Doodle,5961,bleak-house
William Buffy,College,5961,bleak-house
College,Inn Fields,5961,bleak-house
College,Sir Leicester Dedlock,5961,bleak-house
College,Lord Doodle,5961,bleak-house
College,William Buffy,5961,bleak-house
Mr. Tulkinghorn,Mr. Bucket,5967,bleak-house
Mr. Bucket,Mr. Tulkinghorn,5967,bleak-house
Mr.,Sir Leicester Dedlock,5968,bleak-house
Sir Leicester Dedlock,Mr.,5968,bleak-house
Mercury,Mr. Bucket,5971,bleak-house
Mercury,Mr. Bucket,5971,bleak-house
Mr. Bucket,Mercury,5971,bleak-house
Mr. Bucket,Mercury,5971,bleak-house
Mr. Bucket,East Inder,5981,bleak-house
East Inder,Mr. Bucket,5981,bleak-house
Mr.,Bucket,5982,bleak-house
Mr.,Mr. Bucket,5982,bleak-house
Mr.,Sir Leicester,5982,bleak-house
Mr.,Mr. Bucket,5982,bleak-house
Mr.,Sir Leicester Dedlock,5982,bleak-house
Mr.,Baronet,5982,bleak-house
Bucket,Mr.,5982,bleak-house
Bucket,Mr. Bucket,5982,bleak-house
Bucket,Sir Leicester,5982,bleak-house
Bucket,Mr. Bucket,5982,bleak-house
Bucket,Sir Leicester Dedlock,5982,bleak-house
Bucket,Baronet,5982,bleak-house
Mr. Bucket,Mr.,5982,bleak-house
Mr. Bucket,Bucket,5982,bleak-house
Mr. Bucket,Sir Leicester,5982,bleak-house
Mr. Bucket,Sir Leicester Dedlock,5982,bleak-house
Mr. Bucket,Baronet,5982,bleak-house
Sir Leicester,Mr.,5982,bleak-house
Sir Leicester,Bucket,5982,bleak-house
Sir Leicester,Mr. Bucket,5982,bleak-house
Sir Leicester,Mr. Bucket,5982,bleak-house
Sir Leicester,Sir Leicester Dedlock,5982,bleak-house
Sir Leicester,Baronet,5982,bleak-house
Mr. Bucket,Mr.,5982,bleak-house
Mr. Bucket,Bucket,5982,bleak-house
Mr. Bucket,Sir Leicester,5982,bleak-house
Mr. Bucket,Sir Leicester Dedlock,5982,bleak-house
Mr. Bucket,Baronet,5982,bleak-house
Sir Leicester Dedlock,Mr.,5982,bleak-house
Sir Leicester Dedlock,Bucket,5982,bleak-house
Sir Leicester Dedlock,Mr. Bucket,5982,bleak-house
Sir Leicester Dedlock,Sir Leicester,5982,bleak-house
Sir Leicester Dedlock,Mr. Bucket,5982,bleak-house
Sir Leicester Dedlock,Baronet,5982,bleak-house
Baronet,Mr.,5982,bleak-house
Baronet,Bucket,5982,bleak-house
Baronet,Mr. Bucket,5982,bleak-house
Baronet,Sir Leicester,5982,bleak-house
Baronet,Mr. Bucket,5982,bleak-house
Baronet,Sir Leicester Dedlock,5982,bleak-house
Mr.,Sir Leicester,5984,bleak-house
Mr.,Cousin,5984,bleak-house
Mr.,Mr. Bucket,5984,bleak-house
Sir Leicester,Mr.,5984,bleak-house
Sir Leicester,Cousin,5984,bleak-house
Sir Leicester,Mr. Bucket,5984,bleak-house
Cousin,Mr.,5984,bleak-house
Cousin,Sir Leicester,5984,bleak-house
Cousin,Mr. Bucket,5984,bleak-house
Mr. Bucket,Mr.,5984,bleak-house
Mr. Bucket,Sir Leicester,5984,bleak-house
Mr. Bucket,Cousin,5984,bleak-house
Sir Leicester Dedlock,Baronet,5986,bleak-house
Baronet,Sir Leicester Dedlock,5986,bleak-house
Mr.,Bucket,5991,bleak-house
Mr.,Sir Leicester,5991,bleak-house
Bucket,Mr.,5991,bleak-house
Bucket,Sir Leicester,5991,bleak-house
Sir Leicester,Mr.,5991,bleak-house
Sir Leicester,Bucket,5991,bleak-house
Sir,Leicester,5993,bleak-house
Leicester,Sir,5993,bleak-house
Mr. Bucket,Sir Leicester Dedlock,6002,bleak-house
Mr. Bucket,Baronet,6002,bleak-house
Mr. Bucket,Sir Leicester Dedlock,6002,bleak-house
Mr. Bucket,Baronet,6002,bleak-house
Mr. Bucket,Bucket,6002,bleak-house
Sir Leicester Dedlock,Mr. Bucket,6002,bleak-house
Sir Leicester Dedlock,Baronet,6002,bleak-house
Sir Leicester Dedlock,Mr. Bucket,6002,bleak-house
Sir Leicester Dedlock,Baronet,6002,bleak-house
Sir Leicester Dedlock,Bucket,6002,bleak-house
Baronet,Mr. Bucket,6002,bleak-house
Baronet,Sir Leicester Dedlock,6002,bleak-house
Baronet,Mr. Bucket,6002,bleak-house
Baronet,Sir Leicester Dedlock,6002,bleak-house
Baronet,Bucket,6002,bleak-house
Mr. Bucket,Sir Leicester Dedlock,6002,bleak-house
Mr. Bucket,Baronet,6002,bleak-house
Mr. Bucket,Sir Leicester Dedlock,6002,bleak-house
Mr. Bucket,Baronet,6002,bleak-house
Mr. Bucket,Bucket,6002,bleak-house
Sir Leicester Dedlock,Mr. Bucket,6002,bleak-house
Sir Leicester Dedlock,Baronet,6002,bleak-house
Sir Leicester Dedlock,Mr. Bucket,6002,bleak-house
Sir Leicester Dedlock,Baronet,6002,bleak-house
Sir Leicester Dedlock,Bucket,6002,bleak-house
Baronet,Mr. Bucket,6002,bleak-house
Baronet,Sir Leicester Dedlock,6002,bleak-house
Baronet,Mr. Bucket,6002,bleak-house
Baronet,Sir Leicester Dedlock,6002,bleak-house
Baronet,Bucket,6002,bleak-house
Bucket,Mr. Bucket,6002,bleak-house
Bucket,Sir Leicester Dedlock,6002,bleak-house
Bucket,Baronet,6002,bleak-house
Bucket,Mr. Bucket,6002,bleak-house
Bucket,Sir Leicester Dedlock,6002,bleak-house
Bucket,Baronet,6002,bleak-house
Mr. Bucket,Lord,6004,bleak-house
Lord,Mr. Bucket,6004,bleak-house
Lord,Mr. Bucket,6004,bleak-house
Mr. Bucket,Lord,6004,bleak-house
Mr.,Glad,6006,bleak-house
Mr.,Sir Leicester Dedlock,6006,bleak-house
Mr.,Baronet,6006,bleak-house
Glad,Mr.,6006,bleak-house
Glad,Sir Leicester Dedlock,6006,bleak-house
Glad,Baronet,6006,bleak-house
Sir Leicester Dedlock,Mr.,6006,bleak-house
Sir Leicester Dedlock,Glad,6006,bleak-house
Sir Leicester Dedlock,Baronet,6006,bleak-house
Baronet,Mr.,6006,bleak-house
Baronet,Glad,6006,bleak-house
Baronet,Sir Leicester Dedlock,6006,bleak-house
Sir Leicester,Volumnia,6007,bleak-house
Sir Leicester,Volumnia,6007,bleak-house
Volumnia,Sir Leicester,6007,bleak-house
Volumnia,Sir Leicester,6007,bleak-house
Sir Leicester Dedlock,Baronet,6011,bleak-house
Baronet,Sir Leicester Dedlock,6011,bleak-house
Sir Leicester,Highly,6012,bleak-house
Highly,Sir Leicester,6012,bleak-house
Sir Leicester Dedlock,Baronet,6013,bleak-house
Sir Leicester Dedlock,Mr. Bucket,6013,bleak-house
Sir Leicester Dedlock,Mr. Bucket,6013,bleak-house
Baronet,Sir Leicester Dedlock,6013,bleak-house
Baronet,Mr. Bucket,6013,bleak-house
Baronet,Mr. Bucket,6013,bleak-house
Mr. Bucket,Sir Leicester Dedlock,6013,bleak-house
Mr. Bucket,Baronet,6013,bleak-house
Mr. Bucket,Sir Leicester Dedlock,6013,bleak-house
Mr. Bucket,Baronet,6013,bleak-house
Aye,Mr. Bucket,6015,bleak-house
Aye,Sir Leicester,6015,bleak-house
Mr. Bucket,Aye,6015,bleak-house
Mr. Bucket,Sir Leicester,6015,bleak-house
Sir Leicester,Aye,6015,bleak-house
Sir Leicester,Mr. Bucket,6015,bleak-house
Mr.,Sir Leicester,6018,bleak-house
Mr.,Mr. Bucket,6018,bleak-house
Sir Leicester,Mr.,6018,bleak-house
Sir Leicester,Mr. Bucket,6018,bleak-house
Mr. Bucket,Mr.,6018,bleak-house
Mr. Bucket,Sir Leicester,6018,bleak-house
Sir Leicester Dedlock,Baronet,6021,bleak-house
Baronet,Sir Leicester Dedlock,6021,bleak-house
Mr.,Blue Chamber,6023,bleak-house
Blue Chamber,Mr.,6023,bleak-house
Mr. Bucket,Lady,6029,bleak-house
Lady,Mr. Bucket,6029,bleak-house
Mine,Mr. Bucket,6035,bleak-house
Mr. Bucket,Mine,6035,bleak-house
Mr. Bucket,Don,6050,bleak-house
Don,Mr. Bucket,6050,bleak-house
Mr. Bucket,Walks,6052,bleak-house
Walks,Mr. Bucket,6052,bleak-house
Mr. Bucket,Royal Academy,6067,bleak-house
Royal Academy,Mr. Bucket,6067,bleak-house
Mr. Bucket,Sir Leicester Dedlock,6071,bleak-house
Mr. Bucket,Baronet,6071,bleak-house
Mr. Bucket,Sir Leicester,6071,bleak-house
Mr. Bucket,Sir Leicester Dedlock,6071,bleak-house
Mr. Bucket,Baronet,6071,bleak-house
Mr. Bucket,Sir Leicester,6071,bleak-house
Sir Leicester Dedlock,Mr. Bucket,6071,bleak-house
Sir Leicester Dedlock,Mr. Bucket,6071,bleak-house
Sir Leicester Dedlock,Baronet,6071,bleak-house
Sir Leicester Dedlock,Sir Leicester,6071,bleak-house
Sir Leicester Dedlock,Mr. Bucket,6071,bleak-house
Sir Leicester Dedlock,Mr. Bucket,6071,bleak-house
Baronet,Mr. Bucket,6071,bleak-house
Baronet,Mr. Bucket,6071,bleak-house
Baronet,Sir Leicester Dedlock,6071,bleak-house
Baronet,Sir Leicester,6071,bleak-house
Baronet,Mr. Bucket,6071,bleak-house
Baronet,Mr. Bucket,6071,bleak-house
Sir Leicester,Mr. Bucket,6071,bleak-house
Sir Leicester,Mr. Bucket,6071,bleak-house
Sir Leicester,Sir Leicester Dedlock,6071,bleak-house
Sir Leicester,Baronet,6071,bleak-house
Sir Leicester,Mr. Bucket,6071,bleak-house
Sir Leicester,Mr. Bucket,6071,bleak-house
Mr. Bucket,Sir Leicester Dedlock,6071,bleak-house
Mr. Bucket,Baronet,6071,bleak-house
Mr. Bucket,Sir Leicester,6071,bleak-house
Mr. Bucket,Sir Leicester Dedlock,6071,bleak-house
Mr. Bucket,Baronet,6071,bleak-house
Mr. Bucket,Sir Leicester,6071,bleak-house
Mr. Bucket,Sir Leicester,6072,bleak-house
Mr. Bucket,Sir Leicester,6072,bleak-house
Sir Leicester,Mr. Bucket,6072,bleak-house
Sir Leicester,Mr. Bucket,6072,bleak-house
Sir Leicester Dedlock,Baronet,6076,bleak-house
Sir Leicester Dedlock,Mr. Bucket,6076,bleak-house
Baronet,Sir Leicester Dedlock,6076,bleak-house
Baronet,Mr. Bucket,6076,bleak-house
Mr. Bucket,Sir Leicester Dedlock,6076,bleak-house
Mr. Bucket,Baronet,6076,bleak-house
Sir Leicester Dedlock,Baronet,6078,bleak-house
Sir Leicester Dedlock,Mr. Bucket,6078,bleak-house
Baronet,Sir Leicester Dedlock,6078,bleak-house
Baronet,Mr. Bucket,6078,bleak-house
Mr. Bucket,Sir Leicester Dedlock,6078,bleak-house
Mr. Bucket,Baronet,6078,bleak-house
Sir Leicester Dedlock,Baronet,6080,bleak-house
Baronet,Sir Leicester Dedlock,6080,bleak-house
Sir Leicester Dedlock,Baronet,6086,bleak-house
Sir Leicester Dedlock,Mr. Bucket,6086,bleak-house
Sir Leicester Dedlock,Baronet,6086,bleak-house
Sir Leicester Dedlock,Baronet,6086,bleak-house
Sir Leicester Dedlock,Julius,6086,bleak-house
Sir Leicester Dedlock,Baronet,6086,bleak-house
Baronet,Sir Leicester Dedlock,6086,bleak-house
Baronet,Mr. Bucket,6086,bleak-house
Baronet,Sir Leicester Dedlock,6086,bleak-house
Baronet,Sir Leicester Dedlock,6086,bleak-house
Baronet,Julius,6086,bleak-house
Baronet,Sir Leicester Dedlock,6086,bleak-house
Mr. Bucket,Sir Leicester Dedlock,6086,bleak-house
Mr. Bucket,Baronet,6086,bleak-house
Mr. Bucket,Sir Leicester Dedlock,6086,bleak-house
Mr. Bucket,Baronet,6086,bleak-house
Mr. Bucket,Sir Leicester Dedlock,6086,bleak-house
Mr. Bucket,Baronet,6086,bleak-house
Mr. Bucket,Julius,6086,bleak-house
Mr. Bucket,Sir Leicester Dedlock,6086,bleak-house
Mr. Bucket,Baronet,6086,bleak-house
Sir Leicester Dedlock,Baronet,6086,bleak-house
Sir Leicester Dedlock,Mr. Bucket,6086,bleak-house
Sir Leicester Dedlock,Baronet,6086,bleak-house
Sir Leicester Dedlock,Baronet,6086,bleak-house
Sir Leicester Dedlock,Julius,6086,bleak-house
Sir Leicester Dedlock,Baronet,6086,bleak-house
Baronet,Sir Leicester Dedlock,6086,bleak-house
Baronet,Mr. Bucket,6086,bleak-house
Baronet,Sir Leicester Dedlock,6086,bleak-house
Baronet,Sir Leicester Dedlock,6086,bleak-house
Baronet,Julius,6086,bleak-house
Baronet,Sir Leicester Dedlock,6086,bleak-house
Sir Leicester Dedlock,Baronet,6086,bleak-house
Sir Leicester Dedlock,Mr. Bucket,6086,bleak-house
Sir Leicester Dedlock,Baronet,6086,bleak-house
Sir Leicester Dedlock,Baronet,6086,bleak-house
Sir Leicester Dedlock,Julius,6086,bleak-house
Sir Leicester Dedlock,Baronet,6086,bleak-house
Baronet,Sir Leicester Dedlock,6086,bleak-house
Baronet,Mr. Bucket,6086,bleak-house
Baronet,Sir Leicester Dedlock,6086,bleak-house
Baronet,Sir Leicester Dedlock,6086,bleak-house
Baronet,Julius,6086,bleak-house
Baronet,Sir Leicester Dedlock,6086,bleak-house
Julius,Sir Leicester Dedlock,6086,bleak-house
Julius,Baronet,6086,bleak-house
Julius,Mr. Bucket,6086,bleak-house
Julius,Sir Leicester Dedlock,6086,bleak-house
Julius,Baronet,6086,bleak-house
Julius,Sir Leicester Dedlock,6086,bleak-house
Julius,Baronet,6086,bleak-house
Julius,Sir Leicester Dedlock,6086,bleak-house
Julius,Baronet,6086,bleak-house
Sir Leicester Dedlock,Baronet,6086,bleak-house
Sir Leicester Dedlock,Mr. Bucket,6086,bleak-house
Sir Leicester Dedlock,Baronet,6086,bleak-house
Sir Leicester Dedlock,Baronet,6086,bleak-house
Sir Leicester Dedlock,Julius,6086,bleak-house
Sir Leicester Dedlock,Baronet,6086,bleak-house
Baronet,Sir Leicester Dedlock,6086,bleak-house
Baronet,Mr. Bucket,6086,bleak-house
Baronet,Sir Leicester Dedlock,6086,bleak-house
Baronet,Sir Leicester Dedlock,6086,bleak-house
Baronet,Julius,6086,bleak-house
Baronet,Sir Leicester Dedlock,6086,bleak-house
Sir Leicester Dedlock,Mr. Bucket,6088,bleak-house
Sir Leicester Dedlock,Baronet,6088,bleak-house
Mr. Bucket,Sir Leicester Dedlock,6088,bleak-house
Mr. Bucket,Sir Leicester Dedlock,6088,bleak-house
Mr. Bucket,Baronet,6088,bleak-house
Sir Leicester Dedlock,Mr. Bucket,6088,bleak-house
Sir Leicester Dedlock,Baronet,6088,bleak-house
Baronet,Sir Leicester Dedlock,6088,bleak-house
Baronet,Mr. Bucket,6088,bleak-house
Baronet,Sir Leicester Dedlock,6088,bleak-house
Mr. Bucket,Sir Leicester Dedlock,6090,bleak-house
Mr. Bucket,Baronet,6090,bleak-house
Mr. Bucket,Lady,6090,bleak-house
Sir Leicester Dedlock,Mr. Bucket,6090,bleak-house
Sir Leicester Dedlock,Baronet,6090,bleak-house
Sir Leicester Dedlock,Lady,6090,bleak-house
Baronet,Mr. Bucket,6090,bleak-house
Baronet,Sir Leicester Dedlock,6090,bleak-house
Baronet,Lady,6090,bleak-house
Lady,Mr. Bucket,6090,bleak-house
Lady,Sir Leicester Dedlock,6090,bleak-house
Lady,Baronet,6090,bleak-house
Sir,Mr. Bucket,6091,bleak-house
Mr. Bucket,Sir,6091,bleak-house
Lady Dedlock,Mr. Bucket,6092,bleak-house
Mr. Bucket,Lady Dedlock,6092,bleak-house
Sir Leicester Dedlock,Baronet,6094,bleak-house
Baronet,Sir Leicester Dedlock,6094,bleak-house
Sir Leicester Dedlock,Baronet,6097,bleak-house
Baronet,Sir Leicester Dedlock,6097,bleak-house
Sir Leicester,Lady,6098,bleak-house
Sir Leicester,Lady,6098,bleak-house
Lady,Sir Leicester,6098,bleak-house
Lady,Sir Leicester,6098,bleak-house
Sir Leicester Dedlock,Baronet,6099,bleak-house
Baronet,Sir Leicester Dedlock,6099,bleak-house
Sir Leicester Dedlock,Baronet,6101,bleak-house
Sir Leicester Dedlock,Mr. Tulkinghorn,6101,bleak-house
Sir Leicester Dedlock,Lady Dedlock,6101,bleak-house
Baronet,Sir Leicester Dedlock,6101,bleak-house
Baronet,Mr. Tulkinghorn,6101,bleak-house
Baronet,Lady Dedlock,6101,bleak-house
Mr. Tulkinghorn,Sir Leicester Dedlock,6101,bleak-house
Mr. Tulkinghorn,Baronet,6101,bleak-house
Mr. Tulkinghorn,Lady Dedlock,6101,bleak-house
Lady Dedlock,Sir Leicester Dedlock,6101,bleak-house
Lady Dedlock,Baronet,6101,bleak-house
Lady Dedlock,Mr. Tulkinghorn,6101,bleak-house
Sir Leicester,Mr. Bucket,6102,bleak-house
Mr. Bucket,Sir Leicester,6102,bleak-house
Sir Leicester Dedlock,Mr. Tulkinghorn,6103,bleak-house
Sir Leicester Dedlock,Lady Dedlock,6103,bleak-house
Sir Leicester Dedlock,Mr. Bucket,6103,bleak-house
Sir Leicester Dedlock,Lady Dedlock,6103,bleak-house
Sir Leicester Dedlock,Lady Dedlock,6103,bleak-house
Sir Leicester Dedlock,Mr. Tulkinghorn,6103,bleak-house
Sir Leicester Dedlock,Inn Fields,6103,bleak-house
Sir Leicester Dedlock,Lady Dedlock,6103,bleak-house
Sir Leicester Dedlock,Baronet,6103,bleak-house
Sir Leicester Dedlock,Mr. Tulkinghorn,6103,bleak-house
Sir Leicester Dedlock,Lady Dedlock,6103,bleak-house
Sir Leicester Dedlock,Lady Dedlock,6103,bleak-house
Sir Leicester Dedlock,Baronet,6103,bleak-house
Mr. Tulkinghorn,Sir Leicester Dedlock,6103,bleak-house
Mr. Tulkinghorn,Lady Dedlock,6103,bleak-house
Mr. Tulkinghorn,Sir Leicester Dedlock,6103,bleak-house
Mr. Tulkinghorn,Mr. Bucket,6103,bleak-house
Mr. Tulkinghorn,Lady Dedlock,6103,bleak-house
Mr. Tulkinghorn,Lady Dedlock,6103,bleak-house
Mr. Tulkinghorn,Inn Fields,6103,bleak-house
Mr. Tulkinghorn,Lady Dedlock,6103,bleak-house
Mr. Tulkinghorn,Sir Leicester Dedlock,6103,bleak-house
Mr. Tulkinghorn,Baronet,6103,bleak-house
Mr. Tulkinghorn,Lady Dedlock,6103,bleak-house
Mr. Tulkinghorn,Lady Dedlock,6103,bleak-house
Mr. Tulkinghorn,Sir Leicester Dedlock,6103,bleak-house
Mr. Tulkinghorn,Baronet,6103,bleak-house
Lady Dedlock,Sir Leicester Dedlock,6103,bleak-house
Lady Dedlock,Mr. Tulkinghorn,6103,bleak-house
Lady Dedlock,Sir Leicester Dedlock,6103,bleak-house
Lady Dedlock,Mr. Bucket,6103,bleak-house
Lady Dedlock,Mr. Tulkinghorn,6103,bleak-house
Lady Dedlock,Inn Fields,6103,bleak-house
Lady Dedlock,Sir Leicester Dedlock,6103,bleak-house
Lady Dedlock,Baronet,6103,bleak-house
Lady Dedlock,Mr. Tulkinghorn,6103,bleak-house
Lady Dedlock,Sir Leicester Dedlock,6103,bleak-house
Lady Dedlock,Baronet,6103,bleak-house
Sir Leicester Dedlock,Mr. Tulkinghorn,6103,bleak-house
Sir Leicester Dedlock,Lady Dedlock,6103,bleak-house
Sir Leicester Dedlock,Mr. Bucket,6103,bleak-house
Sir Leicester Dedlock,Lady Dedlock,6103,bleak-house
Sir Leicester Dedlock,Lady Dedlock,6103,bleak-house
Sir Leicester Dedlock,Mr. Tulkinghorn,6103,bleak-house
Sir Leicester Dedlock,Inn Fields,6103,bleak-house
Sir Leicester Dedlock,Lady Dedlock,6103,bleak-house
Sir Leicester Dedlock,Baronet,6103,bleak-house
Sir Leicester Dedlock,Mr. Tulkinghorn,6103,bleak-house
Sir Leicester Dedlock,Lady Dedlock,6103,bleak-house
Sir Leicester Dedlock,Lady Dedlock,6103,bleak-house
Sir Leicester Dedlock,Baronet,6103,bleak-house
Mr. Bucket,Sir Leicester Dedlock,6103,bleak-house
Mr. Bucket,Mr. Tulkinghorn,6103,bleak-house
Mr. Bucket,Lady Dedlock,6103,bleak-house
Mr. Bucket,Sir Leicester Dedlock,6103,bleak-house
Mr. Bucket,Lady Dedlock,6103,bleak-house
Mr. Bucket,Lady Dedlock,6103,bleak-house
Mr. Bucket,Mr. Tulkinghorn,6103,bleak-house
Mr. Bucket,Inn Fields,6103,bleak-house
Mr. Bucket,Lady Dedlock,6103,bleak-house
Mr. Bucket,Sir Leicester Dedlock,6103,bleak-house
Mr. Bucket,Baronet,6103,bleak-house
Mr. Bucket,Mr. Tulkinghorn,6103,bleak-house
Mr. Bucket,Lady Dedlock,6103,bleak-house
Mr. Bucket,Lady Dedlock,6103,bleak-house
Mr. Bucket,Sir Leicester Dedlock,6103,bleak-house
Mr. Bucket,Baronet,6103,bleak-house
Lady Dedlock,Sir Leicester Dedlock,6103,bleak-house
Lady Dedlock,Mr. Tulkinghorn,6103,bleak-house
Lady Dedlock,Sir Leicester Dedlock,6103,bleak-house
Lady Dedlock,Mr. Bucket,6103,bleak-house
Lady Dedlock,Mr. Tulkinghorn,6103,bleak-house
Lady Dedlock,Inn Fields,6103,bleak-house
Lady Dedlock,Sir Leicester Dedlock,6103,bleak-house
Lady Dedlock,Baronet,6103,bleak-house
Lady Dedlock,Mr. Tulkinghorn,6103,bleak-house
Lady Dedlock,Sir Leicester Dedlock,6103,bleak-house
Lady Dedlock,Baronet,6103,bleak-house
Lady Dedlock,Sir Leicester Dedlock,6103,bleak-house
Lady Dedlock,Mr. Tulkinghorn,6103,bleak-house
Lady Dedlock,Sir Leicester Dedlock,6103,bleak-house
Lady Dedlock,Mr. Bucket,6103,bleak-house
Lady Dedlock,Mr. Tulkinghorn,6103,bleak-house
Lady Dedlock,Inn Fields,6103,bleak-house
Lady Dedlock,Sir Leicester Dedlock,6103,bleak-house
Lady Dedlock,Baronet,6103,bleak-house
Lady Dedlock,Mr. Tulkinghorn,6103,bleak-house
Lady Dedlock,Sir Leicester Dedlock,6103,bleak-house
Lady Dedlock,Baronet,6103,bleak-house
Mr. Tulkinghorn,Sir Leicester Dedlock,6103,bleak-house
Mr. Tulkinghorn,Lady Dedlock,6103,bleak-house
Mr. Tulkinghorn,Sir Leicester Dedlock,6103,bleak-house
Mr. Tulkinghorn,Mr. Bucket,6103,bleak-house
Mr. Tulkinghorn,Lady Dedlock,6103,bleak-house
Mr. Tulkinghorn,Lady Dedlock,6103,bleak-house
Mr. Tulkinghorn,Inn Fields,6103,bleak-house
Mr. Tulkinghorn,Lady Dedlock,6103,bleak-house
Mr. Tulkinghorn,Sir Leicester Dedlock,6103,bleak-house
Mr. Tulkinghorn,Baronet,6103,bleak-house
Mr. Tulkinghorn,Lady Dedlock,6103,bleak-house
Mr. Tulkinghorn,Lady Dedlock,6103,bleak-house
Mr. Tulkinghorn,Sir Leicester Dedlock,6103,bleak-house
Mr. Tulkinghorn,Baronet,6103,bleak-house
Inn Fields,Sir Leicester Dedlock,6103,bleak-house
Inn Fields,Mr. Tulkinghorn,6103,bleak-house
Inn Fields,Lady Dedlock,6103,bleak-house
Inn Fields,Sir Leicester Dedlock,6103,bleak-house
Inn Fields,Mr. Bucket,6103,bleak-house
Inn Fields,Lady Dedlock,6103,bleak-house
Inn Fields,Lady Dedlock,6103,bleak-house
Inn Fields,Mr. Tulkinghorn,6103,bleak-house
Inn Fields,Lady Dedlock,6103,bleak-house
Inn Fields,Sir Leicester Dedlock,6103,bleak-house
Inn Fields,Baronet,6103,bleak-house
Inn Fields,Mr. Tulkinghorn,6103,bleak-house
Inn Fields,Lady Dedlock,6103,bleak-house
Inn Fields,Lady Dedlock,6103,bleak-house
Inn Fields,Sir Leicester Dedlock,6103,bleak-house
Inn Fields,Baronet,6103,bleak-house
Lady Dedlock,Sir Leicester Dedlock,6103,bleak-house
Lady Dedlock,Mr. Tulkinghorn,6103,bleak-house
Lady Dedlock,Sir Leicester Dedlock,6103,bleak-house
Lady Dedlock,Mr. Bucket,6103,bleak-house
Lady Dedlock,Mr. Tulkinghorn,6103,bleak-house
Lady Dedlock,Inn Fields,6103,bleak-house
Lady Dedlock,Sir Leicester Dedlock,6103,bleak-house
Lady Dedlock,Baronet,6103,bleak-house
Lady Dedlock,Mr. Tulkinghorn,6103,bleak-house
Lady Dedlock,Sir Leicester Dedlock,6103,bleak-house
Lady Dedlock,Baronet,6103,bleak-house
Sir Leicester Dedlock,Mr. Tulkinghorn,6103,bleak-house
Sir Leicester Dedlock,Lady Dedlock,6103,bleak-house
Sir Leicester Dedlock,Mr. Bucket,6103,bleak-house
Sir Leicester Dedlock,Lady Dedlock,6103,bleak-house
Sir Leicester Dedlock,Lady Dedlock,6103,bleak-house
Sir Leicester Dedlock,Mr. Tulkinghorn,6103,bleak-house
Sir Leicester Dedlock,Inn Fields,6103,bleak-house
Sir Leicester Dedlock,Lady Dedlock,6103,bleak-house
Sir Leicester Dedlock,Baronet,6103,bleak-house
Sir Leicester Dedlock,Mr. Tulkinghorn,6103,bleak-house
Sir Leicester Dedlock,Lady Dedlock,6103,bleak-house
Sir Leicester Dedlock,Lady Dedlock,6103,bleak-house
Sir Leicester Dedlock,Baronet,6103,bleak-house
Baronet,Sir Leicester Dedlock,6103,bleak-house
Baronet,Mr. Tulkinghorn,6103,bleak-house
Baronet,Lady Dedlock,6103,bleak-house
Baronet,Sir Leicester Dedlock,6103,bleak-house
Baronet,Mr. Bucket,6103,bleak-house
Baronet,Lady Dedlock,6103,bleak-house
Baronet,Lady Dedlock,6103,bleak-house
Baronet,Mr. Tulkinghorn,6103,bleak-house
Baronet,Inn Fields,6103,bleak-house
Baronet,Lady Dedlock,6103,bleak-house
Baronet,Sir Leicester Dedlock,6103,bleak-house
Baronet,Mr. Tulkinghorn,6103,bleak-house
Baronet,Lady Dedlock,6103,bleak-house
Baronet,Lady Dedlock,6103,bleak-house
Baronet,Sir Leicester Dedlock,6103,bleak-house
Mr. Tulkinghorn,Sir Leicester Dedlock,6103,bleak-house
Mr. Tulkinghorn,Lady Dedlock,6103,bleak-house
Mr. Tulkinghorn,Sir Leicester Dedlock,6103,bleak-house
Mr. Tulkinghorn,Mr. Bucket,6103,bleak-house
Mr. Tulkinghorn,Lady Dedlock,6103,bleak-house
Mr. Tulkinghorn,Lady Dedlock,6103,bleak-house
Mr. Tulkinghorn,Inn Fields,6103,bleak-house
Mr. Tulkinghorn,Lady Dedlock,6103,bleak-house
Mr. Tulkinghorn,Sir Leicester Dedlock,6103,bleak-house
Mr. Tulkinghorn,Baronet,6103,bleak-house
Mr. Tulkinghorn,Lady Dedlock,6103,bleak-house
Mr. Tulkinghorn,Lady Dedlock,6103,bleak-house
Mr. Tulkinghorn,Sir Leicester Dedlock,6103,bleak-house
Mr. Tulkinghorn,Baronet,6103,bleak-house
Lady Dedlock,Sir Leicester Dedlock,6103,bleak-house
Lady Dedlock,Mr. Tulkinghorn,6103,bleak-house
Lady Dedlock,Sir Leicester Dedlock,6103,bleak-house
Lady Dedlock,Mr. Bucket,6103,bleak-house
Lady Dedlock,Mr. Tulkinghorn,6103,bleak-house
Lady Dedlock,Inn Fields,6103,bleak-house
Lady Dedlock,Sir Leicester Dedlock,6103,bleak-house
Lady Dedlock,Baronet,6103,bleak-house
Lady Dedlock,Mr. Tulkinghorn,6103,bleak-house
Lady Dedlock,Sir Leicester Dedlock,6103,bleak-house
Lady Dedlock,Baronet,6103,bleak-house
Lady Dedlock,Sir Leicester Dedlock,6103,bleak-house
Lady Dedlock,Mr. Tulkinghorn,6103,bleak-house
Lady Dedlock,Sir Leicester Dedlock,6103,bleak-house
Lady Dedlock,Mr. Bucket,6103,bleak-house
Lady Dedlock,Mr. Tulkinghorn,6103,bleak-house
Lady Dedlock,Inn Fields,6103,bleak-house
Lady Dedlock,Sir Leicester Dedlock,6103,bleak-house
Lady Dedlock,Baronet,6103,bleak-house
Lady Dedlock,Mr. Tulkinghorn,6103,bleak-house
Lady Dedlock,Sir Leicester Dedlock,6103,bleak-house
Lady Dedlock,Baronet,6103,bleak-house
Sir Leicester Dedlock,Mr. Tulkinghorn,6103,bleak-house
Sir Leicester Dedlock,Lady Dedlock,6103,bleak-house
Sir Leicester Dedlock,Mr. Bucket,6103,bleak-house
Sir Leicester Dedlock,Lady Dedlock,6103,bleak-house
Sir Leicester Dedlock,Lady Dedlock,6103,bleak-house
Sir Leicester Dedlock,Mr. Tulkinghorn,6103,bleak-house
Sir Leicester Dedlock,Inn Fields,6103,bleak-house
Sir Leicester Dedlock,Lady Dedlock,6103,bleak-house
Sir Leicester Dedlock,Baronet,6103,bleak-house
Sir Leicester Dedlock,Mr. Tulkinghorn,6103,bleak-house
Sir Leicester Dedlock,Lady Dedlock,6103,bleak-house
Sir Leicester Dedlock,Lady Dedlock,6103,bleak-house
Sir Leicester Dedlock,Baronet,6103,bleak-house
Baronet,Sir Leicester Dedlock,6103,bleak-house
Baronet,Mr. Tulkinghorn,6103,bleak-house
Baronet,Lady Dedlock,6103,bleak-house
Baronet,Sir Leicester Dedlock,6103,bleak-house
Baronet,Mr. Bucket,6103,bleak-house
Baronet,Lady Dedlock,6103,bleak-house
Baronet,Lady Dedlock,6103,bleak-house
Baronet,Mr. Tulkinghorn,6103,bleak-house
Baronet,Inn Fields,6103,bleak-house
Baronet,Lady Dedlock,6103,bleak-house
Baronet,Sir Leicester Dedlock,6103,bleak-house
Baronet,Mr. Tulkinghorn,6103,bleak-house
Baronet,Lady Dedlock,6103,bleak-house
Baronet,Lady Dedlock,6103,bleak-house
Baronet,Sir Leicester Dedlock,6103,bleak-house
Sir Leicester Dedlock,Baronet,6105,bleak-house
Sir Leicester Dedlock,Inspector Bucket,6105,bleak-house
Sir Leicester Dedlock,Inspector Bucket,6105,bleak-house
Sir Leicester Dedlock,Baronet,6105,bleak-house
Baronet,Sir Leicester Dedlock,6105,bleak-house
Baronet,Inspector Bucket,6105,bleak-house
Baronet,Inspector Bucket,6105,bleak-house
Baronet,Sir Leicester Dedlock,6105,bleak-house
Inspector Bucket,Sir Leicester Dedlock,6105,bleak-house
Inspector Bucket,Baronet,6105,bleak-house
Inspector Bucket,Sir Leicester Dedlock,6105,bleak-house
Inspector Bucket,Baronet,6105,bleak-house
Inspector Bucket,Sir Leicester Dedlock,6105,bleak-house
Inspector Bucket,Baronet,6105,bleak-house
Inspector Bucket,Sir Leicester Dedlock,6105,bleak-house
Inspector Bucket,Baronet,6105,bleak-house
Sir Leicester Dedlock,Baronet,6105,bleak-house
Sir Leicester Dedlock,Inspector Bucket,6105,bleak-house
Sir Leicester Dedlock,Inspector Bucket,6105,bleak-house
Sir Leicester Dedlock,Baronet,6105,bleak-house
Baronet,Sir Leicester Dedlock,6105,bleak-house
Baronet,Inspector Bucket,6105,bleak-house
Baronet,Inspector Bucket,6105,bleak-house
Baronet,Sir Leicester Dedlock,6105,bleak-house
Sir Leicester,Mr. Bucket,6106,bleak-house
Sir Leicester,Mr. Bucket,6106,bleak-house
Sir Leicester,Mr. Tulkinghorn,6106,bleak-house
Mr. Bucket,Sir Leicester,6106,bleak-house
Mr. Bucket,Mr. Tulkinghorn,6106,bleak-house
Mr. Bucket,Sir Leicester,6106,bleak-house
Mr. Bucket,Mr. Tulkinghorn,6106,bleak-house
Mr. Tulkinghorn,Sir Leicester,6106,bleak-house
Mr. Tulkinghorn,Mr. Bucket,6106,bleak-house
Mr. Tulkinghorn,Mr. Bucket,6106,bleak-house
Sir Leicester Dedlock,Baronet,6107,bleak-house
Sir Leicester Dedlock,Mr. Bucket,6107,bleak-house
Sir Leicester Dedlock,Inspector Bucket,6107,bleak-house
Sir Leicester Dedlock,Mr. Tulkinghorn,6107,bleak-house
Baronet,Sir Leicester Dedlock,6107,bleak-house
Baronet,Mr. Bucket,6107,bleak-house
Baronet,Inspector Bucket,6107,bleak-house
Baronet,Mr. Tulkinghorn,6107,bleak-house
Baronet,Sir Leicester Dedlock,6107,bleak-house
Mr. Bucket,Sir Leicester Dedlock,6107,bleak-house
Mr. Bucket,Baronet,6107,bleak-house
Mr. Bucket,Inspector Bucket,6107,bleak-house
Mr. Bucket,Mr. Tulkinghorn,6107,bleak-house
Mr. Bucket,Sir Leicester Dedlock,6107,bleak-house
Inspector Bucket,Sir Leicester Dedlock,6107,bleak-house
Inspector Bucket,Baronet,6107,bleak-house
Inspector Bucket,Mr. Bucket,6107,bleak-house
Inspector Bucket,Mr. Tulkinghorn,6107,bleak-house
Inspector Bucket,Sir Leicester Dedlock,6107,bleak-house
Mr. Tulkinghorn,Sir Leicester Dedlock,6107,bleak-house
Mr. Tulkinghorn,Baronet,6107,bleak-house
Mr. Tulkinghorn,Mr. Bucket,6107,bleak-house
Mr. Tulkinghorn,Inspector Bucket,6107,bleak-house
Mr. Tulkinghorn,Sir Leicester Dedlock,6107,bleak-house
Sir Leicester Dedlock,Baronet,6107,bleak-house
Sir Leicester Dedlock,Mr. Bucket,6107,bleak-house
Sir Leicester Dedlock,Inspector Bucket,6107,bleak-house
Sir Leicester Dedlock,Mr. Tulkinghorn,6107,bleak-house
Sir Leicester,Mr. Bucket,6108,bleak-house
Sir Leicester,Baronet,6108,bleak-house
Sir Leicester,Mr. Tulkinghorn,6108,bleak-house
Mr. Bucket,Sir Leicester,6108,bleak-house
Mr. Bucket,Baronet,6108,bleak-house
Mr. Bucket,Mr. Tulkinghorn,6108,bleak-house
Baronet,Sir Leicester,6108,bleak-house
Baronet,Mr. Bucket,6108,bleak-house
Baronet,Mr. Tulkinghorn,6108,bleak-house
Mr. Tulkinghorn,Sir Leicester,6108,bleak-house
Mr. Tulkinghorn,Mr. Bucket,6108,bleak-house
Mr. Tulkinghorn,Baronet,6108,bleak-house
Sir,Mr. Bucket,6109,bleak-house
Sir,Mr. Bucket,6109,bleak-house
Sir,Sir Leicester,6109,bleak-house
Mr. Bucket,Sir,6109,bleak-house
Mr. Bucket,Sir Leicester,6109,bleak-house
Mr. Bucket,Sir,6109,bleak-house
Mr. Bucket,Sir Leicester,6109,bleak-house
Sir Leicester,Sir,6109,bleak-house
Sir Leicester,Mr. Bucket,6109,bleak-house
Sir Leicester,Mr. Bucket,6109,bleak-house
Mr. Bucket,Inspector Bucket,6110,bleak-house
Mr. Bucket,Sir Leicester Dedlock,6110,bleak-house
Mr. Bucket,Baronet,6110,bleak-house
Inspector Bucket,Mr. Bucket,6110,bleak-house
Inspector Bucket,Sir Leicester Dedlock,6110,bleak-house
Inspector Bucket,Baronet,6110,bleak-house
Sir Leicester Dedlock,Mr. Bucket,6110,bleak-house
Sir Leicester Dedlock,Inspector Bucket,6110,bleak-house
Sir Leicester Dedlock,Baronet,6110,bleak-house
Baronet,Mr. Bucket,6110,bleak-house
Baronet,Inspector Bucket,6110,bleak-house
Baronet,Sir Leicester Dedlock,6110,bleak-house
Mr. Bucket,Don,6114,bleak-house
Don,Mr. Bucket,6114,bleak-house
Once,Mr. Bucket,6118,bleak-house
Mr. Bucket,Once,6118,bleak-house
Sir Leicester Dedlock,Baronet,6122,bleak-house
Baronet,Sir Leicester Dedlock,6122,bleak-house
Mr. Smallweed,Mr. Chadband,6123,bleak-house
Mr. Smallweed,Mr. Chadband,6123,bleak-house
Mr. Chadband,Mr. Smallweed,6123,bleak-house
Mr. Chadband,Mr. Smallweed,6123,bleak-house
Mr. Tulkinghorn,Grandfather Smallweed,6124,bleak-house
Mr. Tulkinghorn,Krook,6124,bleak-house
Mr. Tulkinghorn,Krook,6124,bleak-house
Mr. Tulkinghorn,Lady Jane,6124,bleak-house
Grandfather Smallweed,Mr. Tulkinghorn,6124,bleak-house
Grandfather Smallweed,Krook,6124,bleak-house
Grandfather Smallweed,Krook,6124,bleak-house
Grandfather Smallweed,Lady Jane,6124,bleak-house
Grandfather Smallweed,Mr. Tulkinghorn,6124,bleak-house
Krook,Mr. Tulkinghorn,6124,bleak-house
Krook,Grandfather Smallweed,6124,bleak-house
Krook,Lady Jane,6124,bleak-house
Krook,Mr. Tulkinghorn,6124,bleak-house
Krook,Mr. Tulkinghorn,6124,bleak-house
Krook,Grandfather Smallweed,6124,bleak-house
Krook,Lady Jane,6124,bleak-house
Krook,Mr. Tulkinghorn,6124,bleak-house
Lady Jane,Mr. Tulkinghorn,6124,bleak-house
Lady Jane,Grandfather Smallweed,6124,bleak-house
Lady Jane,Krook,6124,bleak-house
Lady Jane,Krook,6124,bleak-house
Lady Jane,Mr. Tulkinghorn,6124,bleak-house
Mr. Tulkinghorn,Grandfather Smallweed,6124,bleak-house
Mr. Tulkinghorn,Krook,6124,bleak-house
Mr. Tulkinghorn,Krook,6124,bleak-house
Mr. Tulkinghorn,Lady Jane,6124,bleak-house
Mr. Smallweed,Lord,6125,bleak-house
Lord,Mr. Smallweed,6125,bleak-house
Mr. Bucket,Sir Leicester Dedlock,6126,bleak-house
Mr. Bucket,Baronet,6126,bleak-house
Sir Leicester Dedlock,Mr. Bucket,6126,bleak-house
Sir Leicester Dedlock,Baronet,6126,bleak-house
Baronet,Mr. Bucket,6126,bleak-house
Baronet,Sir Leicester Dedlock,6126,bleak-house
Haven,Mr. Bucket,6127,bleak-house
Haven,Grandfather Smallweed,6127,bleak-house
Haven,Isn,6127,bleak-house
Haven,Captain Hawdon,6127,bleak-house
Haven,Sir Leicester Dedlock,6127,bleak-house
Haven,Mr. Tulkinghorn,6127,bleak-house
Mr. Bucket,Haven,6127,bleak-house
Mr. Bucket,Grandfather Smallweed,6127,bleak-house
Mr. Bucket,Isn,6127,bleak-house
Mr. Bucket,Captain Hawdon,6127,bleak-house
Mr. Bucket,Sir Leicester Dedlock,6127,bleak-house
Mr. Bucket,Mr. Tulkinghorn,6127,bleak-house
Grandfather Smallweed,Haven,6127,bleak-house
Grandfather Smallweed,Mr. Bucket,6127,bleak-house
Grandfather Smallweed,Isn,6127,bleak-house
Grandfather Smallweed,Captain Hawdon,6127,bleak-house
Grandfather Smallweed,Sir Leicester Dedlock,6127,bleak-house
Grandfather Smallweed,Mr. Tulkinghorn,6127,bleak-house
Isn,Haven,6127,bleak-house
Isn,Mr. Bucket,6127,bleak-house
Isn,Grandfather Smallweed,6127,bleak-house
Isn,Captain Hawdon,6127,bleak-house
Isn,Sir Leicester Dedlock,6127,bleak-house
Isn,Mr. Tulkinghorn,6127,bleak-house
Captain Hawdon,Haven,6127,bleak-house
Captain Hawdon,Mr. Bucket,6127,bleak-house
Captain Hawdon,Grandfather Smallweed,6127,bleak-house
Captain Hawdon,Isn,6127,bleak-house
Captain Hawdon,Sir Leicester Dedlock,6127,bleak-house
Captain Hawdon,Mr. Tulkinghorn,6127,bleak-house
Sir Leicester Dedlock,Haven,6127,bleak-house
Sir Leicester Dedlock,Mr. Bucket,6127,bleak-house
Sir Leicester Dedlock,Grandfather Smallweed,6127,bleak-house
Sir Leicester Dedlock,Isn,6127,bleak-house
Sir Leicester Dedlock,Captain Hawdon,6127,bleak-house
Sir Leicester Dedlock,Mr. Tulkinghorn,6127,bleak-house
Mr. Tulkinghorn,Haven,6127,bleak-house
Mr. Tulkinghorn,Mr. Bucket,6127,bleak-house
Mr. Tulkinghorn,Grandfather Smallweed,6127,bleak-house
Mr. Tulkinghorn,Isn,6127,bleak-house
Mr. Tulkinghorn,Captain Hawdon,6127,bleak-house
Mr. Tulkinghorn,Sir Leicester Dedlock,6127,bleak-house
Mr. Bucket,George,6129,bleak-house
George,Mr. Bucket,6129,bleak-house
Mr. Smallweed,Mr. Bucket,6131,bleak-house
Mr. Bucket,Mr. Smallweed,6131,bleak-house
Mr. Smallweed,Mr. Bucket,6133,bleak-house
Mr. Bucket,Mr. Smallweed,6133,bleak-house
Sir Leicester Dedlock,Baronet,6138,bleak-house
Sir Leicester Dedlock,Mr.,6138,bleak-house
Sir Leicester Dedlock,Hadn,6138,bleak-house
Baronet,Sir Leicester Dedlock,6138,bleak-house
Baronet,Mr.,6138,bleak-house
Baronet,Hadn,6138,bleak-house
Mr.,Sir Leicester Dedlock,6138,bleak-house
Mr.,Baronet,6138,bleak-house
Mr.,Hadn,6138,bleak-house
Hadn,Sir Leicester Dedlock,6138,bleak-house
Hadn,Baronet,6138,bleak-house
Hadn,Mr.,6138,bleak-house
Mr. Bucket,Mr. Chadband,6140,bleak-house
Mr. Bucket,Lord,6140,bleak-house
Mr. Chadband,Mr. Bucket,6140,bleak-house
Mr. Chadband,Lord,6140,bleak-house
Lord,Mr. Bucket,6140,bleak-house
Lord,Mr. Chadband,6140,bleak-house
Mr. Chadband,Rachael,6143,bleak-house
Rachael,Mr. Chadband,6143,bleak-house
Mr. Snagsby,Mr. Tulkinghorn,6149,bleak-house
Mr. Snagsby,Mr. Guppy,6149,bleak-house
Mr. Snagsby,Kenge,6149,bleak-house
Mr. Snagsby,Carboy,6149,bleak-house
Mr. Snagsby,Mr. Weevle,6149,bleak-house
Mr. Snagsby,Mr. Guppy,6149,bleak-house
Mr. Snagsby,Krook,6149,bleak-house
Mr. Snagsby,Nimrod,6149,bleak-house
Mr. Snagsby,Jo,6149,bleak-house
Mr. Snagsby,Mr. Tulkinghorn,6149,bleak-house
Mr. Snagsby,Mr. Tulkinghorn,6149,bleak-house
Mr. Snagsby,Mr. Guppy,6149,bleak-house
Mr. Snagsby,Mr. Chadband,6149,bleak-house
Mr. Snagsby,Mr. Tulkinghorn,6149,bleak-house
Mr. Tulkinghorn,Mr. Snagsby,6149,bleak-house
Mr. Tulkinghorn,Mr. Guppy,6149,bleak-house
Mr. Tulkinghorn,Kenge,6149,bleak-house
Mr. Tulkinghorn,Carboy,6149,bleak-house
Mr. Tulkinghorn,Mr. Snagsby,6149,bleak-house
Mr. Tulkinghorn,Mr. Weevle,6149,bleak-house
Mr. Tulkinghorn,Mr. Guppy,6149,bleak-house
Mr. Tulkinghorn,Krook,6149,bleak-house
Mr. Tulkinghorn,Nimrod,6149,bleak-house
Mr. Tulkinghorn,Jo,6149,bleak-house
Mr. Tulkinghorn,Mr. Snagsby,6149,bleak-house
Mr. Tulkinghorn,Mr. Snagsby,6149,bleak-house
Mr. Tulkinghorn,Mr. Snagsby,6149,bleak-house
Mr. Tulkinghorn,Mr. Guppy,6149,bleak-house
Mr. Tulkinghorn,Mr. Snagsby,6149,bleak-house
Mr. Tulkinghorn,Mr. Chadband,6149,bleak-house
Mr. Guppy,Mr. Snagsby,6149,bleak-house
Mr. Guppy,Mr. Tulkinghorn,6149,bleak-house
Mr. Guppy,Kenge,6149,bleak-house
Mr. Guppy,Carboy,6149,bleak-house
Mr. Guppy,Mr. Snagsby,6149,bleak-house
Mr. Guppy,Mr. Weevle,6149,bleak-house
Mr. Guppy,Krook,6149,bleak-house
Mr. Guppy,Nimrod,6149,bleak-house
Mr. Guppy,Jo,6149,bleak-house
Mr. Guppy,Mr. Snagsby,6149,bleak-house
Mr. Guppy,Mr. Snagsby,6149,bleak-house
Mr. Guppy,Mr. Snagsby,6149,bleak-house
Mr. Guppy,Mr. Tulkinghorn,6149,bleak-house
Mr. Guppy,Mr. Tulkinghorn,6149,bleak-house
Mr. Guppy,Mr. Snagsby,6149,bleak-house
Mr. Guppy,Mr. Chadband,6149,bleak-house
Mr. Guppy,Mr. Tulkinghorn,6149,bleak-house
Kenge,Mr. Snagsby,6149,bleak-house
Kenge,Mr. Tulkinghorn,6149,bleak-house
Kenge,Mr. Guppy,6149,bleak-house
Kenge,Carboy,6149,bleak-house
Kenge,Mr. Snagsby,6149,bleak-house
Kenge,Mr. Weevle,6149,bleak-house
Kenge,Mr. Guppy,6149,bleak-house
Kenge,Krook,6149,bleak-house
Kenge,Nimrod,6149,bleak-house
Kenge,Jo,6149,bleak-house
Kenge,Mr. Snagsby,6149,bleak-house
Kenge,Mr. Snagsby,6149,bleak-house
Kenge,Mr. Snagsby,6149,bleak-house
Kenge,Mr. Tulkinghorn,6149,bleak-house
Kenge,Mr. Tulkinghorn,6149,bleak-house
Kenge,Mr. Guppy,6149,bleak-house
Kenge,Mr. Snagsby,6149,bleak-house
Kenge,Mr. Chadband,6149,bleak-house
Kenge,Mr. Tulkinghorn,6149,bleak-house
Carboy,Mr. Snagsby,6149,bleak-house
Carboy,Mr. Tulkinghorn,6149,bleak-house
Carboy,Mr. Guppy,6149,bleak-house
Carboy,Kenge,6149,bleak-house
Carboy,Mr. Snagsby,6149,bleak-house
Carboy,Mr. Weevle,6149,bleak-house
Carboy,Mr. Guppy,6149,bleak-house
Carboy,Krook,6149,bleak-house
Carboy,Nimrod,6149,bleak-house
Carboy,Jo,6149,bleak-house
Carboy,Mr. Snagsby,6149,bleak-house
Carboy,Mr. Snagsby,6149,bleak-house
Carboy,Mr. Snagsby,6149,bleak-house
Carboy,Mr. Tulkinghorn,6149,bleak-house
Carboy,Mr. Tulkinghorn,6149,bleak-house
Carboy,Mr. Guppy,6149,bleak-house
Carboy,Mr. Snagsby,6149,bleak-house
Carboy,Mr. Chadband,6149,bleak-house
Carboy,Mr. Tulkinghorn,6149,bleak-house
Mr. Snagsby,Mr. Tulkinghorn,6149,bleak-house
Mr. Snagsby,Mr. Guppy,6149,bleak-house
Mr. Snagsby,Kenge,6149,bleak-house
Mr. Snagsby,Carboy,6149,bleak-house
Mr. Snagsby,Mr. Weevle,6149,bleak-house
Mr. Snagsby,Mr. Guppy,6149,bleak-house
Mr. Snagsby,Krook,6149,bleak-house
Mr. Snagsby,Nimrod,6149,bleak-house
Mr. Snagsby,Jo,6149,bleak-house
Mr. Snagsby,Mr. Tulkinghorn,6149,bleak-house
Mr. Snagsby,Mr. Tulkinghorn,6149,bleak-house
Mr. Snagsby,Mr. Guppy,6149,bleak-house
Mr. Snagsby,Mr. Chadband,6149,bleak-house
Mr. Snagsby,Mr. Tulkinghorn,6149,bleak-house
Mr. Weevle,Mr. Snagsby,6149,bleak-house
Mr. Weevle,Mr. Tulkinghorn,6149,bleak-house
Mr. Weevle,Mr. Guppy,6149,bleak-house
Mr. Weevle,Kenge,6149,bleak-house
Mr. Weevle,Carboy,6149,bleak-house
Mr. Weevle,Mr. Snagsby,6149,bleak-house
Mr. Weevle,Mr. Guppy,6149,bleak-house
Mr. Weevle,Krook,6149,bleak-house
Mr. Weevle,Nimrod,6149,bleak-house
Mr. Weevle,Jo,6149,bleak-house
Mr. Weevle,Mr. Snagsby,6149,bleak-house
Mr. Weevle,Mr. Snagsby,6149,bleak-house
Mr. Weevle,Mr. Snagsby,6149,bleak-house
Mr. Weevle,Mr. Tulkinghorn,6149,bleak-house
Mr. Weevle,Mr. Tulkinghorn,6149,bleak-house
Mr. Weevle,Mr. Guppy,6149,bleak-house
Mr. Weevle,Mr. Snagsby,6149,bleak-house
Mr. Weevle,Mr. Chadband,6149,bleak-house
Mr. Weevle,Mr. Tulkinghorn,6149,bleak-house
Mr. Guppy,Mr. Snagsby,6149,bleak-house
Mr. Guppy,Mr. Tulkinghorn,6149,bleak-house
Mr. Guppy,Kenge,6149,bleak-house
Mr. Guppy,Carboy,6149,bleak-house
Mr. Guppy,Mr. Snagsby,6149,bleak-house
Mr. Guppy,Mr. Weevle,6149,bleak-house
Mr. Guppy,Krook,6149,bleak-house
Mr. Guppy,Nimrod,6149,bleak-house
Mr. Guppy,Jo,6149,bleak-house
Mr. Guppy,Mr. Snagsby,6149,bleak-house
Mr. Guppy,Mr. Snagsby,6149,bleak-house
Mr. Guppy,Mr. Snagsby,6149,bleak-house
Mr. Guppy,Mr. Tulkinghorn,6149,bleak-house
Mr. Guppy,Mr. Tulkinghorn,6149,bleak-house
Mr. Guppy,Mr. Snagsby,6149,bleak-house
Mr. Guppy,Mr. Chadband,6149,bleak-house
Mr. Guppy,Mr. Tulkinghorn,6149,bleak-house
Krook,Mr. Snagsby,6149,bleak-house
Krook,Mr. Tulkinghorn,6149,bleak-house
Krook,Mr. Guppy,6149,bleak-house
Krook,Kenge,6149,bleak-house
Krook,Carboy,6149,bleak-house
Krook,Mr. Snagsby,6149,bleak-house
Krook,Mr. Weevle,6149,bleak-house
Krook,Mr. Guppy,6149,bleak-house
Krook,Nimrod,6149,bleak-house
Krook,Jo,6149,bleak-house
Krook,Mr. Snagsby,6149,bleak-house
Krook,Mr. Snagsby,6149,bleak-house
Krook,Mr. Snagsby,6149,bleak-house
Krook,Mr. Tulkinghorn,6149,bleak-house
Krook,Mr. Tulkinghorn,6149,bleak-house
Krook,Mr. Guppy,6149,bleak-house
Krook,Mr. Snagsby,6149,bleak-house
Krook,Mr. Chadband,6149,bleak-house
Krook,Mr. Tulkinghorn,6149,bleak-house
Nimrod,Mr. Snagsby,6149,bleak-house
Nimrod,Mr. Tulkinghorn,6149,bleak-house
Nimrod,Mr. Guppy,6149,bleak-house
Nimrod,Kenge,6149,bleak-house
Nimrod,Carboy,6149,bleak-house
Nimrod,Mr. Snagsby,6149,bleak-house
Nimrod,Mr. Weevle,6149,bleak-house
Nimrod,Mr. Guppy,6149,bleak-house
Nimrod,Krook,6149,bleak-house
Nimrod,Jo,6149,bleak-house
Nimrod,Mr. Snagsby,6149,bleak-house
Nimrod,Mr. Snagsby,6149,bleak-house
Nimrod,Mr. Snagsby,6149,bleak-house
Nimrod,Mr. Tulkinghorn,6149,bleak-house
Nimrod,Mr. Tulkinghorn,6149,bleak-house
Nimrod,Mr. Guppy,6149,bleak-house
Nimrod,Mr. Snagsby,6149,bleak-house
Nimrod,Mr. Chadband,6149,bleak-house
Nimrod,Mr. Tulkinghorn,6149,bleak-house
Jo,Mr. Snagsby,6149,bleak-house
Jo,Mr. Tulkinghorn,6149,bleak-house
Jo,Mr. Guppy,6149,bleak-house
Jo,Kenge,6149,bleak-house
Jo,Carboy,6149,bleak-house
Jo,Mr. Snagsby,6149,bleak-house
Jo,Mr. Weevle,6149,bleak-house
Jo,Mr. Guppy,6149,bleak-house
Jo,Krook,6149,bleak-house
Jo,Nimrod,6149,bleak-house
Jo,Mr. Snagsby,6149,bleak-house
Jo,Mr. Snagsby,6149,bleak-house
Jo,Mr. Snagsby,6149,bleak-house
Jo,Mr. Tulkinghorn,6149,bleak-house
Jo,Mr. Tulkinghorn,6149,bleak-house
Jo,Mr. Guppy,6149,bleak-house
Jo,Mr. Snagsby,6149,bleak-house
Jo,Mr. Chadband,6149,bleak-house
Jo,Mr. Tulkinghorn,6149,bleak-house
Mr. Snagsby,Mr. Tulkinghorn,6149,bleak-house
Mr. Snagsby,Mr. Guppy,6149,bleak-house
Mr. Snagsby,Kenge,6149,bleak-house
Mr. Snagsby,Carboy,6149,bleak-house
Mr. Snagsby,Mr. Weevle,6149,bleak-house
Mr. Snagsby,Mr. Guppy,6149,bleak-house
Mr. Snagsby,Krook,6149,bleak-house
Mr. Snagsby,Nimrod,6149,bleak-house
Mr. Snagsby,Jo,6149,bleak-house
Mr. Snagsby,Mr. Tulkinghorn,6149,bleak-house
Mr. Snagsby,Mr. Tulkinghorn,6149,bleak-house
Mr. Snagsby,Mr. Guppy,6149,bleak-house
Mr. Snagsby,Mr. Chadband,6149,bleak-house
Mr. Snagsby,Mr. Tulkinghorn,6149,bleak-house
Mr. Snagsby,Mr. Tulkinghorn,6149,bleak-house
Mr. Snagsby,Mr. Guppy,6149,bleak-house
Mr. Snagsby,Kenge,6149,bleak-house
Mr. Snagsby,Carboy,6149,bleak-house
Mr. Snagsby,Mr. Weevle,6149,bleak-house
Mr. Snagsby,Mr. Guppy,6149,bleak-house
Mr. Snagsby,Krook,6149,bleak-house
Mr. Snagsby,Nimrod,6149,bleak-house
Mr. Snagsby,Jo,6149,bleak-house
Mr. Snagsby,Mr. Tulkinghorn,6149,bleak-house
Mr. Snagsby,Mr. Tulkinghorn,6149,bleak-house
Mr. Snagsby,Mr. Guppy,6149,bleak-house
Mr. Snagsby,Mr. Chadband,6149,bleak-house
Mr. Snagsby,Mr. Tulkinghorn,6149,bleak-house
Mr. Snagsby,Mr. Tulkinghorn,6149,bleak-house
Mr. Snagsby,Mr. Guppy,6149,bleak-house
Mr. Snagsby,Kenge,6149,bleak-house
Mr. Snagsby,Carboy,6149,bleak-house
Mr. Snagsby,Mr. Weevle,6149,bleak-house
Mr. Snagsby,Mr. Guppy,6149,bleak-house
Mr. Snagsby,Krook,6149,bleak-house
Mr. Snagsby,Nimrod,6149,bleak-house
Mr. Snagsby,Jo,6149,bleak-house
Mr. Snagsby,Mr. Tulkinghorn,6149,bleak-house
Mr. Snagsby,Mr. Tulkinghorn,6149,bleak-house
Mr. Snagsby,Mr. Guppy,6149,bleak-house
Mr. Snagsby,Mr. Chadband,6149,bleak-house
Mr. Snagsby,Mr. Tulkinghorn,6149,bleak-house
Mr. Tulkinghorn,Mr. Snagsby,6149,bleak-house
Mr. Tulkinghorn,Mr. Guppy,6149,bleak-house
Mr. Tulkinghorn,Kenge,6149,bleak-house
Mr. Tulkinghorn,Carboy,6149,bleak-house
Mr. Tulkinghorn,Mr. Snagsby,6149,bleak-house
Mr. Tulkinghorn,Mr. Weevle,6149,bleak-house
Mr. Tulkinghorn,Mr. Guppy,6149,bleak-house
Mr. Tulkinghorn,Krook,6149,bleak-house
Mr. Tulkinghorn,Nimrod,6149,bleak-house
Mr. Tulkinghorn,Jo,6149,bleak-house
Mr. Tulkinghorn,Mr. Snagsby,6149,bleak-house
Mr. Tulkinghorn,Mr. Snagsby,6149,bleak-house
Mr. Tulkinghorn,Mr. Snagsby,6149,bleak-house
Mr. Tulkinghorn,Mr. Guppy,6149,bleak-house
Mr. Tulkinghorn,Mr. Snagsby,6149,bleak-house
Mr. Tulkinghorn,Mr. Chadband,6149,bleak-house
Mr. Tulkinghorn,Mr. Snagsby,6149,bleak-house
Mr. Tulkinghorn,Mr. Guppy,6149,bleak-house
Mr. Tulkinghorn,Kenge,6149,bleak-house
Mr. Tulkinghorn,Carboy,6149,bleak-house
Mr. Tulkinghorn,Mr. Snagsby,6149,bleak-house
Mr. Tulkinghorn,Mr. Weevle,6149,bleak-house
Mr. Tulkinghorn,Mr. Guppy,6149,bleak-house
Mr. Tulkinghorn,Krook,6149,bleak-house
Mr. Tulkinghorn,Nimrod,6149,bleak-house
Mr. Tulkinghorn,Jo,6149,bleak-house
Mr. Tulkinghorn,Mr. Snagsby,6149,bleak-house
Mr. Tulkinghorn,Mr. Snagsby,6149,bleak-house
Mr. Tulkinghorn,Mr. Snagsby,6149,bleak-house
Mr. Tulkinghorn,Mr. Guppy,6149,bleak-house
Mr. Tulkinghorn,Mr. Snagsby,6149,bleak-house
Mr. Tulkinghorn,Mr. Chadband,6149,bleak-house
Mr. Guppy,Mr. Snagsby,6149,bleak-house
Mr. Guppy,Mr. Tulkinghorn,6149,bleak-house
Mr. Guppy,Kenge,6149,bleak-house
Mr. Guppy,Carboy,6149,bleak-house
Mr. Guppy,Mr. Snagsby,6149,bleak-house
Mr. Guppy,Mr. Weevle,6149,bleak-house
Mr. Guppy,Krook,6149,bleak-house
Mr. Guppy,Nimrod,6149,bleak-house
Mr. Guppy,Jo,6149,bleak-house
Mr. Guppy,Mr. Snagsby,6149,bleak-house
Mr. Guppy,Mr. Snagsby,6149,bleak-house
Mr. Guppy,Mr. Snagsby,6149,bleak-house
Mr. Guppy,Mr. Tulkinghorn,6149,bleak-house
Mr. Guppy,Mr. Tulkinghorn,6149,bleak-house
Mr. Guppy,Mr. Snagsby,6149,bleak-house
Mr. Guppy,Mr. Chadband,6149,bleak-house
Mr. Guppy,Mr. Tulkinghorn,6149,bleak-house
Mr. Snagsby,Mr. Tulkinghorn,6149,bleak-house
Mr. Snagsby,Mr. Guppy,6149,bleak-house
Mr. Snagsby,Kenge,6149,bleak-house
Mr. Snagsby,Carboy,6149,bleak-house
Mr. Snagsby,Mr. Weevle,6149,bleak-house
Mr. Snagsby,Mr. Guppy,6149,bleak-house
Mr. Snagsby,Krook,6149,bleak-house
Mr. Snagsby,Nimrod,6149,bleak-house
Mr. Snagsby,Jo,6149,bleak-house
Mr. Snagsby,Mr. Tulkinghorn,6149,bleak-house
Mr. Snagsby,Mr. Tulkinghorn,6149,bleak-house
Mr. Snagsby,Mr. Guppy,6149,bleak-house
Mr. Snagsby,Mr. Chadband,6149,bleak-house
Mr. Snagsby,Mr. Tulkinghorn,6149,bleak-house
Mr. Chadband,Mr. Snagsby,6149,bleak-house
Mr. Chadband,Mr. Tulkinghorn,6149,bleak-house
Mr. Chadband,Mr. Guppy,6149,bleak-house
Mr. Chadband,Kenge,6149,bleak-house
Mr. Chadband,Carboy,6149,bleak-house
Mr. Chadband,Mr. Snagsby,6149,bleak-house
Mr. Chadband,Mr. Weevle,6149,bleak-house
Mr. Chadband,Mr. Guppy,6149,bleak-house
Mr. Chadband,Krook,6149,bleak-house
Mr. Chadband,Nimrod,6149,bleak-house
Mr. Chadband,Jo,6149,bleak-house
Mr. Chadband,Mr. Snagsby,6149,bleak-house
Mr. Chadband,Mr. Snagsby,6149,bleak-house
Mr. Chadband,Mr. Snagsby,6149,bleak-house
Mr. Chadband,Mr. Tulkinghorn,6149,bleak-house
Mr. Chadband,Mr. Tulkinghorn,6149,bleak-house
Mr. Chadband,Mr. Guppy,6149,bleak-house
Mr. Chadband,Mr. Snagsby,6149,bleak-house
Mr. Chadband,Mr. Tulkinghorn,6149,bleak-house
Mr. Tulkinghorn,Mr. Snagsby,6149,bleak-house
Mr. Tulkinghorn,Mr. Guppy,6149,bleak-house
Mr. Tulkinghorn,Kenge,6149,bleak-house
Mr. Tulkinghorn,Carboy,6149,bleak-house
Mr. Tulkinghorn,Mr. Snagsby,6149,bleak-house
Mr. Tulkinghorn,Mr. Weevle,6149,bleak-house
Mr. Tulkinghorn,Mr. Guppy,6149,bleak-house
Mr. Tulkinghorn,Krook,6149,bleak-house
Mr. Tulkinghorn,Nimrod,6149,bleak-house
Mr. Tulkinghorn,Jo,6149,bleak-house
Mr. Tulkinghorn,Mr. Snagsby,6149,bleak-house
Mr. Tulkinghorn,Mr. Snagsby,6149,bleak-house
Mr. Tulkinghorn,Mr. Snagsby,6149,bleak-house
Mr. Tulkinghorn,Mr. Guppy,6149,bleak-house
Mr. Tulkinghorn,Mr. Snagsby,6149,bleak-house
Mr. Tulkinghorn,Mr. Chadband,6149,bleak-house
Bucket,Mr. Smallweed,6150,bleak-house
Bucket,Sir Leicester Dedlock,6150,bleak-house
Bucket,Mr. Bucket,6150,bleak-house
Mr. Smallweed,Bucket,6150,bleak-house
Mr. Smallweed,Sir Leicester Dedlock,6150,bleak-house
Mr. Smallweed,Mr. Bucket,6150,bleak-house
Sir Leicester Dedlock,Bucket,6150,bleak-house
Sir Leicester Dedlock,Mr. Smallweed,6150,bleak-house
Sir Leicester Dedlock,Mr. Bucket,6150,bleak-house
Mr. Bucket,Bucket,6150,bleak-house
Mr. Bucket,Mr. Smallweed,6150,bleak-house
Mr. Bucket,Sir Leicester Dedlock,6150,bleak-house
Mr. Bucket,Sir Leicester Dedlock,6151,bleak-house
Mr. Bucket,Baronet,6151,bleak-house
Mr. Bucket,Sir Leicester,6151,bleak-house
Sir Leicester Dedlock,Mr. Bucket,6151,bleak-house
Sir Leicester Dedlock,Baronet,6151,bleak-house
Sir Leicester Dedlock,Sir Leicester,6151,bleak-house
Baronet,Mr. Bucket,6151,bleak-house
Baronet,Sir Leicester Dedlock,6151,bleak-house
Baronet,Sir Leicester,6151,bleak-house
Sir Leicester,Mr. Bucket,6151,bleak-house
Sir Leicester,Sir Leicester Dedlock,6151,bleak-house
Sir Leicester,Baronet,6151,bleak-house
Sir Leicester Dedlock,Mr. Smallweed,6154,bleak-house
Mr. Smallweed,Sir Leicester Dedlock,6154,bleak-house
Always,Mr. Bucket,6157,bleak-house
Always,Mr. Smallweed,6157,bleak-house
Mr. Bucket,Always,6157,bleak-house
Mr. Bucket,Mr. Smallweed,6157,bleak-house
Mr. Smallweed,Always,6157,bleak-house
Mr. Smallweed,Mr. Bucket,6157,bleak-house
Mr. Bucket,Baronet,6160,bleak-house
Mr. Bucket,Mr. Tulkinghorn,6160,bleak-house
Baronet,Mr. Bucket,6160,bleak-house
Baronet,Mr. Tulkinghorn,6160,bleak-house
Mr. Tulkinghorn,Mr. Bucket,6160,bleak-house
Mr. Tulkinghorn,Baronet,6160,bleak-house
Sir,Mr. Bucket,6161,bleak-house
Sir,Mr. Bucket,6161,bleak-house
Mr. Bucket,Sir,6161,bleak-house
Mr. Bucket,Sir,6161,bleak-house
Mr. Bucket,Sir Leicester Dedlock,6162,bleak-house
Mr. Bucket,Baronet,6162,bleak-house
Mr. Bucket,Sir Leicester Dedlock,6162,bleak-house
Mr. Bucket,Baronet,6162,bleak-house
Sir Leicester Dedlock,Mr. Bucket,6162,bleak-house
Sir Leicester Dedlock,Baronet,6162,bleak-house
Sir Leicester Dedlock,Baronet,6162,bleak-house
Baronet,Mr. Bucket,6162,bleak-house
Baronet,Sir Leicester Dedlock,6162,bleak-house
Baronet,Sir Leicester Dedlock,6162,bleak-house
Sir Leicester Dedlock,Mr. Bucket,6162,bleak-house
Sir Leicester Dedlock,Baronet,6162,bleak-house
Sir Leicester Dedlock,Baronet,6162,bleak-house
Baronet,Mr. Bucket,6162,bleak-house
Baronet,Sir Leicester Dedlock,6162,bleak-house
Baronet,Sir Leicester Dedlock,6162,bleak-house
Mr.,Mademoiselle Hortense,6163,bleak-house
Mademoiselle Hortense,Mr.,6163,bleak-house
Mr. Bucket,Sir Leicester Dedlock,6164,bleak-house
Sir Leicester Dedlock,Mr. Bucket,6164,bleak-house
Sir Leicester Dedlock,Mr. Bucket,6167,bleak-house
Mr. Bucket,Sir Leicester Dedlock,6167,bleak-house
Mr.,Bucket,6173,bleak-house
Bucket,Mr.,6173,bleak-house
Sir Leicester Dedlock,Baronet,6183,bleak-house
Sir Leicester Dedlock,Mr. Bucket,6183,bleak-house
Baronet,Sir Leicester Dedlock,6183,bleak-house
Baronet,Mr. Bucket,6183,bleak-house
Mr. Bucket,Sir Leicester Dedlock,6183,bleak-house
Mr. Bucket,Baronet,6183,bleak-house
Mr. Bucket,Sir Leicester Dedlock,6187,bleak-house
Mr. Bucket,Baronet,6187,bleak-house
Sir Leicester Dedlock,Mr. Bucket,6187,bleak-house
Sir Leicester Dedlock,Baronet,6187,bleak-house
Baronet,Mr. Bucket,6187,bleak-house
Baronet,Sir Leicester Dedlock,6187,bleak-house
Sir Leicester Dedlock,Mr. Bucket,6189,bleak-house
Sir Leicester Dedlock,Mr. Tulkinghorn,6189,bleak-house
Mr. Bucket,Sir Leicester Dedlock,6189,bleak-house
Mr. Bucket,Mr. Tulkinghorn,6189,bleak-house
Mr. Tulkinghorn,Sir Leicester Dedlock,6189,bleak-house
Mr. Tulkinghorn,Mr. Bucket,6189,bleak-house
Mr. Bucket,Sir Leicester Dedlock,6191,bleak-house
Mr. Bucket,Mr. Tulkinghorn,6191,bleak-house
Sir Leicester Dedlock,Mr. Bucket,6191,bleak-house
Sir Leicester Dedlock,Mr. Tulkinghorn,6191,bleak-house
Mr. Tulkinghorn,Mr. Bucket,6191,bleak-house
Mr. Tulkinghorn,Sir Leicester Dedlock,6191,bleak-house
Sir Leicester Dedlock,Baronet,6193,bleak-house
Sir Leicester Dedlock,George,6193,bleak-house
Sir Leicester Dedlock,George,6193,bleak-house
Baronet,Sir Leicester Dedlock,6193,bleak-house
Baronet,George,6193,bleak-house
Baronet,Sir Leicester Dedlock,6193,bleak-house
Baronet,George,6193,bleak-house
George,Sir Leicester Dedlock,6193,bleak-house
George,Baronet,6193,bleak-house
George,Sir Leicester Dedlock,6193,bleak-house
Sir Leicester Dedlock,Baronet,6193,bleak-house
Sir Leicester Dedlock,George,6193,bleak-house
Sir Leicester Dedlock,George,6193,bleak-house
George,Sir Leicester Dedlock,6193,bleak-house
George,Baronet,6193,bleak-house
George,Sir Leicester Dedlock,6193,bleak-house
Mr. Bucket,Mademoiselle Hortense,6194,bleak-house
Mademoiselle Hortense,Mr. Bucket,6194,bleak-house
Sir Leicester Dedlock,Baronet,6195,bleak-house
Sir Leicester Dedlock,Mr. Tulkinghorn,6195,bleak-house
Baronet,Sir Leicester Dedlock,6195,bleak-house
Baronet,Mr. Tulkinghorn,6195,bleak-house
Mr. Tulkinghorn,Sir Leicester Dedlock,6195,bleak-house
Mr. Tulkinghorn,Baronet,6195,bleak-house
Don,Mr. Bucket,6199,bleak-house
Mr. Bucket,Don,6199,bleak-house
Sir Leicester Dedlock,Baronet,6201,bleak-house
Sir Leicester Dedlock,George,6201,bleak-house
Baronet,Sir Leicester Dedlock,6201,bleak-house
Baronet,George,6201,bleak-house
George,Sir Leicester Dedlock,6201,bleak-house
George,Baronet,6201,bleak-house
Sir Leicester Dedlock,Baronet,6203,bleak-house
Sir Leicester Dedlock,Don,6203,bleak-house
Baronet,Sir Leicester Dedlock,6203,bleak-house
Baronet,Don,6203,bleak-house
Don,Sir Leicester Dedlock,6203,bleak-house
Don,Baronet,6203,bleak-house
Sir Leicester Dedlock,Lady Dedlock,6205,bleak-house
Sir Leicester Dedlock,Lady Dedlock,6205,bleak-house
Sir Leicester Dedlock,Murderess,6205,bleak-house
Sir Leicester Dedlock,Baronet,6205,bleak-house
Sir Leicester Dedlock,Mr. Bucket,6205,bleak-house
Lady Dedlock,Sir Leicester Dedlock,6205,bleak-house
Lady Dedlock,Murderess,6205,bleak-house
Lady Dedlock,Sir Leicester Dedlock,6205,bleak-house
Lady Dedlock,Baronet,6205,bleak-house
Lady Dedlock,Mr. Bucket,6205,bleak-house
Lady Dedlock,Sir Leicester Dedlock,6205,bleak-house
Lady Dedlock,Murderess,6205,bleak-house
Lady Dedlock,Sir Leicester Dedlock,6205,bleak-house
Lady Dedlock,Baronet,6205,bleak-house
Lady Dedlock,Mr. Bucket,6205,bleak-house
Murderess,Sir Leicester Dedlock,6205,bleak-house
Murderess,Lady Dedlock,6205,bleak-house
Murderess,Lady Dedlock,6205,bleak-house
Murderess,Sir Leicester Dedlock,6205,bleak-house
Murderess,Baronet,6205,bleak-house
Murderess,Mr. Bucket,6205,bleak-house
Sir Leicester Dedlock,Lady Dedlock,6205,bleak-house
Sir Leicester Dedlock,Lady Dedlock,6205,bleak-house
Sir Leicester Dedlock,Murderess,6205,bleak-house
Sir Leicester Dedlock,Baronet,6205,bleak-house
Sir Leicester Dedlock,Mr. Bucket,6205,bleak-house
Baronet,Sir Leicester Dedlock,6205,bleak-house
Baronet,Lady Dedlock,6205,bleak-house
Baronet,Lady Dedlock,6205,bleak-house
Baronet,Murderess,6205,bleak-house
Baronet,Sir Leicester Dedlock,6205,bleak-house
Baronet,Mr. Bucket,6205,bleak-house
Mr. Bucket,Sir Leicester Dedlock,6205,bleak-house
Mr. Bucket,Lady Dedlock,6205,bleak-house
Mr. Bucket,Lady Dedlock,6205,bleak-house
Mr. Bucket,Murderess,6205,bleak-house
Mr. Bucket,Sir Leicester Dedlock,6205,bleak-house
Mr. Bucket,Baronet,6205,bleak-house
Mr. Bucket,George,6207,bleak-house
Mr. Bucket,Mr. Tulkinghorn,6207,bleak-house
Mr. Bucket,Sir Leicester Dedlock,6207,bleak-house
Mr. Bucket,Baronet,6207,bleak-house
Mr. Bucket,Queer Street,6207,bleak-house
George,Mr. Bucket,6207,bleak-house
George,Mr. Tulkinghorn,6207,bleak-house
George,Sir Leicester Dedlock,6207,bleak-house
George,Baronet,6207,bleak-house
George,Queer Street,6207,bleak-house
Mr. Tulkinghorn,Mr. Bucket,6207,bleak-house
Mr. Tulkinghorn,George,6207,bleak-house
Mr. Tulkinghorn,Sir Leicester Dedlock,6207,bleak-house
Mr. Tulkinghorn,Baronet,6207,bleak-house
Mr. Tulkinghorn,Queer Street,6207,bleak-house
Sir Leicester Dedlock,Mr. Bucket,6207,bleak-house
Sir Leicester Dedlock,George,6207,bleak-house
Sir Leicester Dedlock,Mr. Tulkinghorn,6207,bleak-house
Sir Leicester Dedlock,Baronet,6207,bleak-house
Sir Leicester Dedlock,Queer Street,6207,bleak-house
Baronet,Mr. Bucket,6207,bleak-house
Baronet,George,6207,bleak-house
Baronet,Mr. Tulkinghorn,6207,bleak-house
Baronet,Sir Leicester Dedlock,6207,bleak-house
Baronet,Queer Street,6207,bleak-house
Queer Street,Mr. Bucket,6207,bleak-house
Queer Street,George,6207,bleak-house
Queer Street,Mr. Tulkinghorn,6207,bleak-house
Queer Street,Sir Leicester Dedlock,6207,bleak-house
Queer Street,Baronet,6207,bleak-house
Sir Leicester Dedlock,Baronet,6209,bleak-house
Sir Leicester Dedlock,Mr. Bucket,6209,bleak-house
Sir Leicester Dedlock,Venus,6209,bleak-house
Sir Leicester Dedlock,Baronet,6209,bleak-house
Baronet,Sir Leicester Dedlock,6209,bleak-house
Baronet,Mr. Bucket,6209,bleak-house
Baronet,Venus,6209,bleak-house
Baronet,Sir Leicester Dedlock,6209,bleak-house
Mr. Bucket,Sir Leicester Dedlock,6209,bleak-house
Mr. Bucket,Baronet,6209,bleak-house
Mr. Bucket,Venus,6209,bleak-house
Mr. Bucket,Sir Leicester Dedlock,6209,bleak-house
Mr. Bucket,Baronet,6209,bleak-house
Venus,Sir Leicester Dedlock,6209,bleak-house
Venus,Baronet,6209,bleak-house
Venus,Mr. Bucket,6209,bleak-house
Venus,Sir Leicester Dedlock,6209,bleak-house
Venus,Baronet,6209,bleak-house
Sir Leicester Dedlock,Baronet,6209,bleak-house
Sir Leicester Dedlock,Mr. Bucket,6209,bleak-house
Sir Leicester Dedlock,Venus,6209,bleak-house
Sir Leicester Dedlock,Baronet,6209,bleak-house
Baronet,Sir Leicester Dedlock,6209,bleak-house
Baronet,Mr. Bucket,6209,bleak-house
Baronet,Venus,6209,bleak-house
Baronet,Sir Leicester Dedlock,6209,bleak-house
Don,Mr. Bucket,6223,bleak-house
Mr. Bucket,Don,6223,bleak-house
George,Woolwich,6238,bleak-house
Woolwich,George,6238,bleak-house
George,Grown,6254,bleak-house
Grown,George,6254,bleak-house
Mr. Jarndyce,Miss Summerson,6272,bleak-house
Miss Summerson,Mr. Jarndyce,6272,bleak-house
George,Chesney Wold,6273,bleak-house
Chesney Wold,George,6273,bleak-house
Trouble,Sad,6291,bleak-house
Trouble,Lady,6291,bleak-house
Sad,Trouble,6291,bleak-house
Sad,Lady,6291,bleak-house
Lady,Trouble,6291,bleak-house
Lady,Sad,6291,bleak-house
Lady,Mr. Tulkinghorn,6298,bleak-house
Mr. Tulkinghorn,Lady,6298,bleak-house
Lady Dedlock,Lady,6300,bleak-house
Lady Dedlock,Lady,6300,bleak-house
Lady Dedlock,Lady,6300,bleak-house
Lady,Lady Dedlock,6300,bleak-house
Lady,Lady Dedlock,6300,bleak-house
Lady,Lady Dedlock,6300,bleak-house
Lady,Lady Dedlock,6302,bleak-house
Lady Dedlock,Lady,6302,bleak-house
Chesney Wold,Walk,6304,bleak-house
Chesney Wold,Lady,6304,bleak-house
Walk,Chesney Wold,6304,bleak-house
Walk,Lady,6304,bleak-house
Lady,Chesney Wold,6304,bleak-house
Lady,Walk,6304,bleak-house
Hush,Lady,6306,bleak-house
Hush,Lady,6306,bleak-house
Lady,Hush,6306,bleak-house
Lady,Hush,6306,bleak-house
Mr. Guppy,Lady Dedlock,6316,bleak-house
Lady Dedlock,Mr. Guppy,6316,bleak-house
Mr. Guppy,Miss Summerson,6319,bleak-house
Mr. Guppy,Miss Summerson,6319,bleak-house
Miss Summerson,Mr. Guppy,6319,bleak-house
Miss Summerson,Mr. Guppy,6319,bleak-house
Mr. Guppy,Miss Summerson,6322,bleak-house
Miss Summerson,Mr. Guppy,6322,bleak-house
Lady,Mr. Guppy,6325,bleak-house
Mr. Guppy,Lady,6325,bleak-house
Mr. Tony Weevle,Miss Barbary,6326,bleak-house
Miss Barbary,Mr. Tony Weevle,6326,bleak-house
Miss Summerson,Small,6330,bleak-house
Small,Miss Summerson,6330,bleak-house
Mr. Guppy,Enough,6337,bleak-house
Enough,Mr. Guppy,6337,bleak-house
Carriages,Death,6351,bleak-house
Death,Carriages,6351,bleak-house
Dedlock,Bath,6353,bleak-house
Bath,Dedlock,6353,bleak-house
Lady Dedlock,Nobody,6354,bleak-house
Lady Dedlock,Sir Leicester,6354,bleak-house
Nobody,Lady Dedlock,6354,bleak-house
Nobody,Sir Leicester,6354,bleak-house
Sir Leicester,Lady Dedlock,6354,bleak-house
Sir Leicester,Nobody,6354,bleak-house
Lady,Sir Leicester,6362,bleak-house
Sir Leicester,Lady,6362,bleak-house
Mr.,Bucket,6365,bleak-house
Mr.,Thank,6365,bleak-house
Bucket,Mr.,6365,bleak-house
Bucket,Thank,6365,bleak-house
Thank,Mr.,6365,bleak-house
Thank,Bucket,6365,bleak-house
Sir Leicester,Mr. Bucket,6367,bleak-house
Mr. Bucket,Sir Leicester,6367,bleak-house
Mr. Bucket,Sir Leicester,6367,bleak-house
Sir Leicester,Mr. Bucket,6367,bleak-house
Sir Leicester Dedlock,Baronet,6368,bleak-house
Baronet,Sir Leicester Dedlock,6368,bleak-house
Sir,Mr. Bucket,6369,bleak-house
Sir,Baronet,6369,bleak-house
Mr. Bucket,Sir,6369,bleak-house
Mr. Bucket,Baronet,6369,bleak-house
Baronet,Sir,6369,bleak-house
Baronet,Mr. Bucket,6369,bleak-house
Sir,Mr. Bucket,6370,bleak-house
Mr. Bucket,Sir,6370,bleak-house
Sir Leicester Dedlock,Baronet,6371,bleak-house
Baronet,Sir Leicester Dedlock,6371,bleak-house
Sir Leicester Dedlock,Baronet,6373,bleak-house
Sir Leicester Dedlock,Count,6373,bleak-house
Sir Leicester Dedlock,Don,6373,bleak-house
Baronet,Sir Leicester Dedlock,6373,bleak-house
Baronet,Count,6373,bleak-house
Baronet,Don,6373,bleak-house
Count,Sir Leicester Dedlock,6373,bleak-house
Count,Baronet,6373,bleak-house
Count,Don,6373,bleak-house
Don,Sir Leicester Dedlock,6373,bleak-house
Don,Baronet,6373,bleak-house
Don,Count,6373,bleak-house
George,Mr. Bucket,6375,bleak-house
Mr. Bucket,George,6375,bleak-house
Sir Leicester Dedlock,Baronet,6377,bleak-house
Sir Leicester Dedlock,Baronet,6377,bleak-house
Sir Leicester Dedlock,Don,6377,bleak-house
Sir Leicester Dedlock,Baronet,6377,bleak-house
Baronet,Sir Leicester Dedlock,6377,bleak-house
Baronet,Sir Leicester Dedlock,6377,bleak-house
Baronet,Don,6377,bleak-house
Baronet,Sir Leicester Dedlock,6377,bleak-house
Sir Leicester Dedlock,Baronet,6377,bleak-house
Sir Leicester Dedlock,Baronet,6377,bleak-house
Sir Leicester Dedlock,Don,6377,bleak-house
Sir Leicester Dedlock,Baronet,6377,bleak-house
Baronet,Sir Leicester Dedlock,6377,bleak-house
Baronet,Sir Leicester Dedlock,6377,bleak-house
Baronet,Don,6377,bleak-house
Baronet,Sir Leicester Dedlock,6377,bleak-house
Don,Sir Leicester Dedlock,6377,bleak-house
Don,Baronet,6377,bleak-house
Don,Sir Leicester Dedlock,6377,bleak-house
Don,Baronet,6377,bleak-house
Don,Sir Leicester Dedlock,6377,bleak-house
Don,Baronet,6377,bleak-house
Sir Leicester Dedlock,Baronet,6377,bleak-house
Sir Leicester Dedlock,Baronet,6377,bleak-house
Sir Leicester Dedlock,Don,6377,bleak-house
Sir Leicester Dedlock,Baronet,6377,bleak-house
Baronet,Sir Leicester Dedlock,6377,bleak-house
Baronet,Sir Leicester Dedlock,6377,bleak-house
Baronet,Don,6377,bleak-house
Baronet,Sir Leicester Dedlock,6377,bleak-house
Lady Dedlock,Mr. Bucket,6379,bleak-house
Mr. Bucket,Lady Dedlock,6379,bleak-house
Mr. Bucket,Rum,6380,bleak-house
Rum,Mr. Bucket,6380,bleak-house
Almac,Mr. Bucket,6382,bleak-house
Mr. Bucket,Almac,6382,bleak-house
Sir Leicester,Mr. Bucket,6387,bleak-house
Mr. Bucket,Sir Leicester,6387,bleak-house
George,Miss Summerson,6391,bleak-house
George,Gridley,6391,bleak-house
Miss Summerson,George,6391,bleak-house
Miss Summerson,Gridley,6391,bleak-house
Gridley,George,6391,bleak-house
Gridley,Miss Summerson,6391,bleak-house
Don,Bucket,6396,bleak-house
Don,Miss Esther Summerson,6396,bleak-house
Don,Lady Dedlock,6396,bleak-house
Don,Lady Dedlock,6396,bleak-house
Bucket,Don,6396,bleak-house
Bucket,Miss Esther Summerson,6396,bleak-house
Bucket,Lady Dedlock,6396,bleak-house
Bucket,Lady Dedlock,6396,bleak-house
Miss Esther Summerson,Don,6396,bleak-house
Miss Esther Summerson,Bucket,6396,bleak-house
Miss Esther Summerson,Lady Dedlock,6396,bleak-house
Miss Esther Summerson,Lady Dedlock,6396,bleak-house
Lady Dedlock,Don,6396,bleak-house
Lady Dedlock,Bucket,6396,bleak-house
Lady Dedlock,Miss Esther Summerson,6396,bleak-house
Lady Dedlock,Don,6396,bleak-house
Lady Dedlock,Bucket,6396,bleak-house
Lady Dedlock,Miss Esther Summerson,6396,bleak-house
Family,Sir Leicester Dedlock,6398,bleak-house
Family,Baronet,6398,bleak-house
Family,Lady Dedlock,6398,bleak-house
Sir Leicester Dedlock,Family,6398,bleak-house
Sir Leicester Dedlock,Baronet,6398,bleak-house
Sir Leicester Dedlock,Lady Dedlock,6398,bleak-house
Baronet,Family,6398,bleak-house
Baronet,Sir Leicester Dedlock,6398,bleak-house
Baronet,Lady Dedlock,6398,bleak-house
Lady Dedlock,Family,6398,bleak-house
Lady Dedlock,Sir Leicester Dedlock,6398,bleak-house
Lady Dedlock,Baronet,6398,bleak-house
Mr. Jarndyce,Sir Leicester Dedlock,6400,bleak-house
Mr. Jarndyce,Baronet,6400,bleak-house
Mr. Jarndyce,Miss Summerson,6400,bleak-house
Sir Leicester Dedlock,Mr. Jarndyce,6400,bleak-house
Sir Leicester Dedlock,Baronet,6400,bleak-house
Sir Leicester Dedlock,Miss Summerson,6400,bleak-house
Baronet,Mr. Jarndyce,6400,bleak-house
Baronet,Sir Leicester Dedlock,6400,bleak-house
Baronet,Miss Summerson,6400,bleak-house
Miss Summerson,Mr. Jarndyce,6400,bleak-house
Miss Summerson,Sir Leicester Dedlock,6400,bleak-house
Miss Summerson,Baronet,6400,bleak-house
Mr. Jarndyce,Bucket,6402,bleak-house
Mr. Jarndyce,Lady Dedlock,6402,bleak-house
Mr. Jarndyce,Inspector Bucket,6402,bleak-house
Mr. Jarndyce,Sir Leicester Dedlock,6402,bleak-house
Mr. Jarndyce,Baronet,6402,bleak-house
Bucket,Mr. Jarndyce,6402,bleak-house
Bucket,Lady Dedlock,6402,bleak-house
Bucket,Inspector Bucket,6402,bleak-house
Bucket,Sir Leicester Dedlock,6402,bleak-house
Bucket,Baronet,6402,bleak-house
Lady Dedlock,Mr. Jarndyce,6402,bleak-house
Lady Dedlock,Bucket,6402,bleak-house
Lady Dedlock,Inspector Bucket,6402,bleak-house
Lady Dedlock,Sir Leicester Dedlock,6402,bleak-house
Lady Dedlock,Baronet,6402,bleak-house
Inspector Bucket,Mr. Jarndyce,6402,bleak-house
Inspector Bucket,Bucket,6402,bleak-house
Inspector Bucket,Lady Dedlock,6402,bleak-house
Inspector Bucket,Sir Leicester Dedlock,6402,bleak-house
Inspector Bucket,Baronet,6402,bleak-house
Sir Leicester Dedlock,Mr. Jarndyce,6402,bleak-house
Sir Leicester Dedlock,Bucket,6402,bleak-house
Sir Leicester Dedlock,Lady Dedlock,6402,bleak-house
Sir Leicester Dedlock,Inspector Bucket,6402,bleak-house
Sir Leicester Dedlock,Baronet,6402,bleak-house
Baronet,Mr. Jarndyce,6402,bleak-house
Baronet,Bucket,6402,bleak-house
Baronet,Lady Dedlock,6402,bleak-house
Baronet,Inspector Bucket,6402,bleak-house
Baronet,Sir Leicester Dedlock,6402,bleak-house
Mr. Jarndyce,Miss Summerson,6403,bleak-house
Mr. Jarndyce,Mr. Bucket,6403,bleak-house
Mr. Jarndyce,Miss Summerson,6403,bleak-house
Mr. Jarndyce,Mr. Bucket,6403,bleak-house
Miss Summerson,Mr. Jarndyce,6403,bleak-house
Miss Summerson,Mr. Bucket,6403,bleak-house
Miss Summerson,Mr. Jarndyce,6403,bleak-house
Miss Summerson,Mr. Bucket,6403,bleak-house
Mr. Bucket,Mr. Jarndyce,6403,bleak-house
Mr. Bucket,Miss Summerson,6403,bleak-house
Mr. Bucket,Mr. Jarndyce,6403,bleak-house
Mr. Bucket,Miss Summerson,6403,bleak-house
Mr. Jarndyce,Miss Summerson,6403,bleak-house
Mr. Jarndyce,Mr. Bucket,6403,bleak-house
Mr. Jarndyce,Miss Summerson,6403,bleak-house
Mr. Jarndyce,Mr. Bucket,6403,bleak-house
Miss Summerson,Mr. Jarndyce,6403,bleak-house
Miss Summerson,Mr. Bucket,6403,bleak-house
Miss Summerson,Mr. Jarndyce,6403,bleak-house
Miss Summerson,Mr. Bucket,6403,bleak-house
Mr. Bucket,Mr. Jarndyce,6403,bleak-house
Mr. Bucket,Miss Summerson,6403,bleak-house
Mr. Bucket,Mr. Jarndyce,6403,bleak-house
Mr. Bucket,Miss Summerson,6403,bleak-house
Esther,Narrative,6408,bleak-house
Narrative,Esther,6408,bleak-house
Charley,Mr. Bucket,6410,bleak-house
Charley,Mr. Bucket,6410,bleak-house
Mr. Bucket,Charley,6410,bleak-house
Mr. Bucket,Charley,6410,bleak-house
Lady Dedlock,Mr. Boythorn,6411,bleak-house
Mr. Boythorn,Lady Dedlock,6411,bleak-house
Lady Dedlock,Sir Leicester Dedlock,6420,bleak-house
Lady Dedlock,Baronet,6420,bleak-house
Sir Leicester Dedlock,Lady Dedlock,6420,bleak-house
Sir Leicester Dedlock,Baronet,6420,bleak-house
Baronet,Lady Dedlock,6420,bleak-house
Baronet,Sir Leicester Dedlock,6420,bleak-house
Mr.,Bucket,6426,bleak-house
Mr.,Don,6426,bleak-house
Mr.,Miss Summerson,6426,bleak-house
Bucket,Mr.,6426,bleak-house
Bucket,Don,6426,bleak-house
Bucket,Miss Summerson,6426,bleak-house
Don,Mr.,6426,bleak-house
Don,Bucket,6426,bleak-house
Don,Miss Summerson,6426,bleak-house
Miss Summerson,Mr.,6426,bleak-house
Miss Summerson,Bucket,6426,bleak-house
Miss Summerson,Don,6426,bleak-house
Miss Summerson,Mr. Bucket,6429,bleak-house
Mr. Bucket,Miss Summerson,6429,bleak-house
Miss Summerson,Mr. Jarndyce,6440,bleak-house
Mr. Jarndyce,Miss Summerson,6440,bleak-house
None,Mr. Bucket,6448,bleak-house
None,Lady Dedlock,6448,bleak-house
None,Mr. Tulkinghorn,6448,bleak-house
Mr. Bucket,None,6448,bleak-house
Mr. Bucket,Lady Dedlock,6448,bleak-house
Mr. Bucket,Mr. Tulkinghorn,6448,bleak-house
Lady Dedlock,None,6448,bleak-house
Lady Dedlock,Mr. Bucket,6448,bleak-house
Lady Dedlock,Mr. Tulkinghorn,6448,bleak-house
Mr. Tulkinghorn,None,6448,bleak-house
Mr. Tulkinghorn,Mr. Bucket,6448,bleak-house
Mr. Tulkinghorn,Lady Dedlock,6448,bleak-house
Miss Summerson,Mr. Skimpole,6455,bleak-house
Mr. Skimpole,Miss Summerson,6455,bleak-house
Mr. Bucket,Skimpole,6457,bleak-house
Mr. Bucket,John,6457,bleak-house
Mr. Bucket,Jacob,6457,bleak-house
Skimpole,Mr. Bucket,6457,bleak-house
Skimpole,John,6457,bleak-house
Skimpole,Jacob,6457,bleak-house
John,Mr. Bucket,6457,bleak-house
John,Skimpole,6457,bleak-house
John,Jacob,6457,bleak-house
Jacob,Mr. Bucket,6457,bleak-house
Jacob,Skimpole,6457,bleak-house
Jacob,John,6457,bleak-house
Harold,Mr. Bucket,6459,bleak-house
Harold,Mr. Bucket,6459,bleak-house
Mr. Bucket,Harold,6459,bleak-house
Mr. Bucket,Harold,6459,bleak-house
Miss Summerson,Toughey,6463,bleak-house
Miss Summerson,Toughey,6463,bleak-house
Miss Summerson,Toughey,6463,bleak-house
Toughey,Miss Summerson,6463,bleak-house
Toughey,Miss Summerson,6463,bleak-house
Toughey,Miss Summerson,6463,bleak-house
Mr. Bucket,Bounds,6465,bleak-house
Mr. Bucket,Miss Summerson,6465,bleak-house
Mr. Bucket,Fast,6465,bleak-house
Bounds,Mr. Bucket,6465,bleak-house
Bounds,Miss Summerson,6465,bleak-house
Bounds,Fast,6465,bleak-house
Miss Summerson,Mr. Bucket,6465,bleak-house
Miss Summerson,Bounds,6465,bleak-house
Miss Summerson,Fast,6465,bleak-house
Fast,Mr. Bucket,6465,bleak-house
Fast,Bounds,6465,bleak-house
Fast,Miss Summerson,6465,bleak-house
Jenny,Mr. Bucket,6469,bleak-house
Mr. Bucket,Jenny,6469,bleak-house
Who,Mr. Bucket,6472,bleak-house
Mr. Bucket,Who,6472,bleak-house
Michael Jackson,Mr. Bucket,6474,bleak-house
Mr. Bucket,Michael Jackson,6474,bleak-house
Mr. Bucket,Michael Jackson,6476,bleak-house
Michael Jackson,Mr. Bucket,6476,bleak-house
Wot,Jenny,6487,bleak-house
Jenny,Wot,6487,bleak-house
Miss Summerson,Mr. Bucket,6510,bleak-house
Miss Summerson,Sir Leicester Dedlock,6510,bleak-house
Miss Summerson,Baronet,6510,bleak-house
Mr. Bucket,Miss Summerson,6510,bleak-house
Mr. Bucket,Sir Leicester Dedlock,6510,bleak-house
Mr. Bucket,Baronet,6510,bleak-house
Mr. Bucket,Miss Summerson,6510,bleak-house
Sir Leicester Dedlock,Miss Summerson,6510,bleak-house
Sir Leicester Dedlock,Mr. Bucket,6510,bleak-house
Sir Leicester Dedlock,Baronet,6510,bleak-house
Sir Leicester Dedlock,Miss Summerson,6510,bleak-house
Baronet,Miss Summerson,6510,bleak-house
Baronet,Mr. Bucket,6510,bleak-house
Baronet,Sir Leicester Dedlock,6510,bleak-house
Baronet,Miss Summerson,6510,bleak-house
Miss Summerson,Mr. Bucket,6510,bleak-house
Miss Summerson,Sir Leicester Dedlock,6510,bleak-house
Miss Summerson,Baronet,6510,bleak-house
Miss Summerson,Quick,6533,bleak-house
Quick,Miss Summerson,6533,bleak-house
Straight,Don,6537,bleak-house
Don,Straight,6537,bleak-house
Sir Leicester Dedlock,Baronet,6547,bleak-house
Baronet,Sir Leicester Dedlock,6547,bleak-house
Sparkle,Gloss,6556,bleak-house
Sparkle,Mr. Jones,6556,bleak-house
Sparkle,Blaze,6556,bleak-house
Sparkle,Mr. Jones,6556,bleak-house
Sparkle,Sheen,6556,bleak-house
Sparkle,Gloss,6556,bleak-house
Sparkle,Mr. Sladdery,6556,bleak-house
Sparkle,Lady Dedlock,6556,bleak-house
Sparkle,Lady Dedlock,6556,bleak-house
Gloss,Sparkle,6556,bleak-house
Gloss,Mr. Jones,6556,bleak-house
Gloss,Blaze,6556,bleak-house
Gloss,Mr. Jones,6556,bleak-house
Gloss,Sheen,6556,bleak-house
Gloss,Mr. Sladdery,6556,bleak-house
Gloss,Lady Dedlock,6556,bleak-house
Gloss,Lady Dedlock,6556,bleak-house
Mr. Jones,Sparkle,6556,bleak-house
Mr. Jones,Gloss,6556,bleak-house
Mr. Jones,Blaze,6556,bleak-house
Mr. Jones,Sheen,6556,bleak-house
Mr. Jones,Gloss,6556,bleak-house
Mr. Jones,Mr. Sladdery,6556,bleak-house
Mr. Jones,Lady Dedlock,6556,bleak-house
Mr. Jones,Lady Dedlock,6556,bleak-house
Blaze,Sparkle,6556,bleak-house
Blaze,Gloss,6556,bleak-house
Blaze,Mr. Jones,6556,bleak-house
Blaze,Mr. Jones,6556,bleak-house
Blaze,Sheen,6556,bleak-house
Blaze,Gloss,6556,bleak-house
Blaze,Mr. Sladdery,6556,bleak-house
Blaze,Lady Dedlock,6556,bleak-house
Blaze,Lady Dedlock,6556,bleak-house
Mr. Jones,Sparkle,6556,bleak-house
Mr. Jones,Gloss,6556,bleak-house
Mr. Jones,Blaze,6556,bleak-house
Mr. Jones,Sheen,6556,bleak-house
Mr. Jones,Gloss,6556,bleak-house
Mr. Jones,Mr. Sladdery,6556,bleak-house
Mr. Jones,Lady Dedlock,6556,bleak-house
Mr. Jones,Lady Dedlock,6556,bleak-house
Sheen,Sparkle,6556,bleak-house
Sheen,Gloss,6556,bleak-house
Sheen,Mr. Jones,6556,bleak-house
Sheen,Blaze,6556,bleak-house
Sheen,Mr. Jones,6556,bleak-house
Sheen,Gloss,6556,bleak-house
Sheen,Mr. Sladdery,6556,bleak-house
Sheen,Lady Dedlock,6556,bleak-house
Sheen,Lady Dedlock,6556,bleak-house
Gloss,Sparkle,6556,bleak-house
Gloss,Mr. Jones,6556,bleak-house
Gloss,Blaze,6556,bleak-house
Gloss,Mr. Jones,6556,bleak-house
Gloss,Sheen,6556,bleak-house
Gloss,Mr. Sladdery,6556,bleak-house
Gloss,Lady Dedlock,6556,bleak-house
Gloss,Lady Dedlock,6556,bleak-house
Mr. Sladdery,Sparkle,6556,bleak-house
Mr. Sladdery,Gloss,6556,bleak-house
Mr. Sladdery,Mr. Jones,6556,bleak-house
Mr. Sladdery,Blaze,6556,bleak-house
Mr. Sladdery,Mr. Jones,6556,bleak-house
Mr. Sladdery,Sheen,6556,bleak-house
Mr. Sladdery,Gloss,6556,bleak-house
Mr. Sladdery,Lady Dedlock,6556,bleak-house
Mr. Sladdery,Lady Dedlock,6556,bleak-house
Lady Dedlock,Sparkle,6556,bleak-house
Lady Dedlock,Gloss,6556,bleak-house
Lady Dedlock,Mr. Jones,6556,bleak-house
Lady Dedlock,Blaze,6556,bleak-house
Lady Dedlock,Mr. Jones,6556,bleak-house
Lady Dedlock,Sheen,6556,bleak-house
Lady Dedlock,Gloss,6556,bleak-house
Lady Dedlock,Mr. Sladdery,6556,bleak-house
Lady Dedlock,Sparkle,6556,bleak-house
Lady Dedlock,Gloss,6556,bleak-house
Lady Dedlock,Mr. Jones,6556,bleak-house
Lady Dedlock,Blaze,6556,bleak-house
Lady Dedlock,Mr. Jones,6556,bleak-house
Lady Dedlock,Sheen,6556,bleak-house
Lady Dedlock,Gloss,6556,bleak-house
Lady Dedlock,Mr. Sladdery,6556,bleak-house
Horse Guards,Mr. Stables,6557,bleak-house
Mr. Stables,Horse Guards,6557,bleak-house
How,William Buffy,6558,bleak-house
William Buffy,How,6558,bleak-house
George,Lady,6565,bleak-house
Lady,George,6565,bleak-house
George,Walk,6569,bleak-house
Walk,George,6569,bleak-house
Sir Leicester,Walk,6573,bleak-house
Walk,Sir Leicester,6573,bleak-house
Lady,Mr. Bucket,6579,bleak-house
Lady,Dark,6579,bleak-house
Mr. Bucket,Lady,6579,bleak-house
Mr. Bucket,Dark,6579,bleak-house
Dark,Lady,6579,bleak-house
Dark,Mr. Bucket,6579,bleak-house
Volumnia,Bath,6580,bleak-house
Volumnia,Sir Leicester,6580,bleak-house
Bath,Volumnia,6580,bleak-house
Bath,Sir Leicester,6580,bleak-house
Sir Leicester,Volumnia,6580,bleak-house
Sir Leicester,Bath,6580,bleak-house
Sir Leicester,Who,6581,bleak-house
Who,Sir Leicester,6581,bleak-house
Sir,George,6586,bleak-house
Sir,George,6586,bleak-house
George,Sir,6586,bleak-house
George,Sir,6586,bleak-house
George,Sir Leicester,6593,bleak-house
Sir Leicester,George,6593,bleak-house
George Rouncewell,Sir Leicester,6600,bleak-house
George Rouncewell,George,6600,bleak-house
Sir Leicester,George Rouncewell,6600,bleak-house
Sir Leicester,George,6600,bleak-house
George,George Rouncewell,6600,bleak-house
George,Sir Leicester,6600,bleak-house
Sir Leicester,George Rouncewell,6612,bleak-house
George Rouncewell,Sir Leicester,6612,bleak-house
Sir Leicester,George,6616,bleak-house
Sir Leicester,George,6616,bleak-house
Sir Leicester,George,6616,bleak-house
George,Sir Leicester,6616,bleak-house
George,Sir Leicester,6616,bleak-house
George,Sir Leicester,6616,bleak-house
George,Sir Leicester,6616,bleak-house
George,Sir Leicester,6616,bleak-house
George,Sir Leicester,6616,bleak-house
George,Sir Leicester,6616,bleak-house
George,Sir Leicester,6616,bleak-house
George,Sir Leicester,6616,bleak-house
Sir Leicester,George,6616,bleak-house
Sir Leicester,George,6616,bleak-house
Sir Leicester,George,6616,bleak-house
Sir Leicester,George,6616,bleak-house
Sir Leicester,George,6616,bleak-house
Sir Leicester,George,6616,bleak-house
Sir Leicester,Lady,6629,bleak-house
Lady,Sir Leicester,6629,bleak-house
George,Hence George,6637,bleak-house
Hence George,George,6637,bleak-house
How,Sir Leicester,6641,bleak-house
How,Mr. George,6641,bleak-house
Sir Leicester,How,6641,bleak-house
Sir Leicester,Mr. George,6641,bleak-house
Mr. George,How,6641,bleak-house
Mr. George,Sir Leicester,6641,bleak-house
Sir Leicester,Volumnia,6648,bleak-house
Volumnia,Sir Leicester,6648,bleak-house
Volumnia,Miss Dedlock,6649,bleak-house
Miss Dedlock,Volumnia,6649,bleak-house
Mr.,George,6650,bleak-house
George,Mr.,6650,bleak-house
George Rouncewell,Cold,6659,bleak-house
Cold,George Rouncewell,6659,bleak-house
Esther,Narrative,6662,bleak-house
Narrative,Esther,6662,bleak-house
Mr. Woodcourt,Inspector Bucket,6687,bleak-house
Inspector Bucket,Mr. Woodcourt,6687,bleak-house
Mr. Woodcourt,Mr. Bucket,6688,bleak-house
Mr. Bucket,Mr. Woodcourt,6688,bleak-house
Lord,Mr. Bucket,6690,bleak-house
Mr. Bucket,Lord,6690,bleak-house
Richard,Mr. Woodcourt,6692,bleak-house
Mr. Woodcourt,Richard,6692,bleak-house
Ada,Richard,6694,bleak-house
Richard,Ada,6694,bleak-house
Richard,Ada,6694,bleak-house
Ada,Richard,6694,bleak-house
Woodcourt,Mr. Bucket,6696,bleak-house
Woodcourt,Mr. Snagsby,6696,bleak-house
Mr. Bucket,Woodcourt,6696,bleak-house
Mr. Bucket,Mr. Snagsby,6696,bleak-house
Mr. Snagsby,Woodcourt,6696,bleak-house
Mr. Snagsby,Mr. Bucket,6696,bleak-house
Mr. Bucket,Miss Summerson,6698,bleak-house
Miss Summerson,Mr. Bucket,6698,bleak-house
Don,Snagsby,6700,bleak-house
Snagsby,Don,6700,bleak-house
Mr. Bucket,Miss Summerson,6709,bleak-house
Mr. Bucket,Mr. Woodcourt,6709,bleak-house
Miss Summerson,Mr. Bucket,6709,bleak-house
Miss Summerson,Mr. Woodcourt,6709,bleak-house
Mr. Woodcourt,Mr. Bucket,6709,bleak-house
Mr. Woodcourt,Miss Summerson,6709,bleak-house
Downstairs,Mr. Bucket,6711,bleak-house
Downstairs,Guster,6711,bleak-house
Mr. Bucket,Downstairs,6711,bleak-house
Mr. Bucket,Guster,6711,bleak-house
Guster,Downstairs,6711,bleak-house
Guster,Mr. Bucket,6711,bleak-house
Mr. Snagsby,Inspector Bucket,6713,bleak-house
Mr. Snagsby,Mr. Woodcourt,6713,bleak-house
Inspector Bucket,Mr. Snagsby,6713,bleak-house
Inspector Bucket,Mr. Woodcourt,6713,bleak-house
Mr. Woodcourt,Mr. Snagsby,6713,bleak-house
Mr. Woodcourt,Inspector Bucket,6713,bleak-house
Mr. Snagsby,Inspector Bucket,6715,bleak-house
Mr. Snagsby,Mr. Woodcourt,6715,bleak-house
Mr. Snagsby,Cursitor Street,6715,bleak-house
Inspector Bucket,Mr. Snagsby,6715,bleak-house
Inspector Bucket,Mr. Woodcourt,6715,bleak-house
Inspector Bucket,Cursitor Street,6715,bleak-house
Mr. Woodcourt,Mr. Snagsby,6715,bleak-house
Mr. Woodcourt,Inspector Bucket,6715,bleak-house
Mr. Woodcourt,Cursitor Street,6715,bleak-house
Cursitor Street,Mr. Snagsby,6715,bleak-house
Cursitor Street,Inspector Bucket,6715,bleak-house
Cursitor Street,Mr. Woodcourt,6715,bleak-house
Mr. Snagsby,Mr. Woodcourt,6717,bleak-house
Mr. Woodcourt,Mr. Snagsby,6717,bleak-house
Mr. Bucket,Mr. Snagsby,6718,bleak-house
Mr. Snagsby,Mr. Bucket,6718,bleak-house
Mr. Bucket,Which,6719,bleak-house
Mr. Bucket,Mr. Woodcourt,6719,bleak-house
Which,Mr. Bucket,6719,bleak-house
Which,Mr. Woodcourt,6719,bleak-house
Mr. Woodcourt,Mr. Bucket,6719,bleak-house
Mr. Woodcourt,Which,6719,bleak-house
Snagsby,Mr. Bucket,6722,bleak-house
Mr. Bucket,Snagsby,6722,bleak-house
Mr. Bucket,Othello,6723,bleak-house
Othello,Mr. Bucket,6723,bleak-house
Mr. Bucket,Don,6725,bleak-house
Don,Mr. Bucket,6725,bleak-house
Mr. Tulkinghorn,Mr. Woodcourt,6727,bleak-house
Mr. Woodcourt,Mr. Tulkinghorn,6727,bleak-house
Mr.,Cheer,6744,bleak-house
Mr.,Don,6744,bleak-house
Cheer,Mr.,6744,bleak-house
Cheer,Don,6744,bleak-house
Don,Mr.,6744,bleak-house
Don,Cheer,6744,bleak-house
Mr. Woodcourt,Mr. Bucket,6745,bleak-house
Mr. Woodcourt,Mr. Bucket,6745,bleak-house
Mr. Bucket,Mr. Woodcourt,6745,bleak-house
Mr. Bucket,Mr. Woodcourt,6745,bleak-house
Mr. Bucket,Mr. Woodcourt,6745,bleak-house
Mr. Bucket,Mr. Woodcourt,6745,bleak-house
Mr. Woodcourt,Mr. Bucket,6745,bleak-house
Mr. Woodcourt,Mr. Bucket,6745,bleak-house
Couldn,Mr. Snagsby,6755,bleak-house
Mr. Snagsby,Couldn,6755,bleak-house
Mr.,Woodcourt,6766,bleak-house
Mr.,Mr. Bucket,6766,bleak-house
Mr.,Mr. Woodcourt,6766,bleak-house
Mr.,Mr. Bucket,6766,bleak-house
Woodcourt,Mr.,6766,bleak-house
Woodcourt,Mr. Bucket,6766,bleak-house
Woodcourt,Mr. Woodcourt,6766,bleak-house
Woodcourt,Mr. Bucket,6766,bleak-house
Mr. Bucket,Mr.,6766,bleak-house
Mr. Bucket,Woodcourt,6766,bleak-house
Mr. Bucket,Mr. Woodcourt,6766,bleak-house
Mr. Woodcourt,Mr.,6766,bleak-house
Mr. Woodcourt,Woodcourt,6766,bleak-house
Mr. Woodcourt,Mr. Bucket,6766,bleak-house
Mr. Woodcourt,Mr. Bucket,6766,bleak-house
Mr. Bucket,Mr.,6766,bleak-house
Mr. Bucket,Woodcourt,6766,bleak-house
Mr. Bucket,Mr. Woodcourt,6766,bleak-house
Mr. Woodcourt,Mr. Bucket,6769,bleak-house
Mr. Bucket,Mr. Woodcourt,6769,bleak-house
Aye,Bleak House,6785,bleak-house
Bleak House,Aye,6785,bleak-house
Bleak House,Ada,6787,bleak-house
Ada,Bleak House,6787,bleak-house
Mr. Woodcourt,Dame Durden,6791,bleak-house
Dame Durden,Mr. Woodcourt,6791,bleak-house
John,Richard,6794,bleak-house
Richard,John,6794,bleak-house
Dame Trot,Jarndyce,6798,bleak-house
Dame Trot,Unreason,6798,bleak-house
Dame Trot,Rick,6798,bleak-house
Dame Trot,Jarndyce,6798,bleak-house
Dame Trot,Unreason,6798,bleak-house
Dame Trot,Rick,6798,bleak-house
Jarndyce,Dame Trot,6798,bleak-house
Jarndyce,Dame Trot,6798,bleak-house
Jarndyce,Unreason,6798,bleak-house
Jarndyce,Rick,6798,bleak-house
Unreason,Dame Trot,6798,bleak-house
Unreason,Dame Trot,6798,bleak-house
Unreason,Jarndyce,6798,bleak-house
Unreason,Rick,6798,bleak-house
Rick,Dame Trot,6798,bleak-house
Rick,Dame Trot,6798,bleak-house
Rick,Jarndyce,6798,bleak-house
Rick,Unreason,6798,bleak-house
Ada,Rick,6802,bleak-house
Rick,Ada,6802,bleak-house
Good,Carried,6817,bleak-house
Carried,Good,6817,bleak-house
Mr. Woodcourt,Ada,6820,bleak-house
Ada,Mr. Woodcourt,6820,bleak-house
Richard,Mr. Vholes,6832,bleak-house
Richard,Inn,6832,bleak-house
Mr. Vholes,Richard,6832,bleak-house
Mr. Vholes,Inn,6832,bleak-house
Inn,Richard,6832,bleak-house
Inn,Mr. Vholes,6832,bleak-house
Ada,Mr. Vholes,6833,bleak-house
Ada,Mr. Vholes,6833,bleak-house
Mr. Vholes,Ada,6833,bleak-house
Mr. Vholes,Ada,6833,bleak-house
Paler,Richard,6834,bleak-house
Richard,Paler,6834,bleak-house
Symond,Inn,6835,bleak-house
Symond,Ada,6835,bleak-house
Inn,Symond,6835,bleak-house
Inn,Ada,6835,bleak-house
Ada,Symond,6835,bleak-house
Ada,Inn,6835,bleak-house
Miss Flite,Vholes,6838,bleak-house
Miss Flite,Vholes,6838,bleak-house
Miss Flite,Vholes,6838,bleak-house
Vholes,Miss Flite,6838,bleak-house
Vholes,Miss Flite,6838,bleak-house
Vholes,Miss Flite,6838,bleak-house
Miss Flite,Gridley,6846,bleak-house
Miss Flite,Don,6846,bleak-house
Gridley,Miss Flite,6846,bleak-house
Gridley,Don,6846,bleak-house
Don,Miss Flite,6846,bleak-house
Don,Gridley,6846,bleak-house
Really,Miss Flite,6849,bleak-house
Miss Flite,Really,6849,bleak-house
Hope,Joy,6850,bleak-house
Hope,Peace,6850,bleak-house
Hope,Life,6850,bleak-house
Hope,Dust,6850,bleak-house
Hope,Ashes,6850,bleak-house
Hope,Ruin,6850,bleak-house
Hope,Despair,6850,bleak-house
Hope,Death,6850,bleak-house
Hope,Folly,6850,bleak-house
Hope,Words,6850,bleak-house
Hope,Wigs,6850,bleak-house
Hope,Rags,6850,bleak-house
Hope,Sheepskin,6850,bleak-house
Hope,Plunder,6850,bleak-house
Hope,Spinach,6850,bleak-house
Joy,Hope,6850,bleak-house
Joy,Peace,6850,bleak-house
Joy,Life,6850,bleak-house
Joy,Dust,6850,bleak-house
Joy,Ashes,6850,bleak-house
Joy,Ruin,6850,bleak-house
Joy,Despair,6850,bleak-house
Joy,Death,6850,bleak-house
Joy,Folly,6850,bleak-house
Joy,Words,6850,bleak-house
Joy,Wigs,6850,bleak-house
Joy,Rags,6850,bleak-house
Joy,Sheepskin,6850,bleak-house
Joy,Plunder,6850,bleak-house
Joy,Spinach,6850,bleak-house
Peace,Hope,6850,bleak-house
Peace,Joy,6850,bleak-house
Peace,Life,6850,bleak-house
Peace,Dust,6850,bleak-house
Peace,Ashes,6850,bleak-house
Peace,Ruin,6850,bleak-house
Peace,Despair,6850,bleak-house
Peace,Death,6850,bleak-house
Peace,Folly,6850,bleak-house
Peace,Words,6850,bleak-house
Peace,Wigs,6850,bleak-house
Peace,Rags,6850,bleak-house
Peace,Sheepskin,6850,bleak-house
Peace,Plunder,6850,bleak-house
Peace,Spinach,6850,bleak-house
Life,Hope,6850,bleak-house
Life,Joy,6850,bleak-house
Life,Peace,6850,bleak-house
Life,Dust,6850,bleak-house
Life,Ashes,6850,bleak-house
Life,Ruin,6850,bleak-house
Life,Despair,6850,bleak-house
Life,Death,6850,bleak-house
Life,Folly,6850,bleak-house
Life,Words,6850,bleak-house
Life,Wigs,6850,bleak-house
Life,Rags,6850,bleak-house
Life,Sheepskin,6850,bleak-house
Life,Plunder,6850,bleak-house
Life,Spinach,6850,bleak-house
Dust,Hope,6850,bleak-house
Dust,Joy,6850,bleak-house
Dust,Peace,6850,bleak-house
Dust,Life,6850,bleak-house
Dust,Ashes,6850,bleak-house
Dust,Ruin,6850,bleak-house
Dust,Despair,6850,bleak-house
Dust,Death,6850,bleak-house
Dust,Folly,6850,bleak-house
Dust,Words,6850,bleak-house
Dust,Wigs,6850,bleak-house
Dust,Rags,6850,bleak-house
Dust,Sheepskin,6850,bleak-house
Dust,Plunder,6850,bleak-house
Dust,Spinach,6850,bleak-house
Ashes,Hope,6850,bleak-house
Ashes,Joy,6850,bleak-house
Ashes,Peace,6850,bleak-house
Ashes,Life,6850,bleak-house
Ashes,Dust,6850,bleak-house
Ashes,Ruin,6850,bleak-house
Ashes,Despair,6850,bleak-house
Ashes,Death,6850,bleak-house
Ashes,Folly,6850,bleak-house
Ashes,Words,6850,bleak-house
Ashes,Wigs,6850,bleak-house
Ashes,Rags,6850,bleak-house
Ashes,Sheepskin,6850,bleak-house
Ashes,Plunder,6850,bleak-house
Ashes,Spinach,6850,bleak-house
Ruin,Hope,6850,bleak-house
Ruin,Joy,6850,bleak-house
Ruin,Peace,6850,bleak-house
Ruin,Life,6850,bleak-house
Ruin,Dust,6850,bleak-house
Ruin,Ashes,6850,bleak-house
Ruin,Despair,6850,bleak-house
Ruin,Death,6850,bleak-house
Ruin,Folly,6850,bleak-house
Ruin,Words,6850,bleak-house
Ruin,Wigs,6850,bleak-house
Ruin,Rags,6850,bleak-house
Ruin,Sheepskin,6850,bleak-house
Ruin,Plunder,6850,bleak-house
Ruin,Spinach,6850,bleak-house
Despair,Hope,6850,bleak-house
Despair,Joy,6850,bleak-house
Despair,Peace,6850,bleak-house
Despair,Life,6850,bleak-house
Despair,Dust,6850,bleak-house
Despair,Ashes,6850,bleak-house
Despair,Ruin,6850,bleak-house
Despair,Death,6850,bleak-house
Despair,Folly,6850,bleak-house
Despair,Words,6850,bleak-house
Despair,Wigs,6850,bleak-house
Despair,Rags,6850,bleak-house
Despair,Sheepskin,6850,bleak-house
Despair,Plunder,6850,bleak-house
Despair,Spinach,6850,bleak-house
Death,Hope,6850,bleak-house
Death,Joy,6850,bleak-house
Death,Peace,6850,bleak-house
Death,Life,6850,bleak-house
Death,Dust,6850,bleak-house
Death,Ashes,6850,bleak-house
Death,Ruin,6850,bleak-house
Death,Despair,6850,bleak-house
Death,Folly,6850,bleak-house
Death,Words,6850,bleak-house
Death,Wigs,6850,bleak-house
Death,Rags,6850,bleak-house
Death,Sheepskin,6850,bleak-house
Death,Plunder,6850,bleak-house
Death,Spinach,6850,bleak-house
Folly,Hope,6850,bleak-house
Folly,Joy,6850,bleak-house
Folly,Peace,6850,bleak-house
Folly,Life,6850,bleak-house
Folly,Dust,6850,bleak-house
Folly,Ashes,6850,bleak-house
Folly,Ruin,6850,bleak-house
Folly,Despair,6850,bleak-house
Folly,Death,6850,bleak-house
Folly,Words,6850,bleak-house
Folly,Wigs,6850,bleak-house
Folly,Rags,6850,bleak-house
Folly,Sheepskin,6850,bleak-house
Folly,Plunder,6850,bleak-house
Folly,Spinach,6850,bleak-house
Words,Hope,6850,bleak-house
Words,Joy,6850,bleak-house
Words,Peace,6850,bleak-house
Words,Life,6850,bleak-house
Words,Dust,6850,bleak-house
Words,Ashes,6850,bleak-house
Words,Ruin,6850,bleak-house
Words,Despair,6850,bleak-house
Words,Death,6850,bleak-house
Words,Folly,6850,bleak-house
Words,Wigs,6850,bleak-house
Words,Rags,6850,bleak-house
Words,Sheepskin,6850,bleak-house
Words,Plunder,6850,bleak-house
Words,Spinach,6850,bleak-house
Wigs,Hope,6850,bleak-house
Wigs,Joy,6850,bleak-house
Wigs,Peace,6850,bleak-house
Wigs,Life,6850,bleak-house
Wigs,Dust,6850,bleak-house
Wigs,Ashes,6850,bleak-house
Wigs,Ruin,6850,bleak-house
Wigs,Despair,6850,bleak-house
Wigs,Death,6850,bleak-house
Wigs,Folly,6850,bleak-house
Wigs,Words,6850,bleak-house
Wigs,Rags,6850,bleak-house
Wigs,Sheepskin,6850,bleak-house
Wigs,Plunder,6850,bleak-house
Wigs,Spinach,6850,bleak-house
Rags,Hope,6850,bleak-house
Rags,Joy,6850,bleak-house
Rags,Peace,6850,bleak-house
Rags,Life,6850,bleak-house
Rags,Dust,6850,bleak-house
Rags,Ashes,6850,bleak-house
Rags,Ruin,6850,bleak-house
Rags,Despair,6850,bleak-house
Rags,Death,6850,bleak-house
Rags,Folly,6850,bleak-house
Rags,Words,6850,bleak-house
Rags,Wigs,6850,bleak-house
Rags,Sheepskin,6850,bleak-house
Rags,Plunder,6850,bleak-house
Rags,Spinach,6850,bleak-house
Sheepskin,Hope,6850,bleak-house
Sheepskin,Joy,6850,bleak-house
Sheepskin,Peace,6850,bleak-house
Sheepskin,Life,6850,bleak-house
Sheepskin,Dust,6850,bleak-house
Sheepskin,Ashes,6850,bleak-house
Sheepskin,Ruin,6850,bleak-house
Sheepskin,Despair,6850,bleak-house
Sheepskin,Death,6850,bleak-house
Sheepskin,Folly,6850,bleak-house
Sheepskin,Words,6850,bleak-house
Sheepskin,Wigs,6850,bleak-house
Sheepskin,Rags,6850,bleak-house
Sheepskin,Plunder,6850,bleak-house
Sheepskin,Spinach,6850,bleak-house
Plunder,Hope,6850,bleak-house
Plunder,Joy,6850,bleak-house
Plunder,Peace,6850,bleak-house
Plunder,Life,6850,bleak-house
Plunder,Dust,6850,bleak-house
Plunder,Ashes,6850,bleak-house
Plunder,Ruin,6850,bleak-house
Plunder,Despair,6850,bleak-house
Plunder,Death,6850,bleak-house
Plunder,Folly,6850,bleak-house
Plunder,Words,6850,bleak-house
Plunder,Wigs,6850,bleak-house
Plunder,Rags,6850,bleak-house
Plunder,Sheepskin,6850,bleak-house
Plunder,Spinach,6850,bleak-house
Spinach,Hope,6850,bleak-house
Spinach,Joy,6850,bleak-house
Spinach,Peace,6850,bleak-house
Spinach,Life,6850,bleak-house
Spinach,Dust,6850,bleak-house
Spinach,Ashes,6850,bleak-house
Spinach,Ruin,6850,bleak-house
Spinach,Despair,6850,bleak-house
Spinach,Death,6850,bleak-house
Spinach,Folly,6850,bleak-house
Spinach,Words,6850,bleak-house
Spinach,Wigs,6850,bleak-house
Spinach,Rags,6850,bleak-house
Spinach,Sheepskin,6850,bleak-house
Spinach,Plunder,6850,bleak-house
Mr. Vholes,Richard,6852,bleak-house
Mr. Vholes,Ada,6852,bleak-house
Mr. Vholes,Richard,6852,bleak-house
Mr. Vholes,Symond,6852,bleak-house
Richard,Mr. Vholes,6852,bleak-house
Richard,Ada,6852,bleak-house
Richard,Mr. Vholes,6852,bleak-house
Richard,Symond,6852,bleak-house
Ada,Mr. Vholes,6852,bleak-house
Ada,Richard,6852,bleak-house
Ada,Richard,6852,bleak-house
Ada,Mr. Vholes,6852,bleak-house
Ada,Symond,6852,bleak-house
Richard,Mr. Vholes,6852,bleak-house
Richard,Ada,6852,bleak-house
Richard,Mr. Vholes,6852,bleak-house
Richard,Symond,6852,bleak-house
Mr. Vholes,Richard,6852,bleak-house
Mr. Vholes,Ada,6852,bleak-house
Mr. Vholes,Richard,6852,bleak-house
Mr. Vholes,Symond,6852,bleak-house
Symond,Mr. Vholes,6852,bleak-house
Symond,Richard,6852,bleak-house
Symond,Ada,6852,bleak-house
Symond,Richard,6852,bleak-house
Symond,Mr. Vholes,6852,bleak-house
Miss Summerson,Mr. Vholes,6853,bleak-house
Mr. Vholes,Miss Summerson,6853,bleak-house
Mr. Vholes,Mr. Jarndyce,6855,bleak-house
Mr. Jarndyce,Mr. Vholes,6855,bleak-house
Mr. Vholes,Mr.,6857,bleak-house
Mr. Vholes,Miss Summerson,6857,bleak-house
Mr.,Mr. Vholes,6857,bleak-house
Mr.,Miss Summerson,6857,bleak-house
Miss Summerson,Mr. Vholes,6857,bleak-house
Miss Summerson,Mr.,6857,bleak-house
Woodcourt,Mr. C.,6861,bleak-house
Mr. C.,Woodcourt,6861,bleak-house
Mr. Vholes,Mr. C.,6867,bleak-house
Mr. C.,Mr. Vholes,6867,bleak-house
Mr. Vholes,Miss Summerson,6869,bleak-house
Mr. Vholes,Mr. C.,6869,bleak-house
Miss Summerson,Mr. Vholes,6869,bleak-house
Miss Summerson,Mr. C.,6869,bleak-house
Mr. C.,Mr. Vholes,6869,bleak-house
Mr. C.,Miss Summerson,6869,bleak-house
Mr. Vholes,Richard,6870,bleak-house
Richard,Mr. Vholes,6870,bleak-house
Mr. C.,Business,6872,bleak-house
Mr. C.,Business,6872,bleak-house
Business,Mr. C.,6872,bleak-house
Business,Mr. C.,6872,bleak-house
Business,Mr. C.,6872,bleak-house
Mr. C.,Business,6872,bleak-house
Pardon,Mr. Vholes,6874,bleak-house
Pardon,Mr. C,6874,bleak-house
Pardon,Miss Summerson,6874,bleak-house
Pardon,Mr. C.,6874,bleak-house
Pardon,Mr. C.,6874,bleak-house
Pardon,Mr. Jarndyce,6874,bleak-house
Pardon,Mr. C.,6874,bleak-house
Pardon,Mr.,6874,bleak-house
Pardon,Mr. C.,6874,bleak-house
Pardon,Miss Summerson,6874,bleak-house
Mr. Vholes,Pardon,6874,bleak-house
Mr. Vholes,Mr. C,6874,bleak-house
Mr. Vholes,Miss Summerson,6874,bleak-house
Mr. Vholes,Mr. C.,6874,bleak-house
Mr. Vholes,Mr. C.,6874,bleak-house
Mr. Vholes,Mr. Jarndyce,6874,bleak-house
Mr. Vholes,Mr. C.,6874,bleak-house
Mr. Vholes,Mr.,6874,bleak-house
Mr. Vholes,Mr. C.,6874,bleak-house
Mr. Vholes,Miss Summerson,6874,bleak-house
Mr. C,Pardon,6874,bleak-house
Mr. C,Mr. Vholes,6874,bleak-house
Mr. C,Miss Summerson,6874,bleak-house
Mr. C,Mr. C.,6874,bleak-house
Mr. C,Mr. C.,6874,bleak-house
Mr. C,Mr. Jarndyce,6874,bleak-house
Mr. C,Mr. C.,6874,bleak-house
Mr. C,Mr.,6874,bleak-house
Mr. C,Mr. C.,6874,bleak-house
Mr. C,Miss Summerson,6874,bleak-house
Miss Summerson,Pardon,6874,bleak-house
Miss Summerson,Mr. Vholes,6874,bleak-house
Miss Summerson,Mr. C,6874,bleak-house
Miss Summerson,Mr. C.,6874,bleak-house
Miss Summerson,Mr. C.,6874,bleak-house
Miss Summerson,Mr. Jarndyce,6874,bleak-house
Miss Summerson,Mr. C.,6874,bleak-house
Miss Summerson,Mr.,6874,bleak-house
Miss Summerson,Mr. C.,6874,bleak-house
Mr. C.,Pardon,6874,bleak-house
Mr. C.,Mr. Vholes,6874,bleak-house
Mr. C.,Mr. C,6874,bleak-house
Mr. C.,Miss Summerson,6874,bleak-house
Mr. C.,Mr. Jarndyce,6874,bleak-house
Mr. C.,Mr.,6874,bleak-house
Mr. C.,Miss Summerson,6874,bleak-house
Mr. C.,Pardon,6874,bleak-house
Mr. C.,Mr. Vholes,6874,bleak-house
Mr. C.,Mr. C,6874,bleak-house
Mr. C.,Miss Summerson,6874,bleak-house
Mr. C.,Mr. Jarndyce,6874,bleak-house
Mr. C.,Mr.,6874,bleak-house
Mr. C.,Miss Summerson,6874,bleak-house
Mr. Jarndyce,Pardon,6874,bleak-house
Mr. Jarndyce,Mr. Vholes,6874,bleak-house
Mr. Jarndyce,Mr. C,6874,bleak-house
Mr. Jarndyce,Miss Summerson,6874,bleak-house
Mr. Jarndyce,Mr. C.,6874,bleak-house
Mr. Jarndyce,Mr. C.,6874,bleak-house
Mr. Jarndyce,Mr. C.,6874,bleak-house
Mr. Jarndyce,Mr.,6874,bleak-house
Mr. Jarndyce,Mr. C.,6874,bleak-house
Mr. Jarndyce,Miss Summerson,6874,bleak-house
Mr. C.,Pardon,6874,bleak-house
Mr. C.,Mr. Vholes,6874,bleak-house
Mr. C.,Mr. C,6874,bleak-house
Mr. C.,Miss Summerson,6874,bleak-house
Mr. C.,Mr. Jarndyce,6874,bleak-house
Mr. C.,Mr.,6874,bleak-house
Mr. C.,Miss Summerson,6874,bleak-house
Mr.,Pardon,6874,bleak-house
Mr.,Mr. Vholes,6874,bleak-house
Mr.,Mr. C,6874,bleak-house
Mr.,Miss Summerson,6874,bleak-house
Mr.,Mr. C.,6874,bleak-house
Mr.,Mr. C.,6874,bleak-house
Mr.,Mr. Jarndyce,6874,bleak-house
Mr.,Mr. C.,6874,bleak-house
Mr.,Mr. C.,6874,bleak-house
Mr.,Miss Summerson,6874,bleak-house
Mr. C.,Pardon,6874,bleak-house
Mr. C.,Mr. Vholes,6874,bleak-house
Mr. C.,Mr. C,6874,bleak-house
Mr. C.,Miss Summerson,6874,bleak-house
Mr. C.,Mr. Jarndyce,6874,bleak-house
Mr. C.,Mr.,6874,bleak-house
Mr. C.,Miss Summerson,6874,bleak-house
Miss Summerson,Pardon,6874,bleak-house
Miss Summerson,Mr. Vholes,6874,bleak-house
Miss Summerson,Mr. C,6874,bleak-house
Miss Summerson,Mr. C.,6874,bleak-house
Miss Summerson,Mr. C.,6874,bleak-house
Miss Summerson,Mr. Jarndyce,6874,bleak-house
Miss Summerson,Mr. C.,6874,bleak-house
Miss Summerson,Mr.,6874,bleak-house
Miss Summerson,Mr. C.,6874,bleak-house
Richard,Mr. Vholes,6875,bleak-house
Mr. Vholes,Richard,6875,bleak-house
Richard,Mr. Vholes,6876,bleak-house
Mr. Vholes,Richard,6876,bleak-house
Mr. Vholes,Richard,6876,bleak-house
Mr. Vholes,Richard,6876,bleak-house
Richard,Mr. Vholes,6876,bleak-house
Richard,Mr. Vholes,6876,bleak-house
Always,Vholes,6879,bleak-house
Always,Richard,6879,bleak-house
Vholes,Always,6879,bleak-house
Vholes,Richard,6879,bleak-house
Richard,Always,6879,bleak-house
Richard,Vholes,6879,bleak-house
Mr. C.,Mr. C,6880,bleak-house
Mr. C,Mr. C.,6880,bleak-house
Richard,Mr. Vholes,6881,bleak-house
Richard,Vholes,6881,bleak-house
Richard,Mr. Vholes,6881,bleak-house
Mr. Vholes,Richard,6881,bleak-house
Mr. Vholes,Vholes,6881,bleak-house
Vholes,Richard,6881,bleak-house
Vholes,Mr. Vholes,6881,bleak-house
Vholes,Mr. Vholes,6881,bleak-house
Mr. Vholes,Richard,6881,bleak-house
Mr. Vholes,Vholes,6881,bleak-house
Ada,Richard,6882,bleak-house
Richard,Ada,6882,bleak-house
Richard,Mr. Woodcourt,6883,bleak-house
Mr. Woodcourt,Richard,6883,bleak-house
Mr. Woodcourt,Richard,6883,bleak-house
Mr. Woodcourt,Richard,6883,bleak-house
Richard,Mr. Woodcourt,6883,bleak-house
Richard,Mr. Woodcourt,6883,bleak-house
Esther,Richard,6885,bleak-house
Esther,Allan Woodcourt,6885,bleak-house
Richard,Esther,6885,bleak-house
Richard,Allan Woodcourt,6885,bleak-house
Allan Woodcourt,Esther,6885,bleak-house
Allan Woodcourt,Richard,6885,bleak-house
Mr. Woodcourt,John,6886,bleak-house
Mr. Woodcourt,Richard,6886,bleak-house
Mr. Woodcourt,Richard,6886,bleak-house
John,Mr. Woodcourt,6886,bleak-house
John,Richard,6886,bleak-house
John,Richard,6886,bleak-house
Richard,Mr. Woodcourt,6886,bleak-house
Richard,John,6886,bleak-house
Richard,Mr. Woodcourt,6886,bleak-house
Richard,John,6886,bleak-house
Richard,Esther,6891,bleak-house
Esther,Richard,6891,bleak-house
Richard,Esther,6897,bleak-house
Esther,Richard,6897,bleak-house
Mr. Skimpole,Richard,6911,bleak-house
Mr. Skimpole,Ada,6911,bleak-house
Mr. Skimpole,Ada,6911,bleak-house
Richard,Mr. Skimpole,6911,bleak-house
Richard,Ada,6911,bleak-house
Richard,Ada,6911,bleak-house
Richard,Mr. Skimpole,6911,bleak-house
Ada,Mr. Skimpole,6911,bleak-house
Ada,Richard,6911,bleak-house
Ada,Mr. Skimpole,6911,bleak-house
Ada,Mr. Skimpole,6911,bleak-house
Ada,Richard,6911,bleak-house
Ada,Mr. Skimpole,6911,bleak-house
Mr. Skimpole,Richard,6911,bleak-house
Mr. Skimpole,Ada,6911,bleak-house
Mr. Skimpole,Ada,6911,bleak-house
Charley,Mr. Skimpole,6912,bleak-house
Charley,Mr. Skimpole,6912,bleak-house
Mr. Skimpole,Charley,6912,bleak-house
Mr. Skimpole,Charley,6912,bleak-house
Mr. Skimpole,Miss Summerson,6919,bleak-house
Miss Summerson,Mr. Skimpole,6919,bleak-house
Parallel,Mr. Skimpole,6925,bleak-house
Mr. Skimpole,Parallel,6925,bleak-house
Ada,Richard,6926,bleak-house
Richard,Ada,6926,bleak-house
Pain,Richard,6928,bleak-house
Richard,Pain,6928,bleak-house
Skimpole,Bleak House,6933,bleak-house
Bleak House,Skimpole,6933,bleak-house
Mr. Skimpole,Miss Summerson,6938,bleak-house
Miss Summerson,Mr. Skimpole,6938,bleak-house
Mr. Skimpole,Caesar,6946,bleak-house
Caesar,Mr. Skimpole,6946,bleak-house
Jack,Skimpole,6948,bleak-house
Jack,Skimpole,6948,bleak-house
Jack,Skimpole,6948,bleak-house
Jack,Bucket,6948,bleak-house
Jack,Bucket,6948,bleak-house
Jack,Skimpole,6948,bleak-house
Jack,Skimpole,6948,bleak-house
Skimpole,Jack,6948,bleak-house
Skimpole,Bucket,6948,bleak-house
Skimpole,Bucket,6948,bleak-house
Skimpole,Jack,6948,bleak-house
Skimpole,Bucket,6948,bleak-house
Skimpole,Bucket,6948,bleak-house
Skimpole,Jack,6948,bleak-house
Skimpole,Bucket,6948,bleak-house
Skimpole,Bucket,6948,bleak-house
Bucket,Jack,6948,bleak-house
Bucket,Skimpole,6948,bleak-house
Bucket,Skimpole,6948,bleak-house
Bucket,Skimpole,6948,bleak-house
Bucket,Skimpole,6948,bleak-house
Bucket,Skimpole,6948,bleak-house
Bucket,Jack,6948,bleak-house
Bucket,Skimpole,6948,bleak-house
Bucket,Skimpole,6948,bleak-house
Bucket,Skimpole,6948,bleak-house
Bucket,Skimpole,6948,bleak-house
Bucket,Skimpole,6948,bleak-house
Skimpole,Jack,6948,bleak-house
Skimpole,Bucket,6948,bleak-house
Skimpole,Bucket,6948,bleak-house
Skimpole,Jack,6948,bleak-house
Skimpole,Bucket,6948,bleak-house
Skimpole,Bucket,6948,bleak-house
Mr. Skimpole,Richard,6950,bleak-house
Mr. Skimpole,Jarndyce,6950,bleak-house
Richard,Mr. Skimpole,6950,bleak-house
Richard,Jarndyce,6950,bleak-house
Jarndyce,Mr. Skimpole,6950,bleak-house
Jarndyce,Richard,6950,bleak-house
Charley,Mr. Woodcourt,6954,bleak-house
Mr. Woodcourt,Charley,6954,bleak-house
Richard,Ada,6971,bleak-house
Richard,Mr. Woodcourt,6971,bleak-house
Ada,Richard,6971,bleak-house
Ada,Mr. Woodcourt,6971,bleak-house
Mr. Woodcourt,Richard,6971,bleak-house
Mr. Woodcourt,Ada,6971,bleak-house
Charley,Woodcourt,6996,bleak-house
Charley,Woodcourt,6996,bleak-house
Woodcourt,Charley,6996,bleak-house
Woodcourt,Charley,6996,bleak-house
See,Rick,7015,bleak-house
See,Bleak House,7015,bleak-house
Rick,See,7015,bleak-house
Rick,Bleak House,7015,bleak-house
Bleak House,See,7015,bleak-house
Bleak House,Rick,7015,bleak-house
Mr. Bucket,Jarndyce,7021,bleak-house
Mr. Bucket,Miss Summerson,7021,bleak-house
Mr. Bucket,Jarndyce,7021,bleak-house
Mr. Bucket,Miss Summerson,7021,bleak-house
Jarndyce,Mr. Bucket,7021,bleak-house
Jarndyce,Mr. Bucket,7021,bleak-house
Jarndyce,Miss Summerson,7021,bleak-house
Jarndyce,Mr. Bucket,7021,bleak-house
Miss Summerson,Mr. Bucket,7021,bleak-house
Miss Summerson,Mr. Bucket,7021,bleak-house
Miss Summerson,Jarndyce,7021,bleak-house
Miss Summerson,Mr. Bucket,7021,bleak-house
Mr. Bucket,Jarndyce,7021,bleak-house
Mr. Bucket,Miss Summerson,7021,bleak-house
Mr. Jarndyce,Miss Summerson,7023,bleak-house
Mr. Jarndyce,Smallweed,7023,bleak-house
Mr. Jarndyce,Mr. Bucket,7023,bleak-house
Miss Summerson,Mr. Jarndyce,7023,bleak-house
Miss Summerson,Smallweed,7023,bleak-house
Miss Summerson,Mr. Bucket,7023,bleak-house
Smallweed,Mr. Jarndyce,7023,bleak-house
Smallweed,Miss Summerson,7023,bleak-house
Smallweed,Mr. Bucket,7023,bleak-house
Mr. Bucket,Mr. Jarndyce,7023,bleak-house
Mr. Bucket,Miss Summerson,7023,bleak-house
Mr. Bucket,Smallweed,7023,bleak-house
Mr. Bucket,Don,7025,bleak-house
Mr. Bucket,Mr. Jarndyce,7025,bleak-house
Mr. Bucket,Sir Leicester Dedlock,7025,bleak-house
Mr. Bucket,Baronet,7025,bleak-house
Mr. Bucket,Krook,7025,bleak-house
Don,Mr. Bucket,7025,bleak-house
Don,Mr. Jarndyce,7025,bleak-house
Don,Sir Leicester Dedlock,7025,bleak-house
Don,Baronet,7025,bleak-house
Don,Krook,7025,bleak-house
Mr. Jarndyce,Mr. Bucket,7025,bleak-house
Mr. Jarndyce,Don,7025,bleak-house
Mr. Jarndyce,Sir Leicester Dedlock,7025,bleak-house
Mr. Jarndyce,Baronet,7025,bleak-house
Mr. Jarndyce,Krook,7025,bleak-house
Sir Leicester Dedlock,Mr. Bucket,7025,bleak-house
Sir Leicester Dedlock,Don,7025,bleak-house
Sir Leicester Dedlock,Mr. Jarndyce,7025,bleak-house
Sir Leicester Dedlock,Baronet,7025,bleak-house
Sir Leicester Dedlock,Krook,7025,bleak-house
Baronet,Mr. Bucket,7025,bleak-house
Baronet,Don,7025,bleak-house
Baronet,Mr. Jarndyce,7025,bleak-house
Baronet,Sir Leicester Dedlock,7025,bleak-house
Baronet,Krook,7025,bleak-house
Krook,Mr. Bucket,7025,bleak-house
Krook,Don,7025,bleak-house
Krook,Mr. Jarndyce,7025,bleak-house
Krook,Sir Leicester Dedlock,7025,bleak-house
Krook,Baronet,7025,bleak-house
Mr. Bucket,Krook,7027,bleak-house
Krook,Mr. Bucket,7027,bleak-house
Mr. Bucket,Mr. Smallweed,7028,bleak-house
Mr. Bucket,Mr. Smallweed,7028,bleak-house
Mr. Smallweed,Mr. Bucket,7028,bleak-house
Mr. Smallweed,Mr. Bucket,7028,bleak-house
Mr. Bucket,Mr. Smallweed,7033,bleak-house
Mr. Bucket,Don,7033,bleak-house
Mr. Bucket,Mr. Smallweed,7033,bleak-house
Mr. Bucket,Don,7033,bleak-house
Mr. Smallweed,Mr. Bucket,7033,bleak-house
Mr. Smallweed,Mr. Bucket,7033,bleak-house
Mr. Smallweed,Don,7033,bleak-house
Don,Mr. Bucket,7033,bleak-house
Don,Mr. Bucket,7033,bleak-house
Don,Mr. Smallweed,7033,bleak-house
Mr.,Smallweed,7034,bleak-house
Smallweed,Mr.,7034,bleak-house
Mr. Bucket,Mr. Smallweed,7035,bleak-house
Mr. Smallweed,Mr. Bucket,7035,bleak-house
Mr.,Bucket,7037,bleak-house
Bucket,Mr.,7037,bleak-house
Chancery,Krook,7042,bleak-house
Krook,Chancery,7042,bleak-house
Mr.,Bucket,7044,bleak-house
Mr.,Mr. Smallweed,7044,bleak-house
Mr.,Mr. Bucket,7044,bleak-house
Bucket,Mr.,7044,bleak-house
Bucket,Mr. Smallweed,7044,bleak-house
Bucket,Mr. Bucket,7044,bleak-house
Mr. Smallweed,Mr.,7044,bleak-house
Mr. Smallweed,Bucket,7044,bleak-house
Mr. Smallweed,Mr. Bucket,7044,bleak-house
Mr. Bucket,Mr.,7044,bleak-house
Mr. Bucket,Bucket,7044,bleak-house
Mr. Bucket,Mr. Smallweed,7044,bleak-house
Mr. Smallweed,Mr. Bucket,7046,bleak-house
Mr. Bucket,Mr. Smallweed,7046,bleak-house
Mr. Bucket,Mr. Jarndyce,7047,bleak-house
Mr. Jarndyce,Mr. Bucket,7047,bleak-house
Mr. Bucket,Mr. Smallweed,7050,bleak-house
Mr. Bucket,Mr. Jarndyce,7050,bleak-house
Mr. Bucket,Mr. Smallweed,7050,bleak-house
Mr. Bucket,Mr. Jarndyce,7050,bleak-house
Mr. Smallweed,Mr. Bucket,7050,bleak-house
Mr. Smallweed,Mr. Jarndyce,7050,bleak-house
Mr. Smallweed,Mr. Bucket,7050,bleak-house
Mr. Smallweed,Mr. Jarndyce,7050,bleak-house
Mr. Jarndyce,Mr. Bucket,7050,bleak-house
Mr. Jarndyce,Mr. Smallweed,7050,bleak-house
Mr. Jarndyce,Mr. Bucket,7050,bleak-house
Mr. Jarndyce,Mr. Smallweed,7050,bleak-house
Mr. Bucket,Mr. Smallweed,7050,bleak-house
Mr. Bucket,Mr. Jarndyce,7050,bleak-house
Mr. Bucket,Mr. Smallweed,7050,bleak-house
Mr. Bucket,Mr. Jarndyce,7050,bleak-house
Mr. Smallweed,Mr. Bucket,7050,bleak-house
Mr. Smallweed,Mr. Jarndyce,7050,bleak-house
Mr. Smallweed,Mr. Bucket,7050,bleak-house
Mr. Smallweed,Mr. Jarndyce,7050,bleak-house
Mr. Jarndyce,Mr. Bucket,7050,bleak-house
Mr. Jarndyce,Mr. Smallweed,7050,bleak-house
Mr. Jarndyce,Mr. Bucket,7050,bleak-house
Mr. Jarndyce,Mr. Smallweed,7050,bleak-house
Mr. Bucket,Mr. Smallweed,7052,bleak-house
Mr. Bucket,Don,7052,bleak-house
Mr. Smallweed,Mr. Bucket,7052,bleak-house
Mr. Smallweed,Don,7052,bleak-house
Don,Mr. Bucket,7052,bleak-house
Don,Mr. Smallweed,7052,bleak-house
Mr. Bucket,Miss Summerson,7053,bleak-house
Miss Summerson,Mr. Bucket,7053,bleak-house
Jarndyce,Mr. Bucket,7054,bleak-house
Mr. Bucket,Jarndyce,7054,bleak-house
Lincoln,Inn,7056,bleak-house
Lincoln,Mr. Kenge,7056,bleak-house
Lincoln,Mr. Guppy,7056,bleak-house
Lincoln,Mr. Kenge,7056,bleak-house
Lincoln,Mr. Jarndyce,7056,bleak-house
Inn,Lincoln,7056,bleak-house
Inn,Mr. Kenge,7056,bleak-house
Inn,Mr. Guppy,7056,bleak-house
Inn,Mr. Kenge,7056,bleak-house
Inn,Mr. Jarndyce,7056,bleak-house
Mr. Kenge,Lincoln,7056,bleak-house
Mr. Kenge,Inn,7056,bleak-house
Mr. Kenge,Mr. Guppy,7056,bleak-house
Mr. Kenge,Mr. Jarndyce,7056,bleak-house
Mr. Guppy,Lincoln,7056,bleak-house
Mr. Guppy,Inn,7056,bleak-house
Mr. Guppy,Mr. Kenge,7056,bleak-house
Mr. Guppy,Mr. Kenge,7056,bleak-house
Mr. Guppy,Mr. Jarndyce,7056,bleak-house
Mr. Kenge,Lincoln,7056,bleak-house
Mr. Kenge,Inn,7056,bleak-house
Mr. Kenge,Mr. Guppy,7056,bleak-house
Mr. Kenge,Mr. Jarndyce,7056,bleak-house
Mr. Jarndyce,Lincoln,7056,bleak-house
Mr. Jarndyce,Inn,7056,bleak-house
Mr. Jarndyce,Mr. Kenge,7056,bleak-house
Mr. Jarndyce,Mr. Guppy,7056,bleak-house
Mr. Jarndyce,Mr. Kenge,7056,bleak-house
Mr. Kenge,Mr. Jarndyce,7057,bleak-house
Mr. Jarndyce,Mr. Kenge,7057,bleak-house
Miss Summerson,Mr. Kenge,7058,bleak-house
Mr. Kenge,Miss Summerson,7058,bleak-house
Guppy,Mr. Kenge,7067,bleak-house
Guppy,Mr. Jarndyce,7067,bleak-house
Mr. Kenge,Guppy,7067,bleak-house
Mr. Kenge,Mr. Jarndyce,7067,bleak-house
Mr. Jarndyce,Guppy,7067,bleak-house
Mr. Jarndyce,Mr. Kenge,7067,bleak-house
Vholes,Symond,7069,bleak-house
Vholes,Jarndyce,7069,bleak-house
Vholes,Glad,7069,bleak-house
Symond,Vholes,7069,bleak-house
Symond,Jarndyce,7069,bleak-house
Symond,Glad,7069,bleak-house
Jarndyce,Vholes,7069,bleak-house
Jarndyce,Symond,7069,bleak-house
Jarndyce,Glad,7069,bleak-house
Glad,Vholes,7069,bleak-house
Glad,Symond,7069,bleak-house
Glad,Jarndyce,7069,bleak-house
Mr.,Guppy,7070,bleak-house
Guppy,Mr.,7070,bleak-house
Mr. Jarndyce,Mr. Kenge,7071,bleak-house
Mr. Jarndyce,Mr. Richard Carstone,7071,bleak-house
Mr. Jarndyce,Richard Carstone,7071,bleak-house
Mr. Kenge,Mr. Jarndyce,7071,bleak-house
Mr. Kenge,Mr. Richard Carstone,7071,bleak-house
Mr. Kenge,Richard Carstone,7071,bleak-house
Mr. Richard Carstone,Mr. Jarndyce,7071,bleak-house
Mr. Richard Carstone,Mr. Kenge,7071,bleak-house
Mr. Richard Carstone,Richard Carstone,7071,bleak-house
Richard Carstone,Mr. Jarndyce,7071,bleak-house
Richard Carstone,Mr. Kenge,7071,bleak-house
Richard Carstone,Mr. Richard Carstone,7071,bleak-house
Kenge,Jarndyce,7072,bleak-house
Jarndyce,Kenge,7072,bleak-house
Mr. Vholes,Mr. Kenge,7074,bleak-house
Mr. Kenge,Mr. Vholes,7074,bleak-house
Mr.,Vholes,7076,bleak-house
Mr.,Mr. Kenge,7076,bleak-house
Mr.,Mr. Kenge,7076,bleak-house
Mr.,Mr. Kenge,7076,bleak-house
Mr.,Mr. Kenge,7076,bleak-house
Vholes,Mr.,7076,bleak-house
Vholes,Mr. Kenge,7076,bleak-house
Vholes,Mr. Kenge,7076,bleak-house
Vholes,Mr. Kenge,7076,bleak-house
Vholes,Mr. Kenge,7076,bleak-house
Mr. Kenge,Mr.,7076,bleak-house
Mr. Kenge,Vholes,7076,bleak-house
Mr. Kenge,Mr.,7076,bleak-house
Mr. Kenge,Vholes,7076,bleak-house
Mr. Kenge,Mr.,7076,bleak-house
Mr. Kenge,Vholes,7076,bleak-house
Mr. Kenge,Mr.,7076,bleak-house
Mr. Kenge,Vholes,7076,bleak-house
Mr. Vholes,Mr. Kenge,7077,bleak-house
Mr. Kenge,Mr. Vholes,7077,bleak-house
Mr.,Vholes,7078,bleak-house
Vholes,Mr.,7078,bleak-house
Mr. Vholes,Mr. Kenge,7079,bleak-house
Mr. Kenge,Mr. Vholes,7079,bleak-house
Mr. Vholes,Mr. Kenge,7081,bleak-house
Mr. Kenge,Mr. Vholes,7081,bleak-house
Mr.,Vholes,7082,bleak-house
Vholes,Mr.,7082,bleak-house
Mr. Kenge,Mr. Vholes,7083,bleak-house
Mr. Vholes,Mr. Kenge,7083,bleak-house
Mr. Jarndyce,Mr. Kenge,7084,bleak-house
Mr. Kenge,Mr. Jarndyce,7084,bleak-house
Mr. Kenge,Mr. Jarndyce,7086,bleak-house
Mr. Kenge,Mr. Jarndyce,7086,bleak-house
Mr. Kenge,Mr. Jarndyce,7086,bleak-house
Mr. Jarndyce,Mr. Kenge,7086,bleak-house
Mr. Jarndyce,Mr. Kenge,7086,bleak-house
Mr. Jarndyce,Mr. Kenge,7086,bleak-house
Steel,Iron,7090,bleak-house
Iron,Steel,7090,bleak-house
George,Gallery,7091,bleak-house
George,Sir Leicester,7091,bleak-house
Gallery,George,7091,bleak-house
Gallery,George,7091,bleak-house
Gallery,Sir Leicester,7091,bleak-house
Gallery,George,7091,bleak-house
George,Gallery,7091,bleak-house
George,Sir Leicester,7091,bleak-house
Sir Leicester,George,7091,bleak-house
Sir Leicester,Gallery,7091,bleak-house
Sir Leicester,George,7091,bleak-house
Sir Leicester,George,7091,bleak-house
George,Gallery,7091,bleak-house
George,Sir Leicester,7091,bleak-house
George,Watt,7119,bleak-house
Watt,George,7119,bleak-house
Mr.,George,7120,bleak-house
Mr.,Mr. George,7120,bleak-house
Mr.,Mr. George,7120,bleak-house
Mr.,Mr. George,7120,bleak-house
George,Mr.,7120,bleak-house
George,Mr. George,7120,bleak-house
George,Mr. George,7120,bleak-house
George,Mr. George,7120,bleak-house
Mr. George,Mr.,7120,bleak-house
Mr. George,George,7120,bleak-house
Mr. George,Mr.,7120,bleak-house
Mr. George,George,7120,bleak-house
Mr. George,Mr.,7120,bleak-house
Mr. George,George,7120,bleak-house
Brother,How,7122,bleak-house
How,Brother,7122,bleak-house
George,Dedlock,7141,bleak-house
Dedlock,George,7141,bleak-house
Miss,Esther Summerson,7146,bleak-house
Esther Summerson,Miss,7146,bleak-house
Mr. George,Chesney Wold,7156,bleak-house
Chesney Wold,Mr. George,7156,bleak-house
Esther,Narrative,7159,bleak-house
Narrative,Esther,7159,bleak-house
Which,Richard,7164,bleak-house
Which,Ada,7164,bleak-house
Richard,Which,7164,bleak-house
Richard,Ada,7164,bleak-house
Ada,Which,7164,bleak-house
Ada,Richard,7164,bleak-house
Tut,Dame Durden,7172,bleak-house
Dame Durden,Tut,7172,bleak-house
Lie,Rest,7191,bleak-house
Rest,Lie,7191,bleak-house
Hush,Don,7195,bleak-house
Hush,Dame Trot,7195,bleak-house
Hush,Dame Durden,7195,bleak-house
Don,Hush,7195,bleak-house
Don,Dame Trot,7195,bleak-house
Don,Dame Durden,7195,bleak-house
Dame Trot,Hush,7195,bleak-house
Dame Trot,Don,7195,bleak-house
Dame Trot,Dame Durden,7195,bleak-house
Dame Durden,Hush,7195,bleak-house
Dame Durden,Don,7195,bleak-house
Dame Durden,Dame Trot,7195,bleak-house
Allan Woodcourt,Bleak House,7197,bleak-house
Allan Woodcourt,Bleak House,7197,bleak-house
Bleak House,Allan Woodcourt,7197,bleak-house
Bleak House,Allan Woodcourt,7197,bleak-house
Richard,Ada,7202,bleak-house
Ada,Richard,7202,bleak-house
Allan,Richard,7203,bleak-house
Richard,Allan,7203,bleak-house
Mr. Guppy,Mr. Weevle,7208,bleak-house
Mr. Weevle,Mr. Guppy,7208,bleak-house
Tony,Mr. Guppy,7210,bleak-house
Mr. Guppy,Tony,7210,bleak-house
Mr. Jarndyce,Mr. Guppy,7212,bleak-house
Mr. Jarndyce,Mr. Jobling,7212,bleak-house
Mr. Jarndyce,Miss Summerson,7212,bleak-house
Mr. Jarndyce,Miss Summerson,7212,bleak-house
Mr. Guppy,Mr. Jarndyce,7212,bleak-house
Mr. Guppy,Mr. Jobling,7212,bleak-house
Mr. Guppy,Miss Summerson,7212,bleak-house
Mr. Guppy,Miss Summerson,7212,bleak-house
Mr. Jobling,Mr. Jarndyce,7212,bleak-house
Mr. Jobling,Mr. Guppy,7212,bleak-house
Mr. Jobling,Miss Summerson,7212,bleak-house
Mr. Jobling,Miss Summerson,7212,bleak-house
Miss Summerson,Mr. Jarndyce,7212,bleak-house
Miss Summerson,Mr. Guppy,7212,bleak-house
Miss Summerson,Mr. Jobling,7212,bleak-house
Miss Summerson,Mr. Jarndyce,7212,bleak-house
Miss Summerson,Mr. Guppy,7212,bleak-house
Miss Summerson,Mr. Jobling,7212,bleak-house
Mr. Guppy,Sir,7214,bleak-house
Mr. Guppy,Carboy,7214,bleak-house
Sir,Mr. Guppy,7214,bleak-house
Sir,Carboy,7214,bleak-house
Carboy,Mr. Guppy,7214,bleak-house
Carboy,Sir,7214,bleak-house
Mr.,Guppy,7216,bleak-house
Guppy,Mr.,7216,bleak-house
Mr. Guppy,Walcot Square,7219,bleak-house
Mr. Guppy,Lambeth,7219,bleak-house
Walcot Square,Mr. Guppy,7219,bleak-house
Walcot Square,Lambeth,7219,bleak-house
Lambeth,Mr. Guppy,7219,bleak-house
Lambeth,Walcot Square,7219,bleak-house
Mr.,Jobling,7224,bleak-house
Jobling,Mr.,7224,bleak-house
Mr. Guppy,Miss Summerson,7225,bleak-house
Miss Summerson,Mr. Guppy,7225,bleak-house
Mr. Guppy,Miss Summerson,7227,bleak-house
Miss Summerson,Mr. Guppy,7227,bleak-house
Mr. Guppy,Miss Summerson,7229,bleak-house
Mr. Guppy,Miss Summerson,7229,bleak-house
Mr. Guppy,Miss Summerson,7229,bleak-house
Miss Summerson,Mr. Guppy,7229,bleak-house
Miss Summerson,Mr. Guppy,7229,bleak-house
Miss Summerson,Mr. Guppy,7229,bleak-house
Mr. Guppy,Miss Summerson,7231,bleak-house
Miss Summerson,Mr. Guppy,7231,bleak-house
Mr.,Guppy,7235,bleak-house
Guppy,Mr.,7235,bleak-house
Mr. Guppy,Mr. Jobling,7244,bleak-house
Mr. Jobling,Mr. Guppy,7244,bleak-house
Mr. Jobling,Mr. Guppy,7244,bleak-house
Mr. Guppy,Mr. Jobling,7244,bleak-house
Mr. Kenge,Allan,7248,bleak-house
Mr. Kenge,Richard,7248,bleak-house
Allan,Mr. Kenge,7248,bleak-house
Allan,Richard,7248,bleak-house
Richard,Mr. Kenge,7248,bleak-house
Richard,Allan,7248,bleak-house
Richard,Ada,7250,bleak-house
Richard,Caddy Jellyby,7250,bleak-house
Richard,Allan,7250,bleak-house
Richard,Caddy,7250,bleak-house
Ada,Richard,7250,bleak-house
Ada,Caddy Jellyby,7250,bleak-house
Ada,Allan,7250,bleak-house
Ada,Caddy,7250,bleak-house
Caddy Jellyby,Richard,7250,bleak-house
Caddy Jellyby,Ada,7250,bleak-house
Caddy Jellyby,Allan,7250,bleak-house
Caddy Jellyby,Caddy,7250,bleak-house
Allan,Richard,7250,bleak-house
Allan,Ada,7250,bleak-house
Allan,Caddy Jellyby,7250,bleak-house
Allan,Caddy,7250,bleak-house
Caddy,Richard,7250,bleak-house
Caddy,Ada,7250,bleak-house
Caddy,Caddy Jellyby,7250,bleak-house
Caddy,Allan,7250,bleak-house
Richard,Ada,7254,bleak-house
Ada,Richard,7254,bleak-house
Mr. Kenge,Mr. Vholes,7256,bleak-house
Mr. Kenge,Mr. Vholes,7256,bleak-house
Mr. Kenge,Miss Summerson,7256,bleak-house
Mr. Kenge,Mr. Woodcourt,7256,bleak-house
Mr. Vholes,Mr. Kenge,7256,bleak-house
Mr. Vholes,Miss Summerson,7256,bleak-house
Mr. Vholes,Mr. Woodcourt,7256,bleak-house
Mr. Vholes,Mr. Kenge,7256,bleak-house
Mr. Vholes,Miss Summerson,7256,bleak-house
Mr. Vholes,Mr. Woodcourt,7256,bleak-house
Miss Summerson,Mr. Kenge,7256,bleak-house
Miss Summerson,Mr. Vholes,7256,bleak-house
Miss Summerson,Mr. Vholes,7256,bleak-house
Miss Summerson,Mr. Woodcourt,7256,bleak-house
Mr. Woodcourt,Mr. Kenge,7256,bleak-house
Mr. Woodcourt,Mr. Vholes,7256,bleak-house
Mr. Woodcourt,Mr. Vholes,7256,bleak-house
Mr. Woodcourt,Miss Summerson,7256,bleak-house
Mr. Kenge,Mr. Jarndyce,7257,bleak-house
Mr. Jarndyce,Mr. Kenge,7257,bleak-house
Really,Mr. Kenge,7259,bleak-house
Mr. Kenge,Really,7259,bleak-house
Mr. Woodcourt,Mr. Kenge,7267,bleak-house
Mr. Woodcourt,Jarndyce,7267,bleak-house
Mr. Woodcourt,Jarndyce,7267,bleak-house
Mr. Kenge,Mr. Woodcourt,7267,bleak-house
Mr. Kenge,Jarndyce,7267,bleak-house
Mr. Kenge,Jarndyce,7267,bleak-house
Jarndyce,Mr. Woodcourt,7267,bleak-house
Jarndyce,Mr. Kenge,7267,bleak-house
Jarndyce,Mr. Woodcourt,7267,bleak-house
Jarndyce,Mr. Kenge,7267,bleak-house
Mr. Kenge,Mr. Woodcourt,7269,bleak-house
Mr. Kenge,Mr. Woodcourt,7269,bleak-house
Mr. Kenge,Jarndyce,7269,bleak-house
Mr. Woodcourt,Mr. Kenge,7269,bleak-house
Mr. Woodcourt,Jarndyce,7269,bleak-house
Mr. Woodcourt,Mr. Kenge,7269,bleak-house
Mr. Woodcourt,Jarndyce,7269,bleak-house
Jarndyce,Mr. Kenge,7269,bleak-house
Jarndyce,Mr. Woodcourt,7269,bleak-house
Jarndyce,Mr. Woodcourt,7269,bleak-house
Kenge,Allan,7270,bleak-house
Allan,Kenge,7270,bleak-house
Hem,Mr. Kenge,7271,bleak-house
Hem,Vholes,7271,bleak-house
Mr. Kenge,Hem,7271,bleak-house
Mr. Kenge,Vholes,7271,bleak-house
Vholes,Hem,7271,bleak-house
Vholes,Mr. Kenge,7271,bleak-house
Mr. Kenge,Vholes,7274,bleak-house
Vholes,Mr. Kenge,7274,bleak-house
Allan,Richard,7276,bleak-house
Richard,Allan,7276,bleak-house
Mr. C.,Mr. Vholes,7278,bleak-house
Mr. C.,Miss,7278,bleak-house
Mr. C.,Mr. Kenge,7278,bleak-house
Mr. Vholes,Mr. C.,7278,bleak-house
Mr. Vholes,Miss,7278,bleak-house
Mr. Vholes,Mr. Kenge,7278,bleak-house
Miss,Mr. C.,7278,bleak-house
Miss,Mr. Vholes,7278,bleak-house
Miss,Mr. Kenge,7278,bleak-house
Mr. Kenge,Mr. C.,7278,bleak-house
Mr. Kenge,Mr. Vholes,7278,bleak-house
Mr. Kenge,Miss,7278,bleak-house
Allan,Ada,7279,bleak-house
Ada,Allan,7279,bleak-house
Symond,Richard,7281,bleak-house
Symond,Allan,7281,bleak-house
Symond,Allan,7281,bleak-house
Richard,Symond,7281,bleak-house
Richard,Allan,7281,bleak-house
Richard,Allan,7281,bleak-house
Allan,Symond,7281,bleak-house
Allan,Richard,7281,bleak-house
Allan,Symond,7281,bleak-house
Allan,Richard,7281,bleak-house
Ada,Richard,7285,bleak-house
Richard,Ada,7285,bleak-house
Ada,Woodcourt,7286,bleak-house
Woodcourt,Ada,7286,bleak-house
Dame Durden,Richard,7287,bleak-house
Richard,Dame Durden,7287,bleak-house
Allan,Richard,7288,bleak-house
Allan,Richard,7288,bleak-house
Allan,Richard,7288,bleak-house
Richard,Allan,7288,bleak-house
Richard,Allan,7288,bleak-house
Richard,Allan,7288,bleak-house
Richard,Durden,7295,bleak-house
Richard,Woodcourt,7295,bleak-house
Durden,Richard,7295,bleak-house
Durden,Woodcourt,7295,bleak-house
Woodcourt,Richard,7295,bleak-house
Woodcourt,Durden,7295,bleak-house
Bleak House,Richard,7300,bleak-house
Richard,Bleak House,7300,bleak-house
Richard,Bleak House,7302,bleak-house
Bleak House,Richard,7302,bleak-house
Rick,Ada,7303,bleak-house
Ada,Rick,7303,bleak-house
Ada,Richard,7310,bleak-house
Richard,Ada,7310,bleak-house
Chesney Wold,Sir Leicester,7320,bleak-house
Chesney Wold,Lady Dedlock,7320,bleak-house
Sir Leicester,Chesney Wold,7320,bleak-house
Sir Leicester,Lady Dedlock,7320,bleak-house
Lady Dedlock,Chesney Wold,7320,bleak-house
Lady Dedlock,Sir Leicester,7320,bleak-house
Sir Leicester—invalided,Sir Leicester,7321,bleak-house
Sir Leicester—invalided,Sir Leicester,7321,bleak-house
Sir Leicester,Sir Leicester—invalided,7321,bleak-house
Sir Leicester,Sir Leicester—invalided,7321,bleak-house
Sir Leicester,Mr. Boythorn,7322,bleak-house
Sir Leicester,Mr. Boythorn,7322,bleak-house
Sir Leicester,Mr. Boythorn,7322,bleak-house
Mr. Boythorn,Sir Leicester,7322,bleak-house
Mr. Boythorn,Sir Leicester,7322,bleak-house
Mr. Boythorn,Sir Leicester,7322,bleak-house
Mr. Boythorn,Sir Leicester,7322,bleak-house
Mr. Boythorn,Sir Leicester,7322,bleak-house
Sir Leicester,Mr. Boythorn,7322,bleak-house
Sir Leicester,Mr. Boythorn,7322,bleak-house
Sir Leicester,Mr. Boythorn,7322,bleak-house
Sir Leicester,Mr. Boythorn,7322,bleak-house
Sir Leicester,Mr. Boythorn,7322,bleak-house
Sir Leicester,Mr. Boythorn,7322,bleak-house
Mr. Boythorn,Sir Leicester,7322,bleak-house
Mr. Boythorn,Sir Leicester,7322,bleak-house
Mr. Boythorn,Sir Leicester,7322,bleak-house
Mr. Boythorn,Sir Leicester,7322,bleak-house
Mr. Boythorn,Sir Leicester,7322,bleak-house
Mr. Boythorn,Sir Leicester,7322,bleak-house
Mr. Boythorn,Sir Leicester,7322,bleak-house
Mr. Boythorn,Sir Leicester,7322,bleak-house
Mr. Boythorn,Sir Leicester,7322,bleak-house
Mr. Boythorn,Sir Leicester,7322,bleak-house
Sir Leicester,Mr. Boythorn,7322,bleak-house
Sir Leicester,Mr. Boythorn,7322,bleak-house
Sir Leicester,Mr. Boythorn,7322,bleak-house
Sir Leicester,Mr. Boythorn,7322,bleak-house
Sir Leicester,Mr. Boythorn,7322,bleak-house
Sir Leicester,Mr. Boythorn,7322,bleak-house
Sir Leicester,Chesney Wold,7324,bleak-house
Sir Leicester,Discipline,7324,bleak-house
Chesney Wold,Sir Leicester,7324,bleak-house
Chesney Wold,Discipline,7324,bleak-house
Discipline,Sir Leicester,7324,bleak-house
Discipline,Chesney Wold,7324,bleak-house
Sir Leicester,Buffy,7326,bleak-house
Sir Leicester,Boredom,7326,bleak-house
Buffy,Sir Leicester,7326,bleak-house
Buffy,Sir Leicester,7326,bleak-house
Buffy,Boredom,7326,bleak-house
Sir Leicester,Buffy,7326,bleak-house
Sir Leicester,Boredom,7326,bleak-house
Boredom,Sir Leicester,7326,bleak-house
Boredom,Buffy,7326,bleak-house
Boredom,Sir Leicester,7326,bleak-house
Esther,Narrative,7333,bleak-house
Narrative,Esther,7333,bleak-house
Ada,John.,7340,bleak-house
John.,Ada,7340,bleak-house
Charley,Tom,7341,bleak-house
Charley,Tom,7341,bleak-house
Charley,Tom,7341,bleak-house
Charley,Tom,7341,bleak-house
Tom,Charley,7341,bleak-house
Tom,Charley,7341,bleak-house
Tom,Charley,7341,bleak-house
Tom,Charley,7341,bleak-house
Tom,Charley,7341,bleak-house
Charley,Tom,7341,bleak-house
Caddy,Jellyby,7342,bleak-house
Caddy,Mr. Jellyby,7342,bleak-house
Caddy,Jellyby,7342,bleak-house
Jellyby,Caddy,7342,bleak-house
Jellyby,Caddy,7342,bleak-house
Jellyby,Mr. Jellyby,7342,bleak-house
Jellyby,Caddy,7342,bleak-house
Jellyby,Caddy,7342,bleak-house
Jellyby,Caddy,7342,bleak-house
Caddy,Jellyby,7342,bleak-house
Caddy,Mr. Jellyby,7342,bleak-house
Caddy,Jellyby,7342,bleak-house
Mr. Jellyby,Caddy,7342,bleak-house
Mr. Jellyby,Jellyby,7342,bleak-house
Mr. Jellyby,Caddy,7342,bleak-house
Mr. Jellyby,Jellyby,7342,bleak-house
Mr. Jellyby,Caddy,7342,bleak-house
Mr. Jellyby,Caddy,7342,bleak-house
Mr. Jellyby,Caddy,7342,bleak-house
Jellyby,Caddy,7342,bleak-house
Jellyby,Caddy,7342,bleak-house
Jellyby,Mr. Jellyby,7342,bleak-house
Jellyby,Caddy,7342,bleak-house
Jellyby,Caddy,7342,bleak-house
Jellyby,Caddy,7342,bleak-house
Caddy,Jellyby,7342,bleak-house
Caddy,Mr. Jellyby,7342,bleak-house
Caddy,Jellyby,7342,bleak-house
Caddy,Jellyby,7342,bleak-house
Caddy,Mr. Jellyby,7342,bleak-house
Caddy,Jellyby,7342,bleak-house
Caddy,Jellyby,7342,bleak-house
Caddy,Mr. Jellyby,7342,bleak-house
Caddy,Jellyby,7342,bleak-house
Caddy,Mr. Turveydrop,7343,bleak-house
Caddy,Peepy,7343,bleak-house
Caddy,Old Mr. Turveydrop,7343,bleak-house
Mr. Turveydrop,Caddy,7343,bleak-house
Mr. Turveydrop,Peepy,7343,bleak-house
Mr. Turveydrop,Old Mr. Turveydrop,7343,bleak-house
Peepy,Caddy,7343,bleak-house
Peepy,Mr. Turveydrop,7343,bleak-house
Peepy,Old Mr. Turveydrop,7343,bleak-house
Old Mr. Turveydrop,Caddy,7343,bleak-house
Old Mr. Turveydrop,Mr. Turveydrop,7343,bleak-house
Old Mr. Turveydrop,Peepy,7343,bleak-house
Richard,Ada,7345,bleak-house
Richard,Dame Trot,7345,bleak-house
Richard,Dame Durden,7345,bleak-house
Richard,Little,7345,bleak-house
Ada,Richard,7345,bleak-house
Ada,Dame Trot,7345,bleak-house
Ada,Dame Durden,7345,bleak-house
Ada,Little,7345,bleak-house
Dame Trot,Richard,7345,bleak-house
Dame Trot,Ada,7345,bleak-house
Dame Trot,Dame Durden,7345,bleak-house
Dame Trot,Little,7345,bleak-house
Dame Durden,Richard,7345,bleak-house
Dame Durden,Ada,7345,bleak-house
Dame Durden,Dame Trot,7345,bleak-house
Dame Durden,Little,7345,bleak-house
Little,Richard,7345,bleak-house
Little,Ada,7345,bleak-house
Little,Dame Trot,7345,bleak-house
Little,Dame Durden,7345,bleak-house
Richard,Allan,7351,bleak-house
Richard,Allan,7351,bleak-house
Allan,Richard,7351,bleak-house
Allan,Richard,7351,bleak-house
Project,Project Gutenberg,7365,bleak-house
Project,Project Gutenberg,7365,bleak-house
Project Gutenberg,Project,7365,bleak-house
Project Gutenberg,Project,7365,bleak-house
Project Gutenberg,Project,7372,bleak-house
Project Gutenberg,Project,7372,bleak-house
Project,Project Gutenberg,7372,bleak-house
Project,Project Gutenberg,7372,bleak-house
Project Gutenberg,Project,7373,bleak-house
Project,Project Gutenberg,7373,bleak-house
Vanilla ASCII,Project,7381,bleak-house
Vanilla ASCII,Plain Vanilla,7381,bleak-house
Project,Vanilla ASCII,7381,bleak-house
Project,Plain Vanilla,7381,bleak-house
Plain Vanilla,Vanilla ASCII,7381,bleak-house
Plain Vanilla,Project,7381,bleak-house
Project Gutenberg,Project,7387,bleak-house
Project,Project Gutenberg,7387,bleak-house
Salt Lake City,Email,7398,bleak-house
Email,Salt Lake City,7398,bleak-house
Michael S. Hart,Project,7406,bleak-house
Project,Michael S. Hart,7406,bleak-house
