Item1,Item2,Time,Book
Sir Hugh Evans,Anne Page,2,barnaby-rudge
Anne Page,Sir Hugh Evans,2,barnaby-rudge
Popery,Seventeen Hundred,6,barnaby-rudge
Seventeen Hundred,Popery,6,barnaby-rudge
Mary Jones,Sir Samuel Romilly,10,barnaby-rudge
Sir Samuel Romilly,Mary Jones,10,barnaby-rudge
Epping Forest,Maypoles,15,barnaby-rudge
Maypoles,Epping Forest,15,barnaby-rudge
Willet,John,31,barnaby-rudge
Willet,John,31,barnaby-rudge
John,Willet,31,barnaby-rudge
John,Willet,31,barnaby-rudge
Tom Cobb,Phil Parkes,32,barnaby-rudge
Phil Parkes,Tom Cobb,32,barnaby-rudge
Parkes,Tom,38,barnaby-rudge
Tom,Parkes,38,barnaby-rudge
Haredale,Geoffrey Haredale,47,barnaby-rudge
Geoffrey Haredale,Haredale,47,barnaby-rudge
Joe Willet,Joe,59,barnaby-rudge
Joe,Joe Willet,59,barnaby-rudge
Joe,Willet,60,barnaby-rudge
Joe,John Willet,60,barnaby-rudge
Willet,Joe,60,barnaby-rudge
Willet,John Willet,60,barnaby-rudge
John Willet,Joe,60,barnaby-rudge
John Willet,Willet,60,barnaby-rudge
Joe,Long Parkes,66,barnaby-rudge
Long Parkes,Joe,66,barnaby-rudge
Joe,Parkes,75,barnaby-rudge
Parkes,Joe,75,barnaby-rudge
Phil,Natur,76,barnaby-rudge
Phil,Natur,76,barnaby-rudge
Natur,Phil,76,barnaby-rudge
Natur,Phil,76,barnaby-rudge
John Willet,Natur,79,barnaby-rudge
John Willet,John,79,barnaby-rudge
Natur,John Willet,79,barnaby-rudge
Natur,John,79,barnaby-rudge
John,John Willet,79,barnaby-rudge
John,Natur,79,barnaby-rudge
John Willet,John,80,barnaby-rudge
John,John Willet,80,barnaby-rudge
Miss Haredale,Geoffrey Haredale,88,barnaby-rudge
Geoffrey Haredale,Miss Haredale,88,barnaby-rudge
Parkes,John Willet,93,barnaby-rudge
John Willet,Parkes,93,barnaby-rudge
Reuben Haredale,Geoffrey,100,barnaby-rudge
Geoffrey,Reuben Haredale,100,barnaby-rudge
Reuben Haredale,Geoffrey,106,barnaby-rudge
Reuben Haredale,Joe,106,barnaby-rudge
Reuben Haredale,Joe,106,barnaby-rudge
Geoffrey,Reuben Haredale,106,barnaby-rudge
Geoffrey,Joe,106,barnaby-rudge
Geoffrey,Joe,106,barnaby-rudge
Joe,Reuben Haredale,106,barnaby-rudge
Joe,Geoffrey,106,barnaby-rudge
Joe,Reuben Haredale,106,barnaby-rudge
Joe,Geoffrey,106,barnaby-rudge
Solomon,Joe,113,barnaby-rudge
Solomon,Joe,113,barnaby-rudge
Joe,Solomon,113,barnaby-rudge
Joe,Solomon,113,barnaby-rudge
John Willet,Joe,129,barnaby-rudge
Joe,John Willet,129,barnaby-rudge
John,Willet,134,barnaby-rudge
John,Joe,134,barnaby-rudge
Willet,John,134,barnaby-rudge
Willet,Joe,134,barnaby-rudge
Joe,John,134,barnaby-rudge
Joe,Willet,134,barnaby-rudge
Gabriel,Varden,187,barnaby-rudge
Varden,Gabriel,187,barnaby-rudge
Joe,Gabriel,192,barnaby-rudge
Gabriel,Joe,192,barnaby-rudge
Solomon,Gabriel,198,barnaby-rudge
Gabriel,Solomon,198,barnaby-rudge
John,Willet,209,barnaby-rudge
Willet,John,209,barnaby-rudge
John Willet,Joe,210,barnaby-rudge
John Willet,Joe,210,barnaby-rudge
John Willet,Joe,210,barnaby-rudge
Joe,John Willet,210,barnaby-rudge
Joe,John Willet,210,barnaby-rudge
Joe,John Willet,210,barnaby-rudge
Joe,John Willet,210,barnaby-rudge
John Willet,Joe,210,barnaby-rudge
John Willet,Joe,210,barnaby-rudge
John Willet,Joe,210,barnaby-rudge
Joe,John Willet,210,barnaby-rudge
Joe,John Willet,210,barnaby-rudge
Joe,Gabriel,212,barnaby-rudge
Gabriel,Joe,212,barnaby-rudge
Gabriel,Varden,227,barnaby-rudge
Varden,Gabriel,227,barnaby-rudge
Thoroughly,Gabriel,231,barnaby-rudge
Gabriel,Thoroughly,231,barnaby-rudge
Barnaby,Varden,235,barnaby-rudge
Varden,Barnaby,235,barnaby-rudge
Varden,Barnaby,256,barnaby-rudge
Varden,Gabriel,256,barnaby-rudge
Varden,Mrs Varden,256,barnaby-rudge
Barnaby,Varden,256,barnaby-rudge
Barnaby,Gabriel,256,barnaby-rudge
Barnaby,Mrs Varden,256,barnaby-rudge
Gabriel,Varden,256,barnaby-rudge
Gabriel,Barnaby,256,barnaby-rudge
Gabriel,Mrs Varden,256,barnaby-rudge
Mrs Varden,Varden,256,barnaby-rudge
Mrs Varden,Barnaby,256,barnaby-rudge
Mrs Varden,Gabriel,256,barnaby-rudge
Simon,Gabriel,271,barnaby-rudge
Simon,Sim,271,barnaby-rudge
Gabriel,Simon,271,barnaby-rudge
Gabriel,Sim,271,barnaby-rudge
Sim,Simon,271,barnaby-rudge
Sim,Gabriel,271,barnaby-rudge
Gabriel,Delight,275,barnaby-rudge
Gabriel,Warbler,275,barnaby-rudge
Delight,Gabriel,275,barnaby-rudge
Delight,Warbler,275,barnaby-rudge
Warbler,Gabriel,275,barnaby-rudge
Warbler,Delight,275,barnaby-rudge
Sim Tappertit,George Barnwell,279,barnaby-rudge
George Barnwell,Sim Tappertit,279,barnaby-rudge
Gabriel,Sim,282,barnaby-rudge
Sim,Gabriel,282,barnaby-rudge
Emma,Mrs Rudge,290,barnaby-rudge
Mrs Rudge,Emma,290,barnaby-rudge
Sim Tappertit,Gabriel,297,barnaby-rudge
Gabriel,Sim Tappertit,297,barnaby-rudge
Gabriel,Joe Willet,302,barnaby-rudge
Gabriel,John,302,barnaby-rudge
Gabriel,Joe,302,barnaby-rudge
Gabriel,Doll,302,barnaby-rudge
Joe Willet,Gabriel,302,barnaby-rudge
Joe Willet,John,302,barnaby-rudge
Joe Willet,Joe,302,barnaby-rudge
Joe Willet,Doll,302,barnaby-rudge
John,Gabriel,302,barnaby-rudge
John,Joe Willet,302,barnaby-rudge
John,Joe,302,barnaby-rudge
John,Doll,302,barnaby-rudge
Joe,Gabriel,302,barnaby-rudge
Joe,Joe Willet,302,barnaby-rudge
Joe,John,302,barnaby-rudge
Joe,Doll,302,barnaby-rudge
Doll,Gabriel,302,barnaby-rudge
Doll,Joe Willet,302,barnaby-rudge
Doll,John,302,barnaby-rudge
Doll,Joe,302,barnaby-rudge
Dolly,Gabriel,309,barnaby-rudge
Dolly,Sim,309,barnaby-rudge
Gabriel,Dolly,309,barnaby-rudge
Gabriel,Sim,309,barnaby-rudge
Sim,Dolly,309,barnaby-rudge
Sim,Gabriel,309,barnaby-rudge
Time,Barnaby,324,barnaby-rudge
Barnaby,Time,324,barnaby-rudge
Gabriel,John,382,barnaby-rudge
John,Gabriel,382,barnaby-rudge
Barnaby,Varden,403,barnaby-rudge
Varden,Barnaby,403,barnaby-rudge
Barnaby,Varden,406,barnaby-rudge
Varden,Barnaby,406,barnaby-rudge
Edward,Barnaby,412,barnaby-rudge
Barnaby,Edward,412,barnaby-rudge
Gabriel,Barnaby,420,barnaby-rudge
Barnaby,Gabriel,420,barnaby-rudge
Barnaby,Gabriel,421,barnaby-rudge
Gabriel,Barnaby,421,barnaby-rudge
Gabriel,Barnaby,421,barnaby-rudge
Barnaby,Gabriel,421,barnaby-rudge
Barnaby,Grip,436,barnaby-rudge
Grip,Barnaby,436,barnaby-rudge
Varden,Mrs Varden,453,barnaby-rudge
Varden,Mrs Varden,453,barnaby-rudge
Varden,Macbeth,453,barnaby-rudge
Mrs Varden,Varden,453,barnaby-rudge
Mrs Varden,Macbeth,453,barnaby-rudge
Mrs Varden,Varden,453,barnaby-rudge
Mrs Varden,Macbeth,453,barnaby-rudge
Macbeth,Varden,453,barnaby-rudge
Macbeth,Mrs Varden,453,barnaby-rudge
Macbeth,Mrs Varden,453,barnaby-rudge
Varden,Miggs,455,barnaby-rudge
Varden,Miggs,455,barnaby-rudge
Varden,Miggs,455,barnaby-rudge
Varden,Sim Tappertit,455,barnaby-rudge
Miggs,Varden,455,barnaby-rudge
Miggs,Sim Tappertit,455,barnaby-rudge
Miggs,Varden,455,barnaby-rudge
Miggs,Sim Tappertit,455,barnaby-rudge
Miggs,Varden,455,barnaby-rudge
Miggs,Sim Tappertit,455,barnaby-rudge
Sim Tappertit,Varden,455,barnaby-rudge
Sim Tappertit,Miggs,455,barnaby-rudge
Sim Tappertit,Miggs,455,barnaby-rudge
Sim Tappertit,Miggs,455,barnaby-rudge
Miggs,Gabriel,459,barnaby-rudge
Gabriel,Miggs,459,barnaby-rudge
Miggs,Master,460,barnaby-rudge
Master,Miggs,460,barnaby-rudge
Master,Miggs,460,barnaby-rudge
Miggs,Master,460,barnaby-rudge
Martha,Gabriel,469,barnaby-rudge
Gabriel,Martha,469,barnaby-rudge
Mrs Varden,Dolly,474,barnaby-rudge
Dolly,Mrs Varden,474,barnaby-rudge
Poor,Gabriel,476,barnaby-rudge
Gabriel,Poor,476,barnaby-rudge
Gabriel,Miggs,492,barnaby-rudge
Gabriel,Miggs,492,barnaby-rudge
Miggs,Gabriel,492,barnaby-rudge
Miggs,Gabriel,492,barnaby-rudge
Stagg,Death,526,barnaby-rudge
Stagg,Drink,526,barnaby-rudge
Death,Stagg,526,barnaby-rudge
Death,Drink,526,barnaby-rudge
Drink,Stagg,526,barnaby-rudge
Drink,Death,526,barnaby-rudge
Tappertit,Stagg,527,barnaby-rudge
Stagg,Tappertit,527,barnaby-rudge
Gilbert,Bound,541,barnaby-rudge
Gilbert,Thomas Curzon,541,barnaby-rudge
Gilbert,Golden Fleece,541,barnaby-rudge
Gilbert,Curzon,541,barnaby-rudge
Gilbert,Curzon,541,barnaby-rudge
Gilbert,Curzon,541,barnaby-rudge
Bound,Gilbert,541,barnaby-rudge
Bound,Thomas Curzon,541,barnaby-rudge
Bound,Golden Fleece,541,barnaby-rudge
Bound,Curzon,541,barnaby-rudge
Bound,Curzon,541,barnaby-rudge
Bound,Curzon,541,barnaby-rudge
Thomas Curzon,Gilbert,541,barnaby-rudge
Thomas Curzon,Bound,541,barnaby-rudge
Thomas Curzon,Golden Fleece,541,barnaby-rudge
Thomas Curzon,Curzon,541,barnaby-rudge
Thomas Curzon,Curzon,541,barnaby-rudge
Thomas Curzon,Curzon,541,barnaby-rudge
Golden Fleece,Gilbert,541,barnaby-rudge
Golden Fleece,Bound,541,barnaby-rudge
Golden Fleece,Thomas Curzon,541,barnaby-rudge
Golden Fleece,Curzon,541,barnaby-rudge
Golden Fleece,Curzon,541,barnaby-rudge
Golden Fleece,Curzon,541,barnaby-rudge
Curzon,Gilbert,541,barnaby-rudge
Curzon,Bound,541,barnaby-rudge
Curzon,Thomas Curzon,541,barnaby-rudge
Curzon,Golden Fleece,541,barnaby-rudge
Curzon,Gilbert,541,barnaby-rudge
Curzon,Bound,541,barnaby-rudge
Curzon,Thomas Curzon,541,barnaby-rudge
Curzon,Golden Fleece,541,barnaby-rudge
Curzon,Gilbert,541,barnaby-rudge
Curzon,Bound,541,barnaby-rudge
Curzon,Thomas Curzon,541,barnaby-rudge
Curzon,Golden Fleece,541,barnaby-rudge
Temple Bar,Tappertit,553,barnaby-rudge
Tappertit,Temple Bar,553,barnaby-rudge
Joseph Willet,Joe,572,barnaby-rudge
Joseph Willet,Joseph,572,barnaby-rudge
Joe,Joseph Willet,572,barnaby-rudge
Joe,Joseph,572,barnaby-rudge
Joseph,Joseph Willet,572,barnaby-rudge
Joseph,Joe,572,barnaby-rudge
Chronicler,Miggs,579,barnaby-rudge
Miggs,Chronicler,579,barnaby-rudge
Miss,Miggs,583,barnaby-rudge
Miggs,Miss,583,barnaby-rudge
Miggs,Sim,587,barnaby-rudge
Miggs,Sim,587,barnaby-rudge
Sim,Miggs,587,barnaby-rudge
Sim,Miggs,587,barnaby-rudge
Miss,Miggs,590,barnaby-rudge
Miggs,Miss,590,barnaby-rudge
Miggs,Miss Dolly,591,barnaby-rudge
Miss Dolly,Miggs,591,barnaby-rudge
Miggs,Golden Lion Court,600,barnaby-rudge
Golden Lion Court,Miggs,600,barnaby-rudge
Sim,Miggs,615,barnaby-rudge
Sim,Miggs,615,barnaby-rudge
Miggs,Sim,615,barnaby-rudge
Miggs,Sim,615,barnaby-rudge
Miggs,Tappertit,616,barnaby-rudge
Tappertit,Miggs,616,barnaby-rudge
John,John Willet,621,barnaby-rudge
John Willet,John,621,barnaby-rudge
John,Hence John,622,barnaby-rudge
Hence John,John,622,barnaby-rudge
Joe,Hugh,648,barnaby-rudge
Joe,Barnaby,648,barnaby-rudge
Hugh,Joe,648,barnaby-rudge
Hugh,Barnaby,648,barnaby-rudge
Barnaby,Joe,648,barnaby-rudge
Barnaby,Hugh,648,barnaby-rudge
John,Barnaby,650,barnaby-rudge
Barnaby,John,650,barnaby-rudge
Mrs Rudge,Barnaby,659,barnaby-rudge
Mrs Rudge,John,659,barnaby-rudge
Barnaby,Mrs Rudge,659,barnaby-rudge
Barnaby,John,659,barnaby-rudge
John,Mrs Rudge,659,barnaby-rudge
John,Barnaby,659,barnaby-rudge
John,Barnaby,661,barnaby-rudge
Barnaby,John,661,barnaby-rudge
Barnaby,John,663,barnaby-rudge
John,Barnaby,663,barnaby-rudge
Haredale,Wait,667,barnaby-rudge
Wait,Haredale,667,barnaby-rudge
Barnaby,Willet,671,barnaby-rudge
Willet,Barnaby,671,barnaby-rudge
Old,John,672,barnaby-rudge
Old,Barnaby,672,barnaby-rudge
John,Old,672,barnaby-rudge
John,Barnaby,672,barnaby-rudge
Barnaby,Old,672,barnaby-rudge
Barnaby,John,672,barnaby-rudge
Chester,John,681,barnaby-rudge
Chester,John,681,barnaby-rudge
John,Chester,681,barnaby-rudge
John,Chester,681,barnaby-rudge
John Willet,John,682,barnaby-rudge
John Willet,Barnaby,682,barnaby-rudge
John,John Willet,682,barnaby-rudge
John,Barnaby,682,barnaby-rudge
Barnaby,John Willet,682,barnaby-rudge
Barnaby,John,682,barnaby-rudge
Barnaby,John Willet,683,barnaby-rudge
Barnaby,John Willet,683,barnaby-rudge
John Willet,Barnaby,683,barnaby-rudge
John Willet,Barnaby,683,barnaby-rudge
John,Barnaby,690,barnaby-rudge
Barnaby,John,690,barnaby-rudge
Barnaby,Grip,697,barnaby-rudge
Grip,Barnaby,697,barnaby-rudge
Barnaby,Grip,701,barnaby-rudge
Grip,Barnaby,701,barnaby-rudge
Hurrah,Bow,702,barnaby-rudge
Hurrah,Bow,702,barnaby-rudge
Bow,Hurrah,702,barnaby-rudge
Bow,Hurrah,702,barnaby-rudge
John,Chester,706,barnaby-rudge
John,Geoffrey Haredale,706,barnaby-rudge
Chester,John,706,barnaby-rudge
Chester,Geoffrey Haredale,706,barnaby-rudge
Geoffrey Haredale,John,706,barnaby-rudge
Geoffrey Haredale,Chester,706,barnaby-rudge
Nay,Solomon Daisy,707,barnaby-rudge
Nay,John,707,barnaby-rudge
Solomon Daisy,Nay,707,barnaby-rudge
Solomon Daisy,John,707,barnaby-rudge
John,Nay,707,barnaby-rudge
John,Solomon Daisy,707,barnaby-rudge
Long Parkes,Hugh,709,barnaby-rudge
Hugh,Long Parkes,709,barnaby-rudge
Solomon,Haredale,710,barnaby-rudge
Haredale,Solomon,710,barnaby-rudge
Parkes,Johnny,714,barnaby-rudge
Johnny,Parkes,714,barnaby-rudge
John,Joe,717,barnaby-rudge
Joe,John,717,barnaby-rudge
Solomon,Parkes,725,barnaby-rudge
Solomon,Parkes,725,barnaby-rudge
Parkes,Solomon,725,barnaby-rudge
Parkes,Solomon,725,barnaby-rudge
Barnaby,John,726,barnaby-rudge
John,Barnaby,726,barnaby-rudge
John,Haredale,739,barnaby-rudge
Haredale,John,739,barnaby-rudge
Haredale,Nature,766,barnaby-rudge
Nature,Haredale,766,barnaby-rudge
Ned,Haredale,770,barnaby-rudge
Haredale,Ned,770,barnaby-rudge
Haredale,Ned,770,barnaby-rudge
Ned,Haredale,770,barnaby-rudge
Ned,Haredale,784,barnaby-rudge
Haredale,Ned,784,barnaby-rudge
John,Willet,795,barnaby-rudge
Willet,John,795,barnaby-rudge
Willet,John,795,barnaby-rudge
John,Willet,795,barnaby-rudge
Willet,Barnaby,796,barnaby-rudge
Barnaby,Willet,796,barnaby-rudge
John,Willet,797,barnaby-rudge
Willet,John,797,barnaby-rudge
Willet,John,797,barnaby-rudge
John,Willet,797,barnaby-rudge
John,Barnaby,799,barnaby-rudge
John,Barnaby,799,barnaby-rudge
John,Follow,799,barnaby-rudge
Barnaby,John,799,barnaby-rudge
Barnaby,Follow,799,barnaby-rudge
Barnaby,John,799,barnaby-rudge
Barnaby,Follow,799,barnaby-rudge
Follow,John,799,barnaby-rudge
Follow,Barnaby,799,barnaby-rudge
Follow,Barnaby,799,barnaby-rudge
Barnaby,John,802,barnaby-rudge
John,Barnaby,802,barnaby-rudge
Joseph Willet,Chester,809,barnaby-rudge
Joseph Willet,Joe,809,barnaby-rudge
Joseph Willet,Joe,809,barnaby-rudge
Chester,Joseph Willet,809,barnaby-rudge
Chester,Joe,809,barnaby-rudge
Chester,Joe,809,barnaby-rudge
Joe,Joseph Willet,809,barnaby-rudge
Joe,Chester,809,barnaby-rudge
Joe,Joseph Willet,809,barnaby-rudge
Joe,Chester,809,barnaby-rudge
John Willet,Joe,810,barnaby-rudge
Joe,John Willet,810,barnaby-rudge
John,Hugh,811,barnaby-rudge
John,Hugh,811,barnaby-rudge
Hugh,John,811,barnaby-rudge
Hugh,John,811,barnaby-rudge
Hugh,John,812,barnaby-rudge
John,Hugh,812,barnaby-rudge
John,Joe,816,barnaby-rudge
Joe,John,816,barnaby-rudge
Joe,Varden,822,barnaby-rudge
Varden,Joe,822,barnaby-rudge
Joe,Heaven,826,barnaby-rudge
Heaven,Joe,826,barnaby-rudge
Joe,Hugh,832,barnaby-rudge
Joe,John,832,barnaby-rudge
Hugh,Joe,832,barnaby-rudge
Hugh,John,832,barnaby-rudge
John,Joe,832,barnaby-rudge
John,Hugh,832,barnaby-rudge
John Willet,Thames Street,839,barnaby-rudge
John Willet,John,839,barnaby-rudge
John Willet,Dolly Varden,839,barnaby-rudge
Thames Street,John Willet,839,barnaby-rudge
Thames Street,John,839,barnaby-rudge
Thames Street,Dolly Varden,839,barnaby-rudge
John,John Willet,839,barnaby-rudge
John,Thames Street,839,barnaby-rudge
John,Dolly Varden,839,barnaby-rudge
Dolly Varden,John Willet,839,barnaby-rudge
Dolly Varden,Thames Street,839,barnaby-rudge
Dolly Varden,John,839,barnaby-rudge
Varden,Joe,841,barnaby-rudge
Joe,Varden,841,barnaby-rudge
Gabriel,Joe,845,barnaby-rudge
Gabriel,Joe,845,barnaby-rudge
Joe,Gabriel,845,barnaby-rudge
Joe,Gabriel,845,barnaby-rudge
Joe,Dolly,854,barnaby-rudge
Dolly,Joe,854,barnaby-rudge
Mrs Varden,Varden,857,barnaby-rudge
Varden,Mrs Varden,857,barnaby-rudge
Varden,Mrs Varden,857,barnaby-rudge
Mrs Varden,Varden,857,barnaby-rudge
Martha,Joe,858,barnaby-rudge
Joe,Martha,858,barnaby-rudge
Mrs Varden,Miggs,860,barnaby-rudge
Mrs Varden,Miggs,860,barnaby-rudge
Mrs Varden,Willet,860,barnaby-rudge
Mrs Varden,Miggs,860,barnaby-rudge
Miggs,Mrs Varden,860,barnaby-rudge
Miggs,Willet,860,barnaby-rudge
Miggs,Mrs Varden,860,barnaby-rudge
Miggs,Willet,860,barnaby-rudge
Willet,Mrs Varden,860,barnaby-rudge
Willet,Miggs,860,barnaby-rudge
Willet,Miggs,860,barnaby-rudge
Willet,Miggs,860,barnaby-rudge
Miggs,Mrs Varden,860,barnaby-rudge
Miggs,Willet,860,barnaby-rudge
Miggs,Mrs Varden,864,barnaby-rudge
Mrs Varden,Miggs,864,barnaby-rudge
Mrs Varden,Dolly,866,barnaby-rudge
Mrs Varden,Joseph,866,barnaby-rudge
Dolly,Mrs Varden,866,barnaby-rudge
Dolly,Joseph,866,barnaby-rudge
Joseph,Mrs Varden,866,barnaby-rudge
Joseph,Dolly,866,barnaby-rudge
Gabriel,Mrs Varden,867,barnaby-rudge
Gabriel,Joe,867,barnaby-rudge
Mrs Varden,Gabriel,867,barnaby-rudge
Mrs Varden,Joe,867,barnaby-rudge
Joe,Gabriel,867,barnaby-rudge
Joe,Mrs Varden,867,barnaby-rudge
Never,Dolly,868,barnaby-rudge
Never,Joe,868,barnaby-rudge
Dolly,Never,868,barnaby-rudge
Dolly,Joe,868,barnaby-rudge
Joe,Never,868,barnaby-rudge
Joe,Dolly,868,barnaby-rudge
Joe,Miggs,869,barnaby-rudge
Joe,Miggs,869,barnaby-rudge
Miggs,Joe,869,barnaby-rudge
Miggs,Joe,869,barnaby-rudge
Miggs,Dolly,870,barnaby-rudge
Dolly,Miggs,870,barnaby-rudge
Gabriel,Varden,871,barnaby-rudge
Varden,Gabriel,871,barnaby-rudge
Miggs,Mrs Varden,874,barnaby-rudge
Mrs Varden,Miggs,874,barnaby-rudge
Martha,Joe,875,barnaby-rudge
Martha,Joe,875,barnaby-rudge
Joe,Martha,875,barnaby-rudge
Joe,Martha,875,barnaby-rudge
Joe,Dolly,878,barnaby-rudge
Dolly,Joe,878,barnaby-rudge
Dolly,Joe,878,barnaby-rudge
Joe,Dolly,878,barnaby-rudge
Joe,Willet,881,barnaby-rudge
Willet,Joe,881,barnaby-rudge
Willet,Joe,881,barnaby-rudge
Joe,Willet,881,barnaby-rudge
Edward,Joe,884,barnaby-rudge
Edward,Heaven,884,barnaby-rudge
Joe,Edward,884,barnaby-rudge
Joe,Heaven,884,barnaby-rudge
Heaven,Edward,884,barnaby-rudge
Heaven,Joe,884,barnaby-rudge
Joe,Edward,885,barnaby-rudge
Edward,Joe,885,barnaby-rudge
Edward,Joe,889,barnaby-rudge
Joe,Edward,889,barnaby-rudge
Joe,Edward Chester,890,barnaby-rudge
Edward Chester,Joe,890,barnaby-rudge
Joe,Edward,897,barnaby-rudge
Edward,Joe,897,barnaby-rudge
Edward,Haredale,898,barnaby-rudge
Haredale,Edward,898,barnaby-rudge
Old,John,912,barnaby-rudge
Old,Hugh,912,barnaby-rudge
John,Old,912,barnaby-rudge
John,Hugh,912,barnaby-rudge
Hugh,Old,912,barnaby-rudge
Hugh,John,912,barnaby-rudge
Willet,Edward,914,barnaby-rudge
Edward,Willet,914,barnaby-rudge
Joe,Edward,917,barnaby-rudge
Edward,Joe,917,barnaby-rudge
John,Haredale,918,barnaby-rudge
Haredale,John,918,barnaby-rudge
Miss Haredale,Edward,947,barnaby-rudge
Edward,Miss Haredale,947,barnaby-rudge
Haredale,Orson,951,barnaby-rudge
Orson,Haredale,951,barnaby-rudge
Edward,Miss Haredale,952,barnaby-rudge
Miss Haredale,Edward,952,barnaby-rudge
Edward,Time,960,barnaby-rudge
Edward,Till,960,barnaby-rudge
Time,Edward,960,barnaby-rudge
Time,Till,960,barnaby-rudge
Till,Edward,960,barnaby-rudge
Till,Time,960,barnaby-rudge
Edward,Emma Haredale,982,barnaby-rudge
Emma Haredale,Edward,982,barnaby-rudge
Ned,Good God,983,barnaby-rudge
Ned,Take,983,barnaby-rudge
Ned,Good God,983,barnaby-rudge
Ned,Take,983,barnaby-rudge
Good God,Ned,983,barnaby-rudge
Good God,Ned,983,barnaby-rudge
Good God,Ned,983,barnaby-rudge
Good God,Take,983,barnaby-rudge
Good God,Ned,983,barnaby-rudge
Ned,Good God,983,barnaby-rudge
Ned,Take,983,barnaby-rudge
Take,Ned,983,barnaby-rudge
Take,Ned,983,barnaby-rudge
Take,Good God,983,barnaby-rudge
Take,Ned,983,barnaby-rudge
Take,Ned,983,barnaby-rudge
Ned,Good God,983,barnaby-rudge
Ned,Take,983,barnaby-rudge
Town,Kensington,989,barnaby-rudge
Kensington,Town,989,barnaby-rudge
Barnaby,Grip,1066,barnaby-rudge
Grip,Barnaby,1066,barnaby-rudge
Barnaby,Grip,1068,barnaby-rudge
Barnaby,Jump,1068,barnaby-rudge
Grip,Barnaby,1068,barnaby-rudge
Grip,Jump,1068,barnaby-rudge
Jump,Barnaby,1068,barnaby-rudge
Jump,Grip,1068,barnaby-rudge
Barnaby,Grip,1069,barnaby-rudge
Grip,Barnaby,1069,barnaby-rudge
Barnaby,Grip,1072,barnaby-rudge
Grip,Barnaby,1072,barnaby-rudge
Hugh,Barnaby,1083,barnaby-rudge
Hugh,Maypole Hugh,1083,barnaby-rudge
Hugh,Grip,1083,barnaby-rudge
Barnaby,Hugh,1083,barnaby-rudge
Barnaby,Maypole Hugh,1083,barnaby-rudge
Barnaby,Grip,1083,barnaby-rudge
Maypole Hugh,Hugh,1083,barnaby-rudge
Maypole Hugh,Barnaby,1083,barnaby-rudge
Maypole Hugh,Grip,1083,barnaby-rudge
Grip,Hugh,1083,barnaby-rudge
Grip,Barnaby,1083,barnaby-rudge
Grip,Maypole Hugh,1083,barnaby-rudge
Barnaby,Grip,1100,barnaby-rudge
Grip,Barnaby,1100,barnaby-rudge
Barnaby,Grip,1102,barnaby-rudge
Barnaby,Grip,1102,barnaby-rudge
Grip,Barnaby,1102,barnaby-rudge
Grip,Barnaby,1102,barnaby-rudge
Hurrah,Polly,1107,barnaby-rudge
Hurrah,Polly,1107,barnaby-rudge
Hurrah,Bow,1107,barnaby-rudge
Hurrah,Polly,1107,barnaby-rudge
Polly,Hurrah,1107,barnaby-rudge
Polly,Hurrah,1107,barnaby-rudge
Polly,Bow,1107,barnaby-rudge
Polly,Hurrah,1107,barnaby-rudge
Polly,Hurrah,1107,barnaby-rudge
Polly,Bow,1107,barnaby-rudge
Hurrah,Polly,1107,barnaby-rudge
Hurrah,Polly,1107,barnaby-rudge
Hurrah,Bow,1107,barnaby-rudge
Hurrah,Polly,1107,barnaby-rudge
Bow,Hurrah,1107,barnaby-rudge
Bow,Polly,1107,barnaby-rudge
Bow,Polly,1107,barnaby-rudge
Bow,Hurrah,1107,barnaby-rudge
Bow,Polly,1107,barnaby-rudge
Polly,Hurrah,1107,barnaby-rudge
Polly,Hurrah,1107,barnaby-rudge
Polly,Bow,1107,barnaby-rudge
London Bridge,Cornhill,1125,barnaby-rudge
Cornhill,London Bridge,1125,barnaby-rudge
Dolly,Varden,1164,barnaby-rudge
Dolly,Edward Chester,1164,barnaby-rudge
Dolly,Miggs,1164,barnaby-rudge
Varden,Dolly,1164,barnaby-rudge
Varden,Dolly,1164,barnaby-rudge
Varden,Edward Chester,1164,barnaby-rudge
Varden,Miggs,1164,barnaby-rudge
Dolly,Varden,1164,barnaby-rudge
Dolly,Edward Chester,1164,barnaby-rudge
Dolly,Miggs,1164,barnaby-rudge
Edward Chester,Dolly,1164,barnaby-rudge
Edward Chester,Varden,1164,barnaby-rudge
Edward Chester,Dolly,1164,barnaby-rudge
Edward Chester,Miggs,1164,barnaby-rudge
Miggs,Dolly,1164,barnaby-rudge
Miggs,Varden,1164,barnaby-rudge
Miggs,Dolly,1164,barnaby-rudge
Miggs,Edward Chester,1164,barnaby-rudge
Toby,Sim Tappertit,1165,barnaby-rudge
Sim Tappertit,Toby,1165,barnaby-rudge
Edward,Varden,1170,barnaby-rudge
Varden,Edward,1170,barnaby-rudge
Varden,Mrs V,1171,barnaby-rudge
Mrs V,Varden,1171,barnaby-rudge
Mrs Varden,Varden,1175,barnaby-rudge
Varden,Mrs Varden,1175,barnaby-rudge
Martha,Gabriel,1181,barnaby-rudge
Gabriel,Martha,1181,barnaby-rudge
Varden,Edward,1189,barnaby-rudge
Varden,Barnaby,1189,barnaby-rudge
Varden,Grip,1189,barnaby-rudge
Edward,Varden,1189,barnaby-rudge
Edward,Barnaby,1189,barnaby-rudge
Edward,Grip,1189,barnaby-rudge
Barnaby,Varden,1189,barnaby-rudge
Barnaby,Edward,1189,barnaby-rudge
Barnaby,Grip,1189,barnaby-rudge
Grip,Varden,1189,barnaby-rudge
Grip,Edward,1189,barnaby-rudge
Grip,Barnaby,1189,barnaby-rudge
Martha,Gabriel,1197,barnaby-rudge
Martha,Dolly,1197,barnaby-rudge
Martha,Miggs,1197,barnaby-rudge
Gabriel,Martha,1197,barnaby-rudge
Gabriel,Dolly,1197,barnaby-rudge
Gabriel,Miggs,1197,barnaby-rudge
Dolly,Martha,1197,barnaby-rudge
Dolly,Gabriel,1197,barnaby-rudge
Dolly,Miggs,1197,barnaby-rudge
Miggs,Martha,1197,barnaby-rudge
Miggs,Gabriel,1197,barnaby-rudge
Miggs,Dolly,1197,barnaby-rudge
Mrs Varden,Miss Miggs,1200,barnaby-rudge
Mrs Varden,Miss Miggs,1200,barnaby-rudge
Miss Miggs,Mrs Varden,1200,barnaby-rudge
Miss Miggs,Mrs Varden,1200,barnaby-rudge
Mrs Varden,Miss Miggs,1201,barnaby-rudge
Miss Miggs,Mrs Varden,1201,barnaby-rudge
Varden,Miggs,1206,barnaby-rudge
Miggs,Varden,1206,barnaby-rudge
Miggs,Miss Miggs,1207,barnaby-rudge
Miss Miggs,Miggs,1207,barnaby-rudge
Miggs,Master,1210,barnaby-rudge
Miggs,Miss Dolly,1210,barnaby-rudge
Master,Miggs,1210,barnaby-rudge
Master,Miss Dolly,1210,barnaby-rudge
Master,Miggs,1210,barnaby-rudge
Miss Dolly,Miggs,1210,barnaby-rudge
Miss Dolly,Master,1210,barnaby-rudge
Miss Dolly,Miggs,1210,barnaby-rudge
Miggs,Master,1210,barnaby-rudge
Miggs,Miss Dolly,1210,barnaby-rudge
Mrs Varden,Miggs,1211,barnaby-rudge
Miggs,Mrs Varden,1211,barnaby-rudge
Miggs,Mrs Varden,1212,barnaby-rudge
Miggs,Dolly,1212,barnaby-rudge
Mrs Varden,Miggs,1212,barnaby-rudge
Mrs Varden,Dolly,1212,barnaby-rudge
Dolly,Miggs,1212,barnaby-rudge
Dolly,Mrs Varden,1212,barnaby-rudge
Dolly,Mrs Varden,1213,barnaby-rudge
Dolly,Mrs Varden,1213,barnaby-rudge
Mrs Varden,Dolly,1213,barnaby-rudge
Mrs Varden,Dolly,1213,barnaby-rudge
Mrs Varden,Dolly,1213,barnaby-rudge
Dolly,Mrs Varden,1213,barnaby-rudge
Dolly,Mrs Varden,1213,barnaby-rudge
Dolly,Mrs Varden,1213,barnaby-rudge
Dolly,Mrs Varden,1213,barnaby-rudge
Mrs Varden,Dolly,1213,barnaby-rudge
Mrs Varden,Dolly,1213,barnaby-rudge
Mrs Varden,Dolly,1213,barnaby-rudge
Mrs Varden,Miss Varden,1214,barnaby-rudge
Mrs Varden,Varden,1214,barnaby-rudge
Miss Varden,Mrs Varden,1214,barnaby-rudge
Miss Varden,Varden,1214,barnaby-rudge
Varden,Mrs Varden,1214,barnaby-rudge
Varden,Miss Varden,1214,barnaby-rudge
John,Joe,1215,barnaby-rudge
Joe,John,1215,barnaby-rudge
Joe,Willet,1216,barnaby-rudge
Joe,Dolly,1216,barnaby-rudge
Willet,Joe,1216,barnaby-rudge
Willet,Dolly,1216,barnaby-rudge
Willet,Joe,1216,barnaby-rudge
Willet,Joe,1216,barnaby-rudge
Dolly,Joe,1216,barnaby-rudge
Dolly,Willet,1216,barnaby-rudge
Dolly,Joe,1216,barnaby-rudge
Dolly,Joe,1216,barnaby-rudge
Joe,Willet,1216,barnaby-rudge
Joe,Dolly,1216,barnaby-rudge
Joe,Willet,1216,barnaby-rudge
Joe,Dolly,1216,barnaby-rudge
Mrs Varden,Joe,1217,barnaby-rudge
Mrs Varden,John,1217,barnaby-rudge
Mrs Varden,Joe,1217,barnaby-rudge
Mrs Varden,Dolly,1217,barnaby-rudge
Mrs Varden,Varden,1217,barnaby-rudge
Joe,Mrs Varden,1217,barnaby-rudge
Joe,John,1217,barnaby-rudge
Joe,Mrs Varden,1217,barnaby-rudge
Joe,Dolly,1217,barnaby-rudge
Joe,Varden,1217,barnaby-rudge
John,Mrs Varden,1217,barnaby-rudge
John,Joe,1217,barnaby-rudge
John,Mrs Varden,1217,barnaby-rudge
John,Joe,1217,barnaby-rudge
John,Dolly,1217,barnaby-rudge
John,Varden,1217,barnaby-rudge
Mrs Varden,Joe,1217,barnaby-rudge
Mrs Varden,John,1217,barnaby-rudge
Mrs Varden,Joe,1217,barnaby-rudge
Mrs Varden,Dolly,1217,barnaby-rudge
Mrs Varden,Varden,1217,barnaby-rudge
Joe,Mrs Varden,1217,barnaby-rudge
Joe,John,1217,barnaby-rudge
Joe,Mrs Varden,1217,barnaby-rudge
Joe,Dolly,1217,barnaby-rudge
Joe,Varden,1217,barnaby-rudge
Dolly,Mrs Varden,1217,barnaby-rudge
Dolly,Joe,1217,barnaby-rudge
Dolly,John,1217,barnaby-rudge
Dolly,Mrs Varden,1217,barnaby-rudge
Dolly,Joe,1217,barnaby-rudge
Dolly,Varden,1217,barnaby-rudge
Varden,Mrs Varden,1217,barnaby-rudge
Varden,Joe,1217,barnaby-rudge
Varden,John,1217,barnaby-rudge
Varden,Mrs Varden,1217,barnaby-rudge
Varden,Joe,1217,barnaby-rudge
Varden,Dolly,1217,barnaby-rudge
Old,John,1218,barnaby-rudge
John,Old,1218,barnaby-rudge
Varden,John Willet,1219,barnaby-rudge
Varden,John,1219,barnaby-rudge
Varden,Waking,1219,barnaby-rudge
John Willet,Varden,1219,barnaby-rudge
John Willet,John,1219,barnaby-rudge
John Willet,Varden,1219,barnaby-rudge
John Willet,Waking,1219,barnaby-rudge
John,Varden,1219,barnaby-rudge
John,John Willet,1219,barnaby-rudge
John,Varden,1219,barnaby-rudge
John,Waking,1219,barnaby-rudge
Varden,John Willet,1219,barnaby-rudge
Varden,John,1219,barnaby-rudge
Varden,Waking,1219,barnaby-rudge
Waking,Varden,1219,barnaby-rudge
Waking,John Willet,1219,barnaby-rudge
Waking,John,1219,barnaby-rudge
Waking,Varden,1219,barnaby-rudge
Dolly,Emma,1223,barnaby-rudge
Emma,Dolly,1223,barnaby-rudge
Emma,Dolly,1230,barnaby-rudge
Dolly,Emma,1230,barnaby-rudge
Emma,Dolly,1231,barnaby-rudge
Emma,Miss Haredale,1231,barnaby-rudge
Dolly,Emma,1231,barnaby-rudge
Dolly,Miss Haredale,1231,barnaby-rudge
Miss Haredale,Emma,1231,barnaby-rudge
Miss Haredale,Dolly,1231,barnaby-rudge
Emma,Dolly,1235,barnaby-rudge
Emma,Dolly,1235,barnaby-rudge
Dolly,Emma,1235,barnaby-rudge
Dolly,Emma,1235,barnaby-rudge
Emma,Dolly,1236,barnaby-rudge
Emma,Dolly,1236,barnaby-rudge
Dolly,Emma,1236,barnaby-rudge
Dolly,Emma,1236,barnaby-rudge
Emma,Dolly,1236,barnaby-rudge
Emma,Dolly,1236,barnaby-rudge
Dolly,Emma,1236,barnaby-rudge
Dolly,Emma,1236,barnaby-rudge
Miss Haredale,Dolly,1237,barnaby-rudge
Miss Haredale,Dolly,1237,barnaby-rudge
Miss Haredale,Emma,1237,barnaby-rudge
Miss Haredale,Joe,1237,barnaby-rudge
Miss Haredale,Dolly,1237,barnaby-rudge
Miss Haredale,Edward,1237,barnaby-rudge
Miss Haredale,Dolly Varden,1237,barnaby-rudge
Dolly,Miss Haredale,1237,barnaby-rudge
Dolly,Emma,1237,barnaby-rudge
Dolly,Joe,1237,barnaby-rudge
Dolly,Edward,1237,barnaby-rudge
Dolly,Dolly Varden,1237,barnaby-rudge
Dolly,Miss Haredale,1237,barnaby-rudge
Dolly,Emma,1237,barnaby-rudge
Dolly,Joe,1237,barnaby-rudge
Dolly,Edward,1237,barnaby-rudge
Dolly,Dolly Varden,1237,barnaby-rudge
Emma,Miss Haredale,1237,barnaby-rudge
Emma,Dolly,1237,barnaby-rudge
Emma,Dolly,1237,barnaby-rudge
Emma,Joe,1237,barnaby-rudge
Emma,Dolly,1237,barnaby-rudge
Emma,Edward,1237,barnaby-rudge
Emma,Dolly Varden,1237,barnaby-rudge
Joe,Miss Haredale,1237,barnaby-rudge
Joe,Dolly,1237,barnaby-rudge
Joe,Dolly,1237,barnaby-rudge
Joe,Emma,1237,barnaby-rudge
Joe,Dolly,1237,barnaby-rudge
Joe,Edward,1237,barnaby-rudge
Joe,Dolly Varden,1237,barnaby-rudge
Dolly,Miss Haredale,1237,barnaby-rudge
Dolly,Emma,1237,barnaby-rudge
Dolly,Joe,1237,barnaby-rudge
Dolly,Edward,1237,barnaby-rudge
Dolly,Dolly Varden,1237,barnaby-rudge
Edward,Miss Haredale,1237,barnaby-rudge
Edward,Dolly,1237,barnaby-rudge
Edward,Dolly,1237,barnaby-rudge
Edward,Emma,1237,barnaby-rudge
Edward,Joe,1237,barnaby-rudge
Edward,Dolly,1237,barnaby-rudge
Edward,Dolly Varden,1237,barnaby-rudge
Dolly Varden,Miss Haredale,1237,barnaby-rudge
Dolly Varden,Dolly,1237,barnaby-rudge
Dolly Varden,Dolly,1237,barnaby-rudge
Dolly Varden,Emma,1237,barnaby-rudge
Dolly Varden,Joe,1237,barnaby-rudge
Dolly Varden,Dolly,1237,barnaby-rudge
Dolly Varden,Edward,1237,barnaby-rudge
Dolly,Miss Emma,1257,barnaby-rudge
Miss Emma,Dolly,1257,barnaby-rudge
Joe,Help,1293,barnaby-rudge
Help,Joe,1293,barnaby-rudge
Joe,Dolly,1295,barnaby-rudge
Dolly,Joe,1295,barnaby-rudge
Joe,Dolly,1296,barnaby-rudge
Dolly,Joe,1296,barnaby-rudge
Dolly,Joe,1299,barnaby-rudge
Joe,Dolly,1299,barnaby-rudge
Joe,Dolly,1300,barnaby-rudge
Dolly,Joe,1300,barnaby-rudge
Joe,Dolly,1306,barnaby-rudge
Joe,John,1306,barnaby-rudge
Dolly,Joe,1306,barnaby-rudge
Dolly,Joe,1306,barnaby-rudge
Dolly,John,1306,barnaby-rudge
Joe,Dolly,1306,barnaby-rudge
Joe,John,1306,barnaby-rudge
John,Joe,1306,barnaby-rudge
John,Dolly,1306,barnaby-rudge
John,Joe,1306,barnaby-rudge
Willet,Dolly,1307,barnaby-rudge
Willet,Varden,1307,barnaby-rudge
Willet,Dolly,1307,barnaby-rudge
Willet,Joe,1307,barnaby-rudge
Dolly,Willet,1307,barnaby-rudge
Dolly,Varden,1307,barnaby-rudge
Dolly,Joe,1307,barnaby-rudge
Varden,Willet,1307,barnaby-rudge
Varden,Dolly,1307,barnaby-rudge
Varden,Dolly,1307,barnaby-rudge
Varden,Joe,1307,barnaby-rudge
Dolly,Willet,1307,barnaby-rudge
Dolly,Varden,1307,barnaby-rudge
Dolly,Joe,1307,barnaby-rudge
Joe,Willet,1307,barnaby-rudge
Joe,Dolly,1307,barnaby-rudge
Joe,Varden,1307,barnaby-rudge
Joe,Dolly,1307,barnaby-rudge
John,Wherefore,1308,barnaby-rudge
John,Joe,1308,barnaby-rudge
Wherefore,John,1308,barnaby-rudge
Wherefore,Joe,1308,barnaby-rudge
Joe,John,1308,barnaby-rudge
Joe,Wherefore,1308,barnaby-rudge
Joe,Hugh,1309,barnaby-rudge
Hugh,Joe,1309,barnaby-rudge
Hugh,Willet,1318,barnaby-rudge
Willet,Hugh,1318,barnaby-rudge
Dolly,Joe,1323,barnaby-rudge
Joe,Dolly,1323,barnaby-rudge
Varden,Mrs Varden,1325,barnaby-rudge
Varden,Mrs Varden,1325,barnaby-rudge
Varden,Hugh,1325,barnaby-rudge
Varden,Willet,1325,barnaby-rudge
Varden,Willet,1325,barnaby-rudge
Mrs Varden,Varden,1325,barnaby-rudge
Mrs Varden,Hugh,1325,barnaby-rudge
Mrs Varden,Willet,1325,barnaby-rudge
Mrs Varden,Varden,1325,barnaby-rudge
Mrs Varden,Willet,1325,barnaby-rudge
Mrs Varden,Varden,1325,barnaby-rudge
Mrs Varden,Hugh,1325,barnaby-rudge
Mrs Varden,Willet,1325,barnaby-rudge
Mrs Varden,Varden,1325,barnaby-rudge
Mrs Varden,Willet,1325,barnaby-rudge
Hugh,Varden,1325,barnaby-rudge
Hugh,Mrs Varden,1325,barnaby-rudge
Hugh,Mrs Varden,1325,barnaby-rudge
Hugh,Willet,1325,barnaby-rudge
Hugh,Varden,1325,barnaby-rudge
Hugh,Willet,1325,barnaby-rudge
Willet,Varden,1325,barnaby-rudge
Willet,Mrs Varden,1325,barnaby-rudge
Willet,Mrs Varden,1325,barnaby-rudge
Willet,Hugh,1325,barnaby-rudge
Willet,Varden,1325,barnaby-rudge
Varden,Mrs Varden,1325,barnaby-rudge
Varden,Mrs Varden,1325,barnaby-rudge
Varden,Hugh,1325,barnaby-rudge
Varden,Willet,1325,barnaby-rudge
Varden,Willet,1325,barnaby-rudge
Willet,Varden,1325,barnaby-rudge
Willet,Mrs Varden,1325,barnaby-rudge
Willet,Mrs Varden,1325,barnaby-rudge
Willet,Hugh,1325,barnaby-rudge
Willet,Varden,1325,barnaby-rudge
Joe,Dolly,1326,barnaby-rudge
Joe,Miss Haredale,1326,barnaby-rudge
Dolly,Joe,1326,barnaby-rudge
Dolly,Miss Haredale,1326,barnaby-rudge
Dolly,Joe,1326,barnaby-rudge
Miss Haredale,Joe,1326,barnaby-rudge
Miss Haredale,Dolly,1326,barnaby-rudge
Miss Haredale,Joe,1326,barnaby-rudge
Joe,Dolly,1326,barnaby-rudge
Joe,Miss Haredale,1326,barnaby-rudge
Varden,Nay,1327,barnaby-rudge
Varden,Dolly,1327,barnaby-rudge
Nay,Varden,1327,barnaby-rudge
Nay,Dolly,1327,barnaby-rudge
Dolly,Varden,1327,barnaby-rudge
Dolly,Nay,1327,barnaby-rudge
Mrs Varden,John,1328,barnaby-rudge
John,Mrs Varden,1328,barnaby-rudge
Joe,Dolly,1329,barnaby-rudge
Joe,Dolly,1329,barnaby-rudge
Dolly,Joe,1329,barnaby-rudge
Dolly,Joe,1329,barnaby-rudge
Joe,Dolly,1329,barnaby-rudge
Joe,Dolly,1329,barnaby-rudge
Dolly,Joe,1329,barnaby-rudge
Dolly,Joe,1329,barnaby-rudge
Dolly,Joe,1332,barnaby-rudge
Dolly,Saint Paul,1332,barnaby-rudge
Dolly,Joe,1332,barnaby-rudge
Dolly,Joe,1332,barnaby-rudge
Joe,Dolly,1332,barnaby-rudge
Joe,Saint Paul,1332,barnaby-rudge
Joe,Dolly,1332,barnaby-rudge
Joe,Dolly,1332,barnaby-rudge
Saint Paul,Dolly,1332,barnaby-rudge
Saint Paul,Joe,1332,barnaby-rudge
Saint Paul,Dolly,1332,barnaby-rudge
Saint Paul,Joe,1332,barnaby-rudge
Saint Paul,Dolly,1332,barnaby-rudge
Saint Paul,Joe,1332,barnaby-rudge
Dolly,Joe,1332,barnaby-rudge
Dolly,Saint Paul,1332,barnaby-rudge
Dolly,Joe,1332,barnaby-rudge
Dolly,Joe,1332,barnaby-rudge
Joe,Dolly,1332,barnaby-rudge
Joe,Saint Paul,1332,barnaby-rudge
Joe,Dolly,1332,barnaby-rudge
Joe,Dolly,1332,barnaby-rudge
Dolly,Joe,1332,barnaby-rudge
Dolly,Saint Paul,1332,barnaby-rudge
Dolly,Joe,1332,barnaby-rudge
Dolly,Joe,1332,barnaby-rudge
Joe,Dolly,1332,barnaby-rudge
Joe,Saint Paul,1332,barnaby-rudge
Joe,Dolly,1332,barnaby-rudge
Joe,Dolly,1332,barnaby-rudge
Joe,Dolly,1333,barnaby-rudge
Joe,Dolly,1333,barnaby-rudge
Joe,Dolly,1333,barnaby-rudge
Joe,Dolly,1333,barnaby-rudge
Dolly,Joe,1333,barnaby-rudge
Dolly,Joe,1333,barnaby-rudge
Dolly,Joe,1333,barnaby-rudge
Joe,Dolly,1333,barnaby-rudge
Joe,Dolly,1333,barnaby-rudge
Dolly,Joe,1333,barnaby-rudge
Dolly,Joe,1333,barnaby-rudge
Dolly,Joe,1333,barnaby-rudge
Joe,Mrs Varden,1334,barnaby-rudge
Mrs Varden,Joe,1334,barnaby-rudge
Hugh,Dolly,1341,barnaby-rudge
Dolly,Hugh,1341,barnaby-rudge
Gabriel,Joe,1342,barnaby-rudge
Gabriel,Joe,1342,barnaby-rudge
Gabriel,Varden,1342,barnaby-rudge
Joe,Gabriel,1342,barnaby-rudge
Joe,Varden,1342,barnaby-rudge
Joe,Gabriel,1342,barnaby-rudge
Joe,Varden,1342,barnaby-rudge
Varden,Gabriel,1342,barnaby-rudge
Varden,Joe,1342,barnaby-rudge
Varden,Joe,1342,barnaby-rudge
Dolly,Joe,1344,barnaby-rudge
Joe,Dolly,1344,barnaby-rudge
Mrs Varden,Miggs,1345,barnaby-rudge
Miggs,Mrs Varden,1345,barnaby-rudge
Simmun,Miggs,1346,barnaby-rudge
Miggs,Simmun,1346,barnaby-rudge
Varden,Tappertit,1349,barnaby-rudge
Tappertit,Varden,1349,barnaby-rudge
Dolly,Varden,1352,barnaby-rudge
Dolly,Heaven,1352,barnaby-rudge
Dolly,Miggs,1352,barnaby-rudge
Dolly,Poor Dolly,1352,barnaby-rudge
Dolly,Miggs,1352,barnaby-rudge
Varden,Dolly,1352,barnaby-rudge
Varden,Heaven,1352,barnaby-rudge
Varden,Miggs,1352,barnaby-rudge
Varden,Poor Dolly,1352,barnaby-rudge
Varden,Miggs,1352,barnaby-rudge
Heaven,Dolly,1352,barnaby-rudge
Heaven,Varden,1352,barnaby-rudge
Heaven,Miggs,1352,barnaby-rudge
Heaven,Poor Dolly,1352,barnaby-rudge
Heaven,Miggs,1352,barnaby-rudge
Miggs,Dolly,1352,barnaby-rudge
Miggs,Varden,1352,barnaby-rudge
Miggs,Heaven,1352,barnaby-rudge
Miggs,Poor Dolly,1352,barnaby-rudge
Poor Dolly,Dolly,1352,barnaby-rudge
Poor Dolly,Varden,1352,barnaby-rudge
Poor Dolly,Heaven,1352,barnaby-rudge
Poor Dolly,Miggs,1352,barnaby-rudge
Poor Dolly,Miggs,1352,barnaby-rudge
Miggs,Dolly,1352,barnaby-rudge
Miggs,Varden,1352,barnaby-rudge
Miggs,Heaven,1352,barnaby-rudge
Miggs,Poor Dolly,1352,barnaby-rudge
Dolly,Mrs Varden,1353,barnaby-rudge
Dolly,Varden,1353,barnaby-rudge
Mrs Varden,Dolly,1353,barnaby-rudge
Mrs Varden,Dolly,1353,barnaby-rudge
Mrs Varden,Varden,1353,barnaby-rudge
Dolly,Mrs Varden,1353,barnaby-rudge
Dolly,Varden,1353,barnaby-rudge
Varden,Dolly,1353,barnaby-rudge
Varden,Mrs Varden,1353,barnaby-rudge
Varden,Dolly,1353,barnaby-rudge
Miss,Miggs,1354,barnaby-rudge
Miss,Miss Dolly,1354,barnaby-rudge
Miss,Miggs,1354,barnaby-rudge
Miss,Mrs Varden,1354,barnaby-rudge
Miss,Dolly,1354,barnaby-rudge
Miss,Mrs Varden,1354,barnaby-rudge
Miss,Miss Miggs,1354,barnaby-rudge
Miggs,Miss,1354,barnaby-rudge
Miggs,Miss Dolly,1354,barnaby-rudge
Miggs,Mrs Varden,1354,barnaby-rudge
Miggs,Dolly,1354,barnaby-rudge
Miggs,Mrs Varden,1354,barnaby-rudge
Miggs,Miss Miggs,1354,barnaby-rudge
Miss Dolly,Miss,1354,barnaby-rudge
Miss Dolly,Miggs,1354,barnaby-rudge
Miss Dolly,Miggs,1354,barnaby-rudge
Miss Dolly,Mrs Varden,1354,barnaby-rudge
Miss Dolly,Dolly,1354,barnaby-rudge
Miss Dolly,Mrs Varden,1354,barnaby-rudge
Miss Dolly,Miss Miggs,1354,barnaby-rudge
Miggs,Miss,1354,barnaby-rudge
Miggs,Miss Dolly,1354,barnaby-rudge
Miggs,Mrs Varden,1354,barnaby-rudge
Miggs,Dolly,1354,barnaby-rudge
Miggs,Mrs Varden,1354,barnaby-rudge
Miggs,Miss Miggs,1354,barnaby-rudge
Mrs Varden,Miss,1354,barnaby-rudge
Mrs Varden,Miggs,1354,barnaby-rudge
Mrs Varden,Miss Dolly,1354,barnaby-rudge
Mrs Varden,Miggs,1354,barnaby-rudge
Mrs Varden,Dolly,1354,barnaby-rudge
Mrs Varden,Miss Miggs,1354,barnaby-rudge
Dolly,Miss,1354,barnaby-rudge
Dolly,Miggs,1354,barnaby-rudge
Dolly,Miss Dolly,1354,barnaby-rudge
Dolly,Miggs,1354,barnaby-rudge
Dolly,Mrs Varden,1354,barnaby-rudge
Dolly,Mrs Varden,1354,barnaby-rudge
Dolly,Miss Miggs,1354,barnaby-rudge
Mrs Varden,Miss,1354,barnaby-rudge
Mrs Varden,Miggs,1354,barnaby-rudge
Mrs Varden,Miss Dolly,1354,barnaby-rudge
Mrs Varden,Miggs,1354,barnaby-rudge
Mrs Varden,Dolly,1354,barnaby-rudge
Mrs Varden,Miss Miggs,1354,barnaby-rudge
Miss Miggs,Miss,1354,barnaby-rudge
Miss Miggs,Miggs,1354,barnaby-rudge
Miss Miggs,Miss Dolly,1354,barnaby-rudge
Miss Miggs,Miggs,1354,barnaby-rudge
Miss Miggs,Mrs Varden,1354,barnaby-rudge
Miss Miggs,Dolly,1354,barnaby-rudge
Miss Miggs,Mrs Varden,1354,barnaby-rudge
Miggs,Dolly,1355,barnaby-rudge
Miggs,Miss Miggs,1355,barnaby-rudge
Dolly,Miggs,1355,barnaby-rudge
Dolly,Miss Miggs,1355,barnaby-rudge
Miss Miggs,Miggs,1355,barnaby-rudge
Miss Miggs,Dolly,1355,barnaby-rudge
Dolly,Miggs,1360,barnaby-rudge
Dolly,Joseph Willet,1360,barnaby-rudge
Miggs,Dolly,1360,barnaby-rudge
Miggs,Joseph Willet,1360,barnaby-rudge
Joseph Willet,Dolly,1360,barnaby-rudge
Joseph Willet,Miggs,1360,barnaby-rudge
Simmun,Miggs,1362,barnaby-rudge
Miggs,Simmun,1362,barnaby-rudge
Miggs,Joseph Willet,1366,barnaby-rudge
Miggs,Dolly Varden,1366,barnaby-rudge
Joseph Willet,Miggs,1366,barnaby-rudge
Joseph Willet,Dolly Varden,1366,barnaby-rudge
Dolly Varden,Miggs,1366,barnaby-rudge
Dolly Varden,Joseph Willet,1366,barnaby-rudge
Miggs,Toby,1370,barnaby-rudge
Miggs,Mrs Varden,1370,barnaby-rudge
Toby,Miggs,1370,barnaby-rudge
Toby,Mrs Varden,1370,barnaby-rudge
Mrs Varden,Miggs,1370,barnaby-rudge
Mrs Varden,Toby,1370,barnaby-rudge
Twilight,Chester,1373,barnaby-rudge
Chester,Twilight,1373,barnaby-rudge
Lord Chesterfield,Shakespeare,1377,barnaby-rudge
Lord Chesterfield,Milton,1377,barnaby-rudge
Lord Chesterfield,Lord Bacon,1377,barnaby-rudge
Shakespeare,Lord Chesterfield,1377,barnaby-rudge
Shakespeare,Milton,1377,barnaby-rudge
Shakespeare,Lord Bacon,1377,barnaby-rudge
Milton,Lord Chesterfield,1377,barnaby-rudge
Milton,Shakespeare,1377,barnaby-rudge
Milton,Lord Bacon,1377,barnaby-rudge
Lord Bacon,Lord Chesterfield,1377,barnaby-rudge
Lord Bacon,Shakespeare,1377,barnaby-rudge
Lord Bacon,Milton,1377,barnaby-rudge
Chester,Hugh,1396,barnaby-rudge
Hugh,Chester,1396,barnaby-rudge
Hugh,Chester,1396,barnaby-rudge
Chester,Hugh,1396,barnaby-rudge
Hugh,Dolly,1401,barnaby-rudge
Dolly,Hugh,1401,barnaby-rudge
Chester,Hugh,1437,barnaby-rudge
Hugh,Chester,1437,barnaby-rudge
Chester,Matter,1467,barnaby-rudge
Matter,Chester,1467,barnaby-rudge
Chester,Tappertit,1475,barnaby-rudge
Tappertit,Chester,1475,barnaby-rudge
Chester,Sim Tappertit,1491,barnaby-rudge
Sim Tappertit,Chester,1491,barnaby-rudge
Mrs Varden,Dolly,1502,barnaby-rudge
Mrs Varden,Tappertit,1502,barnaby-rudge
Dolly,Mrs Varden,1502,barnaby-rudge
Dolly,Tappertit,1502,barnaby-rudge
Tappertit,Mrs Varden,1502,barnaby-rudge
Tappertit,Dolly,1502,barnaby-rudge
Sim,Sir,1504,barnaby-rudge
Sim,Joseph Willet,1504,barnaby-rudge
Sir,Sim,1504,barnaby-rudge
Sir,Joseph Willet,1504,barnaby-rudge
Joseph Willet,Sim,1504,barnaby-rudge
Joseph Willet,Sir,1504,barnaby-rudge
Miggs,Barnaby Rudge,1506,barnaby-rudge
Miggs,Mrs Rudge,1506,barnaby-rudge
Miggs,Joseph Willet,1506,barnaby-rudge
Miggs,Joseph Willet,1506,barnaby-rudge
Barnaby Rudge,Miggs,1506,barnaby-rudge
Barnaby Rudge,Mrs Rudge,1506,barnaby-rudge
Barnaby Rudge,Joseph Willet,1506,barnaby-rudge
Barnaby Rudge,Miggs,1506,barnaby-rudge
Barnaby Rudge,Joseph Willet,1506,barnaby-rudge
Mrs Rudge,Miggs,1506,barnaby-rudge
Mrs Rudge,Barnaby Rudge,1506,barnaby-rudge
Mrs Rudge,Joseph Willet,1506,barnaby-rudge
Mrs Rudge,Miggs,1506,barnaby-rudge
Mrs Rudge,Joseph Willet,1506,barnaby-rudge
Joseph Willet,Miggs,1506,barnaby-rudge
Joseph Willet,Barnaby Rudge,1506,barnaby-rudge
Joseph Willet,Mrs Rudge,1506,barnaby-rudge
Joseph Willet,Miggs,1506,barnaby-rudge
Miggs,Barnaby Rudge,1506,barnaby-rudge
Miggs,Mrs Rudge,1506,barnaby-rudge
Miggs,Joseph Willet,1506,barnaby-rudge
Miggs,Joseph Willet,1506,barnaby-rudge
Joseph Willet,Miggs,1506,barnaby-rudge
Joseph Willet,Barnaby Rudge,1506,barnaby-rudge
Joseph Willet,Mrs Rudge,1506,barnaby-rudge
Joseph Willet,Miggs,1506,barnaby-rudge
Barnaby,Grip,1514,barnaby-rudge
Grip,Barnaby,1514,barnaby-rudge
Grip,Barnaby,1529,barnaby-rudge
Barnaby,Grip,1529,barnaby-rudge
Money,God,1534,barnaby-rudge
God,Money,1534,barnaby-rudge
Haredale,Emma,1542,barnaby-rudge
Emma,Haredale,1542,barnaby-rudge
Emma,Barnaby,1544,barnaby-rudge
Barnaby,Emma,1544,barnaby-rudge
Miss,Haredale,1546,barnaby-rudge
Haredale,Miss,1546,barnaby-rudge
Barnaby,Nay,1547,barnaby-rudge
Nay,Barnaby,1547,barnaby-rudge
Haredale,Barnaby,1563,barnaby-rudge
Haredale,Grip,1563,barnaby-rudge
Barnaby,Haredale,1563,barnaby-rudge
Barnaby,Grip,1563,barnaby-rudge
Grip,Haredale,1563,barnaby-rudge
Grip,Barnaby,1563,barnaby-rudge
Barnaby,Reuben Haredale,1567,barnaby-rudge
Reuben Haredale,Barnaby,1567,barnaby-rudge
Joe,Hugh,1569,barnaby-rudge
Joe,John,1569,barnaby-rudge
Joe,John,1569,barnaby-rudge
Joe,John,1569,barnaby-rudge
Hugh,Joe,1569,barnaby-rudge
Hugh,John,1569,barnaby-rudge
Hugh,John,1569,barnaby-rudge
Hugh,John,1569,barnaby-rudge
John,Joe,1569,barnaby-rudge
John,Hugh,1569,barnaby-rudge
John,Joe,1569,barnaby-rudge
John,Hugh,1569,barnaby-rudge
John,Joe,1569,barnaby-rudge
John,Hugh,1569,barnaby-rudge
Gabriel,Haredale,1581,barnaby-rudge
Haredale,Gabriel,1581,barnaby-rudge
Gabriel,Picture,1590,barnaby-rudge
Gabriel,Mary,1590,barnaby-rudge
Picture,Gabriel,1590,barnaby-rudge
Picture,Mary,1590,barnaby-rudge
Mary,Gabriel,1590,barnaby-rudge
Mary,Picture,1590,barnaby-rudge
Rudge,Gabriel,1592,barnaby-rudge
Rudge,Martha,1592,barnaby-rudge
Gabriel,Rudge,1592,barnaby-rudge
Gabriel,Martha,1592,barnaby-rudge
Martha,Rudge,1592,barnaby-rudge
Martha,Gabriel,1592,barnaby-rudge
Haredale,'Well,1593,barnaby-rudge
'Well,Haredale,1593,barnaby-rudge
Haredale,Chester,1596,barnaby-rudge
Chester,Haredale,1596,barnaby-rudge
Haredale,Barnaby,1600,barnaby-rudge
Barnaby,Haredale,1600,barnaby-rudge
Columbus,Haredale,1613,barnaby-rudge
Haredale,Columbus,1613,barnaby-rudge
Lord Mayor,How,1629,barnaby-rudge
How,Lord Mayor,1629,barnaby-rudge
Tappertit,Chester,1637,barnaby-rudge
Tappertit,Joseph Willet,1637,barnaby-rudge
Tappertit,Hush,1637,barnaby-rudge
Chester,Tappertit,1637,barnaby-rudge
Chester,Joseph Willet,1637,barnaby-rudge
Chester,Hush,1637,barnaby-rudge
Joseph Willet,Tappertit,1637,barnaby-rudge
Joseph Willet,Chester,1637,barnaby-rudge
Joseph Willet,Hush,1637,barnaby-rudge
Hush,Tappertit,1637,barnaby-rudge
Hush,Chester,1637,barnaby-rudge
Hush,Joseph Willet,1637,barnaby-rudge
Miggs,Missis,1641,barnaby-rudge
Missis,Miggs,1641,barnaby-rudge
Dolly,Mrs Varden,1645,barnaby-rudge
Mrs Varden,Dolly,1645,barnaby-rudge
Mrs Varden,Dolly,1645,barnaby-rudge
Dolly,Mrs Varden,1645,barnaby-rudge
Dolly,Chester,1646,barnaby-rudge
Chester,Dolly,1646,barnaby-rudge
Gabriel,Mrs Varden,1647,barnaby-rudge
Mrs Varden,Gabriel,1647,barnaby-rudge
Miggs,Miss Miggs,1651,barnaby-rudge
Miggs,Miss Miggs,1651,barnaby-rudge
Miss Miggs,Miggs,1651,barnaby-rudge
Miss Miggs,Miggs,1651,barnaby-rudge
Mrs Varden,Miggs,1652,barnaby-rudge
Mrs Varden,Hope,1652,barnaby-rudge
Miggs,Mrs Varden,1652,barnaby-rudge
Miggs,Hope,1652,barnaby-rudge
Hope,Mrs Varden,1652,barnaby-rudge
Hope,Miggs,1652,barnaby-rudge
Dolly,Miss Miggs,1662,barnaby-rudge
Miss Miggs,Dolly,1662,barnaby-rudge
Mrs Varden,Miss Emma,1686,barnaby-rudge
Miss Emma,Mrs Varden,1686,barnaby-rudge
Varden,Ned,1687,barnaby-rudge
Varden,Bullet,1687,barnaby-rudge
Ned,Varden,1687,barnaby-rudge
Ned,Bullet,1687,barnaby-rudge
Bullet,Varden,1687,barnaby-rudge
Bullet,Ned,1687,barnaby-rudge
Joseph Willet,Mrs Varden,1688,barnaby-rudge
Mrs Varden,Joseph Willet,1688,barnaby-rudge
Mrs Varden,Edward,1694,barnaby-rudge
Mrs Varden,Miss Haredale,1694,barnaby-rudge
Mrs Varden,Varden,1694,barnaby-rudge
Edward,Mrs Varden,1694,barnaby-rudge
Edward,Miss Haredale,1694,barnaby-rudge
Edward,Varden,1694,barnaby-rudge
Miss Haredale,Mrs Varden,1694,barnaby-rudge
Miss Haredale,Edward,1694,barnaby-rudge
Miss Haredale,Varden,1694,barnaby-rudge
Varden,Mrs Varden,1694,barnaby-rudge
Varden,Edward,1694,barnaby-rudge
Varden,Miss Haredale,1694,barnaby-rudge
Chester,Dolly,1695,barnaby-rudge
Dolly,Chester,1695,barnaby-rudge
Miggs,Miss Dolly,1696,barnaby-rudge
Miggs,Miss Dolly,1696,barnaby-rudge
Miss Dolly,Miggs,1696,barnaby-rudge
Miss Dolly,Miggs,1696,barnaby-rudge
Dolly,Miggs,1698,barnaby-rudge
Miggs,Dolly,1698,barnaby-rudge
Hugh,Chester,1743,barnaby-rudge
Hugh,Chester,1743,barnaby-rudge
Chester,Hugh,1743,barnaby-rudge
Chester,Hugh,1743,barnaby-rudge
Universal Love,Mercy,1748,barnaby-rudge
Mercy,Universal Love,1748,barnaby-rudge
Willet,Joe,1774,barnaby-rudge
Willet,Chester,1774,barnaby-rudge
Joe,Willet,1774,barnaby-rudge
Joe,Chester,1774,barnaby-rudge
Joe,Willet,1774,barnaby-rudge
Chester,Willet,1774,barnaby-rudge
Chester,Joe,1774,barnaby-rudge
Chester,Willet,1774,barnaby-rudge
Willet,Joe,1774,barnaby-rudge
Willet,Chester,1774,barnaby-rudge
Ned,Shame,1791,barnaby-rudge
Shame,Ned,1791,barnaby-rudge
Edward,Miss Haredale,1804,barnaby-rudge
Miss Haredale,Edward,1804,barnaby-rudge
Chester,Emma,1814,barnaby-rudge
Emma,Chester,1814,barnaby-rudge
Haredale,Life,1818,barnaby-rudge
Life,Haredale,1818,barnaby-rudge
Old,John,1823,barnaby-rudge
Old,Joe,1823,barnaby-rudge
Old,Joe,1823,barnaby-rudge
Old,John,1823,barnaby-rudge
Old,John,1823,barnaby-rudge
John,Old,1823,barnaby-rudge
John,Joe,1823,barnaby-rudge
John,Joe,1823,barnaby-rudge
Joe,Old,1823,barnaby-rudge
Joe,John,1823,barnaby-rudge
Joe,John,1823,barnaby-rudge
Joe,John,1823,barnaby-rudge
Joe,Old,1823,barnaby-rudge
Joe,John,1823,barnaby-rudge
Joe,John,1823,barnaby-rudge
Joe,John,1823,barnaby-rudge
John,Old,1823,barnaby-rudge
John,Joe,1823,barnaby-rudge
John,Joe,1823,barnaby-rudge
John,Old,1823,barnaby-rudge
John,Joe,1823,barnaby-rudge
John,Joe,1823,barnaby-rudge
John,Willet,1824,barnaby-rudge
John,Joe,1824,barnaby-rudge
John,Joe Willet,1824,barnaby-rudge
Willet,John,1824,barnaby-rudge
Willet,Joe,1824,barnaby-rudge
Willet,John,1824,barnaby-rudge
Willet,John,1824,barnaby-rudge
Willet,Joe Willet,1824,barnaby-rudge
Joe,John,1824,barnaby-rudge
Joe,Willet,1824,barnaby-rudge
Joe,John,1824,barnaby-rudge
Joe,John,1824,barnaby-rudge
Joe,Joe Willet,1824,barnaby-rudge
John,Willet,1824,barnaby-rudge
John,Joe,1824,barnaby-rudge
John,Joe Willet,1824,barnaby-rudge
John,Willet,1824,barnaby-rudge
John,Joe,1824,barnaby-rudge
John,Joe Willet,1824,barnaby-rudge
Joe Willet,John,1824,barnaby-rudge
Joe Willet,Willet,1824,barnaby-rudge
Joe Willet,Joe,1824,barnaby-rudge
Joe Willet,John,1824,barnaby-rudge
Joe Willet,John,1824,barnaby-rudge
John,Joe,1825,barnaby-rudge
John,Chester,1825,barnaby-rudge
Joe,John,1825,barnaby-rudge
Joe,Chester,1825,barnaby-rudge
Chester,John,1825,barnaby-rudge
Chester,Joe,1825,barnaby-rudge
John,Joe,1826,barnaby-rudge
John,Dolly Varden,1826,barnaby-rudge
John,Chester,1826,barnaby-rudge
John,Joe,1826,barnaby-rudge
Joe,John,1826,barnaby-rudge
Joe,Dolly Varden,1826,barnaby-rudge
Joe,Chester,1826,barnaby-rudge
Joe,John,1826,barnaby-rudge
Dolly Varden,John,1826,barnaby-rudge
Dolly Varden,Joe,1826,barnaby-rudge
Dolly Varden,Chester,1826,barnaby-rudge
Dolly Varden,Joe,1826,barnaby-rudge
Dolly Varden,John,1826,barnaby-rudge
Chester,John,1826,barnaby-rudge
Chester,Joe,1826,barnaby-rudge
Chester,Dolly Varden,1826,barnaby-rudge
Chester,Joe,1826,barnaby-rudge
Chester,John,1826,barnaby-rudge
Joe,John,1826,barnaby-rudge
Joe,Dolly Varden,1826,barnaby-rudge
Joe,Chester,1826,barnaby-rudge
Joe,John,1826,barnaby-rudge
John,Joe,1826,barnaby-rudge
John,Dolly Varden,1826,barnaby-rudge
John,Chester,1826,barnaby-rudge
John,Joe,1826,barnaby-rudge
Joe,Dolly,1831,barnaby-rudge
Dolly,Joe,1831,barnaby-rudge
Solomon Daisy,Tom Cobb,1832,barnaby-rudge
Tom Cobb,Solomon Daisy,1832,barnaby-rudge
Solomon Daisy,Johnny,1834,barnaby-rudge
Solomon Daisy,Johnny,1834,barnaby-rudge
Solomon Daisy,Well,1834,barnaby-rudge
Solomon Daisy,Brayvo,1834,barnaby-rudge
Johnny,Solomon Daisy,1834,barnaby-rudge
Johnny,Well,1834,barnaby-rudge
Johnny,Brayvo,1834,barnaby-rudge
Johnny,Solomon Daisy,1834,barnaby-rudge
Johnny,Well,1834,barnaby-rudge
Johnny,Brayvo,1834,barnaby-rudge
Well,Solomon Daisy,1834,barnaby-rudge
Well,Johnny,1834,barnaby-rudge
Well,Johnny,1834,barnaby-rudge
Well,Brayvo,1834,barnaby-rudge
Brayvo,Solomon Daisy,1834,barnaby-rudge
Brayvo,Johnny,1834,barnaby-rudge
Brayvo,Johnny,1834,barnaby-rudge
Brayvo,Well,1834,barnaby-rudge
John,Willet,1837,barnaby-rudge
Willet,John,1837,barnaby-rudge
Cobb,Joe,1838,barnaby-rudge
Joe,Cobb,1838,barnaby-rudge
John,Willet,1855,barnaby-rudge
Willet,John,1855,barnaby-rudge
Joe,Englishmen,1869,barnaby-rudge
Joe,Damme,1869,barnaby-rudge
Englishmen,Joe,1869,barnaby-rudge
Englishmen,Damme,1869,barnaby-rudge
Damme,Joe,1869,barnaby-rudge
Damme,Englishmen,1869,barnaby-rudge
Joe,Brisk,1871,barnaby-rudge
Joe,Brisk,1871,barnaby-rudge
Brisk,Joe,1871,barnaby-rudge
Brisk,Joe,1871,barnaby-rudge
Brisk,Joe,1871,barnaby-rudge
Brisk,Joe,1871,barnaby-rudge
Joe,Brisk,1871,barnaby-rudge
Joe,Brisk,1871,barnaby-rudge
Joe,Dolly Varden,1890,barnaby-rudge
Dolly Varden,Joe,1890,barnaby-rudge
Mrs Varden,Miggs,1893,barnaby-rudge
Miggs,Mrs Varden,1893,barnaby-rudge
Joe,Tom Cobb,1895,barnaby-rudge
Tom Cobb,Joe,1895,barnaby-rudge
Dolly,Joe,1896,barnaby-rudge
Joe,Dolly,1896,barnaby-rudge
Joe,Dolly,1897,barnaby-rudge
Dolly,Joe,1897,barnaby-rudge
Joe,Dolly,1905,barnaby-rudge
Dolly,Joe,1905,barnaby-rudge
Joe,Dolly,1906,barnaby-rudge
Dolly,Joe,1906,barnaby-rudge
Joe,Heaven,1907,barnaby-rudge
Joe,Dolly,1907,barnaby-rudge
Heaven,Joe,1907,barnaby-rudge
Heaven,Dolly,1907,barnaby-rudge
Dolly,Joe,1907,barnaby-rudge
Dolly,Heaven,1907,barnaby-rudge
Dolly,Joe,1908,barnaby-rudge
Joe,Dolly,1908,barnaby-rudge
Dolly,Miggs,1909,barnaby-rudge
Miggs,Dolly,1909,barnaby-rudge
Sim,Sleep,1915,barnaby-rudge
Sim,Tremble,1915,barnaby-rudge
Sim,Willet,1915,barnaby-rudge
Sleep,Sim,1915,barnaby-rudge
Sleep,Tremble,1915,barnaby-rudge
Sleep,Willet,1915,barnaby-rudge
Tremble,Sim,1915,barnaby-rudge
Tremble,Sleep,1915,barnaby-rudge
Tremble,Willet,1915,barnaby-rudge
Willet,Sim,1915,barnaby-rudge
Willet,Sleep,1915,barnaby-rudge
Willet,Tremble,1915,barnaby-rudge
Joseph Willet,Miss Miggs,1916,barnaby-rudge
Miss Miggs,Joseph Willet,1916,barnaby-rudge
Joe,Sacred Majesty,1917,barnaby-rudge
Sacred Majesty,Joe,1917,barnaby-rudge
Joe,Gravesend,1918,barnaby-rudge
Gravesend,Joe,1918,barnaby-rudge
Joseph Willet,Joe,1921,barnaby-rudge
Joseph Willet,Edward Chester,1921,barnaby-rudge
Joe,Joseph Willet,1921,barnaby-rudge
Joe,Edward Chester,1921,barnaby-rudge
Edward Chester,Joseph Willet,1921,barnaby-rudge
Edward Chester,Joe,1921,barnaby-rudge
Edward,Chester,1923,barnaby-rudge
Chester,Edward,1923,barnaby-rudge
Haredale,Ned,1934,barnaby-rudge
Ned,Haredale,1934,barnaby-rudge
Marriage,Ned,1938,barnaby-rudge
Ned,Marriage,1938,barnaby-rudge
Edward,Beware,1948,barnaby-rudge
Beware,Edward,1948,barnaby-rudge
Chester,Edward,1955,barnaby-rudge
Chester,Society,1955,barnaby-rudge
Chester,Virtue,1955,barnaby-rudge
Edward,Chester,1955,barnaby-rudge
Edward,Society,1955,barnaby-rudge
Edward,Virtue,1955,barnaby-rudge
Society,Chester,1955,barnaby-rudge
Society,Edward,1955,barnaby-rudge
Society,Virtue,1955,barnaby-rudge
Virtue,Chester,1955,barnaby-rudge
Virtue,Edward,1955,barnaby-rudge
Virtue,Society,1955,barnaby-rudge
Willet,Phil Parkes,1962,barnaby-rudge
Phil Parkes,Willet,1962,barnaby-rudge
John Willet,Parkes,1963,barnaby-rudge
Parkes,John Willet,1963,barnaby-rudge
Parkes,Willet,1969,barnaby-rudge
Parkes,Joseph,1969,barnaby-rudge
Parkes,Majesty,1969,barnaby-rudge
Parkes,Willet,1969,barnaby-rudge
Willet,Parkes,1969,barnaby-rudge
Willet,Joseph,1969,barnaby-rudge
Willet,Majesty,1969,barnaby-rudge
Joseph,Parkes,1969,barnaby-rudge
Joseph,Willet,1969,barnaby-rudge
Joseph,Majesty,1969,barnaby-rudge
Joseph,Willet,1969,barnaby-rudge
Majesty,Parkes,1969,barnaby-rudge
Majesty,Willet,1969,barnaby-rudge
Majesty,Joseph,1969,barnaby-rudge
Majesty,Willet,1969,barnaby-rudge
Willet,Parkes,1969,barnaby-rudge
Willet,Joseph,1969,barnaby-rudge
Willet,Majesty,1969,barnaby-rudge
Parkes,John,1970,barnaby-rudge
Parkes,Willet,1970,barnaby-rudge
Parkes,Nobody,1970,barnaby-rudge
John,Parkes,1970,barnaby-rudge
John,Willet,1970,barnaby-rudge
John,Nobody,1970,barnaby-rudge
Willet,Parkes,1970,barnaby-rudge
Willet,John,1970,barnaby-rudge
Willet,Nobody,1970,barnaby-rudge
Nobody,Parkes,1970,barnaby-rudge
Nobody,John,1970,barnaby-rudge
Nobody,Willet,1970,barnaby-rudge
Messrs Parkes,Solomon,1973,barnaby-rudge
Solomon,Messrs Parkes,1973,barnaby-rudge
Willet,Cobb,1983,barnaby-rudge
Cobb,Willet,1983,barnaby-rudge
Johnny,Solomon,1989,barnaby-rudge
Johnny,Tommy Cobb,1989,barnaby-rudge
Solomon,Johnny,1989,barnaby-rudge
Solomon,Tommy Cobb,1989,barnaby-rudge
Tommy Cobb,Johnny,1989,barnaby-rudge
Tommy Cobb,Solomon,1989,barnaby-rudge
Solomon,Daisy,1995,barnaby-rudge
Daisy,Solomon,1995,barnaby-rudge
John,Parkes,2000,barnaby-rudge
John,John Willet,2000,barnaby-rudge
John,Solomon,2000,barnaby-rudge
Parkes,John,2000,barnaby-rudge
Parkes,John Willet,2000,barnaby-rudge
Parkes,Solomon,2000,barnaby-rudge
John Willet,John,2000,barnaby-rudge
John Willet,Parkes,2000,barnaby-rudge
John Willet,Solomon,2000,barnaby-rudge
Solomon,John,2000,barnaby-rudge
Solomon,Parkes,2000,barnaby-rudge
Solomon,John Willet,2000,barnaby-rudge
John,Solomon,2015,barnaby-rudge
Solomon,John,2015,barnaby-rudge
John,Solomon Daisy,2016,barnaby-rudge
Solomon Daisy,John,2016,barnaby-rudge
Solomon Daisy,John Willet,2017,barnaby-rudge
John Willet,Solomon Daisy,2017,barnaby-rudge
Solomon Daisy,Phil Parkes,2018,barnaby-rudge
Phil Parkes,Solomon Daisy,2018,barnaby-rudge
John,Solomon Daisy,2021,barnaby-rudge
Solomon Daisy,John,2021,barnaby-rudge
Hugh,Old John,2030,barnaby-rudge
Old John,Hugh,2030,barnaby-rudge
Willet,Hugh,2031,barnaby-rudge
Willet,John,2031,barnaby-rudge
Willet,John Willet,2031,barnaby-rudge
Hugh,Willet,2031,barnaby-rudge
Hugh,John,2031,barnaby-rudge
Hugh,John Willet,2031,barnaby-rudge
John,Willet,2031,barnaby-rudge
John,Hugh,2031,barnaby-rudge
John,John Willet,2031,barnaby-rudge
John Willet,Willet,2031,barnaby-rudge
John Willet,Hugh,2031,barnaby-rudge
John Willet,John,2031,barnaby-rudge
John,Reuben,2033,barnaby-rudge
Reuben,John,2033,barnaby-rudge
Willet,Haredale,2037,barnaby-rudge
Haredale,Willet,2037,barnaby-rudge
Hugh,Haredale,2052,barnaby-rudge
Hugh,John,2052,barnaby-rudge
Haredale,Hugh,2052,barnaby-rudge
Haredale,John,2052,barnaby-rudge
John,Hugh,2052,barnaby-rudge
John,Haredale,2052,barnaby-rudge
Solomon,Willet,2053,barnaby-rudge
Willet,Solomon,2053,barnaby-rudge
John,Haredale,2055,barnaby-rudge
Haredale,John,2055,barnaby-rudge
John,Haredale,2056,barnaby-rudge
Haredale,John,2056,barnaby-rudge
John,Haredale,2060,barnaby-rudge
Haredale,John,2060,barnaby-rudge
Hugh,Haredale,2062,barnaby-rudge
Haredale,Hugh,2062,barnaby-rudge
John,Haredale,2063,barnaby-rudge
John,Hugh,2063,barnaby-rudge
John,Haredale,2063,barnaby-rudge
Haredale,John,2063,barnaby-rudge
Haredale,Hugh,2063,barnaby-rudge
Haredale,John,2063,barnaby-rudge
Hugh,John,2063,barnaby-rudge
Hugh,Haredale,2063,barnaby-rudge
Hugh,Haredale,2063,barnaby-rudge
Hugh,John,2063,barnaby-rudge
Haredale,John,2063,barnaby-rudge
Haredale,Hugh,2063,barnaby-rudge
Haredale,John,2063,barnaby-rudge
John,Haredale,2063,barnaby-rudge
John,Hugh,2063,barnaby-rudge
John,Haredale,2063,barnaby-rudge
John Willet,Hugh,2064,barnaby-rudge
Hugh,John Willet,2064,barnaby-rudge
John Willet,Hugh,2067,barnaby-rudge
John Willet,Hugh,2067,barnaby-rudge
Hugh,John Willet,2067,barnaby-rudge
Hugh,John Willet,2067,barnaby-rudge
Queen Elizabeth,Bloody Mary,2091,barnaby-rudge
Bloody Mary,Queen Elizabeth,2091,barnaby-rudge
Grueby,John,2097,barnaby-rudge
John,Grueby,2097,barnaby-rudge
John,Gashford,2098,barnaby-rudge
Gashford,John,2098,barnaby-rudge
John,Grueby,2101,barnaby-rudge
Grueby,John,2101,barnaby-rudge
John,Grueby,2103,barnaby-rudge
Grueby,John,2103,barnaby-rudge
John Willet,John,2110,barnaby-rudge
John,John Willet,2110,barnaby-rudge
John,John Grueby,2112,barnaby-rudge
John Grueby,John,2112,barnaby-rudge
Gashford,Lord George,2116,barnaby-rudge
Lord George,Gashford,2116,barnaby-rudge
Lord George,Gashford,2120,barnaby-rudge
Gashford,Lord George,2120,barnaby-rudge
Hurrah,Lord George,2123,barnaby-rudge
Lord George,Hurrah,2123,barnaby-rudge
John,Willet,2150,barnaby-rudge
John,John Grueby,2150,barnaby-rudge
Willet,John,2150,barnaby-rudge
Willet,John Grueby,2150,barnaby-rudge
John Grueby,John,2150,barnaby-rudge
John Grueby,Willet,2150,barnaby-rudge
Bloody Mary,John,2153,barnaby-rudge
John,Bloody Mary,2153,barnaby-rudge
John Grueby,Gordon,2155,barnaby-rudge
John Grueby,Bloody Mary,2155,barnaby-rudge
Gordon,John Grueby,2155,barnaby-rudge
Gordon,Bloody Mary,2155,barnaby-rudge
Bloody Mary,John Grueby,2155,barnaby-rudge
Bloody Mary,Gordon,2155,barnaby-rudge
Gashford,John Grueby,2156,barnaby-rudge
John Grueby,Gashford,2156,barnaby-rudge
Gashford,Lord George,2164,barnaby-rudge
Lord George,Gashford,2164,barnaby-rudge
Hem,Martin,2173,barnaby-rudge
Hem,Dennis,2173,barnaby-rudge
Martin,Hem,2173,barnaby-rudge
Martin,Dennis,2173,barnaby-rudge
Dennis,Hem,2173,barnaby-rudge
Dennis,Martin,2173,barnaby-rudge
Gashford,Simon Tappertit,2182,barnaby-rudge
Simon Tappertit,Gashford,2182,barnaby-rudge
Lord George,Gashford,2185,barnaby-rudge
Gashford,Lord George,2185,barnaby-rudge
Tappertit,Mrs Varden,2190,barnaby-rudge
Mrs Varden,Tappertit,2190,barnaby-rudge
Right,Might,2199,barnaby-rudge
Might,Right,2199,barnaby-rudge
Brethren,Union,2209,barnaby-rudge
Union,Brethren,2209,barnaby-rudge
Lord George Gordon,Roman Catholic,2214,barnaby-rudge
Roman Catholic,Lord George Gordon,2214,barnaby-rudge
Lord,George,2238,barnaby-rudge
Lord,John Grueby,2238,barnaby-rudge
Lord,Willet,2238,barnaby-rudge
George,Lord,2238,barnaby-rudge
George,John Grueby,2238,barnaby-rudge
George,Willet,2238,barnaby-rudge
John Grueby,Lord,2238,barnaby-rudge
John Grueby,George,2238,barnaby-rudge
John Grueby,Willet,2238,barnaby-rudge
Willet,Lord,2238,barnaby-rudge
Willet,George,2238,barnaby-rudge
Willet,John Grueby,2238,barnaby-rudge
John Willet,Lord George,2239,barnaby-rudge
John Willet,John Grueby,2239,barnaby-rudge
Lord George,John Willet,2239,barnaby-rudge
Lord George,John Willet,2239,barnaby-rudge
Lord George,John Grueby,2239,barnaby-rudge
John Willet,Lord George,2239,barnaby-rudge
John Willet,John Grueby,2239,barnaby-rudge
John Grueby,John Willet,2239,barnaby-rudge
John Grueby,Lord George,2239,barnaby-rudge
John Grueby,John Willet,2239,barnaby-rudge
Lord George Gordon,Stiff,2240,barnaby-rudge
Stiff,Lord George Gordon,2240,barnaby-rudge
John Grueby,St Paul,2243,barnaby-rudge
John Grueby,Churchyard,2243,barnaby-rudge
St Paul,John Grueby,2243,barnaby-rudge
St Paul,Churchyard,2243,barnaby-rudge
Churchyard,John Grueby,2243,barnaby-rudge
Churchyard,St Paul,2243,barnaby-rudge
Swallow Street,Cavendish Square,2244,barnaby-rudge
Swallow Street,John Grueby,2244,barnaby-rudge
Cavendish Square,Swallow Street,2244,barnaby-rudge
Cavendish Square,John Grueby,2244,barnaby-rudge
John Grueby,Swallow Street,2244,barnaby-rudge
John Grueby,Cavendish Square,2244,barnaby-rudge
Lord George,Gashford,2245,barnaby-rudge
Lord George,John Grueby,2245,barnaby-rudge
Gashford,Lord George,2245,barnaby-rudge
Gashford,John Grueby,2245,barnaby-rudge
John Grueby,Lord George,2245,barnaby-rudge
John Grueby,Gashford,2245,barnaby-rudge
Gashford,Such,2250,barnaby-rudge
Such,Gashford,2250,barnaby-rudge
Dennis,Muster Gashford,2252,barnaby-rudge
Dennis,Muster Gashford,2252,barnaby-rudge
Muster Gashford,Dennis,2252,barnaby-rudge
Muster Gashford,Dennis,2252,barnaby-rudge
Dennis,Muster Gashford,2256,barnaby-rudge
Muster Gashford,Dennis,2256,barnaby-rudge
Gashford,Dennis,2259,barnaby-rudge
Dennis,Gashford,2259,barnaby-rudge
George,Gashford,2260,barnaby-rudge
Gashford,George,2260,barnaby-rudge
Dennis,Mary Jones,2269,barnaby-rudge
Dennis,Muster Gashford,2269,barnaby-rudge
Dennis,Mary Jones,2269,barnaby-rudge
Dennis,Muster Gashford,2269,barnaby-rudge
Dennis,Mary Jones,2269,barnaby-rudge
Dennis,Muster Gashford,2269,barnaby-rudge
Mary Jones,Dennis,2269,barnaby-rudge
Mary Jones,Dennis,2269,barnaby-rudge
Mary Jones,Dennis,2269,barnaby-rudge
Mary Jones,Muster Gashford,2269,barnaby-rudge
Muster Gashford,Dennis,2269,barnaby-rudge
Muster Gashford,Dennis,2269,barnaby-rudge
Muster Gashford,Dennis,2269,barnaby-rudge
Muster Gashford,Mary Jones,2269,barnaby-rudge
Gashford,Lord George,2282,barnaby-rudge
Lord George,Gashford,2282,barnaby-rudge
Muster Gashford,Gashford,2285,barnaby-rudge
Muster Gashford,John Grueby,2285,barnaby-rudge
Gashford,Muster Gashford,2285,barnaby-rudge
Gashford,John Grueby,2285,barnaby-rudge
John Grueby,Muster Gashford,2285,barnaby-rudge
John Grueby,Gashford,2285,barnaby-rudge
John,Dennis,2292,barnaby-rudge
Dennis,John,2292,barnaby-rudge
Hugh,Grueby,2293,barnaby-rudge
Grueby,Hugh,2293,barnaby-rudge
Hugh,Dennis,2298,barnaby-rudge
Dennis,Hugh,2298,barnaby-rudge
Whether,Hugh,2302,barnaby-rudge
Hugh,Whether,2302,barnaby-rudge
Muster Gashford,Dennis,2304,barnaby-rudge
Dennis,Muster Gashford,2304,barnaby-rudge
Dennis,Hugh,2307,barnaby-rudge
Hugh,Dennis,2307,barnaby-rudge
Dennis,Muster Gashford,2311,barnaby-rudge
Dennis,Hurrah,2311,barnaby-rudge
Dennis,Muster Gashford,2311,barnaby-rudge
Muster Gashford,Dennis,2311,barnaby-rudge
Muster Gashford,Hurrah,2311,barnaby-rudge
Hurrah,Dennis,2311,barnaby-rudge
Hurrah,Muster Gashford,2311,barnaby-rudge
Hurrah,Muster Gashford,2311,barnaby-rudge
Muster Gashford,Dennis,2311,barnaby-rudge
Muster Gashford,Hurrah,2311,barnaby-rudge
Muster Gashford,Wait,2313,barnaby-rudge
Wait,Muster Gashford,2313,barnaby-rudge
Muster Gashford,Dennis,2315,barnaby-rudge
Dennis,Muster Gashford,2315,barnaby-rudge
Dennis,Muster Gashford,2315,barnaby-rudge
Muster Gashford,Dennis,2315,barnaby-rudge
Gashford,Dennis,2317,barnaby-rudge
Dennis,Gashford,2317,barnaby-rudge
Dennis,Hugh,2328,barnaby-rudge
Dennis,Hugh,2328,barnaby-rudge
Hugh,Dennis,2328,barnaby-rudge
Hugh,Dennis,2328,barnaby-rudge
Mark Gilbert,Thomas Curzon,2333,barnaby-rudge
Thomas Curzon,Mark Gilbert,2333,barnaby-rudge
Muster Gashford,D,2337,barnaby-rudge
Muster Gashford,Hugh,2337,barnaby-rudge
D,Muster Gashford,2337,barnaby-rudge
D,Hugh,2337,barnaby-rudge
Hugh,Muster Gashford,2337,barnaby-rudge
Hugh,D,2337,barnaby-rudge
Dennis,Muster Gashford,2339,barnaby-rudge
Muster Gashford,Dennis,2339,barnaby-rudge
Tappertit,Hugh,2344,barnaby-rudge
Hugh,Tappertit,2344,barnaby-rudge
Tappertit,Dennis,2364,barnaby-rudge
Dennis,Tappertit,2364,barnaby-rudge
James,Chronicle,2368,barnaby-rudge
Chronicle,James,2368,barnaby-rudge
Dennis,Muster Gashford,2376,barnaby-rudge
Muster Gashford,Dennis,2376,barnaby-rudge
Muster Gashford,Dennis,2376,barnaby-rudge
Dennis,Muster Gashford,2376,barnaby-rudge
Dennis,Holborn,2391,barnaby-rudge
Holborn,Dennis,2391,barnaby-rudge
Dennis,Jack,2393,barnaby-rudge
Jack,Dennis,2393,barnaby-rudge
Dennis,Hugh,2394,barnaby-rudge
Hugh,Dennis,2394,barnaby-rudge
Tappertit,Hugh,2399,barnaby-rudge
Hugh,Tappertit,2399,barnaby-rudge
Simon,Miggs,2404,barnaby-rudge
Simon,Miggs,2404,barnaby-rudge
Miggs,Simon,2404,barnaby-rudge
Miggs,Simon,2404,barnaby-rudge
Hugh,Saint Dunstan,2407,barnaby-rudge
Saint Dunstan,Hugh,2407,barnaby-rudge
Sir John Chester,Hugh,2420,barnaby-rudge
Hugh,Sir John Chester,2420,barnaby-rudge
Sir John,John Chester,2428,barnaby-rudge
Sir John,Esquire,2428,barnaby-rudge
Sir John,John Chester,2428,barnaby-rudge
Sir John,Esquire,2428,barnaby-rudge
John Chester,Sir John,2428,barnaby-rudge
John Chester,Esquire,2428,barnaby-rudge
John Chester,Esquire,2428,barnaby-rudge
John Chester,Sir John,2428,barnaby-rudge
Esquire,Sir John,2428,barnaby-rudge
Esquire,John Chester,2428,barnaby-rudge
Esquire,John Chester,2428,barnaby-rudge
Esquire,Sir John,2428,barnaby-rudge
John Chester,Sir John,2428,barnaby-rudge
John Chester,Esquire,2428,barnaby-rudge
John Chester,Esquire,2428,barnaby-rudge
John Chester,Sir John,2428,barnaby-rudge
Esquire,Sir John,2428,barnaby-rudge
Esquire,John Chester,2428,barnaby-rudge
Esquire,John Chester,2428,barnaby-rudge
Esquire,Sir John,2428,barnaby-rudge
Sir John,John Chester,2428,barnaby-rudge
Sir John,Esquire,2428,barnaby-rudge
Sir John,John Chester,2428,barnaby-rudge
Sir John,Esquire,2428,barnaby-rudge
Bruin,Sir John,2442,barnaby-rudge
Sir John,Bruin,2442,barnaby-rudge
Sir John,Lord George,2459,barnaby-rudge
Lord George,Sir John,2459,barnaby-rudge
Hugh,Chester,2460,barnaby-rudge
Chester,Hugh,2460,barnaby-rudge
Sir John,Haredale,2461,barnaby-rudge
Haredale,Sir John,2461,barnaby-rudge
Sir,John,2467,barnaby-rudge
John,Sir,2467,barnaby-rudge
Gabriel,Toby,2478,barnaby-rudge
Toby,Gabriel,2478,barnaby-rudge
Which,Martha,2492,barnaby-rudge
Martha,Which,2492,barnaby-rudge
Miggs,Varden,2494,barnaby-rudge
Varden,Miggs,2494,barnaby-rudge
Varden,Miggs,2494,barnaby-rudge
Miggs,Varden,2494,barnaby-rudge
Gabriel,Dolly,2495,barnaby-rudge
Dolly,Gabriel,2495,barnaby-rudge
Gabriel,Doll,2496,barnaby-rudge
Doll,Gabriel,2496,barnaby-rudge
Dolly,Miss Emma,2507,barnaby-rudge
Miss Emma,Dolly,2507,barnaby-rudge
Solomon,Haredale,2508,barnaby-rudge
Haredale,Solomon,2508,barnaby-rudge
Doll,Read Blue Beard,2510,barnaby-rudge
Read Blue Beard,Doll,2510,barnaby-rudge
Blue Beard Mrs Varden,Mussulman,2511,barnaby-rudge
Blue Beard Mrs Varden,Dolly,2511,barnaby-rudge
Blue Beard Mrs Varden,Lord George Gordon,2511,barnaby-rudge
Blue Beard Mrs Varden,Blue Beards,2511,barnaby-rudge
Blue Beard Mrs Varden,Miss Miggs,2511,barnaby-rudge
Blue Beard Mrs Varden,Miss Miggs,2511,barnaby-rudge
Blue Beard Mrs Varden,Lord George,2511,barnaby-rudge
Mussulman,Blue Beard Mrs Varden,2511,barnaby-rudge
Mussulman,Dolly,2511,barnaby-rudge
Mussulman,Lord George Gordon,2511,barnaby-rudge
Mussulman,Blue Beards,2511,barnaby-rudge
Mussulman,Miss Miggs,2511,barnaby-rudge
Mussulman,Miss Miggs,2511,barnaby-rudge
Mussulman,Lord George,2511,barnaby-rudge
Dolly,Blue Beard Mrs Varden,2511,barnaby-rudge
Dolly,Mussulman,2511,barnaby-rudge
Dolly,Lord George Gordon,2511,barnaby-rudge
Dolly,Blue Beards,2511,barnaby-rudge
Dolly,Miss Miggs,2511,barnaby-rudge
Dolly,Miss Miggs,2511,barnaby-rudge
Dolly,Lord George,2511,barnaby-rudge
Lord George Gordon,Blue Beard Mrs Varden,2511,barnaby-rudge
Lord George Gordon,Mussulman,2511,barnaby-rudge
Lord George Gordon,Dolly,2511,barnaby-rudge
Lord George Gordon,Blue Beards,2511,barnaby-rudge
Lord George Gordon,Miss Miggs,2511,barnaby-rudge
Lord George Gordon,Miss Miggs,2511,barnaby-rudge
Lord George Gordon,Lord George,2511,barnaby-rudge
Blue Beards,Blue Beard Mrs Varden,2511,barnaby-rudge
Blue Beards,Mussulman,2511,barnaby-rudge
Blue Beards,Dolly,2511,barnaby-rudge
Blue Beards,Lord George Gordon,2511,barnaby-rudge
Blue Beards,Miss Miggs,2511,barnaby-rudge
Blue Beards,Miss Miggs,2511,barnaby-rudge
Blue Beards,Lord George,2511,barnaby-rudge
Miss Miggs,Blue Beard Mrs Varden,2511,barnaby-rudge
Miss Miggs,Mussulman,2511,barnaby-rudge
Miss Miggs,Dolly,2511,barnaby-rudge
Miss Miggs,Lord George Gordon,2511,barnaby-rudge
Miss Miggs,Blue Beards,2511,barnaby-rudge
Miss Miggs,Lord George,2511,barnaby-rudge
Miss Miggs,Blue Beard Mrs Varden,2511,barnaby-rudge
Miss Miggs,Mussulman,2511,barnaby-rudge
Miss Miggs,Dolly,2511,barnaby-rudge
Miss Miggs,Lord George Gordon,2511,barnaby-rudge
Miss Miggs,Blue Beards,2511,barnaby-rudge
Miss Miggs,Lord George,2511,barnaby-rudge
Lord George,Blue Beard Mrs Varden,2511,barnaby-rudge
Lord George,Mussulman,2511,barnaby-rudge
Lord George,Dolly,2511,barnaby-rudge
Lord George,Lord George Gordon,2511,barnaby-rudge
Lord George,Blue Beards,2511,barnaby-rudge
Lord George,Miss Miggs,2511,barnaby-rudge
Lord George,Miss Miggs,2511,barnaby-rudge
Miggs,Varden,2514,barnaby-rudge
Varden,Miggs,2514,barnaby-rudge
Miggs,Mrs Varden,2515,barnaby-rudge
Mrs Varden,Miggs,2515,barnaby-rudge
Miggs,Miss Miggs,2516,barnaby-rudge
Miss Miggs,Miggs,2516,barnaby-rudge
Miss Miggs,Varden,2522,barnaby-rudge
Miss Miggs,Dolly,2522,barnaby-rudge
Miss Miggs,Dolly,2522,barnaby-rudge
Miss Miggs,Gabriel,2522,barnaby-rudge
Varden,Miss Miggs,2522,barnaby-rudge
Varden,Dolly,2522,barnaby-rudge
Varden,Dolly,2522,barnaby-rudge
Varden,Miss Miggs,2522,barnaby-rudge
Varden,Gabriel,2522,barnaby-rudge
Dolly,Miss Miggs,2522,barnaby-rudge
Dolly,Varden,2522,barnaby-rudge
Dolly,Miss Miggs,2522,barnaby-rudge
Dolly,Gabriel,2522,barnaby-rudge
Dolly,Miss Miggs,2522,barnaby-rudge
Dolly,Varden,2522,barnaby-rudge
Dolly,Miss Miggs,2522,barnaby-rudge
Dolly,Gabriel,2522,barnaby-rudge
Miss Miggs,Varden,2522,barnaby-rudge
Miss Miggs,Dolly,2522,barnaby-rudge
Miss Miggs,Dolly,2522,barnaby-rudge
Miss Miggs,Gabriel,2522,barnaby-rudge
Gabriel,Miss Miggs,2522,barnaby-rudge
Gabriel,Varden,2522,barnaby-rudge
Gabriel,Dolly,2522,barnaby-rudge
Gabriel,Dolly,2522,barnaby-rudge
Gabriel,Miss Miggs,2522,barnaby-rudge
Mrs Varden,Dolly,2523,barnaby-rudge
Mrs Varden,Varden,2523,barnaby-rudge
Dolly,Mrs Varden,2523,barnaby-rudge
Dolly,Varden,2523,barnaby-rudge
Dolly,Mrs Varden,2523,barnaby-rudge
Varden,Mrs Varden,2523,barnaby-rudge
Varden,Dolly,2523,barnaby-rudge
Varden,Mrs Varden,2523,barnaby-rudge
Mrs Varden,Dolly,2523,barnaby-rudge
Mrs Varden,Varden,2523,barnaby-rudge
Miggs,Doll,2525,barnaby-rudge
Doll,Miggs,2525,barnaby-rudge
Gabriel,Joe Willet,2527,barnaby-rudge
Gabriel,Joe,2527,barnaby-rudge
Gabriel,Poor Joe,2527,barnaby-rudge
Joe Willet,Gabriel,2527,barnaby-rudge
Joe Willet,Joe,2527,barnaby-rudge
Joe Willet,Poor Joe,2527,barnaby-rudge
Joe,Gabriel,2527,barnaby-rudge
Joe,Joe Willet,2527,barnaby-rudge
Joe,Poor Joe,2527,barnaby-rudge
Poor Joe,Gabriel,2527,barnaby-rudge
Poor Joe,Joe Willet,2527,barnaby-rudge
Poor Joe,Joe,2527,barnaby-rudge
Joe,John,2529,barnaby-rudge
John,Joe,2529,barnaby-rudge
Miss,Miggs,2532,barnaby-rudge
Miggs,Miss,2532,barnaby-rudge
Miss,Miggs,2535,barnaby-rudge
Miggs,Miss,2535,barnaby-rudge
Joe,Martha,2536,barnaby-rudge
Martha,Joe,2536,barnaby-rudge
Varden,Miggs,2537,barnaby-rudge
Miggs,Varden,2537,barnaby-rudge
Martha,Joe,2538,barnaby-rudge
Martha,Poor Joe,2538,barnaby-rudge
Joe,Martha,2538,barnaby-rudge
Joe,Poor Joe,2538,barnaby-rudge
Poor Joe,Martha,2538,barnaby-rudge
Poor Joe,Joe,2538,barnaby-rudge
Gabriel,Miss Dolly,2540,barnaby-rudge
Miss Dolly,Gabriel,2540,barnaby-rudge
Gabriel,Edward,2543,barnaby-rudge
Edward,Gabriel,2543,barnaby-rudge
Haredale,Gabriel,2554,barnaby-rudge
Gabriel,Haredale,2554,barnaby-rudge
Grip,Barnaby,2577,barnaby-rudge
Barnaby,Grip,2577,barnaby-rudge
Mrs Varden,Toby,2581,barnaby-rudge
Toby,Mrs Varden,2581,barnaby-rudge
Sir John,Haredale,2600,barnaby-rudge
Haredale,Sir John,2600,barnaby-rudge
John,Haredale,2608,barnaby-rudge
Haredale,John,2608,barnaby-rudge
Sir John,Gashford,2611,barnaby-rudge
Sir John,Haredale,2611,barnaby-rudge
Gashford,Sir John,2611,barnaby-rudge
Gashford,Sir John,2611,barnaby-rudge
Gashford,Haredale,2611,barnaby-rudge
Sir John,Gashford,2611,barnaby-rudge
Sir John,Haredale,2611,barnaby-rudge
Haredale,Sir John,2611,barnaby-rudge
Haredale,Gashford,2611,barnaby-rudge
Haredale,Sir John,2611,barnaby-rudge
Sir John,Haredale,2613,barnaby-rudge
Haredale,Sir John,2613,barnaby-rudge
Haredale,Lord George,2618,barnaby-rudge
Lord George,Haredale,2618,barnaby-rudge
Sir John,Haredale,2620,barnaby-rudge
Sir John,Lord George,2620,barnaby-rudge
Haredale,Sir John,2620,barnaby-rudge
Haredale,Lord George,2620,barnaby-rudge
Haredale,Sir John,2620,barnaby-rudge
Lord George,Sir John,2620,barnaby-rudge
Lord George,Haredale,2620,barnaby-rudge
Lord George,Sir John,2620,barnaby-rudge
Sir John,Haredale,2620,barnaby-rudge
Sir John,Lord George,2620,barnaby-rudge
Lord George,Sir John Chester,2621,barnaby-rudge
Lord George,Lord George Gordon,2621,barnaby-rudge
Sir John Chester,Lord George,2621,barnaby-rudge
Sir John Chester,Lord George Gordon,2621,barnaby-rudge
Lord George Gordon,Lord George,2621,barnaby-rudge
Lord George Gordon,Sir John Chester,2621,barnaby-rudge
Lord,George,2628,barnaby-rudge
George,Lord,2628,barnaby-rudge
Gashford,Sir John,2631,barnaby-rudge
Gashford,Sir John,2631,barnaby-rudge
Sir John,Gashford,2631,barnaby-rudge
Sir John,Gashford,2631,barnaby-rudge
John Chester,Gashford,2633,barnaby-rudge
John Chester,Sir John,2633,barnaby-rudge
Gashford,John Chester,2633,barnaby-rudge
Gashford,Sir John,2633,barnaby-rudge
Sir John,John Chester,2633,barnaby-rudge
Sir John,Gashford,2633,barnaby-rudge
Lord George,Gordon,2636,barnaby-rudge
Lord George,Sir John Chester,2636,barnaby-rudge
Lord George,Haredale,2636,barnaby-rudge
Gordon,Lord George,2636,barnaby-rudge
Gordon,Sir John Chester,2636,barnaby-rudge
Gordon,Haredale,2636,barnaby-rudge
Sir John Chester,Lord George,2636,barnaby-rudge
Sir John Chester,Gordon,2636,barnaby-rudge
Sir John Chester,Haredale,2636,barnaby-rudge
Haredale,Lord George,2636,barnaby-rudge
Haredale,Gordon,2636,barnaby-rudge
Haredale,Sir John Chester,2636,barnaby-rudge
Haredale,Gashford,2638,barnaby-rudge
Gashford,Haredale,2638,barnaby-rudge
John,Haredale,2645,barnaby-rudge
Haredale,John,2645,barnaby-rudge
John,Lord George,2647,barnaby-rudge
Lord George,John,2647,barnaby-rudge
God,Bloody Mary,2648,barnaby-rudge
Bloody Mary,God,2648,barnaby-rudge
John Grueby,John,2649,barnaby-rudge
John,John Grueby,2649,barnaby-rudge
John,Lord George,2650,barnaby-rudge
Lord George,John,2650,barnaby-rudge
Martin,Saint Giles,2657,barnaby-rudge
Saint Giles,Martin,2657,barnaby-rudge
Gashford,Muster Gashford,2660,barnaby-rudge
Muster Gashford,Gashford,2660,barnaby-rudge
Gashford,Hugh,2661,barnaby-rudge
Gashford,Dennis,2661,barnaby-rudge
Hugh,Gashford,2661,barnaby-rudge
Hugh,Dennis,2661,barnaby-rudge
Dennis,Gashford,2661,barnaby-rudge
Dennis,Hugh,2661,barnaby-rudge
Dennis,Hugh,2670,barnaby-rudge
Hugh,Dennis,2670,barnaby-rudge
Dennis,Muster Gashford,2672,barnaby-rudge
Muster Gashford,Dennis,2672,barnaby-rudge
Gashford,Dennis,2677,barnaby-rudge
Dennis,Gashford,2677,barnaby-rudge
Dennis,Muster Gashford,2681,barnaby-rudge
Dennis,Muster Gashford,2681,barnaby-rudge
Dennis,Papist,2681,barnaby-rudge
Muster Gashford,Dennis,2681,barnaby-rudge
Muster Gashford,Papist,2681,barnaby-rudge
Muster Gashford,Dennis,2681,barnaby-rudge
Muster Gashford,Papist,2681,barnaby-rudge
Papist,Dennis,2681,barnaby-rudge
Papist,Muster Gashford,2681,barnaby-rudge
Papist,Muster Gashford,2681,barnaby-rudge
Gashford,Dennis,2687,barnaby-rudge
Dennis,Gashford,2687,barnaby-rudge
Barnaby,God,2697,barnaby-rudge
God,Barnaby,2697,barnaby-rudge
Barnaby,Grip,2698,barnaby-rudge
Grip,Barnaby,2698,barnaby-rudge
Grip,Barnaby,2702,barnaby-rudge
Barnaby,Grip,2702,barnaby-rudge
Time,Barnaby,2703,barnaby-rudge
Barnaby,Time,2703,barnaby-rudge
Barnaby,Grip,2706,barnaby-rudge
Grip,Barnaby,2706,barnaby-rudge
Barnaby,Heaven,2730,barnaby-rudge
Heaven,Barnaby,2730,barnaby-rudge
Twenty,Night,2760,barnaby-rudge
Night,Twenty,2760,barnaby-rudge
Barnaby,Speak,2775,barnaby-rudge
Speak,Barnaby,2775,barnaby-rudge
Barnaby,Grip,2778,barnaby-rudge
Grip,Barnaby,2778,barnaby-rudge
Stagg,Barnaby,2783,barnaby-rudge
Barnaby,Stagg,2783,barnaby-rudge
Grip,Barnaby,2824,barnaby-rudge
Barnaby,Grip,2824,barnaby-rudge
Barnaby,Grip,2834,barnaby-rudge
Grip,Barnaby,2834,barnaby-rudge
Grip,Barnaby,2840,barnaby-rudge
Grip,Hurrah Bow,2840,barnaby-rudge
Grip,Polly,2840,barnaby-rudge
Grip,Barnaby,2840,barnaby-rudge
Grip,Hurrah Bow,2840,barnaby-rudge
Grip,Polly,2840,barnaby-rudge
Grip,Barnaby,2840,barnaby-rudge
Grip,Hurrah Bow,2840,barnaby-rudge
Grip,Polly,2840,barnaby-rudge
Grip,Barnaby,2840,barnaby-rudge
Grip,Hurrah Bow,2840,barnaby-rudge
Grip,Polly,2840,barnaby-rudge
Grip,Barnaby,2840,barnaby-rudge
Grip,Hurrah Bow,2840,barnaby-rudge
Grip,Polly,2840,barnaby-rudge
Barnaby,Grip,2840,barnaby-rudge
Barnaby,Grip,2840,barnaby-rudge
Barnaby,Grip,2840,barnaby-rudge
Barnaby,Grip,2840,barnaby-rudge
Barnaby,Grip,2840,barnaby-rudge
Barnaby,Hurrah Bow,2840,barnaby-rudge
Barnaby,Polly,2840,barnaby-rudge
Hurrah Bow,Grip,2840,barnaby-rudge
Hurrah Bow,Grip,2840,barnaby-rudge
Hurrah Bow,Grip,2840,barnaby-rudge
Hurrah Bow,Grip,2840,barnaby-rudge
Hurrah Bow,Grip,2840,barnaby-rudge
Hurrah Bow,Barnaby,2840,barnaby-rudge
Hurrah Bow,Polly,2840,barnaby-rudge
Polly,Grip,2840,barnaby-rudge
Polly,Grip,2840,barnaby-rudge
Polly,Grip,2840,barnaby-rudge
Polly,Grip,2840,barnaby-rudge
Polly,Grip,2840,barnaby-rudge
Polly,Barnaby,2840,barnaby-rudge
Polly,Hurrah Bow,2840,barnaby-rudge
Barnaby,Grip,2843,barnaby-rudge
Grip,Barnaby,2843,barnaby-rudge
John Bull,Barnaby,2852,barnaby-rudge
Barnaby,John Bull,2852,barnaby-rudge
George,Fields,2908,barnaby-rudge
Fields,George,2908,barnaby-rudge
Lord George,Barnaby,2913,barnaby-rudge
Barnaby,Lord George,2913,barnaby-rudge
Lord George,Heaven,2917,barnaby-rudge
Heaven,Lord George,2917,barnaby-rudge
Lord George,Which,2924,barnaby-rudge
Which,Lord George,2924,barnaby-rudge
Lord George Gordon,George,2930,barnaby-rudge
George,Lord George Gordon,2930,barnaby-rudge
Gashford,Barnaby,2936,barnaby-rudge
Barnaby,Gashford,2936,barnaby-rudge
Lord George,Barnaby,2938,barnaby-rudge
Barnaby,Lord George,2938,barnaby-rudge
Barnaby Rudge,Hugh,2946,barnaby-rudge
Barnaby Rudge,Barnaby,2946,barnaby-rudge
Hugh,Barnaby Rudge,2946,barnaby-rudge
Hugh,Barnaby,2946,barnaby-rudge
Barnaby,Barnaby Rudge,2946,barnaby-rudge
Barnaby,Hugh,2946,barnaby-rudge
Hugh,Quick,2950,barnaby-rudge
Quick,Hugh,2950,barnaby-rudge
Westminster Bridge,Lord George Gordon,2956,barnaby-rudge
Westminster Bridge,Gashford,2956,barnaby-rudge
Westminster Bridge,Blackfriars,2956,barnaby-rudge
Westminster Bridge,London Bridge,2956,barnaby-rudge
Westminster Bridge,Simon Tappertit,2956,barnaby-rudge
Westminster Bridge,Dennis,2956,barnaby-rudge
Lord George Gordon,Westminster Bridge,2956,barnaby-rudge
Lord George Gordon,Gashford,2956,barnaby-rudge
Lord George Gordon,Blackfriars,2956,barnaby-rudge
Lord George Gordon,London Bridge,2956,barnaby-rudge
Lord George Gordon,Simon Tappertit,2956,barnaby-rudge
Lord George Gordon,Dennis,2956,barnaby-rudge
Gashford,Westminster Bridge,2956,barnaby-rudge
Gashford,Lord George Gordon,2956,barnaby-rudge
Gashford,Blackfriars,2956,barnaby-rudge
Gashford,London Bridge,2956,barnaby-rudge
Gashford,Simon Tappertit,2956,barnaby-rudge
Gashford,Dennis,2956,barnaby-rudge
Blackfriars,Westminster Bridge,2956,barnaby-rudge
Blackfriars,Lord George Gordon,2956,barnaby-rudge
Blackfriars,Gashford,2956,barnaby-rudge
Blackfriars,London Bridge,2956,barnaby-rudge
Blackfriars,Simon Tappertit,2956,barnaby-rudge
Blackfriars,Dennis,2956,barnaby-rudge
London Bridge,Westminster Bridge,2956,barnaby-rudge
London Bridge,Lord George Gordon,2956,barnaby-rudge
London Bridge,Gashford,2956,barnaby-rudge
London Bridge,Blackfriars,2956,barnaby-rudge
London Bridge,Simon Tappertit,2956,barnaby-rudge
London Bridge,Dennis,2956,barnaby-rudge
Simon Tappertit,Westminster Bridge,2956,barnaby-rudge
Simon Tappertit,Lord George Gordon,2956,barnaby-rudge
Simon Tappertit,Gashford,2956,barnaby-rudge
Simon Tappertit,Blackfriars,2956,barnaby-rudge
Simon Tappertit,London Bridge,2956,barnaby-rudge
Simon Tappertit,Dennis,2956,barnaby-rudge
Dennis,Westminster Bridge,2956,barnaby-rudge
Dennis,Lord George Gordon,2956,barnaby-rudge
Dennis,Gashford,2956,barnaby-rudge
Dennis,Blackfriars,2956,barnaby-rudge
Dennis,London Bridge,2956,barnaby-rudge
Dennis,Simon Tappertit,2956,barnaby-rudge
Hugh,Barnaby,2959,barnaby-rudge
Hugh,Barnaby,2959,barnaby-rudge
Hugh,Barnaby,2959,barnaby-rudge
Barnaby,Hugh,2959,barnaby-rudge
Barnaby,Hugh,2959,barnaby-rudge
Barnaby,Hugh,2959,barnaby-rudge
Hugh,Barnaby,2965,barnaby-rudge
Barnaby,Hugh,2965,barnaby-rudge
Barnaby,Kind Hugh,2972,barnaby-rudge
Kind Hugh,Barnaby,2972,barnaby-rudge
Dennis,Barnaby,2978,barnaby-rudge
Barnaby,Dennis,2978,barnaby-rudge
Hugh,Dennis,2979,barnaby-rudge
Hugh,Barnaby,2979,barnaby-rudge
Dennis,Hugh,2979,barnaby-rudge
Dennis,Barnaby,2979,barnaby-rudge
Barnaby,Hugh,2979,barnaby-rudge
Barnaby,Dennis,2979,barnaby-rudge
Lord George,Barnaby,2982,barnaby-rudge
Lord George,Dennis,2982,barnaby-rudge
Barnaby,Lord George,2982,barnaby-rudge
Barnaby,Dennis,2982,barnaby-rudge
Dennis,Lord George,2982,barnaby-rudge
Dennis,Barnaby,2982,barnaby-rudge
George,Colonel Gordon,2992,barnaby-rudge
Colonel Gordon,George,2992,barnaby-rudge
Fearful,Barnaby,2997,barnaby-rudge
Fearful,Hugh,2997,barnaby-rudge
Barnaby,Fearful,2997,barnaby-rudge
Barnaby,Hugh,2997,barnaby-rudge
Hugh,Fearful,2997,barnaby-rudge
Hugh,Barnaby,2997,barnaby-rudge
Barnaby,Hugh,2999,barnaby-rudge
Barnaby,Somebody,2999,barnaby-rudge
Hugh,Barnaby,2999,barnaby-rudge
Hugh,Somebody,2999,barnaby-rudge
Hugh,Barnaby,2999,barnaby-rudge
Hugh,Barnaby,2999,barnaby-rudge
Somebody,Barnaby,2999,barnaby-rudge
Somebody,Hugh,2999,barnaby-rudge
Somebody,Barnaby,2999,barnaby-rudge
Somebody,Barnaby,2999,barnaby-rudge
Barnaby,Hugh,2999,barnaby-rudge
Barnaby,Somebody,2999,barnaby-rudge
Barnaby,Hugh,2999,barnaby-rudge
Barnaby,Somebody,2999,barnaby-rudge
Hugh,Barnaby,3004,barnaby-rudge
Hugh,Barnaby,3004,barnaby-rudge
Hugh,Blackfriars,3004,barnaby-rudge
Barnaby,Hugh,3004,barnaby-rudge
Barnaby,Blackfriars,3004,barnaby-rudge
Barnaby,Hugh,3004,barnaby-rudge
Barnaby,Blackfriars,3004,barnaby-rudge
Blackfriars,Hugh,3004,barnaby-rudge
Blackfriars,Barnaby,3004,barnaby-rudge
Blackfriars,Barnaby,3004,barnaby-rudge
Fleet Street,Horse Guards,3005,barnaby-rudge
Fleet Street,Hugh,3005,barnaby-rudge
Horse Guards,Fleet Street,3005,barnaby-rudge
Horse Guards,Hugh,3005,barnaby-rudge
Hugh,Fleet Street,3005,barnaby-rudge
Hugh,Horse Guards,3005,barnaby-rudge
Simon Tappertit,Dennis,3007,barnaby-rudge
Simon Tappertit,Barnaby,3007,barnaby-rudge
Dennis,Simon Tappertit,3007,barnaby-rudge
Dennis,Barnaby,3007,barnaby-rudge
Barnaby,Simon Tappertit,3007,barnaby-rudge
Barnaby,Dennis,3007,barnaby-rudge
Hugh,Barnaby,3012,barnaby-rudge
Barnaby,Hugh,3012,barnaby-rudge
Dennis,Barnaby,3014,barnaby-rudge
Dennis,Gashford,3014,barnaby-rudge
Barnaby,Dennis,3014,barnaby-rudge
Barnaby,Gashford,3014,barnaby-rudge
Gashford,Dennis,3014,barnaby-rudge
Gashford,Barnaby,3014,barnaby-rudge
Muster Gashford,Dennis,3016,barnaby-rudge
Dennis,Muster Gashford,3016,barnaby-rudge
Gashford,Dennis,3020,barnaby-rudge
Dennis,Gashford,3020,barnaby-rudge
Muster Gashford,Dennis,3030,barnaby-rudge
Dennis,Muster Gashford,3030,barnaby-rudge
Dennis,Drink,3038,barnaby-rudge
Dennis,Muster Gashford,3038,barnaby-rudge
Drink,Dennis,3038,barnaby-rudge
Drink,Muster Gashford,3038,barnaby-rudge
Muster Gashford,Dennis,3038,barnaby-rudge
Muster Gashford,Drink,3038,barnaby-rudge
Hugh,Barnaby,3041,barnaby-rudge
Hugh,Barnaby,3041,barnaby-rudge
Hugh,Gashford,3041,barnaby-rudge
Barnaby,Hugh,3041,barnaby-rudge
Barnaby,Gashford,3041,barnaby-rudge
Barnaby,Hugh,3041,barnaby-rudge
Barnaby,Gashford,3041,barnaby-rudge
Gashford,Hugh,3041,barnaby-rudge
Gashford,Barnaby,3041,barnaby-rudge
Gashford,Barnaby,3041,barnaby-rudge
Lincoln,Golden Square,3042,barnaby-rudge
Golden Square,Lincoln,3042,barnaby-rudge
Barnaby,Dennis,3048,barnaby-rudge
Dennis,Barnaby,3048,barnaby-rudge
Gabriel Varden,Miss Miggs,3055,barnaby-rudge
Miss Miggs,Gabriel Varden,3055,barnaby-rudge
Miss Miggs,Simmuns,3062,barnaby-rudge
Simmuns,Miss Miggs,3062,barnaby-rudge
Varden,Simon,3073,barnaby-rudge
Varden,Miss Miggs,3073,barnaby-rudge
Simon,Varden,3073,barnaby-rudge
Simon,Miss Miggs,3073,barnaby-rudge
Miss Miggs,Varden,3073,barnaby-rudge
Miss Miggs,Simon,3073,barnaby-rudge
Simon,Mrs Varden,3074,barnaby-rudge
Simon,Beware,3074,barnaby-rudge
Simon,Varden,3074,barnaby-rudge
Mrs Varden,Simon,3074,barnaby-rudge
Mrs Varden,Beware,3074,barnaby-rudge
Mrs Varden,Varden,3074,barnaby-rudge
Beware,Simon,3074,barnaby-rudge
Beware,Mrs Varden,3074,barnaby-rudge
Beware,Varden,3074,barnaby-rudge
Varden,Simon,3074,barnaby-rudge
Varden,Mrs Varden,3074,barnaby-rudge
Varden,Beware,3074,barnaby-rudge
Varden,Miggs,3078,barnaby-rudge
Varden,Quick,3078,barnaby-rudge
Varden,Simon,3078,barnaby-rudge
Miggs,Varden,3078,barnaby-rudge
Miggs,Quick,3078,barnaby-rudge
Miggs,Simon,3078,barnaby-rudge
Quick,Varden,3078,barnaby-rudge
Quick,Miggs,3078,barnaby-rudge
Quick,Simon,3078,barnaby-rudge
Simon,Varden,3078,barnaby-rudge
Simon,Miggs,3078,barnaby-rudge
Simon,Quick,3078,barnaby-rudge
Sim,Miggs,3080,barnaby-rudge
Miggs,Sim,3080,barnaby-rudge
Sim,Farewell,3092,barnaby-rudge
Farewell,Sim,3092,barnaby-rudge
Simon,Miggs,3099,barnaby-rudge
Miggs,Simon,3099,barnaby-rudge
Simon,Miggs,3103,barnaby-rudge
Simon,Mrs Varden,3103,barnaby-rudge
Miggs,Simon,3103,barnaby-rudge
Miggs,Mrs Varden,3103,barnaby-rudge
Mrs Varden,Simon,3103,barnaby-rudge
Mrs Varden,Miggs,3103,barnaby-rudge
Varden,Simon Tappertit,3104,barnaby-rudge
Simon Tappertit,Varden,3104,barnaby-rudge
Sim,Simon,3105,barnaby-rudge
Sim,Gabriel Varden,3105,barnaby-rudge
Sim,Simon,3105,barnaby-rudge
Simon,Sim,3105,barnaby-rudge
Simon,Gabriel Varden,3105,barnaby-rudge
Gabriel Varden,Sim,3105,barnaby-rudge
Gabriel Varden,Simon,3105,barnaby-rudge
Gabriel Varden,Simon,3105,barnaby-rudge
Simon,Sim,3105,barnaby-rudge
Simon,Gabriel Varden,3105,barnaby-rudge
Mrs Varden,Miggs,3107,barnaby-rudge
Miggs,Mrs Varden,3107,barnaby-rudge
Miss Miggs,Mrs Varden,3108,barnaby-rudge
Mrs Varden,Miss Miggs,3108,barnaby-rudge
Dennis,Muster Gashford,3130,barnaby-rudge
Muster Gashford,Dennis,3130,barnaby-rudge
Dennis,Simon Tappertit,3140,barnaby-rudge
Simon Tappertit,Dennis,3140,barnaby-rudge
Muster Gashford,Dennis,3144,barnaby-rudge
Dennis,Muster Gashford,3144,barnaby-rudge
Dennis,Barnaby,3148,barnaby-rudge
Barnaby,Dennis,3148,barnaby-rudge
Hugh,Drink,3152,barnaby-rudge
Drink,Hugh,3152,barnaby-rudge
Welbeck Street,Barnaby,3155,barnaby-rudge
Welbeck Street,Moorfields,3155,barnaby-rudge
Barnaby,Welbeck Street,3155,barnaby-rudge
Barnaby,Moorfields,3155,barnaby-rudge
Moorfields,Welbeck Street,3155,barnaby-rudge
Moorfields,Barnaby,3155,barnaby-rudge
Welbeck Street,Hugh,3158,barnaby-rudge
Hugh,Welbeck Street,3158,barnaby-rudge
Gashford,Barnaby,3170,barnaby-rudge
Gashford,Dennis,3170,barnaby-rudge
Barnaby,Gashford,3170,barnaby-rudge
Barnaby,Dennis,3170,barnaby-rudge
Dennis,Gashford,3170,barnaby-rudge
Dennis,Barnaby,3170,barnaby-rudge
Dennis,Gashford,3174,barnaby-rudge
Gashford,Dennis,3174,barnaby-rudge
Gashford,Dennis,3174,barnaby-rudge
Dennis,Gashford,3174,barnaby-rudge
Muster Gashford,Barnaby,3184,barnaby-rudge
Barnaby,Muster Gashford,3184,barnaby-rudge
Barnaby,Hugh,3187,barnaby-rudge
Barnaby,Hugh,3187,barnaby-rudge
Hugh,Barnaby,3187,barnaby-rudge
Hugh,Barnaby,3187,barnaby-rudge
Hugh,Dennis,3203,barnaby-rudge
Dennis,Hugh,3203,barnaby-rudge
Barnaby,Dennis,3206,barnaby-rudge
Barnaby,Sharp,3206,barnaby-rudge
Barnaby,Quick,3206,barnaby-rudge
Dennis,Barnaby,3206,barnaby-rudge
Dennis,Sharp,3206,barnaby-rudge
Dennis,Quick,3206,barnaby-rudge
Sharp,Barnaby,3206,barnaby-rudge
Sharp,Dennis,3206,barnaby-rudge
Sharp,Quick,3206,barnaby-rudge
Quick,Barnaby,3206,barnaby-rudge
Quick,Dennis,3206,barnaby-rudge
Quick,Sharp,3206,barnaby-rudge
Barnaby,Hugh,3207,barnaby-rudge
Hugh,Barnaby,3207,barnaby-rudge
Gashford,Hugh,3213,barnaby-rudge
Hugh,Gashford,3213,barnaby-rudge
Hugh,Dennis,3220,barnaby-rudge
Dennis,Hugh,3220,barnaby-rudge
Dennis,Hugh,3223,barnaby-rudge
Dennis,Hugh,3223,barnaby-rudge
Hugh,Dennis,3223,barnaby-rudge
Hugh,Dennis,3223,barnaby-rudge
Gashford,Hugh,3225,barnaby-rudge
Hugh,Gashford,3225,barnaby-rudge
Hugh,Gashford,3225,barnaby-rudge
Gashford,Hugh,3225,barnaby-rudge
Gashford,Welbeck Street,3226,barnaby-rudge
Welbeck Street,Gashford,3226,barnaby-rudge
Simon Tappertit,Dennis,3228,barnaby-rudge
Dennis,Simon Tappertit,3228,barnaby-rudge
Gashford,Sir John Chester,3229,barnaby-rudge
Gashford,Sir John,3229,barnaby-rudge
Sir John Chester,Gashford,3229,barnaby-rudge
Sir John Chester,Gashford,3229,barnaby-rudge
Sir John Chester,Sir John,3229,barnaby-rudge
Gashford,Sir John Chester,3229,barnaby-rudge
Gashford,Sir John,3229,barnaby-rudge
Sir John,Gashford,3229,barnaby-rudge
Sir John,Sir John Chester,3229,barnaby-rudge
Sir John,Gashford,3229,barnaby-rudge
Gashford,John,3237,barnaby-rudge
John,Gashford,3237,barnaby-rudge
Johnny,Solomon,3239,barnaby-rudge
Solomon,Johnny,3239,barnaby-rudge
Solomon,Johnny,3239,barnaby-rudge
Johnny,Solomon,3239,barnaby-rudge
Parkes,Johnny,3240,barnaby-rudge
Johnny,Parkes,3240,barnaby-rudge
Johnny,Parkes,3242,barnaby-rudge
Parkes,Johnny,3242,barnaby-rudge
Parkes,Willet,3246,barnaby-rudge
Parkes,Messrs Cobb,3246,barnaby-rudge
Parkes,Daisy,3246,barnaby-rudge
Willet,Parkes,3246,barnaby-rudge
Willet,Messrs Cobb,3246,barnaby-rudge
Willet,Daisy,3246,barnaby-rudge
Willet,Parkes,3246,barnaby-rudge
Messrs Cobb,Parkes,3246,barnaby-rudge
Messrs Cobb,Willet,3246,barnaby-rudge
Messrs Cobb,Daisy,3246,barnaby-rudge
Messrs Cobb,Parkes,3246,barnaby-rudge
Daisy,Parkes,3246,barnaby-rudge
Daisy,Willet,3246,barnaby-rudge
Daisy,Messrs Cobb,3246,barnaby-rudge
Daisy,Parkes,3246,barnaby-rudge
Parkes,Willet,3246,barnaby-rudge
Parkes,Messrs Cobb,3246,barnaby-rudge
Parkes,Daisy,3246,barnaby-rudge
Solomon,Johnny,3250,barnaby-rudge
Johnny,Solomon,3250,barnaby-rudge
John,Willet,3253,barnaby-rudge
Willet,John,3253,barnaby-rudge
Hugh,John,3263,barnaby-rudge
John,Hugh,3263,barnaby-rudge
John,Hugh,3266,barnaby-rudge
John,Nay,3266,barnaby-rudge
John,John Willet,3266,barnaby-rudge
John,Hugh,3266,barnaby-rudge
John,Hugh,3266,barnaby-rudge
Hugh,John,3266,barnaby-rudge
Hugh,Nay,3266,barnaby-rudge
Hugh,John Willet,3266,barnaby-rudge
Hugh,John,3266,barnaby-rudge
Nay,John,3266,barnaby-rudge
Nay,Hugh,3266,barnaby-rudge
Nay,John Willet,3266,barnaby-rudge
Nay,Hugh,3266,barnaby-rudge
Nay,John,3266,barnaby-rudge
Nay,Hugh,3266,barnaby-rudge
John Willet,John,3266,barnaby-rudge
John Willet,Hugh,3266,barnaby-rudge
John Willet,Nay,3266,barnaby-rudge
John Willet,Hugh,3266,barnaby-rudge
John Willet,John,3266,barnaby-rudge
John Willet,Hugh,3266,barnaby-rudge
Hugh,John,3266,barnaby-rudge
Hugh,Nay,3266,barnaby-rudge
Hugh,John Willet,3266,barnaby-rudge
Hugh,John,3266,barnaby-rudge
John,Hugh,3266,barnaby-rudge
John,Nay,3266,barnaby-rudge
John,John Willet,3266,barnaby-rudge
John,Hugh,3266,barnaby-rudge
John,Hugh,3266,barnaby-rudge
Hugh,John,3266,barnaby-rudge
Hugh,Nay,3266,barnaby-rudge
Hugh,John Willet,3266,barnaby-rudge
Hugh,John,3266,barnaby-rudge
John,Dennis,3267,barnaby-rudge
Dennis,John,3267,barnaby-rudge
Jack,Hugh,3268,barnaby-rudge
Hugh,Jack,3268,barnaby-rudge
John,Willet,3269,barnaby-rudge
Willet,John,3269,barnaby-rudge
Jack,Hugh,3270,barnaby-rudge
Jack,Hand,3270,barnaby-rudge
Hugh,Jack,3270,barnaby-rudge
Hugh,Hand,3270,barnaby-rudge
Hand,Jack,3270,barnaby-rudge
Hand,Hugh,3270,barnaby-rudge
Hugh,John,3271,barnaby-rudge
John,Hugh,3271,barnaby-rudge
Hugh,Dennis,3272,barnaby-rudge
Dennis,Hugh,3272,barnaby-rudge
Hugh,John,3282,barnaby-rudge
Hugh,Dennis,3282,barnaby-rudge
John,Hugh,3282,barnaby-rudge
John,Dennis,3282,barnaby-rudge
Dennis,Hugh,3282,barnaby-rudge
Dennis,John,3282,barnaby-rudge
Hugh,John Willet,3286,barnaby-rudge
John Willet,Hugh,3286,barnaby-rudge
John Willet,John,3289,barnaby-rudge
John,John Willet,3289,barnaby-rudge
Hugh,Haredale,3315,barnaby-rudge
Hugh,John Willet,3315,barnaby-rudge
Haredale,Hugh,3315,barnaby-rudge
Haredale,John Willet,3315,barnaby-rudge
John Willet,Hugh,3315,barnaby-rudge
John Willet,Haredale,3315,barnaby-rudge
Clare Market,Sir George Saville,3326,barnaby-rudge
Clare Market,Fields,3326,barnaby-rudge
Clare Market,Sir George,3326,barnaby-rudge
Sir George Saville,Clare Market,3326,barnaby-rudge
Sir George Saville,Fields,3326,barnaby-rudge
Sir George Saville,Sir George,3326,barnaby-rudge
Fields,Clare Market,3326,barnaby-rudge
Fields,Sir George Saville,3326,barnaby-rudge
Fields,Sir George,3326,barnaby-rudge
Sir George,Clare Market,3326,barnaby-rudge
Sir George,Sir George Saville,3326,barnaby-rudge
Sir George,Fields,3326,barnaby-rudge
Daisy,Willet,3344,barnaby-rudge
Daisy,Willet,3344,barnaby-rudge
Willet,Daisy,3344,barnaby-rudge
Willet,Daisy,3344,barnaby-rudge
Johnny,Solomon,3347,barnaby-rudge
Solomon,Johnny,3347,barnaby-rudge
Solomon,Johnny,3347,barnaby-rudge
Solomon,Johnny,3347,barnaby-rudge
Solomon,Johnny,3347,barnaby-rudge
Johnny,Solomon,3347,barnaby-rudge
Johnny,Solomon,3347,barnaby-rudge
Johnny,Solomon,3347,barnaby-rudge
Solomon Daisy,Willet,3348,barnaby-rudge
Willet,Solomon Daisy,3348,barnaby-rudge
Solomon,John,3349,barnaby-rudge
Solomon,John,3349,barnaby-rudge
John,Solomon,3349,barnaby-rudge
John,Solomon,3349,barnaby-rudge
Solomon,John,3349,barnaby-rudge
Solomon,John,3349,barnaby-rudge
John,Solomon,3349,barnaby-rudge
John,Solomon,3349,barnaby-rudge
Johnny,Solomon,3354,barnaby-rudge
Johnny,Willet,3354,barnaby-rudge
Solomon,Johnny,3354,barnaby-rudge
Solomon,Willet,3354,barnaby-rudge
Willet,Johnny,3354,barnaby-rudge
Willet,Solomon,3354,barnaby-rudge
John,John Willet,3358,barnaby-rudge
John,John Willet,3358,barnaby-rudge
John Willet,John,3358,barnaby-rudge
John Willet,John,3358,barnaby-rudge
Johnny,Willet,3359,barnaby-rudge
Willet,Johnny,3359,barnaby-rudge
Willet,Johnny,3359,barnaby-rudge
Johnny,Willet,3359,barnaby-rudge
Solomon Daisy,Willet,3368,barnaby-rudge
Willet,Solomon Daisy,3368,barnaby-rudge
Haredale,Solomon,3369,barnaby-rudge
Solomon,Haredale,3369,barnaby-rudge
Solomon,Haredale,3375,barnaby-rudge
Haredale,Solomon,3375,barnaby-rudge
Heaven,Rudge,3382,barnaby-rudge
Rudge,Heaven,3382,barnaby-rudge
Hugh,Barnaby,3386,barnaby-rudge
Barnaby,Hugh,3386,barnaby-rudge
Grip,Hugh,3388,barnaby-rudge
Grip,Barnaby,3388,barnaby-rudge
Grip,Barnaby,3388,barnaby-rudge
Hugh,Grip,3388,barnaby-rudge
Hugh,Barnaby,3388,barnaby-rudge
Hugh,Barnaby,3388,barnaby-rudge
Barnaby,Grip,3388,barnaby-rudge
Barnaby,Hugh,3388,barnaby-rudge
Barnaby,Grip,3388,barnaby-rudge
Barnaby,Hugh,3388,barnaby-rudge
Barnaby,Grip,3389,barnaby-rudge
Grip,Barnaby,3389,barnaby-rudge
Grip Grip Grip,Holloa,3392,barnaby-rudge
Holloa,Grip Grip Grip,3392,barnaby-rudge
Grip,Barnaby,3393,barnaby-rudge
Barnaby,Grip,3393,barnaby-rudge
Barnaby,Grip,3395,barnaby-rudge
Grip,Barnaby,3395,barnaby-rudge
Barnaby,Grip,3404,barnaby-rudge
Barnaby,Grip,3404,barnaby-rudge
Grip,Barnaby,3404,barnaby-rudge
Grip,Barnaby,3404,barnaby-rudge
Lord,George,3406,barnaby-rudge
Lord,Barnaby,3406,barnaby-rudge
George,Lord,3406,barnaby-rudge
George,Barnaby,3406,barnaby-rudge
Barnaby,Lord,3406,barnaby-rudge
Barnaby,George,3406,barnaby-rudge
John,Grueby,3408,barnaby-rudge
Grueby,John,3408,barnaby-rudge
Lord George,Barnaby,3425,barnaby-rudge
Barnaby,Lord George,3425,barnaby-rudge
Grip,Barnaby,3427,barnaby-rudge
Grip,Gordon,3427,barnaby-rudge
Barnaby,Grip,3427,barnaby-rudge
Barnaby,Gordon,3427,barnaby-rudge
Gordon,Grip,3427,barnaby-rudge
Gordon,Barnaby,3427,barnaby-rudge
Barnaby,Lord George,3429,barnaby-rudge
Lord George,Barnaby,3429,barnaby-rudge
Lord,George,3430,barnaby-rudge
Lord,Honest John,3430,barnaby-rudge
Lord,Barnaby,3430,barnaby-rudge
Lord,Barnaby,3430,barnaby-rudge
George,Lord,3430,barnaby-rudge
George,Honest John,3430,barnaby-rudge
George,Barnaby,3430,barnaby-rudge
George,Barnaby,3430,barnaby-rudge
Honest John,Lord,3430,barnaby-rudge
Honest John,George,3430,barnaby-rudge
Honest John,Barnaby,3430,barnaby-rudge
Honest John,Barnaby,3430,barnaby-rudge
Barnaby,Lord,3430,barnaby-rudge
Barnaby,George,3430,barnaby-rudge
Barnaby,Honest John,3430,barnaby-rudge
Barnaby,Lord,3430,barnaby-rudge
Barnaby,George,3430,barnaby-rudge
Barnaby,Honest John,3430,barnaby-rudge
Grip,Golden,3444,barnaby-rudge
Golden,Grip,3444,barnaby-rudge
Tramp,Heads,3448,barnaby-rudge
Heads,Tramp,3448,barnaby-rudge
Barnaby,Grip,3481,barnaby-rudge
Grip,Barnaby,3481,barnaby-rudge
Dolly,Emma Haredale,3519,barnaby-rudge
Emma Haredale,Dolly,3519,barnaby-rudge
Emma Haredale,Dolly,3519,barnaby-rudge
Emma Haredale,Dolly,3519,barnaby-rudge
Emma Haredale,Dolly,3519,barnaby-rudge
Dolly,Emma Haredale,3519,barnaby-rudge
Dolly,Emma Haredale,3519,barnaby-rudge
Dolly,Emma Haredale,3519,barnaby-rudge
Miss Haredale,Dolly,3520,barnaby-rudge
Miss Haredale,Dolly,3520,barnaby-rudge
Dolly,Miss Haredale,3520,barnaby-rudge
Dolly,Miss Haredale,3520,barnaby-rudge
Dolly,Joe,3521,barnaby-rudge
Dolly,Joe,3521,barnaby-rudge
Joe,Dolly,3521,barnaby-rudge
Joe,Dolly,3521,barnaby-rudge
Hugh,Miss Haredale,3526,barnaby-rudge
Miss Haredale,Hugh,3526,barnaby-rudge
Hugh,Scream,3531,barnaby-rudge
Hugh,Scream,3531,barnaby-rudge
Scream,Hugh,3531,barnaby-rudge
Scream,Hugh,3531,barnaby-rudge
Miss Haredale,Hugh,3532,barnaby-rudge
Hugh,Miss Haredale,3532,barnaby-rudge
Poor,Dennis,3533,barnaby-rudge
Dennis,Poor,3533,barnaby-rudge
Tappertit,Dolly,3543,barnaby-rudge
Dolly,Tappertit,3543,barnaby-rudge
Dolly,Thank God,3544,barnaby-rudge
Dolly,Sim,3544,barnaby-rudge
Thank God,Dolly,3544,barnaby-rudge
Thank God,Sim,3544,barnaby-rudge
Sim,Dolly,3544,barnaby-rudge
Sim,Thank God,3544,barnaby-rudge
Simon Tappertit,Dennis,3545,barnaby-rudge
Dennis,Simon Tappertit,3545,barnaby-rudge
Sim,Dolly Varden,3546,barnaby-rudge
Dolly Varden,Sim,3546,barnaby-rudge
Miss V.,Simon,3548,barnaby-rudge
Miss V.,Dolly V.,3548,barnaby-rudge
Miss V.,Dolly V.,3548,barnaby-rudge
Simon,Miss V.,3548,barnaby-rudge
Simon,Dolly V.,3548,barnaby-rudge
Simon,Dolly V.,3548,barnaby-rudge
Dolly V.,Miss V.,3548,barnaby-rudge
Dolly V.,Simon,3548,barnaby-rudge
Dolly V.,Miss V.,3548,barnaby-rudge
Dolly V.,Simon,3548,barnaby-rudge
Simon,Dolly,3549,barnaby-rudge
Simon,Hugh,3549,barnaby-rudge
Dolly,Simon,3549,barnaby-rudge
Dolly,Hugh,3549,barnaby-rudge
Hugh,Simon,3549,barnaby-rudge
Hugh,Dolly,3549,barnaby-rudge
Hugh,Tappertit,3551,barnaby-rudge
Hugh,Miss Haredale,3551,barnaby-rudge
Tappertit,Hugh,3551,barnaby-rudge
Tappertit,Miss Haredale,3551,barnaby-rudge
Miss Haredale,Hugh,3551,barnaby-rudge
Miss Haredale,Tappertit,3551,barnaby-rudge
Dennis,Muster Gashford,3559,barnaby-rudge
Muster Gashford,Dennis,3559,barnaby-rudge
Hugh,Simon Tappertit,3564,barnaby-rudge
Simon Tappertit,Hugh,3564,barnaby-rudge
Hugh,Dennis,3572,barnaby-rudge
Dennis,Hugh,3572,barnaby-rudge
Barnaby,Hugh,3576,barnaby-rudge
Barnaby,Fleet Market,3576,barnaby-rudge
Barnaby,Hugh,3576,barnaby-rudge
Barnaby,Fleet Market,3576,barnaby-rudge
Hugh,Barnaby,3576,barnaby-rudge
Hugh,Barnaby,3576,barnaby-rudge
Hugh,Fleet Market,3576,barnaby-rudge
Fleet Market,Barnaby,3576,barnaby-rudge
Fleet Market,Barnaby,3576,barnaby-rudge
Fleet Market,Hugh,3576,barnaby-rudge
Fleet Market,Farringdon Street,3578,barnaby-rudge
Farringdon Street,Fleet Market,3578,barnaby-rudge
Farringdon Street,Fleet Market,3578,barnaby-rudge
Fleet Market,Farringdon Street,3578,barnaby-rudge
Hugh,Barnaby,3583,barnaby-rudge
Barnaby,Hugh,3583,barnaby-rudge
Hugh,Dennis,3598,barnaby-rudge
Dennis,Hugh,3598,barnaby-rudge
Hugh,Barnaby,3599,barnaby-rudge
Barnaby,Hugh,3599,barnaby-rudge
Langdale,Holborn Hill,3635,barnaby-rudge
Holborn Hill,Langdale,3635,barnaby-rudge
Haredale,Sir John Fielding,3636,barnaby-rudge
Sir John Fielding,Haredale,3636,barnaby-rudge
Sir John,Haredale,3637,barnaby-rudge
Haredale,Sir John,3637,barnaby-rudge
Haredale,Nay,3640,barnaby-rudge
Nay,Haredale,3640,barnaby-rudge
Rudge,Farther,3686,barnaby-rudge
Farther,Rudge,3686,barnaby-rudge
Hugh,Dennis,3732,barnaby-rudge
Hugh,Simon Tappertit,3732,barnaby-rudge
Dennis,Hugh,3732,barnaby-rudge
Dennis,Simon Tappertit,3732,barnaby-rudge
Simon Tappertit,Hugh,3732,barnaby-rudge
Simon Tappertit,Dennis,3732,barnaby-rudge
Mark,Begone,3738,barnaby-rudge
Begone,Mark,3738,barnaby-rudge
Simmun,Miss Miggs,3746,barnaby-rudge
Simmun,Simmuns,3746,barnaby-rudge
Miss Miggs,Simmun,3746,barnaby-rudge
Miss Miggs,Simmuns,3746,barnaby-rudge
Simmuns,Simmun,3746,barnaby-rudge
Simmuns,Miss Miggs,3746,barnaby-rudge
Miggs,Simmun,3752,barnaby-rudge
Miggs,Pagin,3752,barnaby-rudge
Simmun,Miggs,3752,barnaby-rudge
Simmun,Pagin,3752,barnaby-rudge
Simmun,Miggs,3752,barnaby-rudge
Pagin,Miggs,3752,barnaby-rudge
Pagin,Simmun,3752,barnaby-rudge
Pagin,Miggs,3752,barnaby-rudge
Miggs,Simmun,3752,barnaby-rudge
Miggs,Pagin,3752,barnaby-rudge
Gabriel,Dennis,3754,barnaby-rudge
Gabriel,Simon Tappertit,3754,barnaby-rudge
Dennis,Gabriel,3754,barnaby-rudge
Dennis,Simon Tappertit,3754,barnaby-rudge
Simon Tappertit,Gabriel,3754,barnaby-rudge
Simon Tappertit,Dennis,3754,barnaby-rudge
Hugh,Varden,3759,barnaby-rudge
Varden,Hugh,3759,barnaby-rudge
Simon Tappertit,Miss Miggs,3780,barnaby-rudge
Miss Miggs,Simon Tappertit,3780,barnaby-rudge
Simmuns,Miggs,3785,barnaby-rudge
Miggs,Simmuns,3785,barnaby-rudge
Hugh,Akerman,3794,barnaby-rudge
Akerman,Hugh,3794,barnaby-rudge
Dennis,Hugh,3795,barnaby-rudge
Hugh,Dennis,3795,barnaby-rudge
Akerman,Gabriel,3804,barnaby-rudge
Gabriel,Akerman,3804,barnaby-rudge
Gabriel,Gabriel Varden,3806,barnaby-rudge
Gabriel Varden,Gabriel,3806,barnaby-rudge
Varden,George,3818,barnaby-rudge
George,Varden,3818,barnaby-rudge
John,Grueby,3913,barnaby-rudge
John,Haredale,3913,barnaby-rudge
Grueby,John,3913,barnaby-rudge
Grueby,Haredale,3913,barnaby-rudge
Haredale,John,3913,barnaby-rudge
Haredale,Grueby,3913,barnaby-rudge
Lord Mansfield,Lady Mansfield,3921,barnaby-rudge
Lady Mansfield,Lord Mansfield,3921,barnaby-rudge
Lady Mansfield,Lord Mansfield,3921,barnaby-rudge
Lord Mansfield,Lady Mansfield,3921,barnaby-rudge
Westminster Hall,Horse Guards,3930,barnaby-rudge
Westminster Hall,Palace Yard,3930,barnaby-rudge
Westminster Hall,Militia,3930,barnaby-rudge
Westminster Hall,Tower,3930,barnaby-rudge
Westminster Hall,Lord Rockingham,3930,barnaby-rudge
Horse Guards,Westminster Hall,3930,barnaby-rudge
Horse Guards,Palace Yard,3930,barnaby-rudge
Horse Guards,Militia,3930,barnaby-rudge
Horse Guards,Tower,3930,barnaby-rudge
Horse Guards,Lord Rockingham,3930,barnaby-rudge
Palace Yard,Westminster Hall,3930,barnaby-rudge
Palace Yard,Horse Guards,3930,barnaby-rudge
Palace Yard,Militia,3930,barnaby-rudge
Palace Yard,Tower,3930,barnaby-rudge
Palace Yard,Lord Rockingham,3930,barnaby-rudge
Militia,Westminster Hall,3930,barnaby-rudge
Militia,Horse Guards,3930,barnaby-rudge
Militia,Palace Yard,3930,barnaby-rudge
Militia,Tower,3930,barnaby-rudge
Militia,Lord Rockingham,3930,barnaby-rudge
Tower,Westminster Hall,3930,barnaby-rudge
Tower,Horse Guards,3930,barnaby-rudge
Tower,Palace Yard,3930,barnaby-rudge
Tower,Militia,3930,barnaby-rudge
Tower,Lord Rockingham,3930,barnaby-rudge
Lord Rockingham,Westminster Hall,3930,barnaby-rudge
Lord Rockingham,Horse Guards,3930,barnaby-rudge
Lord Rockingham,Palace Yard,3930,barnaby-rudge
Lord Rockingham,Militia,3930,barnaby-rudge
Lord Rockingham,Tower,3930,barnaby-rudge
Bench,Fleet Prisons,3931,barnaby-rudge
Fleet Prisons,Bench,3931,barnaby-rudge
Bench,Holborn,3933,barnaby-rudge
Holborn,Bench,3933,barnaby-rudge
Bench,Mildred,3939,barnaby-rudge
Mildred,Bench,3939,barnaby-rudge
Holborn Hill,Fleet Market,3941,barnaby-rudge
Holborn Hill,Snow Hill,3941,barnaby-rudge
Fleet Market,Holborn Hill,3941,barnaby-rudge
Fleet Market,Snow Hill,3941,barnaby-rudge
Snow Hill,Holborn Hill,3941,barnaby-rudge
Snow Hill,Fleet Market,3941,barnaby-rudge
Hugh,Fleet Market,3945,barnaby-rudge
Fleet Market,Hugh,3945,barnaby-rudge
Haredale,Hugh,3947,barnaby-rudge
Hugh,Haredale,3947,barnaby-rudge
Haredale,Edward Chester,3954,barnaby-rudge
Haredale,Joe Willet,3954,barnaby-rudge
Edward Chester,Haredale,3954,barnaby-rudge
Edward Chester,Joe Willet,3954,barnaby-rudge
Joe Willet,Haredale,3954,barnaby-rudge
Joe Willet,Edward Chester,3954,barnaby-rudge
Haredale,Joe,3957,barnaby-rudge
Joe,Haredale,3957,barnaby-rudge
Edward,Joe,3963,barnaby-rudge
Joe,Edward,3963,barnaby-rudge
John Grueby,John,3965,barnaby-rudge
John,John Grueby,3965,barnaby-rudge
Joe,Edward,3966,barnaby-rudge
Edward,Joe,3966,barnaby-rudge
Edward,Joe,3966,barnaby-rudge
Joe,Edward,3966,barnaby-rudge
Dennis,Hugh,3987,barnaby-rudge
Dennis,Barnaby,3987,barnaby-rudge
Hugh,Dennis,3987,barnaby-rudge
Hugh,Barnaby,3987,barnaby-rudge
Barnaby,Dennis,3987,barnaby-rudge
Barnaby,Hugh,3987,barnaby-rudge
Barnaby,Leather Lane,3989,barnaby-rudge
Barnaby,Leather Lane,3989,barnaby-rudge
Leather Lane,Barnaby,3989,barnaby-rudge
Leather Lane,Barnaby,3989,barnaby-rudge
Devil,Hallo,4048,barnaby-rudge
Devil,Hallo,4048,barnaby-rudge
Devil,Hallo,4048,barnaby-rudge
Devil,Drink,4048,barnaby-rudge
Devil,Hallo,4048,barnaby-rudge
Hallo,Devil,4048,barnaby-rudge
Hallo,Drink,4048,barnaby-rudge
Hallo,Devil,4048,barnaby-rudge
Hallo,Drink,4048,barnaby-rudge
Hallo,Devil,4048,barnaby-rudge
Hallo,Drink,4048,barnaby-rudge
Drink,Devil,4048,barnaby-rudge
Drink,Hallo,4048,barnaby-rudge
Drink,Hallo,4048,barnaby-rudge
Drink,Hallo,4048,barnaby-rudge
Drink,Hallo,4048,barnaby-rudge
Hallo,Devil,4048,barnaby-rudge
Hallo,Drink,4048,barnaby-rudge
Hugh,Barnaby,4049,barnaby-rudge
Barnaby,Hugh,4049,barnaby-rudge
Hugh,Dennis,4051,barnaby-rudge
Dennis,Hugh,4051,barnaby-rudge
Hugh,Barnaby,4052,barnaby-rudge
Hugh,Barnaby,4052,barnaby-rudge
Barnaby,Hugh,4052,barnaby-rudge
Barnaby,Hugh,4052,barnaby-rudge
Dennis,Hugh,4059,barnaby-rudge
Hugh,Dennis,4059,barnaby-rudge
Dennis,Ned Dennis,4063,barnaby-rudge
Ned Dennis,Dennis,4063,barnaby-rudge
Hugh,Barnaby,4066,barnaby-rudge
Barnaby,Hugh,4066,barnaby-rudge
Barnaby,Dennis,4067,barnaby-rudge
Dennis,Barnaby,4067,barnaby-rudge
Barnaby,Fleet Market,4087,barnaby-rudge
Fleet Market,Barnaby,4087,barnaby-rudge
Dolly,Miss Haredale,4090,barnaby-rudge
Dolly,Miss Miggs,4090,barnaby-rudge
Dolly,Simon Tappertit,4090,barnaby-rudge
Miss Haredale,Dolly,4090,barnaby-rudge
Miss Haredale,Miss Miggs,4090,barnaby-rudge
Miss Haredale,Simon Tappertit,4090,barnaby-rudge
Miss Miggs,Dolly,4090,barnaby-rudge
Miss Miggs,Miss Haredale,4090,barnaby-rudge
Miss Miggs,Simon Tappertit,4090,barnaby-rudge
Simon Tappertit,Dolly,4090,barnaby-rudge
Simon Tappertit,Miss Haredale,4090,barnaby-rudge
Simon Tappertit,Miss Miggs,4090,barnaby-rudge
Dennis,Miss Haredale,4094,barnaby-rudge
Miss Haredale,Dennis,4094,barnaby-rudge
Dolly,Miss Haredale,4095,barnaby-rudge
Dolly,Miss Miggs,4095,barnaby-rudge
Miss Haredale,Dolly,4095,barnaby-rudge
Miss Haredale,Miss Miggs,4095,barnaby-rudge
Miss Miggs,Dolly,4095,barnaby-rudge
Miss Miggs,Miss Haredale,4095,barnaby-rudge
Miss Haredale,Dolly,4101,barnaby-rudge
Dolly,Miss Haredale,4101,barnaby-rudge
Simmuns,Dennis,4106,barnaby-rudge
Dennis,Simmuns,4106,barnaby-rudge
Miggs,Dolly,4107,barnaby-rudge
Dolly,Miggs,4107,barnaby-rudge
Miggs,Worlds,4110,barnaby-rudge
Miggs,Wenis,4110,barnaby-rudge
Worlds,Miggs,4110,barnaby-rudge
Worlds,Miggs,4110,barnaby-rudge
Worlds,Wenis,4110,barnaby-rudge
Miggs,Worlds,4110,barnaby-rudge
Miggs,Wenis,4110,barnaby-rudge
Wenis,Miggs,4110,barnaby-rudge
Wenis,Worlds,4110,barnaby-rudge
Wenis,Miggs,4110,barnaby-rudge
Wenus,Dennis,4111,barnaby-rudge
Dennis,Wenus,4111,barnaby-rudge
Dolly,Miss Haredale,4113,barnaby-rudge
Dolly,Dennis,4113,barnaby-rudge
Miss Haredale,Dolly,4113,barnaby-rudge
Miss Haredale,Dennis,4113,barnaby-rudge
Dennis,Dolly,4113,barnaby-rudge
Dennis,Miss Haredale,4113,barnaby-rudge
Miss,Miggs,4119,barnaby-rudge
Miggs,Miss,4119,barnaby-rudge
Miss,Simmuns,4121,barnaby-rudge
Miss,Dolly,4121,barnaby-rudge
Miss,Simmun,4121,barnaby-rudge
Miss,Simmun,4121,barnaby-rudge
Simmuns,Miss,4121,barnaby-rudge
Simmuns,Dolly,4121,barnaby-rudge
Simmuns,Simmun,4121,barnaby-rudge
Simmuns,Simmun,4121,barnaby-rudge
Dolly,Miss,4121,barnaby-rudge
Dolly,Simmuns,4121,barnaby-rudge
Dolly,Simmun,4121,barnaby-rudge
Dolly,Simmun,4121,barnaby-rudge
Simmun,Miss,4121,barnaby-rudge
Simmun,Simmuns,4121,barnaby-rudge
Simmun,Dolly,4121,barnaby-rudge
Simmun,Miss,4121,barnaby-rudge
Simmun,Simmuns,4121,barnaby-rudge
Simmun,Dolly,4121,barnaby-rudge
Dennis,Muster Gashford,4124,barnaby-rudge
Muster Gashford,Dennis,4124,barnaby-rudge
Miss,Miggs,4125,barnaby-rudge
Miss,Miss Haredale,4125,barnaby-rudge
Miggs,Miss,4125,barnaby-rudge
Miggs,Miss Haredale,4125,barnaby-rudge
Miss Haredale,Miss,4125,barnaby-rudge
Miss Haredale,Miggs,4125,barnaby-rudge
Dennis,Dolly,4126,barnaby-rudge
Dennis,Miss Miggs,4126,barnaby-rudge
Dolly,Dennis,4126,barnaby-rudge
Dolly,Miss Miggs,4126,barnaby-rudge
Miss Miggs,Dennis,4126,barnaby-rudge
Miss Miggs,Dolly,4126,barnaby-rudge
Dennis,Miss Miggs,4127,barnaby-rudge
Dennis,Dolly,4127,barnaby-rudge
Dennis,Articles,4127,barnaby-rudge
Dennis,James,4127,barnaby-rudge
Dennis,Square,4127,barnaby-rudge
Miss Miggs,Dennis,4127,barnaby-rudge
Miss Miggs,Dolly,4127,barnaby-rudge
Miss Miggs,Articles,4127,barnaby-rudge
Miss Miggs,James,4127,barnaby-rudge
Miss Miggs,Square,4127,barnaby-rudge
Dolly,Dennis,4127,barnaby-rudge
Dolly,Miss Miggs,4127,barnaby-rudge
Dolly,Articles,4127,barnaby-rudge
Dolly,James,4127,barnaby-rudge
Dolly,Square,4127,barnaby-rudge
Articles,Dennis,4127,barnaby-rudge
Articles,Miss Miggs,4127,barnaby-rudge
Articles,Dolly,4127,barnaby-rudge
Articles,James,4127,barnaby-rudge
Articles,Square,4127,barnaby-rudge
James,Dennis,4127,barnaby-rudge
James,Miss Miggs,4127,barnaby-rudge
James,Dolly,4127,barnaby-rudge
James,Articles,4127,barnaby-rudge
James,Square,4127,barnaby-rudge
Square,Dennis,4127,barnaby-rudge
Square,Miss Miggs,4127,barnaby-rudge
Square,Dolly,4127,barnaby-rudge
Square,Articles,4127,barnaby-rudge
Square,James,4127,barnaby-rudge
Miss Miggs,Dennis,4128,barnaby-rudge
Dennis,Miss Miggs,4128,barnaby-rudge
Dennis,Miss Miggs,4128,barnaby-rudge
Miss Miggs,Dennis,4128,barnaby-rudge
Dennis,Miss Miggs,4129,barnaby-rudge
Dennis,Dolly,4129,barnaby-rudge
Miss Miggs,Dennis,4129,barnaby-rudge
Miss Miggs,Dolly,4129,barnaby-rudge
Dolly,Dennis,4129,barnaby-rudge
Dolly,Miss Miggs,4129,barnaby-rudge
Emma Haredale,Dolly,4132,barnaby-rudge
Emma Haredale,Miggs,4132,barnaby-rudge
Dolly,Emma Haredale,4132,barnaby-rudge
Dolly,Miggs,4132,barnaby-rudge
Miggs,Emma Haredale,4132,barnaby-rudge
Miggs,Dolly,4132,barnaby-rudge
Hugh,Dolly Varden,4134,barnaby-rudge
Dolly Varden,Hugh,4134,barnaby-rudge
Poor Dolly,Dolly,4135,barnaby-rudge
Dolly,Poor Dolly,4135,barnaby-rudge
Such,Miss Miggs,4137,barnaby-rudge
Such,Miggs,4137,barnaby-rudge
Such,Emma,4137,barnaby-rudge
Miss Miggs,Such,4137,barnaby-rudge
Miss Miggs,Miggs,4137,barnaby-rudge
Miss Miggs,Emma,4137,barnaby-rudge
Miggs,Such,4137,barnaby-rudge
Miggs,Miss Miggs,4137,barnaby-rudge
Miggs,Emma,4137,barnaby-rudge
Emma,Such,4137,barnaby-rudge
Emma,Miss Miggs,4137,barnaby-rudge
Emma,Miggs,4137,barnaby-rudge
Miss,Miggs,4138,barnaby-rudge
Miss,Miss Miggs,4138,barnaby-rudge
Miggs,Miss,4138,barnaby-rudge
Miggs,Miss Miggs,4138,barnaby-rudge
Miss Miggs,Miss,4138,barnaby-rudge
Miss Miggs,Miggs,4138,barnaby-rudge
Miss Miggs,Miss Haredale,4141,barnaby-rudge
Miss Miggs,Looyer,4141,barnaby-rudge
Miss Haredale,Miss Miggs,4141,barnaby-rudge
Miss Haredale,Looyer,4141,barnaby-rudge
Looyer,Miss Miggs,4141,barnaby-rudge
Looyer,Miss Haredale,4141,barnaby-rudge
Miggs,Ally Looyer,4143,barnaby-rudge
Miggs,Ally Looyer,4143,barnaby-rudge
Miggs,Ally Looyer,4143,barnaby-rudge
Ally Looyer,Miggs,4143,barnaby-rudge
Ally Looyer,Miggs,4143,barnaby-rudge
Ally Looyer,Miggs,4143,barnaby-rudge
Dolly,Miggs,4147,barnaby-rudge
Miggs,Dolly,4147,barnaby-rudge
Miss Varden,Miggs,4148,barnaby-rudge
Miggs,Miss Varden,4148,barnaby-rudge
Emma Haredale,Dolly,4152,barnaby-rudge
Dolly,Emma Haredale,4152,barnaby-rudge
Emma,Dolly,4153,barnaby-rudge
Dolly,Emma,4153,barnaby-rudge
Emma Haredale,Dolly,4178,barnaby-rudge
Dolly,Emma Haredale,4178,barnaby-rudge
Dolly,Emma,4185,barnaby-rudge
Emma,Dolly,4185,barnaby-rudge
Emma Haredale,Quick,4186,barnaby-rudge
Quick,Emma Haredale,4186,barnaby-rudge
Emma,Dolly,4188,barnaby-rudge
Dolly,Emma,4188,barnaby-rudge
Edward Chester,Joseph Willet,4190,barnaby-rudge
Joseph Willet,Edward Chester,4190,barnaby-rudge
Edward,Joe,4191,barnaby-rudge
Edward,Joe,4191,barnaby-rudge
Joe,Edward,4191,barnaby-rudge
Joe,Edward,4191,barnaby-rudge
Haredale,Mrs Varden,4198,barnaby-rudge
Haredale,Dolly,4198,barnaby-rudge
Haredale,Dollys,4198,barnaby-rudge
Haredale,Edward Chester,4198,barnaby-rudge
Haredale,Joe,4198,barnaby-rudge
Mrs Varden,Haredale,4198,barnaby-rudge
Mrs Varden,Dolly,4198,barnaby-rudge
Mrs Varden,Dollys,4198,barnaby-rudge
Mrs Varden,Edward Chester,4198,barnaby-rudge
Mrs Varden,Joe,4198,barnaby-rudge
Dolly,Haredale,4198,barnaby-rudge
Dolly,Mrs Varden,4198,barnaby-rudge
Dolly,Dollys,4198,barnaby-rudge
Dolly,Edward Chester,4198,barnaby-rudge
Dolly,Joe,4198,barnaby-rudge
Dollys,Haredale,4198,barnaby-rudge
Dollys,Mrs Varden,4198,barnaby-rudge
Dollys,Dolly,4198,barnaby-rudge
Dollys,Edward Chester,4198,barnaby-rudge
Dollys,Joe,4198,barnaby-rudge
Edward Chester,Haredale,4198,barnaby-rudge
Edward Chester,Mrs Varden,4198,barnaby-rudge
Edward Chester,Dolly,4198,barnaby-rudge
Edward Chester,Dollys,4198,barnaby-rudge
Edward Chester,Joe,4198,barnaby-rudge
Joe,Haredale,4198,barnaby-rudge
Joe,Mrs Varden,4198,barnaby-rudge
Joe,Dolly,4198,barnaby-rudge
Joe,Dollys,4198,barnaby-rudge
Joe,Edward Chester,4198,barnaby-rudge
Dolly,Joe,4199,barnaby-rudge
Joe,Dolly,4199,barnaby-rudge
Joe,Dolly,4199,barnaby-rudge
Dolly,Joe,4199,barnaby-rudge
Simon Tappertit,Dolly,4200,barnaby-rudge
Simon Tappertit,Simon,4200,barnaby-rudge
Simon Tappertit,Dolly,4200,barnaby-rudge
Simon Tappertit,Joe,4200,barnaby-rudge
Dolly,Simon Tappertit,4200,barnaby-rudge
Dolly,Simon,4200,barnaby-rudge
Dolly,Joe,4200,barnaby-rudge
Simon,Simon Tappertit,4200,barnaby-rudge
Simon,Dolly,4200,barnaby-rudge
Simon,Dolly,4200,barnaby-rudge
Simon,Joe,4200,barnaby-rudge
Dolly,Simon Tappertit,4200,barnaby-rudge
Dolly,Simon,4200,barnaby-rudge
Dolly,Joe,4200,barnaby-rudge
Joe,Simon Tappertit,4200,barnaby-rudge
Joe,Dolly,4200,barnaby-rudge
Joe,Simon,4200,barnaby-rudge
Joe,Dolly,4200,barnaby-rudge
Dolly,Emma Haredale,4201,barnaby-rudge
Emma Haredale,Dolly,4201,barnaby-rudge
Edward Chester,Joe Willet,4205,barnaby-rudge
Edward Chester,Dolly,4205,barnaby-rudge
Edward Chester,Willet,4205,barnaby-rudge
Edward Chester,John,4205,barnaby-rudge
Joe Willet,Edward Chester,4205,barnaby-rudge
Joe Willet,Dolly,4205,barnaby-rudge
Joe Willet,Willet,4205,barnaby-rudge
Joe Willet,John,4205,barnaby-rudge
Dolly,Edward Chester,4205,barnaby-rudge
Dolly,Joe Willet,4205,barnaby-rudge
Dolly,Willet,4205,barnaby-rudge
Dolly,John,4205,barnaby-rudge
Willet,Edward Chester,4205,barnaby-rudge
Willet,Joe Willet,4205,barnaby-rudge
Willet,Dolly,4205,barnaby-rudge
Willet,John,4205,barnaby-rudge
John,Edward Chester,4205,barnaby-rudge
John,Joe Willet,4205,barnaby-rudge
John,Dolly,4205,barnaby-rudge
John,Willet,4205,barnaby-rudge
Joe,Dolly,4206,barnaby-rudge
Dolly,Joe,4206,barnaby-rudge
Dolly,Cheer,4207,barnaby-rudge
Cheer,Dolly,4207,barnaby-rudge
Joe,Willet,4212,barnaby-rudge
Willet,Joe,4212,barnaby-rudge
Willet,Joe,4213,barnaby-rudge
Joe,Willet,4213,barnaby-rudge
Willet,Joe,4214,barnaby-rudge
Willet,Joe,4214,barnaby-rudge
Joe,Willet,4214,barnaby-rudge
Joe,Willet,4214,barnaby-rudge
Willet,Joe,4222,barnaby-rudge
Joe,Willet,4222,barnaby-rudge
Dolly,Joe,4223,barnaby-rudge
Joe,Dolly,4223,barnaby-rudge
Dolly,Miss Varden,4226,barnaby-rudge
Miss Varden,Dolly,4226,barnaby-rudge
Joe,Tom Cobb,4235,barnaby-rudge
Tom Cobb,Joe,4235,barnaby-rudge
Emma,Dolly,4243,barnaby-rudge
Emma,Joe,4243,barnaby-rudge
Emma,Edward Chester,4243,barnaby-rudge
Emma,True,4243,barnaby-rudge
Dolly,Emma,4243,barnaby-rudge
Dolly,Joe,4243,barnaby-rudge
Dolly,Edward Chester,4243,barnaby-rudge
Dolly,True,4243,barnaby-rudge
Joe,Emma,4243,barnaby-rudge
Joe,Dolly,4243,barnaby-rudge
Joe,Edward Chester,4243,barnaby-rudge
Joe,True,4243,barnaby-rudge
Edward Chester,Emma,4243,barnaby-rudge
Edward Chester,Dolly,4243,barnaby-rudge
Edward Chester,Joe,4243,barnaby-rudge
Edward Chester,True,4243,barnaby-rudge
True,Emma,4243,barnaby-rudge
True,Dolly,4243,barnaby-rudge
True,Joe,4243,barnaby-rudge
True,Edward Chester,4243,barnaby-rudge
Majesty,Herbert,4246,barnaby-rudge
Majesty,George Gordon,4246,barnaby-rudge
Herbert,Majesty,4246,barnaby-rudge
Herbert,George Gordon,4246,barnaby-rudge
George Gordon,Majesty,4246,barnaby-rudge
George Gordon,Herbert,4246,barnaby-rudge
Houses,Fleet Street,4247,barnaby-rudge
Fleet Street,Houses,4247,barnaby-rudge
Grip,Barnaby,4254,barnaby-rudge
Barnaby,Grip,4254,barnaby-rudge
Barnaby,Grip,4254,barnaby-rudge
Grip,Barnaby,4254,barnaby-rudge
Dennis,Gabriel Varden,4310,barnaby-rudge
Gabriel Varden,Dennis,4310,barnaby-rudge
Dennis,England,4312,barnaby-rudge
England,Dennis,4312,barnaby-rudge
Dennis,Hugh,4333,barnaby-rudge
Hugh,Dennis,4333,barnaby-rudge
Dennis,Hugh,4334,barnaby-rudge
Hugh,Dennis,4334,barnaby-rudge
Sir John Chester,St Paul,4367,barnaby-rudge
St Paul,Sir John Chester,4367,barnaby-rudge
Sir,John,4368,barnaby-rudge
John,Sir,4368,barnaby-rudge
Barnaby,Grip,4374,barnaby-rudge
Grip,Barnaby,4374,barnaby-rudge
Sir John,Varden,4383,barnaby-rudge
Varden,Sir John,4383,barnaby-rudge
Sir John,Gabriel,4386,barnaby-rudge
Gabriel,Sir John,4386,barnaby-rudge
John,Gabriel,4389,barnaby-rudge
Gabriel,John,4389,barnaby-rudge
John,Gabriel,4391,barnaby-rudge
Gabriel,John,4391,barnaby-rudge
Gabriel,John,4391,barnaby-rudge
John,Gabriel,4391,barnaby-rudge
Gad,John,4392,barnaby-rudge
Gad,Peak,4392,barnaby-rudge
John,Gad,4392,barnaby-rudge
John,Peak,4392,barnaby-rudge
Peak,Gad,4392,barnaby-rudge
Peak,John,4392,barnaby-rudge
Gabriel,Sir John,4393,barnaby-rudge
Sir John,Gabriel,4393,barnaby-rudge
Sir,John,4402,barnaby-rudge
John,Sir,4402,barnaby-rudge
Sir,John Chester,4405,barnaby-rudge
John Chester,Sir,4405,barnaby-rudge
Sir,John,4409,barnaby-rudge
John,Sir,4409,barnaby-rudge
Dennis,Sir John,4413,barnaby-rudge
Sir John,Dennis,4413,barnaby-rudge
Sir John,Gabriel,4418,barnaby-rudge
Gabriel,Sir John,4418,barnaby-rudge
Sir,John,4419,barnaby-rudge
John,Sir,4419,barnaby-rudge
Sir,John,4421,barnaby-rudge
John,Sir,4421,barnaby-rudge
Sir,John,4423,barnaby-rudge
John,Sir,4423,barnaby-rudge
John,Sir John,4426,barnaby-rudge
Sir John,John,4426,barnaby-rudge
John,Dennis,4432,barnaby-rudge
Dennis,John,4432,barnaby-rudge
Edward,Sir John,4438,barnaby-rudge
Sir John,Edward,4438,barnaby-rudge
Gabriel,Sir John,4440,barnaby-rudge
Sir John,Gabriel,4440,barnaby-rudge
Hugh,Dennis,4455,barnaby-rudge
Dennis,Hugh,4455,barnaby-rudge
Dennis,Barnaby,4457,barnaby-rudge
Barnaby,Dennis,4457,barnaby-rudge
Hugh,Dennis,4465,barnaby-rudge
Hugh,Such,4465,barnaby-rudge
Dennis,Hugh,4465,barnaby-rudge
Dennis,Such,4465,barnaby-rudge
Such,Hugh,4465,barnaby-rudge
Such,Dennis,4465,barnaby-rudge
Hugh,Barnaby,4475,barnaby-rudge
Barnaby,Hugh,4475,barnaby-rudge
Hugh,Barnaby Rudge,4490,barnaby-rudge
Barnaby Rudge,Hugh,4490,barnaby-rudge
Grip,Hugh,4507,barnaby-rudge
Grip,Barnaby,4507,barnaby-rudge
Hugh,Grip,4507,barnaby-rudge
Hugh,Barnaby,4507,barnaby-rudge
Barnaby,Grip,4507,barnaby-rudge
Barnaby,Hugh,4507,barnaby-rudge
Dennis,Hugh,4510,barnaby-rudge
Dennis,Barnaby,4510,barnaby-rudge
Hugh,Dennis,4510,barnaby-rudge
Hugh,Barnaby,4510,barnaby-rudge
Barnaby,Dennis,4510,barnaby-rudge
Barnaby,Hugh,4510,barnaby-rudge
Hugh,Barnaby,4532,barnaby-rudge
Barnaby,Hugh,4532,barnaby-rudge
Joseph,Willet,4547,barnaby-rudge
Willet,Joseph,4547,barnaby-rudge
Dolly Varden,Joe,4555,barnaby-rudge
Joe,Dolly Varden,4555,barnaby-rudge
Joe,Dolly,4565,barnaby-rudge
Dolly,Joe,4565,barnaby-rudge
Dolly,Joe,4569,barnaby-rudge
Joe,Dolly,4569,barnaby-rudge
Dolly,Joe,4571,barnaby-rudge
Joe,Dolly,4571,barnaby-rudge
Joe,Dolly,4572,barnaby-rudge
Joe,Dolly,4572,barnaby-rudge
Dolly,Joe,4572,barnaby-rudge
Dolly,Joe,4572,barnaby-rudge
Joe,Dolly,4574,barnaby-rudge
Dolly,Joe,4574,barnaby-rudge
Dolly,Joseph,4580,barnaby-rudge
Joseph,Dolly,4580,barnaby-rudge
Old,John,4583,barnaby-rudge
John,Old,4583,barnaby-rudge
Varden,Miggs,4587,barnaby-rudge
Miggs,Varden,4587,barnaby-rudge
Haredale,Sir,4602,barnaby-rudge
Sir,Haredale,4602,barnaby-rudge
Emma,Never,4608,barnaby-rudge
Never,Emma,4608,barnaby-rudge
Mine,Emma,4615,barnaby-rudge
Emma,Mine,4615,barnaby-rudge
Edward,Haredale,4627,barnaby-rudge
Haredale,Edward,4627,barnaby-rudge
Passive,Barnaby,4630,barnaby-rudge
Passive,Barnaby,4630,barnaby-rudge
Barnaby,Passive,4630,barnaby-rudge
Barnaby,Passive,4630,barnaby-rudge
Gabriel,Edward Chester,4631,barnaby-rudge
Gabriel,Barnaby,4631,barnaby-rudge
Edward Chester,Gabriel,4631,barnaby-rudge
Edward Chester,Barnaby,4631,barnaby-rudge
Barnaby,Gabriel,4631,barnaby-rudge
Barnaby,Edward Chester,4631,barnaby-rudge
Barnaby,Barnaby Rudge,4633,barnaby-rudge
Barnaby,Gabriel,4633,barnaby-rudge
Barnaby Rudge,Barnaby,4633,barnaby-rudge
Barnaby Rudge,Barnaby,4633,barnaby-rudge
Barnaby Rudge,Gabriel,4633,barnaby-rudge
Barnaby,Barnaby Rudge,4633,barnaby-rudge
Barnaby,Gabriel,4633,barnaby-rudge
Gabriel,Barnaby,4633,barnaby-rudge
Gabriel,Barnaby Rudge,4633,barnaby-rudge
Gabriel,Barnaby,4633,barnaby-rudge
Gabriel,George,4635,barnaby-rudge
Gabriel,Gabriel Varden,4635,barnaby-rudge
George,Gabriel,4635,barnaby-rudge
George,Gabriel Varden,4635,barnaby-rudge
Gabriel Varden,Gabriel,4635,barnaby-rudge
Gabriel Varden,George,4635,barnaby-rudge
Dolly,Joe,4653,barnaby-rudge
Joe,Dolly,4653,barnaby-rudge
Joe,Dolly,4654,barnaby-rudge
Joe,Mrs Varden,4654,barnaby-rudge
Joe,Varden,4654,barnaby-rudge
Joe,Dolly,4654,barnaby-rudge
Dolly,Joe,4654,barnaby-rudge
Dolly,Mrs Varden,4654,barnaby-rudge
Dolly,Varden,4654,barnaby-rudge
Dolly,Joe,4654,barnaby-rudge
Dolly,Joe,4654,barnaby-rudge
Mrs Varden,Joe,4654,barnaby-rudge
Mrs Varden,Dolly,4654,barnaby-rudge
Mrs Varden,Varden,4654,barnaby-rudge
Mrs Varden,Joe,4654,barnaby-rudge
Mrs Varden,Dolly,4654,barnaby-rudge
Mrs Varden,Joe,4654,barnaby-rudge
Varden,Joe,4654,barnaby-rudge
Varden,Dolly,4654,barnaby-rudge
Varden,Mrs Varden,4654,barnaby-rudge
Varden,Joe,4654,barnaby-rudge
Varden,Dolly,4654,barnaby-rudge
Varden,Joe,4654,barnaby-rudge
Joe,Dolly,4654,barnaby-rudge
Joe,Mrs Varden,4654,barnaby-rudge
Joe,Varden,4654,barnaby-rudge
Joe,Dolly,4654,barnaby-rudge
Dolly,Joe,4654,barnaby-rudge
Dolly,Mrs Varden,4654,barnaby-rudge
Dolly,Varden,4654,barnaby-rudge
Dolly,Joe,4654,barnaby-rudge
Dolly,Joe,4654,barnaby-rudge
Joe,Dolly,4654,barnaby-rudge
Joe,Mrs Varden,4654,barnaby-rudge
Joe,Varden,4654,barnaby-rudge
Joe,Dolly,4654,barnaby-rudge
Mrs Varden,Willet,4655,barnaby-rudge
Mrs Varden,Willet,4655,barnaby-rudge
Willet,Mrs Varden,4655,barnaby-rudge
Willet,Mrs Varden,4655,barnaby-rudge
Joe,Mrs Varden,4656,barnaby-rudge
Joe,Dolly,4656,barnaby-rudge
Joe,Mrs Varden,4656,barnaby-rudge
Mrs Varden,Joe,4656,barnaby-rudge
Mrs Varden,Dolly,4656,barnaby-rudge
Dolly,Joe,4656,barnaby-rudge
Dolly,Mrs Varden,4656,barnaby-rudge
Dolly,Mrs Varden,4656,barnaby-rudge
Mrs Varden,Joe,4656,barnaby-rudge
Mrs Varden,Dolly,4656,barnaby-rudge
Joe,Dolly,4658,barnaby-rudge
Dolly,Joe,4658,barnaby-rudge
Dolly,Joe,4658,barnaby-rudge
Joe,Dolly,4658,barnaby-rudge
Dolly,Joe,4660,barnaby-rudge
Joe,Dolly,4660,barnaby-rudge
Miggs,Joe,4670,barnaby-rudge
Joe,Miggs,4670,barnaby-rudge
Mrs Varden,Miggs,4673,barnaby-rudge
Mrs Varden,Miss Dolly,4673,barnaby-rudge
Mrs Varden,Joe,4673,barnaby-rudge
Mrs Varden,Joe,4673,barnaby-rudge
Mrs Varden,Mrs Vardens,4673,barnaby-rudge
Mrs Varden,Miss Dollys,4673,barnaby-rudge
Miggs,Mrs Varden,4673,barnaby-rudge
Miggs,Miss Dolly,4673,barnaby-rudge
Miggs,Joe,4673,barnaby-rudge
Miggs,Joe,4673,barnaby-rudge
Miggs,Mrs Vardens,4673,barnaby-rudge
Miggs,Miss Dollys,4673,barnaby-rudge
Miss Dolly,Mrs Varden,4673,barnaby-rudge
Miss Dolly,Miggs,4673,barnaby-rudge
Miss Dolly,Joe,4673,barnaby-rudge
Miss Dolly,Joe,4673,barnaby-rudge
Miss Dolly,Mrs Vardens,4673,barnaby-rudge
Miss Dolly,Miss Dollys,4673,barnaby-rudge
Joe,Mrs Varden,4673,barnaby-rudge
Joe,Miggs,4673,barnaby-rudge
Joe,Miss Dolly,4673,barnaby-rudge
Joe,Mrs Vardens,4673,barnaby-rudge
Joe,Miss Dollys,4673,barnaby-rudge
Joe,Mrs Varden,4673,barnaby-rudge
Joe,Miggs,4673,barnaby-rudge
Joe,Miss Dolly,4673,barnaby-rudge
Joe,Mrs Vardens,4673,barnaby-rudge
Joe,Miss Dollys,4673,barnaby-rudge
Mrs Vardens,Mrs Varden,4673,barnaby-rudge
Mrs Vardens,Miggs,4673,barnaby-rudge
Mrs Vardens,Miss Dolly,4673,barnaby-rudge
Mrs Vardens,Joe,4673,barnaby-rudge
Mrs Vardens,Joe,4673,barnaby-rudge
Mrs Vardens,Miss Dollys,4673,barnaby-rudge
Miss Dollys,Mrs Varden,4673,barnaby-rudge
Miss Dollys,Miggs,4673,barnaby-rudge
Miss Dollys,Miss Dolly,4673,barnaby-rudge
Miss Dollys,Joe,4673,barnaby-rudge
Miss Dollys,Joe,4673,barnaby-rudge
Miss Dollys,Mrs Vardens,4673,barnaby-rudge
Miss,Miggs,4679,barnaby-rudge
Miggs,Miss,4679,barnaby-rudge
Miss,Miggs,4689,barnaby-rudge
Miggs,Miss,4689,barnaby-rudge
Martha,Toby,4691,barnaby-rudge
Martha,Dolly,4691,barnaby-rudge
Toby,Martha,4691,barnaby-rudge
Toby,Dolly,4691,barnaby-rudge
Dolly,Martha,4691,barnaby-rudge
Dolly,Toby,4691,barnaby-rudge
August,Haredale,4694,barnaby-rudge
August,Edward Chester,4694,barnaby-rudge
Haredale,August,4694,barnaby-rudge
Haredale,Edward Chester,4694,barnaby-rudge
Edward Chester,August,4694,barnaby-rudge
Edward Chester,Haredale,4694,barnaby-rudge
Sir,John,4718,barnaby-rudge
John,Sir,4718,barnaby-rudge
Sir John,Haredale,4746,barnaby-rudge
Haredale,Sir John,4746,barnaby-rudge
Haredale,Sir John,4753,barnaby-rudge
Sir John,Haredale,4753,barnaby-rudge
Lord,George Gordon,4755,barnaby-rudge
George Gordon,Lord,4755,barnaby-rudge
John Grueby,John,4759,barnaby-rudge
John,John Grueby,4759,barnaby-rudge
Gashford,Lord George Gordon,4760,barnaby-rudge
Lord George Gordon,Gashford,4760,barnaby-rudge
Miss,Miss Miggs,4762,barnaby-rudge
Miss Miggs,Miss,4762,barnaby-rudge
Joe Willet,Dolly Varden,4763,barnaby-rudge
Joe Willet,Joes,4763,barnaby-rudge
Joe Willet,Joe,4763,barnaby-rudge
Dolly Varden,Joe Willet,4763,barnaby-rudge
Dolly Varden,Joes,4763,barnaby-rudge
Dolly Varden,Joe,4763,barnaby-rudge
Joes,Joe Willet,4763,barnaby-rudge
Joes,Dolly Varden,4763,barnaby-rudge
Joes,Joe,4763,barnaby-rudge
Joe,Joe Willet,4763,barnaby-rudge
Joe,Dolly Varden,4763,barnaby-rudge
Joe,Joes,4763,barnaby-rudge
Joe,Tom Cobb,4765,barnaby-rudge
Joe,Phil Parkes,4765,barnaby-rudge
Joe,Solomon Daisy,4765,barnaby-rudge
Tom Cobb,Joe,4765,barnaby-rudge
Tom Cobb,Phil Parkes,4765,barnaby-rudge
Tom Cobb,Solomon Daisy,4765,barnaby-rudge
Tom Cobb,Joe,4765,barnaby-rudge
Phil Parkes,Joe,4765,barnaby-rudge
Phil Parkes,Tom Cobb,4765,barnaby-rudge
Phil Parkes,Solomon Daisy,4765,barnaby-rudge
Phil Parkes,Joe,4765,barnaby-rudge
Solomon Daisy,Joe,4765,barnaby-rudge
Solomon Daisy,Tom Cobb,4765,barnaby-rudge
Solomon Daisy,Phil Parkes,4765,barnaby-rudge
Solomon Daisy,Joe,4765,barnaby-rudge
Joe,Tom Cobb,4765,barnaby-rudge
Joe,Phil Parkes,4765,barnaby-rudge
Joe,Solomon Daisy,4765,barnaby-rudge
Joe,Joseph,4766,barnaby-rudge
Joseph,Joe,4766,barnaby-rudge
Never,Her,4769,barnaby-rudge
Her,Never,4769,barnaby-rudge
Hugh,Edward,4770,barnaby-rudge
Hugh,Dolly,4770,barnaby-rudge
Edward,Hugh,4770,barnaby-rudge
Edward,Dolly,4770,barnaby-rudge
Dolly,Hugh,4770,barnaby-rudge
Dolly,Edward,4770,barnaby-rudge
Project,Project Gutenberg,4778,barnaby-rudge
Project,Project Gutenberg,4778,barnaby-rudge
Project Gutenberg,Project,4778,barnaby-rudge
Project Gutenberg,Project,4778,barnaby-rudge
Project Gutenberg,Project,4785,barnaby-rudge
Project Gutenberg,Project,4785,barnaby-rudge
Project,Project Gutenberg,4785,barnaby-rudge
Project,Project Gutenberg,4785,barnaby-rudge
Project Gutenberg,Project,4786,barnaby-rudge
Project,Project Gutenberg,4786,barnaby-rudge
Vanilla ASCII,Project,4794,barnaby-rudge
Vanilla ASCII,Plain Vanilla,4794,barnaby-rudge
Project,Vanilla ASCII,4794,barnaby-rudge
Project,Plain Vanilla,4794,barnaby-rudge
Plain Vanilla,Vanilla ASCII,4794,barnaby-rudge
Plain Vanilla,Project,4794,barnaby-rudge
Project Gutenberg,Project,4800,barnaby-rudge
Project,Project Gutenberg,4800,barnaby-rudge
Salt Lake City,Email,4811,barnaby-rudge
Email,Salt Lake City,4811,barnaby-rudge
Michael S. Hart,Project,4819,barnaby-rudge
Project,Michael S. Hart,4819,barnaby-rudge
