Item1,Item2,Time,Book
Lascars,Ye,5,mystery-of-edwin-drood
Lascars,Jack Chinaman,5,mystery-of-edwin-drood
Ye,Lascars,5,mystery-of-edwin-drood
Ye,Jack Chinaman,5,mystery-of-edwin-drood
Jack Chinaman,Lascars,5,mystery-of-edwin-drood
Jack Chinaman,Ye,5,mystery-of-edwin-drood
Jasper,Tope,27,mystery-of-edwin-drood
Tope,Jasper,27,mystery-of-edwin-drood
Mr.,Verger,32,mystery-of-edwin-drood
Mr.,Showman,32,mystery-of-edwin-drood
Verger,Mr.,32,mystery-of-edwin-drood
Verger,Showman,32,mystery-of-edwin-drood
Showman,Mr.,32,mystery-of-edwin-drood
Showman,Verger,32,mystery-of-edwin-drood
Mr. Jasper,Mr. Crisparkle,33,mystery-of-edwin-drood
Mr. Crisparkle,Mr. Jasper,33,mystery-of-edwin-drood
Mr. Crisparkle,Mr. Jasper,33,mystery-of-edwin-drood
Mr. Jasper,Mr. Crisparkle,33,mystery-of-edwin-drood
Jasper,Mr. Tope,39,mystery-of-edwin-drood
Jasper,Mr. Tope,39,mystery-of-edwin-drood
Jasper,Mr. Crisparkle,39,mystery-of-edwin-drood
Jasper,Mr. Tope,39,mystery-of-edwin-drood
Mr. Tope,Jasper,39,mystery-of-edwin-drood
Mr. Tope,Mr. Crisparkle,39,mystery-of-edwin-drood
Mr. Tope,Jasper,39,mystery-of-edwin-drood
Mr. Tope,Mr. Crisparkle,39,mystery-of-edwin-drood
Mr. Crisparkle,Jasper,39,mystery-of-edwin-drood
Mr. Crisparkle,Mr. Tope,39,mystery-of-edwin-drood
Mr. Crisparkle,Mr. Tope,39,mystery-of-edwin-drood
Mr. Crisparkle,Mr. Tope,39,mystery-of-edwin-drood
Mr. Tope,Jasper,39,mystery-of-edwin-drood
Mr. Tope,Mr. Crisparkle,39,mystery-of-edwin-drood
Mr. Jasper,Mr. Crisparkle,45,mystery-of-edwin-drood
Mr. Crisparkle,Mr. Jasper,45,mystery-of-edwin-drood
Mr.,Minor Canon,49,mystery-of-edwin-drood
Mr.,Mr. Crisparkle,49,mystery-of-edwin-drood
Mr.,Minor Canon,49,mystery-of-edwin-drood
Mr.,Mr. Crisparkle,49,mystery-of-edwin-drood
Mr.,Minor Canon,49,mystery-of-edwin-drood
Minor Canon,Mr.,49,mystery-of-edwin-drood
Minor Canon,Mr. Crisparkle,49,mystery-of-edwin-drood
Minor Canon,Mr. Crisparkle,49,mystery-of-edwin-drood
Mr. Crisparkle,Mr.,49,mystery-of-edwin-drood
Mr. Crisparkle,Minor Canon,49,mystery-of-edwin-drood
Mr. Crisparkle,Minor Canon,49,mystery-of-edwin-drood
Mr. Crisparkle,Minor Canon,49,mystery-of-edwin-drood
Minor Canon,Mr.,49,mystery-of-edwin-drood
Minor Canon,Mr. Crisparkle,49,mystery-of-edwin-drood
Minor Canon,Mr. Crisparkle,49,mystery-of-edwin-drood
Mr. Crisparkle,Mr.,49,mystery-of-edwin-drood
Mr. Crisparkle,Minor Canon,49,mystery-of-edwin-drood
Mr. Crisparkle,Minor Canon,49,mystery-of-edwin-drood
Mr. Crisparkle,Minor Canon,49,mystery-of-edwin-drood
Minor Canon,Mr.,49,mystery-of-edwin-drood
Minor Canon,Mr. Crisparkle,49,mystery-of-edwin-drood
Minor Canon,Mr. Crisparkle,49,mystery-of-edwin-drood
Jack,Don,66,mystery-of-edwin-drood
Don,Jack,66,mystery-of-edwin-drood
Pussy,Jack,74,mystery-of-edwin-drood
Jack,Pussy,74,mystery-of-edwin-drood
Mr. Jasper,Ned,80,mystery-of-edwin-drood
Mr. Jasper,Uncle,80,mystery-of-edwin-drood
Ned,Mr. Jasper,80,mystery-of-edwin-drood
Ned,Uncle,80,mystery-of-edwin-drood
Uncle,Mr. Jasper,80,mystery-of-edwin-drood
Uncle,Ned,80,mystery-of-edwin-drood
Edwin Drood,Jack,81,mystery-of-edwin-drood
Jack,Edwin Drood,81,mystery-of-edwin-drood
Jack,Don,87,mystery-of-edwin-drood
Jack,Don,87,mystery-of-edwin-drood
Don,Jack,87,mystery-of-edwin-drood
Don,Jack,87,mystery-of-edwin-drood
Pussy,Jack,89,mystery-of-edwin-drood
Pussy,Jack,89,mystery-of-edwin-drood
Jack,Pussy,89,mystery-of-edwin-drood
Jack,Pussy,89,mystery-of-edwin-drood
Hooray,Jack,91,mystery-of-edwin-drood
Hooray,Pussy,91,mystery-of-edwin-drood
Hooray,How,91,mystery-of-edwin-drood
Hooray,Pussy,91,mystery-of-edwin-drood
Hooray,Jack,91,mystery-of-edwin-drood
Jack,Hooray,91,mystery-of-edwin-drood
Jack,Pussy,91,mystery-of-edwin-drood
Jack,How,91,mystery-of-edwin-drood
Jack,Pussy,91,mystery-of-edwin-drood
Pussy,Hooray,91,mystery-of-edwin-drood
Pussy,Jack,91,mystery-of-edwin-drood
Pussy,How,91,mystery-of-edwin-drood
Pussy,Jack,91,mystery-of-edwin-drood
How,Hooray,91,mystery-of-edwin-drood
How,Jack,91,mystery-of-edwin-drood
How,Pussy,91,mystery-of-edwin-drood
How,Pussy,91,mystery-of-edwin-drood
How,Jack,91,mystery-of-edwin-drood
Pussy,Hooray,91,mystery-of-edwin-drood
Pussy,Jack,91,mystery-of-edwin-drood
Pussy,How,91,mystery-of-edwin-drood
Pussy,Jack,91,mystery-of-edwin-drood
Jack,Hooray,91,mystery-of-edwin-drood
Jack,Pussy,91,mystery-of-edwin-drood
Jack,How,91,mystery-of-edwin-drood
Jack,Pussy,91,mystery-of-edwin-drood
Jack,_I_,93,mystery-of-edwin-drood
_I_,Jack,93,mystery-of-edwin-drood
Mr.,Jasper,98,mystery-of-edwin-drood
Jasper,Mr.,98,mystery-of-edwin-drood
Pussy,Miss Scornful Pert,102,mystery-of-edwin-drood
Pussy,Booh,102,mystery-of-edwin-drood
Miss Scornful Pert,Pussy,102,mystery-of-edwin-drood
Miss Scornful Pert,Booh,102,mystery-of-edwin-drood
Booh,Pussy,102,mystery-of-edwin-drood
Booh,Miss Scornful Pert,102,mystery-of-edwin-drood
Slowly,Mr. Jasper,103,mystery-of-edwin-drood
Mr. Jasper,Slowly,103,mystery-of-edwin-drood
Sharply,Edwin Drood,104,mystery-of-edwin-drood
Edwin Drood,Sharply,104,mystery-of-edwin-drood
Jack,Pussy,110,mystery-of-edwin-drood
Pussy,Jack,110,mystery-of-edwin-drood
Tut,Mr. Jasper,113,mystery-of-edwin-drood
Mr. Jasper,Tut,113,mystery-of-edwin-drood
Tut,Jack,114,mystery-of-edwin-drood
Tut,_You_,114,mystery-of-edwin-drood
Tut,_Your_,114,mystery-of-edwin-drood
Tut,_You_,114,mystery-of-edwin-drood
Tut,Life,114,mystery-of-edwin-drood
Jack,Tut,114,mystery-of-edwin-drood
Jack,_You_,114,mystery-of-edwin-drood
Jack,_Your_,114,mystery-of-edwin-drood
Jack,_You_,114,mystery-of-edwin-drood
Jack,Life,114,mystery-of-edwin-drood
_You_,Tut,114,mystery-of-edwin-drood
_You_,Jack,114,mystery-of-edwin-drood
_You_,_Your_,114,mystery-of-edwin-drood
_You_,Life,114,mystery-of-edwin-drood
_Your_,Tut,114,mystery-of-edwin-drood
_Your_,Jack,114,mystery-of-edwin-drood
_Your_,_You_,114,mystery-of-edwin-drood
_Your_,_You_,114,mystery-of-edwin-drood
_Your_,Life,114,mystery-of-edwin-drood
_You_,Tut,114,mystery-of-edwin-drood
_You_,Jack,114,mystery-of-edwin-drood
_You_,_Your_,114,mystery-of-edwin-drood
_You_,Life,114,mystery-of-edwin-drood
Life,Tut,114,mystery-of-edwin-drood
Life,Jack,114,mystery-of-edwin-drood
Life,_You_,114,mystery-of-edwin-drood
Life,_Your_,114,mystery-of-edwin-drood
Life,_You_,114,mystery-of-edwin-drood
Good Heaven,Jack,118,mystery-of-edwin-drood
Jack,Good Heaven,118,mystery-of-edwin-drood
Lay Precentor,Lay Clerk,125,mystery-of-edwin-drood
Lay Precentor,Pussy,125,mystery-of-edwin-drood
Lay Clerk,Lay Precentor,125,mystery-of-edwin-drood
Lay Clerk,Pussy,125,mystery-of-edwin-drood
Pussy,Lay Precentor,125,mystery-of-edwin-drood
Pussy,Lay Clerk,125,mystery-of-edwin-drood
Jack,Jasper,131,mystery-of-edwin-drood
Jasper,Jack,131,mystery-of-edwin-drood
Mr.,Jasper,151,mystery-of-edwin-drood
Jasper,Mr.,151,mystery-of-edwin-drood
Jack,Pussy,154,mystery-of-edwin-drood
Jack,Pussy,154,mystery-of-edwin-drood
Jack,Pussy,154,mystery-of-edwin-drood
Jack,Little Miss Impudence,154,mystery-of-edwin-drood
Pussy,Jack,154,mystery-of-edwin-drood
Pussy,Jack,154,mystery-of-edwin-drood
Pussy,Little Miss Impudence,154,mystery-of-edwin-drood
Pussy,Jack,154,mystery-of-edwin-drood
Pussy,Jack,154,mystery-of-edwin-drood
Pussy,Little Miss Impudence,154,mystery-of-edwin-drood
Jack,Pussy,154,mystery-of-edwin-drood
Jack,Pussy,154,mystery-of-edwin-drood
Jack,Pussy,154,mystery-of-edwin-drood
Jack,Little Miss Impudence,154,mystery-of-edwin-drood
Pussy,Jack,154,mystery-of-edwin-drood
Pussy,Jack,154,mystery-of-edwin-drood
Pussy,Little Miss Impudence,154,mystery-of-edwin-drood
Little Miss Impudence,Jack,154,mystery-of-edwin-drood
Little Miss Impudence,Pussy,154,mystery-of-edwin-drood
Little Miss Impudence,Pussy,154,mystery-of-edwin-drood
Little Miss Impudence,Jack,154,mystery-of-edwin-drood
Little Miss Impudence,Pussy,154,mystery-of-edwin-drood
Rather,Jack,161,mystery-of-edwin-drood
Jack,Rather,161,mystery-of-edwin-drood
Young Ladies,Miss,171,mystery-of-edwin-drood
Miss,Young Ladies,171,mystery-of-edwin-drood
Miss Twinkleton,Foolish Mr. Porters,173,mystery-of-edwin-drood
Miss Twinkleton,Tisher,173,mystery-of-edwin-drood
Miss Twinkleton,Foolish Mr. Porters,173,mystery-of-edwin-drood
Miss Twinkleton,Tisher,173,mystery-of-edwin-drood
Miss Twinkleton,Foolish Mr. Porters,173,mystery-of-edwin-drood
Miss Twinkleton,Tisher,173,mystery-of-edwin-drood
Miss Twinkleton,Foolish Mr. Porters,173,mystery-of-edwin-drood
Miss Twinkleton,Tisher,173,mystery-of-edwin-drood
Miss Twinkleton,Foolish Mr. Porters,173,mystery-of-edwin-drood
Miss Twinkleton,Tisher,173,mystery-of-edwin-drood
Foolish Mr. Porters,Miss Twinkleton,173,mystery-of-edwin-drood
Foolish Mr. Porters,Miss Twinkleton,173,mystery-of-edwin-drood
Foolish Mr. Porters,Miss Twinkleton,173,mystery-of-edwin-drood
Foolish Mr. Porters,Miss Twinkleton,173,mystery-of-edwin-drood
Foolish Mr. Porters,Miss Twinkleton,173,mystery-of-edwin-drood
Foolish Mr. Porters,Miss Twinkleton,173,mystery-of-edwin-drood
Foolish Mr. Porters,Miss Twinkleton,173,mystery-of-edwin-drood
Foolish Mr. Porters,Tisher,173,mystery-of-edwin-drood
Miss Twinkleton,Foolish Mr. Porters,173,mystery-of-edwin-drood
Miss Twinkleton,Tisher,173,mystery-of-edwin-drood
Miss Twinkleton,Foolish Mr. Porters,173,mystery-of-edwin-drood
Miss Twinkleton,Tisher,173,mystery-of-edwin-drood
Tisher,Miss Twinkleton,173,mystery-of-edwin-drood
Tisher,Miss Twinkleton,173,mystery-of-edwin-drood
Tisher,Miss Twinkleton,173,mystery-of-edwin-drood
Tisher,Miss Twinkleton,173,mystery-of-edwin-drood
Tisher,Miss Twinkleton,173,mystery-of-edwin-drood
Tisher,Foolish Mr. Porters,173,mystery-of-edwin-drood
Tisher,Miss Twinkleton,173,mystery-of-edwin-drood
Tisher,Miss Twinkleton,173,mystery-of-edwin-drood
Miss Rosa Bud,Miss Bud,174,mystery-of-edwin-drood
Miss Rosa Bud,Miss Twinkleton,174,mystery-of-edwin-drood
Miss Rosa Bud,Miss Bud,174,mystery-of-edwin-drood
Miss Rosa Bud,Mr. Porters,174,mystery-of-edwin-drood
Miss Rosa Bud,Miss Twinkleton,174,mystery-of-edwin-drood
Miss Bud,Miss Rosa Bud,174,mystery-of-edwin-drood
Miss Bud,Miss Twinkleton,174,mystery-of-edwin-drood
Miss Bud,Mr. Porters,174,mystery-of-edwin-drood
Miss Bud,Miss Twinkleton,174,mystery-of-edwin-drood
Miss Twinkleton,Miss Rosa Bud,174,mystery-of-edwin-drood
Miss Twinkleton,Miss Bud,174,mystery-of-edwin-drood
Miss Twinkleton,Miss Bud,174,mystery-of-edwin-drood
Miss Twinkleton,Mr. Porters,174,mystery-of-edwin-drood
Miss Bud,Miss Rosa Bud,174,mystery-of-edwin-drood
Miss Bud,Miss Twinkleton,174,mystery-of-edwin-drood
Miss Bud,Mr. Porters,174,mystery-of-edwin-drood
Miss Bud,Miss Twinkleton,174,mystery-of-edwin-drood
Mr. Porters,Miss Rosa Bud,174,mystery-of-edwin-drood
Mr. Porters,Miss Bud,174,mystery-of-edwin-drood
Mr. Porters,Miss Twinkleton,174,mystery-of-edwin-drood
Mr. Porters,Miss Bud,174,mystery-of-edwin-drood
Mr. Porters,Miss Twinkleton,174,mystery-of-edwin-drood
Miss Twinkleton,Miss Rosa Bud,174,mystery-of-edwin-drood
Miss Twinkleton,Miss Bud,174,mystery-of-edwin-drood
Miss Twinkleton,Miss Bud,174,mystery-of-edwin-drood
Miss Twinkleton,Mr. Porters,174,mystery-of-edwin-drood
Edwin Drood,Miss Rosa,177,mystery-of-edwin-drood
Miss Rosa,Edwin Drood,177,mystery-of-edwin-drood
Mr.,Edwin Drood,179,mystery-of-edwin-drood
Mr.,Twinkleton,179,mystery-of-edwin-drood
Mr.,Miss Twinkleton,179,mystery-of-edwin-drood
Edwin Drood,Mr.,179,mystery-of-edwin-drood
Edwin Drood,Twinkleton,179,mystery-of-edwin-drood
Edwin Drood,Miss Twinkleton,179,mystery-of-edwin-drood
Twinkleton,Mr.,179,mystery-of-edwin-drood
Twinkleton,Edwin Drood,179,mystery-of-edwin-drood
Twinkleton,Miss Twinkleton,179,mystery-of-edwin-drood
Miss Twinkleton,Mr.,179,mystery-of-edwin-drood
Miss Twinkleton,Edwin Drood,179,mystery-of-edwin-drood
Miss Twinkleton,Twinkleton,179,mystery-of-edwin-drood
Don,Eddy,181,mystery-of-edwin-drood
Eddy,Don,181,mystery-of-edwin-drood
Don,Rosa,182,mystery-of-edwin-drood
Rosa,Don,182,mystery-of-edwin-drood
Miss Twinkleton,Mr. Drood,197,mystery-of-edwin-drood
Miss Twinkleton,Pray,197,mystery-of-edwin-drood
Mr. Drood,Miss Twinkleton,197,mystery-of-edwin-drood
Mr. Drood,Pray,197,mystery-of-edwin-drood
Pray,Miss Twinkleton,197,mystery-of-edwin-drood
Pray,Mr. Drood,197,mystery-of-edwin-drood
Edwin Drood,Pussy,215,mystery-of-edwin-drood
Pussy,Edwin Drood,215,mystery-of-edwin-drood
Eddy,Rosebud,228,mystery-of-edwin-drood
Rosebud,Eddy,228,mystery-of-edwin-drood
Hark,Miss Twinkleton,234,mystery-of-edwin-drood
Miss Twinkleton,Hark,234,mystery-of-edwin-drood
Which,Rosa,236,mystery-of-edwin-drood
Rosa,Which,236,mystery-of-edwin-drood
Arabs,Fellahs,269,mystery-of-edwin-drood
Fellahs,Arabs,269,mystery-of-edwin-drood
Edwin,Rosa,275,mystery-of-edwin-drood
Rosa,Edwin,275,mystery-of-edwin-drood
_You,Eddy,280,mystery-of-edwin-drood
_You,Don,280,mystery-of-edwin-drood
Eddy,_You,280,mystery-of-edwin-drood
Eddy,Don,280,mystery-of-edwin-drood
Don,_You,280,mystery-of-edwin-drood
Don,Eddy,280,mystery-of-edwin-drood
Somehow,Edwin,287,mystery-of-edwin-drood
Edwin,Somehow,287,mystery-of-edwin-drood
Rosa,Eddy,292,mystery-of-edwin-drood
Rosa,Don,292,mystery-of-edwin-drood
Eddy,Rosa,292,mystery-of-edwin-drood
Eddy,Don,292,mystery-of-edwin-drood
Don,Rosa,292,mystery-of-edwin-drood
Don,Eddy,292,mystery-of-edwin-drood
Edwin,Rosebud,300,mystery-of-edwin-drood
Rosebud,Edwin,300,mystery-of-edwin-drood
See,Rosa,305,mystery-of-edwin-drood
Rosa,See,305,mystery-of-edwin-drood
Mr.,Sapsea,311,mystery-of-edwin-drood
Mr.,My Lord,311,mystery-of-edwin-drood
Mr.,Mr. Sapsea,311,mystery-of-edwin-drood
Mr.,Public Auction,311,mystery-of-edwin-drood
Mr.,Mr. Sapsea,311,mystery-of-edwin-drood
Sapsea,Mr.,311,mystery-of-edwin-drood
Sapsea,My Lord,311,mystery-of-edwin-drood
Sapsea,Mr. Sapsea,311,mystery-of-edwin-drood
Sapsea,Public Auction,311,mystery-of-edwin-drood
Sapsea,Mr. Sapsea,311,mystery-of-edwin-drood
My Lord,Mr.,311,mystery-of-edwin-drood
My Lord,Sapsea,311,mystery-of-edwin-drood
My Lord,Mr. Sapsea,311,mystery-of-edwin-drood
My Lord,Public Auction,311,mystery-of-edwin-drood
My Lord,Mr. Sapsea,311,mystery-of-edwin-drood
Mr. Sapsea,Mr.,311,mystery-of-edwin-drood
Mr. Sapsea,Sapsea,311,mystery-of-edwin-drood
Mr. Sapsea,My Lord,311,mystery-of-edwin-drood
Mr. Sapsea,Public Auction,311,mystery-of-edwin-drood
Public Auction,Mr.,311,mystery-of-edwin-drood
Public Auction,Sapsea,311,mystery-of-edwin-drood
Public Auction,My Lord,311,mystery-of-edwin-drood
Public Auction,Mr. Sapsea,311,mystery-of-edwin-drood
Public Auction,Mr. Sapsea,311,mystery-of-edwin-drood
Mr. Sapsea,Mr.,311,mystery-of-edwin-drood
Mr. Sapsea,Sapsea,311,mystery-of-edwin-drood
Mr. Sapsea,My Lord,311,mystery-of-edwin-drood
Mr. Sapsea,Public Auction,311,mystery-of-edwin-drood
Mr.,Sapsea,312,mystery-of-edwin-drood
Mr.,Mr. Sapsea,312,mystery-of-edwin-drood
Sapsea,Mr.,312,mystery-of-edwin-drood
Sapsea,Mr. Sapsea,312,mystery-of-edwin-drood
Mr. Sapsea,Mr.,312,mystery-of-edwin-drood
Mr. Sapsea,Sapsea,312,mystery-of-edwin-drood
Mr.,Sapsea,313,mystery-of-edwin-drood
Mr.,Mr. Sapsea,313,mystery-of-edwin-drood
Sapsea,Mr.,313,mystery-of-edwin-drood
Sapsea,Mr. Sapsea,313,mystery-of-edwin-drood
Mr. Sapsea,Mr.,313,mystery-of-edwin-drood
Mr. Sapsea,Sapsea,313,mystery-of-edwin-drood
Mr.,Mr. Sapsea,314,mystery-of-edwin-drood
Mr. Sapsea,Mr.,314,mystery-of-edwin-drood
Jasper,Mr. Sapsea,316,mystery-of-edwin-drood
Mr. Sapsea,Jasper,316,mystery-of-edwin-drood
Mr. Sapsea,Jasper,324,mystery-of-edwin-drood
Jasper,Mr. Sapsea,324,mystery-of-edwin-drood
Mr. Sapsea,Mr. Jasper,327,mystery-of-edwin-drood
Mr. Jasper,Mr. Sapsea,327,mystery-of-edwin-drood
Pekin,Nankin,329,mystery-of-edwin-drood
Nankin,Pekin,329,mystery-of-edwin-drood
Mr.,Jasper,336,mystery-of-edwin-drood
Jasper,Mr.,336,mystery-of-edwin-drood
Mr.,Mr. Sapsea,338,mystery-of-edwin-drood
Mr. Sapsea,Mr.,338,mystery-of-edwin-drood
Mr.,Jasper,340,mystery-of-edwin-drood
Jasper,Mr.,340,mystery-of-edwin-drood
Mr.,Jasper,342,mystery-of-edwin-drood
Jasper,Mr.,342,mystery-of-edwin-drood
Mr. Sapsea,Man,343,mystery-of-edwin-drood
Mr. Sapsea,Heaven,343,mystery-of-edwin-drood
Man,Mr. Sapsea,343,mystery-of-edwin-drood
Man,Heaven,343,mystery-of-edwin-drood
Heaven,Mr. Sapsea,343,mystery-of-edwin-drood
Heaven,Man,343,mystery-of-edwin-drood
Mr. Jasper,Sapsea,345,mystery-of-edwin-drood
Sapsea,Mr. Jasper,345,mystery-of-edwin-drood
Reverential Wife,MR. THOMAS SAPSEA,347,mystery-of-edwin-drood
Reverential Wife,Whose Knowledge,347,mystery-of-edwin-drood
Reverential Wife,Though,347,mystery-of-edwin-drood
Reverential Wife,Never,347,mystery-of-edwin-drood
MR. THOMAS SAPSEA,Reverential Wife,347,mystery-of-edwin-drood
MR. THOMAS SAPSEA,Whose Knowledge,347,mystery-of-edwin-drood
MR. THOMAS SAPSEA,Though,347,mystery-of-edwin-drood
MR. THOMAS SAPSEA,Never,347,mystery-of-edwin-drood
Whose Knowledge,Reverential Wife,347,mystery-of-edwin-drood
Whose Knowledge,MR. THOMAS SAPSEA,347,mystery-of-edwin-drood
Whose Knowledge,Though,347,mystery-of-edwin-drood
Whose Knowledge,Never,347,mystery-of-edwin-drood
Though,Reverential Wife,347,mystery-of-edwin-drood
Though,MR. THOMAS SAPSEA,347,mystery-of-edwin-drood
Though,Whose Knowledge,347,mystery-of-edwin-drood
Though,Never,347,mystery-of-edwin-drood
Never,Reverential Wife,347,mystery-of-edwin-drood
Never,MR. THOMAS SAPSEA,347,mystery-of-edwin-drood
Never,Whose Knowledge,347,mystery-of-edwin-drood
Never,Though,347,mystery-of-edwin-drood
Mr.,Durdles,348,mystery-of-edwin-drood
Durdles,Mr.,348,mystery-of-edwin-drood
Fame,Durdles,353,mystery-of-edwin-drood
Fame,Durdles,353,mystery-of-edwin-drood
Fame,Durdles,353,mystery-of-edwin-drood
Fame,Tope,353,mystery-of-edwin-drood
Durdles,Fame,353,mystery-of-edwin-drood
Durdles,Tope,353,mystery-of-edwin-drood
Durdles,Fame,353,mystery-of-edwin-drood
Durdles,Tope,353,mystery-of-edwin-drood
Durdles,Fame,353,mystery-of-edwin-drood
Durdles,Tope,353,mystery-of-edwin-drood
Tope,Fame,353,mystery-of-edwin-drood
Tope,Durdles,353,mystery-of-edwin-drood
Tope,Durdles,353,mystery-of-edwin-drood
Tope,Durdles,353,mystery-of-edwin-drood
Durdles,Herein,354,mystery-of-edwin-drood
Durdles,Death,354,mystery-of-edwin-drood
Durdles,Herein,354,mystery-of-edwin-drood
Durdles,Death,354,mystery-of-edwin-drood
Herein,Durdles,354,mystery-of-edwin-drood
Herein,Durdles,354,mystery-of-edwin-drood
Herein,Death,354,mystery-of-edwin-drood
Death,Durdles,354,mystery-of-edwin-drood
Death,Durdles,354,mystery-of-edwin-drood
Death,Herein,354,mystery-of-edwin-drood
Mr. Sapsea,Durdles,355,mystery-of-edwin-drood
Durdles,Mr. Sapsea,355,mystery-of-edwin-drood
Durdles,Mr. Jasper,358,mystery-of-edwin-drood
Mr. Jasper,Durdles,358,mystery-of-edwin-drood
Mr. Sapsea,Mr. Jasper,362,mystery-of-edwin-drood
Mr. Sapsea,Durdles,362,mystery-of-edwin-drood
Mr. Sapsea,Tombs,362,mystery-of-edwin-drood
Mr. Sapsea,Durdles,362,mystery-of-edwin-drood
Mr. Jasper,Mr. Sapsea,362,mystery-of-edwin-drood
Mr. Jasper,Durdles,362,mystery-of-edwin-drood
Mr. Jasper,Tombs,362,mystery-of-edwin-drood
Mr. Jasper,Durdles,362,mystery-of-edwin-drood
Durdles,Mr. Sapsea,362,mystery-of-edwin-drood
Durdles,Mr. Jasper,362,mystery-of-edwin-drood
Durdles,Tombs,362,mystery-of-edwin-drood
Tombs,Mr. Sapsea,362,mystery-of-edwin-drood
Tombs,Mr. Jasper,362,mystery-of-edwin-drood
Tombs,Durdles,362,mystery-of-edwin-drood
Tombs,Durdles,362,mystery-of-edwin-drood
Durdles,Mr. Sapsea,362,mystery-of-edwin-drood
Durdles,Mr. Jasper,362,mystery-of-edwin-drood
Durdles,Tombs,362,mystery-of-edwin-drood
Durdles,Mr. Sapsea,364,mystery-of-edwin-drood
Mr. Sapsea,Durdles,364,mystery-of-edwin-drood
Mr.,Author,365,mystery-of-edwin-drood
Author,Mr.,365,mystery-of-edwin-drood
Durdles,Mr. Sapsea,368,mystery-of-edwin-drood
Durdles,Ask,368,mystery-of-edwin-drood
Mr. Sapsea,Durdles,368,mystery-of-edwin-drood
Mr. Sapsea,Ask,368,mystery-of-edwin-drood
Mr. Sapsea,Durdles,368,mystery-of-edwin-drood
Ask,Durdles,368,mystery-of-edwin-drood
Ask,Mr. Sapsea,368,mystery-of-edwin-drood
Ask,Durdles,368,mystery-of-edwin-drood
Durdles,Mr. Sapsea,368,mystery-of-edwin-drood
Durdles,Ask,368,mystery-of-edwin-drood
Jasper,Stony Durdles,376,mystery-of-edwin-drood
Stony Durdles,Jasper,376,mystery-of-edwin-drood
Durdles,Mr. Jasper,377,mystery-of-edwin-drood
Mr. Jasper,Durdles,377,mystery-of-edwin-drood
Take,Mr. Jasper,381,mystery-of-edwin-drood
Mr. Jasper,Take,381,mystery-of-edwin-drood
Stony,Stephen,382,mystery-of-edwin-drood
Stephen,Stony,382,mystery-of-edwin-drood
Mr.,Durdles,385,mystery-of-edwin-drood
Durdles,Mr.,385,mystery-of-edwin-drood
Mr.,Sapsea,387,mystery-of-edwin-drood
Mr.,Mr. Sapsea,387,mystery-of-edwin-drood
Mr.,Mr. Sapsea,387,mystery-of-edwin-drood
Sapsea,Mr.,387,mystery-of-edwin-drood
Sapsea,Mr. Sapsea,387,mystery-of-edwin-drood
Sapsea,Mr. Sapsea,387,mystery-of-edwin-drood
Mr. Sapsea,Mr.,387,mystery-of-edwin-drood
Mr. Sapsea,Sapsea,387,mystery-of-edwin-drood
Mr. Sapsea,Mr.,387,mystery-of-edwin-drood
Mr. Sapsea,Sapsea,387,mystery-of-edwin-drood
John Jasper,Stony Durdles,390,mystery-of-edwin-drood
John Jasper,Durdles,390,mystery-of-edwin-drood
John Jasper,Durdles,390,mystery-of-edwin-drood
Stony Durdles,John Jasper,390,mystery-of-edwin-drood
Stony Durdles,Durdles,390,mystery-of-edwin-drood
Stony Durdles,Durdles,390,mystery-of-edwin-drood
Durdles,John Jasper,390,mystery-of-edwin-drood
Durdles,Stony Durdles,390,mystery-of-edwin-drood
Durdles,John Jasper,390,mystery-of-edwin-drood
Durdles,Stony Durdles,390,mystery-of-edwin-drood
Widdy,Widdy Widdy,399,mystery-of-edwin-drood
Widdy,Widdy Widdy,399,mystery-of-edwin-drood
Widdy Widdy,Widdy,399,mystery-of-edwin-drood
Widdy Widdy,Widdy,399,mystery-of-edwin-drood
Durdles,Sapsea,410,mystery-of-edwin-drood
Durdles,Assessed Taxes,410,mystery-of-edwin-drood
Durdles,Sapsea,410,mystery-of-edwin-drood
Durdles,Assessed Taxes,410,mystery-of-edwin-drood
Sapsea,Durdles,410,mystery-of-edwin-drood
Sapsea,Durdles,410,mystery-of-edwin-drood
Sapsea,Assessed Taxes,410,mystery-of-edwin-drood
Sapsea,Durdles,410,mystery-of-edwin-drood
Assessed Taxes,Durdles,410,mystery-of-edwin-drood
Assessed Taxes,Durdles,410,mystery-of-edwin-drood
Assessed Taxes,Sapsea,410,mystery-of-edwin-drood
Assessed Taxes,Durdles,410,mystery-of-edwin-drood
Durdles,Sapsea,410,mystery-of-edwin-drood
Durdles,Assessed Taxes,410,mystery-of-edwin-drood
Durdles,Deputy,412,mystery-of-edwin-drood
Durdles,Deputy,412,mystery-of-edwin-drood
Deputy,Durdles,412,mystery-of-edwin-drood
Deputy,Durdles,412,mystery-of-edwin-drood
Widdy Warning,Durdles,413,mystery-of-edwin-drood
Durdles,Widdy Warning,413,mystery-of-edwin-drood
Mr. Jasper,Durdles,419,mystery-of-edwin-drood
Durdles,Mr. Jasper,419,mystery-of-edwin-drood
Durdles,John Jasper,425,mystery-of-edwin-drood
John Jasper,Durdles,425,mystery-of-edwin-drood
Solid,Hollow,440,mystery-of-edwin-drood
Solid,Old,440,mystery-of-edwin-drood
Solid,Hollow,440,mystery-of-edwin-drood
Solid,Old,440,mystery-of-edwin-drood
Hollow,Solid,440,mystery-of-edwin-drood
Hollow,Solid,440,mystery-of-edwin-drood
Hollow,Solid,440,mystery-of-edwin-drood
Hollow,Solid,440,mystery-of-edwin-drood
Hollow,Old,440,mystery-of-edwin-drood
Solid,Hollow,440,mystery-of-edwin-drood
Solid,Old,440,mystery-of-edwin-drood
Solid,Hollow,440,mystery-of-edwin-drood
Solid,Old,440,mystery-of-edwin-drood
Old,Solid,440,mystery-of-edwin-drood
Old,Solid,440,mystery-of-edwin-drood
Old,Hollow,440,mystery-of-edwin-drood
Old,Solid,440,mystery-of-edwin-drood
Old,Solid,440,mystery-of-edwin-drood
Durdles,Treasure,442,mystery-of-edwin-drood
Treasure,Durdles,442,mystery-of-edwin-drood
Say,Durdles,444,mystery-of-edwin-drood
Say,Durdles,444,mystery-of-edwin-drood
Durdles,Say,444,mystery-of-edwin-drood
Durdles,Say,444,mystery-of-edwin-drood
Neither,Minor Canon,464,mystery-of-edwin-drood
Minor Canon,Neither,464,mystery-of-edwin-drood
Neville,Helena Landless,487,mystery-of-edwin-drood
Helena Landless,Neville,487,mystery-of-edwin-drood
Madam,Mr. Septimus,489,mystery-of-edwin-drood
Madam,Neville,489,mystery-of-edwin-drood
Madam,Helena,489,mystery-of-edwin-drood
Madam,Please,489,mystery-of-edwin-drood
Madam,Mr. Septimus,489,mystery-of-edwin-drood
Madam,Dear Madam,489,mystery-of-edwin-drood
Mr. Septimus,Madam,489,mystery-of-edwin-drood
Mr. Septimus,Neville,489,mystery-of-edwin-drood
Mr. Septimus,Helena,489,mystery-of-edwin-drood
Mr. Septimus,Please,489,mystery-of-edwin-drood
Mr. Septimus,Dear Madam,489,mystery-of-edwin-drood
Neville,Madam,489,mystery-of-edwin-drood
Neville,Mr. Septimus,489,mystery-of-edwin-drood
Neville,Helena,489,mystery-of-edwin-drood
Neville,Please,489,mystery-of-edwin-drood
Neville,Mr. Septimus,489,mystery-of-edwin-drood
Neville,Dear Madam,489,mystery-of-edwin-drood
Helena,Madam,489,mystery-of-edwin-drood
Helena,Mr. Septimus,489,mystery-of-edwin-drood
Helena,Neville,489,mystery-of-edwin-drood
Helena,Please,489,mystery-of-edwin-drood
Helena,Mr. Septimus,489,mystery-of-edwin-drood
Helena,Dear Madam,489,mystery-of-edwin-drood
Please,Madam,489,mystery-of-edwin-drood
Please,Mr. Septimus,489,mystery-of-edwin-drood
Please,Neville,489,mystery-of-edwin-drood
Please,Helena,489,mystery-of-edwin-drood
Please,Mr. Septimus,489,mystery-of-edwin-drood
Please,Dear Madam,489,mystery-of-edwin-drood
Mr. Septimus,Madam,489,mystery-of-edwin-drood
Mr. Septimus,Neville,489,mystery-of-edwin-drood
Mr. Septimus,Helena,489,mystery-of-edwin-drood
Mr. Septimus,Please,489,mystery-of-edwin-drood
Mr. Septimus,Dear Madam,489,mystery-of-edwin-drood
Dear Madam,Madam,489,mystery-of-edwin-drood
Dear Madam,Mr. Septimus,489,mystery-of-edwin-drood
Dear Madam,Neville,489,mystery-of-edwin-drood
Dear Madam,Helena,489,mystery-of-edwin-drood
Dear Madam,Please,489,mystery-of-edwin-drood
Dear Madam,Mr. Septimus,489,mystery-of-edwin-drood
Septimus,Mr. Honeythunder,490,mystery-of-edwin-drood
Septimus,Ma,490,mystery-of-edwin-drood
Mr. Honeythunder,Septimus,490,mystery-of-edwin-drood
Mr. Honeythunder,Ma,490,mystery-of-edwin-drood
Ma,Septimus,490,mystery-of-edwin-drood
Ma,Mr. Honeythunder,490,mystery-of-edwin-drood
Mr. Honeythunder,Philanthropy,495,mystery-of-edwin-drood
Philanthropy,Mr. Honeythunder,495,mystery-of-edwin-drood
Mr. Crisparkle,Jasper,496,mystery-of-edwin-drood
Mr. Crisparkle,Jasper,496,mystery-of-edwin-drood
Mr. Crisparkle,Add Miss Twinkleton,496,mystery-of-edwin-drood
Mr. Crisparkle,Ma,496,mystery-of-edwin-drood
Jasper,Mr. Crisparkle,496,mystery-of-edwin-drood
Jasper,Add Miss Twinkleton,496,mystery-of-edwin-drood
Jasper,Ma,496,mystery-of-edwin-drood
Jasper,Mr. Crisparkle,496,mystery-of-edwin-drood
Jasper,Add Miss Twinkleton,496,mystery-of-edwin-drood
Jasper,Ma,496,mystery-of-edwin-drood
Add Miss Twinkleton,Mr. Crisparkle,496,mystery-of-edwin-drood
Add Miss Twinkleton,Jasper,496,mystery-of-edwin-drood
Add Miss Twinkleton,Jasper,496,mystery-of-edwin-drood
Add Miss Twinkleton,Ma,496,mystery-of-edwin-drood
Ma,Mr. Crisparkle,496,mystery-of-edwin-drood
Ma,Jasper,496,mystery-of-edwin-drood
Ma,Jasper,496,mystery-of-edwin-drood
Ma,Add Miss Twinkleton,496,mystery-of-edwin-drood
Mr. Crisparkle,Miss Twinkleton,500,mystery-of-edwin-drood
Mr. Crisparkle,Miss Twinkleton,500,mystery-of-edwin-drood
Mr. Crisparkle,Mr. Neville,500,mystery-of-edwin-drood
Mr. Crisparkle,Miss Helena,500,mystery-of-edwin-drood
Mr. Crisparkle,Minor Canon Corner,500,mystery-of-edwin-drood
Miss Twinkleton,Mr. Crisparkle,500,mystery-of-edwin-drood
Miss Twinkleton,Mr. Neville,500,mystery-of-edwin-drood
Miss Twinkleton,Miss Helena,500,mystery-of-edwin-drood
Miss Twinkleton,Minor Canon Corner,500,mystery-of-edwin-drood
Miss Twinkleton,Mr. Crisparkle,500,mystery-of-edwin-drood
Miss Twinkleton,Mr. Neville,500,mystery-of-edwin-drood
Miss Twinkleton,Miss Helena,500,mystery-of-edwin-drood
Miss Twinkleton,Minor Canon Corner,500,mystery-of-edwin-drood
Mr. Neville,Mr. Crisparkle,500,mystery-of-edwin-drood
Mr. Neville,Miss Twinkleton,500,mystery-of-edwin-drood
Mr. Neville,Miss Twinkleton,500,mystery-of-edwin-drood
Mr. Neville,Miss Helena,500,mystery-of-edwin-drood
Mr. Neville,Minor Canon Corner,500,mystery-of-edwin-drood
Miss Helena,Mr. Crisparkle,500,mystery-of-edwin-drood
Miss Helena,Miss Twinkleton,500,mystery-of-edwin-drood
Miss Helena,Miss Twinkleton,500,mystery-of-edwin-drood
Miss Helena,Mr. Neville,500,mystery-of-edwin-drood
Miss Helena,Minor Canon Corner,500,mystery-of-edwin-drood
Minor Canon Corner,Mr. Crisparkle,500,mystery-of-edwin-drood
Minor Canon Corner,Miss Twinkleton,500,mystery-of-edwin-drood
Minor Canon Corner,Miss Twinkleton,500,mystery-of-edwin-drood
Minor Canon Corner,Mr. Neville,500,mystery-of-edwin-drood
Minor Canon Corner,Miss Helena,500,mystery-of-edwin-drood
Mr. Sapsea,Express Trains,501,mystery-of-edwin-drood
Mr. Sapsea,Church,501,mystery-of-edwin-drood
Mr. Sapsea,Express Trains,501,mystery-of-edwin-drood
Mr. Sapsea,Church,501,mystery-of-edwin-drood
Express Trains,Mr. Sapsea,501,mystery-of-edwin-drood
Express Trains,Mr. Sapsea,501,mystery-of-edwin-drood
Express Trains,Church,501,mystery-of-edwin-drood
Church,Mr. Sapsea,501,mystery-of-edwin-drood
Church,Mr. Sapsea,501,mystery-of-edwin-drood
Church,Express Trains,501,mystery-of-edwin-drood
Mr. Crisparkle,Joe,517,mystery-of-edwin-drood
Mr. Crisparkle,Joe,517,mystery-of-edwin-drood
Mr. Crisparkle,Joe,517,mystery-of-edwin-drood
Mr. Crisparkle,Joe,517,mystery-of-edwin-drood
Mr. Crisparkle,Joe,517,mystery-of-edwin-drood
Mr. Crisparkle,Honeythunder,517,mystery-of-edwin-drood
Joe,Mr. Crisparkle,517,mystery-of-edwin-drood
Joe,Honeythunder,517,mystery-of-edwin-drood
Joe,Mr. Crisparkle,517,mystery-of-edwin-drood
Joe,Honeythunder,517,mystery-of-edwin-drood
Joe,Mr. Crisparkle,517,mystery-of-edwin-drood
Joe,Honeythunder,517,mystery-of-edwin-drood
Joe,Mr. Crisparkle,517,mystery-of-edwin-drood
Joe,Honeythunder,517,mystery-of-edwin-drood
Joe,Mr. Crisparkle,517,mystery-of-edwin-drood
Joe,Honeythunder,517,mystery-of-edwin-drood
Honeythunder,Mr. Crisparkle,517,mystery-of-edwin-drood
Honeythunder,Joe,517,mystery-of-edwin-drood
Honeythunder,Joe,517,mystery-of-edwin-drood
Honeythunder,Joe,517,mystery-of-edwin-drood
Honeythunder,Joe,517,mystery-of-edwin-drood
Honeythunder,Joe,517,mystery-of-edwin-drood
Mr. Septimus,Neville,520,mystery-of-edwin-drood
Neville,Mr. Septimus,520,mystery-of-edwin-drood
Neville,Mr. Septimus,520,mystery-of-edwin-drood
Mr. Septimus,Neville,520,mystery-of-edwin-drood
Joke,Mr. Honeythunder,524,mystery-of-edwin-drood
Joke,Helena,524,mystery-of-edwin-drood
Joke,Mr. Crisparkle,524,mystery-of-edwin-drood
Mr. Honeythunder,Joke,524,mystery-of-edwin-drood
Mr. Honeythunder,Helena,524,mystery-of-edwin-drood
Mr. Honeythunder,Mr. Crisparkle,524,mystery-of-edwin-drood
Helena,Joke,524,mystery-of-edwin-drood
Helena,Mr. Honeythunder,524,mystery-of-edwin-drood
Helena,Mr. Crisparkle,524,mystery-of-edwin-drood
Mr. Crisparkle,Joke,524,mystery-of-edwin-drood
Mr. Crisparkle,Mr. Honeythunder,524,mystery-of-edwin-drood
Mr. Crisparkle,Helena,524,mystery-of-edwin-drood
Slender,Mr. Crisparkle,525,mystery-of-edwin-drood
Mr. Crisparkle,Slender,525,mystery-of-edwin-drood
Mr. Honeythunder,Helena Landless,526,mystery-of-edwin-drood
Helena Landless,Mr. Honeythunder,526,mystery-of-edwin-drood
Helena Landless,Mr. Honeythunder,526,mystery-of-edwin-drood
Mr. Honeythunder,Helena Landless,526,mystery-of-edwin-drood
Mr. Tope,Mr. Septimus,528,mystery-of-edwin-drood
Mr. Septimus,Mr. Tope,528,mystery-of-edwin-drood
Mr. Honeythunder,Mr. Tope,529,mystery-of-edwin-drood
Mr. Honeythunder,Mr. Crisparkle,529,mystery-of-edwin-drood
Mr. Honeythunder,Miss Twinkleton,529,mystery-of-edwin-drood
Mr. Honeythunder,Mr. Crisparkle,529,mystery-of-edwin-drood
Mr. Tope,Mr. Honeythunder,529,mystery-of-edwin-drood
Mr. Tope,Mr. Crisparkle,529,mystery-of-edwin-drood
Mr. Tope,Miss Twinkleton,529,mystery-of-edwin-drood
Mr. Tope,Mr. Crisparkle,529,mystery-of-edwin-drood
Mr. Crisparkle,Mr. Honeythunder,529,mystery-of-edwin-drood
Mr. Crisparkle,Mr. Tope,529,mystery-of-edwin-drood
Mr. Crisparkle,Miss Twinkleton,529,mystery-of-edwin-drood
Miss Twinkleton,Mr. Honeythunder,529,mystery-of-edwin-drood
Miss Twinkleton,Mr. Tope,529,mystery-of-edwin-drood
Miss Twinkleton,Mr. Crisparkle,529,mystery-of-edwin-drood
Miss Twinkleton,Mr. Crisparkle,529,mystery-of-edwin-drood
Mr. Crisparkle,Mr. Honeythunder,529,mystery-of-edwin-drood
Mr. Crisparkle,Mr. Tope,529,mystery-of-edwin-drood
Mr. Crisparkle,Miss Twinkleton,529,mystery-of-edwin-drood
Mr. Crisparkle,Mr. Neville,549,mystery-of-edwin-drood
Mr. Neville,Mr. Crisparkle,549,mystery-of-edwin-drood
Mr. Neville,Mr. Honeythunder,576,mystery-of-edwin-drood
Mr. Honeythunder,Mr. Neville,576,mystery-of-edwin-drood
Mr.,Mr. Crisparkle,579,mystery-of-edwin-drood
Mr. Crisparkle,Mr.,579,mystery-of-edwin-drood
Mr. Honeythunder,Mr. Edwin Drood,582,mystery-of-edwin-drood
Mr. Edwin Drood,Mr. Honeythunder,582,mystery-of-edwin-drood
Mr. Neville,Mr. Jasper,585,mystery-of-edwin-drood
Mr. Jasper,Mr. Neville,585,mystery-of-edwin-drood
Mr.,Jasper,590,mystery-of-edwin-drood
Mr.,Miss Rosebud,590,mystery-of-edwin-drood
Mr.,Mr. Jasper,590,mystery-of-edwin-drood
Mr.,Helena,590,mystery-of-edwin-drood
Mr.,Mr. Crisparkle,590,mystery-of-edwin-drood
Mr.,Mr. Neville,590,mystery-of-edwin-drood
Mr.,Mr. Crisparkle,590,mystery-of-edwin-drood
Mr.,Edwin Drood,590,mystery-of-edwin-drood
Mr.,Mr. Tope,590,mystery-of-edwin-drood
Jasper,Mr.,590,mystery-of-edwin-drood
Jasper,Miss Rosebud,590,mystery-of-edwin-drood
Jasper,Mr. Jasper,590,mystery-of-edwin-drood
Jasper,Helena,590,mystery-of-edwin-drood
Jasper,Mr. Crisparkle,590,mystery-of-edwin-drood
Jasper,Mr. Neville,590,mystery-of-edwin-drood
Jasper,Mr. Crisparkle,590,mystery-of-edwin-drood
Jasper,Edwin Drood,590,mystery-of-edwin-drood
Jasper,Mr. Tope,590,mystery-of-edwin-drood
Miss Rosebud,Mr.,590,mystery-of-edwin-drood
Miss Rosebud,Jasper,590,mystery-of-edwin-drood
Miss Rosebud,Mr. Jasper,590,mystery-of-edwin-drood
Miss Rosebud,Helena,590,mystery-of-edwin-drood
Miss Rosebud,Mr. Crisparkle,590,mystery-of-edwin-drood
Miss Rosebud,Mr. Neville,590,mystery-of-edwin-drood
Miss Rosebud,Mr. Crisparkle,590,mystery-of-edwin-drood
Miss Rosebud,Edwin Drood,590,mystery-of-edwin-drood
Miss Rosebud,Mr. Tope,590,mystery-of-edwin-drood
Mr. Jasper,Mr.,590,mystery-of-edwin-drood
Mr. Jasper,Jasper,590,mystery-of-edwin-drood
Mr. Jasper,Miss Rosebud,590,mystery-of-edwin-drood
Mr. Jasper,Helena,590,mystery-of-edwin-drood
Mr. Jasper,Mr. Crisparkle,590,mystery-of-edwin-drood
Mr. Jasper,Mr. Neville,590,mystery-of-edwin-drood
Mr. Jasper,Mr. Crisparkle,590,mystery-of-edwin-drood
Mr. Jasper,Edwin Drood,590,mystery-of-edwin-drood
Mr. Jasper,Mr. Tope,590,mystery-of-edwin-drood
Helena,Mr.,590,mystery-of-edwin-drood
Helena,Jasper,590,mystery-of-edwin-drood
Helena,Miss Rosebud,590,mystery-of-edwin-drood
Helena,Mr. Jasper,590,mystery-of-edwin-drood
Helena,Mr. Crisparkle,590,mystery-of-edwin-drood
Helena,Mr. Neville,590,mystery-of-edwin-drood
Helena,Mr. Crisparkle,590,mystery-of-edwin-drood
Helena,Edwin Drood,590,mystery-of-edwin-drood
Helena,Mr. Tope,590,mystery-of-edwin-drood
Mr. Crisparkle,Mr.,590,mystery-of-edwin-drood
Mr. Crisparkle,Jasper,590,mystery-of-edwin-drood
Mr. Crisparkle,Miss Rosebud,590,mystery-of-edwin-drood
Mr. Crisparkle,Mr. Jasper,590,mystery-of-edwin-drood
Mr. Crisparkle,Helena,590,mystery-of-edwin-drood
Mr. Crisparkle,Mr. Neville,590,mystery-of-edwin-drood
Mr. Crisparkle,Edwin Drood,590,mystery-of-edwin-drood
Mr. Crisparkle,Mr. Tope,590,mystery-of-edwin-drood
Mr. Neville,Mr.,590,mystery-of-edwin-drood
Mr. Neville,Jasper,590,mystery-of-edwin-drood
Mr. Neville,Miss Rosebud,590,mystery-of-edwin-drood
Mr. Neville,Mr. Jasper,590,mystery-of-edwin-drood
Mr. Neville,Helena,590,mystery-of-edwin-drood
Mr. Neville,Mr. Crisparkle,590,mystery-of-edwin-drood
Mr. Neville,Mr. Crisparkle,590,mystery-of-edwin-drood
Mr. Neville,Edwin Drood,590,mystery-of-edwin-drood
Mr. Neville,Mr. Tope,590,mystery-of-edwin-drood
Mr. Crisparkle,Mr.,590,mystery-of-edwin-drood
Mr. Crisparkle,Jasper,590,mystery-of-edwin-drood
Mr. Crisparkle,Miss Rosebud,590,mystery-of-edwin-drood
Mr. Crisparkle,Mr. Jasper,590,mystery-of-edwin-drood
Mr. Crisparkle,Helena,590,mystery-of-edwin-drood
Mr. Crisparkle,Mr. Neville,590,mystery-of-edwin-drood
Mr. Crisparkle,Edwin Drood,590,mystery-of-edwin-drood
Mr. Crisparkle,Mr. Tope,590,mystery-of-edwin-drood
Edwin Drood,Mr.,590,mystery-of-edwin-drood
Edwin Drood,Jasper,590,mystery-of-edwin-drood
Edwin Drood,Miss Rosebud,590,mystery-of-edwin-drood
Edwin Drood,Mr. Jasper,590,mystery-of-edwin-drood
Edwin Drood,Helena,590,mystery-of-edwin-drood
Edwin Drood,Mr. Crisparkle,590,mystery-of-edwin-drood
Edwin Drood,Mr. Neville,590,mystery-of-edwin-drood
Edwin Drood,Mr. Crisparkle,590,mystery-of-edwin-drood
Edwin Drood,Mr. Tope,590,mystery-of-edwin-drood
Mr. Tope,Mr.,590,mystery-of-edwin-drood
Mr. Tope,Jasper,590,mystery-of-edwin-drood
Mr. Tope,Miss Rosebud,590,mystery-of-edwin-drood
Mr. Tope,Mr. Jasper,590,mystery-of-edwin-drood
Mr. Tope,Helena,590,mystery-of-edwin-drood
Mr. Tope,Mr. Crisparkle,590,mystery-of-edwin-drood
Mr. Tope,Mr. Neville,590,mystery-of-edwin-drood
Mr. Tope,Mr. Crisparkle,590,mystery-of-edwin-drood
Mr. Tope,Edwin Drood,590,mystery-of-edwin-drood
Pussy,Edwin Drood,595,mystery-of-edwin-drood
Pussy,Jack,595,mystery-of-edwin-drood
Edwin Drood,Pussy,595,mystery-of-edwin-drood
Edwin Drood,Jack,595,mystery-of-edwin-drood
Jack,Pussy,595,mystery-of-edwin-drood
Jack,Edwin Drood,595,mystery-of-edwin-drood
Jack,Miss Landless,597,mystery-of-edwin-drood
Miss Landless,Jack,597,mystery-of-edwin-drood
Jasper,Miss Landless,599,mystery-of-edwin-drood
Jasper,Jack,599,mystery-of-edwin-drood
Jasper,Pussy,599,mystery-of-edwin-drood
Jasper,Edwin,599,mystery-of-edwin-drood
Miss Landless,Jasper,599,mystery-of-edwin-drood
Miss Landless,Jack,599,mystery-of-edwin-drood
Miss Landless,Pussy,599,mystery-of-edwin-drood
Miss Landless,Edwin,599,mystery-of-edwin-drood
Jack,Jasper,599,mystery-of-edwin-drood
Jack,Miss Landless,599,mystery-of-edwin-drood
Jack,Pussy,599,mystery-of-edwin-drood
Jack,Edwin,599,mystery-of-edwin-drood
Pussy,Jasper,599,mystery-of-edwin-drood
Pussy,Miss Landless,599,mystery-of-edwin-drood
Pussy,Jack,599,mystery-of-edwin-drood
Pussy,Edwin,599,mystery-of-edwin-drood
Edwin,Jasper,599,mystery-of-edwin-drood
Edwin,Miss Landless,599,mystery-of-edwin-drood
Edwin,Jack,599,mystery-of-edwin-drood
Edwin,Pussy,599,mystery-of-edwin-drood
Rosa,Master Eddy,611,mystery-of-edwin-drood
Master Eddy,Rosa,611,mystery-of-edwin-drood
Helena,Landless,622,mystery-of-edwin-drood
Landless,Helena,622,mystery-of-edwin-drood
Rosa,Eddy,624,mystery-of-edwin-drood
Eddy,Rosa,624,mystery-of-edwin-drood
Rosa,Don,628,mystery-of-edwin-drood
Don,Rosa,628,mystery-of-edwin-drood
Mr. Drood,Neville,643,mystery-of-edwin-drood
Neville,Mr. Drood,643,mystery-of-edwin-drood
Neville,Mr. Drood,652,mystery-of-edwin-drood
Mr. Drood,Neville,652,mystery-of-edwin-drood
George,Edwin,653,mystery-of-edwin-drood
George,Pussy,653,mystery-of-edwin-drood
Edwin,George,653,mystery-of-edwin-drood
Edwin,Pussy,653,mystery-of-edwin-drood
Pussy,George,653,mystery-of-edwin-drood
Pussy,Edwin,653,mystery-of-edwin-drood
Neville Landless,Little Rosebud,657,mystery-of-edwin-drood
Neville Landless,Edwin Drood,657,mystery-of-edwin-drood
Neville Landless,Edwin Drood,657,mystery-of-edwin-drood
Neville Landless,Helena,657,mystery-of-edwin-drood
Neville Landless,Helena,657,mystery-of-edwin-drood
Little Rosebud,Neville Landless,657,mystery-of-edwin-drood
Little Rosebud,Edwin Drood,657,mystery-of-edwin-drood
Little Rosebud,Edwin Drood,657,mystery-of-edwin-drood
Little Rosebud,Helena,657,mystery-of-edwin-drood
Little Rosebud,Helena,657,mystery-of-edwin-drood
Edwin Drood,Neville Landless,657,mystery-of-edwin-drood
Edwin Drood,Little Rosebud,657,mystery-of-edwin-drood
Edwin Drood,Helena,657,mystery-of-edwin-drood
Edwin Drood,Helena,657,mystery-of-edwin-drood
Edwin Drood,Neville Landless,657,mystery-of-edwin-drood
Edwin Drood,Little Rosebud,657,mystery-of-edwin-drood
Edwin Drood,Helena,657,mystery-of-edwin-drood
Edwin Drood,Helena,657,mystery-of-edwin-drood
Helena,Neville Landless,657,mystery-of-edwin-drood
Helena,Little Rosebud,657,mystery-of-edwin-drood
Helena,Edwin Drood,657,mystery-of-edwin-drood
Helena,Edwin Drood,657,mystery-of-edwin-drood
Helena,Neville Landless,657,mystery-of-edwin-drood
Helena,Little Rosebud,657,mystery-of-edwin-drood
Helena,Edwin Drood,657,mystery-of-edwin-drood
Helena,Edwin Drood,657,mystery-of-edwin-drood
Mr. Neville,Mr. Crisparkle,659,mystery-of-edwin-drood
Mr. Crisparkle,Mr. Neville,659,mystery-of-edwin-drood
Mr. Neville,Edwin Drood,660,mystery-of-edwin-drood
Edwin Drood,Mr. Neville,660,mystery-of-edwin-drood
Edwin,Jasper,665,mystery-of-edwin-drood
Jasper,Edwin,665,mystery-of-edwin-drood
Ned,Mr. Neville,666,mystery-of-edwin-drood
Ned,Mr. Neville,666,mystery-of-edwin-drood
Ned,Mr. Neville,666,mystery-of-edwin-drood
Ned,Mr. Neville,666,mystery-of-edwin-drood
Mr. Neville,Ned,666,mystery-of-edwin-drood
Mr. Neville,Ned,666,mystery-of-edwin-drood
Mr. Neville,Ned,666,mystery-of-edwin-drood
Mr. Neville,Ned,666,mystery-of-edwin-drood
Edwin Drood,Jack,667,mystery-of-edwin-drood
Jack,Edwin Drood,667,mystery-of-edwin-drood
Neville Landless,Mr. Drood,668,mystery-of-edwin-drood
Mr. Drood,Neville Landless,668,mystery-of-edwin-drood
Jasper,Frankly,669,mystery-of-edwin-drood
Jasper,Frankly,669,mystery-of-edwin-drood
Jasper,Mr. Neville,669,mystery-of-edwin-drood
Frankly,Jasper,669,mystery-of-edwin-drood
Frankly,Mr. Neville,669,mystery-of-edwin-drood
Frankly,Jasper,669,mystery-of-edwin-drood
Frankly,Mr. Neville,669,mystery-of-edwin-drood
Mr. Neville,Jasper,669,mystery-of-edwin-drood
Mr. Neville,Frankly,669,mystery-of-edwin-drood
Mr. Neville,Frankly,669,mystery-of-edwin-drood
None,Mr.,670,mystery-of-edwin-drood
Mr.,None,670,mystery-of-edwin-drood
Minor Canon Corner,Ned,671,mystery-of-edwin-drood
Minor Canon Corner,Mr. Neville,671,mystery-of-edwin-drood
Ned,Minor Canon Corner,671,mystery-of-edwin-drood
Ned,Mr. Neville,671,mystery-of-edwin-drood
Mr. Neville,Minor Canon Corner,671,mystery-of-edwin-drood
Mr. Neville,Ned,671,mystery-of-edwin-drood
Mr.,Edwin Drood,673,mystery-of-edwin-drood
Edwin Drood,Mr.,673,mystery-of-edwin-drood
Mr.,Jasper,674,mystery-of-edwin-drood
Jasper,Mr.,674,mystery-of-edwin-drood
Mr. Neville,Edwin,681,mystery-of-edwin-drood
Edwin,Mr. Neville,681,mystery-of-edwin-drood
Juno,Minerva,683,mystery-of-edwin-drood
Juno,Diana,683,mystery-of-edwin-drood
Minerva,Juno,683,mystery-of-edwin-drood
Minerva,Diana,683,mystery-of-edwin-drood
Diana,Juno,683,mystery-of-edwin-drood
Diana,Minerva,683,mystery-of-edwin-drood
Mr. Neville,Ned,688,mystery-of-edwin-drood
Mr. Neville,Ned,688,mystery-of-edwin-drood
Ned,Mr. Neville,688,mystery-of-edwin-drood
Ned,Mr. Neville,688,mystery-of-edwin-drood
Neville,Edwin Drood,689,mystery-of-edwin-drood
Edwin Drood,Neville,689,mystery-of-edwin-drood
Jasper,See,690,mystery-of-edwin-drood
Jasper,Mr. Neville,690,mystery-of-edwin-drood
See,Jasper,690,mystery-of-edwin-drood
See,Mr. Neville,690,mystery-of-edwin-drood
Mr. Neville,Jasper,690,mystery-of-edwin-drood
Mr. Neville,See,690,mystery-of-edwin-drood
Edwin,Drood,691,mystery-of-edwin-drood
Edwin,Neville Landless,691,mystery-of-edwin-drood
Drood,Edwin,691,mystery-of-edwin-drood
Drood,Neville Landless,691,mystery-of-edwin-drood
Drood,Edwin,691,mystery-of-edwin-drood
Neville Landless,Edwin,691,mystery-of-edwin-drood
Neville Landless,Drood,691,mystery-of-edwin-drood
Neville Landless,Edwin,691,mystery-of-edwin-drood
Edwin,Drood,691,mystery-of-edwin-drood
Edwin,Neville Landless,691,mystery-of-edwin-drood
Jack,Edwin,693,mystery-of-edwin-drood
Jack,Pussy,693,mystery-of-edwin-drood
Jack,Pussy,693,mystery-of-edwin-drood
Edwin,Jack,693,mystery-of-edwin-drood
Edwin,Jack,693,mystery-of-edwin-drood
Edwin,Pussy,693,mystery-of-edwin-drood
Edwin,Pussy,693,mystery-of-edwin-drood
Edwin,Jack,693,mystery-of-edwin-drood
Jack,Edwin,693,mystery-of-edwin-drood
Jack,Pussy,693,mystery-of-edwin-drood
Jack,Pussy,693,mystery-of-edwin-drood
Pussy,Jack,693,mystery-of-edwin-drood
Pussy,Edwin,693,mystery-of-edwin-drood
Pussy,Jack,693,mystery-of-edwin-drood
Pussy,Jack,693,mystery-of-edwin-drood
Pussy,Jack,693,mystery-of-edwin-drood
Pussy,Edwin,693,mystery-of-edwin-drood
Pussy,Jack,693,mystery-of-edwin-drood
Pussy,Jack,693,mystery-of-edwin-drood
Jack,Edwin,693,mystery-of-edwin-drood
Jack,Pussy,693,mystery-of-edwin-drood
Jack,Pussy,693,mystery-of-edwin-drood
Jasper,Neville,695,mystery-of-edwin-drood
Neville,Jasper,695,mystery-of-edwin-drood
Edwin,Mr. Drood,697,mystery-of-edwin-drood
Mr. Drood,Edwin,697,mystery-of-edwin-drood
Mr.,Jasper,700,mystery-of-edwin-drood
Jasper,Mr.,700,mystery-of-edwin-drood
Mr.,Jasper,702,mystery-of-edwin-drood
Jasper,Mr.,702,mystery-of-edwin-drood
Mr.,Jasper,705,mystery-of-edwin-drood
Jasper,Mr.,705,mystery-of-edwin-drood
Pooh,Edwin Drood,715,mystery-of-edwin-drood
Edwin Drood,Pooh,715,mystery-of-edwin-drood
Neville,Jasper,716,mystery-of-edwin-drood
Jasper,Neville,716,mystery-of-edwin-drood
Mr. Crisparkle,Minor Canon Corner,722,mystery-of-edwin-drood
Minor Canon Corner,Mr. Crisparkle,722,mystery-of-edwin-drood
Minor Canon Corner,Mr. Crisparkle,722,mystery-of-edwin-drood
Mr. Crisparkle,Minor Canon Corner,722,mystery-of-edwin-drood
Too,Mr. Neville,729,mystery-of-edwin-drood
Mr. Neville,Too,729,mystery-of-edwin-drood
Neville,Mr. Neville,731,mystery-of-edwin-drood
Mr. Neville,Neville,731,mystery-of-edwin-drood
Mr. Crisparkle,Arrived,740,mystery-of-edwin-drood
Arrived,Mr. Crisparkle,740,mystery-of-edwin-drood
Rosa,Drood,758,mystery-of-edwin-drood
Drood,Rosa,758,mystery-of-edwin-drood
Mr. Neville,Edwin Drood,761,mystery-of-edwin-drood
Mr. Neville,Miss Twinkleton,761,mystery-of-edwin-drood
Mr. Neville,Miss Twinkleton,761,mystery-of-edwin-drood
Mr. Neville,Miss Twinkleton,761,mystery-of-edwin-drood
Edwin Drood,Mr. Neville,761,mystery-of-edwin-drood
Edwin Drood,Miss Twinkleton,761,mystery-of-edwin-drood
Edwin Drood,Miss Twinkleton,761,mystery-of-edwin-drood
Edwin Drood,Miss Twinkleton,761,mystery-of-edwin-drood
Miss Twinkleton,Mr. Neville,761,mystery-of-edwin-drood
Miss Twinkleton,Edwin Drood,761,mystery-of-edwin-drood
Miss Twinkleton,Mr. Neville,761,mystery-of-edwin-drood
Miss Twinkleton,Edwin Drood,761,mystery-of-edwin-drood
Miss Twinkleton,Mr. Neville,761,mystery-of-edwin-drood
Miss Twinkleton,Edwin Drood,761,mystery-of-edwin-drood
Miss,Mr. Edwin Drood,762,mystery-of-edwin-drood
Mr. Edwin Drood,Miss,762,mystery-of-edwin-drood
Miss,Mr. Edwin Drood,763,mystery-of-edwin-drood
Mr. Edwin Drood,Miss,763,mystery-of-edwin-drood
Miss Landless,Mr. Edwin Drood,764,mystery-of-edwin-drood
Mr. Edwin Drood,Miss Landless,764,mystery-of-edwin-drood
Peter Piper,Miss Landless,765,mystery-of-edwin-drood
Peter Piper,Mr. Edwin Drood,765,mystery-of-edwin-drood
Peter Piper,Miss Landless,765,mystery-of-edwin-drood
Peter Piper,Mr. Edwin Drood,765,mystery-of-edwin-drood
Miss Landless,Peter Piper,765,mystery-of-edwin-drood
Miss Landless,Peter Piper,765,mystery-of-edwin-drood
Miss Landless,Mr. Edwin Drood,765,mystery-of-edwin-drood
Mr. Edwin Drood,Peter Piper,765,mystery-of-edwin-drood
Mr. Edwin Drood,Peter Piper,765,mystery-of-edwin-drood
Mr. Edwin Drood,Miss Landless,765,mystery-of-edwin-drood
Miss Landless,Miss Bud,766,mystery-of-edwin-drood
Miss Landless,Mr. Edwin Drood,766,mystery-of-edwin-drood
Miss Landless,Miss Bud,766,mystery-of-edwin-drood
Miss Landless,Mr. Edwin Drood,766,mystery-of-edwin-drood
Miss Bud,Miss Landless,766,mystery-of-edwin-drood
Miss Bud,Mr. Edwin Drood,766,mystery-of-edwin-drood
Miss Bud,Miss Landless,766,mystery-of-edwin-drood
Miss Bud,Miss Landless,766,mystery-of-edwin-drood
Miss Bud,Mr. Edwin Drood,766,mystery-of-edwin-drood
Mr. Edwin Drood,Miss Landless,766,mystery-of-edwin-drood
Mr. Edwin Drood,Miss Bud,766,mystery-of-edwin-drood
Mr. Edwin Drood,Miss Landless,766,mystery-of-edwin-drood
Mr. Edwin Drood,Miss Bud,766,mystery-of-edwin-drood
Mr. Edwin Drood,Miss Landless,766,mystery-of-edwin-drood
Miss Landless,Miss Bud,766,mystery-of-edwin-drood
Miss Landless,Mr. Edwin Drood,766,mystery-of-edwin-drood
Miss Landless,Miss Bud,766,mystery-of-edwin-drood
Miss Landless,Mr. Edwin Drood,766,mystery-of-edwin-drood
Miss Bud,Miss Landless,766,mystery-of-edwin-drood
Miss Bud,Mr. Edwin Drood,766,mystery-of-edwin-drood
Miss Bud,Miss Landless,766,mystery-of-edwin-drood
Miss Bud,Miss Landless,766,mystery-of-edwin-drood
Miss Bud,Mr. Edwin Drood,766,mystery-of-edwin-drood
Miss Landless,Miss Bud,766,mystery-of-edwin-drood
Miss Landless,Mr. Edwin Drood,766,mystery-of-edwin-drood
Miss Landless,Miss Bud,766,mystery-of-edwin-drood
Miss Landless,Mr. Edwin Drood,766,mystery-of-edwin-drood
Mr. Edwin Drood,Miss Landless,766,mystery-of-edwin-drood
Mr. Edwin Drood,Miss Bud,766,mystery-of-edwin-drood
Mr. Edwin Drood,Miss Landless,766,mystery-of-edwin-drood
Mr. Edwin Drood,Miss Bud,766,mystery-of-edwin-drood
Mr. Edwin Drood,Miss Landless,766,mystery-of-edwin-drood
Rosa,Miss Landless,767,mystery-of-edwin-drood
Rosa,Mr. Crisparkle,767,mystery-of-edwin-drood
Miss Landless,Rosa,767,mystery-of-edwin-drood
Miss Landless,Mr. Crisparkle,767,mystery-of-edwin-drood
Mr. Crisparkle,Rosa,767,mystery-of-edwin-drood
Mr. Crisparkle,Miss Landless,767,mystery-of-edwin-drood
Miss Twinkleton,Rosa,768,mystery-of-edwin-drood
Rosa,Miss Twinkleton,768,mystery-of-edwin-drood
Miss Twinkleton,Queen Elizabeth,769,mystery-of-edwin-drood
Queen Elizabeth,Miss Twinkleton,769,mystery-of-edwin-drood
Queen Elizabeth,Miss Twinkleton,769,mystery-of-edwin-drood
Miss Twinkleton,Queen Elizabeth,769,mystery-of-edwin-drood
Monsieur La Fontaine,Rumour,771,mystery-of-edwin-drood
Monsieur La Fontaine,Miss Giggles,771,mystery-of-edwin-drood
Rumour,Monsieur La Fontaine,771,mystery-of-edwin-drood
Rumour,Miss Giggles,771,mystery-of-edwin-drood
Miss Giggles,Monsieur La Fontaine,771,mystery-of-edwin-drood
Miss Giggles,Rumour,771,mystery-of-edwin-drood
Rosa,Helena,773,mystery-of-edwin-drood
Rosa,Helena,773,mystery-of-edwin-drood
Helena,Rosa,773,mystery-of-edwin-drood
Helena,Rosa,773,mystery-of-edwin-drood
Helena,Rosa,773,mystery-of-edwin-drood
Helena,Rosa,773,mystery-of-edwin-drood
Rosa,Helena,773,mystery-of-edwin-drood
Rosa,Helena,773,mystery-of-edwin-drood
Mr.,Grewgious,774,mystery-of-edwin-drood
Mr.,Nature,774,mystery-of-edwin-drood
Grewgious,Mr.,774,mystery-of-edwin-drood
Grewgious,Nature,774,mystery-of-edwin-drood
Nature,Mr.,774,mystery-of-edwin-drood
Nature,Grewgious,774,mystery-of-edwin-drood
Mr.,Grewgious,776,mystery-of-edwin-drood
Mr.,Twinkleton,776,mystery-of-edwin-drood
Mr.,Twinkleton,776,mystery-of-edwin-drood
Grewgious,Mr.,776,mystery-of-edwin-drood
Grewgious,Twinkleton,776,mystery-of-edwin-drood
Grewgious,Twinkleton,776,mystery-of-edwin-drood
Twinkleton,Mr.,776,mystery-of-edwin-drood
Twinkleton,Grewgious,776,mystery-of-edwin-drood
Twinkleton,Mr.,776,mystery-of-edwin-drood
Twinkleton,Grewgious,776,mystery-of-edwin-drood
Miss,Twinkleton,778,mystery-of-edwin-drood
Twinkleton,Miss,778,mystery-of-edwin-drood
Mr. Grewgious,Rosa,783,mystery-of-edwin-drood
Rosa,Mr. Grewgious,783,mystery-of-edwin-drood
Miss,Twinkleton,787,mystery-of-edwin-drood
Twinkleton,Miss,787,mystery-of-edwin-drood
Mr. Grewgious,Rosa,788,mystery-of-edwin-drood
Mr. Grewgious,Miss Twinkleton,788,mystery-of-edwin-drood
Rosa,Mr. Grewgious,788,mystery-of-edwin-drood
Rosa,Miss Twinkleton,788,mystery-of-edwin-drood
Miss Twinkleton,Mr. Grewgious,788,mystery-of-edwin-drood
Miss Twinkleton,Rosa,788,mystery-of-edwin-drood
Miss,Twinkleton,789,mystery-of-edwin-drood
Twinkleton,Miss,789,mystery-of-edwin-drood
Mr. Grewgious,Miss Twinkleton,794,mystery-of-edwin-drood
Miss Twinkleton,Mr. Grewgious,794,mystery-of-edwin-drood
Mr.,Grewgious,795,mystery-of-edwin-drood
Grewgious,Mr.,795,mystery-of-edwin-drood
Life,Death,796,mystery-of-edwin-drood
Death,Life,796,mystery-of-edwin-drood
Fancy,Nature,797,mystery-of-edwin-drood
Nature,Fancy,797,mystery-of-edwin-drood
Rosa,Mr. Grewgious,801,mystery-of-edwin-drood
Rosa,Miss Twinkleton,801,mystery-of-edwin-drood
Mr. Grewgious,Rosa,801,mystery-of-edwin-drood
Mr. Grewgious,Miss Twinkleton,801,mystery-of-edwin-drood
Miss Twinkleton,Rosa,801,mystery-of-edwin-drood
Miss Twinkleton,Mr. Grewgious,801,mystery-of-edwin-drood
Mr. Grewgious,Mr. Edwin,805,mystery-of-edwin-drood
Mr. Edwin,Mr. Grewgious,805,mystery-of-edwin-drood
Mr. Grewgious,Good,809,mystery-of-edwin-drood
Good,Mr. Grewgious,809,mystery-of-edwin-drood
Good,Mr. Grewgious,809,mystery-of-edwin-drood
Mr. Grewgious,Good,809,mystery-of-edwin-drood
Memorandum,Mr. Grewgious,813,mystery-of-edwin-drood
Memorandum,Mr. Edwin,813,mystery-of-edwin-drood
Memorandum,Mr. Jasper,813,mystery-of-edwin-drood
Mr. Grewgious,Memorandum,813,mystery-of-edwin-drood
Mr. Grewgious,Mr. Edwin,813,mystery-of-edwin-drood
Mr. Grewgious,Mr. Jasper,813,mystery-of-edwin-drood
Mr. Edwin,Memorandum,813,mystery-of-edwin-drood
Mr. Edwin,Mr. Grewgious,813,mystery-of-edwin-drood
Mr. Edwin,Mr. Jasper,813,mystery-of-edwin-drood
Mr. Jasper,Memorandum,813,mystery-of-edwin-drood
Mr. Jasper,Mr. Grewgious,813,mystery-of-edwin-drood
Mr. Jasper,Mr. Edwin,813,mystery-of-edwin-drood
Rosa,Mr. Jasper,816,mystery-of-edwin-drood
Mr. Jasper,Rosa,816,mystery-of-edwin-drood
Rosa,Eddy,820,mystery-of-edwin-drood
Eddy,Rosa,820,mystery-of-edwin-drood
Mr.,Grewgious,832,mystery-of-edwin-drood
Grewgious,Mr.,832,mystery-of-edwin-drood
Eddy,Rosa,836,mystery-of-edwin-drood
Rosa,Eddy,836,mystery-of-edwin-drood
Mr. Grewgious,Miss Twinkleton,843,mystery-of-edwin-drood
Miss Twinkleton,Mr. Grewgious,843,mystery-of-edwin-drood
Nay,Miss Twinkleton,844,mystery-of-edwin-drood
Miss Twinkleton,Nay,844,mystery-of-edwin-drood
Mr. Grewgious,Miss Twinkleton,846,mystery-of-edwin-drood
Mr. Grewgious,Miss Ferdinand,846,mystery-of-edwin-drood
Mr. Grewgious,Twinkleton,846,mystery-of-edwin-drood
Mr. Grewgious,Rosa,846,mystery-of-edwin-drood
Mr. Grewgious,Miss Twinkleton,846,mystery-of-edwin-drood
Mr. Grewgious,Miss Ferdinand,846,mystery-of-edwin-drood
Mr. Grewgious,Twinkleton,846,mystery-of-edwin-drood
Mr. Grewgious,Rosa,846,mystery-of-edwin-drood
Miss Twinkleton,Mr. Grewgious,846,mystery-of-edwin-drood
Miss Twinkleton,Mr. Grewgious,846,mystery-of-edwin-drood
Miss Twinkleton,Miss Ferdinand,846,mystery-of-edwin-drood
Miss Twinkleton,Twinkleton,846,mystery-of-edwin-drood
Miss Twinkleton,Rosa,846,mystery-of-edwin-drood
Miss Twinkleton,Mr. Grewgious,846,mystery-of-edwin-drood
Miss Ferdinand,Mr. Grewgious,846,mystery-of-edwin-drood
Miss Ferdinand,Mr. Grewgious,846,mystery-of-edwin-drood
Miss Ferdinand,Miss Twinkleton,846,mystery-of-edwin-drood
Miss Ferdinand,Twinkleton,846,mystery-of-edwin-drood
Miss Ferdinand,Rosa,846,mystery-of-edwin-drood
Miss Ferdinand,Mr. Grewgious,846,mystery-of-edwin-drood
Twinkleton,Mr. Grewgious,846,mystery-of-edwin-drood
Twinkleton,Mr. Grewgious,846,mystery-of-edwin-drood
Twinkleton,Miss Twinkleton,846,mystery-of-edwin-drood
Twinkleton,Miss Ferdinand,846,mystery-of-edwin-drood
Twinkleton,Rosa,846,mystery-of-edwin-drood
Twinkleton,Mr. Grewgious,846,mystery-of-edwin-drood
Rosa,Mr. Grewgious,846,mystery-of-edwin-drood
Rosa,Mr. Grewgious,846,mystery-of-edwin-drood
Rosa,Miss Twinkleton,846,mystery-of-edwin-drood
Rosa,Miss Ferdinand,846,mystery-of-edwin-drood
Rosa,Twinkleton,846,mystery-of-edwin-drood
Rosa,Mr. Grewgious,846,mystery-of-edwin-drood
Mr. Grewgious,Miss Twinkleton,846,mystery-of-edwin-drood
Mr. Grewgious,Miss Ferdinand,846,mystery-of-edwin-drood
Mr. Grewgious,Twinkleton,846,mystery-of-edwin-drood
Mr. Grewgious,Rosa,846,mystery-of-edwin-drood
Mr. Jasper,Mr. Grewgious,848,mystery-of-edwin-drood
Mr. Jasper,Mr. Grewgious,848,mystery-of-edwin-drood
Mr. Grewgious,Mr. Jasper,848,mystery-of-edwin-drood
Mr. Grewgious,Mr. Jasper,848,mystery-of-edwin-drood
Mr. Jasper,Mr. Grewgious,848,mystery-of-edwin-drood
Mr. Jasper,Mr. Grewgious,848,mystery-of-edwin-drood
Mr. Grewgious,Mr. Jasper,848,mystery-of-edwin-drood
Mr. Grewgious,Mr. Jasper,848,mystery-of-edwin-drood
Old,Time,850,mystery-of-edwin-drood
Time,Old,850,mystery-of-edwin-drood
Mr.,Grewgious,851,mystery-of-edwin-drood
Grewgious,Mr.,851,mystery-of-edwin-drood
Mr.,Grewgious,857,mystery-of-edwin-drood
Grewgious,Mr.,857,mystery-of-edwin-drood
Mr.,Grewgious,860,mystery-of-edwin-drood
Mr.,Simply,860,mystery-of-edwin-drood
Mr.,Mr. Jasper,860,mystery-of-edwin-drood
Grewgious,Mr.,860,mystery-of-edwin-drood
Grewgious,Simply,860,mystery-of-edwin-drood
Grewgious,Mr. Jasper,860,mystery-of-edwin-drood
Simply,Mr.,860,mystery-of-edwin-drood
Simply,Grewgious,860,mystery-of-edwin-drood
Simply,Mr. Jasper,860,mystery-of-edwin-drood
Mr. Jasper,Mr.,860,mystery-of-edwin-drood
Mr. Jasper,Grewgious,860,mystery-of-edwin-drood
Mr. Jasper,Simply,860,mystery-of-edwin-drood
Mr.,Grewgious,862,mystery-of-edwin-drood
Grewgious,Mr.,862,mystery-of-edwin-drood
Mr. Grewgious,Mr. Edwin Drood,866,mystery-of-edwin-drood
Mr. Edwin Drood,Mr. Grewgious,866,mystery-of-edwin-drood
Mr.,Grewgious,868,mystery-of-edwin-drood
Mr.,Mr. Edwin Drood,868,mystery-of-edwin-drood
Grewgious,Mr.,868,mystery-of-edwin-drood
Grewgious,Mr. Edwin Drood,868,mystery-of-edwin-drood
Mr. Edwin Drood,Mr.,868,mystery-of-edwin-drood
Mr. Edwin Drood,Grewgious,868,mystery-of-edwin-drood
Jasper,Mr. Grewgious,869,mystery-of-edwin-drood
Jasper,Edwin,869,mystery-of-edwin-drood
Mr. Grewgious,Jasper,869,mystery-of-edwin-drood
Mr. Grewgious,Edwin,869,mystery-of-edwin-drood
Edwin,Jasper,869,mystery-of-edwin-drood
Edwin,Mr. Grewgious,869,mystery-of-edwin-drood
Blame Mr. Neville,Sept,890,mystery-of-edwin-drood
Sept,Blame Mr. Neville,890,mystery-of-edwin-drood
Sept,Mr. Neville,900,mystery-of-edwin-drood
Sept,Mr. Neville,900,mystery-of-edwin-drood
Sept,Mr. Neville,900,mystery-of-edwin-drood
Mr. Neville,Sept,900,mystery-of-edwin-drood
Mr. Neville,Sept,900,mystery-of-edwin-drood
Mr. Neville,Sept,900,mystery-of-edwin-drood
Mr. Crisparkle,Cloisterham Weir,909,mystery-of-edwin-drood
Mr. Crisparkle,Helena,909,mystery-of-edwin-drood
Cloisterham Weir,Mr. Crisparkle,909,mystery-of-edwin-drood
Cloisterham Weir,Helena,909,mystery-of-edwin-drood
Helena,Mr. Crisparkle,909,mystery-of-edwin-drood
Helena,Cloisterham Weir,909,mystery-of-edwin-drood
Minor Canon Corner,Gherkin,910,mystery-of-edwin-drood
Minor Canon Corner,Onion,910,mystery-of-edwin-drood
Minor Canon Corner,Cabbage,910,mystery-of-edwin-drood
Minor Canon Corner,Mixed,910,mystery-of-edwin-drood
Minor Canon Corner,Raspberry,910,mystery-of-edwin-drood
Minor Canon Corner,Gooseberry,910,mystery-of-edwin-drood
Minor Canon Corner,Apricot,910,mystery-of-edwin-drood
Minor Canon Corner,Plum,910,mystery-of-edwin-drood
Minor Canon Corner,Damson,910,mystery-of-edwin-drood
Minor Canon Corner,Apple,910,mystery-of-edwin-drood
Minor Canon Corner,Seville Orange,910,mystery-of-edwin-drood
Minor Canon Corner,Lemon,910,mystery-of-edwin-drood
Gherkin,Minor Canon Corner,910,mystery-of-edwin-drood
Gherkin,Onion,910,mystery-of-edwin-drood
Gherkin,Cabbage,910,mystery-of-edwin-drood
Gherkin,Mixed,910,mystery-of-edwin-drood
Gherkin,Raspberry,910,mystery-of-edwin-drood
Gherkin,Gooseberry,910,mystery-of-edwin-drood
Gherkin,Apricot,910,mystery-of-edwin-drood
Gherkin,Plum,910,mystery-of-edwin-drood
Gherkin,Damson,910,mystery-of-edwin-drood
Gherkin,Apple,910,mystery-of-edwin-drood
Gherkin,Seville Orange,910,mystery-of-edwin-drood
Gherkin,Lemon,910,mystery-of-edwin-drood
Onion,Minor Canon Corner,910,mystery-of-edwin-drood
Onion,Gherkin,910,mystery-of-edwin-drood
Onion,Cabbage,910,mystery-of-edwin-drood
Onion,Mixed,910,mystery-of-edwin-drood
Onion,Raspberry,910,mystery-of-edwin-drood
Onion,Gooseberry,910,mystery-of-edwin-drood
Onion,Apricot,910,mystery-of-edwin-drood
Onion,Plum,910,mystery-of-edwin-drood
Onion,Damson,910,mystery-of-edwin-drood
Onion,Apple,910,mystery-of-edwin-drood
Onion,Seville Orange,910,mystery-of-edwin-drood
Onion,Lemon,910,mystery-of-edwin-drood
Cabbage,Minor Canon Corner,910,mystery-of-edwin-drood
Cabbage,Gherkin,910,mystery-of-edwin-drood
Cabbage,Onion,910,mystery-of-edwin-drood
Cabbage,Mixed,910,mystery-of-edwin-drood
Cabbage,Raspberry,910,mystery-of-edwin-drood
Cabbage,Gooseberry,910,mystery-of-edwin-drood
Cabbage,Apricot,910,mystery-of-edwin-drood
Cabbage,Plum,910,mystery-of-edwin-drood
Cabbage,Damson,910,mystery-of-edwin-drood
Cabbage,Apple,910,mystery-of-edwin-drood
Cabbage,Seville Orange,910,mystery-of-edwin-drood
Cabbage,Lemon,910,mystery-of-edwin-drood
Mixed,Minor Canon Corner,910,mystery-of-edwin-drood
Mixed,Gherkin,910,mystery-of-edwin-drood
Mixed,Onion,910,mystery-of-edwin-drood
Mixed,Cabbage,910,mystery-of-edwin-drood
Mixed,Raspberry,910,mystery-of-edwin-drood
Mixed,Gooseberry,910,mystery-of-edwin-drood
Mixed,Apricot,910,mystery-of-edwin-drood
Mixed,Plum,910,mystery-of-edwin-drood
Mixed,Damson,910,mystery-of-edwin-drood
Mixed,Apple,910,mystery-of-edwin-drood
Mixed,Seville Orange,910,mystery-of-edwin-drood
Mixed,Lemon,910,mystery-of-edwin-drood
Raspberry,Minor Canon Corner,910,mystery-of-edwin-drood
Raspberry,Gherkin,910,mystery-of-edwin-drood
Raspberry,Onion,910,mystery-of-edwin-drood
Raspberry,Cabbage,910,mystery-of-edwin-drood
Raspberry,Mixed,910,mystery-of-edwin-drood
Raspberry,Gooseberry,910,mystery-of-edwin-drood
Raspberry,Apricot,910,mystery-of-edwin-drood
Raspberry,Plum,910,mystery-of-edwin-drood
Raspberry,Damson,910,mystery-of-edwin-drood
Raspberry,Apple,910,mystery-of-edwin-drood
Raspberry,Seville Orange,910,mystery-of-edwin-drood
Raspberry,Lemon,910,mystery-of-edwin-drood
Gooseberry,Minor Canon Corner,910,mystery-of-edwin-drood
Gooseberry,Gherkin,910,mystery-of-edwin-drood
Gooseberry,Onion,910,mystery-of-edwin-drood
Gooseberry,Cabbage,910,mystery-of-edwin-drood
Gooseberry,Mixed,910,mystery-of-edwin-drood
Gooseberry,Raspberry,910,mystery-of-edwin-drood
Gooseberry,Apricot,910,mystery-of-edwin-drood
Gooseberry,Plum,910,mystery-of-edwin-drood
Gooseberry,Damson,910,mystery-of-edwin-drood
Gooseberry,Apple,910,mystery-of-edwin-drood
Gooseberry,Seville Orange,910,mystery-of-edwin-drood
Gooseberry,Lemon,910,mystery-of-edwin-drood
Apricot,Minor Canon Corner,910,mystery-of-edwin-drood
Apricot,Gherkin,910,mystery-of-edwin-drood
Apricot,Onion,910,mystery-of-edwin-drood
Apricot,Cabbage,910,mystery-of-edwin-drood
Apricot,Mixed,910,mystery-of-edwin-drood
Apricot,Raspberry,910,mystery-of-edwin-drood
Apricot,Gooseberry,910,mystery-of-edwin-drood
Apricot,Plum,910,mystery-of-edwin-drood
Apricot,Damson,910,mystery-of-edwin-drood
Apricot,Apple,910,mystery-of-edwin-drood
Apricot,Seville Orange,910,mystery-of-edwin-drood
Apricot,Lemon,910,mystery-of-edwin-drood
Plum,Minor Canon Corner,910,mystery-of-edwin-drood
Plum,Gherkin,910,mystery-of-edwin-drood
Plum,Onion,910,mystery-of-edwin-drood
Plum,Cabbage,910,mystery-of-edwin-drood
Plum,Mixed,910,mystery-of-edwin-drood
Plum,Raspberry,910,mystery-of-edwin-drood
Plum,Gooseberry,910,mystery-of-edwin-drood
Plum,Apricot,910,mystery-of-edwin-drood
Plum,Damson,910,mystery-of-edwin-drood
Plum,Apple,910,mystery-of-edwin-drood
Plum,Seville Orange,910,mystery-of-edwin-drood
Plum,Lemon,910,mystery-of-edwin-drood
Damson,Minor Canon Corner,910,mystery-of-edwin-drood
Damson,Gherkin,910,mystery-of-edwin-drood
Damson,Onion,910,mystery-of-edwin-drood
Damson,Cabbage,910,mystery-of-edwin-drood
Damson,Mixed,910,mystery-of-edwin-drood
Damson,Raspberry,910,mystery-of-edwin-drood
Damson,Gooseberry,910,mystery-of-edwin-drood
Damson,Apricot,910,mystery-of-edwin-drood
Damson,Plum,910,mystery-of-edwin-drood
Damson,Apple,910,mystery-of-edwin-drood
Damson,Seville Orange,910,mystery-of-edwin-drood
Damson,Lemon,910,mystery-of-edwin-drood
Apple,Minor Canon Corner,910,mystery-of-edwin-drood
Apple,Gherkin,910,mystery-of-edwin-drood
Apple,Onion,910,mystery-of-edwin-drood
Apple,Cabbage,910,mystery-of-edwin-drood
Apple,Mixed,910,mystery-of-edwin-drood
Apple,Raspberry,910,mystery-of-edwin-drood
Apple,Gooseberry,910,mystery-of-edwin-drood
Apple,Apricot,910,mystery-of-edwin-drood
Apple,Plum,910,mystery-of-edwin-drood
Apple,Damson,910,mystery-of-edwin-drood
Apple,Seville Orange,910,mystery-of-edwin-drood
Apple,Lemon,910,mystery-of-edwin-drood
Seville Orange,Minor Canon Corner,910,mystery-of-edwin-drood
Seville Orange,Gherkin,910,mystery-of-edwin-drood
Seville Orange,Onion,910,mystery-of-edwin-drood
Seville Orange,Cabbage,910,mystery-of-edwin-drood
Seville Orange,Mixed,910,mystery-of-edwin-drood
Seville Orange,Raspberry,910,mystery-of-edwin-drood
Seville Orange,Gooseberry,910,mystery-of-edwin-drood
Seville Orange,Apricot,910,mystery-of-edwin-drood
Seville Orange,Plum,910,mystery-of-edwin-drood
Seville Orange,Damson,910,mystery-of-edwin-drood
Seville Orange,Apple,910,mystery-of-edwin-drood
Seville Orange,Lemon,910,mystery-of-edwin-drood
Lemon,Minor Canon Corner,910,mystery-of-edwin-drood
Lemon,Gherkin,910,mystery-of-edwin-drood
Lemon,Onion,910,mystery-of-edwin-drood
Lemon,Cabbage,910,mystery-of-edwin-drood
Lemon,Mixed,910,mystery-of-edwin-drood
Lemon,Raspberry,910,mystery-of-edwin-drood
Lemon,Gooseberry,910,mystery-of-edwin-drood
Lemon,Apricot,910,mystery-of-edwin-drood
Lemon,Plum,910,mystery-of-edwin-drood
Lemon,Damson,910,mystery-of-edwin-drood
Lemon,Apple,910,mystery-of-edwin-drood
Lemon,Seville Orange,910,mystery-of-edwin-drood
Canon,Vesper Service,912,mystery-of-edwin-drood
Vesper Service,Canon,912,mystery-of-edwin-drood
Minor Canon Corner,Helena,913,mystery-of-edwin-drood
Minor Canon Corner,Neville Landless,913,mystery-of-edwin-drood
Helena,Minor Canon Corner,913,mystery-of-edwin-drood
Helena,Neville Landless,913,mystery-of-edwin-drood
Neville Landless,Minor Canon Corner,913,mystery-of-edwin-drood
Neville Landless,Helena,913,mystery-of-edwin-drood
Mr. Crisparkle,Mr. Neville,916,mystery-of-edwin-drood
Mr. Neville,Mr. Crisparkle,916,mystery-of-edwin-drood
Miss Helena,Mr. Crisparkle,920,mystery-of-edwin-drood
Mr. Crisparkle,Miss Helena,920,mystery-of-edwin-drood
Mr. Crisparkle,Neville,922,mystery-of-edwin-drood
Mr. Crisparkle,Neville,922,mystery-of-edwin-drood
Neville,Mr. Crisparkle,922,mystery-of-edwin-drood
Neville,Mr. Crisparkle,922,mystery-of-edwin-drood
Helena,Mr. Crisparkle,925,mystery-of-edwin-drood
Helena,Neville,925,mystery-of-edwin-drood
Helena,Drood,925,mystery-of-edwin-drood
Helena,Mr. Jasper,925,mystery-of-edwin-drood
Mr. Crisparkle,Helena,925,mystery-of-edwin-drood
Mr. Crisparkle,Neville,925,mystery-of-edwin-drood
Mr. Crisparkle,Drood,925,mystery-of-edwin-drood
Mr. Crisparkle,Mr. Jasper,925,mystery-of-edwin-drood
Neville,Helena,925,mystery-of-edwin-drood
Neville,Mr. Crisparkle,925,mystery-of-edwin-drood
Neville,Drood,925,mystery-of-edwin-drood
Neville,Mr. Jasper,925,mystery-of-edwin-drood
Drood,Helena,925,mystery-of-edwin-drood
Drood,Mr. Crisparkle,925,mystery-of-edwin-drood
Drood,Neville,925,mystery-of-edwin-drood
Drood,Mr. Jasper,925,mystery-of-edwin-drood
Mr. Jasper,Helena,925,mystery-of-edwin-drood
Mr. Jasper,Mr. Crisparkle,925,mystery-of-edwin-drood
Mr. Jasper,Neville,925,mystery-of-edwin-drood
Mr. Jasper,Drood,925,mystery-of-edwin-drood
Mr. Crisparkle,Neville,926,mystery-of-edwin-drood
Neville,Mr. Crisparkle,926,mystery-of-edwin-drood
Neville,Mr. Crisparkle,926,mystery-of-edwin-drood
Mr. Crisparkle,Neville,926,mystery-of-edwin-drood
Mr. Crisparkle,Neville,928,mystery-of-edwin-drood
Neville,Mr. Crisparkle,928,mystery-of-edwin-drood
Mr. Neville,Mr. Crisparkle,939,mystery-of-edwin-drood
Mr. Crisparkle,Mr. Neville,939,mystery-of-edwin-drood
Husband,Neville,940,mystery-of-edwin-drood
Neville,Husband,940,mystery-of-edwin-drood
Neville,Mr. Neville,943,mystery-of-edwin-drood
Mr. Neville,Neville,943,mystery-of-edwin-drood
Neville,Mr. Crisparkle,951,mystery-of-edwin-drood
Mr. Crisparkle,Neville,951,mystery-of-edwin-drood
Mr. Crisparkle,Thus Neville,954,mystery-of-edwin-drood
Thus Neville,Mr. Crisparkle,954,mystery-of-edwin-drood
Jasper,Mr. Crisparkle,963,mystery-of-edwin-drood
Mr. Crisparkle,Jasper,963,mystery-of-edwin-drood
Mr. Crisparkle,Jasper,963,mystery-of-edwin-drood
Jasper,Mr. Crisparkle,963,mystery-of-edwin-drood
Mr. Jasper,Mr. Crisparkle,968,mystery-of-edwin-drood
Mr. Crisparkle,Mr. Jasper,968,mystery-of-edwin-drood
Jasper,Mr. Crisparkle,971,mystery-of-edwin-drood
Mr. Crisparkle,Jasper,971,mystery-of-edwin-drood
Mr. Neville,Jasper,972,mystery-of-edwin-drood
Jasper,Mr. Neville,972,mystery-of-edwin-drood
Heaven,Jasper,982,mystery-of-edwin-drood
Jasper,Heaven,982,mystery-of-edwin-drood
Again,Jasper,986,mystery-of-edwin-drood
Jasper,Again,986,mystery-of-edwin-drood
Jasper,Ned,990,mystery-of-edwin-drood
Ned,Jasper,990,mystery-of-edwin-drood
Mr. Crisparkle,Mr. Landless,992,mystery-of-edwin-drood
Mr. Crisparkle,Look,992,mystery-of-edwin-drood
Mr. Crisparkle,Ask Mr. Landless,992,mystery-of-edwin-drood
Mr. Crisparkle,Christmas Eve,992,mystery-of-edwin-drood
Mr. Landless,Mr. Crisparkle,992,mystery-of-edwin-drood
Mr. Landless,Look,992,mystery-of-edwin-drood
Mr. Landless,Ask Mr. Landless,992,mystery-of-edwin-drood
Mr. Landless,Christmas Eve,992,mystery-of-edwin-drood
Look,Mr. Crisparkle,992,mystery-of-edwin-drood
Look,Mr. Landless,992,mystery-of-edwin-drood
Look,Ask Mr. Landless,992,mystery-of-edwin-drood
Look,Christmas Eve,992,mystery-of-edwin-drood
Ask Mr. Landless,Mr. Crisparkle,992,mystery-of-edwin-drood
Ask Mr. Landless,Mr. Landless,992,mystery-of-edwin-drood
Ask Mr. Landless,Look,992,mystery-of-edwin-drood
Ask Mr. Landless,Christmas Eve,992,mystery-of-edwin-drood
Christmas Eve,Mr. Crisparkle,992,mystery-of-edwin-drood
Christmas Eve,Mr. Landless,992,mystery-of-edwin-drood
Christmas Eve,Look,992,mystery-of-edwin-drood
Christmas Eve,Ask Mr. Landless,992,mystery-of-edwin-drood
Love,Miss Pussy,994,mystery-of-edwin-drood
Miss Pussy,Love,994,mystery-of-edwin-drood
Mr. Neville,Mr. Crisparkle,995,mystery-of-edwin-drood
Mr. Crisparkle,Mr. Neville,995,mystery-of-edwin-drood
Cloisterham,Staple Inn,1000,mystery-of-edwin-drood
Staple Inn,Cloisterham,1000,mystery-of-edwin-drood
John Thomas,Joe Tyler,1003,mystery-of-edwin-drood
John Thomas,Mr. Grewgious,1003,mystery-of-edwin-drood
Joe Tyler,John Thomas,1003,mystery-of-edwin-drood
Joe Tyler,Mr. Grewgious,1003,mystery-of-edwin-drood
Mr. Grewgious,John Thomas,1003,mystery-of-edwin-drood
Mr. Grewgious,Joe Tyler,1003,mystery-of-edwin-drood
Mr. Grewgious,Pistol,1004,mystery-of-edwin-drood
Pistol,Mr. Grewgious,1004,mystery-of-edwin-drood
Coy Conveyancing,Mr. Grewgious,1005,mystery-of-edwin-drood
Mr. Grewgious,Coy Conveyancing,1005,mystery-of-edwin-drood
Bazzard,Mr. Grewgious,1009,mystery-of-edwin-drood
Mr. Grewgious,Bazzard,1009,mystery-of-edwin-drood
Drood,Bazzard,1010,mystery-of-edwin-drood
Bazzard,Drood,1010,mystery-of-edwin-drood
Has,Bazzard,1012,mystery-of-edwin-drood
Bazzard,Has,1012,mystery-of-edwin-drood
Mr. Grewgious,Mr. Edwin,1016,mystery-of-edwin-drood
Mr. Edwin,Mr. Grewgious,1016,mystery-of-edwin-drood
Mr. Grewgious,Pray,1020,mystery-of-edwin-drood
Pray,Mr. Grewgious,1020,mystery-of-edwin-drood
Mr. Grewgious,Bazzard,1025,mystery-of-edwin-drood
Mr. Grewgious,Bazzard,1025,mystery-of-edwin-drood
Bazzard,Mr. Grewgious,1025,mystery-of-edwin-drood
Bazzard,Mr. Grewgious,1025,mystery-of-edwin-drood
Mr. Grewgious,Bazzard,1032,mystery-of-edwin-drood
Bazzard,Mr. Grewgious,1032,mystery-of-edwin-drood
Mr.,Grewgious,1041,mystery-of-edwin-drood
Grewgious,Mr.,1041,mystery-of-edwin-drood
Edwin,Rosa Pussy,1045,mystery-of-edwin-drood
Rosa Pussy,Edwin,1045,mystery-of-edwin-drood
Umps,Mr. Grewgious,1049,mystery-of-edwin-drood
Mr. Grewgious,Umps,1049,mystery-of-edwin-drood
Did,Edwin,1050,mystery-of-edwin-drood
Edwin,Did,1050,mystery-of-edwin-drood
Neither,Mr. Grewgious,1057,mystery-of-edwin-drood
Neither,Bazzard,1057,mystery-of-edwin-drood
Mr. Grewgious,Neither,1057,mystery-of-edwin-drood
Mr. Grewgious,Bazzard,1057,mystery-of-edwin-drood
Bazzard,Neither,1057,mystery-of-edwin-drood
Bazzard,Mr. Grewgious,1057,mystery-of-edwin-drood
Bazzard,Holborn,1058,mystery-of-edwin-drood
Bazzard,Mr. Grewgious,1058,mystery-of-edwin-drood
Bazzard,Nil,1058,mystery-of-edwin-drood
Holborn,Bazzard,1058,mystery-of-edwin-drood
Holborn,Mr. Grewgious,1058,mystery-of-edwin-drood
Holborn,Nil,1058,mystery-of-edwin-drood
Mr. Grewgious,Bazzard,1058,mystery-of-edwin-drood
Mr. Grewgious,Holborn,1058,mystery-of-edwin-drood
Mr. Grewgious,Nil,1058,mystery-of-edwin-drood
Nil,Bazzard,1058,mystery-of-edwin-drood
Nil,Holborn,1058,mystery-of-edwin-drood
Nil,Mr. Grewgious,1058,mystery-of-edwin-drood
Doctor Kitchener,Harvey,1060,mystery-of-edwin-drood
Doctor Kitchener,Macbeth,1060,mystery-of-edwin-drood
Harvey,Doctor Kitchener,1060,mystery-of-edwin-drood
Harvey,Macbeth,1060,mystery-of-edwin-drood
Macbeth,Doctor Kitchener,1060,mystery-of-edwin-drood
Macbeth,Harvey,1060,mystery-of-edwin-drood
Mr. Grewgious,Edwin,1062,mystery-of-edwin-drood
Mr. Grewgious,Edwin,1062,mystery-of-edwin-drood
Edwin,Mr. Grewgious,1062,mystery-of-edwin-drood
Edwin,Mr. Grewgious,1062,mystery-of-edwin-drood
Edwin,Mr. Grewgious,1062,mystery-of-edwin-drood
Edwin,Mr. Grewgious,1062,mystery-of-edwin-drood
Mr. Grewgious,Edwin,1062,mystery-of-edwin-drood
Mr. Grewgious,Edwin,1062,mystery-of-edwin-drood
Bazzard,Mr. Grewgious,1063,mystery-of-edwin-drood
Mr. Grewgious,Bazzard,1063,mystery-of-edwin-drood
Bazzard,Mr. Edwin,1065,mystery-of-edwin-drood
Bazzard,Mr. Bazzard,1065,mystery-of-edwin-drood
Mr. Edwin,Bazzard,1065,mystery-of-edwin-drood
Mr. Edwin,Mr. Bazzard,1065,mystery-of-edwin-drood
Mr. Bazzard,Bazzard,1065,mystery-of-edwin-drood
Mr. Bazzard,Mr. Edwin,1065,mystery-of-edwin-drood
Mr. Bazzard,Edwin,1066,mystery-of-edwin-drood
Edwin,Mr. Bazzard,1066,mystery-of-edwin-drood
Mr. Grewgious,Bazzard,1069,mystery-of-edwin-drood
Bazzard,Mr. Grewgious,1069,mystery-of-edwin-drood
Mr. Grewgious,Edwin,1070,mystery-of-edwin-drood
Edwin,Mr. Grewgious,1070,mystery-of-edwin-drood
Mr. Grewgious,Bazzard,1071,mystery-of-edwin-drood
Bazzard,Mr. Grewgious,1071,mystery-of-edwin-drood
Edwin,Mr. Grewgious,1076,mystery-of-edwin-drood
Mr. Grewgious,Edwin,1076,mystery-of-edwin-drood
Mr. Grewgious,Mr. Edwin,1078,mystery-of-edwin-drood
Mr. Grewgious,Staple Inn,1078,mystery-of-edwin-drood
Mr. Grewgious,Which,1078,mystery-of-edwin-drood
Mr. Edwin,Mr. Grewgious,1078,mystery-of-edwin-drood
Mr. Edwin,Staple Inn,1078,mystery-of-edwin-drood
Mr. Edwin,Which,1078,mystery-of-edwin-drood
Staple Inn,Mr. Grewgious,1078,mystery-of-edwin-drood
Staple Inn,Mr. Edwin,1078,mystery-of-edwin-drood
Staple Inn,Which,1078,mystery-of-edwin-drood
Which,Mr. Grewgious,1078,mystery-of-edwin-drood
Which,Mr. Edwin,1078,mystery-of-edwin-drood
Which,Staple Inn,1078,mystery-of-edwin-drood
Mr. Grewgious,Mr. Edwin,1080,mystery-of-edwin-drood
Mr. Edwin,Mr. Grewgious,1080,mystery-of-edwin-drood
Likely,Mr. Grewgious,1085,mystery-of-edwin-drood
Mr. Grewgious,Likely,1085,mystery-of-edwin-drood
Joss,Mr. Edwin,1096,mystery-of-edwin-drood
Joss,Bazzard,1096,mystery-of-edwin-drood
Mr. Edwin,Joss,1096,mystery-of-edwin-drood
Mr. Edwin,Bazzard,1096,mystery-of-edwin-drood
Bazzard,Joss,1096,mystery-of-edwin-drood
Bazzard,Mr. Edwin,1096,mystery-of-edwin-drood
Mr. Edwin,Mr. Jasper,1098,mystery-of-edwin-drood
Mr. Edwin,Miss Rosa,1098,mystery-of-edwin-drood
Mr. Jasper,Mr. Edwin,1098,mystery-of-edwin-drood
Mr. Jasper,Miss Rosa,1098,mystery-of-edwin-drood
Miss Rosa,Mr. Edwin,1098,mystery-of-edwin-drood
Miss Rosa,Mr. Jasper,1098,mystery-of-edwin-drood
Edwin,Miss Rosa,1106,mystery-of-edwin-drood
Edwin,Hard,1106,mystery-of-edwin-drood
Miss Rosa,Edwin,1106,mystery-of-edwin-drood
Miss Rosa,Hard,1106,mystery-of-edwin-drood
Hard,Edwin,1106,mystery-of-edwin-drood
Hard,Miss Rosa,1106,mystery-of-edwin-drood
Bazzard,Mr. Grewgious,1114,mystery-of-edwin-drood
Mr. Grewgious,Bazzard,1114,mystery-of-edwin-drood
Edwin,Bazzard,1117,mystery-of-edwin-drood
Bazzard,Edwin,1117,mystery-of-edwin-drood
Edwin Drood,Bazzard,1119,mystery-of-edwin-drood
Bazzard,Edwin Drood,1119,mystery-of-edwin-drood
Mr.,Grewgious,1128,mystery-of-edwin-drood
Mr.,Dimly,1128,mystery-of-edwin-drood
Grewgious,Mr.,1128,mystery-of-edwin-drood
Grewgious,Dimly,1128,mystery-of-edwin-drood
Dimly,Mr.,1128,mystery-of-edwin-drood
Dimly,Grewgious,1128,mystery-of-edwin-drood
Mr.,Sapsea,1134,mystery-of-edwin-drood
Mr.,Sapsea,1134,mystery-of-edwin-drood
Mr.,Mr. Sapsea,1134,mystery-of-edwin-drood
Mr.,Rise,1134,mystery-of-edwin-drood
Mr.,Sir Thomas Sapsea,1134,mystery-of-edwin-drood
Sapsea,Mr.,1134,mystery-of-edwin-drood
Sapsea,Mr. Sapsea,1134,mystery-of-edwin-drood
Sapsea,Rise,1134,mystery-of-edwin-drood
Sapsea,Sir Thomas Sapsea,1134,mystery-of-edwin-drood
Sapsea,Mr.,1134,mystery-of-edwin-drood
Sapsea,Mr. Sapsea,1134,mystery-of-edwin-drood
Sapsea,Rise,1134,mystery-of-edwin-drood
Sapsea,Sir Thomas Sapsea,1134,mystery-of-edwin-drood
Mr. Sapsea,Mr.,1134,mystery-of-edwin-drood
Mr. Sapsea,Sapsea,1134,mystery-of-edwin-drood
Mr. Sapsea,Sapsea,1134,mystery-of-edwin-drood
Mr. Sapsea,Rise,1134,mystery-of-edwin-drood
Mr. Sapsea,Sir Thomas Sapsea,1134,mystery-of-edwin-drood
Rise,Mr.,1134,mystery-of-edwin-drood
Rise,Sapsea,1134,mystery-of-edwin-drood
Rise,Sapsea,1134,mystery-of-edwin-drood
Rise,Mr. Sapsea,1134,mystery-of-edwin-drood
Rise,Sir Thomas Sapsea,1134,mystery-of-edwin-drood
Sir Thomas Sapsea,Mr.,1134,mystery-of-edwin-drood
Sir Thomas Sapsea,Sapsea,1134,mystery-of-edwin-drood
Sir Thomas Sapsea,Sapsea,1134,mystery-of-edwin-drood
Sir Thomas Sapsea,Mr. Sapsea,1134,mystery-of-edwin-drood
Sir Thomas Sapsea,Rise,1134,mystery-of-edwin-drood
Mr.,Sapsea,1135,mystery-of-edwin-drood
Mr.,Mr. Jasper,1135,mystery-of-edwin-drood
Mr.,Mr. Sapsea,1135,mystery-of-edwin-drood
Mr.,Mr. Jasper,1135,mystery-of-edwin-drood
Mr.,Mr. Sapsea,1135,mystery-of-edwin-drood
Mr.,Mr. Sapsea,1135,mystery-of-edwin-drood
Mr.,Providence,1135,mystery-of-edwin-drood
Sapsea,Mr.,1135,mystery-of-edwin-drood
Sapsea,Mr. Jasper,1135,mystery-of-edwin-drood
Sapsea,Mr. Sapsea,1135,mystery-of-edwin-drood
Sapsea,Mr. Jasper,1135,mystery-of-edwin-drood
Sapsea,Mr. Sapsea,1135,mystery-of-edwin-drood
Sapsea,Mr. Sapsea,1135,mystery-of-edwin-drood
Sapsea,Providence,1135,mystery-of-edwin-drood
Mr. Jasper,Mr.,1135,mystery-of-edwin-drood
Mr. Jasper,Sapsea,1135,mystery-of-edwin-drood
Mr. Jasper,Mr. Sapsea,1135,mystery-of-edwin-drood
Mr. Jasper,Mr. Sapsea,1135,mystery-of-edwin-drood
Mr. Jasper,Mr. Sapsea,1135,mystery-of-edwin-drood
Mr. Jasper,Providence,1135,mystery-of-edwin-drood
Mr. Sapsea,Mr.,1135,mystery-of-edwin-drood
Mr. Sapsea,Sapsea,1135,mystery-of-edwin-drood
Mr. Sapsea,Mr. Jasper,1135,mystery-of-edwin-drood
Mr. Sapsea,Mr. Jasper,1135,mystery-of-edwin-drood
Mr. Sapsea,Providence,1135,mystery-of-edwin-drood
Mr. Jasper,Mr.,1135,mystery-of-edwin-drood
Mr. Jasper,Sapsea,1135,mystery-of-edwin-drood
Mr. Jasper,Mr. Sapsea,1135,mystery-of-edwin-drood
Mr. Jasper,Mr. Sapsea,1135,mystery-of-edwin-drood
Mr. Jasper,Mr. Sapsea,1135,mystery-of-edwin-drood
Mr. Jasper,Providence,1135,mystery-of-edwin-drood
Mr. Sapsea,Mr.,1135,mystery-of-edwin-drood
Mr. Sapsea,Sapsea,1135,mystery-of-edwin-drood
Mr. Sapsea,Mr. Jasper,1135,mystery-of-edwin-drood
Mr. Sapsea,Mr. Jasper,1135,mystery-of-edwin-drood
Mr. Sapsea,Providence,1135,mystery-of-edwin-drood
Mr. Sapsea,Mr.,1135,mystery-of-edwin-drood
Mr. Sapsea,Sapsea,1135,mystery-of-edwin-drood
Mr. Sapsea,Mr. Jasper,1135,mystery-of-edwin-drood
Mr. Sapsea,Mr. Jasper,1135,mystery-of-edwin-drood
Mr. Sapsea,Providence,1135,mystery-of-edwin-drood
Providence,Mr.,1135,mystery-of-edwin-drood
Providence,Sapsea,1135,mystery-of-edwin-drood
Providence,Mr. Jasper,1135,mystery-of-edwin-drood
Providence,Mr. Sapsea,1135,mystery-of-edwin-drood
Providence,Mr. Jasper,1135,mystery-of-edwin-drood
Providence,Mr. Sapsea,1135,mystery-of-edwin-drood
Providence,Mr. Sapsea,1135,mystery-of-edwin-drood
Mr.,Mr. Jasper,1136,mystery-of-edwin-drood
Mr.,Mr. Sapsea,1136,mystery-of-edwin-drood
Mr. Jasper,Mr.,1136,mystery-of-edwin-drood
Mr. Jasper,Mr. Sapsea,1136,mystery-of-edwin-drood
Mr. Sapsea,Mr.,1136,mystery-of-edwin-drood
Mr. Sapsea,Mr. Jasper,1136,mystery-of-edwin-drood
Jasper,Mr. Sapsea,1139,mystery-of-edwin-drood
Mr. Sapsea,Jasper,1139,mystery-of-edwin-drood
How,Mr. Mayor,1140,mystery-of-edwin-drood
How,Mr. Mayor,1140,mystery-of-edwin-drood
Mr. Mayor,How,1140,mystery-of-edwin-drood
Mr. Mayor,How,1140,mystery-of-edwin-drood
How,Mr. Mayor,1140,mystery-of-edwin-drood
How,Mr. Mayor,1140,mystery-of-edwin-drood
Mr. Mayor,How,1140,mystery-of-edwin-drood
Mr. Mayor,How,1140,mystery-of-edwin-drood
Durdles,Mr. Tope,1142,mystery-of-edwin-drood
Mr. Tope,Durdles,1142,mystery-of-edwin-drood
Jasper,Mr. Sapsea,1144,mystery-of-edwin-drood
Jasper,Mr. Sapsea,1144,mystery-of-edwin-drood
Jasper,Mr. Dean,1144,mystery-of-edwin-drood
Jasper,Mr. Sapsea,1144,mystery-of-edwin-drood
Mr. Sapsea,Jasper,1144,mystery-of-edwin-drood
Mr. Sapsea,Mr. Dean,1144,mystery-of-edwin-drood
Mr. Sapsea,Jasper,1144,mystery-of-edwin-drood
Mr. Sapsea,Mr. Dean,1144,mystery-of-edwin-drood
Mr. Dean,Jasper,1144,mystery-of-edwin-drood
Mr. Dean,Mr. Sapsea,1144,mystery-of-edwin-drood
Mr. Dean,Mr. Sapsea,1144,mystery-of-edwin-drood
Mr. Dean,Mr. Sapsea,1144,mystery-of-edwin-drood
Mr. Sapsea,Jasper,1144,mystery-of-edwin-drood
Mr. Sapsea,Mr. Dean,1144,mystery-of-edwin-drood
Sapsea,Durdles,1145,mystery-of-edwin-drood
Sapsea,Mr. Jasper,1145,mystery-of-edwin-drood
Sapsea,Durdles,1145,mystery-of-edwin-drood
Durdles,Sapsea,1145,mystery-of-edwin-drood
Durdles,Mr. Jasper,1145,mystery-of-edwin-drood
Mr. Jasper,Sapsea,1145,mystery-of-edwin-drood
Mr. Jasper,Durdles,1145,mystery-of-edwin-drood
Mr. Jasper,Durdles,1145,mystery-of-edwin-drood
Durdles,Sapsea,1145,mystery-of-edwin-drood
Durdles,Mr. Jasper,1145,mystery-of-edwin-drood
Mr. Sapsea,Jasper,1146,mystery-of-edwin-drood
Jasper,Mr. Sapsea,1146,mystery-of-edwin-drood
Nay,Mr. Sapsea,1147,mystery-of-edwin-drood
Mr. Sapsea,Nay,1147,mystery-of-edwin-drood
Sapsea,Mr. Jasper,1150,mystery-of-edwin-drood
Sapsea,Durdles,1150,mystery-of-edwin-drood
Mr. Jasper,Sapsea,1150,mystery-of-edwin-drood
Mr. Jasper,Durdles,1150,mystery-of-edwin-drood
Durdles,Sapsea,1150,mystery-of-edwin-drood
Durdles,Mr. Jasper,1150,mystery-of-edwin-drood
Durdles,Jasper,1151,mystery-of-edwin-drood
Jasper,Durdles,1151,mystery-of-edwin-drood
Durdles,Mister Jarsper,1159,mystery-of-edwin-drood
Mister Jarsper,Durdles,1159,mystery-of-edwin-drood
Mr. Sapsea,Durdles,1162,mystery-of-edwin-drood
Durdles,Mr. Sapsea,1162,mystery-of-edwin-drood
Mr. Sapsea,Mr. Jasper,1163,mystery-of-edwin-drood
Mr. Jasper,Mr. Sapsea,1163,mystery-of-edwin-drood
Don,Durdles,1164,mystery-of-edwin-drood
Durdles,Don,1164,mystery-of-edwin-drood
Durdles,Mr. Sapsea,1165,mystery-of-edwin-drood
Mr. Sapsea,Durdles,1165,mystery-of-edwin-drood
Mr. Tope,Mr. Jasper,1170,mystery-of-edwin-drood
Mr. Jasper,Mr. Tope,1170,mystery-of-edwin-drood
Durdles,Likely,1172,mystery-of-edwin-drood
Durdles,Curious,1172,mystery-of-edwin-drood
Likely,Durdles,1172,mystery-of-edwin-drood
Likely,Curious,1172,mystery-of-edwin-drood
Curious,Durdles,1172,mystery-of-edwin-drood
Curious,Likely,1172,mystery-of-edwin-drood
Mr. Crisparkle,Jasper,1187,mystery-of-edwin-drood
Jasper,Mr. Crisparkle,1187,mystery-of-edwin-drood
Minor Canon Corner,Jasper,1188,mystery-of-edwin-drood
Minor Canon Corner,Durdles,1188,mystery-of-edwin-drood
Jasper,Minor Canon Corner,1188,mystery-of-edwin-drood
Jasper,Durdles,1188,mystery-of-edwin-drood
Durdles,Minor Canon Corner,1188,mystery-of-edwin-drood
Durdles,Jasper,1188,mystery-of-edwin-drood
Jasper,Neville,1190,mystery-of-edwin-drood
Jasper,Durdles,1190,mystery-of-edwin-drood
Neville,Jasper,1190,mystery-of-edwin-drood
Neville,Durdles,1190,mystery-of-edwin-drood
Durdles,Jasper,1190,mystery-of-edwin-drood
Durdles,Neville,1190,mystery-of-edwin-drood
Mr. Crisparkle,Mr. Jasper,1191,mystery-of-edwin-drood
Mr. Jasper,Mr. Crisparkle,1191,mystery-of-edwin-drood
Mr. Crisparkle,Christmas Eve,1192,mystery-of-edwin-drood
Christmas Eve,Mr. Crisparkle,1192,mystery-of-edwin-drood
Mr. Crisparkle,Jasper,1194,mystery-of-edwin-drood
Jasper,Mr. Crisparkle,1194,mystery-of-edwin-drood
Jasper,Mr. Crisparkle,1194,mystery-of-edwin-drood
Jasper,Mr. Crisparkle,1194,mystery-of-edwin-drood
Mr. Crisparkle,Jasper,1194,mystery-of-edwin-drood
Mr. Crisparkle,Jasper,1194,mystery-of-edwin-drood
Mr. Jasper,Durdles,1195,mystery-of-edwin-drood
Durdles,Mr. Jasper,1195,mystery-of-edwin-drood
Durdles,Mr. Jasper,1195,mystery-of-edwin-drood
Mr. Jasper,Durdles,1195,mystery-of-edwin-drood
High Street,Mr. Jasper,1196,mystery-of-edwin-drood
High Street,Durdles,1196,mystery-of-edwin-drood
High Street,Mr. Jasper,1196,mystery-of-edwin-drood
Mr. Jasper,High Street,1196,mystery-of-edwin-drood
Mr. Jasper,Durdles,1196,mystery-of-edwin-drood
Durdles,High Street,1196,mystery-of-edwin-drood
Durdles,Mr. Jasper,1196,mystery-of-edwin-drood
Durdles,Mr. Jasper,1196,mystery-of-edwin-drood
Mr. Jasper,High Street,1196,mystery-of-edwin-drood
Mr. Jasper,Durdles,1196,mystery-of-edwin-drood
Durdles,Mr. Jasper,1197,mystery-of-edwin-drood
Durdles,Mr. Durdles,1197,mystery-of-edwin-drood
Durdles,Mr. Jasper,1197,mystery-of-edwin-drood
Mr. Jasper,Durdles,1197,mystery-of-edwin-drood
Mr. Jasper,Mr. Durdles,1197,mystery-of-edwin-drood
Mr. Durdles,Durdles,1197,mystery-of-edwin-drood
Mr. Durdles,Mr. Jasper,1197,mystery-of-edwin-drood
Mr. Durdles,Mr. Jasper,1197,mystery-of-edwin-drood
Mr. Jasper,Durdles,1197,mystery-of-edwin-drood
Mr. Jasper,Mr. Durdles,1197,mystery-of-edwin-drood
Durdles,Mr. Jasper,1198,mystery-of-edwin-drood
Durdles,Mr. Jasper,1198,mystery-of-edwin-drood
Mr. Jasper,Durdles,1198,mystery-of-edwin-drood
Mr. Jasper,Durdles,1198,mystery-of-edwin-drood
Mr. Jasper,Durdles,1198,mystery-of-edwin-drood
Durdles,Mr. Jasper,1198,mystery-of-edwin-drood
Durdles,Mister Jarsper,1231,mystery-of-edwin-drood
Mister Jarsper,Durdles,1231,mystery-of-edwin-drood
Widdy,Widdy Widdy,1249,mystery-of-edwin-drood
Widdy Widdy,Widdy,1249,mystery-of-edwin-drood
Don,Mister Jarsper,1253,mystery-of-edwin-drood
Don,Durdles,1253,mystery-of-edwin-drood
Mister Jarsper,Don,1253,mystery-of-edwin-drood
Mister Jarsper,Durdles,1253,mystery-of-edwin-drood
Durdles,Don,1253,mystery-of-edwin-drood
Durdles,Mister Jarsper,1253,mystery-of-edwin-drood
Mr. Durdles,Mr. Jasper,1261,mystery-of-edwin-drood
Mr. Jasper,Mr. Durdles,1261,mystery-of-edwin-drood
Miss,Miss Ferdinand,1264,mystery-of-edwin-drood
Miss Ferdinand,Miss,1264,mystery-of-edwin-drood
Boxes,Largess,1265,mystery-of-edwin-drood
Boxes,Miss Giggles,1265,mystery-of-edwin-drood
Largess,Boxes,1265,mystery-of-edwin-drood
Largess,Miss Giggles,1265,mystery-of-edwin-drood
Miss Giggles,Boxes,1265,mystery-of-edwin-drood
Miss Giggles,Largess,1265,mystery-of-edwin-drood
Miss Twinkleton,Twinkleton,1267,mystery-of-edwin-drood
Miss Twinkleton,Hem,1267,mystery-of-edwin-drood
Miss Twinkleton,Mr. Addison,1267,mystery-of-edwin-drood
Miss Twinkleton,Twinkleton,1267,mystery-of-edwin-drood
Miss Twinkleton,Hem,1267,mystery-of-edwin-drood
Miss Twinkleton,Mr. Addison,1267,mystery-of-edwin-drood
Twinkleton,Miss Twinkleton,1267,mystery-of-edwin-drood
Twinkleton,Miss Twinkleton,1267,mystery-of-edwin-drood
Twinkleton,Hem,1267,mystery-of-edwin-drood
Twinkleton,Mr. Addison,1267,mystery-of-edwin-drood
Hem,Miss Twinkleton,1267,mystery-of-edwin-drood
Hem,Miss Twinkleton,1267,mystery-of-edwin-drood
Hem,Twinkleton,1267,mystery-of-edwin-drood
Hem,Mr. Addison,1267,mystery-of-edwin-drood
Mr. Addison,Miss Twinkleton,1267,mystery-of-edwin-drood
Mr. Addison,Miss Twinkleton,1267,mystery-of-edwin-drood
Mr. Addison,Twinkleton,1267,mystery-of-edwin-drood
Mr. Addison,Hem,1267,mystery-of-edwin-drood
Rosa,Helena Landless,1271,mystery-of-edwin-drood
Rosa,Mr. Crisparkle,1271,mystery-of-edwin-drood
Rosa,Edwin Drood,1271,mystery-of-edwin-drood
Rosa,Helena,1271,mystery-of-edwin-drood
Rosa,Edwin,1271,mystery-of-edwin-drood
Rosa,Helena,1271,mystery-of-edwin-drood
Rosa,Edwin,1271,mystery-of-edwin-drood
Helena Landless,Rosa,1271,mystery-of-edwin-drood
Helena Landless,Rosa,1271,mystery-of-edwin-drood
Helena Landless,Mr. Crisparkle,1271,mystery-of-edwin-drood
Helena Landless,Edwin Drood,1271,mystery-of-edwin-drood
Helena Landless,Helena,1271,mystery-of-edwin-drood
Helena Landless,Edwin,1271,mystery-of-edwin-drood
Helena Landless,Helena,1271,mystery-of-edwin-drood
Helena Landless,Edwin,1271,mystery-of-edwin-drood
Rosa,Helena Landless,1271,mystery-of-edwin-drood
Rosa,Mr. Crisparkle,1271,mystery-of-edwin-drood
Rosa,Edwin Drood,1271,mystery-of-edwin-drood
Rosa,Helena,1271,mystery-of-edwin-drood
Rosa,Edwin,1271,mystery-of-edwin-drood
Rosa,Helena,1271,mystery-of-edwin-drood
Rosa,Edwin,1271,mystery-of-edwin-drood
Mr. Crisparkle,Rosa,1271,mystery-of-edwin-drood
Mr. Crisparkle,Helena Landless,1271,mystery-of-edwin-drood
Mr. Crisparkle,Rosa,1271,mystery-of-edwin-drood
Mr. Crisparkle,Edwin Drood,1271,mystery-of-edwin-drood
Mr. Crisparkle,Helena,1271,mystery-of-edwin-drood
Mr. Crisparkle,Edwin,1271,mystery-of-edwin-drood
Mr. Crisparkle,Helena,1271,mystery-of-edwin-drood
Mr. Crisparkle,Edwin,1271,mystery-of-edwin-drood
Edwin Drood,Rosa,1271,mystery-of-edwin-drood
Edwin Drood,Helena Landless,1271,mystery-of-edwin-drood
Edwin Drood,Rosa,1271,mystery-of-edwin-drood
Edwin Drood,Mr. Crisparkle,1271,mystery-of-edwin-drood
Edwin Drood,Helena,1271,mystery-of-edwin-drood
Edwin Drood,Edwin,1271,mystery-of-edwin-drood
Edwin Drood,Helena,1271,mystery-of-edwin-drood
Edwin Drood,Edwin,1271,mystery-of-edwin-drood
Helena,Rosa,1271,mystery-of-edwin-drood
Helena,Helena Landless,1271,mystery-of-edwin-drood
Helena,Rosa,1271,mystery-of-edwin-drood
Helena,Mr. Crisparkle,1271,mystery-of-edwin-drood
Helena,Edwin Drood,1271,mystery-of-edwin-drood
Helena,Edwin,1271,mystery-of-edwin-drood
Helena,Edwin,1271,mystery-of-edwin-drood
Edwin,Rosa,1271,mystery-of-edwin-drood
Edwin,Helena Landless,1271,mystery-of-edwin-drood
Edwin,Rosa,1271,mystery-of-edwin-drood
Edwin,Mr. Crisparkle,1271,mystery-of-edwin-drood
Edwin,Edwin Drood,1271,mystery-of-edwin-drood
Edwin,Helena,1271,mystery-of-edwin-drood
Edwin,Helena,1271,mystery-of-edwin-drood
Helena,Rosa,1271,mystery-of-edwin-drood
Helena,Helena Landless,1271,mystery-of-edwin-drood
Helena,Rosa,1271,mystery-of-edwin-drood
Helena,Mr. Crisparkle,1271,mystery-of-edwin-drood
Helena,Edwin Drood,1271,mystery-of-edwin-drood
Helena,Edwin,1271,mystery-of-edwin-drood
Helena,Edwin,1271,mystery-of-edwin-drood
Edwin,Rosa,1271,mystery-of-edwin-drood
Edwin,Helena Landless,1271,mystery-of-edwin-drood
Edwin,Rosa,1271,mystery-of-edwin-drood
Edwin,Mr. Crisparkle,1271,mystery-of-edwin-drood
Edwin,Edwin Drood,1271,mystery-of-edwin-drood
Edwin,Helena,1271,mystery-of-edwin-drood
Edwin,Helena,1271,mystery-of-edwin-drood
Rosa,High Street,1272,mystery-of-edwin-drood
Rosa,Rosebud,1272,mystery-of-edwin-drood
Rosa,Mr. Sapsea,1272,mystery-of-edwin-drood
Rosa,Cloisterham,1272,mystery-of-edwin-drood
High Street,Rosa,1272,mystery-of-edwin-drood
High Street,Rosebud,1272,mystery-of-edwin-drood
High Street,Mr. Sapsea,1272,mystery-of-edwin-drood
High Street,Cloisterham,1272,mystery-of-edwin-drood
Rosebud,Rosa,1272,mystery-of-edwin-drood
Rosebud,High Street,1272,mystery-of-edwin-drood
Rosebud,Mr. Sapsea,1272,mystery-of-edwin-drood
Rosebud,Cloisterham,1272,mystery-of-edwin-drood
Mr. Sapsea,Rosa,1272,mystery-of-edwin-drood
Mr. Sapsea,High Street,1272,mystery-of-edwin-drood
Mr. Sapsea,Rosebud,1272,mystery-of-edwin-drood
Mr. Sapsea,Cloisterham,1272,mystery-of-edwin-drood
Cloisterham,Rosa,1272,mystery-of-edwin-drood
Cloisterham,High Street,1272,mystery-of-edwin-drood
Cloisterham,Rosebud,1272,mystery-of-edwin-drood
Cloisterham,Mr. Sapsea,1272,mystery-of-edwin-drood
Rosebud,Edwin Drood,1274,mystery-of-edwin-drood
Rosebud,Edwin,1274,mystery-of-edwin-drood
Rosebud,Mr. Grewgious,1274,mystery-of-edwin-drood
Rosebud,Rosa,1274,mystery-of-edwin-drood
Edwin Drood,Rosebud,1274,mystery-of-edwin-drood
Edwin Drood,Edwin,1274,mystery-of-edwin-drood
Edwin Drood,Mr. Grewgious,1274,mystery-of-edwin-drood
Edwin Drood,Rosa,1274,mystery-of-edwin-drood
Edwin,Rosebud,1274,mystery-of-edwin-drood
Edwin,Edwin Drood,1274,mystery-of-edwin-drood
Edwin,Mr. Grewgious,1274,mystery-of-edwin-drood
Edwin,Rosa,1274,mystery-of-edwin-drood
Mr. Grewgious,Rosebud,1274,mystery-of-edwin-drood
Mr. Grewgious,Edwin Drood,1274,mystery-of-edwin-drood
Mr. Grewgious,Edwin,1274,mystery-of-edwin-drood
Mr. Grewgious,Rosa,1274,mystery-of-edwin-drood
Rosa,Rosebud,1274,mystery-of-edwin-drood
Rosa,Edwin Drood,1274,mystery-of-edwin-drood
Rosa,Edwin,1274,mystery-of-edwin-drood
Rosa,Mr. Grewgious,1274,mystery-of-edwin-drood
Rosa,Miss Twinkleton,1276,mystery-of-edwin-drood
Rosa,Twinkleton,1276,mystery-of-edwin-drood
Miss Twinkleton,Rosa,1276,mystery-of-edwin-drood
Miss Twinkleton,Twinkleton,1276,mystery-of-edwin-drood
Twinkleton,Rosa,1276,mystery-of-edwin-drood
Twinkleton,Miss Twinkleton,1276,mystery-of-edwin-drood
Rosa,Eddy,1281,mystery-of-edwin-drood
Eddy,Rosa,1281,mystery-of-edwin-drood
Rosa,Deeply,1289,mystery-of-edwin-drood
Deeply,Rosa,1289,mystery-of-edwin-drood
Edwin Drood,Jack,1312,mystery-of-edwin-drood
Jack,Edwin Drood,1312,mystery-of-edwin-drood
Tope,Jack,1316,mystery-of-edwin-drood
Jack,Tope,1316,mystery-of-edwin-drood
Jack,Edwin,1318,mystery-of-edwin-drood
Jack,Christmas,1318,mystery-of-edwin-drood
Edwin,Jack,1318,mystery-of-edwin-drood
Edwin,Christmas,1318,mystery-of-edwin-drood
Edwin,Jack,1318,mystery-of-edwin-drood
Christmas,Jack,1318,mystery-of-edwin-drood
Christmas,Edwin,1318,mystery-of-edwin-drood
Christmas,Jack,1318,mystery-of-edwin-drood
Jack,Edwin,1318,mystery-of-edwin-drood
Jack,Christmas,1318,mystery-of-edwin-drood
Edwin,Rosa,1322,mystery-of-edwin-drood
Rosa,Edwin,1322,mystery-of-edwin-drood
Rosa,Edwin,1324,mystery-of-edwin-drood
Rosa,Edwin,1324,mystery-of-edwin-drood
Edwin,Rosa,1324,mystery-of-edwin-drood
Edwin,Rosa,1324,mystery-of-edwin-drood
Rosa,Mr. Grewgious,1327,mystery-of-edwin-drood
Mr. Grewgious,Rosa,1327,mystery-of-edwin-drood
Helena,Miss Twinkleton,1330,mystery-of-edwin-drood
Helena,Rosa,1330,mystery-of-edwin-drood
Helena,Mr. Grewgious,1330,mystery-of-edwin-drood
Helena,Edwin,1330,mystery-of-edwin-drood
Miss Twinkleton,Helena,1330,mystery-of-edwin-drood
Miss Twinkleton,Rosa,1330,mystery-of-edwin-drood
Miss Twinkleton,Mr. Grewgious,1330,mystery-of-edwin-drood
Miss Twinkleton,Edwin,1330,mystery-of-edwin-drood
Rosa,Helena,1330,mystery-of-edwin-drood
Rosa,Miss Twinkleton,1330,mystery-of-edwin-drood
Rosa,Mr. Grewgious,1330,mystery-of-edwin-drood
Rosa,Edwin,1330,mystery-of-edwin-drood
Mr. Grewgious,Helena,1330,mystery-of-edwin-drood
Mr. Grewgious,Miss Twinkleton,1330,mystery-of-edwin-drood
Mr. Grewgious,Rosa,1330,mystery-of-edwin-drood
Mr. Grewgious,Edwin,1330,mystery-of-edwin-drood
Edwin,Helena,1330,mystery-of-edwin-drood
Edwin,Miss Twinkleton,1330,mystery-of-edwin-drood
Edwin,Rosa,1330,mystery-of-edwin-drood
Edwin,Mr. Grewgious,1330,mystery-of-edwin-drood
Jack,Edwin,1332,mystery-of-edwin-drood
Jack,Don,1332,mystery-of-edwin-drood
Edwin,Jack,1332,mystery-of-edwin-drood
Edwin,Don,1332,mystery-of-edwin-drood
Don,Jack,1332,mystery-of-edwin-drood
Don,Edwin,1332,mystery-of-edwin-drood
Don,Rosa,1343,mystery-of-edwin-drood
Don,Jack,1343,mystery-of-edwin-drood
Rosa,Don,1343,mystery-of-edwin-drood
Rosa,Jack,1343,mystery-of-edwin-drood
Jack,Don,1343,mystery-of-edwin-drood
Jack,Rosa,1343,mystery-of-edwin-drood
Minor Canon Corner,Mr.,1353,mystery-of-edwin-drood
Minor Canon Corner,Twelfth Cake,1353,mystery-of-edwin-drood
Minor Canon Corner,Twelfth Cake,1353,mystery-of-edwin-drood
Minor Canon Corner,Christmas Week,1353,mystery-of-edwin-drood
Minor Canon Corner,Signor Jacksonini,1353,mystery-of-edwin-drood
Minor Canon Corner,Miss Twinkleton,1353,mystery-of-edwin-drood
Minor Canon Corner,Miss Twinkleton,1353,mystery-of-edwin-drood
Mr.,Minor Canon Corner,1353,mystery-of-edwin-drood
Mr.,Twelfth Cake,1353,mystery-of-edwin-drood
Mr.,Twelfth Cake,1353,mystery-of-edwin-drood
Mr.,Christmas Week,1353,mystery-of-edwin-drood
Mr.,Signor Jacksonini,1353,mystery-of-edwin-drood
Mr.,Miss Twinkleton,1353,mystery-of-edwin-drood
Mr.,Miss Twinkleton,1353,mystery-of-edwin-drood
Twelfth Cake,Minor Canon Corner,1353,mystery-of-edwin-drood
Twelfth Cake,Mr.,1353,mystery-of-edwin-drood
Twelfth Cake,Christmas Week,1353,mystery-of-edwin-drood
Twelfth Cake,Signor Jacksonini,1353,mystery-of-edwin-drood
Twelfth Cake,Miss Twinkleton,1353,mystery-of-edwin-drood
Twelfth Cake,Miss Twinkleton,1353,mystery-of-edwin-drood
Twelfth Cake,Minor Canon Corner,1353,mystery-of-edwin-drood
Twelfth Cake,Mr.,1353,mystery-of-edwin-drood
Twelfth Cake,Christmas Week,1353,mystery-of-edwin-drood
Twelfth Cake,Signor Jacksonini,1353,mystery-of-edwin-drood
Twelfth Cake,Miss Twinkleton,1353,mystery-of-edwin-drood
Twelfth Cake,Miss Twinkleton,1353,mystery-of-edwin-drood
Christmas Week,Minor Canon Corner,1353,mystery-of-edwin-drood
Christmas Week,Mr.,1353,mystery-of-edwin-drood
Christmas Week,Twelfth Cake,1353,mystery-of-edwin-drood
Christmas Week,Twelfth Cake,1353,mystery-of-edwin-drood
Christmas Week,Signor Jacksonini,1353,mystery-of-edwin-drood
Christmas Week,Miss Twinkleton,1353,mystery-of-edwin-drood
Christmas Week,Miss Twinkleton,1353,mystery-of-edwin-drood
Signor Jacksonini,Minor Canon Corner,1353,mystery-of-edwin-drood
Signor Jacksonini,Mr.,1353,mystery-of-edwin-drood
Signor Jacksonini,Twelfth Cake,1353,mystery-of-edwin-drood
Signor Jacksonini,Twelfth Cake,1353,mystery-of-edwin-drood
Signor Jacksonini,Christmas Week,1353,mystery-of-edwin-drood
Signor Jacksonini,Miss Twinkleton,1353,mystery-of-edwin-drood
Signor Jacksonini,Miss Twinkleton,1353,mystery-of-edwin-drood
Miss Twinkleton,Minor Canon Corner,1353,mystery-of-edwin-drood
Miss Twinkleton,Mr.,1353,mystery-of-edwin-drood
Miss Twinkleton,Twelfth Cake,1353,mystery-of-edwin-drood
Miss Twinkleton,Twelfth Cake,1353,mystery-of-edwin-drood
Miss Twinkleton,Christmas Week,1353,mystery-of-edwin-drood
Miss Twinkleton,Signor Jacksonini,1353,mystery-of-edwin-drood
Miss Twinkleton,Minor Canon Corner,1353,mystery-of-edwin-drood
Miss Twinkleton,Mr.,1353,mystery-of-edwin-drood
Miss Twinkleton,Twelfth Cake,1353,mystery-of-edwin-drood
Miss Twinkleton,Twelfth Cake,1353,mystery-of-edwin-drood
Miss Twinkleton,Christmas Week,1353,mystery-of-edwin-drood
Miss Twinkleton,Signor Jacksonini,1353,mystery-of-edwin-drood
Neville,Mr.,1355,mystery-of-edwin-drood
Mr.,Neville,1355,mystery-of-edwin-drood
True,Mr. Crisparkle,1362,mystery-of-edwin-drood
True,Get,1362,mystery-of-edwin-drood
Mr. Crisparkle,True,1362,mystery-of-edwin-drood
Mr. Crisparkle,Get,1362,mystery-of-edwin-drood
Get,True,1362,mystery-of-edwin-drood
Get,Mr. Crisparkle,1362,mystery-of-edwin-drood
Farther,Mr. Crisparkle,1377,mystery-of-edwin-drood
Mr. Crisparkle,Farther,1377,mystery-of-edwin-drood
Mr. Grewgious,Rosa,1396,mystery-of-edwin-drood
Rosa,Mr. Grewgious,1396,mystery-of-edwin-drood
Mr. Jasper,Mr. Drood,1399,mystery-of-edwin-drood
Mr. Drood,Mr. Jasper,1399,mystery-of-edwin-drood
Good Heaven,Jack,1412,mystery-of-edwin-drood
Jack,Good Heaven,1412,mystery-of-edwin-drood
Hark,Chris,1421,mystery-of-edwin-drood
Chris,Hark,1421,mystery-of-edwin-drood
Edwin,Eddy,1423,mystery-of-edwin-drood
Edwin,Eddy,1423,mystery-of-edwin-drood
Edwin,Eddy,1423,mystery-of-edwin-drood
Eddy,Edwin,1423,mystery-of-edwin-drood
Eddy,Edwin,1423,mystery-of-edwin-drood
Eddy,Edwin,1423,mystery-of-edwin-drood
John,Mr. Sapsea,1441,mystery-of-edwin-drood
John,Mr. Crisparkle,1441,mystery-of-edwin-drood
John,Mr. Sapsea,1441,mystery-of-edwin-drood
John,Mr. Sapsea,1441,mystery-of-edwin-drood
Mr. Sapsea,John,1441,mystery-of-edwin-drood
Mr. Sapsea,Mr. Crisparkle,1441,mystery-of-edwin-drood
Mr. Crisparkle,John,1441,mystery-of-edwin-drood
Mr. Crisparkle,Mr. Sapsea,1441,mystery-of-edwin-drood
Mr. Crisparkle,Mr. Sapsea,1441,mystery-of-edwin-drood
Mr. Crisparkle,Mr. Sapsea,1441,mystery-of-edwin-drood
Mr. Sapsea,John,1441,mystery-of-edwin-drood
Mr. Sapsea,Mr. Crisparkle,1441,mystery-of-edwin-drood
Mr. Sapsea,John,1441,mystery-of-edwin-drood
Mr. Sapsea,Mr. Crisparkle,1441,mystery-of-edwin-drood
John,Mr. Sapsea,1442,mystery-of-edwin-drood
John,Mr. Sapsea,1442,mystery-of-edwin-drood
John,Mr. Sapsea,1442,mystery-of-edwin-drood
Mr. Sapsea,John,1442,mystery-of-edwin-drood
Mr. Sapsea,John,1442,mystery-of-edwin-drood
Mr. Sapsea,John,1442,mystery-of-edwin-drood
Mr.,Anthem,1443,mystery-of-edwin-drood
Anthem,Mr.,1443,mystery-of-edwin-drood
Jasper,Mr. Neville,1468,mystery-of-edwin-drood
Mr. Neville,Jasper,1468,mystery-of-edwin-drood
Durdles,Mr. Tope,1482,mystery-of-edwin-drood
Mr. Tope,Durdles,1482,mystery-of-edwin-drood
Mr. Jasper,Mr. Crisparkle,1483,mystery-of-edwin-drood
Mr. Crisparkle,Mr. Jasper,1483,mystery-of-edwin-drood
Neville,Landless,1492,mystery-of-edwin-drood
Landless,Neville,1492,mystery-of-edwin-drood
Neville,Who,1501,mystery-of-edwin-drood
Who,Neville,1501,mystery-of-edwin-drood
Neville,Joe,1511,mystery-of-edwin-drood
Joe,Neville,1511,mystery-of-edwin-drood
Neville,Mr. Jasper,1513,mystery-of-edwin-drood
Neville,Mr. Crisparkle,1513,mystery-of-edwin-drood
Mr. Jasper,Neville,1513,mystery-of-edwin-drood
Mr. Jasper,Mr. Crisparkle,1513,mystery-of-edwin-drood
Mr. Jasper,Neville,1513,mystery-of-edwin-drood
Mr. Crisparkle,Neville,1513,mystery-of-edwin-drood
Mr. Crisparkle,Mr. Jasper,1513,mystery-of-edwin-drood
Mr. Crisparkle,Neville,1513,mystery-of-edwin-drood
Neville,Mr. Jasper,1513,mystery-of-edwin-drood
Neville,Mr. Crisparkle,1513,mystery-of-edwin-drood
Stay,Mr. Crisparkle,1519,mystery-of-edwin-drood
Stay,Permit,1519,mystery-of-edwin-drood
Stay,Mr. Neville,1519,mystery-of-edwin-drood
Mr. Crisparkle,Stay,1519,mystery-of-edwin-drood
Mr. Crisparkle,Permit,1519,mystery-of-edwin-drood
Mr. Crisparkle,Mr. Neville,1519,mystery-of-edwin-drood
Permit,Stay,1519,mystery-of-edwin-drood
Permit,Mr. Crisparkle,1519,mystery-of-edwin-drood
Permit,Mr. Neville,1519,mystery-of-edwin-drood
Mr. Neville,Stay,1519,mystery-of-edwin-drood
Mr. Neville,Mr. Crisparkle,1519,mystery-of-edwin-drood
Mr. Neville,Permit,1519,mystery-of-edwin-drood
Mr. Jasper,Edwin Drood,1521,mystery-of-edwin-drood
Edwin Drood,Mr. Jasper,1521,mystery-of-edwin-drood
Mr. Crisparkle,Mr. Jasper,1525,mystery-of-edwin-drood
Mr. Jasper,Mr. Crisparkle,1525,mystery-of-edwin-drood
Mr. Crisparkle,Mr. Jasper,1531,mystery-of-edwin-drood
Mr. Crisparkle,Neville,1531,mystery-of-edwin-drood
Mr. Jasper,Mr. Crisparkle,1531,mystery-of-edwin-drood
Mr. Jasper,Neville,1531,mystery-of-edwin-drood
Neville,Mr. Crisparkle,1531,mystery-of-edwin-drood
Neville,Mr. Jasper,1531,mystery-of-edwin-drood
Neville,Mr. Crisparkle,1534,mystery-of-edwin-drood
Mr. Crisparkle,Neville,1534,mystery-of-edwin-drood
Landless,Neville,1539,mystery-of-edwin-drood
Neville,Landless,1539,mystery-of-edwin-drood
Jasper,Mr. Crisparkle,1540,mystery-of-edwin-drood
Jasper,Neville,1540,mystery-of-edwin-drood
Jasper,Mr. Crisparkle,1540,mystery-of-edwin-drood
Jasper,Mr. Sapsea,1540,mystery-of-edwin-drood
Mr. Crisparkle,Jasper,1540,mystery-of-edwin-drood
Mr. Crisparkle,Neville,1540,mystery-of-edwin-drood
Mr. Crisparkle,Mr. Sapsea,1540,mystery-of-edwin-drood
Neville,Jasper,1540,mystery-of-edwin-drood
Neville,Mr. Crisparkle,1540,mystery-of-edwin-drood
Neville,Mr. Crisparkle,1540,mystery-of-edwin-drood
Neville,Mr. Sapsea,1540,mystery-of-edwin-drood
Mr. Crisparkle,Jasper,1540,mystery-of-edwin-drood
Mr. Crisparkle,Neville,1540,mystery-of-edwin-drood
Mr. Crisparkle,Mr. Sapsea,1540,mystery-of-edwin-drood
Mr. Sapsea,Jasper,1540,mystery-of-edwin-drood
Mr. Sapsea,Mr. Crisparkle,1540,mystery-of-edwin-drood
Mr. Sapsea,Neville,1540,mystery-of-edwin-drood
Mr. Sapsea,Mr. Crisparkle,1540,mystery-of-edwin-drood
Mr.,Mr. Crisparkle,1541,mystery-of-edwin-drood
Mr.,Mr. Jasper,1541,mystery-of-edwin-drood
Mr.,Mr. Sapsea,1541,mystery-of-edwin-drood
Mr.,Mr. Sapsea,1541,mystery-of-edwin-drood
Mr.,Mr. Sapsea,1541,mystery-of-edwin-drood
Mr.,Mr. Sapsea,1541,mystery-of-edwin-drood
Mr.,Mr. Sapsea,1541,mystery-of-edwin-drood
Mr. Crisparkle,Mr.,1541,mystery-of-edwin-drood
Mr. Crisparkle,Mr. Jasper,1541,mystery-of-edwin-drood
Mr. Crisparkle,Mr. Sapsea,1541,mystery-of-edwin-drood
Mr. Crisparkle,Mr. Sapsea,1541,mystery-of-edwin-drood
Mr. Crisparkle,Mr. Sapsea,1541,mystery-of-edwin-drood
Mr. Crisparkle,Mr. Sapsea,1541,mystery-of-edwin-drood
Mr. Crisparkle,Mr. Sapsea,1541,mystery-of-edwin-drood
Mr. Jasper,Mr.,1541,mystery-of-edwin-drood
Mr. Jasper,Mr. Crisparkle,1541,mystery-of-edwin-drood
Mr. Jasper,Mr. Sapsea,1541,mystery-of-edwin-drood
Mr. Jasper,Mr. Sapsea,1541,mystery-of-edwin-drood
Mr. Jasper,Mr. Sapsea,1541,mystery-of-edwin-drood
Mr. Jasper,Mr. Sapsea,1541,mystery-of-edwin-drood
Mr. Jasper,Mr. Sapsea,1541,mystery-of-edwin-drood
Mr. Sapsea,Mr.,1541,mystery-of-edwin-drood
Mr. Sapsea,Mr. Crisparkle,1541,mystery-of-edwin-drood
Mr. Sapsea,Mr. Jasper,1541,mystery-of-edwin-drood
Mr. Sapsea,Mr.,1541,mystery-of-edwin-drood
Mr. Sapsea,Mr. Crisparkle,1541,mystery-of-edwin-drood
Mr. Sapsea,Mr. Jasper,1541,mystery-of-edwin-drood
Mr. Sapsea,Mr.,1541,mystery-of-edwin-drood
Mr. Sapsea,Mr. Crisparkle,1541,mystery-of-edwin-drood
Mr. Sapsea,Mr. Jasper,1541,mystery-of-edwin-drood
Mr. Sapsea,Mr.,1541,mystery-of-edwin-drood
Mr. Sapsea,Mr. Crisparkle,1541,mystery-of-edwin-drood
Mr. Sapsea,Mr. Jasper,1541,mystery-of-edwin-drood
Mr. Sapsea,Mr.,1541,mystery-of-edwin-drood
Mr. Sapsea,Mr. Crisparkle,1541,mystery-of-edwin-drood
Mr. Sapsea,Mr. Jasper,1541,mystery-of-edwin-drood
Mr.,Sapsea,1542,mystery-of-edwin-drood
Mr.,Neville,1542,mystery-of-edwin-drood
Mr.,Neville Landless,1542,mystery-of-edwin-drood
Mr.,Mr. Jasper,1542,mystery-of-edwin-drood
Mr.,Mr. Sapsea,1542,mystery-of-edwin-drood
Mr.,Edwin Drood,1542,mystery-of-edwin-drood
Mr.,Mr. Sapsea,1542,mystery-of-edwin-drood
Sapsea,Mr.,1542,mystery-of-edwin-drood
Sapsea,Neville,1542,mystery-of-edwin-drood
Sapsea,Neville Landless,1542,mystery-of-edwin-drood
Sapsea,Mr. Jasper,1542,mystery-of-edwin-drood
Sapsea,Mr. Sapsea,1542,mystery-of-edwin-drood
Sapsea,Edwin Drood,1542,mystery-of-edwin-drood
Sapsea,Mr. Sapsea,1542,mystery-of-edwin-drood
Neville,Mr.,1542,mystery-of-edwin-drood
Neville,Sapsea,1542,mystery-of-edwin-drood
Neville,Neville Landless,1542,mystery-of-edwin-drood
Neville,Mr. Jasper,1542,mystery-of-edwin-drood
Neville,Mr. Sapsea,1542,mystery-of-edwin-drood
Neville,Edwin Drood,1542,mystery-of-edwin-drood
Neville,Mr. Sapsea,1542,mystery-of-edwin-drood
Neville Landless,Mr.,1542,mystery-of-edwin-drood
Neville Landless,Sapsea,1542,mystery-of-edwin-drood
Neville Landless,Neville,1542,mystery-of-edwin-drood
Neville Landless,Mr. Jasper,1542,mystery-of-edwin-drood
Neville Landless,Mr. Sapsea,1542,mystery-of-edwin-drood
Neville Landless,Edwin Drood,1542,mystery-of-edwin-drood
Neville Landless,Mr. Sapsea,1542,mystery-of-edwin-drood
Mr. Jasper,Mr.,1542,mystery-of-edwin-drood
Mr. Jasper,Sapsea,1542,mystery-of-edwin-drood
Mr. Jasper,Neville,1542,mystery-of-edwin-drood
Mr. Jasper,Neville Landless,1542,mystery-of-edwin-drood
Mr. Jasper,Mr. Sapsea,1542,mystery-of-edwin-drood
Mr. Jasper,Edwin Drood,1542,mystery-of-edwin-drood
Mr. Jasper,Mr. Sapsea,1542,mystery-of-edwin-drood
Mr. Sapsea,Mr.,1542,mystery-of-edwin-drood
Mr. Sapsea,Sapsea,1542,mystery-of-edwin-drood
Mr. Sapsea,Neville,1542,mystery-of-edwin-drood
Mr. Sapsea,Neville Landless,1542,mystery-of-edwin-drood
Mr. Sapsea,Mr. Jasper,1542,mystery-of-edwin-drood
Mr. Sapsea,Edwin Drood,1542,mystery-of-edwin-drood
Edwin Drood,Mr.,1542,mystery-of-edwin-drood
Edwin Drood,Sapsea,1542,mystery-of-edwin-drood
Edwin Drood,Neville,1542,mystery-of-edwin-drood
Edwin Drood,Neville Landless,1542,mystery-of-edwin-drood
Edwin Drood,Mr. Jasper,1542,mystery-of-edwin-drood
Edwin Drood,Mr. Sapsea,1542,mystery-of-edwin-drood
Edwin Drood,Mr. Sapsea,1542,mystery-of-edwin-drood
Mr. Sapsea,Mr.,1542,mystery-of-edwin-drood
Mr. Sapsea,Sapsea,1542,mystery-of-edwin-drood
Mr. Sapsea,Neville,1542,mystery-of-edwin-drood
Mr. Sapsea,Neville Landless,1542,mystery-of-edwin-drood
Mr. Sapsea,Mr. Jasper,1542,mystery-of-edwin-drood
Mr. Sapsea,Edwin Drood,1542,mystery-of-edwin-drood
Neville Landless,John Jasper,1543,mystery-of-edwin-drood
Neville Landless,Jasper,1543,mystery-of-edwin-drood
Neville Landless,Neville,1543,mystery-of-edwin-drood
John Jasper,Neville Landless,1543,mystery-of-edwin-drood
John Jasper,Jasper,1543,mystery-of-edwin-drood
John Jasper,Neville,1543,mystery-of-edwin-drood
Jasper,Neville Landless,1543,mystery-of-edwin-drood
Jasper,John Jasper,1543,mystery-of-edwin-drood
Jasper,Neville,1543,mystery-of-edwin-drood
Neville,Neville Landless,1543,mystery-of-edwin-drood
Neville,John Jasper,1543,mystery-of-edwin-drood
Neville,Jasper,1543,mystery-of-edwin-drood
John Jasper,Edwin Drood,1545,mystery-of-edwin-drood
Edwin Drood,John Jasper,1545,mystery-of-edwin-drood
Unkempt,Mr. Grewgious,1546,mystery-of-edwin-drood
Mr. Grewgious,Unkempt,1546,mystery-of-edwin-drood
Mr.,Grewgious,1550,mystery-of-edwin-drood
Grewgious,Mr.,1550,mystery-of-edwin-drood
How,Jasper,1551,mystery-of-edwin-drood
Jasper,How,1551,mystery-of-edwin-drood
Mr. Grewgious,Jasper,1555,mystery-of-edwin-drood
Jasper,Mr. Grewgious,1555,mystery-of-edwin-drood
Mr. Grewgious,Miss Landless,1558,mystery-of-edwin-drood
Miss Landless,Mr. Grewgious,1558,mystery-of-edwin-drood
Mr. Grewgious,Mind,1565,mystery-of-edwin-drood
Mind,Mr. Grewgious,1565,mystery-of-edwin-drood
John Jasper,Mr. Grewgious,1566,mystery-of-edwin-drood
Mr. Grewgious,John Jasper,1566,mystery-of-edwin-drood
Mr.,Grewgious,1572,mystery-of-edwin-drood
Grewgious,Mr.,1572,mystery-of-edwin-drood
Mr.,Grewgious,1574,mystery-of-edwin-drood
Grewgious,Mr.,1574,mystery-of-edwin-drood
Mr.,Grewgious,1576,mystery-of-edwin-drood
Grewgious,Mr.,1576,mystery-of-edwin-drood
Mr.,Grewgious,1578,mystery-of-edwin-drood
Grewgious,Mr.,1578,mystery-of-edwin-drood
Mr.,Grewgious,1580,mystery-of-edwin-drood
Grewgious,Mr.,1580,mystery-of-edwin-drood
John Jasper,Mr.,1584,mystery-of-edwin-drood
Mr.,John Jasper,1584,mystery-of-edwin-drood
Jasper,Music Master,1606,mystery-of-edwin-drood
Jasper,Music Master,1606,mystery-of-edwin-drood
Music Master,Jasper,1606,mystery-of-edwin-drood
Music Master,Jasper,1606,mystery-of-edwin-drood
Mr.,Mr. Jasper,1609,mystery-of-edwin-drood
Mr. Jasper,Mr.,1609,mystery-of-edwin-drood
Mr.,Mr. Jasper,1611,mystery-of-edwin-drood
Mr. Jasper,Mr.,1611,mystery-of-edwin-drood
Mr. Sapsea,Jasper,1612,mystery-of-edwin-drood
Jasper,Mr. Sapsea,1612,mystery-of-edwin-drood
Jasper,Mr. Grewgious,1614,mystery-of-edwin-drood
Jasper,Mr. Neville Landless,1614,mystery-of-edwin-drood
Jasper,Mr. Grewgious,1614,mystery-of-edwin-drood
Mr. Grewgious,Jasper,1614,mystery-of-edwin-drood
Mr. Grewgious,Mr. Neville Landless,1614,mystery-of-edwin-drood
Mr. Neville Landless,Jasper,1614,mystery-of-edwin-drood
Mr. Neville Landless,Mr. Grewgious,1614,mystery-of-edwin-drood
Mr. Neville Landless,Mr. Grewgious,1614,mystery-of-edwin-drood
Mr. Grewgious,Jasper,1614,mystery-of-edwin-drood
Mr. Grewgious,Mr. Neville Landless,1614,mystery-of-edwin-drood
Edwin Drood,Neville,1615,mystery-of-edwin-drood
Neville,Edwin Drood,1615,mystery-of-edwin-drood
Mr. Grewgious,Angular Mr. Grewgious,1616,mystery-of-edwin-drood
Mr. Grewgious,Mr. Crisparkle,1616,mystery-of-edwin-drood
Mr. Grewgious,Mr. Jasper,1616,mystery-of-edwin-drood
Mr. Grewgious,Mr. Jasper,1616,mystery-of-edwin-drood
Mr. Grewgious,Mr. Jasper,1616,mystery-of-edwin-drood
Angular Mr. Grewgious,Mr. Grewgious,1616,mystery-of-edwin-drood
Angular Mr. Grewgious,Mr. Crisparkle,1616,mystery-of-edwin-drood
Angular Mr. Grewgious,Mr. Jasper,1616,mystery-of-edwin-drood
Angular Mr. Grewgious,Mr. Jasper,1616,mystery-of-edwin-drood
Angular Mr. Grewgious,Mr. Jasper,1616,mystery-of-edwin-drood
Angular Mr. Grewgious,Mr. Grewgious,1616,mystery-of-edwin-drood
Mr. Crisparkle,Mr. Grewgious,1616,mystery-of-edwin-drood
Mr. Crisparkle,Angular Mr. Grewgious,1616,mystery-of-edwin-drood
Mr. Crisparkle,Mr. Jasper,1616,mystery-of-edwin-drood
Mr. Crisparkle,Mr. Jasper,1616,mystery-of-edwin-drood
Mr. Crisparkle,Mr. Jasper,1616,mystery-of-edwin-drood
Mr. Crisparkle,Mr. Grewgious,1616,mystery-of-edwin-drood
Mr. Jasper,Mr. Grewgious,1616,mystery-of-edwin-drood
Mr. Jasper,Angular Mr. Grewgious,1616,mystery-of-edwin-drood
Mr. Jasper,Mr. Crisparkle,1616,mystery-of-edwin-drood
Mr. Jasper,Mr. Grewgious,1616,mystery-of-edwin-drood
Mr. Jasper,Mr. Grewgious,1616,mystery-of-edwin-drood
Mr. Jasper,Angular Mr. Grewgious,1616,mystery-of-edwin-drood
Mr. Jasper,Mr. Crisparkle,1616,mystery-of-edwin-drood
Mr. Jasper,Mr. Grewgious,1616,mystery-of-edwin-drood
Mr. Jasper,Mr. Grewgious,1616,mystery-of-edwin-drood
Mr. Jasper,Angular Mr. Grewgious,1616,mystery-of-edwin-drood
Mr. Jasper,Mr. Crisparkle,1616,mystery-of-edwin-drood
Mr. Jasper,Mr. Grewgious,1616,mystery-of-edwin-drood
Mr. Grewgious,Angular Mr. Grewgious,1616,mystery-of-edwin-drood
Mr. Grewgious,Mr. Crisparkle,1616,mystery-of-edwin-drood
Mr. Grewgious,Mr. Jasper,1616,mystery-of-edwin-drood
Mr. Grewgious,Mr. Jasper,1616,mystery-of-edwin-drood
Mr. Grewgious,Mr. Jasper,1616,mystery-of-edwin-drood
Christmas Eve,Mr. Crisparkle,1623,mystery-of-edwin-drood
Mr. Crisparkle,Christmas Eve,1623,mystery-of-edwin-drood
Neville Landless,Mr. Jasper,1631,mystery-of-edwin-drood
Neville Landless,Neville,1631,mystery-of-edwin-drood
Neville Landless,Massa,1631,mystery-of-edwin-drood
Neville Landless,Sapsea,1631,mystery-of-edwin-drood
Neville Landless,Mr. Crisparkle,1631,mystery-of-edwin-drood
Neville Landless,Philanthropist,1631,mystery-of-edwin-drood
Mr. Jasper,Neville Landless,1631,mystery-of-edwin-drood
Mr. Jasper,Neville,1631,mystery-of-edwin-drood
Mr. Jasper,Massa,1631,mystery-of-edwin-drood
Mr. Jasper,Sapsea,1631,mystery-of-edwin-drood
Mr. Jasper,Mr. Crisparkle,1631,mystery-of-edwin-drood
Mr. Jasper,Philanthropist,1631,mystery-of-edwin-drood
Neville,Neville Landless,1631,mystery-of-edwin-drood
Neville,Mr. Jasper,1631,mystery-of-edwin-drood
Neville,Massa,1631,mystery-of-edwin-drood
Neville,Sapsea,1631,mystery-of-edwin-drood
Neville,Mr. Crisparkle,1631,mystery-of-edwin-drood
Neville,Philanthropist,1631,mystery-of-edwin-drood
Massa,Neville Landless,1631,mystery-of-edwin-drood
Massa,Mr. Jasper,1631,mystery-of-edwin-drood
Massa,Neville,1631,mystery-of-edwin-drood
Massa,Sapsea,1631,mystery-of-edwin-drood
Massa,Mr. Crisparkle,1631,mystery-of-edwin-drood
Massa,Philanthropist,1631,mystery-of-edwin-drood
Sapsea,Neville Landless,1631,mystery-of-edwin-drood
Sapsea,Mr. Jasper,1631,mystery-of-edwin-drood
Sapsea,Neville,1631,mystery-of-edwin-drood
Sapsea,Massa,1631,mystery-of-edwin-drood
Sapsea,Mr. Crisparkle,1631,mystery-of-edwin-drood
Sapsea,Philanthropist,1631,mystery-of-edwin-drood
Mr. Crisparkle,Neville Landless,1631,mystery-of-edwin-drood
Mr. Crisparkle,Mr. Jasper,1631,mystery-of-edwin-drood
Mr. Crisparkle,Neville,1631,mystery-of-edwin-drood
Mr. Crisparkle,Massa,1631,mystery-of-edwin-drood
Mr. Crisparkle,Sapsea,1631,mystery-of-edwin-drood
Mr. Crisparkle,Philanthropist,1631,mystery-of-edwin-drood
Philanthropist,Neville Landless,1631,mystery-of-edwin-drood
Philanthropist,Mr. Jasper,1631,mystery-of-edwin-drood
Philanthropist,Neville,1631,mystery-of-edwin-drood
Philanthropist,Massa,1631,mystery-of-edwin-drood
Philanthropist,Sapsea,1631,mystery-of-edwin-drood
Philanthropist,Mr. Crisparkle,1631,mystery-of-edwin-drood
Edwin Drood,Mr. Jasper,1632,mystery-of-edwin-drood
Edwin Drood,Mr. Crisparkle,1632,mystery-of-edwin-drood
Edwin Drood,Mr. Crisparkle,1632,mystery-of-edwin-drood
Edwin Drood,Mr. Grewgious,1632,mystery-of-edwin-drood
Mr. Jasper,Edwin Drood,1632,mystery-of-edwin-drood
Mr. Jasper,Mr. Crisparkle,1632,mystery-of-edwin-drood
Mr. Jasper,Mr. Crisparkle,1632,mystery-of-edwin-drood
Mr. Jasper,Mr. Grewgious,1632,mystery-of-edwin-drood
Mr. Crisparkle,Edwin Drood,1632,mystery-of-edwin-drood
Mr. Crisparkle,Mr. Jasper,1632,mystery-of-edwin-drood
Mr. Crisparkle,Mr. Grewgious,1632,mystery-of-edwin-drood
Mr. Crisparkle,Edwin Drood,1632,mystery-of-edwin-drood
Mr. Crisparkle,Mr. Jasper,1632,mystery-of-edwin-drood
Mr. Crisparkle,Mr. Grewgious,1632,mystery-of-edwin-drood
Mr. Grewgious,Edwin Drood,1632,mystery-of-edwin-drood
Mr. Grewgious,Mr. Jasper,1632,mystery-of-edwin-drood
Mr. Grewgious,Mr. Crisparkle,1632,mystery-of-edwin-drood
Mr. Grewgious,Mr. Crisparkle,1632,mystery-of-edwin-drood
Neville,Jasper,1633,mystery-of-edwin-drood
Neville,Mr. Crisparkle,1633,mystery-of-edwin-drood
Jasper,Neville,1633,mystery-of-edwin-drood
Jasper,Neville,1633,mystery-of-edwin-drood
Jasper,Mr. Crisparkle,1633,mystery-of-edwin-drood
Jasper,Neville,1633,mystery-of-edwin-drood
Neville,Jasper,1633,mystery-of-edwin-drood
Neville,Mr. Crisparkle,1633,mystery-of-edwin-drood
Mr. Crisparkle,Neville,1633,mystery-of-edwin-drood
Mr. Crisparkle,Jasper,1633,mystery-of-edwin-drood
Mr. Crisparkle,Neville,1633,mystery-of-edwin-drood
Mr. Crisparkle,Neville,1633,mystery-of-edwin-drood
Neville,Jasper,1633,mystery-of-edwin-drood
Neville,Mr. Crisparkle,1633,mystery-of-edwin-drood
Minor Canon Row,Neville Landless,1649,mystery-of-edwin-drood
Neville Landless,Minor Canon Row,1649,mystery-of-edwin-drood
John Jasper,Haggard,1650,mystery-of-edwin-drood
John Jasper,Mr. Crisparkle,1650,mystery-of-edwin-drood
Haggard,John Jasper,1650,mystery-of-edwin-drood
Haggard,Mr. Crisparkle,1650,mystery-of-edwin-drood
Mr. Crisparkle,John Jasper,1650,mystery-of-edwin-drood
Mr. Crisparkle,Haggard,1650,mystery-of-edwin-drood
Mr. Crisparkle,Mr. Honeythunder,1654,mystery-of-edwin-drood
Mr. Honeythunder,Mr. Crisparkle,1654,mystery-of-edwin-drood
Mr. Crisparkle,Mill,1655,mystery-of-edwin-drood
Mr. Crisparkle,Rounds,1655,mystery-of-edwin-drood
Mr. Crisparkle,Suet Pudding,1655,mystery-of-edwin-drood
Mr. Crisparkle,Mill,1655,mystery-of-edwin-drood
Mr. Crisparkle,Rounds,1655,mystery-of-edwin-drood
Mr. Crisparkle,Suet Pudding,1655,mystery-of-edwin-drood
Mill,Mr. Crisparkle,1655,mystery-of-edwin-drood
Mill,Mr. Crisparkle,1655,mystery-of-edwin-drood
Mill,Rounds,1655,mystery-of-edwin-drood
Mill,Mr. Crisparkle,1655,mystery-of-edwin-drood
Mill,Suet Pudding,1655,mystery-of-edwin-drood
Rounds,Mr. Crisparkle,1655,mystery-of-edwin-drood
Rounds,Mr. Crisparkle,1655,mystery-of-edwin-drood
Rounds,Mill,1655,mystery-of-edwin-drood
Rounds,Mr. Crisparkle,1655,mystery-of-edwin-drood
Rounds,Suet Pudding,1655,mystery-of-edwin-drood
Mr. Crisparkle,Mill,1655,mystery-of-edwin-drood
Mr. Crisparkle,Rounds,1655,mystery-of-edwin-drood
Mr. Crisparkle,Suet Pudding,1655,mystery-of-edwin-drood
Suet Pudding,Mr. Crisparkle,1655,mystery-of-edwin-drood
Suet Pudding,Mr. Crisparkle,1655,mystery-of-edwin-drood
Suet Pudding,Mill,1655,mystery-of-edwin-drood
Suet Pudding,Rounds,1655,mystery-of-edwin-drood
Suet Pudding,Mr. Crisparkle,1655,mystery-of-edwin-drood
Mr.,Mr. Honeythunder,1656,mystery-of-edwin-drood
Mr. Honeythunder,Mr.,1656,mystery-of-edwin-drood
Sir,Mr. Honeythunder,1657,mystery-of-edwin-drood
Mr. Honeythunder,Sir,1657,mystery-of-edwin-drood
Mr. Crisparkle,Mr. Honeythunder,1660,mystery-of-edwin-drood
Mr. Honeythunder,Mr. Crisparkle,1660,mystery-of-edwin-drood
Mr. Honeythunder,Mr. Crisparkle,1660,mystery-of-edwin-drood
Mr. Crisparkle,Mr. Honeythunder,1660,mystery-of-edwin-drood
George,Mr. Crisparkle,1666,mystery-of-edwin-drood
Mr. Crisparkle,George,1666,mystery-of-edwin-drood
Mr. Honeythunder,Mr. Crisparkle,1672,mystery-of-edwin-drood
Mr. Crisparkle,Mr. Honeythunder,1672,mystery-of-edwin-drood
Mr. Honeythunder,Bloodshed,1676,mystery-of-edwin-drood
Bloodshed,Mr. Honeythunder,1676,mystery-of-edwin-drood
Mr. Crisparkle,Don,1677,mystery-of-edwin-drood
Don,Mr. Crisparkle,1677,mystery-of-edwin-drood
Mr. Honeythunder,Mr. Crisparkle,1678,mystery-of-edwin-drood
Mr. Crisparkle,Mr. Honeythunder,1678,mystery-of-edwin-drood
Mr. Honeythunder,Better,1680,mystery-of-edwin-drood
Better,Mr. Honeythunder,1680,mystery-of-edwin-drood
Mr. Crisparkle,Mr. Neville,1686,mystery-of-edwin-drood
Mr. Crisparkle,Mr. Neville,1686,mystery-of-edwin-drood
Mr. Crisparkle,Mr. Neville,1686,mystery-of-edwin-drood
Mr. Neville,Mr. Crisparkle,1686,mystery-of-edwin-drood
Mr. Neville,Mr. Crisparkle,1686,mystery-of-edwin-drood
Mr. Neville,Mr. Crisparkle,1686,mystery-of-edwin-drood
Mr. Crisparkle,War,1698,mystery-of-edwin-drood
Mr. Crisparkle,Again,1698,mystery-of-edwin-drood
Mr. Crisparkle,Heaven,1698,mystery-of-edwin-drood
Mr. Crisparkle,Mr. Honeythunder,1698,mystery-of-edwin-drood
War,Mr. Crisparkle,1698,mystery-of-edwin-drood
War,Again,1698,mystery-of-edwin-drood
War,Heaven,1698,mystery-of-edwin-drood
War,Mr. Honeythunder,1698,mystery-of-edwin-drood
Again,Mr. Crisparkle,1698,mystery-of-edwin-drood
Again,War,1698,mystery-of-edwin-drood
Again,Heaven,1698,mystery-of-edwin-drood
Again,Mr. Honeythunder,1698,mystery-of-edwin-drood
Heaven,Mr. Crisparkle,1698,mystery-of-edwin-drood
Heaven,War,1698,mystery-of-edwin-drood
Heaven,Again,1698,mystery-of-edwin-drood
Heaven,Mr. Honeythunder,1698,mystery-of-edwin-drood
Mr. Honeythunder,Mr. Crisparkle,1698,mystery-of-edwin-drood
Mr. Honeythunder,War,1698,mystery-of-edwin-drood
Mr. Honeythunder,Again,1698,mystery-of-edwin-drood
Mr. Honeythunder,Heaven,1698,mystery-of-edwin-drood
Mr. Honeythunder,Mr. Crisparkle,1701,mystery-of-edwin-drood
Mr. Crisparkle,Mr. Honeythunder,1701,mystery-of-edwin-drood
Staple Inn,Mr. Grewgious,1702,mystery-of-edwin-drood
Staple Inn,Neville Landless,1702,mystery-of-edwin-drood
Mr. Grewgious,Staple Inn,1702,mystery-of-edwin-drood
Mr. Grewgious,Neville Landless,1702,mystery-of-edwin-drood
Neville Landless,Staple Inn,1702,mystery-of-edwin-drood
Neville Landless,Mr. Grewgious,1702,mystery-of-edwin-drood
Fight,Neville,1709,mystery-of-edwin-drood
Neville,Fight,1709,mystery-of-edwin-drood
Mr. Crisparkle,Neville Landless,1728,mystery-of-edwin-drood
Neville Landless,Mr. Crisparkle,1728,mystery-of-edwin-drood
Neville,Helena,1732,mystery-of-edwin-drood
Helena,Neville,1732,mystery-of-edwin-drood
Neville,Mr. Crisparkle,1743,mystery-of-edwin-drood
Neville,Mr. Grewgious,1743,mystery-of-edwin-drood
Mr. Crisparkle,Neville,1743,mystery-of-edwin-drood
Mr. Crisparkle,Mr. Grewgious,1743,mystery-of-edwin-drood
Mr. Crisparkle,Neville,1743,mystery-of-edwin-drood
Mr. Grewgious,Neville,1743,mystery-of-edwin-drood
Mr. Grewgious,Mr. Crisparkle,1743,mystery-of-edwin-drood
Mr. Grewgious,Neville,1743,mystery-of-edwin-drood
Neville,Mr. Crisparkle,1743,mystery-of-edwin-drood
Neville,Mr. Grewgious,1743,mystery-of-edwin-drood
Mr. Jasper,Mr. Grewgious,1749,mystery-of-edwin-drood
Mr. Grewgious,Mr. Jasper,1749,mystery-of-edwin-drood
Mr. Jasper,Mr. Crisparkle,1751,mystery-of-edwin-drood
Mr. Crisparkle,Mr. Jasper,1751,mystery-of-edwin-drood
Mr.,Mr. Grewgious,1758,mystery-of-edwin-drood
Mr. Grewgious,Mr.,1758,mystery-of-edwin-drood
Mr. Grewgious,Mr. Crisparkle,1761,mystery-of-edwin-drood
Mr. Crisparkle,Mr. Grewgious,1761,mystery-of-edwin-drood
Mr. Crisparkle,Mr. Grewgious,1762,mystery-of-edwin-drood
Mr. Crisparkle,Neville,1762,mystery-of-edwin-drood
Mr. Grewgious,Mr. Crisparkle,1762,mystery-of-edwin-drood
Mr. Grewgious,Neville,1762,mystery-of-edwin-drood
Neville,Mr. Crisparkle,1762,mystery-of-edwin-drood
Neville,Mr. Grewgious,1762,mystery-of-edwin-drood
Which,Mr. Crisparkle,1764,mystery-of-edwin-drood
Mr. Crisparkle,Which,1764,mystery-of-edwin-drood
Mr.,Neville,1768,mystery-of-edwin-drood
Mr.,Mr. Crisparkle,1768,mystery-of-edwin-drood
Neville,Mr.,1768,mystery-of-edwin-drood
Neville,Mr. Crisparkle,1768,mystery-of-edwin-drood
Mr. Crisparkle,Mr.,1768,mystery-of-edwin-drood
Mr. Crisparkle,Neville,1768,mystery-of-edwin-drood
Pardon,Mr. Tartar,1793,mystery-of-edwin-drood
Mr. Tartar,Pardon,1793,mystery-of-edwin-drood
Heaven,Neville,1795,mystery-of-edwin-drood
Heaven,Mr. Tartar,1795,mystery-of-edwin-drood
Neville,Heaven,1795,mystery-of-edwin-drood
Neville,Mr. Tartar,1795,mystery-of-edwin-drood
Mr. Tartar,Heaven,1795,mystery-of-edwin-drood
Mr. Tartar,Neville,1795,mystery-of-edwin-drood
Tartar,Neville,1797,mystery-of-edwin-drood
Tartar,Pray,1797,mystery-of-edwin-drood
Neville,Tartar,1797,mystery-of-edwin-drood
Neville,Pray,1797,mystery-of-edwin-drood
Pray,Tartar,1797,mystery-of-edwin-drood
Pray,Neville,1797,mystery-of-edwin-drood
Mr. Grewgious,Neville,1799,mystery-of-edwin-drood
Neville,Mr. Grewgious,1799,mystery-of-edwin-drood
Neville,Mr. Grewgious,1799,mystery-of-edwin-drood
Mr. Grewgious,Neville,1799,mystery-of-edwin-drood
Mr. Tope,Dick Datchery,1811,mystery-of-edwin-drood
Dick Datchery,Mr. Tope,1811,mystery-of-edwin-drood
Mr. Datchery,Don,1817,mystery-of-edwin-drood
Don,Mr. Datchery,1817,mystery-of-edwin-drood
Wait,Jarsper,1832,mystery-of-edwin-drood
Jarsper,Wait,1832,mystery-of-edwin-drood
Mr.,Mr. Jasper,1843,mystery-of-edwin-drood
Mr.,Tope,1843,mystery-of-edwin-drood
Mr.,Mr. Datchery,1843,mystery-of-edwin-drood
Mr.,Mr. Jasper,1843,mystery-of-edwin-drood
Mr. Jasper,Mr.,1843,mystery-of-edwin-drood
Mr. Jasper,Tope,1843,mystery-of-edwin-drood
Mr. Jasper,Mr. Datchery,1843,mystery-of-edwin-drood
Mr. Jasper,Mr.,1843,mystery-of-edwin-drood
Tope,Mr.,1843,mystery-of-edwin-drood
Tope,Mr. Jasper,1843,mystery-of-edwin-drood
Tope,Mr. Datchery,1843,mystery-of-edwin-drood
Tope,Mr.,1843,mystery-of-edwin-drood
Tope,Mr. Jasper,1843,mystery-of-edwin-drood
Mr. Datchery,Mr.,1843,mystery-of-edwin-drood
Mr. Datchery,Mr. Jasper,1843,mystery-of-edwin-drood
Mr. Datchery,Tope,1843,mystery-of-edwin-drood
Mr. Datchery,Mr.,1843,mystery-of-edwin-drood
Mr. Datchery,Mr. Jasper,1843,mystery-of-edwin-drood
Mr.,Mr. Jasper,1843,mystery-of-edwin-drood
Mr.,Tope,1843,mystery-of-edwin-drood
Mr.,Mr. Datchery,1843,mystery-of-edwin-drood
Mr.,Mr. Jasper,1843,mystery-of-edwin-drood
Mr. Jasper,Mr.,1843,mystery-of-edwin-drood
Mr. Jasper,Tope,1843,mystery-of-edwin-drood
Mr. Jasper,Mr. Datchery,1843,mystery-of-edwin-drood
Mr. Jasper,Mr.,1843,mystery-of-edwin-drood
Tope,Mr. Datchery,1844,mystery-of-edwin-drood
Mr. Datchery,Tope,1844,mystery-of-edwin-drood
Mr.,Datchery,1845,mystery-of-edwin-drood
Datchery,Mr.,1845,mystery-of-edwin-drood
Mr.,Mr. Datchery,1846,mystery-of-edwin-drood
Mr.,Mr. Tope,1846,mystery-of-edwin-drood
Mr.,Mr. Jasper,1846,mystery-of-edwin-drood
Mr. Datchery,Mr.,1846,mystery-of-edwin-drood
Mr. Datchery,Mr. Tope,1846,mystery-of-edwin-drood
Mr. Datchery,Mr. Jasper,1846,mystery-of-edwin-drood
Mr. Tope,Mr.,1846,mystery-of-edwin-drood
Mr. Tope,Mr. Datchery,1846,mystery-of-edwin-drood
Mr. Tope,Mr. Jasper,1846,mystery-of-edwin-drood
Mr. Jasper,Mr.,1846,mystery-of-edwin-drood
Mr. Jasper,Mr. Datchery,1846,mystery-of-edwin-drood
Mr. Jasper,Mr. Tope,1846,mystery-of-edwin-drood
Mr.,Jasper,1848,mystery-of-edwin-drood
Jasper,Mr.,1848,mystery-of-edwin-drood
Mr. Jasper,Mr. Datchery,1850,mystery-of-edwin-drood
Mr. Datchery,Mr. Jasper,1850,mystery-of-edwin-drood
Mr.,Mr. Sapsea,1852,mystery-of-edwin-drood
Mr. Sapsea,Mr.,1852,mystery-of-edwin-drood
Mr. Datchery,Mr. Jasper,1866,mystery-of-edwin-drood
Mr. Jasper,Mr. Datchery,1866,mystery-of-edwin-drood
Mr. Jasper,Mr. Datchery,1866,mystery-of-edwin-drood
Mr. Datchery,Mr. Jasper,1866,mystery-of-edwin-drood
Mr. Datchery,Mr. Sapsea,1879,mystery-of-edwin-drood
Mr. Sapsea,Mr. Datchery,1879,mystery-of-edwin-drood
Mr. Datchery,Mr. Sapsea,1882,mystery-of-edwin-drood
Mr. Datchery,Sapsea,1882,mystery-of-edwin-drood
Mr. Sapsea,Mr. Datchery,1882,mystery-of-edwin-drood
Mr. Sapsea,Sapsea,1882,mystery-of-edwin-drood
Sapsea,Mr. Datchery,1882,mystery-of-edwin-drood
Sapsea,Mr. Sapsea,1882,mystery-of-edwin-drood
Mr. Sapsea,Apollo,1883,mystery-of-edwin-drood
Apollo,Mr. Sapsea,1883,mystery-of-edwin-drood
Mr.,Datchery,1884,mystery-of-edwin-drood
Mr.,Mr. Sapsea,1884,mystery-of-edwin-drood
Mr.,Durdles,1884,mystery-of-edwin-drood
Mr.,Mr. Sapsea,1884,mystery-of-edwin-drood
Datchery,Mr.,1884,mystery-of-edwin-drood
Datchery,Mr. Sapsea,1884,mystery-of-edwin-drood
Datchery,Durdles,1884,mystery-of-edwin-drood
Datchery,Mr. Sapsea,1884,mystery-of-edwin-drood
Mr. Sapsea,Mr.,1884,mystery-of-edwin-drood
Mr. Sapsea,Datchery,1884,mystery-of-edwin-drood
Mr. Sapsea,Durdles,1884,mystery-of-edwin-drood
Durdles,Mr.,1884,mystery-of-edwin-drood
Durdles,Datchery,1884,mystery-of-edwin-drood
Durdles,Mr. Sapsea,1884,mystery-of-edwin-drood
Durdles,Mr. Sapsea,1884,mystery-of-edwin-drood
Mr. Sapsea,Mr.,1884,mystery-of-edwin-drood
Mr. Sapsea,Datchery,1884,mystery-of-edwin-drood
Mr. Sapsea,Durdles,1884,mystery-of-edwin-drood
Durdles,Mr. Datchery,1885,mystery-of-edwin-drood
Mr. Datchery,Durdles,1885,mystery-of-edwin-drood
Mr. Durdles,Mr. Datchery,1887,mystery-of-edwin-drood
Mr. Datchery,Mr. Durdles,1887,mystery-of-edwin-drood
Cloisterham,Aukshneer,1891,mystery-of-edwin-drood
Aukshneer,Cloisterham,1891,mystery-of-edwin-drood
Mr. Durdles,Mr. Sapsea,1892,mystery-of-edwin-drood
Mr. Durdles,Durdles,1892,mystery-of-edwin-drood
Mr. Durdles,Mr. Datchery,1892,mystery-of-edwin-drood
Mr. Sapsea,Mr. Durdles,1892,mystery-of-edwin-drood
Mr. Sapsea,Durdles,1892,mystery-of-edwin-drood
Mr. Sapsea,Mr. Durdles,1892,mystery-of-edwin-drood
Mr. Sapsea,Mr. Datchery,1892,mystery-of-edwin-drood
Durdles,Mr. Durdles,1892,mystery-of-edwin-drood
Durdles,Mr. Sapsea,1892,mystery-of-edwin-drood
Durdles,Mr. Durdles,1892,mystery-of-edwin-drood
Durdles,Mr. Datchery,1892,mystery-of-edwin-drood
Mr. Durdles,Mr. Sapsea,1892,mystery-of-edwin-drood
Mr. Durdles,Durdles,1892,mystery-of-edwin-drood
Mr. Durdles,Mr. Datchery,1892,mystery-of-edwin-drood
Mr. Datchery,Mr. Durdles,1892,mystery-of-edwin-drood
Mr. Datchery,Mr. Sapsea,1892,mystery-of-edwin-drood
Mr. Datchery,Durdles,1892,mystery-of-edwin-drood
Mr. Datchery,Mr. Durdles,1892,mystery-of-edwin-drood
Helena Landless,Rosa,1902,mystery-of-edwin-drood
Rosa,Helena Landless,1902,mystery-of-edwin-drood
Rosa,Mr. Jasper,1904,mystery-of-edwin-drood
Mr. Jasper,Rosa,1904,mystery-of-edwin-drood
Helena Landless,Miss Twinkleton,1905,mystery-of-edwin-drood
Miss Twinkleton,Helena Landless,1905,mystery-of-edwin-drood
Rosa,Hells,1938,mystery-of-edwin-drood
Hells,Rosa,1938,mystery-of-edwin-drood
Mr. Landless,Mr. Crisparkle,1953,mystery-of-edwin-drood
Mr. Crisparkle,Mr. Landless,1953,mystery-of-edwin-drood
Rosa,Jasper,1983,mystery-of-edwin-drood
Jasper,Rosa,1983,mystery-of-edwin-drood
Helena,Mr. Crisparkle,1985,mystery-of-edwin-drood
Helena,Afraid,1985,mystery-of-edwin-drood
Helena,Mr. Crisparkle,1985,mystery-of-edwin-drood
Helena,Afraid,1985,mystery-of-edwin-drood
Mr. Crisparkle,Helena,1985,mystery-of-edwin-drood
Mr. Crisparkle,Helena,1985,mystery-of-edwin-drood
Mr. Crisparkle,Helena,1985,mystery-of-edwin-drood
Mr. Crisparkle,Afraid,1985,mystery-of-edwin-drood
Helena,Mr. Crisparkle,1985,mystery-of-edwin-drood
Helena,Afraid,1985,mystery-of-edwin-drood
Afraid,Helena,1985,mystery-of-edwin-drood
Afraid,Helena,1985,mystery-of-edwin-drood
Afraid,Mr. Crisparkle,1985,mystery-of-edwin-drood
Afraid,Helena,1985,mystery-of-edwin-drood
Miss Twinkleton,Joe,1991,mystery-of-edwin-drood
Joe,Miss Twinkleton,1991,mystery-of-edwin-drood
Rosa,Mr. Grewgious,1995,mystery-of-edwin-drood
Mr. Grewgious,Rosa,1995,mystery-of-edwin-drood
Hiram Grewgious,Esquire,1996,mystery-of-edwin-drood
Hiram Grewgious,Staple Inn,1996,mystery-of-edwin-drood
Esquire,Hiram Grewgious,1996,mystery-of-edwin-drood
Esquire,Staple Inn,1996,mystery-of-edwin-drood
Staple Inn,Hiram Grewgious,1996,mystery-of-edwin-drood
Staple Inn,Esquire,1996,mystery-of-edwin-drood
Rosa,Good Heaven,2003,mystery-of-edwin-drood
Good Heaven,Rosa,2003,mystery-of-edwin-drood
Mr. Grewgious,Came,2007,mystery-of-edwin-drood
Came,Mr. Grewgious,2007,mystery-of-edwin-drood
Rosa,Mr. Grewgious,2021,mystery-of-edwin-drood
Rosa,Furnival,2021,mystery-of-edwin-drood
Mr. Grewgious,Rosa,2021,mystery-of-edwin-drood
Mr. Grewgious,Furnival,2021,mystery-of-edwin-drood
Furnival,Rosa,2021,mystery-of-edwin-drood
Furnival,Mr. Grewgious,2021,mystery-of-edwin-drood
Mr. Grewgious,Ahem,2027,mystery-of-edwin-drood
Ahem,Mr. Grewgious,2027,mystery-of-edwin-drood
Always,Bazzard,2031,mystery-of-edwin-drood
Bazzard,Always,2031,mystery-of-edwin-drood
Misplaced,Mr. Grewgious,2037,mystery-of-edwin-drood
Mr. Grewgious,Misplaced,2037,mystery-of-edwin-drood
Mr.,Grewgious,2040,mystery-of-edwin-drood
Mr.,Rosa,2040,mystery-of-edwin-drood
Mr.,Mr. Grewgious,2040,mystery-of-edwin-drood
Grewgious,Mr.,2040,mystery-of-edwin-drood
Grewgious,Rosa,2040,mystery-of-edwin-drood
Grewgious,Mr. Grewgious,2040,mystery-of-edwin-drood
Rosa,Mr.,2040,mystery-of-edwin-drood
Rosa,Grewgious,2040,mystery-of-edwin-drood
Rosa,Mr. Grewgious,2040,mystery-of-edwin-drood
Mr. Grewgious,Mr.,2040,mystery-of-edwin-drood
Mr. Grewgious,Grewgious,2040,mystery-of-edwin-drood
Mr. Grewgious,Rosa,2040,mystery-of-edwin-drood
Mr. Grewgious,Bazzard,2051,mystery-of-edwin-drood
Bazzard,Mr. Grewgious,2051,mystery-of-edwin-drood
Mr.,Grewgious,2052,mystery-of-edwin-drood
Grewgious,Mr.,2052,mystery-of-edwin-drood
Mr. Grewgious,Let,2054,mystery-of-edwin-drood
Mr. Grewgious,Mr. Bazzard,2054,mystery-of-edwin-drood
Let,Mr. Grewgious,2054,mystery-of-edwin-drood
Let,Mr. Bazzard,2054,mystery-of-edwin-drood
Mr. Bazzard,Mr. Grewgious,2054,mystery-of-edwin-drood
Mr. Bazzard,Let,2054,mystery-of-edwin-drood
Mr. Grewgious,Mr. Bazzard,2056,mystery-of-edwin-drood
Mr. Grewgious,Mr. Bazzard,2056,mystery-of-edwin-drood
Mr. Grewgious,Mr. Bazzard,2056,mystery-of-edwin-drood
Mr. Bazzard,Mr. Grewgious,2056,mystery-of-edwin-drood
Mr. Bazzard,Mr. Grewgious,2056,mystery-of-edwin-drood
Mr. Bazzard,Mr. Grewgious,2056,mystery-of-edwin-drood
Which,Mr. Bazzard,2060,mystery-of-edwin-drood
Which,Mr. Grewgious,2060,mystery-of-edwin-drood
Mr. Bazzard,Which,2060,mystery-of-edwin-drood
Mr. Bazzard,Mr. Grewgious,2060,mystery-of-edwin-drood
Mr. Grewgious,Which,2060,mystery-of-edwin-drood
Mr. Grewgious,Mr. Bazzard,2060,mystery-of-edwin-drood
Mr. Grewgious,Mr. Bazzard,2062,mystery-of-edwin-drood
Mr. Bazzard,Mr. Grewgious,2062,mystery-of-edwin-drood
Mr. Grewgious,Rosa,2065,mystery-of-edwin-drood
Rosa,Mr. Grewgious,2065,mystery-of-edwin-drood
Mr. Grewgious,Furnival,2069,mystery-of-edwin-drood
Furnival,Mr. Grewgious,2069,mystery-of-edwin-drood
Mr. Grewgious,Furnival,2075,mystery-of-edwin-drood
Furnival,Mr. Grewgious,2075,mystery-of-edwin-drood
Mr. Grewgious,Mr. Crisparkle,2078,mystery-of-edwin-drood
Mr. Crisparkle,Mr. Grewgious,2078,mystery-of-edwin-drood
Rosa,Minor Canon Corner,2080,mystery-of-edwin-drood
Minor Canon Corner,Rosa,2080,mystery-of-edwin-drood
Mr. Crisparkle,Mr. Grewgious,2082,mystery-of-edwin-drood
Mr. Grewgious,Mr. Crisparkle,2082,mystery-of-edwin-drood
Rosa,Helena,2083,mystery-of-edwin-drood
Helena,Rosa,2083,mystery-of-edwin-drood
Mr. Crisparkle,Mr. Grewgious,2084,mystery-of-edwin-drood
Mr. Grewgious,Mr. Crisparkle,2084,mystery-of-edwin-drood
Miss Rosa,Mr. Crisparkle,2092,mystery-of-edwin-drood
Mr. Crisparkle,Miss Rosa,2092,mystery-of-edwin-drood
Mr. Crisparkle,Tartar,2098,mystery-of-edwin-drood
Tartar,Mr. Crisparkle,2098,mystery-of-edwin-drood
Imagine,Mr. Crisparkle,2107,mystery-of-edwin-drood
Imagine,Miss Rosa Bud,2107,mystery-of-edwin-drood
Imagine,Mr. Grewgious,2107,mystery-of-edwin-drood
Imagine,Mr. Tartar,2107,mystery-of-edwin-drood
Mr. Crisparkle,Imagine,2107,mystery-of-edwin-drood
Mr. Crisparkle,Miss Rosa Bud,2107,mystery-of-edwin-drood
Mr. Crisparkle,Mr. Grewgious,2107,mystery-of-edwin-drood
Mr. Crisparkle,Mr. Tartar,2107,mystery-of-edwin-drood
Miss Rosa Bud,Imagine,2107,mystery-of-edwin-drood
Miss Rosa Bud,Mr. Crisparkle,2107,mystery-of-edwin-drood
Miss Rosa Bud,Mr. Grewgious,2107,mystery-of-edwin-drood
Miss Rosa Bud,Mr. Tartar,2107,mystery-of-edwin-drood
Mr. Grewgious,Imagine,2107,mystery-of-edwin-drood
Mr. Grewgious,Mr. Crisparkle,2107,mystery-of-edwin-drood
Mr. Grewgious,Miss Rosa Bud,2107,mystery-of-edwin-drood
Mr. Grewgious,Mr. Tartar,2107,mystery-of-edwin-drood
Mr. Tartar,Imagine,2107,mystery-of-edwin-drood
Mr. Tartar,Mr. Crisparkle,2107,mystery-of-edwin-drood
Mr. Tartar,Miss Rosa Bud,2107,mystery-of-edwin-drood
Mr. Tartar,Mr. Grewgious,2107,mystery-of-edwin-drood
Hem,Mr. Grewgious,2109,mystery-of-edwin-drood
Mr. Grewgious,Hem,2109,mystery-of-edwin-drood
Heaven,Rosa,2111,mystery-of-edwin-drood
Rosa,Heaven,2111,mystery-of-edwin-drood
Mr. Grewgious,Mr. Tartar,2112,mystery-of-edwin-drood
Mr. Tartar,Mr. Grewgious,2112,mystery-of-edwin-drood
Mr. Grewgious,Tick,2114,mystery-of-edwin-drood
Mr. Grewgious,Mr. Tartar,2114,mystery-of-edwin-drood
Tick,Mr. Grewgious,2114,mystery-of-edwin-drood
Tick,Mr. Tartar,2114,mystery-of-edwin-drood
Mr. Tartar,Mr. Grewgious,2114,mystery-of-edwin-drood
Mr. Tartar,Tick,2114,mystery-of-edwin-drood
Tick,Mr. Grewgious,2116,mystery-of-edwin-drood
Mr. Grewgious,Tick,2116,mystery-of-edwin-drood
Tick,Mr. Grewgious,2118,mystery-of-edwin-drood
Tick,Mr. Tartar,2118,mystery-of-edwin-drood
Mr. Grewgious,Tick,2118,mystery-of-edwin-drood
Mr. Grewgious,Mr. Tartar,2118,mystery-of-edwin-drood
Mr. Tartar,Tick,2118,mystery-of-edwin-drood
Mr. Tartar,Mr. Grewgious,2118,mystery-of-edwin-drood
Mr. Tartar,Mr. Grewgious,2121,mystery-of-edwin-drood
Mr. Grewgious,Mr. Tartar,2121,mystery-of-edwin-drood
Mr. Neville,Miss Helena,2122,mystery-of-edwin-drood
Mr. Neville,Miss Rosa,2122,mystery-of-edwin-drood
Mr. Neville,Miss Helena,2122,mystery-of-edwin-drood
Mr. Neville,Miss Helena,2122,mystery-of-edwin-drood
Mr. Neville,Miss Rosa,2122,mystery-of-edwin-drood
Miss Helena,Mr. Neville,2122,mystery-of-edwin-drood
Miss Helena,Miss Rosa,2122,mystery-of-edwin-drood
Miss Helena,Miss Rosa,2122,mystery-of-edwin-drood
Miss Rosa,Mr. Neville,2122,mystery-of-edwin-drood
Miss Rosa,Miss Helena,2122,mystery-of-edwin-drood
Miss Rosa,Miss Helena,2122,mystery-of-edwin-drood
Miss Rosa,Miss Helena,2122,mystery-of-edwin-drood
Miss Helena,Mr. Neville,2122,mystery-of-edwin-drood
Miss Helena,Miss Rosa,2122,mystery-of-edwin-drood
Miss Helena,Miss Rosa,2122,mystery-of-edwin-drood
Miss Helena,Mr. Neville,2122,mystery-of-edwin-drood
Miss Helena,Miss Rosa,2122,mystery-of-edwin-drood
Miss Helena,Miss Rosa,2122,mystery-of-edwin-drood
Miss Rosa,Mr. Neville,2122,mystery-of-edwin-drood
Miss Rosa,Miss Helena,2122,mystery-of-edwin-drood
Miss Rosa,Miss Helena,2122,mystery-of-edwin-drood
Miss Rosa,Miss Helena,2122,mystery-of-edwin-drood
Mr. Grewgious,Mr. Neville,2125,mystery-of-edwin-drood
Mr. Neville,Mr. Grewgious,2125,mystery-of-edwin-drood
Rosa,Mr. Tartar,2129,mystery-of-edwin-drood
Mr. Tartar,Rosa,2129,mystery-of-edwin-drood
Mr. Crisparkle,Mr. Tartar,2130,mystery-of-edwin-drood
Mr. Crisparkle,Mr. Grewgious,2130,mystery-of-edwin-drood
Mr. Crisparkle,Mr. Tartar,2130,mystery-of-edwin-drood
Mr. Crisparkle,Mr. Tartar,2130,mystery-of-edwin-drood
Mr. Crisparkle,Miss Helena,2130,mystery-of-edwin-drood
Mr. Crisparkle,Miss Helena,2130,mystery-of-edwin-drood
Mr. Tartar,Mr. Crisparkle,2130,mystery-of-edwin-drood
Mr. Tartar,Mr. Grewgious,2130,mystery-of-edwin-drood
Mr. Tartar,Miss Helena,2130,mystery-of-edwin-drood
Mr. Tartar,Miss Helena,2130,mystery-of-edwin-drood
Mr. Grewgious,Mr. Crisparkle,2130,mystery-of-edwin-drood
Mr. Grewgious,Mr. Tartar,2130,mystery-of-edwin-drood
Mr. Grewgious,Mr. Tartar,2130,mystery-of-edwin-drood
Mr. Grewgious,Mr. Tartar,2130,mystery-of-edwin-drood
Mr. Grewgious,Miss Helena,2130,mystery-of-edwin-drood
Mr. Grewgious,Miss Helena,2130,mystery-of-edwin-drood
Mr. Tartar,Mr. Crisparkle,2130,mystery-of-edwin-drood
Mr. Tartar,Mr. Grewgious,2130,mystery-of-edwin-drood
Mr. Tartar,Miss Helena,2130,mystery-of-edwin-drood
Mr. Tartar,Miss Helena,2130,mystery-of-edwin-drood
Mr. Tartar,Mr. Crisparkle,2130,mystery-of-edwin-drood
Mr. Tartar,Mr. Grewgious,2130,mystery-of-edwin-drood
Mr. Tartar,Miss Helena,2130,mystery-of-edwin-drood
Mr. Tartar,Miss Helena,2130,mystery-of-edwin-drood
Miss Helena,Mr. Crisparkle,2130,mystery-of-edwin-drood
Miss Helena,Mr. Tartar,2130,mystery-of-edwin-drood
Miss Helena,Mr. Grewgious,2130,mystery-of-edwin-drood
Miss Helena,Mr. Tartar,2130,mystery-of-edwin-drood
Miss Helena,Mr. Tartar,2130,mystery-of-edwin-drood
Miss Helena,Mr. Crisparkle,2130,mystery-of-edwin-drood
Miss Helena,Mr. Tartar,2130,mystery-of-edwin-drood
Miss Helena,Mr. Grewgious,2130,mystery-of-edwin-drood
Miss Helena,Mr. Tartar,2130,mystery-of-edwin-drood
Miss Helena,Mr. Tartar,2130,mystery-of-edwin-drood
Rosa,Mr. Tartar,2133,mystery-of-edwin-drood
Rosa,Mr. Tartar,2133,mystery-of-edwin-drood
Mr. Tartar,Rosa,2133,mystery-of-edwin-drood
Mr. Tartar,Rosa,2133,mystery-of-edwin-drood
Mr. Grewgious,Mr. Crisparkle,2135,mystery-of-edwin-drood
Mr. Grewgious,Mr. Tartar,2135,mystery-of-edwin-drood
Mr. Grewgious,Mr. Crisparkle,2135,mystery-of-edwin-drood
Mr. Grewgious,Mr. Tartar,2135,mystery-of-edwin-drood
Mr. Crisparkle,Mr. Grewgious,2135,mystery-of-edwin-drood
Mr. Crisparkle,Mr. Grewgious,2135,mystery-of-edwin-drood
Mr. Crisparkle,Mr. Tartar,2135,mystery-of-edwin-drood
Mr. Tartar,Mr. Grewgious,2135,mystery-of-edwin-drood
Mr. Tartar,Mr. Grewgious,2135,mystery-of-edwin-drood
Mr. Tartar,Mr. Crisparkle,2135,mystery-of-edwin-drood
Mr.,Tartar,2136,mystery-of-edwin-drood
Mr.,Mr. Crisparkle,2136,mystery-of-edwin-drood
Tartar,Mr.,2136,mystery-of-edwin-drood
Tartar,Mr. Crisparkle,2136,mystery-of-edwin-drood
Mr. Crisparkle,Mr.,2136,mystery-of-edwin-drood
Mr. Crisparkle,Tartar,2136,mystery-of-edwin-drood
Mr.,Tartar,2138,mystery-of-edwin-drood
Tartar,Mr.,2138,mystery-of-edwin-drood
Mr. Crisparkle,Rosa,2139,mystery-of-edwin-drood
Rosa,Mr. Crisparkle,2139,mystery-of-edwin-drood
Mr.,Tartar,2140,mystery-of-edwin-drood
Tartar,Mr.,2140,mystery-of-edwin-drood
Mr.,Tartar,2148,mystery-of-edwin-drood
Mr.,Mr. Tartar,2148,mystery-of-edwin-drood
Mr.,Mr. Tartar,2148,mystery-of-edwin-drood
Mr.,Mr. Tartar,2148,mystery-of-edwin-drood
Mr.,Shelf,2148,mystery-of-edwin-drood
Mr.,Stuffed,2148,mystery-of-edwin-drood
Mr.,Paint,2148,mystery-of-edwin-drood
Mr.,Mr. Tartar,2148,mystery-of-edwin-drood
Mr.,Mr. Tartar,2148,mystery-of-edwin-drood
Mr.,Mr. Tartar,2148,mystery-of-edwin-drood
Tartar,Mr.,2148,mystery-of-edwin-drood
Tartar,Mr. Tartar,2148,mystery-of-edwin-drood
Tartar,Mr. Tartar,2148,mystery-of-edwin-drood
Tartar,Mr. Tartar,2148,mystery-of-edwin-drood
Tartar,Shelf,2148,mystery-of-edwin-drood
Tartar,Stuffed,2148,mystery-of-edwin-drood
Tartar,Paint,2148,mystery-of-edwin-drood
Tartar,Mr. Tartar,2148,mystery-of-edwin-drood
Tartar,Mr. Tartar,2148,mystery-of-edwin-drood
Tartar,Mr. Tartar,2148,mystery-of-edwin-drood
Mr. Tartar,Mr.,2148,mystery-of-edwin-drood
Mr. Tartar,Tartar,2148,mystery-of-edwin-drood
Mr. Tartar,Shelf,2148,mystery-of-edwin-drood
Mr. Tartar,Stuffed,2148,mystery-of-edwin-drood
Mr. Tartar,Paint,2148,mystery-of-edwin-drood
Mr. Tartar,Mr.,2148,mystery-of-edwin-drood
Mr. Tartar,Tartar,2148,mystery-of-edwin-drood
Mr. Tartar,Shelf,2148,mystery-of-edwin-drood
Mr. Tartar,Stuffed,2148,mystery-of-edwin-drood
Mr. Tartar,Paint,2148,mystery-of-edwin-drood
Mr. Tartar,Mr.,2148,mystery-of-edwin-drood
Mr. Tartar,Tartar,2148,mystery-of-edwin-drood
Mr. Tartar,Shelf,2148,mystery-of-edwin-drood
Mr. Tartar,Stuffed,2148,mystery-of-edwin-drood
Mr. Tartar,Paint,2148,mystery-of-edwin-drood
Shelf,Mr.,2148,mystery-of-edwin-drood
Shelf,Tartar,2148,mystery-of-edwin-drood
Shelf,Mr. Tartar,2148,mystery-of-edwin-drood
Shelf,Mr. Tartar,2148,mystery-of-edwin-drood
Shelf,Mr. Tartar,2148,mystery-of-edwin-drood
Shelf,Stuffed,2148,mystery-of-edwin-drood
Shelf,Paint,2148,mystery-of-edwin-drood
Shelf,Mr. Tartar,2148,mystery-of-edwin-drood
Shelf,Mr. Tartar,2148,mystery-of-edwin-drood
Shelf,Mr. Tartar,2148,mystery-of-edwin-drood
Stuffed,Mr.,2148,mystery-of-edwin-drood
Stuffed,Tartar,2148,mystery-of-edwin-drood
Stuffed,Mr. Tartar,2148,mystery-of-edwin-drood
Stuffed,Mr. Tartar,2148,mystery-of-edwin-drood
Stuffed,Mr. Tartar,2148,mystery-of-edwin-drood
Stuffed,Shelf,2148,mystery-of-edwin-drood
Stuffed,Paint,2148,mystery-of-edwin-drood
Stuffed,Mr. Tartar,2148,mystery-of-edwin-drood
Stuffed,Mr. Tartar,2148,mystery-of-edwin-drood
Stuffed,Mr. Tartar,2148,mystery-of-edwin-drood
Paint,Mr.,2148,mystery-of-edwin-drood
Paint,Tartar,2148,mystery-of-edwin-drood
Paint,Mr. Tartar,2148,mystery-of-edwin-drood
Paint,Mr. Tartar,2148,mystery-of-edwin-drood
Paint,Mr. Tartar,2148,mystery-of-edwin-drood
Paint,Shelf,2148,mystery-of-edwin-drood
Paint,Stuffed,2148,mystery-of-edwin-drood
Paint,Mr. Tartar,2148,mystery-of-edwin-drood
Paint,Mr. Tartar,2148,mystery-of-edwin-drood
Paint,Mr. Tartar,2148,mystery-of-edwin-drood
Mr. Tartar,Mr.,2148,mystery-of-edwin-drood
Mr. Tartar,Tartar,2148,mystery-of-edwin-drood
Mr. Tartar,Shelf,2148,mystery-of-edwin-drood
Mr. Tartar,Stuffed,2148,mystery-of-edwin-drood
Mr. Tartar,Paint,2148,mystery-of-edwin-drood
Mr. Tartar,Mr.,2148,mystery-of-edwin-drood
Mr. Tartar,Tartar,2148,mystery-of-edwin-drood
Mr. Tartar,Shelf,2148,mystery-of-edwin-drood
Mr. Tartar,Stuffed,2148,mystery-of-edwin-drood
Mr. Tartar,Paint,2148,mystery-of-edwin-drood
Mr. Tartar,Mr.,2148,mystery-of-edwin-drood
Mr. Tartar,Tartar,2148,mystery-of-edwin-drood
Mr. Tartar,Shelf,2148,mystery-of-edwin-drood
Mr. Tartar,Stuffed,2148,mystery-of-edwin-drood
Mr. Tartar,Paint,2148,mystery-of-edwin-drood
Mr.,Rosa,2149,mystery-of-edwin-drood
Mr.,Mr. Tartar,2149,mystery-of-edwin-drood
Mr.,Rosa,2149,mystery-of-edwin-drood
Mr.,Mr. Crisparkle,2149,mystery-of-edwin-drood
Rosa,Mr.,2149,mystery-of-edwin-drood
Rosa,Mr. Tartar,2149,mystery-of-edwin-drood
Rosa,Mr. Crisparkle,2149,mystery-of-edwin-drood
Mr. Tartar,Mr.,2149,mystery-of-edwin-drood
Mr. Tartar,Rosa,2149,mystery-of-edwin-drood
Mr. Tartar,Rosa,2149,mystery-of-edwin-drood
Mr. Tartar,Mr. Crisparkle,2149,mystery-of-edwin-drood
Rosa,Mr.,2149,mystery-of-edwin-drood
Rosa,Mr. Tartar,2149,mystery-of-edwin-drood
Rosa,Mr. Crisparkle,2149,mystery-of-edwin-drood
Mr. Crisparkle,Mr.,2149,mystery-of-edwin-drood
Mr. Crisparkle,Rosa,2149,mystery-of-edwin-drood
Mr. Crisparkle,Mr. Tartar,2149,mystery-of-edwin-drood
Mr. Crisparkle,Rosa,2149,mystery-of-edwin-drood
Mr. Crisparkle,Rosa,2158,mystery-of-edwin-drood
Rosa,Mr. Crisparkle,2158,mystery-of-edwin-drood
Mr. Crisparkle,Helena,2159,mystery-of-edwin-drood
Helena,Mr. Crisparkle,2159,mystery-of-edwin-drood
Mr. Crisparkle,Rosa,2163,mystery-of-edwin-drood
Mr. Crisparkle,Mr. Tartar,2163,mystery-of-edwin-drood
Mr. Crisparkle,Mr. Tartar,2163,mystery-of-edwin-drood
Rosa,Mr. Crisparkle,2163,mystery-of-edwin-drood
Rosa,Mr. Tartar,2163,mystery-of-edwin-drood
Rosa,Mr. Tartar,2163,mystery-of-edwin-drood
Mr. Tartar,Mr. Crisparkle,2163,mystery-of-edwin-drood
Mr. Tartar,Rosa,2163,mystery-of-edwin-drood
Mr. Tartar,Mr. Crisparkle,2163,mystery-of-edwin-drood
Mr. Tartar,Rosa,2163,mystery-of-edwin-drood
Helena,Rosa,2171,mystery-of-edwin-drood
Rosa,Helena,2171,mystery-of-edwin-drood
Helena,Ask Mr. Crisparkle,2173,mystery-of-edwin-drood
Helena,Neville,2173,mystery-of-edwin-drood
Ask Mr. Crisparkle,Helena,2173,mystery-of-edwin-drood
Ask Mr. Crisparkle,Neville,2173,mystery-of-edwin-drood
Neville,Helena,2173,mystery-of-edwin-drood
Neville,Ask Mr. Crisparkle,2173,mystery-of-edwin-drood
Rosa,Helena,2174,mystery-of-edwin-drood
Helena,Rosa,2174,mystery-of-edwin-drood
Helena,Rosa,2175,mystery-of-edwin-drood
Rosa,Helena,2175,mystery-of-edwin-drood
Mr. Grewgious,Helena,2176,mystery-of-edwin-drood
Mr. Grewgious,John Jasper,2176,mystery-of-edwin-drood
Helena,Mr. Grewgious,2176,mystery-of-edwin-drood
Helena,Mr. Grewgious,2176,mystery-of-edwin-drood
Helena,John Jasper,2176,mystery-of-edwin-drood
Mr. Grewgious,Helena,2176,mystery-of-edwin-drood
Mr. Grewgious,John Jasper,2176,mystery-of-edwin-drood
John Jasper,Mr. Grewgious,2176,mystery-of-edwin-drood
John Jasper,Helena,2176,mystery-of-edwin-drood
John Jasper,Mr. Grewgious,2176,mystery-of-edwin-drood
Mr. Tartar,Rosa,2178,mystery-of-edwin-drood
Rosa,Mr. Tartar,2178,mystery-of-edwin-drood
Rosa,Mr. Crisparkle,2179,mystery-of-edwin-drood
Rosa,Helena,2179,mystery-of-edwin-drood
Rosa,Mr. Crisparkle,2179,mystery-of-edwin-drood
Rosa,Helena,2179,mystery-of-edwin-drood
Mr. Crisparkle,Rosa,2179,mystery-of-edwin-drood
Mr. Crisparkle,Rosa,2179,mystery-of-edwin-drood
Mr. Crisparkle,Helena,2179,mystery-of-edwin-drood
Helena,Rosa,2179,mystery-of-edwin-drood
Helena,Rosa,2179,mystery-of-edwin-drood
Helena,Mr. Crisparkle,2179,mystery-of-edwin-drood
Helena,Mr. Tartar,2180,mystery-of-edwin-drood
Mr. Tartar,Helena,2180,mystery-of-edwin-drood
Neville,Helena,2182,mystery-of-edwin-drood
Neville,Mr. Tartar,2182,mystery-of-edwin-drood
Neville,Mr. Tartar,2182,mystery-of-edwin-drood
Helena,Neville,2182,mystery-of-edwin-drood
Helena,Mr. Tartar,2182,mystery-of-edwin-drood
Helena,Mr. Tartar,2182,mystery-of-edwin-drood
Mr. Tartar,Neville,2182,mystery-of-edwin-drood
Mr. Tartar,Helena,2182,mystery-of-edwin-drood
Mr. Tartar,Neville,2182,mystery-of-edwin-drood
Mr. Tartar,Helena,2182,mystery-of-edwin-drood
Mr. Crisparkle,Mr. Tartar,2184,mystery-of-edwin-drood
Mr. Crisparkle,Mr.,2184,mystery-of-edwin-drood
Mr. Crisparkle,Rosa,2184,mystery-of-edwin-drood
Mr. Crisparkle,Mr. Tartar,2184,mystery-of-edwin-drood
Mr. Crisparkle,Mr.,2184,mystery-of-edwin-drood
Mr. Crisparkle,Rosa,2184,mystery-of-edwin-drood
Mr. Tartar,Mr. Crisparkle,2184,mystery-of-edwin-drood
Mr. Tartar,Mr. Crisparkle,2184,mystery-of-edwin-drood
Mr. Tartar,Mr.,2184,mystery-of-edwin-drood
Mr. Tartar,Rosa,2184,mystery-of-edwin-drood
Mr.,Mr. Crisparkle,2184,mystery-of-edwin-drood
Mr.,Mr. Crisparkle,2184,mystery-of-edwin-drood
Mr.,Mr. Tartar,2184,mystery-of-edwin-drood
Mr.,Rosa,2184,mystery-of-edwin-drood
Rosa,Mr. Crisparkle,2184,mystery-of-edwin-drood
Rosa,Mr. Crisparkle,2184,mystery-of-edwin-drood
Rosa,Mr. Tartar,2184,mystery-of-edwin-drood
Rosa,Mr.,2184,mystery-of-edwin-drood
Helena,Pray,2185,mystery-of-edwin-drood
Pray,Helena,2185,mystery-of-edwin-drood
Rosa,Mr. Tartar,2186,mystery-of-edwin-drood
Rosa,Helena,2186,mystery-of-edwin-drood
Mr. Tartar,Rosa,2186,mystery-of-edwin-drood
Mr. Tartar,Helena,2186,mystery-of-edwin-drood
Helena,Rosa,2186,mystery-of-edwin-drood
Helena,Mr. Tartar,2186,mystery-of-edwin-drood
Helena,Neville,2187,mystery-of-edwin-drood
Neville,Helena,2187,mystery-of-edwin-drood
Miss Twinkleton,Rosa,2188,mystery-of-edwin-drood
Rosa,Miss Twinkleton,2188,mystery-of-edwin-drood
Rosa,Don,2192,mystery-of-edwin-drood
Don,Rosa,2192,mystery-of-edwin-drood
Mr. Tartar,Helena,2194,mystery-of-edwin-drood
Helena,Mr. Tartar,2194,mystery-of-edwin-drood
Rosa,Helena,2195,mystery-of-edwin-drood
Helena,Rosa,2195,mystery-of-edwin-drood
Mr. Tartar,Cabin,2201,mystery-of-edwin-drood
Mr. Tartar,Rosa,2201,mystery-of-edwin-drood
Cabin,Mr. Tartar,2201,mystery-of-edwin-drood
Cabin,Mr. Tartar,2201,mystery-of-edwin-drood
Cabin,Rosa,2201,mystery-of-edwin-drood
Mr. Tartar,Cabin,2201,mystery-of-edwin-drood
Mr. Tartar,Rosa,2201,mystery-of-edwin-drood
Rosa,Mr. Tartar,2201,mystery-of-edwin-drood
Rosa,Cabin,2201,mystery-of-edwin-drood
Rosa,Mr. Tartar,2201,mystery-of-edwin-drood
Mr. Grewgious,Miss Twinkleton,2204,mystery-of-edwin-drood
Mr. Grewgious,Miss Twinkleton,2204,mystery-of-edwin-drood
Miss Twinkleton,Mr. Grewgious,2204,mystery-of-edwin-drood
Miss Twinkleton,Mr. Grewgious,2204,mystery-of-edwin-drood
Mr. Grewgious,Mr. Crisparkle,2210,mystery-of-edwin-drood
Mr. Grewgious,Miss Twinkleton,2210,mystery-of-edwin-drood
Mr. Crisparkle,Mr. Grewgious,2210,mystery-of-edwin-drood
Mr. Crisparkle,Miss Twinkleton,2210,mystery-of-edwin-drood
Miss Twinkleton,Mr. Grewgious,2210,mystery-of-edwin-drood
Miss Twinkleton,Mr. Crisparkle,2210,mystery-of-edwin-drood
Mr.,Mr. Grewgious,2211,mystery-of-edwin-drood
Mr. Grewgious,Mr.,2211,mystery-of-edwin-drood
Mr. Grewgious,Mr. Bazzard,2212,mystery-of-edwin-drood
Mr. Bazzard,Mr. Grewgious,2212,mystery-of-edwin-drood
Grewgious,Billickin,2218,mystery-of-edwin-drood
Billickin,Grewgious,2218,mystery-of-edwin-drood
Mr. Grewgious,Billickin,2220,mystery-of-edwin-drood
Billickin,Mr. Grewgious,2220,mystery-of-edwin-drood
Billickin,Rosa,2221,mystery-of-edwin-drood
Rosa,Billickin,2221,mystery-of-edwin-drood
Mr.,Rosa,2222,mystery-of-edwin-drood
Mr.,Billickin,2222,mystery-of-edwin-drood
Rosa,Mr.,2222,mystery-of-edwin-drood
Rosa,Billickin,2222,mystery-of-edwin-drood
Billickin,Mr.,2222,mystery-of-edwin-drood
Billickin,Rosa,2222,mystery-of-edwin-drood
Grewgious,Billickin,2224,mystery-of-edwin-drood
Grewgious,Billickin,2224,mystery-of-edwin-drood
Grewgious,Mr. Grewgious,2224,mystery-of-edwin-drood
Grewgious,Billickin,2224,mystery-of-edwin-drood
Grewgious,Billickin,2224,mystery-of-edwin-drood
Billickin,Grewgious,2224,mystery-of-edwin-drood
Billickin,Mr. Grewgious,2224,mystery-of-edwin-drood
Billickin,Grewgious,2224,mystery-of-edwin-drood
Billickin,Mr. Grewgious,2224,mystery-of-edwin-drood
Mr. Grewgious,Grewgious,2224,mystery-of-edwin-drood
Mr. Grewgious,Billickin,2224,mystery-of-edwin-drood
Mr. Grewgious,Billickin,2224,mystery-of-edwin-drood
Mr. Grewgious,Billickin,2224,mystery-of-edwin-drood
Mr. Grewgious,Billickin,2224,mystery-of-edwin-drood
Billickin,Grewgious,2224,mystery-of-edwin-drood
Billickin,Mr. Grewgious,2224,mystery-of-edwin-drood
Billickin,Grewgious,2224,mystery-of-edwin-drood
Billickin,Mr. Grewgious,2224,mystery-of-edwin-drood
Mr.,Grewgious,2225,mystery-of-edwin-drood
Grewgious,Mr.,2225,mystery-of-edwin-drood
Grewgious,Billickin,2227,mystery-of-edwin-drood
Billickin,Grewgious,2227,mystery-of-edwin-drood
Grewgious,Billickin,2229,mystery-of-edwin-drood
Grewgious,Billickin,2229,mystery-of-edwin-drood
Grewgious,Rosa,2229,mystery-of-edwin-drood
Billickin,Grewgious,2229,mystery-of-edwin-drood
Billickin,Rosa,2229,mystery-of-edwin-drood
Billickin,Grewgious,2229,mystery-of-edwin-drood
Billickin,Rosa,2229,mystery-of-edwin-drood
Rosa,Grewgious,2229,mystery-of-edwin-drood
Rosa,Billickin,2229,mystery-of-edwin-drood
Rosa,Billickin,2229,mystery-of-edwin-drood
Billickin,Rosa,2230,mystery-of-edwin-drood
Rosa,Billickin,2230,mystery-of-edwin-drood
Grewgious,Billickin,2232,mystery-of-edwin-drood
Billickin,Grewgious,2232,mystery-of-edwin-drood
Grewgious,Billickin,2235,mystery-of-edwin-drood
Billickin,Grewgious,2235,mystery-of-edwin-drood
Mr. Grewgious,Rosa,2238,mystery-of-edwin-drood
Mr. Grewgious,Billickin,2238,mystery-of-edwin-drood
Rosa,Mr. Grewgious,2238,mystery-of-edwin-drood
Rosa,Billickin,2238,mystery-of-edwin-drood
Billickin,Mr. Grewgious,2238,mystery-of-edwin-drood
Billickin,Rosa,2238,mystery-of-edwin-drood
Billickin,Bond Street,2239,mystery-of-edwin-drood
Billickin,James,2239,mystery-of-edwin-drood
Bond Street,Billickin,2239,mystery-of-edwin-drood
Bond Street,James,2239,mystery-of-edwin-drood
James,Billickin,2239,mystery-of-edwin-drood
James,Bond Street,2239,mystery-of-edwin-drood
Mr.,Grewgious,2242,mystery-of-edwin-drood
Grewgious,Mr.,2242,mystery-of-edwin-drood
Mr.,Grewgious,2244,mystery-of-edwin-drood
Grewgious,Mr.,2244,mystery-of-edwin-drood
Mr. Grewgious,Billickin,2245,mystery-of-edwin-drood
Mr. Grewgious,Billickin,2245,mystery-of-edwin-drood
Mr. Grewgious,Miss,2245,mystery-of-edwin-drood
Mr. Grewgious,Billickin,2245,mystery-of-edwin-drood
Billickin,Mr. Grewgious,2245,mystery-of-edwin-drood
Billickin,Miss,2245,mystery-of-edwin-drood
Billickin,Mr. Grewgious,2245,mystery-of-edwin-drood
Billickin,Miss,2245,mystery-of-edwin-drood
Miss,Mr. Grewgious,2245,mystery-of-edwin-drood
Miss,Billickin,2245,mystery-of-edwin-drood
Miss,Billickin,2245,mystery-of-edwin-drood
Miss,Billickin,2245,mystery-of-edwin-drood
Billickin,Mr. Grewgious,2245,mystery-of-edwin-drood
Billickin,Miss,2245,mystery-of-edwin-drood
Miss Twinkleton,Rosa,2247,mystery-of-edwin-drood
Miss Twinkleton,Furnival,2247,mystery-of-edwin-drood
Miss Twinkleton,Inn,2247,mystery-of-edwin-drood
Rosa,Miss Twinkleton,2247,mystery-of-edwin-drood
Rosa,Furnival,2247,mystery-of-edwin-drood
Rosa,Inn,2247,mystery-of-edwin-drood
Furnival,Miss Twinkleton,2247,mystery-of-edwin-drood
Furnival,Rosa,2247,mystery-of-edwin-drood
Furnival,Inn,2247,mystery-of-edwin-drood
Inn,Miss Twinkleton,2247,mystery-of-edwin-drood
Inn,Rosa,2247,mystery-of-edwin-drood
Inn,Furnival,2247,mystery-of-edwin-drood
Behold,Mr. Tartar,2248,mystery-of-edwin-drood
Behold,Furnival,2248,mystery-of-edwin-drood
Behold,Inn,2248,mystery-of-edwin-drood
Mr. Tartar,Behold,2248,mystery-of-edwin-drood
Mr. Tartar,Furnival,2248,mystery-of-edwin-drood
Mr. Tartar,Inn,2248,mystery-of-edwin-drood
Furnival,Behold,2248,mystery-of-edwin-drood
Furnival,Mr. Tartar,2248,mystery-of-edwin-drood
Furnival,Inn,2248,mystery-of-edwin-drood
Inn,Behold,2248,mystery-of-edwin-drood
Inn,Mr. Tartar,2248,mystery-of-edwin-drood
Inn,Furnival,2248,mystery-of-edwin-drood
Mr. Tartar,Lobley,2252,mystery-of-edwin-drood
Mr. Tartar,Rosa,2252,mystery-of-edwin-drood
Mr. Tartar,Mr. Grewgious,2252,mystery-of-edwin-drood
Mr. Tartar,Mr. Lobley,2252,mystery-of-edwin-drood
Mr. Tartar,Rosa,2252,mystery-of-edwin-drood
Mr. Tartar,Mr. Grewgious,2252,mystery-of-edwin-drood
Mr. Tartar,Mr. Lobley,2252,mystery-of-edwin-drood
Mr. Tartar,Lobley,2252,mystery-of-edwin-drood
Mr. Tartar,Rosa,2252,mystery-of-edwin-drood
Mr. Tartar,Mr. Grewgious,2252,mystery-of-edwin-drood
Mr. Tartar,Mr. Lobley,2252,mystery-of-edwin-drood
Mr. Tartar,Rosa,2252,mystery-of-edwin-drood
Mr. Tartar,Mr. Grewgious,2252,mystery-of-edwin-drood
Mr. Tartar,Mr. Lobley,2252,mystery-of-edwin-drood
Mr. Tartar,Lobley,2252,mystery-of-edwin-drood
Mr. Tartar,Rosa,2252,mystery-of-edwin-drood
Mr. Tartar,Mr. Grewgious,2252,mystery-of-edwin-drood
Mr. Tartar,Mr. Lobley,2252,mystery-of-edwin-drood
Mr. Tartar,Rosa,2252,mystery-of-edwin-drood
Mr. Tartar,Mr. Grewgious,2252,mystery-of-edwin-drood
Mr. Tartar,Mr. Lobley,2252,mystery-of-edwin-drood
Mr. Tartar,Lobley,2252,mystery-of-edwin-drood
Mr. Tartar,Rosa,2252,mystery-of-edwin-drood
Mr. Tartar,Mr. Grewgious,2252,mystery-of-edwin-drood
Mr. Tartar,Mr. Lobley,2252,mystery-of-edwin-drood
Mr. Tartar,Rosa,2252,mystery-of-edwin-drood
Mr. Tartar,Mr. Grewgious,2252,mystery-of-edwin-drood
Mr. Tartar,Mr. Lobley,2252,mystery-of-edwin-drood
Mr. Tartar,Lobley,2252,mystery-of-edwin-drood
Mr. Tartar,Rosa,2252,mystery-of-edwin-drood
Mr. Tartar,Mr. Grewgious,2252,mystery-of-edwin-drood
Mr. Tartar,Mr. Lobley,2252,mystery-of-edwin-drood
Mr. Tartar,Rosa,2252,mystery-of-edwin-drood
Mr. Tartar,Mr. Grewgious,2252,mystery-of-edwin-drood
Mr. Tartar,Mr. Lobley,2252,mystery-of-edwin-drood
Lobley,Mr. Tartar,2252,mystery-of-edwin-drood
Lobley,Mr. Tartar,2252,mystery-of-edwin-drood
Lobley,Mr. Tartar,2252,mystery-of-edwin-drood
Lobley,Mr. Tartar,2252,mystery-of-edwin-drood
Lobley,Mr. Tartar,2252,mystery-of-edwin-drood
Lobley,Mr. Tartar,2252,mystery-of-edwin-drood
Lobley,Mr. Tartar,2252,mystery-of-edwin-drood
Lobley,Rosa,2252,mystery-of-edwin-drood
Lobley,Mr. Grewgious,2252,mystery-of-edwin-drood
Lobley,Mr. Tartar,2252,mystery-of-edwin-drood
Lobley,Mr. Lobley,2252,mystery-of-edwin-drood
Lobley,Rosa,2252,mystery-of-edwin-drood
Lobley,Mr. Grewgious,2252,mystery-of-edwin-drood
Lobley,Mr. Lobley,2252,mystery-of-edwin-drood
Mr. Tartar,Lobley,2252,mystery-of-edwin-drood
Mr. Tartar,Rosa,2252,mystery-of-edwin-drood
Mr. Tartar,Mr. Grewgious,2252,mystery-of-edwin-drood
Mr. Tartar,Mr. Lobley,2252,mystery-of-edwin-drood
Mr. Tartar,Rosa,2252,mystery-of-edwin-drood
Mr. Tartar,Mr. Grewgious,2252,mystery-of-edwin-drood
Mr. Tartar,Mr. Lobley,2252,mystery-of-edwin-drood
Mr. Tartar,Lobley,2252,mystery-of-edwin-drood
Mr. Tartar,Rosa,2252,mystery-of-edwin-drood
Mr. Tartar,Mr. Grewgious,2252,mystery-of-edwin-drood
Mr. Tartar,Mr. Lobley,2252,mystery-of-edwin-drood
Mr. Tartar,Rosa,2252,mystery-of-edwin-drood
Mr. Tartar,Mr. Grewgious,2252,mystery-of-edwin-drood
Mr. Tartar,Mr. Lobley,2252,mystery-of-edwin-drood
Rosa,Mr. Tartar,2252,mystery-of-edwin-drood
Rosa,Mr. Tartar,2252,mystery-of-edwin-drood
Rosa,Mr. Tartar,2252,mystery-of-edwin-drood
Rosa,Mr. Tartar,2252,mystery-of-edwin-drood
Rosa,Mr. Tartar,2252,mystery-of-edwin-drood
Rosa,Lobley,2252,mystery-of-edwin-drood
Rosa,Mr. Tartar,2252,mystery-of-edwin-drood
Rosa,Mr. Tartar,2252,mystery-of-edwin-drood
Rosa,Mr. Grewgious,2252,mystery-of-edwin-drood
Rosa,Mr. Tartar,2252,mystery-of-edwin-drood
Rosa,Mr. Lobley,2252,mystery-of-edwin-drood
Rosa,Mr. Grewgious,2252,mystery-of-edwin-drood
Rosa,Mr. Lobley,2252,mystery-of-edwin-drood
Mr. Grewgious,Mr. Tartar,2252,mystery-of-edwin-drood
Mr. Grewgious,Mr. Tartar,2252,mystery-of-edwin-drood
Mr. Grewgious,Mr. Tartar,2252,mystery-of-edwin-drood
Mr. Grewgious,Mr. Tartar,2252,mystery-of-edwin-drood
Mr. Grewgious,Mr. Tartar,2252,mystery-of-edwin-drood
Mr. Grewgious,Lobley,2252,mystery-of-edwin-drood
Mr. Grewgious,Mr. Tartar,2252,mystery-of-edwin-drood
Mr. Grewgious,Mr. Tartar,2252,mystery-of-edwin-drood
Mr. Grewgious,Rosa,2252,mystery-of-edwin-drood
Mr. Grewgious,Mr. Tartar,2252,mystery-of-edwin-drood
Mr. Grewgious,Mr. Lobley,2252,mystery-of-edwin-drood
Mr. Grewgious,Rosa,2252,mystery-of-edwin-drood
Mr. Grewgious,Mr. Lobley,2252,mystery-of-edwin-drood
Mr. Tartar,Lobley,2252,mystery-of-edwin-drood
Mr. Tartar,Rosa,2252,mystery-of-edwin-drood
Mr. Tartar,Mr. Grewgious,2252,mystery-of-edwin-drood
Mr. Tartar,Mr. Lobley,2252,mystery-of-edwin-drood
Mr. Tartar,Rosa,2252,mystery-of-edwin-drood
Mr. Tartar,Mr. Grewgious,2252,mystery-of-edwin-drood
Mr. Tartar,Mr. Lobley,2252,mystery-of-edwin-drood
Mr. Lobley,Mr. Tartar,2252,mystery-of-edwin-drood
Mr. Lobley,Mr. Tartar,2252,mystery-of-edwin-drood
Mr. Lobley,Mr. Tartar,2252,mystery-of-edwin-drood
Mr. Lobley,Mr. Tartar,2252,mystery-of-edwin-drood
Mr. Lobley,Mr. Tartar,2252,mystery-of-edwin-drood
Mr. Lobley,Lobley,2252,mystery-of-edwin-drood
Mr. Lobley,Mr. Tartar,2252,mystery-of-edwin-drood
Mr. Lobley,Mr. Tartar,2252,mystery-of-edwin-drood
Mr. Lobley,Rosa,2252,mystery-of-edwin-drood
Mr. Lobley,Mr. Grewgious,2252,mystery-of-edwin-drood
Mr. Lobley,Mr. Tartar,2252,mystery-of-edwin-drood
Mr. Lobley,Rosa,2252,mystery-of-edwin-drood
Mr. Lobley,Mr. Grewgious,2252,mystery-of-edwin-drood
Rosa,Mr. Tartar,2252,mystery-of-edwin-drood
Rosa,Mr. Tartar,2252,mystery-of-edwin-drood
Rosa,Mr. Tartar,2252,mystery-of-edwin-drood
Rosa,Mr. Tartar,2252,mystery-of-edwin-drood
Rosa,Mr. Tartar,2252,mystery-of-edwin-drood
Rosa,Lobley,2252,mystery-of-edwin-drood
Rosa,Mr. Tartar,2252,mystery-of-edwin-drood
Rosa,Mr. Tartar,2252,mystery-of-edwin-drood
Rosa,Mr. Grewgious,2252,mystery-of-edwin-drood
Rosa,Mr. Tartar,2252,mystery-of-edwin-drood
Rosa,Mr. Lobley,2252,mystery-of-edwin-drood
Rosa,Mr. Grewgious,2252,mystery-of-edwin-drood
Rosa,Mr. Lobley,2252,mystery-of-edwin-drood
Mr. Grewgious,Mr. Tartar,2252,mystery-of-edwin-drood
Mr. Grewgious,Mr. Tartar,2252,mystery-of-edwin-drood
Mr. Grewgious,Mr. Tartar,2252,mystery-of-edwin-drood
Mr. Grewgious,Mr. Tartar,2252,mystery-of-edwin-drood
Mr. Grewgious,Mr. Tartar,2252,mystery-of-edwin-drood
Mr. Grewgious,Lobley,2252,mystery-of-edwin-drood
Mr. Grewgious,Mr. Tartar,2252,mystery-of-edwin-drood
Mr. Grewgious,Mr. Tartar,2252,mystery-of-edwin-drood
Mr. Grewgious,Rosa,2252,mystery-of-edwin-drood
Mr. Grewgious,Mr. Tartar,2252,mystery-of-edwin-drood
Mr. Grewgious,Mr. Lobley,2252,mystery-of-edwin-drood
Mr. Grewgious,Rosa,2252,mystery-of-edwin-drood
Mr. Grewgious,Mr. Lobley,2252,mystery-of-edwin-drood
Mr. Lobley,Mr. Tartar,2252,mystery-of-edwin-drood
Mr. Lobley,Mr. Tartar,2252,mystery-of-edwin-drood
Mr. Lobley,Mr. Tartar,2252,mystery-of-edwin-drood
Mr. Lobley,Mr. Tartar,2252,mystery-of-edwin-drood
Mr. Lobley,Mr. Tartar,2252,mystery-of-edwin-drood
Mr. Lobley,Lobley,2252,mystery-of-edwin-drood
Mr. Lobley,Mr. Tartar,2252,mystery-of-edwin-drood
Mr. Lobley,Mr. Tartar,2252,mystery-of-edwin-drood
Mr. Lobley,Rosa,2252,mystery-of-edwin-drood
Mr. Lobley,Mr. Grewgious,2252,mystery-of-edwin-drood
Mr. Lobley,Mr. Tartar,2252,mystery-of-edwin-drood
Mr. Lobley,Rosa,2252,mystery-of-edwin-drood
Mr. Lobley,Mr. Grewgious,2252,mystery-of-edwin-drood
Rosa,Miss Twinkleton,2255,mystery-of-edwin-drood
Rosa,Miss Twinkleton,2255,mystery-of-edwin-drood
Rosa,Miss Twinkleton,2255,mystery-of-edwin-drood
Rosa,War,2255,mystery-of-edwin-drood
Miss Twinkleton,Rosa,2255,mystery-of-edwin-drood
Miss Twinkleton,War,2255,mystery-of-edwin-drood
Miss Twinkleton,Rosa,2255,mystery-of-edwin-drood
Miss Twinkleton,War,2255,mystery-of-edwin-drood
Miss Twinkleton,Rosa,2255,mystery-of-edwin-drood
Miss Twinkleton,War,2255,mystery-of-edwin-drood
War,Rosa,2255,mystery-of-edwin-drood
War,Miss Twinkleton,2255,mystery-of-edwin-drood
War,Miss Twinkleton,2255,mystery-of-edwin-drood
War,Miss Twinkleton,2255,mystery-of-edwin-drood
Miss,Twinkleton,2256,mystery-of-edwin-drood
Miss,Miss Twinkleton,2256,mystery-of-edwin-drood
Miss,Stateliness,2256,mystery-of-edwin-drood
Miss,Miss Twinkleton,2256,mystery-of-edwin-drood
Twinkleton,Miss,2256,mystery-of-edwin-drood
Twinkleton,Miss Twinkleton,2256,mystery-of-edwin-drood
Twinkleton,Stateliness,2256,mystery-of-edwin-drood
Twinkleton,Miss Twinkleton,2256,mystery-of-edwin-drood
Miss Twinkleton,Miss,2256,mystery-of-edwin-drood
Miss Twinkleton,Twinkleton,2256,mystery-of-edwin-drood
Miss Twinkleton,Stateliness,2256,mystery-of-edwin-drood
Stateliness,Miss,2256,mystery-of-edwin-drood
Stateliness,Twinkleton,2256,mystery-of-edwin-drood
Stateliness,Miss Twinkleton,2256,mystery-of-edwin-drood
Stateliness,Miss Twinkleton,2256,mystery-of-edwin-drood
Miss Twinkleton,Miss,2256,mystery-of-edwin-drood
Miss Twinkleton,Twinkleton,2256,mystery-of-edwin-drood
Miss Twinkleton,Stateliness,2256,mystery-of-edwin-drood
Billickin,Miss Twinkleton,2261,mystery-of-edwin-drood
Billickin,Miss Twinkleton,2261,mystery-of-edwin-drood
Billickin,Rosa,2261,mystery-of-edwin-drood
Miss Twinkleton,Billickin,2261,mystery-of-edwin-drood
Miss Twinkleton,Rosa,2261,mystery-of-edwin-drood
Miss Twinkleton,Billickin,2261,mystery-of-edwin-drood
Miss Twinkleton,Rosa,2261,mystery-of-edwin-drood
Rosa,Billickin,2261,mystery-of-edwin-drood
Rosa,Miss Twinkleton,2261,mystery-of-edwin-drood
Rosa,Miss Twinkleton,2261,mystery-of-edwin-drood
Miss,Billickin,2262,mystery-of-edwin-drood
Billickin,Miss,2262,mystery-of-edwin-drood
Accustomed,Miss Twinkleton,2265,mystery-of-edwin-drood
Accustomed,Billickin,2265,mystery-of-edwin-drood
Miss Twinkleton,Accustomed,2265,mystery-of-edwin-drood
Miss Twinkleton,Billickin,2265,mystery-of-edwin-drood
Billickin,Accustomed,2265,mystery-of-edwin-drood
Billickin,Miss Twinkleton,2265,mystery-of-edwin-drood
Very,Miss Twinkleton,2270,mystery-of-edwin-drood
Miss Twinkleton,Very,2270,mystery-of-edwin-drood
Hem,Miss Twinkleton,2279,mystery-of-edwin-drood
Miss Twinkleton,Hem,2279,mystery-of-edwin-drood
Rosa,Miss Twinkleton,2280,mystery-of-edwin-drood
Miss Twinkleton,Rosa,2280,mystery-of-edwin-drood
Rosa,Miss Twinkleton,2282,mystery-of-edwin-drood
Miss Twinkleton,Rosa,2282,mystery-of-edwin-drood
Rosa,Miss Twinkleton,2284,mystery-of-edwin-drood
Miss Twinkleton,Rosa,2284,mystery-of-edwin-drood
Miss,Rosa,2289,mystery-of-edwin-drood
Rosa,Miss,2289,mystery-of-edwin-drood
London,Miss Twinkleton,2291,mystery-of-edwin-drood
London,Miss Twinkleton,2291,mystery-of-edwin-drood
London,Rosa,2291,mystery-of-edwin-drood
London,Miss Twinkleton,2291,mystery-of-edwin-drood
London,Edward,2291,mystery-of-edwin-drood
London,Twinkleton,2291,mystery-of-edwin-drood
London,Edward,2291,mystery-of-edwin-drood
Miss Twinkleton,London,2291,mystery-of-edwin-drood
Miss Twinkleton,Rosa,2291,mystery-of-edwin-drood
Miss Twinkleton,Edward,2291,mystery-of-edwin-drood
Miss Twinkleton,Twinkleton,2291,mystery-of-edwin-drood
Miss Twinkleton,Edward,2291,mystery-of-edwin-drood
Miss Twinkleton,London,2291,mystery-of-edwin-drood
Miss Twinkleton,Rosa,2291,mystery-of-edwin-drood
Miss Twinkleton,Edward,2291,mystery-of-edwin-drood
Miss Twinkleton,Twinkleton,2291,mystery-of-edwin-drood
Miss Twinkleton,Edward,2291,mystery-of-edwin-drood
Rosa,London,2291,mystery-of-edwin-drood
Rosa,Miss Twinkleton,2291,mystery-of-edwin-drood
Rosa,Miss Twinkleton,2291,mystery-of-edwin-drood
Rosa,Miss Twinkleton,2291,mystery-of-edwin-drood
Rosa,Edward,2291,mystery-of-edwin-drood
Rosa,Twinkleton,2291,mystery-of-edwin-drood
Rosa,Edward,2291,mystery-of-edwin-drood
Miss Twinkleton,London,2291,mystery-of-edwin-drood
Miss Twinkleton,Rosa,2291,mystery-of-edwin-drood
Miss Twinkleton,Edward,2291,mystery-of-edwin-drood
Miss Twinkleton,Twinkleton,2291,mystery-of-edwin-drood
Miss Twinkleton,Edward,2291,mystery-of-edwin-drood
Edward,London,2291,mystery-of-edwin-drood
Edward,Miss Twinkleton,2291,mystery-of-edwin-drood
Edward,Miss Twinkleton,2291,mystery-of-edwin-drood
Edward,Rosa,2291,mystery-of-edwin-drood
Edward,Miss Twinkleton,2291,mystery-of-edwin-drood
Edward,Twinkleton,2291,mystery-of-edwin-drood
Twinkleton,London,2291,mystery-of-edwin-drood
Twinkleton,Miss Twinkleton,2291,mystery-of-edwin-drood
Twinkleton,Miss Twinkleton,2291,mystery-of-edwin-drood
Twinkleton,Rosa,2291,mystery-of-edwin-drood
Twinkleton,Miss Twinkleton,2291,mystery-of-edwin-drood
Twinkleton,Edward,2291,mystery-of-edwin-drood
Twinkleton,Edward,2291,mystery-of-edwin-drood
Edward,London,2291,mystery-of-edwin-drood
Edward,Miss Twinkleton,2291,mystery-of-edwin-drood
Edward,Miss Twinkleton,2291,mystery-of-edwin-drood
Edward,Rosa,2291,mystery-of-edwin-drood
Edward,Miss Twinkleton,2291,mystery-of-edwin-drood
Edward,Twinkleton,2291,mystery-of-edwin-drood
Miss Twinkleton,Rosa,2292,mystery-of-edwin-drood
Rosa,Miss Twinkleton,2292,mystery-of-edwin-drood
Mr. Crisparkle,John Jasper,2295,mystery-of-edwin-drood
Mr. Crisparkle,Edwin Drood,2295,mystery-of-edwin-drood
Mr. Crisparkle,Jasper,2295,mystery-of-edwin-drood
Mr. Crisparkle,Jasper,2295,mystery-of-edwin-drood
Mr. Crisparkle,Neville Landless,2295,mystery-of-edwin-drood
John Jasper,Mr. Crisparkle,2295,mystery-of-edwin-drood
John Jasper,Edwin Drood,2295,mystery-of-edwin-drood
John Jasper,Jasper,2295,mystery-of-edwin-drood
John Jasper,Jasper,2295,mystery-of-edwin-drood
John Jasper,Neville Landless,2295,mystery-of-edwin-drood
John Jasper,Mr. Crisparkle,2295,mystery-of-edwin-drood
Edwin Drood,Mr. Crisparkle,2295,mystery-of-edwin-drood
Edwin Drood,John Jasper,2295,mystery-of-edwin-drood
Edwin Drood,Jasper,2295,mystery-of-edwin-drood
Edwin Drood,Jasper,2295,mystery-of-edwin-drood
Edwin Drood,Neville Landless,2295,mystery-of-edwin-drood
Edwin Drood,Mr. Crisparkle,2295,mystery-of-edwin-drood
Jasper,Mr. Crisparkle,2295,mystery-of-edwin-drood
Jasper,John Jasper,2295,mystery-of-edwin-drood
Jasper,Edwin Drood,2295,mystery-of-edwin-drood
Jasper,Neville Landless,2295,mystery-of-edwin-drood
Jasper,Mr. Crisparkle,2295,mystery-of-edwin-drood
Jasper,Mr. Crisparkle,2295,mystery-of-edwin-drood
Jasper,John Jasper,2295,mystery-of-edwin-drood
Jasper,Edwin Drood,2295,mystery-of-edwin-drood
Jasper,Neville Landless,2295,mystery-of-edwin-drood
Jasper,Mr. Crisparkle,2295,mystery-of-edwin-drood
Neville Landless,Mr. Crisparkle,2295,mystery-of-edwin-drood
Neville Landless,John Jasper,2295,mystery-of-edwin-drood
Neville Landless,Edwin Drood,2295,mystery-of-edwin-drood
Neville Landless,Jasper,2295,mystery-of-edwin-drood
Neville Landless,Jasper,2295,mystery-of-edwin-drood
Neville Landless,Mr. Crisparkle,2295,mystery-of-edwin-drood
Mr. Crisparkle,John Jasper,2295,mystery-of-edwin-drood
Mr. Crisparkle,Edwin Drood,2295,mystery-of-edwin-drood
Mr. Crisparkle,Jasper,2295,mystery-of-edwin-drood
Mr. Crisparkle,Jasper,2295,mystery-of-edwin-drood
Mr. Crisparkle,Neville Landless,2295,mystery-of-edwin-drood
Rosa,Mr. Crisparkle,2297,mystery-of-edwin-drood
Rosa,Mr. Crisparkle,2297,mystery-of-edwin-drood
Mr. Crisparkle,Rosa,2297,mystery-of-edwin-drood
Mr. Crisparkle,Rosa,2297,mystery-of-edwin-drood
Mr. Crisparkle,Rosa,2297,mystery-of-edwin-drood
Mr. Crisparkle,Rosa,2297,mystery-of-edwin-drood
Rosa,Mr. Crisparkle,2297,mystery-of-edwin-drood
Rosa,Mr. Crisparkle,2297,mystery-of-edwin-drood
Rosa,Mr. Crisparkle,2298,mystery-of-edwin-drood
Rosa,Helena,2298,mystery-of-edwin-drood
Rosa,Neville,2298,mystery-of-edwin-drood
Rosa,Mr. Grewgious,2298,mystery-of-edwin-drood
Mr. Crisparkle,Rosa,2298,mystery-of-edwin-drood
Mr. Crisparkle,Helena,2298,mystery-of-edwin-drood
Mr. Crisparkle,Neville,2298,mystery-of-edwin-drood
Mr. Crisparkle,Mr. Grewgious,2298,mystery-of-edwin-drood
Helena,Rosa,2298,mystery-of-edwin-drood
Helena,Mr. Crisparkle,2298,mystery-of-edwin-drood
Helena,Neville,2298,mystery-of-edwin-drood
Helena,Mr. Grewgious,2298,mystery-of-edwin-drood
Neville,Rosa,2298,mystery-of-edwin-drood
Neville,Mr. Crisparkle,2298,mystery-of-edwin-drood
Neville,Helena,2298,mystery-of-edwin-drood
Neville,Mr. Grewgious,2298,mystery-of-edwin-drood
Mr. Grewgious,Rosa,2298,mystery-of-edwin-drood
Mr. Grewgious,Mr. Crisparkle,2298,mystery-of-edwin-drood
Mr. Grewgious,Helena,2298,mystery-of-edwin-drood
Mr. Grewgious,Neville,2298,mystery-of-edwin-drood
Drowsy,John Jasper,2299,mystery-of-edwin-drood
Drowsy,Jasper,2299,mystery-of-edwin-drood
John Jasper,Drowsy,2299,mystery-of-edwin-drood
John Jasper,Jasper,2299,mystery-of-edwin-drood
Jasper,Drowsy,2299,mystery-of-edwin-drood
Jasper,John Jasper,2299,mystery-of-edwin-drood
John,Mr. John Jasper,2420,mystery-of-edwin-drood
Mr. John Jasper,John,2420,mystery-of-edwin-drood
Mr. Datchery,Been,2440,mystery-of-edwin-drood
Been,Mr. Datchery,2440,mystery-of-edwin-drood
Mr. Datchery,Mightn,2445,mystery-of-edwin-drood
Mightn,Mr. Datchery,2445,mystery-of-edwin-drood
Chris,Edwin,2456,mystery-of-edwin-drood
Edwin,Chris,2456,mystery-of-edwin-drood
John,Jasper,2458,mystery-of-edwin-drood
John,Mr. Datchery,2458,mystery-of-edwin-drood
John,Mr. Datchery,2458,mystery-of-edwin-drood
Jasper,John,2458,mystery-of-edwin-drood
Jasper,Mr. Datchery,2458,mystery-of-edwin-drood
Jasper,Mr. Datchery,2458,mystery-of-edwin-drood
Mr. Datchery,John,2458,mystery-of-edwin-drood
Mr. Datchery,Jasper,2458,mystery-of-edwin-drood
Mr. Datchery,John,2458,mystery-of-edwin-drood
Mr. Datchery,Jasper,2458,mystery-of-edwin-drood
Mr.,Halloa,2461,mystery-of-edwin-drood
Mr.,Winks,2461,mystery-of-edwin-drood
Halloa,Mr.,2461,mystery-of-edwin-drood
Halloa,Winks,2461,mystery-of-edwin-drood
Winks,Mr.,2461,mystery-of-edwin-drood
Winks,Halloa,2461,mystery-of-edwin-drood
Halloa,Dick,2462,mystery-of-edwin-drood
Dick,Halloa,2462,mystery-of-edwin-drood
Puffer,Hopeum Puffer,2473,mystery-of-edwin-drood
Hopeum Puffer,Puffer,2473,mystery-of-edwin-drood
Mr. Datchery,Hum,2487,mystery-of-edwin-drood
Hum,Mr. Datchery,2487,mystery-of-edwin-drood
Mr. Tope,Minor Canon Corner,2491,mystery-of-edwin-drood
Mr. Tope,Mr. Crisparkle,2491,mystery-of-edwin-drood
Mr. Tope,John Jasper,2491,mystery-of-edwin-drood
Mr. Tope,Mr. Datchery,2491,mystery-of-edwin-drood
Mr. Tope,Her Royal,2491,mystery-of-edwin-drood
Minor Canon Corner,Mr. Tope,2491,mystery-of-edwin-drood
Minor Canon Corner,Mr. Crisparkle,2491,mystery-of-edwin-drood
Minor Canon Corner,John Jasper,2491,mystery-of-edwin-drood
Minor Canon Corner,Mr. Datchery,2491,mystery-of-edwin-drood
Minor Canon Corner,Her Royal,2491,mystery-of-edwin-drood
Mr. Crisparkle,Mr. Tope,2491,mystery-of-edwin-drood
Mr. Crisparkle,Minor Canon Corner,2491,mystery-of-edwin-drood
Mr. Crisparkle,John Jasper,2491,mystery-of-edwin-drood
Mr. Crisparkle,Mr. Datchery,2491,mystery-of-edwin-drood
Mr. Crisparkle,Her Royal,2491,mystery-of-edwin-drood
John Jasper,Mr. Tope,2491,mystery-of-edwin-drood
John Jasper,Minor Canon Corner,2491,mystery-of-edwin-drood
John Jasper,Mr. Crisparkle,2491,mystery-of-edwin-drood
John Jasper,Mr. Datchery,2491,mystery-of-edwin-drood
John Jasper,Her Royal,2491,mystery-of-edwin-drood
Mr. Datchery,Mr. Tope,2491,mystery-of-edwin-drood
Mr. Datchery,Minor Canon Corner,2491,mystery-of-edwin-drood
Mr. Datchery,Mr. Crisparkle,2491,mystery-of-edwin-drood
Mr. Datchery,John Jasper,2491,mystery-of-edwin-drood
Mr. Datchery,Her Royal,2491,mystery-of-edwin-drood
Her Royal,Mr. Tope,2491,mystery-of-edwin-drood
Her Royal,Minor Canon Corner,2491,mystery-of-edwin-drood
Her Royal,Mr. Crisparkle,2491,mystery-of-edwin-drood
Her Royal,John Jasper,2491,mystery-of-edwin-drood
Her Royal,Mr. Datchery,2491,mystery-of-edwin-drood
Mr. Datchery,Her Royal Highness,2492,mystery-of-edwin-drood
Her Royal Highness,Mr. Datchery,2492,mystery-of-edwin-drood
Her Royal Highness,Mr. Datchery,2492,mystery-of-edwin-drood
Mr. Datchery,Her Royal Highness,2492,mystery-of-edwin-drood
Mr. Tope,Deputy,2494,mystery-of-edwin-drood
Deputy,Mr. Tope,2494,mystery-of-edwin-drood
Forster,_Edwin Drood_,2503,mystery-of-edwin-drood
Forster,Dickens,2503,mystery-of-edwin-drood
_Edwin Drood_,Forster,2503,mystery-of-edwin-drood
_Edwin Drood_,Dickens,2503,mystery-of-edwin-drood
Dickens,Forster,2503,mystery-of-edwin-drood
Dickens,_Edwin Drood_,2503,mystery-of-edwin-drood
Between,Goods,2511,mystery-of-edwin-drood
Between,Young,2511,mystery-of-edwin-drood
Between,Sapsea,2511,mystery-of-edwin-drood
Between,Twinkleton,2511,mystery-of-edwin-drood
Goods,Between,2511,mystery-of-edwin-drood
Goods,Young,2511,mystery-of-edwin-drood
Goods,Sapsea,2511,mystery-of-edwin-drood
Goods,Twinkleton,2511,mystery-of-edwin-drood
Young,Between,2511,mystery-of-edwin-drood
Young,Goods,2511,mystery-of-edwin-drood
Young,Sapsea,2511,mystery-of-edwin-drood
Young,Twinkleton,2511,mystery-of-edwin-drood
Sapsea,Between,2511,mystery-of-edwin-drood
Sapsea,Goods,2511,mystery-of-edwin-drood
Sapsea,Young,2511,mystery-of-edwin-drood
Sapsea,Twinkleton,2511,mystery-of-edwin-drood
Twinkleton,Between,2511,mystery-of-edwin-drood
Twinkleton,Goods,2511,mystery-of-edwin-drood
Twinkleton,Young,2511,mystery-of-edwin-drood
Twinkleton,Sapsea,2511,mystery-of-edwin-drood
Mr. Sapsea,Kimber,2515,mystery-of-edwin-drood
Kimber,Mr. Sapsea,2515,mystery-of-edwin-drood
Idiot,Peartree,2516,mystery-of-edwin-drood
Peartree,Idiot,2516,mystery-of-edwin-drood
Kimber,_He,2523,mystery-of-edwin-drood
_He,Kimber,2523,mystery-of-edwin-drood
Pardon,Mr. Sapsea,2531,mystery-of-edwin-drood
Mr. Sapsea,Pardon,2531,mystery-of-edwin-drood
Sapsea,Poker,2533,mystery-of-edwin-drood
Poker,Sapsea,2533,mystery-of-edwin-drood
Project,Project Gutenberg,2546,mystery-of-edwin-drood
Project,Project Gutenberg,2546,mystery-of-edwin-drood
Project Gutenberg,Project,2546,mystery-of-edwin-drood
Project Gutenberg,Project,2546,mystery-of-edwin-drood
Project Gutenberg,Project,2553,mystery-of-edwin-drood
Project Gutenberg,Project,2553,mystery-of-edwin-drood
Project,Project Gutenberg,2553,mystery-of-edwin-drood
Project,Project Gutenberg,2553,mystery-of-edwin-drood
Project Gutenberg,Project,2554,mystery-of-edwin-drood
Project,Project Gutenberg,2554,mystery-of-edwin-drood
Vanilla ASCII,Project,2562,mystery-of-edwin-drood
Vanilla ASCII,Plain Vanilla,2562,mystery-of-edwin-drood
Project,Vanilla ASCII,2562,mystery-of-edwin-drood
Project,Plain Vanilla,2562,mystery-of-edwin-drood
Plain Vanilla,Vanilla ASCII,2562,mystery-of-edwin-drood
Plain Vanilla,Project,2562,mystery-of-edwin-drood
Project Gutenberg,Project,2568,mystery-of-edwin-drood
Project,Project Gutenberg,2568,mystery-of-edwin-drood
Salt Lake City,Email,2579,mystery-of-edwin-drood
Email,Salt Lake City,2579,mystery-of-edwin-drood
Michael S. Hart,Project,2587,mystery-of-edwin-drood
Project,Michael S. Hart,2587,mystery-of-edwin-drood
