Item1,Item2,Time,Book
Chuzzlewit,William,5,martin-chuzzlewit
William,Chuzzlewit,5,martin-chuzzlewit
Match Maker,Chuzzlewit Fawkes,8,martin-chuzzlewit
Chuzzlewit Fawkes,Match Maker,8,martin-chuzzlewit
Duke Humphrey,Grace,11,martin-chuzzlewit
Duke Humphrey,Gracious Company,11,martin-chuzzlewit
Grace,Duke Humphrey,11,martin-chuzzlewit
Grace,Duke Humphrey,11,martin-chuzzlewit
Grace,Gracious Company,11,martin-chuzzlewit
Duke Humphrey,Grace,11,martin-chuzzlewit
Duke Humphrey,Gracious Company,11,martin-chuzzlewit
Gracious Company,Duke Humphrey,11,martin-chuzzlewit
Gracious Company,Grace,11,martin-chuzzlewit
Gracious Company,Duke Humphrey,11,martin-chuzzlewit
Pecksniff,Miss Pecksniff,27,martin-chuzzlewit
Miss Pecksniff,Pecksniff,27,martin-chuzzlewit
Miss Pecksniff,Pecksniff,40,martin-chuzzlewit
Pecksniff,Miss Pecksniff,40,martin-chuzzlewit
Pecksniff,Mercy,43,martin-chuzzlewit
Pecksniff,Mercy,43,martin-chuzzlewit
Pecksniff,Nature,43,martin-chuzzlewit
Mercy,Pecksniff,43,martin-chuzzlewit
Mercy,Pecksniff,43,martin-chuzzlewit
Mercy,Nature,43,martin-chuzzlewit
Mercy,Pecksniff,43,martin-chuzzlewit
Mercy,Pecksniff,43,martin-chuzzlewit
Mercy,Nature,43,martin-chuzzlewit
Pecksniff,Mercy,43,martin-chuzzlewit
Pecksniff,Mercy,43,martin-chuzzlewit
Pecksniff,Nature,43,martin-chuzzlewit
Nature,Pecksniff,43,martin-chuzzlewit
Nature,Mercy,43,martin-chuzzlewit
Nature,Mercy,43,martin-chuzzlewit
Nature,Pecksniff,43,martin-chuzzlewit
Loss,Charity,68,martin-chuzzlewit
Charity,Loss,68,martin-chuzzlewit
Pecksniff,Cherry,69,martin-chuzzlewit
Cherry,Pecksniff,69,martin-chuzzlewit
Heaven,Pinch,77,martin-chuzzlewit
Pinch,Heaven,77,martin-chuzzlewit
Miss Charity,John Westlock,78,martin-chuzzlewit
John Westlock,Miss Charity,78,martin-chuzzlewit
Poor,Pinch,101,martin-chuzzlewit
Pinch,Poor,101,martin-chuzzlewit
Pecksniff,Sounds,106,martin-chuzzlewit
Sounds,Pecksniff,106,martin-chuzzlewit
Pinch,Half,111,martin-chuzzlewit
Half,Pinch,111,martin-chuzzlewit
Pinch,Pecksniff,114,martin-chuzzlewit
Pinch,Heaven,114,martin-chuzzlewit
Pinch,John,114,martin-chuzzlewit
Pecksniff,Pinch,114,martin-chuzzlewit
Pecksniff,Heaven,114,martin-chuzzlewit
Pecksniff,John,114,martin-chuzzlewit
Heaven,Pinch,114,martin-chuzzlewit
Heaven,Pecksniff,114,martin-chuzzlewit
Heaven,John,114,martin-chuzzlewit
John,Pinch,114,martin-chuzzlewit
John,Pecksniff,114,martin-chuzzlewit
John,Heaven,114,martin-chuzzlewit
Pinch,John,118,martin-chuzzlewit
John,Pinch,118,martin-chuzzlewit
Pinch,John,125,martin-chuzzlewit
John,Pinch,125,martin-chuzzlewit
Tom,Pecksniff,128,martin-chuzzlewit
Pecksniff,Tom,128,martin-chuzzlewit
Pecksniff,Tom,139,martin-chuzzlewit
Pecksniff,Tom,139,martin-chuzzlewit
Pecksniff,Tom,139,martin-chuzzlewit
Pecksniff,Tom,139,martin-chuzzlewit
Tom,Pecksniff,139,martin-chuzzlewit
Tom,Pecksniff,139,martin-chuzzlewit
Tom,Pecksniff,139,martin-chuzzlewit
Tom,Pecksniff,139,martin-chuzzlewit
Tom,Pecksniff,139,martin-chuzzlewit
Tom,Pecksniff,139,martin-chuzzlewit
Pecksniff,Tom,139,martin-chuzzlewit
Pecksniff,Tom,139,martin-chuzzlewit
Pecksniff,Tom,139,martin-chuzzlewit
Pecksniff,Tom,139,martin-chuzzlewit
Tom,Pecksniff,139,martin-chuzzlewit
Tom,Pecksniff,139,martin-chuzzlewit
Pecksniff,Mrs Lupin,202,martin-chuzzlewit
Mrs Lupin,Pecksniff,202,martin-chuzzlewit
Lupin,Pecksniff,206,martin-chuzzlewit
Lupin,Pecksniff,206,martin-chuzzlewit
Lupin,Mrs Lupin,206,martin-chuzzlewit
Lupin,Pecksniff,206,martin-chuzzlewit
Pecksniff,Lupin,206,martin-chuzzlewit
Pecksniff,Mrs Lupin,206,martin-chuzzlewit
Pecksniff,Lupin,206,martin-chuzzlewit
Pecksniff,Mrs Lupin,206,martin-chuzzlewit
Mrs Lupin,Lupin,206,martin-chuzzlewit
Mrs Lupin,Pecksniff,206,martin-chuzzlewit
Mrs Lupin,Pecksniff,206,martin-chuzzlewit
Mrs Lupin,Pecksniff,206,martin-chuzzlewit
Pecksniff,Lupin,206,martin-chuzzlewit
Pecksniff,Mrs Lupin,206,martin-chuzzlewit
Pecksniff,Mrs Lupin,222,martin-chuzzlewit
Mrs Lupin,Pecksniff,222,martin-chuzzlewit
Pecksniff,Lupin,226,martin-chuzzlewit
Lupin,Pecksniff,226,martin-chuzzlewit
Lupin,Pecksniff,226,martin-chuzzlewit
Pecksniff,Lupin,226,martin-chuzzlewit
Having,Pecksniff,241,martin-chuzzlewit
Having,Mrs Lupin,241,martin-chuzzlewit
Pecksniff,Having,241,martin-chuzzlewit
Pecksniff,Mrs Lupin,241,martin-chuzzlewit
Mrs Lupin,Having,241,martin-chuzzlewit
Mrs Lupin,Pecksniff,241,martin-chuzzlewit
Pecksniff,Martin Chuzzlewit,246,martin-chuzzlewit
Pecksniff,Martin Chuzzlewit,246,martin-chuzzlewit
Martin Chuzzlewit,Pecksniff,246,martin-chuzzlewit
Martin Chuzzlewit,Pecksniff,246,martin-chuzzlewit
Treachery,Brother,257,martin-chuzzlewit
Brother,Treachery,257,martin-chuzzlewit
Martin Chuzzlewit,Martin,281,martin-chuzzlewit
Martin,Martin Chuzzlewit,281,martin-chuzzlewit
Pecksniff,Saint George,285,martin-chuzzlewit
Saint George,Pecksniff,285,martin-chuzzlewit
Chevy Slyme,Esquire,298,martin-chuzzlewit
Esquire,Chevy Slyme,298,martin-chuzzlewit
Chevy Slyme,Esquire,299,martin-chuzzlewit
Esquire,Chevy Slyme,299,martin-chuzzlewit
Chevy Slyme,Sir,305,martin-chuzzlewit
Chevy Slyme,Slyme,305,martin-chuzzlewit
Chevy Slyme,Miltonic,305,martin-chuzzlewit
Chevy Slyme,Slyme,305,martin-chuzzlewit
Chevy Slyme,Slyme,305,martin-chuzzlewit
Sir,Chevy Slyme,305,martin-chuzzlewit
Sir,Slyme,305,martin-chuzzlewit
Sir,Miltonic,305,martin-chuzzlewit
Sir,Slyme,305,martin-chuzzlewit
Sir,Slyme,305,martin-chuzzlewit
Slyme,Chevy Slyme,305,martin-chuzzlewit
Slyme,Sir,305,martin-chuzzlewit
Slyme,Miltonic,305,martin-chuzzlewit
Miltonic,Chevy Slyme,305,martin-chuzzlewit
Miltonic,Sir,305,martin-chuzzlewit
Miltonic,Slyme,305,martin-chuzzlewit
Miltonic,Slyme,305,martin-chuzzlewit
Miltonic,Slyme,305,martin-chuzzlewit
Slyme,Chevy Slyme,305,martin-chuzzlewit
Slyme,Sir,305,martin-chuzzlewit
Slyme,Miltonic,305,martin-chuzzlewit
Slyme,Chevy Slyme,305,martin-chuzzlewit
Slyme,Sir,305,martin-chuzzlewit
Slyme,Miltonic,305,martin-chuzzlewit
Sir,Slyme,307,martin-chuzzlewit
Sir,Pecksniff,307,martin-chuzzlewit
Sir,Slyme,307,martin-chuzzlewit
Sir,Slyme,307,martin-chuzzlewit
Slyme,Sir,307,martin-chuzzlewit
Slyme,Pecksniff,307,martin-chuzzlewit
Pecksniff,Sir,307,martin-chuzzlewit
Pecksniff,Slyme,307,martin-chuzzlewit
Pecksniff,Slyme,307,martin-chuzzlewit
Pecksniff,Slyme,307,martin-chuzzlewit
Slyme,Sir,307,martin-chuzzlewit
Slyme,Pecksniff,307,martin-chuzzlewit
Slyme,Sir,307,martin-chuzzlewit
Slyme,Pecksniff,307,martin-chuzzlewit
Slyme,Tigg,311,martin-chuzzlewit
Tigg,Slyme,311,martin-chuzzlewit
Lucifer,Slyme,313,martin-chuzzlewit
Slyme,Lucifer,313,martin-chuzzlewit
Pecksniff,Tigg,317,martin-chuzzlewit
Pecksniff,Slyme,317,martin-chuzzlewit
Pecksniff,Tigg,317,martin-chuzzlewit
Tigg,Pecksniff,317,martin-chuzzlewit
Tigg,Slyme,317,martin-chuzzlewit
Slyme,Pecksniff,317,martin-chuzzlewit
Slyme,Tigg,317,martin-chuzzlewit
Slyme,Tigg,317,martin-chuzzlewit
Tigg,Pecksniff,317,martin-chuzzlewit
Tigg,Slyme,317,martin-chuzzlewit
Hercules,Life,318,martin-chuzzlewit
Life,Hercules,318,martin-chuzzlewit
Chuzzlewit,Pecksniff,321,martin-chuzzlewit
Chuzzlewit,Pecksniff,321,martin-chuzzlewit
Pecksniff,Chuzzlewit,321,martin-chuzzlewit
Pecksniff,Chuzzlewit,321,martin-chuzzlewit
Chuzzlewit,Pecksniff,321,martin-chuzzlewit
Chuzzlewit,Pecksniff,321,martin-chuzzlewit
Pecksniff,Chuzzlewit,321,martin-chuzzlewit
Pecksniff,Chuzzlewit,321,martin-chuzzlewit
Mrs Spottletoe,Chevy Slyme,326,martin-chuzzlewit
Mrs Spottletoe,Esquire,326,martin-chuzzlewit
Mrs Spottletoe,Chuzzlewit,326,martin-chuzzlewit
Chevy Slyme,Mrs Spottletoe,326,martin-chuzzlewit
Chevy Slyme,Esquire,326,martin-chuzzlewit
Chevy Slyme,Mrs Spottletoe,326,martin-chuzzlewit
Chevy Slyme,Chuzzlewit,326,martin-chuzzlewit
Esquire,Mrs Spottletoe,326,martin-chuzzlewit
Esquire,Chevy Slyme,326,martin-chuzzlewit
Esquire,Mrs Spottletoe,326,martin-chuzzlewit
Esquire,Chuzzlewit,326,martin-chuzzlewit
Mrs Spottletoe,Chevy Slyme,326,martin-chuzzlewit
Mrs Spottletoe,Esquire,326,martin-chuzzlewit
Mrs Spottletoe,Chuzzlewit,326,martin-chuzzlewit
Chuzzlewit,Mrs Spottletoe,326,martin-chuzzlewit
Chuzzlewit,Chevy Slyme,326,martin-chuzzlewit
Chuzzlewit,Esquire,326,martin-chuzzlewit
Chuzzlewit,Mrs Spottletoe,326,martin-chuzzlewit
Tigg,Slyme,328,martin-chuzzlewit
Tigg,Chuzzlewit,328,martin-chuzzlewit
Slyme,Tigg,328,martin-chuzzlewit
Slyme,Chuzzlewit,328,martin-chuzzlewit
Chuzzlewit,Tigg,328,martin-chuzzlewit
Chuzzlewit,Slyme,328,martin-chuzzlewit
Slyme,Seven Stars,331,martin-chuzzlewit
Slyme,Hem,331,martin-chuzzlewit
Seven Stars,Slyme,331,martin-chuzzlewit
Seven Stars,Hem,331,martin-chuzzlewit
Hem,Slyme,331,martin-chuzzlewit
Hem,Seven Stars,331,martin-chuzzlewit
Tigg,Slyme,352,martin-chuzzlewit
Slyme,Tigg,352,martin-chuzzlewit
Messrs Tigg,Slyme,353,martin-chuzzlewit
Messrs Tigg,Mrs Lupin,353,martin-chuzzlewit
Messrs Tigg,Pecksniff,353,martin-chuzzlewit
Messrs Tigg,Anthony Chuzzlewit,353,martin-chuzzlewit
Messrs Tigg,Jonas,353,martin-chuzzlewit
Messrs Tigg,Seven Stars,353,martin-chuzzlewit
Slyme,Messrs Tigg,353,martin-chuzzlewit
Slyme,Mrs Lupin,353,martin-chuzzlewit
Slyme,Pecksniff,353,martin-chuzzlewit
Slyme,Anthony Chuzzlewit,353,martin-chuzzlewit
Slyme,Jonas,353,martin-chuzzlewit
Slyme,Seven Stars,353,martin-chuzzlewit
Mrs Lupin,Messrs Tigg,353,martin-chuzzlewit
Mrs Lupin,Slyme,353,martin-chuzzlewit
Mrs Lupin,Pecksniff,353,martin-chuzzlewit
Mrs Lupin,Anthony Chuzzlewit,353,martin-chuzzlewit
Mrs Lupin,Jonas,353,martin-chuzzlewit
Mrs Lupin,Seven Stars,353,martin-chuzzlewit
Pecksniff,Messrs Tigg,353,martin-chuzzlewit
Pecksniff,Slyme,353,martin-chuzzlewit
Pecksniff,Mrs Lupin,353,martin-chuzzlewit
Pecksniff,Anthony Chuzzlewit,353,martin-chuzzlewit
Pecksniff,Jonas,353,martin-chuzzlewit
Pecksniff,Seven Stars,353,martin-chuzzlewit
Anthony Chuzzlewit,Messrs Tigg,353,martin-chuzzlewit
Anthony Chuzzlewit,Slyme,353,martin-chuzzlewit
Anthony Chuzzlewit,Mrs Lupin,353,martin-chuzzlewit
Anthony Chuzzlewit,Pecksniff,353,martin-chuzzlewit
Anthony Chuzzlewit,Jonas,353,martin-chuzzlewit
Anthony Chuzzlewit,Seven Stars,353,martin-chuzzlewit
Jonas,Messrs Tigg,353,martin-chuzzlewit
Jonas,Slyme,353,martin-chuzzlewit
Jonas,Mrs Lupin,353,martin-chuzzlewit
Jonas,Pecksniff,353,martin-chuzzlewit
Jonas,Anthony Chuzzlewit,353,martin-chuzzlewit
Jonas,Seven Stars,353,martin-chuzzlewit
Seven Stars,Messrs Tigg,353,martin-chuzzlewit
Seven Stars,Slyme,353,martin-chuzzlewit
Seven Stars,Mrs Lupin,353,martin-chuzzlewit
Seven Stars,Pecksniff,353,martin-chuzzlewit
Seven Stars,Anthony Chuzzlewit,353,martin-chuzzlewit
Seven Stars,Jonas,353,martin-chuzzlewit
Martin Chuzzlewit,Pecksniff,355,martin-chuzzlewit
Pecksniff,Martin Chuzzlewit,355,martin-chuzzlewit
Chuzzlewit,Anthony Chuzzlewit,358,martin-chuzzlewit
Chuzzlewit,Jonas,358,martin-chuzzlewit
Chuzzlewit,Martin Chuzzlewit,358,martin-chuzzlewit
Chuzzlewit,Samson,358,martin-chuzzlewit
Chuzzlewit,Martin Chuzzlewit,358,martin-chuzzlewit
Chuzzlewit,George Chuzzlewit,358,martin-chuzzlewit
Chuzzlewit,Chevy Slyme,358,martin-chuzzlewit
Chuzzlewit,Tigg,358,martin-chuzzlewit
Anthony Chuzzlewit,Chuzzlewit,358,martin-chuzzlewit
Anthony Chuzzlewit,Jonas,358,martin-chuzzlewit
Anthony Chuzzlewit,Martin Chuzzlewit,358,martin-chuzzlewit
Anthony Chuzzlewit,Samson,358,martin-chuzzlewit
Anthony Chuzzlewit,Martin Chuzzlewit,358,martin-chuzzlewit
Anthony Chuzzlewit,George Chuzzlewit,358,martin-chuzzlewit
Anthony Chuzzlewit,Chevy Slyme,358,martin-chuzzlewit
Anthony Chuzzlewit,Tigg,358,martin-chuzzlewit
Jonas,Chuzzlewit,358,martin-chuzzlewit
Jonas,Anthony Chuzzlewit,358,martin-chuzzlewit
Jonas,Martin Chuzzlewit,358,martin-chuzzlewit
Jonas,Samson,358,martin-chuzzlewit
Jonas,Martin Chuzzlewit,358,martin-chuzzlewit
Jonas,George Chuzzlewit,358,martin-chuzzlewit
Jonas,Chevy Slyme,358,martin-chuzzlewit
Jonas,Tigg,358,martin-chuzzlewit
Martin Chuzzlewit,Chuzzlewit,358,martin-chuzzlewit
Martin Chuzzlewit,Anthony Chuzzlewit,358,martin-chuzzlewit
Martin Chuzzlewit,Jonas,358,martin-chuzzlewit
Martin Chuzzlewit,Samson,358,martin-chuzzlewit
Martin Chuzzlewit,George Chuzzlewit,358,martin-chuzzlewit
Martin Chuzzlewit,Chevy Slyme,358,martin-chuzzlewit
Martin Chuzzlewit,Tigg,358,martin-chuzzlewit
Samson,Chuzzlewit,358,martin-chuzzlewit
Samson,Anthony Chuzzlewit,358,martin-chuzzlewit
Samson,Jonas,358,martin-chuzzlewit
Samson,Martin Chuzzlewit,358,martin-chuzzlewit
Samson,Martin Chuzzlewit,358,martin-chuzzlewit
Samson,George Chuzzlewit,358,martin-chuzzlewit
Samson,Chevy Slyme,358,martin-chuzzlewit
Samson,Tigg,358,martin-chuzzlewit
Martin Chuzzlewit,Chuzzlewit,358,martin-chuzzlewit
Martin Chuzzlewit,Anthony Chuzzlewit,358,martin-chuzzlewit
Martin Chuzzlewit,Jonas,358,martin-chuzzlewit
Martin Chuzzlewit,Samson,358,martin-chuzzlewit
Martin Chuzzlewit,George Chuzzlewit,358,martin-chuzzlewit
Martin Chuzzlewit,Chevy Slyme,358,martin-chuzzlewit
Martin Chuzzlewit,Tigg,358,martin-chuzzlewit
George Chuzzlewit,Chuzzlewit,358,martin-chuzzlewit
George Chuzzlewit,Anthony Chuzzlewit,358,martin-chuzzlewit
George Chuzzlewit,Jonas,358,martin-chuzzlewit
George Chuzzlewit,Martin Chuzzlewit,358,martin-chuzzlewit
George Chuzzlewit,Samson,358,martin-chuzzlewit
George Chuzzlewit,Martin Chuzzlewit,358,martin-chuzzlewit
George Chuzzlewit,Chevy Slyme,358,martin-chuzzlewit
George Chuzzlewit,Tigg,358,martin-chuzzlewit
Chevy Slyme,Chuzzlewit,358,martin-chuzzlewit
Chevy Slyme,Anthony Chuzzlewit,358,martin-chuzzlewit
Chevy Slyme,Jonas,358,martin-chuzzlewit
Chevy Slyme,Martin Chuzzlewit,358,martin-chuzzlewit
Chevy Slyme,Samson,358,martin-chuzzlewit
Chevy Slyme,Martin Chuzzlewit,358,martin-chuzzlewit
Chevy Slyme,George Chuzzlewit,358,martin-chuzzlewit
Chevy Slyme,Tigg,358,martin-chuzzlewit
Tigg,Chuzzlewit,358,martin-chuzzlewit
Tigg,Anthony Chuzzlewit,358,martin-chuzzlewit
Tigg,Jonas,358,martin-chuzzlewit
Tigg,Martin Chuzzlewit,358,martin-chuzzlewit
Tigg,Samson,358,martin-chuzzlewit
Tigg,Martin Chuzzlewit,358,martin-chuzzlewit
Tigg,George Chuzzlewit,358,martin-chuzzlewit
Tigg,Chevy Slyme,358,martin-chuzzlewit
Such,Pecksniff,359,martin-chuzzlewit
Pecksniff,Such,359,martin-chuzzlewit
Mrs Spottletoe,Pecksniff,364,martin-chuzzlewit
Pecksniff,Mrs Spottletoe,364,martin-chuzzlewit
Miss Charity Pecksniff,Mercy,366,martin-chuzzlewit
Miss Charity Pecksniff,Mrs Spottletoe,366,martin-chuzzlewit
Mercy,Miss Charity Pecksniff,366,martin-chuzzlewit
Mercy,Mrs Spottletoe,366,martin-chuzzlewit
Mrs Spottletoe,Miss Charity Pecksniff,366,martin-chuzzlewit
Mrs Spottletoe,Mercy,366,martin-chuzzlewit
Miss Chuzzlewits,Pecksniff,367,martin-chuzzlewit
Miss Chuzzlewits,George Chuzzlewit,367,martin-chuzzlewit
Pecksniff,Miss Chuzzlewits,367,martin-chuzzlewit
Pecksniff,George Chuzzlewit,367,martin-chuzzlewit
George Chuzzlewit,Miss Chuzzlewits,367,martin-chuzzlewit
George Chuzzlewit,Pecksniff,367,martin-chuzzlewit
Good Heaven,Botany Bay,380,martin-chuzzlewit
Good Heaven,Pecksniffs,380,martin-chuzzlewit
Good Heaven,Miss Chuzzlewits,380,martin-chuzzlewit
Botany Bay,Good Heaven,380,martin-chuzzlewit
Botany Bay,Pecksniffs,380,martin-chuzzlewit
Botany Bay,Miss Chuzzlewits,380,martin-chuzzlewit
Pecksniffs,Good Heaven,380,martin-chuzzlewit
Pecksniffs,Botany Bay,380,martin-chuzzlewit
Pecksniffs,Miss Chuzzlewits,380,martin-chuzzlewit
Miss Chuzzlewits,Good Heaven,380,martin-chuzzlewit
Miss Chuzzlewits,Botany Bay,380,martin-chuzzlewit
Miss Chuzzlewits,Pecksniffs,380,martin-chuzzlewit
Sirens,Chuzzlewit,389,martin-chuzzlewit
Chuzzlewit,Sirens,389,martin-chuzzlewit
Mrs Ned,George,391,martin-chuzzlewit
George,Mrs Ned,391,martin-chuzzlewit
Pinch,Salisbury,418,martin-chuzzlewit
Salisbury,Pinch,418,martin-chuzzlewit
Tom Pinch,Heaven,419,martin-chuzzlewit
Tom Pinch,Tom,419,martin-chuzzlewit
Tom Pinch,Heaven,419,martin-chuzzlewit
Tom Pinch,Tom,419,martin-chuzzlewit
Heaven,Tom Pinch,419,martin-chuzzlewit
Heaven,Tom Pinch,419,martin-chuzzlewit
Heaven,Tom,419,martin-chuzzlewit
Tom,Tom Pinch,419,martin-chuzzlewit
Tom,Tom Pinch,419,martin-chuzzlewit
Tom,Heaven,419,martin-chuzzlewit
Tom,Pinch,421,martin-chuzzlewit
Tom,Pinch,421,martin-chuzzlewit
Tom,Pinch,421,martin-chuzzlewit
Tom,Tom Pinch,421,martin-chuzzlewit
Pinch,Tom,421,martin-chuzzlewit
Pinch,Tom,421,martin-chuzzlewit
Pinch,Tom Pinch,421,martin-chuzzlewit
Pinch,Tom,421,martin-chuzzlewit
Pinch,Tom,421,martin-chuzzlewit
Pinch,Tom Pinch,421,martin-chuzzlewit
Pinch,Tom,421,martin-chuzzlewit
Pinch,Tom,421,martin-chuzzlewit
Pinch,Tom Pinch,421,martin-chuzzlewit
Tom,Pinch,421,martin-chuzzlewit
Tom,Pinch,421,martin-chuzzlewit
Tom,Pinch,421,martin-chuzzlewit
Tom,Tom Pinch,421,martin-chuzzlewit
Tom Pinch,Tom,421,martin-chuzzlewit
Tom Pinch,Pinch,421,martin-chuzzlewit
Tom Pinch,Pinch,421,martin-chuzzlewit
Tom Pinch,Pinch,421,martin-chuzzlewit
Tom Pinch,Tom,421,martin-chuzzlewit
Tom Pinch,Tom,422,martin-chuzzlewit
Tom,Tom Pinch,422,martin-chuzzlewit
Mark,Tom Pinch,425,martin-chuzzlewit
Tom Pinch,Mark,425,martin-chuzzlewit
Mark,Pinch,431,martin-chuzzlewit
Pinch,Mark,431,martin-chuzzlewit
Pinch,Mark,435,martin-chuzzlewit
Mark,Pinch,435,martin-chuzzlewit
Mrs Lupin,Mark,449,martin-chuzzlewit
Mrs Lupin,Mark,449,martin-chuzzlewit
Mark,Mrs Lupin,449,martin-chuzzlewit
Mark,Mrs Lupin,449,martin-chuzzlewit
Pinch,Mark,461,martin-chuzzlewit
Mark,Pinch,461,martin-chuzzlewit
Pinch,Mark,466,martin-chuzzlewit
Mark,Pinch,466,martin-chuzzlewit
Pinch,Salisbury,467,martin-chuzzlewit
Salisbury,Pinch,467,martin-chuzzlewit
Grove House Academy,Pecksniff,470,martin-chuzzlewit
Pecksniff,Grove House Academy,470,martin-chuzzlewit
Robinson Crusoe,Philip Quarn,471,martin-chuzzlewit
Robinson Crusoe,Abudah,471,martin-chuzzlewit
Robinson Crusoe,Arabian Nights,471,martin-chuzzlewit
Robinson Crusoe,Cassim Baba,471,martin-chuzzlewit
Robinson Crusoe,Which,471,martin-chuzzlewit
Robinson Crusoe,Pinch,471,martin-chuzzlewit
Philip Quarn,Robinson Crusoe,471,martin-chuzzlewit
Philip Quarn,Abudah,471,martin-chuzzlewit
Philip Quarn,Arabian Nights,471,martin-chuzzlewit
Philip Quarn,Cassim Baba,471,martin-chuzzlewit
Philip Quarn,Which,471,martin-chuzzlewit
Philip Quarn,Pinch,471,martin-chuzzlewit
Abudah,Robinson Crusoe,471,martin-chuzzlewit
Abudah,Philip Quarn,471,martin-chuzzlewit
Abudah,Arabian Nights,471,martin-chuzzlewit
Abudah,Cassim Baba,471,martin-chuzzlewit
Abudah,Which,471,martin-chuzzlewit
Abudah,Pinch,471,martin-chuzzlewit
Arabian Nights,Robinson Crusoe,471,martin-chuzzlewit
Arabian Nights,Philip Quarn,471,martin-chuzzlewit
Arabian Nights,Abudah,471,martin-chuzzlewit
Arabian Nights,Cassim Baba,471,martin-chuzzlewit
Arabian Nights,Which,471,martin-chuzzlewit
Arabian Nights,Pinch,471,martin-chuzzlewit
Cassim Baba,Robinson Crusoe,471,martin-chuzzlewit
Cassim Baba,Philip Quarn,471,martin-chuzzlewit
Cassim Baba,Abudah,471,martin-chuzzlewit
Cassim Baba,Arabian Nights,471,martin-chuzzlewit
Cassim Baba,Which,471,martin-chuzzlewit
Cassim Baba,Pinch,471,martin-chuzzlewit
Which,Robinson Crusoe,471,martin-chuzzlewit
Which,Philip Quarn,471,martin-chuzzlewit
Which,Abudah,471,martin-chuzzlewit
Which,Arabian Nights,471,martin-chuzzlewit
Which,Cassim Baba,471,martin-chuzzlewit
Which,Pinch,471,martin-chuzzlewit
Pinch,Robinson Crusoe,471,martin-chuzzlewit
Pinch,Philip Quarn,471,martin-chuzzlewit
Pinch,Abudah,471,martin-chuzzlewit
Pinch,Arabian Nights,471,martin-chuzzlewit
Pinch,Cassim Baba,471,martin-chuzzlewit
Pinch,Which,471,martin-chuzzlewit
Pinch,Tom,473,martin-chuzzlewit
Pinch,Tom,473,martin-chuzzlewit
Pinch,Tom,473,martin-chuzzlewit
Pinch,Tom,473,martin-chuzzlewit
Pinch,Tom,473,martin-chuzzlewit
Pinch,Tom,473,martin-chuzzlewit
Pinch,Tom,473,martin-chuzzlewit
Tom,Pinch,473,martin-chuzzlewit
Tom,Pinch,473,martin-chuzzlewit
Tom,Pinch,473,martin-chuzzlewit
Tom,Pinch,473,martin-chuzzlewit
Tom,Pinch,473,martin-chuzzlewit
Tom,Pinch,473,martin-chuzzlewit
Tom,Pinch,473,martin-chuzzlewit
Pinch,Tom,481,martin-chuzzlewit
Tom,Pinch,481,martin-chuzzlewit
Martin,Pray,488,martin-chuzzlewit
Pray,Martin,488,martin-chuzzlewit
Martin,Pinch,490,martin-chuzzlewit
Pinch,Martin,490,martin-chuzzlewit
Pinch,Martin,493,martin-chuzzlewit
Martin,Pinch,493,martin-chuzzlewit
Pinch,Chuzzlewit,508,martin-chuzzlewit
Pinch,Pecksniff,508,martin-chuzzlewit
Chuzzlewit,Pinch,508,martin-chuzzlewit
Chuzzlewit,Pecksniff,508,martin-chuzzlewit
Pecksniff,Pinch,508,martin-chuzzlewit
Pecksniff,Chuzzlewit,508,martin-chuzzlewit
Tom,Dick,510,martin-chuzzlewit
Dick,Tom,510,martin-chuzzlewit
Dick,Chuzzlewit,511,martin-chuzzlewit
Dick,Pinch,511,martin-chuzzlewit
Dick,Chuzzlewit,511,martin-chuzzlewit
Dick,Tom,511,martin-chuzzlewit
Dick,Pinch,511,martin-chuzzlewit
Chuzzlewit,Dick,511,martin-chuzzlewit
Chuzzlewit,Pinch,511,martin-chuzzlewit
Chuzzlewit,Tom,511,martin-chuzzlewit
Chuzzlewit,Pinch,511,martin-chuzzlewit
Pinch,Dick,511,martin-chuzzlewit
Pinch,Chuzzlewit,511,martin-chuzzlewit
Pinch,Chuzzlewit,511,martin-chuzzlewit
Pinch,Tom,511,martin-chuzzlewit
Chuzzlewit,Dick,511,martin-chuzzlewit
Chuzzlewit,Pinch,511,martin-chuzzlewit
Chuzzlewit,Tom,511,martin-chuzzlewit
Chuzzlewit,Pinch,511,martin-chuzzlewit
Tom,Dick,511,martin-chuzzlewit
Tom,Chuzzlewit,511,martin-chuzzlewit
Tom,Pinch,511,martin-chuzzlewit
Tom,Chuzzlewit,511,martin-chuzzlewit
Tom,Pinch,511,martin-chuzzlewit
Pinch,Dick,511,martin-chuzzlewit
Pinch,Chuzzlewit,511,martin-chuzzlewit
Pinch,Chuzzlewit,511,martin-chuzzlewit
Pinch,Tom,511,martin-chuzzlewit
Tom Pinch,Pecksniff,512,martin-chuzzlewit
Pecksniff,Tom Pinch,512,martin-chuzzlewit
Pecksniff,Tom Pinch,512,martin-chuzzlewit
Tom Pinch,Pecksniff,512,martin-chuzzlewit
Tom Pinch,Heaven,534,martin-chuzzlewit
Tom Pinch,Tom,534,martin-chuzzlewit
Heaven,Tom Pinch,534,martin-chuzzlewit
Heaven,Tom,534,martin-chuzzlewit
Tom,Tom Pinch,534,martin-chuzzlewit
Tom,Heaven,534,martin-chuzzlewit
Pinch,Pecksniff,535,martin-chuzzlewit
Pinch,Tom,535,martin-chuzzlewit
Pecksniff,Pinch,535,martin-chuzzlewit
Pecksniff,Tom,535,martin-chuzzlewit
Tom,Pinch,535,martin-chuzzlewit
Tom,Pecksniff,535,martin-chuzzlewit
Pecksniff,Miss Charity,536,martin-chuzzlewit
Pecksniff,Miss Mercy,536,martin-chuzzlewit
Miss Charity,Pecksniff,536,martin-chuzzlewit
Miss Charity,Miss Mercy,536,martin-chuzzlewit
Miss Mercy,Pecksniff,536,martin-chuzzlewit
Miss Mercy,Miss Charity,536,martin-chuzzlewit
Martin,Nay,539,martin-chuzzlewit
Nay,Martin,539,martin-chuzzlewit
Nay,Martin,539,martin-chuzzlewit
Martin,Nay,539,martin-chuzzlewit
Martin,Mercy,540,martin-chuzzlewit
Mercy,Martin,540,martin-chuzzlewit
Tom Pinch,Thomas,543,martin-chuzzlewit
Tom Pinch,Thomas Pinch,543,martin-chuzzlewit
Thomas,Tom Pinch,543,martin-chuzzlewit
Thomas,Thomas Pinch,543,martin-chuzzlewit
Thomas Pinch,Tom Pinch,543,martin-chuzzlewit
Thomas Pinch,Thomas,543,martin-chuzzlewit
Pinch,Martin,546,martin-chuzzlewit
Martin,Pinch,546,martin-chuzzlewit
Martin,Portrait,550,martin-chuzzlewit
Martin,Spiller,550,martin-chuzzlewit
Martin,Spoker,550,martin-chuzzlewit
Portrait,Martin,550,martin-chuzzlewit
Portrait,Spiller,550,martin-chuzzlewit
Portrait,Spoker,550,martin-chuzzlewit
Spiller,Martin,550,martin-chuzzlewit
Spiller,Portrait,550,martin-chuzzlewit
Spiller,Spoker,550,martin-chuzzlewit
Spoker,Martin,550,martin-chuzzlewit
Spoker,Portrait,550,martin-chuzzlewit
Spoker,Spiller,550,martin-chuzzlewit
Martin,Pecksniff,551,martin-chuzzlewit
Pecksniff,Martin,551,martin-chuzzlewit
Martin,Pecksniff,555,martin-chuzzlewit
Pecksniff,Martin,555,martin-chuzzlewit
Salisbury Cathedral,Pinch,560,martin-chuzzlewit
Salisbury Cathedral,Martin,560,martin-chuzzlewit
Pinch,Salisbury Cathedral,560,martin-chuzzlewit
Pinch,Martin,560,martin-chuzzlewit
Martin,Salisbury Cathedral,560,martin-chuzzlewit
Martin,Pinch,560,martin-chuzzlewit
Pinch,Martin,565,martin-chuzzlewit
Martin,Pinch,565,martin-chuzzlewit
Pecksniff,Miss Charity,568,martin-chuzzlewit
Miss Charity,Pecksniff,568,martin-chuzzlewit
Martin,Miss Mercy,569,martin-chuzzlewit
Miss Mercy,Martin,569,martin-chuzzlewit
Thomas Pinch,Martin,573,martin-chuzzlewit
Martin,Thomas Pinch,573,martin-chuzzlewit
Poor,Martin,577,martin-chuzzlewit
Poor,Thomas,577,martin-chuzzlewit
Poor,Worthy,577,martin-chuzzlewit
Martin,Poor,577,martin-chuzzlewit
Martin,Thomas,577,martin-chuzzlewit
Martin,Worthy,577,martin-chuzzlewit
Thomas,Poor,577,martin-chuzzlewit
Thomas,Martin,577,martin-chuzzlewit
Thomas,Worthy,577,martin-chuzzlewit
Worthy,Poor,577,martin-chuzzlewit
Worthy,Martin,577,martin-chuzzlewit
Worthy,Thomas,577,martin-chuzzlewit
Martin,Thomas Pinch,581,martin-chuzzlewit
Martin,Pecksniff,581,martin-chuzzlewit
Thomas Pinch,Martin,581,martin-chuzzlewit
Thomas Pinch,Pecksniff,581,martin-chuzzlewit
Pecksniff,Martin,581,martin-chuzzlewit
Pecksniff,Thomas Pinch,581,martin-chuzzlewit
Miss Pecksniff,Cherry,585,martin-chuzzlewit
Cherry,Miss Pecksniff,585,martin-chuzzlewit
Pinch,Tom,586,martin-chuzzlewit
Pinch,Pecksniff,586,martin-chuzzlewit
Pinch,Tom,586,martin-chuzzlewit
Pinch,Pecksniff,586,martin-chuzzlewit
Tom,Pinch,586,martin-chuzzlewit
Tom,Pinch,586,martin-chuzzlewit
Tom,Pecksniff,586,martin-chuzzlewit
Tom,Pinch,586,martin-chuzzlewit
Pecksniff,Pinch,586,martin-chuzzlewit
Pecksniff,Pinch,586,martin-chuzzlewit
Pecksniff,Tom,586,martin-chuzzlewit
Pecksniff,Pinch,586,martin-chuzzlewit
Pinch,Tom,586,martin-chuzzlewit
Pinch,Pecksniff,586,martin-chuzzlewit
Pecksniff,Martin,602,martin-chuzzlewit
Martin,Pecksniff,602,martin-chuzzlewit
Martin,Pecksniff,604,martin-chuzzlewit
Pecksniff,Martin,604,martin-chuzzlewit
Pinch,Martin,605,martin-chuzzlewit
Martin,Pinch,605,martin-chuzzlewit
Martin,Tom Pinch,606,martin-chuzzlewit
Martin,Tom,606,martin-chuzzlewit
Tom Pinch,Martin,606,martin-chuzzlewit
Tom Pinch,Tom,606,martin-chuzzlewit
Tom,Martin,606,martin-chuzzlewit
Tom,Tom Pinch,606,martin-chuzzlewit
Pecksniff,Miss Charity,607,martin-chuzzlewit
Pecksniff,Miss Mercy,607,martin-chuzzlewit
Miss Charity,Pecksniff,607,martin-chuzzlewit
Miss Charity,Miss Mercy,607,martin-chuzzlewit
Miss Mercy,Pecksniff,607,martin-chuzzlewit
Miss Mercy,Miss Charity,607,martin-chuzzlewit
Tom,Pecksniff,608,martin-chuzzlewit
Tom,John Westlock,608,martin-chuzzlewit
Tom,John,608,martin-chuzzlewit
Tom,Poor Ruth,608,martin-chuzzlewit
Pecksniff,Tom,608,martin-chuzzlewit
Pecksniff,John Westlock,608,martin-chuzzlewit
Pecksniff,John,608,martin-chuzzlewit
Pecksniff,Poor Ruth,608,martin-chuzzlewit
John Westlock,Tom,608,martin-chuzzlewit
John Westlock,Pecksniff,608,martin-chuzzlewit
John Westlock,John,608,martin-chuzzlewit
John Westlock,Poor Ruth,608,martin-chuzzlewit
John,Tom,608,martin-chuzzlewit
John,Pecksniff,608,martin-chuzzlewit
John,John Westlock,608,martin-chuzzlewit
John,Poor Ruth,608,martin-chuzzlewit
Poor Ruth,Tom,608,martin-chuzzlewit
Poor Ruth,Pecksniff,608,martin-chuzzlewit
Poor Ruth,John Westlock,608,martin-chuzzlewit
Poor Ruth,John,608,martin-chuzzlewit
Tom,Pinch,609,martin-chuzzlewit
Pinch,Tom,609,martin-chuzzlewit
John,Pecksniff,610,martin-chuzzlewit
John,Tom,610,martin-chuzzlewit
John,Pecksniff,610,martin-chuzzlewit
John,Tom,610,martin-chuzzlewit
Pecksniff,John,610,martin-chuzzlewit
Pecksniff,John,610,martin-chuzzlewit
Pecksniff,Tom,610,martin-chuzzlewit
Tom,John,610,martin-chuzzlewit
Tom,John,610,martin-chuzzlewit
Tom,Pecksniff,610,martin-chuzzlewit
Miss Mercy Pecksniff,Pinch,611,martin-chuzzlewit
Miss Mercy Pecksniff,Miss Charity,611,martin-chuzzlewit
Miss Mercy Pecksniff,Tom,611,martin-chuzzlewit
Pinch,Miss Mercy Pecksniff,611,martin-chuzzlewit
Pinch,Miss Charity,611,martin-chuzzlewit
Pinch,Tom,611,martin-chuzzlewit
Miss Charity,Miss Mercy Pecksniff,611,martin-chuzzlewit
Miss Charity,Pinch,611,martin-chuzzlewit
Miss Charity,Tom,611,martin-chuzzlewit
Tom,Miss Mercy Pecksniff,611,martin-chuzzlewit
Tom,Pinch,611,martin-chuzzlewit
Tom,Miss Charity,611,martin-chuzzlewit
Tom,Pinch,613,martin-chuzzlewit
Pinch,Tom,613,martin-chuzzlewit
Tom,Martin Chuzzlewit,614,martin-chuzzlewit
Martin Chuzzlewit,Tom,614,martin-chuzzlewit
Tom,John,618,martin-chuzzlewit
John,Tom,618,martin-chuzzlewit
Pinch,Martin,624,martin-chuzzlewit
Martin,Pinch,624,martin-chuzzlewit
Martin,Pecksniff,628,martin-chuzzlewit
Martin,Pinch,628,martin-chuzzlewit
Martin,Miss Mercy Pecksniff,628,martin-chuzzlewit
Pecksniff,Martin,628,martin-chuzzlewit
Pecksniff,Pinch,628,martin-chuzzlewit
Pecksniff,Miss Mercy Pecksniff,628,martin-chuzzlewit
Pinch,Martin,628,martin-chuzzlewit
Pinch,Pecksniff,628,martin-chuzzlewit
Pinch,Miss Mercy Pecksniff,628,martin-chuzzlewit
Miss Mercy Pecksniff,Martin,628,martin-chuzzlewit
Miss Mercy Pecksniff,Pecksniff,628,martin-chuzzlewit
Miss Mercy Pecksniff,Pinch,628,martin-chuzzlewit
Pecksniff,Tom Pinch,629,martin-chuzzlewit
Pecksniff,Mercy Pecksniff,629,martin-chuzzlewit
Tom Pinch,Pecksniff,629,martin-chuzzlewit
Tom Pinch,Mercy Pecksniff,629,martin-chuzzlewit
Mercy Pecksniff,Pecksniff,629,martin-chuzzlewit
Mercy Pecksniff,Tom Pinch,629,martin-chuzzlewit
Pinch,Martin,655,martin-chuzzlewit
Martin,Pinch,655,martin-chuzzlewit
Tom,Martin,658,martin-chuzzlewit
Martin,Tom,658,martin-chuzzlewit
Martin,Interview,663,martin-chuzzlewit
Interview,Martin,663,martin-chuzzlewit
Tom,Pinch,689,martin-chuzzlewit
Pinch,Tom,689,martin-chuzzlewit
Pinch,Martin,702,martin-chuzzlewit
Pinch,Mercy,702,martin-chuzzlewit
Martin,Pinch,702,martin-chuzzlewit
Martin,Mercy,702,martin-chuzzlewit
Mercy,Pinch,702,martin-chuzzlewit
Mercy,Martin,702,martin-chuzzlewit
Martin,Pinch,715,martin-chuzzlewit
Martin,Tom,715,martin-chuzzlewit
Martin,Tom,715,martin-chuzzlewit
Martin,Pinch,715,martin-chuzzlewit
Martin,Envy,715,martin-chuzzlewit
Pinch,Martin,715,martin-chuzzlewit
Pinch,Tom,715,martin-chuzzlewit
Pinch,Tom,715,martin-chuzzlewit
Pinch,Envy,715,martin-chuzzlewit
Tom,Martin,715,martin-chuzzlewit
Tom,Pinch,715,martin-chuzzlewit
Tom,Pinch,715,martin-chuzzlewit
Tom,Envy,715,martin-chuzzlewit
Tom,Martin,715,martin-chuzzlewit
Tom,Pinch,715,martin-chuzzlewit
Tom,Pinch,715,martin-chuzzlewit
Tom,Envy,715,martin-chuzzlewit
Pinch,Martin,715,martin-chuzzlewit
Pinch,Tom,715,martin-chuzzlewit
Pinch,Tom,715,martin-chuzzlewit
Pinch,Envy,715,martin-chuzzlewit
Envy,Martin,715,martin-chuzzlewit
Envy,Pinch,715,martin-chuzzlewit
Envy,Tom,715,martin-chuzzlewit
Envy,Tom,715,martin-chuzzlewit
Envy,Pinch,715,martin-chuzzlewit
Martin,Tom,716,martin-chuzzlewit
Martin,Pecksniff,716,martin-chuzzlewit
Tom,Martin,716,martin-chuzzlewit
Tom,Pecksniff,716,martin-chuzzlewit
Pecksniff,Martin,716,martin-chuzzlewit
Pecksniff,Tom,716,martin-chuzzlewit
Pecksniff,Lord Mayor,717,martin-chuzzlewit
Lord Mayor,Pecksniff,717,martin-chuzzlewit
Martin,Tom,718,martin-chuzzlewit
Tom,Martin,718,martin-chuzzlewit
Tigg,Pinch,725,martin-chuzzlewit
Pinch,Tigg,725,martin-chuzzlewit
Tigg,Pecksniff,727,martin-chuzzlewit
Tigg,Chevy Slyme,727,martin-chuzzlewit
Tigg,Esquire,727,martin-chuzzlewit
Pecksniff,Tigg,727,martin-chuzzlewit
Pecksniff,Chevy Slyme,727,martin-chuzzlewit
Pecksniff,Esquire,727,martin-chuzzlewit
Chevy Slyme,Tigg,727,martin-chuzzlewit
Chevy Slyme,Pecksniff,727,martin-chuzzlewit
Chevy Slyme,Esquire,727,martin-chuzzlewit
Esquire,Tigg,727,martin-chuzzlewit
Esquire,Pecksniff,727,martin-chuzzlewit
Esquire,Chevy Slyme,727,martin-chuzzlewit
Tigg,Tom,732,martin-chuzzlewit
Tom,Tigg,732,martin-chuzzlewit
Tom,Tigg,732,martin-chuzzlewit
Tigg,Tom,732,martin-chuzzlewit
Pecksniff,Fox,733,martin-chuzzlewit
Pecksniff,Chevy Slyme,733,martin-chuzzlewit
Fox,Pecksniff,733,martin-chuzzlewit
Fox,Chevy Slyme,733,martin-chuzzlewit
Chevy Slyme,Pecksniff,733,martin-chuzzlewit
Chevy Slyme,Fox,733,martin-chuzzlewit
Martin,Pinch,734,martin-chuzzlewit
Pinch,Martin,734,martin-chuzzlewit
Tom,Pecksniff,736,martin-chuzzlewit
Pecksniff,Tom,736,martin-chuzzlewit
Tom,Mark Tapley,743,martin-chuzzlewit
Mark Tapley,Tom,743,martin-chuzzlewit
Tapley,Mark Tapley,744,martin-chuzzlewit
Tapley,Mark Tapley,744,martin-chuzzlewit
Tapley,Mrs Tapley,744,martin-chuzzlewit
Mark Tapley,Tapley,744,martin-chuzzlewit
Mark Tapley,Mrs Tapley,744,martin-chuzzlewit
Mark Tapley,Tapley,744,martin-chuzzlewit
Mark Tapley,Mrs Tapley,744,martin-chuzzlewit
Mrs Tapley,Tapley,744,martin-chuzzlewit
Mrs Tapley,Mark Tapley,744,martin-chuzzlewit
Mrs Tapley,Mark Tapley,744,martin-chuzzlewit
Pinch,Mark,745,martin-chuzzlewit
Pinch,Tom,745,martin-chuzzlewit
Pinch,Tigg,745,martin-chuzzlewit
Mark,Pinch,745,martin-chuzzlewit
Mark,Tom,745,martin-chuzzlewit
Mark,Tigg,745,martin-chuzzlewit
Tom,Pinch,745,martin-chuzzlewit
Tom,Mark,745,martin-chuzzlewit
Tom,Tigg,745,martin-chuzzlewit
Tigg,Pinch,745,martin-chuzzlewit
Tigg,Mark,745,martin-chuzzlewit
Tigg,Tom,745,martin-chuzzlewit
Mark,Mrs Lupin,754,martin-chuzzlewit
Mark,Mrs Lupin,754,martin-chuzzlewit
Mark,Mrs Lupin,754,martin-chuzzlewit
Mrs Lupin,Mark,754,martin-chuzzlewit
Mrs Lupin,Mark,754,martin-chuzzlewit
Mrs Lupin,Mark,754,martin-chuzzlewit
Mark,Him,756,martin-chuzzlewit
Mark,Stars,756,martin-chuzzlewit
Him,Mark,756,martin-chuzzlewit
Him,Stars,756,martin-chuzzlewit
Stars,Mark,756,martin-chuzzlewit
Stars,Him,756,martin-chuzzlewit
Nature,Nobs,766,martin-chuzzlewit
Nature,Slyme,766,martin-chuzzlewit
Nature,Pinch,766,martin-chuzzlewit
Nature,Mark,766,martin-chuzzlewit
Nobs,Nature,766,martin-chuzzlewit
Nobs,Nature,766,martin-chuzzlewit
Nobs,Slyme,766,martin-chuzzlewit
Nobs,Pinch,766,martin-chuzzlewit
Nobs,Mark,766,martin-chuzzlewit
Nature,Nobs,766,martin-chuzzlewit
Nature,Slyme,766,martin-chuzzlewit
Nature,Pinch,766,martin-chuzzlewit
Nature,Mark,766,martin-chuzzlewit
Slyme,Nature,766,martin-chuzzlewit
Slyme,Nobs,766,martin-chuzzlewit
Slyme,Nature,766,martin-chuzzlewit
Slyme,Pinch,766,martin-chuzzlewit
Slyme,Mark,766,martin-chuzzlewit
Pinch,Nature,766,martin-chuzzlewit
Pinch,Nobs,766,martin-chuzzlewit
Pinch,Nature,766,martin-chuzzlewit
Pinch,Slyme,766,martin-chuzzlewit
Pinch,Mark,766,martin-chuzzlewit
Mark,Nature,766,martin-chuzzlewit
Mark,Nobs,766,martin-chuzzlewit
Mark,Nature,766,martin-chuzzlewit
Mark,Slyme,766,martin-chuzzlewit
Mark,Pinch,766,martin-chuzzlewit
Pinch,Martin,767,martin-chuzzlewit
Pinch,Slyme,767,martin-chuzzlewit
Martin,Pinch,767,martin-chuzzlewit
Martin,Slyme,767,martin-chuzzlewit
Slyme,Pinch,767,martin-chuzzlewit
Slyme,Martin,767,martin-chuzzlewit
Wretched,Slyme,768,martin-chuzzlewit
Wretched,Tigg,768,martin-chuzzlewit
Slyme,Wretched,768,martin-chuzzlewit
Slyme,Tigg,768,martin-chuzzlewit
Tigg,Wretched,768,martin-chuzzlewit
Tigg,Slyme,768,martin-chuzzlewit
Pecksniff,Chevy Slyme,769,martin-chuzzlewit
Chevy Slyme,Pecksniff,769,martin-chuzzlewit
Chevy Slyme,Tom Pinch,770,martin-chuzzlewit
Tom Pinch,Chevy Slyme,770,martin-chuzzlewit
Tom,Martin,771,martin-chuzzlewit
Martin,Tom,771,martin-chuzzlewit
Sir,Slyme,794,martin-chuzzlewit
Slyme,Sir,794,martin-chuzzlewit
Pinch,Tom,799,martin-chuzzlewit
Tom,Pinch,799,martin-chuzzlewit
Tom,Esquire,801,martin-chuzzlewit
Tom,Pecksniff,801,martin-chuzzlewit
Tom,Direct,801,martin-chuzzlewit
Tom,Esquire,801,martin-chuzzlewit
Esquire,Tom,801,martin-chuzzlewit
Esquire,Pecksniff,801,martin-chuzzlewit
Esquire,Direct,801,martin-chuzzlewit
Pecksniff,Tom,801,martin-chuzzlewit
Pecksniff,Esquire,801,martin-chuzzlewit
Pecksniff,Direct,801,martin-chuzzlewit
Pecksniff,Esquire,801,martin-chuzzlewit
Direct,Tom,801,martin-chuzzlewit
Direct,Esquire,801,martin-chuzzlewit
Direct,Pecksniff,801,martin-chuzzlewit
Direct,Esquire,801,martin-chuzzlewit
Esquire,Tom,801,martin-chuzzlewit
Esquire,Pecksniff,801,martin-chuzzlewit
Esquire,Direct,801,martin-chuzzlewit
Seth Pecksniff,Esquire,802,martin-chuzzlewit
Esquire,Seth Pecksniff,802,martin-chuzzlewit
Tom,Martin,807,martin-chuzzlewit
Tom,Mark,807,martin-chuzzlewit
Martin,Tom,807,martin-chuzzlewit
Martin,Mark,807,martin-chuzzlewit
Mark,Tom,807,martin-chuzzlewit
Mark,Martin,807,martin-chuzzlewit
Mark,Tom,809,martin-chuzzlewit
Tom,Mark,809,martin-chuzzlewit
Mark,Mrs Lupin,826,martin-chuzzlewit
Mrs Lupin,Mark,826,martin-chuzzlewit
Mark,Dragon,846,martin-chuzzlewit
Dragon,Mark,846,martin-chuzzlewit
Dragon,Mark,846,martin-chuzzlewit
Mark,Dragon,846,martin-chuzzlewit
Mark Tapley,Mark,853,martin-chuzzlewit
Mark,Mark Tapley,853,martin-chuzzlewit
Jonas,Pecksniff,881,martin-chuzzlewit
Pecksniff,Jonas,881,martin-chuzzlewit
Pecksniff,Jonas,886,martin-chuzzlewit
Pecksniff,Jonas,886,martin-chuzzlewit
Jonas,Pecksniff,886,martin-chuzzlewit
Jonas,Pecksniff,886,martin-chuzzlewit
Miss,Mercy,889,martin-chuzzlewit
Mercy,Miss,889,martin-chuzzlewit
Jonas,Pecksniff,897,martin-chuzzlewit
Pecksniff,Jonas,897,martin-chuzzlewit
Pecksniff,Snow,917,martin-chuzzlewit
Snow,Pecksniff,917,martin-chuzzlewit
Anthony,Pecksniff,918,martin-chuzzlewit
Pecksniff,Anthony,918,martin-chuzzlewit
Pecksniff,Mrs Todgers,934,martin-chuzzlewit
Mrs Todgers,Pecksniff,934,martin-chuzzlewit
Mrs Todgers,Jinkins,944,martin-chuzzlewit
Mrs Todgers,Jinkins,944,martin-chuzzlewit
Jinkins,Mrs Todgers,944,martin-chuzzlewit
Jinkins,Mrs Todgers,944,martin-chuzzlewit
Todgers,Nobody,955,martin-chuzzlewit
Nobody,Todgers,955,martin-chuzzlewit
Nobody,Todgers,955,martin-chuzzlewit
Nobody,Todgers,955,martin-chuzzlewit
Todgers,Nobody,955,martin-chuzzlewit
Todgers,Nobody,955,martin-chuzzlewit
Gables,Smoke,960,martin-chuzzlewit
Smoke,Gables,960,martin-chuzzlewit
Merry,Charity,972,martin-chuzzlewit
Charity,Merry,972,martin-chuzzlewit
Mrs Todgers,Miss Pinch,974,martin-chuzzlewit
Mrs Todgers,Miss Pecksniff,974,martin-chuzzlewit
Miss Pinch,Mrs Todgers,974,martin-chuzzlewit
Miss Pinch,Miss Pecksniff,974,martin-chuzzlewit
Miss Pecksniff,Mrs Todgers,974,martin-chuzzlewit
Miss Pecksniff,Miss Pinch,974,martin-chuzzlewit
Mrs Todgers,Merry,975,martin-chuzzlewit
Mrs Todgers,Cherry,975,martin-chuzzlewit
Mrs Todgers,Pinch,975,martin-chuzzlewit
Merry,Mrs Todgers,975,martin-chuzzlewit
Merry,Cherry,975,martin-chuzzlewit
Merry,Pinch,975,martin-chuzzlewit
Cherry,Mrs Todgers,975,martin-chuzzlewit
Cherry,Merry,975,martin-chuzzlewit
Cherry,Pinch,975,martin-chuzzlewit
Pinch,Mrs Todgers,975,martin-chuzzlewit
Pinch,Merry,975,martin-chuzzlewit
Pinch,Cherry,975,martin-chuzzlewit
Mrs Todgers,Merry,977,martin-chuzzlewit
Merry,Mrs Todgers,977,martin-chuzzlewit
Pecksniff,Mrs Todgers,979,martin-chuzzlewit
Mrs Todgers,Pecksniff,979,martin-chuzzlewit
Tom Pinch,Poor Thomas Pinch,981,martin-chuzzlewit
Poor Thomas Pinch,Tom Pinch,981,martin-chuzzlewit
Mrs Todgers,Jinkins,982,martin-chuzzlewit
Jinkins,Mrs Todgers,982,martin-chuzzlewit
Jinkins,Mercy,983,martin-chuzzlewit
Mercy,Jinkins,983,martin-chuzzlewit
Mercy,Jinkins,983,martin-chuzzlewit
Jinkins,Mercy,983,martin-chuzzlewit
Jinkins,Mrs Todgers,985,martin-chuzzlewit
Jinkins,Mrs Todgers,985,martin-chuzzlewit
Mrs Todgers,Jinkins,985,martin-chuzzlewit
Mrs Todgers,Jinkins,985,martin-chuzzlewit
Pecksniff,Miss Charity,987,martin-chuzzlewit
Pecksniff,Mrs Todgers,987,martin-chuzzlewit
Miss Charity,Pecksniff,987,martin-chuzzlewit
Miss Charity,Pecksniff,987,martin-chuzzlewit
Miss Charity,Mrs Todgers,987,martin-chuzzlewit
Pecksniff,Miss Charity,987,martin-chuzzlewit
Pecksniff,Mrs Todgers,987,martin-chuzzlewit
Mrs Todgers,Pecksniff,987,martin-chuzzlewit
Mrs Todgers,Miss Charity,987,martin-chuzzlewit
Mrs Todgers,Pecksniff,987,martin-chuzzlewit
Tom,Pinch,988,martin-chuzzlewit
Pinch,Tom,988,martin-chuzzlewit
Mrs Todgers,Pinch,989,martin-chuzzlewit
Pinch,Mrs Todgers,989,martin-chuzzlewit
Miss,Pinch,992,martin-chuzzlewit
Pinch,Miss,992,martin-chuzzlewit
Miss,Pecksniff,994,martin-chuzzlewit
Pecksniff,Miss,994,martin-chuzzlewit
Miss Pinch,Thomas Pinch,995,martin-chuzzlewit
Miss Pinch,Pecksniff,995,martin-chuzzlewit
Thomas Pinch,Miss Pinch,995,martin-chuzzlewit
Thomas Pinch,Miss Pinch,995,martin-chuzzlewit
Thomas Pinch,Pecksniff,995,martin-chuzzlewit
Miss Pinch,Thomas Pinch,995,martin-chuzzlewit
Miss Pinch,Pecksniff,995,martin-chuzzlewit
Pecksniff,Miss Pinch,995,martin-chuzzlewit
Pecksniff,Thomas Pinch,995,martin-chuzzlewit
Pecksniff,Miss Pinch,995,martin-chuzzlewit
Gospel,Pecksniff,997,martin-chuzzlewit
Pecksniff,Gospel,997,martin-chuzzlewit
Cherry,Tom Pinch,1002,martin-chuzzlewit
Cherry,Pinch,1002,martin-chuzzlewit
Tom Pinch,Cherry,1002,martin-chuzzlewit
Tom Pinch,Pinch,1002,martin-chuzzlewit
Pinch,Cherry,1002,martin-chuzzlewit
Pinch,Tom Pinch,1002,martin-chuzzlewit
Tom Pinch,Tom,1004,martin-chuzzlewit
Tom Pinch,Tom,1004,martin-chuzzlewit
Tom,Tom Pinch,1004,martin-chuzzlewit
Tom,Tom Pinch,1004,martin-chuzzlewit
Ruth Pinch,Tom,1006,martin-chuzzlewit
Ruth Pinch,Tom,1006,martin-chuzzlewit
Tom,Ruth Pinch,1006,martin-chuzzlewit
Tom,Ruth Pinch,1006,martin-chuzzlewit
Thomas,Miss Pinch,1018,martin-chuzzlewit
Miss Pinch,Thomas,1018,martin-chuzzlewit
Pecksniff,Mrs Todgers,1036,martin-chuzzlewit
Mrs Todgers,Pecksniff,1036,martin-chuzzlewit
Miss Pinch,Pecksniff,1038,martin-chuzzlewit
Miss Pinch,Poor Miss Pinch,1038,martin-chuzzlewit
Pecksniff,Miss Pinch,1038,martin-chuzzlewit
Pecksniff,Poor Miss Pinch,1038,martin-chuzzlewit
Poor Miss Pinch,Miss Pinch,1038,martin-chuzzlewit
Poor Miss Pinch,Pecksniff,1038,martin-chuzzlewit
Bailey,Mercy,1048,martin-chuzzlewit
Mercy,Bailey,1048,martin-chuzzlewit
Bailey,Thomas Cribb,1052,martin-chuzzlewit
Thomas Cribb,Bailey,1052,martin-chuzzlewit
Benjamin,Uncle Ben,1057,martin-chuzzlewit
Benjamin,George,1057,martin-chuzzlewit
Benjamin,Young Brownrigg,1057,martin-chuzzlewit
Benjamin,Old Bailey,1057,martin-chuzzlewit
Benjamin,Uncle Ben,1057,martin-chuzzlewit
Benjamin,George,1057,martin-chuzzlewit
Benjamin,Young Brownrigg,1057,martin-chuzzlewit
Benjamin,Old Bailey,1057,martin-chuzzlewit
Uncle Ben,Benjamin,1057,martin-chuzzlewit
Uncle Ben,Benjamin,1057,martin-chuzzlewit
Uncle Ben,George,1057,martin-chuzzlewit
Uncle Ben,Young Brownrigg,1057,martin-chuzzlewit
Uncle Ben,Old Bailey,1057,martin-chuzzlewit
George,Benjamin,1057,martin-chuzzlewit
George,Benjamin,1057,martin-chuzzlewit
George,Uncle Ben,1057,martin-chuzzlewit
George,Young Brownrigg,1057,martin-chuzzlewit
George,Old Bailey,1057,martin-chuzzlewit
Young Brownrigg,Benjamin,1057,martin-chuzzlewit
Young Brownrigg,Benjamin,1057,martin-chuzzlewit
Young Brownrigg,Uncle Ben,1057,martin-chuzzlewit
Young Brownrigg,George,1057,martin-chuzzlewit
Young Brownrigg,Old Bailey,1057,martin-chuzzlewit
Old Bailey,Benjamin,1057,martin-chuzzlewit
Old Bailey,Benjamin,1057,martin-chuzzlewit
Old Bailey,Uncle Ben,1057,martin-chuzzlewit
Old Bailey,George,1057,martin-chuzzlewit
Old Bailey,Young Brownrigg,1057,martin-chuzzlewit
Jinkins,Charity,1061,martin-chuzzlewit
Jinkins,Gander,1061,martin-chuzzlewit
Jinkins,Mercy,1061,martin-chuzzlewit
Jinkins,Pecksniff,1061,martin-chuzzlewit
Jinkins,Mrs Todgers,1061,martin-chuzzlewit
Charity,Jinkins,1061,martin-chuzzlewit
Charity,Gander,1061,martin-chuzzlewit
Charity,Mercy,1061,martin-chuzzlewit
Charity,Pecksniff,1061,martin-chuzzlewit
Charity,Mrs Todgers,1061,martin-chuzzlewit
Gander,Jinkins,1061,martin-chuzzlewit
Gander,Charity,1061,martin-chuzzlewit
Gander,Mercy,1061,martin-chuzzlewit
Gander,Pecksniff,1061,martin-chuzzlewit
Gander,Mrs Todgers,1061,martin-chuzzlewit
Mercy,Jinkins,1061,martin-chuzzlewit
Mercy,Charity,1061,martin-chuzzlewit
Mercy,Gander,1061,martin-chuzzlewit
Mercy,Pecksniff,1061,martin-chuzzlewit
Mercy,Mrs Todgers,1061,martin-chuzzlewit
Pecksniff,Jinkins,1061,martin-chuzzlewit
Pecksniff,Charity,1061,martin-chuzzlewit
Pecksniff,Gander,1061,martin-chuzzlewit
Pecksniff,Mercy,1061,martin-chuzzlewit
Pecksniff,Mrs Todgers,1061,martin-chuzzlewit
Mrs Todgers,Jinkins,1061,martin-chuzzlewit
Mrs Todgers,Charity,1061,martin-chuzzlewit
Mrs Todgers,Gander,1061,martin-chuzzlewit
Mrs Todgers,Mercy,1061,martin-chuzzlewit
Mrs Todgers,Pecksniff,1061,martin-chuzzlewit
Jinkins,Gander,1062,martin-chuzzlewit
Jinkins,Mrs Todgers,1062,martin-chuzzlewit
Gander,Jinkins,1062,martin-chuzzlewit
Gander,Mrs Todgers,1062,martin-chuzzlewit
Mrs Todgers,Jinkins,1062,martin-chuzzlewit
Mrs Todgers,Gander,1062,martin-chuzzlewit
Jinkins,Bailey,1063,martin-chuzzlewit
Bailey,Jinkins,1063,martin-chuzzlewit
Bailey,Jinkins,1068,martin-chuzzlewit
Jinkins,Bailey,1068,martin-chuzzlewit
Jinkins,Mrs Todgers,1071,martin-chuzzlewit
Jinkins,Mrs Todgers,1071,martin-chuzzlewit
Jinkins,Miss Mercy Pecksniff,1071,martin-chuzzlewit
Jinkins,Diana,1071,martin-chuzzlewit
Jinkins,Mrs Todgers,1071,martin-chuzzlewit
Jinkins,Mrs Todgers,1071,martin-chuzzlewit
Jinkins,Miss Mercy Pecksniff,1071,martin-chuzzlewit
Jinkins,Diana,1071,martin-chuzzlewit
Mrs Todgers,Jinkins,1071,martin-chuzzlewit
Mrs Todgers,Jinkins,1071,martin-chuzzlewit
Mrs Todgers,Miss Mercy Pecksniff,1071,martin-chuzzlewit
Mrs Todgers,Jinkins,1071,martin-chuzzlewit
Mrs Todgers,Diana,1071,martin-chuzzlewit
Mrs Todgers,Jinkins,1071,martin-chuzzlewit
Mrs Todgers,Jinkins,1071,martin-chuzzlewit
Mrs Todgers,Miss Mercy Pecksniff,1071,martin-chuzzlewit
Mrs Todgers,Jinkins,1071,martin-chuzzlewit
Mrs Todgers,Diana,1071,martin-chuzzlewit
Miss Mercy Pecksniff,Jinkins,1071,martin-chuzzlewit
Miss Mercy Pecksniff,Jinkins,1071,martin-chuzzlewit
Miss Mercy Pecksniff,Mrs Todgers,1071,martin-chuzzlewit
Miss Mercy Pecksniff,Mrs Todgers,1071,martin-chuzzlewit
Miss Mercy Pecksniff,Jinkins,1071,martin-chuzzlewit
Miss Mercy Pecksniff,Diana,1071,martin-chuzzlewit
Jinkins,Mrs Todgers,1071,martin-chuzzlewit
Jinkins,Mrs Todgers,1071,martin-chuzzlewit
Jinkins,Miss Mercy Pecksniff,1071,martin-chuzzlewit
Jinkins,Diana,1071,martin-chuzzlewit
Diana,Jinkins,1071,martin-chuzzlewit
Diana,Jinkins,1071,martin-chuzzlewit
Diana,Mrs Todgers,1071,martin-chuzzlewit
Diana,Mrs Todgers,1071,martin-chuzzlewit
Diana,Miss Mercy Pecksniff,1071,martin-chuzzlewit
Diana,Jinkins,1071,martin-chuzzlewit
Pecksniff,God,1072,martin-chuzzlewit
God,Pecksniff,1072,martin-chuzzlewit
Todgers,Cannon Street,1074,martin-chuzzlewit
Cannon Street,Todgers,1074,martin-chuzzlewit
Miss Charity,Mercy,1076,martin-chuzzlewit
Miss Charity,Bailey,1076,martin-chuzzlewit
Miss Charity,Jinkins,1076,martin-chuzzlewit
Mercy,Miss Charity,1076,martin-chuzzlewit
Mercy,Bailey,1076,martin-chuzzlewit
Mercy,Jinkins,1076,martin-chuzzlewit
Bailey,Miss Charity,1076,martin-chuzzlewit
Bailey,Mercy,1076,martin-chuzzlewit
Bailey,Jinkins,1076,martin-chuzzlewit
Jinkins,Miss Charity,1076,martin-chuzzlewit
Jinkins,Mercy,1076,martin-chuzzlewit
Jinkins,Bailey,1076,martin-chuzzlewit
Pecksniff,Mrs Todgers,1107,martin-chuzzlewit
Mrs Todgers,Pecksniff,1107,martin-chuzzlewit
Post Office,Salisbury,1117,martin-chuzzlewit
Post Office,Mrs Todgers,1117,martin-chuzzlewit
Salisbury,Post Office,1117,martin-chuzzlewit
Salisbury,Mrs Todgers,1117,martin-chuzzlewit
Mrs Todgers,Post Office,1117,martin-chuzzlewit
Mrs Todgers,Salisbury,1117,martin-chuzzlewit
Jinkins,Everybody,1121,martin-chuzzlewit
Jinkins,Pecksniff,1121,martin-chuzzlewit
Jinkins,Pecksniff,1121,martin-chuzzlewit
Everybody,Jinkins,1121,martin-chuzzlewit
Everybody,Pecksniff,1121,martin-chuzzlewit
Everybody,Jinkins,1121,martin-chuzzlewit
Everybody,Pecksniff,1121,martin-chuzzlewit
Pecksniff,Jinkins,1121,martin-chuzzlewit
Pecksniff,Everybody,1121,martin-chuzzlewit
Pecksniff,Jinkins,1121,martin-chuzzlewit
Jinkins,Everybody,1121,martin-chuzzlewit
Jinkins,Pecksniff,1121,martin-chuzzlewit
Jinkins,Pecksniff,1121,martin-chuzzlewit
Pecksniff,Jinkins,1121,martin-chuzzlewit
Pecksniff,Everybody,1121,martin-chuzzlewit
Pecksniff,Jinkins,1121,martin-chuzzlewit
Cool,Mrs Todgers,1128,martin-chuzzlewit
Mrs Todgers,Cool,1128,martin-chuzzlewit
Pecksniff,Todgers,1135,martin-chuzzlewit
Todgers,Pecksniff,1135,martin-chuzzlewit
Seth Pecksniff,Pecksniff,1136,martin-chuzzlewit
Pecksniff,Seth Pecksniff,1136,martin-chuzzlewit
Pecksniff,Todgers,1142,martin-chuzzlewit
Todgers,Pecksniff,1142,martin-chuzzlewit
Pecksniff,Martin,1175,martin-chuzzlewit
Martin,Pecksniff,1175,martin-chuzzlewit
Charity,Mercy,1176,martin-chuzzlewit
Charity,Cousin,1176,martin-chuzzlewit
Mercy,Charity,1176,martin-chuzzlewit
Mercy,Cousin,1176,martin-chuzzlewit
Cousin,Charity,1176,martin-chuzzlewit
Cousin,Mercy,1176,martin-chuzzlewit
Trouble,Pecksniff,1191,martin-chuzzlewit
Pecksniff,Trouble,1191,martin-chuzzlewit
Martin,Mary,1211,martin-chuzzlewit
Mary,Martin,1211,martin-chuzzlewit
Mrs Todgers,Pecksniff,1273,martin-chuzzlewit
Pecksniff,Mrs Todgers,1273,martin-chuzzlewit
Mrs Todgers,Bailey,1291,martin-chuzzlewit
Mrs Todgers,Miss Charity Pecksniff,1291,martin-chuzzlewit
Mrs Todgers,Todgers,1291,martin-chuzzlewit
Bailey,Mrs Todgers,1291,martin-chuzzlewit
Bailey,Miss Charity Pecksniff,1291,martin-chuzzlewit
Bailey,Todgers,1291,martin-chuzzlewit
Miss Charity Pecksniff,Mrs Todgers,1291,martin-chuzzlewit
Miss Charity Pecksniff,Bailey,1291,martin-chuzzlewit
Miss Charity Pecksniff,Todgers,1291,martin-chuzzlewit
Todgers,Mrs Todgers,1291,martin-chuzzlewit
Todgers,Bailey,1291,martin-chuzzlewit
Todgers,Miss Charity Pecksniff,1291,martin-chuzzlewit
Bailey,Miss Pecksniff,1295,martin-chuzzlewit
Miss Pecksniff,Bailey,1295,martin-chuzzlewit
Merry,Charity,1297,martin-chuzzlewit
Charity,Merry,1297,martin-chuzzlewit
Merry,Cherry,1302,martin-chuzzlewit
Cherry,Merry,1302,martin-chuzzlewit
Bailey,Miss Charity,1303,martin-chuzzlewit
Miss Charity,Bailey,1303,martin-chuzzlewit
Miss,Charity,1306,martin-chuzzlewit
Miss,Jonas Chuzzlewit,1306,martin-chuzzlewit
Charity,Miss,1306,martin-chuzzlewit
Charity,Jonas Chuzzlewit,1306,martin-chuzzlewit
Jonas Chuzzlewit,Miss,1306,martin-chuzzlewit
Jonas Chuzzlewit,Charity,1306,martin-chuzzlewit
Jonas,Pecksniff,1331,martin-chuzzlewit
Pecksniff,Jonas,1331,martin-chuzzlewit
Miss,Charity,1332,martin-chuzzlewit
Miss,Miss Mercy,1332,martin-chuzzlewit
Charity,Miss,1332,martin-chuzzlewit
Charity,Miss Mercy,1332,martin-chuzzlewit
Miss Mercy,Miss,1332,martin-chuzzlewit
Miss Mercy,Charity,1332,martin-chuzzlewit
Miss,Charity,1338,martin-chuzzlewit
Miss,Cherry,1338,martin-chuzzlewit
Charity,Miss,1338,martin-chuzzlewit
Charity,Cherry,1338,martin-chuzzlewit
Cherry,Miss,1338,martin-chuzzlewit
Cherry,Charity,1338,martin-chuzzlewit
Jonas,Bailey,1340,martin-chuzzlewit
Bailey,Jonas,1340,martin-chuzzlewit
Jonas,Miss Charity,1341,martin-chuzzlewit
Miss Charity,Jonas,1341,martin-chuzzlewit
Anthony Chuzzlewit,Son,1343,martin-chuzzlewit
Anthony Chuzzlewit,Manchester Warehousemen,1343,martin-chuzzlewit
Anthony Chuzzlewit,Son,1343,martin-chuzzlewit
Son,Anthony Chuzzlewit,1343,martin-chuzzlewit
Son,Manchester Warehousemen,1343,martin-chuzzlewit
Son,Anthony Chuzzlewit,1343,martin-chuzzlewit
Manchester Warehousemen,Anthony Chuzzlewit,1343,martin-chuzzlewit
Manchester Warehousemen,Son,1343,martin-chuzzlewit
Manchester Warehousemen,Anthony Chuzzlewit,1343,martin-chuzzlewit
Manchester Warehousemen,Son,1343,martin-chuzzlewit
Anthony Chuzzlewit,Son,1343,martin-chuzzlewit
Anthony Chuzzlewit,Manchester Warehousemen,1343,martin-chuzzlewit
Anthony Chuzzlewit,Son,1343,martin-chuzzlewit
Son,Anthony Chuzzlewit,1343,martin-chuzzlewit
Son,Manchester Warehousemen,1343,martin-chuzzlewit
Son,Anthony Chuzzlewit,1343,martin-chuzzlewit
Anthony,Jonas,1351,martin-chuzzlewit
Jonas,Anthony,1351,martin-chuzzlewit
Jonas,Anthony,1357,martin-chuzzlewit
Anthony,Jonas,1357,martin-chuzzlewit
Jonas,Chuffey,1375,martin-chuzzlewit
Chuffey,Jonas,1375,martin-chuzzlewit
Chuffey,Quite,1379,martin-chuzzlewit
Chuffey,Quite,1379,martin-chuzzlewit
Quite,Chuffey,1379,martin-chuzzlewit
Quite,Chuffey,1379,martin-chuzzlewit
Jonas,Chuffey,1381,martin-chuzzlewit
Chuffey,Jonas,1381,martin-chuzzlewit
Anthony Chuzzlewit,Sly,1382,martin-chuzzlewit
Sly,Anthony Chuzzlewit,1382,martin-chuzzlewit
Chuffey,Anthony,1384,martin-chuzzlewit
Anthony,Chuffey,1384,martin-chuzzlewit
Jonas,Chuffey,1386,martin-chuzzlewit
Chuffey,Jonas,1386,martin-chuzzlewit
Chuffey,Jonas,1386,martin-chuzzlewit
Jonas,Chuffey,1386,martin-chuzzlewit
Anthony,Ask Jonas,1387,martin-chuzzlewit
Ask Jonas,Anthony,1387,martin-chuzzlewit
Anthony,Jonas,1389,martin-chuzzlewit
Jonas,Anthony,1389,martin-chuzzlewit
Chuzzlewit,Chuffey,1400,martin-chuzzlewit
Chuffey,Chuzzlewit,1400,martin-chuzzlewit
Miss,Charity,1402,martin-chuzzlewit
Miss,Miss Mercy,1402,martin-chuzzlewit
Miss,Anthony,1402,martin-chuzzlewit
Miss,Jonas,1402,martin-chuzzlewit
Miss,Cherry,1402,martin-chuzzlewit
Charity,Miss,1402,martin-chuzzlewit
Charity,Miss Mercy,1402,martin-chuzzlewit
Charity,Anthony,1402,martin-chuzzlewit
Charity,Jonas,1402,martin-chuzzlewit
Charity,Cherry,1402,martin-chuzzlewit
Miss Mercy,Miss,1402,martin-chuzzlewit
Miss Mercy,Charity,1402,martin-chuzzlewit
Miss Mercy,Anthony,1402,martin-chuzzlewit
Miss Mercy,Jonas,1402,martin-chuzzlewit
Miss Mercy,Cherry,1402,martin-chuzzlewit
Anthony,Miss,1402,martin-chuzzlewit
Anthony,Charity,1402,martin-chuzzlewit
Anthony,Miss Mercy,1402,martin-chuzzlewit
Anthony,Jonas,1402,martin-chuzzlewit
Anthony,Cherry,1402,martin-chuzzlewit
Jonas,Miss,1402,martin-chuzzlewit
Jonas,Charity,1402,martin-chuzzlewit
Jonas,Miss Mercy,1402,martin-chuzzlewit
Jonas,Anthony,1402,martin-chuzzlewit
Jonas,Cherry,1402,martin-chuzzlewit
Cherry,Miss,1402,martin-chuzzlewit
Cherry,Charity,1402,martin-chuzzlewit
Cherry,Miss Mercy,1402,martin-chuzzlewit
Cherry,Anthony,1402,martin-chuzzlewit
Cherry,Jonas,1402,martin-chuzzlewit
Anthony,Take,1406,martin-chuzzlewit
Take,Anthony,1406,martin-chuzzlewit
Miss,Charity,1409,martin-chuzzlewit
Miss,Merry,1409,martin-chuzzlewit
Miss,Mercy,1409,martin-chuzzlewit
Miss,Mercy,1409,martin-chuzzlewit
Miss,Charity,1409,martin-chuzzlewit
Miss,Jonas,1409,martin-chuzzlewit
Miss,Mrs Todgers,1409,martin-chuzzlewit
Miss,Miss Pecksniff,1409,martin-chuzzlewit
Charity,Miss,1409,martin-chuzzlewit
Charity,Merry,1409,martin-chuzzlewit
Charity,Mercy,1409,martin-chuzzlewit
Charity,Mercy,1409,martin-chuzzlewit
Charity,Jonas,1409,martin-chuzzlewit
Charity,Mrs Todgers,1409,martin-chuzzlewit
Charity,Miss Pecksniff,1409,martin-chuzzlewit
Merry,Miss,1409,martin-chuzzlewit
Merry,Charity,1409,martin-chuzzlewit
Merry,Mercy,1409,martin-chuzzlewit
Merry,Mercy,1409,martin-chuzzlewit
Merry,Charity,1409,martin-chuzzlewit
Merry,Jonas,1409,martin-chuzzlewit
Merry,Mrs Todgers,1409,martin-chuzzlewit
Merry,Miss Pecksniff,1409,martin-chuzzlewit
Mercy,Miss,1409,martin-chuzzlewit
Mercy,Charity,1409,martin-chuzzlewit
Mercy,Merry,1409,martin-chuzzlewit
Mercy,Charity,1409,martin-chuzzlewit
Mercy,Jonas,1409,martin-chuzzlewit
Mercy,Mrs Todgers,1409,martin-chuzzlewit
Mercy,Miss Pecksniff,1409,martin-chuzzlewit
Mercy,Miss,1409,martin-chuzzlewit
Mercy,Charity,1409,martin-chuzzlewit
Mercy,Merry,1409,martin-chuzzlewit
Mercy,Charity,1409,martin-chuzzlewit
Mercy,Jonas,1409,martin-chuzzlewit
Mercy,Mrs Todgers,1409,martin-chuzzlewit
Mercy,Miss Pecksniff,1409,martin-chuzzlewit
Charity,Miss,1409,martin-chuzzlewit
Charity,Merry,1409,martin-chuzzlewit
Charity,Mercy,1409,martin-chuzzlewit
Charity,Mercy,1409,martin-chuzzlewit
Charity,Jonas,1409,martin-chuzzlewit
Charity,Mrs Todgers,1409,martin-chuzzlewit
Charity,Miss Pecksniff,1409,martin-chuzzlewit
Jonas,Miss,1409,martin-chuzzlewit
Jonas,Charity,1409,martin-chuzzlewit
Jonas,Merry,1409,martin-chuzzlewit
Jonas,Mercy,1409,martin-chuzzlewit
Jonas,Mercy,1409,martin-chuzzlewit
Jonas,Charity,1409,martin-chuzzlewit
Jonas,Mrs Todgers,1409,martin-chuzzlewit
Jonas,Miss Pecksniff,1409,martin-chuzzlewit
Mrs Todgers,Miss,1409,martin-chuzzlewit
Mrs Todgers,Charity,1409,martin-chuzzlewit
Mrs Todgers,Merry,1409,martin-chuzzlewit
Mrs Todgers,Mercy,1409,martin-chuzzlewit
Mrs Todgers,Mercy,1409,martin-chuzzlewit
Mrs Todgers,Charity,1409,martin-chuzzlewit
Mrs Todgers,Jonas,1409,martin-chuzzlewit
Mrs Todgers,Miss Pecksniff,1409,martin-chuzzlewit
Miss Pecksniff,Miss,1409,martin-chuzzlewit
Miss Pecksniff,Charity,1409,martin-chuzzlewit
Miss Pecksniff,Merry,1409,martin-chuzzlewit
Miss Pecksniff,Mercy,1409,martin-chuzzlewit
Miss Pecksniff,Mercy,1409,martin-chuzzlewit
Miss Pecksniff,Charity,1409,martin-chuzzlewit
Miss Pecksniff,Jonas,1409,martin-chuzzlewit
Miss Pecksniff,Mrs Todgers,1409,martin-chuzzlewit
Jinkins,Mrs Todgers,1419,martin-chuzzlewit
Jinkins,Mrs Todgers,1419,martin-chuzzlewit
Mrs Todgers,Jinkins,1419,martin-chuzzlewit
Mrs Todgers,Jinkins,1419,martin-chuzzlewit
Mrs Todgers,Jinkins,1420,martin-chuzzlewit
Jinkins,Mrs Todgers,1420,martin-chuzzlewit
Rule Britannia,Great Britain,1421,martin-chuzzlewit
Great Britain,Rule Britannia,1421,martin-chuzzlewit
Bailey,Mercy,1426,martin-chuzzlewit
Mercy,Bailey,1426,martin-chuzzlewit
Miss,Mercy,1430,martin-chuzzlewit
Miss,Bailey,1430,martin-chuzzlewit
Mercy,Miss,1430,martin-chuzzlewit
Mercy,Bailey,1430,martin-chuzzlewit
Bailey,Miss,1430,martin-chuzzlewit
Bailey,Mercy,1430,martin-chuzzlewit
Jinkins,Pecksniff,1438,martin-chuzzlewit
Jinkins,Anthony,1438,martin-chuzzlewit
Pecksniff,Jinkins,1438,martin-chuzzlewit
Pecksniff,Anthony,1438,martin-chuzzlewit
Anthony,Jinkins,1438,martin-chuzzlewit
Anthony,Pecksniff,1438,martin-chuzzlewit
Anthony,Miss Charity,1445,martin-chuzzlewit
Anthony,Pecksniff,1445,martin-chuzzlewit
Miss Charity,Anthony,1445,martin-chuzzlewit
Miss Charity,Pecksniff,1445,martin-chuzzlewit
Pecksniff,Anthony,1445,martin-chuzzlewit
Pecksniff,Miss Charity,1445,martin-chuzzlewit
Mrs Todgers,Jinkins,1459,martin-chuzzlewit
Mrs Todgers,Jinkins,1459,martin-chuzzlewit
Jinkins,Mrs Todgers,1459,martin-chuzzlewit
Jinkins,Mrs Todgers,1459,martin-chuzzlewit
Martin,Tom,1464,martin-chuzzlewit
Martin,Tom,1464,martin-chuzzlewit
Tom,Martin,1464,martin-chuzzlewit
Tom,Martin,1464,martin-chuzzlewit
Tom,Martin,1464,martin-chuzzlewit
Martin,Tom,1464,martin-chuzzlewit
Tom,Martin,1469,martin-chuzzlewit
Martin,Tom,1469,martin-chuzzlewit
Martin,Tom,1469,martin-chuzzlewit
Martin,Tom,1469,martin-chuzzlewit
Tom,Martin,1469,martin-chuzzlewit
Tom,Martin,1469,martin-chuzzlewit
Martin,Pinch,1473,martin-chuzzlewit
Martin,Tom,1473,martin-chuzzlewit
Pinch,Martin,1473,martin-chuzzlewit
Pinch,Tom,1473,martin-chuzzlewit
Tom,Martin,1473,martin-chuzzlewit
Tom,Pinch,1473,martin-chuzzlewit
Martin,Art,1475,martin-chuzzlewit
Art,Martin,1475,martin-chuzzlewit
Tom,Martin,1477,martin-chuzzlewit
Martin,Tom,1477,martin-chuzzlewit
Martin,Tom,1479,martin-chuzzlewit
Tom,Martin,1479,martin-chuzzlewit
Tom,Martin,1481,martin-chuzzlewit
Tom,Thomas Pinch Chuzzlewit,1481,martin-chuzzlewit
Martin,Tom,1481,martin-chuzzlewit
Martin,Tom,1481,martin-chuzzlewit
Martin,Tom,1481,martin-chuzzlewit
Martin,Thomas Pinch Chuzzlewit,1481,martin-chuzzlewit
Tom,Martin,1481,martin-chuzzlewit
Tom,Thomas Pinch Chuzzlewit,1481,martin-chuzzlewit
Tom,Martin,1481,martin-chuzzlewit
Tom,Thomas Pinch Chuzzlewit,1481,martin-chuzzlewit
Thomas Pinch Chuzzlewit,Tom,1481,martin-chuzzlewit
Thomas Pinch Chuzzlewit,Martin,1481,martin-chuzzlewit
Thomas Pinch Chuzzlewit,Tom,1481,martin-chuzzlewit
Thomas Pinch Chuzzlewit,Tom,1481,martin-chuzzlewit
Tom,Martin,1483,martin-chuzzlewit
Martin,Tom,1483,martin-chuzzlewit
Martin,Tom,1485,martin-chuzzlewit
Tom,Martin,1485,martin-chuzzlewit
Tom,Martin,1487,martin-chuzzlewit
Martin,Tom,1487,martin-chuzzlewit
Martin,Tom,1487,martin-chuzzlewit
Tom,Martin,1487,martin-chuzzlewit
Martin,Tom,1489,martin-chuzzlewit
Tom,Martin,1489,martin-chuzzlewit
Martin,Tom,1491,martin-chuzzlewit
Martin,Tom,1491,martin-chuzzlewit
Tom,Martin,1491,martin-chuzzlewit
Tom,Martin,1491,martin-chuzzlewit
Tom Pinch,Fame,1492,martin-chuzzlewit
Tom Pinch,Doubtful,1492,martin-chuzzlewit
Fame,Tom Pinch,1492,martin-chuzzlewit
Fame,Doubtful,1492,martin-chuzzlewit
Doubtful,Tom Pinch,1492,martin-chuzzlewit
Doubtful,Fame,1492,martin-chuzzlewit
Martin,Tom,1494,martin-chuzzlewit
Tom,Martin,1494,martin-chuzzlewit
Martin,Westlock,1498,martin-chuzzlewit
Westlock,Martin,1498,martin-chuzzlewit
Tom,John,1503,martin-chuzzlewit
Tom,Mark,1503,martin-chuzzlewit
John,Tom,1503,martin-chuzzlewit
John,Mark,1503,martin-chuzzlewit
Mark,Tom,1503,martin-chuzzlewit
Mark,John,1503,martin-chuzzlewit
Martin,Pinch,1504,martin-chuzzlewit
Pinch,Martin,1504,martin-chuzzlewit
John,Martin,1506,martin-chuzzlewit
Martin,John,1506,martin-chuzzlewit
Tom,John,1507,martin-chuzzlewit
Tom,Salisbury,1507,martin-chuzzlewit
Tom,John,1507,martin-chuzzlewit
Tom,Pecksniff,1507,martin-chuzzlewit
Tom,John,1507,martin-chuzzlewit
John,Tom,1507,martin-chuzzlewit
John,Salisbury,1507,martin-chuzzlewit
John,Pecksniff,1507,martin-chuzzlewit
John,Tom,1507,martin-chuzzlewit
Salisbury,Tom,1507,martin-chuzzlewit
Salisbury,John,1507,martin-chuzzlewit
Salisbury,John,1507,martin-chuzzlewit
Salisbury,Pecksniff,1507,martin-chuzzlewit
Salisbury,John,1507,martin-chuzzlewit
Salisbury,Tom,1507,martin-chuzzlewit
John,Tom,1507,martin-chuzzlewit
John,Salisbury,1507,martin-chuzzlewit
John,Pecksniff,1507,martin-chuzzlewit
John,Tom,1507,martin-chuzzlewit
Pecksniff,Tom,1507,martin-chuzzlewit
Pecksniff,John,1507,martin-chuzzlewit
Pecksniff,Salisbury,1507,martin-chuzzlewit
Pecksniff,John,1507,martin-chuzzlewit
Pecksniff,John,1507,martin-chuzzlewit
Pecksniff,Tom,1507,martin-chuzzlewit
John,Tom,1507,martin-chuzzlewit
John,Salisbury,1507,martin-chuzzlewit
John,Pecksniff,1507,martin-chuzzlewit
John,Tom,1507,martin-chuzzlewit
Tom,John,1507,martin-chuzzlewit
Tom,Salisbury,1507,martin-chuzzlewit
Tom,John,1507,martin-chuzzlewit
Tom,Pecksniff,1507,martin-chuzzlewit
Tom,John,1507,martin-chuzzlewit
How,Tom,1514,martin-chuzzlewit
Tom,How,1514,martin-chuzzlewit
John Westlock,John,1516,martin-chuzzlewit
John Westlock,John,1516,martin-chuzzlewit
John Westlock,Tom Pinch,1516,martin-chuzzlewit
John,John Westlock,1516,martin-chuzzlewit
John,Tom Pinch,1516,martin-chuzzlewit
John,John Westlock,1516,martin-chuzzlewit
John,Tom Pinch,1516,martin-chuzzlewit
Tom Pinch,John Westlock,1516,martin-chuzzlewit
Tom Pinch,John,1516,martin-chuzzlewit
Tom Pinch,John,1516,martin-chuzzlewit
Tom,Pinch,1518,martin-chuzzlewit
Pinch,Tom,1518,martin-chuzzlewit
John,Tom,1520,martin-chuzzlewit
John,Pecksniff,1520,martin-chuzzlewit
John,Tom Pinch,1520,martin-chuzzlewit
John,Laughter,1520,martin-chuzzlewit
Tom,John,1520,martin-chuzzlewit
Tom,Pecksniff,1520,martin-chuzzlewit
Tom,Tom Pinch,1520,martin-chuzzlewit
Tom,Laughter,1520,martin-chuzzlewit
Pecksniff,John,1520,martin-chuzzlewit
Pecksniff,Tom,1520,martin-chuzzlewit
Pecksniff,Tom Pinch,1520,martin-chuzzlewit
Pecksniff,Laughter,1520,martin-chuzzlewit
Tom Pinch,John,1520,martin-chuzzlewit
Tom Pinch,Tom,1520,martin-chuzzlewit
Tom Pinch,Pecksniff,1520,martin-chuzzlewit
Tom Pinch,Laughter,1520,martin-chuzzlewit
Laughter,John,1520,martin-chuzzlewit
Laughter,Tom,1520,martin-chuzzlewit
Laughter,Pecksniff,1520,martin-chuzzlewit
Laughter,Tom Pinch,1520,martin-chuzzlewit
Tom,John Westlock,1521,martin-chuzzlewit
John Westlock,Tom,1521,martin-chuzzlewit
John,Tom Pinch,1525,martin-chuzzlewit
Tom Pinch,John,1525,martin-chuzzlewit
Tom Pinch,John,1525,martin-chuzzlewit
Tom Pinch,John,1525,martin-chuzzlewit
Tom Pinch,John,1525,martin-chuzzlewit
John,Tom Pinch,1525,martin-chuzzlewit
John,Tom Pinch,1525,martin-chuzzlewit
John,Tom Pinch,1525,martin-chuzzlewit
John Westlock,Tom,1527,martin-chuzzlewit
John Westlock,Pecksniff,1527,martin-chuzzlewit
John Westlock,Tom,1527,martin-chuzzlewit
John Westlock,Pecksniff,1527,martin-chuzzlewit
John Westlock,Tom Pinch,1527,martin-chuzzlewit
Tom,John Westlock,1527,martin-chuzzlewit
Tom,Pecksniff,1527,martin-chuzzlewit
Tom,Pecksniff,1527,martin-chuzzlewit
Tom,Tom Pinch,1527,martin-chuzzlewit
Pecksniff,John Westlock,1527,martin-chuzzlewit
Pecksniff,Tom,1527,martin-chuzzlewit
Pecksniff,Tom,1527,martin-chuzzlewit
Pecksniff,Tom Pinch,1527,martin-chuzzlewit
Tom,John Westlock,1527,martin-chuzzlewit
Tom,Pecksniff,1527,martin-chuzzlewit
Tom,Pecksniff,1527,martin-chuzzlewit
Tom,Tom Pinch,1527,martin-chuzzlewit
Pecksniff,John Westlock,1527,martin-chuzzlewit
Pecksniff,Tom,1527,martin-chuzzlewit
Pecksniff,Tom,1527,martin-chuzzlewit
Pecksniff,Tom Pinch,1527,martin-chuzzlewit
Tom Pinch,John Westlock,1527,martin-chuzzlewit
Tom Pinch,Tom,1527,martin-chuzzlewit
Tom Pinch,Pecksniff,1527,martin-chuzzlewit
Tom Pinch,Tom,1527,martin-chuzzlewit
Tom Pinch,Pecksniff,1527,martin-chuzzlewit
Martin,Pinch,1528,martin-chuzzlewit
Pinch,Martin,1528,martin-chuzzlewit
John,Tom,1531,martin-chuzzlewit
Tom,John,1531,martin-chuzzlewit
John,Pecksniff,1537,martin-chuzzlewit
Pecksniff,John,1537,martin-chuzzlewit
Martin,Pecksniff,1538,martin-chuzzlewit
Pecksniff,Martin,1538,martin-chuzzlewit
Pinch,John,1543,martin-chuzzlewit
John,Pinch,1543,martin-chuzzlewit
Hush,Pinch,1559,martin-chuzzlewit
Hush,Strange,1559,martin-chuzzlewit
Pinch,Hush,1559,martin-chuzzlewit
Pinch,Strange,1559,martin-chuzzlewit
Strange,Hush,1559,martin-chuzzlewit
Strange,Pinch,1559,martin-chuzzlewit
Tom,Tom Pinch,1560,martin-chuzzlewit
Tom Pinch,Tom,1560,martin-chuzzlewit
John,Tom,1564,martin-chuzzlewit
Tom,John,1564,martin-chuzzlewit
Tom,John Westlock,1566,martin-chuzzlewit
Tom,Pinch,1566,martin-chuzzlewit
John Westlock,Tom,1566,martin-chuzzlewit
John Westlock,Pinch,1566,martin-chuzzlewit
John Westlock,Tom,1566,martin-chuzzlewit
Pinch,Tom,1566,martin-chuzzlewit
Pinch,John Westlock,1566,martin-chuzzlewit
Pinch,Tom,1566,martin-chuzzlewit
Tom,John Westlock,1566,martin-chuzzlewit
Tom,Pinch,1566,martin-chuzzlewit
Tom,John,1567,martin-chuzzlewit
John,Tom,1567,martin-chuzzlewit
Martin,John Westlock,1569,martin-chuzzlewit
Martin,Pecksniff,1569,martin-chuzzlewit
John Westlock,Martin,1569,martin-chuzzlewit
John Westlock,Pecksniff,1569,martin-chuzzlewit
Pecksniff,Martin,1569,martin-chuzzlewit
Pecksniff,John Westlock,1569,martin-chuzzlewit
Tom,John,1572,martin-chuzzlewit
John,Tom,1572,martin-chuzzlewit
Tom Pinch,John,1574,martin-chuzzlewit
John,Tom Pinch,1574,martin-chuzzlewit
Martin,Tom,1575,martin-chuzzlewit
Tom,Martin,1575,martin-chuzzlewit
Pinch,John,1576,martin-chuzzlewit
John,Pinch,1576,martin-chuzzlewit
Pecksniff,Tom,1577,martin-chuzzlewit
Tom,Pecksniff,1577,martin-chuzzlewit
Tom,Pecksniff,1577,martin-chuzzlewit
Tom,Pecksniff,1577,martin-chuzzlewit
Pecksniff,Tom,1577,martin-chuzzlewit
Pecksniff,Tom,1577,martin-chuzzlewit
Tom,John,1578,martin-chuzzlewit
Tom,Pecksniff,1578,martin-chuzzlewit
John,Tom,1578,martin-chuzzlewit
John,Pecksniff,1578,martin-chuzzlewit
Pecksniff,Tom,1578,martin-chuzzlewit
Pecksniff,John,1578,martin-chuzzlewit
John Westlock,Pecksniff,1579,martin-chuzzlewit
Pecksniff,John Westlock,1579,martin-chuzzlewit
John Westlock,Martin Chuzzlewit,1580,martin-chuzzlewit
John Westlock,Tom Pinch,1580,martin-chuzzlewit
John Westlock,Tom,1580,martin-chuzzlewit
John Westlock,Tom,1580,martin-chuzzlewit
John Westlock,Pinch,1580,martin-chuzzlewit
Martin Chuzzlewit,John Westlock,1580,martin-chuzzlewit
Martin Chuzzlewit,Tom Pinch,1580,martin-chuzzlewit
Martin Chuzzlewit,Tom,1580,martin-chuzzlewit
Martin Chuzzlewit,Tom,1580,martin-chuzzlewit
Martin Chuzzlewit,Pinch,1580,martin-chuzzlewit
Tom Pinch,John Westlock,1580,martin-chuzzlewit
Tom Pinch,Martin Chuzzlewit,1580,martin-chuzzlewit
Tom Pinch,Tom,1580,martin-chuzzlewit
Tom Pinch,Tom,1580,martin-chuzzlewit
Tom Pinch,Pinch,1580,martin-chuzzlewit
Tom,John Westlock,1580,martin-chuzzlewit
Tom,Martin Chuzzlewit,1580,martin-chuzzlewit
Tom,Tom Pinch,1580,martin-chuzzlewit
Tom,Pinch,1580,martin-chuzzlewit
Tom,John Westlock,1580,martin-chuzzlewit
Tom,Martin Chuzzlewit,1580,martin-chuzzlewit
Tom,Tom Pinch,1580,martin-chuzzlewit
Tom,Pinch,1580,martin-chuzzlewit
Pinch,John Westlock,1580,martin-chuzzlewit
Pinch,Martin Chuzzlewit,1580,martin-chuzzlewit
Pinch,Tom Pinch,1580,martin-chuzzlewit
Pinch,Tom,1580,martin-chuzzlewit
Pinch,Tom,1580,martin-chuzzlewit
John Westlock,Pinch,1581,martin-chuzzlewit
John Westlock,John,1581,martin-chuzzlewit
Pinch,John Westlock,1581,martin-chuzzlewit
Pinch,John,1581,martin-chuzzlewit
John,John Westlock,1581,martin-chuzzlewit
John,Pinch,1581,martin-chuzzlewit
John,Tom,1584,martin-chuzzlewit
Tom,John,1584,martin-chuzzlewit
John Westlock,Tom,1586,martin-chuzzlewit
Tom,John Westlock,1586,martin-chuzzlewit
Tom Pinch,John,1593,martin-chuzzlewit
John,Tom Pinch,1593,martin-chuzzlewit
Tom,John,1597,martin-chuzzlewit
John,Tom,1597,martin-chuzzlewit
John Westlock,Tom Pinch,1604,martin-chuzzlewit
Tom Pinch,John Westlock,1604,martin-chuzzlewit
John Westlock,Tom Pinch,1605,martin-chuzzlewit
John Westlock,Martin,1605,martin-chuzzlewit
Tom Pinch,John Westlock,1605,martin-chuzzlewit
Tom Pinch,Martin,1605,martin-chuzzlewit
Martin,John Westlock,1605,martin-chuzzlewit
Martin,Tom Pinch,1605,martin-chuzzlewit
Young Westlock,Tom,1606,martin-chuzzlewit
Young Westlock,Martin,1606,martin-chuzzlewit
Young Westlock,Tom,1606,martin-chuzzlewit
Tom,Young Westlock,1606,martin-chuzzlewit
Tom,Martin,1606,martin-chuzzlewit
Martin,Young Westlock,1606,martin-chuzzlewit
Martin,Tom,1606,martin-chuzzlewit
Martin,Tom,1606,martin-chuzzlewit
Tom,Young Westlock,1606,martin-chuzzlewit
Tom,Martin,1606,martin-chuzzlewit
Martin,Tom,1607,martin-chuzzlewit
Martin,Pecksniff,1607,martin-chuzzlewit
Martin,Pinch,1607,martin-chuzzlewit
Martin,Pecksniff,1607,martin-chuzzlewit
Tom,Martin,1607,martin-chuzzlewit
Tom,Pecksniff,1607,martin-chuzzlewit
Tom,Pinch,1607,martin-chuzzlewit
Tom,Pecksniff,1607,martin-chuzzlewit
Pecksniff,Martin,1607,martin-chuzzlewit
Pecksniff,Tom,1607,martin-chuzzlewit
Pecksniff,Pinch,1607,martin-chuzzlewit
Pinch,Martin,1607,martin-chuzzlewit
Pinch,Tom,1607,martin-chuzzlewit
Pinch,Pecksniff,1607,martin-chuzzlewit
Pinch,Pecksniff,1607,martin-chuzzlewit
Pecksniff,Martin,1607,martin-chuzzlewit
Pecksniff,Tom,1607,martin-chuzzlewit
Pecksniff,Pinch,1607,martin-chuzzlewit
Martin,Tom,1608,martin-chuzzlewit
Tom,Martin,1608,martin-chuzzlewit
Martin,Pecksniff,1609,martin-chuzzlewit
Martin,Arab,1609,martin-chuzzlewit
Martin,Pinch,1609,martin-chuzzlewit
Martin,Tom,1609,martin-chuzzlewit
Pecksniff,Martin,1609,martin-chuzzlewit
Pecksniff,Arab,1609,martin-chuzzlewit
Pecksniff,Martin,1609,martin-chuzzlewit
Pecksniff,Pinch,1609,martin-chuzzlewit
Pecksniff,Tom,1609,martin-chuzzlewit
Arab,Martin,1609,martin-chuzzlewit
Arab,Pecksniff,1609,martin-chuzzlewit
Arab,Martin,1609,martin-chuzzlewit
Arab,Pinch,1609,martin-chuzzlewit
Arab,Tom,1609,martin-chuzzlewit
Martin,Pecksniff,1609,martin-chuzzlewit
Martin,Arab,1609,martin-chuzzlewit
Martin,Pinch,1609,martin-chuzzlewit
Martin,Tom,1609,martin-chuzzlewit
Pinch,Martin,1609,martin-chuzzlewit
Pinch,Pecksniff,1609,martin-chuzzlewit
Pinch,Arab,1609,martin-chuzzlewit
Pinch,Martin,1609,martin-chuzzlewit
Pinch,Tom,1609,martin-chuzzlewit
Tom,Martin,1609,martin-chuzzlewit
Tom,Pecksniff,1609,martin-chuzzlewit
Tom,Arab,1609,martin-chuzzlewit
Tom,Martin,1609,martin-chuzzlewit
Tom,Pinch,1609,martin-chuzzlewit
Pecksniff,Tom Pinch,1610,martin-chuzzlewit
Tom Pinch,Pecksniff,1610,martin-chuzzlewit
Tom,Chuzzlewit,1612,martin-chuzzlewit
Chuzzlewit,Tom,1612,martin-chuzzlewit
Pecksniff,Martin,1614,martin-chuzzlewit
Martin,Pecksniff,1614,martin-chuzzlewit
Martin,Pecksniff,1614,martin-chuzzlewit
Martin,Pecksniff,1614,martin-chuzzlewit
Pecksniff,Martin,1614,martin-chuzzlewit
Pecksniff,Martin,1614,martin-chuzzlewit
Martin,Tom,1615,martin-chuzzlewit
Tom,Martin,1615,martin-chuzzlewit
Martin,Tom,1620,martin-chuzzlewit
Tom,Martin,1620,martin-chuzzlewit
Tom,Pecksniff,1621,martin-chuzzlewit
Tom,Pecksniff,1621,martin-chuzzlewit
Pecksniff,Tom,1621,martin-chuzzlewit
Pecksniff,Tom,1621,martin-chuzzlewit
Pecksniff,Tom,1621,martin-chuzzlewit
Pecksniff,Tom,1621,martin-chuzzlewit
Pecksniff,Tom,1621,martin-chuzzlewit
Pecksniff,Tom,1621,martin-chuzzlewit
Tom,Pecksniff,1621,martin-chuzzlewit
Tom,Pecksniff,1621,martin-chuzzlewit
Tom,Pecksniff,1621,martin-chuzzlewit
Tom,Pecksniff,1621,martin-chuzzlewit
Pecksniff,Pray,1622,martin-chuzzlewit
Pray,Pecksniff,1622,martin-chuzzlewit
Tom,Martin,1623,martin-chuzzlewit
Martin,Tom,1623,martin-chuzzlewit
Pecksniff,Thomas,1626,martin-chuzzlewit
Thomas,Pecksniff,1626,martin-chuzzlewit
Pinch,Martin,1627,martin-chuzzlewit
Martin,Pinch,1627,martin-chuzzlewit
Tom Pinch,Thomas,1629,martin-chuzzlewit
Thomas,Tom Pinch,1629,martin-chuzzlewit
Tom,Pecksniff,1631,martin-chuzzlewit
Tom,Martin,1631,martin-chuzzlewit
Pecksniff,Tom,1631,martin-chuzzlewit
Pecksniff,Martin,1631,martin-chuzzlewit
Martin,Tom,1631,martin-chuzzlewit
Martin,Pecksniff,1631,martin-chuzzlewit
Martin,Pecksniff,1638,martin-chuzzlewit
Pecksniff,Martin,1638,martin-chuzzlewit
Martin,Tom Pinch,1642,martin-chuzzlewit
Martin,Pecksniff,1642,martin-chuzzlewit
Tom Pinch,Martin,1642,martin-chuzzlewit
Tom Pinch,Pecksniff,1642,martin-chuzzlewit
Pecksniff,Martin,1642,martin-chuzzlewit
Pecksniff,Tom Pinch,1642,martin-chuzzlewit
Pinch,Martin,1643,martin-chuzzlewit
Martin,Pinch,1643,martin-chuzzlewit
Martin,Pinch,1643,martin-chuzzlewit
Pinch,Martin,1643,martin-chuzzlewit
Martin,Pinch,1645,martin-chuzzlewit
Pinch,Martin,1645,martin-chuzzlewit
Tom Pinch,Martin,1661,martin-chuzzlewit
Martin,Tom Pinch,1661,martin-chuzzlewit
Pinch,Tom Pinch,1664,martin-chuzzlewit
Pinch,Tom,1664,martin-chuzzlewit
Tom Pinch,Pinch,1664,martin-chuzzlewit
Tom Pinch,Tom,1664,martin-chuzzlewit
Tom,Pinch,1664,martin-chuzzlewit
Tom,Tom Pinch,1664,martin-chuzzlewit
Martin,Tom,1667,martin-chuzzlewit
Tom,Martin,1667,martin-chuzzlewit
Martin,William Simmons,1701,martin-chuzzlewit
Martin,Bill,1701,martin-chuzzlewit
William Simmons,Martin,1701,martin-chuzzlewit
William Simmons,Bill,1701,martin-chuzzlewit
Bill,Martin,1701,martin-chuzzlewit
Bill,William Simmons,1701,martin-chuzzlewit
Bill,Ned,1712,martin-chuzzlewit
Ned,Bill,1712,martin-chuzzlewit
York,Martin,1713,martin-chuzzlewit
Martin,York,1713,martin-chuzzlewit
Bill,Old York,1714,martin-chuzzlewit
Bill,Ned,1714,martin-chuzzlewit
Bill,Ale Columbia,1714,martin-chuzzlewit
Bill,Anyhow,1714,martin-chuzzlewit
Old York,Bill,1714,martin-chuzzlewit
Old York,Ned,1714,martin-chuzzlewit
Old York,Ale Columbia,1714,martin-chuzzlewit
Old York,Anyhow,1714,martin-chuzzlewit
Ned,Bill,1714,martin-chuzzlewit
Ned,Old York,1714,martin-chuzzlewit
Ned,Ale Columbia,1714,martin-chuzzlewit
Ned,Anyhow,1714,martin-chuzzlewit
Ale Columbia,Bill,1714,martin-chuzzlewit
Ale Columbia,Old York,1714,martin-chuzzlewit
Ale Columbia,Ned,1714,martin-chuzzlewit
Ale Columbia,Anyhow,1714,martin-chuzzlewit
Anyhow,Bill,1714,martin-chuzzlewit
Anyhow,Old York,1714,martin-chuzzlewit
Anyhow,Ned,1714,martin-chuzzlewit
Anyhow,Ale Columbia,1714,martin-chuzzlewit
Hounslow,Martin,1720,martin-chuzzlewit
Hounslow,Martin,1720,martin-chuzzlewit
Martin,Hounslow,1720,martin-chuzzlewit
Martin,Hounslow,1720,martin-chuzzlewit
Mayfair,Park Lane,1734,martin-chuzzlewit
Park Lane,Mayfair,1734,martin-chuzzlewit
Martin,Modern History,1738,martin-chuzzlewit
Martin,David,1738,martin-chuzzlewit
Modern History,Martin,1738,martin-chuzzlewit
Modern History,David,1738,martin-chuzzlewit
David,Martin,1738,martin-chuzzlewit
David,Modern History,1738,martin-chuzzlewit
Smivey,Chicken Smivey,1742,martin-chuzzlewit
Smivey,Martin,1742,martin-chuzzlewit
Chicken Smivey,Smivey,1742,martin-chuzzlewit
Chicken Smivey,Martin,1742,martin-chuzzlewit
Martin,Smivey,1742,martin-chuzzlewit
Martin,Chicken Smivey,1742,martin-chuzzlewit
Tigg,Martin,1748,martin-chuzzlewit
Martin,Tigg,1748,martin-chuzzlewit
Martin,Tigg,1751,martin-chuzzlewit
Martin,Tigg,1751,martin-chuzzlewit
Tigg,Martin,1751,martin-chuzzlewit
Tigg,Martin,1751,martin-chuzzlewit
Martin,Tigg,1753,martin-chuzzlewit
Martin,Earl,1753,martin-chuzzlewit
Martin,Marquis,1753,martin-chuzzlewit
Tigg,Martin,1753,martin-chuzzlewit
Tigg,Earl,1753,martin-chuzzlewit
Tigg,Marquis,1753,martin-chuzzlewit
Tigg,Martin,1753,martin-chuzzlewit
Earl,Martin,1753,martin-chuzzlewit
Earl,Tigg,1753,martin-chuzzlewit
Earl,Marquis,1753,martin-chuzzlewit
Earl,Martin,1753,martin-chuzzlewit
Marquis,Martin,1753,martin-chuzzlewit
Marquis,Tigg,1753,martin-chuzzlewit
Marquis,Earl,1753,martin-chuzzlewit
Marquis,Martin,1753,martin-chuzzlewit
Martin,Tigg,1753,martin-chuzzlewit
Martin,Earl,1753,martin-chuzzlewit
Martin,Marquis,1753,martin-chuzzlewit
Tigg,Slyme,1754,martin-chuzzlewit
Tigg,Martin,1754,martin-chuzzlewit
Tigg,Slyme,1754,martin-chuzzlewit
Tigg,Martin,1754,martin-chuzzlewit
Slyme,Tigg,1754,martin-chuzzlewit
Slyme,Martin,1754,martin-chuzzlewit
Slyme,Tigg,1754,martin-chuzzlewit
Slyme,Tigg,1754,martin-chuzzlewit
Slyme,Martin,1754,martin-chuzzlewit
Martin,Tigg,1754,martin-chuzzlewit
Martin,Slyme,1754,martin-chuzzlewit
Martin,Tigg,1754,martin-chuzzlewit
Martin,Tigg,1754,martin-chuzzlewit
Martin,Slyme,1754,martin-chuzzlewit
Tigg,Slyme,1754,martin-chuzzlewit
Tigg,Martin,1754,martin-chuzzlewit
Tigg,Slyme,1754,martin-chuzzlewit
Tigg,Martin,1754,martin-chuzzlewit
Tigg,Slyme,1754,martin-chuzzlewit
Tigg,Martin,1754,martin-chuzzlewit
Tigg,Slyme,1754,martin-chuzzlewit
Tigg,Martin,1754,martin-chuzzlewit
Slyme,Tigg,1754,martin-chuzzlewit
Slyme,Martin,1754,martin-chuzzlewit
Slyme,Tigg,1754,martin-chuzzlewit
Slyme,Tigg,1754,martin-chuzzlewit
Slyme,Martin,1754,martin-chuzzlewit
Martin,Tigg,1754,martin-chuzzlewit
Martin,Slyme,1754,martin-chuzzlewit
Martin,Tigg,1754,martin-chuzzlewit
Martin,Tigg,1754,martin-chuzzlewit
Martin,Slyme,1754,martin-chuzzlewit
Tom Pinch,Pecksniff,1755,martin-chuzzlewit
Pecksniff,Tom Pinch,1755,martin-chuzzlewit
Bard,Christian Knowledge,1757,martin-chuzzlewit
Christian Knowledge,Bard,1757,martin-chuzzlewit
John Westlock,John,1759,martin-chuzzlewit
John Westlock,Tom,1759,martin-chuzzlewit
John,John Westlock,1759,martin-chuzzlewit
John,Tom,1759,martin-chuzzlewit
Tom,John Westlock,1759,martin-chuzzlewit
Tom,John,1759,martin-chuzzlewit
Martin,Twenty Pounds,1764,martin-chuzzlewit
Twenty Pounds,Martin,1764,martin-chuzzlewit
Mark,Martin,1790,martin-chuzzlewit
Martin,Mark,1790,martin-chuzzlewit
Mark,Makeshifts,1796,martin-chuzzlewit
Makeshifts,Mark,1796,martin-chuzzlewit
Martin,Mark,1812,martin-chuzzlewit
Mark,Martin,1812,martin-chuzzlewit
Martin,Tapley,1817,martin-chuzzlewit
Martin,Mark,1817,martin-chuzzlewit
Tapley,Martin,1817,martin-chuzzlewit
Tapley,Mark,1817,martin-chuzzlewit
Mark,Martin,1817,martin-chuzzlewit
Mark,Tapley,1817,martin-chuzzlewit
Mark,Martin,1819,martin-chuzzlewit
Martin,Mark,1819,martin-chuzzlewit
Mark,Mark Tapley,1821,martin-chuzzlewit
Mark Tapley,Mark,1821,martin-chuzzlewit
Mark Tapley,Mark,1821,martin-chuzzlewit
Mark,Mark Tapley,1821,martin-chuzzlewit
Martin,Tapley,1822,martin-chuzzlewit
Tapley,Martin,1822,martin-chuzzlewit
Tapley,Martin,1822,martin-chuzzlewit
Martin,Tapley,1822,martin-chuzzlewit
Martin,Tapley,1825,martin-chuzzlewit
Martin,Mark,1825,martin-chuzzlewit
Tapley,Martin,1825,martin-chuzzlewit
Tapley,Mark,1825,martin-chuzzlewit
Tapley,Martin,1825,martin-chuzzlewit
Mark,Martin,1825,martin-chuzzlewit
Mark,Tapley,1825,martin-chuzzlewit
Mark,Martin,1825,martin-chuzzlewit
Martin,Tapley,1825,martin-chuzzlewit
Martin,Mark,1825,martin-chuzzlewit
Martin,Mark,1839,martin-chuzzlewit
Mark,Martin,1839,martin-chuzzlewit
Mark,Jane,1844,martin-chuzzlewit
Mark,Martin,1844,martin-chuzzlewit
Jane,Mark,1844,martin-chuzzlewit
Jane,Martin,1844,martin-chuzzlewit
Martin,Mark,1844,martin-chuzzlewit
Martin,Jane,1844,martin-chuzzlewit
Mark Tapley,Chuzzlewit,1848,martin-chuzzlewit
Mark Tapley,James,1848,martin-chuzzlewit
Mark Tapley,Mark,1848,martin-chuzzlewit
Mark Tapley,Martin,1848,martin-chuzzlewit
Chuzzlewit,Mark Tapley,1848,martin-chuzzlewit
Chuzzlewit,James,1848,martin-chuzzlewit
Chuzzlewit,Mark,1848,martin-chuzzlewit
Chuzzlewit,Martin,1848,martin-chuzzlewit
James,Mark Tapley,1848,martin-chuzzlewit
James,Chuzzlewit,1848,martin-chuzzlewit
James,Mark,1848,martin-chuzzlewit
James,Martin,1848,martin-chuzzlewit
Mark,Mark Tapley,1848,martin-chuzzlewit
Mark,Chuzzlewit,1848,martin-chuzzlewit
Mark,James,1848,martin-chuzzlewit
Mark,Martin,1848,martin-chuzzlewit
Martin,Mark Tapley,1848,martin-chuzzlewit
Martin,Chuzzlewit,1848,martin-chuzzlewit
Martin,James,1848,martin-chuzzlewit
Martin,Mark,1848,martin-chuzzlewit
Martin,Mary,1852,martin-chuzzlewit
Mary,Martin,1852,martin-chuzzlewit
Martin,Mary,1859,martin-chuzzlewit
Mary,Martin,1859,martin-chuzzlewit
Martin,Mary,1861,martin-chuzzlewit
Mary,Martin,1861,martin-chuzzlewit
Martin,Mary,1867,martin-chuzzlewit
Mary,Martin,1867,martin-chuzzlewit
Martin,Mary,1869,martin-chuzzlewit
Martin,Pecksniff,1869,martin-chuzzlewit
Mary,Martin,1869,martin-chuzzlewit
Mary,Pecksniff,1869,martin-chuzzlewit
Pecksniff,Martin,1869,martin-chuzzlewit
Pecksniff,Mary,1869,martin-chuzzlewit
Martin,Mary,1875,martin-chuzzlewit
Martin,Pecksniff,1875,martin-chuzzlewit
Mary,Martin,1875,martin-chuzzlewit
Mary,Pecksniff,1875,martin-chuzzlewit
Pecksniff,Martin,1875,martin-chuzzlewit
Pecksniff,Mary,1875,martin-chuzzlewit
Martin,Tom Pinch,1889,martin-chuzzlewit
Martin,Tom Pinch,1889,martin-chuzzlewit
Tom Pinch,Martin,1889,martin-chuzzlewit
Tom Pinch,Martin,1889,martin-chuzzlewit
Martin,Tom Pinch,1889,martin-chuzzlewit
Martin,Tom Pinch,1889,martin-chuzzlewit
Tom Pinch,Martin,1889,martin-chuzzlewit
Tom Pinch,Martin,1889,martin-chuzzlewit
Martin,Tom Pinch,1891,martin-chuzzlewit
Tom Pinch,Martin,1891,martin-chuzzlewit
Tom Pinch,Martin,1891,martin-chuzzlewit
Martin,Tom Pinch,1891,martin-chuzzlewit
Martin,Mark Tapley,1893,martin-chuzzlewit
Mark Tapley,Martin,1893,martin-chuzzlewit
Mark Tapley,Martin,1893,martin-chuzzlewit
Martin,Mark Tapley,1893,martin-chuzzlewit
Pinch,Martin,1895,martin-chuzzlewit
Martin,Pinch,1895,martin-chuzzlewit
Pinch,Martin,1899,martin-chuzzlewit
Martin,Pinch,1899,martin-chuzzlewit
Martin,Pinch,1903,martin-chuzzlewit
Pinch,Martin,1903,martin-chuzzlewit
Tom Pinch,Martin Chuzzlewit,1905,martin-chuzzlewit
Tom Pinch,Martin,1905,martin-chuzzlewit
Martin Chuzzlewit,Tom Pinch,1905,martin-chuzzlewit
Martin Chuzzlewit,Martin,1905,martin-chuzzlewit
Martin,Tom Pinch,1905,martin-chuzzlewit
Martin,Martin Chuzzlewit,1905,martin-chuzzlewit
Mary,Martin,1908,martin-chuzzlewit
Martin,Mary,1908,martin-chuzzlewit
Martin,Mary,1913,martin-chuzzlewit
Mary,Martin,1913,martin-chuzzlewit
Martin,God,1917,martin-chuzzlewit
God,Martin,1917,martin-chuzzlewit
Martin,God,1921,martin-chuzzlewit
God,Martin,1921,martin-chuzzlewit
Twenty,Mark,1925,martin-chuzzlewit
Mark,Twenty,1925,martin-chuzzlewit
Mark,Mary,1929,martin-chuzzlewit
Mark,Martin,1929,martin-chuzzlewit
Mark,Tapley,1929,martin-chuzzlewit
Mary,Mark,1929,martin-chuzzlewit
Mary,Martin,1929,martin-chuzzlewit
Mary,Tapley,1929,martin-chuzzlewit
Martin,Mark,1929,martin-chuzzlewit
Martin,Mary,1929,martin-chuzzlewit
Martin,Tapley,1929,martin-chuzzlewit
Tapley,Mark,1929,martin-chuzzlewit
Tapley,Mary,1929,martin-chuzzlewit
Tapley,Martin,1929,martin-chuzzlewit
Martin,Mark,1933,martin-chuzzlewit
Mark,Martin,1933,martin-chuzzlewit
Mark,Tapley,1934,martin-chuzzlewit
Mark,Martin,1934,martin-chuzzlewit
Mark,Martin,1934,martin-chuzzlewit
Mark,Martin,1934,martin-chuzzlewit
Tapley,Mark,1934,martin-chuzzlewit
Tapley,Martin,1934,martin-chuzzlewit
Tapley,Martin,1934,martin-chuzzlewit
Tapley,Mark,1934,martin-chuzzlewit
Tapley,Martin,1934,martin-chuzzlewit
Martin,Mark,1934,martin-chuzzlewit
Martin,Tapley,1934,martin-chuzzlewit
Martin,Mark,1934,martin-chuzzlewit
Martin,Mark,1934,martin-chuzzlewit
Martin,Tapley,1934,martin-chuzzlewit
Martin,Mark,1934,martin-chuzzlewit
Mark,Tapley,1934,martin-chuzzlewit
Mark,Martin,1934,martin-chuzzlewit
Mark,Martin,1934,martin-chuzzlewit
Mark,Martin,1934,martin-chuzzlewit
Martin,Mark,1934,martin-chuzzlewit
Martin,Tapley,1934,martin-chuzzlewit
Martin,Mark,1934,martin-chuzzlewit
Mark Tapley,Martin,1936,martin-chuzzlewit
Martin,Mark Tapley,1936,martin-chuzzlewit
Martin,Mark Tapley,1947,martin-chuzzlewit
Martin,Tapley,1947,martin-chuzzlewit
Mark Tapley,Martin,1947,martin-chuzzlewit
Mark Tapley,Tapley,1947,martin-chuzzlewit
Tapley,Martin,1947,martin-chuzzlewit
Tapley,Mark Tapley,1947,martin-chuzzlewit
Mark,Virtue,1958,martin-chuzzlewit
Virtue,Mark,1958,martin-chuzzlewit
Mark,Screw,1959,martin-chuzzlewit
Screw,Mark,1959,martin-chuzzlewit
Screw,Mark,1959,martin-chuzzlewit
Mark,Screw,1959,martin-chuzzlewit
Mark,Martin,1963,martin-chuzzlewit
Martin,Mark,1963,martin-chuzzlewit
Martin,Tapley,1976,martin-chuzzlewit
Tapley,Martin,1976,martin-chuzzlewit
Tapley,Martin,1976,martin-chuzzlewit
Martin,Tapley,1976,martin-chuzzlewit
Mark,Mark Tapley,1978,martin-chuzzlewit
Mark Tapley,Mark,1978,martin-chuzzlewit
Mark,Martin,1980,martin-chuzzlewit
Martin,Mark,1980,martin-chuzzlewit
Mark,Martin,1993,martin-chuzzlewit
Martin,Mark,1993,martin-chuzzlewit
Mark,Martin,1997,martin-chuzzlewit
Martin,Mark,1997,martin-chuzzlewit
Party Feeling,Freedom,2003,martin-chuzzlewit
Freedom,Party Feeling,2003,martin-chuzzlewit
Family Spy,Keyhole Reporter,2004,martin-chuzzlewit
Family Spy,Rowdy Journal,2004,martin-chuzzlewit
Family Spy,Bowie,2004,martin-chuzzlewit
Keyhole Reporter,Family Spy,2004,martin-chuzzlewit
Keyhole Reporter,Rowdy Journal,2004,martin-chuzzlewit
Keyhole Reporter,Bowie,2004,martin-chuzzlewit
Rowdy Journal,Family Spy,2004,martin-chuzzlewit
Rowdy Journal,Keyhole Reporter,2004,martin-chuzzlewit
Rowdy Journal,Bowie,2004,martin-chuzzlewit
Bowie,Family Spy,2004,martin-chuzzlewit
Bowie,Keyhole Reporter,2004,martin-chuzzlewit
Bowie,Rowdy Journal,2004,martin-chuzzlewit
Colonel Diver,Rowdy Journal,2034,martin-chuzzlewit
Rowdy Journal,Colonel Diver,2034,martin-chuzzlewit
Martin,Mark,2054,martin-chuzzlewit
Mark,Martin,2054,martin-chuzzlewit
Mark,Martin,2054,martin-chuzzlewit
Martin,Mark,2054,martin-chuzzlewit
Rowdy Journals,Martin,2056,martin-chuzzlewit
Martin,Rowdy Journals,2056,martin-chuzzlewit
Jefferson Brick,Europe,2062,martin-chuzzlewit
Jefferson Brick,Europe,2062,martin-chuzzlewit
Europe,Jefferson Brick,2062,martin-chuzzlewit
Europe,Jefferson Brick,2062,martin-chuzzlewit
Europe,Jefferson Brick,2062,martin-chuzzlewit
Jefferson Brick,Europe,2062,martin-chuzzlewit
Brick,Saint James,2064,martin-chuzzlewit
Saint James,Brick,2064,martin-chuzzlewit
Jefferson Brick,Martin,2075,martin-chuzzlewit
Martin,Jefferson Brick,2075,martin-chuzzlewit
Rowdy,Jefferson Brick,2079,martin-chuzzlewit
Jefferson Brick,Rowdy,2079,martin-chuzzlewit
Colonel Diver,Martin,2103,martin-chuzzlewit
Martin,Colonel Diver,2103,martin-chuzzlewit
Jefferson Brick,Martin,2113,martin-chuzzlewit
Martin,Jefferson Brick,2113,martin-chuzzlewit
Martin,Jefferson Brick,2115,martin-chuzzlewit
Jefferson Brick,Martin,2115,martin-chuzzlewit
Hence,Pawkins,2125,martin-chuzzlewit
Hence,Major Pawkins,2125,martin-chuzzlewit
Pawkins,Hence,2125,martin-chuzzlewit
Pawkins,Major Pawkins,2125,martin-chuzzlewit
Major Pawkins,Hence,2125,martin-chuzzlewit
Major Pawkins,Pawkins,2125,martin-chuzzlewit
Major Pawkins,Martin,2136,martin-chuzzlewit
Martin,Major Pawkins,2136,martin-chuzzlewit
Martin,Jefferson Brick,2139,martin-chuzzlewit
Martin,Jefferson Brick,2139,martin-chuzzlewit
Jefferson Brick,Martin,2139,martin-chuzzlewit
Jefferson Brick,Martin,2139,martin-chuzzlewit
Jefferson Brick,Martin,2139,martin-chuzzlewit
Jefferson Brick,Martin,2139,martin-chuzzlewit
Martin,Jefferson Brick,2139,martin-chuzzlewit
Martin,Jefferson Brick,2139,martin-chuzzlewit
Brick,Martin,2155,martin-chuzzlewit
Martin,Brick,2155,martin-chuzzlewit
Mullit,Jefferson,2161,martin-chuzzlewit
Jefferson,Mullit,2161,martin-chuzzlewit
Suturb,Brutus,2165,martin-chuzzlewit
Brutus,Suturb,2165,martin-chuzzlewit
Martin,States,2167,martin-chuzzlewit
States,Martin,2167,martin-chuzzlewit
Martin,Jefferson Brick,2169,martin-chuzzlewit
Jefferson Brick,Martin,2169,martin-chuzzlewit
Jefferson Brick,Martin,2173,martin-chuzzlewit
Martin,Jefferson Brick,2173,martin-chuzzlewit
Dollars,Make,2174,martin-chuzzlewit
Make,Dollars,2174,martin-chuzzlewit
Martin,Jefferson Brick,2176,martin-chuzzlewit
Jefferson Brick,Martin,2176,martin-chuzzlewit
Rank,Crude,2199,martin-chuzzlewit
Crude,Rank,2199,martin-chuzzlewit
Martin,Mark Tapley,2203,martin-chuzzlewit
Martin,Tapley,2203,martin-chuzzlewit
Mark Tapley,Martin,2203,martin-chuzzlewit
Mark Tapley,Tapley,2203,martin-chuzzlewit
Tapley,Martin,2203,martin-chuzzlewit
Tapley,Mark Tapley,2203,martin-chuzzlewit
Jefferson Bricks,Major Pawkinses,2221,martin-chuzzlewit
Major Pawkinses,Jefferson Bricks,2221,martin-chuzzlewit
Martin,Bevan,2223,martin-chuzzlewit
Martin,Bevan,2223,martin-chuzzlewit
Martin,Bevan,2223,martin-chuzzlewit
Bevan,Martin,2223,martin-chuzzlewit
Bevan,Martin,2223,martin-chuzzlewit
Bevan,Martin,2223,martin-chuzzlewit
Tapley,Mark,2224,martin-chuzzlewit
Mark,Tapley,2224,martin-chuzzlewit
Mark,Britons,2225,martin-chuzzlewit
Britons,Mark,2225,martin-chuzzlewit
Mark,Where,2227,martin-chuzzlewit
Where,Mark,2227,martin-chuzzlewit
Martin,Mark,2242,martin-chuzzlewit
Mark,Martin,2242,martin-chuzzlewit
Mark,Hurrah,2250,martin-chuzzlewit
Mark,Hail,2250,martin-chuzzlewit
Hurrah,Mark,2250,martin-chuzzlewit
Hurrah,Hail,2250,martin-chuzzlewit
Hail,Mark,2250,martin-chuzzlewit
Hail,Hurrah,2250,martin-chuzzlewit
Martin,Mark,2255,martin-chuzzlewit
Martin,Pawkins,2255,martin-chuzzlewit
Mark,Martin,2255,martin-chuzzlewit
Mark,Pawkins,2255,martin-chuzzlewit
Pawkins,Martin,2255,martin-chuzzlewit
Pawkins,Mark,2255,martin-chuzzlewit
Pawkins,Mark,2256,martin-chuzzlewit
Mark,Pawkins,2256,martin-chuzzlewit
Mark,Mark Tapley,2258,martin-chuzzlewit
Mark Tapley,Mark,2258,martin-chuzzlewit
Martin,Cicero,2264,martin-chuzzlewit
Cicero,Martin,2264,martin-chuzzlewit
Bevan,Night,2265,martin-chuzzlewit
Bevan,Martin,2265,martin-chuzzlewit
Bevan,Pawkins,2265,martin-chuzzlewit
Bevan,Martin,2265,martin-chuzzlewit
Night,Bevan,2265,martin-chuzzlewit
Night,Martin,2265,martin-chuzzlewit
Night,Pawkins,2265,martin-chuzzlewit
Night,Martin,2265,martin-chuzzlewit
Martin,Bevan,2265,martin-chuzzlewit
Martin,Night,2265,martin-chuzzlewit
Martin,Pawkins,2265,martin-chuzzlewit
Pawkins,Bevan,2265,martin-chuzzlewit
Pawkins,Night,2265,martin-chuzzlewit
Pawkins,Martin,2265,martin-chuzzlewit
Pawkins,Martin,2265,martin-chuzzlewit
Martin,Bevan,2265,martin-chuzzlewit
Martin,Night,2265,martin-chuzzlewit
Martin,Pawkins,2265,martin-chuzzlewit
Mark,Bevan,2267,martin-chuzzlewit
Bevan,Mark,2267,martin-chuzzlewit
Martin,Which,2268,martin-chuzzlewit
Which,Martin,2268,martin-chuzzlewit
Which,Martin,2268,martin-chuzzlewit
Martin,Which,2268,martin-chuzzlewit
Martin,Pawkins,2269,martin-chuzzlewit
Pawkins,Martin,2269,martin-chuzzlewit
Martin,Court Calendar,2270,martin-chuzzlewit
Martin,Mrs Norris,2270,martin-chuzzlewit
Martin,Norris Junior,2270,martin-chuzzlewit
Martin,Court Calendar,2270,martin-chuzzlewit
Martin,Mrs Norris,2270,martin-chuzzlewit
Martin,Norris Junior,2270,martin-chuzzlewit
Martin,Court Calendar,2270,martin-chuzzlewit
Martin,Mrs Norris,2270,martin-chuzzlewit
Martin,Norris Junior,2270,martin-chuzzlewit
Court Calendar,Martin,2270,martin-chuzzlewit
Court Calendar,Martin,2270,martin-chuzzlewit
Court Calendar,Martin,2270,martin-chuzzlewit
Court Calendar,Mrs Norris,2270,martin-chuzzlewit
Court Calendar,Norris Junior,2270,martin-chuzzlewit
Mrs Norris,Martin,2270,martin-chuzzlewit
Mrs Norris,Martin,2270,martin-chuzzlewit
Mrs Norris,Martin,2270,martin-chuzzlewit
Mrs Norris,Court Calendar,2270,martin-chuzzlewit
Mrs Norris,Norris Junior,2270,martin-chuzzlewit
Norris Junior,Martin,2270,martin-chuzzlewit
Norris Junior,Martin,2270,martin-chuzzlewit
Norris Junior,Martin,2270,martin-chuzzlewit
Norris Junior,Court Calendar,2270,martin-chuzzlewit
Norris Junior,Mrs Norris,2270,martin-chuzzlewit
Martin,Norris Junior,2271,martin-chuzzlewit
Martin,Bevan,2271,martin-chuzzlewit
Norris Junior,Martin,2271,martin-chuzzlewit
Norris Junior,Bevan,2271,martin-chuzzlewit
Bevan,Martin,2271,martin-chuzzlewit
Bevan,Norris Junior,2271,martin-chuzzlewit
Martin,Bevan,2272,martin-chuzzlewit
Martin,Mark,2272,martin-chuzzlewit
Martin,Mrs Norris,2272,martin-chuzzlewit
Martin,Miss Norris,2272,martin-chuzzlewit
Martin,Norris Junior,2272,martin-chuzzlewit
Martin,Norris Senior,2272,martin-chuzzlewit
Bevan,Martin,2272,martin-chuzzlewit
Bevan,Mark,2272,martin-chuzzlewit
Bevan,Martin,2272,martin-chuzzlewit
Bevan,Mrs Norris,2272,martin-chuzzlewit
Bevan,Miss Norris,2272,martin-chuzzlewit
Bevan,Norris Junior,2272,martin-chuzzlewit
Bevan,Norris Senior,2272,martin-chuzzlewit
Mark,Martin,2272,martin-chuzzlewit
Mark,Bevan,2272,martin-chuzzlewit
Mark,Martin,2272,martin-chuzzlewit
Mark,Mrs Norris,2272,martin-chuzzlewit
Mark,Miss Norris,2272,martin-chuzzlewit
Mark,Norris Junior,2272,martin-chuzzlewit
Mark,Norris Senior,2272,martin-chuzzlewit
Martin,Bevan,2272,martin-chuzzlewit
Martin,Mark,2272,martin-chuzzlewit
Martin,Mrs Norris,2272,martin-chuzzlewit
Martin,Miss Norris,2272,martin-chuzzlewit
Martin,Norris Junior,2272,martin-chuzzlewit
Martin,Norris Senior,2272,martin-chuzzlewit
Mrs Norris,Martin,2272,martin-chuzzlewit
Mrs Norris,Bevan,2272,martin-chuzzlewit
Mrs Norris,Mark,2272,martin-chuzzlewit
Mrs Norris,Martin,2272,martin-chuzzlewit
Mrs Norris,Miss Norris,2272,martin-chuzzlewit
Mrs Norris,Norris Junior,2272,martin-chuzzlewit
Mrs Norris,Norris Senior,2272,martin-chuzzlewit
Miss Norris,Martin,2272,martin-chuzzlewit
Miss Norris,Bevan,2272,martin-chuzzlewit
Miss Norris,Mark,2272,martin-chuzzlewit
Miss Norris,Martin,2272,martin-chuzzlewit
Miss Norris,Mrs Norris,2272,martin-chuzzlewit
Miss Norris,Norris Junior,2272,martin-chuzzlewit
Miss Norris,Norris Senior,2272,martin-chuzzlewit
Norris Junior,Martin,2272,martin-chuzzlewit
Norris Junior,Bevan,2272,martin-chuzzlewit
Norris Junior,Mark,2272,martin-chuzzlewit
Norris Junior,Martin,2272,martin-chuzzlewit
Norris Junior,Mrs Norris,2272,martin-chuzzlewit
Norris Junior,Miss Norris,2272,martin-chuzzlewit
Norris Junior,Norris Senior,2272,martin-chuzzlewit
Norris Senior,Martin,2272,martin-chuzzlewit
Norris Senior,Bevan,2272,martin-chuzzlewit
Norris Senior,Mark,2272,martin-chuzzlewit
Norris Senior,Martin,2272,martin-chuzzlewit
Norris Senior,Mrs Norris,2272,martin-chuzzlewit
Norris Senior,Miss Norris,2272,martin-chuzzlewit
Norris Senior,Norris Junior,2272,martin-chuzzlewit
Hamlet,Yorick,2275,martin-chuzzlewit
Yorick,Hamlet,2275,martin-chuzzlewit
Martin,Millinery,2276,martin-chuzzlewit
Millinery,Martin,2276,martin-chuzzlewit
Martin,German,2277,martin-chuzzlewit
German,Martin,2277,martin-chuzzlewit
Martin,Mark,2309,martin-chuzzlewit
Martin,Bevan,2309,martin-chuzzlewit
Mark,Martin,2309,martin-chuzzlewit
Mark,Bevan,2309,martin-chuzzlewit
Bevan,Martin,2309,martin-chuzzlewit
Bevan,Mark,2309,martin-chuzzlewit
Mrs Brick,Martin,2327,martin-chuzzlewit
Martin,Mrs Brick,2327,martin-chuzzlewit
Martin,Bevan,2344,martin-chuzzlewit
Bevan,Martin,2344,martin-chuzzlewit
Martin,Mark,2361,martin-chuzzlewit
Mark,Martin,2361,martin-chuzzlewit
Mark,Sherry,2368,martin-chuzzlewit
Sherry,Mark,2368,martin-chuzzlewit
Mark,Martin,2370,martin-chuzzlewit
Martin,Mark,2370,martin-chuzzlewit
Tom Pinch,Martin,2372,martin-chuzzlewit
Tom Pinch,Martin,2372,martin-chuzzlewit
Martin,Tom Pinch,2372,martin-chuzzlewit
Martin,Tom Pinch,2372,martin-chuzzlewit
Dragon,Mark,2373,martin-chuzzlewit
Mark,Dragon,2373,martin-chuzzlewit
Mark,Martin,2374,martin-chuzzlewit
Martin,Mark,2374,martin-chuzzlewit
Jonas,Chuffey,2398,martin-chuzzlewit
Jonas,Anthony,2398,martin-chuzzlewit
Chuffey,Jonas,2398,martin-chuzzlewit
Chuffey,Anthony,2398,martin-chuzzlewit
Chuffey,Jonas,2398,martin-chuzzlewit
Anthony,Jonas,2398,martin-chuzzlewit
Anthony,Chuffey,2398,martin-chuzzlewit
Anthony,Jonas,2398,martin-chuzzlewit
Jonas,Chuffey,2398,martin-chuzzlewit
Jonas,Anthony,2398,martin-chuzzlewit
Old,Chuffey,2400,martin-chuzzlewit
Old,Anthony,2400,martin-chuzzlewit
Chuffey,Old,2400,martin-chuzzlewit
Chuffey,Anthony,2400,martin-chuzzlewit
Anthony,Old,2400,martin-chuzzlewit
Anthony,Chuffey,2400,martin-chuzzlewit
Chuffey,Jonas,2401,martin-chuzzlewit
Jonas,Chuffey,2401,martin-chuzzlewit
Jonas,Chuffey,2401,martin-chuzzlewit
Chuffey,Jonas,2401,martin-chuzzlewit
Chuff,Anthony,2408,martin-chuzzlewit
Anthony,Chuff,2408,martin-chuzzlewit
Anthony,Jonas,2412,martin-chuzzlewit
Jonas,Anthony,2412,martin-chuzzlewit
Jonas,Anthony,2412,martin-chuzzlewit
Anthony,Jonas,2412,martin-chuzzlewit
Jonas,Chuffey,2413,martin-chuzzlewit
Jonas,Anthony,2413,martin-chuzzlewit
Chuffey,Jonas,2413,martin-chuzzlewit
Chuffey,Anthony,2413,martin-chuzzlewit
Anthony,Jonas,2413,martin-chuzzlewit
Anthony,Chuffey,2413,martin-chuzzlewit
Jonas,Mister Chuff,2414,martin-chuzzlewit
Mister Chuff,Jonas,2414,martin-chuzzlewit
Chuffey,Jonas,2415,martin-chuzzlewit
Chuffey,Jonas,2415,martin-chuzzlewit
Jonas,Chuffey,2415,martin-chuzzlewit
Jonas,Chuffey,2415,martin-chuzzlewit
Jonas,Mister Chuff,2416,martin-chuzzlewit
Mister Chuff,Jonas,2416,martin-chuzzlewit
Mister Chuff,Jonas,2416,martin-chuzzlewit
Jonas,Mister Chuff,2416,martin-chuzzlewit
Jonas,Hallo,2429,martin-chuzzlewit
Jonas,Pecksniff,2429,martin-chuzzlewit
Jonas,Pecksniff,2429,martin-chuzzlewit
Hallo,Jonas,2429,martin-chuzzlewit
Hallo,Pecksniff,2429,martin-chuzzlewit
Hallo,Jonas,2429,martin-chuzzlewit
Hallo,Pecksniff,2429,martin-chuzzlewit
Pecksniff,Jonas,2429,martin-chuzzlewit
Pecksniff,Hallo,2429,martin-chuzzlewit
Pecksniff,Jonas,2429,martin-chuzzlewit
Jonas,Hallo,2429,martin-chuzzlewit
Jonas,Pecksniff,2429,martin-chuzzlewit
Jonas,Pecksniff,2429,martin-chuzzlewit
Pecksniff,Jonas,2429,martin-chuzzlewit
Pecksniff,Hallo,2429,martin-chuzzlewit
Pecksniff,Jonas,2429,martin-chuzzlewit
Pecksniff,Jonas,2430,martin-chuzzlewit
Jonas,Pecksniff,2430,martin-chuzzlewit
Pecksniff,Jonas,2439,martin-chuzzlewit
Jonas,Pecksniff,2439,martin-chuzzlewit
Pecksniff,Ahem,2441,martin-chuzzlewit
Ahem,Pecksniff,2441,martin-chuzzlewit
Pecksniff,Anthony,2445,martin-chuzzlewit
Anthony,Pecksniff,2445,martin-chuzzlewit
Anthony,Jonas,2450,martin-chuzzlewit
Jonas,Anthony,2450,martin-chuzzlewit
Pecksniff,Chuffey,2455,martin-chuzzlewit
Pecksniff,Chuffey,2455,martin-chuzzlewit
Chuffey,Pecksniff,2455,martin-chuzzlewit
Chuffey,Pecksniff,2455,martin-chuzzlewit
Old,Anthony,2460,martin-chuzzlewit
Anthony,Old,2460,martin-chuzzlewit
Jonas,Anthony,2461,martin-chuzzlewit
Jonas,Anthony,2461,martin-chuzzlewit
Anthony,Jonas,2461,martin-chuzzlewit
Anthony,Jonas,2461,martin-chuzzlewit
Jonas,Anthony,2461,martin-chuzzlewit
Jonas,Anthony,2461,martin-chuzzlewit
Anthony,Jonas,2461,martin-chuzzlewit
Anthony,Jonas,2461,martin-chuzzlewit
Jonas,How,2468,martin-chuzzlewit
How,Jonas,2468,martin-chuzzlewit
Jonas,Pecksniff,2480,martin-chuzzlewit
Pecksniff,Jonas,2480,martin-chuzzlewit
Jonas,Pecksniff,2488,martin-chuzzlewit
Pecksniff,Jonas,2488,martin-chuzzlewit
Pecksniff,Jonas,2490,martin-chuzzlewit
Jonas,Pecksniff,2490,martin-chuzzlewit
Pecksniff,Jonas,2493,martin-chuzzlewit
Jonas,Pecksniff,2493,martin-chuzzlewit
Pecksniff,Jonas Chuzzlewit,2502,martin-chuzzlewit
Pecksniff,Mankind,2502,martin-chuzzlewit
Pecksniff,Jonas,2502,martin-chuzzlewit
Pecksniff,Hence,2502,martin-chuzzlewit
Pecksniff,Jonas,2502,martin-chuzzlewit
Jonas Chuzzlewit,Pecksniff,2502,martin-chuzzlewit
Jonas Chuzzlewit,Mankind,2502,martin-chuzzlewit
Jonas Chuzzlewit,Jonas,2502,martin-chuzzlewit
Jonas Chuzzlewit,Hence,2502,martin-chuzzlewit
Jonas Chuzzlewit,Jonas,2502,martin-chuzzlewit
Mankind,Pecksniff,2502,martin-chuzzlewit
Mankind,Jonas Chuzzlewit,2502,martin-chuzzlewit
Mankind,Jonas,2502,martin-chuzzlewit
Mankind,Hence,2502,martin-chuzzlewit
Mankind,Jonas,2502,martin-chuzzlewit
Jonas,Pecksniff,2502,martin-chuzzlewit
Jonas,Jonas Chuzzlewit,2502,martin-chuzzlewit
Jonas,Mankind,2502,martin-chuzzlewit
Jonas,Hence,2502,martin-chuzzlewit
Hence,Pecksniff,2502,martin-chuzzlewit
Hence,Jonas Chuzzlewit,2502,martin-chuzzlewit
Hence,Mankind,2502,martin-chuzzlewit
Hence,Jonas,2502,martin-chuzzlewit
Hence,Jonas,2502,martin-chuzzlewit
Jonas,Pecksniff,2502,martin-chuzzlewit
Jonas,Jonas Chuzzlewit,2502,martin-chuzzlewit
Jonas,Mankind,2502,martin-chuzzlewit
Jonas,Hence,2502,martin-chuzzlewit
Pecksniff,High Holborn,2503,martin-chuzzlewit
Pecksniff,High Holborn,2503,martin-chuzzlewit
High Holborn,Pecksniff,2503,martin-chuzzlewit
High Holborn,Pecksniff,2503,martin-chuzzlewit
Mrs Gamp,Adam,2505,martin-chuzzlewit
Mrs Gamp,Pecksniff,2505,martin-chuzzlewit
Adam,Mrs Gamp,2505,martin-chuzzlewit
Adam,Mrs Gamp,2505,martin-chuzzlewit
Adam,Mrs Gamp,2505,martin-chuzzlewit
Adam,Pecksniff,2505,martin-chuzzlewit
Adam,Mrs Gamp,2505,martin-chuzzlewit
Adam,Mrs Gamp,2505,martin-chuzzlewit
Mrs Gamp,Adam,2505,martin-chuzzlewit
Mrs Gamp,Pecksniff,2505,martin-chuzzlewit
Mrs Gamp,Adam,2505,martin-chuzzlewit
Mrs Gamp,Pecksniff,2505,martin-chuzzlewit
Pecksniff,Mrs Gamp,2505,martin-chuzzlewit
Pecksniff,Adam,2505,martin-chuzzlewit
Pecksniff,Mrs Gamp,2505,martin-chuzzlewit
Pecksniff,Mrs Gamp,2505,martin-chuzzlewit
Pecksniff,Mrs Gamp,2505,martin-chuzzlewit
Pecksniff,Mrs Gamp,2505,martin-chuzzlewit
Mrs Gamp,Adam,2505,martin-chuzzlewit
Mrs Gamp,Pecksniff,2505,martin-chuzzlewit
Mrs Gamp,Adam,2505,martin-chuzzlewit
Mrs Gamp,Pecksniff,2505,martin-chuzzlewit
Mrs Gamp,Pecksniff,2517,martin-chuzzlewit
Pecksniff,Mrs Gamp,2517,martin-chuzzlewit
Pecksniff,Mrs Gamp,2517,martin-chuzzlewit
Mrs Gamp,Pecksniff,2517,martin-chuzzlewit
Mrs Gamp,Gamp,2521,martin-chuzzlewit
Gamp,Mrs Gamp,2521,martin-chuzzlewit
Harris,Mrs Gamp,2524,martin-chuzzlewit
Harris,Mrs Harris,2524,martin-chuzzlewit
Harris,Mrs Gamp,2524,martin-chuzzlewit
Harris,Mrs Harris,2524,martin-chuzzlewit
Mrs Gamp,Harris,2524,martin-chuzzlewit
Mrs Gamp,Harris,2524,martin-chuzzlewit
Mrs Gamp,Harris,2524,martin-chuzzlewit
Mrs Gamp,Mrs Harris,2524,martin-chuzzlewit
Harris,Mrs Gamp,2524,martin-chuzzlewit
Harris,Mrs Harris,2524,martin-chuzzlewit
Mrs Harris,Harris,2524,martin-chuzzlewit
Mrs Harris,Harris,2524,martin-chuzzlewit
Mrs Harris,Mrs Gamp,2524,martin-chuzzlewit
Mrs Harris,Harris,2524,martin-chuzzlewit
Chuzzlewit,Mould,2536,martin-chuzzlewit
Chuzzlewit,Mould,2536,martin-chuzzlewit
Chuzzlewit,Mould,2536,martin-chuzzlewit
Mould,Chuzzlewit,2536,martin-chuzzlewit
Mould,Chuzzlewit,2536,martin-chuzzlewit
Mould,Chuzzlewit,2536,martin-chuzzlewit
Pecksniff,Mould,2537,martin-chuzzlewit
Mould,Pecksniff,2537,martin-chuzzlewit
Jonas,Chuffey,2544,martin-chuzzlewit
Chuffey,Jonas,2544,martin-chuzzlewit
Chuffey,Pecksniff,2545,martin-chuzzlewit
Pecksniff,Chuffey,2545,martin-chuzzlewit
Mrs Gamp,Chuffey,2554,martin-chuzzlewit
Chuffey,Mrs Gamp,2554,martin-chuzzlewit
Tare,Tret,2560,martin-chuzzlewit
Tret,Tare,2560,martin-chuzzlewit
Chuffey,Pecksniff,2561,martin-chuzzlewit
Pecksniff,Chuffey,2561,martin-chuzzlewit
Chuzzlewit,Son,2562,martin-chuzzlewit
Son,Chuzzlewit,2562,martin-chuzzlewit
Son,Chuzzlewit,2562,martin-chuzzlewit
Chuzzlewit,Son,2562,martin-chuzzlewit
Poor,Chuffey,2564,martin-chuzzlewit
Poor,Jonas,2564,martin-chuzzlewit
Chuffey,Poor,2564,martin-chuzzlewit
Chuffey,Jonas,2564,martin-chuzzlewit
Jonas,Poor,2564,martin-chuzzlewit
Jonas,Chuffey,2564,martin-chuzzlewit
Mould,Chuffey,2567,martin-chuzzlewit
Mould,Anthony Chuzzlewit,2567,martin-chuzzlewit
Chuffey,Mould,2567,martin-chuzzlewit
Chuffey,Anthony Chuzzlewit,2567,martin-chuzzlewit
Anthony Chuzzlewit,Mould,2567,martin-chuzzlewit
Anthony Chuzzlewit,Chuffey,2567,martin-chuzzlewit
Mrs Gamp,Mould,2568,martin-chuzzlewit
Mould,Mrs Gamp,2568,martin-chuzzlewit
Cake,Which,2590,martin-chuzzlewit
Which,Cake,2590,martin-chuzzlewit
Anthony Chuzzlewit,Chuffey,2600,martin-chuzzlewit
Chuffey,Anthony Chuzzlewit,2600,martin-chuzzlewit
Chuffey,Heaven,2601,martin-chuzzlewit
Heaven,Chuffey,2601,martin-chuzzlewit
Chuffey,Mould,2604,martin-chuzzlewit
Mould,Chuffey,2604,martin-chuzzlewit
Chuffey,Pecksniff,2605,martin-chuzzlewit
Pecksniff,Chuffey,2605,martin-chuzzlewit
Chuffey,Mould,2606,martin-chuzzlewit
Mould,Chuffey,2606,martin-chuzzlewit
Jonas,Pecksniff,2611,martin-chuzzlewit
Pecksniff,Jonas,2611,martin-chuzzlewit
Pecksniff,Jonas,2611,martin-chuzzlewit
Jonas,Pecksniff,2611,martin-chuzzlewit
Pecksniff,Cherry,2635,martin-chuzzlewit
Cherry,Pecksniff,2635,martin-chuzzlewit
Jonas,Pecksniff,2652,martin-chuzzlewit
Pecksniff,Jonas,2652,martin-chuzzlewit
Pecksniff,Jonas,2652,martin-chuzzlewit
Jonas,Pecksniff,2652,martin-chuzzlewit
Pecksniff,Jonas,2654,martin-chuzzlewit
Jonas,Pecksniff,2654,martin-chuzzlewit
Jonas,Pecksniff,2654,martin-chuzzlewit
Pecksniff,Jonas,2654,martin-chuzzlewit
Pecksniff,Jonas,2655,martin-chuzzlewit
Pecksniff,Jonas,2655,martin-chuzzlewit
Jonas,Pecksniff,2655,martin-chuzzlewit
Jonas,Pecksniff,2655,martin-chuzzlewit
Pecksniff,Jonas,2655,martin-chuzzlewit
Pecksniff,Jonas,2655,martin-chuzzlewit
Jonas,Pecksniff,2655,martin-chuzzlewit
Jonas,Pecksniff,2655,martin-chuzzlewit
Cherry,Pecksniff,2676,martin-chuzzlewit
Pecksniff,Cherry,2676,martin-chuzzlewit
Merry,Pecksniff,2686,martin-chuzzlewit
Pecksniff,Merry,2686,martin-chuzzlewit
Pinch,Jonas,2692,martin-chuzzlewit
Pinch,Pecksniff,2692,martin-chuzzlewit
Pinch,Merry,2692,martin-chuzzlewit
Pinch,Jonas,2692,martin-chuzzlewit
Jonas,Pinch,2692,martin-chuzzlewit
Jonas,Pecksniff,2692,martin-chuzzlewit
Jonas,Merry,2692,martin-chuzzlewit
Pecksniff,Pinch,2692,martin-chuzzlewit
Pecksniff,Jonas,2692,martin-chuzzlewit
Pecksniff,Merry,2692,martin-chuzzlewit
Pecksniff,Jonas,2692,martin-chuzzlewit
Merry,Pinch,2692,martin-chuzzlewit
Merry,Jonas,2692,martin-chuzzlewit
Merry,Pecksniff,2692,martin-chuzzlewit
Merry,Jonas,2692,martin-chuzzlewit
Jonas,Pinch,2692,martin-chuzzlewit
Jonas,Pecksniff,2692,martin-chuzzlewit
Jonas,Merry,2692,martin-chuzzlewit
Jonas,Miss Cherry,2695,martin-chuzzlewit
Miss Cherry,Jonas,2695,martin-chuzzlewit
Merry,Miss Cherry,2697,martin-chuzzlewit
Miss Cherry,Merry,2697,martin-chuzzlewit
Cherry,Mercy,2701,martin-chuzzlewit
Mercy,Cherry,2701,martin-chuzzlewit
Jonas,Cousin Charity,2702,martin-chuzzlewit
Cousin Charity,Jonas,2702,martin-chuzzlewit
Jonas,Miss Charity,2706,martin-chuzzlewit
Miss Charity,Jonas,2706,martin-chuzzlewit
Cousin Charity,Jonas,2710,martin-chuzzlewit
Jonas,Cousin Charity,2710,martin-chuzzlewit
Jonas,Cousin Mercy,2712,martin-chuzzlewit
Cousin Mercy,Jonas,2712,martin-chuzzlewit
Pecksniff,Tom Pinch,2738,martin-chuzzlewit
Tom Pinch,Pecksniff,2738,martin-chuzzlewit
Tom,'they,2748,martin-chuzzlewit
'they,Tom,2748,martin-chuzzlewit
Tom,Pecksniff,2752,martin-chuzzlewit
Pecksniff,Tom,2752,martin-chuzzlewit
Tom,Jonas,2757,martin-chuzzlewit
Tom,Jonas,2757,martin-chuzzlewit
Tom,Jonas,2757,martin-chuzzlewit
Tom,Martin Chuzzlewit,2757,martin-chuzzlewit
Jonas,Tom,2757,martin-chuzzlewit
Jonas,Martin Chuzzlewit,2757,martin-chuzzlewit
Jonas,Tom,2757,martin-chuzzlewit
Jonas,Tom,2757,martin-chuzzlewit
Jonas,Martin Chuzzlewit,2757,martin-chuzzlewit
Jonas,Tom,2757,martin-chuzzlewit
Jonas,Tom,2757,martin-chuzzlewit
Jonas,Martin Chuzzlewit,2757,martin-chuzzlewit
Jonas,Tom,2757,martin-chuzzlewit
Martin Chuzzlewit,Tom,2757,martin-chuzzlewit
Martin Chuzzlewit,Jonas,2757,martin-chuzzlewit
Martin Chuzzlewit,Jonas,2757,martin-chuzzlewit
Martin Chuzzlewit,Jonas,2757,martin-chuzzlewit
Martin Chuzzlewit,Tom,2757,martin-chuzzlewit
Tom,Jonas,2757,martin-chuzzlewit
Tom,Jonas,2757,martin-chuzzlewit
Tom,Jonas,2757,martin-chuzzlewit
Tom,Martin Chuzzlewit,2757,martin-chuzzlewit
Pecksniff,Liberty,2764,martin-chuzzlewit
Liberty,Pecksniff,2764,martin-chuzzlewit
Martin,Mark Tapley,2767,martin-chuzzlewit
Mark Tapley,Martin,2767,martin-chuzzlewit
Mark,Martin,2768,martin-chuzzlewit
Martin,Mark,2768,martin-chuzzlewit
Mark,Fleas,2778,martin-chuzzlewit
Fleas,Mark,2778,martin-chuzzlewit
Martin,Mark,2779,martin-chuzzlewit
Mark,Martin,2779,martin-chuzzlewit
Martin,Mark,2785,martin-chuzzlewit
Mark,Martin,2785,martin-chuzzlewit
Martin,Darn,2786,martin-chuzzlewit
Darn,Martin,2786,martin-chuzzlewit
Mark,Martin,2788,martin-chuzzlewit
Mark,Martin,2788,martin-chuzzlewit
Martin,Mark,2788,martin-chuzzlewit
Martin,Mark,2788,martin-chuzzlewit
How,Queen Victoria,2798,martin-chuzzlewit
Queen Victoria,How,2798,martin-chuzzlewit
La Fayette Kettle,Sir,2809,martin-chuzzlewit
Sir,La Fayette Kettle,2809,martin-chuzzlewit
Martin,Queen Victoria,2814,martin-chuzzlewit
Martin,Gazette,2814,martin-chuzzlewit
Queen Victoria,Martin,2814,martin-chuzzlewit
Queen Victoria,Gazette,2814,martin-chuzzlewit
Gazette,Martin,2814,martin-chuzzlewit
Gazette,Queen Victoria,2814,martin-chuzzlewit
Pray,Martin,2822,martin-chuzzlewit
Martin,Pray,2822,martin-chuzzlewit
Martin,Fayette Kettle,2827,martin-chuzzlewit
Fayette Kettle,Martin,2827,martin-chuzzlewit
Martin,Bevan,2833,martin-chuzzlewit
Bevan,Martin,2833,martin-chuzzlewit
Martin,Fayette Kettle,2848,martin-chuzzlewit
Fayette Kettle,Martin,2848,martin-chuzzlewit
Jefferson Brick,Major Pawkins,2850,martin-chuzzlewit
Jefferson Brick,Fayette Kettle,2850,martin-chuzzlewit
Jefferson Brick,Martin,2850,martin-chuzzlewit
Major Pawkins,Jefferson Brick,2850,martin-chuzzlewit
Major Pawkins,Fayette Kettle,2850,martin-chuzzlewit
Major Pawkins,Martin,2850,martin-chuzzlewit
Fayette Kettle,Jefferson Brick,2850,martin-chuzzlewit
Fayette Kettle,Major Pawkins,2850,martin-chuzzlewit
Fayette Kettle,Martin,2850,martin-chuzzlewit
Martin,Jefferson Brick,2850,martin-chuzzlewit
Martin,Major Pawkins,2850,martin-chuzzlewit
Martin,Fayette Kettle,2850,martin-chuzzlewit
Mark,Martin,2852,martin-chuzzlewit
Martin,Mark,2852,martin-chuzzlewit
Bank,Mark,2855,martin-chuzzlewit
Mark,Bank,2855,martin-chuzzlewit
Mark,Martin,2858,martin-chuzzlewit
Martin,Mark,2858,martin-chuzzlewit
Mark,Martin,2860,martin-chuzzlewit
Mark,Tom Pinch,2860,martin-chuzzlewit
Martin,Mark,2860,martin-chuzzlewit
Martin,Tom Pinch,2860,martin-chuzzlewit
Tom Pinch,Mark,2860,martin-chuzzlewit
Tom Pinch,Martin,2860,martin-chuzzlewit
Martin,Mark,2862,martin-chuzzlewit
Mark,Martin,2862,martin-chuzzlewit
Poor,Martin,2863,martin-chuzzlewit
Poor,Mark,2863,martin-chuzzlewit
Martin,Poor,2863,martin-chuzzlewit
Martin,Mark,2863,martin-chuzzlewit
Mark,Poor,2863,martin-chuzzlewit
Mark,Martin,2863,martin-chuzzlewit
Mark,Martin,2864,martin-chuzzlewit
Martin,Mark,2864,martin-chuzzlewit
Martin,Chuzzlewit,2865,martin-chuzzlewit
Martin,Tapley,2865,martin-chuzzlewit
Martin,Chuzzlewit,2865,martin-chuzzlewit
Martin,Tapley,2865,martin-chuzzlewit
Chuzzlewit,Martin,2865,martin-chuzzlewit
Chuzzlewit,Martin,2865,martin-chuzzlewit
Chuzzlewit,Tapley,2865,martin-chuzzlewit
Tapley,Martin,2865,martin-chuzzlewit
Tapley,Martin,2865,martin-chuzzlewit
Tapley,Chuzzlewit,2865,martin-chuzzlewit
Martin,Mark,2869,martin-chuzzlewit
Mark,Martin,2869,martin-chuzzlewit
Mark,Martin,2870,martin-chuzzlewit
Martin,Mark,2870,martin-chuzzlewit
Martin,Mark,2870,martin-chuzzlewit
Mark,Martin,2870,martin-chuzzlewit
Scadder,Natur,2884,martin-chuzzlewit
Natur,Scadder,2884,martin-chuzzlewit
Martin,Scadder,2887,martin-chuzzlewit
Scadder,Martin,2887,martin-chuzzlewit
Scadder,Eden,2888,martin-chuzzlewit
Eden,Scadder,2888,martin-chuzzlewit
Eden,Scadder,2892,martin-chuzzlewit
Scadder,Eden,2892,martin-chuzzlewit
Mark,Martin,2903,martin-chuzzlewit
Martin,Mark,2903,martin-chuzzlewit
Scadder,Martin,2914,martin-chuzzlewit
Martin,Scadder,2914,martin-chuzzlewit
Mark,Martin,2920,martin-chuzzlewit
Martin,Mark,2920,martin-chuzzlewit
Mark,Martin,2922,martin-chuzzlewit
Martin,Mark,2922,martin-chuzzlewit
Mark,Martin,2925,martin-chuzzlewit
Martin,Mark,2925,martin-chuzzlewit
Scadder,Martin,2932,martin-chuzzlewit
Martin,Scadder,2932,martin-chuzzlewit
Scadder,Martin,2933,martin-chuzzlewit
Martin,Scadder,2933,martin-chuzzlewit
Martin,Mark,2936,martin-chuzzlewit
Martin,Zephaniah Scadder,2936,martin-chuzzlewit
Mark,Martin,2936,martin-chuzzlewit
Mark,Zephaniah Scadder,2936,martin-chuzzlewit
Zephaniah Scadder,Martin,2936,martin-chuzzlewit
Zephaniah Scadder,Mark,2936,martin-chuzzlewit
Martin,Fayette Kettle,2937,martin-chuzzlewit
Fayette Kettle,Martin,2937,martin-chuzzlewit
Brute Tamer,Lion,2940,martin-chuzzlewit
Brute Tamer,Freedom,2940,martin-chuzzlewit
Lion,Brute Tamer,2940,martin-chuzzlewit
Lion,Freedom,2940,martin-chuzzlewit
Freedom,Brute Tamer,2940,martin-chuzzlewit
Freedom,Lion,2940,martin-chuzzlewit
Martin,La Fayette,2942,martin-chuzzlewit
La Fayette,Martin,2942,martin-chuzzlewit
Thus Martin,Martin,2944,martin-chuzzlewit
Martin,Thus Martin,2944,martin-chuzzlewit
Crusoe,Peter Wilkins,2948,martin-chuzzlewit
Peter Wilkins,Crusoe,2948,martin-chuzzlewit
Martin,High Holborn,2970,martin-chuzzlewit
High Holborn,Martin,2970,martin-chuzzlewit
Martin,Mark,3007,martin-chuzzlewit
Mark,Martin,3007,martin-chuzzlewit
Kedgick,Martin,3013,martin-chuzzlewit
Martin,Kedgick,3013,martin-chuzzlewit
Martin,Mark,3014,martin-chuzzlewit
Mark,Martin,3014,martin-chuzzlewit
Martin,Captain Kedgick,3016,martin-chuzzlewit
Martin,Chuzzlewit,3016,martin-chuzzlewit
Captain Kedgick,Martin,3016,martin-chuzzlewit
Captain Kedgick,Chuzzlewit,3016,martin-chuzzlewit
Chuzzlewit,Martin,3016,martin-chuzzlewit
Chuzzlewit,Captain Kedgick,3016,martin-chuzzlewit
Martin,Mark,3020,martin-chuzzlewit
Mark,Martin,3020,martin-chuzzlewit
Sir,Mrs Hominy,3028,martin-chuzzlewit
Mrs Hominy,Sir,3028,martin-chuzzlewit
Major Hominy,Mrs Hominy,3030,martin-chuzzlewit
Mrs Hominy,Major Hominy,3030,martin-chuzzlewit
Toe,Toe Mrs Hominy,3032,martin-chuzzlewit
Toe Mrs Hominy,Toe,3032,martin-chuzzlewit
Martin,Mrs Hominy,3033,martin-chuzzlewit
Mrs Hominy,Martin,3033,martin-chuzzlewit
Hominy,Grimaldi,3040,martin-chuzzlewit
Grimaldi,Hominy,3040,martin-chuzzlewit
Mrs Hominy,Hominy,3053,martin-chuzzlewit
Mrs Hominy,Hominy,3053,martin-chuzzlewit
Mrs Hominy,Hominy,3053,martin-chuzzlewit
Mrs Hominy,Martin,3053,martin-chuzzlewit
Hominy,Mrs Hominy,3053,martin-chuzzlewit
Hominy,Mrs Hominy,3053,martin-chuzzlewit
Hominy,Martin,3053,martin-chuzzlewit
Hominy,Mrs Hominy,3053,martin-chuzzlewit
Hominy,Mrs Hominy,3053,martin-chuzzlewit
Hominy,Martin,3053,martin-chuzzlewit
Hominy,Mrs Hominy,3053,martin-chuzzlewit
Hominy,Mrs Hominy,3053,martin-chuzzlewit
Hominy,Martin,3053,martin-chuzzlewit
Mrs Hominy,Hominy,3053,martin-chuzzlewit
Mrs Hominy,Hominy,3053,martin-chuzzlewit
Mrs Hominy,Hominy,3053,martin-chuzzlewit
Mrs Hominy,Martin,3053,martin-chuzzlewit
Martin,Mrs Hominy,3053,martin-chuzzlewit
Martin,Hominy,3053,martin-chuzzlewit
Martin,Hominy,3053,martin-chuzzlewit
Martin,Hominy,3053,martin-chuzzlewit
Martin,Mrs Hominy,3053,martin-chuzzlewit
Hominy,Temples,3054,martin-chuzzlewit
Temples,Hominy,3054,martin-chuzzlewit
Martin,Mrs Hominy,3055,martin-chuzzlewit
Martin,Mrs Hominy,3055,martin-chuzzlewit
Mrs Hominy,Martin,3055,martin-chuzzlewit
Mrs Hominy,Martin,3055,martin-chuzzlewit
Hominy,Martin,3056,martin-chuzzlewit
Hominy,Martin,3056,martin-chuzzlewit
Hominy,Martin,3056,martin-chuzzlewit
Martin,Hominy,3056,martin-chuzzlewit
Martin,Hominy,3056,martin-chuzzlewit
Martin,Hominy,3056,martin-chuzzlewit
Martin,Mrs Hominy,3059,martin-chuzzlewit
Martin,Mark,3059,martin-chuzzlewit
Mrs Hominy,Martin,3059,martin-chuzzlewit
Mrs Hominy,Mark,3059,martin-chuzzlewit
Mark,Martin,3059,martin-chuzzlewit
Mark,Mrs Hominy,3059,martin-chuzzlewit
Kedgick,Mark,3060,martin-chuzzlewit
Mark,Kedgick,3060,martin-chuzzlewit
Scadder,Eden,3070,martin-chuzzlewit
Eden,Scadder,3070,martin-chuzzlewit
Mark,Martin,3071,martin-chuzzlewit
Martin,Mark,3071,martin-chuzzlewit
Mark,Martin,3072,martin-chuzzlewit
Martin,Mark,3072,martin-chuzzlewit
Mark,Haul,3073,martin-chuzzlewit
Haul,Mark,3073,martin-chuzzlewit
Martin,Bevan,3078,martin-chuzzlewit
Bevan,Martin,3078,martin-chuzzlewit
Martin,Mark,3080,martin-chuzzlewit
Mark,Martin,3080,martin-chuzzlewit
Mark,Eden,3083,martin-chuzzlewit
Eden,Mark,3083,martin-chuzzlewit
Martin,Zephaniah Scadder,3084,martin-chuzzlewit
Zephaniah Scadder,Martin,3084,martin-chuzzlewit
Mrs Hominy,Martin,3088,martin-chuzzlewit
Mrs Hominy,Mark,3088,martin-chuzzlewit
Martin,Mrs Hominy,3088,martin-chuzzlewit
Martin,Mark,3088,martin-chuzzlewit
Mark,Mrs Hominy,3088,martin-chuzzlewit
Mark,Martin,3088,martin-chuzzlewit
Eden,Mrs Hominy,3097,martin-chuzzlewit
Mrs Hominy,Eden,3097,martin-chuzzlewit
Martin,Mrs Hominy,3098,martin-chuzzlewit
Mrs Hominy,Martin,3098,martin-chuzzlewit
Eden,Mark,3108,martin-chuzzlewit
Mark,Eden,3108,martin-chuzzlewit
Mark,Hallo,3114,martin-chuzzlewit
Hallo,Mark,3114,martin-chuzzlewit
Mark,Martin,3121,martin-chuzzlewit
Martin,Mark,3121,martin-chuzzlewit
Mark,Martin,3126,martin-chuzzlewit
Martin,Mark,3126,martin-chuzzlewit
Martin,Mark,3126,martin-chuzzlewit
Mark,Martin,3126,martin-chuzzlewit
Mark,Uncommon,3131,martin-chuzzlewit
Uncommon,Mark,3131,martin-chuzzlewit
Uncommon,Mark,3131,martin-chuzzlewit
Mark,Uncommon,3131,martin-chuzzlewit
Martin,Mark,3134,martin-chuzzlewit
Martin,Never,3134,martin-chuzzlewit
Martin,Mark,3134,martin-chuzzlewit
Mark,Martin,3134,martin-chuzzlewit
Mark,Never,3134,martin-chuzzlewit
Never,Martin,3134,martin-chuzzlewit
Never,Mark,3134,martin-chuzzlewit
Never,Mark,3134,martin-chuzzlewit
Mark,Martin,3134,martin-chuzzlewit
Mark,Never,3134,martin-chuzzlewit
Martin,Mark,3139,martin-chuzzlewit
Martin,Eden,3139,martin-chuzzlewit
Mark,Martin,3139,martin-chuzzlewit
Mark,Martin,3139,martin-chuzzlewit
Mark,Eden,3139,martin-chuzzlewit
Martin,Mark,3139,martin-chuzzlewit
Martin,Eden,3139,martin-chuzzlewit
Eden,Martin,3139,martin-chuzzlewit
Eden,Mark,3139,martin-chuzzlewit
Eden,Martin,3139,martin-chuzzlewit
Mark,Martin,3140,martin-chuzzlewit
Martin,Mark,3140,martin-chuzzlewit
Martin,Mark,3150,martin-chuzzlewit
Mark,Martin,3150,martin-chuzzlewit
Mark,Tapley,3155,martin-chuzzlewit
Tapley,Mark,3155,martin-chuzzlewit
Jonas,Pecksniff,3162,martin-chuzzlewit
Jonas,Pinch,3162,martin-chuzzlewit
Jonas,Tom,3162,martin-chuzzlewit
Jonas,Say,3162,martin-chuzzlewit
Jonas,Silence,3162,martin-chuzzlewit
Pecksniff,Jonas,3162,martin-chuzzlewit
Pecksniff,Pinch,3162,martin-chuzzlewit
Pecksniff,Tom,3162,martin-chuzzlewit
Pecksniff,Say,3162,martin-chuzzlewit
Pecksniff,Silence,3162,martin-chuzzlewit
Pinch,Jonas,3162,martin-chuzzlewit
Pinch,Pecksniff,3162,martin-chuzzlewit
Pinch,Tom,3162,martin-chuzzlewit
Pinch,Say,3162,martin-chuzzlewit
Pinch,Silence,3162,martin-chuzzlewit
Tom,Jonas,3162,martin-chuzzlewit
Tom,Pecksniff,3162,martin-chuzzlewit
Tom,Pinch,3162,martin-chuzzlewit
Tom,Say,3162,martin-chuzzlewit
Tom,Silence,3162,martin-chuzzlewit
Say,Jonas,3162,martin-chuzzlewit
Say,Pecksniff,3162,martin-chuzzlewit
Say,Pinch,3162,martin-chuzzlewit
Say,Tom,3162,martin-chuzzlewit
Say,Silence,3162,martin-chuzzlewit
Silence,Jonas,3162,martin-chuzzlewit
Silence,Pecksniff,3162,martin-chuzzlewit
Silence,Pinch,3162,martin-chuzzlewit
Silence,Tom,3162,martin-chuzzlewit
Silence,Say,3162,martin-chuzzlewit
Pray,Adam,3166,martin-chuzzlewit
Pray,Adam,3166,martin-chuzzlewit
Adam,Pray,3166,martin-chuzzlewit
Adam,Pray,3166,martin-chuzzlewit
Spiller,Spoker,3167,martin-chuzzlewit
Spoker,Spiller,3167,martin-chuzzlewit
Pecksniff,Tom,3172,martin-chuzzlewit
Pecksniff,Charity,3172,martin-chuzzlewit
Pecksniff,Thomas,3172,martin-chuzzlewit
Pecksniff,Thomas,3172,martin-chuzzlewit
Tom,Pecksniff,3172,martin-chuzzlewit
Tom,Charity,3172,martin-chuzzlewit
Tom,Thomas,3172,martin-chuzzlewit
Tom,Thomas,3172,martin-chuzzlewit
Charity,Pecksniff,3172,martin-chuzzlewit
Charity,Tom,3172,martin-chuzzlewit
Charity,Thomas,3172,martin-chuzzlewit
Charity,Thomas,3172,martin-chuzzlewit
Thomas,Pecksniff,3172,martin-chuzzlewit
Thomas,Tom,3172,martin-chuzzlewit
Thomas,Charity,3172,martin-chuzzlewit
Thomas,Pecksniff,3172,martin-chuzzlewit
Thomas,Tom,3172,martin-chuzzlewit
Thomas,Charity,3172,martin-chuzzlewit
Pecksniff,Ask HER,3184,martin-chuzzlewit
Pecksniff,High Holborn,3184,martin-chuzzlewit
Pecksniff,Strike,3184,martin-chuzzlewit
Ask HER,Pecksniff,3184,martin-chuzzlewit
Ask HER,High Holborn,3184,martin-chuzzlewit
Ask HER,Strike,3184,martin-chuzzlewit
High Holborn,Pecksniff,3184,martin-chuzzlewit
High Holborn,Ask HER,3184,martin-chuzzlewit
High Holborn,Strike,3184,martin-chuzzlewit
Strike,Pecksniff,3184,martin-chuzzlewit
Strike,Ask HER,3184,martin-chuzzlewit
Strike,High Holborn,3184,martin-chuzzlewit
Jonas,Martin,3192,martin-chuzzlewit
Martin,Jonas,3192,martin-chuzzlewit
Pecksniff,Merry,3200,martin-chuzzlewit
Pecksniff,Jonas,3200,martin-chuzzlewit
Pecksniff,Mary Graham,3200,martin-chuzzlewit
Pecksniff,Martin Chuzzlewit,3200,martin-chuzzlewit
Pecksniff,Martin,3200,martin-chuzzlewit
Merry,Pecksniff,3200,martin-chuzzlewit
Merry,Jonas,3200,martin-chuzzlewit
Merry,Mary Graham,3200,martin-chuzzlewit
Merry,Martin Chuzzlewit,3200,martin-chuzzlewit
Merry,Pecksniff,3200,martin-chuzzlewit
Merry,Pecksniff,3200,martin-chuzzlewit
Merry,Martin,3200,martin-chuzzlewit
Jonas,Pecksniff,3200,martin-chuzzlewit
Jonas,Merry,3200,martin-chuzzlewit
Jonas,Mary Graham,3200,martin-chuzzlewit
Jonas,Martin Chuzzlewit,3200,martin-chuzzlewit
Jonas,Pecksniff,3200,martin-chuzzlewit
Jonas,Pecksniff,3200,martin-chuzzlewit
Jonas,Martin,3200,martin-chuzzlewit
Mary Graham,Pecksniff,3200,martin-chuzzlewit
Mary Graham,Merry,3200,martin-chuzzlewit
Mary Graham,Jonas,3200,martin-chuzzlewit
Mary Graham,Martin Chuzzlewit,3200,martin-chuzzlewit
Mary Graham,Pecksniff,3200,martin-chuzzlewit
Mary Graham,Pecksniff,3200,martin-chuzzlewit
Mary Graham,Martin,3200,martin-chuzzlewit
Martin Chuzzlewit,Pecksniff,3200,martin-chuzzlewit
Martin Chuzzlewit,Merry,3200,martin-chuzzlewit
Martin Chuzzlewit,Jonas,3200,martin-chuzzlewit
Martin Chuzzlewit,Mary Graham,3200,martin-chuzzlewit
Martin Chuzzlewit,Pecksniff,3200,martin-chuzzlewit
Martin Chuzzlewit,Pecksniff,3200,martin-chuzzlewit
Martin Chuzzlewit,Martin,3200,martin-chuzzlewit
Pecksniff,Merry,3200,martin-chuzzlewit
Pecksniff,Jonas,3200,martin-chuzzlewit
Pecksniff,Mary Graham,3200,martin-chuzzlewit
Pecksniff,Martin Chuzzlewit,3200,martin-chuzzlewit
Pecksniff,Martin,3200,martin-chuzzlewit
Pecksniff,Merry,3200,martin-chuzzlewit
Pecksniff,Jonas,3200,martin-chuzzlewit
Pecksniff,Mary Graham,3200,martin-chuzzlewit
Pecksniff,Martin Chuzzlewit,3200,martin-chuzzlewit
Pecksniff,Martin,3200,martin-chuzzlewit
Martin,Pecksniff,3200,martin-chuzzlewit
Martin,Merry,3200,martin-chuzzlewit
Martin,Jonas,3200,martin-chuzzlewit
Martin,Mary Graham,3200,martin-chuzzlewit
Martin,Martin Chuzzlewit,3200,martin-chuzzlewit
Martin,Pecksniff,3200,martin-chuzzlewit
Martin,Pecksniff,3200,martin-chuzzlewit
Tom,Tom Pinch,3207,martin-chuzzlewit
Tom Pinch,Tom,3207,martin-chuzzlewit
Jonas Chuzzlewit,Mary,3212,martin-chuzzlewit
Mary,Jonas Chuzzlewit,3212,martin-chuzzlewit
Tom,Martin,3213,martin-chuzzlewit
Martin,Tom,3213,martin-chuzzlewit
Tom,Mary,3215,martin-chuzzlewit
Tom,Pinch,3215,martin-chuzzlewit
Tom,Martin,3215,martin-chuzzlewit
Mary,Tom,3215,martin-chuzzlewit
Mary,Pinch,3215,martin-chuzzlewit
Mary,Tom,3215,martin-chuzzlewit
Mary,Martin,3215,martin-chuzzlewit
Mary,Tom,3215,martin-chuzzlewit
Pinch,Tom,3215,martin-chuzzlewit
Pinch,Mary,3215,martin-chuzzlewit
Pinch,Tom,3215,martin-chuzzlewit
Pinch,Martin,3215,martin-chuzzlewit
Pinch,Tom,3215,martin-chuzzlewit
Tom,Mary,3215,martin-chuzzlewit
Tom,Pinch,3215,martin-chuzzlewit
Tom,Martin,3215,martin-chuzzlewit
Martin,Tom,3215,martin-chuzzlewit
Martin,Mary,3215,martin-chuzzlewit
Martin,Pinch,3215,martin-chuzzlewit
Martin,Tom,3215,martin-chuzzlewit
Martin,Tom,3215,martin-chuzzlewit
Tom,Mary,3215,martin-chuzzlewit
Tom,Pinch,3215,martin-chuzzlewit
Tom,Martin,3215,martin-chuzzlewit
Pinch,Tom,3228,martin-chuzzlewit
Tom,Pinch,3228,martin-chuzzlewit
Mister Pinch,Jonas,3231,martin-chuzzlewit
Mister Pinch,Tom,3231,martin-chuzzlewit
Mister Pinch,Tom,3231,martin-chuzzlewit
Mister Pinch,Jonas,3231,martin-chuzzlewit
Jonas,Mister Pinch,3231,martin-chuzzlewit
Jonas,Tom,3231,martin-chuzzlewit
Jonas,Tom,3231,martin-chuzzlewit
Tom,Mister Pinch,3231,martin-chuzzlewit
Tom,Jonas,3231,martin-chuzzlewit
Tom,Jonas,3231,martin-chuzzlewit
Tom,Mister Pinch,3231,martin-chuzzlewit
Tom,Jonas,3231,martin-chuzzlewit
Tom,Jonas,3231,martin-chuzzlewit
Jonas,Mister Pinch,3231,martin-chuzzlewit
Jonas,Tom,3231,martin-chuzzlewit
Jonas,Tom,3231,martin-chuzzlewit
Tom,Make,3232,martin-chuzzlewit
Make,Tom,3232,martin-chuzzlewit
Jonas,Sneak,3233,martin-chuzzlewit
Sneak,Jonas,3233,martin-chuzzlewit
Jonas,Mister Pinch,3239,martin-chuzzlewit
Mister Pinch,Jonas,3239,martin-chuzzlewit
Tom,Jonas,3242,martin-chuzzlewit
Jonas,Tom,3242,martin-chuzzlewit
Jonas,Tom,3242,martin-chuzzlewit
Jonas,Tom,3242,martin-chuzzlewit
Tom,Jonas,3242,martin-chuzzlewit
Tom,Jonas,3242,martin-chuzzlewit
Jonas,Tom Pinch,3245,martin-chuzzlewit
Jonas,Tom,3245,martin-chuzzlewit
Jonas,Miss Mercy,3245,martin-chuzzlewit
Tom Pinch,Jonas,3245,martin-chuzzlewit
Tom Pinch,Jonas,3245,martin-chuzzlewit
Tom Pinch,Tom,3245,martin-chuzzlewit
Tom Pinch,Miss Mercy,3245,martin-chuzzlewit
Tom Pinch,Jonas,3245,martin-chuzzlewit
Jonas,Tom Pinch,3245,martin-chuzzlewit
Jonas,Tom,3245,martin-chuzzlewit
Jonas,Miss Mercy,3245,martin-chuzzlewit
Tom,Jonas,3245,martin-chuzzlewit
Tom,Tom Pinch,3245,martin-chuzzlewit
Tom,Jonas,3245,martin-chuzzlewit
Tom,Miss Mercy,3245,martin-chuzzlewit
Tom,Jonas,3245,martin-chuzzlewit
Miss Mercy,Jonas,3245,martin-chuzzlewit
Miss Mercy,Tom Pinch,3245,martin-chuzzlewit
Miss Mercy,Jonas,3245,martin-chuzzlewit
Miss Mercy,Tom,3245,martin-chuzzlewit
Miss Mercy,Jonas,3245,martin-chuzzlewit
Jonas,Tom Pinch,3245,martin-chuzzlewit
Jonas,Tom,3245,martin-chuzzlewit
Jonas,Miss Mercy,3245,martin-chuzzlewit
Pinch,Tom,3246,martin-chuzzlewit
Tom,Pinch,3246,martin-chuzzlewit
Miss,Mercy,3249,martin-chuzzlewit
Miss,Pecksniff,3249,martin-chuzzlewit
Miss,Tom Pinch,3249,martin-chuzzlewit
Miss,English Froth,3249,martin-chuzzlewit
Miss,Charity,3249,martin-chuzzlewit
Miss,Jonas,3249,martin-chuzzlewit
Mercy,Miss,3249,martin-chuzzlewit
Mercy,Pecksniff,3249,martin-chuzzlewit
Mercy,Tom Pinch,3249,martin-chuzzlewit
Mercy,English Froth,3249,martin-chuzzlewit
Mercy,Charity,3249,martin-chuzzlewit
Mercy,Jonas,3249,martin-chuzzlewit
Pecksniff,Miss,3249,martin-chuzzlewit
Pecksniff,Mercy,3249,martin-chuzzlewit
Pecksniff,Tom Pinch,3249,martin-chuzzlewit
Pecksniff,English Froth,3249,martin-chuzzlewit
Pecksniff,Charity,3249,martin-chuzzlewit
Pecksniff,Jonas,3249,martin-chuzzlewit
Tom Pinch,Miss,3249,martin-chuzzlewit
Tom Pinch,Mercy,3249,martin-chuzzlewit
Tom Pinch,Pecksniff,3249,martin-chuzzlewit
Tom Pinch,English Froth,3249,martin-chuzzlewit
Tom Pinch,Charity,3249,martin-chuzzlewit
Tom Pinch,Jonas,3249,martin-chuzzlewit
English Froth,Miss,3249,martin-chuzzlewit
English Froth,Mercy,3249,martin-chuzzlewit
English Froth,Pecksniff,3249,martin-chuzzlewit
English Froth,Tom Pinch,3249,martin-chuzzlewit
English Froth,Charity,3249,martin-chuzzlewit
English Froth,Jonas,3249,martin-chuzzlewit
Charity,Miss,3249,martin-chuzzlewit
Charity,Mercy,3249,martin-chuzzlewit
Charity,Pecksniff,3249,martin-chuzzlewit
Charity,Tom Pinch,3249,martin-chuzzlewit
Charity,English Froth,3249,martin-chuzzlewit
Charity,Jonas,3249,martin-chuzzlewit
Jonas,Miss,3249,martin-chuzzlewit
Jonas,Mercy,3249,martin-chuzzlewit
Jonas,Pecksniff,3249,martin-chuzzlewit
Jonas,Tom Pinch,3249,martin-chuzzlewit
Jonas,English Froth,3249,martin-chuzzlewit
Jonas,Charity,3249,martin-chuzzlewit
Tom,Dear Mr Pinch,3256,martin-chuzzlewit
Dear Mr Pinch,Tom,3256,martin-chuzzlewit
Tom,Jonas Chuzzlewit,3257,martin-chuzzlewit
Tom,Jonas Chuzzlewit,3257,martin-chuzzlewit
Jonas Chuzzlewit,Tom,3257,martin-chuzzlewit
Jonas Chuzzlewit,Tom,3257,martin-chuzzlewit
Tom,Charity Pecksniff,3258,martin-chuzzlewit
Tom,Jonas,3258,martin-chuzzlewit
Tom,Thomas Pinch,3258,martin-chuzzlewit
Tom,Seth Pecksniff,3258,martin-chuzzlewit
Tom,Mary Graham,3258,martin-chuzzlewit
Charity Pecksniff,Tom,3258,martin-chuzzlewit
Charity Pecksniff,Jonas,3258,martin-chuzzlewit
Charity Pecksniff,Thomas Pinch,3258,martin-chuzzlewit
Charity Pecksniff,Seth Pecksniff,3258,martin-chuzzlewit
Charity Pecksniff,Mary Graham,3258,martin-chuzzlewit
Jonas,Tom,3258,martin-chuzzlewit
Jonas,Charity Pecksniff,3258,martin-chuzzlewit
Jonas,Thomas Pinch,3258,martin-chuzzlewit
Jonas,Seth Pecksniff,3258,martin-chuzzlewit
Jonas,Mary Graham,3258,martin-chuzzlewit
Thomas Pinch,Tom,3258,martin-chuzzlewit
Thomas Pinch,Charity Pecksniff,3258,martin-chuzzlewit
Thomas Pinch,Jonas,3258,martin-chuzzlewit
Thomas Pinch,Seth Pecksniff,3258,martin-chuzzlewit
Thomas Pinch,Mary Graham,3258,martin-chuzzlewit
Seth Pecksniff,Tom,3258,martin-chuzzlewit
Seth Pecksniff,Charity Pecksniff,3258,martin-chuzzlewit
Seth Pecksniff,Jonas,3258,martin-chuzzlewit
Seth Pecksniff,Thomas Pinch,3258,martin-chuzzlewit
Seth Pecksniff,Mary Graham,3258,martin-chuzzlewit
Mary Graham,Tom,3258,martin-chuzzlewit
Mary Graham,Charity Pecksniff,3258,martin-chuzzlewit
Mary Graham,Jonas,3258,martin-chuzzlewit
Mary Graham,Thomas Pinch,3258,martin-chuzzlewit
Mary Graham,Seth Pecksniff,3258,martin-chuzzlewit
God,Tom,3260,martin-chuzzlewit
God,Dear Tom,3260,martin-chuzzlewit
God,Tom,3260,martin-chuzzlewit
Tom,God,3260,martin-chuzzlewit
Tom,Dear Tom,3260,martin-chuzzlewit
Dear Tom,God,3260,martin-chuzzlewit
Dear Tom,Tom,3260,martin-chuzzlewit
Dear Tom,Tom,3260,martin-chuzzlewit
Tom,God,3260,martin-chuzzlewit
Tom,Dear Tom,3260,martin-chuzzlewit
Tom,Pinch,3261,martin-chuzzlewit
Tom,Martin,3261,martin-chuzzlewit
Tom,Honourably,3261,martin-chuzzlewit
Tom,Martin,3261,martin-chuzzlewit
Pinch,Tom,3261,martin-chuzzlewit
Pinch,Martin,3261,martin-chuzzlewit
Pinch,Honourably,3261,martin-chuzzlewit
Pinch,Tom,3261,martin-chuzzlewit
Pinch,Martin,3261,martin-chuzzlewit
Pinch,Tom,3261,martin-chuzzlewit
Martin,Tom,3261,martin-chuzzlewit
Martin,Pinch,3261,martin-chuzzlewit
Martin,Honourably,3261,martin-chuzzlewit
Martin,Tom,3261,martin-chuzzlewit
Martin,Tom,3261,martin-chuzzlewit
Honourably,Tom,3261,martin-chuzzlewit
Honourably,Pinch,3261,martin-chuzzlewit
Honourably,Martin,3261,martin-chuzzlewit
Honourably,Tom,3261,martin-chuzzlewit
Honourably,Martin,3261,martin-chuzzlewit
Honourably,Tom,3261,martin-chuzzlewit
Tom,Pinch,3261,martin-chuzzlewit
Tom,Martin,3261,martin-chuzzlewit
Tom,Honourably,3261,martin-chuzzlewit
Tom,Martin,3261,martin-chuzzlewit
Martin,Tom,3261,martin-chuzzlewit
Martin,Pinch,3261,martin-chuzzlewit
Martin,Honourably,3261,martin-chuzzlewit
Martin,Tom,3261,martin-chuzzlewit
Martin,Tom,3261,martin-chuzzlewit
Tom,Pinch,3261,martin-chuzzlewit
Tom,Martin,3261,martin-chuzzlewit
Tom,Honourably,3261,martin-chuzzlewit
Tom,Martin,3261,martin-chuzzlewit
Merry,Martin,3263,martin-chuzzlewit
Martin,Merry,3263,martin-chuzzlewit
Merry,Cherry,3288,martin-chuzzlewit
Cherry,Merry,3288,martin-chuzzlewit
Martin,Jonas,3299,martin-chuzzlewit
Jonas,Martin,3299,martin-chuzzlewit
Merry,Griffin,3300,martin-chuzzlewit
Griffin,Merry,3300,martin-chuzzlewit
Pecksniff,Mel,3313,martin-chuzzlewit
Pecksniff,Jonas,3313,martin-chuzzlewit
Pecksniff,Mel,3313,martin-chuzzlewit
Pecksniff,Jonas,3313,martin-chuzzlewit
Mel,Pecksniff,3313,martin-chuzzlewit
Mel,Pecksniff,3313,martin-chuzzlewit
Mel,Jonas,3313,martin-chuzzlewit
Jonas,Pecksniff,3313,martin-chuzzlewit
Jonas,Pecksniff,3313,martin-chuzzlewit
Jonas,Mel,3313,martin-chuzzlewit
Griffin,Miss Merry,3318,martin-chuzzlewit
Miss Merry,Griffin,3318,martin-chuzzlewit
Merry,Griffin,3322,martin-chuzzlewit
Griffin,Merry,3322,martin-chuzzlewit
Mould,Plump,3332,martin-chuzzlewit
Mould,Mrs M.,3332,martin-chuzzlewit
Plump,Mould,3332,martin-chuzzlewit
Plump,Mrs M.,3332,martin-chuzzlewit
Mrs M.,Mould,3332,martin-chuzzlewit
Mrs M.,Plump,3332,martin-chuzzlewit
Elm,Hollow ELM,3339,martin-chuzzlewit
Elm,Hollow ELM,3339,martin-chuzzlewit
Hollow ELM,Elm,3339,martin-chuzzlewit
Hollow ELM,Elm,3339,martin-chuzzlewit
Tacker,Mrs Mould,3341,martin-chuzzlewit
Mrs Mould,Tacker,3341,martin-chuzzlewit
Mrs Mould,Harris,3354,martin-chuzzlewit
Mrs Mould,Mrs Gamp,3354,martin-chuzzlewit
Mrs Mould,Mrs Harris,3354,martin-chuzzlewit
Mrs Mould,Mrs Harris,3354,martin-chuzzlewit
Mrs Mould,Mrs Harris,3354,martin-chuzzlewit
Mrs Mould,Sairey Gamp,3354,martin-chuzzlewit
Harris,Mrs Mould,3354,martin-chuzzlewit
Harris,Mrs Gamp,3354,martin-chuzzlewit
Harris,Mrs Harris,3354,martin-chuzzlewit
Harris,Mrs Harris,3354,martin-chuzzlewit
Harris,Mrs Harris,3354,martin-chuzzlewit
Harris,Sairey Gamp,3354,martin-chuzzlewit
Mrs Gamp,Mrs Mould,3354,martin-chuzzlewit
Mrs Gamp,Harris,3354,martin-chuzzlewit
Mrs Gamp,Mrs Harris,3354,martin-chuzzlewit
Mrs Gamp,Mrs Harris,3354,martin-chuzzlewit
Mrs Gamp,Mrs Harris,3354,martin-chuzzlewit
Mrs Gamp,Sairey Gamp,3354,martin-chuzzlewit
Mrs Harris,Mrs Mould,3354,martin-chuzzlewit
Mrs Harris,Harris,3354,martin-chuzzlewit
Mrs Harris,Mrs Gamp,3354,martin-chuzzlewit
Mrs Harris,Sairey Gamp,3354,martin-chuzzlewit
Mrs Harris,Mrs Mould,3354,martin-chuzzlewit
Mrs Harris,Harris,3354,martin-chuzzlewit
Mrs Harris,Mrs Gamp,3354,martin-chuzzlewit
Mrs Harris,Sairey Gamp,3354,martin-chuzzlewit
Mrs Harris,Mrs Mould,3354,martin-chuzzlewit
Mrs Harris,Harris,3354,martin-chuzzlewit
Mrs Harris,Mrs Gamp,3354,martin-chuzzlewit
Mrs Harris,Sairey Gamp,3354,martin-chuzzlewit
Sairey Gamp,Mrs Mould,3354,martin-chuzzlewit
Sairey Gamp,Harris,3354,martin-chuzzlewit
Sairey Gamp,Mrs Gamp,3354,martin-chuzzlewit
Sairey Gamp,Mrs Harris,3354,martin-chuzzlewit
Sairey Gamp,Mrs Harris,3354,martin-chuzzlewit
Sairey Gamp,Mrs Harris,3354,martin-chuzzlewit
Mrs Gamp,Roe,3355,martin-chuzzlewit
Roe,Mrs Gamp,3355,martin-chuzzlewit
Mrs Gamp,Mould,3359,martin-chuzzlewit
Mould,Mrs Gamp,3359,martin-chuzzlewit
Mrs Gamp,Mrs Mould,3360,martin-chuzzlewit
Mrs Gamp,Gamp,3360,martin-chuzzlewit
Mrs Mould,Mrs Gamp,3360,martin-chuzzlewit
Mrs Mould,Gamp,3360,martin-chuzzlewit
Mrs Mould,Mrs Gamp,3360,martin-chuzzlewit
Gamp,Mrs Gamp,3360,martin-chuzzlewit
Gamp,Mrs Mould,3360,martin-chuzzlewit
Gamp,Mrs Gamp,3360,martin-chuzzlewit
Mrs Gamp,Mrs Mould,3360,martin-chuzzlewit
Mrs Gamp,Gamp,3360,martin-chuzzlewit
Mould,Mrs Gamp,3361,martin-chuzzlewit
Mould,Mrs Gamp,3361,martin-chuzzlewit
Mrs Gamp,Mould,3361,martin-chuzzlewit
Mrs Gamp,Mould,3361,martin-chuzzlewit
Mrs Gamp,Mrs Mould,3362,martin-chuzzlewit
Mrs Gamp,Mrs Mould,3362,martin-chuzzlewit
Mrs Mould,Mrs Gamp,3362,martin-chuzzlewit
Mrs Mould,Mrs Gamp,3362,martin-chuzzlewit
Mrs Gamp,Sit,3363,martin-chuzzlewit
Sit,Mrs Gamp,3363,martin-chuzzlewit
Sit,Mrs Gamp,3363,martin-chuzzlewit
Mrs Gamp,Sit,3363,martin-chuzzlewit
Mrs Mould,Harris,3365,martin-chuzzlewit
Mrs Mould,Sairey Gamp,3365,martin-chuzzlewit
Mrs Mould,Harris,3365,martin-chuzzlewit
Mrs Mould,Mrs Harris,3365,martin-chuzzlewit
Mrs Mould,Harris,3365,martin-chuzzlewit
Mrs Mould,Gamp,3365,martin-chuzzlewit
Mrs Mould,Mrs Harris,3365,martin-chuzzlewit
Harris,Mrs Mould,3365,martin-chuzzlewit
Harris,Sairey Gamp,3365,martin-chuzzlewit
Harris,Mrs Harris,3365,martin-chuzzlewit
Harris,Gamp,3365,martin-chuzzlewit
Harris,Mrs Harris,3365,martin-chuzzlewit
Sairey Gamp,Mrs Mould,3365,martin-chuzzlewit
Sairey Gamp,Harris,3365,martin-chuzzlewit
Sairey Gamp,Harris,3365,martin-chuzzlewit
Sairey Gamp,Mrs Harris,3365,martin-chuzzlewit
Sairey Gamp,Harris,3365,martin-chuzzlewit
Sairey Gamp,Gamp,3365,martin-chuzzlewit
Sairey Gamp,Mrs Harris,3365,martin-chuzzlewit
Harris,Mrs Mould,3365,martin-chuzzlewit
Harris,Sairey Gamp,3365,martin-chuzzlewit
Harris,Mrs Harris,3365,martin-chuzzlewit
Harris,Gamp,3365,martin-chuzzlewit
Harris,Mrs Harris,3365,martin-chuzzlewit
Mrs Harris,Mrs Mould,3365,martin-chuzzlewit
Mrs Harris,Harris,3365,martin-chuzzlewit
Mrs Harris,Sairey Gamp,3365,martin-chuzzlewit
Mrs Harris,Harris,3365,martin-chuzzlewit
Mrs Harris,Harris,3365,martin-chuzzlewit
Mrs Harris,Gamp,3365,martin-chuzzlewit
Harris,Mrs Mould,3365,martin-chuzzlewit
Harris,Sairey Gamp,3365,martin-chuzzlewit
Harris,Mrs Harris,3365,martin-chuzzlewit
Harris,Gamp,3365,martin-chuzzlewit
Harris,Mrs Harris,3365,martin-chuzzlewit
Gamp,Mrs Mould,3365,martin-chuzzlewit
Gamp,Harris,3365,martin-chuzzlewit
Gamp,Sairey Gamp,3365,martin-chuzzlewit
Gamp,Harris,3365,martin-chuzzlewit
Gamp,Mrs Harris,3365,martin-chuzzlewit
Gamp,Harris,3365,martin-chuzzlewit
Gamp,Mrs Harris,3365,martin-chuzzlewit
Mrs Harris,Mrs Mould,3365,martin-chuzzlewit
Mrs Harris,Harris,3365,martin-chuzzlewit
Mrs Harris,Sairey Gamp,3365,martin-chuzzlewit
Mrs Harris,Harris,3365,martin-chuzzlewit
Mrs Harris,Harris,3365,martin-chuzzlewit
Mrs Harris,Gamp,3365,martin-chuzzlewit
Mrs Gamp,Mould,3367,martin-chuzzlewit
Mrs Gamp,Chuffey,3367,martin-chuzzlewit
Mould,Mrs Gamp,3367,martin-chuzzlewit
Mould,Chuffey,3367,martin-chuzzlewit
Chuffey,Mrs Gamp,3367,martin-chuzzlewit
Chuffey,Mould,3367,martin-chuzzlewit
Chuffey,Mrs Gamp,3368,martin-chuzzlewit
Mrs Gamp,Chuffey,3368,martin-chuzzlewit
Mrs Gamp,Mould,3369,martin-chuzzlewit
Mould,Mrs Gamp,3369,martin-chuzzlewit
Mrs Gamp,Rich,3374,martin-chuzzlewit
Rich,Mrs Gamp,3374,martin-chuzzlewit
Mrs Gamp,Mould,3375,martin-chuzzlewit
Mould,Mrs Gamp,3375,martin-chuzzlewit
Mould,Mrs Gamp,3375,martin-chuzzlewit
Mrs Gamp,Mould,3375,martin-chuzzlewit
Mrs Gamp,Mould,3377,martin-chuzzlewit
Mrs Gamp,Easy,3377,martin-chuzzlewit
Mould,Mrs Gamp,3377,martin-chuzzlewit
Mould,Easy,3377,martin-chuzzlewit
Mould,Mrs Gamp,3377,martin-chuzzlewit
Easy,Mrs Gamp,3377,martin-chuzzlewit
Easy,Mould,3377,martin-chuzzlewit
Easy,Mrs Gamp,3377,martin-chuzzlewit
Mrs Gamp,Mould,3377,martin-chuzzlewit
Mrs Gamp,Easy,3377,martin-chuzzlewit
Mrs Gamp,Mrs Mould,3379,martin-chuzzlewit
Mrs Mould,Mrs Gamp,3379,martin-chuzzlewit
Bah,Mrs Gamp,3380,martin-chuzzlewit
Mrs Gamp,Bah,3380,martin-chuzzlewit
Mrs Gamp,Mould,3382,martin-chuzzlewit
Mrs Gamp,Mrs Mould,3382,martin-chuzzlewit
Mould,Mrs Gamp,3382,martin-chuzzlewit
Mould,Mrs Mould,3382,martin-chuzzlewit
Mrs Mould,Mrs Gamp,3382,martin-chuzzlewit
Mrs Mould,Mould,3382,martin-chuzzlewit
Mrs Gamp,Mould,3383,martin-chuzzlewit
Mould,Mrs Gamp,3383,martin-chuzzlewit
Mrs Gamp,Anthony Chuzzlewit,3385,martin-chuzzlewit
Mrs Gamp,Son,3385,martin-chuzzlewit
Mrs Gamp,Chuffey,3385,martin-chuzzlewit
Anthony Chuzzlewit,Mrs Gamp,3385,martin-chuzzlewit
Anthony Chuzzlewit,Son,3385,martin-chuzzlewit
Anthony Chuzzlewit,Chuffey,3385,martin-chuzzlewit
Son,Mrs Gamp,3385,martin-chuzzlewit
Son,Anthony Chuzzlewit,3385,martin-chuzzlewit
Son,Chuffey,3385,martin-chuzzlewit
Chuffey,Mrs Gamp,3385,martin-chuzzlewit
Chuffey,Anthony Chuzzlewit,3385,martin-chuzzlewit
Chuffey,Son,3385,martin-chuzzlewit
Mrs Gamp,Mrs Prig,3412,martin-chuzzlewit
Mrs Prig,Mrs Gamp,3412,martin-chuzzlewit
Mrs Gamp,Dark,3457,martin-chuzzlewit
Dark,Mrs Gamp,3457,martin-chuzzlewit
Mrs Prig,Mrs Gamp,3472,martin-chuzzlewit
Mrs Gamp,Mrs Prig,3472,martin-chuzzlewit
Mrs Gamp,Betsy Prig,3476,martin-chuzzlewit
Mrs Gamp,God,3476,martin-chuzzlewit
Betsy Prig,Mrs Gamp,3476,martin-chuzzlewit
Betsy Prig,God,3476,martin-chuzzlewit
God,Mrs Gamp,3476,martin-chuzzlewit
God,Betsy Prig,3476,martin-chuzzlewit
Paul Sweedlepipe,Poll Sweedlepipe,3481,martin-chuzzlewit
Poll Sweedlepipe,Paul Sweedlepipe,3481,martin-chuzzlewit
Poll Sweedlepipe,Gamecocks,3482,martin-chuzzlewit
Gamecocks,Poll Sweedlepipe,3482,martin-chuzzlewit
Poll Sweedlepipe,Poll,3483,martin-chuzzlewit
Poll,Poll Sweedlepipe,3483,martin-chuzzlewit
Poll,Bailey,3508,martin-chuzzlewit
Poll,Bailey,3508,martin-chuzzlewit
Bailey,Poll,3508,martin-chuzzlewit
Bailey,Poll,3508,martin-chuzzlewit
Chuzzlewit,Bailey,3514,martin-chuzzlewit
Bailey,Chuzzlewit,3514,martin-chuzzlewit
Bailey,Paul Sweedlepipe,3519,martin-chuzzlewit
Bailey,Holborn Hill,3519,martin-chuzzlewit
Bailey,Sphinx,3519,martin-chuzzlewit
Paul Sweedlepipe,Bailey,3519,martin-chuzzlewit
Paul Sweedlepipe,Bailey,3519,martin-chuzzlewit
Paul Sweedlepipe,Holborn Hill,3519,martin-chuzzlewit
Paul Sweedlepipe,Sphinx,3519,martin-chuzzlewit
Paul Sweedlepipe,Bailey,3519,martin-chuzzlewit
Bailey,Paul Sweedlepipe,3519,martin-chuzzlewit
Bailey,Holborn Hill,3519,martin-chuzzlewit
Bailey,Sphinx,3519,martin-chuzzlewit
Holborn Hill,Bailey,3519,martin-chuzzlewit
Holborn Hill,Paul Sweedlepipe,3519,martin-chuzzlewit
Holborn Hill,Bailey,3519,martin-chuzzlewit
Holborn Hill,Sphinx,3519,martin-chuzzlewit
Holborn Hill,Bailey,3519,martin-chuzzlewit
Sphinx,Bailey,3519,martin-chuzzlewit
Sphinx,Paul Sweedlepipe,3519,martin-chuzzlewit
Sphinx,Bailey,3519,martin-chuzzlewit
Sphinx,Holborn Hill,3519,martin-chuzzlewit
Sphinx,Bailey,3519,martin-chuzzlewit
Bailey,Paul Sweedlepipe,3519,martin-chuzzlewit
Bailey,Holborn Hill,3519,martin-chuzzlewit
Bailey,Sphinx,3519,martin-chuzzlewit
Bailey,Love,3525,martin-chuzzlewit
Love,Bailey,3525,martin-chuzzlewit
Mrs Gamp,Bailey,3535,martin-chuzzlewit
Bailey,Mrs Gamp,3535,martin-chuzzlewit
Bailey,Mrs Gamp,3535,martin-chuzzlewit
Mrs Gamp,Bailey,3535,martin-chuzzlewit
Chuff,Jonas,3540,martin-chuzzlewit
Jonas,Chuff,3540,martin-chuzzlewit
Mrs Gamp,Chuffey,3541,martin-chuzzlewit
Chuffey,Mrs Gamp,3541,martin-chuzzlewit
Jonas,Mrs Gamp,3542,martin-chuzzlewit
Mrs Gamp,Jonas,3542,martin-chuzzlewit
Bailey,Mrs Chuzzlewit,3551,martin-chuzzlewit
Bailey,Mrs Gamp,3551,martin-chuzzlewit
Mrs Chuzzlewit,Bailey,3551,martin-chuzzlewit
Mrs Chuzzlewit,Mrs Gamp,3551,martin-chuzzlewit
Mrs Gamp,Bailey,3551,martin-chuzzlewit
Mrs Gamp,Mrs Chuzzlewit,3551,martin-chuzzlewit
Jonas,Ecod,3555,martin-chuzzlewit
Ecod,Jonas,3555,martin-chuzzlewit
Junior,Bailey,3565,martin-chuzzlewit
Junior,Bailey,3565,martin-chuzzlewit
Bailey,Junior,3565,martin-chuzzlewit
Bailey,Junior,3565,martin-chuzzlewit
Bailey,Poll Sweedlepipe,3566,martin-chuzzlewit
Bailey,Poll Sweedlepipe,3566,martin-chuzzlewit
Poll Sweedlepipe,Bailey,3566,martin-chuzzlewit
Poll Sweedlepipe,Bailey,3566,martin-chuzzlewit
Bailey,Tigg,3569,martin-chuzzlewit
Bailey,Though,3569,martin-chuzzlewit
Bailey,Montague Tigg,3569,martin-chuzzlewit
Bailey,Tigg Montague,3569,martin-chuzzlewit
Tigg,Bailey,3569,martin-chuzzlewit
Tigg,Though,3569,martin-chuzzlewit
Tigg,Montague Tigg,3569,martin-chuzzlewit
Tigg,Tigg Montague,3569,martin-chuzzlewit
Though,Bailey,3569,martin-chuzzlewit
Though,Tigg,3569,martin-chuzzlewit
Though,Montague Tigg,3569,martin-chuzzlewit
Though,Tigg Montague,3569,martin-chuzzlewit
Montague Tigg,Bailey,3569,martin-chuzzlewit
Montague Tigg,Tigg,3569,martin-chuzzlewit
Montague Tigg,Though,3569,martin-chuzzlewit
Montague Tigg,Tigg Montague,3569,martin-chuzzlewit
Tigg Montague,Bailey,3569,martin-chuzzlewit
Tigg Montague,Tigg,3569,martin-chuzzlewit
Tigg Montague,Though,3569,martin-chuzzlewit
Tigg Montague,Montague Tigg,3569,martin-chuzzlewit
David,Montague,3576,martin-chuzzlewit
Montague,David,3576,martin-chuzzlewit
Life Assurance Company,David,3578,martin-chuzzlewit
Life Assurance Company,Montague,3578,martin-chuzzlewit
David,Life Assurance Company,3578,martin-chuzzlewit
David,Montague,3578,martin-chuzzlewit
Montague,Life Assurance Company,3578,martin-chuzzlewit
Montague,David,3578,martin-chuzzlewit
Cauliflower,Bailey,3583,martin-chuzzlewit
Bailey,Cauliflower,3583,martin-chuzzlewit
David,Tigg,3587,martin-chuzzlewit
Tigg,David,3587,martin-chuzzlewit
Tigg,David,3587,martin-chuzzlewit
David,Tigg,3587,martin-chuzzlewit
Tigg Montague,David,3592,martin-chuzzlewit
David,Tigg Montague,3592,martin-chuzzlewit
David,Who,3597,martin-chuzzlewit
Who,David,3597,martin-chuzzlewit
Life Assurance Company,Within,3609,martin-chuzzlewit
Life Assurance Company,Life Assurance,3609,martin-chuzzlewit
Life Assurance Company,David Crimple,3609,martin-chuzzlewit
Life Assurance Company,Esquire,3609,martin-chuzzlewit
Life Assurance Company,Bonus,3609,martin-chuzzlewit
Life Assurance Company,David Crimple,3609,martin-chuzzlewit
Life Assurance Company,Esquire,3609,martin-chuzzlewit
Life Assurance Company,Within,3609,martin-chuzzlewit
Life Assurance Company,Life Assurance,3609,martin-chuzzlewit
Life Assurance Company,David Crimple,3609,martin-chuzzlewit
Life Assurance Company,Esquire,3609,martin-chuzzlewit
Life Assurance Company,Bonus,3609,martin-chuzzlewit
Life Assurance Company,David Crimple,3609,martin-chuzzlewit
Life Assurance Company,Esquire,3609,martin-chuzzlewit
Within,Life Assurance Company,3609,martin-chuzzlewit
Within,Life Assurance Company,3609,martin-chuzzlewit
Within,Life Assurance,3609,martin-chuzzlewit
Within,David Crimple,3609,martin-chuzzlewit
Within,Esquire,3609,martin-chuzzlewit
Within,Life Assurance Company,3609,martin-chuzzlewit
Within,Bonus,3609,martin-chuzzlewit
Within,David Crimple,3609,martin-chuzzlewit
Within,Esquire,3609,martin-chuzzlewit
Life Assurance,Life Assurance Company,3609,martin-chuzzlewit
Life Assurance,Life Assurance Company,3609,martin-chuzzlewit
Life Assurance,Within,3609,martin-chuzzlewit
Life Assurance,David Crimple,3609,martin-chuzzlewit
Life Assurance,Esquire,3609,martin-chuzzlewit
Life Assurance,Life Assurance Company,3609,martin-chuzzlewit
Life Assurance,Bonus,3609,martin-chuzzlewit
Life Assurance,David Crimple,3609,martin-chuzzlewit
Life Assurance,Esquire,3609,martin-chuzzlewit
David Crimple,Life Assurance Company,3609,martin-chuzzlewit
David Crimple,Life Assurance Company,3609,martin-chuzzlewit
David Crimple,Within,3609,martin-chuzzlewit
David Crimple,Life Assurance,3609,martin-chuzzlewit
David Crimple,Esquire,3609,martin-chuzzlewit
David Crimple,Life Assurance Company,3609,martin-chuzzlewit
David Crimple,Bonus,3609,martin-chuzzlewit
David Crimple,Esquire,3609,martin-chuzzlewit
Esquire,Life Assurance Company,3609,martin-chuzzlewit
Esquire,Life Assurance Company,3609,martin-chuzzlewit
Esquire,Within,3609,martin-chuzzlewit
Esquire,Life Assurance,3609,martin-chuzzlewit
Esquire,David Crimple,3609,martin-chuzzlewit
Esquire,Life Assurance Company,3609,martin-chuzzlewit
Esquire,Bonus,3609,martin-chuzzlewit
Esquire,David Crimple,3609,martin-chuzzlewit
Life Assurance Company,Within,3609,martin-chuzzlewit
Life Assurance Company,Life Assurance,3609,martin-chuzzlewit
Life Assurance Company,David Crimple,3609,martin-chuzzlewit
Life Assurance Company,Esquire,3609,martin-chuzzlewit
Life Assurance Company,Bonus,3609,martin-chuzzlewit
Life Assurance Company,David Crimple,3609,martin-chuzzlewit
Life Assurance Company,Esquire,3609,martin-chuzzlewit
Bonus,Life Assurance Company,3609,martin-chuzzlewit
Bonus,Life Assurance Company,3609,martin-chuzzlewit
Bonus,Within,3609,martin-chuzzlewit
Bonus,Life Assurance,3609,martin-chuzzlewit
Bonus,David Crimple,3609,martin-chuzzlewit
Bonus,Esquire,3609,martin-chuzzlewit
Bonus,Life Assurance Company,3609,martin-chuzzlewit
Bonus,David Crimple,3609,martin-chuzzlewit
Bonus,Esquire,3609,martin-chuzzlewit
David Crimple,Life Assurance Company,3609,martin-chuzzlewit
David Crimple,Life Assurance Company,3609,martin-chuzzlewit
David Crimple,Within,3609,martin-chuzzlewit
David Crimple,Life Assurance,3609,martin-chuzzlewit
David Crimple,Esquire,3609,martin-chuzzlewit
David Crimple,Life Assurance Company,3609,martin-chuzzlewit
David Crimple,Bonus,3609,martin-chuzzlewit
David Crimple,Esquire,3609,martin-chuzzlewit
Esquire,Life Assurance Company,3609,martin-chuzzlewit
Esquire,Life Assurance Company,3609,martin-chuzzlewit
Esquire,Within,3609,martin-chuzzlewit
Esquire,Life Assurance,3609,martin-chuzzlewit
Esquire,David Crimple,3609,martin-chuzzlewit
Esquire,Life Assurance Company,3609,martin-chuzzlewit
Esquire,Bonus,3609,martin-chuzzlewit
Esquire,David Crimple,3609,martin-chuzzlewit
Life Assurance,Tigg Montague,3611,martin-chuzzlewit
Life Assurance,Esquire,3611,martin-chuzzlewit
Tigg Montague,Life Assurance,3611,martin-chuzzlewit
Tigg Montague,Esquire,3611,martin-chuzzlewit
Esquire,Life Assurance,3611,martin-chuzzlewit
Esquire,Tigg Montague,3611,martin-chuzzlewit
Tigg Montague,Esquire,3614,martin-chuzzlewit
Esquire,Tigg Montague,3614,martin-chuzzlewit
Bullamy,Crimple,3619,martin-chuzzlewit
Crimple,Bullamy,3619,martin-chuzzlewit
Anthony Chuzzlewit,Mrs Gamp,3621,martin-chuzzlewit
Mrs Gamp,Anthony Chuzzlewit,3621,martin-chuzzlewit
John Jobling,Esquire,3637,martin-chuzzlewit
John Jobling,God,3637,martin-chuzzlewit
Esquire,John Jobling,3637,martin-chuzzlewit
Esquire,God,3637,martin-chuzzlewit
God,John Jobling,3637,martin-chuzzlewit
God,Esquire,3637,martin-chuzzlewit
Jobling,Delicacy,3644,martin-chuzzlewit
Jobling,Costly,3644,martin-chuzzlewit
Delicacy,Jobling,3644,martin-chuzzlewit
Delicacy,Costly,3644,martin-chuzzlewit
Costly,Jobling,3644,martin-chuzzlewit
Costly,Delicacy,3644,martin-chuzzlewit
Tigg,Bullamy,3657,martin-chuzzlewit
Bullamy,Tigg,3657,martin-chuzzlewit
Jack Noakes,Tom Styles,3661,martin-chuzzlewit
Tom Styles,Jack Noakes,3661,martin-chuzzlewit
Jonas Chuzzlewit,Tigg,3665,martin-chuzzlewit
Tigg,Jonas Chuzzlewit,3665,martin-chuzzlewit
Tigg,Jonas,3666,martin-chuzzlewit
Jonas,Tigg,3666,martin-chuzzlewit
Tigg,Jonas,3671,martin-chuzzlewit
Tigg,Jonas,3671,martin-chuzzlewit
Tigg,Jonas,3671,martin-chuzzlewit
Jonas,Tigg,3671,martin-chuzzlewit
Jonas,Tigg,3671,martin-chuzzlewit
Jonas,Tigg,3671,martin-chuzzlewit
Tigg,Chuzzlewit,3674,martin-chuzzlewit
Chuzzlewit,Tigg,3674,martin-chuzzlewit
Tigg,Sweet,3691,martin-chuzzlewit
Sweet,Tigg,3691,martin-chuzzlewit
Pecksniff,Jonas,3705,martin-chuzzlewit
Jonas,Pecksniff,3705,martin-chuzzlewit
Tigg,Montague,3709,martin-chuzzlewit
Montague,Tigg,3709,martin-chuzzlewit
Montague,Bailey,3714,martin-chuzzlewit
Bailey,Montague,3714,martin-chuzzlewit
B,Tigg,3737,martin-chuzzlewit
B,Tigg,3737,martin-chuzzlewit
Tigg,B,3737,martin-chuzzlewit
Tigg,B,3737,martin-chuzzlewit
Tigg Montague,Money,3741,martin-chuzzlewit
Money,Tigg Montague,3741,martin-chuzzlewit
Montague,Bullamy,3751,martin-chuzzlewit
Bullamy,Montague,3751,martin-chuzzlewit
Nadgett,Montague,3757,martin-chuzzlewit
Nadgett,Jonas Chuzzlewit,3757,martin-chuzzlewit
Montague,Nadgett,3757,martin-chuzzlewit
Montague,Jonas Chuzzlewit,3757,martin-chuzzlewit
Jonas Chuzzlewit,Nadgett,3757,martin-chuzzlewit
Jonas Chuzzlewit,Montague,3757,martin-chuzzlewit
Jonas Chuzzlewit,Jonas,3763,martin-chuzzlewit
Jonas,Jonas Chuzzlewit,3763,martin-chuzzlewit
Montague,Jonas,3764,martin-chuzzlewit
Montague,Jonas,3764,martin-chuzzlewit
Montague,Jonas,3764,martin-chuzzlewit
Montague,Jonas,3764,martin-chuzzlewit
Jonas,Montague,3764,martin-chuzzlewit
Jonas,Montague,3764,martin-chuzzlewit
Jonas,Montague,3764,martin-chuzzlewit
Jonas,Montague,3764,martin-chuzzlewit
Montague,Jonas,3773,martin-chuzzlewit
Montague,Jonas,3773,martin-chuzzlewit
Jonas,Montague,3773,martin-chuzzlewit
Jonas,Montague,3773,martin-chuzzlewit
Jonas,Montague,3773,martin-chuzzlewit
Jonas,Montague,3773,martin-chuzzlewit
Montague,Jonas,3773,martin-chuzzlewit
Montague,Jonas,3773,martin-chuzzlewit
Montague,Chuzzlewit,3776,martin-chuzzlewit
Chuzzlewit,Montague,3776,martin-chuzzlewit
Chuzzlewit,Jonas,3777,martin-chuzzlewit
Jonas,Chuzzlewit,3777,martin-chuzzlewit
Wolf,Jonas,3779,martin-chuzzlewit
Wolf,Lord Nobley,3779,martin-chuzzlewit
Jonas,Wolf,3779,martin-chuzzlewit
Jonas,Lord Nobley,3779,martin-chuzzlewit
Lord Nobley,Wolf,3779,martin-chuzzlewit
Lord Nobley,Jonas,3779,martin-chuzzlewit
Pip,Same,3780,martin-chuzzlewit
Pip,Nobley,3780,martin-chuzzlewit
Same,Pip,3780,martin-chuzzlewit
Same,Nobley,3780,martin-chuzzlewit
Nobley,Pip,3780,martin-chuzzlewit
Nobley,Same,3780,martin-chuzzlewit
Nobley,Gad,3781,martin-chuzzlewit
Nobley,Wolf,3781,martin-chuzzlewit
Gad,Nobley,3781,martin-chuzzlewit
Gad,Wolf,3781,martin-chuzzlewit
Wolf,Nobley,3781,martin-chuzzlewit
Wolf,Gad,3781,martin-chuzzlewit
Pip,Ask Pip,3784,martin-chuzzlewit
Pip,Ask Pip,3784,martin-chuzzlewit
Pip,Bandy,3784,martin-chuzzlewit
Pip,Bandy,3784,martin-chuzzlewit
Pip,Bravo,3784,martin-chuzzlewit
Pip,Well,3784,martin-chuzzlewit
Ask Pip,Pip,3784,martin-chuzzlewit
Ask Pip,Pip,3784,martin-chuzzlewit
Ask Pip,Pip,3784,martin-chuzzlewit
Ask Pip,Pip,3784,martin-chuzzlewit
Ask Pip,Bandy,3784,martin-chuzzlewit
Ask Pip,Bandy,3784,martin-chuzzlewit
Ask Pip,Bravo,3784,martin-chuzzlewit
Ask Pip,Pip,3784,martin-chuzzlewit
Ask Pip,Well,3784,martin-chuzzlewit
Ask Pip,Pip,3784,martin-chuzzlewit
Ask Pip,Pip,3784,martin-chuzzlewit
Ask Pip,Pip,3784,martin-chuzzlewit
Pip,Ask Pip,3784,martin-chuzzlewit
Pip,Ask Pip,3784,martin-chuzzlewit
Pip,Bandy,3784,martin-chuzzlewit
Pip,Bandy,3784,martin-chuzzlewit
Pip,Bravo,3784,martin-chuzzlewit
Pip,Well,3784,martin-chuzzlewit
Ask Pip,Pip,3784,martin-chuzzlewit
Ask Pip,Pip,3784,martin-chuzzlewit
Ask Pip,Pip,3784,martin-chuzzlewit
Ask Pip,Pip,3784,martin-chuzzlewit
Ask Pip,Bandy,3784,martin-chuzzlewit
Ask Pip,Bandy,3784,martin-chuzzlewit
Ask Pip,Bravo,3784,martin-chuzzlewit
Ask Pip,Pip,3784,martin-chuzzlewit
Ask Pip,Well,3784,martin-chuzzlewit
Ask Pip,Pip,3784,martin-chuzzlewit
Ask Pip,Pip,3784,martin-chuzzlewit
Ask Pip,Pip,3784,martin-chuzzlewit
Pip,Ask Pip,3784,martin-chuzzlewit
Pip,Ask Pip,3784,martin-chuzzlewit
Pip,Bandy,3784,martin-chuzzlewit
Pip,Bandy,3784,martin-chuzzlewit
Pip,Bravo,3784,martin-chuzzlewit
Pip,Well,3784,martin-chuzzlewit
Pip,Ask Pip,3784,martin-chuzzlewit
Pip,Ask Pip,3784,martin-chuzzlewit
Pip,Bandy,3784,martin-chuzzlewit
Pip,Bandy,3784,martin-chuzzlewit
Pip,Bravo,3784,martin-chuzzlewit
Pip,Well,3784,martin-chuzzlewit
Bandy,Pip,3784,martin-chuzzlewit
Bandy,Ask Pip,3784,martin-chuzzlewit
Bandy,Pip,3784,martin-chuzzlewit
Bandy,Ask Pip,3784,martin-chuzzlewit
Bandy,Pip,3784,martin-chuzzlewit
Bandy,Pip,3784,martin-chuzzlewit
Bandy,Bravo,3784,martin-chuzzlewit
Bandy,Pip,3784,martin-chuzzlewit
Bandy,Well,3784,martin-chuzzlewit
Bandy,Pip,3784,martin-chuzzlewit
Bandy,Pip,3784,martin-chuzzlewit
Bandy,Pip,3784,martin-chuzzlewit
Bandy,Pip,3784,martin-chuzzlewit
Bandy,Ask Pip,3784,martin-chuzzlewit
Bandy,Pip,3784,martin-chuzzlewit
Bandy,Ask Pip,3784,martin-chuzzlewit
Bandy,Pip,3784,martin-chuzzlewit
Bandy,Pip,3784,martin-chuzzlewit
Bandy,Bravo,3784,martin-chuzzlewit
Bandy,Pip,3784,martin-chuzzlewit
Bandy,Well,3784,martin-chuzzlewit
Bandy,Pip,3784,martin-chuzzlewit
Bandy,Pip,3784,martin-chuzzlewit
Bandy,Pip,3784,martin-chuzzlewit
Bravo,Pip,3784,martin-chuzzlewit
Bravo,Ask Pip,3784,martin-chuzzlewit
Bravo,Pip,3784,martin-chuzzlewit
Bravo,Ask Pip,3784,martin-chuzzlewit
Bravo,Pip,3784,martin-chuzzlewit
Bravo,Pip,3784,martin-chuzzlewit
Bravo,Bandy,3784,martin-chuzzlewit
Bravo,Bandy,3784,martin-chuzzlewit
Bravo,Pip,3784,martin-chuzzlewit
Bravo,Well,3784,martin-chuzzlewit
Bravo,Pip,3784,martin-chuzzlewit
Bravo,Pip,3784,martin-chuzzlewit
Bravo,Pip,3784,martin-chuzzlewit
Pip,Ask Pip,3784,martin-chuzzlewit
Pip,Ask Pip,3784,martin-chuzzlewit
Pip,Bandy,3784,martin-chuzzlewit
Pip,Bandy,3784,martin-chuzzlewit
Pip,Bravo,3784,martin-chuzzlewit
Pip,Well,3784,martin-chuzzlewit
Well,Pip,3784,martin-chuzzlewit
Well,Ask Pip,3784,martin-chuzzlewit
Well,Pip,3784,martin-chuzzlewit
Well,Ask Pip,3784,martin-chuzzlewit
Well,Pip,3784,martin-chuzzlewit
Well,Pip,3784,martin-chuzzlewit
Well,Bandy,3784,martin-chuzzlewit
Well,Bandy,3784,martin-chuzzlewit
Well,Bravo,3784,martin-chuzzlewit
Well,Pip,3784,martin-chuzzlewit
Well,Pip,3784,martin-chuzzlewit
Well,Pip,3784,martin-chuzzlewit
Well,Pip,3784,martin-chuzzlewit
Pip,Ask Pip,3784,martin-chuzzlewit
Pip,Ask Pip,3784,martin-chuzzlewit
Pip,Bandy,3784,martin-chuzzlewit
Pip,Bandy,3784,martin-chuzzlewit
Pip,Bravo,3784,martin-chuzzlewit
Pip,Well,3784,martin-chuzzlewit
Pip,Ask Pip,3784,martin-chuzzlewit
Pip,Ask Pip,3784,martin-chuzzlewit
Pip,Bandy,3784,martin-chuzzlewit
Pip,Bandy,3784,martin-chuzzlewit
Pip,Bravo,3784,martin-chuzzlewit
Pip,Well,3784,martin-chuzzlewit
Pip,Ask Pip,3784,martin-chuzzlewit
Pip,Ask Pip,3784,martin-chuzzlewit
Pip,Bandy,3784,martin-chuzzlewit
Pip,Bandy,3784,martin-chuzzlewit
Pip,Bravo,3784,martin-chuzzlewit
Pip,Well,3784,martin-chuzzlewit
Montague,Crimple,3796,martin-chuzzlewit
Crimple,Montague,3796,martin-chuzzlewit
Tigg,Pip,3806,martin-chuzzlewit
Tigg,Chuzzlewit,3806,martin-chuzzlewit
Tigg,Pip,3806,martin-chuzzlewit
Pip,Tigg,3806,martin-chuzzlewit
Pip,Chuzzlewit,3806,martin-chuzzlewit
Chuzzlewit,Tigg,3806,martin-chuzzlewit
Chuzzlewit,Pip,3806,martin-chuzzlewit
Chuzzlewit,Pip,3806,martin-chuzzlewit
Pip,Tigg,3806,martin-chuzzlewit
Pip,Chuzzlewit,3806,martin-chuzzlewit
Pip,Jonas,3807,martin-chuzzlewit
Pip,Wolf,3807,martin-chuzzlewit
Jonas,Pip,3807,martin-chuzzlewit
Jonas,Pip,3807,martin-chuzzlewit
Jonas,Wolf,3807,martin-chuzzlewit
Pip,Jonas,3807,martin-chuzzlewit
Pip,Wolf,3807,martin-chuzzlewit
Wolf,Pip,3807,martin-chuzzlewit
Wolf,Jonas,3807,martin-chuzzlewit
Wolf,Pip,3807,martin-chuzzlewit
Chuzzlewit,Wolf,3810,martin-chuzzlewit
Wolf,Chuzzlewit,3810,martin-chuzzlewit
Viscount,Pip,3815,martin-chuzzlewit
Viscount,Pip,3815,martin-chuzzlewit
Viscount,Produce Pip,3815,martin-chuzzlewit
Viscount,Shakspeare,3815,martin-chuzzlewit
Viscount,Pip,3815,martin-chuzzlewit
Viscount,Pip,3815,martin-chuzzlewit
Viscount,Pip,3815,martin-chuzzlewit
Viscount,Pip,3815,martin-chuzzlewit
Viscount,Lady Macbeth,3815,martin-chuzzlewit
Viscount,Pip,3815,martin-chuzzlewit
Viscount,Pip,3815,martin-chuzzlewit
Viscount,Pip,3815,martin-chuzzlewit
Viscount,Pip,3815,martin-chuzzlewit
Viscount,Pip,3815,martin-chuzzlewit
Viscount,Pip,3815,martin-chuzzlewit
Pip,Viscount,3815,martin-chuzzlewit
Pip,Produce Pip,3815,martin-chuzzlewit
Pip,Shakspeare,3815,martin-chuzzlewit
Pip,Lady Macbeth,3815,martin-chuzzlewit
Pip,Viscount,3815,martin-chuzzlewit
Pip,Produce Pip,3815,martin-chuzzlewit
Pip,Shakspeare,3815,martin-chuzzlewit
Pip,Lady Macbeth,3815,martin-chuzzlewit
Produce Pip,Viscount,3815,martin-chuzzlewit
Produce Pip,Pip,3815,martin-chuzzlewit
Produce Pip,Pip,3815,martin-chuzzlewit
Produce Pip,Shakspeare,3815,martin-chuzzlewit
Produce Pip,Pip,3815,martin-chuzzlewit
Produce Pip,Pip,3815,martin-chuzzlewit
Produce Pip,Pip,3815,martin-chuzzlewit
Produce Pip,Pip,3815,martin-chuzzlewit
Produce Pip,Lady Macbeth,3815,martin-chuzzlewit
Produce Pip,Pip,3815,martin-chuzzlewit
Produce Pip,Pip,3815,martin-chuzzlewit
Produce Pip,Pip,3815,martin-chuzzlewit
Produce Pip,Pip,3815,martin-chuzzlewit
Produce Pip,Pip,3815,martin-chuzzlewit
Produce Pip,Pip,3815,martin-chuzzlewit
Shakspeare,Viscount,3815,martin-chuzzlewit
Shakspeare,Pip,3815,martin-chuzzlewit
Shakspeare,Pip,3815,martin-chuzzlewit
Shakspeare,Produce Pip,3815,martin-chuzzlewit
Shakspeare,Pip,3815,martin-chuzzlewit
Shakspeare,Pip,3815,martin-chuzzlewit
Shakspeare,Pip,3815,martin-chuzzlewit
Shakspeare,Pip,3815,martin-chuzzlewit
Shakspeare,Lady Macbeth,3815,martin-chuzzlewit
Shakspeare,Pip,3815,martin-chuzzlewit
Shakspeare,Pip,3815,martin-chuzzlewit
Shakspeare,Pip,3815,martin-chuzzlewit
Shakspeare,Pip,3815,martin-chuzzlewit
Shakspeare,Pip,3815,martin-chuzzlewit
Shakspeare,Pip,3815,martin-chuzzlewit
Pip,Viscount,3815,martin-chuzzlewit
Pip,Produce Pip,3815,martin-chuzzlewit
Pip,Shakspeare,3815,martin-chuzzlewit
Pip,Lady Macbeth,3815,martin-chuzzlewit
Pip,Viscount,3815,martin-chuzzlewit
Pip,Produce Pip,3815,martin-chuzzlewit
Pip,Shakspeare,3815,martin-chuzzlewit
Pip,Lady Macbeth,3815,martin-chuzzlewit
Pip,Viscount,3815,martin-chuzzlewit
Pip,Produce Pip,3815,martin-chuzzlewit
Pip,Shakspeare,3815,martin-chuzzlewit
Pip,Lady Macbeth,3815,martin-chuzzlewit
Pip,Viscount,3815,martin-chuzzlewit
Pip,Produce Pip,3815,martin-chuzzlewit
Pip,Shakspeare,3815,martin-chuzzlewit
Pip,Lady Macbeth,3815,martin-chuzzlewit
Lady Macbeth,Viscount,3815,martin-chuzzlewit
Lady Macbeth,Pip,3815,martin-chuzzlewit
Lady Macbeth,Pip,3815,martin-chuzzlewit
Lady Macbeth,Produce Pip,3815,martin-chuzzlewit
Lady Macbeth,Shakspeare,3815,martin-chuzzlewit
Lady Macbeth,Pip,3815,martin-chuzzlewit
Lady Macbeth,Pip,3815,martin-chuzzlewit
Lady Macbeth,Pip,3815,martin-chuzzlewit
Lady Macbeth,Pip,3815,martin-chuzzlewit
Lady Macbeth,Pip,3815,martin-chuzzlewit
Lady Macbeth,Pip,3815,martin-chuzzlewit
Lady Macbeth,Pip,3815,martin-chuzzlewit
Lady Macbeth,Pip,3815,martin-chuzzlewit
Lady Macbeth,Pip,3815,martin-chuzzlewit
Lady Macbeth,Pip,3815,martin-chuzzlewit
Pip,Viscount,3815,martin-chuzzlewit
Pip,Produce Pip,3815,martin-chuzzlewit
Pip,Shakspeare,3815,martin-chuzzlewit
Pip,Lady Macbeth,3815,martin-chuzzlewit
Pip,Viscount,3815,martin-chuzzlewit
Pip,Produce Pip,3815,martin-chuzzlewit
Pip,Shakspeare,3815,martin-chuzzlewit
Pip,Lady Macbeth,3815,martin-chuzzlewit
Pip,Viscount,3815,martin-chuzzlewit
Pip,Produce Pip,3815,martin-chuzzlewit
Pip,Shakspeare,3815,martin-chuzzlewit
Pip,Lady Macbeth,3815,martin-chuzzlewit
Pip,Viscount,3815,martin-chuzzlewit
Pip,Produce Pip,3815,martin-chuzzlewit
Pip,Shakspeare,3815,martin-chuzzlewit
Pip,Lady Macbeth,3815,martin-chuzzlewit
Pip,Viscount,3815,martin-chuzzlewit
Pip,Produce Pip,3815,martin-chuzzlewit
Pip,Shakspeare,3815,martin-chuzzlewit
Pip,Lady Macbeth,3815,martin-chuzzlewit
Pip,Viscount,3815,martin-chuzzlewit
Pip,Produce Pip,3815,martin-chuzzlewit
Pip,Shakspeare,3815,martin-chuzzlewit
Pip,Lady Macbeth,3815,martin-chuzzlewit
Jonas,Wolf,3816,martin-chuzzlewit
Wolf,Jonas,3816,martin-chuzzlewit
Wolf,Jonas,3816,martin-chuzzlewit
Wolf,Jonas,3816,martin-chuzzlewit
Jonas,Wolf,3816,martin-chuzzlewit
Jonas,Wolf,3816,martin-chuzzlewit
Tigg,Crimple,3818,martin-chuzzlewit
Crimple,Tigg,3818,martin-chuzzlewit
Pip,Jonas,3820,martin-chuzzlewit
Jonas,Pip,3820,martin-chuzzlewit
Tigg,Has Nadgett,3824,martin-chuzzlewit
Has Nadgett,Tigg,3824,martin-chuzzlewit
Hush,Hallo,3828,martin-chuzzlewit
Hush,Chuzzlewit,3828,martin-chuzzlewit
Hallo,Hush,3828,martin-chuzzlewit
Hallo,Chuzzlewit,3828,martin-chuzzlewit
Chuzzlewit,Hush,3828,martin-chuzzlewit
Chuzzlewit,Hallo,3828,martin-chuzzlewit
Mrs Todgers,Merry,3836,martin-chuzzlewit
Merry,Mrs Todgers,3836,martin-chuzzlewit
Jonas,Tumble,3839,martin-chuzzlewit
Tumble,Jonas,3839,martin-chuzzlewit
Bailey,Jonas,3842,martin-chuzzlewit
Jonas,Bailey,3842,martin-chuzzlewit
God,Jerusalem,3872,martin-chuzzlewit
Jerusalem,God,3872,martin-chuzzlewit
Bailey,Poll Sweedlepipe,3877,martin-chuzzlewit
Poll Sweedlepipe,Bailey,3877,martin-chuzzlewit
Polly,How,3879,martin-chuzzlewit
Polly,Sairah,3879,martin-chuzzlewit
How,Polly,3879,martin-chuzzlewit
How,Sairah,3879,martin-chuzzlewit
Sairah,Polly,3879,martin-chuzzlewit
Sairah,How,3879,martin-chuzzlewit
Bailey,Poll Sweedlepipe,3887,martin-chuzzlewit
Poll Sweedlepipe,Bailey,3887,martin-chuzzlewit
Poll,Sweedlepipe,3890,martin-chuzzlewit
Poll,Bailey,3890,martin-chuzzlewit
Sweedlepipe,Poll,3890,martin-chuzzlewit
Sweedlepipe,Bailey,3890,martin-chuzzlewit
Sweedlepipe,Poll,3890,martin-chuzzlewit
Bailey,Poll,3890,martin-chuzzlewit
Bailey,Sweedlepipe,3890,martin-chuzzlewit
Bailey,Poll,3890,martin-chuzzlewit
Poll,Sweedlepipe,3890,martin-chuzzlewit
Poll,Bailey,3890,martin-chuzzlewit
Poll,Mrs Gamp,3891,martin-chuzzlewit
Poll,Bailey,3891,martin-chuzzlewit
Mrs Gamp,Poll,3891,martin-chuzzlewit
Mrs Gamp,Bailey,3891,martin-chuzzlewit
Bailey,Poll,3891,martin-chuzzlewit
Bailey,Mrs Gamp,3891,martin-chuzzlewit
Mrs Gamp,Bull,3895,martin-chuzzlewit
Bull,Mrs Gamp,3895,martin-chuzzlewit
Harris,Sairey Gamp,3897,martin-chuzzlewit
Harris,Mrs Harris,3897,martin-chuzzlewit
Harris,Vich,3897,martin-chuzzlewit
Sairey Gamp,Harris,3897,martin-chuzzlewit
Sairey Gamp,Harris,3897,martin-chuzzlewit
Sairey Gamp,Mrs Harris,3897,martin-chuzzlewit
Sairey Gamp,Vich,3897,martin-chuzzlewit
Harris,Sairey Gamp,3897,martin-chuzzlewit
Harris,Mrs Harris,3897,martin-chuzzlewit
Harris,Vich,3897,martin-chuzzlewit
Mrs Harris,Harris,3897,martin-chuzzlewit
Mrs Harris,Sairey Gamp,3897,martin-chuzzlewit
Mrs Harris,Harris,3897,martin-chuzzlewit
Mrs Harris,Vich,3897,martin-chuzzlewit
Vich,Harris,3897,martin-chuzzlewit
Vich,Sairey Gamp,3897,martin-chuzzlewit
Vich,Harris,3897,martin-chuzzlewit
Vich,Mrs Harris,3897,martin-chuzzlewit
Mrs Gamp,Mrs Harris,3899,martin-chuzzlewit
Mrs Gamp,Mrs Harris,3899,martin-chuzzlewit
Mrs Gamp,Harris,3899,martin-chuzzlewit
Mrs Gamp,Moore,3899,martin-chuzzlewit
Mrs Gamp,Mrs Harris,3899,martin-chuzzlewit
Mrs Harris,Mrs Gamp,3899,martin-chuzzlewit
Mrs Harris,Harris,3899,martin-chuzzlewit
Mrs Harris,Moore,3899,martin-chuzzlewit
Mrs Harris,Mrs Gamp,3899,martin-chuzzlewit
Mrs Harris,Mrs Gamp,3899,martin-chuzzlewit
Mrs Harris,Harris,3899,martin-chuzzlewit
Mrs Harris,Moore,3899,martin-chuzzlewit
Mrs Harris,Mrs Gamp,3899,martin-chuzzlewit
Harris,Mrs Gamp,3899,martin-chuzzlewit
Harris,Mrs Harris,3899,martin-chuzzlewit
Harris,Mrs Harris,3899,martin-chuzzlewit
Harris,Moore,3899,martin-chuzzlewit
Harris,Mrs Harris,3899,martin-chuzzlewit
Harris,Mrs Gamp,3899,martin-chuzzlewit
Moore,Mrs Gamp,3899,martin-chuzzlewit
Moore,Mrs Harris,3899,martin-chuzzlewit
Moore,Mrs Harris,3899,martin-chuzzlewit
Moore,Harris,3899,martin-chuzzlewit
Moore,Mrs Harris,3899,martin-chuzzlewit
Moore,Mrs Gamp,3899,martin-chuzzlewit
Mrs Harris,Mrs Gamp,3899,martin-chuzzlewit
Mrs Harris,Harris,3899,martin-chuzzlewit
Mrs Harris,Moore,3899,martin-chuzzlewit
Mrs Harris,Mrs Gamp,3899,martin-chuzzlewit
Mrs Gamp,Mrs Harris,3899,martin-chuzzlewit
Mrs Gamp,Mrs Harris,3899,martin-chuzzlewit
Mrs Gamp,Harris,3899,martin-chuzzlewit
Mrs Gamp,Moore,3899,martin-chuzzlewit
Mrs Gamp,Mrs Harris,3899,martin-chuzzlewit
Mrs Harris,Mrs Gill,3910,martin-chuzzlewit
Mrs Gill,Mrs Harris,3910,martin-chuzzlewit
Bailey,Mrs Gamp,3911,martin-chuzzlewit
Mrs Gamp,Bailey,3911,martin-chuzzlewit
Mrs Gamp,Chuzzlewit,3912,martin-chuzzlewit
Chuzzlewit,Mrs Gamp,3912,martin-chuzzlewit
Mrs Prig,Sarah,3935,martin-chuzzlewit
Sarah,Mrs Prig,3935,martin-chuzzlewit
Mrs Prig,Mrs Gamp,3940,martin-chuzzlewit
Mrs Gamp,Mrs Prig,3940,martin-chuzzlewit
Betsey,Mrs Gamp,3943,martin-chuzzlewit
Betsey,John Westlock,3943,martin-chuzzlewit
Mrs Gamp,Betsey,3943,martin-chuzzlewit
Mrs Gamp,John Westlock,3943,martin-chuzzlewit
John Westlock,Betsey,3943,martin-chuzzlewit
John Westlock,Mrs Gamp,3943,martin-chuzzlewit
John,Mrs Gamp,3946,martin-chuzzlewit
Mrs Gamp,John,3946,martin-chuzzlewit
Betsey Prig,Uncommon Counsellors,3947,martin-chuzzlewit
Uncommon Counsellors,Betsey Prig,3947,martin-chuzzlewit
John,Lewsome,3952,martin-chuzzlewit
Lewsome,John,3952,martin-chuzzlewit
John,Mrs Gamp,3954,martin-chuzzlewit
John,Betsey Prig,3954,martin-chuzzlewit
Mrs Gamp,John,3954,martin-chuzzlewit
Mrs Gamp,Betsey Prig,3954,martin-chuzzlewit
Betsey Prig,John,3954,martin-chuzzlewit
Betsey Prig,Mrs Gamp,3954,martin-chuzzlewit
Mrs Gamp,Betsey Prig,3955,martin-chuzzlewit
Betsey Prig,Mrs Gamp,3955,martin-chuzzlewit
John,Mrs Gamp,3956,martin-chuzzlewit
John,Betsey Prig,3956,martin-chuzzlewit
John,Lewsome,3956,martin-chuzzlewit
John,Poll Sweedlepipe,3956,martin-chuzzlewit
John,Poll,3956,martin-chuzzlewit
Mrs Gamp,John,3956,martin-chuzzlewit
Mrs Gamp,Betsey Prig,3956,martin-chuzzlewit
Mrs Gamp,Lewsome,3956,martin-chuzzlewit
Mrs Gamp,Poll Sweedlepipe,3956,martin-chuzzlewit
Mrs Gamp,Poll,3956,martin-chuzzlewit
Betsey Prig,John,3956,martin-chuzzlewit
Betsey Prig,Mrs Gamp,3956,martin-chuzzlewit
Betsey Prig,Lewsome,3956,martin-chuzzlewit
Betsey Prig,Poll Sweedlepipe,3956,martin-chuzzlewit
Betsey Prig,Poll,3956,martin-chuzzlewit
Lewsome,John,3956,martin-chuzzlewit
Lewsome,Mrs Gamp,3956,martin-chuzzlewit
Lewsome,Betsey Prig,3956,martin-chuzzlewit
Lewsome,Poll Sweedlepipe,3956,martin-chuzzlewit
Lewsome,Poll,3956,martin-chuzzlewit
Poll Sweedlepipe,John,3956,martin-chuzzlewit
Poll Sweedlepipe,Mrs Gamp,3956,martin-chuzzlewit
Poll Sweedlepipe,Betsey Prig,3956,martin-chuzzlewit
Poll Sweedlepipe,Lewsome,3956,martin-chuzzlewit
Poll Sweedlepipe,Poll,3956,martin-chuzzlewit
Poll,John,3956,martin-chuzzlewit
Poll,Mrs Gamp,3956,martin-chuzzlewit
Poll,Betsey Prig,3956,martin-chuzzlewit
Poll,Lewsome,3956,martin-chuzzlewit
Poll,Poll Sweedlepipe,3956,martin-chuzzlewit
John Westlock,Betsey Prig,3958,martin-chuzzlewit
Betsey Prig,John Westlock,3958,martin-chuzzlewit
Mrs Gamp,Mould,3964,martin-chuzzlewit
Mould,Mrs Gamp,3964,martin-chuzzlewit
Mould,Mrs Gamp,3966,martin-chuzzlewit
Mrs Gamp,Mould,3966,martin-chuzzlewit
Mould,Mrs M.,3970,martin-chuzzlewit
Mrs M.,Mould,3970,martin-chuzzlewit
Mould,Poor,3976,martin-chuzzlewit
Mould,Mrs Gamp,3976,martin-chuzzlewit
Poor,Mould,3976,martin-chuzzlewit
Poor,Mrs Gamp,3976,martin-chuzzlewit
Mrs Gamp,Mould,3976,martin-chuzzlewit
Mrs Gamp,Poor,3976,martin-chuzzlewit
Mrs Mould,Bailey,3977,martin-chuzzlewit
Mrs Mould,Poll Sweedlepipe,3977,martin-chuzzlewit
Mrs Mould,Mrs Prig,3977,martin-chuzzlewit
Bailey,Mrs Mould,3977,martin-chuzzlewit
Bailey,Poll Sweedlepipe,3977,martin-chuzzlewit
Bailey,Mrs Prig,3977,martin-chuzzlewit
Poll Sweedlepipe,Mrs Mould,3977,martin-chuzzlewit
Poll Sweedlepipe,Bailey,3977,martin-chuzzlewit
Poll Sweedlepipe,Mrs Prig,3977,martin-chuzzlewit
Mrs Prig,Mrs Mould,3977,martin-chuzzlewit
Mrs Prig,Bailey,3977,martin-chuzzlewit
Mrs Prig,Poll Sweedlepipe,3977,martin-chuzzlewit
Cherry,Pecksniff,3984,martin-chuzzlewit
Cherry,Pecksniff,3984,martin-chuzzlewit
Pecksniff,Cherry,3984,martin-chuzzlewit
Pecksniff,Cherry,3984,martin-chuzzlewit
Tom,Pecksniff,3985,martin-chuzzlewit
Pecksniff,Tom,3985,martin-chuzzlewit
Miss,Pecksniff,3987,martin-chuzzlewit
Pecksniff,Miss,3987,martin-chuzzlewit
Charity,Miss,3999,martin-chuzzlewit
Miss,Charity,3999,martin-chuzzlewit
Miss,Miss Charity,4021,martin-chuzzlewit
Miss,Cherry,4021,martin-chuzzlewit
Miss,Mary,4021,martin-chuzzlewit
Miss,Pecksniff,4021,martin-chuzzlewit
Miss,Pecksniff,4021,martin-chuzzlewit
Miss Charity,Miss,4021,martin-chuzzlewit
Miss Charity,Cherry,4021,martin-chuzzlewit
Miss Charity,Mary,4021,martin-chuzzlewit
Miss Charity,Pecksniff,4021,martin-chuzzlewit
Miss Charity,Pecksniff,4021,martin-chuzzlewit
Cherry,Miss,4021,martin-chuzzlewit
Cherry,Miss Charity,4021,martin-chuzzlewit
Cherry,Mary,4021,martin-chuzzlewit
Cherry,Pecksniff,4021,martin-chuzzlewit
Cherry,Pecksniff,4021,martin-chuzzlewit
Mary,Miss,4021,martin-chuzzlewit
Mary,Miss Charity,4021,martin-chuzzlewit
Mary,Cherry,4021,martin-chuzzlewit
Mary,Pecksniff,4021,martin-chuzzlewit
Mary,Pecksniff,4021,martin-chuzzlewit
Pecksniff,Miss,4021,martin-chuzzlewit
Pecksniff,Miss Charity,4021,martin-chuzzlewit
Pecksniff,Cherry,4021,martin-chuzzlewit
Pecksniff,Mary,4021,martin-chuzzlewit
Pecksniff,Miss,4021,martin-chuzzlewit
Pecksniff,Miss Charity,4021,martin-chuzzlewit
Pecksniff,Cherry,4021,martin-chuzzlewit
Pecksniff,Mary,4021,martin-chuzzlewit
Miss Pecksniff,Pecksniff,4022,martin-chuzzlewit
Pecksniff,Miss Pecksniff,4022,martin-chuzzlewit
Old,Martin Chuzzlewit,4025,martin-chuzzlewit
Old,Pecksniff,4025,martin-chuzzlewit
Old,Pecksniff,4025,martin-chuzzlewit
Old,Pecksniff,4025,martin-chuzzlewit
Old,Anthony Chuzzlewit,4025,martin-chuzzlewit
Martin Chuzzlewit,Old,4025,martin-chuzzlewit
Martin Chuzzlewit,Pecksniff,4025,martin-chuzzlewit
Martin Chuzzlewit,Pecksniff,4025,martin-chuzzlewit
Martin Chuzzlewit,Pecksniff,4025,martin-chuzzlewit
Martin Chuzzlewit,Anthony Chuzzlewit,4025,martin-chuzzlewit
Pecksniff,Old,4025,martin-chuzzlewit
Pecksniff,Martin Chuzzlewit,4025,martin-chuzzlewit
Pecksniff,Anthony Chuzzlewit,4025,martin-chuzzlewit
Pecksniff,Old,4025,martin-chuzzlewit
Pecksniff,Martin Chuzzlewit,4025,martin-chuzzlewit
Pecksniff,Anthony Chuzzlewit,4025,martin-chuzzlewit
Pecksniff,Old,4025,martin-chuzzlewit
Pecksniff,Martin Chuzzlewit,4025,martin-chuzzlewit
Pecksniff,Anthony Chuzzlewit,4025,martin-chuzzlewit
Anthony Chuzzlewit,Old,4025,martin-chuzzlewit
Anthony Chuzzlewit,Martin Chuzzlewit,4025,martin-chuzzlewit
Anthony Chuzzlewit,Pecksniff,4025,martin-chuzzlewit
Anthony Chuzzlewit,Pecksniff,4025,martin-chuzzlewit
Anthony Chuzzlewit,Pecksniff,4025,martin-chuzzlewit
Pecksniff,Chuzzlewit,4026,martin-chuzzlewit
Pecksniff,Martin,4026,martin-chuzzlewit
Chuzzlewit,Pecksniff,4026,martin-chuzzlewit
Chuzzlewit,Martin,4026,martin-chuzzlewit
Martin,Pecksniff,4026,martin-chuzzlewit
Martin,Chuzzlewit,4026,martin-chuzzlewit
Pecksniff,Mary Graham,4027,martin-chuzzlewit
Pecksniff,Chuzzlewit,4027,martin-chuzzlewit
Mary Graham,Pecksniff,4027,martin-chuzzlewit
Mary Graham,Pecksniff,4027,martin-chuzzlewit
Mary Graham,Pecksniff,4027,martin-chuzzlewit
Mary Graham,Chuzzlewit,4027,martin-chuzzlewit
Pecksniff,Mary Graham,4027,martin-chuzzlewit
Pecksniff,Chuzzlewit,4027,martin-chuzzlewit
Pecksniff,Mary Graham,4027,martin-chuzzlewit
Pecksniff,Chuzzlewit,4027,martin-chuzzlewit
Chuzzlewit,Pecksniff,4027,martin-chuzzlewit
Chuzzlewit,Mary Graham,4027,martin-chuzzlewit
Chuzzlewit,Pecksniff,4027,martin-chuzzlewit
Chuzzlewit,Pecksniff,4027,martin-chuzzlewit
Pecksniff,Mrs Todgers,4028,martin-chuzzlewit
Pecksniff,True,4028,martin-chuzzlewit
Pecksniff,Mary,4028,martin-chuzzlewit
Pecksniff,Inclination,4028,martin-chuzzlewit
Mrs Todgers,Pecksniff,4028,martin-chuzzlewit
Mrs Todgers,True,4028,martin-chuzzlewit
Mrs Todgers,Mary,4028,martin-chuzzlewit
Mrs Todgers,Inclination,4028,martin-chuzzlewit
Mrs Todgers,Pecksniff,4028,martin-chuzzlewit
True,Pecksniff,4028,martin-chuzzlewit
True,Mrs Todgers,4028,martin-chuzzlewit
True,Mary,4028,martin-chuzzlewit
True,Inclination,4028,martin-chuzzlewit
True,Pecksniff,4028,martin-chuzzlewit
Mary,Pecksniff,4028,martin-chuzzlewit
Mary,Mrs Todgers,4028,martin-chuzzlewit
Mary,True,4028,martin-chuzzlewit
Mary,Inclination,4028,martin-chuzzlewit
Mary,Pecksniff,4028,martin-chuzzlewit
Inclination,Pecksniff,4028,martin-chuzzlewit
Inclination,Mrs Todgers,4028,martin-chuzzlewit
Inclination,True,4028,martin-chuzzlewit
Inclination,Mary,4028,martin-chuzzlewit
Inclination,Pecksniff,4028,martin-chuzzlewit
Pecksniff,Mrs Todgers,4028,martin-chuzzlewit
Pecksniff,True,4028,martin-chuzzlewit
Pecksniff,Mary,4028,martin-chuzzlewit
Pecksniff,Inclination,4028,martin-chuzzlewit
Martin,Pecksniff,4029,martin-chuzzlewit
Martin,Mary,4029,martin-chuzzlewit
Martin,Pecksniff,4029,martin-chuzzlewit
Martin,Pecksniff,4029,martin-chuzzlewit
Martin,Pecksniff,4029,martin-chuzzlewit
Pecksniff,Martin,4029,martin-chuzzlewit
Pecksniff,Mary,4029,martin-chuzzlewit
Mary,Martin,4029,martin-chuzzlewit
Mary,Pecksniff,4029,martin-chuzzlewit
Mary,Pecksniff,4029,martin-chuzzlewit
Mary,Pecksniff,4029,martin-chuzzlewit
Mary,Pecksniff,4029,martin-chuzzlewit
Pecksniff,Martin,4029,martin-chuzzlewit
Pecksniff,Mary,4029,martin-chuzzlewit
Pecksniff,Martin,4029,martin-chuzzlewit
Pecksniff,Mary,4029,martin-chuzzlewit
Pecksniff,Martin,4029,martin-chuzzlewit
Pecksniff,Mary,4029,martin-chuzzlewit
Pecksniff,Cherry,4038,martin-chuzzlewit
Cherry,Pecksniff,4038,martin-chuzzlewit
Mrs Lupin,Miss Graham,4046,martin-chuzzlewit
Miss Graham,Mrs Lupin,4046,martin-chuzzlewit
Pecksniff,Miss Graham,4051,martin-chuzzlewit
Pecksniff,Thomas Pinch,4051,martin-chuzzlewit
Miss Graham,Pecksniff,4051,martin-chuzzlewit
Miss Graham,Thomas Pinch,4051,martin-chuzzlewit
Thomas Pinch,Pecksniff,4051,martin-chuzzlewit
Thomas Pinch,Miss Graham,4051,martin-chuzzlewit
Old,Martin,4067,martin-chuzzlewit
Old,Pecksniff,4067,martin-chuzzlewit
Old,Martin,4067,martin-chuzzlewit
Martin,Old,4067,martin-chuzzlewit
Martin,Pecksniff,4067,martin-chuzzlewit
Pecksniff,Old,4067,martin-chuzzlewit
Pecksniff,Martin,4067,martin-chuzzlewit
Pecksniff,Martin,4067,martin-chuzzlewit
Martin,Old,4067,martin-chuzzlewit
Martin,Pecksniff,4067,martin-chuzzlewit
Old,Martin,4069,martin-chuzzlewit
Old,Pecksniff,4069,martin-chuzzlewit
Martin,Old,4069,martin-chuzzlewit
Martin,Pecksniff,4069,martin-chuzzlewit
Pecksniff,Old,4069,martin-chuzzlewit
Pecksniff,Martin,4069,martin-chuzzlewit
Martin Chuzzlewit,Pecksniff,4071,martin-chuzzlewit
Martin Chuzzlewit,Martin,4071,martin-chuzzlewit
Pecksniff,Martin Chuzzlewit,4071,martin-chuzzlewit
Pecksniff,Martin,4071,martin-chuzzlewit
Martin,Martin Chuzzlewit,4071,martin-chuzzlewit
Martin,Pecksniff,4071,martin-chuzzlewit
Mary,Pecksniff,4079,martin-chuzzlewit
Pecksniff,Mary,4079,martin-chuzzlewit
Papa,Charity,4122,martin-chuzzlewit
Charity,Papa,4122,martin-chuzzlewit
Pecksniff,Tom,4125,martin-chuzzlewit
Tom,Pecksniff,4125,martin-chuzzlewit
Miss Pecksniff,Tom,4128,martin-chuzzlewit
Tom,Miss Pecksniff,4128,martin-chuzzlewit
Cherry,Hem,4131,martin-chuzzlewit
Cherry,Papa,4131,martin-chuzzlewit
Hem,Cherry,4131,martin-chuzzlewit
Hem,Papa,4131,martin-chuzzlewit
Papa,Cherry,4131,martin-chuzzlewit
Papa,Hem,4131,martin-chuzzlewit
Tom,Merry,4132,martin-chuzzlewit
Merry,Tom,4132,martin-chuzzlewit
Merry,Tom,4132,martin-chuzzlewit
Merry,Tom,4132,martin-chuzzlewit
Tom,Merry,4132,martin-chuzzlewit
Tom,Merry,4132,martin-chuzzlewit
Miss Charity,Tom Pinch,4138,martin-chuzzlewit
Miss Charity,Tom,4138,martin-chuzzlewit
Miss Charity,Tom,4138,martin-chuzzlewit
Tom Pinch,Miss Charity,4138,martin-chuzzlewit
Tom Pinch,Tom,4138,martin-chuzzlewit
Tom Pinch,Tom,4138,martin-chuzzlewit
Tom,Miss Charity,4138,martin-chuzzlewit
Tom,Tom Pinch,4138,martin-chuzzlewit
Tom,Miss Charity,4138,martin-chuzzlewit
Tom,Tom Pinch,4138,martin-chuzzlewit
Pecksniff,Tom,4139,martin-chuzzlewit
Pecksniff,Tom,4139,martin-chuzzlewit
Pecksniff,Tom,4139,martin-chuzzlewit
Pecksniff,Tom,4139,martin-chuzzlewit
Pecksniff,Tom,4139,martin-chuzzlewit
Tom,Pecksniff,4139,martin-chuzzlewit
Tom,Pecksniff,4139,martin-chuzzlewit
Tom,Pecksniff,4139,martin-chuzzlewit
Tom,Pecksniff,4139,martin-chuzzlewit
Tom,Pecksniff,4139,martin-chuzzlewit
Tom,Pecksniff,4139,martin-chuzzlewit
Tom,Pecksniff,4139,martin-chuzzlewit
Tom,Pecksniff,4139,martin-chuzzlewit
Pecksniff,Tom,4139,martin-chuzzlewit
Pecksniff,Tom,4139,martin-chuzzlewit
Pecksniff,Tom,4139,martin-chuzzlewit
Pecksniff,Tom,4139,martin-chuzzlewit
Pecksniff,Tom,4139,martin-chuzzlewit
Tom,Pecksniff,4139,martin-chuzzlewit
Tom,Pecksniff,4139,martin-chuzzlewit
Pecksniff,Tom,4140,martin-chuzzlewit
Tom,Pecksniff,4140,martin-chuzzlewit
Tom,Mary,4147,martin-chuzzlewit
Mary,Tom,4147,martin-chuzzlewit
Tom,Eden,4148,martin-chuzzlewit
Eden,Tom,4148,martin-chuzzlewit
Tom,Martin,4150,martin-chuzzlewit
Martin,Tom,4150,martin-chuzzlewit
Martin,Tom,4150,martin-chuzzlewit
Tom,Martin,4150,martin-chuzzlewit
Tom,Martin,4156,martin-chuzzlewit
Tom,Martin,4156,martin-chuzzlewit
Martin,Tom,4156,martin-chuzzlewit
Martin,Tom,4156,martin-chuzzlewit
Mary,Martin,4158,martin-chuzzlewit
Martin,Mary,4158,martin-chuzzlewit
Tom,Martin,4159,martin-chuzzlewit
Martin,Tom,4159,martin-chuzzlewit
Mary,Tom,4166,martin-chuzzlewit
Tom,Mary,4166,martin-chuzzlewit
John Westlock,John,4167,martin-chuzzlewit
John Westlock,Pecksniff,4167,martin-chuzzlewit
John Westlock,John,4167,martin-chuzzlewit
John Westlock,Mark Tapley,4167,martin-chuzzlewit
John Westlock,Tom,4167,martin-chuzzlewit
John Westlock,Martin,4167,martin-chuzzlewit
John Westlock,Martin,4167,martin-chuzzlewit
John Westlock,Pecksniff,4167,martin-chuzzlewit
John Westlock,Miss Graham,4167,martin-chuzzlewit
John,John Westlock,4167,martin-chuzzlewit
John,Pecksniff,4167,martin-chuzzlewit
John,Mark Tapley,4167,martin-chuzzlewit
John,Tom,4167,martin-chuzzlewit
John,Martin,4167,martin-chuzzlewit
John,Martin,4167,martin-chuzzlewit
John,Pecksniff,4167,martin-chuzzlewit
John,Miss Graham,4167,martin-chuzzlewit
Pecksniff,John Westlock,4167,martin-chuzzlewit
Pecksniff,John,4167,martin-chuzzlewit
Pecksniff,John,4167,martin-chuzzlewit
Pecksniff,Mark Tapley,4167,martin-chuzzlewit
Pecksniff,Tom,4167,martin-chuzzlewit
Pecksniff,Martin,4167,martin-chuzzlewit
Pecksniff,Martin,4167,martin-chuzzlewit
Pecksniff,Miss Graham,4167,martin-chuzzlewit
John,John Westlock,4167,martin-chuzzlewit
John,Pecksniff,4167,martin-chuzzlewit
John,Mark Tapley,4167,martin-chuzzlewit
John,Tom,4167,martin-chuzzlewit
John,Martin,4167,martin-chuzzlewit
John,Martin,4167,martin-chuzzlewit
John,Pecksniff,4167,martin-chuzzlewit
John,Miss Graham,4167,martin-chuzzlewit
Mark Tapley,John Westlock,4167,martin-chuzzlewit
Mark Tapley,John,4167,martin-chuzzlewit
Mark Tapley,Pecksniff,4167,martin-chuzzlewit
Mark Tapley,John,4167,martin-chuzzlewit
Mark Tapley,Tom,4167,martin-chuzzlewit
Mark Tapley,Martin,4167,martin-chuzzlewit
Mark Tapley,Martin,4167,martin-chuzzlewit
Mark Tapley,Pecksniff,4167,martin-chuzzlewit
Mark Tapley,Miss Graham,4167,martin-chuzzlewit
Tom,John Westlock,4167,martin-chuzzlewit
Tom,John,4167,martin-chuzzlewit
Tom,Pecksniff,4167,martin-chuzzlewit
Tom,John,4167,martin-chuzzlewit
Tom,Mark Tapley,4167,martin-chuzzlewit
Tom,Martin,4167,martin-chuzzlewit
Tom,Martin,4167,martin-chuzzlewit
Tom,Pecksniff,4167,martin-chuzzlewit
Tom,Miss Graham,4167,martin-chuzzlewit
Martin,John Westlock,4167,martin-chuzzlewit
Martin,John,4167,martin-chuzzlewit
Martin,Pecksniff,4167,martin-chuzzlewit
Martin,John,4167,martin-chuzzlewit
Martin,Mark Tapley,4167,martin-chuzzlewit
Martin,Tom,4167,martin-chuzzlewit
Martin,Pecksniff,4167,martin-chuzzlewit
Martin,Miss Graham,4167,martin-chuzzlewit
Martin,John Westlock,4167,martin-chuzzlewit
Martin,John,4167,martin-chuzzlewit
Martin,Pecksniff,4167,martin-chuzzlewit
Martin,John,4167,martin-chuzzlewit
Martin,Mark Tapley,4167,martin-chuzzlewit
Martin,Tom,4167,martin-chuzzlewit
Martin,Pecksniff,4167,martin-chuzzlewit
Martin,Miss Graham,4167,martin-chuzzlewit
Pecksniff,John Westlock,4167,martin-chuzzlewit
Pecksniff,John,4167,martin-chuzzlewit
Pecksniff,John,4167,martin-chuzzlewit
Pecksniff,Mark Tapley,4167,martin-chuzzlewit
Pecksniff,Tom,4167,martin-chuzzlewit
Pecksniff,Martin,4167,martin-chuzzlewit
Pecksniff,Martin,4167,martin-chuzzlewit
Pecksniff,Miss Graham,4167,martin-chuzzlewit
Miss Graham,John Westlock,4167,martin-chuzzlewit
Miss Graham,John,4167,martin-chuzzlewit
Miss Graham,Pecksniff,4167,martin-chuzzlewit
Miss Graham,John,4167,martin-chuzzlewit
Miss Graham,Mark Tapley,4167,martin-chuzzlewit
Miss Graham,Tom,4167,martin-chuzzlewit
Miss Graham,Martin,4167,martin-chuzzlewit
Miss Graham,Martin,4167,martin-chuzzlewit
Miss Graham,Pecksniff,4167,martin-chuzzlewit
Pecksniff,Tom,4171,martin-chuzzlewit
Tom,Pecksniff,4171,martin-chuzzlewit
Pray,Mercy,4172,martin-chuzzlewit
Mercy,Pray,4172,martin-chuzzlewit
Tom,Pecksniff,4177,martin-chuzzlewit
Tom,Pecksniff,4177,martin-chuzzlewit
Tom,Good,4177,martin-chuzzlewit
Pecksniff,Tom,4177,martin-chuzzlewit
Pecksniff,Good,4177,martin-chuzzlewit
Pecksniff,Tom,4177,martin-chuzzlewit
Pecksniff,Good,4177,martin-chuzzlewit
Good,Tom,4177,martin-chuzzlewit
Good,Pecksniff,4177,martin-chuzzlewit
Good,Pecksniff,4177,martin-chuzzlewit
Martin,Aye,4188,martin-chuzzlewit
Martin,Tom,4188,martin-chuzzlewit
Aye,Martin,4188,martin-chuzzlewit
Aye,Martin,4188,martin-chuzzlewit
Aye,Tom,4188,martin-chuzzlewit
Martin,Aye,4188,martin-chuzzlewit
Martin,Tom,4188,martin-chuzzlewit
Tom,Martin,4188,martin-chuzzlewit
Tom,Aye,4188,martin-chuzzlewit
Tom,Martin,4188,martin-chuzzlewit
Tom,Pecksniff,4190,martin-chuzzlewit
Tom,Pecksniff,4190,martin-chuzzlewit
Pecksniff,Tom,4190,martin-chuzzlewit
Pecksniff,Tom,4190,martin-chuzzlewit
Pecksniff,Tom,4190,martin-chuzzlewit
Pecksniff,Tom,4190,martin-chuzzlewit
Pecksniff,Tom,4190,martin-chuzzlewit
Tom,Pecksniff,4190,martin-chuzzlewit
Tom,Pecksniff,4190,martin-chuzzlewit
Pecksniff,Tom,4190,martin-chuzzlewit
Pecksniff,Tom,4190,martin-chuzzlewit
Pecksniff,Tom,4190,martin-chuzzlewit
Pecksniff,Tom,4190,martin-chuzzlewit
Pecksniff,Tom,4190,martin-chuzzlewit
Tom,Pecksniff,4190,martin-chuzzlewit
Tom,Pecksniff,4190,martin-chuzzlewit
Tom,Pecksniff,4190,martin-chuzzlewit
Tom,Pecksniff,4190,martin-chuzzlewit
Tom,Pecksniff,4190,martin-chuzzlewit
Tom,Pecksniff,4190,martin-chuzzlewit
Pecksniff,Tom,4193,martin-chuzzlewit
Pecksniff,Tom,4193,martin-chuzzlewit
Pecksniff,Tom,4193,martin-chuzzlewit
Tom,Pecksniff,4193,martin-chuzzlewit
Tom,Pecksniff,4193,martin-chuzzlewit
Tom,Pecksniff,4193,martin-chuzzlewit
Tom Pinch,Tom,4194,martin-chuzzlewit
Tom Pinch,Pecksniff,4194,martin-chuzzlewit
Tom,Tom Pinch,4194,martin-chuzzlewit
Tom,Pecksniff,4194,martin-chuzzlewit
Pecksniff,Tom Pinch,4194,martin-chuzzlewit
Pecksniff,Tom,4194,martin-chuzzlewit
Pecksniff,Tom,4195,martin-chuzzlewit
Pecksniff,Tom,4195,martin-chuzzlewit
Tom,Pecksniff,4195,martin-chuzzlewit
Tom,Pecksniff,4195,martin-chuzzlewit
Jane,Pecksniff,4209,martin-chuzzlewit
Pecksniff,Jane,4209,martin-chuzzlewit
Cruelly,Thomas Pinch,4213,martin-chuzzlewit
Thomas Pinch,Cruelly,4213,martin-chuzzlewit
Such,Thomas,4215,martin-chuzzlewit
Thomas,Such,4215,martin-chuzzlewit
Martin,Pinch,4216,martin-chuzzlewit
Pinch,Martin,4216,martin-chuzzlewit
Tom,Pecksniff,4221,martin-chuzzlewit
Pecksniff,Tom,4221,martin-chuzzlewit
Tom,Wonder,4226,martin-chuzzlewit
Wonder,Tom,4226,martin-chuzzlewit
Pecksniff,Tom,4230,martin-chuzzlewit
Pecksniff,Tom,4230,martin-chuzzlewit
Pecksniff,Mary,4230,martin-chuzzlewit
Pecksniff,Martin,4230,martin-chuzzlewit
Tom,Pecksniff,4230,martin-chuzzlewit
Tom,Mary,4230,martin-chuzzlewit
Tom,Martin,4230,martin-chuzzlewit
Tom,Pecksniff,4230,martin-chuzzlewit
Tom,Mary,4230,martin-chuzzlewit
Tom,Martin,4230,martin-chuzzlewit
Mary,Pecksniff,4230,martin-chuzzlewit
Mary,Tom,4230,martin-chuzzlewit
Mary,Tom,4230,martin-chuzzlewit
Mary,Martin,4230,martin-chuzzlewit
Martin,Pecksniff,4230,martin-chuzzlewit
Martin,Tom,4230,martin-chuzzlewit
Martin,Tom,4230,martin-chuzzlewit
Martin,Mary,4230,martin-chuzzlewit
Tom,Martin,4231,martin-chuzzlewit
Martin,Tom,4231,martin-chuzzlewit
Martin,Tom,4231,martin-chuzzlewit
Tom,Martin,4231,martin-chuzzlewit
Tom,Pecksniff,4242,martin-chuzzlewit
Pecksniff,Tom,4242,martin-chuzzlewit
Pecksniff,Miss Graham,4243,martin-chuzzlewit
Pecksniff,Miss Graham,4243,martin-chuzzlewit
Miss Graham,Pecksniff,4243,martin-chuzzlewit
Miss Graham,Pecksniff,4243,martin-chuzzlewit
Tom,Pecksniff,4248,martin-chuzzlewit
Tom,Martin,4248,martin-chuzzlewit
Tom,Mary,4248,martin-chuzzlewit
Tom,Pecksniff,4248,martin-chuzzlewit
Pecksniff,Tom,4248,martin-chuzzlewit
Pecksniff,Martin,4248,martin-chuzzlewit
Pecksniff,Mary,4248,martin-chuzzlewit
Martin,Tom,4248,martin-chuzzlewit
Martin,Pecksniff,4248,martin-chuzzlewit
Martin,Mary,4248,martin-chuzzlewit
Martin,Pecksniff,4248,martin-chuzzlewit
Mary,Tom,4248,martin-chuzzlewit
Mary,Pecksniff,4248,martin-chuzzlewit
Mary,Martin,4248,martin-chuzzlewit
Mary,Pecksniff,4248,martin-chuzzlewit
Pecksniff,Tom,4248,martin-chuzzlewit
Pecksniff,Martin,4248,martin-chuzzlewit
Pecksniff,Mary,4248,martin-chuzzlewit
Tom,Pecksniff,4252,martin-chuzzlewit
Pecksniff,Tom,4252,martin-chuzzlewit
Pecksniff,Tom,4260,martin-chuzzlewit
Tom,Pecksniff,4260,martin-chuzzlewit
Martin,Tom,4261,martin-chuzzlewit
Tom,Martin,4261,martin-chuzzlewit
Tom,Pupils,4263,martin-chuzzlewit
Pupils,Tom,4263,martin-chuzzlewit
Pupils,Tom,4263,martin-chuzzlewit
Pupils,Tom,4263,martin-chuzzlewit
Pupils,Tom,4263,martin-chuzzlewit
Tom,Pupils,4263,martin-chuzzlewit
Tom,Pupils,4263,martin-chuzzlewit
Tom,Pupils,4263,martin-chuzzlewit
Pecksniff,Great Abstraction,4264,martin-chuzzlewit
Pecksniff,Tom,4264,martin-chuzzlewit
Great Abstraction,Pecksniff,4264,martin-chuzzlewit
Great Abstraction,Tom,4264,martin-chuzzlewit
Tom,Pecksniff,4264,martin-chuzzlewit
Tom,Great Abstraction,4264,martin-chuzzlewit
Tom,Jane,4266,martin-chuzzlewit
Tom,Jane,4266,martin-chuzzlewit
Jane,Tom,4266,martin-chuzzlewit
Jane,Tom,4266,martin-chuzzlewit
Jane,Tom,4266,martin-chuzzlewit
Tom,Jane,4266,martin-chuzzlewit
Tom,Mrs Lupin,4268,martin-chuzzlewit
Mrs Lupin,Tom,4268,martin-chuzzlewit
Mrs Lupin,Tom,4273,martin-chuzzlewit
Mrs Lupin,Tom,4273,martin-chuzzlewit
Mrs Lupin,Pecksniff,4273,martin-chuzzlewit
Mrs Lupin,Tom,4273,martin-chuzzlewit
Mrs Lupin,Tom,4273,martin-chuzzlewit
Mrs Lupin,Pecksniff,4273,martin-chuzzlewit
Mrs Lupin,Tom,4273,martin-chuzzlewit
Tom,Mrs Lupin,4273,martin-chuzzlewit
Tom,Pecksniff,4273,martin-chuzzlewit
Tom,Mrs Lupin,4273,martin-chuzzlewit
Tom,Pecksniff,4273,martin-chuzzlewit
Tom,Mrs Lupin,4273,martin-chuzzlewit
Tom,Pecksniff,4273,martin-chuzzlewit
Tom,Mrs Lupin,4273,martin-chuzzlewit
Tom,Pecksniff,4273,martin-chuzzlewit
Pecksniff,Mrs Lupin,4273,martin-chuzzlewit
Pecksniff,Tom,4273,martin-chuzzlewit
Pecksniff,Tom,4273,martin-chuzzlewit
Pecksniff,Tom,4273,martin-chuzzlewit
Pecksniff,Mrs Lupin,4273,martin-chuzzlewit
Pecksniff,Tom,4273,martin-chuzzlewit
Pecksniff,Tom,4273,martin-chuzzlewit
Tom,Mrs Lupin,4273,martin-chuzzlewit
Tom,Pecksniff,4273,martin-chuzzlewit
Tom,Mrs Lupin,4273,martin-chuzzlewit
Tom,Pecksniff,4273,martin-chuzzlewit
Mrs Lupin,Tom,4273,martin-chuzzlewit
Mrs Lupin,Tom,4273,martin-chuzzlewit
Mrs Lupin,Pecksniff,4273,martin-chuzzlewit
Mrs Lupin,Tom,4273,martin-chuzzlewit
Mrs Lupin,Tom,4273,martin-chuzzlewit
Mrs Lupin,Pecksniff,4273,martin-chuzzlewit
Mrs Lupin,Tom,4273,martin-chuzzlewit
Tom,Mrs Lupin,4273,martin-chuzzlewit
Tom,Pecksniff,4273,martin-chuzzlewit
Tom,Mrs Lupin,4273,martin-chuzzlewit
Tom,Pecksniff,4273,martin-chuzzlewit
Pecksniff,Mrs Lupin,4273,martin-chuzzlewit
Pecksniff,Tom,4273,martin-chuzzlewit
Pecksniff,Tom,4273,martin-chuzzlewit
Pecksniff,Tom,4273,martin-chuzzlewit
Pecksniff,Mrs Lupin,4273,martin-chuzzlewit
Pecksniff,Tom,4273,martin-chuzzlewit
Pecksniff,Tom,4273,martin-chuzzlewit
Tom,Mrs Lupin,4273,martin-chuzzlewit
Tom,Pecksniff,4273,martin-chuzzlewit
Tom,Mrs Lupin,4273,martin-chuzzlewit
Tom,Pecksniff,4273,martin-chuzzlewit
Tom,Martin,4274,martin-chuzzlewit
Martin,Tom,4274,martin-chuzzlewit
Tom,Salisbury,4292,martin-chuzzlewit
Tom,Salisbury,4292,martin-chuzzlewit
Salisbury,Tom,4292,martin-chuzzlewit
Salisbury,Tom,4292,martin-chuzzlewit
Tom,Pecksniff,4295,martin-chuzzlewit
Pecksniff,Tom,4295,martin-chuzzlewit
Pecksniff,Tom,4295,martin-chuzzlewit
Tom,Pecksniff,4295,martin-chuzzlewit
Miss Pecksniff,Mrs Todgers,4299,martin-chuzzlewit
Mrs Todgers,Miss Pecksniff,4299,martin-chuzzlewit
Miss,Pecksniff,4301,martin-chuzzlewit
Pecksniff,Miss,4301,martin-chuzzlewit
Pecksniff,Miss Pecksniff,4302,martin-chuzzlewit
Miss Pecksniff,Pecksniff,4302,martin-chuzzlewit
Cherry,Mrs Todgers,4304,martin-chuzzlewit
Mrs Todgers,Cherry,4304,martin-chuzzlewit
Mrs Todgers,Miss Pecksniff,4315,martin-chuzzlewit
Mrs Todgers,Jinkins,4315,martin-chuzzlewit
Miss Pecksniff,Mrs Todgers,4315,martin-chuzzlewit
Miss Pecksniff,Jinkins,4315,martin-chuzzlewit
Jinkins,Mrs Todgers,4315,martin-chuzzlewit
Jinkins,Miss Pecksniff,4315,martin-chuzzlewit
Miss,Pecksniff,4316,martin-chuzzlewit
Pecksniff,Miss,4316,martin-chuzzlewit
Bailey,Tamaroo,4319,martin-chuzzlewit
Bailey,St. Anthony,4319,martin-chuzzlewit
Bailey,Mrs Todgers,4319,martin-chuzzlewit
Tamaroo,Bailey,4319,martin-chuzzlewit
Tamaroo,Bailey,4319,martin-chuzzlewit
Tamaroo,St. Anthony,4319,martin-chuzzlewit
Tamaroo,Mrs Todgers,4319,martin-chuzzlewit
Bailey,Tamaroo,4319,martin-chuzzlewit
Bailey,St. Anthony,4319,martin-chuzzlewit
Bailey,Mrs Todgers,4319,martin-chuzzlewit
St. Anthony,Bailey,4319,martin-chuzzlewit
St. Anthony,Tamaroo,4319,martin-chuzzlewit
St. Anthony,Bailey,4319,martin-chuzzlewit
St. Anthony,Mrs Todgers,4319,martin-chuzzlewit
Mrs Todgers,Bailey,4319,martin-chuzzlewit
Mrs Todgers,Tamaroo,4319,martin-chuzzlewit
Mrs Todgers,Bailey,4319,martin-chuzzlewit
Mrs Todgers,St. Anthony,4319,martin-chuzzlewit
Juggernaut,Java,4321,martin-chuzzlewit
Java,Juggernaut,4321,martin-chuzzlewit
Miss Pecksniff,Mrs Todgers,4322,martin-chuzzlewit
Mrs Todgers,Miss Pecksniff,4322,martin-chuzzlewit
Mrs Todgers,Moddle,4323,martin-chuzzlewit
Moddle,Mrs Todgers,4323,martin-chuzzlewit
Mrs Todgers,Moddle,4334,martin-chuzzlewit
Mrs Todgers,Miss Pecksniff,4334,martin-chuzzlewit
Moddle,Mrs Todgers,4334,martin-chuzzlewit
Moddle,Miss Pecksniff,4334,martin-chuzzlewit
Miss Pecksniff,Mrs Todgers,4334,martin-chuzzlewit
Miss Pecksniff,Moddle,4334,martin-chuzzlewit
Moddle,Miss Pecksniff,4335,martin-chuzzlewit
Moddle,Miss Pecksniff,4335,martin-chuzzlewit
Miss Pecksniff,Moddle,4335,martin-chuzzlewit
Miss Pecksniff,Moddle,4335,martin-chuzzlewit
Merry,Jonas,4336,martin-chuzzlewit
Merry,Jonas,4336,martin-chuzzlewit
Merry,Jonas,4336,martin-chuzzlewit
Merry,Jonas,4336,martin-chuzzlewit
Jonas,Merry,4336,martin-chuzzlewit
Jonas,Merry,4336,martin-chuzzlewit
Jonas,Merry,4336,martin-chuzzlewit
Jonas,Merry,4336,martin-chuzzlewit
Mrs Todgers,Miss Pecksniff,4337,martin-chuzzlewit
Mrs Todgers,Miss Pecksniff,4337,martin-chuzzlewit
Miss Pecksniff,Mrs Todgers,4337,martin-chuzzlewit
Miss Pecksniff,Mrs Todgers,4337,martin-chuzzlewit
Miss Pecksniff,Mrs Todgers,4337,martin-chuzzlewit
Miss Pecksniff,Mrs Todgers,4337,martin-chuzzlewit
Mrs Todgers,Miss Pecksniff,4337,martin-chuzzlewit
Mrs Todgers,Miss Pecksniff,4337,martin-chuzzlewit
Mrs Todgers,Miss Pecksniff,4337,martin-chuzzlewit
Mrs Todgers,Miss Pecksniff,4337,martin-chuzzlewit
Mrs Todgers,Miss Pecksniff,4337,martin-chuzzlewit
Mrs Todgers,Miss Pecksniff,4337,martin-chuzzlewit
Miss Pecksniff,Mrs Todgers,4337,martin-chuzzlewit
Miss Pecksniff,Mrs Todgers,4337,martin-chuzzlewit
Miss Pecksniff,Mrs Todgers,4337,martin-chuzzlewit
Miss Pecksniff,Mrs Todgers,4337,martin-chuzzlewit
Miss,Pecksniff,4341,martin-chuzzlewit
Pecksniff,Miss,4341,martin-chuzzlewit
Mrs Todgers,Miss Pecksniff,4342,martin-chuzzlewit
Miss Pecksniff,Mrs Todgers,4342,martin-chuzzlewit
Miss Pecksniff,Victim Number One,4354,martin-chuzzlewit
Miss Pecksniff,Moddle,4354,martin-chuzzlewit
Victim Number One,Miss Pecksniff,4354,martin-chuzzlewit
Victim Number One,Miss Pecksniff,4354,martin-chuzzlewit
Victim Number One,Moddle,4354,martin-chuzzlewit
Miss Pecksniff,Victim Number One,4354,martin-chuzzlewit
Miss Pecksniff,Moddle,4354,martin-chuzzlewit
Moddle,Miss Pecksniff,4354,martin-chuzzlewit
Moddle,Victim Number One,4354,martin-chuzzlewit
Moddle,Miss Pecksniff,4354,martin-chuzzlewit
Eden,Zephaniah Scadder,4360,martin-chuzzlewit
Zephaniah Scadder,Eden,4360,martin-chuzzlewit
Mark Tapley,Martin,4361,martin-chuzzlewit
Martin,Mark Tapley,4361,martin-chuzzlewit
Mark,Hallo,4366,martin-chuzzlewit
Hallo,Mark,4366,martin-chuzzlewit
Mark Tapley,Mark,4380,martin-chuzzlewit
Mark,Mark Tapley,4380,martin-chuzzlewit
Martin,Mark,4381,martin-chuzzlewit
Mark,Martin,4381,martin-chuzzlewit
Mark,Martin,4383,martin-chuzzlewit
Mark,Martin,4383,martin-chuzzlewit
Martin,Mark,4383,martin-chuzzlewit
Martin,Mark,4383,martin-chuzzlewit
Martin,Mark,4383,martin-chuzzlewit
Mark,Martin,4383,martin-chuzzlewit
Mark,Martin,4383,martin-chuzzlewit
Mark,Martin,4383,martin-chuzzlewit
Mark,Martin,4383,martin-chuzzlewit
Martin,Mark,4383,martin-chuzzlewit
Martin,Mark,4383,martin-chuzzlewit
Martin,Mark,4383,martin-chuzzlewit
Heaven,Martin,4392,martin-chuzzlewit
Heaven,Mark,4392,martin-chuzzlewit
Martin,Heaven,4392,martin-chuzzlewit
Martin,Mark,4392,martin-chuzzlewit
Mark,Heaven,4392,martin-chuzzlewit
Mark,Martin,4392,martin-chuzzlewit
Mark,Which,4398,martin-chuzzlewit
Which,Mark,4398,martin-chuzzlewit
Martin,Hannibal,4403,martin-chuzzlewit
Hannibal,Martin,4403,martin-chuzzlewit
Chollop,Mark,4427,martin-chuzzlewit
Chollop,Mark,4427,martin-chuzzlewit
Mark,Chollop,4427,martin-chuzzlewit
Mark,Chollop,4427,martin-chuzzlewit
Chollop,Athenians,4430,martin-chuzzlewit
Athenians,Chollop,4430,martin-chuzzlewit
Chollop,Mark,4451,martin-chuzzlewit
Mark,Chollop,4451,martin-chuzzlewit
Chollop,Scadder,4455,martin-chuzzlewit
Scadder,Chollop,4455,martin-chuzzlewit
Chollop,Ripper,4466,martin-chuzzlewit
Chollop,Tickler,4466,martin-chuzzlewit
Ripper,Chollop,4466,martin-chuzzlewit
Ripper,Tickler,4466,martin-chuzzlewit
Tickler,Chollop,4466,martin-chuzzlewit
Tickler,Ripper,4466,martin-chuzzlewit
Martin,Mark,4468,martin-chuzzlewit
Martin,Mark,4468,martin-chuzzlewit
Mark,Martin,4468,martin-chuzzlewit
Mark,Martin,4468,martin-chuzzlewit
Mark,Martin,4468,martin-chuzzlewit
Mark,Martin,4468,martin-chuzzlewit
Martin,Mark,4468,martin-chuzzlewit
Martin,Mark,4468,martin-chuzzlewit
Martin,Mark,4469,martin-chuzzlewit
Martin,Mark,4469,martin-chuzzlewit
Mark,Martin,4469,martin-chuzzlewit
Mark,Martin,4469,martin-chuzzlewit
Mark,Martin,4473,martin-chuzzlewit
Mark,Tom Pinch,4473,martin-chuzzlewit
Mark,Martin,4473,martin-chuzzlewit
Mark,Tom Pinch,4473,martin-chuzzlewit
Martin,Mark,4473,martin-chuzzlewit
Martin,Mark,4473,martin-chuzzlewit
Martin,Tom Pinch,4473,martin-chuzzlewit
Tom Pinch,Mark,4473,martin-chuzzlewit
Tom Pinch,Mark,4473,martin-chuzzlewit
Tom Pinch,Martin,4473,martin-chuzzlewit
Martin,Tapley,4474,martin-chuzzlewit
Tapley,Martin,4474,martin-chuzzlewit
Mark,Tom Pinch,4476,martin-chuzzlewit
Mark,Tom,4476,martin-chuzzlewit
Tom Pinch,Mark,4476,martin-chuzzlewit
Tom Pinch,Tom,4476,martin-chuzzlewit
Tom,Mark,4476,martin-chuzzlewit
Tom,Tom Pinch,4476,martin-chuzzlewit
Mark,Self,4479,martin-chuzzlewit
Mark,Self,4479,martin-chuzzlewit
Mark,Self,4479,martin-chuzzlewit
Self,Mark,4479,martin-chuzzlewit
Self,Mark,4479,martin-chuzzlewit
Self,Mark,4479,martin-chuzzlewit
Mark,Self,4480,martin-chuzzlewit
Mark,Self,4480,martin-chuzzlewit
Mark,Self,4480,martin-chuzzlewit
Self,Mark,4480,martin-chuzzlewit
Self,Mark,4480,martin-chuzzlewit
Self,Mark,4480,martin-chuzzlewit
Hope,Ambition,4481,martin-chuzzlewit
Ambition,Hope,4481,martin-chuzzlewit
Mark,Eden,4483,martin-chuzzlewit
Mark,Eden,4483,martin-chuzzlewit
Eden,Mark,4483,martin-chuzzlewit
Eden,Mark,4483,martin-chuzzlewit
Martin,Anyhow,4486,martin-chuzzlewit
Martin,Mark,4486,martin-chuzzlewit
Anyhow,Martin,4486,martin-chuzzlewit
Anyhow,Mark,4486,martin-chuzzlewit
Mark,Martin,4486,martin-chuzzlewit
Mark,Anyhow,4486,martin-chuzzlewit
Martin,Bevan,4490,martin-chuzzlewit
Bevan,Martin,4490,martin-chuzzlewit
Martin,Mark,4496,martin-chuzzlewit
Mark,Martin,4496,martin-chuzzlewit
Martin,Bevan,4498,martin-chuzzlewit
Martin,Mark,4498,martin-chuzzlewit
Bevan,Martin,4498,martin-chuzzlewit
Bevan,Mark,4498,martin-chuzzlewit
Bevan,Martin,4498,martin-chuzzlewit
Mark,Martin,4498,martin-chuzzlewit
Mark,Bevan,4498,martin-chuzzlewit
Mark,Martin,4498,martin-chuzzlewit
Martin,Bevan,4498,martin-chuzzlewit
Martin,Mark,4498,martin-chuzzlewit
Mark,Martin,4500,martin-chuzzlewit
Martin,Mark,4500,martin-chuzzlewit
Mark,Martin,4501,martin-chuzzlewit
Mark,Mark Tapley,4501,martin-chuzzlewit
Martin,Mark,4501,martin-chuzzlewit
Martin,Mark Tapley,4501,martin-chuzzlewit
Mark Tapley,Mark,4501,martin-chuzzlewit
Mark Tapley,Martin,4501,martin-chuzzlewit
Martin,Mark,4511,martin-chuzzlewit
Mark,Martin,4511,martin-chuzzlewit
Mark,Martin,4514,martin-chuzzlewit
Martin,Mark,4514,martin-chuzzlewit
Martin,Mark,4514,martin-chuzzlewit
Mark,Martin,4514,martin-chuzzlewit
Mark,Martin,4516,martin-chuzzlewit
Martin,Mark,4516,martin-chuzzlewit
Martin,Mark,4520,martin-chuzzlewit
Mark,Martin,4520,martin-chuzzlewit
Rain,Smart,4522,martin-chuzzlewit
Smart,Rain,4522,martin-chuzzlewit
Mark,Martin,4523,martin-chuzzlewit
Martin,Mark,4523,martin-chuzzlewit
Elijah Pogram,Martin,4550,martin-chuzzlewit
Martin,Elijah Pogram,4550,martin-chuzzlewit
Martin,Elijah Pogram,4552,martin-chuzzlewit
Elijah Pogram,Martin,4552,martin-chuzzlewit
Pogram,Martin,4562,martin-chuzzlewit
Martin,Pogram,4562,martin-chuzzlewit
Elijah Pogram,Martin,4568,martin-chuzzlewit
Martin,Elijah Pogram,4568,martin-chuzzlewit
Pogram,Martin,4570,martin-chuzzlewit
Martin,Pogram,4570,martin-chuzzlewit
Pogram,Martin,4575,martin-chuzzlewit
Pogram,Martin,4575,martin-chuzzlewit
Pogram,Chollop,4575,martin-chuzzlewit
Martin,Pogram,4575,martin-chuzzlewit
Martin,Chollop,4575,martin-chuzzlewit
Martin,Pogram,4575,martin-chuzzlewit
Martin,Chollop,4575,martin-chuzzlewit
Chollop,Pogram,4575,martin-chuzzlewit
Chollop,Martin,4575,martin-chuzzlewit
Chollop,Martin,4575,martin-chuzzlewit
Martin,Mark,4576,martin-chuzzlewit
Mark,Martin,4576,martin-chuzzlewit
Pogram,Natur,4581,martin-chuzzlewit
Natur,Pogram,4581,martin-chuzzlewit
Pogram,Mark,4583,martin-chuzzlewit
Mark,Pogram,4583,martin-chuzzlewit
Martin,Dishonour,4587,martin-chuzzlewit
Dishonour,Martin,4587,martin-chuzzlewit
Martin,Pogram,4592,martin-chuzzlewit
Martin,Which Martin,4592,martin-chuzzlewit
Pogram,Martin,4592,martin-chuzzlewit
Pogram,Which Martin,4592,martin-chuzzlewit
Which Martin,Martin,4592,martin-chuzzlewit
Which Martin,Pogram,4592,martin-chuzzlewit
Elijah Pogram,Martin,4598,martin-chuzzlewit
Martin,Elijah Pogram,4598,martin-chuzzlewit
Mark,Eden,4606,martin-chuzzlewit
Mark,Captain Kedgick,4606,martin-chuzzlewit
Eden,Mark,4606,martin-chuzzlewit
Eden,Captain Kedgick,4606,martin-chuzzlewit
Captain Kedgick,Mark,4606,martin-chuzzlewit
Captain Kedgick,Eden,4606,martin-chuzzlewit
Captain Kedgick,Martin,4610,martin-chuzzlewit
Martin,Captain Kedgick,4610,martin-chuzzlewit
Mark,Martin,4616,martin-chuzzlewit
Mark,Elijah Pogram,4616,martin-chuzzlewit
Martin,Mark,4616,martin-chuzzlewit
Martin,Elijah Pogram,4616,martin-chuzzlewit
Elijah Pogram,Mark,4616,martin-chuzzlewit
Elijah Pogram,Martin,4616,martin-chuzzlewit
Martin,Mark,4620,martin-chuzzlewit
Martin,Pogram,4620,martin-chuzzlewit
Mark,Martin,4620,martin-chuzzlewit
Mark,Pogram,4620,martin-chuzzlewit
Pogram,Martin,4620,martin-chuzzlewit
Pogram,Mark,4620,martin-chuzzlewit
Ginery Dunkle,Izzard,4623,martin-chuzzlewit
Ginery Dunkle,Julius Bib,4623,martin-chuzzlewit
Izzard,Ginery Dunkle,4623,martin-chuzzlewit
Izzard,Julius Bib,4623,martin-chuzzlewit
Julius Bib,Ginery Dunkle,4623,martin-chuzzlewit
Julius Bib,Izzard,4623,martin-chuzzlewit
Julius Washington Merryweather Bib,Colonel Groper,4625,martin-chuzzlewit
Julius Washington Merryweather Bib,Oscar Buffum,4625,martin-chuzzlewit
Colonel Groper,Julius Washington Merryweather Bib,4625,martin-chuzzlewit
Colonel Groper,Oscar Buffum,4625,martin-chuzzlewit
Oscar Buffum,Julius Washington Merryweather Bib,4625,martin-chuzzlewit
Oscar Buffum,Colonel Groper,4625,martin-chuzzlewit
Gentlemen,Elijah Pogram,4649,martin-chuzzlewit
Gentlemen,Elijah Pogram,4649,martin-chuzzlewit
Gentlemen,Elijah Pogram,4649,martin-chuzzlewit
Elijah Pogram,Gentlemen,4649,martin-chuzzlewit
Elijah Pogram,Gentlemen,4649,martin-chuzzlewit
Elijah Pogram,Gentlemen,4649,martin-chuzzlewit
Martin,Mark,4650,martin-chuzzlewit
Mark,Martin,4650,martin-chuzzlewit
Mrs Hominy,Pogram,4654,martin-chuzzlewit
Mrs Hominy,Pogram,4654,martin-chuzzlewit
Pogram,Mrs Hominy,4654,martin-chuzzlewit
Pogram,Mrs Hominy,4654,martin-chuzzlewit
Mrs Hominy,Pogram,4654,martin-chuzzlewit
Mrs Hominy,Pogram,4654,martin-chuzzlewit
Pogram,Mrs Hominy,4654,martin-chuzzlewit
Pogram,Mrs Hominy,4654,martin-chuzzlewit
Gracchi,Mrs Hominy,4656,martin-chuzzlewit
Mrs Hominy,Gracchi,4656,martin-chuzzlewit
Gracchi,Elijah Pogram,4659,martin-chuzzlewit
Elijah Pogram,Gracchi,4659,martin-chuzzlewit
Miss Codger,Mrs Hominy,4661,martin-chuzzlewit
Mrs Hominy,Miss Codger,4661,martin-chuzzlewit
Pogram,Tears,4666,martin-chuzzlewit
Tears,Pogram,4666,martin-chuzzlewit
Goblin School,Pogram,4669,martin-chuzzlewit
Goblin School,Doctor Ginery Dunkle,4669,martin-chuzzlewit
Pogram,Goblin School,4669,martin-chuzzlewit
Pogram,Doctor Ginery Dunkle,4669,martin-chuzzlewit
Doctor Ginery Dunkle,Goblin School,4669,martin-chuzzlewit
Doctor Ginery Dunkle,Pogram,4669,martin-chuzzlewit
Pogram,Martin,4670,martin-chuzzlewit
Pogram,Martin,4670,martin-chuzzlewit
Pogram,Mark,4670,martin-chuzzlewit
Pogram,Martin,4670,martin-chuzzlewit
Martin,Pogram,4670,martin-chuzzlewit
Martin,Mark,4670,martin-chuzzlewit
Martin,Pogram,4670,martin-chuzzlewit
Martin,Pogram,4670,martin-chuzzlewit
Martin,Mark,4670,martin-chuzzlewit
Martin,Pogram,4670,martin-chuzzlewit
Mark,Pogram,4670,martin-chuzzlewit
Mark,Martin,4670,martin-chuzzlewit
Mark,Martin,4670,martin-chuzzlewit
Mark,Pogram,4670,martin-chuzzlewit
Mark,Martin,4670,martin-chuzzlewit
Pogram,Martin,4670,martin-chuzzlewit
Pogram,Martin,4670,martin-chuzzlewit
Pogram,Mark,4670,martin-chuzzlewit
Pogram,Martin,4670,martin-chuzzlewit
Martin,Pogram,4670,martin-chuzzlewit
Martin,Mark,4670,martin-chuzzlewit
Martin,Pogram,4670,martin-chuzzlewit
Martin,Mark,4684,martin-chuzzlewit
Mark,Martin,4684,martin-chuzzlewit
Bevan,Mark,4685,martin-chuzzlewit
Bevan,Martin,4685,martin-chuzzlewit
Mark,Bevan,4685,martin-chuzzlewit
Mark,Martin,4685,martin-chuzzlewit
Martin,Bevan,4685,martin-chuzzlewit
Martin,Mark,4685,martin-chuzzlewit
Martin,Bevan,4686,martin-chuzzlewit
Bevan,Martin,4686,martin-chuzzlewit
Martin,Bevan,4692,martin-chuzzlewit
Bevan,Martin,4692,martin-chuzzlewit
Eden,Mark,4693,martin-chuzzlewit
Mark,Eden,4693,martin-chuzzlewit
Martin,Mark,4694,martin-chuzzlewit
Mark,Martin,4694,martin-chuzzlewit
Bevan,Mark,4696,martin-chuzzlewit
Mark,Bevan,4696,martin-chuzzlewit
Bevan,Martin,4697,martin-chuzzlewit
Martin,Bevan,4697,martin-chuzzlewit
Mark,Rule Britannia,4702,martin-chuzzlewit
Mark,Rule Britannia,4702,martin-chuzzlewit
Rule Britannia,Mark,4702,martin-chuzzlewit
Rule Britannia,Mark,4702,martin-chuzzlewit
Martin,Bevan,4703,martin-chuzzlewit
Martin,Mark,4703,martin-chuzzlewit
Bevan,Martin,4703,martin-chuzzlewit
Bevan,Mark,4703,martin-chuzzlewit
Mark,Martin,4703,martin-chuzzlewit
Mark,Bevan,4703,martin-chuzzlewit
Martin,Mark,4705,martin-chuzzlewit
Mark,Martin,4705,martin-chuzzlewit
Cook,Martin,4709,martin-chuzzlewit
Martin,Cook,4709,martin-chuzzlewit
Martin,Mark,4713,martin-chuzzlewit
Mark,Martin,4713,martin-chuzzlewit
Martin,Mark,4723,martin-chuzzlewit
Mark,Martin,4723,martin-chuzzlewit
Miss Mary,Mark,4724,martin-chuzzlewit
Mark,Miss Mary,4724,martin-chuzzlewit
Mark,Pinch,4726,martin-chuzzlewit
Mark,Pinch,4726,martin-chuzzlewit
Pinch,Mark,4726,martin-chuzzlewit
Pinch,Mark,4726,martin-chuzzlewit
Martin,Mark,4733,martin-chuzzlewit
Martin,Pecksniff,4733,martin-chuzzlewit
Martin,Mark,4733,martin-chuzzlewit
Mark,Martin,4733,martin-chuzzlewit
Mark,Pecksniff,4733,martin-chuzzlewit
Mark,Martin,4733,martin-chuzzlewit
Pecksniff,Martin,4733,martin-chuzzlewit
Pecksniff,Mark,4733,martin-chuzzlewit
Pecksniff,Martin,4733,martin-chuzzlewit
Pecksniff,Mark,4733,martin-chuzzlewit
Martin,Mark,4733,martin-chuzzlewit
Martin,Pecksniff,4733,martin-chuzzlewit
Martin,Mark,4733,martin-chuzzlewit
Mark,Martin,4733,martin-chuzzlewit
Mark,Pecksniff,4733,martin-chuzzlewit
Mark,Martin,4733,martin-chuzzlewit
Martin,Mark,4734,martin-chuzzlewit
Mark,Martin,4734,martin-chuzzlewit
Martin,Mark,4750,martin-chuzzlewit
Mark,Martin,4750,martin-chuzzlewit
Tom Pinch,Martin,4752,martin-chuzzlewit
Martin,Tom Pinch,4752,martin-chuzzlewit
Martin,Mark,4760,martin-chuzzlewit
Martin,Mark,4760,martin-chuzzlewit
Mark,Martin,4760,martin-chuzzlewit
Mark,Martin,4760,martin-chuzzlewit
Pecksniff,Martin,4774,martin-chuzzlewit
Pecksniff,Mark,4774,martin-chuzzlewit
Martin,Pecksniff,4774,martin-chuzzlewit
Martin,Mark,4774,martin-chuzzlewit
Mark,Pecksniff,4774,martin-chuzzlewit
Mark,Martin,4774,martin-chuzzlewit
Mark,Martin,4779,martin-chuzzlewit
Martin,Mark,4779,martin-chuzzlewit
Salisbury,Tom Pinch,4783,martin-chuzzlewit
Salisbury,Tom,4783,martin-chuzzlewit
Tom Pinch,Salisbury,4783,martin-chuzzlewit
Tom Pinch,Tom,4783,martin-chuzzlewit
Tom,Salisbury,4783,martin-chuzzlewit
Tom,Tom Pinch,4783,martin-chuzzlewit
Tom,Which,4786,martin-chuzzlewit
Which,Tom,4786,martin-chuzzlewit
Which,Tom,4786,martin-chuzzlewit
Tom,Which,4786,martin-chuzzlewit
Tom,John Westlock,4787,martin-chuzzlewit
John Westlock,Tom,4787,martin-chuzzlewit
John Westlock,Tom,4787,martin-chuzzlewit
Tom,John Westlock,4787,martin-chuzzlewit
Tom,'London,4789,martin-chuzzlewit
'London,Tom,4789,martin-chuzzlewit
'London,Tom,4789,martin-chuzzlewit
Tom,'London,4789,martin-chuzzlewit
Mild,Tom,4792,martin-chuzzlewit
Mild,Tom,4792,martin-chuzzlewit
Tom,Mild,4792,martin-chuzzlewit
Tom,Mild,4792,martin-chuzzlewit
Mrs Lupin,Sit,4804,martin-chuzzlewit
Mrs Lupin,Jack,4804,martin-chuzzlewit
Mrs Lupin,Drive,4804,martin-chuzzlewit
Sit,Mrs Lupin,4804,martin-chuzzlewit
Sit,Jack,4804,martin-chuzzlewit
Sit,Drive,4804,martin-chuzzlewit
Jack,Mrs Lupin,4804,martin-chuzzlewit
Jack,Sit,4804,martin-chuzzlewit
Jack,Drive,4804,martin-chuzzlewit
Drive,Mrs Lupin,4804,martin-chuzzlewit
Drive,Sit,4804,martin-chuzzlewit
Drive,Jack,4804,martin-chuzzlewit
Tom,Heaven,4806,martin-chuzzlewit
Heaven,Tom,4806,martin-chuzzlewit
Tom,Pecksniff,4807,martin-chuzzlewit
Pecksniff,Tom,4807,martin-chuzzlewit
Lupin,Torn,4818,martin-chuzzlewit
Lupin,Tom,4818,martin-chuzzlewit
Lupin,Tom,4818,martin-chuzzlewit
Torn,Lupin,4818,martin-chuzzlewit
Torn,Tom,4818,martin-chuzzlewit
Torn,Tom,4818,martin-chuzzlewit
Tom,Lupin,4818,martin-chuzzlewit
Tom,Torn,4818,martin-chuzzlewit
Tom,Lupin,4818,martin-chuzzlewit
Tom,Torn,4818,martin-chuzzlewit
Yoho,Innyard,4823,martin-chuzzlewit
Yoho,Tom Pinch,4823,martin-chuzzlewit
Innyard,Yoho,4823,martin-chuzzlewit
Innyard,Tom Pinch,4823,martin-chuzzlewit
Tom Pinch,Yoho,4823,martin-chuzzlewit
Tom Pinch,Innyard,4823,martin-chuzzlewit
Tom,John,4829,martin-chuzzlewit
Tom,John,4829,martin-chuzzlewit
John,Tom,4829,martin-chuzzlewit
John,Tom,4829,martin-chuzzlewit
John Westlock,High Holborn,4830,martin-chuzzlewit
John Westlock,Tom,4830,martin-chuzzlewit
John Westlock,John,4830,martin-chuzzlewit
John Westlock,John,4830,martin-chuzzlewit
High Holborn,John Westlock,4830,martin-chuzzlewit
High Holborn,Tom,4830,martin-chuzzlewit
High Holborn,John,4830,martin-chuzzlewit
High Holborn,John,4830,martin-chuzzlewit
Tom,John Westlock,4830,martin-chuzzlewit
Tom,High Holborn,4830,martin-chuzzlewit
Tom,John,4830,martin-chuzzlewit
Tom,John,4830,martin-chuzzlewit
John,John Westlock,4830,martin-chuzzlewit
John,High Holborn,4830,martin-chuzzlewit
John,Tom,4830,martin-chuzzlewit
John,John Westlock,4830,martin-chuzzlewit
John,High Holborn,4830,martin-chuzzlewit
John,Tom,4830,martin-chuzzlewit
John,Thomas Pinch,4841,martin-chuzzlewit
Thomas Pinch,John,4841,martin-chuzzlewit
John,Tom,4842,martin-chuzzlewit
Tom,John,4842,martin-chuzzlewit
John,Tom,4844,martin-chuzzlewit
John,Tom,4844,martin-chuzzlewit
John,Tom,4844,martin-chuzzlewit
John,Boar,4844,martin-chuzzlewit
John,Head,4844,martin-chuzzlewit
John,Tom,4844,martin-chuzzlewit
Tom,John,4844,martin-chuzzlewit
Tom,Boar,4844,martin-chuzzlewit
Tom,Head,4844,martin-chuzzlewit
Tom,John,4844,martin-chuzzlewit
Tom,Boar,4844,martin-chuzzlewit
Tom,Head,4844,martin-chuzzlewit
Tom,John,4844,martin-chuzzlewit
Tom,Boar,4844,martin-chuzzlewit
Tom,Head,4844,martin-chuzzlewit
Boar,John,4844,martin-chuzzlewit
Boar,Tom,4844,martin-chuzzlewit
Boar,Tom,4844,martin-chuzzlewit
Boar,Tom,4844,martin-chuzzlewit
Boar,Head,4844,martin-chuzzlewit
Boar,Tom,4844,martin-chuzzlewit
Head,John,4844,martin-chuzzlewit
Head,Tom,4844,martin-chuzzlewit
Head,Tom,4844,martin-chuzzlewit
Head,Tom,4844,martin-chuzzlewit
Head,Boar,4844,martin-chuzzlewit
Head,Tom,4844,martin-chuzzlewit
Tom,John,4844,martin-chuzzlewit
Tom,Boar,4844,martin-chuzzlewit
Tom,Head,4844,martin-chuzzlewit
John,Tom,4846,martin-chuzzlewit
John,Imprimis,4846,martin-chuzzlewit
John,Pecksniff,4846,martin-chuzzlewit
Tom,John,4846,martin-chuzzlewit
Tom,Imprimis,4846,martin-chuzzlewit
Tom,Pecksniff,4846,martin-chuzzlewit
Imprimis,John,4846,martin-chuzzlewit
Imprimis,Tom,4846,martin-chuzzlewit
Imprimis,Pecksniff,4846,martin-chuzzlewit
Pecksniff,John,4846,martin-chuzzlewit
Pecksniff,Tom,4846,martin-chuzzlewit
Pecksniff,Imprimis,4846,martin-chuzzlewit
Thomas Pinch,John,4849,martin-chuzzlewit
John,Thomas Pinch,4849,martin-chuzzlewit
Tom,John Westlock,4852,martin-chuzzlewit
John Westlock,Tom,4852,martin-chuzzlewit
Tom,John,4853,martin-chuzzlewit
John,Tom,4853,martin-chuzzlewit
John Westlock,Tom,4859,martin-chuzzlewit
Tom,John Westlock,4859,martin-chuzzlewit
John Westlock,Tom,4867,martin-chuzzlewit
Tom,John Westlock,4867,martin-chuzzlewit
Tom,Philip Quarll,4871,martin-chuzzlewit
Tom,Robinson Crusoe,4871,martin-chuzzlewit
Philip Quarll,Tom,4871,martin-chuzzlewit
Philip Quarll,Robinson Crusoe,4871,martin-chuzzlewit
Robinson Crusoe,Tom,4871,martin-chuzzlewit
Robinson Crusoe,Philip Quarll,4871,martin-chuzzlewit
John Westlock,Tom,4873,martin-chuzzlewit
Tom,John Westlock,4873,martin-chuzzlewit
John,Tom,4875,martin-chuzzlewit
John,Tom,4875,martin-chuzzlewit
Tom,John,4875,martin-chuzzlewit
Tom,John,4875,martin-chuzzlewit
John Westlock,Tom,4876,martin-chuzzlewit
Tom,John Westlock,4876,martin-chuzzlewit
Tom,John Westlock,4876,martin-chuzzlewit
John Westlock,Tom,4876,martin-chuzzlewit
Miss Pinch,Tom,4878,martin-chuzzlewit
Tom,Miss Pinch,4878,martin-chuzzlewit
Tom,Pray,4886,martin-chuzzlewit
Tom,Miss Pinch,4886,martin-chuzzlewit
Pray,Tom,4886,martin-chuzzlewit
Pray,Miss Pinch,4886,martin-chuzzlewit
Miss Pinch,Tom,4886,martin-chuzzlewit
Miss Pinch,Pray,4886,martin-chuzzlewit
Tom,Ruth,4897,martin-chuzzlewit
Ruth,Tom,4897,martin-chuzzlewit
Tom,Head,4903,martin-chuzzlewit
Head,Tom,4903,martin-chuzzlewit
Head,Tom,4903,martin-chuzzlewit
Head,Tom,4903,martin-chuzzlewit
Tom,Head,4903,martin-chuzzlewit
Tom,Head,4903,martin-chuzzlewit
Tom,Ruth,4904,martin-chuzzlewit
Ruth,Tom,4904,martin-chuzzlewit
Tom,Miss Pinch,4906,martin-chuzzlewit
Miss Pinch,Tom,4906,martin-chuzzlewit
Ruth Pinch,Tom,4909,martin-chuzzlewit
Tom,Ruth Pinch,4909,martin-chuzzlewit
Tom,Miss Pinch,4910,martin-chuzzlewit
Miss Pinch,Tom,4910,martin-chuzzlewit
Tom,Ruth,4929,martin-chuzzlewit
Ruth,Tom,4929,martin-chuzzlewit
Tom,Ruth,4931,martin-chuzzlewit
Ruth,Tom,4931,martin-chuzzlewit
Tom,Respect,4941,martin-chuzzlewit
Respect,Tom,4941,martin-chuzzlewit
Tom,Bankrupt,4945,martin-chuzzlewit
Bankrupt,Tom,4945,martin-chuzzlewit
Bankrupt,Tom,4945,martin-chuzzlewit
Tom,Bankrupt,4945,martin-chuzzlewit
Tom,Islington,4962,martin-chuzzlewit
Islington,Tom,4962,martin-chuzzlewit
Merry Islington,Tom,4964,martin-chuzzlewit
Tom,Merry Islington,4964,martin-chuzzlewit
Tom,Islington,4966,martin-chuzzlewit
Islington,Tom,4966,martin-chuzzlewit
Tom,Islington,4967,martin-chuzzlewit
Islington,Tom,4967,martin-chuzzlewit
Islington,Tom,4967,martin-chuzzlewit
Islington,Tom,4967,martin-chuzzlewit
Islington,Tom,4967,martin-chuzzlewit
Tom,Islington,4967,martin-chuzzlewit
Tom,Islington,4967,martin-chuzzlewit
Tom,Islington,4967,martin-chuzzlewit
Tom,Heaven,4969,martin-chuzzlewit
Heaven,Tom,4969,martin-chuzzlewit
John Westlock,Esquire,4970,martin-chuzzlewit
John Westlock,Furnival,4970,martin-chuzzlewit
John Westlock,High Holborn,4970,martin-chuzzlewit
Esquire,John Westlock,4970,martin-chuzzlewit
Esquire,Furnival,4970,martin-chuzzlewit
Esquire,High Holborn,4970,martin-chuzzlewit
Furnival,John Westlock,4970,martin-chuzzlewit
Furnival,Esquire,4970,martin-chuzzlewit
Furnival,High Holborn,4970,martin-chuzzlewit
High Holborn,John Westlock,4970,martin-chuzzlewit
High Holborn,Esquire,4970,martin-chuzzlewit
High Holborn,Furnival,4970,martin-chuzzlewit
Tom,Islington,4971,martin-chuzzlewit
Tom,Islington,4971,martin-chuzzlewit
Tom,Islington,4971,martin-chuzzlewit
Islington,Tom,4971,martin-chuzzlewit
Islington,Tom,4971,martin-chuzzlewit
Islington,Tom,4971,martin-chuzzlewit
Tom,John,4972,martin-chuzzlewit
John,Tom,4972,martin-chuzzlewit
Tom,John,4973,martin-chuzzlewit
Tom,John,4973,martin-chuzzlewit
John,Tom,4973,martin-chuzzlewit
John,Tom,4973,martin-chuzzlewit
Tom,Furnival,4978,martin-chuzzlewit
Furnival,Tom,4978,martin-chuzzlewit
Tom,Cold,4979,martin-chuzzlewit
Tom,Truth,4979,martin-chuzzlewit
Tom,Pope,4979,martin-chuzzlewit
Cold,Tom,4979,martin-chuzzlewit
Cold,Truth,4979,martin-chuzzlewit
Cold,Pope,4979,martin-chuzzlewit
Cold,Tom,4979,martin-chuzzlewit
Truth,Tom,4979,martin-chuzzlewit
Truth,Cold,4979,martin-chuzzlewit
Truth,Pope,4979,martin-chuzzlewit
Truth,Tom,4979,martin-chuzzlewit
Pope,Tom,4979,martin-chuzzlewit
Pope,Cold,4979,martin-chuzzlewit
Pope,Truth,4979,martin-chuzzlewit
Pope,Tom,4979,martin-chuzzlewit
Tom,Cold,4979,martin-chuzzlewit
Tom,Truth,4979,martin-chuzzlewit
Tom,Pope,4979,martin-chuzzlewit
Tom,Furnival,4981,martin-chuzzlewit
Furnival,Tom,4981,martin-chuzzlewit
Tom,Miss Graham,4996,martin-chuzzlewit
Miss Graham,Tom,4996,martin-chuzzlewit
Tom,Miss Pecksniff,5007,martin-chuzzlewit
Tom,Furnival,5007,martin-chuzzlewit
Miss Pecksniff,Tom,5007,martin-chuzzlewit
Miss Pecksniff,Furnival,5007,martin-chuzzlewit
Furnival,Tom,5007,martin-chuzzlewit
Furnival,Miss Pecksniff,5007,martin-chuzzlewit
Furnival,Merry,5008,martin-chuzzlewit
Merry,Furnival,5008,martin-chuzzlewit
Tom,Pecksniff,5014,martin-chuzzlewit
Tom,Charity,5014,martin-chuzzlewit
Tom,Miss Pecksniff,5014,martin-chuzzlewit
Pecksniff,Tom,5014,martin-chuzzlewit
Pecksniff,Charity,5014,martin-chuzzlewit
Pecksniff,Miss Pecksniff,5014,martin-chuzzlewit
Charity,Tom,5014,martin-chuzzlewit
Charity,Pecksniff,5014,martin-chuzzlewit
Charity,Miss Pecksniff,5014,martin-chuzzlewit
Miss Pecksniff,Tom,5014,martin-chuzzlewit
Miss Pecksniff,Pecksniff,5014,martin-chuzzlewit
Miss Pecksniff,Charity,5014,martin-chuzzlewit
Pinch,Papa,5018,martin-chuzzlewit
Pinch,Cherry,5018,martin-chuzzlewit
Pinch,Augustus,5018,martin-chuzzlewit
Papa,Pinch,5018,martin-chuzzlewit
Papa,Cherry,5018,martin-chuzzlewit
Papa,Augustus,5018,martin-chuzzlewit
Cherry,Pinch,5018,martin-chuzzlewit
Cherry,Papa,5018,martin-chuzzlewit
Cherry,Augustus,5018,martin-chuzzlewit
Augustus,Pinch,5018,martin-chuzzlewit
Augustus,Papa,5018,martin-chuzzlewit
Augustus,Cherry,5018,martin-chuzzlewit
Miss Pecksniff,Tom Pinch,5019,martin-chuzzlewit
Tom Pinch,Miss Pecksniff,5019,martin-chuzzlewit
Thomas Pinch,Charity,5057,martin-chuzzlewit
Thomas Pinch,Where,5057,martin-chuzzlewit
Charity,Thomas Pinch,5057,martin-chuzzlewit
Charity,Where,5057,martin-chuzzlewit
Where,Thomas Pinch,5057,martin-chuzzlewit
Where,Charity,5057,martin-chuzzlewit
Miss Pecksniff,Moddle,5062,martin-chuzzlewit
Moddle,Miss Pecksniff,5062,martin-chuzzlewit
Scorner,Moddle,5066,martin-chuzzlewit
Moddle,Scorner,5066,martin-chuzzlewit
John Westlock,Tom,5070,martin-chuzzlewit
Tom,John Westlock,5070,martin-chuzzlewit
John,Tom Pinch,5072,martin-chuzzlewit
Tom Pinch,John,5072,martin-chuzzlewit
John Westlock,Tom,5077,martin-chuzzlewit
John Westlock,Tom,5077,martin-chuzzlewit
Tom,John Westlock,5077,martin-chuzzlewit
Tom,John Westlock,5077,martin-chuzzlewit
Tom,John,5081,martin-chuzzlewit
Tom,Mrs Lupin,5081,martin-chuzzlewit
John,Tom,5081,martin-chuzzlewit
John,Mrs Lupin,5081,martin-chuzzlewit
Mrs Lupin,Tom,5081,martin-chuzzlewit
Mrs Lupin,John,5081,martin-chuzzlewit
John,Tom,5082,martin-chuzzlewit
Tom,John,5082,martin-chuzzlewit
Tom,John Westlock,5084,martin-chuzzlewit
John Westlock,Tom,5084,martin-chuzzlewit
John Westlock,Tom,5084,martin-chuzzlewit
Tom,John Westlock,5084,martin-chuzzlewit
Tom Pinch,Nadgett,5090,martin-chuzzlewit
Tom Pinch,Life Assurance Company,5090,martin-chuzzlewit
Tom Pinch,Tom,5090,martin-chuzzlewit
Nadgett,Tom Pinch,5090,martin-chuzzlewit
Nadgett,Life Assurance Company,5090,martin-chuzzlewit
Nadgett,Tom,5090,martin-chuzzlewit
Life Assurance Company,Tom Pinch,5090,martin-chuzzlewit
Life Assurance Company,Nadgett,5090,martin-chuzzlewit
Life Assurance Company,Tom,5090,martin-chuzzlewit
Tom,Tom Pinch,5090,martin-chuzzlewit
Tom,Nadgett,5090,martin-chuzzlewit
Tom,Life Assurance Company,5090,martin-chuzzlewit
Nadgett,Tom Pinch,5091,martin-chuzzlewit
Nadgett,Tom,5091,martin-chuzzlewit
Nadgett,Tom,5091,martin-chuzzlewit
Tom Pinch,Nadgett,5091,martin-chuzzlewit
Tom Pinch,Tom,5091,martin-chuzzlewit
Tom Pinch,Tom,5091,martin-chuzzlewit
Tom,Nadgett,5091,martin-chuzzlewit
Tom,Tom Pinch,5091,martin-chuzzlewit
Tom,Nadgett,5091,martin-chuzzlewit
Tom,Tom Pinch,5091,martin-chuzzlewit
Tom,Jonas Chuzzlewit,5092,martin-chuzzlewit
Tom,Jonas Chuzzlewit,5092,martin-chuzzlewit
Jonas Chuzzlewit,Tom,5092,martin-chuzzlewit
Jonas Chuzzlewit,Tom,5092,martin-chuzzlewit
Nadgett,Jonas,5094,martin-chuzzlewit
Jonas,Nadgett,5094,martin-chuzzlewit
Jonas,Nadgett,5094,martin-chuzzlewit
Jonas,Nadgett,5094,martin-chuzzlewit
Nadgett,Jonas,5094,martin-chuzzlewit
Nadgett,Jonas,5094,martin-chuzzlewit
Jonas,Paul,5095,martin-chuzzlewit
Jonas,Nadgett,5095,martin-chuzzlewit
Paul,Jonas,5095,martin-chuzzlewit
Paul,Nadgett,5095,martin-chuzzlewit
Nadgett,Jonas,5095,martin-chuzzlewit
Nadgett,Paul,5095,martin-chuzzlewit
Nadgett,Cornhill,5096,martin-chuzzlewit
Cornhill,Nadgett,5096,martin-chuzzlewit
Jonas,Nadgett,5099,martin-chuzzlewit
Nadgett,Jonas,5099,martin-chuzzlewit
Tom Pinch,Nadgett,5100,martin-chuzzlewit
Tom Pinch,Montague,5100,martin-chuzzlewit
Nadgett,Tom Pinch,5100,martin-chuzzlewit
Nadgett,Montague,5100,martin-chuzzlewit
Montague,Tom Pinch,5100,martin-chuzzlewit
Montague,Nadgett,5100,martin-chuzzlewit
Nadgett,Montague,5103,martin-chuzzlewit
Montague,Nadgett,5103,martin-chuzzlewit
Montague,Nadgett,5116,martin-chuzzlewit
Nadgett,Montague,5116,martin-chuzzlewit
Tigg,Montague,5119,martin-chuzzlewit
Tigg,Nadgett,5119,martin-chuzzlewit
Tigg,Montague,5119,martin-chuzzlewit
Tigg,Five,5119,martin-chuzzlewit
Montague,Tigg,5119,martin-chuzzlewit
Montague,Nadgett,5119,martin-chuzzlewit
Montague,Five,5119,martin-chuzzlewit
Nadgett,Tigg,5119,martin-chuzzlewit
Nadgett,Montague,5119,martin-chuzzlewit
Nadgett,Montague,5119,martin-chuzzlewit
Nadgett,Five,5119,martin-chuzzlewit
Montague,Tigg,5119,martin-chuzzlewit
Montague,Nadgett,5119,martin-chuzzlewit
Montague,Five,5119,martin-chuzzlewit
Five,Tigg,5119,martin-chuzzlewit
Five,Montague,5119,martin-chuzzlewit
Five,Nadgett,5119,martin-chuzzlewit
Five,Montague,5119,martin-chuzzlewit
Nadgett,Tigg Montague,5121,martin-chuzzlewit
Nadgett,Tigg Montague,5121,martin-chuzzlewit
Tigg Montague,Nadgett,5121,martin-chuzzlewit
Tigg Montague,Nadgett,5121,martin-chuzzlewit
Chuzzlewit,Jonas,5138,martin-chuzzlewit
Jonas,Chuzzlewit,5138,martin-chuzzlewit
Jonas,Chuzzlewit,5138,martin-chuzzlewit
Chuzzlewit,Jonas,5138,martin-chuzzlewit
Tigg,Poison,5146,martin-chuzzlewit
Tigg,Nadgett,5146,martin-chuzzlewit
Poison,Tigg,5146,martin-chuzzlewit
Poison,Nadgett,5146,martin-chuzzlewit
Nadgett,Tigg,5146,martin-chuzzlewit
Nadgett,Poison,5146,martin-chuzzlewit
Jonas,Nadgett,5147,martin-chuzzlewit
Nadgett,Jonas,5147,martin-chuzzlewit
Jonas,Ecod,5160,martin-chuzzlewit
Ecod,Jonas,5160,martin-chuzzlewit
Jonas,Gooseberry,5162,martin-chuzzlewit
Gooseberry,Jonas,5162,martin-chuzzlewit
Jonas,Montague,5164,martin-chuzzlewit
Montague,Jonas,5164,martin-chuzzlewit
Tom,Ruth,5205,martin-chuzzlewit
Ruth,Tom,5205,martin-chuzzlewit
Tom,John Westlock,5215,martin-chuzzlewit
Tom,John,5215,martin-chuzzlewit
John Westlock,Tom,5215,martin-chuzzlewit
John Westlock,John,5215,martin-chuzzlewit
John Westlock,Tom,5215,martin-chuzzlewit
John,Tom,5215,martin-chuzzlewit
John,John Westlock,5215,martin-chuzzlewit
John,Tom,5215,martin-chuzzlewit
Tom,John Westlock,5215,martin-chuzzlewit
Tom,John,5215,martin-chuzzlewit
Tom,John Westlock,5232,martin-chuzzlewit
Tom,John Westlock,5232,martin-chuzzlewit
John Westlock,Tom,5232,martin-chuzzlewit
John Westlock,Tom,5232,martin-chuzzlewit
John,Tom,5234,martin-chuzzlewit
John,Tom,5234,martin-chuzzlewit
Tom,John,5234,martin-chuzzlewit
Tom,John,5234,martin-chuzzlewit
John Westlock,Tom,5235,martin-chuzzlewit
Tom,John Westlock,5235,martin-chuzzlewit
John,Miss Pinch,5238,martin-chuzzlewit
Miss Pinch,John,5238,martin-chuzzlewit
Tom,John Westlock,5242,martin-chuzzlewit
Tom,Quite,5242,martin-chuzzlewit
Tom,John,5242,martin-chuzzlewit
John Westlock,Tom,5242,martin-chuzzlewit
John Westlock,Quite,5242,martin-chuzzlewit
John Westlock,John,5242,martin-chuzzlewit
Quite,Tom,5242,martin-chuzzlewit
Quite,John Westlock,5242,martin-chuzzlewit
Quite,John,5242,martin-chuzzlewit
John,Tom,5242,martin-chuzzlewit
John,John Westlock,5242,martin-chuzzlewit
John,Quite,5242,martin-chuzzlewit
Tom,John,5251,martin-chuzzlewit
John,Tom,5251,martin-chuzzlewit
John,Tom,5255,martin-chuzzlewit
Tom,John,5255,martin-chuzzlewit
John,Tom,5260,martin-chuzzlewit
John,Thomas Pinch,5260,martin-chuzzlewit
Tom,John,5260,martin-chuzzlewit
Tom,Thomas Pinch,5260,martin-chuzzlewit
Thomas Pinch,John,5260,martin-chuzzlewit
Thomas Pinch,Tom,5260,martin-chuzzlewit
John Westlock,Tom,5268,martin-chuzzlewit
John Westlock,Vacant,5268,martin-chuzzlewit
Tom,John Westlock,5268,martin-chuzzlewit
Tom,Vacant,5268,martin-chuzzlewit
Vacant,John Westlock,5268,martin-chuzzlewit
Vacant,Tom,5268,martin-chuzzlewit
Tom,John,5269,martin-chuzzlewit
John,Tom,5269,martin-chuzzlewit
John Westlock,Tom,5270,martin-chuzzlewit
John Westlock,Miss Pinch,5270,martin-chuzzlewit
John Westlock,Tom,5270,martin-chuzzlewit
Tom,John Westlock,5270,martin-chuzzlewit
Tom,Miss Pinch,5270,martin-chuzzlewit
Miss Pinch,John Westlock,5270,martin-chuzzlewit
Miss Pinch,Tom,5270,martin-chuzzlewit
Miss Pinch,Tom,5270,martin-chuzzlewit
Tom,John Westlock,5270,martin-chuzzlewit
Tom,Miss Pinch,5270,martin-chuzzlewit
John,Tom,5272,martin-chuzzlewit
Tom,John,5272,martin-chuzzlewit
John,Pecksniff,5274,martin-chuzzlewit
John,Thomas Pinch,5274,martin-chuzzlewit
Pecksniff,John,5274,martin-chuzzlewit
Pecksniff,Thomas Pinch,5274,martin-chuzzlewit
Thomas Pinch,John,5274,martin-chuzzlewit
Thomas Pinch,Pecksniff,5274,martin-chuzzlewit
Mark Tapley,Tom,5276,martin-chuzzlewit
Tom,Mark Tapley,5276,martin-chuzzlewit
Tom,Austin Friars,5279,martin-chuzzlewit
Tom,John,5279,martin-chuzzlewit
Austin Friars,Tom,5279,martin-chuzzlewit
Austin Friars,John,5279,martin-chuzzlewit
John,Tom,5279,martin-chuzzlewit
John,Austin Friars,5279,martin-chuzzlewit
John,Tom,5280,martin-chuzzlewit
Tom,John,5280,martin-chuzzlewit
John,Miss Pinch,5283,martin-chuzzlewit
Miss Pinch,John,5283,martin-chuzzlewit
John,Miss Pinch,5285,martin-chuzzlewit
Miss Pinch,John,5285,martin-chuzzlewit
Austin Friars,John,5287,martin-chuzzlewit
Austin Friars,Tom,5287,martin-chuzzlewit
Austin Friars,John Westlock,5287,martin-chuzzlewit
John,Austin Friars,5287,martin-chuzzlewit
John,Tom,5287,martin-chuzzlewit
John,John Westlock,5287,martin-chuzzlewit
Tom,Austin Friars,5287,martin-chuzzlewit
Tom,John,5287,martin-chuzzlewit
Tom,John Westlock,5287,martin-chuzzlewit
John Westlock,Austin Friars,5287,martin-chuzzlewit
John Westlock,John,5287,martin-chuzzlewit
John Westlock,Tom,5287,martin-chuzzlewit
Ruth,John,5293,martin-chuzzlewit
John,Ruth,5293,martin-chuzzlewit
John,Tom,5294,martin-chuzzlewit
Tom,John,5294,martin-chuzzlewit
John,Tom Pinch,5297,martin-chuzzlewit
John,Tom,5297,martin-chuzzlewit
Tom Pinch,John,5297,martin-chuzzlewit
Tom Pinch,Tom,5297,martin-chuzzlewit
Tom,John,5297,martin-chuzzlewit
Tom,Tom Pinch,5297,martin-chuzzlewit
Tom,Fips,5313,martin-chuzzlewit
Fips,Tom,5313,martin-chuzzlewit
Poor,Tom,5316,martin-chuzzlewit
Tom,Poor,5316,martin-chuzzlewit
Weekly,John Westlock,5317,martin-chuzzlewit
Weekly,Tom Pinch,5317,martin-chuzzlewit
Weekly,Fips,5317,martin-chuzzlewit
John Westlock,Weekly,5317,martin-chuzzlewit
John Westlock,Tom Pinch,5317,martin-chuzzlewit
John Westlock,Fips,5317,martin-chuzzlewit
Tom Pinch,Weekly,5317,martin-chuzzlewit
Tom Pinch,John Westlock,5317,martin-chuzzlewit
Tom Pinch,Fips,5317,martin-chuzzlewit
Fips,Weekly,5317,martin-chuzzlewit
Fips,John Westlock,5317,martin-chuzzlewit
Fips,Tom Pinch,5317,martin-chuzzlewit
John Westlock,Fips,5329,martin-chuzzlewit
Fips,John Westlock,5329,martin-chuzzlewit
Tom,John Westlock,5332,martin-chuzzlewit
John Westlock,Tom,5332,martin-chuzzlewit
John Westlock,Tom,5332,martin-chuzzlewit
Tom,John Westlock,5332,martin-chuzzlewit
Dust,Close,5335,martin-chuzzlewit
Close,Dust,5335,martin-chuzzlewit
Fips,Tom,5337,martin-chuzzlewit
Tom,Fips,5337,martin-chuzzlewit
Tom,John Westlock,5346,martin-chuzzlewit
John Westlock,Tom,5346,martin-chuzzlewit
John Westlock,Tom,5346,martin-chuzzlewit
Tom,John Westlock,5346,martin-chuzzlewit
John,Tom,5348,martin-chuzzlewit
John,Fips,5348,martin-chuzzlewit
John,Austin Friars,5348,martin-chuzzlewit
Tom,John,5348,martin-chuzzlewit
Tom,John,5348,martin-chuzzlewit
Tom,Fips,5348,martin-chuzzlewit
Tom,Austin Friars,5348,martin-chuzzlewit
John,Tom,5348,martin-chuzzlewit
John,Fips,5348,martin-chuzzlewit
John,Austin Friars,5348,martin-chuzzlewit
Fips,John,5348,martin-chuzzlewit
Fips,Tom,5348,martin-chuzzlewit
Fips,John,5348,martin-chuzzlewit
Fips,Austin Friars,5348,martin-chuzzlewit
Austin Friars,John,5348,martin-chuzzlewit
Austin Friars,Tom,5348,martin-chuzzlewit
Austin Friars,John,5348,martin-chuzzlewit
Austin Friars,Fips,5348,martin-chuzzlewit
Tom,Fips,5349,martin-chuzzlewit
Fips,Tom,5349,martin-chuzzlewit
Tom,Fips,5353,martin-chuzzlewit
Fips,Tom,5353,martin-chuzzlewit
Tom,John Westlock,5354,martin-chuzzlewit
Tom,John,5354,martin-chuzzlewit
Tom,John,5354,martin-chuzzlewit
John Westlock,Tom,5354,martin-chuzzlewit
John Westlock,John,5354,martin-chuzzlewit
John Westlock,Tom,5354,martin-chuzzlewit
John Westlock,John,5354,martin-chuzzlewit
John,Tom,5354,martin-chuzzlewit
John,John Westlock,5354,martin-chuzzlewit
John,Tom,5354,martin-chuzzlewit
Tom,John Westlock,5354,martin-chuzzlewit
Tom,John,5354,martin-chuzzlewit
Tom,John,5354,martin-chuzzlewit
John,Tom,5354,martin-chuzzlewit
John,John Westlock,5354,martin-chuzzlewit
John,Tom,5354,martin-chuzzlewit
John Westlock,Tom,5358,martin-chuzzlewit
John Westlock,John,5358,martin-chuzzlewit
John Westlock,Tom Pinch,5358,martin-chuzzlewit
John Westlock,Tom,5358,martin-chuzzlewit
John Westlock,John,5358,martin-chuzzlewit
John Westlock,Ruth,5358,martin-chuzzlewit
Tom,John Westlock,5358,martin-chuzzlewit
Tom,John,5358,martin-chuzzlewit
Tom,Tom Pinch,5358,martin-chuzzlewit
Tom,John,5358,martin-chuzzlewit
Tom,Ruth,5358,martin-chuzzlewit
John,John Westlock,5358,martin-chuzzlewit
John,Tom,5358,martin-chuzzlewit
John,Tom Pinch,5358,martin-chuzzlewit
John,Tom,5358,martin-chuzzlewit
John,Ruth,5358,martin-chuzzlewit
Tom Pinch,John Westlock,5358,martin-chuzzlewit
Tom Pinch,Tom,5358,martin-chuzzlewit
Tom Pinch,John,5358,martin-chuzzlewit
Tom Pinch,Tom,5358,martin-chuzzlewit
Tom Pinch,John,5358,martin-chuzzlewit
Tom Pinch,Ruth,5358,martin-chuzzlewit
Tom,John Westlock,5358,martin-chuzzlewit
Tom,John,5358,martin-chuzzlewit
Tom,Tom Pinch,5358,martin-chuzzlewit
Tom,John,5358,martin-chuzzlewit
Tom,Ruth,5358,martin-chuzzlewit
John,John Westlock,5358,martin-chuzzlewit
John,Tom,5358,martin-chuzzlewit
John,Tom Pinch,5358,martin-chuzzlewit
John,Tom,5358,martin-chuzzlewit
John,Ruth,5358,martin-chuzzlewit
Ruth,John Westlock,5358,martin-chuzzlewit
Ruth,Tom,5358,martin-chuzzlewit
Ruth,John,5358,martin-chuzzlewit
Ruth,Tom Pinch,5358,martin-chuzzlewit
Ruth,Tom,5358,martin-chuzzlewit
Ruth,John,5358,martin-chuzzlewit
Tom,Pecksniff,5359,martin-chuzzlewit
Pecksniff,Tom,5359,martin-chuzzlewit
John Westlock,Tom Pinch,5360,martin-chuzzlewit
John Westlock,Tom,5360,martin-chuzzlewit
John Westlock,Tom,5360,martin-chuzzlewit
John Westlock,Martin,5360,martin-chuzzlewit
John Westlock,Dragon Mark,5360,martin-chuzzlewit
John Westlock,Pecksniff,5360,martin-chuzzlewit
John Westlock,Mary Graham,5360,martin-chuzzlewit
John Westlock,Tom,5360,martin-chuzzlewit
Tom Pinch,John Westlock,5360,martin-chuzzlewit
Tom Pinch,Tom,5360,martin-chuzzlewit
Tom Pinch,Tom,5360,martin-chuzzlewit
Tom Pinch,Martin,5360,martin-chuzzlewit
Tom Pinch,Dragon Mark,5360,martin-chuzzlewit
Tom Pinch,Pecksniff,5360,martin-chuzzlewit
Tom Pinch,Mary Graham,5360,martin-chuzzlewit
Tom Pinch,Tom,5360,martin-chuzzlewit
Tom,John Westlock,5360,martin-chuzzlewit
Tom,Tom Pinch,5360,martin-chuzzlewit
Tom,Martin,5360,martin-chuzzlewit
Tom,Dragon Mark,5360,martin-chuzzlewit
Tom,Pecksniff,5360,martin-chuzzlewit
Tom,Mary Graham,5360,martin-chuzzlewit
Tom,John Westlock,5360,martin-chuzzlewit
Tom,Tom Pinch,5360,martin-chuzzlewit
Tom,Martin,5360,martin-chuzzlewit
Tom,Dragon Mark,5360,martin-chuzzlewit
Tom,Pecksniff,5360,martin-chuzzlewit
Tom,Mary Graham,5360,martin-chuzzlewit
Martin,John Westlock,5360,martin-chuzzlewit
Martin,Tom Pinch,5360,martin-chuzzlewit
Martin,Tom,5360,martin-chuzzlewit
Martin,Tom,5360,martin-chuzzlewit
Martin,Dragon Mark,5360,martin-chuzzlewit
Martin,Pecksniff,5360,martin-chuzzlewit
Martin,Mary Graham,5360,martin-chuzzlewit
Martin,Tom,5360,martin-chuzzlewit
Dragon Mark,John Westlock,5360,martin-chuzzlewit
Dragon Mark,Tom Pinch,5360,martin-chuzzlewit
Dragon Mark,Tom,5360,martin-chuzzlewit
Dragon Mark,Tom,5360,martin-chuzzlewit
Dragon Mark,Martin,5360,martin-chuzzlewit
Dragon Mark,Pecksniff,5360,martin-chuzzlewit
Dragon Mark,Mary Graham,5360,martin-chuzzlewit
Dragon Mark,Tom,5360,martin-chuzzlewit
Pecksniff,John Westlock,5360,martin-chuzzlewit
Pecksniff,Tom Pinch,5360,martin-chuzzlewit
Pecksniff,Tom,5360,martin-chuzzlewit
Pecksniff,Tom,5360,martin-chuzzlewit
Pecksniff,Martin,5360,martin-chuzzlewit
Pecksniff,Dragon Mark,5360,martin-chuzzlewit
Pecksniff,Mary Graham,5360,martin-chuzzlewit
Pecksniff,Tom,5360,martin-chuzzlewit
Mary Graham,John Westlock,5360,martin-chuzzlewit
Mary Graham,Tom Pinch,5360,martin-chuzzlewit
Mary Graham,Tom,5360,martin-chuzzlewit
Mary Graham,Tom,5360,martin-chuzzlewit
Mary Graham,Martin,5360,martin-chuzzlewit
Mary Graham,Dragon Mark,5360,martin-chuzzlewit
Mary Graham,Pecksniff,5360,martin-chuzzlewit
Mary Graham,Tom,5360,martin-chuzzlewit
Tom,John Westlock,5360,martin-chuzzlewit
Tom,Tom Pinch,5360,martin-chuzzlewit
Tom,Martin,5360,martin-chuzzlewit
Tom,Dragon Mark,5360,martin-chuzzlewit
Tom,Pecksniff,5360,martin-chuzzlewit
Tom,Mary Graham,5360,martin-chuzzlewit
Tom,John,5362,martin-chuzzlewit
Tom,Tom Pinch,5362,martin-chuzzlewit
John,Tom,5362,martin-chuzzlewit
John,Tom,5362,martin-chuzzlewit
John,Tom Pinch,5362,martin-chuzzlewit
Tom,John,5362,martin-chuzzlewit
Tom,Tom Pinch,5362,martin-chuzzlewit
Tom Pinch,Tom,5362,martin-chuzzlewit
Tom Pinch,John,5362,martin-chuzzlewit
Tom Pinch,Tom,5362,martin-chuzzlewit
Tom,Fips,5368,martin-chuzzlewit
Fips,Tom,5368,martin-chuzzlewit
Fips,Tom,5368,martin-chuzzlewit
Tom,Fips,5368,martin-chuzzlewit
John Westlock,John,5369,martin-chuzzlewit
John Westlock,John,5369,martin-chuzzlewit
John Westlock,Tom Pinch,5369,martin-chuzzlewit
John Westlock,Tom,5369,martin-chuzzlewit
John,John Westlock,5369,martin-chuzzlewit
John,Tom Pinch,5369,martin-chuzzlewit
John,Tom,5369,martin-chuzzlewit
John,John Westlock,5369,martin-chuzzlewit
John,Tom Pinch,5369,martin-chuzzlewit
John,Tom,5369,martin-chuzzlewit
Tom Pinch,John Westlock,5369,martin-chuzzlewit
Tom Pinch,John,5369,martin-chuzzlewit
Tom Pinch,John,5369,martin-chuzzlewit
Tom Pinch,Tom,5369,martin-chuzzlewit
Tom,John Westlock,5369,martin-chuzzlewit
Tom,John,5369,martin-chuzzlewit
Tom,John,5369,martin-chuzzlewit
Tom,Tom Pinch,5369,martin-chuzzlewit
Austin Friars,Tom,5374,martin-chuzzlewit
Tom,Austin Friars,5374,martin-chuzzlewit
Tom,Fips,5376,martin-chuzzlewit
Fips,Tom,5376,martin-chuzzlewit
Fips,Tom,5376,martin-chuzzlewit
Tom,Fips,5376,martin-chuzzlewit
Ruth,Tom,5391,martin-chuzzlewit
Tom,Ruth,5391,martin-chuzzlewit
Tom,Gravesend,5396,martin-chuzzlewit
Tom,Antwerp,5396,martin-chuzzlewit
Tom,Gravesend,5396,martin-chuzzlewit
Tom,Antwerp,5396,martin-chuzzlewit
Gravesend,Tom,5396,martin-chuzzlewit
Gravesend,Tom,5396,martin-chuzzlewit
Gravesend,Antwerp,5396,martin-chuzzlewit
Antwerp,Tom,5396,martin-chuzzlewit
Antwerp,Tom,5396,martin-chuzzlewit
Antwerp,Gravesend,5396,martin-chuzzlewit
Mrs Gamp,Tom,5406,martin-chuzzlewit
Tom,Mrs Gamp,5406,martin-chuzzlewit
Ruth,Mrs Gamp,5412,martin-chuzzlewit
Mrs Gamp,Ruth,5412,martin-chuzzlewit
Mrs Gamp,Harris,5413,martin-chuzzlewit
Mrs Gamp,Mrs Harris,5413,martin-chuzzlewit
Mrs Gamp,Harris,5413,martin-chuzzlewit
Mrs Gamp,Mrs Harris,5413,martin-chuzzlewit
Mrs Gamp,Mrs Harris,5413,martin-chuzzlewit
Mrs Gamp,Mine,5413,martin-chuzzlewit
Harris,Mrs Gamp,5413,martin-chuzzlewit
Harris,Mrs Harris,5413,martin-chuzzlewit
Harris,Mrs Harris,5413,martin-chuzzlewit
Harris,Mrs Harris,5413,martin-chuzzlewit
Harris,Mine,5413,martin-chuzzlewit
Harris,Mrs Gamp,5413,martin-chuzzlewit
Mrs Harris,Mrs Gamp,5413,martin-chuzzlewit
Mrs Harris,Harris,5413,martin-chuzzlewit
Mrs Harris,Harris,5413,martin-chuzzlewit
Mrs Harris,Mine,5413,martin-chuzzlewit
Mrs Harris,Mrs Gamp,5413,martin-chuzzlewit
Harris,Mrs Gamp,5413,martin-chuzzlewit
Harris,Mrs Harris,5413,martin-chuzzlewit
Harris,Mrs Harris,5413,martin-chuzzlewit
Harris,Mrs Harris,5413,martin-chuzzlewit
Harris,Mine,5413,martin-chuzzlewit
Harris,Mrs Gamp,5413,martin-chuzzlewit
Mrs Harris,Mrs Gamp,5413,martin-chuzzlewit
Mrs Harris,Harris,5413,martin-chuzzlewit
Mrs Harris,Harris,5413,martin-chuzzlewit
Mrs Harris,Mine,5413,martin-chuzzlewit
Mrs Harris,Mrs Gamp,5413,martin-chuzzlewit
Mrs Harris,Mrs Gamp,5413,martin-chuzzlewit
Mrs Harris,Harris,5413,martin-chuzzlewit
Mrs Harris,Harris,5413,martin-chuzzlewit
Mrs Harris,Mine,5413,martin-chuzzlewit
Mrs Harris,Mrs Gamp,5413,martin-chuzzlewit
Mine,Mrs Gamp,5413,martin-chuzzlewit
Mine,Harris,5413,martin-chuzzlewit
Mine,Mrs Harris,5413,martin-chuzzlewit
Mine,Harris,5413,martin-chuzzlewit
Mine,Mrs Harris,5413,martin-chuzzlewit
Mine,Mrs Harris,5413,martin-chuzzlewit
Mine,Mrs Gamp,5413,martin-chuzzlewit
Mrs Gamp,Harris,5413,martin-chuzzlewit
Mrs Gamp,Mrs Harris,5413,martin-chuzzlewit
Mrs Gamp,Harris,5413,martin-chuzzlewit
Mrs Gamp,Mrs Harris,5413,martin-chuzzlewit
Mrs Gamp,Mrs Harris,5413,martin-chuzzlewit
Mrs Gamp,Mine,5413,martin-chuzzlewit
Tom,Mrs Gamp,5416,martin-chuzzlewit
Mrs Gamp,Tom,5416,martin-chuzzlewit
Mrs Gamp,Mrs Harris,5421,martin-chuzzlewit
Mrs Gamp,Mrs Harris,5421,martin-chuzzlewit
Mrs Harris,Mrs Gamp,5421,martin-chuzzlewit
Mrs Harris,Mrs Gamp,5421,martin-chuzzlewit
Mrs Harris,Mrs Gamp,5421,martin-chuzzlewit
Mrs Gamp,Mrs Harris,5421,martin-chuzzlewit
Tom,Mrs Gamp,5432,martin-chuzzlewit
Mrs Gamp,Tom,5432,martin-chuzzlewit
Ruth,Tom,5433,martin-chuzzlewit
Tom,Ruth,5433,martin-chuzzlewit
Tom,Mercy,5444,martin-chuzzlewit
Mercy,Tom,5444,martin-chuzzlewit
Tom,Jonas Chuzzlewit,5456,martin-chuzzlewit
Tom,Jonas Chuzzlewit,5456,martin-chuzzlewit
Jonas Chuzzlewit,Tom,5456,martin-chuzzlewit
Jonas Chuzzlewit,Tom,5456,martin-chuzzlewit
Mrs Gamp,Wishin,5462,martin-chuzzlewit
Wishin,Mrs Gamp,5462,martin-chuzzlewit
Mrs Gamp,Mrs Harris,5464,martin-chuzzlewit
Mrs Gamp,Harris,5464,martin-chuzzlewit
Mrs Gamp,Harris,5464,martin-chuzzlewit
Mrs Harris,Mrs Gamp,5464,martin-chuzzlewit
Mrs Harris,Harris,5464,martin-chuzzlewit
Mrs Harris,Harris,5464,martin-chuzzlewit
Harris,Mrs Gamp,5464,martin-chuzzlewit
Harris,Mrs Harris,5464,martin-chuzzlewit
Harris,Mrs Gamp,5464,martin-chuzzlewit
Harris,Mrs Harris,5464,martin-chuzzlewit
Tom,Jonas,5474,martin-chuzzlewit
Tom,Jonas,5474,martin-chuzzlewit
Jonas,Tom,5474,martin-chuzzlewit
Jonas,Tom,5474,martin-chuzzlewit
Merry,Mrs Gamp,5475,martin-chuzzlewit
Mrs Gamp,Merry,5475,martin-chuzzlewit
Nadgett,London Bridge,5479,martin-chuzzlewit
London Bridge,Nadgett,5479,martin-chuzzlewit
Life Assurance,Jonas,5483,martin-chuzzlewit
Life Assurance,Jonas,5483,martin-chuzzlewit
Jonas,Life Assurance,5483,martin-chuzzlewit
Jonas,Life Assurance,5483,martin-chuzzlewit
Tom,Montague,5484,martin-chuzzlewit
Montague,Tom,5484,martin-chuzzlewit
Chuzzlewit,Montague,5487,martin-chuzzlewit
Montague,Chuzzlewit,5487,martin-chuzzlewit
Chuzzlewit,Montague,5497,martin-chuzzlewit
Montague,Chuzzlewit,5497,martin-chuzzlewit
Montague,Chuzzlewit,5503,martin-chuzzlewit
Chuzzlewit,Montague,5503,martin-chuzzlewit
Montague,Chuzzlewit,5509,martin-chuzzlewit
Chuzzlewit,Montague,5509,martin-chuzzlewit
Montague,Jonas,5514,martin-chuzzlewit
Jonas,Montague,5514,martin-chuzzlewit
Montague,Jonas,5540,martin-chuzzlewit
Montague,Nadgett,5540,martin-chuzzlewit
Jonas,Montague,5540,martin-chuzzlewit
Jonas,Nadgett,5540,martin-chuzzlewit
Nadgett,Montague,5540,martin-chuzzlewit
Nadgett,Jonas,5540,martin-chuzzlewit
Nadgett,Montague,5545,martin-chuzzlewit
Montague,Nadgett,5545,martin-chuzzlewit
Nadgett,Montague,5550,martin-chuzzlewit
Montague,Nadgett,5550,martin-chuzzlewit
Jonas,Jobling,5573,martin-chuzzlewit
Jobling,Jonas,5573,martin-chuzzlewit
Jonas,Montague,5608,martin-chuzzlewit
Montague,Jonas,5608,martin-chuzzlewit
Jonas,Chorus,5611,martin-chuzzlewit
Chorus,Jonas,5611,martin-chuzzlewit
Jonas,Pecksniff,5617,martin-chuzzlewit
Pecksniff,Jonas,5617,martin-chuzzlewit
Jonas,Montague,5620,martin-chuzzlewit
Montague,Jonas,5620,martin-chuzzlewit
Montague,Jonas,5627,martin-chuzzlewit
Jonas,Montague,5627,martin-chuzzlewit
Jonas,Bailey,5638,martin-chuzzlewit
Bailey,Jonas,5638,martin-chuzzlewit
Jonas,Halloa,5642,martin-chuzzlewit
Halloa,Jonas,5642,martin-chuzzlewit
Montague,Jonas,5643,martin-chuzzlewit
Jonas,Montague,5643,martin-chuzzlewit
Jonas,Bailey,5650,martin-chuzzlewit
Bailey,Jonas,5650,martin-chuzzlewit
Jonas,Montague,5656,martin-chuzzlewit
Montague,Jonas,5656,martin-chuzzlewit
Montague,Jonas,5662,martin-chuzzlewit
Jonas,Montague,5662,martin-chuzzlewit
Mark,Heaven,5687,martin-chuzzlewit
Heaven,Mark,5687,martin-chuzzlewit
Martin,Mark,5702,martin-chuzzlewit
Mark,Martin,5702,martin-chuzzlewit
Mark,Martin,5703,martin-chuzzlewit
Martin,Mark,5703,martin-chuzzlewit
Martin,Mark,5707,martin-chuzzlewit
Mark,Martin,5707,martin-chuzzlewit
Mark,Martin,5711,martin-chuzzlewit
Martin,Mark,5711,martin-chuzzlewit
Mrs Lupin,Pecksniff,5715,martin-chuzzlewit
Mrs Lupin,Martin,5715,martin-chuzzlewit
Mrs Lupin,Mark Tapley,5715,martin-chuzzlewit
Pecksniff,Mrs Lupin,5715,martin-chuzzlewit
Pecksniff,Martin,5715,martin-chuzzlewit
Pecksniff,Mark Tapley,5715,martin-chuzzlewit
Martin,Mrs Lupin,5715,martin-chuzzlewit
Martin,Pecksniff,5715,martin-chuzzlewit
Martin,Mark Tapley,5715,martin-chuzzlewit
Mark Tapley,Mrs Lupin,5715,martin-chuzzlewit
Mark Tapley,Pecksniff,5715,martin-chuzzlewit
Mark Tapley,Martin,5715,martin-chuzzlewit
Mrs Lupin,Martin,5716,martin-chuzzlewit
Martin,Mrs Lupin,5716,martin-chuzzlewit
Pecksniff,Mrs Lupin,5719,martin-chuzzlewit
Mrs Lupin,Pecksniff,5719,martin-chuzzlewit
Martin,Mark,5724,martin-chuzzlewit
Mark,Martin,5724,martin-chuzzlewit
Martin,Mark,5730,martin-chuzzlewit
Martin,Mark,5730,martin-chuzzlewit
Martin,Mrs Lupin,5730,martin-chuzzlewit
Mark,Martin,5730,martin-chuzzlewit
Mark,Mrs Lupin,5730,martin-chuzzlewit
Mark,Martin,5730,martin-chuzzlewit
Mark,Mrs Lupin,5730,martin-chuzzlewit
Mrs Lupin,Martin,5730,martin-chuzzlewit
Mrs Lupin,Mark,5730,martin-chuzzlewit
Mrs Lupin,Mark,5730,martin-chuzzlewit
Martin,Mark,5736,martin-chuzzlewit
Mark,Martin,5736,martin-chuzzlewit
Tapley,Martin,5738,martin-chuzzlewit
Martin,Tapley,5738,martin-chuzzlewit
Mark,Martin,5739,martin-chuzzlewit
Mark,Pecksniff,5739,martin-chuzzlewit
Mark,Pecksniff,5739,martin-chuzzlewit
Martin,Mark,5739,martin-chuzzlewit
Martin,Pecksniff,5739,martin-chuzzlewit
Martin,Pecksniff,5739,martin-chuzzlewit
Martin,Mark,5739,martin-chuzzlewit
Pecksniff,Mark,5739,martin-chuzzlewit
Pecksniff,Martin,5739,martin-chuzzlewit
Pecksniff,Mark,5739,martin-chuzzlewit
Pecksniff,Mark,5739,martin-chuzzlewit
Pecksniff,Martin,5739,martin-chuzzlewit
Pecksniff,Mark,5739,martin-chuzzlewit
Mark,Martin,5739,martin-chuzzlewit
Mark,Pecksniff,5739,martin-chuzzlewit
Mark,Pecksniff,5739,martin-chuzzlewit
Mark,Miss Mary,5745,martin-chuzzlewit
Mark,Tapley,5745,martin-chuzzlewit
Mark,Lupin,5745,martin-chuzzlewit
Mark,God Bless,5745,martin-chuzzlewit
Miss Mary,Mark,5745,martin-chuzzlewit
Miss Mary,Tapley,5745,martin-chuzzlewit
Miss Mary,Lupin,5745,martin-chuzzlewit
Miss Mary,God Bless,5745,martin-chuzzlewit
Tapley,Mark,5745,martin-chuzzlewit
Tapley,Miss Mary,5745,martin-chuzzlewit
Tapley,Lupin,5745,martin-chuzzlewit
Tapley,God Bless,5745,martin-chuzzlewit
Lupin,Mark,5745,martin-chuzzlewit
Lupin,Miss Mary,5745,martin-chuzzlewit
Lupin,Tapley,5745,martin-chuzzlewit
Lupin,God Bless,5745,martin-chuzzlewit
God Bless,Mark,5745,martin-chuzzlewit
God Bless,Miss Mary,5745,martin-chuzzlewit
God Bless,Tapley,5745,martin-chuzzlewit
God Bless,Lupin,5745,martin-chuzzlewit
Martin,Mrs Lupin,5746,martin-chuzzlewit
Martin,Pecksniff,5746,martin-chuzzlewit
Mrs Lupin,Martin,5746,martin-chuzzlewit
Mrs Lupin,Pecksniff,5746,martin-chuzzlewit
Pecksniff,Martin,5746,martin-chuzzlewit
Pecksniff,Mrs Lupin,5746,martin-chuzzlewit
Tapley,Martin,5747,martin-chuzzlewit
Tapley,Pecksniff,5747,martin-chuzzlewit
Martin,Tapley,5747,martin-chuzzlewit
Martin,Pecksniff,5747,martin-chuzzlewit
Pecksniff,Tapley,5747,martin-chuzzlewit
Pecksniff,Martin,5747,martin-chuzzlewit
Tapley,Pecksniff,5748,martin-chuzzlewit
Tapley,Pecksniff,5748,martin-chuzzlewit
Tapley,Mark,5748,martin-chuzzlewit
Pecksniff,Tapley,5748,martin-chuzzlewit
Pecksniff,Mark,5748,martin-chuzzlewit
Pecksniff,Tapley,5748,martin-chuzzlewit
Pecksniff,Mark,5748,martin-chuzzlewit
Mark,Tapley,5748,martin-chuzzlewit
Mark,Pecksniff,5748,martin-chuzzlewit
Mark,Pecksniff,5748,martin-chuzzlewit
Mark,Wait,5752,martin-chuzzlewit
Wait,Mark,5752,martin-chuzzlewit
Mark,Martin,5760,martin-chuzzlewit
Mark,Pecksniff,5760,martin-chuzzlewit
Mark,Martin,5760,martin-chuzzlewit
Mark,Tapley,5760,martin-chuzzlewit
Martin,Mark,5760,martin-chuzzlewit
Martin,Pecksniff,5760,martin-chuzzlewit
Martin,Tapley,5760,martin-chuzzlewit
Pecksniff,Mark,5760,martin-chuzzlewit
Pecksniff,Martin,5760,martin-chuzzlewit
Pecksniff,Martin,5760,martin-chuzzlewit
Pecksniff,Tapley,5760,martin-chuzzlewit
Martin,Mark,5760,martin-chuzzlewit
Martin,Pecksniff,5760,martin-chuzzlewit
Martin,Tapley,5760,martin-chuzzlewit
Tapley,Mark,5760,martin-chuzzlewit
Tapley,Martin,5760,martin-chuzzlewit
Tapley,Pecksniff,5760,martin-chuzzlewit
Tapley,Martin,5760,martin-chuzzlewit
Mary,Martin,5761,martin-chuzzlewit
Martin,Mary,5761,martin-chuzzlewit
Mark,Virtue,5766,martin-chuzzlewit
Mark,Fire,5766,martin-chuzzlewit
Virtue,Mark,5766,martin-chuzzlewit
Virtue,Fire,5766,martin-chuzzlewit
Fire,Mark,5766,martin-chuzzlewit
Fire,Virtue,5766,martin-chuzzlewit
Martin,Pecksniff,5771,martin-chuzzlewit
Martin,True,5771,martin-chuzzlewit
Pecksniff,Martin,5771,martin-chuzzlewit
Pecksniff,True,5771,martin-chuzzlewit
True,Martin,5771,martin-chuzzlewit
True,Pecksniff,5771,martin-chuzzlewit
Pecksniff,Martin,5772,martin-chuzzlewit
Pecksniff,Mary Graham,5772,martin-chuzzlewit
Martin,Pecksniff,5772,martin-chuzzlewit
Martin,Mary Graham,5772,martin-chuzzlewit
Mary Graham,Pecksniff,5772,martin-chuzzlewit
Mary Graham,Martin,5772,martin-chuzzlewit
Martin,Mark,5777,martin-chuzzlewit
Mark,Martin,5777,martin-chuzzlewit
Old,Martin,5782,martin-chuzzlewit
Old,Pecksniff,5782,martin-chuzzlewit
Martin,Old,5782,martin-chuzzlewit
Martin,Pecksniff,5782,martin-chuzzlewit
Pecksniff,Old,5782,martin-chuzzlewit
Pecksniff,Martin,5782,martin-chuzzlewit
Martin,Pecksniff,5803,martin-chuzzlewit
Pecksniff,Martin,5803,martin-chuzzlewit
Pecksniff,Martin,5804,martin-chuzzlewit
Pecksniff,Tom Pinch,5804,martin-chuzzlewit
Martin,Pecksniff,5804,martin-chuzzlewit
Martin,Tom Pinch,5804,martin-chuzzlewit
Tom Pinch,Pecksniff,5804,martin-chuzzlewit
Tom Pinch,Martin,5804,martin-chuzzlewit
Martin,Pecksniff,5808,martin-chuzzlewit
Pecksniff,Martin,5808,martin-chuzzlewit
Pecksniff,Martin,5821,martin-chuzzlewit
Martin,Pecksniff,5821,martin-chuzzlewit
Pecksniff,Martin,5823,martin-chuzzlewit
Martin,Pecksniff,5823,martin-chuzzlewit
Martin,Pecksniff,5828,martin-chuzzlewit
Pecksniff,Martin,5828,martin-chuzzlewit
Such,Pecksniff,5846,martin-chuzzlewit
Such,Martin,5846,martin-chuzzlewit
Such,Tom Pinch,5846,martin-chuzzlewit
Such,Jonas,5846,martin-chuzzlewit
Pecksniff,Such,5846,martin-chuzzlewit
Pecksniff,Martin,5846,martin-chuzzlewit
Pecksniff,Tom Pinch,5846,martin-chuzzlewit
Pecksniff,Jonas,5846,martin-chuzzlewit
Martin,Such,5846,martin-chuzzlewit
Martin,Pecksniff,5846,martin-chuzzlewit
Martin,Tom Pinch,5846,martin-chuzzlewit
Martin,Jonas,5846,martin-chuzzlewit
Tom Pinch,Such,5846,martin-chuzzlewit
Tom Pinch,Pecksniff,5846,martin-chuzzlewit
Tom Pinch,Martin,5846,martin-chuzzlewit
Tom Pinch,Jonas,5846,martin-chuzzlewit
Jonas,Such,5846,martin-chuzzlewit
Jonas,Pecksniff,5846,martin-chuzzlewit
Jonas,Martin,5846,martin-chuzzlewit
Jonas,Tom Pinch,5846,martin-chuzzlewit
Tapley,Martin,5847,martin-chuzzlewit
Tapley,Mark,5847,martin-chuzzlewit
Martin,Tapley,5847,martin-chuzzlewit
Martin,Mark,5847,martin-chuzzlewit
Mark,Tapley,5847,martin-chuzzlewit
Mark,Martin,5847,martin-chuzzlewit
Martin,Mark,5848,martin-chuzzlewit
Mark,Martin,5848,martin-chuzzlewit
Pecksniff,Martin,5850,martin-chuzzlewit
Martin,Pecksniff,5850,martin-chuzzlewit
Pecksniff,Martin,5856,martin-chuzzlewit
Martin,Pecksniff,5856,martin-chuzzlewit
Martin,Miss Pecksniff,5857,martin-chuzzlewit
Miss Pecksniff,Martin,5857,martin-chuzzlewit
Tom Pinch,Tom,5861,martin-chuzzlewit
Tom Pinch,Martin,5861,martin-chuzzlewit
Tom Pinch,Tom,5861,martin-chuzzlewit
Tom,Tom Pinch,5861,martin-chuzzlewit
Tom,Martin,5861,martin-chuzzlewit
Martin,Tom Pinch,5861,martin-chuzzlewit
Martin,Tom,5861,martin-chuzzlewit
Martin,Tom,5861,martin-chuzzlewit
Tom,Tom Pinch,5861,martin-chuzzlewit
Tom,Martin,5861,martin-chuzzlewit
Thomas Pinch,Martin,5865,martin-chuzzlewit
Martin,Thomas Pinch,5865,martin-chuzzlewit
Jonas,Cherry,5873,martin-chuzzlewit
Cherry,Jonas,5873,martin-chuzzlewit
Jonas,Ecod,5885,martin-chuzzlewit
Ecod,Jonas,5885,martin-chuzzlewit
Jonas,Salisbury Cathedral,5886,martin-chuzzlewit
Salisbury Cathedral,Jonas,5886,martin-chuzzlewit
Salisbury Cathedral,Jonas,5886,martin-chuzzlewit
Jonas,Salisbury Cathedral,5886,martin-chuzzlewit
Jonas,Pecksniff,5887,martin-chuzzlewit
Pecksniff,Jonas,5887,martin-chuzzlewit
Jonas,Pecksniff,5891,martin-chuzzlewit
Pecksniff,Jonas,5891,martin-chuzzlewit
Jonas,Pecksniff,5892,martin-chuzzlewit
Pecksniff,Jonas,5892,martin-chuzzlewit
Pecksniff,Montague,5911,martin-chuzzlewit
Montague,Pecksniff,5911,martin-chuzzlewit
Montague,Pecksniff,5911,martin-chuzzlewit
Pecksniff,Montague,5911,martin-chuzzlewit
Pecksniff,Jonas,5912,martin-chuzzlewit
Jonas,Pecksniff,5912,martin-chuzzlewit
Jonas,Pecksniff,5912,martin-chuzzlewit
Pecksniff,Jonas,5912,martin-chuzzlewit
Books,Montague,5913,martin-chuzzlewit
Books,Pecksniff,5913,martin-chuzzlewit
Montague,Books,5913,martin-chuzzlewit
Montague,Pecksniff,5913,martin-chuzzlewit
Pecksniff,Books,5913,martin-chuzzlewit
Pecksniff,Montague,5913,martin-chuzzlewit
Jonas,Pecksniff,5914,martin-chuzzlewit
Jonas,Montague,5914,martin-chuzzlewit
Jonas,Pecksniff,5914,martin-chuzzlewit
Pecksniff,Jonas,5914,martin-chuzzlewit
Pecksniff,Montague,5914,martin-chuzzlewit
Montague,Jonas,5914,martin-chuzzlewit
Montague,Pecksniff,5914,martin-chuzzlewit
Montague,Pecksniff,5914,martin-chuzzlewit
Pecksniff,Jonas,5914,martin-chuzzlewit
Pecksniff,Montague,5914,martin-chuzzlewit
Pecksniff,Mrs Lupin,5915,martin-chuzzlewit
Mrs Lupin,Pecksniff,5915,martin-chuzzlewit
Jonas,Pecksniff,5924,martin-chuzzlewit
Pecksniff,Jonas,5924,martin-chuzzlewit
Montague,Jonas,5934,martin-chuzzlewit
Jonas,Montague,5934,martin-chuzzlewit
Tom,Garden Court,5948,martin-chuzzlewit
Tom,Ruth,5948,martin-chuzzlewit
Garden Court,Tom,5948,martin-chuzzlewit
Garden Court,Ruth,5948,martin-chuzzlewit
Garden Court,Tom,5948,martin-chuzzlewit
Ruth,Tom,5948,martin-chuzzlewit
Ruth,Garden Court,5948,martin-chuzzlewit
Ruth,Tom,5948,martin-chuzzlewit
Tom,Garden Court,5948,martin-chuzzlewit
Tom,Ruth,5948,martin-chuzzlewit
Tom,Ruth,5959,martin-chuzzlewit
Ruth,Tom,5959,martin-chuzzlewit
Tom,John Westlock,5960,martin-chuzzlewit
John Westlock,Tom,5960,martin-chuzzlewit
Tom,John,5961,martin-chuzzlewit
Tom,John,5961,martin-chuzzlewit
John,Tom,5961,martin-chuzzlewit
John,Tom,5961,martin-chuzzlewit
Ruth,Tom,5969,martin-chuzzlewit
Tom,Ruth,5969,martin-chuzzlewit
Pray,Miss Pinch,5974,martin-chuzzlewit
Miss Pinch,Pray,5974,martin-chuzzlewit
Tom,Lord Mayor,5975,martin-chuzzlewit
Lord Mayor,Tom,5975,martin-chuzzlewit
Tom,John,5977,martin-chuzzlewit
John,Tom,5977,martin-chuzzlewit
John Westlock,Ruth,5978,martin-chuzzlewit
Ruth,John Westlock,5978,martin-chuzzlewit
Tom,John Westlock,5983,martin-chuzzlewit
Tom,God,5983,martin-chuzzlewit
Tom,Temple Bar,5983,martin-chuzzlewit
Tom,John Westlock,5983,martin-chuzzlewit
Tom,God,5983,martin-chuzzlewit
Tom,Temple Bar,5983,martin-chuzzlewit
John Westlock,Tom,5983,martin-chuzzlewit
John Westlock,Tom,5983,martin-chuzzlewit
John Westlock,Tom,5983,martin-chuzzlewit
John Westlock,God,5983,martin-chuzzlewit
John Westlock,Temple Bar,5983,martin-chuzzlewit
Tom,John Westlock,5983,martin-chuzzlewit
Tom,God,5983,martin-chuzzlewit
Tom,Temple Bar,5983,martin-chuzzlewit
God,Tom,5983,martin-chuzzlewit
God,Tom,5983,martin-chuzzlewit
God,John Westlock,5983,martin-chuzzlewit
God,Tom,5983,martin-chuzzlewit
God,Temple Bar,5983,martin-chuzzlewit
Temple Bar,Tom,5983,martin-chuzzlewit
Temple Bar,Tom,5983,martin-chuzzlewit
Temple Bar,John Westlock,5983,martin-chuzzlewit
Temple Bar,Tom,5983,martin-chuzzlewit
Temple Bar,God,5983,martin-chuzzlewit
Miss Pinch,John,5988,martin-chuzzlewit
John,Miss Pinch,5988,martin-chuzzlewit
Tom Pinch,John,5991,martin-chuzzlewit
John,Tom Pinch,5991,martin-chuzzlewit
Tom,John,5995,martin-chuzzlewit
John,Tom,5995,martin-chuzzlewit
Tom,John Westlock,5996,martin-chuzzlewit
Tom,Ruth,5996,martin-chuzzlewit
Tom,John Westlock,5996,martin-chuzzlewit
Tom,Ruth,5996,martin-chuzzlewit
Tom,John Westlock,5996,martin-chuzzlewit
Tom,Ruth,5996,martin-chuzzlewit
Tom,John Westlock,5996,martin-chuzzlewit
Tom,Ruth,5996,martin-chuzzlewit
John Westlock,Tom,5996,martin-chuzzlewit
John Westlock,Tom,5996,martin-chuzzlewit
John Westlock,Tom,5996,martin-chuzzlewit
John Westlock,Tom,5996,martin-chuzzlewit
John Westlock,Ruth,5996,martin-chuzzlewit
Ruth,Tom,5996,martin-chuzzlewit
Ruth,Tom,5996,martin-chuzzlewit
Ruth,Tom,5996,martin-chuzzlewit
Ruth,Tom,5996,martin-chuzzlewit
Ruth,John Westlock,5996,martin-chuzzlewit
Tom,John,6001,martin-chuzzlewit
John,Tom,6001,martin-chuzzlewit
John Westlock,John,6004,martin-chuzzlewit
John,John Westlock,6004,martin-chuzzlewit
John,Tom,6005,martin-chuzzlewit
John,Tom,6005,martin-chuzzlewit
Tom,John,6005,martin-chuzzlewit
Tom,John,6005,martin-chuzzlewit
Tom,John,6014,martin-chuzzlewit
John,Tom,6014,martin-chuzzlewit
John,Tom,6019,martin-chuzzlewit
Tom,John,6019,martin-chuzzlewit
Ruth,John Westlock,6021,martin-chuzzlewit
John Westlock,Ruth,6021,martin-chuzzlewit
Tom,Merry,6025,martin-chuzzlewit
Tom,Merry,6025,martin-chuzzlewit
Merry,Tom,6025,martin-chuzzlewit
Merry,Tom,6025,martin-chuzzlewit
Mrs Todgers,Ruth,6033,martin-chuzzlewit
Mrs Todgers,Tom,6033,martin-chuzzlewit
Mrs Todgers,Tom,6033,martin-chuzzlewit
Ruth,Mrs Todgers,6033,martin-chuzzlewit
Ruth,Tom,6033,martin-chuzzlewit
Ruth,Tom,6033,martin-chuzzlewit
Tom,Mrs Todgers,6033,martin-chuzzlewit
Tom,Ruth,6033,martin-chuzzlewit
Tom,Mrs Todgers,6033,martin-chuzzlewit
Tom,Ruth,6033,martin-chuzzlewit
Miss Pecksniff,Tom Pinch,6046,martin-chuzzlewit
Tom Pinch,Miss Pecksniff,6046,martin-chuzzlewit
Miss,Pecksniff,6048,martin-chuzzlewit
Miss,Miss Pinch,6048,martin-chuzzlewit
Miss,Tom,6048,martin-chuzzlewit
Miss,Miss Pecksniff,6048,martin-chuzzlewit
Miss,Miss Pecksniff,6048,martin-chuzzlewit
Miss,Miss Pinch,6048,martin-chuzzlewit
Pecksniff,Miss,6048,martin-chuzzlewit
Pecksniff,Miss Pinch,6048,martin-chuzzlewit
Pecksniff,Tom,6048,martin-chuzzlewit
Pecksniff,Miss Pecksniff,6048,martin-chuzzlewit
Pecksniff,Miss Pecksniff,6048,martin-chuzzlewit
Pecksniff,Miss Pinch,6048,martin-chuzzlewit
Miss Pinch,Miss,6048,martin-chuzzlewit
Miss Pinch,Pecksniff,6048,martin-chuzzlewit
Miss Pinch,Tom,6048,martin-chuzzlewit
Miss Pinch,Miss Pecksniff,6048,martin-chuzzlewit
Miss Pinch,Miss Pecksniff,6048,martin-chuzzlewit
Tom,Miss,6048,martin-chuzzlewit
Tom,Pecksniff,6048,martin-chuzzlewit
Tom,Miss Pinch,6048,martin-chuzzlewit
Tom,Miss Pecksniff,6048,martin-chuzzlewit
Tom,Miss Pecksniff,6048,martin-chuzzlewit
Tom,Miss Pinch,6048,martin-chuzzlewit
Miss Pecksniff,Miss,6048,martin-chuzzlewit
Miss Pecksniff,Pecksniff,6048,martin-chuzzlewit
Miss Pecksniff,Miss Pinch,6048,martin-chuzzlewit
Miss Pecksniff,Tom,6048,martin-chuzzlewit
Miss Pecksniff,Miss Pinch,6048,martin-chuzzlewit
Miss Pecksniff,Miss,6048,martin-chuzzlewit
Miss Pecksniff,Pecksniff,6048,martin-chuzzlewit
Miss Pecksniff,Miss Pinch,6048,martin-chuzzlewit
Miss Pecksniff,Tom,6048,martin-chuzzlewit
Miss Pecksniff,Miss Pinch,6048,martin-chuzzlewit
Miss Pinch,Miss,6048,martin-chuzzlewit
Miss Pinch,Pecksniff,6048,martin-chuzzlewit
Miss Pinch,Tom,6048,martin-chuzzlewit
Miss Pinch,Miss Pecksniff,6048,martin-chuzzlewit
Miss Pinch,Miss Pecksniff,6048,martin-chuzzlewit
Miss Pecksniff,Moddle,6052,martin-chuzzlewit
Moddle,Miss Pecksniff,6052,martin-chuzzlewit
Miss,Pecksniff,6057,martin-chuzzlewit
Miss,Tom Pinch,6057,martin-chuzzlewit
Pecksniff,Miss,6057,martin-chuzzlewit
Pecksniff,Tom Pinch,6057,martin-chuzzlewit
Tom Pinch,Miss,6057,martin-chuzzlewit
Tom Pinch,Pecksniff,6057,martin-chuzzlewit
Cherry,Tom,6059,martin-chuzzlewit
Tom,Cherry,6059,martin-chuzzlewit
Miss Pecksniff,Miss Pinch,6061,martin-chuzzlewit
Miss Pinch,Miss Pecksniff,6061,martin-chuzzlewit
Moddle,Miss Pecksniff,6062,martin-chuzzlewit
Miss Pecksniff,Moddle,6062,martin-chuzzlewit
Miss Pecksniff,Augustus Moddle,6073,martin-chuzzlewit
Miss Pecksniff,Think,6073,martin-chuzzlewit
Augustus Moddle,Miss Pecksniff,6073,martin-chuzzlewit
Augustus Moddle,Think,6073,martin-chuzzlewit
Augustus Moddle,Miss Pecksniff,6073,martin-chuzzlewit
Think,Miss Pecksniff,6073,martin-chuzzlewit
Think,Augustus Moddle,6073,martin-chuzzlewit
Think,Miss Pecksniff,6073,martin-chuzzlewit
Miss Pecksniff,Augustus Moddle,6073,martin-chuzzlewit
Miss Pecksniff,Think,6073,martin-chuzzlewit
Miss Pecksniff,Miss Pinch,6078,martin-chuzzlewit
Miss Pinch,Miss Pecksniff,6078,martin-chuzzlewit
Tom,Moddle,6079,martin-chuzzlewit
Tom,Moddle,6079,martin-chuzzlewit
Moddle,Tom,6079,martin-chuzzlewit
Moddle,Tom,6079,martin-chuzzlewit
Tom,Moddle,6079,martin-chuzzlewit
Tom,Moddle,6079,martin-chuzzlewit
Moddle,Tom,6079,martin-chuzzlewit
Moddle,Tom,6079,martin-chuzzlewit
Augustus,Tom,6084,martin-chuzzlewit
Tom,Augustus,6084,martin-chuzzlewit
Tom,Augustus,6085,martin-chuzzlewit
Augustus,Tom,6085,martin-chuzzlewit
Augustus,Tom,6085,martin-chuzzlewit
Tom,Augustus,6085,martin-chuzzlewit
Miss Pecksniff,Tom,6086,martin-chuzzlewit
Tom,Miss Pecksniff,6086,martin-chuzzlewit
Miss Pecksniff,Tom,6088,martin-chuzzlewit
Miss Pecksniff,Merry,6088,martin-chuzzlewit
Tom,Miss Pecksniff,6088,martin-chuzzlewit
Tom,Merry,6088,martin-chuzzlewit
Merry,Miss Pecksniff,6088,martin-chuzzlewit
Merry,Tom,6088,martin-chuzzlewit
Miss Pecksniff,Pray,6090,martin-chuzzlewit
Miss Pecksniff,Miss Pinch,6090,martin-chuzzlewit
Pray,Miss Pecksniff,6090,martin-chuzzlewit
Pray,Miss Pinch,6090,martin-chuzzlewit
Miss Pinch,Miss Pecksniff,6090,martin-chuzzlewit
Miss Pinch,Pray,6090,martin-chuzzlewit
Tom,Cherry,6091,martin-chuzzlewit
Cherry,Tom,6091,martin-chuzzlewit
Mrs Gamp,Chuffey,6092,martin-chuzzlewit
Chuffey,Mrs Gamp,6092,martin-chuzzlewit
Miss Charity,Moddle,6095,martin-chuzzlewit
Miss Charity,Miss Pecksniff,6095,martin-chuzzlewit
Moddle,Miss Charity,6095,martin-chuzzlewit
Moddle,Miss Pecksniff,6095,martin-chuzzlewit
Miss Pecksniff,Miss Charity,6095,martin-chuzzlewit
Miss Pecksniff,Moddle,6095,martin-chuzzlewit
Chuzzlewit,Miss Pecksniff,6097,martin-chuzzlewit
Chuzzlewit,Chuffey,6097,martin-chuzzlewit
Chuzzlewit,Mrs Chuzzlewit,6097,martin-chuzzlewit
Chuzzlewit,Mrs Todgers,6097,martin-chuzzlewit
Chuzzlewit,London Bridge,6097,martin-chuzzlewit
Miss Pecksniff,Chuzzlewit,6097,martin-chuzzlewit
Miss Pecksniff,Chuffey,6097,martin-chuzzlewit
Miss Pecksniff,Mrs Chuzzlewit,6097,martin-chuzzlewit
Miss Pecksniff,Mrs Todgers,6097,martin-chuzzlewit
Miss Pecksniff,London Bridge,6097,martin-chuzzlewit
Chuffey,Chuzzlewit,6097,martin-chuzzlewit
Chuffey,Miss Pecksniff,6097,martin-chuzzlewit
Chuffey,Mrs Chuzzlewit,6097,martin-chuzzlewit
Chuffey,Mrs Todgers,6097,martin-chuzzlewit
Chuffey,London Bridge,6097,martin-chuzzlewit
Mrs Chuzzlewit,Chuzzlewit,6097,martin-chuzzlewit
Mrs Chuzzlewit,Miss Pecksniff,6097,martin-chuzzlewit
Mrs Chuzzlewit,Chuffey,6097,martin-chuzzlewit
Mrs Chuzzlewit,Mrs Todgers,6097,martin-chuzzlewit
Mrs Chuzzlewit,London Bridge,6097,martin-chuzzlewit
Mrs Todgers,Chuzzlewit,6097,martin-chuzzlewit
Mrs Todgers,Miss Pecksniff,6097,martin-chuzzlewit
Mrs Todgers,Chuffey,6097,martin-chuzzlewit
Mrs Todgers,Mrs Chuzzlewit,6097,martin-chuzzlewit
Mrs Todgers,London Bridge,6097,martin-chuzzlewit
London Bridge,Chuzzlewit,6097,martin-chuzzlewit
London Bridge,Miss Pecksniff,6097,martin-chuzzlewit
London Bridge,Chuffey,6097,martin-chuzzlewit
London Bridge,Mrs Chuzzlewit,6097,martin-chuzzlewit
London Bridge,Mrs Todgers,6097,martin-chuzzlewit
Mrs Chuzzlewit,Harris,6099,martin-chuzzlewit
Mrs Chuzzlewit,Harris,6099,martin-chuzzlewit
Mrs Chuzzlewit,Mrs Harris,6099,martin-chuzzlewit
Mrs Chuzzlewit,Which,6099,martin-chuzzlewit
Mrs Chuzzlewit,Pimples,6099,martin-chuzzlewit
Mrs Chuzzlewit,Sairey Gamp,6099,martin-chuzzlewit
Mrs Chuzzlewit,Harris,6099,martin-chuzzlewit
Mrs Chuzzlewit,Mrs Harris,6099,martin-chuzzlewit
Mrs Chuzzlewit,Mrs Gamp,6099,martin-chuzzlewit
Mrs Chuzzlewit,Mrs Harris,6099,martin-chuzzlewit
Harris,Mrs Chuzzlewit,6099,martin-chuzzlewit
Harris,Mrs Harris,6099,martin-chuzzlewit
Harris,Which,6099,martin-chuzzlewit
Harris,Pimples,6099,martin-chuzzlewit
Harris,Sairey Gamp,6099,martin-chuzzlewit
Harris,Mrs Harris,6099,martin-chuzzlewit
Harris,Mrs Gamp,6099,martin-chuzzlewit
Harris,Mrs Harris,6099,martin-chuzzlewit
Harris,Mrs Chuzzlewit,6099,martin-chuzzlewit
Harris,Mrs Harris,6099,martin-chuzzlewit
Harris,Which,6099,martin-chuzzlewit
Harris,Pimples,6099,martin-chuzzlewit
Harris,Sairey Gamp,6099,martin-chuzzlewit
Harris,Mrs Harris,6099,martin-chuzzlewit
Harris,Mrs Gamp,6099,martin-chuzzlewit
Harris,Mrs Harris,6099,martin-chuzzlewit
Mrs Harris,Mrs Chuzzlewit,6099,martin-chuzzlewit
Mrs Harris,Harris,6099,martin-chuzzlewit
Mrs Harris,Harris,6099,martin-chuzzlewit
Mrs Harris,Which,6099,martin-chuzzlewit
Mrs Harris,Pimples,6099,martin-chuzzlewit
Mrs Harris,Sairey Gamp,6099,martin-chuzzlewit
Mrs Harris,Harris,6099,martin-chuzzlewit
Mrs Harris,Mrs Gamp,6099,martin-chuzzlewit
Which,Mrs Chuzzlewit,6099,martin-chuzzlewit
Which,Harris,6099,martin-chuzzlewit
Which,Harris,6099,martin-chuzzlewit
Which,Mrs Harris,6099,martin-chuzzlewit
Which,Pimples,6099,martin-chuzzlewit
Which,Sairey Gamp,6099,martin-chuzzlewit
Which,Harris,6099,martin-chuzzlewit
Which,Mrs Harris,6099,martin-chuzzlewit
Which,Mrs Gamp,6099,martin-chuzzlewit
Which,Mrs Harris,6099,martin-chuzzlewit
Pimples,Mrs Chuzzlewit,6099,martin-chuzzlewit
Pimples,Harris,6099,martin-chuzzlewit
Pimples,Harris,6099,martin-chuzzlewit
Pimples,Mrs Harris,6099,martin-chuzzlewit
Pimples,Which,6099,martin-chuzzlewit
Pimples,Sairey Gamp,6099,martin-chuzzlewit
Pimples,Harris,6099,martin-chuzzlewit
Pimples,Mrs Harris,6099,martin-chuzzlewit
Pimples,Mrs Gamp,6099,martin-chuzzlewit
Pimples,Mrs Harris,6099,martin-chuzzlewit
Sairey Gamp,Mrs Chuzzlewit,6099,martin-chuzzlewit
Sairey Gamp,Harris,6099,martin-chuzzlewit
Sairey Gamp,Harris,6099,martin-chuzzlewit
Sairey Gamp,Mrs Harris,6099,martin-chuzzlewit
Sairey Gamp,Which,6099,martin-chuzzlewit
Sairey Gamp,Pimples,6099,martin-chuzzlewit
Sairey Gamp,Harris,6099,martin-chuzzlewit
Sairey Gamp,Mrs Harris,6099,martin-chuzzlewit
Sairey Gamp,Mrs Gamp,6099,martin-chuzzlewit
Sairey Gamp,Mrs Harris,6099,martin-chuzzlewit
Harris,Mrs Chuzzlewit,6099,martin-chuzzlewit
Harris,Mrs Harris,6099,martin-chuzzlewit
Harris,Which,6099,martin-chuzzlewit
Harris,Pimples,6099,martin-chuzzlewit
Harris,Sairey Gamp,6099,martin-chuzzlewit
Harris,Mrs Harris,6099,martin-chuzzlewit
Harris,Mrs Gamp,6099,martin-chuzzlewit
Harris,Mrs Harris,6099,martin-chuzzlewit
Mrs Harris,Mrs Chuzzlewit,6099,martin-chuzzlewit
Mrs Harris,Harris,6099,martin-chuzzlewit
Mrs Harris,Harris,6099,martin-chuzzlewit
Mrs Harris,Which,6099,martin-chuzzlewit
Mrs Harris,Pimples,6099,martin-chuzzlewit
Mrs Harris,Sairey Gamp,6099,martin-chuzzlewit
Mrs Harris,Harris,6099,martin-chuzzlewit
Mrs Harris,Mrs Gamp,6099,martin-chuzzlewit
Mrs Gamp,Mrs Chuzzlewit,6099,martin-chuzzlewit
Mrs Gamp,Harris,6099,martin-chuzzlewit
Mrs Gamp,Harris,6099,martin-chuzzlewit
Mrs Gamp,Mrs Harris,6099,martin-chuzzlewit
Mrs Gamp,Which,6099,martin-chuzzlewit
Mrs Gamp,Pimples,6099,martin-chuzzlewit
Mrs Gamp,Sairey Gamp,6099,martin-chuzzlewit
Mrs Gamp,Harris,6099,martin-chuzzlewit
Mrs Gamp,Mrs Harris,6099,martin-chuzzlewit
Mrs Gamp,Mrs Harris,6099,martin-chuzzlewit
Mrs Harris,Mrs Chuzzlewit,6099,martin-chuzzlewit
Mrs Harris,Harris,6099,martin-chuzzlewit
Mrs Harris,Harris,6099,martin-chuzzlewit
Mrs Harris,Which,6099,martin-chuzzlewit
Mrs Harris,Pimples,6099,martin-chuzzlewit
Mrs Harris,Sairey Gamp,6099,martin-chuzzlewit
Mrs Harris,Harris,6099,martin-chuzzlewit
Mrs Harris,Mrs Gamp,6099,martin-chuzzlewit
Chuffey,Poor,6104,martin-chuzzlewit
Chuffey,Chuff,6104,martin-chuzzlewit
Poor,Chuffey,6104,martin-chuzzlewit
Poor,Chuff,6104,martin-chuzzlewit
Chuff,Chuffey,6104,martin-chuzzlewit
Chuff,Poor,6104,martin-chuzzlewit
Chuffey,Mrs Gamp,6110,martin-chuzzlewit
Chuffey,Mrs Jonas,6110,martin-chuzzlewit
Mrs Gamp,Chuffey,6110,martin-chuzzlewit
Mrs Gamp,Chuffey,6110,martin-chuzzlewit
Mrs Gamp,Mrs Jonas,6110,martin-chuzzlewit
Chuffey,Mrs Gamp,6110,martin-chuzzlewit
Chuffey,Mrs Jonas,6110,martin-chuzzlewit
Mrs Jonas,Chuffey,6110,martin-chuzzlewit
Mrs Jonas,Mrs Gamp,6110,martin-chuzzlewit
Mrs Jonas,Chuffey,6110,martin-chuzzlewit
Mrs Gamp,Likeways,6111,martin-chuzzlewit
Mrs Gamp,Mrs Chuzzlewit,6111,martin-chuzzlewit
Mrs Gamp,Mrs Harris,6111,martin-chuzzlewit
Likeways,Mrs Gamp,6111,martin-chuzzlewit
Likeways,Mrs Chuzzlewit,6111,martin-chuzzlewit
Likeways,Mrs Harris,6111,martin-chuzzlewit
Mrs Chuzzlewit,Mrs Gamp,6111,martin-chuzzlewit
Mrs Chuzzlewit,Likeways,6111,martin-chuzzlewit
Mrs Chuzzlewit,Mrs Harris,6111,martin-chuzzlewit
Mrs Harris,Mrs Gamp,6111,martin-chuzzlewit
Mrs Harris,Likeways,6111,martin-chuzzlewit
Mrs Harris,Mrs Chuzzlewit,6111,martin-chuzzlewit
Miss Pecksniff,Augustus,6113,martin-chuzzlewit
Miss Pecksniff,Mrs Todgers,6113,martin-chuzzlewit
Miss Pecksniff,Poor Merry,6113,martin-chuzzlewit
Miss Pecksniff,Tom,6113,martin-chuzzlewit
Augustus,Miss Pecksniff,6113,martin-chuzzlewit
Augustus,Mrs Todgers,6113,martin-chuzzlewit
Augustus,Poor Merry,6113,martin-chuzzlewit
Augustus,Tom,6113,martin-chuzzlewit
Mrs Todgers,Miss Pecksniff,6113,martin-chuzzlewit
Mrs Todgers,Augustus,6113,martin-chuzzlewit
Mrs Todgers,Poor Merry,6113,martin-chuzzlewit
Mrs Todgers,Tom,6113,martin-chuzzlewit
Poor Merry,Miss Pecksniff,6113,martin-chuzzlewit
Poor Merry,Augustus,6113,martin-chuzzlewit
Poor Merry,Mrs Todgers,6113,martin-chuzzlewit
Poor Merry,Tom,6113,martin-chuzzlewit
Tom,Miss Pecksniff,6113,martin-chuzzlewit
Tom,Augustus,6113,martin-chuzzlewit
Tom,Mrs Todgers,6113,martin-chuzzlewit
Tom,Poor Merry,6113,martin-chuzzlewit
Hush,Merry,6118,martin-chuzzlewit
Merry,Hush,6118,martin-chuzzlewit
Merry,Aye,6129,martin-chuzzlewit
Aye,Merry,6129,martin-chuzzlewit
Mrs Gamp,Merry,6132,martin-chuzzlewit
Merry,Mrs Gamp,6132,martin-chuzzlewit
Chuffey,Tom Pinch,6136,martin-chuzzlewit
Tom Pinch,Chuffey,6136,martin-chuzzlewit
Augustus,Mrs Todgers,6140,martin-chuzzlewit
Mrs Todgers,Augustus,6140,martin-chuzzlewit
Charity,Augustus,6141,martin-chuzzlewit
Augustus,Charity,6141,martin-chuzzlewit
Tom,Merry,6143,martin-chuzzlewit
Merry,Tom,6143,martin-chuzzlewit
Augustus,Miss Pecksniff,6157,martin-chuzzlewit
Miss Pecksniff,Augustus,6157,martin-chuzzlewit
Miss Pecksniff,Mrs Todgers,6158,martin-chuzzlewit
Mrs Todgers,Miss Pecksniff,6158,martin-chuzzlewit
Jonas,Tom,6159,martin-chuzzlewit
Jonas,Miss Pecksniff,6159,martin-chuzzlewit
Jonas,Tom,6159,martin-chuzzlewit
Jonas,Tom,6159,martin-chuzzlewit
Tom,Jonas,6159,martin-chuzzlewit
Tom,Miss Pecksniff,6159,martin-chuzzlewit
Miss Pecksniff,Jonas,6159,martin-chuzzlewit
Miss Pecksniff,Tom,6159,martin-chuzzlewit
Miss Pecksniff,Tom,6159,martin-chuzzlewit
Miss Pecksniff,Tom,6159,martin-chuzzlewit
Tom,Jonas,6159,martin-chuzzlewit
Tom,Miss Pecksniff,6159,martin-chuzzlewit
Tom,Jonas,6159,martin-chuzzlewit
Tom,Miss Pecksniff,6159,martin-chuzzlewit
Jonas,Tom,6160,martin-chuzzlewit
Jonas,Tom,6160,martin-chuzzlewit
Tom,Jonas,6160,martin-chuzzlewit
Tom,Jonas,6160,martin-chuzzlewit
Jonas,Tom,6162,martin-chuzzlewit
Tom,Jonas,6162,martin-chuzzlewit
Jonas,Merry,6167,martin-chuzzlewit
Jonas,Tom,6167,martin-chuzzlewit
Jonas,Mrs Gamp,6167,martin-chuzzlewit
Jonas,Tom,6167,martin-chuzzlewit
Jonas,Nadgett,6167,martin-chuzzlewit
Merry,Jonas,6167,martin-chuzzlewit
Merry,Tom,6167,martin-chuzzlewit
Merry,Mrs Gamp,6167,martin-chuzzlewit
Merry,Tom,6167,martin-chuzzlewit
Merry,Nadgett,6167,martin-chuzzlewit
Tom,Jonas,6167,martin-chuzzlewit
Tom,Merry,6167,martin-chuzzlewit
Tom,Mrs Gamp,6167,martin-chuzzlewit
Tom,Nadgett,6167,martin-chuzzlewit
Mrs Gamp,Jonas,6167,martin-chuzzlewit
Mrs Gamp,Merry,6167,martin-chuzzlewit
Mrs Gamp,Tom,6167,martin-chuzzlewit
Mrs Gamp,Tom,6167,martin-chuzzlewit
Mrs Gamp,Nadgett,6167,martin-chuzzlewit
Tom,Jonas,6167,martin-chuzzlewit
Tom,Merry,6167,martin-chuzzlewit
Tom,Mrs Gamp,6167,martin-chuzzlewit
Tom,Nadgett,6167,martin-chuzzlewit
Nadgett,Jonas,6167,martin-chuzzlewit
Nadgett,Merry,6167,martin-chuzzlewit
Nadgett,Tom,6167,martin-chuzzlewit
Nadgett,Mrs Gamp,6167,martin-chuzzlewit
Nadgett,Tom,6167,martin-chuzzlewit
Jonas,Tom,6168,martin-chuzzlewit
Jonas,Tom,6168,martin-chuzzlewit
Tom,Jonas,6168,martin-chuzzlewit
Tom,Jonas,6168,martin-chuzzlewit
Which Mrs Harris,Sairey Gamp,6198,martin-chuzzlewit
Which Mrs Harris,Chuffey,6198,martin-chuzzlewit
Sairey Gamp,Which Mrs Harris,6198,martin-chuzzlewit
Sairey Gamp,Chuffey,6198,martin-chuzzlewit
Chuffey,Which Mrs Harris,6198,martin-chuzzlewit
Chuffey,Sairey Gamp,6198,martin-chuzzlewit
Mrs Gamp,Chuffey,6203,martin-chuzzlewit
Chuffey,Mrs Gamp,6203,martin-chuzzlewit
Betsey Prig,Mrs Gamp,6209,martin-chuzzlewit
Mrs Gamp,Betsey Prig,6209,martin-chuzzlewit
Mrs Gamp,Betsey Prig,6209,martin-chuzzlewit
Betsey Prig,Mrs Gamp,6209,martin-chuzzlewit
Mrs Gamp,Jonas,6210,martin-chuzzlewit
Jonas,Mrs Gamp,6210,martin-chuzzlewit
Mrs Gamp,Harris,6216,martin-chuzzlewit
Harris,Mrs Gamp,6216,martin-chuzzlewit
Anthony Chuzzlewit,Son,6223,martin-chuzzlewit
Son,Anthony Chuzzlewit,6223,martin-chuzzlewit
Noon,Sunset,6253,martin-chuzzlewit
Sunset,Noon,6253,martin-chuzzlewit
Pecksniff,Montague,6254,martin-chuzzlewit
Pecksniff,Jonas,6254,martin-chuzzlewit
Montague,Pecksniff,6254,martin-chuzzlewit
Montague,Pecksniff,6254,martin-chuzzlewit
Montague,Jonas,6254,martin-chuzzlewit
Pecksniff,Montague,6254,martin-chuzzlewit
Pecksniff,Jonas,6254,martin-chuzzlewit
Jonas,Pecksniff,6254,martin-chuzzlewit
Jonas,Montague,6254,martin-chuzzlewit
Jonas,Pecksniff,6254,martin-chuzzlewit
Pecksniff,Montague,6260,martin-chuzzlewit
Montague,Pecksniff,6260,martin-chuzzlewit
Tom,Ruth,6311,martin-chuzzlewit
Tom,Ruth,6311,martin-chuzzlewit
Tom,Ruth,6311,martin-chuzzlewit
Ruth,Tom,6311,martin-chuzzlewit
Ruth,Tom,6311,martin-chuzzlewit
Ruth,Tom,6311,martin-chuzzlewit
Ruth,Tom,6311,martin-chuzzlewit
Ruth,Tom,6311,martin-chuzzlewit
Ruth,Tom,6311,martin-chuzzlewit
Ruth,Tom,6311,martin-chuzzlewit
Ruth,Tom,6311,martin-chuzzlewit
Ruth,Tom,6311,martin-chuzzlewit
Tom,Ruth,6311,martin-chuzzlewit
Tom,Ruth,6311,martin-chuzzlewit
Tom,Ruth,6311,martin-chuzzlewit
Tom,Ruth,6311,martin-chuzzlewit
Tom,Ruth,6311,martin-chuzzlewit
Tom,Ruth,6311,martin-chuzzlewit
Ruth,Tom,6312,martin-chuzzlewit
Ruth,Tom,6312,martin-chuzzlewit
Ruth,Tom,6312,martin-chuzzlewit
Ruth,Tom,6312,martin-chuzzlewit
Tom,Ruth,6312,martin-chuzzlewit
Tom,Ruth,6312,martin-chuzzlewit
Tom,Ruth,6312,martin-chuzzlewit
Tom,Ruth,6312,martin-chuzzlewit
Tom,John,6317,martin-chuzzlewit
John,Tom,6317,martin-chuzzlewit
Tom Pinch,Pinch,6320,martin-chuzzlewit
Pinch,Tom Pinch,6320,martin-chuzzlewit
Tapley,Tom,6322,martin-chuzzlewit
Tapley,Mark,6322,martin-chuzzlewit
Tapley,Mark,6322,martin-chuzzlewit
Tapley,Mark,6322,martin-chuzzlewit
Tom,Tapley,6322,martin-chuzzlewit
Tom,Mark,6322,martin-chuzzlewit
Tom,Mark,6322,martin-chuzzlewit
Tom,Mark,6322,martin-chuzzlewit
Mark,Tapley,6322,martin-chuzzlewit
Mark,Tom,6322,martin-chuzzlewit
Mark,Tapley,6322,martin-chuzzlewit
Mark,Tom,6322,martin-chuzzlewit
Mark,Tapley,6322,martin-chuzzlewit
Mark,Tom,6322,martin-chuzzlewit
Tom,Martin,6324,martin-chuzzlewit
Tom,Martin,6324,martin-chuzzlewit
Tom,Mark Tapley,6324,martin-chuzzlewit
Tom,Lord,6324,martin-chuzzlewit
Martin,Tom,6324,martin-chuzzlewit
Martin,Mark Tapley,6324,martin-chuzzlewit
Martin,Lord,6324,martin-chuzzlewit
Martin,Tom,6324,martin-chuzzlewit
Martin,Mark Tapley,6324,martin-chuzzlewit
Martin,Lord,6324,martin-chuzzlewit
Mark Tapley,Tom,6324,martin-chuzzlewit
Mark Tapley,Martin,6324,martin-chuzzlewit
Mark Tapley,Martin,6324,martin-chuzzlewit
Mark Tapley,Lord,6324,martin-chuzzlewit
Lord,Tom,6324,martin-chuzzlewit
Lord,Martin,6324,martin-chuzzlewit
Lord,Martin,6324,martin-chuzzlewit
Lord,Mark Tapley,6324,martin-chuzzlewit
Tom,Mark,6325,martin-chuzzlewit
Tom,Martin,6325,martin-chuzzlewit
Mark,Tom,6325,martin-chuzzlewit
Mark,Martin,6325,martin-chuzzlewit
Martin,Tom,6325,martin-chuzzlewit
Martin,Mark,6325,martin-chuzzlewit
Martin,Tom,6326,martin-chuzzlewit
Martin,Mark,6326,martin-chuzzlewit
Martin,John Westlock,6326,martin-chuzzlewit
Martin,Mark Tapley,6326,martin-chuzzlewit
Tom,Martin,6326,martin-chuzzlewit
Tom,Mark,6326,martin-chuzzlewit
Tom,Martin,6326,martin-chuzzlewit
Tom,John Westlock,6326,martin-chuzzlewit
Tom,Mark Tapley,6326,martin-chuzzlewit
Mark,Martin,6326,martin-chuzzlewit
Mark,Tom,6326,martin-chuzzlewit
Mark,Martin,6326,martin-chuzzlewit
Mark,John Westlock,6326,martin-chuzzlewit
Mark,Mark Tapley,6326,martin-chuzzlewit
Martin,Tom,6326,martin-chuzzlewit
Martin,Mark,6326,martin-chuzzlewit
Martin,John Westlock,6326,martin-chuzzlewit
Martin,Mark Tapley,6326,martin-chuzzlewit
John Westlock,Martin,6326,martin-chuzzlewit
John Westlock,Tom,6326,martin-chuzzlewit
John Westlock,Mark,6326,martin-chuzzlewit
John Westlock,Martin,6326,martin-chuzzlewit
John Westlock,Mark Tapley,6326,martin-chuzzlewit
Mark Tapley,Martin,6326,martin-chuzzlewit
Mark Tapley,Tom,6326,martin-chuzzlewit
Mark Tapley,Mark,6326,martin-chuzzlewit
Mark Tapley,Martin,6326,martin-chuzzlewit
Mark Tapley,John Westlock,6326,martin-chuzzlewit
John Westlock,Tom,6327,martin-chuzzlewit
John Westlock,Tom,6327,martin-chuzzlewit
Tom,John Westlock,6327,martin-chuzzlewit
Tom,John Westlock,6327,martin-chuzzlewit
Mark,Tom,6329,martin-chuzzlewit
Mark,Martin,6329,martin-chuzzlewit
Tom,Mark,6329,martin-chuzzlewit
Tom,Martin,6329,martin-chuzzlewit
Martin,Mark,6329,martin-chuzzlewit
Martin,Tom,6329,martin-chuzzlewit
Martin,Tom,6330,martin-chuzzlewit
Martin,Miss Pinch,6330,martin-chuzzlewit
Tom,Martin,6330,martin-chuzzlewit
Tom,Miss Pinch,6330,martin-chuzzlewit
Miss Pinch,Martin,6330,martin-chuzzlewit
Miss Pinch,Tom,6330,martin-chuzzlewit
Tom,Mark Tapley,6331,martin-chuzzlewit
Mark Tapley,Tom,6331,martin-chuzzlewit
Martin,Mark Tapley,6333,martin-chuzzlewit
Martin,Tom,6333,martin-chuzzlewit
Mark Tapley,Martin,6333,martin-chuzzlewit
Mark Tapley,Tom,6333,martin-chuzzlewit
Tom,Martin,6333,martin-chuzzlewit
Tom,Mark Tapley,6333,martin-chuzzlewit
Tapley,Human Natur,6337,martin-chuzzlewit
Human Natur,Tapley,6337,martin-chuzzlewit
Martin,Tom,6339,martin-chuzzlewit
Martin,Pecksniff,6339,martin-chuzzlewit
Tom,Martin,6339,martin-chuzzlewit
Tom,Pecksniff,6339,martin-chuzzlewit
Pecksniff,Martin,6339,martin-chuzzlewit
Pecksniff,Tom,6339,martin-chuzzlewit
Tom,Mary,6340,martin-chuzzlewit
Mary,Tom,6340,martin-chuzzlewit
Mary,Martin,6342,martin-chuzzlewit
Mary,Tom,6342,martin-chuzzlewit
Martin,Mary,6342,martin-chuzzlewit
Martin,Tom,6342,martin-chuzzlewit
Tom,Mary,6342,martin-chuzzlewit
Tom,Martin,6342,martin-chuzzlewit
Tom,Martin,6344,martin-chuzzlewit
Martin,Tom,6344,martin-chuzzlewit
Tom,Martin,6346,martin-chuzzlewit
Martin,Tom,6346,martin-chuzzlewit
Martin,Tom,6346,martin-chuzzlewit
Martin,Tom,6346,martin-chuzzlewit
Tom,Martin,6346,martin-chuzzlewit
Tom,Martin,6346,martin-chuzzlewit
Martin,John Westlock,6348,martin-chuzzlewit
Martin,Tom,6348,martin-chuzzlewit
Martin,John Westlock,6348,martin-chuzzlewit
Martin,Tom,6348,martin-chuzzlewit
Martin,John Westlock,6348,martin-chuzzlewit
Martin,Tom,6348,martin-chuzzlewit
John Westlock,Martin,6348,martin-chuzzlewit
John Westlock,Martin,6348,martin-chuzzlewit
John Westlock,Martin,6348,martin-chuzzlewit
John Westlock,Tom,6348,martin-chuzzlewit
John Westlock,Martin,6348,martin-chuzzlewit
Tom,Martin,6348,martin-chuzzlewit
Tom,Martin,6348,martin-chuzzlewit
Tom,Martin,6348,martin-chuzzlewit
Tom,John Westlock,6348,martin-chuzzlewit
Tom,Martin,6348,martin-chuzzlewit
Martin,John Westlock,6348,martin-chuzzlewit
Martin,Tom,6348,martin-chuzzlewit
Martin,Tom,6349,martin-chuzzlewit
Tom,Martin,6349,martin-chuzzlewit
John Westlock,Mark Tapley,6350,martin-chuzzlewit
John Westlock,Mark,6350,martin-chuzzlewit
Mark Tapley,John Westlock,6350,martin-chuzzlewit
Mark Tapley,Mark,6350,martin-chuzzlewit
Mark,John Westlock,6350,martin-chuzzlewit
Mark,Mark Tapley,6350,martin-chuzzlewit
Tom,Mark,6352,martin-chuzzlewit
Tom,Martin,6352,martin-chuzzlewit
Tom,John Westlock,6352,martin-chuzzlewit
Mark,Tom,6352,martin-chuzzlewit
Mark,Martin,6352,martin-chuzzlewit
Mark,John Westlock,6352,martin-chuzzlewit
Martin,Tom,6352,martin-chuzzlewit
Martin,Mark,6352,martin-chuzzlewit
Martin,John Westlock,6352,martin-chuzzlewit
John Westlock,Tom,6352,martin-chuzzlewit
John Westlock,Mark,6352,martin-chuzzlewit
John Westlock,Martin,6352,martin-chuzzlewit
John Westlock,Tom,6353,martin-chuzzlewit
John Westlock,John,6353,martin-chuzzlewit
Tom,John Westlock,6353,martin-chuzzlewit
Tom,John,6353,martin-chuzzlewit
John,John Westlock,6353,martin-chuzzlewit
John,Tom,6353,martin-chuzzlewit
Mark Tapley,Martin,6354,martin-chuzzlewit
Mark Tapley,Martin,6354,martin-chuzzlewit
Mark Tapley,John Westlock,6354,martin-chuzzlewit
Martin,Mark Tapley,6354,martin-chuzzlewit
Martin,John Westlock,6354,martin-chuzzlewit
Martin,Mark Tapley,6354,martin-chuzzlewit
Martin,John Westlock,6354,martin-chuzzlewit
John Westlock,Mark Tapley,6354,martin-chuzzlewit
John Westlock,Martin,6354,martin-chuzzlewit
John Westlock,Martin,6354,martin-chuzzlewit
Martin,Tom,6355,martin-chuzzlewit
Tom,Martin,6355,martin-chuzzlewit
Martin,Tom,6360,martin-chuzzlewit
Tom,Martin,6360,martin-chuzzlewit
Martin,Tom,6362,martin-chuzzlewit
Martin,John,6362,martin-chuzzlewit
Tom,Martin,6362,martin-chuzzlewit
Tom,John,6362,martin-chuzzlewit
John,Martin,6362,martin-chuzzlewit
John,Tom,6362,martin-chuzzlewit
John Westlock,Martin,6363,martin-chuzzlewit
John Westlock,Tom,6363,martin-chuzzlewit
John Westlock,Tom,6363,martin-chuzzlewit
John Westlock,Fleet Street,6363,martin-chuzzlewit
Martin,John Westlock,6363,martin-chuzzlewit
Martin,Tom,6363,martin-chuzzlewit
Martin,Tom,6363,martin-chuzzlewit
Martin,Fleet Street,6363,martin-chuzzlewit
Tom,John Westlock,6363,martin-chuzzlewit
Tom,Martin,6363,martin-chuzzlewit
Tom,Fleet Street,6363,martin-chuzzlewit
Tom,John Westlock,6363,martin-chuzzlewit
Tom,Martin,6363,martin-chuzzlewit
Tom,Fleet Street,6363,martin-chuzzlewit
Fleet Street,John Westlock,6363,martin-chuzzlewit
Fleet Street,Martin,6363,martin-chuzzlewit
Fleet Street,Tom,6363,martin-chuzzlewit
Fleet Street,Tom,6363,martin-chuzzlewit
Mark,Tom,6364,martin-chuzzlewit
Tom,Mark,6364,martin-chuzzlewit
Tom,Mark,6375,martin-chuzzlewit
Tom,Mrs Lupin,6375,martin-chuzzlewit
Mark,Tom,6375,martin-chuzzlewit
Mark,Mrs Lupin,6375,martin-chuzzlewit
Mrs Lupin,Tom,6375,martin-chuzzlewit
Mrs Lupin,Mark,6375,martin-chuzzlewit
Tapley,Lookin,6386,martin-chuzzlewit
Lookin,Tapley,6386,martin-chuzzlewit
Mark,Tom,6389,martin-chuzzlewit
Mark,Lupin,6389,martin-chuzzlewit
Tom,Mark,6389,martin-chuzzlewit
Tom,Lupin,6389,martin-chuzzlewit
Lupin,Mark,6389,martin-chuzzlewit
Lupin,Tom,6389,martin-chuzzlewit
Tom,Mark,6391,martin-chuzzlewit
Mark,Tom,6391,martin-chuzzlewit
Tom Pinch,Mark,6393,martin-chuzzlewit
Tom Pinch,Martin,6393,martin-chuzzlewit
Tom Pinch,John Westlock,6393,martin-chuzzlewit
Tom Pinch,Martin,6393,martin-chuzzlewit
Mark,Tom Pinch,6393,martin-chuzzlewit
Mark,Martin,6393,martin-chuzzlewit
Mark,John Westlock,6393,martin-chuzzlewit
Mark,Martin,6393,martin-chuzzlewit
Martin,Tom Pinch,6393,martin-chuzzlewit
Martin,Mark,6393,martin-chuzzlewit
Martin,John Westlock,6393,martin-chuzzlewit
John Westlock,Tom Pinch,6393,martin-chuzzlewit
John Westlock,Mark,6393,martin-chuzzlewit
John Westlock,Martin,6393,martin-chuzzlewit
John Westlock,Martin,6393,martin-chuzzlewit
Martin,Tom Pinch,6393,martin-chuzzlewit
Martin,Mark,6393,martin-chuzzlewit
Martin,John Westlock,6393,martin-chuzzlewit
Martin,Tom,6400,martin-chuzzlewit
Tom,Martin,6400,martin-chuzzlewit
John,Martin,6401,martin-chuzzlewit
Martin,John,6401,martin-chuzzlewit
Tom,Martin,6403,martin-chuzzlewit
Martin,Tom,6403,martin-chuzzlewit
Martin,Tom Pinch,6405,martin-chuzzlewit
Martin,Tom Pinch,6405,martin-chuzzlewit
Tom Pinch,Martin,6405,martin-chuzzlewit
Tom Pinch,Martin,6405,martin-chuzzlewit
Martin,John,6406,martin-chuzzlewit
John,Martin,6406,martin-chuzzlewit
Lewsome,John Westlock,6407,martin-chuzzlewit
John Westlock,Lewsome,6407,martin-chuzzlewit
John Westlock,Martin,6408,martin-chuzzlewit
Martin,John Westlock,6408,martin-chuzzlewit
John,Jonas Chuzzlewit,6409,martin-chuzzlewit
John,Tom,6409,martin-chuzzlewit
Jonas Chuzzlewit,John,6409,martin-chuzzlewit
Jonas Chuzzlewit,Tom,6409,martin-chuzzlewit
Tom,John,6409,martin-chuzzlewit
Tom,Jonas Chuzzlewit,6409,martin-chuzzlewit
Martin,John Westlock,6423,martin-chuzzlewit
Martin,Lewsome,6423,martin-chuzzlewit
John Westlock,Martin,6423,martin-chuzzlewit
John Westlock,Lewsome,6423,martin-chuzzlewit
Lewsome,Martin,6423,martin-chuzzlewit
Lewsome,John Westlock,6423,martin-chuzzlewit
John Westlock,Martin,6433,martin-chuzzlewit
Martin,John Westlock,6433,martin-chuzzlewit
John,Martin,6439,martin-chuzzlewit
Martin,John,6439,martin-chuzzlewit
Martin,John Westlock,6440,martin-chuzzlewit
Martin,Tom Pinch,6440,martin-chuzzlewit
John Westlock,Martin,6440,martin-chuzzlewit
John Westlock,Tom Pinch,6440,martin-chuzzlewit
Tom Pinch,Martin,6440,martin-chuzzlewit
Tom Pinch,John Westlock,6440,martin-chuzzlewit
Tom,Jonas,6441,martin-chuzzlewit
Tom,Jonas,6441,martin-chuzzlewit
Tom,Jonas,6441,martin-chuzzlewit
Jonas,Tom,6441,martin-chuzzlewit
Jonas,Tom,6441,martin-chuzzlewit
Jonas,Tom,6441,martin-chuzzlewit
Lewsome,Pecksniff,6442,martin-chuzzlewit
Lewsome,Tom,6442,martin-chuzzlewit
Lewsome,Martin,6442,martin-chuzzlewit
Lewsome,Pecksniff,6442,martin-chuzzlewit
Lewsome,Pecksniff,6442,martin-chuzzlewit
Pecksniff,Lewsome,6442,martin-chuzzlewit
Pecksniff,Tom,6442,martin-chuzzlewit
Pecksniff,Martin,6442,martin-chuzzlewit
Tom,Lewsome,6442,martin-chuzzlewit
Tom,Pecksniff,6442,martin-chuzzlewit
Tom,Martin,6442,martin-chuzzlewit
Tom,Pecksniff,6442,martin-chuzzlewit
Tom,Pecksniff,6442,martin-chuzzlewit
Martin,Lewsome,6442,martin-chuzzlewit
Martin,Pecksniff,6442,martin-chuzzlewit
Martin,Tom,6442,martin-chuzzlewit
Martin,Pecksniff,6442,martin-chuzzlewit
Martin,Pecksniff,6442,martin-chuzzlewit
Pecksniff,Lewsome,6442,martin-chuzzlewit
Pecksniff,Tom,6442,martin-chuzzlewit
Pecksniff,Martin,6442,martin-chuzzlewit
Pecksniff,Lewsome,6442,martin-chuzzlewit
Pecksniff,Tom,6442,martin-chuzzlewit
Pecksniff,Martin,6442,martin-chuzzlewit
Martin,Pecksniff,6443,martin-chuzzlewit
Pecksniff,Martin,6443,martin-chuzzlewit
Tom,Lewsome,6445,martin-chuzzlewit
Lewsome,Tom,6445,martin-chuzzlewit
Chuffey,Jonas,6446,martin-chuzzlewit
Jonas,Chuffey,6446,martin-chuzzlewit
Tom,Mrs Gamp,6447,martin-chuzzlewit
Tom,Mrs Gamp,6447,martin-chuzzlewit
Tom,Mrs Gamp,6447,martin-chuzzlewit
Mrs Gamp,Tom,6447,martin-chuzzlewit
Mrs Gamp,Tom,6447,martin-chuzzlewit
Mrs Gamp,Tom,6447,martin-chuzzlewit
John Westlock,Mrs Gamp,6448,martin-chuzzlewit
John Westlock,Mrs Gamp,6448,martin-chuzzlewit
John Westlock,Chuffey,6448,martin-chuzzlewit
Mrs Gamp,John Westlock,6448,martin-chuzzlewit
Mrs Gamp,Chuffey,6448,martin-chuzzlewit
Mrs Gamp,John Westlock,6448,martin-chuzzlewit
Mrs Gamp,Chuffey,6448,martin-chuzzlewit
Chuffey,John Westlock,6448,martin-chuzzlewit
Chuffey,Mrs Gamp,6448,martin-chuzzlewit
Chuffey,Mrs Gamp,6448,martin-chuzzlewit
Martin,John Westlock,6449,martin-chuzzlewit
Martin,Tom,6449,martin-chuzzlewit
Martin,Nadgett,6449,martin-chuzzlewit
Martin,Tapley,6449,martin-chuzzlewit
Martin,Lewsome,6449,martin-chuzzlewit
John Westlock,Martin,6449,martin-chuzzlewit
John Westlock,Tom,6449,martin-chuzzlewit
John Westlock,Nadgett,6449,martin-chuzzlewit
John Westlock,Tapley,6449,martin-chuzzlewit
John Westlock,Lewsome,6449,martin-chuzzlewit
Tom,Martin,6449,martin-chuzzlewit
Tom,John Westlock,6449,martin-chuzzlewit
Tom,Nadgett,6449,martin-chuzzlewit
Tom,Tapley,6449,martin-chuzzlewit
Tom,Lewsome,6449,martin-chuzzlewit
Nadgett,Martin,6449,martin-chuzzlewit
Nadgett,John Westlock,6449,martin-chuzzlewit
Nadgett,Tom,6449,martin-chuzzlewit
Nadgett,Tapley,6449,martin-chuzzlewit
Nadgett,Lewsome,6449,martin-chuzzlewit
Tapley,Martin,6449,martin-chuzzlewit
Tapley,John Westlock,6449,martin-chuzzlewit
Tapley,Tom,6449,martin-chuzzlewit
Tapley,Nadgett,6449,martin-chuzzlewit
Tapley,Lewsome,6449,martin-chuzzlewit
Lewsome,Martin,6449,martin-chuzzlewit
Lewsome,John Westlock,6449,martin-chuzzlewit
Lewsome,Tom,6449,martin-chuzzlewit
Lewsome,Nadgett,6449,martin-chuzzlewit
Lewsome,Tapley,6449,martin-chuzzlewit
Martin,John,6451,martin-chuzzlewit
Martin,Grammar School,6451,martin-chuzzlewit
Martin,John,6451,martin-chuzzlewit
Martin,Pecksniff,6451,martin-chuzzlewit
Martin,John,6451,martin-chuzzlewit
John,Martin,6451,martin-chuzzlewit
John,Grammar School,6451,martin-chuzzlewit
John,Pecksniff,6451,martin-chuzzlewit
Grammar School,Martin,6451,martin-chuzzlewit
Grammar School,John,6451,martin-chuzzlewit
Grammar School,John,6451,martin-chuzzlewit
Grammar School,Pecksniff,6451,martin-chuzzlewit
Grammar School,John,6451,martin-chuzzlewit
John,Martin,6451,martin-chuzzlewit
John,Grammar School,6451,martin-chuzzlewit
John,Pecksniff,6451,martin-chuzzlewit
Pecksniff,Martin,6451,martin-chuzzlewit
Pecksniff,John,6451,martin-chuzzlewit
Pecksniff,Grammar School,6451,martin-chuzzlewit
Pecksniff,John,6451,martin-chuzzlewit
Pecksniff,John,6451,martin-chuzzlewit
John,Martin,6451,martin-chuzzlewit
John,Grammar School,6451,martin-chuzzlewit
John,Pecksniff,6451,martin-chuzzlewit
Martin,John Westlock,6452,martin-chuzzlewit
Martin,Mark,6452,martin-chuzzlewit
Martin,Temple Bar,6452,martin-chuzzlewit
Martin,Mark,6452,martin-chuzzlewit
Martin,Mark,6452,martin-chuzzlewit
John Westlock,Martin,6452,martin-chuzzlewit
John Westlock,Mark,6452,martin-chuzzlewit
John Westlock,Temple Bar,6452,martin-chuzzlewit
John Westlock,Mark,6452,martin-chuzzlewit
John Westlock,Mark,6452,martin-chuzzlewit
Mark,Martin,6452,martin-chuzzlewit
Mark,John Westlock,6452,martin-chuzzlewit
Mark,Temple Bar,6452,martin-chuzzlewit
Temple Bar,Martin,6452,martin-chuzzlewit
Temple Bar,John Westlock,6452,martin-chuzzlewit
Temple Bar,Mark,6452,martin-chuzzlewit
Temple Bar,Mark,6452,martin-chuzzlewit
Temple Bar,Mark,6452,martin-chuzzlewit
Mark,Martin,6452,martin-chuzzlewit
Mark,John Westlock,6452,martin-chuzzlewit
Mark,Temple Bar,6452,martin-chuzzlewit
Mark,Martin,6452,martin-chuzzlewit
Mark,John Westlock,6452,martin-chuzzlewit
Mark,Temple Bar,6452,martin-chuzzlewit
High Holborn,Betsey Prig,6456,martin-chuzzlewit
High Holborn,Bartlemy,6456,martin-chuzzlewit
High Holborn,Barklemy,6456,martin-chuzzlewit
High Holborn,Bardlemy,6456,martin-chuzzlewit
High Holborn,Saint Bartholomew,6456,martin-chuzzlewit
High Holborn,Betsey Prig,6456,martin-chuzzlewit
Betsey Prig,High Holborn,6456,martin-chuzzlewit
Betsey Prig,Bartlemy,6456,martin-chuzzlewit
Betsey Prig,Barklemy,6456,martin-chuzzlewit
Betsey Prig,Bardlemy,6456,martin-chuzzlewit
Betsey Prig,Saint Bartholomew,6456,martin-chuzzlewit
Bartlemy,High Holborn,6456,martin-chuzzlewit
Bartlemy,Betsey Prig,6456,martin-chuzzlewit
Bartlemy,Barklemy,6456,martin-chuzzlewit
Bartlemy,Bardlemy,6456,martin-chuzzlewit
Bartlemy,Saint Bartholomew,6456,martin-chuzzlewit
Bartlemy,Betsey Prig,6456,martin-chuzzlewit
Barklemy,High Holborn,6456,martin-chuzzlewit
Barklemy,Betsey Prig,6456,martin-chuzzlewit
Barklemy,Bartlemy,6456,martin-chuzzlewit
Barklemy,Bardlemy,6456,martin-chuzzlewit
Barklemy,Saint Bartholomew,6456,martin-chuzzlewit
Barklemy,Betsey Prig,6456,martin-chuzzlewit
Bardlemy,High Holborn,6456,martin-chuzzlewit
Bardlemy,Betsey Prig,6456,martin-chuzzlewit
Bardlemy,Bartlemy,6456,martin-chuzzlewit
Bardlemy,Barklemy,6456,martin-chuzzlewit
Bardlemy,Saint Bartholomew,6456,martin-chuzzlewit
Bardlemy,Betsey Prig,6456,martin-chuzzlewit
Saint Bartholomew,High Holborn,6456,martin-chuzzlewit
Saint Bartholomew,Betsey Prig,6456,martin-chuzzlewit
Saint Bartholomew,Bartlemy,6456,martin-chuzzlewit
Saint Bartholomew,Barklemy,6456,martin-chuzzlewit
Saint Bartholomew,Bardlemy,6456,martin-chuzzlewit
Saint Bartholomew,Betsey Prig,6456,martin-chuzzlewit
Betsey Prig,High Holborn,6456,martin-chuzzlewit
Betsey Prig,Bartlemy,6456,martin-chuzzlewit
Betsey Prig,Barklemy,6456,martin-chuzzlewit
Betsey Prig,Bardlemy,6456,martin-chuzzlewit
Betsey Prig,Saint Bartholomew,6456,martin-chuzzlewit
Mrs Gamp,Mrs Sweedlepipes,6474,martin-chuzzlewit
Mrs Sweedlepipes,Mrs Gamp,6474,martin-chuzzlewit
Crimple,David Crimple,6481,martin-chuzzlewit
Crimple,Bailey,6481,martin-chuzzlewit
Crimple,Bailey,6481,martin-chuzzlewit
David Crimple,Crimple,6481,martin-chuzzlewit
David Crimple,Bailey,6481,martin-chuzzlewit
David Crimple,Bailey,6481,martin-chuzzlewit
Bailey,Crimple,6481,martin-chuzzlewit
Bailey,David Crimple,6481,martin-chuzzlewit
Bailey,Crimple,6481,martin-chuzzlewit
Bailey,David Crimple,6481,martin-chuzzlewit
Poll,Montague,6483,martin-chuzzlewit
Poll,Montague,6483,martin-chuzzlewit
Poll,Death,6483,martin-chuzzlewit
Poll,Lord,6483,martin-chuzzlewit
Poll,Bailey,6483,martin-chuzzlewit
Montague,Poll,6483,martin-chuzzlewit
Montague,Death,6483,martin-chuzzlewit
Montague,Lord,6483,martin-chuzzlewit
Montague,Bailey,6483,martin-chuzzlewit
Montague,Poll,6483,martin-chuzzlewit
Montague,Death,6483,martin-chuzzlewit
Montague,Lord,6483,martin-chuzzlewit
Montague,Bailey,6483,martin-chuzzlewit
Death,Poll,6483,martin-chuzzlewit
Death,Montague,6483,martin-chuzzlewit
Death,Montague,6483,martin-chuzzlewit
Death,Lord,6483,martin-chuzzlewit
Death,Bailey,6483,martin-chuzzlewit
Lord,Poll,6483,martin-chuzzlewit
Lord,Montague,6483,martin-chuzzlewit
Lord,Montague,6483,martin-chuzzlewit
Lord,Death,6483,martin-chuzzlewit
Lord,Bailey,6483,martin-chuzzlewit
Bailey,Poll,6483,martin-chuzzlewit
Bailey,Montague,6483,martin-chuzzlewit
Bailey,Montague,6483,martin-chuzzlewit
Bailey,Death,6483,martin-chuzzlewit
Bailey,Lord,6483,martin-chuzzlewit
Mrs Gamp,Betsey Prig,6505,martin-chuzzlewit
Betsey Prig,Mrs Gamp,6505,martin-chuzzlewit
Sairah Gamp,Mrs Prig,6506,martin-chuzzlewit
Mrs Prig,Sairah Gamp,6506,martin-chuzzlewit
Betsey,Harris,6513,martin-chuzzlewit
Betsey,Mrs Gamp,6513,martin-chuzzlewit
Betsey,Betsey Prig,6513,martin-chuzzlewit
Betsey,Sairey,6513,martin-chuzzlewit
Harris,Betsey,6513,martin-chuzzlewit
Harris,Mrs Gamp,6513,martin-chuzzlewit
Harris,Betsey Prig,6513,martin-chuzzlewit
Harris,Sairey,6513,martin-chuzzlewit
Mrs Gamp,Betsey,6513,martin-chuzzlewit
Mrs Gamp,Harris,6513,martin-chuzzlewit
Mrs Gamp,Betsey Prig,6513,martin-chuzzlewit
Mrs Gamp,Sairey,6513,martin-chuzzlewit
Betsey Prig,Betsey,6513,martin-chuzzlewit
Betsey Prig,Harris,6513,martin-chuzzlewit
Betsey Prig,Mrs Gamp,6513,martin-chuzzlewit
Betsey Prig,Sairey,6513,martin-chuzzlewit
Sairey,Betsey,6513,martin-chuzzlewit
Sairey,Harris,6513,martin-chuzzlewit
Sairey,Mrs Gamp,6513,martin-chuzzlewit
Sairey,Betsey Prig,6513,martin-chuzzlewit
Sarah,Gamp,6518,martin-chuzzlewit
Gamp,Sarah,6518,martin-chuzzlewit
Chuffey,Mrs Gamp,6521,martin-chuzzlewit
Chuffey,Harris,6521,martin-chuzzlewit
Chuffey,Betsey Prig,6521,martin-chuzzlewit
Chuffey,Betsey,6521,martin-chuzzlewit
Mrs Gamp,Chuffey,6521,martin-chuzzlewit
Mrs Gamp,Chuffey,6521,martin-chuzzlewit
Mrs Gamp,Harris,6521,martin-chuzzlewit
Mrs Gamp,Betsey Prig,6521,martin-chuzzlewit
Mrs Gamp,Betsey,6521,martin-chuzzlewit
Chuffey,Mrs Gamp,6521,martin-chuzzlewit
Chuffey,Harris,6521,martin-chuzzlewit
Chuffey,Betsey Prig,6521,martin-chuzzlewit
Chuffey,Betsey,6521,martin-chuzzlewit
Harris,Chuffey,6521,martin-chuzzlewit
Harris,Mrs Gamp,6521,martin-chuzzlewit
Harris,Chuffey,6521,martin-chuzzlewit
Harris,Betsey Prig,6521,martin-chuzzlewit
Harris,Betsey,6521,martin-chuzzlewit
Betsey Prig,Chuffey,6521,martin-chuzzlewit
Betsey Prig,Mrs Gamp,6521,martin-chuzzlewit
Betsey Prig,Chuffey,6521,martin-chuzzlewit
Betsey Prig,Harris,6521,martin-chuzzlewit
Betsey Prig,Betsey,6521,martin-chuzzlewit
Betsey,Chuffey,6521,martin-chuzzlewit
Betsey,Mrs Gamp,6521,martin-chuzzlewit
Betsey,Chuffey,6521,martin-chuzzlewit
Betsey,Harris,6521,martin-chuzzlewit
Betsey,Betsey Prig,6521,martin-chuzzlewit
Betsey,Drink,6523,martin-chuzzlewit
Drink,Betsey,6523,martin-chuzzlewit
Mrs Gamp,Betsey Prig,6531,martin-chuzzlewit
Betsey Prig,Mrs Gamp,6531,martin-chuzzlewit
Mrs Gamp,Sairey Gamp,6532,martin-chuzzlewit
Sairey Gamp,Mrs Gamp,6532,martin-chuzzlewit
Mrs Gamp,Betsey Prig,6536,martin-chuzzlewit
Betsey Prig,Mrs Gamp,6536,martin-chuzzlewit
Mrs Gamp,Mrs Prig,6537,martin-chuzzlewit
Mrs Prig,Mrs Gamp,6537,martin-chuzzlewit
Mrs Gamp,Fire,6545,martin-chuzzlewit
Fire,Mrs Gamp,6545,martin-chuzzlewit
Betsey Prig,Harris,6547,martin-chuzzlewit
Betsey Prig,Betsey,6547,martin-chuzzlewit
Betsey Prig,Mrs Gamp,6547,martin-chuzzlewit
Harris,Betsey Prig,6547,martin-chuzzlewit
Harris,Betsey,6547,martin-chuzzlewit
Harris,Mrs Gamp,6547,martin-chuzzlewit
Betsey,Betsey Prig,6547,martin-chuzzlewit
Betsey,Harris,6547,martin-chuzzlewit
Betsey,Mrs Gamp,6547,martin-chuzzlewit
Mrs Gamp,Betsey Prig,6547,martin-chuzzlewit
Mrs Gamp,Harris,6547,martin-chuzzlewit
Mrs Gamp,Betsey,6547,martin-chuzzlewit
John Westlock,Martin,6548,martin-chuzzlewit
Martin,John Westlock,6548,martin-chuzzlewit
Tommy Harris,Betsey Prig,6562,martin-chuzzlewit
Tommy Harris,Sairey,6562,martin-chuzzlewit
Betsey Prig,Tommy Harris,6562,martin-chuzzlewit
Betsey Prig,Sairey,6562,martin-chuzzlewit
Sairey,Tommy Harris,6562,martin-chuzzlewit
Sairey,Betsey Prig,6562,martin-chuzzlewit
Lewsome,John,6565,martin-chuzzlewit
Lewsome,Chuffey,6565,martin-chuzzlewit
John,Lewsome,6565,martin-chuzzlewit
John,Chuffey,6565,martin-chuzzlewit
Chuffey,Lewsome,6565,martin-chuzzlewit
Chuffey,John,6565,martin-chuzzlewit
Mrs Gamp,Betsey Prig,6566,martin-chuzzlewit
Betsey Prig,Mrs Gamp,6566,martin-chuzzlewit
John,Mrs Gamp,6569,martin-chuzzlewit
Mrs Gamp,John,6569,martin-chuzzlewit
Mrs Gamp,Chuzzlewit,6572,martin-chuzzlewit
Chuzzlewit,Mrs Gamp,6572,martin-chuzzlewit
John,Chuffey,6573,martin-chuzzlewit
Chuffey,John,6573,martin-chuzzlewit
Betsey,Friar Bacon,6582,martin-chuzzlewit
Friar Bacon,Betsey,6582,martin-chuzzlewit
Martin,John Westlock,6583,martin-chuzzlewit
John Westlock,Martin,6583,martin-chuzzlewit
John,Mrs Harris,6587,martin-chuzzlewit
John,Jonas Chuzzlewit,6587,martin-chuzzlewit
Mrs Harris,John,6587,martin-chuzzlewit
Mrs Harris,Jonas Chuzzlewit,6587,martin-chuzzlewit
Jonas Chuzzlewit,John,6587,martin-chuzzlewit
Jonas Chuzzlewit,Mrs Harris,6587,martin-chuzzlewit
Tom,Lewsome,6591,martin-chuzzlewit
Tom,John Westlock,6591,martin-chuzzlewit
Tom,John,6591,martin-chuzzlewit
Tom,Really John,6591,martin-chuzzlewit
Lewsome,Tom,6591,martin-chuzzlewit
Lewsome,John Westlock,6591,martin-chuzzlewit
Lewsome,John,6591,martin-chuzzlewit
Lewsome,Tom,6591,martin-chuzzlewit
Lewsome,Tom,6591,martin-chuzzlewit
Lewsome,Really John,6591,martin-chuzzlewit
Lewsome,Tom,6591,martin-chuzzlewit
John Westlock,Tom,6591,martin-chuzzlewit
John Westlock,Lewsome,6591,martin-chuzzlewit
John Westlock,John,6591,martin-chuzzlewit
John Westlock,Tom,6591,martin-chuzzlewit
John Westlock,Tom,6591,martin-chuzzlewit
John Westlock,Really John,6591,martin-chuzzlewit
John Westlock,Tom,6591,martin-chuzzlewit
John,Tom,6591,martin-chuzzlewit
John,Lewsome,6591,martin-chuzzlewit
John,John Westlock,6591,martin-chuzzlewit
John,Tom,6591,martin-chuzzlewit
John,Tom,6591,martin-chuzzlewit
John,Really John,6591,martin-chuzzlewit
John,Tom,6591,martin-chuzzlewit
Tom,Lewsome,6591,martin-chuzzlewit
Tom,John Westlock,6591,martin-chuzzlewit
Tom,John,6591,martin-chuzzlewit
Tom,Really John,6591,martin-chuzzlewit
Tom,Lewsome,6591,martin-chuzzlewit
Tom,John Westlock,6591,martin-chuzzlewit
Tom,John,6591,martin-chuzzlewit
Tom,Really John,6591,martin-chuzzlewit
Really John,Tom,6591,martin-chuzzlewit
Really John,Lewsome,6591,martin-chuzzlewit
Really John,John Westlock,6591,martin-chuzzlewit
Really John,John,6591,martin-chuzzlewit
Really John,Tom,6591,martin-chuzzlewit
Really John,Tom,6591,martin-chuzzlewit
Really John,Tom,6591,martin-chuzzlewit
Tom,Lewsome,6591,martin-chuzzlewit
Tom,John Westlock,6591,martin-chuzzlewit
Tom,John,6591,martin-chuzzlewit
Tom,Really John,6591,martin-chuzzlewit
Tom,Martin,6594,martin-chuzzlewit
Tom,Martin,6594,martin-chuzzlewit
Tom,Martin,6594,martin-chuzzlewit
Martin,Tom,6594,martin-chuzzlewit
Martin,Tom,6594,martin-chuzzlewit
Martin,Tom,6594,martin-chuzzlewit
Tom,Martin,6594,martin-chuzzlewit
Tom,Martin,6594,martin-chuzzlewit
Tom,Martin,6594,martin-chuzzlewit
Martin,Tom,6594,martin-chuzzlewit
Martin,Tom,6594,martin-chuzzlewit
Martin,Tom,6594,martin-chuzzlewit
Tom,Martin,6594,martin-chuzzlewit
Tom,Martin,6594,martin-chuzzlewit
Tom,Martin,6594,martin-chuzzlewit
Martin,Tom,6594,martin-chuzzlewit
Martin,Tom,6594,martin-chuzzlewit
Martin,Tom,6594,martin-chuzzlewit
Tom,Martin,6595,martin-chuzzlewit
Tom,Martin,6595,martin-chuzzlewit
Martin,Tom,6595,martin-chuzzlewit
Martin,Tom,6595,martin-chuzzlewit
Martin,Tom,6597,martin-chuzzlewit
Tom,Martin,6597,martin-chuzzlewit
Tom,Martin,6598,martin-chuzzlewit
Martin,Tom,6598,martin-chuzzlewit
Martin,Tom,6599,martin-chuzzlewit
Tom,Martin,6599,martin-chuzzlewit
Martin,Tom,6602,martin-chuzzlewit
Tom,Martin,6602,martin-chuzzlewit
Tom,Martin,6606,martin-chuzzlewit
Martin,Tom,6606,martin-chuzzlewit
Tom,Martin,6623,martin-chuzzlewit
Martin,Tom,6623,martin-chuzzlewit
Martin,Tom,6623,martin-chuzzlewit
Tom,Martin,6623,martin-chuzzlewit
Tom,Martin,6624,martin-chuzzlewit
Tom,Martin,6624,martin-chuzzlewit
Martin,Tom,6624,martin-chuzzlewit
Martin,Tom,6624,martin-chuzzlewit
Martin,Tom,6625,martin-chuzzlewit
Martin,Bygones,6625,martin-chuzzlewit
Martin,Tom,6625,martin-chuzzlewit
Tom,Martin,6625,martin-chuzzlewit
Tom,Bygones,6625,martin-chuzzlewit
Bygones,Martin,6625,martin-chuzzlewit
Bygones,Tom,6625,martin-chuzzlewit
Bygones,Tom,6625,martin-chuzzlewit
Tom,Martin,6625,martin-chuzzlewit
Tom,Bygones,6625,martin-chuzzlewit
Tom,Martin,6627,martin-chuzzlewit
Martin,Tom,6627,martin-chuzzlewit
Ruth,Tom,6640,martin-chuzzlewit
Ruth,Tom,6640,martin-chuzzlewit
Tom,Ruth,6640,martin-chuzzlewit
Tom,Ruth,6640,martin-chuzzlewit
Tom,Me,6649,martin-chuzzlewit
Tom,Me,6649,martin-chuzzlewit
Me,Tom,6649,martin-chuzzlewit
Me,Tom,6649,martin-chuzzlewit
Tom,John,6655,martin-chuzzlewit
John,Tom,6655,martin-chuzzlewit
John,Tom,6655,martin-chuzzlewit
Tom,John,6655,martin-chuzzlewit
Martin,Tom,6657,martin-chuzzlewit
Martin,Tom,6657,martin-chuzzlewit
Tom,Martin,6657,martin-chuzzlewit
Tom,Martin,6657,martin-chuzzlewit
Pecksniff,Tom,6668,martin-chuzzlewit
Tom,Pecksniff,6668,martin-chuzzlewit
Tom,Martin,6669,martin-chuzzlewit
Tom,John,6669,martin-chuzzlewit
Tom,John,6669,martin-chuzzlewit
Tom,Martin,6669,martin-chuzzlewit
Martin,Tom,6669,martin-chuzzlewit
Martin,John,6669,martin-chuzzlewit
Martin,John,6669,martin-chuzzlewit
John,Tom,6669,martin-chuzzlewit
John,Martin,6669,martin-chuzzlewit
John,Martin,6669,martin-chuzzlewit
John,Tom,6669,martin-chuzzlewit
John,Martin,6669,martin-chuzzlewit
John,Martin,6669,martin-chuzzlewit
Martin,Tom,6669,martin-chuzzlewit
Martin,John,6669,martin-chuzzlewit
Martin,John,6669,martin-chuzzlewit
Old,Martin Chuzzlewit,6678,martin-chuzzlewit
Old,Pecksniff,6678,martin-chuzzlewit
Martin Chuzzlewit,Old,6678,martin-chuzzlewit
Martin Chuzzlewit,Pecksniff,6678,martin-chuzzlewit
Pecksniff,Old,6678,martin-chuzzlewit
Pecksniff,Martin Chuzzlewit,6678,martin-chuzzlewit
Bullamy,Pecksniff,6696,martin-chuzzlewit
Pecksniff,Bullamy,6696,martin-chuzzlewit
Chuffey,Jonas,6699,martin-chuzzlewit
Jonas,Chuffey,6699,martin-chuzzlewit
Chuffey,Poor,6714,martin-chuzzlewit
Poor,Chuffey,6714,martin-chuzzlewit
Jonas,Bedlam,6715,martin-chuzzlewit
Bedlam,Jonas,6715,martin-chuzzlewit
Chuffey,Sairey,6732,martin-chuzzlewit
Sairey,Chuffey,6732,martin-chuzzlewit
Mrs Gamp,Sairey,6734,martin-chuzzlewit
Sairey,Mrs Gamp,6734,martin-chuzzlewit
Chuffey,Mrs Gamp,6740,martin-chuzzlewit
Mrs Gamp,Chuffey,6740,martin-chuzzlewit
Betsey Prig,Mrs Gamp,6744,martin-chuzzlewit
Mrs Gamp,Betsey Prig,6744,martin-chuzzlewit
Mrs Gamp,Jonas,6751,martin-chuzzlewit
Jonas,Mrs Gamp,6751,martin-chuzzlewit
Martin,Chuffey,6762,martin-chuzzlewit
Martin,John Westlock,6762,martin-chuzzlewit
Chuffey,Martin,6762,martin-chuzzlewit
Chuffey,John Westlock,6762,martin-chuzzlewit
John Westlock,Martin,6762,martin-chuzzlewit
John Westlock,Chuffey,6762,martin-chuzzlewit
Lewsome,Chuffey,6769,martin-chuzzlewit
Lewsome,John Westlock,6769,martin-chuzzlewit
Lewsome,Mark Tapley,6769,martin-chuzzlewit
Chuffey,Lewsome,6769,martin-chuzzlewit
Chuffey,John Westlock,6769,martin-chuzzlewit
Chuffey,Mark Tapley,6769,martin-chuzzlewit
Chuffey,Lewsome,6769,martin-chuzzlewit
John Westlock,Lewsome,6769,martin-chuzzlewit
John Westlock,Chuffey,6769,martin-chuzzlewit
John Westlock,Mark Tapley,6769,martin-chuzzlewit
John Westlock,Lewsome,6769,martin-chuzzlewit
Mark Tapley,Lewsome,6769,martin-chuzzlewit
Mark Tapley,Chuffey,6769,martin-chuzzlewit
Mark Tapley,John Westlock,6769,martin-chuzzlewit
Mark Tapley,Lewsome,6769,martin-chuzzlewit
Lewsome,Chuffey,6769,martin-chuzzlewit
Lewsome,John Westlock,6769,martin-chuzzlewit
Lewsome,Mark Tapley,6769,martin-chuzzlewit
Mark,Jonas,6771,martin-chuzzlewit
Jonas,Mark,6771,martin-chuzzlewit
Old,Martin,6772,martin-chuzzlewit
Martin,Old,6772,martin-chuzzlewit
Chuffey,Martin,6778,martin-chuzzlewit
Martin,Chuffey,6778,martin-chuzzlewit
Chuffey,Stay,6794,martin-chuzzlewit
Stay,Chuffey,6794,martin-chuzzlewit
Old,Martin,6797,martin-chuzzlewit
Old,Chuffey,6797,martin-chuzzlewit
Martin,Old,6797,martin-chuzzlewit
Martin,Chuffey,6797,martin-chuzzlewit
Chuffey,Old,6797,martin-chuzzlewit
Chuffey,Martin,6797,martin-chuzzlewit
Chuffey,Jonas,6798,martin-chuzzlewit
Jonas,Chuffey,6798,martin-chuzzlewit
Chuffey,Chuff,6800,martin-chuzzlewit
Chuffey,Chuff,6800,martin-chuzzlewit
Chuff,Chuffey,6800,martin-chuzzlewit
Chuff,Chuffey,6800,martin-chuzzlewit
Jonas,Hope,6801,martin-chuzzlewit
Hope,Jonas,6801,martin-chuzzlewit
Poor,Chuffey,6803,martin-chuzzlewit
Poor,Old Martin,6803,martin-chuzzlewit
Poor,Jonas,6803,martin-chuzzlewit
Chuffey,Poor,6803,martin-chuzzlewit
Chuffey,Old Martin,6803,martin-chuzzlewit
Chuffey,Jonas,6803,martin-chuzzlewit
Old Martin,Poor,6803,martin-chuzzlewit
Old Martin,Chuffey,6803,martin-chuzzlewit
Old Martin,Jonas,6803,martin-chuzzlewit
Jonas,Poor,6803,martin-chuzzlewit
Jonas,Chuffey,6803,martin-chuzzlewit
Jonas,Old Martin,6803,martin-chuzzlewit
Chuzzlewit,Chuffey,6806,martin-chuzzlewit
Chuzzlewit,Chuff,6806,martin-chuzzlewit
Chuzzlewit,Chuff,6806,martin-chuzzlewit
Chuffey,Chuzzlewit,6806,martin-chuzzlewit
Chuffey,Chuff,6806,martin-chuzzlewit
Chuffey,Chuff,6806,martin-chuzzlewit
Chuff,Chuzzlewit,6806,martin-chuzzlewit
Chuff,Chuffey,6806,martin-chuzzlewit
Chuff,Chuzzlewit,6806,martin-chuzzlewit
Chuff,Chuffey,6806,martin-chuzzlewit
Chuffey,Anthony,6807,martin-chuzzlewit
Anthony,Chuffey,6807,martin-chuzzlewit
Old,Martin,6809,martin-chuzzlewit
Martin,Old,6809,martin-chuzzlewit
Martin,Chuffey,6812,martin-chuzzlewit
Chuffey,Martin,6812,martin-chuzzlewit
Martin,Mrs Gamp,6816,martin-chuzzlewit
Mrs Gamp,Martin,6816,martin-chuzzlewit
Old,Martin,6828,martin-chuzzlewit
Martin,Old,6828,martin-chuzzlewit
Slyme,Tigg,6845,martin-chuzzlewit
Tigg,Slyme,6845,martin-chuzzlewit
Montague,Nadgett,6851,martin-chuzzlewit
Nadgett,Montague,6851,martin-chuzzlewit
Chuffey,Lewsome,6853,martin-chuzzlewit
Lewsome,Chuffey,6853,martin-chuzzlewit
Nadgett,Montague,6856,martin-chuzzlewit
Montague,Nadgett,6856,martin-chuzzlewit
Old Martin,Chuffey,6866,martin-chuzzlewit
Old Martin,Nadgett,6866,martin-chuzzlewit
Old Martin,John Westlock,6866,martin-chuzzlewit
Old Martin,Mark Tapley,6866,martin-chuzzlewit
Old Martin,Mould,6866,martin-chuzzlewit
Chuffey,Old Martin,6866,martin-chuzzlewit
Chuffey,Nadgett,6866,martin-chuzzlewit
Chuffey,John Westlock,6866,martin-chuzzlewit
Chuffey,Mark Tapley,6866,martin-chuzzlewit
Chuffey,Mould,6866,martin-chuzzlewit
Nadgett,Old Martin,6866,martin-chuzzlewit
Nadgett,Chuffey,6866,martin-chuzzlewit
Nadgett,John Westlock,6866,martin-chuzzlewit
Nadgett,Mark Tapley,6866,martin-chuzzlewit
Nadgett,Mould,6866,martin-chuzzlewit
John Westlock,Old Martin,6866,martin-chuzzlewit
John Westlock,Chuffey,6866,martin-chuzzlewit
John Westlock,Nadgett,6866,martin-chuzzlewit
John Westlock,Mark Tapley,6866,martin-chuzzlewit
John Westlock,Mould,6866,martin-chuzzlewit
Mark Tapley,Old Martin,6866,martin-chuzzlewit
Mark Tapley,Chuffey,6866,martin-chuzzlewit
Mark Tapley,Nadgett,6866,martin-chuzzlewit
Mark Tapley,John Westlock,6866,martin-chuzzlewit
Mark Tapley,Mould,6866,martin-chuzzlewit
Mould,Old Martin,6866,martin-chuzzlewit
Mould,Chuffey,6866,martin-chuzzlewit
Mould,Nadgett,6866,martin-chuzzlewit
Mould,John Westlock,6866,martin-chuzzlewit
Mould,Mark Tapley,6866,martin-chuzzlewit
Slyme,Less,6889,martin-chuzzlewit
Less,Slyme,6889,martin-chuzzlewit
Old,Martin,6922,martin-chuzzlewit
Old,Tom Pinch,6922,martin-chuzzlewit
Old,John Westlock,6922,martin-chuzzlewit
Old,Chuffey,6922,martin-chuzzlewit
Old,Nadgett,6922,martin-chuzzlewit
Old,Self,6922,martin-chuzzlewit
Old,Pecksniff,6922,martin-chuzzlewit
Old,Pecksniff,6922,martin-chuzzlewit
Old,Pecksniff,6922,martin-chuzzlewit
Martin,Old,6922,martin-chuzzlewit
Martin,Tom Pinch,6922,martin-chuzzlewit
Martin,John Westlock,6922,martin-chuzzlewit
Martin,Chuffey,6922,martin-chuzzlewit
Martin,Nadgett,6922,martin-chuzzlewit
Martin,Self,6922,martin-chuzzlewit
Martin,Pecksniff,6922,martin-chuzzlewit
Martin,Pecksniff,6922,martin-chuzzlewit
Martin,Pecksniff,6922,martin-chuzzlewit
Tom Pinch,Old,6922,martin-chuzzlewit
Tom Pinch,Martin,6922,martin-chuzzlewit
Tom Pinch,John Westlock,6922,martin-chuzzlewit
Tom Pinch,Chuffey,6922,martin-chuzzlewit
Tom Pinch,Nadgett,6922,martin-chuzzlewit
Tom Pinch,Self,6922,martin-chuzzlewit
Tom Pinch,Pecksniff,6922,martin-chuzzlewit
Tom Pinch,Pecksniff,6922,martin-chuzzlewit
Tom Pinch,Pecksniff,6922,martin-chuzzlewit
John Westlock,Old,6922,martin-chuzzlewit
John Westlock,Martin,6922,martin-chuzzlewit
John Westlock,Tom Pinch,6922,martin-chuzzlewit
John Westlock,Chuffey,6922,martin-chuzzlewit
John Westlock,Nadgett,6922,martin-chuzzlewit
John Westlock,Self,6922,martin-chuzzlewit
John Westlock,Pecksniff,6922,martin-chuzzlewit
John Westlock,Pecksniff,6922,martin-chuzzlewit
John Westlock,Pecksniff,6922,martin-chuzzlewit
Chuffey,Old,6922,martin-chuzzlewit
Chuffey,Martin,6922,martin-chuzzlewit
Chuffey,Tom Pinch,6922,martin-chuzzlewit
Chuffey,John Westlock,6922,martin-chuzzlewit
Chuffey,Nadgett,6922,martin-chuzzlewit
Chuffey,Self,6922,martin-chuzzlewit
Chuffey,Pecksniff,6922,martin-chuzzlewit
Chuffey,Pecksniff,6922,martin-chuzzlewit
Chuffey,Pecksniff,6922,martin-chuzzlewit
Nadgett,Old,6922,martin-chuzzlewit
Nadgett,Martin,6922,martin-chuzzlewit
Nadgett,Tom Pinch,6922,martin-chuzzlewit
Nadgett,John Westlock,6922,martin-chuzzlewit
Nadgett,Chuffey,6922,martin-chuzzlewit
Nadgett,Self,6922,martin-chuzzlewit
Nadgett,Pecksniff,6922,martin-chuzzlewit
Nadgett,Pecksniff,6922,martin-chuzzlewit
Nadgett,Pecksniff,6922,martin-chuzzlewit
Self,Old,6922,martin-chuzzlewit
Self,Martin,6922,martin-chuzzlewit
Self,Tom Pinch,6922,martin-chuzzlewit
Self,John Westlock,6922,martin-chuzzlewit
Self,Chuffey,6922,martin-chuzzlewit
Self,Nadgett,6922,martin-chuzzlewit
Self,Pecksniff,6922,martin-chuzzlewit
Self,Pecksniff,6922,martin-chuzzlewit
Self,Pecksniff,6922,martin-chuzzlewit
Pecksniff,Old,6922,martin-chuzzlewit
Pecksniff,Martin,6922,martin-chuzzlewit
Pecksniff,Tom Pinch,6922,martin-chuzzlewit
Pecksniff,John Westlock,6922,martin-chuzzlewit
Pecksniff,Chuffey,6922,martin-chuzzlewit
Pecksniff,Nadgett,6922,martin-chuzzlewit
Pecksniff,Self,6922,martin-chuzzlewit
Pecksniff,Old,6922,martin-chuzzlewit
Pecksniff,Martin,6922,martin-chuzzlewit
Pecksniff,Tom Pinch,6922,martin-chuzzlewit
Pecksniff,John Westlock,6922,martin-chuzzlewit
Pecksniff,Chuffey,6922,martin-chuzzlewit
Pecksniff,Nadgett,6922,martin-chuzzlewit
Pecksniff,Self,6922,martin-chuzzlewit
Pecksniff,Old,6922,martin-chuzzlewit
Pecksniff,Martin,6922,martin-chuzzlewit
Pecksniff,Tom Pinch,6922,martin-chuzzlewit
Pecksniff,John Westlock,6922,martin-chuzzlewit
Pecksniff,Chuffey,6922,martin-chuzzlewit
Pecksniff,Nadgett,6922,martin-chuzzlewit
Pecksniff,Self,6922,martin-chuzzlewit
Heaven,John Westlock,6923,martin-chuzzlewit
Heaven,Mark Tapley,6923,martin-chuzzlewit
John Westlock,Heaven,6923,martin-chuzzlewit
John Westlock,Mark Tapley,6923,martin-chuzzlewit
Mark Tapley,Heaven,6923,martin-chuzzlewit
Mark Tapley,John Westlock,6923,martin-chuzzlewit
John Westlock,John,6924,martin-chuzzlewit
John Westlock,Tom Pinch,6924,martin-chuzzlewit
John Westlock,John,6924,martin-chuzzlewit
John Westlock,Tapley,6924,martin-chuzzlewit
John Westlock,Chuzzlewit,6924,martin-chuzzlewit
John,John Westlock,6924,martin-chuzzlewit
John,Tom Pinch,6924,martin-chuzzlewit
John,Tapley,6924,martin-chuzzlewit
John,Chuzzlewit,6924,martin-chuzzlewit
Tom Pinch,John Westlock,6924,martin-chuzzlewit
Tom Pinch,John,6924,martin-chuzzlewit
Tom Pinch,John,6924,martin-chuzzlewit
Tom Pinch,Tapley,6924,martin-chuzzlewit
Tom Pinch,Chuzzlewit,6924,martin-chuzzlewit
John,John Westlock,6924,martin-chuzzlewit
John,Tom Pinch,6924,martin-chuzzlewit
John,Tapley,6924,martin-chuzzlewit
John,Chuzzlewit,6924,martin-chuzzlewit
Tapley,John Westlock,6924,martin-chuzzlewit
Tapley,John,6924,martin-chuzzlewit
Tapley,Tom Pinch,6924,martin-chuzzlewit
Tapley,John,6924,martin-chuzzlewit
Tapley,Chuzzlewit,6924,martin-chuzzlewit
Chuzzlewit,John Westlock,6924,martin-chuzzlewit
Chuzzlewit,John,6924,martin-chuzzlewit
Chuzzlewit,Tom Pinch,6924,martin-chuzzlewit
Chuzzlewit,John,6924,martin-chuzzlewit
Chuzzlewit,Tapley,6924,martin-chuzzlewit
Martin,John Westlock,6925,martin-chuzzlewit
John Westlock,Martin,6925,martin-chuzzlewit
Martin,Mark,6965,martin-chuzzlewit
Mark,Martin,6965,martin-chuzzlewit
Chuzzlewit,Tapley,6966,martin-chuzzlewit
Chuzzlewit,Mark,6966,martin-chuzzlewit
Chuzzlewit,Nay,6966,martin-chuzzlewit
Chuzzlewit,Martin,6966,martin-chuzzlewit
Chuzzlewit,Tapley,6966,martin-chuzzlewit
Chuzzlewit,Martin Chuzzlewit,6966,martin-chuzzlewit
Tapley,Chuzzlewit,6966,martin-chuzzlewit
Tapley,Mark,6966,martin-chuzzlewit
Tapley,Nay,6966,martin-chuzzlewit
Tapley,Martin,6966,martin-chuzzlewit
Tapley,Martin Chuzzlewit,6966,martin-chuzzlewit
Mark,Chuzzlewit,6966,martin-chuzzlewit
Mark,Tapley,6966,martin-chuzzlewit
Mark,Nay,6966,martin-chuzzlewit
Mark,Martin,6966,martin-chuzzlewit
Mark,Tapley,6966,martin-chuzzlewit
Mark,Martin Chuzzlewit,6966,martin-chuzzlewit
Nay,Chuzzlewit,6966,martin-chuzzlewit
Nay,Tapley,6966,martin-chuzzlewit
Nay,Mark,6966,martin-chuzzlewit
Nay,Martin,6966,martin-chuzzlewit
Nay,Tapley,6966,martin-chuzzlewit
Nay,Martin Chuzzlewit,6966,martin-chuzzlewit
Martin,Chuzzlewit,6966,martin-chuzzlewit
Martin,Tapley,6966,martin-chuzzlewit
Martin,Mark,6966,martin-chuzzlewit
Martin,Nay,6966,martin-chuzzlewit
Martin,Tapley,6966,martin-chuzzlewit
Martin,Martin Chuzzlewit,6966,martin-chuzzlewit
Tapley,Chuzzlewit,6966,martin-chuzzlewit
Tapley,Mark,6966,martin-chuzzlewit
Tapley,Nay,6966,martin-chuzzlewit
Tapley,Martin,6966,martin-chuzzlewit
Tapley,Martin Chuzzlewit,6966,martin-chuzzlewit
Martin Chuzzlewit,Chuzzlewit,6966,martin-chuzzlewit
Martin Chuzzlewit,Tapley,6966,martin-chuzzlewit
Martin Chuzzlewit,Mark,6966,martin-chuzzlewit
Martin Chuzzlewit,Nay,6966,martin-chuzzlewit
Martin Chuzzlewit,Martin,6966,martin-chuzzlewit
Martin Chuzzlewit,Tapley,6966,martin-chuzzlewit
Mark,Martin,6969,martin-chuzzlewit
Martin,Mark,6969,martin-chuzzlewit
Mark,Tom Pinch,6971,martin-chuzzlewit
Mark,Tapley,6971,martin-chuzzlewit
Tom Pinch,Mark,6971,martin-chuzzlewit
Tom Pinch,Tapley,6971,martin-chuzzlewit
Tapley,Mark,6971,martin-chuzzlewit
Tapley,Tom Pinch,6971,martin-chuzzlewit
Chuzzlewit,Martin,6972,martin-chuzzlewit
Chuzzlewit,Tapley,6972,martin-chuzzlewit
Martin,Chuzzlewit,6972,martin-chuzzlewit
Martin,Tapley,6972,martin-chuzzlewit
Tapley,Chuzzlewit,6972,martin-chuzzlewit
Tapley,Martin,6972,martin-chuzzlewit
Miss Graham,Mrs Lupin,6973,martin-chuzzlewit
Mrs Lupin,Miss Graham,6973,martin-chuzzlewit
Tom Pinch,Mrs Lupin,6974,martin-chuzzlewit
Tom Pinch,Tapley,6974,martin-chuzzlewit
Mrs Lupin,Tom Pinch,6974,martin-chuzzlewit
Mrs Lupin,Tapley,6974,martin-chuzzlewit
Tapley,Tom Pinch,6974,martin-chuzzlewit
Tapley,Mrs Lupin,6974,martin-chuzzlewit
Old,Martin,6980,martin-chuzzlewit
Old,Pecksniff,6980,martin-chuzzlewit
Martin,Old,6980,martin-chuzzlewit
Martin,Pecksniff,6980,martin-chuzzlewit
Pecksniff,Old,6980,martin-chuzzlewit
Pecksniff,Martin,6980,martin-chuzzlewit
Mark Tapley,John Westlock,6988,martin-chuzzlewit
John Westlock,Mark Tapley,6988,martin-chuzzlewit
Mark,Mary,6996,martin-chuzzlewit
Mary,Mark,6996,martin-chuzzlewit
Listen,Martin,7004,martin-chuzzlewit
Martin,Listen,7004,martin-chuzzlewit
Mary,Martin,7024,martin-chuzzlewit
Mary,Martin,7024,martin-chuzzlewit
Mary,Martin,7024,martin-chuzzlewit
Mary,Her,7024,martin-chuzzlewit
Mary,Martin,7024,martin-chuzzlewit
Martin,Mary,7024,martin-chuzzlewit
Martin,Her,7024,martin-chuzzlewit
Martin,Mary,7024,martin-chuzzlewit
Martin,Mary,7024,martin-chuzzlewit
Martin,Her,7024,martin-chuzzlewit
Martin,Mary,7024,martin-chuzzlewit
Martin,Mary,7024,martin-chuzzlewit
Martin,Her,7024,martin-chuzzlewit
Martin,Mary,7024,martin-chuzzlewit
Her,Mary,7024,martin-chuzzlewit
Her,Martin,7024,martin-chuzzlewit
Her,Martin,7024,martin-chuzzlewit
Her,Martin,7024,martin-chuzzlewit
Her,Martin,7024,martin-chuzzlewit
Her,Mary,7024,martin-chuzzlewit
Martin,Mary,7024,martin-chuzzlewit
Martin,Her,7024,martin-chuzzlewit
Martin,Mary,7024,martin-chuzzlewit
Mary,Martin,7024,martin-chuzzlewit
Mary,Martin,7024,martin-chuzzlewit
Mary,Martin,7024,martin-chuzzlewit
Mary,Her,7024,martin-chuzzlewit
Mary,Martin,7024,martin-chuzzlewit
Martin,God,7025,martin-chuzzlewit
Martin,Tom,7025,martin-chuzzlewit
Martin,Mary,7025,martin-chuzzlewit
Martin,John,7025,martin-chuzzlewit
Martin,Mark,7025,martin-chuzzlewit
Martin,Mrs Lupin,7025,martin-chuzzlewit
God,Martin,7025,martin-chuzzlewit
God,Tom,7025,martin-chuzzlewit
God,Martin,7025,martin-chuzzlewit
God,Mary,7025,martin-chuzzlewit
God,John,7025,martin-chuzzlewit
God,Mark,7025,martin-chuzzlewit
God,Mrs Lupin,7025,martin-chuzzlewit
Tom,Martin,7025,martin-chuzzlewit
Tom,God,7025,martin-chuzzlewit
Tom,Martin,7025,martin-chuzzlewit
Tom,Mary,7025,martin-chuzzlewit
Tom,John,7025,martin-chuzzlewit
Tom,Mark,7025,martin-chuzzlewit
Tom,Mrs Lupin,7025,martin-chuzzlewit
Martin,God,7025,martin-chuzzlewit
Martin,Tom,7025,martin-chuzzlewit
Martin,Mary,7025,martin-chuzzlewit
Martin,John,7025,martin-chuzzlewit
Martin,Mark,7025,martin-chuzzlewit
Martin,Mrs Lupin,7025,martin-chuzzlewit
Mary,Martin,7025,martin-chuzzlewit
Mary,God,7025,martin-chuzzlewit
Mary,Tom,7025,martin-chuzzlewit
Mary,Martin,7025,martin-chuzzlewit
Mary,John,7025,martin-chuzzlewit
Mary,Mark,7025,martin-chuzzlewit
Mary,Mrs Lupin,7025,martin-chuzzlewit
John,Martin,7025,martin-chuzzlewit
John,God,7025,martin-chuzzlewit
John,Tom,7025,martin-chuzzlewit
John,Martin,7025,martin-chuzzlewit
John,Mary,7025,martin-chuzzlewit
John,Mark,7025,martin-chuzzlewit
John,Mrs Lupin,7025,martin-chuzzlewit
Mark,Martin,7025,martin-chuzzlewit
Mark,God,7025,martin-chuzzlewit
Mark,Tom,7025,martin-chuzzlewit
Mark,Martin,7025,martin-chuzzlewit
Mark,Mary,7025,martin-chuzzlewit
Mark,John,7025,martin-chuzzlewit
Mark,Mrs Lupin,7025,martin-chuzzlewit
Mrs Lupin,Martin,7025,martin-chuzzlewit
Mrs Lupin,God,7025,martin-chuzzlewit
Mrs Lupin,Tom,7025,martin-chuzzlewit
Mrs Lupin,Martin,7025,martin-chuzzlewit
Mrs Lupin,Mary,7025,martin-chuzzlewit
Mrs Lupin,John,7025,martin-chuzzlewit
Mrs Lupin,Mark,7025,martin-chuzzlewit
Pecksniff,Tom,7026,martin-chuzzlewit
Pecksniff,Tom,7026,martin-chuzzlewit
Pecksniff,Martin,7026,martin-chuzzlewit
Tom,Pecksniff,7026,martin-chuzzlewit
Tom,Martin,7026,martin-chuzzlewit
Tom,Pecksniff,7026,martin-chuzzlewit
Tom,Martin,7026,martin-chuzzlewit
Martin,Pecksniff,7026,martin-chuzzlewit
Martin,Tom,7026,martin-chuzzlewit
Martin,Tom,7026,martin-chuzzlewit
Mrs Lupin,Ghoul,7027,martin-chuzzlewit
Mrs Lupin,Pecksniff,7027,martin-chuzzlewit
Ghoul,Mrs Lupin,7027,martin-chuzzlewit
Ghoul,Pecksniff,7027,martin-chuzzlewit
Pecksniff,Mrs Lupin,7027,martin-chuzzlewit
Pecksniff,Ghoul,7027,martin-chuzzlewit
Tom,Dear Tom,7030,martin-chuzzlewit
Dear Tom,Tom,7030,martin-chuzzlewit
Martin,Joy,7031,martin-chuzzlewit
Joy,Martin,7031,martin-chuzzlewit
Mrs Harris,Permittin,7065,martin-chuzzlewit
Permittin,Mrs Harris,7065,martin-chuzzlewit
Martin,Mrs Gamp,7071,martin-chuzzlewit
Mrs Gamp,Martin,7071,martin-chuzzlewit
Sairey Gamp,Mrs Gamp,7072,martin-chuzzlewit
Sairey Gamp,Bailey,7072,martin-chuzzlewit
Mrs Gamp,Sairey Gamp,7072,martin-chuzzlewit
Mrs Gamp,Bailey,7072,martin-chuzzlewit
Bailey,Sairey Gamp,7072,martin-chuzzlewit
Bailey,Mrs Gamp,7072,martin-chuzzlewit
Martin,Mrs Tapley,7074,martin-chuzzlewit
Martin,Tom,7074,martin-chuzzlewit
Mrs Tapley,Martin,7074,martin-chuzzlewit
Mrs Tapley,Tom,7074,martin-chuzzlewit
Tom,Martin,7074,martin-chuzzlewit
Tom,Mrs Tapley,7074,martin-chuzzlewit
Tom,So,7075,martin-chuzzlewit
So,Tom,7075,martin-chuzzlewit
Tom,Chuzzlewit,7082,martin-chuzzlewit
Chuzzlewit,Tom,7082,martin-chuzzlewit
Tom,John Westlock,7088,martin-chuzzlewit
Tom,Fountain,7088,martin-chuzzlewit
John Westlock,Tom,7088,martin-chuzzlewit
John Westlock,Fountain,7088,martin-chuzzlewit
Fountain,Tom,7088,martin-chuzzlewit
Fountain,John Westlock,7088,martin-chuzzlewit
John,Garden Court,7093,martin-chuzzlewit
John,Garden Court,7093,martin-chuzzlewit
Garden Court,John,7093,martin-chuzzlewit
Garden Court,John,7093,martin-chuzzlewit
Tom,Fiery Face,7106,martin-chuzzlewit
Tom,Fiery Face,7106,martin-chuzzlewit
Fiery Face,Tom,7106,martin-chuzzlewit
Fiery Face,Tom,7106,martin-chuzzlewit
Fiery,Fiery Face,7112,martin-chuzzlewit
Fiery Face,Fiery,7112,martin-chuzzlewit
Leave Tom,Tom,7120,martin-chuzzlewit
Leave Tom,Tom,7120,martin-chuzzlewit
Tom,Leave Tom,7120,martin-chuzzlewit
Tom,Leave Tom,7120,martin-chuzzlewit
John,Tom,7123,martin-chuzzlewit
Tom,John,7123,martin-chuzzlewit
Ruth,John,7124,martin-chuzzlewit
John,Ruth,7124,martin-chuzzlewit
Tom,John,7126,martin-chuzzlewit
John,Tom,7126,martin-chuzzlewit
John,Tom,7126,martin-chuzzlewit
John,Tom,7126,martin-chuzzlewit
John,Tom,7126,martin-chuzzlewit
Tom,John,7126,martin-chuzzlewit
Tom,John,7126,martin-chuzzlewit
Tom,John,7126,martin-chuzzlewit
Ruth,Tom,7130,martin-chuzzlewit
Ruth,Chuzzlewit,7130,martin-chuzzlewit
Ruth,Chuzzlewit,7130,martin-chuzzlewit
Ruth,Tom,7130,martin-chuzzlewit
Tom,Ruth,7130,martin-chuzzlewit
Tom,Chuzzlewit,7130,martin-chuzzlewit
Tom,Chuzzlewit,7130,martin-chuzzlewit
Chuzzlewit,Ruth,7130,martin-chuzzlewit
Chuzzlewit,Tom,7130,martin-chuzzlewit
Chuzzlewit,Tom,7130,martin-chuzzlewit
Chuzzlewit,Ruth,7130,martin-chuzzlewit
Chuzzlewit,Tom,7130,martin-chuzzlewit
Chuzzlewit,Tom,7130,martin-chuzzlewit
Tom,Ruth,7130,martin-chuzzlewit
Tom,Chuzzlewit,7130,martin-chuzzlewit
Tom,Chuzzlewit,7130,martin-chuzzlewit
Ruth,Tom,7131,martin-chuzzlewit
Ruth,Tom,7131,martin-chuzzlewit
Tom,Ruth,7131,martin-chuzzlewit
Tom,Ruth,7131,martin-chuzzlewit
Tom,John Westlock,7132,martin-chuzzlewit
John Westlock,Tom,7132,martin-chuzzlewit
Tom,John Westlock,7135,martin-chuzzlewit
John Westlock,Tom,7135,martin-chuzzlewit
John,Heaven,7136,martin-chuzzlewit
John,Tom,7136,martin-chuzzlewit
John,Ruth,7136,martin-chuzzlewit
Heaven,John,7136,martin-chuzzlewit
Heaven,Tom,7136,martin-chuzzlewit
Heaven,Ruth,7136,martin-chuzzlewit
Tom,John,7136,martin-chuzzlewit
Tom,Heaven,7136,martin-chuzzlewit
Tom,Ruth,7136,martin-chuzzlewit
Ruth,John,7136,martin-chuzzlewit
Ruth,Heaven,7136,martin-chuzzlewit
Ruth,Tom,7136,martin-chuzzlewit
Tom,John,7137,martin-chuzzlewit
Tom,John,7137,martin-chuzzlewit
John,Tom,7137,martin-chuzzlewit
John,Tom,7137,martin-chuzzlewit
John,Tom,7138,martin-chuzzlewit
Tom,John,7138,martin-chuzzlewit
Mary,Tom,7142,martin-chuzzlewit
Mary,Ask Mr Westlock,7142,martin-chuzzlewit
Tom,Mary,7142,martin-chuzzlewit
Tom,Ask Mr Westlock,7142,martin-chuzzlewit
Ask Mr Westlock,Mary,7142,martin-chuzzlewit
Ask Mr Westlock,Tom,7142,martin-chuzzlewit
Tom,Heaven,7146,martin-chuzzlewit
Heaven,Tom,7146,martin-chuzzlewit
Martin,Mark,7148,martin-chuzzlewit
Mark,Martin,7148,martin-chuzzlewit
Tapley,Mrs Lupin,7149,martin-chuzzlewit
Tapley,Mrs Lupin,7149,martin-chuzzlewit
Mrs Lupin,Tapley,7149,martin-chuzzlewit
Mrs Lupin,Tapley,7149,martin-chuzzlewit
Young,Martin,7150,martin-chuzzlewit
Young,Tom Pinch,7150,martin-chuzzlewit
Young,Tom,7150,martin-chuzzlewit
Young,Tom,7150,martin-chuzzlewit
Young,Martin,7150,martin-chuzzlewit
Young,Mary,7150,martin-chuzzlewit
Young,Tom,7150,martin-chuzzlewit
Young,Tom,7150,martin-chuzzlewit
Young,Large,7150,martin-chuzzlewit
Young,Tom Pinch,7150,martin-chuzzlewit
Martin,Young,7150,martin-chuzzlewit
Martin,Tom Pinch,7150,martin-chuzzlewit
Martin,Tom,7150,martin-chuzzlewit
Martin,Tom,7150,martin-chuzzlewit
Martin,Mary,7150,martin-chuzzlewit
Martin,Tom,7150,martin-chuzzlewit
Martin,Tom,7150,martin-chuzzlewit
Martin,Large,7150,martin-chuzzlewit
Martin,Tom Pinch,7150,martin-chuzzlewit
Tom Pinch,Young,7150,martin-chuzzlewit
Tom Pinch,Martin,7150,martin-chuzzlewit
Tom Pinch,Tom,7150,martin-chuzzlewit
Tom Pinch,Tom,7150,martin-chuzzlewit
Tom Pinch,Martin,7150,martin-chuzzlewit
Tom Pinch,Mary,7150,martin-chuzzlewit
Tom Pinch,Tom,7150,martin-chuzzlewit
Tom Pinch,Tom,7150,martin-chuzzlewit
Tom Pinch,Large,7150,martin-chuzzlewit
Tom,Young,7150,martin-chuzzlewit
Tom,Martin,7150,martin-chuzzlewit
Tom,Tom Pinch,7150,martin-chuzzlewit
Tom,Martin,7150,martin-chuzzlewit
Tom,Mary,7150,martin-chuzzlewit
Tom,Large,7150,martin-chuzzlewit
Tom,Tom Pinch,7150,martin-chuzzlewit
Tom,Young,7150,martin-chuzzlewit
Tom,Martin,7150,martin-chuzzlewit
Tom,Tom Pinch,7150,martin-chuzzlewit
Tom,Martin,7150,martin-chuzzlewit
Tom,Mary,7150,martin-chuzzlewit
Tom,Large,7150,martin-chuzzlewit
Tom,Tom Pinch,7150,martin-chuzzlewit
Martin,Young,7150,martin-chuzzlewit
Martin,Tom Pinch,7150,martin-chuzzlewit
Martin,Tom,7150,martin-chuzzlewit
Martin,Tom,7150,martin-chuzzlewit
Martin,Mary,7150,martin-chuzzlewit
Martin,Tom,7150,martin-chuzzlewit
Martin,Tom,7150,martin-chuzzlewit
Martin,Large,7150,martin-chuzzlewit
Martin,Tom Pinch,7150,martin-chuzzlewit
Mary,Young,7150,martin-chuzzlewit
Mary,Martin,7150,martin-chuzzlewit
Mary,Tom Pinch,7150,martin-chuzzlewit
Mary,Tom,7150,martin-chuzzlewit
Mary,Tom,7150,martin-chuzzlewit
Mary,Martin,7150,martin-chuzzlewit
Mary,Tom,7150,martin-chuzzlewit
Mary,Tom,7150,martin-chuzzlewit
Mary,Large,7150,martin-chuzzlewit
Mary,Tom Pinch,7150,martin-chuzzlewit
Tom,Young,7150,martin-chuzzlewit
Tom,Martin,7150,martin-chuzzlewit
Tom,Tom Pinch,7150,martin-chuzzlewit
Tom,Martin,7150,martin-chuzzlewit
Tom,Mary,7150,martin-chuzzlewit
Tom,Large,7150,martin-chuzzlewit
Tom,Tom Pinch,7150,martin-chuzzlewit
Tom,Young,7150,martin-chuzzlewit
Tom,Martin,7150,martin-chuzzlewit
Tom,Tom Pinch,7150,martin-chuzzlewit
Tom,Martin,7150,martin-chuzzlewit
Tom,Mary,7150,martin-chuzzlewit
Tom,Large,7150,martin-chuzzlewit
Tom,Tom Pinch,7150,martin-chuzzlewit
Large,Young,7150,martin-chuzzlewit
Large,Martin,7150,martin-chuzzlewit
Large,Tom Pinch,7150,martin-chuzzlewit
Large,Tom,7150,martin-chuzzlewit
Large,Tom,7150,martin-chuzzlewit
Large,Martin,7150,martin-chuzzlewit
Large,Mary,7150,martin-chuzzlewit
Large,Tom,7150,martin-chuzzlewit
Large,Tom,7150,martin-chuzzlewit
Large,Tom Pinch,7150,martin-chuzzlewit
Tom Pinch,Young,7150,martin-chuzzlewit
Tom Pinch,Martin,7150,martin-chuzzlewit
Tom Pinch,Tom,7150,martin-chuzzlewit
Tom Pinch,Tom,7150,martin-chuzzlewit
Tom Pinch,Martin,7150,martin-chuzzlewit
Tom Pinch,Mary,7150,martin-chuzzlewit
Tom Pinch,Tom,7150,martin-chuzzlewit
Tom Pinch,Tom,7150,martin-chuzzlewit
Tom Pinch,Large,7150,martin-chuzzlewit
Fips,Austin Friars,7151,martin-chuzzlewit
Fips,Tom,7151,martin-chuzzlewit
Fips,Trump,7151,martin-chuzzlewit
Austin Friars,Fips,7151,martin-chuzzlewit
Austin Friars,Fips,7151,martin-chuzzlewit
Austin Friars,Tom,7151,martin-chuzzlewit
Austin Friars,Trump,7151,martin-chuzzlewit
Austin Friars,Fips,7151,martin-chuzzlewit
Fips,Austin Friars,7151,martin-chuzzlewit
Fips,Tom,7151,martin-chuzzlewit
Fips,Trump,7151,martin-chuzzlewit
Tom,Fips,7151,martin-chuzzlewit
Tom,Austin Friars,7151,martin-chuzzlewit
Tom,Fips,7151,martin-chuzzlewit
Tom,Trump,7151,martin-chuzzlewit
Tom,Fips,7151,martin-chuzzlewit
Trump,Fips,7151,martin-chuzzlewit
Trump,Austin Friars,7151,martin-chuzzlewit
Trump,Fips,7151,martin-chuzzlewit
Trump,Tom,7151,martin-chuzzlewit
Trump,Fips,7151,martin-chuzzlewit
Fips,Austin Friars,7151,martin-chuzzlewit
Fips,Tom,7151,martin-chuzzlewit
Fips,Trump,7151,martin-chuzzlewit
Furnival,Tom,7152,martin-chuzzlewit
Tom,Furnival,7152,martin-chuzzlewit
Tom,John,7153,martin-chuzzlewit
John,Tom,7153,martin-chuzzlewit
John,Tom,7153,martin-chuzzlewit
Tom,John,7153,martin-chuzzlewit
Tom,Brother,7160,martin-chuzzlewit
Brother,Tom,7160,martin-chuzzlewit
Tom,John,7161,martin-chuzzlewit
Tom,John,7161,martin-chuzzlewit
John,Tom,7161,martin-chuzzlewit
John,Tom,7161,martin-chuzzlewit
John,Tom,7163,martin-chuzzlewit
Tom,John,7163,martin-chuzzlewit
Todger,Miss Pecksniff,7173,martin-chuzzlewit
Miss Pecksniff,Todger,7173,martin-chuzzlewit
Miss,Pecksniff,7174,martin-chuzzlewit
Pecksniff,Miss,7174,martin-chuzzlewit
Miss Pecksniff,Jonas,7175,martin-chuzzlewit
Jonas,Miss Pecksniff,7175,martin-chuzzlewit
Jonas,Miss Pecksniff,7175,martin-chuzzlewit
Miss Pecksniff,Jonas,7175,martin-chuzzlewit
Miss Pecksniff,Mrs Spottletoe,7178,martin-chuzzlewit
Miss Pecksniff,George Chuzzlewit,7178,martin-chuzzlewit
Miss Pecksniff,Pecksniff,7178,martin-chuzzlewit
Mrs Spottletoe,Miss Pecksniff,7178,martin-chuzzlewit
Mrs Spottletoe,George Chuzzlewit,7178,martin-chuzzlewit
Mrs Spottletoe,Pecksniff,7178,martin-chuzzlewit
Mrs Spottletoe,Miss Pecksniff,7178,martin-chuzzlewit
George Chuzzlewit,Miss Pecksniff,7178,martin-chuzzlewit
George Chuzzlewit,Mrs Spottletoe,7178,martin-chuzzlewit
George Chuzzlewit,Pecksniff,7178,martin-chuzzlewit
George Chuzzlewit,Miss Pecksniff,7178,martin-chuzzlewit
Pecksniff,Miss Pecksniff,7178,martin-chuzzlewit
Pecksniff,Mrs Spottletoe,7178,martin-chuzzlewit
Pecksniff,George Chuzzlewit,7178,martin-chuzzlewit
Pecksniff,Miss Pecksniff,7178,martin-chuzzlewit
Miss Pecksniff,Mrs Spottletoe,7178,martin-chuzzlewit
Miss Pecksniff,George Chuzzlewit,7178,martin-chuzzlewit
Miss Pecksniff,Pecksniff,7178,martin-chuzzlewit
Miss Pecksniff,Mark,7179,martin-chuzzlewit
Miss Pecksniff,Chuzzlewit,7179,martin-chuzzlewit
Miss Pecksniff,Todger,7179,martin-chuzzlewit
Mark,Miss Pecksniff,7179,martin-chuzzlewit
Mark,Chuzzlewit,7179,martin-chuzzlewit
Mark,Todger,7179,martin-chuzzlewit
Chuzzlewit,Miss Pecksniff,7179,martin-chuzzlewit
Chuzzlewit,Mark,7179,martin-chuzzlewit
Chuzzlewit,Todger,7179,martin-chuzzlewit
Todger,Miss Pecksniff,7179,martin-chuzzlewit
Todger,Mark,7179,martin-chuzzlewit
Todger,Chuzzlewit,7179,martin-chuzzlewit
Mrs Todgers,Pecksniff,7183,martin-chuzzlewit
Mrs Todgers,Miss Pecksniff,7183,martin-chuzzlewit
Pecksniff,Mrs Todgers,7183,martin-chuzzlewit
Pecksniff,Miss Pecksniff,7183,martin-chuzzlewit
Miss Pecksniff,Mrs Todgers,7183,martin-chuzzlewit
Miss Pecksniff,Pecksniff,7183,martin-chuzzlewit
Poor,Mrs Todgers,7185,martin-chuzzlewit
Mrs Todgers,Poor,7185,martin-chuzzlewit
Merry,Old Chuffey,7189,martin-chuzzlewit
Old Chuffey,Merry,7189,martin-chuzzlewit
Miss,Pecksniff,7202,martin-chuzzlewit
Pecksniff,Miss,7202,martin-chuzzlewit
Augustus,Miss Pecksniff,7206,martin-chuzzlewit
Miss Pecksniff,Augustus,7206,martin-chuzzlewit
Miss Pecksniff,Augustus,7210,martin-chuzzlewit
Miss Pecksniff,Mrs Todgers,7210,martin-chuzzlewit
Augustus,Miss Pecksniff,7210,martin-chuzzlewit
Augustus,Mrs Todgers,7210,martin-chuzzlewit
Mrs Todgers,Miss Pecksniff,7210,martin-chuzzlewit
Mrs Todgers,Augustus,7210,martin-chuzzlewit
Old,Martin,7212,martin-chuzzlewit
Old,Merry,7212,martin-chuzzlewit
Old,Mrs Todgers,7212,martin-chuzzlewit
Old,Samaritan,7212,martin-chuzzlewit
Martin,Old,7212,martin-chuzzlewit
Martin,Merry,7212,martin-chuzzlewit
Martin,Mrs Todgers,7212,martin-chuzzlewit
Martin,Samaritan,7212,martin-chuzzlewit
Merry,Old,7212,martin-chuzzlewit
Merry,Martin,7212,martin-chuzzlewit
Merry,Mrs Todgers,7212,martin-chuzzlewit
Merry,Samaritan,7212,martin-chuzzlewit
Mrs Todgers,Old,7212,martin-chuzzlewit
Mrs Todgers,Martin,7212,martin-chuzzlewit
Mrs Todgers,Merry,7212,martin-chuzzlewit
Mrs Todgers,Samaritan,7212,martin-chuzzlewit
Samaritan,Old,7212,martin-chuzzlewit
Samaritan,Martin,7212,martin-chuzzlewit
Samaritan,Merry,7212,martin-chuzzlewit
Samaritan,Mrs Todgers,7212,martin-chuzzlewit
Chuzzlewit,Tapley,7213,martin-chuzzlewit
Tapley,Chuzzlewit,7213,martin-chuzzlewit
Martin,Mark,7218,martin-chuzzlewit
Mark,Martin,7218,martin-chuzzlewit
Success,Hurrah,7226,martin-chuzzlewit
Hurrah,Success,7226,martin-chuzzlewit
Miss Pecksniff,Jinkins,7228,martin-chuzzlewit
Jinkins,Miss Pecksniff,7228,martin-chuzzlewit
Jinkins,Mrs Todgers,7229,martin-chuzzlewit
Jinkins,Mrs Spottletoe,7229,martin-chuzzlewit
Mrs Todgers,Jinkins,7229,martin-chuzzlewit
Mrs Todgers,Mrs Spottletoe,7229,martin-chuzzlewit
Mrs Spottletoe,Jinkins,7229,martin-chuzzlewit
Mrs Spottletoe,Mrs Todgers,7229,martin-chuzzlewit
Jinkins,Moddle,7231,martin-chuzzlewit
Moddle,Jinkins,7231,martin-chuzzlewit
Augustus,Miss Pecksniff,7247,martin-chuzzlewit
Augustus,Wait,7247,martin-chuzzlewit
Miss Pecksniff,Augustus,7247,martin-chuzzlewit
Miss Pecksniff,Wait,7247,martin-chuzzlewit
Miss Pecksniff,Augustus,7247,martin-chuzzlewit
Wait,Augustus,7247,martin-chuzzlewit
Wait,Miss Pecksniff,7247,martin-chuzzlewit
Wait,Augustus,7247,martin-chuzzlewit
Augustus,Miss Pecksniff,7247,martin-chuzzlewit
Augustus,Wait,7247,martin-chuzzlewit
Charity,Augustus,7249,martin-chuzzlewit
Augustus,Charity,7249,martin-chuzzlewit
Jinkins,George Chuzzlewit,7250,martin-chuzzlewit
George Chuzzlewit,Jinkins,7250,martin-chuzzlewit
Jinkins,Miss Pecksniff,7252,martin-chuzzlewit
Jinkins,Everybody,7252,martin-chuzzlewit
Jinkins,Miss Pecksniff,7252,martin-chuzzlewit
Miss Pecksniff,Jinkins,7252,martin-chuzzlewit
Miss Pecksniff,Everybody,7252,martin-chuzzlewit
Miss Pecksniff,Jinkins,7252,martin-chuzzlewit
Everybody,Jinkins,7252,martin-chuzzlewit
Everybody,Miss Pecksniff,7252,martin-chuzzlewit
Everybody,Miss Pecksniff,7252,martin-chuzzlewit
Everybody,Jinkins,7252,martin-chuzzlewit
Miss Pecksniff,Jinkins,7252,martin-chuzzlewit
Miss Pecksniff,Everybody,7252,martin-chuzzlewit
Miss Pecksniff,Jinkins,7252,martin-chuzzlewit
Jinkins,Miss Pecksniff,7252,martin-chuzzlewit
Jinkins,Everybody,7252,martin-chuzzlewit
Jinkins,Miss Pecksniff,7252,martin-chuzzlewit
Miss,Pecksniff,7253,martin-chuzzlewit
Pecksniff,Miss,7253,martin-chuzzlewit
Bobbs,Cholberry,7261,martin-chuzzlewit
Bobbs,Bolberry,7261,martin-chuzzlewit
Cholberry,Bobbs,7261,martin-chuzzlewit
Cholberry,Bolberry,7261,martin-chuzzlewit
Bolberry,Bobbs,7261,martin-chuzzlewit
Bolberry,Cholberry,7261,martin-chuzzlewit
Pecksniff,Tom,7274,martin-chuzzlewit
Pecksniff,Tom,7274,martin-chuzzlewit
Tom,Pecksniff,7274,martin-chuzzlewit
Tom,Pecksniff,7274,martin-chuzzlewit
Project,Project Gutenberg,7283,martin-chuzzlewit
Project,Project Gutenberg,7283,martin-chuzzlewit
Project Gutenberg,Project,7283,martin-chuzzlewit
Project Gutenberg,Project,7283,martin-chuzzlewit
Project Gutenberg,Project,7290,martin-chuzzlewit
Project Gutenberg,Project,7290,martin-chuzzlewit
Project,Project Gutenberg,7290,martin-chuzzlewit
Project,Project Gutenberg,7290,martin-chuzzlewit
Project Gutenberg,Project,7291,martin-chuzzlewit
Project,Project Gutenberg,7291,martin-chuzzlewit
Vanilla ASCII,Project,7299,martin-chuzzlewit
Vanilla ASCII,Plain Vanilla,7299,martin-chuzzlewit
Project,Vanilla ASCII,7299,martin-chuzzlewit
Project,Plain Vanilla,7299,martin-chuzzlewit
Plain Vanilla,Vanilla ASCII,7299,martin-chuzzlewit
Plain Vanilla,Project,7299,martin-chuzzlewit
Project Gutenberg,Project,7305,martin-chuzzlewit
Project,Project Gutenberg,7305,martin-chuzzlewit
Salt Lake City,Email,7316,martin-chuzzlewit
Email,Salt Lake City,7316,martin-chuzzlewit
Michael S. Hart,Project,7324,martin-chuzzlewit
Project,Michael S. Hart,7324,martin-chuzzlewit
