Item1,Item2,Time,Book
Joseph Smiggers,Perpetual Vice-,2,pickwick-papers
Joseph Smiggers,Pickwick Club,2,pickwick-papers
Perpetual Vice-,Joseph Smiggers,2,pickwick-papers
Perpetual Vice-,Pickwick Club,2,pickwick-papers
Pickwick Club,Joseph Smiggers,2,pickwick-papers
Pickwick Club,Perpetual Vice-,2,pickwick-papers
Samuel Pickwick,Pickwick Club,3,pickwick-papers
Pickwick Club,Samuel Pickwick,3,pickwick-papers
Pickwick Club,Samuel Pickwick,3,pickwick-papers
Samuel Pickwick,Pickwick Club,3,pickwick-papers
Samuel Pickwick,Tracy Tupman,7,pickwick-papers
Samuel Pickwick,Augustus Snodgrass,7,pickwick-papers
Samuel Pickwick,Nathaniel Winkle,7,pickwick-papers
Tracy Tupman,Samuel Pickwick,7,pickwick-papers
Tracy Tupman,Augustus Snodgrass,7,pickwick-papers
Tracy Tupman,Nathaniel Winkle,7,pickwick-papers
Augustus Snodgrass,Samuel Pickwick,7,pickwick-papers
Augustus Snodgrass,Tracy Tupman,7,pickwick-papers
Augustus Snodgrass,Nathaniel Winkle,7,pickwick-papers
Nathaniel Winkle,Samuel Pickwick,7,pickwick-papers
Nathaniel Winkle,Tracy Tupman,7,pickwick-papers
Nathaniel Winkle,Augustus Snodgrass,7,pickwick-papers
Pickwick,Mr. Tracy Tupman,10,pickwick-papers
Pickwick,Tupman,10,pickwick-papers
Pickwick,Tupman,10,pickwick-papers
Pickwick,Tupman,10,pickwick-papers
Pickwick,Mr. Tracy Tupman,10,pickwick-papers
Pickwick,Tupman,10,pickwick-papers
Pickwick,Tupman,10,pickwick-papers
Pickwick,Tupman,10,pickwick-papers
Pickwick,Mr. Tracy Tupman,10,pickwick-papers
Pickwick,Tupman,10,pickwick-papers
Pickwick,Tupman,10,pickwick-papers
Pickwick,Tupman,10,pickwick-papers
Pickwick,Mr. Tracy Tupman,10,pickwick-papers
Pickwick,Tupman,10,pickwick-papers
Pickwick,Tupman,10,pickwick-papers
Pickwick,Tupman,10,pickwick-papers
Mr. Tracy Tupman,Pickwick,10,pickwick-papers
Mr. Tracy Tupman,Pickwick,10,pickwick-papers
Mr. Tracy Tupman,Pickwick,10,pickwick-papers
Mr. Tracy Tupman,Pickwick,10,pickwick-papers
Mr. Tracy Tupman,Tupman,10,pickwick-papers
Mr. Tracy Tupman,Tupman,10,pickwick-papers
Mr. Tracy Tupman,Tupman,10,pickwick-papers
Tupman,Pickwick,10,pickwick-papers
Tupman,Pickwick,10,pickwick-papers
Tupman,Pickwick,10,pickwick-papers
Tupman,Pickwick,10,pickwick-papers
Tupman,Mr. Tracy Tupman,10,pickwick-papers
Tupman,Pickwick,10,pickwick-papers
Tupman,Pickwick,10,pickwick-papers
Tupman,Pickwick,10,pickwick-papers
Tupman,Pickwick,10,pickwick-papers
Tupman,Mr. Tracy Tupman,10,pickwick-papers
Tupman,Pickwick,10,pickwick-papers
Tupman,Pickwick,10,pickwick-papers
Tupman,Pickwick,10,pickwick-papers
Tupman,Pickwick,10,pickwick-papers
Tupman,Mr. Tracy Tupman,10,pickwick-papers
Mr.,Pickwick,11,pickwick-papers
Pickwick,Mr.,11,pickwick-papers
Pickwick,Poetic,12,pickwick-papers
Pickwick,Tupman,12,pickwick-papers
Pickwick,Mr. Pickwick,12,pickwick-papers
Pickwick,Mr. Pickwick,12,pickwick-papers
Poetic,Pickwick,12,pickwick-papers
Poetic,Tupman,12,pickwick-papers
Poetic,Mr. Pickwick,12,pickwick-papers
Poetic,Mr. Pickwick,12,pickwick-papers
Tupman,Pickwick,12,pickwick-papers
Tupman,Poetic,12,pickwick-papers
Tupman,Mr. Pickwick,12,pickwick-papers
Tupman,Mr. Pickwick,12,pickwick-papers
Mr. Pickwick,Pickwick,12,pickwick-papers
Mr. Pickwick,Poetic,12,pickwick-papers
Mr. Pickwick,Tupman,12,pickwick-papers
Mr. Pickwick,Pickwick,12,pickwick-papers
Mr. Pickwick,Poetic,12,pickwick-papers
Mr. Pickwick,Tupman,12,pickwick-papers
Mr. Samuel Pickwick,Goswell Street,25,pickwick-papers
Mr. Samuel Pickwick,Goswell Street,25,pickwick-papers
Mr. Samuel Pickwick,Goswell Street,25,pickwick-papers
Mr. Samuel Pickwick,Mr. Pickwick,25,pickwick-papers
Mr. Samuel Pickwick,Mr. Pickwick,25,pickwick-papers
Mr. Samuel Pickwick,Mr. Pickwick,25,pickwick-papers
Goswell Street,Mr. Samuel Pickwick,25,pickwick-papers
Goswell Street,Mr. Pickwick,25,pickwick-papers
Goswell Street,Mr. Pickwick,25,pickwick-papers
Goswell Street,Mr. Pickwick,25,pickwick-papers
Goswell Street,Mr. Samuel Pickwick,25,pickwick-papers
Goswell Street,Mr. Pickwick,25,pickwick-papers
Goswell Street,Mr. Pickwick,25,pickwick-papers
Goswell Street,Mr. Pickwick,25,pickwick-papers
Goswell Street,Mr. Samuel Pickwick,25,pickwick-papers
Goswell Street,Mr. Pickwick,25,pickwick-papers
Goswell Street,Mr. Pickwick,25,pickwick-papers
Goswell Street,Mr. Pickwick,25,pickwick-papers
Mr. Pickwick,Mr. Samuel Pickwick,25,pickwick-papers
Mr. Pickwick,Goswell Street,25,pickwick-papers
Mr. Pickwick,Goswell Street,25,pickwick-papers
Mr. Pickwick,Goswell Street,25,pickwick-papers
Mr. Pickwick,Mr. Samuel Pickwick,25,pickwick-papers
Mr. Pickwick,Goswell Street,25,pickwick-papers
Mr. Pickwick,Goswell Street,25,pickwick-papers
Mr. Pickwick,Goswell Street,25,pickwick-papers
Mr. Pickwick,Mr. Samuel Pickwick,25,pickwick-papers
Mr. Pickwick,Goswell Street,25,pickwick-papers
Mr. Pickwick,Goswell Street,25,pickwick-papers
Mr. Pickwick,Goswell Street,25,pickwick-papers
Mr.,Pickwick,39,pickwick-papers
Mr.,Down,39,pickwick-papers
Mr.,Mr. Pickwick,39,pickwick-papers
Mr.,Mr. Tupman,39,pickwick-papers
Mr.,Mr. Snodgrass,39,pickwick-papers
Mr.,Mr. Winkle,39,pickwick-papers
Pickwick,Mr.,39,pickwick-papers
Pickwick,Down,39,pickwick-papers
Pickwick,Mr. Pickwick,39,pickwick-papers
Pickwick,Mr. Tupman,39,pickwick-papers
Pickwick,Mr. Snodgrass,39,pickwick-papers
Pickwick,Mr. Winkle,39,pickwick-papers
Down,Mr.,39,pickwick-papers
Down,Pickwick,39,pickwick-papers
Down,Mr. Pickwick,39,pickwick-papers
Down,Mr. Tupman,39,pickwick-papers
Down,Mr. Snodgrass,39,pickwick-papers
Down,Mr. Winkle,39,pickwick-papers
Mr. Pickwick,Mr.,39,pickwick-papers
Mr. Pickwick,Pickwick,39,pickwick-papers
Mr. Pickwick,Down,39,pickwick-papers
Mr. Pickwick,Mr. Tupman,39,pickwick-papers
Mr. Pickwick,Mr. Snodgrass,39,pickwick-papers
Mr. Pickwick,Mr. Winkle,39,pickwick-papers
Mr. Tupman,Mr.,39,pickwick-papers
Mr. Tupman,Pickwick,39,pickwick-papers
Mr. Tupman,Down,39,pickwick-papers
Mr. Tupman,Mr. Pickwick,39,pickwick-papers
Mr. Tupman,Mr. Snodgrass,39,pickwick-papers
Mr. Tupman,Mr. Winkle,39,pickwick-papers
Mr. Snodgrass,Mr.,39,pickwick-papers
Mr. Snodgrass,Pickwick,39,pickwick-papers
Mr. Snodgrass,Down,39,pickwick-papers
Mr. Snodgrass,Mr. Pickwick,39,pickwick-papers
Mr. Snodgrass,Mr. Tupman,39,pickwick-papers
Mr. Snodgrass,Mr. Winkle,39,pickwick-papers
Mr. Winkle,Mr.,39,pickwick-papers
Mr. Winkle,Pickwick,39,pickwick-papers
Mr. Winkle,Down,39,pickwick-papers
Mr. Winkle,Mr. Pickwick,39,pickwick-papers
Mr. Winkle,Mr. Tupman,39,pickwick-papers
Mr. Winkle,Mr. Snodgrass,39,pickwick-papers
Mr. Pickwick,Mr. Snodgrass,54,pickwick-papers
Mr. Pickwick,Mr. Tupman,54,pickwick-papers
Mr. Pickwick,Mr. Winkle,54,pickwick-papers
Mr. Pickwick,Mr. Snodgrass,54,pickwick-papers
Mr. Pickwick,Mr. Tupman,54,pickwick-papers
Mr. Pickwick,Mr. Winkle,54,pickwick-papers
Mr. Pickwick,Mr. Snodgrass,54,pickwick-papers
Mr. Pickwick,Mr. Tupman,54,pickwick-papers
Mr. Pickwick,Mr. Winkle,54,pickwick-papers
Mr. Snodgrass,Mr. Pickwick,54,pickwick-papers
Mr. Snodgrass,Mr. Pickwick,54,pickwick-papers
Mr. Snodgrass,Mr. Pickwick,54,pickwick-papers
Mr. Snodgrass,Mr. Tupman,54,pickwick-papers
Mr. Snodgrass,Mr. Winkle,54,pickwick-papers
Mr. Tupman,Mr. Pickwick,54,pickwick-papers
Mr. Tupman,Mr. Pickwick,54,pickwick-papers
Mr. Tupman,Mr. Pickwick,54,pickwick-papers
Mr. Tupman,Mr. Snodgrass,54,pickwick-papers
Mr. Tupman,Mr. Winkle,54,pickwick-papers
Mr. Winkle,Mr. Pickwick,54,pickwick-papers
Mr. Winkle,Mr. Pickwick,54,pickwick-papers
Mr. Winkle,Mr. Pickwick,54,pickwick-papers
Mr. Winkle,Mr. Snodgrass,54,pickwick-papers
Mr. Winkle,Mr. Tupman,54,pickwick-papers
Such,Mr. Pickwick,70,pickwick-papers
Mr. Pickwick,Such,70,pickwick-papers
Philosopher,Sir,80,pickwick-papers
Sir,Philosopher,80,pickwick-papers
Sir,Mr. Pickwick,81,pickwick-papers
Mr. Pickwick,Sir,81,pickwick-papers
Poet,Sir,82,pickwick-papers
Sir,Poet,82,pickwick-papers
Mr. Snodgrass,Mr. Pickwick,83,pickwick-papers
Mr. Pickwick,Mr. Snodgrass,83,pickwick-papers
Sir,Sportsman,86,pickwick-papers
Sir,Mr. Winkle,86,pickwick-papers
Sportsman,Sir,86,pickwick-papers
Sportsman,Mr. Winkle,86,pickwick-papers
Mr. Winkle,Sir,86,pickwick-papers
Mr. Winkle,Sportsman,86,pickwick-papers
Dogs,Sir,89,pickwick-papers
Sir,Dogs,89,pickwick-papers
Sir,Mr. Tracy Tupman,93,pickwick-papers
Sir,Mr. Tracy Tupman,93,pickwick-papers
Mr. Tracy Tupman,Sir,93,pickwick-papers
Mr. Tracy Tupman,Sir,93,pickwick-papers
Don Bolaro Fizzgig,Donna Christina,99,pickwick-papers
Don Bolaro Fizzgig,Donna Christina,99,pickwick-papers
Donna Christina,Don Bolaro Fizzgig,99,pickwick-papers
Donna Christina,Don Bolaro Fizzgig,99,pickwick-papers
Sir,Mr. Snodgrass,104,pickwick-papers
Mr. Snodgrass,Sir,104,pickwick-papers
Rochester,Mr. Pickwick,106,pickwick-papers
Rochester,Mr. Snodgrass,106,pickwick-papers
Mr. Pickwick,Rochester,106,pickwick-papers
Mr. Pickwick,Mr. Snodgrass,106,pickwick-papers
Mr. Snodgrass,Rochester,106,pickwick-papers
Mr. Snodgrass,Mr. Pickwick,106,pickwick-papers
Sir,Mr. Nathaniel Winkle,110,pickwick-papers
Mr. Nathaniel Winkle,Sir,110,pickwick-papers
Mr.,Winkle,112,pickwick-papers
Mr.,Mr. Pickwick,112,pickwick-papers
Mr.,Mr. Pickwick,112,pickwick-papers
Mr.,Mr. Snodgrass,112,pickwick-papers
Mr.,Mr. Snodgrass,112,pickwick-papers
Mr.,Mr. Tupman,112,pickwick-papers
Mr.,Mr. Pickwick,112,pickwick-papers
Winkle,Mr.,112,pickwick-papers
Winkle,Mr. Pickwick,112,pickwick-papers
Winkle,Mr. Pickwick,112,pickwick-papers
Winkle,Mr. Snodgrass,112,pickwick-papers
Winkle,Mr. Snodgrass,112,pickwick-papers
Winkle,Mr. Tupman,112,pickwick-papers
Winkle,Mr. Pickwick,112,pickwick-papers
Mr. Pickwick,Mr.,112,pickwick-papers
Mr. Pickwick,Winkle,112,pickwick-papers
Mr. Pickwick,Mr. Snodgrass,112,pickwick-papers
Mr. Pickwick,Mr. Snodgrass,112,pickwick-papers
Mr. Pickwick,Mr. Tupman,112,pickwick-papers
Mr. Pickwick,Mr.,112,pickwick-papers
Mr. Pickwick,Winkle,112,pickwick-papers
Mr. Pickwick,Mr. Snodgrass,112,pickwick-papers
Mr. Pickwick,Mr. Snodgrass,112,pickwick-papers
Mr. Pickwick,Mr. Tupman,112,pickwick-papers
Mr. Snodgrass,Mr.,112,pickwick-papers
Mr. Snodgrass,Winkle,112,pickwick-papers
Mr. Snodgrass,Mr. Pickwick,112,pickwick-papers
Mr. Snodgrass,Mr. Pickwick,112,pickwick-papers
Mr. Snodgrass,Mr. Tupman,112,pickwick-papers
Mr. Snodgrass,Mr. Pickwick,112,pickwick-papers
Mr. Snodgrass,Mr.,112,pickwick-papers
Mr. Snodgrass,Winkle,112,pickwick-papers
Mr. Snodgrass,Mr. Pickwick,112,pickwick-papers
Mr. Snodgrass,Mr. Pickwick,112,pickwick-papers
Mr. Snodgrass,Mr. Tupman,112,pickwick-papers
Mr. Snodgrass,Mr. Pickwick,112,pickwick-papers
Mr. Tupman,Mr.,112,pickwick-papers
Mr. Tupman,Winkle,112,pickwick-papers
Mr. Tupman,Mr. Pickwick,112,pickwick-papers
Mr. Tupman,Mr. Pickwick,112,pickwick-papers
Mr. Tupman,Mr. Snodgrass,112,pickwick-papers
Mr. Tupman,Mr. Snodgrass,112,pickwick-papers
Mr. Tupman,Mr. Pickwick,112,pickwick-papers
Mr. Pickwick,Mr.,112,pickwick-papers
Mr. Pickwick,Winkle,112,pickwick-papers
Mr. Pickwick,Mr. Snodgrass,112,pickwick-papers
Mr. Pickwick,Mr. Snodgrass,112,pickwick-papers
Mr. Pickwick,Mr. Tupman,112,pickwick-papers
Mr.,Tupman,120,pickwick-papers
Mr.,Donna Christina,120,pickwick-papers
Tupman,Mr.,120,pickwick-papers
Tupman,Donna Christina,120,pickwick-papers
Donna Christina,Mr.,120,pickwick-papers
Donna Christina,Tupman,120,pickwick-papers
Mr. Pickwick,Stroud,122,pickwick-papers
Mr. Pickwick,Rochester,122,pickwick-papers
Mr. Pickwick,Chatham,122,pickwick-papers
Stroud,Mr. Pickwick,122,pickwick-papers
Stroud,Rochester,122,pickwick-papers
Stroud,Chatham,122,pickwick-papers
Rochester,Mr. Pickwick,122,pickwick-papers
Rochester,Stroud,122,pickwick-papers
Rochester,Chatham,122,pickwick-papers
Chatham,Mr. Pickwick,122,pickwick-papers
Chatham,Stroud,122,pickwick-papers
Chatham,Rochester,122,pickwick-papers
Mr. Pickwick,Jews,123,pickwick-papers
Jews,Mr. Pickwick,123,pickwick-papers
Jews,Mr. Pickwick,123,pickwick-papers
Mr. Pickwick,Jews,123,pickwick-papers
Mr. Pickwick,Mr. Snodgrass,129,pickwick-papers
Mr. Pickwick,Mr. Tupman,129,pickwick-papers
Mr. Pickwick,Mr. Winkle,129,pickwick-papers
Mr. Snodgrass,Mr. Pickwick,129,pickwick-papers
Mr. Snodgrass,Mr. Tupman,129,pickwick-papers
Mr. Snodgrass,Mr. Winkle,129,pickwick-papers
Mr. Tupman,Mr. Pickwick,129,pickwick-papers
Mr. Tupman,Mr. Snodgrass,129,pickwick-papers
Mr. Tupman,Mr. Winkle,129,pickwick-papers
Mr. Winkle,Mr. Pickwick,129,pickwick-papers
Mr. Winkle,Mr. Snodgrass,129,pickwick-papers
Mr. Winkle,Mr. Tupman,129,pickwick-papers
Sir,Mr. Tupman,134,pickwick-papers
Mr. Tupman,Sir,134,pickwick-papers
Kent,Sir,135,pickwick-papers
Kent,Sir,135,pickwick-papers
Sir,Kent,135,pickwick-papers
Sir,Kent,135,pickwick-papers
Mr.,Tupman,139,pickwick-papers
Mr.,Mr. Snodgrass,139,pickwick-papers
Mr.,Mr. Pickwick,139,pickwick-papers
Tupman,Mr.,139,pickwick-papers
Tupman,Mr. Snodgrass,139,pickwick-papers
Tupman,Mr. Pickwick,139,pickwick-papers
Mr. Snodgrass,Mr.,139,pickwick-papers
Mr. Snodgrass,Tupman,139,pickwick-papers
Mr. Snodgrass,Mr. Pickwick,139,pickwick-papers
Mr. Pickwick,Mr.,139,pickwick-papers
Mr. Pickwick,Tupman,139,pickwick-papers
Mr. Pickwick,Mr. Snodgrass,139,pickwick-papers
Mr. Tupman,Mr. Pickwick,141,pickwick-papers
Mr. Tupman,Mr. Winkle,141,pickwick-papers
Mr. Tupman,Mr. Snodgrass,141,pickwick-papers
Mr. Pickwick,Mr. Tupman,141,pickwick-papers
Mr. Pickwick,Mr. Winkle,141,pickwick-papers
Mr. Pickwick,Mr. Snodgrass,141,pickwick-papers
Mr. Winkle,Mr. Tupman,141,pickwick-papers
Mr. Winkle,Mr. Pickwick,141,pickwick-papers
Mr. Winkle,Mr. Snodgrass,141,pickwick-papers
Mr. Snodgrass,Mr. Tupman,141,pickwick-papers
Mr. Snodgrass,Mr. Pickwick,141,pickwick-papers
Mr. Snodgrass,Mr. Winkle,141,pickwick-papers
Mr. Tupman,Bacchus,148,pickwick-papers
Bacchus,Mr. Tupman,148,pickwick-papers
Sir,Mr. Winkle,149,pickwick-papers
Mr. Winkle,Sir,149,pickwick-papers
Mr.,Tupman,151,pickwick-papers
Mr.,Mr. Snodgrass,151,pickwick-papers
Mr.,Mr. Winkle,151,pickwick-papers
Mr.,Mr. Pickwick,151,pickwick-papers
Tupman,Mr.,151,pickwick-papers
Tupman,Mr. Snodgrass,151,pickwick-papers
Tupman,Mr. Winkle,151,pickwick-papers
Tupman,Mr. Pickwick,151,pickwick-papers
Mr. Snodgrass,Mr.,151,pickwick-papers
Mr. Snodgrass,Tupman,151,pickwick-papers
Mr. Snodgrass,Mr. Winkle,151,pickwick-papers
Mr. Snodgrass,Mr. Pickwick,151,pickwick-papers
Mr. Winkle,Mr.,151,pickwick-papers
Mr. Winkle,Tupman,151,pickwick-papers
Mr. Winkle,Mr. Snodgrass,151,pickwick-papers
Mr. Winkle,Mr. Pickwick,151,pickwick-papers
Mr. Pickwick,Mr.,151,pickwick-papers
Mr. Pickwick,Tupman,151,pickwick-papers
Mr. Pickwick,Mr. Snodgrass,151,pickwick-papers
Mr. Pickwick,Mr. Winkle,151,pickwick-papers
Mr. Tupman,Mr. Winkle,152,pickwick-papers
Mr. Winkle,Mr. Tupman,152,pickwick-papers
Mr. Winkle,Mr. Tupman,152,pickwick-papers
Mr. Tupman,Mr. Winkle,152,pickwick-papers
Mr.,Tupman,153,pickwick-papers
Tupman,Mr.,153,pickwick-papers
Mr.,Tupman,158,pickwick-papers
Mr.,Mr. Nathaniel Winkle,158,pickwick-papers
Tupman,Mr.,158,pickwick-papers
Tupman,Mr. Nathaniel Winkle,158,pickwick-papers
Mr. Nathaniel Winkle,Mr.,158,pickwick-papers
Mr. Nathaniel Winkle,Tupman,158,pickwick-papers
Mr. Tupman,Mr. Pickwick,159,pickwick-papers
Mr. Pickwick,Mr. Tupman,159,pickwick-papers
Peculiar Coat,Mr. Tupman,160,pickwick-papers
Mr. Tupman,Peculiar Coat,160,pickwick-papers
Mr. Tupman,Mr. Winkle,161,pickwick-papers
Mr. Winkle,Mr. Tupman,161,pickwick-papers
Mr. Winkle,Mr. Tupman,161,pickwick-papers
Mr. Tupman,Mr. Winkle,161,pickwick-papers
Mr. Tupman,Mr. Tracy Tupman,163,pickwick-papers
Mr. Tracy Tupman,Mr. Tupman,163,pickwick-papers
Thomas Clubber,Lady Clubber,170,pickwick-papers
Lady Clubber,Thomas Clubber,170,pickwick-papers
Mr. Tupman,Sir Thomas Clubber,171,pickwick-papers
Mr. Tupman,Sir Thomas Clubber,171,pickwick-papers
Sir Thomas Clubber,Mr. Tupman,171,pickwick-papers
Sir Thomas Clubber,Mr. Tupman,171,pickwick-papers
Smithie,Mr. Tracy Tupman,173,pickwick-papers
Mr. Tracy Tupman,Smithie,173,pickwick-papers
Mr. Smithie,Sir Thomas Clubber,174,pickwick-papers
Mr. Smithie,Sir Thomas Clubber,174,pickwick-papers
Mr. Smithie,Lady Clubber,174,pickwick-papers
Mr. Smithie,Smithie,174,pickwick-papers
Sir Thomas Clubber,Mr. Smithie,174,pickwick-papers
Sir Thomas Clubber,Lady Clubber,174,pickwick-papers
Sir Thomas Clubber,Smithie,174,pickwick-papers
Sir Thomas Clubber,Mr. Smithie,174,pickwick-papers
Sir Thomas Clubber,Lady Clubber,174,pickwick-papers
Sir Thomas Clubber,Smithie,174,pickwick-papers
Lady Clubber,Mr. Smithie,174,pickwick-papers
Lady Clubber,Sir Thomas Clubber,174,pickwick-papers
Lady Clubber,Sir Thomas Clubber,174,pickwick-papers
Lady Clubber,Smithie,174,pickwick-papers
Smithie,Mr. Smithie,174,pickwick-papers
Smithie,Sir Thomas Clubber,174,pickwick-papers
Smithie,Sir Thomas Clubber,174,pickwick-papers
Smithie,Lady Clubber,174,pickwick-papers
Bulder,Colonel Bulder,175,pickwick-papers
Bulder,Miss Bulder,175,pickwick-papers
Colonel Bulder,Bulder,175,pickwick-papers
Colonel Bulder,Miss Bulder,175,pickwick-papers
Miss Bulder,Bulder,175,pickwick-papers
Miss Bulder,Colonel Bulder,175,pickwick-papers
Miss,Bulder,177,pickwick-papers
Miss,Colonel Bulder,177,pickwick-papers
Miss,Lady Clubber,177,pickwick-papers
Miss,Sir Thomas Clubber,177,pickwick-papers
Miss,Alexander Selkirks,177,pickwick-papers
Bulder,Miss,177,pickwick-papers
Bulder,Colonel Bulder,177,pickwick-papers
Bulder,Lady Clubber,177,pickwick-papers
Bulder,Sir Thomas Clubber,177,pickwick-papers
Bulder,Alexander Selkirks,177,pickwick-papers
Colonel Bulder,Miss,177,pickwick-papers
Colonel Bulder,Bulder,177,pickwick-papers
Colonel Bulder,Lady Clubber,177,pickwick-papers
Colonel Bulder,Sir Thomas Clubber,177,pickwick-papers
Colonel Bulder,Alexander Selkirks,177,pickwick-papers
Lady Clubber,Miss,177,pickwick-papers
Lady Clubber,Bulder,177,pickwick-papers
Lady Clubber,Colonel Bulder,177,pickwick-papers
Lady Clubber,Sir Thomas Clubber,177,pickwick-papers
Lady Clubber,Alexander Selkirks,177,pickwick-papers
Sir Thomas Clubber,Miss,177,pickwick-papers
Sir Thomas Clubber,Bulder,177,pickwick-papers
Sir Thomas Clubber,Colonel Bulder,177,pickwick-papers
Sir Thomas Clubber,Lady Clubber,177,pickwick-papers
Sir Thomas Clubber,Alexander Selkirks,177,pickwick-papers
Alexander Selkirks,Miss,177,pickwick-papers
Alexander Selkirks,Bulder,177,pickwick-papers
Alexander Selkirks,Colonel Bulder,177,pickwick-papers
Alexander Selkirks,Lady Clubber,177,pickwick-papers
Alexander Selkirks,Sir Thomas Clubber,177,pickwick-papers
Mr. Tupman,Budger,184,pickwick-papers
Budger,Mr. Tupman,184,pickwick-papers
Mr. Tupman,Doctor Slammer,185,pickwick-papers
Mr. Tupman,Doctor Slammer,185,pickwick-papers
Mr. Tupman,Doctor Slammer,185,pickwick-papers
Mr. Tupman,Doctor Slammer,185,pickwick-papers
Mr. Tupman,Budger,185,pickwick-papers
Mr. Tupman,Mr. Tracy Tupman,185,pickwick-papers
Mr. Tupman,Mr. Tracy Tupman,185,pickwick-papers
Doctor Slammer,Mr. Tupman,185,pickwick-papers
Doctor Slammer,Budger,185,pickwick-papers
Doctor Slammer,Mr. Tracy Tupman,185,pickwick-papers
Doctor Slammer,Mr. Tracy Tupman,185,pickwick-papers
Doctor Slammer,Mr. Tupman,185,pickwick-papers
Doctor Slammer,Budger,185,pickwick-papers
Doctor Slammer,Mr. Tracy Tupman,185,pickwick-papers
Doctor Slammer,Mr. Tracy Tupman,185,pickwick-papers
Doctor Slammer,Mr. Tupman,185,pickwick-papers
Doctor Slammer,Budger,185,pickwick-papers
Doctor Slammer,Mr. Tracy Tupman,185,pickwick-papers
Doctor Slammer,Mr. Tracy Tupman,185,pickwick-papers
Doctor Slammer,Mr. Tupman,185,pickwick-papers
Doctor Slammer,Budger,185,pickwick-papers
Doctor Slammer,Mr. Tracy Tupman,185,pickwick-papers
Doctor Slammer,Mr. Tracy Tupman,185,pickwick-papers
Budger,Mr. Tupman,185,pickwick-papers
Budger,Doctor Slammer,185,pickwick-papers
Budger,Doctor Slammer,185,pickwick-papers
Budger,Doctor Slammer,185,pickwick-papers
Budger,Doctor Slammer,185,pickwick-papers
Budger,Mr. Tracy Tupman,185,pickwick-papers
Budger,Mr. Tracy Tupman,185,pickwick-papers
Mr. Tracy Tupman,Mr. Tupman,185,pickwick-papers
Mr. Tracy Tupman,Doctor Slammer,185,pickwick-papers
Mr. Tracy Tupman,Doctor Slammer,185,pickwick-papers
Mr. Tracy Tupman,Doctor Slammer,185,pickwick-papers
Mr. Tracy Tupman,Doctor Slammer,185,pickwick-papers
Mr. Tracy Tupman,Budger,185,pickwick-papers
Mr. Tracy Tupman,Mr. Tupman,185,pickwick-papers
Mr. Tracy Tupman,Doctor Slammer,185,pickwick-papers
Mr. Tracy Tupman,Doctor Slammer,185,pickwick-papers
Mr. Tracy Tupman,Doctor Slammer,185,pickwick-papers
Mr. Tracy Tupman,Doctor Slammer,185,pickwick-papers
Mr. Tracy Tupman,Budger,185,pickwick-papers
Slammer,Doctor Slammer,188,pickwick-papers
Slammer,Chatham Barracks,188,pickwick-papers
Slammer,Sir,188,pickwick-papers
Doctor Slammer,Slammer,188,pickwick-papers
Doctor Slammer,Chatham Barracks,188,pickwick-papers
Doctor Slammer,Sir,188,pickwick-papers
Chatham Barracks,Slammer,188,pickwick-papers
Chatham Barracks,Doctor Slammer,188,pickwick-papers
Chatham Barracks,Sir,188,pickwick-papers
Sir,Slammer,188,pickwick-papers
Sir,Doctor Slammer,188,pickwick-papers
Sir,Chatham Barracks,188,pickwick-papers
Doctor,Slammer,194,pickwick-papers
Doctor,Mr. Tupman,194,pickwick-papers
Slammer,Doctor,194,pickwick-papers
Slammer,Mr. Tupman,194,pickwick-papers
Mr. Tupman,Doctor,194,pickwick-papers
Mr. Tupman,Slammer,194,pickwick-papers
Mr. Winkle,Boots,205,pickwick-papers
Boots,Mr. Winkle,205,pickwick-papers
Mr. Winkle,Sir,210,pickwick-papers
Sir,Mr. Winkle,210,pickwick-papers
Mr. Winkle,Winkle,212,pickwick-papers
Winkle,Mr. Winkle,212,pickwick-papers
Mr.,Doctor Slammer,217,pickwick-papers
Doctor Slammer,Mr.,217,pickwick-papers
Mr.,Doctor Slammer,223,pickwick-papers
Doctor Slammer,Mr.,223,pickwick-papers
Rochester Castle,Mr. Winkle,224,pickwick-papers
Mr. Winkle,Rochester Castle,224,pickwick-papers
Mr.,Winkle,226,pickwick-papers
Winkle,Mr.,226,pickwick-papers
Mr. Winkle,Doctor Slammer,227,pickwick-papers
Mr. Winkle,Doctor Slammer,227,pickwick-papers
Doctor Slammer,Mr. Winkle,227,pickwick-papers
Doctor Slammer,Mr. Winkle,227,pickwick-papers
Mr. Winkle,Mr. Snodgrass,228,pickwick-papers
Mr. Winkle,Mr. Pickwick,228,pickwick-papers
Mr. Snodgrass,Mr. Winkle,228,pickwick-papers
Mr. Snodgrass,Mr. Pickwick,228,pickwick-papers
Mr. Pickwick,Mr. Winkle,228,pickwick-papers
Mr. Pickwick,Mr. Snodgrass,228,pickwick-papers
Mr. Tupman,Mr. Snodgrass,241,pickwick-papers
Mr. Tupman,Mr. Pickwick,241,pickwick-papers
Mr. Tupman,Mr. Winkle,241,pickwick-papers
Mr. Tupman,Mr. Snodgrass,241,pickwick-papers
Mr. Tupman,Mr. Winkle,241,pickwick-papers
Mr. Snodgrass,Mr. Tupman,241,pickwick-papers
Mr. Snodgrass,Mr. Pickwick,241,pickwick-papers
Mr. Snodgrass,Mr. Winkle,241,pickwick-papers
Mr. Snodgrass,Mr. Winkle,241,pickwick-papers
Mr. Pickwick,Mr. Tupman,241,pickwick-papers
Mr. Pickwick,Mr. Snodgrass,241,pickwick-papers
Mr. Pickwick,Mr. Winkle,241,pickwick-papers
Mr. Pickwick,Mr. Snodgrass,241,pickwick-papers
Mr. Pickwick,Mr. Winkle,241,pickwick-papers
Mr. Winkle,Mr. Tupman,241,pickwick-papers
Mr. Winkle,Mr. Snodgrass,241,pickwick-papers
Mr. Winkle,Mr. Pickwick,241,pickwick-papers
Mr. Winkle,Mr. Snodgrass,241,pickwick-papers
Mr. Snodgrass,Mr. Tupman,241,pickwick-papers
Mr. Snodgrass,Mr. Pickwick,241,pickwick-papers
Mr. Snodgrass,Mr. Winkle,241,pickwick-papers
Mr. Snodgrass,Mr. Winkle,241,pickwick-papers
Mr. Winkle,Mr. Tupman,241,pickwick-papers
Mr. Winkle,Mr. Snodgrass,241,pickwick-papers
Mr. Winkle,Mr. Pickwick,241,pickwick-papers
Mr. Winkle,Mr. Snodgrass,241,pickwick-papers
Mr.,Snodgrass,245,pickwick-papers
Snodgrass,Mr.,245,pickwick-papers
Doctor Slammer,Mr. Winkle,248,pickwick-papers
Mr. Winkle,Doctor Slammer,248,pickwick-papers
Mr.,Winkle,255,pickwick-papers
Winkle,Mr.,255,pickwick-papers
Mr.,Snodgrass,259,pickwick-papers
Snodgrass,Mr.,259,pickwick-papers
Mr.,Snodgrass,262,pickwick-papers
Snodgrass,Mr.,262,pickwick-papers
Mr. Snodgrass,Mr. Winkle,264,pickwick-papers
Mr. Winkle,Mr. Snodgrass,264,pickwick-papers
Mr. Winkle,Mr. Snodgrass,264,pickwick-papers
Mr. Snodgrass,Mr. Winkle,264,pickwick-papers
Mr. Winkle,Mr. Snodgrass,265,pickwick-papers
Mr. Snodgrass,Mr. Winkle,265,pickwick-papers
Mr. Snodgrass,Mr. Winkle,269,pickwick-papers
Mr. Winkle,Mr. Snodgrass,269,pickwick-papers
Mr. Snodgrass,Mr. Winkle,275,pickwick-papers
Mr. Winkle,Mr. Snodgrass,275,pickwick-papers
Sir,Mr. Snodgrass,276,pickwick-papers
Sir,Mr. Winkle,276,pickwick-papers
Sir,Doctor Slammer,276,pickwick-papers
Sir,Mr. Snodgrass,276,pickwick-papers
Mr. Snodgrass,Sir,276,pickwick-papers
Mr. Snodgrass,Mr. Winkle,276,pickwick-papers
Mr. Snodgrass,Doctor Slammer,276,pickwick-papers
Mr. Winkle,Sir,276,pickwick-papers
Mr. Winkle,Mr. Snodgrass,276,pickwick-papers
Mr. Winkle,Doctor Slammer,276,pickwick-papers
Mr. Winkle,Mr. Snodgrass,276,pickwick-papers
Doctor Slammer,Sir,276,pickwick-papers
Doctor Slammer,Mr. Snodgrass,276,pickwick-papers
Doctor Slammer,Mr. Winkle,276,pickwick-papers
Doctor Slammer,Mr. Snodgrass,276,pickwick-papers
Mr. Snodgrass,Sir,276,pickwick-papers
Mr. Snodgrass,Mr. Winkle,276,pickwick-papers
Mr. Snodgrass,Doctor Slammer,276,pickwick-papers
Sir,Mr. Snodgrass,278,pickwick-papers
Mr. Snodgrass,Sir,278,pickwick-papers
Mr. Snodgrass,Doctor Slammer,284,pickwick-papers
Mr. Snodgrass,Mr. Winkle,284,pickwick-papers
Doctor Slammer,Mr. Snodgrass,284,pickwick-papers
Doctor Slammer,Mr. Snodgrass,284,pickwick-papers
Doctor Slammer,Mr. Winkle,284,pickwick-papers
Mr. Snodgrass,Doctor Slammer,284,pickwick-papers
Mr. Snodgrass,Mr. Winkle,284,pickwick-papers
Mr. Winkle,Mr. Snodgrass,284,pickwick-papers
Mr. Winkle,Doctor Slammer,284,pickwick-papers
Mr. Winkle,Mr. Snodgrass,284,pickwick-papers
Mr.,Winkle,289,pickwick-papers
Mr.,Doctor Slammer,289,pickwick-papers
Winkle,Mr.,289,pickwick-papers
Winkle,Doctor Slammer,289,pickwick-papers
Doctor Slammer,Mr.,289,pickwick-papers
Doctor Slammer,Winkle,289,pickwick-papers
Doctor Slammer,Mr. Snodgrass,290,pickwick-papers
Mr. Snodgrass,Doctor Slammer,290,pickwick-papers
Payne,Sir,300,pickwick-papers
Sir,Payne,300,pickwick-papers
Payne,Sir,302,pickwick-papers
Sir,Payne,302,pickwick-papers
Sir,Mr. Winkle,303,pickwick-papers
Mr. Winkle,Sir,303,pickwick-papers
Mr. Winkle,Sir,303,pickwick-papers
Mr. Winkle,Sir,303,pickwick-papers
Sir,Mr. Winkle,303,pickwick-papers
Sir,Mr. Winkle,303,pickwick-papers
Sir,Mr. Winkle,305,pickwick-papers
Mr. Winkle,Sir,305,pickwick-papers
Mr. Winkle,Mr. Snodgrass,307,pickwick-papers
Mr. Winkle,Mr. Snodgrass,307,pickwick-papers
Mr. Winkle,Mr. Snodgrass,307,pickwick-papers
Mr. Winkle,Mr. Snodgrass,307,pickwick-papers
Mr. Winkle,Mr. Snodgrass,307,pickwick-papers
Mr. Snodgrass,Mr. Winkle,307,pickwick-papers
Mr. Snodgrass,Mr. Winkle,307,pickwick-papers
Mr. Snodgrass,Mr. Winkle,307,pickwick-papers
Mr. Snodgrass,Mr. Winkle,307,pickwick-papers
Mr. Snodgrass,Mr. Winkle,307,pickwick-papers
Mr. Winkle,Mr. Pickwick,319,pickwick-papers
Mr. Winkle,Tupman,319,pickwick-papers
Mr. Pickwick,Mr. Winkle,319,pickwick-papers
Mr. Pickwick,Tupman,319,pickwick-papers
Tupman,Mr. Winkle,319,pickwick-papers
Tupman,Mr. Pickwick,319,pickwick-papers
Doctor Slammer,Mr. Tupman,320,pickwick-papers
Mr. Tupman,Doctor Slammer,320,pickwick-papers
Doctor Slammer,Mr. Winkle,323,pickwick-papers
Doctor Slammer,Mr. Snodgrass,323,pickwick-papers
Mr. Winkle,Doctor Slammer,323,pickwick-papers
Mr. Winkle,Mr. Snodgrass,323,pickwick-papers
Mr. Snodgrass,Doctor Slammer,323,pickwick-papers
Mr. Snodgrass,Mr. Winkle,323,pickwick-papers
Mr.,Pickwick,326,pickwick-papers
Mr.,Mr. Snodgrass,326,pickwick-papers
Mr.,Mr. Tupman,326,pickwick-papers
Mr.,Nature,326,pickwick-papers
Pickwick,Mr.,326,pickwick-papers
Pickwick,Mr. Snodgrass,326,pickwick-papers
Pickwick,Mr. Tupman,326,pickwick-papers
Pickwick,Nature,326,pickwick-papers
Mr. Snodgrass,Mr.,326,pickwick-papers
Mr. Snodgrass,Pickwick,326,pickwick-papers
Mr. Snodgrass,Mr. Tupman,326,pickwick-papers
Mr. Snodgrass,Nature,326,pickwick-papers
Mr. Tupman,Mr.,326,pickwick-papers
Mr. Tupman,Pickwick,326,pickwick-papers
Mr. Tupman,Mr. Snodgrass,326,pickwick-papers
Mr. Tupman,Nature,326,pickwick-papers
Nature,Mr.,326,pickwick-papers
Nature,Pickwick,326,pickwick-papers
Nature,Mr. Snodgrass,326,pickwick-papers
Nature,Mr. Tupman,326,pickwick-papers
Mr. Winkle,Mr. Pickwick,327,pickwick-papers
Mr. Pickwick,Mr. Winkle,327,pickwick-papers
Mr. Winkle,Dismal Jemmy,328,pickwick-papers
Mr. Winkle,Mr. Snodgrass,328,pickwick-papers
Mr. Winkle,Jemmy,328,pickwick-papers
Dismal Jemmy,Mr. Winkle,328,pickwick-papers
Dismal Jemmy,Mr. Winkle,328,pickwick-papers
Dismal Jemmy,Mr. Snodgrass,328,pickwick-papers
Dismal Jemmy,Jemmy,328,pickwick-papers
Mr. Winkle,Dismal Jemmy,328,pickwick-papers
Mr. Winkle,Mr. Snodgrass,328,pickwick-papers
Mr. Winkle,Jemmy,328,pickwick-papers
Mr. Snodgrass,Mr. Winkle,328,pickwick-papers
Mr. Snodgrass,Dismal Jemmy,328,pickwick-papers
Mr. Snodgrass,Mr. Winkle,328,pickwick-papers
Mr. Snodgrass,Jemmy,328,pickwick-papers
Jemmy,Mr. Winkle,328,pickwick-papers
Jemmy,Dismal Jemmy,328,pickwick-papers
Jemmy,Mr. Winkle,328,pickwick-papers
Jemmy,Mr. Snodgrass,328,pickwick-papers
Sir,Mr. Snodgrass,333,pickwick-papers
Mr. Snodgrass,Sir,333,pickwick-papers
Sir,Mr. Pickwick,337,pickwick-papers
Mr. Pickwick,Sir,337,pickwick-papers
Mr. Hutley,John,349,pickwick-papers
John,Mr. Hutley,349,pickwick-papers
John,Mr. Hutley,349,pickwick-papers
Mr. Hutley,John,349,pickwick-papers
Jem,Hush,357,pickwick-papers
Hush,Jem,357,pickwick-papers
Mr.,Pickwick,365,pickwick-papers
Mr.,Mr. Snodgrass,365,pickwick-papers
Pickwick,Mr.,365,pickwick-papers
Pickwick,Mr. Snodgrass,365,pickwick-papers
Mr. Snodgrass,Mr.,365,pickwick-papers
Mr. Snodgrass,Pickwick,365,pickwick-papers
Mr. Winkle,Very,368,pickwick-papers
Very,Mr. Winkle,368,pickwick-papers
Very,Mr. Winkle,368,pickwick-papers
Mr. Winkle,Very,368,pickwick-papers
Mr.,Pickwick,369,pickwick-papers
Pickwick,Mr.,369,pickwick-papers
Tappleton,Mr. Winkle,370,pickwick-papers
Tappleton,Mr. Pickwick,370,pickwick-papers
Tappleton,Doctor Payne,370,pickwick-papers
Tappleton,Mr. Pickwick,370,pickwick-papers
Tappleton,Mr. Snodgrass,370,pickwick-papers
Tappleton,Mr. Tupman,370,pickwick-papers
Tappleton,Doctor Payne,370,pickwick-papers
Tappleton,Doctor Slammer,370,pickwick-papers
Tappleton,Mr. Pickwick,370,pickwick-papers
Tappleton,Mr. Tupman,370,pickwick-papers
Tappleton,Doctor Slam,370,pickwick-papers
Mr. Winkle,Tappleton,370,pickwick-papers
Mr. Winkle,Tappleton,370,pickwick-papers
Mr. Winkle,Mr. Pickwick,370,pickwick-papers
Mr. Winkle,Doctor Payne,370,pickwick-papers
Mr. Winkle,Mr. Pickwick,370,pickwick-papers
Mr. Winkle,Mr. Snodgrass,370,pickwick-papers
Mr. Winkle,Mr. Tupman,370,pickwick-papers
Mr. Winkle,Doctor Payne,370,pickwick-papers
Mr. Winkle,Doctor Slammer,370,pickwick-papers
Mr. Winkle,Mr. Pickwick,370,pickwick-papers
Mr. Winkle,Mr. Tupman,370,pickwick-papers
Mr. Winkle,Doctor Slam,370,pickwick-papers
Tappleton,Mr. Winkle,370,pickwick-papers
Tappleton,Mr. Pickwick,370,pickwick-papers
Tappleton,Doctor Payne,370,pickwick-papers
Tappleton,Mr. Pickwick,370,pickwick-papers
Tappleton,Mr. Snodgrass,370,pickwick-papers
Tappleton,Mr. Tupman,370,pickwick-papers
Tappleton,Doctor Payne,370,pickwick-papers
Tappleton,Doctor Slammer,370,pickwick-papers
Tappleton,Mr. Pickwick,370,pickwick-papers
Tappleton,Mr. Tupman,370,pickwick-papers
Tappleton,Doctor Slam,370,pickwick-papers
Mr. Pickwick,Tappleton,370,pickwick-papers
Mr. Pickwick,Mr. Winkle,370,pickwick-papers
Mr. Pickwick,Tappleton,370,pickwick-papers
Mr. Pickwick,Doctor Payne,370,pickwick-papers
Mr. Pickwick,Mr. Snodgrass,370,pickwick-papers
Mr. Pickwick,Mr. Tupman,370,pickwick-papers
Mr. Pickwick,Doctor Payne,370,pickwick-papers
Mr. Pickwick,Doctor Slammer,370,pickwick-papers
Mr. Pickwick,Mr. Tupman,370,pickwick-papers
Mr. Pickwick,Doctor Slam,370,pickwick-papers
Doctor Payne,Tappleton,370,pickwick-papers
Doctor Payne,Mr. Winkle,370,pickwick-papers
Doctor Payne,Tappleton,370,pickwick-papers
Doctor Payne,Mr. Pickwick,370,pickwick-papers
Doctor Payne,Mr. Pickwick,370,pickwick-papers
Doctor Payne,Mr. Snodgrass,370,pickwick-papers
Doctor Payne,Mr. Tupman,370,pickwick-papers
Doctor Payne,Doctor Slammer,370,pickwick-papers
Doctor Payne,Mr. Pickwick,370,pickwick-papers
Doctor Payne,Mr. Tupman,370,pickwick-papers
Doctor Payne,Doctor Slam,370,pickwick-papers
Mr. Pickwick,Tappleton,370,pickwick-papers
Mr. Pickwick,Mr. Winkle,370,pickwick-papers
Mr. Pickwick,Tappleton,370,pickwick-papers
Mr. Pickwick,Doctor Payne,370,pickwick-papers
Mr. Pickwick,Mr. Snodgrass,370,pickwick-papers
Mr. Pickwick,Mr. Tupman,370,pickwick-papers
Mr. Pickwick,Doctor Payne,370,pickwick-papers
Mr. Pickwick,Doctor Slammer,370,pickwick-papers
Mr. Pickwick,Mr. Tupman,370,pickwick-papers
Mr. Pickwick,Doctor Slam,370,pickwick-papers
Mr. Snodgrass,Tappleton,370,pickwick-papers
Mr. Snodgrass,Mr. Winkle,370,pickwick-papers
Mr. Snodgrass,Tappleton,370,pickwick-papers
Mr. Snodgrass,Mr. Pickwick,370,pickwick-papers
Mr. Snodgrass,Doctor Payne,370,pickwick-papers
Mr. Snodgrass,Mr. Pickwick,370,pickwick-papers
Mr. Snodgrass,Mr. Tupman,370,pickwick-papers
Mr. Snodgrass,Doctor Payne,370,pickwick-papers
Mr. Snodgrass,Doctor Slammer,370,pickwick-papers
Mr. Snodgrass,Mr. Pickwick,370,pickwick-papers
Mr. Snodgrass,Mr. Tupman,370,pickwick-papers
Mr. Snodgrass,Doctor Slam,370,pickwick-papers
Mr. Tupman,Tappleton,370,pickwick-papers
Mr. Tupman,Mr. Winkle,370,pickwick-papers
Mr. Tupman,Tappleton,370,pickwick-papers
Mr. Tupman,Mr. Pickwick,370,pickwick-papers
Mr. Tupman,Doctor Payne,370,pickwick-papers
Mr. Tupman,Mr. Pickwick,370,pickwick-papers
Mr. Tupman,Mr. Snodgrass,370,pickwick-papers
Mr. Tupman,Doctor Payne,370,pickwick-papers
Mr. Tupman,Doctor Slammer,370,pickwick-papers
Mr. Tupman,Mr. Pickwick,370,pickwick-papers
Mr. Tupman,Doctor Slam,370,pickwick-papers
Doctor Payne,Tappleton,370,pickwick-papers
Doctor Payne,Mr. Winkle,370,pickwick-papers
Doctor Payne,Tappleton,370,pickwick-papers
Doctor Payne,Mr. Pickwick,370,pickwick-papers
Doctor Payne,Mr. Pickwick,370,pickwick-papers
Doctor Payne,Mr. Snodgrass,370,pickwick-papers
Doctor Payne,Mr. Tupman,370,pickwick-papers
Doctor Payne,Doctor Slammer,370,pickwick-papers
Doctor Payne,Mr. Pickwick,370,pickwick-papers
Doctor Payne,Mr. Tupman,370,pickwick-papers
Doctor Payne,Doctor Slam,370,pickwick-papers
Doctor Slammer,Tappleton,370,pickwick-papers
Doctor Slammer,Mr. Winkle,370,pickwick-papers
Doctor Slammer,Tappleton,370,pickwick-papers
Doctor Slammer,Mr. Pickwick,370,pickwick-papers
Doctor Slammer,Doctor Payne,370,pickwick-papers
Doctor Slammer,Mr. Pickwick,370,pickwick-papers
Doctor Slammer,Mr. Snodgrass,370,pickwick-papers
Doctor Slammer,Mr. Tupman,370,pickwick-papers
Doctor Slammer,Doctor Payne,370,pickwick-papers
Doctor Slammer,Mr. Pickwick,370,pickwick-papers
Doctor Slammer,Mr. Tupman,370,pickwick-papers
Doctor Slammer,Doctor Slam,370,pickwick-papers
Mr. Pickwick,Tappleton,370,pickwick-papers
Mr. Pickwick,Mr. Winkle,370,pickwick-papers
Mr. Pickwick,Tappleton,370,pickwick-papers
Mr. Pickwick,Doctor Payne,370,pickwick-papers
Mr. Pickwick,Mr. Snodgrass,370,pickwick-papers
Mr. Pickwick,Mr. Tupman,370,pickwick-papers
Mr. Pickwick,Doctor Payne,370,pickwick-papers
Mr. Pickwick,Doctor Slammer,370,pickwick-papers
Mr. Pickwick,Mr. Tupman,370,pickwick-papers
Mr. Pickwick,Doctor Slam,370,pickwick-papers
Mr. Tupman,Tappleton,370,pickwick-papers
Mr. Tupman,Mr. Winkle,370,pickwick-papers
Mr. Tupman,Tappleton,370,pickwick-papers
Mr. Tupman,Mr. Pickwick,370,pickwick-papers
Mr. Tupman,Doctor Payne,370,pickwick-papers
Mr. Tupman,Mr. Pickwick,370,pickwick-papers
Mr. Tupman,Mr. Snodgrass,370,pickwick-papers
Mr. Tupman,Doctor Payne,370,pickwick-papers
Mr. Tupman,Doctor Slammer,370,pickwick-papers
Mr. Tupman,Mr. Pickwick,370,pickwick-papers
Mr. Tupman,Doctor Slam,370,pickwick-papers
Doctor Slam,Tappleton,370,pickwick-papers
Doctor Slam,Mr. Winkle,370,pickwick-papers
Doctor Slam,Tappleton,370,pickwick-papers
Doctor Slam,Mr. Pickwick,370,pickwick-papers
Doctor Slam,Doctor Payne,370,pickwick-papers
Doctor Slam,Mr. Pickwick,370,pickwick-papers
Doctor Slam,Mr. Snodgrass,370,pickwick-papers
Doctor Slam,Mr. Tupman,370,pickwick-papers
Doctor Slam,Doctor Payne,370,pickwick-papers
Doctor Slam,Doctor Slammer,370,pickwick-papers
Doctor Slam,Mr. Pickwick,370,pickwick-papers
Doctor Slam,Mr. Tupman,370,pickwick-papers
Mr. Winkle,Mr. Tupman,371,pickwick-papers
Mr. Tupman,Mr. Winkle,371,pickwick-papers
Payne,Mr. Pickwick,378,pickwick-papers
Payne,Sir,378,pickwick-papers
Mr. Pickwick,Payne,378,pickwick-papers
Mr. Pickwick,Sir,378,pickwick-papers
Sir,Payne,378,pickwick-papers
Sir,Mr. Pickwick,378,pickwick-papers
Sir,Mr. Pickwick,379,pickwick-papers
Mr. Pickwick,Sir,379,pickwick-papers
Tappleton,Doctor Slammer,384,pickwick-papers
Tappleton,Mr. Payne,384,pickwick-papers
Doctor Slammer,Tappleton,384,pickwick-papers
Doctor Slammer,Mr. Payne,384,pickwick-papers
Mr. Payne,Tappleton,384,pickwick-papers
Mr. Payne,Doctor Slammer,384,pickwick-papers
Mr.,Tupman,386,pickwick-papers
Mr.,Mr. Pickwick,386,pickwick-papers
Tupman,Mr.,386,pickwick-papers
Tupman,Mr. Pickwick,386,pickwick-papers
Mr. Pickwick,Mr.,386,pickwick-papers
Mr. Pickwick,Tupman,386,pickwick-papers
Mr.,Tupman,388,pickwick-papers
Tupman,Mr.,388,pickwick-papers
Mr. Pickwick,Tupman,390,pickwick-papers
Tupman,Mr. Pickwick,390,pickwick-papers
Lieutenant Tappleton,Sir,392,pickwick-papers
Sir,Lieutenant Tappleton,392,pickwick-papers
Doctor,Slammer,394,pickwick-papers
Slammer,Doctor,394,pickwick-papers
Lieutenant Tappleton,Mr. Pickwick,396,pickwick-papers
Lieutenant Tappleton,Sir,396,pickwick-papers
Mr. Pickwick,Lieutenant Tappleton,396,pickwick-papers
Mr. Pickwick,Sir,396,pickwick-papers
Sir,Lieutenant Tappleton,396,pickwick-papers
Sir,Mr. Pickwick,396,pickwick-papers
Sir,Tappleton,397,pickwick-papers
Sir,Slammer,397,pickwick-papers
Sir,Payne,397,pickwick-papers
Sir,Doctor Payne,397,pickwick-papers
Sir,Doctor Slammer,397,pickwick-papers
Tappleton,Sir,397,pickwick-papers
Tappleton,Slammer,397,pickwick-papers
Tappleton,Sir,397,pickwick-papers
Tappleton,Payne,397,pickwick-papers
Tappleton,Doctor Payne,397,pickwick-papers
Tappleton,Sir,397,pickwick-papers
Tappleton,Doctor Slammer,397,pickwick-papers
Slammer,Sir,397,pickwick-papers
Slammer,Tappleton,397,pickwick-papers
Slammer,Sir,397,pickwick-papers
Slammer,Payne,397,pickwick-papers
Slammer,Doctor Payne,397,pickwick-papers
Slammer,Sir,397,pickwick-papers
Slammer,Doctor Slammer,397,pickwick-papers
Sir,Tappleton,397,pickwick-papers
Sir,Slammer,397,pickwick-papers
Sir,Payne,397,pickwick-papers
Sir,Doctor Payne,397,pickwick-papers
Sir,Doctor Slammer,397,pickwick-papers
Payne,Sir,397,pickwick-papers
Payne,Tappleton,397,pickwick-papers
Payne,Slammer,397,pickwick-papers
Payne,Sir,397,pickwick-papers
Payne,Doctor Payne,397,pickwick-papers
Payne,Sir,397,pickwick-papers
Payne,Doctor Slammer,397,pickwick-papers
Doctor Payne,Sir,397,pickwick-papers
Doctor Payne,Tappleton,397,pickwick-papers
Doctor Payne,Slammer,397,pickwick-papers
Doctor Payne,Sir,397,pickwick-papers
Doctor Payne,Payne,397,pickwick-papers
Doctor Payne,Sir,397,pickwick-papers
Doctor Payne,Doctor Slammer,397,pickwick-papers
Sir,Tappleton,397,pickwick-papers
Sir,Slammer,397,pickwick-papers
Sir,Payne,397,pickwick-papers
Sir,Doctor Payne,397,pickwick-papers
Sir,Doctor Slammer,397,pickwick-papers
Doctor Slammer,Sir,397,pickwick-papers
Doctor Slammer,Tappleton,397,pickwick-papers
Doctor Slammer,Slammer,397,pickwick-papers
Doctor Slammer,Sir,397,pickwick-papers
Doctor Slammer,Payne,397,pickwick-papers
Doctor Slammer,Doctor Payne,397,pickwick-papers
Doctor Slammer,Sir,397,pickwick-papers
Mr. Pickwick,Doctor Payne,398,pickwick-papers
Mr. Pickwick,Mr. Snodgrass,398,pickwick-papers
Doctor Payne,Mr. Pickwick,398,pickwick-papers
Doctor Payne,Mr. Snodgrass,398,pickwick-papers
Mr. Snodgrass,Mr. Pickwick,398,pickwick-papers
Mr. Snodgrass,Doctor Payne,398,pickwick-papers
Mr. Snodgrass,Tupman,399,pickwick-papers
Tupman,Mr. Snodgrass,399,pickwick-papers
Mr. Snodgrass,Mr. Pickwick,401,pickwick-papers
Mr. Pickwick,Mr. Snodgrass,401,pickwick-papers
Mr. Pickwick,Sir,405,pickwick-papers
Sir,Mr. Pickwick,405,pickwick-papers
Mr.,Pickwick,412,pickwick-papers
Pickwick,Mr.,412,pickwick-papers
Mr.,Mr. Pickwick,414,pickwick-papers
Mr.,Mr. Pickwick,414,pickwick-papers
Mr.,Mr. Snodgrass,414,pickwick-papers
Mr.,Mr. Winkle,414,pickwick-papers
Mr.,Mr. Tupman,414,pickwick-papers
Mr. Pickwick,Mr.,414,pickwick-papers
Mr. Pickwick,Mr. Snodgrass,414,pickwick-papers
Mr. Pickwick,Mr. Winkle,414,pickwick-papers
Mr. Pickwick,Mr. Tupman,414,pickwick-papers
Mr. Pickwick,Mr.,414,pickwick-papers
Mr. Pickwick,Mr. Snodgrass,414,pickwick-papers
Mr. Pickwick,Mr. Winkle,414,pickwick-papers
Mr. Pickwick,Mr. Tupman,414,pickwick-papers
Mr. Snodgrass,Mr.,414,pickwick-papers
Mr. Snodgrass,Mr. Pickwick,414,pickwick-papers
Mr. Snodgrass,Mr. Pickwick,414,pickwick-papers
Mr. Snodgrass,Mr. Winkle,414,pickwick-papers
Mr. Snodgrass,Mr. Tupman,414,pickwick-papers
Mr. Winkle,Mr.,414,pickwick-papers
Mr. Winkle,Mr. Pickwick,414,pickwick-papers
Mr. Winkle,Mr. Pickwick,414,pickwick-papers
Mr. Winkle,Mr. Snodgrass,414,pickwick-papers
Mr. Winkle,Mr. Tupman,414,pickwick-papers
Mr. Tupman,Mr.,414,pickwick-papers
Mr. Tupman,Mr. Pickwick,414,pickwick-papers
Mr. Tupman,Mr. Pickwick,414,pickwick-papers
Mr. Tupman,Mr. Snodgrass,414,pickwick-papers
Mr. Tupman,Mr. Winkle,414,pickwick-papers
Mr.,Pickwick,416,pickwick-papers
Pickwick,Mr.,416,pickwick-papers
Mr.,Pickwick,420,pickwick-papers
Pickwick,Mr.,420,pickwick-papers
Mr. Snodgrass,Mr. Winkle,422,pickwick-papers
Mr. Winkle,Mr. Snodgrass,422,pickwick-papers
Mr. Pickwick,Mr. Winkle,428,pickwick-papers
Mr. Pickwick,Mr. Snodgrass,428,pickwick-papers
Mr. Winkle,Mr. Pickwick,428,pickwick-papers
Mr. Winkle,Mr. Snodgrass,428,pickwick-papers
Mr. Snodgrass,Mr. Pickwick,428,pickwick-papers
Mr. Snodgrass,Mr. Winkle,428,pickwick-papers
Mr.,Pickwick,432,pickwick-papers
Mr.,Mr. Pickwick,432,pickwick-papers
Pickwick,Mr.,432,pickwick-papers
Pickwick,Mr. Pickwick,432,pickwick-papers
Mr. Pickwick,Mr.,432,pickwick-papers
Mr. Pickwick,Pickwick,432,pickwick-papers
Mr.,Mr. Winkle,439,pickwick-papers
Mr. Winkle,Mr.,439,pickwick-papers
Mr. Pickwick,Mr. Tupman,442,pickwick-papers
Mr. Pickwick,Mr. Tupman,442,pickwick-papers
Mr. Tupman,Mr. Pickwick,442,pickwick-papers
Mr. Tupman,Mr. Pickwick,442,pickwick-papers
Mr.,Pickwick,444,pickwick-papers
Pickwick,Mr.,444,pickwick-papers
Pickwick,Mr. Tupman,445,pickwick-papers
Pickwick,Make,445,pickwick-papers
Mr. Tupman,Pickwick,445,pickwick-papers
Mr. Tupman,Make,445,pickwick-papers
Make,Pickwick,445,pickwick-papers
Make,Mr. Tupman,445,pickwick-papers
Sir,Pray,446,pickwick-papers
Sir,Joe,446,pickwick-papers
Sir,Mr. Snodgrass,446,pickwick-papers
Sir,Mr. Winkle,446,pickwick-papers
Pray,Sir,446,pickwick-papers
Pray,Joe,446,pickwick-papers
Pray,Mr. Snodgrass,446,pickwick-papers
Pray,Mr. Winkle,446,pickwick-papers
Joe,Sir,446,pickwick-papers
Joe,Pray,446,pickwick-papers
Joe,Mr. Snodgrass,446,pickwick-papers
Joe,Mr. Winkle,446,pickwick-papers
Mr. Snodgrass,Sir,446,pickwick-papers
Mr. Snodgrass,Pray,446,pickwick-papers
Mr. Snodgrass,Joe,446,pickwick-papers
Mr. Snodgrass,Mr. Winkle,446,pickwick-papers
Mr. Winkle,Sir,446,pickwick-papers
Mr. Winkle,Pray,446,pickwick-papers
Mr. Winkle,Joe,446,pickwick-papers
Mr. Winkle,Mr. Snodgrass,446,pickwick-papers
Joe,Sir,447,pickwick-papers
Joe,Mr. Pickwick,447,pickwick-papers
Joe,Mr. Snodgrass,447,pickwick-papers
Joe,Mr. Winkle,447,pickwick-papers
Sir,Joe,447,pickwick-papers
Sir,Mr. Pickwick,447,pickwick-papers
Sir,Mr. Snodgrass,447,pickwick-papers
Sir,Mr. Winkle,447,pickwick-papers
Mr. Pickwick,Joe,447,pickwick-papers
Mr. Pickwick,Sir,447,pickwick-papers
Mr. Pickwick,Mr. Snodgrass,447,pickwick-papers
Mr. Pickwick,Mr. Winkle,447,pickwick-papers
Mr. Snodgrass,Joe,447,pickwick-papers
Mr. Snodgrass,Sir,447,pickwick-papers
Mr. Snodgrass,Mr. Pickwick,447,pickwick-papers
Mr. Snodgrass,Mr. Winkle,447,pickwick-papers
Mr. Winkle,Joe,447,pickwick-papers
Mr. Winkle,Sir,447,pickwick-papers
Mr. Winkle,Mr. Pickwick,447,pickwick-papers
Mr. Winkle,Mr. Snodgrass,447,pickwick-papers
Mr. Tupman,Sir,448,pickwick-papers
Sir,Mr. Tupman,448,pickwick-papers
Mr.,Pickwick,449,pickwick-papers
Pickwick,Mr.,449,pickwick-papers
Mr. Snodgrass,Mr. Winkle,450,pickwick-papers
Mr. Snodgrass,Miss Rachael Wardle,450,pickwick-papers
Mr. Snodgrass,Sir,450,pickwick-papers
Mr. Snodgrass,Mr. Pickwick,450,pickwick-papers
Mr. Winkle,Mr. Snodgrass,450,pickwick-papers
Mr. Winkle,Miss Rachael Wardle,450,pickwick-papers
Mr. Winkle,Sir,450,pickwick-papers
Mr. Winkle,Mr. Pickwick,450,pickwick-papers
Miss Rachael Wardle,Mr. Snodgrass,450,pickwick-papers
Miss Rachael Wardle,Mr. Winkle,450,pickwick-papers
Miss Rachael Wardle,Sir,450,pickwick-papers
Miss Rachael Wardle,Mr. Pickwick,450,pickwick-papers
Sir,Mr. Snodgrass,450,pickwick-papers
Sir,Mr. Winkle,450,pickwick-papers
Sir,Miss Rachael Wardle,450,pickwick-papers
Sir,Mr. Pickwick,450,pickwick-papers
Mr. Pickwick,Mr. Snodgrass,450,pickwick-papers
Mr. Pickwick,Mr. Winkle,450,pickwick-papers
Mr. Pickwick,Miss Rachael Wardle,450,pickwick-papers
Mr. Pickwick,Sir,450,pickwick-papers
Mr. Trundle,Mr. Pickwick,452,pickwick-papers
Mr. Pickwick,Mr. Trundle,452,pickwick-papers
Wardle,Mr. Trundle,453,pickwick-papers
Wardle,Mr. Snodgrass,453,pickwick-papers
Wardle,Mr. Wardle,453,pickwick-papers
Wardle,Mr. Tupman,453,pickwick-papers
Mr. Trundle,Wardle,453,pickwick-papers
Mr. Trundle,Mr. Snodgrass,453,pickwick-papers
Mr. Trundle,Mr. Wardle,453,pickwick-papers
Mr. Trundle,Mr. Tupman,453,pickwick-papers
Mr. Snodgrass,Wardle,453,pickwick-papers
Mr. Snodgrass,Mr. Trundle,453,pickwick-papers
Mr. Snodgrass,Mr. Wardle,453,pickwick-papers
Mr. Snodgrass,Mr. Tupman,453,pickwick-papers
Mr. Wardle,Wardle,453,pickwick-papers
Mr. Wardle,Mr. Trundle,453,pickwick-papers
Mr. Wardle,Mr. Snodgrass,453,pickwick-papers
Mr. Wardle,Mr. Tupman,453,pickwick-papers
Mr. Tupman,Wardle,453,pickwick-papers
Mr. Tupman,Mr. Trundle,453,pickwick-papers
Mr. Tupman,Mr. Snodgrass,453,pickwick-papers
Mr. Tupman,Mr. Wardle,453,pickwick-papers
Joe,Mr. Winkle,457,pickwick-papers
Mr. Winkle,Joe,457,pickwick-papers
Joe,Damn,459,pickwick-papers
Damn,Joe,459,pickwick-papers
Damn,Joe,459,pickwick-papers
Joe,Damn,459,pickwick-papers
Take,Mr. Wardle,462,pickwick-papers
Mr. Wardle,Take,462,pickwick-papers
Glad,Sir,471,pickwick-papers
Sir,Glad,471,pickwick-papers
Sir,Mr. Trundle,473,pickwick-papers
Sir,Mr. Winkle,473,pickwick-papers
Mr. Trundle,Sir,473,pickwick-papers
Mr. Trundle,Mr. Winkle,473,pickwick-papers
Mr. Winkle,Sir,473,pickwick-papers
Mr. Winkle,Mr. Trundle,473,pickwick-papers
Mr. Winkle,Mr. Trundle,474,pickwick-papers
Mr. Trundle,Mr. Winkle,474,pickwick-papers
Emily,Mr. Wardle,475,pickwick-papers
Mr. Wardle,Emily,475,pickwick-papers
Mr. Pickwick,Sir,476,pickwick-papers
Sir,Mr. Pickwick,476,pickwick-papers
Sir,Mr. Pickwick,476,pickwick-papers
Mr. Pickwick,Sir,476,pickwick-papers
Miss Isabella Wardle,Emily,479,pickwick-papers
Emily,Miss Isabella Wardle,479,pickwick-papers
Miss Wardle,Mr. Tupman,480,pickwick-papers
Mr. Tupman,Miss Wardle,480,pickwick-papers
Mr. Tupman,Rachael,483,pickwick-papers
Rachael,Mr. Tupman,483,pickwick-papers
Mr. Tupman,Rachael,484,pickwick-papers
Rachael,Mr. Tupman,484,pickwick-papers
Mr.,Tupman,492,pickwick-papers
Tupman,Mr.,492,pickwick-papers
Isabella,Emily,497,pickwick-papers
Emily,Isabella,497,pickwick-papers
Mr. Wardle,Joe,502,pickwick-papers
Joe,Mr. Wardle,502,pickwick-papers
Dingley Dell,Mr. Pickwick,512,pickwick-papers
Mr. Pickwick,Dingley Dell,512,pickwick-papers
Joe,Tom,513,pickwick-papers
Joe,Tom,513,pickwick-papers
Tom,Joe,513,pickwick-papers
Tom,Joe,513,pickwick-papers
Mr. Pickwick,Rochester Bridge,517,pickwick-papers
Rochester Bridge,Mr. Pickwick,517,pickwick-papers
Mr.,Pickwick,519,pickwick-papers
Pickwick,Mr.,519,pickwick-papers
Mr.,Pickwick,523,pickwick-papers
Pickwick,Mr.,523,pickwick-papers
Mr.,Pickwick,537,pickwick-papers
Pickwick,Mr.,537,pickwick-papers
Manor Farm,Mr. Pickwick,538,pickwick-papers
Mr. Pickwick,Manor Farm,538,pickwick-papers
Mr. Winkle,Mr. Wardle,544,pickwick-papers
Mr. Winkle,Rochester,544,pickwick-papers
Mr. Winkle,Sir,544,pickwick-papers
Mr. Wardle,Mr. Winkle,544,pickwick-papers
Mr. Wardle,Rochester,544,pickwick-papers
Mr. Wardle,Sir,544,pickwick-papers
Rochester,Mr. Winkle,544,pickwick-papers
Rochester,Mr. Wardle,544,pickwick-papers
Rochester,Sir,544,pickwick-papers
Sir,Mr. Winkle,544,pickwick-papers
Sir,Mr. Wardle,544,pickwick-papers
Sir,Rochester,544,pickwick-papers
Mr.,Winkle,547,pickwick-papers
Winkle,Mr.,547,pickwick-papers
Mr.,Pickwick,551,pickwick-papers
Pickwick,Mr.,551,pickwick-papers
Mr. Tupman,Mr. Snodgrass,560,pickwick-papers
Mr. Tupman,Mr. Pickwick,560,pickwick-papers
Mr. Snodgrass,Mr. Tupman,560,pickwick-papers
Mr. Snodgrass,Mr. Pickwick,560,pickwick-papers
Mr. Pickwick,Mr. Tupman,560,pickwick-papers
Mr. Pickwick,Mr. Snodgrass,560,pickwick-papers
Shiny,Villiam,562,pickwick-papers
Shiny,Mr. Pickwick,562,pickwick-papers
Villiam,Shiny,562,pickwick-papers
Villiam,Mr. Pickwick,562,pickwick-papers
Mr. Pickwick,Shiny,562,pickwick-papers
Mr. Pickwick,Villiam,562,pickwick-papers
Mr. Tupman,Mr. Snodgrass,564,pickwick-papers
Mr. Snodgrass,Mr. Tupman,564,pickwick-papers
Villiam,Mr. Winkle,565,pickwick-papers
Mr. Winkle,Villiam,565,pickwick-papers
Mr. Pickwick,Mr. Winkle,571,pickwick-papers
Mr. Winkle,Mr. Pickwick,571,pickwick-papers
Mr. Snodgrass,Mr. Winkle,572,pickwick-papers
Mr. Winkle,Mr. Snodgrass,572,pickwick-papers
Mr.,Pickwick,574,pickwick-papers
Mr.,Mr. Pickwick,574,pickwick-papers
Pickwick,Mr.,574,pickwick-papers
Pickwick,Mr. Pickwick,574,pickwick-papers
Mr. Pickwick,Mr.,574,pickwick-papers
Mr. Pickwick,Pickwick,574,pickwick-papers
Mr. Tupman,Mr. Snodgrass,576,pickwick-papers
Mr. Tupman,Mr. Pickwick,576,pickwick-papers
Mr. Snodgrass,Mr. Tupman,576,pickwick-papers
Mr. Snodgrass,Mr. Pickwick,576,pickwick-papers
Mr. Pickwick,Mr. Tupman,576,pickwick-papers
Mr. Pickwick,Mr. Snodgrass,576,pickwick-papers
Mr. Snodgrass,Mr. Winkle,578,pickwick-papers
Mr. Snodgrass,Mr. Pickwick,578,pickwick-papers
Mr. Winkle,Mr. Snodgrass,578,pickwick-papers
Mr. Winkle,Mr. Pickwick,578,pickwick-papers
Mr. Pickwick,Mr. Snodgrass,578,pickwick-papers
Mr. Pickwick,Mr. Winkle,578,pickwick-papers
Mr.,Pickwick,584,pickwick-papers
Mr.,Mr. Tupman,584,pickwick-papers
Mr.,Mr. Snodgrass,584,pickwick-papers
Pickwick,Mr.,584,pickwick-papers
Pickwick,Mr. Tupman,584,pickwick-papers
Pickwick,Mr. Snodgrass,584,pickwick-papers
Mr. Tupman,Mr.,584,pickwick-papers
Mr. Tupman,Pickwick,584,pickwick-papers
Mr. Tupman,Mr. Snodgrass,584,pickwick-papers
Mr. Snodgrass,Mr.,584,pickwick-papers
Mr. Snodgrass,Pickwick,584,pickwick-papers
Mr. Snodgrass,Mr. Tupman,584,pickwick-papers
Mr. Pickwick,Mr. Winkle,585,pickwick-papers
Mr. Pickwick,Mr. Winkle,585,pickwick-papers
Mr. Pickwick,Rochester,585,pickwick-papers
Mr. Pickwick,Mr. Winkle,585,pickwick-papers
Mr. Winkle,Mr. Pickwick,585,pickwick-papers
Mr. Winkle,Mr. Pickwick,585,pickwick-papers
Mr. Winkle,Mr. Pickwick,585,pickwick-papers
Mr. Winkle,Rochester,585,pickwick-papers
Mr. Winkle,Mr. Pickwick,585,pickwick-papers
Mr. Pickwick,Mr. Winkle,585,pickwick-papers
Mr. Pickwick,Mr. Winkle,585,pickwick-papers
Mr. Pickwick,Rochester,585,pickwick-papers
Mr. Pickwick,Mr. Winkle,585,pickwick-papers
Mr. Pickwick,Mr. Winkle,585,pickwick-papers
Mr. Pickwick,Mr. Winkle,585,pickwick-papers
Mr. Pickwick,Rochester,585,pickwick-papers
Mr. Pickwick,Mr. Winkle,585,pickwick-papers
Mr. Winkle,Mr. Pickwick,585,pickwick-papers
Mr. Winkle,Mr. Pickwick,585,pickwick-papers
Mr. Winkle,Mr. Pickwick,585,pickwick-papers
Mr. Winkle,Rochester,585,pickwick-papers
Mr. Winkle,Mr. Pickwick,585,pickwick-papers
Rochester,Mr. Pickwick,585,pickwick-papers
Rochester,Mr. Winkle,585,pickwick-papers
Rochester,Mr. Pickwick,585,pickwick-papers
Rochester,Mr. Pickwick,585,pickwick-papers
Rochester,Mr. Winkle,585,pickwick-papers
Rochester,Mr. Winkle,585,pickwick-papers
Rochester,Mr. Pickwick,585,pickwick-papers
Mr. Winkle,Mr. Pickwick,585,pickwick-papers
Mr. Winkle,Mr. Pickwick,585,pickwick-papers
Mr. Winkle,Mr. Pickwick,585,pickwick-papers
Mr. Winkle,Rochester,585,pickwick-papers
Mr. Winkle,Mr. Pickwick,585,pickwick-papers
Mr. Pickwick,Mr. Winkle,585,pickwick-papers
Mr. Pickwick,Mr. Winkle,585,pickwick-papers
Mr. Pickwick,Rochester,585,pickwick-papers
Mr. Pickwick,Mr. Winkle,585,pickwick-papers
Mr. Tupman,Mr. Snodgrass,587,pickwick-papers
Mr. Tupman,Mr. Snodgrass,587,pickwick-papers
Mr. Snodgrass,Mr. Tupman,587,pickwick-papers
Mr. Snodgrass,Mr. Tupman,587,pickwick-papers
Mr. Tupman,Mr. Snodgrass,587,pickwick-papers
Mr. Tupman,Mr. Snodgrass,587,pickwick-papers
Mr. Snodgrass,Mr. Tupman,587,pickwick-papers
Mr. Snodgrass,Mr. Tupman,587,pickwick-papers
Mr. Pickwick,Mr. Winkle,607,pickwick-papers
Mr. Winkle,Mr. Pickwick,607,pickwick-papers
Manor Farm,Mr. Pickwick,611,pickwick-papers
Manor Farm,Mr. Wardle,611,pickwick-papers
Mr. Pickwick,Manor Farm,611,pickwick-papers
Mr. Pickwick,Mr. Wardle,611,pickwick-papers
Mr. Wardle,Manor Farm,611,pickwick-papers
Mr. Wardle,Mr. Pickwick,611,pickwick-papers
Emma,Jane,614,pickwick-papers
Emma,Mary,614,pickwick-papers
Jane,Emma,614,pickwick-papers
Jane,Mary,614,pickwick-papers
Mary,Emma,614,pickwick-papers
Mary,Jane,614,pickwick-papers
Mr. Pickwick,Mr. Winkle,616,pickwick-papers
Mr. Winkle,Mr. Pickwick,616,pickwick-papers
Mr. Wardle,Dingley Dell,625,pickwick-papers
Mr. Wardle,Ripstone,625,pickwick-papers
Mr. Wardle,Mr. Pickwick,625,pickwick-papers
Mr. Wardle,Dingley Dell,625,pickwick-papers
Mr. Wardle,Ripstone,625,pickwick-papers
Mr. Wardle,Mr. Pickwick,625,pickwick-papers
Dingley Dell,Mr. Wardle,625,pickwick-papers
Dingley Dell,Mr. Wardle,625,pickwick-papers
Dingley Dell,Ripstone,625,pickwick-papers
Dingley Dell,Mr. Pickwick,625,pickwick-papers
Ripstone,Mr. Wardle,625,pickwick-papers
Ripstone,Mr. Wardle,625,pickwick-papers
Ripstone,Dingley Dell,625,pickwick-papers
Ripstone,Mr. Pickwick,625,pickwick-papers
Mr. Pickwick,Mr. Wardle,625,pickwick-papers
Mr. Pickwick,Mr. Wardle,625,pickwick-papers
Mr. Pickwick,Dingley Dell,625,pickwick-papers
Mr. Pickwick,Ripstone,625,pickwick-papers
Pickwick,Mr. Wardle,626,pickwick-papers
Mr. Wardle,Pickwick,626,pickwick-papers
Mr.,Pickwick,633,pickwick-papers
Pickwick,Mr.,633,pickwick-papers
Mr. Miller,Mullins,649,pickwick-papers
Mullins,Mr. Miller,649,pickwick-papers
Pope Joan,Mr. Pickwick,656,pickwick-papers
Pope Joan,Mr. Miller,656,pickwick-papers
Mr. Pickwick,Pope Joan,656,pickwick-papers
Mr. Pickwick,Mr. Miller,656,pickwick-papers
Mr. Miller,Pope Joan,656,pickwick-papers
Mr. Miller,Mr. Pickwick,656,pickwick-papers
Mr.,Pickwick,660,pickwick-papers
Pickwick,Mr.,660,pickwick-papers
Mr. Pickwick,Mr. Miller,670,pickwick-papers
Mr. Miller,Mr. Pickwick,670,pickwick-papers
Miller,Mr. Pickwick,674,pickwick-papers
Mr. Pickwick,Miller,674,pickwick-papers
Mr. Pickwick,Miller,674,pickwick-papers
Miller,Mr. Pickwick,674,pickwick-papers
Isabella Wardle,Mr. Trundle,675,pickwick-papers
Isabella Wardle,Emily Wardle,675,pickwick-papers
Isabella Wardle,Mr. Snodgrass,675,pickwick-papers
Isabella Wardle,Mr. Tupman,675,pickwick-papers
Isabella Wardle,Old Mr. Wardle,675,pickwick-papers
Isabella Wardle,Mr. Tupman,675,pickwick-papers
Isabella Wardle,Mr. Wardle,675,pickwick-papers
Isabella Wardle,Mr. Snodgrass,675,pickwick-papers
Isabella Wardle,Mr. Winkle,675,pickwick-papers
Isabella Wardle,Mr. Winkle,675,pickwick-papers
Mr. Trundle,Isabella Wardle,675,pickwick-papers
Mr. Trundle,Emily Wardle,675,pickwick-papers
Mr. Trundle,Mr. Snodgrass,675,pickwick-papers
Mr. Trundle,Mr. Tupman,675,pickwick-papers
Mr. Trundle,Old Mr. Wardle,675,pickwick-papers
Mr. Trundle,Mr. Tupman,675,pickwick-papers
Mr. Trundle,Mr. Wardle,675,pickwick-papers
Mr. Trundle,Mr. Snodgrass,675,pickwick-papers
Mr. Trundle,Mr. Winkle,675,pickwick-papers
Mr. Trundle,Mr. Winkle,675,pickwick-papers
Emily Wardle,Isabella Wardle,675,pickwick-papers
Emily Wardle,Mr. Trundle,675,pickwick-papers
Emily Wardle,Mr. Snodgrass,675,pickwick-papers
Emily Wardle,Mr. Tupman,675,pickwick-papers
Emily Wardle,Old Mr. Wardle,675,pickwick-papers
Emily Wardle,Mr. Tupman,675,pickwick-papers
Emily Wardle,Mr. Wardle,675,pickwick-papers
Emily Wardle,Mr. Snodgrass,675,pickwick-papers
Emily Wardle,Mr. Winkle,675,pickwick-papers
Emily Wardle,Mr. Winkle,675,pickwick-papers
Mr. Snodgrass,Isabella Wardle,675,pickwick-papers
Mr. Snodgrass,Mr. Trundle,675,pickwick-papers
Mr. Snodgrass,Emily Wardle,675,pickwick-papers
Mr. Snodgrass,Mr. Tupman,675,pickwick-papers
Mr. Snodgrass,Old Mr. Wardle,675,pickwick-papers
Mr. Snodgrass,Mr. Tupman,675,pickwick-papers
Mr. Snodgrass,Mr. Wardle,675,pickwick-papers
Mr. Snodgrass,Mr. Winkle,675,pickwick-papers
Mr. Snodgrass,Mr. Winkle,675,pickwick-papers
Mr. Tupman,Isabella Wardle,675,pickwick-papers
Mr. Tupman,Mr. Trundle,675,pickwick-papers
Mr. Tupman,Emily Wardle,675,pickwick-papers
Mr. Tupman,Mr. Snodgrass,675,pickwick-papers
Mr. Tupman,Old Mr. Wardle,675,pickwick-papers
Mr. Tupman,Mr. Wardle,675,pickwick-papers
Mr. Tupman,Mr. Snodgrass,675,pickwick-papers
Mr. Tupman,Mr. Winkle,675,pickwick-papers
Mr. Tupman,Mr. Winkle,675,pickwick-papers
Old Mr. Wardle,Isabella Wardle,675,pickwick-papers
Old Mr. Wardle,Mr. Trundle,675,pickwick-papers
Old Mr. Wardle,Emily Wardle,675,pickwick-papers
Old Mr. Wardle,Mr. Snodgrass,675,pickwick-papers
Old Mr. Wardle,Mr. Tupman,675,pickwick-papers
Old Mr. Wardle,Mr. Tupman,675,pickwick-papers
Old Mr. Wardle,Mr. Wardle,675,pickwick-papers
Old Mr. Wardle,Mr. Snodgrass,675,pickwick-papers
Old Mr. Wardle,Mr. Winkle,675,pickwick-papers
Old Mr. Wardle,Mr. Winkle,675,pickwick-papers
Mr. Tupman,Isabella Wardle,675,pickwick-papers
Mr. Tupman,Mr. Trundle,675,pickwick-papers
Mr. Tupman,Emily Wardle,675,pickwick-papers
Mr. Tupman,Mr. Snodgrass,675,pickwick-papers
Mr. Tupman,Old Mr. Wardle,675,pickwick-papers
Mr. Tupman,Mr. Wardle,675,pickwick-papers
Mr. Tupman,Mr. Snodgrass,675,pickwick-papers
Mr. Tupman,Mr. Winkle,675,pickwick-papers
Mr. Tupman,Mr. Winkle,675,pickwick-papers
Mr. Wardle,Isabella Wardle,675,pickwick-papers
Mr. Wardle,Mr. Trundle,675,pickwick-papers
Mr. Wardle,Emily Wardle,675,pickwick-papers
Mr. Wardle,Mr. Snodgrass,675,pickwick-papers
Mr. Wardle,Mr. Tupman,675,pickwick-papers
Mr. Wardle,Old Mr. Wardle,675,pickwick-papers
Mr. Wardle,Mr. Tupman,675,pickwick-papers
Mr. Wardle,Mr. Snodgrass,675,pickwick-papers
Mr. Wardle,Mr. Winkle,675,pickwick-papers
Mr. Wardle,Mr. Winkle,675,pickwick-papers
Mr. Snodgrass,Isabella Wardle,675,pickwick-papers
Mr. Snodgrass,Mr. Trundle,675,pickwick-papers
Mr. Snodgrass,Emily Wardle,675,pickwick-papers
Mr. Snodgrass,Mr. Tupman,675,pickwick-papers
Mr. Snodgrass,Old Mr. Wardle,675,pickwick-papers
Mr. Snodgrass,Mr. Tupman,675,pickwick-papers
Mr. Snodgrass,Mr. Wardle,675,pickwick-papers
Mr. Snodgrass,Mr. Winkle,675,pickwick-papers
Mr. Snodgrass,Mr. Winkle,675,pickwick-papers
Mr. Winkle,Isabella Wardle,675,pickwick-papers
Mr. Winkle,Mr. Trundle,675,pickwick-papers
Mr. Winkle,Emily Wardle,675,pickwick-papers
Mr. Winkle,Mr. Snodgrass,675,pickwick-papers
Mr. Winkle,Mr. Tupman,675,pickwick-papers
Mr. Winkle,Old Mr. Wardle,675,pickwick-papers
Mr. Winkle,Mr. Tupman,675,pickwick-papers
Mr. Winkle,Mr. Wardle,675,pickwick-papers
Mr. Winkle,Mr. Snodgrass,675,pickwick-papers
Mr. Winkle,Isabella Wardle,675,pickwick-papers
Mr. Winkle,Mr. Trundle,675,pickwick-papers
Mr. Winkle,Emily Wardle,675,pickwick-papers
Mr. Winkle,Mr. Snodgrass,675,pickwick-papers
Mr. Winkle,Mr. Tupman,675,pickwick-papers
Mr. Winkle,Old Mr. Wardle,675,pickwick-papers
Mr. Winkle,Mr. Tupman,675,pickwick-papers
Mr. Winkle,Mr. Wardle,675,pickwick-papers
Mr. Winkle,Mr. Snodgrass,675,pickwick-papers
Mr. Pickwick,Mr. Snodgrass,679,pickwick-papers
Mr. Snodgrass,Mr. Pickwick,679,pickwick-papers
Mr. Snodgrass,Mr. Pickwick,690,pickwick-papers
Mr. Snodgrass,Mr. Pickwick,690,pickwick-papers
Mr. Pickwick,Mr. Snodgrass,690,pickwick-papers
Mr. Pickwick,Mr. Snodgrass,690,pickwick-papers
Mr. Snodgrass,Mr. Pickwick,690,pickwick-papers
Mr. Snodgrass,Mr. Pickwick,690,pickwick-papers
Mr. Pickwick,Mr. Snodgrass,690,pickwick-papers
Mr. Pickwick,Mr. Snodgrass,690,pickwick-papers
John Edmunds,Mr. Wardle,693,pickwick-papers
Mr. Wardle,John Edmunds,693,pickwick-papers
Mr. Tupman,Mr. Miller,698,pickwick-papers
Mr. Miller,Mr. Tupman,698,pickwick-papers
Mr.,Pickwick,740,pickwick-papers
Pickwick,Mr.,740,pickwick-papers
Mr. Pickwick,Mr. Tupman,750,pickwick-papers
Mr. Pickwick,Mr. Snodgrass,750,pickwick-papers
Mr. Pickwick,Mr. Winkle,750,pickwick-papers
Mr. Tupman,Mr. Pickwick,750,pickwick-papers
Mr. Tupman,Mr. Snodgrass,750,pickwick-papers
Mr. Tupman,Mr. Winkle,750,pickwick-papers
Mr. Snodgrass,Mr. Pickwick,750,pickwick-papers
Mr. Snodgrass,Mr. Tupman,750,pickwick-papers
Mr. Snodgrass,Mr. Winkle,750,pickwick-papers
Mr. Winkle,Mr. Pickwick,750,pickwick-papers
Mr. Winkle,Mr. Tupman,750,pickwick-papers
Mr. Winkle,Mr. Snodgrass,750,pickwick-papers
Mr.,Winkle,752,pickwick-papers
Winkle,Mr.,752,pickwick-papers
Mr.,Winkle,768,pickwick-papers
Mr.,Mr. Pickwick,768,pickwick-papers
Winkle,Mr.,768,pickwick-papers
Winkle,Mr. Pickwick,768,pickwick-papers
Mr. Pickwick,Mr.,768,pickwick-papers
Mr. Pickwick,Winkle,768,pickwick-papers
Mr. Pickwick,Mr. Winkle,774,pickwick-papers
Mr. Pickwick,Mr. Tupman,774,pickwick-papers
Mr. Pickwick,Mr. Winkle,774,pickwick-papers
Mr. Pickwick,Mr. Tupman,774,pickwick-papers
Mr. Winkle,Mr. Pickwick,774,pickwick-papers
Mr. Winkle,Mr. Tupman,774,pickwick-papers
Mr. Winkle,Mr. Tupman,774,pickwick-papers
Mr. Tupman,Mr. Pickwick,774,pickwick-papers
Mr. Tupman,Mr. Winkle,774,pickwick-papers
Mr. Tupman,Mr. Winkle,774,pickwick-papers
Mr. Winkle,Mr. Pickwick,774,pickwick-papers
Mr. Winkle,Mr. Tupman,774,pickwick-papers
Mr. Winkle,Mr. Tupman,774,pickwick-papers
Mr. Tupman,Mr. Pickwick,774,pickwick-papers
Mr. Tupman,Mr. Winkle,774,pickwick-papers
Mr. Tupman,Mr. Winkle,774,pickwick-papers
Mr. Pickwick,Mr. Winkle,775,pickwick-papers
Mr. Pickwick,Mr. Tupman,775,pickwick-papers
Mr. Pickwick,Mr. Winkle,775,pickwick-papers
Mr. Pickwick,Mr. Tupman,775,pickwick-papers
Mr. Winkle,Mr. Pickwick,775,pickwick-papers
Mr. Winkle,Mr. Tupman,775,pickwick-papers
Mr. Winkle,Mr. Tupman,775,pickwick-papers
Mr. Tupman,Mr. Pickwick,775,pickwick-papers
Mr. Tupman,Mr. Winkle,775,pickwick-papers
Mr. Tupman,Mr. Winkle,775,pickwick-papers
Mr. Winkle,Mr. Pickwick,775,pickwick-papers
Mr. Winkle,Mr. Tupman,775,pickwick-papers
Mr. Winkle,Mr. Tupman,775,pickwick-papers
Mr. Tupman,Mr. Pickwick,775,pickwick-papers
Mr. Tupman,Mr. Winkle,775,pickwick-papers
Mr. Tupman,Mr. Winkle,775,pickwick-papers
Isabella Wardle,Mr. Pickwick,778,pickwick-papers
Isabella Wardle,Tracy Tupman,778,pickwick-papers
Mr. Pickwick,Isabella Wardle,778,pickwick-papers
Mr. Pickwick,Tracy Tupman,778,pickwick-papers
Tracy Tupman,Isabella Wardle,778,pickwick-papers
Tracy Tupman,Mr. Pickwick,778,pickwick-papers
Bella,Emily,785,pickwick-papers
Emily,Bella,785,pickwick-papers
Mr. Tupman,Miss Rachael,791,pickwick-papers
Mr. Tupman,Mr. Tracy Tupman,791,pickwick-papers
Miss Rachael,Mr. Tupman,791,pickwick-papers
Miss Rachael,Mr. Tracy Tupman,791,pickwick-papers
Mr. Tracy Tupman,Mr. Tupman,791,pickwick-papers
Mr. Tracy Tupman,Miss Rachael,791,pickwick-papers
Mr.,Tupman,795,pickwick-papers
Tupman,Mr.,795,pickwick-papers
Mr. Tracy Tupman,Mr. Wardle,798,pickwick-papers
Mr. Wardle,Mr. Tracy Tupman,798,pickwick-papers
Mr. Pickwick,Doubt,799,pickwick-papers
Mr. Pickwick,Mr. Winkle,799,pickwick-papers
Doubt,Mr. Pickwick,799,pickwick-papers
Doubt,Mr. Winkle,799,pickwick-papers
Mr. Winkle,Mr. Pickwick,799,pickwick-papers
Mr. Winkle,Doubt,799,pickwick-papers
Mr. Pickwick,Mr. Winkle,806,pickwick-papers
Mr. Pickwick,Mr. Winkle,806,pickwick-papers
Mr. Winkle,Mr. Pickwick,806,pickwick-papers
Mr. Winkle,Mr. Pickwick,806,pickwick-papers
Mr. Tupman,Mr. Wardle,809,pickwick-papers
Mr. Tupman,Muggleton,809,pickwick-papers
Mr. Tupman,Dingley Dell,809,pickwick-papers
Mr. Wardle,Mr. Tupman,809,pickwick-papers
Mr. Wardle,Muggleton,809,pickwick-papers
Mr. Wardle,Dingley Dell,809,pickwick-papers
Muggleton,Mr. Tupman,809,pickwick-papers
Muggleton,Mr. Wardle,809,pickwick-papers
Muggleton,Dingley Dell,809,pickwick-papers
Dingley Dell,Mr. Tupman,809,pickwick-papers
Dingley Dell,Mr. Wardle,809,pickwick-papers
Dingley Dell,Muggleton,809,pickwick-papers
Mr.,Pickwick,812,pickwick-papers
Mr.,Mr. Pickwick,812,pickwick-papers
Pickwick,Mr.,812,pickwick-papers
Pickwick,Mr. Pickwick,812,pickwick-papers
Mr. Pickwick,Mr.,812,pickwick-papers
Mr. Pickwick,Pickwick,812,pickwick-papers
Mr.,Pickwick,822,pickwick-papers
Mr.,Mr. Winkle,822,pickwick-papers
Mr.,Mr. Snodgrass,822,pickwick-papers
Mr.,Mr. Wardle,822,pickwick-papers
Pickwick,Mr.,822,pickwick-papers
Pickwick,Mr. Winkle,822,pickwick-papers
Pickwick,Mr. Snodgrass,822,pickwick-papers
Pickwick,Mr. Wardle,822,pickwick-papers
Mr. Winkle,Mr.,822,pickwick-papers
Mr. Winkle,Pickwick,822,pickwick-papers
Mr. Winkle,Mr. Snodgrass,822,pickwick-papers
Mr. Winkle,Mr. Wardle,822,pickwick-papers
Mr. Snodgrass,Mr.,822,pickwick-papers
Mr. Snodgrass,Pickwick,822,pickwick-papers
Mr. Snodgrass,Mr. Winkle,822,pickwick-papers
Mr. Snodgrass,Mr. Wardle,822,pickwick-papers
Mr. Wardle,Mr.,822,pickwick-papers
Mr. Wardle,Pickwick,822,pickwick-papers
Mr. Wardle,Mr. Winkle,822,pickwick-papers
Mr. Wardle,Mr. Snodgrass,822,pickwick-papers
Wardle,Mr. Pickwick,823,pickwick-papers
Mr. Pickwick,Wardle,823,pickwick-papers
Mr.,Pickwick,827,pickwick-papers
Pickwick,Mr.,827,pickwick-papers
Mr. Dumkins,Mr. Podder,828,pickwick-papers
Mr. Dumkins,Mr. Luffey,828,pickwick-papers
Mr. Dumkins,Dingley Dell,828,pickwick-papers
Mr. Dumkins,Dumkins,828,pickwick-papers
Mr. Dumkins,Struggles,828,pickwick-papers
Mr. Podder,Mr. Dumkins,828,pickwick-papers
Mr. Podder,Mr. Luffey,828,pickwick-papers
Mr. Podder,Dingley Dell,828,pickwick-papers
Mr. Podder,Dumkins,828,pickwick-papers
Mr. Podder,Struggles,828,pickwick-papers
Mr. Luffey,Mr. Dumkins,828,pickwick-papers
Mr. Luffey,Mr. Podder,828,pickwick-papers
Mr. Luffey,Dingley Dell,828,pickwick-papers
Mr. Luffey,Dumkins,828,pickwick-papers
Mr. Luffey,Struggles,828,pickwick-papers
Dingley Dell,Mr. Dumkins,828,pickwick-papers
Dingley Dell,Mr. Podder,828,pickwick-papers
Dingley Dell,Mr. Luffey,828,pickwick-papers
Dingley Dell,Dumkins,828,pickwick-papers
Dingley Dell,Struggles,828,pickwick-papers
Dumkins,Mr. Dumkins,828,pickwick-papers
Dumkins,Mr. Podder,828,pickwick-papers
Dumkins,Mr. Luffey,828,pickwick-papers
Dumkins,Dingley Dell,828,pickwick-papers
Dumkins,Struggles,828,pickwick-papers
Struggles,Mr. Dumkins,828,pickwick-papers
Struggles,Mr. Podder,828,pickwick-papers
Struggles,Mr. Luffey,828,pickwick-papers
Struggles,Dingley Dell,828,pickwick-papers
Struggles,Dumkins,828,pickwick-papers
Podder,Muggleton,831,pickwick-papers
Podder,Dumkins,831,pickwick-papers
Podder,Dumkins,831,pickwick-papers
Podder,Dumkins,831,pickwick-papers
Podder,Muggleton,831,pickwick-papers
Podder,Luffey,831,pickwick-papers
Podder,Struggles,831,pickwick-papers
Podder,Dingley Dell,831,pickwick-papers
Podder,Dingley Dell,831,pickwick-papers
Muggleton,Podder,831,pickwick-papers
Muggleton,Dumkins,831,pickwick-papers
Muggleton,Podder,831,pickwick-papers
Muggleton,Dumkins,831,pickwick-papers
Muggleton,Dumkins,831,pickwick-papers
Muggleton,Podder,831,pickwick-papers
Muggleton,Luffey,831,pickwick-papers
Muggleton,Struggles,831,pickwick-papers
Muggleton,Dingley Dell,831,pickwick-papers
Muggleton,Dingley Dell,831,pickwick-papers
Dumkins,Podder,831,pickwick-papers
Dumkins,Muggleton,831,pickwick-papers
Dumkins,Podder,831,pickwick-papers
Dumkins,Podder,831,pickwick-papers
Dumkins,Muggleton,831,pickwick-papers
Dumkins,Luffey,831,pickwick-papers
Dumkins,Struggles,831,pickwick-papers
Dumkins,Dingley Dell,831,pickwick-papers
Dumkins,Dingley Dell,831,pickwick-papers
Podder,Muggleton,831,pickwick-papers
Podder,Dumkins,831,pickwick-papers
Podder,Dumkins,831,pickwick-papers
Podder,Dumkins,831,pickwick-papers
Podder,Muggleton,831,pickwick-papers
Podder,Luffey,831,pickwick-papers
Podder,Struggles,831,pickwick-papers
Podder,Dingley Dell,831,pickwick-papers
Podder,Dingley Dell,831,pickwick-papers
Dumkins,Podder,831,pickwick-papers
Dumkins,Muggleton,831,pickwick-papers
Dumkins,Podder,831,pickwick-papers
Dumkins,Podder,831,pickwick-papers
Dumkins,Muggleton,831,pickwick-papers
Dumkins,Luffey,831,pickwick-papers
Dumkins,Struggles,831,pickwick-papers
Dumkins,Dingley Dell,831,pickwick-papers
Dumkins,Dingley Dell,831,pickwick-papers
Dumkins,Podder,831,pickwick-papers
Dumkins,Muggleton,831,pickwick-papers
Dumkins,Podder,831,pickwick-papers
Dumkins,Podder,831,pickwick-papers
Dumkins,Muggleton,831,pickwick-papers
Dumkins,Luffey,831,pickwick-papers
Dumkins,Struggles,831,pickwick-papers
Dumkins,Dingley Dell,831,pickwick-papers
Dumkins,Dingley Dell,831,pickwick-papers
Podder,Muggleton,831,pickwick-papers
Podder,Dumkins,831,pickwick-papers
Podder,Dumkins,831,pickwick-papers
Podder,Dumkins,831,pickwick-papers
Podder,Muggleton,831,pickwick-papers
Podder,Luffey,831,pickwick-papers
Podder,Struggles,831,pickwick-papers
Podder,Dingley Dell,831,pickwick-papers
Podder,Dingley Dell,831,pickwick-papers
Muggleton,Podder,831,pickwick-papers
Muggleton,Dumkins,831,pickwick-papers
Muggleton,Podder,831,pickwick-papers
Muggleton,Dumkins,831,pickwick-papers
Muggleton,Dumkins,831,pickwick-papers
Muggleton,Podder,831,pickwick-papers
Muggleton,Luffey,831,pickwick-papers
Muggleton,Struggles,831,pickwick-papers
Muggleton,Dingley Dell,831,pickwick-papers
Muggleton,Dingley Dell,831,pickwick-papers
Luffey,Podder,831,pickwick-papers
Luffey,Muggleton,831,pickwick-papers
Luffey,Dumkins,831,pickwick-papers
Luffey,Podder,831,pickwick-papers
Luffey,Dumkins,831,pickwick-papers
Luffey,Dumkins,831,pickwick-papers
Luffey,Podder,831,pickwick-papers
Luffey,Muggleton,831,pickwick-papers
Luffey,Struggles,831,pickwick-papers
Luffey,Dingley Dell,831,pickwick-papers
Luffey,Dingley Dell,831,pickwick-papers
Struggles,Podder,831,pickwick-papers
Struggles,Muggleton,831,pickwick-papers
Struggles,Dumkins,831,pickwick-papers
Struggles,Podder,831,pickwick-papers
Struggles,Dumkins,831,pickwick-papers
Struggles,Dumkins,831,pickwick-papers
Struggles,Podder,831,pickwick-papers
Struggles,Muggleton,831,pickwick-papers
Struggles,Luffey,831,pickwick-papers
Struggles,Dingley Dell,831,pickwick-papers
Struggles,Dingley Dell,831,pickwick-papers
Dingley Dell,Podder,831,pickwick-papers
Dingley Dell,Muggleton,831,pickwick-papers
Dingley Dell,Dumkins,831,pickwick-papers
Dingley Dell,Podder,831,pickwick-papers
Dingley Dell,Dumkins,831,pickwick-papers
Dingley Dell,Dumkins,831,pickwick-papers
Dingley Dell,Podder,831,pickwick-papers
Dingley Dell,Muggleton,831,pickwick-papers
Dingley Dell,Luffey,831,pickwick-papers
Dingley Dell,Struggles,831,pickwick-papers
Dingley Dell,Podder,831,pickwick-papers
Dingley Dell,Muggleton,831,pickwick-papers
Dingley Dell,Dumkins,831,pickwick-papers
Dingley Dell,Podder,831,pickwick-papers
Dingley Dell,Dumkins,831,pickwick-papers
Dingley Dell,Dumkins,831,pickwick-papers
Dingley Dell,Podder,831,pickwick-papers
Dingley Dell,Muggleton,831,pickwick-papers
Dingley Dell,Luffey,831,pickwick-papers
Dingley Dell,Struggles,831,pickwick-papers
Sir Thomas Blazo,Blazo,836,pickwick-papers
Sir Thomas Blazo,Quanko Samba,836,pickwick-papers
Sir Thomas Blazo,Quanko,836,pickwick-papers
Blazo,Sir Thomas Blazo,836,pickwick-papers
Blazo,Quanko Samba,836,pickwick-papers
Blazo,Quanko,836,pickwick-papers
Quanko Samba,Sir Thomas Blazo,836,pickwick-papers
Quanko Samba,Blazo,836,pickwick-papers
Quanko Samba,Quanko,836,pickwick-papers
Quanko,Sir Thomas Blazo,836,pickwick-papers
Quanko,Blazo,836,pickwick-papers
Quanko,Quanko Samba,836,pickwick-papers
Mr. Wardle,Mr.,844,pickwick-papers
Mr.,Mr. Wardle,844,pickwick-papers
Alfred Jingle,Nowhere,845,pickwick-papers
Nowhere,Alfred Jingle,845,pickwick-papers
Mr. Alfred Jingle,Mr. Pickwick,847,pickwick-papers
Mr. Alfred Jingle,Mr. Wardle,847,pickwick-papers
Mr. Pickwick,Mr. Alfred Jingle,847,pickwick-papers
Mr. Pickwick,Mr. Wardle,847,pickwick-papers
Mr. Wardle,Mr. Alfred Jingle,847,pickwick-papers
Mr. Wardle,Mr. Pickwick,847,pickwick-papers
Muggleton,Mr. Dumkins,849,pickwick-papers
Muggleton,Mr. Luffey,849,pickwick-papers
Mr. Dumkins,Muggleton,849,pickwick-papers
Mr. Dumkins,Mr. Luffey,849,pickwick-papers
Mr. Luffey,Muggleton,849,pickwick-papers
Mr. Luffey,Mr. Dumkins,849,pickwick-papers
Mr.,Jingle,856,pickwick-papers
Jingle,Mr.,856,pickwick-papers
Mr. Jingle,Sir,860,pickwick-papers
Mr. Jingle,Sir,860,pickwick-papers
Mr. Jingle,Muggleton,860,pickwick-papers
Mr. Jingle,Muggleton,860,pickwick-papers
Mr. Jingle,Dingley Dell,860,pickwick-papers
Mr. Jingle,Sir,860,pickwick-papers
Mr. Jingle,Alexander,860,pickwick-papers
Mr. Jingle,Alexander,860,pickwick-papers
Mr. Jingle,Struggles,860,pickwick-papers
Mr. Jingle,Podder,860,pickwick-papers
Mr. Jingle,Dumkins,860,pickwick-papers
Sir,Mr. Jingle,860,pickwick-papers
Sir,Muggleton,860,pickwick-papers
Sir,Muggleton,860,pickwick-papers
Sir,Dingley Dell,860,pickwick-papers
Sir,Alexander,860,pickwick-papers
Sir,Alexander,860,pickwick-papers
Sir,Struggles,860,pickwick-papers
Sir,Podder,860,pickwick-papers
Sir,Dumkins,860,pickwick-papers
Sir,Mr. Jingle,860,pickwick-papers
Sir,Muggleton,860,pickwick-papers
Sir,Muggleton,860,pickwick-papers
Sir,Dingley Dell,860,pickwick-papers
Sir,Alexander,860,pickwick-papers
Sir,Alexander,860,pickwick-papers
Sir,Struggles,860,pickwick-papers
Sir,Podder,860,pickwick-papers
Sir,Dumkins,860,pickwick-papers
Muggleton,Mr. Jingle,860,pickwick-papers
Muggleton,Sir,860,pickwick-papers
Muggleton,Sir,860,pickwick-papers
Muggleton,Dingley Dell,860,pickwick-papers
Muggleton,Sir,860,pickwick-papers
Muggleton,Alexander,860,pickwick-papers
Muggleton,Alexander,860,pickwick-papers
Muggleton,Struggles,860,pickwick-papers
Muggleton,Podder,860,pickwick-papers
Muggleton,Dumkins,860,pickwick-papers
Muggleton,Mr. Jingle,860,pickwick-papers
Muggleton,Sir,860,pickwick-papers
Muggleton,Sir,860,pickwick-papers
Muggleton,Dingley Dell,860,pickwick-papers
Muggleton,Sir,860,pickwick-papers
Muggleton,Alexander,860,pickwick-papers
Muggleton,Alexander,860,pickwick-papers
Muggleton,Struggles,860,pickwick-papers
Muggleton,Podder,860,pickwick-papers
Muggleton,Dumkins,860,pickwick-papers
Dingley Dell,Mr. Jingle,860,pickwick-papers
Dingley Dell,Sir,860,pickwick-papers
Dingley Dell,Sir,860,pickwick-papers
Dingley Dell,Muggleton,860,pickwick-papers
Dingley Dell,Muggleton,860,pickwick-papers
Dingley Dell,Sir,860,pickwick-papers
Dingley Dell,Alexander,860,pickwick-papers
Dingley Dell,Alexander,860,pickwick-papers
Dingley Dell,Struggles,860,pickwick-papers
Dingley Dell,Podder,860,pickwick-papers
Dingley Dell,Dumkins,860,pickwick-papers
Sir,Mr. Jingle,860,pickwick-papers
Sir,Muggleton,860,pickwick-papers
Sir,Muggleton,860,pickwick-papers
Sir,Dingley Dell,860,pickwick-papers
Sir,Alexander,860,pickwick-papers
Sir,Alexander,860,pickwick-papers
Sir,Struggles,860,pickwick-papers
Sir,Podder,860,pickwick-papers
Sir,Dumkins,860,pickwick-papers
Alexander,Mr. Jingle,860,pickwick-papers
Alexander,Sir,860,pickwick-papers
Alexander,Sir,860,pickwick-papers
Alexander,Muggleton,860,pickwick-papers
Alexander,Muggleton,860,pickwick-papers
Alexander,Dingley Dell,860,pickwick-papers
Alexander,Sir,860,pickwick-papers
Alexander,Struggles,860,pickwick-papers
Alexander,Podder,860,pickwick-papers
Alexander,Dumkins,860,pickwick-papers
Alexander,Mr. Jingle,860,pickwick-papers
Alexander,Sir,860,pickwick-papers
Alexander,Sir,860,pickwick-papers
Alexander,Muggleton,860,pickwick-papers
Alexander,Muggleton,860,pickwick-papers
Alexander,Dingley Dell,860,pickwick-papers
Alexander,Sir,860,pickwick-papers
Alexander,Struggles,860,pickwick-papers
Alexander,Podder,860,pickwick-papers
Alexander,Dumkins,860,pickwick-papers
Struggles,Mr. Jingle,860,pickwick-papers
Struggles,Sir,860,pickwick-papers
Struggles,Sir,860,pickwick-papers
Struggles,Muggleton,860,pickwick-papers
Struggles,Muggleton,860,pickwick-papers
Struggles,Dingley Dell,860,pickwick-papers
Struggles,Sir,860,pickwick-papers
Struggles,Alexander,860,pickwick-papers
Struggles,Alexander,860,pickwick-papers
Struggles,Podder,860,pickwick-papers
Struggles,Dumkins,860,pickwick-papers
Podder,Mr. Jingle,860,pickwick-papers
Podder,Sir,860,pickwick-papers
Podder,Sir,860,pickwick-papers
Podder,Muggleton,860,pickwick-papers
Podder,Muggleton,860,pickwick-papers
Podder,Dingley Dell,860,pickwick-papers
Podder,Sir,860,pickwick-papers
Podder,Alexander,860,pickwick-papers
Podder,Alexander,860,pickwick-papers
Podder,Struggles,860,pickwick-papers
Podder,Dumkins,860,pickwick-papers
Dumkins,Mr. Jingle,860,pickwick-papers
Dumkins,Sir,860,pickwick-papers
Dumkins,Sir,860,pickwick-papers
Dumkins,Muggleton,860,pickwick-papers
Dumkins,Muggleton,860,pickwick-papers
Dumkins,Dingley Dell,860,pickwick-papers
Dumkins,Sir,860,pickwick-papers
Dumkins,Alexander,860,pickwick-papers
Dumkins,Alexander,860,pickwick-papers
Dumkins,Struggles,860,pickwick-papers
Dumkins,Podder,860,pickwick-papers
Mr. Luffey,Struggles,861,pickwick-papers
Mr. Luffey,Mr. Pickwick,861,pickwick-papers
Mr. Luffey,Mr. Jingle,861,pickwick-papers
Struggles,Mr. Luffey,861,pickwick-papers
Struggles,Mr. Pickwick,861,pickwick-papers
Struggles,Mr. Jingle,861,pickwick-papers
Mr. Pickwick,Mr. Luffey,861,pickwick-papers
Mr. Pickwick,Struggles,861,pickwick-papers
Mr. Pickwick,Mr. Jingle,861,pickwick-papers
Mr. Jingle,Mr. Luffey,861,pickwick-papers
Mr. Jingle,Struggles,861,pickwick-papers
Mr. Jingle,Mr. Pickwick,861,pickwick-papers
Mr. Snodgrass,Mr. Jingle,862,pickwick-papers
Mr. Jingle,Mr. Snodgrass,862,pickwick-papers
Mr. Tupman,Dingley Dell,863,pickwick-papers
Mr. Tupman,Muggleton,863,pickwick-papers
Dingley Dell,Mr. Tupman,863,pickwick-papers
Dingley Dell,Muggleton,863,pickwick-papers
Muggleton,Mr. Tupman,863,pickwick-papers
Muggleton,Dingley Dell,863,pickwick-papers
Dingley Dell,Mr. Tracy Tupman,867,pickwick-papers
Dingley Dell,Mr. Tupman,867,pickwick-papers
Dingley Dell,Mr. Tupman,867,pickwick-papers
Mr. Tracy Tupman,Dingley Dell,867,pickwick-papers
Mr. Tracy Tupman,Mr. Tupman,867,pickwick-papers
Mr. Tracy Tupman,Mr. Tupman,867,pickwick-papers
Mr. Tupman,Dingley Dell,867,pickwick-papers
Mr. Tupman,Mr. Tracy Tupman,867,pickwick-papers
Mr. Tupman,Dingley Dell,867,pickwick-papers
Mr. Tupman,Mr. Tracy Tupman,867,pickwick-papers
Isabella,Emily,868,pickwick-papers
Isabella,Mr. Trundle,868,pickwick-papers
Emily,Isabella,868,pickwick-papers
Emily,Mr. Trundle,868,pickwick-papers
Mr. Trundle,Isabella,868,pickwick-papers
Mr. Trundle,Emily,868,pickwick-papers
Mr. Tupman,Miss Wardle,886,pickwick-papers
Miss Wardle,Mr. Tupman,886,pickwick-papers
Miss Wardle,Mr. Tupman,886,pickwick-papers
Mr. Tupman,Miss Wardle,886,pickwick-papers
Tupman,Rachael,887,pickwick-papers
Rachael,Tupman,887,pickwick-papers
Mr.,Mr. Tupman,890,pickwick-papers
Mr. Tupman,Mr.,890,pickwick-papers
Mr.,Tupman,892,pickwick-papers
Mr.,Mr. Tupman,892,pickwick-papers
Mr.,Mr. Tupman,892,pickwick-papers
Tupman,Mr.,892,pickwick-papers
Tupman,Mr. Tupman,892,pickwick-papers
Tupman,Mr. Tupman,892,pickwick-papers
Mr. Tupman,Mr.,892,pickwick-papers
Mr. Tupman,Tupman,892,pickwick-papers
Mr. Tupman,Mr.,892,pickwick-papers
Mr. Tupman,Tupman,892,pickwick-papers
Mr.,Tupman,897,pickwick-papers
Tupman,Mr.,897,pickwick-papers
Mr.,Tupman,898,pickwick-papers
Tupman,Mr.,898,pickwick-papers
Mr.,Tupman,905,pickwick-papers
Tupman,Mr.,905,pickwick-papers
Isabella Wardle,Mr. Trundle,906,pickwick-papers
Isabella Wardle,Mr. Tupman,906,pickwick-papers
Isabella Wardle,Emily,906,pickwick-papers
Mr. Trundle,Isabella Wardle,906,pickwick-papers
Mr. Trundle,Mr. Tupman,906,pickwick-papers
Mr. Trundle,Emily,906,pickwick-papers
Mr. Tupman,Isabella Wardle,906,pickwick-papers
Mr. Tupman,Mr. Trundle,906,pickwick-papers
Mr. Tupman,Emily,906,pickwick-papers
Emily,Isabella Wardle,906,pickwick-papers
Emily,Mr. Trundle,906,pickwick-papers
Emily,Mr. Tupman,906,pickwick-papers
Mr. Pickwick,Mr. Wardle,908,pickwick-papers
Mr. Pickwick,Mr. Winkle,908,pickwick-papers
Mr. Pickwick,Mr. Snodgrass,908,pickwick-papers
Mr. Wardle,Mr. Pickwick,908,pickwick-papers
Mr. Wardle,Mr. Winkle,908,pickwick-papers
Mr. Wardle,Mr. Snodgrass,908,pickwick-papers
Mr. Winkle,Mr. Pickwick,908,pickwick-papers
Mr. Winkle,Mr. Wardle,908,pickwick-papers
Mr. Winkle,Mr. Snodgrass,908,pickwick-papers
Mr. Snodgrass,Mr. Pickwick,908,pickwick-papers
Mr. Snodgrass,Mr. Wardle,908,pickwick-papers
Mr. Snodgrass,Mr. Winkle,908,pickwick-papers
Mr. Jingle,Mr. Pickwick,911,pickwick-papers
Mr. Pickwick,Mr. Jingle,911,pickwick-papers
Mr. Pickwick,Mr. Jingle,911,pickwick-papers
Mr. Jingle,Mr. Pickwick,911,pickwick-papers
Mr. Snodgrass,Sir,912,pickwick-papers
Mr. Snodgrass,Emily,912,pickwick-papers
Sir,Mr. Snodgrass,912,pickwick-papers
Sir,Emily,912,pickwick-papers
Emily,Mr. Snodgrass,912,pickwick-papers
Emily,Sir,912,pickwick-papers
Mr. Winkle,Tupman,920,pickwick-papers
Mr. Winkle,Mr. Snodgrass,920,pickwick-papers
Mr. Winkle,Mr. Pickwick,920,pickwick-papers
Mr. Winkle,Mr. Tupman,920,pickwick-papers
Mr. Winkle,Mr. Wardle,920,pickwick-papers
Mr. Winkle,Mr. Trundle,920,pickwick-papers
Tupman,Mr. Winkle,920,pickwick-papers
Tupman,Mr. Snodgrass,920,pickwick-papers
Tupman,Mr. Pickwick,920,pickwick-papers
Tupman,Mr. Tupman,920,pickwick-papers
Tupman,Mr. Wardle,920,pickwick-papers
Tupman,Mr. Trundle,920,pickwick-papers
Mr. Snodgrass,Mr. Winkle,920,pickwick-papers
Mr. Snodgrass,Tupman,920,pickwick-papers
Mr. Snodgrass,Mr. Pickwick,920,pickwick-papers
Mr. Snodgrass,Mr. Tupman,920,pickwick-papers
Mr. Snodgrass,Mr. Wardle,920,pickwick-papers
Mr. Snodgrass,Mr. Trundle,920,pickwick-papers
Mr. Pickwick,Mr. Winkle,920,pickwick-papers
Mr. Pickwick,Tupman,920,pickwick-papers
Mr. Pickwick,Mr. Snodgrass,920,pickwick-papers
Mr. Pickwick,Mr. Tupman,920,pickwick-papers
Mr. Pickwick,Mr. Wardle,920,pickwick-papers
Mr. Pickwick,Mr. Trundle,920,pickwick-papers
Mr. Tupman,Mr. Winkle,920,pickwick-papers
Mr. Tupman,Tupman,920,pickwick-papers
Mr. Tupman,Mr. Snodgrass,920,pickwick-papers
Mr. Tupman,Mr. Pickwick,920,pickwick-papers
Mr. Tupman,Mr. Wardle,920,pickwick-papers
Mr. Tupman,Mr. Trundle,920,pickwick-papers
Mr. Wardle,Mr. Winkle,920,pickwick-papers
Mr. Wardle,Tupman,920,pickwick-papers
Mr. Wardle,Mr. Snodgrass,920,pickwick-papers
Mr. Wardle,Mr. Pickwick,920,pickwick-papers
Mr. Wardle,Mr. Tupman,920,pickwick-papers
Mr. Wardle,Mr. Trundle,920,pickwick-papers
Mr. Trundle,Mr. Winkle,920,pickwick-papers
Mr. Trundle,Tupman,920,pickwick-papers
Mr. Trundle,Mr. Snodgrass,920,pickwick-papers
Mr. Trundle,Mr. Pickwick,920,pickwick-papers
Mr. Trundle,Mr. Tupman,920,pickwick-papers
Mr. Trundle,Mr. Wardle,920,pickwick-papers
Mr.,Tupman,927,pickwick-papers
Mr.,Mr. Tupman,927,pickwick-papers
Mr.,Jingle,927,pickwick-papers
Mr.,Jingle,927,pickwick-papers
Tupman,Mr.,927,pickwick-papers
Tupman,Mr. Tupman,927,pickwick-papers
Tupman,Jingle,927,pickwick-papers
Tupman,Jingle,927,pickwick-papers
Mr. Tupman,Mr.,927,pickwick-papers
Mr. Tupman,Tupman,927,pickwick-papers
Mr. Tupman,Jingle,927,pickwick-papers
Mr. Tupman,Jingle,927,pickwick-papers
Jingle,Mr.,927,pickwick-papers
Jingle,Tupman,927,pickwick-papers
Jingle,Mr. Tupman,927,pickwick-papers
Jingle,Mr.,927,pickwick-papers
Jingle,Tupman,927,pickwick-papers
Jingle,Mr. Tupman,927,pickwick-papers
Hesitation,Mr. Alfred Jingle,960,pickwick-papers
Mr. Alfred Jingle,Hesitation,960,pickwick-papers
Jingle,Sir,966,pickwick-papers
Sir,Jingle,966,pickwick-papers
Mr. Jingle,Miss Wardle,977,pickwick-papers
Miss Wardle,Mr. Jingle,977,pickwick-papers
Miss Wardle,Mr. Jingle,977,pickwick-papers
Mr. Jingle,Miss Wardle,977,pickwick-papers
Jingle,Mr. Tupman,978,pickwick-papers
Mr. Tupman,Jingle,978,pickwick-papers
Jingle,Mr. Tupman,980,pickwick-papers
Mr. Tupman,Jingle,980,pickwick-papers
Mr.,Jingle,1012,pickwick-papers
Mr.,Mr. Tupman,1012,pickwick-papers
Jingle,Mr.,1012,pickwick-papers
Jingle,Mr. Tupman,1012,pickwick-papers
Mr. Tupman,Mr.,1012,pickwick-papers
Mr. Tupman,Jingle,1012,pickwick-papers
Mr. Alfred Jingle,Mr. Tracy Tupman,1013,pickwick-papers
Mr. Alfred Jingle,Mr. Snodgrass,1013,pickwick-papers
Mr. Tracy Tupman,Mr. Alfred Jingle,1013,pickwick-papers
Mr. Tracy Tupman,Mr. Snodgrass,1013,pickwick-papers
Mr. Snodgrass,Mr. Alfred Jingle,1013,pickwick-papers
Mr. Snodgrass,Mr. Tracy Tupman,1013,pickwick-papers
Mr. Tupman,Mr. Jingle,1017,pickwick-papers
Mr. Jingle,Mr. Tupman,1017,pickwick-papers
Mr. Tupman,So,1039,pickwick-papers
Mr. Tupman,Mr. Jingle,1039,pickwick-papers
Mr. Tupman,Mr. Pickwick,1039,pickwick-papers
Mr. Tupman,So,1039,pickwick-papers
Mr. Tupman,Mr. Snodgrass,1039,pickwick-papers
Mr. Tupman,So,1039,pickwick-papers
Mr. Tupman,Mr. Jingle,1039,pickwick-papers
Mr. Tupman,Miss Wardle,1039,pickwick-papers
So,Mr. Tupman,1039,pickwick-papers
So,Mr. Tupman,1039,pickwick-papers
So,Mr. Jingle,1039,pickwick-papers
So,Mr. Pickwick,1039,pickwick-papers
So,Mr. Snodgrass,1039,pickwick-papers
So,Mr. Tupman,1039,pickwick-papers
So,Mr. Jingle,1039,pickwick-papers
So,Miss Wardle,1039,pickwick-papers
Mr. Tupman,So,1039,pickwick-papers
Mr. Tupman,Mr. Jingle,1039,pickwick-papers
Mr. Tupman,Mr. Pickwick,1039,pickwick-papers
Mr. Tupman,So,1039,pickwick-papers
Mr. Tupman,Mr. Snodgrass,1039,pickwick-papers
Mr. Tupman,So,1039,pickwick-papers
Mr. Tupman,Mr. Jingle,1039,pickwick-papers
Mr. Tupman,Miss Wardle,1039,pickwick-papers
Mr. Jingle,Mr. Tupman,1039,pickwick-papers
Mr. Jingle,So,1039,pickwick-papers
Mr. Jingle,Mr. Tupman,1039,pickwick-papers
Mr. Jingle,Mr. Pickwick,1039,pickwick-papers
Mr. Jingle,So,1039,pickwick-papers
Mr. Jingle,Mr. Snodgrass,1039,pickwick-papers
Mr. Jingle,Mr. Tupman,1039,pickwick-papers
Mr. Jingle,So,1039,pickwick-papers
Mr. Jingle,Miss Wardle,1039,pickwick-papers
Mr. Pickwick,Mr. Tupman,1039,pickwick-papers
Mr. Pickwick,So,1039,pickwick-papers
Mr. Pickwick,Mr. Tupman,1039,pickwick-papers
Mr. Pickwick,Mr. Jingle,1039,pickwick-papers
Mr. Pickwick,So,1039,pickwick-papers
Mr. Pickwick,Mr. Snodgrass,1039,pickwick-papers
Mr. Pickwick,Mr. Tupman,1039,pickwick-papers
Mr. Pickwick,So,1039,pickwick-papers
Mr. Pickwick,Mr. Jingle,1039,pickwick-papers
Mr. Pickwick,Miss Wardle,1039,pickwick-papers
So,Mr. Tupman,1039,pickwick-papers
So,Mr. Tupman,1039,pickwick-papers
So,Mr. Jingle,1039,pickwick-papers
So,Mr. Pickwick,1039,pickwick-papers
So,Mr. Snodgrass,1039,pickwick-papers
So,Mr. Tupman,1039,pickwick-papers
So,Mr. Jingle,1039,pickwick-papers
So,Miss Wardle,1039,pickwick-papers
Mr. Snodgrass,Mr. Tupman,1039,pickwick-papers
Mr. Snodgrass,So,1039,pickwick-papers
Mr. Snodgrass,Mr. Tupman,1039,pickwick-papers
Mr. Snodgrass,Mr. Jingle,1039,pickwick-papers
Mr. Snodgrass,Mr. Pickwick,1039,pickwick-papers
Mr. Snodgrass,So,1039,pickwick-papers
Mr. Snodgrass,Mr. Tupman,1039,pickwick-papers
Mr. Snodgrass,So,1039,pickwick-papers
Mr. Snodgrass,Mr. Jingle,1039,pickwick-papers
Mr. Snodgrass,Miss Wardle,1039,pickwick-papers
Mr. Tupman,So,1039,pickwick-papers
Mr. Tupman,Mr. Jingle,1039,pickwick-papers
Mr. Tupman,Mr. Pickwick,1039,pickwick-papers
Mr. Tupman,So,1039,pickwick-papers
Mr. Tupman,Mr. Snodgrass,1039,pickwick-papers
Mr. Tupman,So,1039,pickwick-papers
Mr. Tupman,Mr. Jingle,1039,pickwick-papers
Mr. Tupman,Miss Wardle,1039,pickwick-papers
So,Mr. Tupman,1039,pickwick-papers
So,Mr. Tupman,1039,pickwick-papers
So,Mr. Jingle,1039,pickwick-papers
So,Mr. Pickwick,1039,pickwick-papers
So,Mr. Snodgrass,1039,pickwick-papers
So,Mr. Tupman,1039,pickwick-papers
So,Mr. Jingle,1039,pickwick-papers
So,Miss Wardle,1039,pickwick-papers
Mr. Jingle,Mr. Tupman,1039,pickwick-papers
Mr. Jingle,So,1039,pickwick-papers
Mr. Jingle,Mr. Tupman,1039,pickwick-papers
Mr. Jingle,Mr. Pickwick,1039,pickwick-papers
Mr. Jingle,So,1039,pickwick-papers
Mr. Jingle,Mr. Snodgrass,1039,pickwick-papers
Mr. Jingle,Mr. Tupman,1039,pickwick-papers
Mr. Jingle,So,1039,pickwick-papers
Mr. Jingle,Miss Wardle,1039,pickwick-papers
Miss Wardle,Mr. Tupman,1039,pickwick-papers
Miss Wardle,So,1039,pickwick-papers
Miss Wardle,Mr. Tupman,1039,pickwick-papers
Miss Wardle,Mr. Jingle,1039,pickwick-papers
Miss Wardle,Mr. Pickwick,1039,pickwick-papers
Miss Wardle,So,1039,pickwick-papers
Miss Wardle,Mr. Snodgrass,1039,pickwick-papers
Miss Wardle,Mr. Tupman,1039,pickwick-papers
Miss Wardle,So,1039,pickwick-papers
Miss Wardle,Mr. Jingle,1039,pickwick-papers
Rachael,Mr. Wardle,1043,pickwick-papers
Mr. Wardle,Rachael,1043,pickwick-papers
Jingle,Mr. Pickwick,1044,pickwick-papers
Mr. Pickwick,Jingle,1044,pickwick-papers
Mr. Jingle,Mr. Tupman,1048,pickwick-papers
Mr. Tupman,Mr. Jingle,1048,pickwick-papers
Mr. Pickwick,Mr. Wardle,1053,pickwick-papers
Mr. Wardle,Mr. Pickwick,1053,pickwick-papers
Mr. Wardle,Mr. Pickwick,1053,pickwick-papers
Mr. Wardle,Mr. Pickwick,1053,pickwick-papers
Mr. Pickwick,Mr. Wardle,1053,pickwick-papers
Mr. Pickwick,Mr. Wardle,1053,pickwick-papers
Sir,Mr. Tupman,1060,pickwick-papers
Mr. Tupman,Sir,1060,pickwick-papers
Jingle,Miss Rachael,1062,pickwick-papers
Jingle,Blue Lion,1062,pickwick-papers
Jingle,Muggleton,1062,pickwick-papers
Miss Rachael,Jingle,1062,pickwick-papers
Miss Rachael,Blue Lion,1062,pickwick-papers
Miss Rachael,Muggleton,1062,pickwick-papers
Blue Lion,Jingle,1062,pickwick-papers
Blue Lion,Miss Rachael,1062,pickwick-papers
Blue Lion,Muggleton,1062,pickwick-papers
Muggleton,Jingle,1062,pickwick-papers
Muggleton,Miss Rachael,1062,pickwick-papers
Muggleton,Blue Lion,1062,pickwick-papers
Mr. Tupman,Pickwick,1063,pickwick-papers
Pickwick,Mr. Tupman,1063,pickwick-papers
Pickwick,Tupman,1067,pickwick-papers
Pickwick,Mr. Tupman,1067,pickwick-papers
Tupman,Pickwick,1067,pickwick-papers
Tupman,Mr. Tupman,1067,pickwick-papers
Mr. Tupman,Pickwick,1067,pickwick-papers
Mr. Tupman,Tupman,1067,pickwick-papers
Winkle,Mr. Pickwick,1069,pickwick-papers
Mr. Pickwick,Winkle,1069,pickwick-papers
Pickwick,Mr. Pickwick,1073,pickwick-papers
Mr. Pickwick,Pickwick,1073,pickwick-papers
Mr.,Pickwick,1074,pickwick-papers
Pickwick,Mr.,1074,pickwick-papers
Mr. Pickwick,Damp,1087,pickwick-papers
Damp,Mr. Pickwick,1087,pickwick-papers
Mr.,Pickwick,1095,pickwick-papers
Pickwick,Mr.,1095,pickwick-papers
Wardle,Mr. Pickwick,1115,pickwick-papers
Mr. Pickwick,Wardle,1115,pickwick-papers
Mr. Pickwick,Wardle,1116,pickwick-papers
Wardle,Mr. Pickwick,1116,pickwick-papers
Wardle,Jove,1128,pickwick-papers
Jove,Wardle,1128,pickwick-papers
Mr. Wardle,Mr. Pickwick,1132,pickwick-papers
Mr. Pickwick,Mr. Wardle,1132,pickwick-papers
Mr.,Pickwick,1135,pickwick-papers
Pickwick,Mr.,1135,pickwick-papers
Mr.,Pickwick,1138,pickwick-papers
Pickwick,Mr.,1138,pickwick-papers
Mr.,Pickwick,1143,pickwick-papers
Mr.,Mr. Jingle,1143,pickwick-papers
Pickwick,Mr.,1143,pickwick-papers
Pickwick,Mr. Jingle,1143,pickwick-papers
Mr. Jingle,Mr.,1143,pickwick-papers
Mr. Jingle,Pickwick,1143,pickwick-papers
Jingle,Old Mr. Wardle,1144,pickwick-papers
Jingle,Mr. Jingle,1144,pickwick-papers
Old Mr. Wardle,Jingle,1144,pickwick-papers
Old Mr. Wardle,Mr. Jingle,1144,pickwick-papers
Mr. Jingle,Jingle,1144,pickwick-papers
Mr. Jingle,Old Mr. Wardle,1144,pickwick-papers
Mr.,Pickwick,1145,pickwick-papers
Mr.,Mr. Wardle,1145,pickwick-papers
Pickwick,Mr.,1145,pickwick-papers
Pickwick,Mr. Wardle,1145,pickwick-papers
Mr. Wardle,Mr.,1145,pickwick-papers
Mr. Wardle,Pickwick,1145,pickwick-papers
Old,Mr. Wardle,1147,pickwick-papers
Old,Mr. Jingle,1147,pickwick-papers
Mr. Wardle,Old,1147,pickwick-papers
Mr. Wardle,Mr. Jingle,1147,pickwick-papers
Mr. Jingle,Old,1147,pickwick-papers
Mr. Jingle,Mr. Wardle,1147,pickwick-papers
Mr.,Pickwick,1155,pickwick-papers
Mr.,Mr. Wardle,1155,pickwick-papers
Pickwick,Mr.,1155,pickwick-papers
Pickwick,Mr. Wardle,1155,pickwick-papers
Mr. Wardle,Mr.,1155,pickwick-papers
Mr. Wardle,Pickwick,1155,pickwick-papers
Wardle,Pickwick,1159,pickwick-papers
Pickwick,Wardle,1159,pickwick-papers
Mr. Pickwick,Mr. Wardle,1161,pickwick-papers
Mr. Wardle,Mr. Pickwick,1161,pickwick-papers
Jack Ketch,Sorry,1174,pickwick-papers
Jack Ketch,Sir,1174,pickwick-papers
Sorry,Jack Ketch,1174,pickwick-papers
Sorry,Sir,1174,pickwick-papers
Sir,Jack Ketch,1174,pickwick-papers
Sir,Sorry,1174,pickwick-papers
Mr. Samuel,Mr. Warren,1184,pickwick-papers
Mr. Samuel,Martin,1184,pickwick-papers
Mr. Warren,Mr. Samuel,1184,pickwick-papers
Mr. Warren,Martin,1184,pickwick-papers
Martin,Mr. Samuel,1184,pickwick-papers
Martin,Mr. Warren,1184,pickwick-papers
Sam,Sir,1193,pickwick-papers
Sam,Old Bailey Proctors,1193,pickwick-papers
Sir,Sam,1193,pickwick-papers
Sir,Old Bailey Proctors,1193,pickwick-papers
Old Bailey Proctors,Sam,1193,pickwick-papers
Old Bailey Proctors,Sir,1193,pickwick-papers
Sir,Goes,1195,pickwick-papers
Sir,Tony Weller,1195,pickwick-papers
Sir,Belle Savage,1195,pickwick-papers
Sir,Clarke,1195,pickwick-papers
Sir,Clarke,1195,pickwick-papers
Sir,Susan Clarke,1195,pickwick-papers
Sir,Markis,1195,pickwick-papers
Sir,Granby,1195,pickwick-papers
Sir,Sam,1195,pickwick-papers
Sir,Having,1195,pickwick-papers
Sir,Sam,1195,pickwick-papers
Sir,Goes,1195,pickwick-papers
Sir,Tony Weller,1195,pickwick-papers
Sir,Belle Savage,1195,pickwick-papers
Sir,Clarke,1195,pickwick-papers
Sir,Clarke,1195,pickwick-papers
Sir,Susan Clarke,1195,pickwick-papers
Sir,Markis,1195,pickwick-papers
Sir,Granby,1195,pickwick-papers
Sir,Sam,1195,pickwick-papers
Sir,Having,1195,pickwick-papers
Sir,Sam,1195,pickwick-papers
Goes,Sir,1195,pickwick-papers
Goes,Sir,1195,pickwick-papers
Goes,Sir,1195,pickwick-papers
Goes,Sir,1195,pickwick-papers
Goes,Sir,1195,pickwick-papers
Goes,Sir,1195,pickwick-papers
Goes,Sir,1195,pickwick-papers
Goes,Sir,1195,pickwick-papers
Goes,Sir,1195,pickwick-papers
Goes,Tony Weller,1195,pickwick-papers
Goes,Belle Savage,1195,pickwick-papers
Goes,Clarke,1195,pickwick-papers
Goes,Clarke,1195,pickwick-papers
Goes,Susan Clarke,1195,pickwick-papers
Goes,Markis,1195,pickwick-papers
Goes,Granby,1195,pickwick-papers
Goes,Sam,1195,pickwick-papers
Goes,Having,1195,pickwick-papers
Goes,Sam,1195,pickwick-papers
Sir,Goes,1195,pickwick-papers
Sir,Tony Weller,1195,pickwick-papers
Sir,Belle Savage,1195,pickwick-papers
Sir,Clarke,1195,pickwick-papers
Sir,Clarke,1195,pickwick-papers
Sir,Susan Clarke,1195,pickwick-papers
Sir,Markis,1195,pickwick-papers
Sir,Granby,1195,pickwick-papers
Sir,Sam,1195,pickwick-papers
Sir,Having,1195,pickwick-papers
Sir,Sam,1195,pickwick-papers
Sir,Goes,1195,pickwick-papers
Sir,Tony Weller,1195,pickwick-papers
Sir,Belle Savage,1195,pickwick-papers
Sir,Clarke,1195,pickwick-papers
Sir,Clarke,1195,pickwick-papers
Sir,Susan Clarke,1195,pickwick-papers
Sir,Markis,1195,pickwick-papers
Sir,Granby,1195,pickwick-papers
Sir,Sam,1195,pickwick-papers
Sir,Having,1195,pickwick-papers
Sir,Sam,1195,pickwick-papers
Sir,Goes,1195,pickwick-papers
Sir,Tony Weller,1195,pickwick-papers
Sir,Belle Savage,1195,pickwick-papers
Sir,Clarke,1195,pickwick-papers
Sir,Clarke,1195,pickwick-papers
Sir,Susan Clarke,1195,pickwick-papers
Sir,Markis,1195,pickwick-papers
Sir,Granby,1195,pickwick-papers
Sir,Sam,1195,pickwick-papers
Sir,Having,1195,pickwick-papers
Sir,Sam,1195,pickwick-papers
Sir,Goes,1195,pickwick-papers
Sir,Tony Weller,1195,pickwick-papers
Sir,Belle Savage,1195,pickwick-papers
Sir,Clarke,1195,pickwick-papers
Sir,Clarke,1195,pickwick-papers
Sir,Susan Clarke,1195,pickwick-papers
Sir,Markis,1195,pickwick-papers
Sir,Granby,1195,pickwick-papers
Sir,Sam,1195,pickwick-papers
Sir,Having,1195,pickwick-papers
Sir,Sam,1195,pickwick-papers
Sir,Goes,1195,pickwick-papers
Sir,Tony Weller,1195,pickwick-papers
Sir,Belle Savage,1195,pickwick-papers
Sir,Clarke,1195,pickwick-papers
Sir,Clarke,1195,pickwick-papers
Sir,Susan Clarke,1195,pickwick-papers
Sir,Markis,1195,pickwick-papers
Sir,Granby,1195,pickwick-papers
Sir,Sam,1195,pickwick-papers
Sir,Having,1195,pickwick-papers
Sir,Sam,1195,pickwick-papers
Sir,Goes,1195,pickwick-papers
Sir,Tony Weller,1195,pickwick-papers
Sir,Belle Savage,1195,pickwick-papers
Sir,Clarke,1195,pickwick-papers
Sir,Clarke,1195,pickwick-papers
Sir,Susan Clarke,1195,pickwick-papers
Sir,Markis,1195,pickwick-papers
Sir,Granby,1195,pickwick-papers
Sir,Sam,1195,pickwick-papers
Sir,Having,1195,pickwick-papers
Sir,Sam,1195,pickwick-papers
Sir,Goes,1195,pickwick-papers
Sir,Tony Weller,1195,pickwick-papers
Sir,Belle Savage,1195,pickwick-papers
Sir,Clarke,1195,pickwick-papers
Sir,Clarke,1195,pickwick-papers
Sir,Susan Clarke,1195,pickwick-papers
Sir,Markis,1195,pickwick-papers
Sir,Granby,1195,pickwick-papers
Sir,Sam,1195,pickwick-papers
Sir,Having,1195,pickwick-papers
Sir,Sam,1195,pickwick-papers
Tony Weller,Sir,1195,pickwick-papers
Tony Weller,Sir,1195,pickwick-papers
Tony Weller,Goes,1195,pickwick-papers
Tony Weller,Sir,1195,pickwick-papers
Tony Weller,Sir,1195,pickwick-papers
Tony Weller,Sir,1195,pickwick-papers
Tony Weller,Sir,1195,pickwick-papers
Tony Weller,Sir,1195,pickwick-papers
Tony Weller,Sir,1195,pickwick-papers
Tony Weller,Sir,1195,pickwick-papers
Tony Weller,Belle Savage,1195,pickwick-papers
Tony Weller,Clarke,1195,pickwick-papers
Tony Weller,Clarke,1195,pickwick-papers
Tony Weller,Susan Clarke,1195,pickwick-papers
Tony Weller,Markis,1195,pickwick-papers
Tony Weller,Granby,1195,pickwick-papers
Tony Weller,Sam,1195,pickwick-papers
Tony Weller,Having,1195,pickwick-papers
Tony Weller,Sam,1195,pickwick-papers
Belle Savage,Sir,1195,pickwick-papers
Belle Savage,Sir,1195,pickwick-papers
Belle Savage,Goes,1195,pickwick-papers
Belle Savage,Sir,1195,pickwick-papers
Belle Savage,Sir,1195,pickwick-papers
Belle Savage,Sir,1195,pickwick-papers
Belle Savage,Sir,1195,pickwick-papers
Belle Savage,Sir,1195,pickwick-papers
Belle Savage,Sir,1195,pickwick-papers
Belle Savage,Sir,1195,pickwick-papers
Belle Savage,Tony Weller,1195,pickwick-papers
Belle Savage,Clarke,1195,pickwick-papers
Belle Savage,Clarke,1195,pickwick-papers
Belle Savage,Susan Clarke,1195,pickwick-papers
Belle Savage,Markis,1195,pickwick-papers
Belle Savage,Granby,1195,pickwick-papers
Belle Savage,Sam,1195,pickwick-papers
Belle Savage,Having,1195,pickwick-papers
Belle Savage,Sam,1195,pickwick-papers
Clarke,Sir,1195,pickwick-papers
Clarke,Sir,1195,pickwick-papers
Clarke,Goes,1195,pickwick-papers
Clarke,Sir,1195,pickwick-papers
Clarke,Sir,1195,pickwick-papers
Clarke,Sir,1195,pickwick-papers
Clarke,Sir,1195,pickwick-papers
Clarke,Sir,1195,pickwick-papers
Clarke,Sir,1195,pickwick-papers
Clarke,Sir,1195,pickwick-papers
Clarke,Tony Weller,1195,pickwick-papers
Clarke,Belle Savage,1195,pickwick-papers
Clarke,Susan Clarke,1195,pickwick-papers
Clarke,Markis,1195,pickwick-papers
Clarke,Granby,1195,pickwick-papers
Clarke,Sam,1195,pickwick-papers
Clarke,Having,1195,pickwick-papers
Clarke,Sam,1195,pickwick-papers
Clarke,Sir,1195,pickwick-papers
Clarke,Sir,1195,pickwick-papers
Clarke,Goes,1195,pickwick-papers
Clarke,Sir,1195,pickwick-papers
Clarke,Sir,1195,pickwick-papers
Clarke,Sir,1195,pickwick-papers
Clarke,Sir,1195,pickwick-papers
Clarke,Sir,1195,pickwick-papers
Clarke,Sir,1195,pickwick-papers
Clarke,Sir,1195,pickwick-papers
Clarke,Tony Weller,1195,pickwick-papers
Clarke,Belle Savage,1195,pickwick-papers
Clarke,Susan Clarke,1195,pickwick-papers
Clarke,Markis,1195,pickwick-papers
Clarke,Granby,1195,pickwick-papers
Clarke,Sam,1195,pickwick-papers
Clarke,Having,1195,pickwick-papers
Clarke,Sam,1195,pickwick-papers
Susan Clarke,Sir,1195,pickwick-papers
Susan Clarke,Sir,1195,pickwick-papers
Susan Clarke,Goes,1195,pickwick-papers
Susan Clarke,Sir,1195,pickwick-papers
Susan Clarke,Sir,1195,pickwick-papers
Susan Clarke,Sir,1195,pickwick-papers
Susan Clarke,Sir,1195,pickwick-papers
Susan Clarke,Sir,1195,pickwick-papers
Susan Clarke,Sir,1195,pickwick-papers
Susan Clarke,Sir,1195,pickwick-papers
Susan Clarke,Tony Weller,1195,pickwick-papers
Susan Clarke,Belle Savage,1195,pickwick-papers
Susan Clarke,Clarke,1195,pickwick-papers
Susan Clarke,Clarke,1195,pickwick-papers
Susan Clarke,Markis,1195,pickwick-papers
Susan Clarke,Granby,1195,pickwick-papers
Susan Clarke,Sam,1195,pickwick-papers
Susan Clarke,Having,1195,pickwick-papers
Susan Clarke,Sam,1195,pickwick-papers
Markis,Sir,1195,pickwick-papers
Markis,Sir,1195,pickwick-papers
Markis,Goes,1195,pickwick-papers
Markis,Sir,1195,pickwick-papers
Markis,Sir,1195,pickwick-papers
Markis,Sir,1195,pickwick-papers
Markis,Sir,1195,pickwick-papers
Markis,Sir,1195,pickwick-papers
Markis,Sir,1195,pickwick-papers
Markis,Sir,1195,pickwick-papers
Markis,Tony Weller,1195,pickwick-papers
Markis,Belle Savage,1195,pickwick-papers
Markis,Clarke,1195,pickwick-papers
Markis,Clarke,1195,pickwick-papers
Markis,Susan Clarke,1195,pickwick-papers
Markis,Granby,1195,pickwick-papers
Markis,Sam,1195,pickwick-papers
Markis,Having,1195,pickwick-papers
Markis,Sam,1195,pickwick-papers
Granby,Sir,1195,pickwick-papers
Granby,Sir,1195,pickwick-papers
Granby,Goes,1195,pickwick-papers
Granby,Sir,1195,pickwick-papers
Granby,Sir,1195,pickwick-papers
Granby,Sir,1195,pickwick-papers
Granby,Sir,1195,pickwick-papers
Granby,Sir,1195,pickwick-papers
Granby,Sir,1195,pickwick-papers
Granby,Sir,1195,pickwick-papers
Granby,Tony Weller,1195,pickwick-papers
Granby,Belle Savage,1195,pickwick-papers
Granby,Clarke,1195,pickwick-papers
Granby,Clarke,1195,pickwick-papers
Granby,Susan Clarke,1195,pickwick-papers
Granby,Markis,1195,pickwick-papers
Granby,Sam,1195,pickwick-papers
Granby,Having,1195,pickwick-papers
Granby,Sam,1195,pickwick-papers
Sam,Sir,1195,pickwick-papers
Sam,Sir,1195,pickwick-papers
Sam,Goes,1195,pickwick-papers
Sam,Sir,1195,pickwick-papers
Sam,Sir,1195,pickwick-papers
Sam,Sir,1195,pickwick-papers
Sam,Sir,1195,pickwick-papers
Sam,Sir,1195,pickwick-papers
Sam,Sir,1195,pickwick-papers
Sam,Sir,1195,pickwick-papers
Sam,Tony Weller,1195,pickwick-papers
Sam,Belle Savage,1195,pickwick-papers
Sam,Clarke,1195,pickwick-papers
Sam,Clarke,1195,pickwick-papers
Sam,Susan Clarke,1195,pickwick-papers
Sam,Markis,1195,pickwick-papers
Sam,Granby,1195,pickwick-papers
Sam,Having,1195,pickwick-papers
Having,Sir,1195,pickwick-papers
Having,Sir,1195,pickwick-papers
Having,Goes,1195,pickwick-papers
Having,Sir,1195,pickwick-papers
Having,Sir,1195,pickwick-papers
Having,Sir,1195,pickwick-papers
Having,Sir,1195,pickwick-papers
Having,Sir,1195,pickwick-papers
Having,Sir,1195,pickwick-papers
Having,Sir,1195,pickwick-papers
Having,Tony Weller,1195,pickwick-papers
Having,Belle Savage,1195,pickwick-papers
Having,Clarke,1195,pickwick-papers
Having,Clarke,1195,pickwick-papers
Having,Susan Clarke,1195,pickwick-papers
Having,Markis,1195,pickwick-papers
Having,Granby,1195,pickwick-papers
Having,Sam,1195,pickwick-papers
Having,Sam,1195,pickwick-papers
Sam,Sir,1195,pickwick-papers
Sam,Sir,1195,pickwick-papers
Sam,Goes,1195,pickwick-papers
Sam,Sir,1195,pickwick-papers
Sam,Sir,1195,pickwick-papers
Sam,Sir,1195,pickwick-papers
Sam,Sir,1195,pickwick-papers
Sam,Sir,1195,pickwick-papers
Sam,Sir,1195,pickwick-papers
Sam,Sir,1195,pickwick-papers
Sam,Tony Weller,1195,pickwick-papers
Sam,Belle Savage,1195,pickwick-papers
Sam,Clarke,1195,pickwick-papers
Sam,Clarke,1195,pickwick-papers
Sam,Susan Clarke,1195,pickwick-papers
Sam,Markis,1195,pickwick-papers
Sam,Granby,1195,pickwick-papers
Sam,Having,1195,pickwick-papers
Cruel,Mr. Jingle,1209,pickwick-papers
Mr. Jingle,Cruel,1209,pickwick-papers
Mr. Jingle,Doctors,1212,pickwick-papers
Mr. Jingle,Alfred Jingle,1212,pickwick-papers
Mr. Jingle,Rachael Wardle,1212,pickwick-papers
Doctors,Mr. Jingle,1212,pickwick-papers
Doctors,Alfred Jingle,1212,pickwick-papers
Doctors,Rachael Wardle,1212,pickwick-papers
Alfred Jingle,Mr. Jingle,1212,pickwick-papers
Alfred Jingle,Doctors,1212,pickwick-papers
Alfred Jingle,Rachael Wardle,1212,pickwick-papers
Rachael Wardle,Mr. Jingle,1212,pickwick-papers
Rachael Wardle,Doctors,1212,pickwick-papers
Rachael Wardle,Alfred Jingle,1212,pickwick-papers
Sam,Sir,1215,pickwick-papers
Sir,Sam,1215,pickwick-papers
Sir,Sam,1219,pickwick-papers
Sam,Sir,1219,pickwick-papers
Pickwick,Mr. Pickwick,1228,pickwick-papers
Mr. Pickwick,Pickwick,1228,pickwick-papers
Sir,Mr. Pickwick,1229,pickwick-papers
Mr. Pickwick,Sir,1229,pickwick-papers
George Barnwell,Sam,1233,pickwick-papers
George Barnwell,Wery,1233,pickwick-papers
George Barnwell,Mr. Pickwick,1233,pickwick-papers
Sam,George Barnwell,1233,pickwick-papers
Sam,Wery,1233,pickwick-papers
Sam,Mr. Pickwick,1233,pickwick-papers
Wery,George Barnwell,1233,pickwick-papers
Wery,Sam,1233,pickwick-papers
Wery,Mr. Pickwick,1233,pickwick-papers
Mr. Pickwick,George Barnwell,1233,pickwick-papers
Mr. Pickwick,Sam,1233,pickwick-papers
Mr. Pickwick,Wery,1233,pickwick-papers
Mr.,Wardle,1236,pickwick-papers
Wardle,Mr.,1236,pickwick-papers
Sam,Doctors,1248,pickwick-papers
Doctors,Sam,1248,pickwick-papers
Old,Wardle,1260,pickwick-papers
Old,Mr. Jingle,1260,pickwick-papers
Wardle,Old,1260,pickwick-papers
Wardle,Mr. Jingle,1260,pickwick-papers
Mr. Jingle,Old,1260,pickwick-papers
Mr. Jingle,Wardle,1260,pickwick-papers
Mr. Perker,Perker,1267,pickwick-papers
Mr. Perker,Mr. Wardle,1267,pickwick-papers
Perker,Mr. Perker,1267,pickwick-papers
Perker,Mr. Wardle,1267,pickwick-papers
Mr. Wardle,Mr. Perker,1267,pickwick-papers
Mr. Wardle,Perker,1267,pickwick-papers
Sir,Sam,1268,pickwick-papers
Sir,Wardle,1268,pickwick-papers
Sam,Sir,1268,pickwick-papers
Sam,Wardle,1268,pickwick-papers
Wardle,Sir,1268,pickwick-papers
Wardle,Sam,1268,pickwick-papers
Jingle,Sir,1270,pickwick-papers
Sir,Jingle,1270,pickwick-papers
Sir,Sam,1278,pickwick-papers
Sam,Sir,1278,pickwick-papers
Mr. Wardle,Mr. Jingle,1281,pickwick-papers
Mr. Jingle,Mr. Wardle,1281,pickwick-papers
Mr. Perker,Sir,1283,pickwick-papers
Sir,Mr. Perker,1283,pickwick-papers
Mr. Wardle,Mr. Pickwick,1286,pickwick-papers
Mr. Pickwick,Mr. Wardle,1286,pickwick-papers
Mr.,Jingle,1292,pickwick-papers
Jingle,Mr.,1292,pickwick-papers
Mr.,Jingle,1294,pickwick-papers
Jingle,Mr.,1294,pickwick-papers
Perker,Sir,1326,pickwick-papers
Sir,Perker,1326,pickwick-papers
Mr. Pickwick,Tuppy,1329,pickwick-papers
Tuppy,Mr. Pickwick,1329,pickwick-papers
Mr.,Pickwick,1330,pickwick-papers
Mr.,Mr. Jingle,1330,pickwick-papers
Pickwick,Mr.,1330,pickwick-papers
Pickwick,Mr. Jingle,1330,pickwick-papers
Mr. Jingle,Mr.,1330,pickwick-papers
Mr. Jingle,Pickwick,1330,pickwick-papers
Sir,Hold,1331,pickwick-papers
Hold,Sir,1331,pickwick-papers
Mr.,Pickwick,1332,pickwick-papers
Pickwick,Mr.,1332,pickwick-papers
Miss Wardle,Jingle,1333,pickwick-papers
Miss Wardle,Mr. Pickwick,1333,pickwick-papers
Jingle,Miss Wardle,1333,pickwick-papers
Jingle,Mr. Pickwick,1333,pickwick-papers
Mr. Pickwick,Miss Wardle,1333,pickwick-papers
Mr. Pickwick,Jingle,1333,pickwick-papers
Dimly,Dingley Dell,1334,pickwick-papers
Dimly,Manor Farm,1334,pickwick-papers
Dingley Dell,Dimly,1334,pickwick-papers
Dingley Dell,Manor Farm,1334,pickwick-papers
Manor Farm,Dimly,1334,pickwick-papers
Manor Farm,Dingley Dell,1334,pickwick-papers
Dingley Dell,Mr. Pickwick,1337,pickwick-papers
Dingley Dell,Mr. Winkle,1337,pickwick-papers
Dingley Dell,Mr. Snodgrass,1337,pickwick-papers
Dingley Dell,Mr. Pickwick,1337,pickwick-papers
Mr. Pickwick,Dingley Dell,1337,pickwick-papers
Mr. Pickwick,Mr. Winkle,1337,pickwick-papers
Mr. Pickwick,Mr. Snodgrass,1337,pickwick-papers
Mr. Winkle,Dingley Dell,1337,pickwick-papers
Mr. Winkle,Mr. Pickwick,1337,pickwick-papers
Mr. Winkle,Mr. Snodgrass,1337,pickwick-papers
Mr. Winkle,Mr. Pickwick,1337,pickwick-papers
Mr. Snodgrass,Dingley Dell,1337,pickwick-papers
Mr. Snodgrass,Mr. Pickwick,1337,pickwick-papers
Mr. Snodgrass,Mr. Winkle,1337,pickwick-papers
Mr. Snodgrass,Mr. Pickwick,1337,pickwick-papers
Mr. Pickwick,Dingley Dell,1337,pickwick-papers
Mr. Pickwick,Mr. Winkle,1337,pickwick-papers
Mr. Pickwick,Mr. Snodgrass,1337,pickwick-papers
Mr. Pickwick,Tupman,1338,pickwick-papers
Tupman,Mr. Pickwick,1338,pickwick-papers
Mr.,Pickwick,1342,pickwick-papers
Pickwick,Mr.,1342,pickwick-papers
Snodgrass,Mr. Pickwick,1343,pickwick-papers
Mr. Pickwick,Snodgrass,1343,pickwick-papers
Mr. Snodgrass,Mr. Wardle,1349,pickwick-papers
Mr. Wardle,Mr. Snodgrass,1349,pickwick-papers
Mr.,Pickwick,1350,pickwick-papers
Pickwick,Mr.,1350,pickwick-papers
Kent,Life,1352,pickwick-papers
Kent,Pickwick,1352,pickwick-papers
Life,Kent,1352,pickwick-papers
Life,Pickwick,1352,pickwick-papers
Pickwick,Kent,1352,pickwick-papers
Pickwick,Life,1352,pickwick-papers
Mr. Pickwick,Business,1355,pickwick-papers
Business,Mr. Pickwick,1355,pickwick-papers
Mr.,Pickwick,1358,pickwick-papers
Pickwick,Mr.,1358,pickwick-papers
Mr.,Pickwick,1360,pickwick-papers
Pickwick,Mr.,1360,pickwick-papers
Manor Farm,Mr. Pickwick,1361,pickwick-papers
Manor Farm,Mr. Trundle,1361,pickwick-papers
Manor Farm,Mr. Snodgrass,1361,pickwick-papers
Manor Farm,Mr. Snodgrass,1361,pickwick-papers
Mr. Pickwick,Manor Farm,1361,pickwick-papers
Mr. Pickwick,Mr. Trundle,1361,pickwick-papers
Mr. Pickwick,Mr. Snodgrass,1361,pickwick-papers
Mr. Pickwick,Mr. Snodgrass,1361,pickwick-papers
Mr. Trundle,Manor Farm,1361,pickwick-papers
Mr. Trundle,Mr. Pickwick,1361,pickwick-papers
Mr. Trundle,Mr. Snodgrass,1361,pickwick-papers
Mr. Trundle,Mr. Snodgrass,1361,pickwick-papers
Mr. Snodgrass,Manor Farm,1361,pickwick-papers
Mr. Snodgrass,Mr. Pickwick,1361,pickwick-papers
Mr. Snodgrass,Mr. Trundle,1361,pickwick-papers
Mr. Snodgrass,Manor Farm,1361,pickwick-papers
Mr. Snodgrass,Mr. Pickwick,1361,pickwick-papers
Mr. Snodgrass,Mr. Trundle,1361,pickwick-papers
Mr. Winkle,Mr. Snodgrass,1367,pickwick-papers
Mr. Snodgrass,Mr. Winkle,1367,pickwick-papers
Mr.,Tupman,1373,pickwick-papers
Mr.,Mr. Pickwick,1373,pickwick-papers
Tupman,Mr.,1373,pickwick-papers
Tupman,Mr. Pickwick,1373,pickwick-papers
Mr. Pickwick,Mr.,1373,pickwick-papers
Mr. Pickwick,Tupman,1373,pickwick-papers
Mr. Pickwick,Mr. Tupman,1374,pickwick-papers
Mr. Tupman,Mr. Pickwick,1374,pickwick-papers
Mr.,Pickwick,1376,pickwick-papers
Pickwick,Mr.,1376,pickwick-papers
Mr.,Pickwick,1387,pickwick-papers
Pickwick,Mr.,1387,pickwick-papers
Mr.,Pickwick,1394,pickwick-papers
Pickwick,Mr.,1394,pickwick-papers
Mr. Pickwick,Mr. Perker,1397,pickwick-papers
Mr. Perker,Mr. Pickwick,1397,pickwick-papers
Mr.,Pickwick,1399,pickwick-papers
Pickwick,Mr.,1399,pickwick-papers
Mr.,Pickwick,1442,pickwick-papers
Pickwick,Mr.,1442,pickwick-papers
Mr. Blotton,Stumps,1446,pickwick-papers
Mr. Blotton,Stumps,1446,pickwick-papers
Mr. Blotton,Stumps,1446,pickwick-papers
Stumps,Mr. Blotton,1446,pickwick-papers
Stumps,Mr. Blotton,1446,pickwick-papers
Stumps,Mr. Blotton,1446,pickwick-papers
Blotton,Mr. Pickwick,1447,pickwick-papers
Blotton,Mr. Pickwick,1447,pickwick-papers
Mr. Pickwick,Blotton,1447,pickwick-papers
Mr. Pickwick,Blotton,1447,pickwick-papers
Mr.,Blotton,1448,pickwick-papers
Mr.,Hereupon,1448,pickwick-papers
Blotton,Mr.,1448,pickwick-papers
Blotton,Hereupon,1448,pickwick-papers
Hereupon,Mr.,1448,pickwick-papers
Hereupon,Blotton,1448,pickwick-papers
Mr. Pickwick,Blotton,1449,pickwick-papers
Blotton,Mr. Pickwick,1449,pickwick-papers
Blotton,Mr. Pickwick,1449,pickwick-papers
Mr. Pickwick,Blotton,1449,pickwick-papers
Mr.,Pickwick,1452,pickwick-papers
Mr.,Bardell,1452,pickwick-papers
Mr.,Master Bardell,1452,pickwick-papers
Mr.,Mr. Pickwick,1452,pickwick-papers
Pickwick,Mr.,1452,pickwick-papers
Pickwick,Bardell,1452,pickwick-papers
Pickwick,Master Bardell,1452,pickwick-papers
Pickwick,Mr. Pickwick,1452,pickwick-papers
Bardell,Mr.,1452,pickwick-papers
Bardell,Pickwick,1452,pickwick-papers
Bardell,Master Bardell,1452,pickwick-papers
Bardell,Mr. Pickwick,1452,pickwick-papers
Master Bardell,Mr.,1452,pickwick-papers
Master Bardell,Pickwick,1452,pickwick-papers
Master Bardell,Bardell,1452,pickwick-papers
Master Bardell,Mr. Pickwick,1452,pickwick-papers
Mr. Pickwick,Mr.,1452,pickwick-papers
Mr. Pickwick,Pickwick,1452,pickwick-papers
Mr. Pickwick,Bardell,1452,pickwick-papers
Mr. Pickwick,Master Bardell,1452,pickwick-papers
Mr. Pickwick,Eatanswill,1453,pickwick-papers
Mr. Pickwick,Bardell,1453,pickwick-papers
Eatanswill,Mr. Pickwick,1453,pickwick-papers
Eatanswill,Bardell,1453,pickwick-papers
Bardell,Mr. Pickwick,1453,pickwick-papers
Bardell,Eatanswill,1453,pickwick-papers
Bardell,Mr. Pickwick,1454,pickwick-papers
Mr. Pickwick,Bardell,1454,pickwick-papers
Mr. Pickwick,Bardell,1458,pickwick-papers
Mr. Pickwick,Bardell,1458,pickwick-papers
Bardell,Mr. Pickwick,1458,pickwick-papers
Bardell,Mr. Pickwick,1458,pickwick-papers
Bardell,Mr. Pickwick,1459,pickwick-papers
Mr. Pickwick,Bardell,1459,pickwick-papers
Mr. Pickwick,Bardell,1462,pickwick-papers
Bardell,Mr. Pickwick,1462,pickwick-papers
Bardell,Mr. Pickwick,1462,pickwick-papers
Mr. Pickwick,Bardell,1462,pickwick-papers
Bardell,Mr. Pickwick,1464,pickwick-papers
Bardell,Mr. Pickwick,1464,pickwick-papers
Mr. Pickwick,Bardell,1464,pickwick-papers
Mr. Pickwick,Bardell,1464,pickwick-papers
Mr. Pickwick,Bardell,1465,pickwick-papers
Bardell,Mr. Pickwick,1465,pickwick-papers
Mr. Pickwick,Bardell,1466,pickwick-papers
Bardell,Mr. Pickwick,1466,pickwick-papers
Mr. Pickwick,Bardell,1467,pickwick-papers
Bardell,Mr. Pickwick,1467,pickwick-papers
Bardell,Mr. Pickwick,1470,pickwick-papers
Bardell,Mr. Pickwick,1470,pickwick-papers
Mr. Pickwick,Bardell,1470,pickwick-papers
Mr. Pickwick,Bardell,1470,pickwick-papers
Mr. Pickwick,Bardell,1472,pickwick-papers
Bardell,Mr. Pickwick,1472,pickwick-papers
Bardell,Mr. Pickwick,1474,pickwick-papers
Mr. Pickwick,Bardell,1474,pickwick-papers
Mr.,Pickwick,1481,pickwick-papers
Pickwick,Mr.,1481,pickwick-papers
Bardell,Mr. Pickwick,1482,pickwick-papers
Mr. Pickwick,Bardell,1482,pickwick-papers
Mr. Pickwick,Bardell,1483,pickwick-papers
Mr. Pickwick,Bardell,1483,pickwick-papers
Bardell,Mr. Pickwick,1483,pickwick-papers
Bardell,Mr. Pickwick,1483,pickwick-papers
Mr. Pickwick,Bardell,1485,pickwick-papers
Mr. Pickwick,Master Bardell,1485,pickwick-papers
Mr. Pickwick,Mr. Tupman,1485,pickwick-papers
Mr. Pickwick,Mr. Winkle,1485,pickwick-papers
Mr. Pickwick,Mr. Snodgrass,1485,pickwick-papers
Bardell,Mr. Pickwick,1485,pickwick-papers
Bardell,Mr. Pickwick,1485,pickwick-papers
Bardell,Master Bardell,1485,pickwick-papers
Bardell,Mr. Tupman,1485,pickwick-papers
Bardell,Mr. Winkle,1485,pickwick-papers
Bardell,Mr. Snodgrass,1485,pickwick-papers
Mr. Pickwick,Bardell,1485,pickwick-papers
Mr. Pickwick,Master Bardell,1485,pickwick-papers
Mr. Pickwick,Mr. Tupman,1485,pickwick-papers
Mr. Pickwick,Mr. Winkle,1485,pickwick-papers
Mr. Pickwick,Mr. Snodgrass,1485,pickwick-papers
Master Bardell,Mr. Pickwick,1485,pickwick-papers
Master Bardell,Bardell,1485,pickwick-papers
Master Bardell,Mr. Pickwick,1485,pickwick-papers
Master Bardell,Mr. Tupman,1485,pickwick-papers
Master Bardell,Mr. Winkle,1485,pickwick-papers
Master Bardell,Mr. Snodgrass,1485,pickwick-papers
Mr. Tupman,Mr. Pickwick,1485,pickwick-papers
Mr. Tupman,Bardell,1485,pickwick-papers
Mr. Tupman,Mr. Pickwick,1485,pickwick-papers
Mr. Tupman,Master Bardell,1485,pickwick-papers
Mr. Tupman,Mr. Winkle,1485,pickwick-papers
Mr. Tupman,Mr. Snodgrass,1485,pickwick-papers
Mr. Winkle,Mr. Pickwick,1485,pickwick-papers
Mr. Winkle,Bardell,1485,pickwick-papers
Mr. Winkle,Mr. Pickwick,1485,pickwick-papers
Mr. Winkle,Master Bardell,1485,pickwick-papers
Mr. Winkle,Mr. Tupman,1485,pickwick-papers
Mr. Winkle,Mr. Snodgrass,1485,pickwick-papers
Mr. Snodgrass,Mr. Pickwick,1485,pickwick-papers
Mr. Snodgrass,Bardell,1485,pickwick-papers
Mr. Snodgrass,Mr. Pickwick,1485,pickwick-papers
Mr. Snodgrass,Master Bardell,1485,pickwick-papers
Mr. Snodgrass,Mr. Tupman,1485,pickwick-papers
Mr. Snodgrass,Mr. Winkle,1485,pickwick-papers
Mr.,Pickwick,1486,pickwick-papers
Mr.,Master Bardell,1486,pickwick-papers
Pickwick,Mr.,1486,pickwick-papers
Pickwick,Master Bardell,1486,pickwick-papers
Master Bardell,Mr.,1486,pickwick-papers
Master Bardell,Pickwick,1486,pickwick-papers
Mr. Pickwick,Mr. Winkle,1490,pickwick-papers
Mr. Winkle,Mr. Pickwick,1490,pickwick-papers
Mr.,Snodgrass,1501,pickwick-papers
Mr.,Mr. Samuel Weller,1501,pickwick-papers
Snodgrass,Mr.,1501,pickwick-papers
Snodgrass,Mr. Samuel Weller,1501,pickwick-papers
Mr. Samuel Weller,Mr.,1501,pickwick-papers
Mr. Samuel Weller,Snodgrass,1501,pickwick-papers
Mr. Pickwick,Sit,1504,pickwick-papers
Sit,Mr. Pickwick,1504,pickwick-papers
Sam,Mr. Weller,1505,pickwick-papers
Sam,Mr. Weller,1505,pickwick-papers
Mr. Weller,Sam,1505,pickwick-papers
Mr. Weller,Sam,1505,pickwick-papers
Mr.,Pickwick,1512,pickwick-papers
Pickwick,Mr.,1512,pickwick-papers
Sir,Sam,1523,pickwick-papers
Sam,Sir,1523,pickwick-papers
Mr. Weller,Mr. Pickwick,1527,pickwick-papers
Mr. Pickwick,Mr. Weller,1527,pickwick-papers
Mr. Pickwick,Mr. Weller,1527,pickwick-papers
Mr. Weller,Mr. Pickwick,1527,pickwick-papers
Buffs,Blues,1532,pickwick-papers
Buffs,Buff,1532,pickwick-papers
Blues,Buffs,1532,pickwick-papers
Blues,Buffs,1532,pickwick-papers
Blues,Buffs,1532,pickwick-papers
Blues,Buff,1532,pickwick-papers
Buffs,Blues,1532,pickwick-papers
Buffs,Buff,1532,pickwick-papers
Buffs,Blues,1532,pickwick-papers
Buffs,Buff,1532,pickwick-papers
Buff,Buffs,1532,pickwick-papers
Buff,Blues,1532,pickwick-papers
Buff,Buffs,1532,pickwick-papers
Buff,Buffs,1532,pickwick-papers
Mr. Pickwick,Never,1534,pickwick-papers
Mr. Pickwick,Slumkey Hall,1534,pickwick-papers
Mr. Pickwick,Horatio Fizkin,1534,pickwick-papers
Mr. Pickwick,Fizkin Lodge,1534,pickwick-papers
Mr. Pickwick,Eatanswill,1534,pickwick-papers
Mr. Pickwick,Never,1534,pickwick-papers
Never,Mr. Pickwick,1534,pickwick-papers
Never,Slumkey Hall,1534,pickwick-papers
Never,Horatio Fizkin,1534,pickwick-papers
Never,Fizkin Lodge,1534,pickwick-papers
Never,Eatanswill,1534,pickwick-papers
Slumkey Hall,Mr. Pickwick,1534,pickwick-papers
Slumkey Hall,Never,1534,pickwick-papers
Slumkey Hall,Horatio Fizkin,1534,pickwick-papers
Slumkey Hall,Fizkin Lodge,1534,pickwick-papers
Slumkey Hall,Eatanswill,1534,pickwick-papers
Slumkey Hall,Never,1534,pickwick-papers
Horatio Fizkin,Mr. Pickwick,1534,pickwick-papers
Horatio Fizkin,Never,1534,pickwick-papers
Horatio Fizkin,Slumkey Hall,1534,pickwick-papers
Horatio Fizkin,Fizkin Lodge,1534,pickwick-papers
Horatio Fizkin,Eatanswill,1534,pickwick-papers
Horatio Fizkin,Never,1534,pickwick-papers
Fizkin Lodge,Mr. Pickwick,1534,pickwick-papers
Fizkin Lodge,Never,1534,pickwick-papers
Fizkin Lodge,Slumkey Hall,1534,pickwick-papers
Fizkin Lodge,Horatio Fizkin,1534,pickwick-papers
Fizkin Lodge,Eatanswill,1534,pickwick-papers
Fizkin Lodge,Never,1534,pickwick-papers
Eatanswill,Mr. Pickwick,1534,pickwick-papers
Eatanswill,Never,1534,pickwick-papers
Eatanswill,Slumkey Hall,1534,pickwick-papers
Eatanswill,Horatio Fizkin,1534,pickwick-papers
Eatanswill,Fizkin Lodge,1534,pickwick-papers
Eatanswill,Never,1534,pickwick-papers
Never,Mr. Pickwick,1534,pickwick-papers
Never,Slumkey Hall,1534,pickwick-papers
Never,Horatio Fizkin,1534,pickwick-papers
Never,Fizkin Lodge,1534,pickwick-papers
Never,Eatanswill,1534,pickwick-papers
Mr. Pickwick,Sam,1535,pickwick-papers
Mr. Pickwick,Large,1535,pickwick-papers
Mr. Pickwick,Mr. Slumkey,1535,pickwick-papers
Mr. Pickwick,Mr. Fizkin,1535,pickwick-papers
Sam,Mr. Pickwick,1535,pickwick-papers
Sam,Large,1535,pickwick-papers
Sam,Mr. Slumkey,1535,pickwick-papers
Sam,Mr. Fizkin,1535,pickwick-papers
Large,Mr. Pickwick,1535,pickwick-papers
Large,Sam,1535,pickwick-papers
Large,Mr. Slumkey,1535,pickwick-papers
Large,Mr. Fizkin,1535,pickwick-papers
Mr. Slumkey,Mr. Pickwick,1535,pickwick-papers
Mr. Slumkey,Sam,1535,pickwick-papers
Mr. Slumkey,Large,1535,pickwick-papers
Mr. Slumkey,Mr. Fizkin,1535,pickwick-papers
Mr. Fizkin,Mr. Pickwick,1535,pickwick-papers
Mr. Fizkin,Sam,1535,pickwick-papers
Mr. Fizkin,Large,1535,pickwick-papers
Mr. Fizkin,Mr. Slumkey,1535,pickwick-papers
Slumkey,Mr. Tupman,1543,pickwick-papers
Mr. Tupman,Slumkey,1543,pickwick-papers
Mr. Pickwick,Mr. Perker,1551,pickwick-papers
Mr. Pickwick,Mr. Perker,1551,pickwick-papers
Mr. Perker,Mr. Pickwick,1551,pickwick-papers
Mr. Perker,Mr. Pickwick,1551,pickwick-papers
Blue,Mr. Pickwick,1556,pickwick-papers
Blue,Mr. Perker,1556,pickwick-papers
Blue,Mr. Pickwick,1556,pickwick-papers
Blue,Mr. Perker,1556,pickwick-papers
Mr. Pickwick,Blue,1556,pickwick-papers
Mr. Pickwick,Mr. Perker,1556,pickwick-papers
Mr. Pickwick,Mr. Perker,1556,pickwick-papers
Mr. Perker,Blue,1556,pickwick-papers
Mr. Perker,Mr. Pickwick,1556,pickwick-papers
Mr. Perker,Mr. Pickwick,1556,pickwick-papers
Mr. Pickwick,Blue,1556,pickwick-papers
Mr. Pickwick,Mr. Perker,1556,pickwick-papers
Mr. Pickwick,Mr. Perker,1556,pickwick-papers
Mr. Perker,Blue,1556,pickwick-papers
Mr. Perker,Mr. Pickwick,1556,pickwick-papers
Mr. Perker,Mr. Pickwick,1556,pickwick-papers
Mr.,Pickwick,1558,pickwick-papers
Pickwick,Mr.,1558,pickwick-papers
Smart,Fizkin,1565,pickwick-papers
Fizkin,Smart,1565,pickwick-papers
Mr.,Pickwick,1566,pickwick-papers
Pickwick,Mr.,1566,pickwick-papers
Mr. Pickwick,Mr. Pott,1571,pickwick-papers
Mr. Pickwick,Mr. Pott,1571,pickwick-papers
Mr. Pott,Mr. Pickwick,1571,pickwick-papers
Mr. Pott,Mr. Pickwick,1571,pickwick-papers
Mr. Pott,Mr. Pickwick,1571,pickwick-papers
Mr. Pott,Mr. Pickwick,1571,pickwick-papers
Mr. Pickwick,Mr. Pott,1571,pickwick-papers
Mr. Pickwick,Mr. Pott,1571,pickwick-papers
Pott,Mr. Perker,1574,pickwick-papers
Mr. Perker,Pott,1574,pickwick-papers
Mr.,Pickwick,1577,pickwick-papers
Pickwick,Mr.,1577,pickwick-papers
Sir,Pott,1581,pickwick-papers
Pott,Sir,1581,pickwick-papers
Pott,Sir,1581,pickwick-papers
Sir,Pott,1581,pickwick-papers
Pott,Sir,1583,pickwick-papers
Pott,Sir,1583,pickwick-papers
Sir,Pott,1583,pickwick-papers
Sir,Pott,1583,pickwick-papers
Sir,Mr. Pickwick,1584,pickwick-papers
Mr. Pickwick,Sir,1584,pickwick-papers
Mr.,Pickwick,1588,pickwick-papers
Pickwick,Mr.,1588,pickwick-papers
Pott,Mr. Perker,1589,pickwick-papers
Mr. Perker,Pott,1589,pickwick-papers
Mr. Pott,Mr. Pickwick,1594,pickwick-papers
Mr. Pickwick,Mr. Pott,1594,pickwick-papers
Mr. Pott,Mr. Pickwick,1595,pickwick-papers
Mr. Pott,Mr. Tupman,1595,pickwick-papers
Mr. Pott,Mr. Snodgrass,1595,pickwick-papers
Mr. Pott,Mr. Pickwick,1595,pickwick-papers
Mr. Pott,Mr. Winkle,1595,pickwick-papers
Mr. Pickwick,Mr. Pott,1595,pickwick-papers
Mr. Pickwick,Mr. Tupman,1595,pickwick-papers
Mr. Pickwick,Mr. Snodgrass,1595,pickwick-papers
Mr. Pickwick,Mr. Winkle,1595,pickwick-papers
Mr. Pickwick,Mr. Pott,1595,pickwick-papers
Mr. Tupman,Mr. Pott,1595,pickwick-papers
Mr. Tupman,Mr. Pickwick,1595,pickwick-papers
Mr. Tupman,Mr. Snodgrass,1595,pickwick-papers
Mr. Tupman,Mr. Pickwick,1595,pickwick-papers
Mr. Tupman,Mr. Winkle,1595,pickwick-papers
Mr. Tupman,Mr. Pott,1595,pickwick-papers
Mr. Snodgrass,Mr. Pott,1595,pickwick-papers
Mr. Snodgrass,Mr. Pickwick,1595,pickwick-papers
Mr. Snodgrass,Mr. Tupman,1595,pickwick-papers
Mr. Snodgrass,Mr. Pickwick,1595,pickwick-papers
Mr. Snodgrass,Mr. Winkle,1595,pickwick-papers
Mr. Snodgrass,Mr. Pott,1595,pickwick-papers
Mr. Pickwick,Mr. Pott,1595,pickwick-papers
Mr. Pickwick,Mr. Tupman,1595,pickwick-papers
Mr. Pickwick,Mr. Snodgrass,1595,pickwick-papers
Mr. Pickwick,Mr. Winkle,1595,pickwick-papers
Mr. Pickwick,Mr. Pott,1595,pickwick-papers
Mr. Winkle,Mr. Pott,1595,pickwick-papers
Mr. Winkle,Mr. Pickwick,1595,pickwick-papers
Mr. Winkle,Mr. Tupman,1595,pickwick-papers
Mr. Winkle,Mr. Snodgrass,1595,pickwick-papers
Mr. Winkle,Mr. Pickwick,1595,pickwick-papers
Mr. Winkle,Mr. Pott,1595,pickwick-papers
Mr. Pott,Mr. Pickwick,1595,pickwick-papers
Mr. Pott,Mr. Tupman,1595,pickwick-papers
Mr. Pott,Mr. Snodgrass,1595,pickwick-papers
Mr. Pott,Mr. Pickwick,1595,pickwick-papers
Mr. Pott,Mr. Winkle,1595,pickwick-papers
Mr.,Mr. Pott,1596,pickwick-papers
Mr.,Pott,1596,pickwick-papers
Mr. Pott,Mr.,1596,pickwick-papers
Mr. Pott,Pott,1596,pickwick-papers
Pott,Mr.,1596,pickwick-papers
Pott,Mr. Pott,1596,pickwick-papers
Mr. Pott,Pickwick,1597,pickwick-papers
Mr. Pott,Mr. Pickwick,1597,pickwick-papers
Pickwick,Mr. Pott,1597,pickwick-papers
Pickwick,Mr. Pickwick,1597,pickwick-papers
Mr. Pickwick,Mr. Pott,1597,pickwick-papers
Mr. Pickwick,Pickwick,1597,pickwick-papers
Pott,Mr. Pickwick,1598,pickwick-papers
Pott,Mr. Winkle,1598,pickwick-papers
Mr. Pickwick,Pott,1598,pickwick-papers
Mr. Pickwick,Mr. Winkle,1598,pickwick-papers
Mr. Winkle,Pott,1598,pickwick-papers
Mr. Winkle,Mr. Pickwick,1598,pickwick-papers
Mr. Pott,Mr.,1602,pickwick-papers
Mr.,Mr. Pott,1602,pickwick-papers
Mr. Pott,Pickwick,1613,pickwick-papers
Pickwick,Mr. Pott,1613,pickwick-papers
Mr. Pott,Mr. Pickwick,1619,pickwick-papers
Mr. Pickwick,Mr. Pott,1619,pickwick-papers
Mr. Pickwick,Mr. Winkle,1622,pickwick-papers
Mr. Winkle,Mr. Pickwick,1622,pickwick-papers
Pott,Mr. Winkle,1623,pickwick-papers
Pott,Mr. Pickwick,1623,pickwick-papers
Mr. Winkle,Pott,1623,pickwick-papers
Mr. Winkle,Mr. Pickwick,1623,pickwick-papers
Mr. Pickwick,Pott,1623,pickwick-papers
Mr. Pickwick,Mr. Winkle,1623,pickwick-papers
Mr. Tupman,Mr. Snodgrass,1624,pickwick-papers
Mr. Tupman,Mr. Winkle,1624,pickwick-papers
Mr. Tupman,Pott,1624,pickwick-papers
Mr. Snodgrass,Mr. Tupman,1624,pickwick-papers
Mr. Snodgrass,Mr. Winkle,1624,pickwick-papers
Mr. Snodgrass,Pott,1624,pickwick-papers
Mr. Winkle,Mr. Tupman,1624,pickwick-papers
Mr. Winkle,Mr. Snodgrass,1624,pickwick-papers
Mr. Winkle,Pott,1624,pickwick-papers
Pott,Mr. Tupman,1624,pickwick-papers
Pott,Mr. Snodgrass,1624,pickwick-papers
Pott,Mr. Winkle,1624,pickwick-papers
Sam,Mr. Pickwick,1626,pickwick-papers
Mr. Pickwick,Sam,1626,pickwick-papers
Mr. Pickwick,Sam,1628,pickwick-papers
Sam,Mr. Pickwick,1628,pickwick-papers
Mr. Pickwick,Sam,1644,pickwick-papers
Sam,Mr. Pickwick,1644,pickwick-papers
Sir,Sam,1645,pickwick-papers
Sam,Sir,1645,pickwick-papers
Sam,Night,1647,pickwick-papers
Sam,Mr. Weller,1647,pickwick-papers
Sam,Sir,1647,pickwick-papers
Sam,Sir,1647,pickwick-papers
Sam,Mr. Weller,1647,pickwick-papers
Sam,Mr. Weller,1647,pickwick-papers
Sam,Mr. Weller,1647,pickwick-papers
Sam,Mr. Weller,1647,pickwick-papers
Night,Sam,1647,pickwick-papers
Night,Mr. Weller,1647,pickwick-papers
Night,Sir,1647,pickwick-papers
Night,Sir,1647,pickwick-papers
Night,Mr. Weller,1647,pickwick-papers
Night,Mr. Weller,1647,pickwick-papers
Night,Mr. Weller,1647,pickwick-papers
Night,Mr. Weller,1647,pickwick-papers
Night,Sam,1647,pickwick-papers
Mr. Weller,Sam,1647,pickwick-papers
Mr. Weller,Night,1647,pickwick-papers
Mr. Weller,Sir,1647,pickwick-papers
Mr. Weller,Sir,1647,pickwick-papers
Mr. Weller,Sam,1647,pickwick-papers
Sir,Sam,1647,pickwick-papers
Sir,Night,1647,pickwick-papers
Sir,Mr. Weller,1647,pickwick-papers
Sir,Mr. Weller,1647,pickwick-papers
Sir,Mr. Weller,1647,pickwick-papers
Sir,Mr. Weller,1647,pickwick-papers
Sir,Mr. Weller,1647,pickwick-papers
Sir,Sam,1647,pickwick-papers
Sir,Sam,1647,pickwick-papers
Sir,Night,1647,pickwick-papers
Sir,Mr. Weller,1647,pickwick-papers
Sir,Mr. Weller,1647,pickwick-papers
Sir,Mr. Weller,1647,pickwick-papers
Sir,Mr. Weller,1647,pickwick-papers
Sir,Mr. Weller,1647,pickwick-papers
Sir,Sam,1647,pickwick-papers
Mr. Weller,Sam,1647,pickwick-papers
Mr. Weller,Night,1647,pickwick-papers
Mr. Weller,Sir,1647,pickwick-papers
Mr. Weller,Sir,1647,pickwick-papers
Mr. Weller,Sam,1647,pickwick-papers
Mr. Weller,Sam,1647,pickwick-papers
Mr. Weller,Night,1647,pickwick-papers
Mr. Weller,Sir,1647,pickwick-papers
Mr. Weller,Sir,1647,pickwick-papers
Mr. Weller,Sam,1647,pickwick-papers
Mr. Weller,Sam,1647,pickwick-papers
Mr. Weller,Night,1647,pickwick-papers
Mr. Weller,Sir,1647,pickwick-papers
Mr. Weller,Sir,1647,pickwick-papers
Mr. Weller,Sam,1647,pickwick-papers
Mr. Weller,Sam,1647,pickwick-papers
Mr. Weller,Night,1647,pickwick-papers
Mr. Weller,Sir,1647,pickwick-papers
Mr. Weller,Sir,1647,pickwick-papers
Mr. Weller,Sam,1647,pickwick-papers
Sam,Night,1647,pickwick-papers
Sam,Mr. Weller,1647,pickwick-papers
Sam,Sir,1647,pickwick-papers
Sam,Sir,1647,pickwick-papers
Sam,Mr. Weller,1647,pickwick-papers
Sam,Mr. Weller,1647,pickwick-papers
Sam,Mr. Weller,1647,pickwick-papers
Sam,Mr. Weller,1647,pickwick-papers
Mr. Pickwick,Sam,1650,pickwick-papers
Mr. Pickwick,Mr. Winkle,1650,pickwick-papers
Sam,Mr. Pickwick,1650,pickwick-papers
Sam,Mr. Winkle,1650,pickwick-papers
Mr. Winkle,Mr. Pickwick,1650,pickwick-papers
Mr. Winkle,Sam,1650,pickwick-papers
Mr. Pickwick,Mr. Winkle,1651,pickwick-papers
Mr. Pickwick,Mr. Pott,1651,pickwick-papers
Mr. Pickwick,Mr. Slumkey,1651,pickwick-papers
Mr. Winkle,Mr. Pickwick,1651,pickwick-papers
Mr. Winkle,Mr. Pickwick,1651,pickwick-papers
Mr. Winkle,Mr. Pott,1651,pickwick-papers
Mr. Winkle,Mr. Slumkey,1651,pickwick-papers
Mr. Pickwick,Mr. Winkle,1651,pickwick-papers
Mr. Pickwick,Mr. Pott,1651,pickwick-papers
Mr. Pickwick,Mr. Slumkey,1651,pickwick-papers
Mr. Pott,Mr. Pickwick,1651,pickwick-papers
Mr. Pott,Mr. Winkle,1651,pickwick-papers
Mr. Pott,Mr. Pickwick,1651,pickwick-papers
Mr. Pott,Mr. Slumkey,1651,pickwick-papers
Mr. Slumkey,Mr. Pickwick,1651,pickwick-papers
Mr. Slumkey,Mr. Winkle,1651,pickwick-papers
Mr. Slumkey,Mr. Pickwick,1651,pickwick-papers
Mr. Slumkey,Mr. Pott,1651,pickwick-papers
Mr. Pott,Pott,1653,pickwick-papers
Pott,Mr. Pott,1653,pickwick-papers
Mr. Perker,Mr. Pickwick,1664,pickwick-papers
Mr. Perker,Mr. Tupman,1664,pickwick-papers
Mr. Perker,Mr. Snodgrass,1664,pickwick-papers
Mr. Pickwick,Mr. Perker,1664,pickwick-papers
Mr. Pickwick,Mr. Tupman,1664,pickwick-papers
Mr. Pickwick,Mr. Snodgrass,1664,pickwick-papers
Mr. Tupman,Mr. Perker,1664,pickwick-papers
Mr. Tupman,Mr. Pickwick,1664,pickwick-papers
Mr. Tupman,Mr. Snodgrass,1664,pickwick-papers
Mr. Snodgrass,Mr. Perker,1664,pickwick-papers
Mr. Snodgrass,Mr. Pickwick,1664,pickwick-papers
Mr. Snodgrass,Mr. Tupman,1664,pickwick-papers
Mr. Pickwick,Mr. Horatio Fizkin,1677,pickwick-papers
Mr. Horatio Fizkin,Mr. Pickwick,1677,pickwick-papers
Mr. Tupman,Mr. Winkle,1680,pickwick-papers
Mr. Tupman,Mr. Pickwick,1680,pickwick-papers
Mr. Winkle,Mr. Tupman,1680,pickwick-papers
Mr. Winkle,Mr. Pickwick,1680,pickwick-papers
Mr. Pickwick,Mr. Tupman,1680,pickwick-papers
Mr. Pickwick,Mr. Winkle,1680,pickwick-papers
Horatio Fizkin,Esquire,1694,pickwick-papers
Horatio Fizkin,Fizkin Lodge,1694,pickwick-papers
Esquire,Horatio Fizkin,1694,pickwick-papers
Esquire,Fizkin Lodge,1694,pickwick-papers
Fizkin Lodge,Horatio Fizkin,1694,pickwick-papers
Fizkin Lodge,Esquire,1694,pickwick-papers
Horatio Fizkin,Esquire,1695,pickwick-papers
Esquire,Horatio Fizkin,1695,pickwick-papers
Horatio Fizkin,Esquire,1696,pickwick-papers
Horatio Fizkin,Fizkin Lodge,1696,pickwick-papers
Horatio Fizkin,Esquire,1696,pickwick-papers
Horatio Fizkin,Fizkin Lodge,1696,pickwick-papers
Horatio Fizkin,Esquire,1696,pickwick-papers
Horatio Fizkin,Fizkin Lodge,1696,pickwick-papers
Horatio Fizkin,Slumkey Hall,1696,pickwick-papers
Horatio Fizkin,Esquire,1696,pickwick-papers
Horatio Fizkin,Fizkin Lodge,1696,pickwick-papers
Horatio Fizkin,Slumkey Hall,1696,pickwick-papers
Horatio Fizkin,Esquire,1696,pickwick-papers
Horatio Fizkin,Esquire,1696,pickwick-papers
Horatio Fizkin,Fizkin Lodge,1696,pickwick-papers
Horatio Fizkin,Slumkey Hall,1696,pickwick-papers
Horatio Fizkin,Esquire,1696,pickwick-papers
Horatio Fizkin,Esquire,1696,pickwick-papers
Esquire,Horatio Fizkin,1696,pickwick-papers
Esquire,Fizkin Lodge,1696,pickwick-papers
Esquire,Horatio Fizkin,1696,pickwick-papers
Esquire,Fizkin Lodge,1696,pickwick-papers
Esquire,Horatio Fizkin,1696,pickwick-papers
Esquire,Fizkin Lodge,1696,pickwick-papers
Esquire,Slumkey Hall,1696,pickwick-papers
Esquire,Horatio Fizkin,1696,pickwick-papers
Esquire,Fizkin Lodge,1696,pickwick-papers
Esquire,Slumkey Hall,1696,pickwick-papers
Esquire,Horatio Fizkin,1696,pickwick-papers
Esquire,Horatio Fizkin,1696,pickwick-papers
Esquire,Fizkin Lodge,1696,pickwick-papers
Esquire,Slumkey Hall,1696,pickwick-papers
Esquire,Horatio Fizkin,1696,pickwick-papers
Esquire,Horatio Fizkin,1696,pickwick-papers
Esquire,Horatio Fizkin,1696,pickwick-papers
Fizkin Lodge,Horatio Fizkin,1696,pickwick-papers
Fizkin Lodge,Esquire,1696,pickwick-papers
Fizkin Lodge,Horatio Fizkin,1696,pickwick-papers
Fizkin Lodge,Esquire,1696,pickwick-papers
Fizkin Lodge,Horatio Fizkin,1696,pickwick-papers
Fizkin Lodge,Esquire,1696,pickwick-papers
Fizkin Lodge,Slumkey Hall,1696,pickwick-papers
Fizkin Lodge,Horatio Fizkin,1696,pickwick-papers
Fizkin Lodge,Esquire,1696,pickwick-papers
Fizkin Lodge,Slumkey Hall,1696,pickwick-papers
Fizkin Lodge,Horatio Fizkin,1696,pickwick-papers
Fizkin Lodge,Esquire,1696,pickwick-papers
Fizkin Lodge,Horatio Fizkin,1696,pickwick-papers
Fizkin Lodge,Esquire,1696,pickwick-papers
Fizkin Lodge,Slumkey Hall,1696,pickwick-papers
Fizkin Lodge,Horatio Fizkin,1696,pickwick-papers
Fizkin Lodge,Esquire,1696,pickwick-papers
Fizkin Lodge,Horatio Fizkin,1696,pickwick-papers
Fizkin Lodge,Horatio Fizkin,1696,pickwick-papers
Fizkin Lodge,Esquire,1696,pickwick-papers
Horatio Fizkin,Esquire,1696,pickwick-papers
Horatio Fizkin,Fizkin Lodge,1696,pickwick-papers
Horatio Fizkin,Esquire,1696,pickwick-papers
Horatio Fizkin,Fizkin Lodge,1696,pickwick-papers
Horatio Fizkin,Esquire,1696,pickwick-papers
Horatio Fizkin,Fizkin Lodge,1696,pickwick-papers
Horatio Fizkin,Slumkey Hall,1696,pickwick-papers
Horatio Fizkin,Esquire,1696,pickwick-papers
Horatio Fizkin,Fizkin Lodge,1696,pickwick-papers
Horatio Fizkin,Slumkey Hall,1696,pickwick-papers
Horatio Fizkin,Esquire,1696,pickwick-papers
Horatio Fizkin,Esquire,1696,pickwick-papers
Horatio Fizkin,Fizkin Lodge,1696,pickwick-papers
Horatio Fizkin,Slumkey Hall,1696,pickwick-papers
Horatio Fizkin,Esquire,1696,pickwick-papers
Horatio Fizkin,Esquire,1696,pickwick-papers
Esquire,Horatio Fizkin,1696,pickwick-papers
Esquire,Fizkin Lodge,1696,pickwick-papers
Esquire,Horatio Fizkin,1696,pickwick-papers
Esquire,Fizkin Lodge,1696,pickwick-papers
Esquire,Horatio Fizkin,1696,pickwick-papers
Esquire,Fizkin Lodge,1696,pickwick-papers
Esquire,Slumkey Hall,1696,pickwick-papers
Esquire,Horatio Fizkin,1696,pickwick-papers
Esquire,Fizkin Lodge,1696,pickwick-papers
Esquire,Slumkey Hall,1696,pickwick-papers
Esquire,Horatio Fizkin,1696,pickwick-papers
Esquire,Horatio Fizkin,1696,pickwick-papers
Esquire,Fizkin Lodge,1696,pickwick-papers
Esquire,Slumkey Hall,1696,pickwick-papers
Esquire,Horatio Fizkin,1696,pickwick-papers
Esquire,Horatio Fizkin,1696,pickwick-papers
Esquire,Horatio Fizkin,1696,pickwick-papers
Fizkin Lodge,Horatio Fizkin,1696,pickwick-papers
Fizkin Lodge,Esquire,1696,pickwick-papers
Fizkin Lodge,Horatio Fizkin,1696,pickwick-papers
Fizkin Lodge,Esquire,1696,pickwick-papers
Fizkin Lodge,Horatio Fizkin,1696,pickwick-papers
Fizkin Lodge,Esquire,1696,pickwick-papers
Fizkin Lodge,Slumkey Hall,1696,pickwick-papers
Fizkin Lodge,Horatio Fizkin,1696,pickwick-papers
Fizkin Lodge,Esquire,1696,pickwick-papers
Fizkin Lodge,Slumkey Hall,1696,pickwick-papers
Fizkin Lodge,Horatio Fizkin,1696,pickwick-papers
Fizkin Lodge,Esquire,1696,pickwick-papers
Fizkin Lodge,Horatio Fizkin,1696,pickwick-papers
Fizkin Lodge,Esquire,1696,pickwick-papers
Fizkin Lodge,Slumkey Hall,1696,pickwick-papers
Fizkin Lodge,Horatio Fizkin,1696,pickwick-papers
Fizkin Lodge,Esquire,1696,pickwick-papers
Fizkin Lodge,Horatio Fizkin,1696,pickwick-papers
Fizkin Lodge,Horatio Fizkin,1696,pickwick-papers
Fizkin Lodge,Esquire,1696,pickwick-papers
Horatio Fizkin,Esquire,1696,pickwick-papers
Horatio Fizkin,Fizkin Lodge,1696,pickwick-papers
Horatio Fizkin,Esquire,1696,pickwick-papers
Horatio Fizkin,Fizkin Lodge,1696,pickwick-papers
Horatio Fizkin,Esquire,1696,pickwick-papers
Horatio Fizkin,Fizkin Lodge,1696,pickwick-papers
Horatio Fizkin,Slumkey Hall,1696,pickwick-papers
Horatio Fizkin,Esquire,1696,pickwick-papers
Horatio Fizkin,Fizkin Lodge,1696,pickwick-papers
Horatio Fizkin,Slumkey Hall,1696,pickwick-papers
Horatio Fizkin,Esquire,1696,pickwick-papers
Horatio Fizkin,Esquire,1696,pickwick-papers
Horatio Fizkin,Fizkin Lodge,1696,pickwick-papers
Horatio Fizkin,Slumkey Hall,1696,pickwick-papers
Horatio Fizkin,Esquire,1696,pickwick-papers
Horatio Fizkin,Esquire,1696,pickwick-papers
Esquire,Horatio Fizkin,1696,pickwick-papers
Esquire,Fizkin Lodge,1696,pickwick-papers
Esquire,Horatio Fizkin,1696,pickwick-papers
Esquire,Fizkin Lodge,1696,pickwick-papers
Esquire,Horatio Fizkin,1696,pickwick-papers
Esquire,Fizkin Lodge,1696,pickwick-papers
Esquire,Slumkey Hall,1696,pickwick-papers
Esquire,Horatio Fizkin,1696,pickwick-papers
Esquire,Fizkin Lodge,1696,pickwick-papers
Esquire,Slumkey Hall,1696,pickwick-papers
Esquire,Horatio Fizkin,1696,pickwick-papers
Esquire,Horatio Fizkin,1696,pickwick-papers
Esquire,Fizkin Lodge,1696,pickwick-papers
Esquire,Slumkey Hall,1696,pickwick-papers
Esquire,Horatio Fizkin,1696,pickwick-papers
Esquire,Horatio Fizkin,1696,pickwick-papers
Esquire,Horatio Fizkin,1696,pickwick-papers
Fizkin Lodge,Horatio Fizkin,1696,pickwick-papers
Fizkin Lodge,Esquire,1696,pickwick-papers
Fizkin Lodge,Horatio Fizkin,1696,pickwick-papers
Fizkin Lodge,Esquire,1696,pickwick-papers
Fizkin Lodge,Horatio Fizkin,1696,pickwick-papers
Fizkin Lodge,Esquire,1696,pickwick-papers
Fizkin Lodge,Slumkey Hall,1696,pickwick-papers
Fizkin Lodge,Horatio Fizkin,1696,pickwick-papers
Fizkin Lodge,Esquire,1696,pickwick-papers
Fizkin Lodge,Slumkey Hall,1696,pickwick-papers
Fizkin Lodge,Horatio Fizkin,1696,pickwick-papers
Fizkin Lodge,Esquire,1696,pickwick-papers
Fizkin Lodge,Horatio Fizkin,1696,pickwick-papers
Fizkin Lodge,Esquire,1696,pickwick-papers
Fizkin Lodge,Slumkey Hall,1696,pickwick-papers
Fizkin Lodge,Horatio Fizkin,1696,pickwick-papers
Fizkin Lodge,Esquire,1696,pickwick-papers
Fizkin Lodge,Horatio Fizkin,1696,pickwick-papers
Fizkin Lodge,Horatio Fizkin,1696,pickwick-papers
Fizkin Lodge,Esquire,1696,pickwick-papers
Slumkey Hall,Horatio Fizkin,1696,pickwick-papers
Slumkey Hall,Esquire,1696,pickwick-papers
Slumkey Hall,Fizkin Lodge,1696,pickwick-papers
Slumkey Hall,Horatio Fizkin,1696,pickwick-papers
Slumkey Hall,Esquire,1696,pickwick-papers
Slumkey Hall,Fizkin Lodge,1696,pickwick-papers
Slumkey Hall,Horatio Fizkin,1696,pickwick-papers
Slumkey Hall,Esquire,1696,pickwick-papers
Slumkey Hall,Fizkin Lodge,1696,pickwick-papers
Slumkey Hall,Horatio Fizkin,1696,pickwick-papers
Slumkey Hall,Esquire,1696,pickwick-papers
Slumkey Hall,Fizkin Lodge,1696,pickwick-papers
Slumkey Hall,Horatio Fizkin,1696,pickwick-papers
Slumkey Hall,Esquire,1696,pickwick-papers
Slumkey Hall,Horatio Fizkin,1696,pickwick-papers
Slumkey Hall,Esquire,1696,pickwick-papers
Slumkey Hall,Fizkin Lodge,1696,pickwick-papers
Slumkey Hall,Horatio Fizkin,1696,pickwick-papers
Slumkey Hall,Esquire,1696,pickwick-papers
Slumkey Hall,Horatio Fizkin,1696,pickwick-papers
Slumkey Hall,Horatio Fizkin,1696,pickwick-papers
Slumkey Hall,Esquire,1696,pickwick-papers
Horatio Fizkin,Esquire,1696,pickwick-papers
Horatio Fizkin,Fizkin Lodge,1696,pickwick-papers
Horatio Fizkin,Esquire,1696,pickwick-papers
Horatio Fizkin,Fizkin Lodge,1696,pickwick-papers
Horatio Fizkin,Esquire,1696,pickwick-papers
Horatio Fizkin,Fizkin Lodge,1696,pickwick-papers
Horatio Fizkin,Slumkey Hall,1696,pickwick-papers
Horatio Fizkin,Esquire,1696,pickwick-papers
Horatio Fizkin,Fizkin Lodge,1696,pickwick-papers
Horatio Fizkin,Slumkey Hall,1696,pickwick-papers
Horatio Fizkin,Esquire,1696,pickwick-papers
Horatio Fizkin,Esquire,1696,pickwick-papers
Horatio Fizkin,Fizkin Lodge,1696,pickwick-papers
Horatio Fizkin,Slumkey Hall,1696,pickwick-papers
Horatio Fizkin,Esquire,1696,pickwick-papers
Horatio Fizkin,Esquire,1696,pickwick-papers
Esquire,Horatio Fizkin,1696,pickwick-papers
Esquire,Fizkin Lodge,1696,pickwick-papers
Esquire,Horatio Fizkin,1696,pickwick-papers
Esquire,Fizkin Lodge,1696,pickwick-papers
Esquire,Horatio Fizkin,1696,pickwick-papers
Esquire,Fizkin Lodge,1696,pickwick-papers
Esquire,Slumkey Hall,1696,pickwick-papers
Esquire,Horatio Fizkin,1696,pickwick-papers
Esquire,Fizkin Lodge,1696,pickwick-papers
Esquire,Slumkey Hall,1696,pickwick-papers
Esquire,Horatio Fizkin,1696,pickwick-papers
Esquire,Horatio Fizkin,1696,pickwick-papers
Esquire,Fizkin Lodge,1696,pickwick-papers
Esquire,Slumkey Hall,1696,pickwick-papers
Esquire,Horatio Fizkin,1696,pickwick-papers
Esquire,Horatio Fizkin,1696,pickwick-papers
Esquire,Horatio Fizkin,1696,pickwick-papers
Fizkin Lodge,Horatio Fizkin,1696,pickwick-papers
Fizkin Lodge,Esquire,1696,pickwick-papers
Fizkin Lodge,Horatio Fizkin,1696,pickwick-papers
Fizkin Lodge,Esquire,1696,pickwick-papers
Fizkin Lodge,Horatio Fizkin,1696,pickwick-papers
Fizkin Lodge,Esquire,1696,pickwick-papers
Fizkin Lodge,Slumkey Hall,1696,pickwick-papers
Fizkin Lodge,Horatio Fizkin,1696,pickwick-papers
Fizkin Lodge,Esquire,1696,pickwick-papers
Fizkin Lodge,Slumkey Hall,1696,pickwick-papers
Fizkin Lodge,Horatio Fizkin,1696,pickwick-papers
Fizkin Lodge,Esquire,1696,pickwick-papers
Fizkin Lodge,Horatio Fizkin,1696,pickwick-papers
Fizkin Lodge,Esquire,1696,pickwick-papers
Fizkin Lodge,Slumkey Hall,1696,pickwick-papers
Fizkin Lodge,Horatio Fizkin,1696,pickwick-papers
Fizkin Lodge,Esquire,1696,pickwick-papers
Fizkin Lodge,Horatio Fizkin,1696,pickwick-papers
Fizkin Lodge,Horatio Fizkin,1696,pickwick-papers
Fizkin Lodge,Esquire,1696,pickwick-papers
Slumkey Hall,Horatio Fizkin,1696,pickwick-papers
Slumkey Hall,Esquire,1696,pickwick-papers
Slumkey Hall,Fizkin Lodge,1696,pickwick-papers
Slumkey Hall,Horatio Fizkin,1696,pickwick-papers
Slumkey Hall,Esquire,1696,pickwick-papers
Slumkey Hall,Fizkin Lodge,1696,pickwick-papers
Slumkey Hall,Horatio Fizkin,1696,pickwick-papers
Slumkey Hall,Esquire,1696,pickwick-papers
Slumkey Hall,Fizkin Lodge,1696,pickwick-papers
Slumkey Hall,Horatio Fizkin,1696,pickwick-papers
Slumkey Hall,Esquire,1696,pickwick-papers
Slumkey Hall,Fizkin Lodge,1696,pickwick-papers
Slumkey Hall,Horatio Fizkin,1696,pickwick-papers
Slumkey Hall,Esquire,1696,pickwick-papers
Slumkey Hall,Horatio Fizkin,1696,pickwick-papers
Slumkey Hall,Esquire,1696,pickwick-papers
Slumkey Hall,Fizkin Lodge,1696,pickwick-papers
Slumkey Hall,Horatio Fizkin,1696,pickwick-papers
Slumkey Hall,Esquire,1696,pickwick-papers
Slumkey Hall,Horatio Fizkin,1696,pickwick-papers
Slumkey Hall,Horatio Fizkin,1696,pickwick-papers
Slumkey Hall,Esquire,1696,pickwick-papers
Horatio Fizkin,Esquire,1696,pickwick-papers
Horatio Fizkin,Fizkin Lodge,1696,pickwick-papers
Horatio Fizkin,Esquire,1696,pickwick-papers
Horatio Fizkin,Fizkin Lodge,1696,pickwick-papers
Horatio Fizkin,Esquire,1696,pickwick-papers
Horatio Fizkin,Fizkin Lodge,1696,pickwick-papers
Horatio Fizkin,Slumkey Hall,1696,pickwick-papers
Horatio Fizkin,Esquire,1696,pickwick-papers
Horatio Fizkin,Fizkin Lodge,1696,pickwick-papers
Horatio Fizkin,Slumkey Hall,1696,pickwick-papers
Horatio Fizkin,Esquire,1696,pickwick-papers
Horatio Fizkin,Esquire,1696,pickwick-papers
Horatio Fizkin,Fizkin Lodge,1696,pickwick-papers
Horatio Fizkin,Slumkey Hall,1696,pickwick-papers
Horatio Fizkin,Esquire,1696,pickwick-papers
Horatio Fizkin,Esquire,1696,pickwick-papers
Esquire,Horatio Fizkin,1696,pickwick-papers
Esquire,Fizkin Lodge,1696,pickwick-papers
Esquire,Horatio Fizkin,1696,pickwick-papers
Esquire,Fizkin Lodge,1696,pickwick-papers
Esquire,Horatio Fizkin,1696,pickwick-papers
Esquire,Fizkin Lodge,1696,pickwick-papers
Esquire,Slumkey Hall,1696,pickwick-papers
Esquire,Horatio Fizkin,1696,pickwick-papers
Esquire,Fizkin Lodge,1696,pickwick-papers
Esquire,Slumkey Hall,1696,pickwick-papers
Esquire,Horatio Fizkin,1696,pickwick-papers
Esquire,Horatio Fizkin,1696,pickwick-papers
Esquire,Fizkin Lodge,1696,pickwick-papers
Esquire,Slumkey Hall,1696,pickwick-papers
Esquire,Horatio Fizkin,1696,pickwick-papers
Esquire,Horatio Fizkin,1696,pickwick-papers
Esquire,Horatio Fizkin,1696,pickwick-papers
Horatio Fizkin,Esquire,1696,pickwick-papers
Horatio Fizkin,Fizkin Lodge,1696,pickwick-papers
Horatio Fizkin,Esquire,1696,pickwick-papers
Horatio Fizkin,Fizkin Lodge,1696,pickwick-papers
Horatio Fizkin,Esquire,1696,pickwick-papers
Horatio Fizkin,Fizkin Lodge,1696,pickwick-papers
Horatio Fizkin,Slumkey Hall,1696,pickwick-papers
Horatio Fizkin,Esquire,1696,pickwick-papers
Horatio Fizkin,Fizkin Lodge,1696,pickwick-papers
Horatio Fizkin,Slumkey Hall,1696,pickwick-papers
Horatio Fizkin,Esquire,1696,pickwick-papers
Horatio Fizkin,Esquire,1696,pickwick-papers
Horatio Fizkin,Fizkin Lodge,1696,pickwick-papers
Horatio Fizkin,Slumkey Hall,1696,pickwick-papers
Horatio Fizkin,Esquire,1696,pickwick-papers
Horatio Fizkin,Esquire,1696,pickwick-papers
Esquire,Horatio Fizkin,1696,pickwick-papers
Esquire,Fizkin Lodge,1696,pickwick-papers
Esquire,Horatio Fizkin,1696,pickwick-papers
Esquire,Fizkin Lodge,1696,pickwick-papers
Esquire,Horatio Fizkin,1696,pickwick-papers
Esquire,Fizkin Lodge,1696,pickwick-papers
Esquire,Slumkey Hall,1696,pickwick-papers
Esquire,Horatio Fizkin,1696,pickwick-papers
Esquire,Fizkin Lodge,1696,pickwick-papers
Esquire,Slumkey Hall,1696,pickwick-papers
Esquire,Horatio Fizkin,1696,pickwick-papers
Esquire,Horatio Fizkin,1696,pickwick-papers
Esquire,Fizkin Lodge,1696,pickwick-papers
Esquire,Slumkey Hall,1696,pickwick-papers
Esquire,Horatio Fizkin,1696,pickwick-papers
Esquire,Horatio Fizkin,1696,pickwick-papers
Esquire,Horatio Fizkin,1696,pickwick-papers
Fizkin Lodge,Horatio Fizkin,1696,pickwick-papers
Fizkin Lodge,Esquire,1696,pickwick-papers
Fizkin Lodge,Horatio Fizkin,1696,pickwick-papers
Fizkin Lodge,Esquire,1696,pickwick-papers
Fizkin Lodge,Horatio Fizkin,1696,pickwick-papers
Fizkin Lodge,Esquire,1696,pickwick-papers
Fizkin Lodge,Slumkey Hall,1696,pickwick-papers
Fizkin Lodge,Horatio Fizkin,1696,pickwick-papers
Fizkin Lodge,Esquire,1696,pickwick-papers
Fizkin Lodge,Slumkey Hall,1696,pickwick-papers
Fizkin Lodge,Horatio Fizkin,1696,pickwick-papers
Fizkin Lodge,Esquire,1696,pickwick-papers
Fizkin Lodge,Horatio Fizkin,1696,pickwick-papers
Fizkin Lodge,Esquire,1696,pickwick-papers
Fizkin Lodge,Slumkey Hall,1696,pickwick-papers
Fizkin Lodge,Horatio Fizkin,1696,pickwick-papers
Fizkin Lodge,Esquire,1696,pickwick-papers
Fizkin Lodge,Horatio Fizkin,1696,pickwick-papers
Fizkin Lodge,Horatio Fizkin,1696,pickwick-papers
Fizkin Lodge,Esquire,1696,pickwick-papers
Slumkey Hall,Horatio Fizkin,1696,pickwick-papers
Slumkey Hall,Esquire,1696,pickwick-papers
Slumkey Hall,Fizkin Lodge,1696,pickwick-papers
Slumkey Hall,Horatio Fizkin,1696,pickwick-papers
Slumkey Hall,Esquire,1696,pickwick-papers
Slumkey Hall,Fizkin Lodge,1696,pickwick-papers
Slumkey Hall,Horatio Fizkin,1696,pickwick-papers
Slumkey Hall,Esquire,1696,pickwick-papers
Slumkey Hall,Fizkin Lodge,1696,pickwick-papers
Slumkey Hall,Horatio Fizkin,1696,pickwick-papers
Slumkey Hall,Esquire,1696,pickwick-papers
Slumkey Hall,Fizkin Lodge,1696,pickwick-papers
Slumkey Hall,Horatio Fizkin,1696,pickwick-papers
Slumkey Hall,Esquire,1696,pickwick-papers
Slumkey Hall,Horatio Fizkin,1696,pickwick-papers
Slumkey Hall,Esquire,1696,pickwick-papers
Slumkey Hall,Fizkin Lodge,1696,pickwick-papers
Slumkey Hall,Horatio Fizkin,1696,pickwick-papers
Slumkey Hall,Esquire,1696,pickwick-papers
Slumkey Hall,Horatio Fizkin,1696,pickwick-papers
Slumkey Hall,Horatio Fizkin,1696,pickwick-papers
Slumkey Hall,Esquire,1696,pickwick-papers
Horatio Fizkin,Esquire,1696,pickwick-papers
Horatio Fizkin,Fizkin Lodge,1696,pickwick-papers
Horatio Fizkin,Esquire,1696,pickwick-papers
Horatio Fizkin,Fizkin Lodge,1696,pickwick-papers
Horatio Fizkin,Esquire,1696,pickwick-papers
Horatio Fizkin,Fizkin Lodge,1696,pickwick-papers
Horatio Fizkin,Slumkey Hall,1696,pickwick-papers
Horatio Fizkin,Esquire,1696,pickwick-papers
Horatio Fizkin,Fizkin Lodge,1696,pickwick-papers
Horatio Fizkin,Slumkey Hall,1696,pickwick-papers
Horatio Fizkin,Esquire,1696,pickwick-papers
Horatio Fizkin,Esquire,1696,pickwick-papers
Horatio Fizkin,Fizkin Lodge,1696,pickwick-papers
Horatio Fizkin,Slumkey Hall,1696,pickwick-papers
Horatio Fizkin,Esquire,1696,pickwick-papers
Horatio Fizkin,Esquire,1696,pickwick-papers
Esquire,Horatio Fizkin,1696,pickwick-papers
Esquire,Fizkin Lodge,1696,pickwick-papers
Esquire,Horatio Fizkin,1696,pickwick-papers
Esquire,Fizkin Lodge,1696,pickwick-papers
Esquire,Horatio Fizkin,1696,pickwick-papers
Esquire,Fizkin Lodge,1696,pickwick-papers
Esquire,Slumkey Hall,1696,pickwick-papers
Esquire,Horatio Fizkin,1696,pickwick-papers
Esquire,Fizkin Lodge,1696,pickwick-papers
Esquire,Slumkey Hall,1696,pickwick-papers
Esquire,Horatio Fizkin,1696,pickwick-papers
Esquire,Horatio Fizkin,1696,pickwick-papers
Esquire,Fizkin Lodge,1696,pickwick-papers
Esquire,Slumkey Hall,1696,pickwick-papers
Esquire,Horatio Fizkin,1696,pickwick-papers
Esquire,Horatio Fizkin,1696,pickwick-papers
Esquire,Horatio Fizkin,1696,pickwick-papers
Horatio Fizkin,Esquire,1696,pickwick-papers
Horatio Fizkin,Fizkin Lodge,1696,pickwick-papers
Horatio Fizkin,Esquire,1696,pickwick-papers
Horatio Fizkin,Fizkin Lodge,1696,pickwick-papers
Horatio Fizkin,Esquire,1696,pickwick-papers
Horatio Fizkin,Fizkin Lodge,1696,pickwick-papers
Horatio Fizkin,Slumkey Hall,1696,pickwick-papers
Horatio Fizkin,Esquire,1696,pickwick-papers
Horatio Fizkin,Fizkin Lodge,1696,pickwick-papers
Horatio Fizkin,Slumkey Hall,1696,pickwick-papers
Horatio Fizkin,Esquire,1696,pickwick-papers
Horatio Fizkin,Esquire,1696,pickwick-papers
Horatio Fizkin,Fizkin Lodge,1696,pickwick-papers
Horatio Fizkin,Slumkey Hall,1696,pickwick-papers
Horatio Fizkin,Esquire,1696,pickwick-papers
Horatio Fizkin,Esquire,1696,pickwick-papers
Horatio Fizkin,Esquire,1696,pickwick-papers
Horatio Fizkin,Fizkin Lodge,1696,pickwick-papers
Horatio Fizkin,Esquire,1696,pickwick-papers
Horatio Fizkin,Fizkin Lodge,1696,pickwick-papers
Horatio Fizkin,Esquire,1696,pickwick-papers
Horatio Fizkin,Fizkin Lodge,1696,pickwick-papers
Horatio Fizkin,Slumkey Hall,1696,pickwick-papers
Horatio Fizkin,Esquire,1696,pickwick-papers
Horatio Fizkin,Fizkin Lodge,1696,pickwick-papers
Horatio Fizkin,Slumkey Hall,1696,pickwick-papers
Horatio Fizkin,Esquire,1696,pickwick-papers
Horatio Fizkin,Esquire,1696,pickwick-papers
Horatio Fizkin,Fizkin Lodge,1696,pickwick-papers
Horatio Fizkin,Slumkey Hall,1696,pickwick-papers
Horatio Fizkin,Esquire,1696,pickwick-papers
Horatio Fizkin,Esquire,1696,pickwick-papers
Esquire,Horatio Fizkin,1696,pickwick-papers
Esquire,Fizkin Lodge,1696,pickwick-papers
Esquire,Horatio Fizkin,1696,pickwick-papers
Esquire,Fizkin Lodge,1696,pickwick-papers
Esquire,Horatio Fizkin,1696,pickwick-papers
Esquire,Fizkin Lodge,1696,pickwick-papers
Esquire,Slumkey Hall,1696,pickwick-papers
Esquire,Horatio Fizkin,1696,pickwick-papers
Esquire,Fizkin Lodge,1696,pickwick-papers
Esquire,Slumkey Hall,1696,pickwick-papers
Esquire,Horatio Fizkin,1696,pickwick-papers
Esquire,Horatio Fizkin,1696,pickwick-papers
Esquire,Fizkin Lodge,1696,pickwick-papers
Esquire,Slumkey Hall,1696,pickwick-papers
Esquire,Horatio Fizkin,1696,pickwick-papers
Esquire,Horatio Fizkin,1696,pickwick-papers
Esquire,Horatio Fizkin,1696,pickwick-papers
Fizkin,Slumkey,1697,pickwick-papers
Slumkey,Fizkin,1697,pickwick-papers
Slumkey Hall,Horatio Fizkin,1698,pickwick-papers
Slumkey Hall,Esquire,1698,pickwick-papers
Slumkey Hall,Fizkin Lodge,1698,pickwick-papers
Horatio Fizkin,Slumkey Hall,1698,pickwick-papers
Horatio Fizkin,Esquire,1698,pickwick-papers
Horatio Fizkin,Fizkin Lodge,1698,pickwick-papers
Esquire,Slumkey Hall,1698,pickwick-papers
Esquire,Horatio Fizkin,1698,pickwick-papers
Esquire,Fizkin Lodge,1698,pickwick-papers
Fizkin Lodge,Slumkey Hall,1698,pickwick-papers
Fizkin Lodge,Horatio Fizkin,1698,pickwick-papers
Fizkin Lodge,Esquire,1698,pickwick-papers
Mr. Perker,Slumkey Hall,1699,pickwick-papers
Slumkey Hall,Mr. Perker,1699,pickwick-papers
Mr. Pickwick,Mr. Pott,1702,pickwick-papers
Mr. Pickwick,Mr. Winkle,1702,pickwick-papers
Mr. Pickwick,Mr. Tupman,1702,pickwick-papers
Mr. Pickwick,Mr. Snodgrass,1702,pickwick-papers
Mr. Pickwick,Mr. Weller,1702,pickwick-papers
Mr. Pott,Mr. Pickwick,1702,pickwick-papers
Mr. Pott,Mr. Winkle,1702,pickwick-papers
Mr. Pott,Mr. Tupman,1702,pickwick-papers
Mr. Pott,Mr. Snodgrass,1702,pickwick-papers
Mr. Pott,Mr. Weller,1702,pickwick-papers
Mr. Pott,Mr. Pickwick,1702,pickwick-papers
Mr. Winkle,Mr. Pickwick,1702,pickwick-papers
Mr. Winkle,Mr. Pott,1702,pickwick-papers
Mr. Winkle,Mr. Tupman,1702,pickwick-papers
Mr. Winkle,Mr. Snodgrass,1702,pickwick-papers
Mr. Winkle,Mr. Weller,1702,pickwick-papers
Mr. Winkle,Mr. Pickwick,1702,pickwick-papers
Mr. Tupman,Mr. Pickwick,1702,pickwick-papers
Mr. Tupman,Mr. Pott,1702,pickwick-papers
Mr. Tupman,Mr. Winkle,1702,pickwick-papers
Mr. Tupman,Mr. Snodgrass,1702,pickwick-papers
Mr. Tupman,Mr. Weller,1702,pickwick-papers
Mr. Tupman,Mr. Pickwick,1702,pickwick-papers
Mr. Snodgrass,Mr. Pickwick,1702,pickwick-papers
Mr. Snodgrass,Mr. Pott,1702,pickwick-papers
Mr. Snodgrass,Mr. Winkle,1702,pickwick-papers
Mr. Snodgrass,Mr. Tupman,1702,pickwick-papers
Mr. Snodgrass,Mr. Weller,1702,pickwick-papers
Mr. Snodgrass,Mr. Pickwick,1702,pickwick-papers
Mr. Weller,Mr. Pickwick,1702,pickwick-papers
Mr. Weller,Mr. Pott,1702,pickwick-papers
Mr. Weller,Mr. Winkle,1702,pickwick-papers
Mr. Weller,Mr. Tupman,1702,pickwick-papers
Mr. Weller,Mr. Snodgrass,1702,pickwick-papers
Mr. Weller,Mr. Pickwick,1702,pickwick-papers
Mr. Pickwick,Mr. Pott,1702,pickwick-papers
Mr. Pickwick,Mr. Winkle,1702,pickwick-papers
Mr. Pickwick,Mr. Tupman,1702,pickwick-papers
Mr. Pickwick,Mr. Snodgrass,1702,pickwick-papers
Mr. Pickwick,Mr. Weller,1702,pickwick-papers
Pott,Mr. Tupman,1703,pickwick-papers
Pott,Mr. Snodgrass,1703,pickwick-papers
Mr. Tupman,Pott,1703,pickwick-papers
Mr. Tupman,Mr. Snodgrass,1703,pickwick-papers
Mr. Snodgrass,Pott,1703,pickwick-papers
Mr. Snodgrass,Mr. Tupman,1703,pickwick-papers
Mr. Tupman,Mr. Snodgrass,1705,pickwick-papers
Mr. Snodgrass,Mr. Tupman,1705,pickwick-papers
Mr. Snodgrass,Emily Wardle,1722,pickwick-papers
Emily Wardle,Mr. Snodgrass,1722,pickwick-papers
Emily Wardle,Mr. Snodgrass,1722,pickwick-papers
Mr. Snodgrass,Emily Wardle,1722,pickwick-papers
Sir,Mr. Snodgrass,1726,pickwick-papers
Mr. Snodgrass,Sir,1726,pickwick-papers
Mr.,Snodgrass,1727,pickwick-papers
Snodgrass,Mr.,1727,pickwick-papers
Bilson,Slum,1733,pickwick-papers
Slum,Bilson,1733,pickwick-papers
Marlborough Downs,Tom Smart,1736,pickwick-papers
Marlborough Downs,Bilson,1736,pickwick-papers
Marlborough Downs,Slum,1736,pickwick-papers
Marlborough Downs,Cateaton Street,1736,pickwick-papers
Marlborough Downs,Tom Smart,1736,pickwick-papers
Tom Smart,Marlborough Downs,1736,pickwick-papers
Tom Smart,Bilson,1736,pickwick-papers
Tom Smart,Slum,1736,pickwick-papers
Tom Smart,Cateaton Street,1736,pickwick-papers
Bilson,Marlborough Downs,1736,pickwick-papers
Bilson,Tom Smart,1736,pickwick-papers
Bilson,Slum,1736,pickwick-papers
Bilson,Cateaton Street,1736,pickwick-papers
Bilson,Tom Smart,1736,pickwick-papers
Slum,Marlborough Downs,1736,pickwick-papers
Slum,Tom Smart,1736,pickwick-papers
Slum,Bilson,1736,pickwick-papers
Slum,Cateaton Street,1736,pickwick-papers
Slum,Tom Smart,1736,pickwick-papers
Cateaton Street,Marlborough Downs,1736,pickwick-papers
Cateaton Street,Tom Smart,1736,pickwick-papers
Cateaton Street,Bilson,1736,pickwick-papers
Cateaton Street,Slum,1736,pickwick-papers
Cateaton Street,Tom Smart,1736,pickwick-papers
Tom Smart,Marlborough Downs,1736,pickwick-papers
Tom Smart,Bilson,1736,pickwick-papers
Tom Smart,Slum,1736,pickwick-papers
Tom Smart,Cateaton Street,1736,pickwick-papers
Tom Smart,Tom,1740,pickwick-papers
Tom Smart,Tom,1740,pickwick-papers
Tom,Tom Smart,1740,pickwick-papers
Tom,Tom Smart,1740,pickwick-papers
Tom,Soho,1743,pickwick-papers
Soho,Tom,1743,pickwick-papers
Smart,Tom,1747,pickwick-papers
Smart,Tom Smart,1747,pickwick-papers
Smart,Tom Smart,1747,pickwick-papers
Tom,Smart,1747,pickwick-papers
Tom,Tom Smart,1747,pickwick-papers
Tom,Tom Smart,1747,pickwick-papers
Tom Smart,Smart,1747,pickwick-papers
Tom Smart,Tom,1747,pickwick-papers
Tom Smart,Smart,1747,pickwick-papers
Tom Smart,Tom,1747,pickwick-papers
Tom,Tom Smart,1749,pickwick-papers
Tom,Tom Smart,1749,pickwick-papers
Tom Smart,Tom,1749,pickwick-papers
Tom Smart,Tom,1749,pickwick-papers
Tom Smart,Tom,1759,pickwick-papers
Tom,Tom Smart,1759,pickwick-papers
Tom,Damme,1761,pickwick-papers
Damme,Tom,1761,pickwick-papers
Damme,Tom,1761,pickwick-papers
Tom,Damme,1761,pickwick-papers
Sir,Tom,1762,pickwick-papers
Tom,Sir,1762,pickwick-papers
Smart,Tom,1768,pickwick-papers
Tom,Smart,1768,pickwick-papers
Tom,Tom Smart,1774,pickwick-papers
Tom Smart,Tom,1774,pickwick-papers
Sir,Tom Smart,1778,pickwick-papers
Tom Smart,Sir,1778,pickwick-papers
Sir,Tom,1780,pickwick-papers
Tom,Sir,1780,pickwick-papers
Sir,Tom Smart,1795,pickwick-papers
Tom Smart,Sir,1795,pickwick-papers
Sir,Tom Smart,1802,pickwick-papers
Tom Smart,Sir,1802,pickwick-papers
Which,Tom,1814,pickwick-papers
Tom,Which,1814,pickwick-papers
Tom Smart,Tom,1816,pickwick-papers
Tom,Tom Smart,1816,pickwick-papers
Tom Smart,Tom,1817,pickwick-papers
Tom,Tom Smart,1817,pickwick-papers
Jinkins,Sir,1824,pickwick-papers
Sir,Jinkins,1824,pickwick-papers
Sir,Tom,1828,pickwick-papers
Tom,Sir,1828,pickwick-papers
Tom,Tom Smart,1830,pickwick-papers
Tom Smart,Tom,1830,pickwick-papers
Tom Smart,Tom,1830,pickwick-papers
Tom,Tom Smart,1830,pickwick-papers
Sir,Tom,1832,pickwick-papers
Tom,Sir,1832,pickwick-papers
Tom,Sir,1832,pickwick-papers
Sir,Tom,1832,pickwick-papers
Tom Smart,Tom,1833,pickwick-papers
Tom,Tom Smart,1833,pickwick-papers
Tom,Widows,1834,pickwick-papers
Widows,Tom,1834,pickwick-papers
Pooh,Tom Smart,1847,pickwick-papers
Tom Smart,Pooh,1847,pickwick-papers
Tom Smart,Tom,1849,pickwick-papers
Tom,Tom Smart,1849,pickwick-papers
Tom Smart,Tom,1856,pickwick-papers
Tom,Tom Smart,1856,pickwick-papers
Tom Smart,Tom,1860,pickwick-papers
Tom Smart,Tom,1860,pickwick-papers
Tom Smart,Tom,1860,pickwick-papers
Tom Smart,Tom,1860,pickwick-papers
Tom,Tom Smart,1860,pickwick-papers
Tom,Tom Smart,1860,pickwick-papers
Tom,Tom Smart,1860,pickwick-papers
Tom,Tom Smart,1860,pickwick-papers
Mr.,Pickwick,1875,pickwick-papers
Pickwick,Mr.,1875,pickwick-papers
Sam,Mr. Pickwick,1878,pickwick-papers
Mr. Pickwick,Sam,1878,pickwick-papers
Sir,Permit,1887,pickwick-papers
Permit,Sir,1887,pickwick-papers
Permit,Sir,1887,pickwick-papers
Sir,Permit,1887,pickwick-papers
Mr. Leo Hunter,Mr. Pickwick,1889,pickwick-papers
Mr. Pickwick,Mr. Leo Hunter,1889,pickwick-papers
Permit,Sir,1892,pickwick-papers
Sir,Permit,1892,pickwick-papers
Leo Hunter,Sir,1894,pickwick-papers
Sir,Leo Hunter,1894,pickwick-papers
Mr. Snodgrass,Mr. Pickwick,1899,pickwick-papers
Mr. Pickwick,Mr. Snodgrass,1899,pickwick-papers
Sir,Mr. Leo Hunter,1902,pickwick-papers
Mr. Leo Hunter,Sir,1902,pickwick-papers
Sir,Mr. Leo Hunter,1912,pickwick-papers
Mr. Leo Hunter,Sir,1912,pickwick-papers
Mr. Leo Hunter,Sir,1912,pickwick-papers
Mr. Leo Hunter,Sir,1912,pickwick-papers
Sir,Mr. Leo Hunter,1912,pickwick-papers
Sir,Mr. Leo Hunter,1912,pickwick-papers
Mr. Leo Hunter,Lucas,1916,pickwick-papers
Mr. Leo Hunter,Sir,1916,pickwick-papers
Mr. Leo Hunter,Plato,1916,pickwick-papers
Mr. Leo Hunter,Zeno,1916,pickwick-papers
Mr. Leo Hunter,Pythagoras,1916,pickwick-papers
Lucas,Mr. Leo Hunter,1916,pickwick-papers
Lucas,Sir,1916,pickwick-papers
Lucas,Plato,1916,pickwick-papers
Lucas,Zeno,1916,pickwick-papers
Lucas,Pythagoras,1916,pickwick-papers
Sir,Mr. Leo Hunter,1916,pickwick-papers
Sir,Lucas,1916,pickwick-papers
Sir,Plato,1916,pickwick-papers
Sir,Zeno,1916,pickwick-papers
Sir,Pythagoras,1916,pickwick-papers
Plato,Mr. Leo Hunter,1916,pickwick-papers
Plato,Lucas,1916,pickwick-papers
Plato,Sir,1916,pickwick-papers
Plato,Zeno,1916,pickwick-papers
Plato,Pythagoras,1916,pickwick-papers
Zeno,Mr. Leo Hunter,1916,pickwick-papers
Zeno,Lucas,1916,pickwick-papers
Zeno,Sir,1916,pickwick-papers
Zeno,Plato,1916,pickwick-papers
Zeno,Pythagoras,1916,pickwick-papers
Pythagoras,Mr. Leo Hunter,1916,pickwick-papers
Pythagoras,Lucas,1916,pickwick-papers
Pythagoras,Sir,1916,pickwick-papers
Pythagoras,Plato,1916,pickwick-papers
Pythagoras,Zeno,1916,pickwick-papers
Sir,Mr. Pickwick,1921,pickwick-papers
Sir,Mr. Leo Hunter,1921,pickwick-papers
Sir,Mr. Pickwick,1921,pickwick-papers
Sir,Mr. Leo Hunter,1921,pickwick-papers
Mr. Pickwick,Sir,1921,pickwick-papers
Mr. Pickwick,Sir,1921,pickwick-papers
Mr. Pickwick,Mr. Leo Hunter,1921,pickwick-papers
Mr. Leo Hunter,Sir,1921,pickwick-papers
Mr. Leo Hunter,Sir,1921,pickwick-papers
Mr. Leo Hunter,Mr. Pickwick,1921,pickwick-papers
Mr.,Pickwick,1922,pickwick-papers
Mr.,Mr. Winkle,1922,pickwick-papers
Pickwick,Mr.,1922,pickwick-papers
Pickwick,Mr. Winkle,1922,pickwick-papers
Mr. Winkle,Mr.,1922,pickwick-papers
Mr. Winkle,Pickwick,1922,pickwick-papers
Winkle,Pott,1925,pickwick-papers
Pott,Winkle,1925,pickwick-papers
Mr. Pickwick,Mr. Tupman,1934,pickwick-papers
Mr. Tupman,Mr. Pickwick,1934,pickwick-papers
Sir,Mr. Tupman,1935,pickwick-papers
Mr. Tupman,Sir,1935,pickwick-papers
Sir,Mr. Pickwick,1936,pickwick-papers
Mr. Pickwick,Sir,1936,pickwick-papers
Mr. Pickwick,Sir,1936,pickwick-papers
Sir,Mr. Pickwick,1936,pickwick-papers
Mr.,Tupman,1943,pickwick-papers
Mr.,Mr. Pickwick,1943,pickwick-papers
Mr.,Mr. Pickwick,1943,pickwick-papers
Mr.,Mr. Snodgrass,1943,pickwick-papers
Mr.,Mr. Winkle,1943,pickwick-papers
Tupman,Mr.,1943,pickwick-papers
Tupman,Mr. Pickwick,1943,pickwick-papers
Tupman,Mr. Pickwick,1943,pickwick-papers
Tupman,Mr. Snodgrass,1943,pickwick-papers
Tupman,Mr. Winkle,1943,pickwick-papers
Mr. Pickwick,Mr.,1943,pickwick-papers
Mr. Pickwick,Tupman,1943,pickwick-papers
Mr. Pickwick,Mr. Snodgrass,1943,pickwick-papers
Mr. Pickwick,Mr. Winkle,1943,pickwick-papers
Mr. Pickwick,Mr.,1943,pickwick-papers
Mr. Pickwick,Tupman,1943,pickwick-papers
Mr. Pickwick,Mr. Snodgrass,1943,pickwick-papers
Mr. Pickwick,Mr. Winkle,1943,pickwick-papers
Mr. Snodgrass,Mr.,1943,pickwick-papers
Mr. Snodgrass,Tupman,1943,pickwick-papers
Mr. Snodgrass,Mr. Pickwick,1943,pickwick-papers
Mr. Snodgrass,Mr. Pickwick,1943,pickwick-papers
Mr. Snodgrass,Mr. Winkle,1943,pickwick-papers
Mr. Winkle,Mr.,1943,pickwick-papers
Mr. Winkle,Tupman,1943,pickwick-papers
Mr. Winkle,Mr. Pickwick,1943,pickwick-papers
Mr. Winkle,Mr. Pickwick,1943,pickwick-papers
Mr. Winkle,Mr. Snodgrass,1943,pickwick-papers
Sir,Mr. Pickwick,1952,pickwick-papers
Mr. Pickwick,Sir,1952,pickwick-papers
Mr. Snodgrass,Mr. Pickwick,1953,pickwick-papers
Mr. Snodgrass,Mr. Tupman,1953,pickwick-papers
Mr. Pickwick,Mr. Snodgrass,1953,pickwick-papers
Mr. Pickwick,Mr. Tupman,1953,pickwick-papers
Mr. Tupman,Mr. Snodgrass,1953,pickwick-papers
Mr. Tupman,Mr. Pickwick,1953,pickwick-papers
Mr. Pickwick,Tupman,1955,pickwick-papers
Tupman,Mr. Pickwick,1955,pickwick-papers
Mr. Tupman,Mr. Winkle,1962,pickwick-papers
Mr. Tupman,Mr. Snodgrass,1962,pickwick-papers
Mr. Tupman,Mr. Pickwick,1962,pickwick-papers
Mr. Winkle,Mr. Tupman,1962,pickwick-papers
Mr. Winkle,Mr. Snodgrass,1962,pickwick-papers
Mr. Winkle,Mr. Pickwick,1962,pickwick-papers
Mr. Snodgrass,Mr. Tupman,1962,pickwick-papers
Mr. Snodgrass,Mr. Winkle,1962,pickwick-papers
Mr. Snodgrass,Mr. Pickwick,1962,pickwick-papers
Mr. Pickwick,Mr. Tupman,1962,pickwick-papers
Mr. Pickwick,Mr. Winkle,1962,pickwick-papers
Mr. Pickwick,Mr. Snodgrass,1962,pickwick-papers
Mr.,Leo Hunter,1963,pickwick-papers
Mr.,Mr. Solomon Lucas,1963,pickwick-papers
Mr.,Such,1963,pickwick-papers
Mr.,Mr. Solomon Lucas,1963,pickwick-papers
Mr.,Mr. Tupman,1963,pickwick-papers
Mr.,Mr. Winkle,1963,pickwick-papers
Mr.,Mr. Snodgrass,1963,pickwick-papers
Leo Hunter,Mr.,1963,pickwick-papers
Leo Hunter,Mr. Solomon Lucas,1963,pickwick-papers
Leo Hunter,Such,1963,pickwick-papers
Leo Hunter,Mr. Solomon Lucas,1963,pickwick-papers
Leo Hunter,Mr. Tupman,1963,pickwick-papers
Leo Hunter,Mr. Winkle,1963,pickwick-papers
Leo Hunter,Mr. Snodgrass,1963,pickwick-papers
Mr. Solomon Lucas,Mr.,1963,pickwick-papers
Mr. Solomon Lucas,Leo Hunter,1963,pickwick-papers
Mr. Solomon Lucas,Such,1963,pickwick-papers
Mr. Solomon Lucas,Mr. Tupman,1963,pickwick-papers
Mr. Solomon Lucas,Mr. Winkle,1963,pickwick-papers
Mr. Solomon Lucas,Mr. Snodgrass,1963,pickwick-papers
Such,Mr.,1963,pickwick-papers
Such,Leo Hunter,1963,pickwick-papers
Such,Mr. Solomon Lucas,1963,pickwick-papers
Such,Mr. Solomon Lucas,1963,pickwick-papers
Such,Mr. Tupman,1963,pickwick-papers
Such,Mr. Winkle,1963,pickwick-papers
Such,Mr. Snodgrass,1963,pickwick-papers
Mr. Solomon Lucas,Mr.,1963,pickwick-papers
Mr. Solomon Lucas,Leo Hunter,1963,pickwick-papers
Mr. Solomon Lucas,Such,1963,pickwick-papers
Mr. Solomon Lucas,Mr. Tupman,1963,pickwick-papers
Mr. Solomon Lucas,Mr. Winkle,1963,pickwick-papers
Mr. Solomon Lucas,Mr. Snodgrass,1963,pickwick-papers
Mr. Tupman,Mr.,1963,pickwick-papers
Mr. Tupman,Leo Hunter,1963,pickwick-papers
Mr. Tupman,Mr. Solomon Lucas,1963,pickwick-papers
Mr. Tupman,Such,1963,pickwick-papers
Mr. Tupman,Mr. Solomon Lucas,1963,pickwick-papers
Mr. Tupman,Mr. Winkle,1963,pickwick-papers
Mr. Tupman,Mr. Snodgrass,1963,pickwick-papers
Mr. Winkle,Mr.,1963,pickwick-papers
Mr. Winkle,Leo Hunter,1963,pickwick-papers
Mr. Winkle,Mr. Solomon Lucas,1963,pickwick-papers
Mr. Winkle,Such,1963,pickwick-papers
Mr. Winkle,Mr. Solomon Lucas,1963,pickwick-papers
Mr. Winkle,Mr. Tupman,1963,pickwick-papers
Mr. Winkle,Mr. Snodgrass,1963,pickwick-papers
Mr. Snodgrass,Mr.,1963,pickwick-papers
Mr. Snodgrass,Leo Hunter,1963,pickwick-papers
Mr. Snodgrass,Mr. Solomon Lucas,1963,pickwick-papers
Mr. Snodgrass,Such,1963,pickwick-papers
Mr. Snodgrass,Mr. Solomon Lucas,1963,pickwick-papers
Mr. Snodgrass,Mr. Tupman,1963,pickwick-papers
Mr. Snodgrass,Mr. Winkle,1963,pickwick-papers
Mr.,Mr. Pott,1964,pickwick-papers
Mr. Pott,Mr.,1964,pickwick-papers
Mr. Tupman,Mr. Snodgrass,1965,pickwick-papers
Mr. Tupman,Mr. Solomon Lucas,1965,pickwick-papers
Mr. Tupman,Mr. Pott,1965,pickwick-papers
Mr. Tupman,Mr. Pott,1965,pickwick-papers
Mr. Tupman,Pott,1965,pickwick-papers
Mr. Snodgrass,Mr. Tupman,1965,pickwick-papers
Mr. Snodgrass,Mr. Solomon Lucas,1965,pickwick-papers
Mr. Snodgrass,Mr. Pott,1965,pickwick-papers
Mr. Snodgrass,Mr. Pott,1965,pickwick-papers
Mr. Snodgrass,Pott,1965,pickwick-papers
Mr. Solomon Lucas,Mr. Tupman,1965,pickwick-papers
Mr. Solomon Lucas,Mr. Snodgrass,1965,pickwick-papers
Mr. Solomon Lucas,Mr. Pott,1965,pickwick-papers
Mr. Solomon Lucas,Mr. Pott,1965,pickwick-papers
Mr. Solomon Lucas,Pott,1965,pickwick-papers
Mr. Pott,Mr. Tupman,1965,pickwick-papers
Mr. Pott,Mr. Snodgrass,1965,pickwick-papers
Mr. Pott,Mr. Solomon Lucas,1965,pickwick-papers
Mr. Pott,Pott,1965,pickwick-papers
Mr. Pott,Mr. Tupman,1965,pickwick-papers
Mr. Pott,Mr. Snodgrass,1965,pickwick-papers
Mr. Pott,Mr. Solomon Lucas,1965,pickwick-papers
Mr. Pott,Pott,1965,pickwick-papers
Pott,Mr. Tupman,1965,pickwick-papers
Pott,Mr. Snodgrass,1965,pickwick-papers
Pott,Mr. Solomon Lucas,1965,pickwick-papers
Pott,Mr. Pott,1965,pickwick-papers
Pott,Mr. Pott,1965,pickwick-papers
Mr. Tupman,Mr. Snodgrass,1966,pickwick-papers
Mr. Snodgrass,Mr. Tupman,1966,pickwick-papers
Apollo,Mr. Winkle,1969,pickwick-papers
Apollo,Mr. Pickwick,1969,pickwick-papers
Apollo,Mr. Weller,1969,pickwick-papers
Mr. Winkle,Apollo,1969,pickwick-papers
Mr. Winkle,Mr. Pickwick,1969,pickwick-papers
Mr. Winkle,Mr. Weller,1969,pickwick-papers
Mr. Pickwick,Apollo,1969,pickwick-papers
Mr. Pickwick,Mr. Winkle,1969,pickwick-papers
Mr. Pickwick,Mr. Weller,1969,pickwick-papers
Mr. Weller,Apollo,1969,pickwick-papers
Mr. Weller,Mr. Winkle,1969,pickwick-papers
Mr. Weller,Mr. Pickwick,1969,pickwick-papers
Mr. Pickwick,Mr. Tupman,1970,pickwick-papers
Mr. Tupman,Mr. Pickwick,1970,pickwick-papers
Pott,Never,1971,pickwick-papers
Never,Pott,1971,pickwick-papers
Mr. Pickwick,Mr. Tupman,1976,pickwick-papers
Mr. Pickwick,Mr. Winkle,1976,pickwick-papers
Mr. Pickwick,Mr. Snodgrass,1976,pickwick-papers
Mr. Tupman,Mr. Pickwick,1976,pickwick-papers
Mr. Tupman,Mr. Winkle,1976,pickwick-papers
Mr. Tupman,Mr. Snodgrass,1976,pickwick-papers
Mr. Winkle,Mr. Pickwick,1976,pickwick-papers
Mr. Winkle,Mr. Tupman,1976,pickwick-papers
Mr. Winkle,Mr. Snodgrass,1976,pickwick-papers
Mr. Snodgrass,Mr. Pickwick,1976,pickwick-papers
Mr. Snodgrass,Mr. Tupman,1976,pickwick-papers
Mr. Snodgrass,Mr. Winkle,1976,pickwick-papers
Minerva,Mr. Pickwick,1980,pickwick-papers
Mr. Pickwick,Minerva,1980,pickwick-papers
Sir,Mr. Pott,1982,pickwick-papers
Mr. Pott,Sir,1982,pickwick-papers
Pickwick,Count Smorltork,1988,pickwick-papers
Pickwick,Mr. Pickwick,1988,pickwick-papers
Pickwick,Count Smorltork,1988,pickwick-papers
Count Smorltork,Pickwick,1988,pickwick-papers
Count Smorltork,Mr. Pickwick,1988,pickwick-papers
Count Smorltork,Pickwick,1988,pickwick-papers
Mr. Pickwick,Pickwick,1988,pickwick-papers
Mr. Pickwick,Count Smorltork,1988,pickwick-papers
Mr. Pickwick,Count Smorltork,1988,pickwick-papers
Mr. Pickwick,Pickwick,1988,pickwick-papers
Count Smorltork,Pickwick,1988,pickwick-papers
Count Smorltork,Mr. Pickwick,1988,pickwick-papers
Count Smorltork,Pickwick,1988,pickwick-papers
Pickwick,Count Smorltork,1988,pickwick-papers
Pickwick,Mr. Pickwick,1988,pickwick-papers
Pickwick,Count Smorltork,1988,pickwick-papers
Mr.,Pickwick,1989,pickwick-papers
Pickwick,Mr.,1989,pickwick-papers
Hunt,Mr. Pickwick,1990,pickwick-papers
Hunt,Hunter,1990,pickwick-papers
Mr. Pickwick,Hunt,1990,pickwick-papers
Mr. Pickwick,Hunter,1990,pickwick-papers
Hunter,Hunt,1990,pickwick-papers
Hunter,Mr. Pickwick,1990,pickwick-papers
Peek Weeks,Weeks,1992,pickwick-papers
Weeks,Peek Weeks,1992,pickwick-papers
Mr. Snodgrass,Mr. Pickwick,2005,pickwick-papers
Mr. Pickwick,Mr. Snodgrass,2005,pickwick-papers
Pott,Apollo,2011,pickwick-papers
Pott,Hunter,2011,pickwick-papers
Pott,Leo Hunter,2011,pickwick-papers
Apollo,Pott,2011,pickwick-papers
Apollo,Hunter,2011,pickwick-papers
Apollo,Leo Hunter,2011,pickwick-papers
Hunter,Pott,2011,pickwick-papers
Hunter,Apollo,2011,pickwick-papers
Hunter,Leo Hunter,2011,pickwick-papers
Leo Hunter,Pott,2011,pickwick-papers
Leo Hunter,Apollo,2011,pickwick-papers
Leo Hunter,Hunter,2011,pickwick-papers
Pott,Alas,2016,pickwick-papers
Alas,Pott,2016,pickwick-papers
Hunter,Count Smorltork,2017,pickwick-papers
Hunter,Mr. Tupman,2017,pickwick-papers
Hunter,Mr. Snodgrass,2017,pickwick-papers
Hunter,Mr. Pickwick,2017,pickwick-papers
Hunter,Mr. Leo Hunter,2017,pickwick-papers
Count Smorltork,Hunter,2017,pickwick-papers
Count Smorltork,Mr. Tupman,2017,pickwick-papers
Count Smorltork,Mr. Snodgrass,2017,pickwick-papers
Count Smorltork,Mr. Pickwick,2017,pickwick-papers
Count Smorltork,Mr. Leo Hunter,2017,pickwick-papers
Mr. Tupman,Hunter,2017,pickwick-papers
Mr. Tupman,Count Smorltork,2017,pickwick-papers
Mr. Tupman,Mr. Snodgrass,2017,pickwick-papers
Mr. Tupman,Mr. Pickwick,2017,pickwick-papers
Mr. Tupman,Mr. Leo Hunter,2017,pickwick-papers
Mr. Snodgrass,Hunter,2017,pickwick-papers
Mr. Snodgrass,Count Smorltork,2017,pickwick-papers
Mr. Snodgrass,Mr. Tupman,2017,pickwick-papers
Mr. Snodgrass,Mr. Pickwick,2017,pickwick-papers
Mr. Snodgrass,Mr. Leo Hunter,2017,pickwick-papers
Mr. Pickwick,Hunter,2017,pickwick-papers
Mr. Pickwick,Count Smorltork,2017,pickwick-papers
Mr. Pickwick,Mr. Tupman,2017,pickwick-papers
Mr. Pickwick,Mr. Snodgrass,2017,pickwick-papers
Mr. Pickwick,Mr. Leo Hunter,2017,pickwick-papers
Mr. Leo Hunter,Hunter,2017,pickwick-papers
Mr. Leo Hunter,Count Smorltork,2017,pickwick-papers
Mr. Leo Hunter,Mr. Tupman,2017,pickwick-papers
Mr. Leo Hunter,Mr. Snodgrass,2017,pickwick-papers
Mr. Leo Hunter,Mr. Pickwick,2017,pickwick-papers
Mr.,Pickwick,2021,pickwick-papers
Mr.,Mr. Tupman,2021,pickwick-papers
Pickwick,Mr.,2021,pickwick-papers
Pickwick,Mr. Tupman,2021,pickwick-papers
Mr. Tupman,Mr.,2021,pickwick-papers
Mr. Tupman,Pickwick,2021,pickwick-papers
Charles,Baker,2022,pickwick-papers
Baker,Charles,2022,pickwick-papers
Mr. Hunter,Mr. Fitz-Marshall,2026,pickwick-papers
Mr. Fitz-Marshall,Mr. Hunter,2026,pickwick-papers
Hunter,Mr. Pickwick,2034,pickwick-papers
Hunter,Mr. Tupman,2034,pickwick-papers
Mr. Pickwick,Hunter,2034,pickwick-papers
Mr. Pickwick,Mr. Tupman,2034,pickwick-papers
Mr. Tupman,Hunter,2034,pickwick-papers
Mr. Tupman,Mr. Pickwick,2034,pickwick-papers
Mr. Pickwick,Sam,2038,pickwick-papers
Sam,Mr. Pickwick,2038,pickwick-papers
Sir,Mr. Weller,2039,pickwick-papers
Mr. Weller,Sir,2039,pickwick-papers
Mr. Weller,Sir,2039,pickwick-papers
Sir,Mr. Weller,2039,pickwick-papers
Mr. Pickwick,Till,2040,pickwick-papers
Till,Mr. Pickwick,2040,pickwick-papers
Mr. Pickwick,Mr. Tupman,2041,pickwick-papers
Mr. Pickwick,Mr. Alfred Jingle,2041,pickwick-papers
Mr. Pickwick,Mr. Charles,2041,pickwick-papers
Mr. Pickwick,Sam Weller,2041,pickwick-papers
Mr. Tupman,Mr. Pickwick,2041,pickwick-papers
Mr. Tupman,Mr. Alfred Jingle,2041,pickwick-papers
Mr. Tupman,Mr. Charles,2041,pickwick-papers
Mr. Tupman,Mr. Pickwick,2041,pickwick-papers
Mr. Tupman,Sam Weller,2041,pickwick-papers
Mr. Alfred Jingle,Mr. Pickwick,2041,pickwick-papers
Mr. Alfred Jingle,Mr. Tupman,2041,pickwick-papers
Mr. Alfred Jingle,Mr. Charles,2041,pickwick-papers
Mr. Alfred Jingle,Mr. Pickwick,2041,pickwick-papers
Mr. Alfred Jingle,Sam Weller,2041,pickwick-papers
Mr. Charles,Mr. Pickwick,2041,pickwick-papers
Mr. Charles,Mr. Tupman,2041,pickwick-papers
Mr. Charles,Mr. Alfred Jingle,2041,pickwick-papers
Mr. Charles,Mr. Pickwick,2041,pickwick-papers
Mr. Charles,Sam Weller,2041,pickwick-papers
Mr. Pickwick,Mr. Tupman,2041,pickwick-papers
Mr. Pickwick,Mr. Alfred Jingle,2041,pickwick-papers
Mr. Pickwick,Mr. Charles,2041,pickwick-papers
Mr. Pickwick,Sam Weller,2041,pickwick-papers
Sam Weller,Mr. Pickwick,2041,pickwick-papers
Sam Weller,Mr. Tupman,2041,pickwick-papers
Sam Weller,Mr. Alfred Jingle,2041,pickwick-papers
Sam Weller,Mr. Charles,2041,pickwick-papers
Sam Weller,Mr. Pickwick,2041,pickwick-papers
Sam,Mr. Pickwick,2047,pickwick-papers
Mr. Pickwick,Sam,2047,pickwick-papers
Sir,Mr. Weller,2048,pickwick-papers
Mr. Weller,Sir,2048,pickwick-papers
Sam,Mr. Pickwick,2049,pickwick-papers
Mr. Pickwick,Sam,2049,pickwick-papers
Sam,Mr. Pickwick,2053,pickwick-papers
Mr. Pickwick,Sam,2053,pickwick-papers
Mr. Weller,Sir,2054,pickwick-papers
Sir,Mr. Weller,2054,pickwick-papers
Mr. Pickwick,Sam,2055,pickwick-papers
Sam,Mr. Pickwick,2055,pickwick-papers
Sam,Mr. Pickwick,2061,pickwick-papers
Mr. Pickwick,Sam,2061,pickwick-papers
Sam,Edmunds,2067,pickwick-papers
Edmunds,Sam,2067,pickwick-papers
Mr. Pickwick,Sam,2070,pickwick-papers
Sam,Mr. Pickwick,2070,pickwick-papers
Mr. Weller,Mr. Pickwick,2071,pickwick-papers
Mr. Weller,Mr. Pickwick,2071,pickwick-papers
Mr. Pickwick,Mr. Weller,2071,pickwick-papers
Mr. Pickwick,Mr. Weller,2071,pickwick-papers
Mr. Weller,Mr. Pickwick,2071,pickwick-papers
Mr. Weller,Mr. Pickwick,2071,pickwick-papers
Mr. Pickwick,Mr. Weller,2071,pickwick-papers
Mr. Pickwick,Mr. Weller,2071,pickwick-papers
Sam,Mr. Pickwick,2072,pickwick-papers
Mr. Pickwick,Sam,2072,pickwick-papers
Sir,Mr. Weller,2073,pickwick-papers
Mr. Weller,Sir,2073,pickwick-papers
Mr. Pickwick,Sam,2074,pickwick-papers
Sam,Mr. Pickwick,2074,pickwick-papers
Sir,Mr. Weller,2075,pickwick-papers
Mr. Weller,Sir,2075,pickwick-papers
Sam,Mr. Pickwick,2076,pickwick-papers
Mr. Pickwick,Sam,2076,pickwick-papers
Sir,Sam,2077,pickwick-papers
Sam,Sir,2077,pickwick-papers
Sam,Sir,2077,pickwick-papers
Sir,Sam,2077,pickwick-papers
Mr. Pickwick,Mr. Weller,2078,pickwick-papers
Mr. Weller,Mr. Pickwick,2078,pickwick-papers
Mr. Pickwick,Mr. Weller,2079,pickwick-papers
Mr. Pickwick,Mr. Charles,2079,pickwick-papers
Mr. Weller,Mr. Pickwick,2079,pickwick-papers
Mr. Weller,Mr. Charles,2079,pickwick-papers
Mr. Charles,Mr. Pickwick,2079,pickwick-papers
Mr. Charles,Mr. Weller,2079,pickwick-papers
Mr. Weller,Mr. Pickwick,2085,pickwick-papers
Mr. Pickwick,Mr. Weller,2085,pickwick-papers
Wilkins,Trotter,2106,pickwick-papers
Trotter,Wilkins,2106,pickwick-papers
Mr.,Trotter,2107,pickwick-papers
Mr.,Mr. Weller,2107,pickwick-papers
Trotter,Mr.,2107,pickwick-papers
Trotter,Mr. Weller,2107,pickwick-papers
Mr. Weller,Mr.,2107,pickwick-papers
Mr. Weller,Trotter,2107,pickwick-papers
Sam,Mr. Job Trotter,2114,pickwick-papers
Sam,Mr. Trotter,2114,pickwick-papers
Sam,Mr. Samuel Weller,2114,pickwick-papers
Mr. Job Trotter,Sam,2114,pickwick-papers
Mr. Job Trotter,Mr. Trotter,2114,pickwick-papers
Mr. Job Trotter,Mr. Samuel Weller,2114,pickwick-papers
Mr. Trotter,Sam,2114,pickwick-papers
Mr. Trotter,Mr. Job Trotter,2114,pickwick-papers
Mr. Trotter,Mr. Samuel Weller,2114,pickwick-papers
Mr. Samuel Weller,Sam,2114,pickwick-papers
Mr. Samuel Weller,Mr. Job Trotter,2114,pickwick-papers
Mr. Samuel Weller,Mr. Trotter,2114,pickwick-papers
Mr. Trotter,Walker,2115,pickwick-papers
Mr. Trotter,Sam,2115,pickwick-papers
Walker,Mr. Trotter,2115,pickwick-papers
Walker,Sam,2115,pickwick-papers
Sam,Mr. Trotter,2115,pickwick-papers
Sam,Walker,2115,pickwick-papers
Mr.,Trotter,2119,pickwick-papers
Trotter,Mr.,2119,pickwick-papers
Mr. Trotter,Mr. Walker,2127,pickwick-papers
Mr. Walker,Mr. Trotter,2127,pickwick-papers
Sam,Mr. Pickwick,2128,pickwick-papers
Sam,Mr. Pickwick,2128,pickwick-papers
Mr. Pickwick,Sam,2128,pickwick-papers
Mr. Pickwick,Sam,2128,pickwick-papers
Sir,Job,2131,pickwick-papers
Job,Sir,2131,pickwick-papers
Job,Sir,2131,pickwick-papers
Job,Sir,2131,pickwick-papers
Job,Sir,2131,pickwick-papers
Sir,Job,2131,pickwick-papers
Sir,Job,2131,pickwick-papers
Sir,Job,2131,pickwick-papers
Sir,Mr. Weller,2135,pickwick-papers
Mr. Weller,Sir,2135,pickwick-papers
Mr. Pickwick,Job,2136,pickwick-papers
Job,Mr. Pickwick,2136,pickwick-papers
Sir,Job Trotter,2139,pickwick-papers
Job Trotter,Sir,2139,pickwick-papers
Sir,Job,2141,pickwick-papers
Job,Sir,2141,pickwick-papers
Sir,Job,2145,pickwick-papers
Job,Sir,2145,pickwick-papers
Sir,Job,2149,pickwick-papers
Job,Sir,2149,pickwick-papers
Job,Trotter,2164,pickwick-papers
Job,Mr. Weller,2164,pickwick-papers
Trotter,Job,2164,pickwick-papers
Trotter,Mr. Weller,2164,pickwick-papers
Mr. Weller,Job,2164,pickwick-papers
Mr. Weller,Trotter,2164,pickwick-papers
Mr.,Trotter,2180,pickwick-papers
Mr.,Mr. Pickwick,2180,pickwick-papers
Trotter,Mr.,2180,pickwick-papers
Trotter,Mr. Pickwick,2180,pickwick-papers
Mr. Pickwick,Mr.,2180,pickwick-papers
Mr. Pickwick,Trotter,2180,pickwick-papers
Job Trotter,Sam,2182,pickwick-papers
Sam,Job Trotter,2182,pickwick-papers
Mr. Walker,Job,2184,pickwick-papers
Job,Mr. Walker,2184,pickwick-papers
Mr. Weller,Job,2185,pickwick-papers
Job,Mr. Weller,2185,pickwick-papers
Sam Weller,Mr. Jingle,2187,pickwick-papers
Sam Weller,Job,2187,pickwick-papers
Sam Weller,Mr. Trotter,2187,pickwick-papers
Mr. Jingle,Sam Weller,2187,pickwick-papers
Mr. Jingle,Job,2187,pickwick-papers
Mr. Jingle,Mr. Trotter,2187,pickwick-papers
Job,Sam Weller,2187,pickwick-papers
Job,Mr. Jingle,2187,pickwick-papers
Job,Mr. Trotter,2187,pickwick-papers
Mr. Trotter,Sam Weller,2187,pickwick-papers
Mr. Trotter,Mr. Jingle,2187,pickwick-papers
Mr. Trotter,Job,2187,pickwick-papers
Mr. Pickwick,Sam,2188,pickwick-papers
Sam,Mr. Pickwick,2188,pickwick-papers
Sam,Mr. Pickwick,2191,pickwick-papers
Mr. Pickwick,Sam,2191,pickwick-papers
Mr. Pickwick,Mr. Weller,2197,pickwick-papers
Mr. Weller,Mr. Pickwick,2197,pickwick-papers
Mr. Weller,Mr. Pickwick,2197,pickwick-papers
Mr. Pickwick,Mr. Weller,2197,pickwick-papers
Sir,Sam,2198,pickwick-papers
Sam,Sir,2198,pickwick-papers
Sam,Mr. Pickwick,2199,pickwick-papers
Mr. Pickwick,Sam,2199,pickwick-papers
Sir,Sam,2200,pickwick-papers
Sam,Sir,2200,pickwick-papers
Sam Weller,Mr. Pickwick,2204,pickwick-papers
Mr. Pickwick,Sam Weller,2204,pickwick-papers
Mr. Pickwick,Job Trotter,2209,pickwick-papers
Job Trotter,Mr. Pickwick,2209,pickwick-papers
Job Trotter,Mr. Pickwick,2209,pickwick-papers
Mr. Pickwick,Job Trotter,2209,pickwick-papers
Mr.,Pickwick,2214,pickwick-papers
Mr.,Nature,2214,pickwick-papers
Pickwick,Mr.,2214,pickwick-papers
Pickwick,Nature,2214,pickwick-papers
Nature,Mr.,2214,pickwick-papers
Nature,Pickwick,2214,pickwick-papers
Mr.,Pickwick,2220,pickwick-papers
Pickwick,Mr.,2220,pickwick-papers
Mr. Pickwick,Miss Tomkins,2246,pickwick-papers
Mr. Pickwick,Miss Tomkins,2246,pickwick-papers
Mr. Pickwick,Miss Tomkins,2246,pickwick-papers
Mr. Pickwick,Miss Tomkins,2246,pickwick-papers
Miss Tomkins,Mr. Pickwick,2246,pickwick-papers
Miss Tomkins,Mr. Pickwick,2246,pickwick-papers
Miss Tomkins,Mr. Pickwick,2246,pickwick-papers
Miss Tomkins,Mr. Pickwick,2246,pickwick-papers
Miss Gwynn,Miss Tomkins,2257,pickwick-papers
Miss Tomkins,Miss Gwynn,2257,pickwick-papers
Mr. Samuel Weller,Miss Tomkins,2258,pickwick-papers
Mr. Samuel Weller,Mr. Pickwick,2258,pickwick-papers
Miss Tomkins,Mr. Samuel Weller,2258,pickwick-papers
Miss Tomkins,Mr. Pickwick,2258,pickwick-papers
Mr. Pickwick,Mr. Samuel Weller,2258,pickwick-papers
Mr. Pickwick,Miss Tomkins,2258,pickwick-papers
Mr. Pickwick,Mr. Samuel Weller,2259,pickwick-papers
Mr. Samuel Weller,Mr. Pickwick,2259,pickwick-papers
Mr. Pickwick,Samuel Weller,2260,pickwick-papers
Mr. Pickwick,Mr. Trundle,2260,pickwick-papers
Samuel Weller,Mr. Pickwick,2260,pickwick-papers
Samuel Weller,Mr. Trundle,2260,pickwick-papers
Mr. Trundle,Mr. Pickwick,2260,pickwick-papers
Mr. Trundle,Samuel Weller,2260,pickwick-papers
Mr. Pickwick,Wardle,2261,pickwick-papers
Mr. Pickwick,Heaven,2261,pickwick-papers
Wardle,Mr. Pickwick,2261,pickwick-papers
Wardle,Heaven,2261,pickwick-papers
Heaven,Mr. Pickwick,2261,pickwick-papers
Heaven,Wardle,2261,pickwick-papers
Mr. Wardle,Mr. Trundle,2262,pickwick-papers
Mr. Trundle,Mr. Wardle,2262,pickwick-papers
Mr. Weller,Miss Tomkins,2263,pickwick-papers
Mr. Weller,Miss Tomkins,2263,pickwick-papers
Miss Tomkins,Mr. Weller,2263,pickwick-papers
Miss Tomkins,Mr. Weller,2263,pickwick-papers
Mr.,Pickwick,2264,pickwick-papers
Mr.,Mr. Wardle,2264,pickwick-papers
Pickwick,Mr.,2264,pickwick-papers
Pickwick,Mr. Wardle,2264,pickwick-papers
Mr. Wardle,Mr.,2264,pickwick-papers
Mr. Wardle,Pickwick,2264,pickwick-papers
Mr.,Pickwick,2267,pickwick-papers
Mr.,Sam,2267,pickwick-papers
Pickwick,Mr.,2267,pickwick-papers
Pickwick,Sam,2267,pickwick-papers
Sam,Mr.,2267,pickwick-papers
Sam,Pickwick,2267,pickwick-papers
Mr.,Pickwick,2271,pickwick-papers
Mr.,Mr. Weller,2271,pickwick-papers
Pickwick,Mr.,2271,pickwick-papers
Pickwick,Mr. Weller,2271,pickwick-papers
Mr. Weller,Mr.,2271,pickwick-papers
Mr. Weller,Pickwick,2271,pickwick-papers
Sam,Mr. Pickwick,2284,pickwick-papers
Mr. Pickwick,Sam,2284,pickwick-papers
Jingle,Mr. Pickwick,2286,pickwick-papers
Jingle,Pickwick,2286,pickwick-papers
Mr. Pickwick,Jingle,2286,pickwick-papers
Mr. Pickwick,Pickwick,2286,pickwick-papers
Pickwick,Jingle,2286,pickwick-papers
Pickwick,Mr. Pickwick,2286,pickwick-papers
Sam,Weller,2287,pickwick-papers
Sam,Sir,2287,pickwick-papers
Weller,Sam,2287,pickwick-papers
Weller,Sir,2287,pickwick-papers
Sir,Sam,2287,pickwick-papers
Sir,Weller,2287,pickwick-papers
Mr. Wardle,Nay,2291,pickwick-papers
Mr. Wardle,Mr. Pickwick,2291,pickwick-papers
Mr. Wardle,Sam,2291,pickwick-papers
Mr. Wardle,Mr. Pickwick,2291,pickwick-papers
Mr. Wardle,Mr. Trundle,2291,pickwick-papers
Mr. Wardle,Mr. Pickwick,2291,pickwick-papers
Mr. Wardle,Mr. Weller,2291,pickwick-papers
Nay,Mr. Wardle,2291,pickwick-papers
Nay,Mr. Pickwick,2291,pickwick-papers
Nay,Sam,2291,pickwick-papers
Nay,Mr. Pickwick,2291,pickwick-papers
Nay,Mr. Wardle,2291,pickwick-papers
Nay,Mr. Trundle,2291,pickwick-papers
Nay,Mr. Pickwick,2291,pickwick-papers
Nay,Mr. Weller,2291,pickwick-papers
Mr. Pickwick,Mr. Wardle,2291,pickwick-papers
Mr. Pickwick,Nay,2291,pickwick-papers
Mr. Pickwick,Sam,2291,pickwick-papers
Mr. Pickwick,Mr. Wardle,2291,pickwick-papers
Mr. Pickwick,Mr. Trundle,2291,pickwick-papers
Mr. Pickwick,Mr. Weller,2291,pickwick-papers
Sam,Mr. Wardle,2291,pickwick-papers
Sam,Nay,2291,pickwick-papers
Sam,Mr. Pickwick,2291,pickwick-papers
Sam,Mr. Pickwick,2291,pickwick-papers
Sam,Mr. Wardle,2291,pickwick-papers
Sam,Mr. Trundle,2291,pickwick-papers
Sam,Mr. Pickwick,2291,pickwick-papers
Sam,Mr. Weller,2291,pickwick-papers
Mr. Pickwick,Mr. Wardle,2291,pickwick-papers
Mr. Pickwick,Nay,2291,pickwick-papers
Mr. Pickwick,Sam,2291,pickwick-papers
Mr. Pickwick,Mr. Wardle,2291,pickwick-papers
Mr. Pickwick,Mr. Trundle,2291,pickwick-papers
Mr. Pickwick,Mr. Weller,2291,pickwick-papers
Mr. Wardle,Nay,2291,pickwick-papers
Mr. Wardle,Mr. Pickwick,2291,pickwick-papers
Mr. Wardle,Sam,2291,pickwick-papers
Mr. Wardle,Mr. Pickwick,2291,pickwick-papers
Mr. Wardle,Mr. Trundle,2291,pickwick-papers
Mr. Wardle,Mr. Pickwick,2291,pickwick-papers
Mr. Wardle,Mr. Weller,2291,pickwick-papers
Mr. Trundle,Mr. Wardle,2291,pickwick-papers
Mr. Trundle,Nay,2291,pickwick-papers
Mr. Trundle,Mr. Pickwick,2291,pickwick-papers
Mr. Trundle,Sam,2291,pickwick-papers
Mr. Trundle,Mr. Pickwick,2291,pickwick-papers
Mr. Trundle,Mr. Wardle,2291,pickwick-papers
Mr. Trundle,Mr. Pickwick,2291,pickwick-papers
Mr. Trundle,Mr. Weller,2291,pickwick-papers
Mr. Pickwick,Mr. Wardle,2291,pickwick-papers
Mr. Pickwick,Nay,2291,pickwick-papers
Mr. Pickwick,Sam,2291,pickwick-papers
Mr. Pickwick,Mr. Wardle,2291,pickwick-papers
Mr. Pickwick,Mr. Trundle,2291,pickwick-papers
Mr. Pickwick,Mr. Weller,2291,pickwick-papers
Mr. Weller,Mr. Wardle,2291,pickwick-papers
Mr. Weller,Nay,2291,pickwick-papers
Mr. Weller,Mr. Pickwick,2291,pickwick-papers
Mr. Weller,Sam,2291,pickwick-papers
Mr. Weller,Mr. Pickwick,2291,pickwick-papers
Mr. Weller,Mr. Wardle,2291,pickwick-papers
Mr. Weller,Mr. Trundle,2291,pickwick-papers
Mr. Weller,Mr. Pickwick,2291,pickwick-papers
Maria Lobbs,Mr. Pipkin,2294,pickwick-papers
Maria Lobbs,Nathaniel Pipkin,2294,pickwick-papers
Maria Lobbs,Miss Lobbs,2294,pickwick-papers
Maria Lobbs,Nathaniel Pipkin,2294,pickwick-papers
Mr. Pipkin,Maria Lobbs,2294,pickwick-papers
Mr. Pipkin,Maria Lobbs,2294,pickwick-papers
Mr. Pipkin,Maria Lobbs,2294,pickwick-papers
Mr. Pipkin,Maria Lobbs,2294,pickwick-papers
Mr. Pipkin,Nathaniel Pipkin,2294,pickwick-papers
Mr. Pipkin,Miss Lobbs,2294,pickwick-papers
Mr. Pipkin,Nathaniel Pipkin,2294,pickwick-papers
Maria Lobbs,Mr. Pipkin,2294,pickwick-papers
Maria Lobbs,Nathaniel Pipkin,2294,pickwick-papers
Maria Lobbs,Miss Lobbs,2294,pickwick-papers
Maria Lobbs,Nathaniel Pipkin,2294,pickwick-papers
Maria Lobbs,Mr. Pipkin,2294,pickwick-papers
Maria Lobbs,Nathaniel Pipkin,2294,pickwick-papers
Maria Lobbs,Miss Lobbs,2294,pickwick-papers
Maria Lobbs,Nathaniel Pipkin,2294,pickwick-papers
Maria Lobbs,Mr. Pipkin,2294,pickwick-papers
Maria Lobbs,Nathaniel Pipkin,2294,pickwick-papers
Maria Lobbs,Miss Lobbs,2294,pickwick-papers
Maria Lobbs,Nathaniel Pipkin,2294,pickwick-papers
Nathaniel Pipkin,Maria Lobbs,2294,pickwick-papers
Nathaniel Pipkin,Mr. Pipkin,2294,pickwick-papers
Nathaniel Pipkin,Maria Lobbs,2294,pickwick-papers
Nathaniel Pipkin,Maria Lobbs,2294,pickwick-papers
Nathaniel Pipkin,Maria Lobbs,2294,pickwick-papers
Nathaniel Pipkin,Miss Lobbs,2294,pickwick-papers
Miss Lobbs,Maria Lobbs,2294,pickwick-papers
Miss Lobbs,Mr. Pipkin,2294,pickwick-papers
Miss Lobbs,Maria Lobbs,2294,pickwick-papers
Miss Lobbs,Maria Lobbs,2294,pickwick-papers
Miss Lobbs,Maria Lobbs,2294,pickwick-papers
Miss Lobbs,Nathaniel Pipkin,2294,pickwick-papers
Miss Lobbs,Nathaniel Pipkin,2294,pickwick-papers
Nathaniel Pipkin,Maria Lobbs,2294,pickwick-papers
Nathaniel Pipkin,Mr. Pipkin,2294,pickwick-papers
Nathaniel Pipkin,Maria Lobbs,2294,pickwick-papers
Nathaniel Pipkin,Maria Lobbs,2294,pickwick-papers
Nathaniel Pipkin,Maria Lobbs,2294,pickwick-papers
Nathaniel Pipkin,Miss Lobbs,2294,pickwick-papers
Mr. Nathaniel Pipkin,Nathaniel Pipkin,2295,pickwick-papers
Mr. Nathaniel Pipkin,Nathaniel,2295,pickwick-papers
Nathaniel Pipkin,Mr. Nathaniel Pipkin,2295,pickwick-papers
Nathaniel Pipkin,Nathaniel,2295,pickwick-papers
Nathaniel,Mr. Nathaniel Pipkin,2295,pickwick-papers
Nathaniel,Nathaniel Pipkin,2295,pickwick-papers
Lobbs,Nathaniel Pipkin,2296,pickwick-papers
Lobbs,Nathaniel Pipkin,2296,pickwick-papers
Nathaniel Pipkin,Lobbs,2296,pickwick-papers
Nathaniel Pipkin,Lobbs,2296,pickwick-papers
Lobbs,Nathaniel Pipkin,2296,pickwick-papers
Lobbs,Nathaniel Pipkin,2296,pickwick-papers
Nathaniel Pipkin,Lobbs,2296,pickwick-papers
Nathaniel Pipkin,Lobbs,2296,pickwick-papers
Nathaniel Pipkin,Maria Lobbs,2297,pickwick-papers
Nathaniel Pipkin,Maria Lobbs,2297,pickwick-papers
Nathaniel Pipkin,Lobbs,2297,pickwick-papers
Nathaniel Pipkin,Maria Lobbs,2297,pickwick-papers
Nathaniel Pipkin,Maria Lobbs,2297,pickwick-papers
Maria Lobbs,Nathaniel Pipkin,2297,pickwick-papers
Maria Lobbs,Nathaniel Pipkin,2297,pickwick-papers
Maria Lobbs,Nathaniel Pipkin,2297,pickwick-papers
Maria Lobbs,Lobbs,2297,pickwick-papers
Maria Lobbs,Nathaniel Pipkin,2297,pickwick-papers
Maria Lobbs,Nathaniel Pipkin,2297,pickwick-papers
Nathaniel Pipkin,Maria Lobbs,2297,pickwick-papers
Nathaniel Pipkin,Maria Lobbs,2297,pickwick-papers
Nathaniel Pipkin,Lobbs,2297,pickwick-papers
Nathaniel Pipkin,Maria Lobbs,2297,pickwick-papers
Nathaniel Pipkin,Maria Lobbs,2297,pickwick-papers
Maria Lobbs,Nathaniel Pipkin,2297,pickwick-papers
Maria Lobbs,Nathaniel Pipkin,2297,pickwick-papers
Maria Lobbs,Nathaniel Pipkin,2297,pickwick-papers
Maria Lobbs,Lobbs,2297,pickwick-papers
Maria Lobbs,Nathaniel Pipkin,2297,pickwick-papers
Maria Lobbs,Nathaniel Pipkin,2297,pickwick-papers
Nathaniel Pipkin,Maria Lobbs,2297,pickwick-papers
Nathaniel Pipkin,Maria Lobbs,2297,pickwick-papers
Nathaniel Pipkin,Lobbs,2297,pickwick-papers
Nathaniel Pipkin,Maria Lobbs,2297,pickwick-papers
Nathaniel Pipkin,Maria Lobbs,2297,pickwick-papers
Lobbs,Nathaniel Pipkin,2297,pickwick-papers
Lobbs,Maria Lobbs,2297,pickwick-papers
Lobbs,Nathaniel Pipkin,2297,pickwick-papers
Lobbs,Maria Lobbs,2297,pickwick-papers
Lobbs,Nathaniel Pipkin,2297,pickwick-papers
Lobbs,Nathaniel Pipkin,2297,pickwick-papers
Lobbs,Maria Lobbs,2297,pickwick-papers
Lobbs,Maria Lobbs,2297,pickwick-papers
Lobbs,Nathaniel Pipkin,2297,pickwick-papers
Nathaniel Pipkin,Maria Lobbs,2297,pickwick-papers
Nathaniel Pipkin,Maria Lobbs,2297,pickwick-papers
Nathaniel Pipkin,Lobbs,2297,pickwick-papers
Nathaniel Pipkin,Maria Lobbs,2297,pickwick-papers
Nathaniel Pipkin,Maria Lobbs,2297,pickwick-papers
Maria Lobbs,Nathaniel Pipkin,2297,pickwick-papers
Maria Lobbs,Nathaniel Pipkin,2297,pickwick-papers
Maria Lobbs,Nathaniel Pipkin,2297,pickwick-papers
Maria Lobbs,Lobbs,2297,pickwick-papers
Maria Lobbs,Nathaniel Pipkin,2297,pickwick-papers
Maria Lobbs,Nathaniel Pipkin,2297,pickwick-papers
Maria Lobbs,Nathaniel Pipkin,2297,pickwick-papers
Maria Lobbs,Nathaniel Pipkin,2297,pickwick-papers
Maria Lobbs,Nathaniel Pipkin,2297,pickwick-papers
Maria Lobbs,Lobbs,2297,pickwick-papers
Maria Lobbs,Nathaniel Pipkin,2297,pickwick-papers
Maria Lobbs,Nathaniel Pipkin,2297,pickwick-papers
Nathaniel Pipkin,Maria Lobbs,2297,pickwick-papers
Nathaniel Pipkin,Maria Lobbs,2297,pickwick-papers
Nathaniel Pipkin,Lobbs,2297,pickwick-papers
Nathaniel Pipkin,Maria Lobbs,2297,pickwick-papers
Nathaniel Pipkin,Maria Lobbs,2297,pickwick-papers
Maria Lobbs,Nathaniel Pipkin,2298,pickwick-papers
Nathaniel Pipkin,Maria Lobbs,2298,pickwick-papers
Pipkin,Maria Lobbs,2299,pickwick-papers
Pipkin,Maria Lobbs,2299,pickwick-papers
Pipkin,Nathaniel Pipkin,2299,pickwick-papers
Pipkin,Kate,2299,pickwick-papers
Pipkin,Nathaniel,2299,pickwick-papers
Pipkin,Nathaniel Pipkin,2299,pickwick-papers
Pipkin,Nathaniel Pipkin,2299,pickwick-papers
Pipkin,Maria Lobbs,2299,pickwick-papers
Pipkin,Nathaniel Pipkin,2299,pickwick-papers
Pipkin,Maria Lobbs,2299,pickwick-papers
Pipkin,Kate,2299,pickwick-papers
Pipkin,Mr. Pipkin,2299,pickwick-papers
Pipkin,Mr. Pipkin,2299,pickwick-papers
Pipkin,Nathaniel Pipkin,2299,pickwick-papers
Pipkin,Maria Lobbs,2299,pickwick-papers
Pipkin,Maria,2299,pickwick-papers
Maria Lobbs,Pipkin,2299,pickwick-papers
Maria Lobbs,Nathaniel Pipkin,2299,pickwick-papers
Maria Lobbs,Kate,2299,pickwick-papers
Maria Lobbs,Nathaniel,2299,pickwick-papers
Maria Lobbs,Nathaniel Pipkin,2299,pickwick-papers
Maria Lobbs,Nathaniel Pipkin,2299,pickwick-papers
Maria Lobbs,Nathaniel Pipkin,2299,pickwick-papers
Maria Lobbs,Kate,2299,pickwick-papers
Maria Lobbs,Mr. Pipkin,2299,pickwick-papers
Maria Lobbs,Mr. Pipkin,2299,pickwick-papers
Maria Lobbs,Nathaniel Pipkin,2299,pickwick-papers
Maria Lobbs,Maria,2299,pickwick-papers
Maria Lobbs,Pipkin,2299,pickwick-papers
Maria Lobbs,Nathaniel Pipkin,2299,pickwick-papers
Maria Lobbs,Kate,2299,pickwick-papers
Maria Lobbs,Nathaniel,2299,pickwick-papers
Maria Lobbs,Nathaniel Pipkin,2299,pickwick-papers
Maria Lobbs,Nathaniel Pipkin,2299,pickwick-papers
Maria Lobbs,Nathaniel Pipkin,2299,pickwick-papers
Maria Lobbs,Kate,2299,pickwick-papers
Maria Lobbs,Mr. Pipkin,2299,pickwick-papers
Maria Lobbs,Mr. Pipkin,2299,pickwick-papers
Maria Lobbs,Nathaniel Pipkin,2299,pickwick-papers
Maria Lobbs,Maria,2299,pickwick-papers
Nathaniel Pipkin,Pipkin,2299,pickwick-papers
Nathaniel Pipkin,Maria Lobbs,2299,pickwick-papers
Nathaniel Pipkin,Maria Lobbs,2299,pickwick-papers
Nathaniel Pipkin,Kate,2299,pickwick-papers
Nathaniel Pipkin,Nathaniel,2299,pickwick-papers
Nathaniel Pipkin,Maria Lobbs,2299,pickwick-papers
Nathaniel Pipkin,Maria Lobbs,2299,pickwick-papers
Nathaniel Pipkin,Kate,2299,pickwick-papers
Nathaniel Pipkin,Mr. Pipkin,2299,pickwick-papers
Nathaniel Pipkin,Mr. Pipkin,2299,pickwick-papers
Nathaniel Pipkin,Maria Lobbs,2299,pickwick-papers
Nathaniel Pipkin,Maria,2299,pickwick-papers
Kate,Pipkin,2299,pickwick-papers
Kate,Maria Lobbs,2299,pickwick-papers
Kate,Maria Lobbs,2299,pickwick-papers
Kate,Nathaniel Pipkin,2299,pickwick-papers
Kate,Nathaniel,2299,pickwick-papers
Kate,Nathaniel Pipkin,2299,pickwick-papers
Kate,Nathaniel Pipkin,2299,pickwick-papers
Kate,Maria Lobbs,2299,pickwick-papers
Kate,Nathaniel Pipkin,2299,pickwick-papers
Kate,Maria Lobbs,2299,pickwick-papers
Kate,Mr. Pipkin,2299,pickwick-papers
Kate,Mr. Pipkin,2299,pickwick-papers
Kate,Nathaniel Pipkin,2299,pickwick-papers
Kate,Maria Lobbs,2299,pickwick-papers
Kate,Maria,2299,pickwick-papers
Nathaniel,Pipkin,2299,pickwick-papers
Nathaniel,Maria Lobbs,2299,pickwick-papers
Nathaniel,Maria Lobbs,2299,pickwick-papers
Nathaniel,Nathaniel Pipkin,2299,pickwick-papers
Nathaniel,Kate,2299,pickwick-papers
Nathaniel,Nathaniel Pipkin,2299,pickwick-papers
Nathaniel,Nathaniel Pipkin,2299,pickwick-papers
Nathaniel,Maria Lobbs,2299,pickwick-papers
Nathaniel,Nathaniel Pipkin,2299,pickwick-papers
Nathaniel,Maria Lobbs,2299,pickwick-papers
Nathaniel,Kate,2299,pickwick-papers
Nathaniel,Mr. Pipkin,2299,pickwick-papers
Nathaniel,Mr. Pipkin,2299,pickwick-papers
Nathaniel,Nathaniel Pipkin,2299,pickwick-papers
Nathaniel,Maria Lobbs,2299,pickwick-papers
Nathaniel,Maria,2299,pickwick-papers
Nathaniel Pipkin,Pipkin,2299,pickwick-papers
Nathaniel Pipkin,Maria Lobbs,2299,pickwick-papers
Nathaniel Pipkin,Maria Lobbs,2299,pickwick-papers
Nathaniel Pipkin,Kate,2299,pickwick-papers
Nathaniel Pipkin,Nathaniel,2299,pickwick-papers
Nathaniel Pipkin,Maria Lobbs,2299,pickwick-papers
Nathaniel Pipkin,Maria Lobbs,2299,pickwick-papers
Nathaniel Pipkin,Kate,2299,pickwick-papers
Nathaniel Pipkin,Mr. Pipkin,2299,pickwick-papers
Nathaniel Pipkin,Mr. Pipkin,2299,pickwick-papers
Nathaniel Pipkin,Maria Lobbs,2299,pickwick-papers
Nathaniel Pipkin,Maria,2299,pickwick-papers
Nathaniel Pipkin,Pipkin,2299,pickwick-papers
Nathaniel Pipkin,Maria Lobbs,2299,pickwick-papers
Nathaniel Pipkin,Maria Lobbs,2299,pickwick-papers
Nathaniel Pipkin,Kate,2299,pickwick-papers
Nathaniel Pipkin,Nathaniel,2299,pickwick-papers
Nathaniel Pipkin,Maria Lobbs,2299,pickwick-papers
Nathaniel Pipkin,Maria Lobbs,2299,pickwick-papers
Nathaniel Pipkin,Kate,2299,pickwick-papers
Nathaniel Pipkin,Mr. Pipkin,2299,pickwick-papers
Nathaniel Pipkin,Mr. Pipkin,2299,pickwick-papers
Nathaniel Pipkin,Maria Lobbs,2299,pickwick-papers
Nathaniel Pipkin,Maria,2299,pickwick-papers
Maria Lobbs,Pipkin,2299,pickwick-papers
Maria Lobbs,Nathaniel Pipkin,2299,pickwick-papers
Maria Lobbs,Kate,2299,pickwick-papers
Maria Lobbs,Nathaniel,2299,pickwick-papers
Maria Lobbs,Nathaniel Pipkin,2299,pickwick-papers
Maria Lobbs,Nathaniel Pipkin,2299,pickwick-papers
Maria Lobbs,Nathaniel Pipkin,2299,pickwick-papers
Maria Lobbs,Kate,2299,pickwick-papers
Maria Lobbs,Mr. Pipkin,2299,pickwick-papers
Maria Lobbs,Mr. Pipkin,2299,pickwick-papers
Maria Lobbs,Nathaniel Pipkin,2299,pickwick-papers
Maria Lobbs,Maria,2299,pickwick-papers
Nathaniel Pipkin,Pipkin,2299,pickwick-papers
Nathaniel Pipkin,Maria Lobbs,2299,pickwick-papers
Nathaniel Pipkin,Maria Lobbs,2299,pickwick-papers
Nathaniel Pipkin,Kate,2299,pickwick-papers
Nathaniel Pipkin,Nathaniel,2299,pickwick-papers
Nathaniel Pipkin,Maria Lobbs,2299,pickwick-papers
Nathaniel Pipkin,Maria Lobbs,2299,pickwick-papers
Nathaniel Pipkin,Kate,2299,pickwick-papers
Nathaniel Pipkin,Mr. Pipkin,2299,pickwick-papers
Nathaniel Pipkin,Mr. Pipkin,2299,pickwick-papers
Nathaniel Pipkin,Maria Lobbs,2299,pickwick-papers
Nathaniel Pipkin,Maria,2299,pickwick-papers
Maria Lobbs,Pipkin,2299,pickwick-papers
Maria Lobbs,Nathaniel Pipkin,2299,pickwick-papers
Maria Lobbs,Kate,2299,pickwick-papers
Maria Lobbs,Nathaniel,2299,pickwick-papers
Maria Lobbs,Nathaniel Pipkin,2299,pickwick-papers
Maria Lobbs,Nathaniel Pipkin,2299,pickwick-papers
Maria Lobbs,Nathaniel Pipkin,2299,pickwick-papers
Maria Lobbs,Kate,2299,pickwick-papers
Maria Lobbs,Mr. Pipkin,2299,pickwick-papers
Maria Lobbs,Mr. Pipkin,2299,pickwick-papers
Maria Lobbs,Nathaniel Pipkin,2299,pickwick-papers
Maria Lobbs,Maria,2299,pickwick-papers
Kate,Pipkin,2299,pickwick-papers
Kate,Maria Lobbs,2299,pickwick-papers
Kate,Maria Lobbs,2299,pickwick-papers
Kate,Nathaniel Pipkin,2299,pickwick-papers
Kate,Nathaniel,2299,pickwick-papers
Kate,Nathaniel Pipkin,2299,pickwick-papers
Kate,Nathaniel Pipkin,2299,pickwick-papers
Kate,Maria Lobbs,2299,pickwick-papers
Kate,Nathaniel Pipkin,2299,pickwick-papers
Kate,Maria Lobbs,2299,pickwick-papers
Kate,Mr. Pipkin,2299,pickwick-papers
Kate,Mr. Pipkin,2299,pickwick-papers
Kate,Nathaniel Pipkin,2299,pickwick-papers
Kate,Maria Lobbs,2299,pickwick-papers
Kate,Maria,2299,pickwick-papers
Mr. Pipkin,Pipkin,2299,pickwick-papers
Mr. Pipkin,Maria Lobbs,2299,pickwick-papers
Mr. Pipkin,Maria Lobbs,2299,pickwick-papers
Mr. Pipkin,Nathaniel Pipkin,2299,pickwick-papers
Mr. Pipkin,Kate,2299,pickwick-papers
Mr. Pipkin,Nathaniel,2299,pickwick-papers
Mr. Pipkin,Nathaniel Pipkin,2299,pickwick-papers
Mr. Pipkin,Nathaniel Pipkin,2299,pickwick-papers
Mr. Pipkin,Maria Lobbs,2299,pickwick-papers
Mr. Pipkin,Nathaniel Pipkin,2299,pickwick-papers
Mr. Pipkin,Maria Lobbs,2299,pickwick-papers
Mr. Pipkin,Kate,2299,pickwick-papers
Mr. Pipkin,Nathaniel Pipkin,2299,pickwick-papers
Mr. Pipkin,Maria Lobbs,2299,pickwick-papers
Mr. Pipkin,Maria,2299,pickwick-papers
Mr. Pipkin,Pipkin,2299,pickwick-papers
Mr. Pipkin,Maria Lobbs,2299,pickwick-papers
Mr. Pipkin,Maria Lobbs,2299,pickwick-papers
Mr. Pipkin,Nathaniel Pipkin,2299,pickwick-papers
Mr. Pipkin,Kate,2299,pickwick-papers
Mr. Pipkin,Nathaniel,2299,pickwick-papers
Mr. Pipkin,Nathaniel Pipkin,2299,pickwick-papers
Mr. Pipkin,Nathaniel Pipkin,2299,pickwick-papers
Mr. Pipkin,Maria Lobbs,2299,pickwick-papers
Mr. Pipkin,Nathaniel Pipkin,2299,pickwick-papers
Mr. Pipkin,Maria Lobbs,2299,pickwick-papers
Mr. Pipkin,Kate,2299,pickwick-papers
Mr. Pipkin,Nathaniel Pipkin,2299,pickwick-papers
Mr. Pipkin,Maria Lobbs,2299,pickwick-papers
Mr. Pipkin,Maria,2299,pickwick-papers
Nathaniel Pipkin,Pipkin,2299,pickwick-papers
Nathaniel Pipkin,Maria Lobbs,2299,pickwick-papers
Nathaniel Pipkin,Maria Lobbs,2299,pickwick-papers
Nathaniel Pipkin,Kate,2299,pickwick-papers
Nathaniel Pipkin,Nathaniel,2299,pickwick-papers
Nathaniel Pipkin,Maria Lobbs,2299,pickwick-papers
Nathaniel Pipkin,Maria Lobbs,2299,pickwick-papers
Nathaniel Pipkin,Kate,2299,pickwick-papers
Nathaniel Pipkin,Mr. Pipkin,2299,pickwick-papers
Nathaniel Pipkin,Mr. Pipkin,2299,pickwick-papers
Nathaniel Pipkin,Maria Lobbs,2299,pickwick-papers
Nathaniel Pipkin,Maria,2299,pickwick-papers
Maria Lobbs,Pipkin,2299,pickwick-papers
Maria Lobbs,Nathaniel Pipkin,2299,pickwick-papers
Maria Lobbs,Kate,2299,pickwick-papers
Maria Lobbs,Nathaniel,2299,pickwick-papers
Maria Lobbs,Nathaniel Pipkin,2299,pickwick-papers
Maria Lobbs,Nathaniel Pipkin,2299,pickwick-papers
Maria Lobbs,Nathaniel Pipkin,2299,pickwick-papers
Maria Lobbs,Kate,2299,pickwick-papers
Maria Lobbs,Mr. Pipkin,2299,pickwick-papers
Maria Lobbs,Mr. Pipkin,2299,pickwick-papers
Maria Lobbs,Nathaniel Pipkin,2299,pickwick-papers
Maria Lobbs,Maria,2299,pickwick-papers
Maria,Pipkin,2299,pickwick-papers
Maria,Maria Lobbs,2299,pickwick-papers
Maria,Maria Lobbs,2299,pickwick-papers
Maria,Nathaniel Pipkin,2299,pickwick-papers
Maria,Kate,2299,pickwick-papers
Maria,Nathaniel,2299,pickwick-papers
Maria,Nathaniel Pipkin,2299,pickwick-papers
Maria,Nathaniel Pipkin,2299,pickwick-papers
Maria,Maria Lobbs,2299,pickwick-papers
Maria,Nathaniel Pipkin,2299,pickwick-papers
Maria,Maria Lobbs,2299,pickwick-papers
Maria,Kate,2299,pickwick-papers
Maria,Mr. Pipkin,2299,pickwick-papers
Maria,Mr. Pipkin,2299,pickwick-papers
Maria,Nathaniel Pipkin,2299,pickwick-papers
Maria,Maria Lobbs,2299,pickwick-papers
Nathaniel Pipkin,Mr. Pipkin,2300,pickwick-papers
Mr. Pipkin,Nathaniel Pipkin,2300,pickwick-papers
Mr. Pipkin,Nathaniel Pipkin,2300,pickwick-papers
Mr. Pipkin,Nathaniel Pipkin,2300,pickwick-papers
Nathaniel Pipkin,Mr. Pipkin,2300,pickwick-papers
Nathaniel Pipkin,Mr. Pipkin,2300,pickwick-papers
Maria Lobbs,Nathaniel Pipkin,2301,pickwick-papers
Maria Lobbs,Lobbs,2301,pickwick-papers
Maria Lobbs,Henry,2301,pickwick-papers
Maria Lobbs,Nathaniel Pipkin,2301,pickwick-papers
Maria Lobbs,Nathaniel Pipkin,2301,pickwick-papers
Maria Lobbs,Nathaniel Pipkin,2301,pickwick-papers
Maria Lobbs,Nathaniel Pipkin,2301,pickwick-papers
Nathaniel Pipkin,Maria Lobbs,2301,pickwick-papers
Nathaniel Pipkin,Lobbs,2301,pickwick-papers
Nathaniel Pipkin,Maria Lobbs,2301,pickwick-papers
Nathaniel Pipkin,Maria Lobbs,2301,pickwick-papers
Nathaniel Pipkin,Henry,2301,pickwick-papers
Nathaniel Pipkin,Maria Lobbs,2301,pickwick-papers
Nathaniel Pipkin,Maria Lobbs,2301,pickwick-papers
Nathaniel Pipkin,Maria Lobbs,2301,pickwick-papers
Nathaniel Pipkin,Maria Lobbs,2301,pickwick-papers
Nathaniel Pipkin,Maria Lobbs,2301,pickwick-papers
Lobbs,Maria Lobbs,2301,pickwick-papers
Lobbs,Nathaniel Pipkin,2301,pickwick-papers
Lobbs,Maria Lobbs,2301,pickwick-papers
Lobbs,Maria Lobbs,2301,pickwick-papers
Lobbs,Henry,2301,pickwick-papers
Lobbs,Maria Lobbs,2301,pickwick-papers
Lobbs,Nathaniel Pipkin,2301,pickwick-papers
Lobbs,Maria Lobbs,2301,pickwick-papers
Lobbs,Nathaniel Pipkin,2301,pickwick-papers
Lobbs,Maria Lobbs,2301,pickwick-papers
Lobbs,Maria Lobbs,2301,pickwick-papers
Lobbs,Nathaniel Pipkin,2301,pickwick-papers
Lobbs,Maria Lobbs,2301,pickwick-papers
Lobbs,Nathaniel Pipkin,2301,pickwick-papers
Maria Lobbs,Nathaniel Pipkin,2301,pickwick-papers
Maria Lobbs,Lobbs,2301,pickwick-papers
Maria Lobbs,Henry,2301,pickwick-papers
Maria Lobbs,Nathaniel Pipkin,2301,pickwick-papers
Maria Lobbs,Nathaniel Pipkin,2301,pickwick-papers
Maria Lobbs,Nathaniel Pipkin,2301,pickwick-papers
Maria Lobbs,Nathaniel Pipkin,2301,pickwick-papers
Maria Lobbs,Nathaniel Pipkin,2301,pickwick-papers
Maria Lobbs,Lobbs,2301,pickwick-papers
Maria Lobbs,Henry,2301,pickwick-papers
Maria Lobbs,Nathaniel Pipkin,2301,pickwick-papers
Maria Lobbs,Nathaniel Pipkin,2301,pickwick-papers
Maria Lobbs,Nathaniel Pipkin,2301,pickwick-papers
Maria Lobbs,Nathaniel Pipkin,2301,pickwick-papers
Henry,Maria Lobbs,2301,pickwick-papers
Henry,Nathaniel Pipkin,2301,pickwick-papers
Henry,Lobbs,2301,pickwick-papers
Henry,Maria Lobbs,2301,pickwick-papers
Henry,Maria Lobbs,2301,pickwick-papers
Henry,Maria Lobbs,2301,pickwick-papers
Henry,Nathaniel Pipkin,2301,pickwick-papers
Henry,Maria Lobbs,2301,pickwick-papers
Henry,Nathaniel Pipkin,2301,pickwick-papers
Henry,Maria Lobbs,2301,pickwick-papers
Henry,Maria Lobbs,2301,pickwick-papers
Henry,Nathaniel Pipkin,2301,pickwick-papers
Henry,Maria Lobbs,2301,pickwick-papers
Henry,Nathaniel Pipkin,2301,pickwick-papers
Maria Lobbs,Nathaniel Pipkin,2301,pickwick-papers
Maria Lobbs,Lobbs,2301,pickwick-papers
Maria Lobbs,Henry,2301,pickwick-papers
Maria Lobbs,Nathaniel Pipkin,2301,pickwick-papers
Maria Lobbs,Nathaniel Pipkin,2301,pickwick-papers
Maria Lobbs,Nathaniel Pipkin,2301,pickwick-papers
Maria Lobbs,Nathaniel Pipkin,2301,pickwick-papers
Nathaniel Pipkin,Maria Lobbs,2301,pickwick-papers
Nathaniel Pipkin,Lobbs,2301,pickwick-papers
Nathaniel Pipkin,Maria Lobbs,2301,pickwick-papers
Nathaniel Pipkin,Maria Lobbs,2301,pickwick-papers
Nathaniel Pipkin,Henry,2301,pickwick-papers
Nathaniel Pipkin,Maria Lobbs,2301,pickwick-papers
Nathaniel Pipkin,Maria Lobbs,2301,pickwick-papers
Nathaniel Pipkin,Maria Lobbs,2301,pickwick-papers
Nathaniel Pipkin,Maria Lobbs,2301,pickwick-papers
Nathaniel Pipkin,Maria Lobbs,2301,pickwick-papers
Maria Lobbs,Nathaniel Pipkin,2301,pickwick-papers
Maria Lobbs,Lobbs,2301,pickwick-papers
Maria Lobbs,Henry,2301,pickwick-papers
Maria Lobbs,Nathaniel Pipkin,2301,pickwick-papers
Maria Lobbs,Nathaniel Pipkin,2301,pickwick-papers
Maria Lobbs,Nathaniel Pipkin,2301,pickwick-papers
Maria Lobbs,Nathaniel Pipkin,2301,pickwick-papers
Nathaniel Pipkin,Maria Lobbs,2301,pickwick-papers
Nathaniel Pipkin,Lobbs,2301,pickwick-papers
Nathaniel Pipkin,Maria Lobbs,2301,pickwick-papers
Nathaniel Pipkin,Maria Lobbs,2301,pickwick-papers
Nathaniel Pipkin,Henry,2301,pickwick-papers
Nathaniel Pipkin,Maria Lobbs,2301,pickwick-papers
Nathaniel Pipkin,Maria Lobbs,2301,pickwick-papers
Nathaniel Pipkin,Maria Lobbs,2301,pickwick-papers
Nathaniel Pipkin,Maria Lobbs,2301,pickwick-papers
Nathaniel Pipkin,Maria Lobbs,2301,pickwick-papers
Maria Lobbs,Nathaniel Pipkin,2301,pickwick-papers
Maria Lobbs,Lobbs,2301,pickwick-papers
Maria Lobbs,Henry,2301,pickwick-papers
Maria Lobbs,Nathaniel Pipkin,2301,pickwick-papers
Maria Lobbs,Nathaniel Pipkin,2301,pickwick-papers
Maria Lobbs,Nathaniel Pipkin,2301,pickwick-papers
Maria Lobbs,Nathaniel Pipkin,2301,pickwick-papers
Maria Lobbs,Nathaniel Pipkin,2301,pickwick-papers
Maria Lobbs,Lobbs,2301,pickwick-papers
Maria Lobbs,Henry,2301,pickwick-papers
Maria Lobbs,Nathaniel Pipkin,2301,pickwick-papers
Maria Lobbs,Nathaniel Pipkin,2301,pickwick-papers
Maria Lobbs,Nathaniel Pipkin,2301,pickwick-papers
Maria Lobbs,Nathaniel Pipkin,2301,pickwick-papers
Nathaniel Pipkin,Maria Lobbs,2301,pickwick-papers
Nathaniel Pipkin,Lobbs,2301,pickwick-papers
Nathaniel Pipkin,Maria Lobbs,2301,pickwick-papers
Nathaniel Pipkin,Maria Lobbs,2301,pickwick-papers
Nathaniel Pipkin,Henry,2301,pickwick-papers
Nathaniel Pipkin,Maria Lobbs,2301,pickwick-papers
Nathaniel Pipkin,Maria Lobbs,2301,pickwick-papers
Nathaniel Pipkin,Maria Lobbs,2301,pickwick-papers
Nathaniel Pipkin,Maria Lobbs,2301,pickwick-papers
Nathaniel Pipkin,Maria Lobbs,2301,pickwick-papers
Maria Lobbs,Nathaniel Pipkin,2301,pickwick-papers
Maria Lobbs,Lobbs,2301,pickwick-papers
Maria Lobbs,Henry,2301,pickwick-papers
Maria Lobbs,Nathaniel Pipkin,2301,pickwick-papers
Maria Lobbs,Nathaniel Pipkin,2301,pickwick-papers
Maria Lobbs,Nathaniel Pipkin,2301,pickwick-papers
Maria Lobbs,Nathaniel Pipkin,2301,pickwick-papers
Nathaniel Pipkin,Maria Lobbs,2301,pickwick-papers
Nathaniel Pipkin,Lobbs,2301,pickwick-papers
Nathaniel Pipkin,Maria Lobbs,2301,pickwick-papers
Nathaniel Pipkin,Maria Lobbs,2301,pickwick-papers
Nathaniel Pipkin,Henry,2301,pickwick-papers
Nathaniel Pipkin,Maria Lobbs,2301,pickwick-papers
Nathaniel Pipkin,Maria Lobbs,2301,pickwick-papers
Nathaniel Pipkin,Maria Lobbs,2301,pickwick-papers
Nathaniel Pipkin,Maria Lobbs,2301,pickwick-papers
Nathaniel Pipkin,Maria Lobbs,2301,pickwick-papers
Maria Lobbs,Nathaniel Pipkin,2302,pickwick-papers
Nathaniel Pipkin,Maria Lobbs,2302,pickwick-papers
Nathaniel Pipkin,Maria Lobbs,2302,pickwick-papers
Maria Lobbs,Nathaniel Pipkin,2302,pickwick-papers
Nathaniel Pipkin,Lobbs,2303,pickwick-papers
Lobbs,Nathaniel Pipkin,2303,pickwick-papers
Nathaniel Pipkin,Lobbs,2304,pickwick-papers
Nathaniel Pipkin,Lobbs,2304,pickwick-papers
Nathaniel Pipkin,Old Lobbs,2304,pickwick-papers
Nathaniel Pipkin,Lobbs,2304,pickwick-papers
Lobbs,Nathaniel Pipkin,2304,pickwick-papers
Lobbs,Nathaniel Pipkin,2304,pickwick-papers
Lobbs,Old Lobbs,2304,pickwick-papers
Lobbs,Nathaniel Pipkin,2304,pickwick-papers
Nathaniel Pipkin,Lobbs,2304,pickwick-papers
Nathaniel Pipkin,Lobbs,2304,pickwick-papers
Nathaniel Pipkin,Old Lobbs,2304,pickwick-papers
Nathaniel Pipkin,Lobbs,2304,pickwick-papers
Lobbs,Nathaniel Pipkin,2304,pickwick-papers
Lobbs,Nathaniel Pipkin,2304,pickwick-papers
Lobbs,Old Lobbs,2304,pickwick-papers
Lobbs,Nathaniel Pipkin,2304,pickwick-papers
Old Lobbs,Nathaniel Pipkin,2304,pickwick-papers
Old Lobbs,Lobbs,2304,pickwick-papers
Old Lobbs,Nathaniel Pipkin,2304,pickwick-papers
Old Lobbs,Lobbs,2304,pickwick-papers
Old Lobbs,Nathaniel Pipkin,2304,pickwick-papers
Old Lobbs,Lobbs,2304,pickwick-papers
Nathaniel Pipkin,Lobbs,2304,pickwick-papers
Nathaniel Pipkin,Lobbs,2304,pickwick-papers
Nathaniel Pipkin,Old Lobbs,2304,pickwick-papers
Nathaniel Pipkin,Lobbs,2304,pickwick-papers
Lobbs,Nathaniel Pipkin,2304,pickwick-papers
Lobbs,Nathaniel Pipkin,2304,pickwick-papers
Lobbs,Old Lobbs,2304,pickwick-papers
Lobbs,Nathaniel Pipkin,2304,pickwick-papers
Pipkin,Lobbs,2306,pickwick-papers
Lobbs,Pipkin,2306,pickwick-papers
Lobbs,Nathaniel Pipkin,2308,pickwick-papers
Nathaniel Pipkin,Lobbs,2308,pickwick-papers
Mr. Lobbs,Lobbs,2309,pickwick-papers
Lobbs,Mr. Lobbs,2309,pickwick-papers
Lobbs,Nathaniel Pipkin,2313,pickwick-papers
Nathaniel Pipkin,Lobbs,2313,pickwick-papers
Pipkin,Maria Lobbs,2322,pickwick-papers
Maria Lobbs,Pipkin,2322,pickwick-papers
Mr. Tupman,Mr. Snodgrass,2325,pickwick-papers
Mr. Tupman,Mr. Winkle,2325,pickwick-papers
Mr. Tupman,Mr. Pott,2325,pickwick-papers
Mr. Tupman,Mr. Pott,2325,pickwick-papers
Mr. Tupman,Deeply,2325,pickwick-papers
Mr. Tupman,Mr. Pickwick,2325,pickwick-papers
Mr. Snodgrass,Mr. Tupman,2325,pickwick-papers
Mr. Snodgrass,Mr. Winkle,2325,pickwick-papers
Mr. Snodgrass,Mr. Pott,2325,pickwick-papers
Mr. Snodgrass,Mr. Pott,2325,pickwick-papers
Mr. Snodgrass,Deeply,2325,pickwick-papers
Mr. Snodgrass,Mr. Pickwick,2325,pickwick-papers
Mr. Winkle,Mr. Tupman,2325,pickwick-papers
Mr. Winkle,Mr. Snodgrass,2325,pickwick-papers
Mr. Winkle,Mr. Pott,2325,pickwick-papers
Mr. Winkle,Mr. Pott,2325,pickwick-papers
Mr. Winkle,Deeply,2325,pickwick-papers
Mr. Winkle,Mr. Pickwick,2325,pickwick-papers
Mr. Pott,Mr. Tupman,2325,pickwick-papers
Mr. Pott,Mr. Snodgrass,2325,pickwick-papers
Mr. Pott,Mr. Winkle,2325,pickwick-papers
Mr. Pott,Deeply,2325,pickwick-papers
Mr. Pott,Mr. Pickwick,2325,pickwick-papers
Mr. Pott,Mr. Tupman,2325,pickwick-papers
Mr. Pott,Mr. Snodgrass,2325,pickwick-papers
Mr. Pott,Mr. Winkle,2325,pickwick-papers
Mr. Pott,Deeply,2325,pickwick-papers
Mr. Pott,Mr. Pickwick,2325,pickwick-papers
Deeply,Mr. Tupman,2325,pickwick-papers
Deeply,Mr. Snodgrass,2325,pickwick-papers
Deeply,Mr. Winkle,2325,pickwick-papers
Deeply,Mr. Pott,2325,pickwick-papers
Deeply,Mr. Pott,2325,pickwick-papers
Deeply,Mr. Pickwick,2325,pickwick-papers
Mr. Pickwick,Mr. Tupman,2325,pickwick-papers
Mr. Pickwick,Mr. Snodgrass,2325,pickwick-papers
Mr. Pickwick,Mr. Winkle,2325,pickwick-papers
Mr. Pickwick,Mr. Pott,2325,pickwick-papers
Mr. Pickwick,Mr. Pott,2325,pickwick-papers
Mr. Pickwick,Deeply,2325,pickwick-papers
Mr. Winkle,Mr. Pott,2326,pickwick-papers
Mr. Pott,Mr. Winkle,2326,pickwick-papers
Sir,Mr. Pott,2329,pickwick-papers
Mr. Pott,Sir,2329,pickwick-papers
Mr. Winkle,Mr. Pott,2330,pickwick-papers
Mr. Pott,Mr. Winkle,2330,pickwick-papers
Sir,Mr. Pott,2331,pickwick-papers
Mr. Pott,Sir,2331,pickwick-papers
Mr. Pott,Sir,2331,pickwick-papers
Sir,Mr. Pott,2331,pickwick-papers
Pott,Mr. Pott,2332,pickwick-papers
Mr. Pott,Pott,2332,pickwick-papers
Pott,Sir,2334,pickwick-papers
Sir,Pott,2334,pickwick-papers
Sir,Mr. Winkle,2335,pickwick-papers
Mr. Winkle,Sir,2335,pickwick-papers
Sir,Mr. Winkle,2337,pickwick-papers
Mr. Winkle,Sir,2337,pickwick-papers
Mr. Fizkin,_His_,2340,pickwick-papers
_His_,Mr. Fizkin,2340,pickwick-papers
Brass Pot,Mr. Pott,2347,pickwick-papers
Mr. Pott,Brass Pot,2347,pickwick-papers
Mr.,Pott,2349,pickwick-papers
Pott,Mr.,2349,pickwick-papers
Pott,Mr. Winkle,2353,pickwick-papers
Mr. Winkle,Pott,2353,pickwick-papers
Mr. Winkle,Pott,2376,pickwick-papers
Pott,Mr. Winkle,2376,pickwick-papers
Mr. Pott,Pott,2384,pickwick-papers
Mr. Pott,Goodwin,2384,pickwick-papers
Mr. Pott,Pott,2384,pickwick-papers
Pott,Mr. Pott,2384,pickwick-papers
Pott,Goodwin,2384,pickwick-papers
Goodwin,Mr. Pott,2384,pickwick-papers
Goodwin,Pott,2384,pickwick-papers
Goodwin,Pott,2384,pickwick-papers
Pott,Mr. Pott,2384,pickwick-papers
Pott,Goodwin,2384,pickwick-papers
Mr. Winkle,Mr. Pickwick,2388,pickwick-papers
Mr. Winkle,Mr. Tupman,2388,pickwick-papers
Mr. Pickwick,Mr. Winkle,2388,pickwick-papers
Mr. Pickwick,Mr. Tupman,2388,pickwick-papers
Mr. Tupman,Mr. Winkle,2388,pickwick-papers
Mr. Tupman,Mr. Pickwick,2388,pickwick-papers
Pott,Mr. Pott,2393,pickwick-papers
Pott,Mr. Winkle,2393,pickwick-papers
Pott,Noon,2393,pickwick-papers
Mr. Pott,Pott,2393,pickwick-papers
Mr. Pott,Mr. Winkle,2393,pickwick-papers
Mr. Pott,Noon,2393,pickwick-papers
Mr. Winkle,Pott,2393,pickwick-papers
Mr. Winkle,Mr. Pott,2393,pickwick-papers
Mr. Winkle,Noon,2393,pickwick-papers
Noon,Pott,2393,pickwick-papers
Noon,Mr. Pott,2393,pickwick-papers
Noon,Mr. Winkle,2393,pickwick-papers
Mr. Pickwick,Sam,2396,pickwick-papers
Mr. Pickwick,Mr. Snodgrass,2396,pickwick-papers
Sam,Mr. Pickwick,2396,pickwick-papers
Sam,Mr. Snodgrass,2396,pickwick-papers
Mr. Snodgrass,Mr. Pickwick,2396,pickwick-papers
Mr. Snodgrass,Sam,2396,pickwick-papers
Mr.,Weller,2397,pickwick-papers
Mr.,Mr. Pickwick,2397,pickwick-papers
Mr.,Mr. Winkle,2397,pickwick-papers
Mr.,Mr. Snodgrass,2397,pickwick-papers
Mr.,Mr. Tupman,2397,pickwick-papers
Weller,Mr.,2397,pickwick-papers
Weller,Mr. Pickwick,2397,pickwick-papers
Weller,Mr. Winkle,2397,pickwick-papers
Weller,Mr. Snodgrass,2397,pickwick-papers
Weller,Mr. Tupman,2397,pickwick-papers
Mr. Pickwick,Mr.,2397,pickwick-papers
Mr. Pickwick,Weller,2397,pickwick-papers
Mr. Pickwick,Mr. Winkle,2397,pickwick-papers
Mr. Pickwick,Mr. Snodgrass,2397,pickwick-papers
Mr. Pickwick,Mr. Tupman,2397,pickwick-papers
Mr. Winkle,Mr.,2397,pickwick-papers
Mr. Winkle,Weller,2397,pickwick-papers
Mr. Winkle,Mr. Pickwick,2397,pickwick-papers
Mr. Winkle,Mr. Snodgrass,2397,pickwick-papers
Mr. Winkle,Mr. Tupman,2397,pickwick-papers
Mr. Snodgrass,Mr.,2397,pickwick-papers
Mr. Snodgrass,Weller,2397,pickwick-papers
Mr. Snodgrass,Mr. Pickwick,2397,pickwick-papers
Mr. Snodgrass,Mr. Winkle,2397,pickwick-papers
Mr. Snodgrass,Mr. Tupman,2397,pickwick-papers
Mr. Tupman,Mr.,2397,pickwick-papers
Mr. Tupman,Weller,2397,pickwick-papers
Mr. Tupman,Mr. Pickwick,2397,pickwick-papers
Mr. Tupman,Mr. Winkle,2397,pickwick-papers
Mr. Tupman,Mr. Snodgrass,2397,pickwick-papers
Mr. Tupman,Wardle,2398,pickwick-papers
Wardle,Mr. Tupman,2398,pickwick-papers
Wardle,Mr. Tupman,2398,pickwick-papers
Mr. Tupman,Wardle,2398,pickwick-papers
Mr. Winkle,Mr. Snodgrass,2399,pickwick-papers
Mr. Winkle,Pickwick,2399,pickwick-papers
Mr. Snodgrass,Mr. Winkle,2399,pickwick-papers
Mr. Snodgrass,Pickwick,2399,pickwick-papers
Pickwick,Mr. Winkle,2399,pickwick-papers
Pickwick,Mr. Snodgrass,2399,pickwick-papers
Mr. Snodgrass,Sir,2402,pickwick-papers
Mr. Snodgrass,How,2402,pickwick-papers
Mr. Snodgrass,Joe,2402,pickwick-papers
Sir,Mr. Snodgrass,2402,pickwick-papers
Sir,How,2402,pickwick-papers
Sir,Joe,2402,pickwick-papers
How,Mr. Snodgrass,2402,pickwick-papers
How,Sir,2402,pickwick-papers
How,Joe,2402,pickwick-papers
Joe,Mr. Snodgrass,2402,pickwick-papers
Joe,Sir,2402,pickwick-papers
Joe,How,2402,pickwick-papers
Mr. Tupman,Sir,2406,pickwick-papers
Sir,Mr. Tupman,2406,pickwick-papers
Mr. Winkle,Mr. Pickwick,2412,pickwick-papers
Mr. Pickwick,Mr. Winkle,2412,pickwick-papers
Mr.,Pickwick,2413,pickwick-papers
Mr.,Mr. Winkle,2413,pickwick-papers
Mr.,Mr. Pickwick,2413,pickwick-papers
Pickwick,Mr.,2413,pickwick-papers
Pickwick,Mr. Winkle,2413,pickwick-papers
Pickwick,Mr. Pickwick,2413,pickwick-papers
Mr. Winkle,Mr.,2413,pickwick-papers
Mr. Winkle,Pickwick,2413,pickwick-papers
Mr. Winkle,Mr. Pickwick,2413,pickwick-papers
Mr. Pickwick,Mr.,2413,pickwick-papers
Mr. Pickwick,Pickwick,2413,pickwick-papers
Mr. Pickwick,Mr. Winkle,2413,pickwick-papers
Mr.,Pickwick,2415,pickwick-papers
Pickwick,Mr.,2415,pickwick-papers
Wardle,Mr. Pickwick,2420,pickwick-papers
Mr. Pickwick,Wardle,2420,pickwick-papers
Mr.,Pickwick,2421,pickwick-papers
Mr.,Mr. Tupman,2421,pickwick-papers
Pickwick,Mr.,2421,pickwick-papers
Pickwick,Mr. Tupman,2421,pickwick-papers
Mr. Tupman,Mr.,2421,pickwick-papers
Mr. Tupman,Pickwick,2421,pickwick-papers
Freeman,Cornhill,2423,pickwick-papers
Cornhill,Freeman,2423,pickwick-papers
Sir,Dodson,2427,pickwick-papers
Sir,Fogg,2427,pickwick-papers
Dodson,Sir,2427,pickwick-papers
Dodson,Fogg,2427,pickwick-papers
Fogg,Sir,2427,pickwick-papers
Fogg,Dodson,2427,pickwick-papers
Mr.,Samuel Pickwick,2428,pickwick-papers
Samuel Pickwick,Mr.,2428,pickwick-papers
Mr. Pickwick,Mr. Tupman,2429,pickwick-papers
Mr. Tupman,Mr. Pickwick,2429,pickwick-papers
Pickwick,Mr. Snodgrass,2431,pickwick-papers
Mr. Snodgrass,Pickwick,2431,pickwick-papers
Mr. Pickwick,Dodson,2433,pickwick-papers
Mr. Pickwick,Fogg,2433,pickwick-papers
Mr. Pickwick,Bardell,2433,pickwick-papers
Dodson,Mr. Pickwick,2433,pickwick-papers
Dodson,Fogg,2433,pickwick-papers
Dodson,Bardell,2433,pickwick-papers
Fogg,Mr. Pickwick,2433,pickwick-papers
Fogg,Dodson,2433,pickwick-papers
Fogg,Bardell,2433,pickwick-papers
Bardell,Mr. Pickwick,2433,pickwick-papers
Bardell,Dodson,2433,pickwick-papers
Bardell,Fogg,2433,pickwick-papers
Wardle,Dodson,2434,pickwick-papers
Dodson,Wardle,2434,pickwick-papers
Mr.,Pickwick,2439,pickwick-papers
Pickwick,Mr.,2439,pickwick-papers
Mr.,Tupman,2441,pickwick-papers
Tupman,Mr.,2441,pickwick-papers
Mr. Pickwick,Wardle,2446,pickwick-papers
Mr. Pickwick,Wardle,2446,pickwick-papers
Wardle,Mr. Pickwick,2446,pickwick-papers
Wardle,Mr. Pickwick,2446,pickwick-papers
Mr. Pickwick,Dodson,2447,pickwick-papers
Mr. Pickwick,Fogg,2447,pickwick-papers
Dodson,Mr. Pickwick,2447,pickwick-papers
Dodson,Fogg,2447,pickwick-papers
Fogg,Mr. Pickwick,2447,pickwick-papers
Fogg,Dodson,2447,pickwick-papers
Mr. Pickwick,Sam,2451,pickwick-papers
Sam,Mr. Pickwick,2451,pickwick-papers
Mr.,Weller,2455,pickwick-papers
Weller,Mr.,2455,pickwick-papers
Mr. Weller,Mr. Samuel Weller,2456,pickwick-papers
Mr. Samuel Weller,Mr. Weller,2456,pickwick-papers
Such,Mr. Snodgrass,2461,pickwick-papers
Such,Mr. Wardle,2461,pickwick-papers
Such,Mr. Trundle,2461,pickwick-papers
Such,Sam Weller,2461,pickwick-papers
Mr. Snodgrass,Such,2461,pickwick-papers
Mr. Snodgrass,Mr. Wardle,2461,pickwick-papers
Mr. Snodgrass,Mr. Trundle,2461,pickwick-papers
Mr. Snodgrass,Sam Weller,2461,pickwick-papers
Mr. Wardle,Such,2461,pickwick-papers
Mr. Wardle,Mr. Snodgrass,2461,pickwick-papers
Mr. Wardle,Mr. Trundle,2461,pickwick-papers
Mr. Wardle,Sam Weller,2461,pickwick-papers
Mr. Trundle,Such,2461,pickwick-papers
Mr. Trundle,Mr. Snodgrass,2461,pickwick-papers
Mr. Trundle,Mr. Wardle,2461,pickwick-papers
Mr. Trundle,Sam Weller,2461,pickwick-papers
Sam Weller,Such,2461,pickwick-papers
Sam Weller,Mr. Snodgrass,2461,pickwick-papers
Sam Weller,Mr. Wardle,2461,pickwick-papers
Sam Weller,Mr. Trundle,2461,pickwick-papers
Mr.,Winkle,2464,pickwick-papers
Winkle,Mr.,2464,pickwick-papers
Juno,Daph,2465,pickwick-papers
Juno,Wardle,2465,pickwick-papers
Juno,Geoffrey,2465,pickwick-papers
Juno,Martin,2465,pickwick-papers
Daph,Juno,2465,pickwick-papers
Daph,Wardle,2465,pickwick-papers
Daph,Geoffrey,2465,pickwick-papers
Daph,Martin,2465,pickwick-papers
Wardle,Juno,2465,pickwick-papers
Wardle,Daph,2465,pickwick-papers
Wardle,Geoffrey,2465,pickwick-papers
Wardle,Martin,2465,pickwick-papers
Geoffrey,Juno,2465,pickwick-papers
Geoffrey,Daph,2465,pickwick-papers
Geoffrey,Wardle,2465,pickwick-papers
Geoffrey,Martin,2465,pickwick-papers
Martin,Juno,2465,pickwick-papers
Martin,Daph,2465,pickwick-papers
Martin,Wardle,2465,pickwick-papers
Martin,Geoffrey,2465,pickwick-papers
Mr. Winkle,Mr. Tupman,2466,pickwick-papers
Mr. Tupman,Mr. Winkle,2466,pickwick-papers
Martin,Wardle,2467,pickwick-papers
Martin,Winkle,2467,pickwick-papers
Wardle,Martin,2467,pickwick-papers
Wardle,Winkle,2467,pickwick-papers
Winkle,Martin,2467,pickwick-papers
Winkle,Wardle,2467,pickwick-papers
Mr.,Winkle,2468,pickwick-papers
Winkle,Mr.,2468,pickwick-papers
Mr.,Mr. Weller,2470,pickwick-papers
Mr. Weller,Mr.,2470,pickwick-papers
Hill,Sir,2474,pickwick-papers
Sir,Hill,2474,pickwick-papers
Mr.,Pickwick,2478,pickwick-papers
Mr.,Mr. Winkle,2478,pickwick-papers
Pickwick,Mr.,2478,pickwick-papers
Pickwick,Mr. Winkle,2478,pickwick-papers
Mr. Winkle,Mr.,2478,pickwick-papers
Mr. Winkle,Pickwick,2478,pickwick-papers
Mr. Weller,Well,2485,pickwick-papers
Well,Mr. Weller,2485,pickwick-papers
Mr. Pickwick,Sam,2487,pickwick-papers
Mr. Pickwick,Sam,2487,pickwick-papers
Sam,Mr. Pickwick,2487,pickwick-papers
Sam,Mr. Pickwick,2487,pickwick-papers
Sam,Mr. Pickwick,2488,pickwick-papers
Mr. Pickwick,Sam,2488,pickwick-papers
Tupman,Mr. Pickwick,2500,pickwick-papers
Mr. Pickwick,Tupman,2500,pickwick-papers
Mr. Pickwick,Winkle,2502,pickwick-papers
Winkle,Mr. Pickwick,2502,pickwick-papers
Mr. Winkle,Bang,2510,pickwick-papers
Bang,Mr. Winkle,2510,pickwick-papers
Sir,Mr. Weller,2520,pickwick-papers
Mr. Weller,Sir,2520,pickwick-papers
Wardle,Mr. Tupman,2521,pickwick-papers
Mr. Tupman,Wardle,2521,pickwick-papers
Sir,Mr. Weller,2526,pickwick-papers
Mr. Weller,Sir,2526,pickwick-papers
Sir,Sam,2528,pickwick-papers
Sam,Sir,2528,pickwick-papers
Sir,Mr. Winkle,2539,pickwick-papers
Mr. Winkle,Sir,2539,pickwick-papers
Sir,Sir Geoffrey,2540,pickwick-papers
Sir,Load,2540,pickwick-papers
Sir Geoffrey,Sir,2540,pickwick-papers
Sir Geoffrey,Load,2540,pickwick-papers
Sir Geoffrey,Sir,2540,pickwick-papers
Load,Sir,2540,pickwick-papers
Load,Sir Geoffrey,2540,pickwick-papers
Load,Sir,2540,pickwick-papers
Sir,Sir Geoffrey,2540,pickwick-papers
Sir,Load,2540,pickwick-papers
Mr. Winkle,Mr. Pickwick,2542,pickwick-papers
Mr. Pickwick,Mr. Winkle,2542,pickwick-papers
Mr. Pickwick,Mr. Tupman,2543,pickwick-papers
Mr. Pickwick,Mr. Winkle,2543,pickwick-papers
Mr. Tupman,Mr. Pickwick,2543,pickwick-papers
Mr. Tupman,Mr. Winkle,2543,pickwick-papers
Mr. Tupman,Mr. Pickwick,2543,pickwick-papers
Mr. Winkle,Mr. Pickwick,2543,pickwick-papers
Mr. Winkle,Mr. Tupman,2543,pickwick-papers
Mr. Winkle,Mr. Pickwick,2543,pickwick-papers
Mr. Pickwick,Mr. Tupman,2543,pickwick-papers
Mr. Pickwick,Mr. Winkle,2543,pickwick-papers
Mr.,Tupman,2544,pickwick-papers
Tupman,Mr.,2544,pickwick-papers
Mr. Tupman,Mr. Wardle,2545,pickwick-papers
Mr. Wardle,Mr. Tupman,2545,pickwick-papers
Mr. Pickwick,Sam,2556,pickwick-papers
Sam,Mr. Pickwick,2556,pickwick-papers
Sam,Mr. Pickwick,2559,pickwick-papers
Mr. Pickwick,Sam,2559,pickwick-papers
Mr. Weller,Mr. Brooks,2560,pickwick-papers
Mr. Brooks,Mr. Weller,2560,pickwick-papers
Mr. Brooks,Mr. Weller,2560,pickwick-papers
Mr. Weller,Mr. Brooks,2560,pickwick-papers
Sam,Mr. Pickwick,2561,pickwick-papers
Mr. Pickwick,Sam,2561,pickwick-papers
Mr. Weller,Tongue,2562,pickwick-papers
Tongue,Mr. Weller,2562,pickwick-papers
Mr. Weller,English,2564,pickwick-papers
English,Mr. Weller,2564,pickwick-papers
Mr. Pickwick,Cool,2569,pickwick-papers
Cool,Mr. Pickwick,2569,pickwick-papers
Cool,Mr. Pickwick,2569,pickwick-papers
Mr. Pickwick,Cool,2569,pickwick-papers
Sir,Mr. Weller,2572,pickwick-papers
Mr. Weller,Sir,2572,pickwick-papers
Mr. Pickwick,Tupman,2578,pickwick-papers
Tupman,Mr. Pickwick,2578,pickwick-papers
Mr. Tupman,Mr. Pickwick,2579,pickwick-papers
Mr. Tupman,Mr. Pickwick,2579,pickwick-papers
Mr. Pickwick,Mr. Tupman,2579,pickwick-papers
Mr. Pickwick,Mr. Tupman,2579,pickwick-papers
Mr. Pickwick,Mr. Weller,2581,pickwick-papers
Mr. Pickwick,Mr. Weller,2581,pickwick-papers
Mr. Weller,Mr. Pickwick,2581,pickwick-papers
Mr. Weller,Mr. Pickwick,2581,pickwick-papers
Mr. Weller,Mr. Pickwick,2581,pickwick-papers
Mr. Weller,Mr. Pickwick,2581,pickwick-papers
Mr. Weller,Mr. Pickwick,2581,pickwick-papers
Mr. Weller,Mr. Pickwick,2581,pickwick-papers
Mr. Pickwick,Mr. Weller,2581,pickwick-papers
Mr. Pickwick,Mr. Weller,2581,pickwick-papers
Mr. Pickwick,Mr. Weller,2581,pickwick-papers
Mr. Pickwick,Mr. Weller,2581,pickwick-papers
Boldwig,Captain Boldwig,2583,pickwick-papers
Boldwig,Captain Boldwig,2583,pickwick-papers
Captain Boldwig,Boldwig,2583,pickwick-papers
Captain Boldwig,Boldwig,2583,pickwick-papers
Mr.,Pickwick,2584,pickwick-papers
Mr.,Boldwig,2584,pickwick-papers
Mr.,Captain Boldwig,2584,pickwick-papers
Pickwick,Mr.,2584,pickwick-papers
Pickwick,Boldwig,2584,pickwick-papers
Pickwick,Captain Boldwig,2584,pickwick-papers
Boldwig,Mr.,2584,pickwick-papers
Boldwig,Pickwick,2584,pickwick-papers
Boldwig,Captain Boldwig,2584,pickwick-papers
Captain Boldwig,Mr.,2584,pickwick-papers
Captain Boldwig,Pickwick,2584,pickwick-papers
Captain Boldwig,Boldwig,2584,pickwick-papers
Wilkins,Captain Boldwig,2594,pickwick-papers
Captain Boldwig,Wilkins,2594,pickwick-papers
Captain Boldwig,Wilkins,2608,pickwick-papers
Wilkins,Captain Boldwig,2608,pickwick-papers
Mr. Pickwick,Boldwig,2615,pickwick-papers
Boldwig,Mr. Pickwick,2615,pickwick-papers
Mr. Pickwick,Sam Weller,2626,pickwick-papers
Sam Weller,Mr. Pickwick,2626,pickwick-papers
Sam Weller,Mr. Pickwick,2626,pickwick-papers
Mr. Pickwick,Sam Weller,2626,pickwick-papers
Mr. Weller,Mr. Veller,2628,pickwick-papers
Mr. Weller,Drive,2628,pickwick-papers
Mr. Veller,Mr. Weller,2628,pickwick-papers
Mr. Veller,Drive,2628,pickwick-papers
Drive,Mr. Weller,2628,pickwick-papers
Drive,Mr. Veller,2628,pickwick-papers
Boldwig,Mr. Pickwick,2629,pickwick-papers
Mr. Pickwick,Boldwig,2629,pickwick-papers
Mr. Pickwick,Mr. Samuel Weller,2635,pickwick-papers
Mr. Samuel Weller,Mr. Pickwick,2635,pickwick-papers
Freeman,Cornhill,2638,pickwick-papers
Freeman,Fogg,2638,pickwick-papers
Freeman,Majesty,2638,pickwick-papers
Freeman,Bench,2638,pickwick-papers
Cornhill,Freeman,2638,pickwick-papers
Cornhill,Fogg,2638,pickwick-papers
Cornhill,Majesty,2638,pickwick-papers
Cornhill,Bench,2638,pickwick-papers
Fogg,Freeman,2638,pickwick-papers
Fogg,Cornhill,2638,pickwick-papers
Fogg,Majesty,2638,pickwick-papers
Fogg,Bench,2638,pickwick-papers
Majesty,Freeman,2638,pickwick-papers
Majesty,Cornhill,2638,pickwick-papers
Majesty,Fogg,2638,pickwick-papers
Majesty,Bench,2638,pickwick-papers
Bench,Freeman,2638,pickwick-papers
Bench,Cornhill,2638,pickwick-papers
Bench,Fogg,2638,pickwick-papers
Bench,Majesty,2638,pickwick-papers
Fogg,Mr. Pickwick,2639,pickwick-papers
Fogg,Sam Weller,2639,pickwick-papers
Mr. Pickwick,Fogg,2639,pickwick-papers
Mr. Pickwick,Sam Weller,2639,pickwick-papers
Sam Weller,Fogg,2639,pickwick-papers
Sam Weller,Mr. Pickwick,2639,pickwick-papers
Mr. Pickwick,Sam,2640,pickwick-papers
Mr. Pickwick,Sam,2640,pickwick-papers
Sam,Mr. Pickwick,2640,pickwick-papers
Sam,Mr. Pickwick,2640,pickwick-papers
Dodson,Mr. Fogg,2641,pickwick-papers
Dodson,Mr. Pickwick,2641,pickwick-papers
Mr. Fogg,Dodson,2641,pickwick-papers
Mr. Fogg,Mr. Pickwick,2641,pickwick-papers
Mr. Pickwick,Dodson,2641,pickwick-papers
Mr. Pickwick,Mr. Fogg,2641,pickwick-papers
Dodson,Mr. Fogg,2642,pickwick-papers
Dodson,Mr. Pickwick,2642,pickwick-papers
Mr. Fogg,Dodson,2642,pickwick-papers
Mr. Fogg,Mr. Pickwick,2642,pickwick-papers
Mr. Pickwick,Dodson,2642,pickwick-papers
Mr. Pickwick,Mr. Fogg,2642,pickwick-papers
Dodson,Mr. Fogg,2644,pickwick-papers
Mr. Fogg,Dodson,2644,pickwick-papers
Mr. Dodson,Mr. Pickwick,2645,pickwick-papers
Mr. Pickwick,Mr. Dodson,2645,pickwick-papers
Mr. Fogg,Sir,2647,pickwick-papers
Sir,Mr. Fogg,2647,pickwick-papers
Cummins,Fogg,2653,pickwick-papers
Fogg,Cummins,2653,pickwick-papers
Fogg,Jack,2655,pickwick-papers
Jack,Fogg,2655,pickwick-papers
Jack,Fogg,2655,pickwick-papers
Fogg,Jack,2655,pickwick-papers
Sir,Ramsey,2657,pickwick-papers
Sir,Old Fogg,2657,pickwick-papers
Sir,Fogg,2657,pickwick-papers
Sir,Ramsey,2657,pickwick-papers
Sir,Fogg,2657,pickwick-papers
Sir,Mr. Jackson,2657,pickwick-papers
Sir,Fogg,2657,pickwick-papers
Sir,Fogg,2657,pickwick-papers
Sir,God,2657,pickwick-papers
Sir,Ramsey,2657,pickwick-papers
Sir,Fogg,2657,pickwick-papers
Sir,Ramsey,2657,pickwick-papers
Sir,Fogg,2657,pickwick-papers
Sir,Ramsey,2657,pickwick-papers
Sir,Fogg,2657,pickwick-papers
Sir,Fogg,2657,pickwick-papers
Sir,Wicks,2657,pickwick-papers
Sir,Fogg,2657,pickwick-papers
Sir,Mr. Wicks,2657,pickwick-papers
Sir,Mr. Wicks,2657,pickwick-papers
Sir,Mr. Wicks,2657,pickwick-papers
Sir,Wicks,2657,pickwick-papers
Ramsey,Sir,2657,pickwick-papers
Ramsey,Old Fogg,2657,pickwick-papers
Ramsey,Fogg,2657,pickwick-papers
Ramsey,Sir,2657,pickwick-papers
Ramsey,Fogg,2657,pickwick-papers
Ramsey,Mr. Jackson,2657,pickwick-papers
Ramsey,Fogg,2657,pickwick-papers
Ramsey,Fogg,2657,pickwick-papers
Ramsey,God,2657,pickwick-papers
Ramsey,Fogg,2657,pickwick-papers
Ramsey,Fogg,2657,pickwick-papers
Ramsey,Sir,2657,pickwick-papers
Ramsey,Sir,2657,pickwick-papers
Ramsey,Fogg,2657,pickwick-papers
Ramsey,Fogg,2657,pickwick-papers
Ramsey,Wicks,2657,pickwick-papers
Ramsey,Fogg,2657,pickwick-papers
Ramsey,Mr. Wicks,2657,pickwick-papers
Ramsey,Mr. Wicks,2657,pickwick-papers
Ramsey,Mr. Wicks,2657,pickwick-papers
Ramsey,Wicks,2657,pickwick-papers
Old Fogg,Sir,2657,pickwick-papers
Old Fogg,Ramsey,2657,pickwick-papers
Old Fogg,Fogg,2657,pickwick-papers
Old Fogg,Ramsey,2657,pickwick-papers
Old Fogg,Sir,2657,pickwick-papers
Old Fogg,Fogg,2657,pickwick-papers
Old Fogg,Mr. Jackson,2657,pickwick-papers
Old Fogg,Fogg,2657,pickwick-papers
Old Fogg,Fogg,2657,pickwick-papers
Old Fogg,God,2657,pickwick-papers
Old Fogg,Ramsey,2657,pickwick-papers
Old Fogg,Fogg,2657,pickwick-papers
Old Fogg,Ramsey,2657,pickwick-papers
Old Fogg,Fogg,2657,pickwick-papers
Old Fogg,Sir,2657,pickwick-papers
Old Fogg,Sir,2657,pickwick-papers
Old Fogg,Ramsey,2657,pickwick-papers
Old Fogg,Fogg,2657,pickwick-papers
Old Fogg,Fogg,2657,pickwick-papers
Old Fogg,Wicks,2657,pickwick-papers
Old Fogg,Fogg,2657,pickwick-papers
Old Fogg,Mr. Wicks,2657,pickwick-papers
Old Fogg,Mr. Wicks,2657,pickwick-papers
Old Fogg,Mr. Wicks,2657,pickwick-papers
Old Fogg,Wicks,2657,pickwick-papers
Fogg,Sir,2657,pickwick-papers
Fogg,Ramsey,2657,pickwick-papers
Fogg,Old Fogg,2657,pickwick-papers
Fogg,Ramsey,2657,pickwick-papers
Fogg,Sir,2657,pickwick-papers
Fogg,Mr. Jackson,2657,pickwick-papers
Fogg,God,2657,pickwick-papers
Fogg,Ramsey,2657,pickwick-papers
Fogg,Ramsey,2657,pickwick-papers
Fogg,Sir,2657,pickwick-papers
Fogg,Sir,2657,pickwick-papers
Fogg,Ramsey,2657,pickwick-papers
Fogg,Wicks,2657,pickwick-papers
Fogg,Mr. Wicks,2657,pickwick-papers
Fogg,Mr. Wicks,2657,pickwick-papers
Fogg,Mr. Wicks,2657,pickwick-papers
Fogg,Wicks,2657,pickwick-papers
Ramsey,Sir,2657,pickwick-papers
Ramsey,Old Fogg,2657,pickwick-papers
Ramsey,Fogg,2657,pickwick-papers
Ramsey,Sir,2657,pickwick-papers
Ramsey,Fogg,2657,pickwick-papers
Ramsey,Mr. Jackson,2657,pickwick-papers
Ramsey,Fogg,2657,pickwick-papers
Ramsey,Fogg,2657,pickwick-papers
Ramsey,God,2657,pickwick-papers
Ramsey,Fogg,2657,pickwick-papers
Ramsey,Fogg,2657,pickwick-papers
Ramsey,Sir,2657,pickwick-papers
Ramsey,Sir,2657,pickwick-papers
Ramsey,Fogg,2657,pickwick-papers
Ramsey,Fogg,2657,pickwick-papers
Ramsey,Wicks,2657,pickwick-papers
Ramsey,Fogg,2657,pickwick-papers
Ramsey,Mr. Wicks,2657,pickwick-papers
Ramsey,Mr. Wicks,2657,pickwick-papers
Ramsey,Mr. Wicks,2657,pickwick-papers
Ramsey,Wicks,2657,pickwick-papers
Sir,Ramsey,2657,pickwick-papers
Sir,Old Fogg,2657,pickwick-papers
Sir,Fogg,2657,pickwick-papers
Sir,Ramsey,2657,pickwick-papers
Sir,Fogg,2657,pickwick-papers
Sir,Mr. Jackson,2657,pickwick-papers
Sir,Fogg,2657,pickwick-papers
Sir,Fogg,2657,pickwick-papers
Sir,God,2657,pickwick-papers
Sir,Ramsey,2657,pickwick-papers
Sir,Fogg,2657,pickwick-papers
Sir,Ramsey,2657,pickwick-papers
Sir,Fogg,2657,pickwick-papers
Sir,Ramsey,2657,pickwick-papers
Sir,Fogg,2657,pickwick-papers
Sir,Fogg,2657,pickwick-papers
Sir,Wicks,2657,pickwick-papers
Sir,Fogg,2657,pickwick-papers
Sir,Mr. Wicks,2657,pickwick-papers
Sir,Mr. Wicks,2657,pickwick-papers
Sir,Mr. Wicks,2657,pickwick-papers
Sir,Wicks,2657,pickwick-papers
Fogg,Sir,2657,pickwick-papers
Fogg,Ramsey,2657,pickwick-papers
Fogg,Old Fogg,2657,pickwick-papers
Fogg,Ramsey,2657,pickwick-papers
Fogg,Sir,2657,pickwick-papers
Fogg,Mr. Jackson,2657,pickwick-papers
Fogg,God,2657,pickwick-papers
Fogg,Ramsey,2657,pickwick-papers
Fogg,Ramsey,2657,pickwick-papers
Fogg,Sir,2657,pickwick-papers
Fogg,Sir,2657,pickwick-papers
Fogg,Ramsey,2657,pickwick-papers
Fogg,Wicks,2657,pickwick-papers
Fogg,Mr. Wicks,2657,pickwick-papers
Fogg,Mr. Wicks,2657,pickwick-papers
Fogg,Mr. Wicks,2657,pickwick-papers
Fogg,Wicks,2657,pickwick-papers
Mr. Jackson,Sir,2657,pickwick-papers
Mr. Jackson,Ramsey,2657,pickwick-papers
Mr. Jackson,Old Fogg,2657,pickwick-papers
Mr. Jackson,Fogg,2657,pickwick-papers
Mr. Jackson,Ramsey,2657,pickwick-papers
Mr. Jackson,Sir,2657,pickwick-papers
Mr. Jackson,Fogg,2657,pickwick-papers
Mr. Jackson,Fogg,2657,pickwick-papers
Mr. Jackson,Fogg,2657,pickwick-papers
Mr. Jackson,God,2657,pickwick-papers
Mr. Jackson,Ramsey,2657,pickwick-papers
Mr. Jackson,Fogg,2657,pickwick-papers
Mr. Jackson,Ramsey,2657,pickwick-papers
Mr. Jackson,Fogg,2657,pickwick-papers
Mr. Jackson,Sir,2657,pickwick-papers
Mr. Jackson,Sir,2657,pickwick-papers
Mr. Jackson,Ramsey,2657,pickwick-papers
Mr. Jackson,Fogg,2657,pickwick-papers
Mr. Jackson,Fogg,2657,pickwick-papers
Mr. Jackson,Wicks,2657,pickwick-papers
Mr. Jackson,Fogg,2657,pickwick-papers
Mr. Jackson,Mr. Wicks,2657,pickwick-papers
Mr. Jackson,Mr. Wicks,2657,pickwick-papers
Mr. Jackson,Mr. Wicks,2657,pickwick-papers
Mr. Jackson,Wicks,2657,pickwick-papers
Fogg,Sir,2657,pickwick-papers
Fogg,Ramsey,2657,pickwick-papers
Fogg,Old Fogg,2657,pickwick-papers
Fogg,Ramsey,2657,pickwick-papers
Fogg,Sir,2657,pickwick-papers
Fogg,Mr. Jackson,2657,pickwick-papers
Fogg,God,2657,pickwick-papers
Fogg,Ramsey,2657,pickwick-papers
Fogg,Ramsey,2657,pickwick-papers
Fogg,Sir,2657,pickwick-papers
Fogg,Sir,2657,pickwick-papers
Fogg,Ramsey,2657,pickwick-papers
Fogg,Wicks,2657,pickwick-papers
Fogg,Mr. Wicks,2657,pickwick-papers
Fogg,Mr. Wicks,2657,pickwick-papers
Fogg,Mr. Wicks,2657,pickwick-papers
Fogg,Wicks,2657,pickwick-papers
Fogg,Sir,2657,pickwick-papers
Fogg,Ramsey,2657,pickwick-papers
Fogg,Old Fogg,2657,pickwick-papers
Fogg,Ramsey,2657,pickwick-papers
Fogg,Sir,2657,pickwick-papers
Fogg,Mr. Jackson,2657,pickwick-papers
Fogg,God,2657,pickwick-papers
Fogg,Ramsey,2657,pickwick-papers
Fogg,Ramsey,2657,pickwick-papers
Fogg,Sir,2657,pickwick-papers
Fogg,Sir,2657,pickwick-papers
Fogg,Ramsey,2657,pickwick-papers
Fogg,Wicks,2657,pickwick-papers
Fogg,Mr. Wicks,2657,pickwick-papers
Fogg,Mr. Wicks,2657,pickwick-papers
Fogg,Mr. Wicks,2657,pickwick-papers
Fogg,Wicks,2657,pickwick-papers
God,Sir,2657,pickwick-papers
God,Ramsey,2657,pickwick-papers
God,Old Fogg,2657,pickwick-papers
God,Fogg,2657,pickwick-papers
God,Ramsey,2657,pickwick-papers
God,Sir,2657,pickwick-papers
God,Fogg,2657,pickwick-papers
God,Mr. Jackson,2657,pickwick-papers
God,Fogg,2657,pickwick-papers
God,Fogg,2657,pickwick-papers
God,Ramsey,2657,pickwick-papers
God,Fogg,2657,pickwick-papers
God,Ramsey,2657,pickwick-papers
God,Fogg,2657,pickwick-papers
God,Sir,2657,pickwick-papers
God,Sir,2657,pickwick-papers
God,Ramsey,2657,pickwick-papers
God,Fogg,2657,pickwick-papers
God,Fogg,2657,pickwick-papers
God,Wicks,2657,pickwick-papers
God,Fogg,2657,pickwick-papers
God,Mr. Wicks,2657,pickwick-papers
God,Mr. Wicks,2657,pickwick-papers
God,Mr. Wicks,2657,pickwick-papers
God,Wicks,2657,pickwick-papers
Ramsey,Sir,2657,pickwick-papers
Ramsey,Old Fogg,2657,pickwick-papers
Ramsey,Fogg,2657,pickwick-papers
Ramsey,Sir,2657,pickwick-papers
Ramsey,Fogg,2657,pickwick-papers
Ramsey,Mr. Jackson,2657,pickwick-papers
Ramsey,Fogg,2657,pickwick-papers
Ramsey,Fogg,2657,pickwick-papers
Ramsey,God,2657,pickwick-papers
Ramsey,Fogg,2657,pickwick-papers
Ramsey,Fogg,2657,pickwick-papers
Ramsey,Sir,2657,pickwick-papers
Ramsey,Sir,2657,pickwick-papers
Ramsey,Fogg,2657,pickwick-papers
Ramsey,Fogg,2657,pickwick-papers
Ramsey,Wicks,2657,pickwick-papers
Ramsey,Fogg,2657,pickwick-papers
Ramsey,Mr. Wicks,2657,pickwick-papers
Ramsey,Mr. Wicks,2657,pickwick-papers
Ramsey,Mr. Wicks,2657,pickwick-papers
Ramsey,Wicks,2657,pickwick-papers
Fogg,Sir,2657,pickwick-papers
Fogg,Ramsey,2657,pickwick-papers
Fogg,Old Fogg,2657,pickwick-papers
Fogg,Ramsey,2657,pickwick-papers
Fogg,Sir,2657,pickwick-papers
Fogg,Mr. Jackson,2657,pickwick-papers
Fogg,God,2657,pickwick-papers
Fogg,Ramsey,2657,pickwick-papers
Fogg,Ramsey,2657,pickwick-papers
Fogg,Sir,2657,pickwick-papers
Fogg,Sir,2657,pickwick-papers
Fogg,Ramsey,2657,pickwick-papers
Fogg,Wicks,2657,pickwick-papers
Fogg,Mr. Wicks,2657,pickwick-papers
Fogg,Mr. Wicks,2657,pickwick-papers
Fogg,Mr. Wicks,2657,pickwick-papers
Fogg,Wicks,2657,pickwick-papers
Ramsey,Sir,2657,pickwick-papers
Ramsey,Old Fogg,2657,pickwick-papers
Ramsey,Fogg,2657,pickwick-papers
Ramsey,Sir,2657,pickwick-papers
Ramsey,Fogg,2657,pickwick-papers
Ramsey,Mr. Jackson,2657,pickwick-papers
Ramsey,Fogg,2657,pickwick-papers
Ramsey,Fogg,2657,pickwick-papers
Ramsey,God,2657,pickwick-papers
Ramsey,Fogg,2657,pickwick-papers
Ramsey,Fogg,2657,pickwick-papers
Ramsey,Sir,2657,pickwick-papers
Ramsey,Sir,2657,pickwick-papers
Ramsey,Fogg,2657,pickwick-papers
Ramsey,Fogg,2657,pickwick-papers
Ramsey,Wicks,2657,pickwick-papers
Ramsey,Fogg,2657,pickwick-papers
Ramsey,Mr. Wicks,2657,pickwick-papers
Ramsey,Mr. Wicks,2657,pickwick-papers
Ramsey,Mr. Wicks,2657,pickwick-papers
Ramsey,Wicks,2657,pickwick-papers
Fogg,Sir,2657,pickwick-papers
Fogg,Ramsey,2657,pickwick-papers
Fogg,Old Fogg,2657,pickwick-papers
Fogg,Ramsey,2657,pickwick-papers
Fogg,Sir,2657,pickwick-papers
Fogg,Mr. Jackson,2657,pickwick-papers
Fogg,God,2657,pickwick-papers
Fogg,Ramsey,2657,pickwick-papers
Fogg,Ramsey,2657,pickwick-papers
Fogg,Sir,2657,pickwick-papers
Fogg,Sir,2657,pickwick-papers
Fogg,Ramsey,2657,pickwick-papers
Fogg,Wicks,2657,pickwick-papers
Fogg,Mr. Wicks,2657,pickwick-papers
Fogg,Mr. Wicks,2657,pickwick-papers
Fogg,Mr. Wicks,2657,pickwick-papers
Fogg,Wicks,2657,pickwick-papers
Sir,Ramsey,2657,pickwick-papers
Sir,Old Fogg,2657,pickwick-papers
Sir,Fogg,2657,pickwick-papers
Sir,Ramsey,2657,pickwick-papers
Sir,Fogg,2657,pickwick-papers
Sir,Mr. Jackson,2657,pickwick-papers
Sir,Fogg,2657,pickwick-papers
Sir,Fogg,2657,pickwick-papers
Sir,God,2657,pickwick-papers
Sir,Ramsey,2657,pickwick-papers
Sir,Fogg,2657,pickwick-papers
Sir,Ramsey,2657,pickwick-papers
Sir,Fogg,2657,pickwick-papers
Sir,Ramsey,2657,pickwick-papers
Sir,Fogg,2657,pickwick-papers
Sir,Fogg,2657,pickwick-papers
Sir,Wicks,2657,pickwick-papers
Sir,Fogg,2657,pickwick-papers
Sir,Mr. Wicks,2657,pickwick-papers
Sir,Mr. Wicks,2657,pickwick-papers
Sir,Mr. Wicks,2657,pickwick-papers
Sir,Wicks,2657,pickwick-papers
Sir,Ramsey,2657,pickwick-papers
Sir,Old Fogg,2657,pickwick-papers
Sir,Fogg,2657,pickwick-papers
Sir,Ramsey,2657,pickwick-papers
Sir,Fogg,2657,pickwick-papers
Sir,Mr. Jackson,2657,pickwick-papers
Sir,Fogg,2657,pickwick-papers
Sir,Fogg,2657,pickwick-papers
Sir,God,2657,pickwick-papers
Sir,Ramsey,2657,pickwick-papers
Sir,Fogg,2657,pickwick-papers
Sir,Ramsey,2657,pickwick-papers
Sir,Fogg,2657,pickwick-papers
Sir,Ramsey,2657,pickwick-papers
Sir,Fogg,2657,pickwick-papers
Sir,Fogg,2657,pickwick-papers
Sir,Wicks,2657,pickwick-papers
Sir,Fogg,2657,pickwick-papers
Sir,Mr. Wicks,2657,pickwick-papers
Sir,Mr. Wicks,2657,pickwick-papers
Sir,Mr. Wicks,2657,pickwick-papers
Sir,Wicks,2657,pickwick-papers
Ramsey,Sir,2657,pickwick-papers
Ramsey,Old Fogg,2657,pickwick-papers
Ramsey,Fogg,2657,pickwick-papers
Ramsey,Sir,2657,pickwick-papers
Ramsey,Fogg,2657,pickwick-papers
Ramsey,Mr. Jackson,2657,pickwick-papers
Ramsey,Fogg,2657,pickwick-papers
Ramsey,Fogg,2657,pickwick-papers
Ramsey,God,2657,pickwick-papers
Ramsey,Fogg,2657,pickwick-papers
Ramsey,Fogg,2657,pickwick-papers
Ramsey,Sir,2657,pickwick-papers
Ramsey,Sir,2657,pickwick-papers
Ramsey,Fogg,2657,pickwick-papers
Ramsey,Fogg,2657,pickwick-papers
Ramsey,Wicks,2657,pickwick-papers
Ramsey,Fogg,2657,pickwick-papers
Ramsey,Mr. Wicks,2657,pickwick-papers
Ramsey,Mr. Wicks,2657,pickwick-papers
Ramsey,Mr. Wicks,2657,pickwick-papers
Ramsey,Wicks,2657,pickwick-papers
Fogg,Sir,2657,pickwick-papers
Fogg,Ramsey,2657,pickwick-papers
Fogg,Old Fogg,2657,pickwick-papers
Fogg,Ramsey,2657,pickwick-papers
Fogg,Sir,2657,pickwick-papers
Fogg,Mr. Jackson,2657,pickwick-papers
Fogg,God,2657,pickwick-papers
Fogg,Ramsey,2657,pickwick-papers
Fogg,Ramsey,2657,pickwick-papers
Fogg,Sir,2657,pickwick-papers
Fogg,Sir,2657,pickwick-papers
Fogg,Ramsey,2657,pickwick-papers
Fogg,Wicks,2657,pickwick-papers
Fogg,Mr. Wicks,2657,pickwick-papers
Fogg,Mr. Wicks,2657,pickwick-papers
Fogg,Mr. Wicks,2657,pickwick-papers
Fogg,Wicks,2657,pickwick-papers
Fogg,Sir,2657,pickwick-papers
Fogg,Ramsey,2657,pickwick-papers
Fogg,Old Fogg,2657,pickwick-papers
Fogg,Ramsey,2657,pickwick-papers
Fogg,Sir,2657,pickwick-papers
Fogg,Mr. Jackson,2657,pickwick-papers
Fogg,God,2657,pickwick-papers
Fogg,Ramsey,2657,pickwick-papers
Fogg,Ramsey,2657,pickwick-papers
Fogg,Sir,2657,pickwick-papers
Fogg,Sir,2657,pickwick-papers
Fogg,Ramsey,2657,pickwick-papers
Fogg,Wicks,2657,pickwick-papers
Fogg,Mr. Wicks,2657,pickwick-papers
Fogg,Mr. Wicks,2657,pickwick-papers
Fogg,Mr. Wicks,2657,pickwick-papers
Fogg,Wicks,2657,pickwick-papers
Wicks,Sir,2657,pickwick-papers
Wicks,Ramsey,2657,pickwick-papers
Wicks,Old Fogg,2657,pickwick-papers
Wicks,Fogg,2657,pickwick-papers
Wicks,Ramsey,2657,pickwick-papers
Wicks,Sir,2657,pickwick-papers
Wicks,Fogg,2657,pickwick-papers
Wicks,Mr. Jackson,2657,pickwick-papers
Wicks,Fogg,2657,pickwick-papers
Wicks,Fogg,2657,pickwick-papers
Wicks,God,2657,pickwick-papers
Wicks,Ramsey,2657,pickwick-papers
Wicks,Fogg,2657,pickwick-papers
Wicks,Ramsey,2657,pickwick-papers
Wicks,Fogg,2657,pickwick-papers
Wicks,Sir,2657,pickwick-papers
Wicks,Sir,2657,pickwick-papers
Wicks,Ramsey,2657,pickwick-papers
Wicks,Fogg,2657,pickwick-papers
Wicks,Fogg,2657,pickwick-papers
Wicks,Fogg,2657,pickwick-papers
Wicks,Mr. Wicks,2657,pickwick-papers
Wicks,Mr. Wicks,2657,pickwick-papers
Wicks,Mr. Wicks,2657,pickwick-papers
Fogg,Sir,2657,pickwick-papers
Fogg,Ramsey,2657,pickwick-papers
Fogg,Old Fogg,2657,pickwick-papers
Fogg,Ramsey,2657,pickwick-papers
Fogg,Sir,2657,pickwick-papers
Fogg,Mr. Jackson,2657,pickwick-papers
Fogg,God,2657,pickwick-papers
Fogg,Ramsey,2657,pickwick-papers
Fogg,Ramsey,2657,pickwick-papers
Fogg,Sir,2657,pickwick-papers
Fogg,Sir,2657,pickwick-papers
Fogg,Ramsey,2657,pickwick-papers
Fogg,Wicks,2657,pickwick-papers
Fogg,Mr. Wicks,2657,pickwick-papers
Fogg,Mr. Wicks,2657,pickwick-papers
Fogg,Mr. Wicks,2657,pickwick-papers
Fogg,Wicks,2657,pickwick-papers
Mr. Wicks,Sir,2657,pickwick-papers
Mr. Wicks,Ramsey,2657,pickwick-papers
Mr. Wicks,Old Fogg,2657,pickwick-papers
Mr. Wicks,Fogg,2657,pickwick-papers
Mr. Wicks,Ramsey,2657,pickwick-papers
Mr. Wicks,Sir,2657,pickwick-papers
Mr. Wicks,Fogg,2657,pickwick-papers
Mr. Wicks,Mr. Jackson,2657,pickwick-papers
Mr. Wicks,Fogg,2657,pickwick-papers
Mr. Wicks,Fogg,2657,pickwick-papers
Mr. Wicks,God,2657,pickwick-papers
Mr. Wicks,Ramsey,2657,pickwick-papers
Mr. Wicks,Fogg,2657,pickwick-papers
Mr. Wicks,Ramsey,2657,pickwick-papers
Mr. Wicks,Fogg,2657,pickwick-papers
Mr. Wicks,Sir,2657,pickwick-papers
Mr. Wicks,Sir,2657,pickwick-papers
Mr. Wicks,Ramsey,2657,pickwick-papers
Mr. Wicks,Fogg,2657,pickwick-papers
Mr. Wicks,Fogg,2657,pickwick-papers
Mr. Wicks,Wicks,2657,pickwick-papers
Mr. Wicks,Fogg,2657,pickwick-papers
Mr. Wicks,Wicks,2657,pickwick-papers
Mr. Wicks,Sir,2657,pickwick-papers
Mr. Wicks,Ramsey,2657,pickwick-papers
Mr. Wicks,Old Fogg,2657,pickwick-papers
Mr. Wicks,Fogg,2657,pickwick-papers
Mr. Wicks,Ramsey,2657,pickwick-papers
Mr. Wicks,Sir,2657,pickwick-papers
Mr. Wicks,Fogg,2657,pickwick-papers
Mr. Wicks,Mr. Jackson,2657,pickwick-papers
Mr. Wicks,Fogg,2657,pickwick-papers
Mr. Wicks,Fogg,2657,pickwick-papers
Mr. Wicks,God,2657,pickwick-papers
Mr. Wicks,Ramsey,2657,pickwick-papers
Mr. Wicks,Fogg,2657,pickwick-papers
Mr. Wicks,Ramsey,2657,pickwick-papers
Mr. Wicks,Fogg,2657,pickwick-papers
Mr. Wicks,Sir,2657,pickwick-papers
Mr. Wicks,Sir,2657,pickwick-papers
Mr. Wicks,Ramsey,2657,pickwick-papers
Mr. Wicks,Fogg,2657,pickwick-papers
Mr. Wicks,Fogg,2657,pickwick-papers
Mr. Wicks,Wicks,2657,pickwick-papers
Mr. Wicks,Fogg,2657,pickwick-papers
Mr. Wicks,Wicks,2657,pickwick-papers
Mr. Wicks,Sir,2657,pickwick-papers
Mr. Wicks,Ramsey,2657,pickwick-papers
Mr. Wicks,Old Fogg,2657,pickwick-papers
Mr. Wicks,Fogg,2657,pickwick-papers
Mr. Wicks,Ramsey,2657,pickwick-papers
Mr. Wicks,Sir,2657,pickwick-papers
Mr. Wicks,Fogg,2657,pickwick-papers
Mr. Wicks,Mr. Jackson,2657,pickwick-papers
Mr. Wicks,Fogg,2657,pickwick-papers
Mr. Wicks,Fogg,2657,pickwick-papers
Mr. Wicks,God,2657,pickwick-papers
Mr. Wicks,Ramsey,2657,pickwick-papers
Mr. Wicks,Fogg,2657,pickwick-papers
Mr. Wicks,Ramsey,2657,pickwick-papers
Mr. Wicks,Fogg,2657,pickwick-papers
Mr. Wicks,Sir,2657,pickwick-papers
Mr. Wicks,Sir,2657,pickwick-papers
Mr. Wicks,Ramsey,2657,pickwick-papers
Mr. Wicks,Fogg,2657,pickwick-papers
Mr. Wicks,Fogg,2657,pickwick-papers
Mr. Wicks,Wicks,2657,pickwick-papers
Mr. Wicks,Fogg,2657,pickwick-papers
Mr. Wicks,Wicks,2657,pickwick-papers
Wicks,Sir,2657,pickwick-papers
Wicks,Ramsey,2657,pickwick-papers
Wicks,Old Fogg,2657,pickwick-papers
Wicks,Fogg,2657,pickwick-papers
Wicks,Ramsey,2657,pickwick-papers
Wicks,Sir,2657,pickwick-papers
Wicks,Fogg,2657,pickwick-papers
Wicks,Mr. Jackson,2657,pickwick-papers
Wicks,Fogg,2657,pickwick-papers
Wicks,Fogg,2657,pickwick-papers
Wicks,God,2657,pickwick-papers
Wicks,Ramsey,2657,pickwick-papers
Wicks,Fogg,2657,pickwick-papers
Wicks,Ramsey,2657,pickwick-papers
Wicks,Fogg,2657,pickwick-papers
Wicks,Sir,2657,pickwick-papers
Wicks,Sir,2657,pickwick-papers
Wicks,Ramsey,2657,pickwick-papers
Wicks,Fogg,2657,pickwick-papers
Wicks,Fogg,2657,pickwick-papers
Wicks,Fogg,2657,pickwick-papers
Wicks,Mr. Wicks,2657,pickwick-papers
Wicks,Mr. Wicks,2657,pickwick-papers
Wicks,Mr. Wicks,2657,pickwick-papers
Sir,Mr. Weller,2659,pickwick-papers
Mr. Weller,Sir,2659,pickwick-papers
Mr. Weller,Sir,2659,pickwick-papers
Sir,Mr. Weller,2659,pickwick-papers
Mr.,Pickwick,2660,pickwick-papers
Pickwick,Mr.,2660,pickwick-papers
Fogg,Jackson,2661,pickwick-papers
Jackson,Fogg,2661,pickwick-papers
Wicks,Fogg,2662,pickwick-papers
Fogg,Wicks,2662,pickwick-papers
Mr.,Jackson,2664,pickwick-papers
Mr.,Mr. Fogg,2664,pickwick-papers
Mr.,Mr. Pickwick,2664,pickwick-papers
Jackson,Mr.,2664,pickwick-papers
Jackson,Mr. Fogg,2664,pickwick-papers
Jackson,Mr. Pickwick,2664,pickwick-papers
Mr. Fogg,Mr.,2664,pickwick-papers
Mr. Fogg,Jackson,2664,pickwick-papers
Mr. Fogg,Mr. Pickwick,2664,pickwick-papers
Mr. Pickwick,Mr.,2664,pickwick-papers
Mr. Pickwick,Jackson,2664,pickwick-papers
Mr. Pickwick,Mr. Fogg,2664,pickwick-papers
Jackson,Pickwick,2666,pickwick-papers
Pickwick,Jackson,2666,pickwick-papers
Sir,Mr. Weller,2668,pickwick-papers
Mr. Weller,Sir,2668,pickwick-papers
Sam,Mr. Pickwick,2669,pickwick-papers
Mr. Pickwick,Sam,2669,pickwick-papers
Mr.,Weller,2670,pickwick-papers
Mr.,Mr. Pickwick,2670,pickwick-papers
Weller,Mr.,2670,pickwick-papers
Weller,Mr. Pickwick,2670,pickwick-papers
Mr. Pickwick,Mr.,2670,pickwick-papers
Mr. Pickwick,Weller,2670,pickwick-papers
Mr. Jackson,Mr. Pickwick,2671,pickwick-papers
Mr. Pickwick,Mr. Jackson,2671,pickwick-papers
Mr. Pickwick,Sam Weller,2672,pickwick-papers
Mr. Pickwick,Fogg,2672,pickwick-papers
Mr. Pickwick,Jackson,2672,pickwick-papers
Sam Weller,Mr. Pickwick,2672,pickwick-papers
Sam Weller,Fogg,2672,pickwick-papers
Sam Weller,Jackson,2672,pickwick-papers
Sam Weller,Mr. Pickwick,2672,pickwick-papers
Fogg,Mr. Pickwick,2672,pickwick-papers
Fogg,Sam Weller,2672,pickwick-papers
Fogg,Jackson,2672,pickwick-papers
Fogg,Mr. Pickwick,2672,pickwick-papers
Jackson,Mr. Pickwick,2672,pickwick-papers
Jackson,Sam Weller,2672,pickwick-papers
Jackson,Fogg,2672,pickwick-papers
Jackson,Mr. Pickwick,2672,pickwick-papers
Mr. Pickwick,Sam Weller,2672,pickwick-papers
Mr. Pickwick,Fogg,2672,pickwick-papers
Mr. Pickwick,Jackson,2672,pickwick-papers
Mr. Dodson,Mr. Fogg,2673,pickwick-papers
Mr. Fogg,Mr. Dodson,2673,pickwick-papers
Sir,Jackson,2674,pickwick-papers
Jackson,Sir,2674,pickwick-papers
Mr.,Pickwick,2678,pickwick-papers
Pickwick,Mr.,2678,pickwick-papers
Mr. Pickwick,Fogg,2680,pickwick-papers
Fogg,Mr. Pickwick,2680,pickwick-papers
Sir,Pickwick,2681,pickwick-papers
Sir,Dodson,2681,pickwick-papers
Pickwick,Sir,2681,pickwick-papers
Pickwick,Dodson,2681,pickwick-papers
Dodson,Sir,2681,pickwick-papers
Dodson,Pickwick,2681,pickwick-papers
Fogg,Dodson,2685,pickwick-papers
Fogg,Mr. Pickwick,2685,pickwick-papers
Dodson,Fogg,2685,pickwick-papers
Dodson,Mr. Pickwick,2685,pickwick-papers
Mr. Pickwick,Fogg,2685,pickwick-papers
Mr. Pickwick,Dodson,2685,pickwick-papers
Fogg,Dodson,2687,pickwick-papers
Dodson,Fogg,2687,pickwick-papers
Fogg,Dodson,2688,pickwick-papers
Dodson,Fogg,2688,pickwick-papers
Mr. Dodson,Fogg,2689,pickwick-papers
Fogg,Mr. Dodson,2689,pickwick-papers
Dodson,Sir,2690,pickwick-papers
Dodson,Sir,2690,pickwick-papers
Dodson,Sir,2690,pickwick-papers
Dodson,Sir,2690,pickwick-papers
Dodson,Sir,2690,pickwick-papers
Dodson,Sir,2690,pickwick-papers
Dodson,Sir,2690,pickwick-papers
Sir,Dodson,2690,pickwick-papers
Sir,Dodson,2690,pickwick-papers
Sir,Dodson,2690,pickwick-papers
Sir,Dodson,2690,pickwick-papers
Sir,Dodson,2690,pickwick-papers
Sir,Dodson,2690,pickwick-papers
Sir,Dodson,2690,pickwick-papers
Sir,Dodson,2690,pickwick-papers
Sir,Dodson,2690,pickwick-papers
Sir,Dodson,2690,pickwick-papers
Sir,Dodson,2690,pickwick-papers
Sir,Dodson,2690,pickwick-papers
Sir,Dodson,2690,pickwick-papers
Sir,Dodson,2690,pickwick-papers
Dodson,Sir,2690,pickwick-papers
Dodson,Sir,2690,pickwick-papers
Dodson,Sir,2690,pickwick-papers
Dodson,Sir,2690,pickwick-papers
Dodson,Sir,2690,pickwick-papers
Dodson,Sir,2690,pickwick-papers
Dodson,Sir,2690,pickwick-papers
Sir,Mr. Pickwick,2691,pickwick-papers
Mr. Pickwick,Sir,2691,pickwick-papers
Sir,Dodson,2692,pickwick-papers
Sir,Fogg,2692,pickwick-papers
Dodson,Sir,2692,pickwick-papers
Dodson,Sir,2692,pickwick-papers
Dodson,Fogg,2692,pickwick-papers
Sir,Dodson,2692,pickwick-papers
Sir,Fogg,2692,pickwick-papers
Fogg,Sir,2692,pickwick-papers
Fogg,Dodson,2692,pickwick-papers
Fogg,Sir,2692,pickwick-papers
Sir,Dodson,2694,pickwick-papers
Sir,Mr. Fogg,2694,pickwick-papers
Dodson,Sir,2694,pickwick-papers
Dodson,Mr. Fogg,2694,pickwick-papers
Mr. Fogg,Sir,2694,pickwick-papers
Mr. Fogg,Dodson,2694,pickwick-papers
Dodson,Capias MARTHA BARDELL,2696,pickwick-papers
Dodson,Damages,2696,pickwick-papers
Dodson,Fogg,2696,pickwick-papers
Dodson,Mr. Pickwick,2696,pickwick-papers
Capias MARTHA BARDELL,Dodson,2696,pickwick-papers
Capias MARTHA BARDELL,Damages,2696,pickwick-papers
Capias MARTHA BARDELL,Dodson,2696,pickwick-papers
Capias MARTHA BARDELL,Fogg,2696,pickwick-papers
Capias MARTHA BARDELL,Dodson,2696,pickwick-papers
Capias MARTHA BARDELL,Mr. Pickwick,2696,pickwick-papers
Damages,Dodson,2696,pickwick-papers
Damages,Capias MARTHA BARDELL,2696,pickwick-papers
Damages,Dodson,2696,pickwick-papers
Damages,Fogg,2696,pickwick-papers
Damages,Dodson,2696,pickwick-papers
Damages,Mr. Pickwick,2696,pickwick-papers
Dodson,Capias MARTHA BARDELL,2696,pickwick-papers
Dodson,Damages,2696,pickwick-papers
Dodson,Fogg,2696,pickwick-papers
Dodson,Mr. Pickwick,2696,pickwick-papers
Fogg,Dodson,2696,pickwick-papers
Fogg,Capias MARTHA BARDELL,2696,pickwick-papers
Fogg,Damages,2696,pickwick-papers
Fogg,Dodson,2696,pickwick-papers
Fogg,Dodson,2696,pickwick-papers
Fogg,Mr. Pickwick,2696,pickwick-papers
Dodson,Capias MARTHA BARDELL,2696,pickwick-papers
Dodson,Damages,2696,pickwick-papers
Dodson,Fogg,2696,pickwick-papers
Dodson,Mr. Pickwick,2696,pickwick-papers
Mr. Pickwick,Dodson,2696,pickwick-papers
Mr. Pickwick,Capias MARTHA BARDELL,2696,pickwick-papers
Mr. Pickwick,Damages,2696,pickwick-papers
Mr. Pickwick,Dodson,2696,pickwick-papers
Mr. Pickwick,Fogg,2696,pickwick-papers
Mr. Pickwick,Dodson,2696,pickwick-papers
Bardell,Fogg,2701,pickwick-papers
Fogg,Bardell,2701,pickwick-papers
Dodson,Mr. Pickwick,2702,pickwick-papers
Mr. Pickwick,Dodson,2702,pickwick-papers
Dodson,Mr. Pickwick,2703,pickwick-papers
Mr. Pickwick,Dodson,2703,pickwick-papers
Dodson,Jackson,2708,pickwick-papers
Jackson,Dodson,2708,pickwick-papers
Mr. Pickwick,Sir,2711,pickwick-papers
Sir,Mr. Pickwick,2711,pickwick-papers
Mr. Wicks,Dodson,2712,pickwick-papers
Dodson,Mr. Wicks,2712,pickwick-papers
Jackson,Fogg,2713,pickwick-papers
Fogg,Jackson,2713,pickwick-papers
Dodson,Sir,2714,pickwick-papers
Dodson,Sir,2714,pickwick-papers
Sir,Dodson,2714,pickwick-papers
Sir,Dodson,2714,pickwick-papers
Dodson,Wicks,2716,pickwick-papers
Wicks,Dodson,2716,pickwick-papers
Sir,Wicks,2717,pickwick-papers
Wicks,Sir,2717,pickwick-papers
Mr. Fogg,Sir,2718,pickwick-papers
Mr. Fogg,Sir,2718,pickwick-papers
Sir,Mr. Fogg,2718,pickwick-papers
Sir,Mr. Fogg,2718,pickwick-papers
Fogg,Mr. Pickwick,2719,pickwick-papers
Mr. Pickwick,Fogg,2719,pickwick-papers
Mr. Weller,Sir,2720,pickwick-papers
Sir,Mr. Weller,2720,pickwick-papers
Mr.,Pickwick,2722,pickwick-papers
Mr.,Sam,2722,pickwick-papers
Pickwick,Mr.,2722,pickwick-papers
Pickwick,Sam,2722,pickwick-papers
Sam,Mr.,2722,pickwick-papers
Sam,Pickwick,2722,pickwick-papers
Sir,Mr. Weller,2724,pickwick-papers
Mr. Weller,Sir,2724,pickwick-papers
Sam,Mr. Pickwick,2725,pickwick-papers
Mr. Pickwick,Sam,2725,pickwick-papers
Sam,Mr. Pickwick,2727,pickwick-papers
Mr. Pickwick,Sam,2727,pickwick-papers
Mr. Pickwick,Sam,2727,pickwick-papers
Mr. Pickwick,Sam,2727,pickwick-papers
Sam,Mr. Pickwick,2727,pickwick-papers
Sam,Mr. Pickwick,2727,pickwick-papers
Mr.,Weller,2728,pickwick-papers
Weller,Mr.,2728,pickwick-papers
Mr.,Pickwick,2730,pickwick-papers
Mr.,Mr. Weller,2730,pickwick-papers
Pickwick,Mr.,2730,pickwick-papers
Pickwick,Mr. Weller,2730,pickwick-papers
Mr. Weller,Mr.,2730,pickwick-papers
Mr. Weller,Pickwick,2730,pickwick-papers
Mr. Pickwick,Mr. Weller,2731,pickwick-papers
Mr. Weller,Mr. Pickwick,2731,pickwick-papers
Mr. Weller,Mr. Pickwick,2731,pickwick-papers
Mr. Weller,Mr. Pickwick,2731,pickwick-papers
Mr. Pickwick,Mr. Weller,2731,pickwick-papers
Mr. Pickwick,Mr. Weller,2731,pickwick-papers
Mr. Weller,Mr. Pickwick,2732,pickwick-papers
Mr. Weller,Sammy,2732,pickwick-papers
Mr. Pickwick,Mr. Weller,2732,pickwick-papers
Mr. Pickwick,Sammy,2732,pickwick-papers
Sammy,Mr. Weller,2732,pickwick-papers
Sammy,Mr. Pickwick,2732,pickwick-papers
Sam,Mr. Pickwick,2733,pickwick-papers
Mr. Pickwick,Sam,2733,pickwick-papers
Sir,Mr. Weller,2734,pickwick-papers
Mr. Weller,Sir,2734,pickwick-papers
Sammy,Mr. Weller,2739,pickwick-papers
Mr. Weller,Sammy,2739,pickwick-papers
Mr. Weller,Sammy,2739,pickwick-papers
Sammy,Mr. Weller,2739,pickwick-papers
Mr. Weller,Sammy,2741,pickwick-papers
Sammy,Mr. Weller,2741,pickwick-papers
Sammy,Mr. Weller,2741,pickwick-papers
Mr. Weller,Sammy,2741,pickwick-papers
Mr. Pickwick,Sam Weller,2743,pickwick-papers
Mr. Pickwick,Sam Weller,2743,pickwick-papers
Sam Weller,Mr. Pickwick,2743,pickwick-papers
Sam Weller,Mr. Pickwick,2743,pickwick-papers
Mr. Weller,Sammy,2744,pickwick-papers
Mr. Weller,Sir,2744,pickwick-papers
Sammy,Mr. Weller,2744,pickwick-papers
Sammy,Sir,2744,pickwick-papers
Sir,Mr. Weller,2744,pickwick-papers
Sir,Sammy,2744,pickwick-papers
Mr.,Weller,2751,pickwick-papers
Weller,Mr.,2751,pickwick-papers
Mr.,Pickwick,2753,pickwick-papers
Pickwick,Mr.,2753,pickwick-papers
Mr. Pickwick,Sam,2755,pickwick-papers
Sam,Mr. Pickwick,2755,pickwick-papers
Mr. Pickwick,Ipswich,2759,pickwick-papers
Ipswich,Mr. Pickwick,2759,pickwick-papers
Mr. Pickwick,Mr. Weller,2764,pickwick-papers
Mr. Pickwick,Fireworks,2764,pickwick-papers
Mr. Weller,Mr. Pickwick,2764,pickwick-papers
Mr. Weller,Fireworks,2764,pickwick-papers
Fireworks,Mr. Pickwick,2764,pickwick-papers
Fireworks,Mr. Weller,2764,pickwick-papers
Sir,Mr. Weller,2766,pickwick-papers
Mr. Weller,Sir,2766,pickwick-papers
Mr. Pickwick,Mr. Weller,2767,pickwick-papers
Mr. Weller,Mr. Pickwick,2767,pickwick-papers
Sir,Mr. W.,2768,pickwick-papers
Sir,Sammy,2768,pickwick-papers
Mr. W.,Sir,2768,pickwick-papers
Mr. W.,Sammy,2768,pickwick-papers
Mr. W.,Sir,2768,pickwick-papers
Sammy,Sir,2768,pickwick-papers
Sammy,Mr. W.,2768,pickwick-papers
Sammy,Sir,2768,pickwick-papers
Sir,Mr. W.,2768,pickwick-papers
Sir,Sammy,2768,pickwick-papers
Mr. Weller,Mr. Pickwick,2770,pickwick-papers
Mr. Weller,Sam,2770,pickwick-papers
Mr. Pickwick,Mr. Weller,2770,pickwick-papers
Mr. Pickwick,Sam,2770,pickwick-papers
Sam,Mr. Weller,2770,pickwick-papers
Sam,Mr. Pickwick,2770,pickwick-papers
Sammy,Mr. Weller,2772,pickwick-papers
Mr. Weller,Sammy,2772,pickwick-papers
Sir,Mr. Weller,2774,pickwick-papers
Sir,Mr. Weller,2774,pickwick-papers
Mr. Weller,Sir,2774,pickwick-papers
Mr. Weller,Sir,2774,pickwick-papers
Sam,Mr. Pickwick,2775,pickwick-papers
Mr. Pickwick,Sam,2775,pickwick-papers
Sir,Mr. Weller,2776,pickwick-papers
Sir,Blue Beard,2776,pickwick-papers
Mr. Weller,Sir,2776,pickwick-papers
Mr. Weller,Blue Beard,2776,pickwick-papers
Blue Beard,Sir,2776,pickwick-papers
Blue Beard,Mr. Weller,2776,pickwick-papers
Mr. Pickwick,Gray,2777,pickwick-papers
Gray,Mr. Pickwick,2777,pickwick-papers
Mr. Perker,Mr. Weller,2778,pickwick-papers
Mr. Weller,Mr. Perker,2778,pickwick-papers
Sam,Mr. Pickwick,2779,pickwick-papers
Mr. Pickwick,Sam,2779,pickwick-papers
Mr. Weller,Hollo,2780,pickwick-papers
Mr. Weller,Mr. Perker,2780,pickwick-papers
Hollo,Mr. Weller,2780,pickwick-papers
Hollo,Mr. Perker,2780,pickwick-papers
Mr. Perker,Mr. Weller,2780,pickwick-papers
Mr. Perker,Hollo,2780,pickwick-papers
Mr. Perker,Mr. Pickwick,2782,pickwick-papers
Mr. Pickwick,Mr. Perker,2782,pickwick-papers
Mr. Pickwick,Sam,2784,pickwick-papers
Mr. Pickwick,Sam,2784,pickwick-papers
Sam,Mr. Pickwick,2784,pickwick-papers
Sam,Mr. Pickwick,2784,pickwick-papers
Sir,Mr. Weller,2785,pickwick-papers
Mr. Weller,Sir,2785,pickwick-papers
Mr. Pickwick,Mr. Perker,2786,pickwick-papers
Mr. Perker,Mr. Pickwick,2786,pickwick-papers
Stump,Mr. Lowten,2793,pickwick-papers
Stump,Mr. Perker,2793,pickwick-papers
Mr. Lowten,Stump,2793,pickwick-papers
Mr. Lowten,Mr. Perker,2793,pickwick-papers
Mr. Perker,Stump,2793,pickwick-papers
Mr. Perker,Mr. Lowten,2793,pickwick-papers
Clare Market,Mr. Pickwick,2794,pickwick-papers
Clare Market,Sam,2794,pickwick-papers
Clare Market,Stump,2794,pickwick-papers
Mr. Pickwick,Clare Market,2794,pickwick-papers
Mr. Pickwick,Sam,2794,pickwick-papers
Mr. Pickwick,Stump,2794,pickwick-papers
Sam,Clare Market,2794,pickwick-papers
Sam,Mr. Pickwick,2794,pickwick-papers
Sam,Stump,2794,pickwick-papers
Stump,Clare Market,2794,pickwick-papers
Stump,Mr. Pickwick,2794,pickwick-papers
Stump,Sam,2794,pickwick-papers
Mr. Lowten,Dantzic,2795,pickwick-papers
Dantzic,Mr. Lowten,2795,pickwick-papers
Mr. Lowten,Mr. Pickwick,2797,pickwick-papers
Mr. Pickwick,Mr. Lowten,2797,pickwick-papers
Sir,Charley,2798,pickwick-papers
Sir,Lowten,2798,pickwick-papers
Charley,Sir,2798,pickwick-papers
Charley,Lowten,2798,pickwick-papers
Lowten,Sir,2798,pickwick-papers
Lowten,Charley,2798,pickwick-papers
Mr. Lowten,Sir,2799,pickwick-papers
Sir,Mr. Lowten,2799,pickwick-papers
Mr. Pickwick,Sam,2800,pickwick-papers
Mr. Pickwick,Mr. Lowten,2800,pickwick-papers
Sam,Mr. Pickwick,2800,pickwick-papers
Sam,Mr. Lowten,2800,pickwick-papers
Mr. Lowten,Mr. Pickwick,2800,pickwick-papers
Mr. Lowten,Sam,2800,pickwick-papers
Sir,Mr. Pickwick,2802,pickwick-papers
Mr. Pickwick,Sir,2802,pickwick-papers
Mr. Pickwick,Fogg,2804,pickwick-papers
Mr. Pickwick,Dodson,2804,pickwick-papers
Mr. Pickwick,Fogg,2804,pickwick-papers
Fogg,Mr. Pickwick,2804,pickwick-papers
Fogg,Dodson,2804,pickwick-papers
Dodson,Mr. Pickwick,2804,pickwick-papers
Dodson,Fogg,2804,pickwick-papers
Dodson,Fogg,2804,pickwick-papers
Fogg,Mr. Pickwick,2804,pickwick-papers
Fogg,Dodson,2804,pickwick-papers
Mr.,Pickwick,2805,pickwick-papers
Mr.,Dodson,2805,pickwick-papers
Mr.,Fogg,2805,pickwick-papers
Mr.,Lowten,2805,pickwick-papers
Pickwick,Mr.,2805,pickwick-papers
Pickwick,Dodson,2805,pickwick-papers
Pickwick,Fogg,2805,pickwick-papers
Pickwick,Lowten,2805,pickwick-papers
Dodson,Mr.,2805,pickwick-papers
Dodson,Pickwick,2805,pickwick-papers
Dodson,Fogg,2805,pickwick-papers
Dodson,Lowten,2805,pickwick-papers
Fogg,Mr.,2805,pickwick-papers
Fogg,Pickwick,2805,pickwick-papers
Fogg,Dodson,2805,pickwick-papers
Fogg,Lowten,2805,pickwick-papers
Lowten,Mr.,2805,pickwick-papers
Lowten,Pickwick,2805,pickwick-papers
Lowten,Dodson,2805,pickwick-papers
Lowten,Fogg,2805,pickwick-papers
Mr. Pickwick,Ipswich,2807,pickwick-papers
Ipswich,Mr. Pickwick,2807,pickwick-papers
Mr. Perker,Mr. Pickwick,2808,pickwick-papers
Mr. Perker,Samkin,2808,pickwick-papers
Mr. Perker,Pimkin,2808,pickwick-papers
Mr. Perker,Thomas,2808,pickwick-papers
Mr. Perker,Jack Bamber,2808,pickwick-papers
Mr. Pickwick,Mr. Perker,2808,pickwick-papers
Mr. Pickwick,Samkin,2808,pickwick-papers
Mr. Pickwick,Pimkin,2808,pickwick-papers
Mr. Pickwick,Thomas,2808,pickwick-papers
Mr. Pickwick,Jack Bamber,2808,pickwick-papers
Samkin,Mr. Perker,2808,pickwick-papers
Samkin,Mr. Pickwick,2808,pickwick-papers
Samkin,Pimkin,2808,pickwick-papers
Samkin,Thomas,2808,pickwick-papers
Samkin,Jack Bamber,2808,pickwick-papers
Pimkin,Mr. Perker,2808,pickwick-papers
Pimkin,Mr. Pickwick,2808,pickwick-papers
Pimkin,Samkin,2808,pickwick-papers
Pimkin,Thomas,2808,pickwick-papers
Pimkin,Jack Bamber,2808,pickwick-papers
Thomas,Mr. Perker,2808,pickwick-papers
Thomas,Mr. Pickwick,2808,pickwick-papers
Thomas,Samkin,2808,pickwick-papers
Thomas,Pimkin,2808,pickwick-papers
Thomas,Jack Bamber,2808,pickwick-papers
Jack Bamber,Mr. Perker,2808,pickwick-papers
Jack Bamber,Mr. Pickwick,2808,pickwick-papers
Jack Bamber,Samkin,2808,pickwick-papers
Jack Bamber,Pimkin,2808,pickwick-papers
Jack Bamber,Thomas,2808,pickwick-papers
Mr.,Pickwick,2809,pickwick-papers
Pickwick,Mr.,2809,pickwick-papers
Mr.,Pickwick,2814,pickwick-papers
Pickwick,Mr.,2814,pickwick-papers
Mr. Pickwick,Gray,2827,pickwick-papers
Mr. Pickwick,Curious,2827,pickwick-papers
Gray,Mr. Pickwick,2827,pickwick-papers
Gray,Curious,2827,pickwick-papers
Curious,Mr. Pickwick,2827,pickwick-papers
Curious,Gray,2827,pickwick-papers
Mr. Pickwick,Jack Bamber,2828,pickwick-papers
Jack Bamber,Mr. Pickwick,2828,pickwick-papers
Lowten,Mr. Pickwick,2829,pickwick-papers
Mr. Pickwick,Lowten,2829,pickwick-papers
Sir,Mr. Pickwick,2834,pickwick-papers
Mr. Pickwick,Sir,2834,pickwick-papers
Mr.,Pickwick,2838,pickwick-papers
Pickwick,Mr.,2838,pickwick-papers
Sir,Mr. Pickwick,2845,pickwick-papers
Mr. Pickwick,Sir,2845,pickwick-papers
Sir,Mr. Pickwick,2853,pickwick-papers
Mr. Pickwick,Sir,2853,pickwick-papers
George,Church,2858,pickwick-papers
George,Better,2858,pickwick-papers
Church,George,2858,pickwick-papers
Church,Better,2858,pickwick-papers
Better,George,2858,pickwick-papers
Better,Church,2858,pickwick-papers
George,God,2868,pickwick-papers
George,Him,2868,pickwick-papers
God,George,2868,pickwick-papers
God,Him,2868,pickwick-papers
Him,George,2868,pickwick-papers
Him,God,2868,pickwick-papers
Mary,Pray,2869,pickwick-papers
Pray,Mary,2869,pickwick-papers
Scenes,Down,2876,pickwick-papers
Down,Scenes,2876,pickwick-papers
Hasten,Sir,2883,pickwick-papers
Hasten,Sir,2883,pickwick-papers
Hasten,Sir,2883,pickwick-papers
Sir,Hasten,2883,pickwick-papers
Sir,Hasten,2883,pickwick-papers
Sir,Hasten,2883,pickwick-papers
Mr. Pickwick,Mr. Weller,2928,pickwick-papers
Mr. Pickwick,Stump,2928,pickwick-papers
Mr. Weller,Mr. Pickwick,2928,pickwick-papers
Mr. Weller,Stump,2928,pickwick-papers
Stump,Mr. Pickwick,2928,pickwick-papers
Stump,Mr. Weller,2928,pickwick-papers
Sammy,Mr. Weller,2931,pickwick-papers
Mr. Weller,Sammy,2931,pickwick-papers
Sammy,Mr. Weller,2935,pickwick-papers
Mr. Weller,Sammy,2935,pickwick-papers
Mr. Weller,Sammy,2935,pickwick-papers
Sammy,Mr. Weller,2935,pickwick-papers
Mr. Weller,Sammy,2938,pickwick-papers
Sammy,Mr. Weller,2938,pickwick-papers
Mr. Weller,Sammy,2940,pickwick-papers
Mr. Weller,Sammy,2940,pickwick-papers
Mr. Weller,Sammy,2940,pickwick-papers
Mr. Weller,Well,2940,pickwick-papers
Mr. Weller,Sammy,2940,pickwick-papers
Mr. Weller,Sammy,2940,pickwick-papers
Mr. Weller,Hollo,2940,pickwick-papers
Sammy,Mr. Weller,2940,pickwick-papers
Sammy,Well,2940,pickwick-papers
Sammy,Hollo,2940,pickwick-papers
Sammy,Mr. Weller,2940,pickwick-papers
Sammy,Well,2940,pickwick-papers
Sammy,Hollo,2940,pickwick-papers
Sammy,Mr. Weller,2940,pickwick-papers
Sammy,Well,2940,pickwick-papers
Sammy,Hollo,2940,pickwick-papers
Well,Mr. Weller,2940,pickwick-papers
Well,Sammy,2940,pickwick-papers
Well,Sammy,2940,pickwick-papers
Well,Sammy,2940,pickwick-papers
Well,Sammy,2940,pickwick-papers
Well,Sammy,2940,pickwick-papers
Well,Hollo,2940,pickwick-papers
Sammy,Mr. Weller,2940,pickwick-papers
Sammy,Well,2940,pickwick-papers
Sammy,Hollo,2940,pickwick-papers
Sammy,Mr. Weller,2940,pickwick-papers
Sammy,Well,2940,pickwick-papers
Sammy,Hollo,2940,pickwick-papers
Hollo,Mr. Weller,2940,pickwick-papers
Hollo,Sammy,2940,pickwick-papers
Hollo,Sammy,2940,pickwick-papers
Hollo,Sammy,2940,pickwick-papers
Hollo,Well,2940,pickwick-papers
Hollo,Sammy,2940,pickwick-papers
Hollo,Sammy,2940,pickwick-papers
Mr. Weller,Mr. Pickwick,2941,pickwick-papers
Mr. Pickwick,Mr. Weller,2941,pickwick-papers
Sir,Mr. Weller,2942,pickwick-papers
Mr. Weller,Sir,2942,pickwick-papers
Mr. Pickwick,Sir,2944,pickwick-papers
Sir,Mr. Pickwick,2944,pickwick-papers
Mr.,Pickwick,2947,pickwick-papers
Pickwick,Mr.,2947,pickwick-papers
Mr.,Pickwick,2949,pickwick-papers
Pickwick,Mr.,2949,pickwick-papers
Sir,Mr. Pickwick,2951,pickwick-papers
Mr. Pickwick,Sir,2951,pickwick-papers
Mr. Magnus,Peter Magnus,2960,pickwick-papers
Peter Magnus,Mr. Magnus,2960,pickwick-papers
Mr. Magnus,Pickwick,2962,pickwick-papers
Pickwick,Mr. Magnus,2962,pickwick-papers
Mr. Pickwick,Mr. Magnus,2963,pickwick-papers
Mr. Magnus,Mr. Pickwick,2963,pickwick-papers
Magnus,Mr. Pickwick,2976,pickwick-papers
Mr. Pickwick,Magnus,2976,pickwick-papers
Sir,Mr. Weller,2978,pickwick-papers
Mr. Weller,Sir,2978,pickwick-papers
Mr. Weller,Sir,2980,pickwick-papers
Mr. Weller,Sir,2980,pickwick-papers
Sir,Mr. Weller,2980,pickwick-papers
Sir,Mr. Weller,2980,pickwick-papers
True,Mr. Weller,2981,pickwick-papers
True,Mr. Pickwick,2981,pickwick-papers
Mr. Weller,True,2981,pickwick-papers
Mr. Weller,Mr. Pickwick,2981,pickwick-papers
Mr. Pickwick,True,2981,pickwick-papers
Mr. Pickwick,Mr. Weller,2981,pickwick-papers
Sammy,Mr. Weller,2982,pickwick-papers
Sammy,Villam,2982,pickwick-papers
Sammy,Villam,2982,pickwick-papers
Mr. Weller,Sammy,2982,pickwick-papers
Mr. Weller,Villam,2982,pickwick-papers
Mr. Weller,Villam,2982,pickwick-papers
Villam,Sammy,2982,pickwick-papers
Villam,Mr. Weller,2982,pickwick-papers
Villam,Sammy,2982,pickwick-papers
Villam,Mr. Weller,2982,pickwick-papers
Sir,Sam,2983,pickwick-papers
Sam,Sir,2983,pickwick-papers
Sam,Mr. Pickwick,2984,pickwick-papers
Mr. Pickwick,Sam,2984,pickwick-papers
Sir,Sam,2985,pickwick-papers
Sam,Sir,2985,pickwick-papers
Sam,Mr. Pickwick,2986,pickwick-papers
Mr. Pickwick,Sam,2986,pickwick-papers
Sam,Look,2987,pickwick-papers
Look,Sam,2987,pickwick-papers
Mr. Weller,Mr. Pickwick,2990,pickwick-papers
Mr. Pickwick,Mr. Weller,2990,pickwick-papers
Sir,Mr. Weller,3001,pickwick-papers
Mr. Weller,Sir,3001,pickwick-papers
Mr. Weller,Mr. Magnus,3002,pickwick-papers
Mr. Weller,Mr. Magnus,3002,pickwick-papers
Mr. Magnus,Mr. Weller,3002,pickwick-papers
Mr. Magnus,Mr. Weller,3002,pickwick-papers
Mr. Pickwick,Sam Weller,3004,pickwick-papers
Mr. Pickwick,Mr. Peter Magnus,3004,pickwick-papers
Sam Weller,Mr. Pickwick,3004,pickwick-papers
Sam Weller,Mr. Peter Magnus,3004,pickwick-papers
Mr. Peter Magnus,Mr. Pickwick,3004,pickwick-papers
Mr. Peter Magnus,Sam Weller,3004,pickwick-papers
Mr. Pickwick,Tupman,3008,pickwick-papers
Tupman,Mr. Pickwick,3008,pickwick-papers
Sir,Mr. Pickwick,3015,pickwick-papers
Mr. Pickwick,Sir,3015,pickwick-papers
Mr. Pickwick,Mr. Peter Magnus,3016,pickwick-papers
Mr. Peter Magnus,Mr. Pickwick,3016,pickwick-papers
Mr.,Peter Magnus,3017,pickwick-papers
Mr.,Mr. Peter Magnus,3017,pickwick-papers
Mr.,Mr. Pickwick,3017,pickwick-papers
Peter Magnus,Mr.,3017,pickwick-papers
Peter Magnus,Mr. Peter Magnus,3017,pickwick-papers
Peter Magnus,Mr. Pickwick,3017,pickwick-papers
Mr. Peter Magnus,Mr.,3017,pickwick-papers
Mr. Peter Magnus,Peter Magnus,3017,pickwick-papers
Mr. Peter Magnus,Mr. Pickwick,3017,pickwick-papers
Mr. Pickwick,Mr.,3017,pickwick-papers
Mr. Pickwick,Peter Magnus,3017,pickwick-papers
Mr. Pickwick,Mr. Peter Magnus,3017,pickwick-papers
Sir,Mr. Peter Magnus,3020,pickwick-papers
Sir,Pickwick,3020,pickwick-papers
Mr. Peter Magnus,Sir,3020,pickwick-papers
Mr. Peter Magnus,Pickwick,3020,pickwick-papers
Pickwick,Sir,3020,pickwick-papers
Pickwick,Mr. Peter Magnus,3020,pickwick-papers
Mr. Peter Magnus,Mr. Pickwick,3022,pickwick-papers
Mr. Peter Magnus,Sir,3022,pickwick-papers
Mr. Pickwick,Mr. Peter Magnus,3022,pickwick-papers
Mr. Pickwick,Sir,3022,pickwick-papers
Sir,Mr. Peter Magnus,3022,pickwick-papers
Sir,Mr. Pickwick,3022,pickwick-papers
Mr. Magnus,Mr. Pickwick,3024,pickwick-papers
Mr. Pickwick,Mr. Magnus,3024,pickwick-papers
Mr. Magnus,Mr. Pickwick,3028,pickwick-papers
Mr. Pickwick,Mr. Magnus,3028,pickwick-papers
Mr. Pickwick,Mr. Magnus,3028,pickwick-papers
Mr. Magnus,Mr. Pickwick,3028,pickwick-papers
Wait,Mr. Pickwick,3032,pickwick-papers
Wait,Sir,3032,pickwick-papers
Mr. Pickwick,Wait,3032,pickwick-papers
Mr. Pickwick,Sir,3032,pickwick-papers
Sir,Wait,3032,pickwick-papers
Sir,Mr. Pickwick,3032,pickwick-papers
Mr.,Pickwick,3035,pickwick-papers
Mr.,Mr. Peter Magnus,3035,pickwick-papers
Pickwick,Mr.,3035,pickwick-papers
Pickwick,Mr. Peter Magnus,3035,pickwick-papers
Mr. Peter Magnus,Mr.,3035,pickwick-papers
Mr. Peter Magnus,Pickwick,3035,pickwick-papers
Mr. Magnus,Mr. Pickwick,3038,pickwick-papers
Mr. Magnus,Mr. Pickwick,3038,pickwick-papers
Mr. Magnus,Pickwick,3038,pickwick-papers
Mr. Pickwick,Mr. Magnus,3038,pickwick-papers
Mr. Pickwick,Pickwick,3038,pickwick-papers
Mr. Pickwick,Mr. Magnus,3038,pickwick-papers
Mr. Pickwick,Pickwick,3038,pickwick-papers
Pickwick,Mr. Magnus,3038,pickwick-papers
Pickwick,Mr. Pickwick,3038,pickwick-papers
Pickwick,Mr. Pickwick,3038,pickwick-papers
Mr. Pickwick,Mr. Peter Magnus,3040,pickwick-papers
Mr. Peter Magnus,Mr. Pickwick,3040,pickwick-papers
Sir,Mr. Pickwick,3041,pickwick-papers
Mr. Pickwick,Sir,3041,pickwick-papers
Mr. Pickwick,Sir,3041,pickwick-papers
Sir,Mr. Pickwick,3041,pickwick-papers
Mr. Peter Magnus,Mr. Pickwick,3042,pickwick-papers
Mr. Peter Magnus,Mr. Pickwick,3042,pickwick-papers
Mr. Peter Magnus,Mr. Pickwick,3042,pickwick-papers
Mr. Pickwick,Mr. Peter Magnus,3042,pickwick-papers
Mr. Pickwick,Mr. Peter Magnus,3042,pickwick-papers
Mr. Pickwick,Mr. Peter Magnus,3042,pickwick-papers
Mr. Peter Magnus,Pickwick,3044,pickwick-papers
Pickwick,Mr. Peter Magnus,3044,pickwick-papers
Mr. Peter Magnus,Mr. Pickwick,3047,pickwick-papers
Mr. Pickwick,Mr. Peter Magnus,3047,pickwick-papers
Sir,Mr. Pickwick,3053,pickwick-papers
Mr. Pickwick,Sir,3053,pickwick-papers
Mr.,Pickwick,3054,pickwick-papers
Mr.,Martha Bardell,3054,pickwick-papers
Mr.,Dodson,3054,pickwick-papers
Mr.,Fogg,3054,pickwick-papers
Mr.,Dodson,3054,pickwick-papers
Mr.,Fogg,3054,pickwick-papers
Mr.,Mr. Pickwick,3054,pickwick-papers
Pickwick,Mr.,3054,pickwick-papers
Pickwick,Martha Bardell,3054,pickwick-papers
Pickwick,Dodson,3054,pickwick-papers
Pickwick,Fogg,3054,pickwick-papers
Pickwick,Dodson,3054,pickwick-papers
Pickwick,Fogg,3054,pickwick-papers
Pickwick,Mr. Pickwick,3054,pickwick-papers
Martha Bardell,Mr.,3054,pickwick-papers
Martha Bardell,Pickwick,3054,pickwick-papers
Martha Bardell,Dodson,3054,pickwick-papers
Martha Bardell,Fogg,3054,pickwick-papers
Martha Bardell,Dodson,3054,pickwick-papers
Martha Bardell,Fogg,3054,pickwick-papers
Martha Bardell,Mr. Pickwick,3054,pickwick-papers
Dodson,Mr.,3054,pickwick-papers
Dodson,Pickwick,3054,pickwick-papers
Dodson,Martha Bardell,3054,pickwick-papers
Dodson,Fogg,3054,pickwick-papers
Dodson,Fogg,3054,pickwick-papers
Dodson,Mr. Pickwick,3054,pickwick-papers
Fogg,Mr.,3054,pickwick-papers
Fogg,Pickwick,3054,pickwick-papers
Fogg,Martha Bardell,3054,pickwick-papers
Fogg,Dodson,3054,pickwick-papers
Fogg,Dodson,3054,pickwick-papers
Fogg,Mr. Pickwick,3054,pickwick-papers
Dodson,Mr.,3054,pickwick-papers
Dodson,Pickwick,3054,pickwick-papers
Dodson,Martha Bardell,3054,pickwick-papers
Dodson,Fogg,3054,pickwick-papers
Dodson,Fogg,3054,pickwick-papers
Dodson,Mr. Pickwick,3054,pickwick-papers
Fogg,Mr.,3054,pickwick-papers
Fogg,Pickwick,3054,pickwick-papers
Fogg,Martha Bardell,3054,pickwick-papers
Fogg,Dodson,3054,pickwick-papers
Fogg,Dodson,3054,pickwick-papers
Fogg,Mr. Pickwick,3054,pickwick-papers
Mr. Pickwick,Mr.,3054,pickwick-papers
Mr. Pickwick,Pickwick,3054,pickwick-papers
Mr. Pickwick,Martha Bardell,3054,pickwick-papers
Mr. Pickwick,Dodson,3054,pickwick-papers
Mr. Pickwick,Fogg,3054,pickwick-papers
Mr. Pickwick,Dodson,3054,pickwick-papers
Mr. Pickwick,Fogg,3054,pickwick-papers
Mr.,Pickwick,3057,pickwick-papers
Mr.,Right,3057,pickwick-papers
Mr.,Mr. Pickwick,3057,pickwick-papers
Pickwick,Mr.,3057,pickwick-papers
Pickwick,Right,3057,pickwick-papers
Pickwick,Mr. Pickwick,3057,pickwick-papers
Right,Mr.,3057,pickwick-papers
Right,Pickwick,3057,pickwick-papers
Right,Mr. Pickwick,3057,pickwick-papers
Mr. Pickwick,Mr.,3057,pickwick-papers
Mr. Pickwick,Pickwick,3057,pickwick-papers
Mr. Pickwick,Right,3057,pickwick-papers
Mr. Pickwick,Droll,3059,pickwick-papers
Droll,Mr. Pickwick,3059,pickwick-papers
Droll,Mr. Pickwick,3059,pickwick-papers
Mr. Pickwick,Droll,3059,pickwick-papers
Mr.,Pickwick,3062,pickwick-papers
Pickwick,Mr.,3062,pickwick-papers
Mr.,Weller,3096,pickwick-papers
Weller,Mr.,3096,pickwick-papers
Sir,Mr. Weller,3098,pickwick-papers
Mr. Weller,Sir,3098,pickwick-papers
Sam,Mr. Pickwick,3099,pickwick-papers
Mr. Pickwick,Sam,3099,pickwick-papers
Sir,Mr. Weller,3100,pickwick-papers
Mr. Weller,Sir,3100,pickwick-papers
Mr. Weller,Sir,3100,pickwick-papers
Sir,Mr. Weller,3100,pickwick-papers
Sam,Mr. Pickwick,3101,pickwick-papers
Mr. Pickwick,Sam,3101,pickwick-papers
Sir,Mr. Weller,3102,pickwick-papers
Mr. Weller,Sir,3102,pickwick-papers
Mr. Pickwick,Mr. Weller,3105,pickwick-papers
Mr. Weller,Mr. Pickwick,3105,pickwick-papers
Sammy,Mr. Weller,3110,pickwick-papers
Mr. Weller,Sammy,3110,pickwick-papers
Mr. Weller,Sammy,3110,pickwick-papers
Sammy,Mr. Weller,3110,pickwick-papers
Sammy,Mr. Weller,3112,pickwick-papers
Sammy,Veller,3112,pickwick-papers
Mr. Weller,Sammy,3112,pickwick-papers
Mr. Weller,Sammy,3112,pickwick-papers
Mr. Weller,Veller,3112,pickwick-papers
Mr. Weller,Sammy,3112,pickwick-papers
Sammy,Mr. Weller,3112,pickwick-papers
Sammy,Veller,3112,pickwick-papers
Veller,Sammy,3112,pickwick-papers
Veller,Mr. Weller,3112,pickwick-papers
Veller,Sammy,3112,pickwick-papers
Veller,Sammy,3112,pickwick-papers
Sammy,Mr. Weller,3112,pickwick-papers
Sammy,Veller,3112,pickwick-papers
Sammy,Mr. Weller,3114,pickwick-papers
Mr. Weller,Sammy,3114,pickwick-papers
Mr. Weller,Sammy,3116,pickwick-papers
Mr. Weller,Sammy,3116,pickwick-papers
Sammy,Mr. Weller,3116,pickwick-papers
Sammy,Mr. Weller,3116,pickwick-papers
Mr. Weller,Sammy,3118,pickwick-papers
Sammy,Mr. Weller,3118,pickwick-papers
Sammy,Mr. Weller,3118,pickwick-papers
Mr. Weller,Sammy,3118,pickwick-papers
Sammy,Mr. Weller,3120,pickwick-papers
Sammy,Mr. Weller,3120,pickwick-papers
Mr. Weller,Sammy,3120,pickwick-papers
Mr. Weller,Sammy,3120,pickwick-papers
Sammy,Mr. Weller,3120,pickwick-papers
Sammy,Mr. Weller,3120,pickwick-papers
Mr. Weller,Sammy,3120,pickwick-papers
Mr. Weller,Sammy,3120,pickwick-papers
Sammy,Mr. Weller,3121,pickwick-papers
Mr. Weller,Sammy,3121,pickwick-papers
Mr. Weller,Sammy,3121,pickwick-papers
Sammy,Mr. Weller,3121,pickwick-papers
Samivel,Mr. Veller,3123,pickwick-papers
Samivel,Hangin,3123,pickwick-papers
Samivel,Pison,3123,pickwick-papers
Samivel,Mr. Weller,3123,pickwick-papers
Mr. Veller,Samivel,3123,pickwick-papers
Mr. Veller,Samivel,3123,pickwick-papers
Mr. Veller,Hangin,3123,pickwick-papers
Mr. Veller,Pison,3123,pickwick-papers
Mr. Veller,Samivel,3123,pickwick-papers
Mr. Veller,Mr. Weller,3123,pickwick-papers
Samivel,Mr. Veller,3123,pickwick-papers
Samivel,Hangin,3123,pickwick-papers
Samivel,Pison,3123,pickwick-papers
Samivel,Mr. Weller,3123,pickwick-papers
Hangin,Samivel,3123,pickwick-papers
Hangin,Mr. Veller,3123,pickwick-papers
Hangin,Samivel,3123,pickwick-papers
Hangin,Pison,3123,pickwick-papers
Hangin,Samivel,3123,pickwick-papers
Hangin,Mr. Weller,3123,pickwick-papers
Pison,Samivel,3123,pickwick-papers
Pison,Mr. Veller,3123,pickwick-papers
Pison,Samivel,3123,pickwick-papers
Pison,Hangin,3123,pickwick-papers
Pison,Samivel,3123,pickwick-papers
Pison,Mr. Weller,3123,pickwick-papers
Samivel,Mr. Veller,3123,pickwick-papers
Samivel,Hangin,3123,pickwick-papers
Samivel,Pison,3123,pickwick-papers
Samivel,Mr. Weller,3123,pickwick-papers
Mr. Weller,Samivel,3123,pickwick-papers
Mr. Weller,Mr. Veller,3123,pickwick-papers
Mr. Weller,Samivel,3123,pickwick-papers
Mr. Weller,Hangin,3123,pickwick-papers
Mr. Weller,Pison,3123,pickwick-papers
Mr. Weller,Samivel,3123,pickwick-papers
Mr. Samuel Weller,St. Clement,3124,pickwick-papers
Mr. Samuel Weller,Church,3124,pickwick-papers
St. Clement,Mr. Samuel Weller,3124,pickwick-papers
St. Clement,Church,3124,pickwick-papers
Church,Mr. Samuel Weller,3124,pickwick-papers
Church,St. Clement,3124,pickwick-papers
Mr.,Samuel Weller,3125,pickwick-papers
Mr.,Mr. Weller,3125,pickwick-papers
Samuel Weller,Mr.,3125,pickwick-papers
Samuel Weller,Mr. Weller,3125,pickwick-papers
Mr. Weller,Mr.,3125,pickwick-papers
Mr. Weller,Samuel Weller,3125,pickwick-papers
Mr. Weller,Mr. Samuel Weller,3127,pickwick-papers
Mr. Weller,Nature,3127,pickwick-papers
Mr. Samuel Weller,Mr. Weller,3127,pickwick-papers
Mr. Samuel Weller,Nature,3127,pickwick-papers
Nature,Mr. Weller,3127,pickwick-papers
Nature,Mr. Samuel Weller,3127,pickwick-papers
Mr. Weller,Sam,3131,pickwick-papers
Mr. Weller,Mr. Job Trotter,3131,pickwick-papers
Sam,Mr. Weller,3131,pickwick-papers
Sam,Mr. Job Trotter,3131,pickwick-papers
Mr. Job Trotter,Mr. Weller,3131,pickwick-papers
Mr. Job Trotter,Sam,3131,pickwick-papers
Job Trotter,Sam,3138,pickwick-papers
Sam,Job Trotter,3138,pickwick-papers
Mr. Weller,Mr. Trotter,3139,pickwick-papers
Mr. Weller,Walker,3139,pickwick-papers
Mr. Trotter,Mr. Weller,3139,pickwick-papers
Mr. Trotter,Walker,3139,pickwick-papers
Walker,Mr. Weller,3139,pickwick-papers
Walker,Mr. Trotter,3139,pickwick-papers
Mr. Walker,Mr. Trotter,3141,pickwick-papers
Mr. Walker,Mr. Weller,3141,pickwick-papers
Mr. Walker,Mr. Trotter,3141,pickwick-papers
Mr. Walker,Mr. Weller,3141,pickwick-papers
Mr. Trotter,Mr. Walker,3141,pickwick-papers
Mr. Trotter,Mr. Walker,3141,pickwick-papers
Mr. Trotter,Mr. Weller,3141,pickwick-papers
Mr. Weller,Mr. Walker,3141,pickwick-papers
Mr. Weller,Mr. Walker,3141,pickwick-papers
Mr. Weller,Mr. Trotter,3141,pickwick-papers
Job Trotter,Mr. Weller,3143,pickwick-papers
Job Trotter,Mr. Walker,3143,pickwick-papers
Mr. Weller,Job Trotter,3143,pickwick-papers
Mr. Weller,Mr. Walker,3143,pickwick-papers
Mr. Walker,Job Trotter,3143,pickwick-papers
Mr. Walker,Mr. Weller,3143,pickwick-papers
Mr.,Trotter,3145,pickwick-papers
Trotter,Mr.,3145,pickwick-papers
Mr. Walker,Weller,3151,pickwick-papers
Mr. Walker,Mr. Weller,3151,pickwick-papers
Weller,Mr. Walker,3151,pickwick-papers
Weller,Mr. Weller,3151,pickwick-papers
Mr. Weller,Mr. Walker,3151,pickwick-papers
Mr. Weller,Weller,3151,pickwick-papers
Sir,Mr. Trotter,3153,pickwick-papers
Sir,Weller,3153,pickwick-papers
Mr. Trotter,Sir,3153,pickwick-papers
Mr. Trotter,Weller,3153,pickwick-papers
Weller,Sir,3153,pickwick-papers
Weller,Mr. Trotter,3153,pickwick-papers
Job Trotter,Mr. Weller,3155,pickwick-papers
Job Trotter,Sir,3155,pickwick-papers
Mr. Weller,Job Trotter,3155,pickwick-papers
Mr. Weller,Sir,3155,pickwick-papers
Sir,Job Trotter,3155,pickwick-papers
Sir,Mr. Weller,3155,pickwick-papers
Mr. Weller,Sam,3156,pickwick-papers
Sam,Mr. Weller,3156,pickwick-papers
Job Trotter,Sam,3163,pickwick-papers
Sam,Job Trotter,3163,pickwick-papers
Mr. Weller,Job,3167,pickwick-papers
Job,Mr. Weller,3167,pickwick-papers
Job,Mr. Weller,3169,pickwick-papers
Mr. Weller,Job,3169,pickwick-papers
Mr. Trotter,Mr. Weller,3171,pickwick-papers
Mr. Weller,Mr. Trotter,3171,pickwick-papers
Mr. Weller,Sir,3173,pickwick-papers
Sir,Mr. Weller,3173,pickwick-papers
Sir,Mr. Weller,3173,pickwick-papers
Sir,Mr. Weller,3173,pickwick-papers
Sir,Mr. Weller,3173,pickwick-papers
Mr. Weller,Sir,3173,pickwick-papers
Mr. Weller,Sir,3173,pickwick-papers
Mr. Weller,Sir,3173,pickwick-papers
Mr. Weller,Weller,3175,pickwick-papers
Weller,Mr. Weller,3175,pickwick-papers
Mr. Weller,Job,3177,pickwick-papers
Mr. Weller,Mr. Trotter,3177,pickwick-papers
Job,Mr. Weller,3177,pickwick-papers
Job,Mr. Trotter,3177,pickwick-papers
Mr. Trotter,Mr. Weller,3177,pickwick-papers
Mr. Trotter,Job,3177,pickwick-papers
Mr. Weller,Job,3183,pickwick-papers
Job,Mr. Weller,3183,pickwick-papers
Job,Mr. Weller,3183,pickwick-papers
Mr. Weller,Job,3183,pickwick-papers
Mr. Trotter,Sam,3189,pickwick-papers
Sam,Mr. Trotter,3189,pickwick-papers
Job Trotter,Sam,3190,pickwick-papers
Job Trotter,Job,3190,pickwick-papers
Job Trotter,Mr. Weller,3190,pickwick-papers
Sam,Job Trotter,3190,pickwick-papers
Sam,Job,3190,pickwick-papers
Sam,Mr. Weller,3190,pickwick-papers
Job,Job Trotter,3190,pickwick-papers
Job,Sam,3190,pickwick-papers
Job,Mr. Weller,3190,pickwick-papers
Mr. Weller,Job Trotter,3190,pickwick-papers
Mr. Weller,Sam,3190,pickwick-papers
Mr. Weller,Job,3190,pickwick-papers
Sir,Sam,3191,pickwick-papers
Sam,Sir,3191,pickwick-papers
Sam,Mr. Pickwick,3192,pickwick-papers
Mr. Pickwick,Sam,3192,pickwick-papers
Sir,Sam,3193,pickwick-papers
Sam,Sir,3193,pickwick-papers
Sam,Mr. Pickwick,3196,pickwick-papers
Mr. Pickwick,Sam,3196,pickwick-papers
Mr. Pickwick,Sam,3196,pickwick-papers
Sam,Mr. Pickwick,3196,pickwick-papers
Mr. Weller,Mr. Pickwick,3197,pickwick-papers
Mr. Pickwick,Mr. Weller,3197,pickwick-papers
Sam,Mr. Pickwick,3198,pickwick-papers
Mr. Pickwick,Sam,3198,pickwick-papers
Sir,Sam,3199,pickwick-papers
Sam,Sir,3199,pickwick-papers
Mr. Pickwick,Mr. Peter Magnus,3203,pickwick-papers
Mr. Peter Magnus,Mr. Pickwick,3203,pickwick-papers
Sir,Mr. Peter Magnus,3204,pickwick-papers
Mr. Peter Magnus,Sir,3204,pickwick-papers
Mr. Peter Magnus,Sir,3204,pickwick-papers
Sir,Mr. Peter Magnus,3204,pickwick-papers
Mr. Pickwick,Mr. Peter Magnus,3205,pickwick-papers
Mr. Peter Magnus,Mr. Pickwick,3205,pickwick-papers
Mr. Magnus,Pickwick,3206,pickwick-papers
Mr. Magnus,Sir,3206,pickwick-papers
Pickwick,Mr. Magnus,3206,pickwick-papers
Pickwick,Sir,3206,pickwick-papers
Sir,Mr. Magnus,3206,pickwick-papers
Sir,Pickwick,3206,pickwick-papers
Mr. Magnus,Mr. Pickwick,3210,pickwick-papers
Mr. Pickwick,Mr. Magnus,3210,pickwick-papers
Sir,Mr. Peter Magnus,3212,pickwick-papers
Sir,Mr. Pickwick,3212,pickwick-papers
Sir,Husband,3212,pickwick-papers
Sir,Pickwick,3212,pickwick-papers
Mr. Peter Magnus,Sir,3212,pickwick-papers
Mr. Peter Magnus,Sir,3212,pickwick-papers
Mr. Peter Magnus,Mr. Pickwick,3212,pickwick-papers
Mr. Peter Magnus,Sir,3212,pickwick-papers
Mr. Peter Magnus,Husband,3212,pickwick-papers
Mr. Peter Magnus,Pickwick,3212,pickwick-papers
Sir,Mr. Peter Magnus,3212,pickwick-papers
Sir,Mr. Pickwick,3212,pickwick-papers
Sir,Husband,3212,pickwick-papers
Sir,Pickwick,3212,pickwick-papers
Mr. Pickwick,Sir,3212,pickwick-papers
Mr. Pickwick,Mr. Peter Magnus,3212,pickwick-papers
Mr. Pickwick,Sir,3212,pickwick-papers
Mr. Pickwick,Sir,3212,pickwick-papers
Mr. Pickwick,Husband,3212,pickwick-papers
Mr. Pickwick,Pickwick,3212,pickwick-papers
Sir,Mr. Peter Magnus,3212,pickwick-papers
Sir,Mr. Pickwick,3212,pickwick-papers
Sir,Husband,3212,pickwick-papers
Sir,Pickwick,3212,pickwick-papers
Husband,Sir,3212,pickwick-papers
Husband,Mr. Peter Magnus,3212,pickwick-papers
Husband,Sir,3212,pickwick-papers
Husband,Mr. Pickwick,3212,pickwick-papers
Husband,Sir,3212,pickwick-papers
Husband,Pickwick,3212,pickwick-papers
Pickwick,Sir,3212,pickwick-papers
Pickwick,Mr. Peter Magnus,3212,pickwick-papers
Pickwick,Sir,3212,pickwick-papers
Pickwick,Mr. Pickwick,3212,pickwick-papers
Pickwick,Sir,3212,pickwick-papers
Pickwick,Husband,3212,pickwick-papers
Mr. Pickwick,Mr. Magnus,3213,pickwick-papers
Mr. Magnus,Mr. Pickwick,3213,pickwick-papers
Mr. Magnus,Mr. Pickwick,3215,pickwick-papers
Mr. Magnus,Sir,3215,pickwick-papers
Mr. Pickwick,Mr. Magnus,3215,pickwick-papers
Mr. Pickwick,Sir,3215,pickwick-papers
Sir,Mr. Magnus,3215,pickwick-papers
Sir,Mr. Pickwick,3215,pickwick-papers
Mr. Pickwick,Mr. Magnus,3218,pickwick-papers
Mr. Magnus,Mr. Pickwick,3218,pickwick-papers
Sir,Mr. Magnus,3224,pickwick-papers
Mr. Magnus,Sir,3224,pickwick-papers
Mr. Pickwick,Sir,3225,pickwick-papers
Sir,Mr. Pickwick,3225,pickwick-papers
Sir,Mr. Pickwick,3229,pickwick-papers
Mr. Pickwick,Sir,3229,pickwick-papers
Mr. Pickwick,Sir,3229,pickwick-papers
Sir,Mr. Pickwick,3229,pickwick-papers
Mr. Pickwick,Mr. Magnus,3231,pickwick-papers
Mr. Pickwick,Mr. Magnus,3231,pickwick-papers
Mr. Magnus,Mr. Pickwick,3231,pickwick-papers
Mr. Magnus,Mr. Pickwick,3231,pickwick-papers
Mr.,Magnus,3232,pickwick-papers
Mr.,Mr. Pickwick,3232,pickwick-papers
Magnus,Mr.,3232,pickwick-papers
Magnus,Mr. Pickwick,3232,pickwick-papers
Mr. Pickwick,Mr.,3232,pickwick-papers
Mr. Pickwick,Magnus,3232,pickwick-papers
Mr.,Pickwick,3233,pickwick-papers
Mr.,Mr. Peter Magnus,3233,pickwick-papers
Mr.,Mr. Tupman,3233,pickwick-papers
Mr.,Mr. Winkle,3233,pickwick-papers
Mr.,Mr. Snodgrass,3233,pickwick-papers
Pickwick,Mr.,3233,pickwick-papers
Pickwick,Mr. Peter Magnus,3233,pickwick-papers
Pickwick,Mr. Tupman,3233,pickwick-papers
Pickwick,Mr. Winkle,3233,pickwick-papers
Pickwick,Mr. Snodgrass,3233,pickwick-papers
Mr. Peter Magnus,Mr.,3233,pickwick-papers
Mr. Peter Magnus,Pickwick,3233,pickwick-papers
Mr. Peter Magnus,Mr. Tupman,3233,pickwick-papers
Mr. Peter Magnus,Mr. Winkle,3233,pickwick-papers
Mr. Peter Magnus,Mr. Snodgrass,3233,pickwick-papers
Mr. Tupman,Mr.,3233,pickwick-papers
Mr. Tupman,Pickwick,3233,pickwick-papers
Mr. Tupman,Mr. Peter Magnus,3233,pickwick-papers
Mr. Tupman,Mr. Winkle,3233,pickwick-papers
Mr. Tupman,Mr. Snodgrass,3233,pickwick-papers
Mr. Winkle,Mr.,3233,pickwick-papers
Mr. Winkle,Pickwick,3233,pickwick-papers
Mr. Winkle,Mr. Peter Magnus,3233,pickwick-papers
Mr. Winkle,Mr. Tupman,3233,pickwick-papers
Mr. Winkle,Mr. Snodgrass,3233,pickwick-papers
Mr. Snodgrass,Mr.,3233,pickwick-papers
Mr. Snodgrass,Pickwick,3233,pickwick-papers
Mr. Snodgrass,Mr. Peter Magnus,3233,pickwick-papers
Mr. Snodgrass,Mr. Tupman,3233,pickwick-papers
Mr. Snodgrass,Mr. Winkle,3233,pickwick-papers
Mr. Pickwick,Mr. Peter Magnus,3234,pickwick-papers
Mr. Peter Magnus,Mr. Pickwick,3234,pickwick-papers
Mr. Magnus,Mr. Pickwick,3235,pickwick-papers
Mr. Pickwick,Mr. Magnus,3235,pickwick-papers
Mr. Magnus,Pickwick,3236,pickwick-papers
Pickwick,Mr. Magnus,3236,pickwick-papers
Mr. Magnus,Mr. Pickwick,3237,pickwick-papers
Mr. Pickwick,Mr. Magnus,3237,pickwick-papers
Sir,Mr. Magnus,3240,pickwick-papers
Sir,Pickwick,3240,pickwick-papers
Mr. Magnus,Sir,3240,pickwick-papers
Mr. Magnus,Pickwick,3240,pickwick-papers
Pickwick,Sir,3240,pickwick-papers
Pickwick,Mr. Magnus,3240,pickwick-papers
Sir,Mr. Magnus,3242,pickwick-papers
Sir,Mr. Peter Magnus,3242,pickwick-papers
Sir,Mr. Pickwick,3242,pickwick-papers
Mr. Magnus,Sir,3242,pickwick-papers
Mr. Magnus,Mr. Peter Magnus,3242,pickwick-papers
Mr. Magnus,Mr. Pickwick,3242,pickwick-papers
Mr. Peter Magnus,Sir,3242,pickwick-papers
Mr. Peter Magnus,Mr. Magnus,3242,pickwick-papers
Mr. Peter Magnus,Mr. Pickwick,3242,pickwick-papers
Mr. Pickwick,Sir,3242,pickwick-papers
Mr. Pickwick,Mr. Magnus,3242,pickwick-papers
Mr. Pickwick,Mr. Peter Magnus,3242,pickwick-papers
Mr. Magnus,Mr. Pickwick,3244,pickwick-papers
Mr. Magnus,Mr. Pickwick,3244,pickwick-papers
Mr. Magnus,Miss Witherfield,3244,pickwick-papers
Mr. Pickwick,Mr. Magnus,3244,pickwick-papers
Mr. Pickwick,Miss Witherfield,3244,pickwick-papers
Mr. Pickwick,Mr. Magnus,3244,pickwick-papers
Mr. Pickwick,Miss Witherfield,3244,pickwick-papers
Miss Witherfield,Mr. Magnus,3244,pickwick-papers
Miss Witherfield,Mr. Pickwick,3244,pickwick-papers
Miss Witherfield,Mr. Pickwick,3244,pickwick-papers
Mr. Pickwick,Mr. Peter Magnus,3245,pickwick-papers
Mr. Pickwick,Mr. Peter Magnus,3245,pickwick-papers
Mr. Peter Magnus,Mr. Pickwick,3245,pickwick-papers
Mr. Peter Magnus,Mr. Pickwick,3245,pickwick-papers
Pickwick,Mr. Magnus,3247,pickwick-papers
Pickwick,Sir,3247,pickwick-papers
Pickwick,Sir,3247,pickwick-papers
Pickwick,Mr. Magnus,3247,pickwick-papers
Mr. Magnus,Pickwick,3247,pickwick-papers
Mr. Magnus,Sir,3247,pickwick-papers
Mr. Magnus,Sir,3247,pickwick-papers
Sir,Pickwick,3247,pickwick-papers
Sir,Mr. Magnus,3247,pickwick-papers
Sir,Mr. Magnus,3247,pickwick-papers
Sir,Pickwick,3247,pickwick-papers
Sir,Mr. Magnus,3247,pickwick-papers
Sir,Mr. Magnus,3247,pickwick-papers
Mr. Magnus,Pickwick,3247,pickwick-papers
Mr. Magnus,Sir,3247,pickwick-papers
Mr. Magnus,Sir,3247,pickwick-papers
Mr. Pickwick,Mr. Peter Magnus,3248,pickwick-papers
Mr. Peter Magnus,Mr. Pickwick,3248,pickwick-papers
Sir,Mr. Magnus,3249,pickwick-papers
Mr. Magnus,Sir,3249,pickwick-papers
Sir,Mr. Pickwick,3250,pickwick-papers
Mr. Pickwick,Sir,3250,pickwick-papers
Sir,Mr. Magnus,3263,pickwick-papers
Sir,Mr. Peter Magnus,3263,pickwick-papers
Sir,Mr. Magnus,3263,pickwick-papers
Sir,Mr. Peter Magnus,3263,pickwick-papers
Mr. Magnus,Sir,3263,pickwick-papers
Mr. Magnus,Sir,3263,pickwick-papers
Mr. Magnus,Sir,3263,pickwick-papers
Mr. Magnus,Mr. Peter Magnus,3263,pickwick-papers
Sir,Mr. Magnus,3263,pickwick-papers
Sir,Mr. Peter Magnus,3263,pickwick-papers
Mr. Peter Magnus,Sir,3263,pickwick-papers
Mr. Peter Magnus,Sir,3263,pickwick-papers
Mr. Peter Magnus,Mr. Magnus,3263,pickwick-papers
Mr. Peter Magnus,Sir,3263,pickwick-papers
Mr. Magnus,Sir,3264,pickwick-papers
Sir,Mr. Magnus,3264,pickwick-papers
Mr.,Tupman,3271,pickwick-papers
Tupman,Mr.,3271,pickwick-papers
Mr. Pickwick,Mr. Peter Magnus,3272,pickwick-papers
Mr. Pickwick,Mr. Peter Magnus,3272,pickwick-papers
Mr. Peter Magnus,Mr. Pickwick,3272,pickwick-papers
Mr. Peter Magnus,Mr. Pickwick,3272,pickwick-papers
Mr.,Pickwick,3273,pickwick-papers
Mr.,Mr. Peter Magnus,3273,pickwick-papers
Mr.,Mr. Pickwick,3273,pickwick-papers
Mr.,Mr. Pickwick,3273,pickwick-papers
Pickwick,Mr.,3273,pickwick-papers
Pickwick,Mr. Peter Magnus,3273,pickwick-papers
Pickwick,Mr. Pickwick,3273,pickwick-papers
Pickwick,Mr. Pickwick,3273,pickwick-papers
Mr. Peter Magnus,Mr.,3273,pickwick-papers
Mr. Peter Magnus,Pickwick,3273,pickwick-papers
Mr. Peter Magnus,Mr. Pickwick,3273,pickwick-papers
Mr. Peter Magnus,Mr. Pickwick,3273,pickwick-papers
Mr. Pickwick,Mr.,3273,pickwick-papers
Mr. Pickwick,Pickwick,3273,pickwick-papers
Mr. Pickwick,Mr. Peter Magnus,3273,pickwick-papers
Mr. Pickwick,Mr.,3273,pickwick-papers
Mr. Pickwick,Pickwick,3273,pickwick-papers
Mr. Pickwick,Mr. Peter Magnus,3273,pickwick-papers
Mr. Pickwick,Mr. Magnus,3274,pickwick-papers
Mr. Pickwick,Mr. Tupman,3274,pickwick-papers
Mr. Pickwick,Mr. Peter Magnus,3274,pickwick-papers
Mr. Magnus,Mr. Pickwick,3274,pickwick-papers
Mr. Magnus,Mr. Pickwick,3274,pickwick-papers
Mr. Magnus,Mr. Pickwick,3274,pickwick-papers
Mr. Magnus,Mr. Tupman,3274,pickwick-papers
Mr. Magnus,Mr. Pickwick,3274,pickwick-papers
Mr. Magnus,Mr. Peter Magnus,3274,pickwick-papers
Mr. Pickwick,Mr. Magnus,3274,pickwick-papers
Mr. Pickwick,Mr. Tupman,3274,pickwick-papers
Mr. Pickwick,Mr. Peter Magnus,3274,pickwick-papers
Mr. Pickwick,Mr. Magnus,3274,pickwick-papers
Mr. Pickwick,Mr. Tupman,3274,pickwick-papers
Mr. Pickwick,Mr. Peter Magnus,3274,pickwick-papers
Mr. Tupman,Mr. Pickwick,3274,pickwick-papers
Mr. Tupman,Mr. Magnus,3274,pickwick-papers
Mr. Tupman,Mr. Pickwick,3274,pickwick-papers
Mr. Tupman,Mr. Pickwick,3274,pickwick-papers
Mr. Tupman,Mr. Pickwick,3274,pickwick-papers
Mr. Tupman,Mr. Peter Magnus,3274,pickwick-papers
Mr. Pickwick,Mr. Magnus,3274,pickwick-papers
Mr. Pickwick,Mr. Tupman,3274,pickwick-papers
Mr. Pickwick,Mr. Peter Magnus,3274,pickwick-papers
Mr. Peter Magnus,Mr. Pickwick,3274,pickwick-papers
Mr. Peter Magnus,Mr. Magnus,3274,pickwick-papers
Mr. Peter Magnus,Mr. Pickwick,3274,pickwick-papers
Mr. Peter Magnus,Mr. Pickwick,3274,pickwick-papers
Mr. Peter Magnus,Mr. Tupman,3274,pickwick-papers
Mr. Peter Magnus,Mr. Pickwick,3274,pickwick-papers
Mr. Peter Magnus,Mr. Pickwick,3275,pickwick-papers
Mr. Peter Magnus,Mr. Tupman,3275,pickwick-papers
Mr. Pickwick,Mr. Peter Magnus,3275,pickwick-papers
Mr. Pickwick,Mr. Tupman,3275,pickwick-papers
Mr. Tupman,Mr. Peter Magnus,3275,pickwick-papers
Mr. Tupman,Mr. Pickwick,3275,pickwick-papers
Mr. Peter Magnus,Mr. Pickwick,3276,pickwick-papers
Mr. Peter Magnus,Mr. Pickwick,3276,pickwick-papers
Mr. Pickwick,Mr. Peter Magnus,3276,pickwick-papers
Mr. Pickwick,Mr. Peter Magnus,3276,pickwick-papers
George Nupkins,Esquire,3277,pickwick-papers
George Nupkins,Mr. Nupkins,3277,pickwick-papers
George Nupkins,Mr. Nupkins,3277,pickwick-papers
George Nupkins,Mr. Nupkins,3277,pickwick-papers
George Nupkins,Miss Witherfield,3277,pickwick-papers
Esquire,George Nupkins,3277,pickwick-papers
Esquire,Mr. Nupkins,3277,pickwick-papers
Esquire,Mr. Nupkins,3277,pickwick-papers
Esquire,Mr. Nupkins,3277,pickwick-papers
Esquire,Miss Witherfield,3277,pickwick-papers
Mr. Nupkins,George Nupkins,3277,pickwick-papers
Mr. Nupkins,Esquire,3277,pickwick-papers
Mr. Nupkins,Miss Witherfield,3277,pickwick-papers
Mr. Nupkins,George Nupkins,3277,pickwick-papers
Mr. Nupkins,Esquire,3277,pickwick-papers
Mr. Nupkins,Miss Witherfield,3277,pickwick-papers
Mr. Nupkins,George Nupkins,3277,pickwick-papers
Mr. Nupkins,Esquire,3277,pickwick-papers
Mr. Nupkins,Miss Witherfield,3277,pickwick-papers
Miss Witherfield,George Nupkins,3277,pickwick-papers
Miss Witherfield,Esquire,3277,pickwick-papers
Miss Witherfield,Mr. Nupkins,3277,pickwick-papers
Miss Witherfield,Mr. Nupkins,3277,pickwick-papers
Miss Witherfield,Mr. Nupkins,3277,pickwick-papers
Sir,Miss Witherfield,3285,pickwick-papers
Miss Witherfield,Sir,3285,pickwick-papers
Sir,Miss Witherfield,3287,pickwick-papers
Miss Witherfield,Sir,3287,pickwick-papers
Mr.,Jinks,3302,pickwick-papers
Jinks,Mr.,3302,pickwick-papers
Mr.,Jinks,3304,pickwick-papers
Jinks,Mr.,3304,pickwick-papers
Sir,Mr. Jinks,3305,pickwick-papers
Mr. Jinks,Sir,3305,pickwick-papers
Majesty,Draw,3315,pickwick-papers
Majesty,Mr. Jinks,3315,pickwick-papers
Majesty,Muzzle,3315,pickwick-papers
Draw,Majesty,3315,pickwick-papers
Draw,Mr. Jinks,3315,pickwick-papers
Draw,Muzzle,3315,pickwick-papers
Mr. Jinks,Majesty,3315,pickwick-papers
Mr. Jinks,Draw,3315,pickwick-papers
Mr. Jinks,Muzzle,3315,pickwick-papers
Muzzle,Majesty,3315,pickwick-papers
Muzzle,Draw,3315,pickwick-papers
Muzzle,Mr. Jinks,3315,pickwick-papers
Mr.,Grummer,3328,pickwick-papers
Grummer,Mr.,3328,pickwick-papers
Majesty,Jinks,3329,pickwick-papers
Majesty,Jinks,3329,pickwick-papers
Jinks,Majesty,3329,pickwick-papers
Jinks,Majesty,3329,pickwick-papers
Sir,Mr. Jinks,3332,pickwick-papers
Mr. Jinks,Sir,3332,pickwick-papers
Grummer,Muzzle,3333,pickwick-papers
Muzzle,Grummer,3333,pickwick-papers
Miss,Witherfield,3336,pickwick-papers
Miss,Mr. Nupkins,3336,pickwick-papers
Miss,Mr. Jinks,3336,pickwick-papers
Miss,Mr. Grummer,3336,pickwick-papers
Witherfield,Miss,3336,pickwick-papers
Witherfield,Mr. Nupkins,3336,pickwick-papers
Witherfield,Mr. Jinks,3336,pickwick-papers
Witherfield,Mr. Grummer,3336,pickwick-papers
Mr. Nupkins,Miss,3336,pickwick-papers
Mr. Nupkins,Witherfield,3336,pickwick-papers
Mr. Nupkins,Mr. Jinks,3336,pickwick-papers
Mr. Nupkins,Mr. Grummer,3336,pickwick-papers
Mr. Jinks,Miss,3336,pickwick-papers
Mr. Jinks,Witherfield,3336,pickwick-papers
Mr. Jinks,Mr. Nupkins,3336,pickwick-papers
Mr. Jinks,Mr. Grummer,3336,pickwick-papers
Mr. Grummer,Miss,3336,pickwick-papers
Mr. Grummer,Witherfield,3336,pickwick-papers
Mr. Grummer,Mr. Nupkins,3336,pickwick-papers
Mr. Grummer,Mr. Jinks,3336,pickwick-papers
Mr. Pickwick,Mr. Tupman,3337,pickwick-papers
Mr. Pickwick,Mr. Grummer,3337,pickwick-papers
Mr. Pickwick,Mr. Tupman,3337,pickwick-papers
Mr. Pickwick,Mr. Grummer,3337,pickwick-papers
Mr. Tupman,Mr. Pickwick,3337,pickwick-papers
Mr. Tupman,Mr. Pickwick,3337,pickwick-papers
Mr. Tupman,Mr. Pickwick,3337,pickwick-papers
Mr. Tupman,Mr. Grummer,3337,pickwick-papers
Mr. Pickwick,Mr. Tupman,3337,pickwick-papers
Mr. Pickwick,Mr. Grummer,3337,pickwick-papers
Mr. Grummer,Mr. Pickwick,3337,pickwick-papers
Mr. Grummer,Mr. Pickwick,3337,pickwick-papers
Mr. Grummer,Mr. Tupman,3337,pickwick-papers
Mr. Grummer,Mr. Pickwick,3337,pickwick-papers
Mr.,Mr. Pickwick,3338,pickwick-papers
Mr. Pickwick,Mr.,3338,pickwick-papers
Mr.,Snodgrass,3339,pickwick-papers
Mr.,Mr. Grummer,3339,pickwick-papers
Mr.,Sir,3339,pickwick-papers
Snodgrass,Mr.,3339,pickwick-papers
Snodgrass,Mr. Grummer,3339,pickwick-papers
Snodgrass,Sir,3339,pickwick-papers
Mr. Grummer,Mr.,3339,pickwick-papers
Mr. Grummer,Snodgrass,3339,pickwick-papers
Mr. Grummer,Sir,3339,pickwick-papers
Sir,Mr.,3339,pickwick-papers
Sir,Snodgrass,3339,pickwick-papers
Sir,Mr. Grummer,3339,pickwick-papers
Mr.,Grummer,3340,pickwick-papers
Mr.,Englishman,3340,pickwick-papers
Grummer,Mr.,3340,pickwick-papers
Grummer,Englishman,3340,pickwick-papers
Englishman,Mr.,3340,pickwick-papers
Englishman,Grummer,3340,pickwick-papers
Tupman,Mr. Grummer,3342,pickwick-papers
Tupman,Mr. Pickwick,3342,pickwick-papers
Mr. Grummer,Tupman,3342,pickwick-papers
Mr. Grummer,Mr. Pickwick,3342,pickwick-papers
Mr. Pickwick,Tupman,3342,pickwick-papers
Mr. Pickwick,Mr. Grummer,3342,pickwick-papers
Mr. Grummer,Blank Tupman,3346,pickwick-papers
Mr. Grummer,Tupman,3346,pickwick-papers
Blank Tupman,Mr. Grummer,3346,pickwick-papers
Blank Tupman,Tupman,3346,pickwick-papers
Tupman,Mr. Grummer,3346,pickwick-papers
Tupman,Blank Tupman,3346,pickwick-papers
Dubbley,Mr. Grummer,3352,pickwick-papers
Mr. Grummer,Dubbley,3352,pickwick-papers
Dubbley,Mr. Grummer,3354,pickwick-papers
Mr. Grummer,Dubbley,3354,pickwick-papers
Mr.,Dubbley,3355,pickwick-papers
Mr.,Mr. Grummer,3355,pickwick-papers
Mr.,Mr. Dubbley,3355,pickwick-papers
Mr.,Mr. Dubbley,3355,pickwick-papers
Mr.,Pickwick,3355,pickwick-papers
Dubbley,Mr.,3355,pickwick-papers
Dubbley,Mr. Grummer,3355,pickwick-papers
Dubbley,Mr. Dubbley,3355,pickwick-papers
Dubbley,Mr. Dubbley,3355,pickwick-papers
Dubbley,Pickwick,3355,pickwick-papers
Mr. Grummer,Mr.,3355,pickwick-papers
Mr. Grummer,Dubbley,3355,pickwick-papers
Mr. Grummer,Mr. Dubbley,3355,pickwick-papers
Mr. Grummer,Mr. Dubbley,3355,pickwick-papers
Mr. Grummer,Pickwick,3355,pickwick-papers
Mr. Dubbley,Mr.,3355,pickwick-papers
Mr. Dubbley,Dubbley,3355,pickwick-papers
Mr. Dubbley,Mr. Grummer,3355,pickwick-papers
Mr. Dubbley,Pickwick,3355,pickwick-papers
Mr. Dubbley,Mr.,3355,pickwick-papers
Mr. Dubbley,Dubbley,3355,pickwick-papers
Mr. Dubbley,Mr. Grummer,3355,pickwick-papers
Mr. Dubbley,Pickwick,3355,pickwick-papers
Pickwick,Mr.,3355,pickwick-papers
Pickwick,Dubbley,3355,pickwick-papers
Pickwick,Mr. Grummer,3355,pickwick-papers
Pickwick,Mr. Dubbley,3355,pickwick-papers
Pickwick,Mr. Dubbley,3355,pickwick-papers
Mr.,Winkle,3360,pickwick-papers
Winkle,Mr.,3360,pickwick-papers
Mr. Pickwick,Mr. Tupman,3361,pickwick-papers
Mr. Pickwick,Mr. Grummer,3361,pickwick-papers
Mr. Pickwick,Mr. Tupman,3361,pickwick-papers
Mr. Pickwick,Mr. Grummer,3361,pickwick-papers
Mr. Tupman,Mr. Pickwick,3361,pickwick-papers
Mr. Tupman,Mr. Pickwick,3361,pickwick-papers
Mr. Tupman,Mr. Grummer,3361,pickwick-papers
Mr. Grummer,Mr. Pickwick,3361,pickwick-papers
Mr. Grummer,Mr. Pickwick,3361,pickwick-papers
Mr. Grummer,Mr. Tupman,3361,pickwick-papers
Mr. Pickwick,Mr. Grummer,3362,pickwick-papers
Mr. Pickwick,Mr. Tupman,3362,pickwick-papers
Mr. Pickwick,Mr. Tupman,3362,pickwick-papers
Mr. Pickwick,Mr. Tupman,3362,pickwick-papers
Mr. Pickwick,Mr. Grummer,3362,pickwick-papers
Mr. Pickwick,Mr. Dubbley,3362,pickwick-papers
Mr. Pickwick,Mr. Snodgrass,3362,pickwick-papers
Mr. Pickwick,Mr. Winkle,3362,pickwick-papers
Mr. Pickwick,Ipswich,3362,pickwick-papers
Mr. Pickwick,Mr. Grummer,3362,pickwick-papers
Mr. Pickwick,Mr. Tupman,3362,pickwick-papers
Mr. Pickwick,Mr. Tupman,3362,pickwick-papers
Mr. Pickwick,Mr. Tupman,3362,pickwick-papers
Mr. Pickwick,Mr. Grummer,3362,pickwick-papers
Mr. Pickwick,Mr. Dubbley,3362,pickwick-papers
Mr. Pickwick,Mr. Snodgrass,3362,pickwick-papers
Mr. Pickwick,Mr. Winkle,3362,pickwick-papers
Mr. Pickwick,Ipswich,3362,pickwick-papers
Mr. Grummer,Mr. Pickwick,3362,pickwick-papers
Mr. Grummer,Mr. Pickwick,3362,pickwick-papers
Mr. Grummer,Mr. Pickwick,3362,pickwick-papers
Mr. Grummer,Mr. Pickwick,3362,pickwick-papers
Mr. Grummer,Mr. Tupman,3362,pickwick-papers
Mr. Grummer,Mr. Pickwick,3362,pickwick-papers
Mr. Grummer,Mr. Pickwick,3362,pickwick-papers
Mr. Grummer,Mr. Tupman,3362,pickwick-papers
Mr. Grummer,Mr. Pickwick,3362,pickwick-papers
Mr. Grummer,Mr. Tupman,3362,pickwick-papers
Mr. Grummer,Mr. Dubbley,3362,pickwick-papers
Mr. Grummer,Mr. Snodgrass,3362,pickwick-papers
Mr. Grummer,Mr. Winkle,3362,pickwick-papers
Mr. Grummer,Ipswich,3362,pickwick-papers
Mr. Pickwick,Mr. Grummer,3362,pickwick-papers
Mr. Pickwick,Mr. Tupman,3362,pickwick-papers
Mr. Pickwick,Mr. Tupman,3362,pickwick-papers
Mr. Pickwick,Mr. Tupman,3362,pickwick-papers
Mr. Pickwick,Mr. Grummer,3362,pickwick-papers
Mr. Pickwick,Mr. Dubbley,3362,pickwick-papers
Mr. Pickwick,Mr. Snodgrass,3362,pickwick-papers
Mr. Pickwick,Mr. Winkle,3362,pickwick-papers
Mr. Pickwick,Ipswich,3362,pickwick-papers
Mr. Pickwick,Mr. Grummer,3362,pickwick-papers
Mr. Pickwick,Mr. Tupman,3362,pickwick-papers
Mr. Pickwick,Mr. Tupman,3362,pickwick-papers
Mr. Pickwick,Mr. Tupman,3362,pickwick-papers
Mr. Pickwick,Mr. Grummer,3362,pickwick-papers
Mr. Pickwick,Mr. Dubbley,3362,pickwick-papers
Mr. Pickwick,Mr. Snodgrass,3362,pickwick-papers
Mr. Pickwick,Mr. Winkle,3362,pickwick-papers
Mr. Pickwick,Ipswich,3362,pickwick-papers
Mr. Tupman,Mr. Pickwick,3362,pickwick-papers
Mr. Tupman,Mr. Pickwick,3362,pickwick-papers
Mr. Tupman,Mr. Grummer,3362,pickwick-papers
Mr. Tupman,Mr. Pickwick,3362,pickwick-papers
Mr. Tupman,Mr. Pickwick,3362,pickwick-papers
Mr. Tupman,Mr. Pickwick,3362,pickwick-papers
Mr. Tupman,Mr. Pickwick,3362,pickwick-papers
Mr. Tupman,Mr. Pickwick,3362,pickwick-papers
Mr. Tupman,Mr. Grummer,3362,pickwick-papers
Mr. Tupman,Mr. Dubbley,3362,pickwick-papers
Mr. Tupman,Mr. Snodgrass,3362,pickwick-papers
Mr. Tupman,Mr. Winkle,3362,pickwick-papers
Mr. Tupman,Ipswich,3362,pickwick-papers
Mr. Pickwick,Mr. Grummer,3362,pickwick-papers
Mr. Pickwick,Mr. Tupman,3362,pickwick-papers
Mr. Pickwick,Mr. Tupman,3362,pickwick-papers
Mr. Pickwick,Mr. Tupman,3362,pickwick-papers
Mr. Pickwick,Mr. Grummer,3362,pickwick-papers
Mr. Pickwick,Mr. Dubbley,3362,pickwick-papers
Mr. Pickwick,Mr. Snodgrass,3362,pickwick-papers
Mr. Pickwick,Mr. Winkle,3362,pickwick-papers
Mr. Pickwick,Ipswich,3362,pickwick-papers
Mr. Pickwick,Mr. Grummer,3362,pickwick-papers
Mr. Pickwick,Mr. Tupman,3362,pickwick-papers
Mr. Pickwick,Mr. Tupman,3362,pickwick-papers
Mr. Pickwick,Mr. Tupman,3362,pickwick-papers
Mr. Pickwick,Mr. Grummer,3362,pickwick-papers
Mr. Pickwick,Mr. Dubbley,3362,pickwick-papers
Mr. Pickwick,Mr. Snodgrass,3362,pickwick-papers
Mr. Pickwick,Mr. Winkle,3362,pickwick-papers
Mr. Pickwick,Ipswich,3362,pickwick-papers
Mr. Tupman,Mr. Pickwick,3362,pickwick-papers
Mr. Tupman,Mr. Pickwick,3362,pickwick-papers
Mr. Tupman,Mr. Grummer,3362,pickwick-papers
Mr. Tupman,Mr. Pickwick,3362,pickwick-papers
Mr. Tupman,Mr. Pickwick,3362,pickwick-papers
Mr. Tupman,Mr. Pickwick,3362,pickwick-papers
Mr. Tupman,Mr. Pickwick,3362,pickwick-papers
Mr. Tupman,Mr. Pickwick,3362,pickwick-papers
Mr. Tupman,Mr. Grummer,3362,pickwick-papers
Mr. Tupman,Mr. Dubbley,3362,pickwick-papers
Mr. Tupman,Mr. Snodgrass,3362,pickwick-papers
Mr. Tupman,Mr. Winkle,3362,pickwick-papers
Mr. Tupman,Ipswich,3362,pickwick-papers
Mr. Pickwick,Mr. Grummer,3362,pickwick-papers
Mr. Pickwick,Mr. Tupman,3362,pickwick-papers
Mr. Pickwick,Mr. Tupman,3362,pickwick-papers
Mr. Pickwick,Mr. Tupman,3362,pickwick-papers
Mr. Pickwick,Mr. Grummer,3362,pickwick-papers
Mr. Pickwick,Mr. Dubbley,3362,pickwick-papers
Mr. Pickwick,Mr. Snodgrass,3362,pickwick-papers
Mr. Pickwick,Mr. Winkle,3362,pickwick-papers
Mr. Pickwick,Ipswich,3362,pickwick-papers
Mr. Tupman,Mr. Pickwick,3362,pickwick-papers
Mr. Tupman,Mr. Pickwick,3362,pickwick-papers
Mr. Tupman,Mr. Grummer,3362,pickwick-papers
Mr. Tupman,Mr. Pickwick,3362,pickwick-papers
Mr. Tupman,Mr. Pickwick,3362,pickwick-papers
Mr. Tupman,Mr. Pickwick,3362,pickwick-papers
Mr. Tupman,Mr. Pickwick,3362,pickwick-papers
Mr. Tupman,Mr. Pickwick,3362,pickwick-papers
Mr. Tupman,Mr. Grummer,3362,pickwick-papers
Mr. Tupman,Mr. Dubbley,3362,pickwick-papers
Mr. Tupman,Mr. Snodgrass,3362,pickwick-papers
Mr. Tupman,Mr. Winkle,3362,pickwick-papers
Mr. Tupman,Ipswich,3362,pickwick-papers
Mr. Grummer,Mr. Pickwick,3362,pickwick-papers
Mr. Grummer,Mr. Pickwick,3362,pickwick-papers
Mr. Grummer,Mr. Pickwick,3362,pickwick-papers
Mr. Grummer,Mr. Pickwick,3362,pickwick-papers
Mr. Grummer,Mr. Tupman,3362,pickwick-papers
Mr. Grummer,Mr. Pickwick,3362,pickwick-papers
Mr. Grummer,Mr. Pickwick,3362,pickwick-papers
Mr. Grummer,Mr. Tupman,3362,pickwick-papers
Mr. Grummer,Mr. Pickwick,3362,pickwick-papers
Mr. Grummer,Mr. Tupman,3362,pickwick-papers
Mr. Grummer,Mr. Dubbley,3362,pickwick-papers
Mr. Grummer,Mr. Snodgrass,3362,pickwick-papers
Mr. Grummer,Mr. Winkle,3362,pickwick-papers
Mr. Grummer,Ipswich,3362,pickwick-papers
Mr. Dubbley,Mr. Pickwick,3362,pickwick-papers
Mr. Dubbley,Mr. Pickwick,3362,pickwick-papers
Mr. Dubbley,Mr. Grummer,3362,pickwick-papers
Mr. Dubbley,Mr. Pickwick,3362,pickwick-papers
Mr. Dubbley,Mr. Pickwick,3362,pickwick-papers
Mr. Dubbley,Mr. Tupman,3362,pickwick-papers
Mr. Dubbley,Mr. Pickwick,3362,pickwick-papers
Mr. Dubbley,Mr. Pickwick,3362,pickwick-papers
Mr. Dubbley,Mr. Tupman,3362,pickwick-papers
Mr. Dubbley,Mr. Pickwick,3362,pickwick-papers
Mr. Dubbley,Mr. Tupman,3362,pickwick-papers
Mr. Dubbley,Mr. Grummer,3362,pickwick-papers
Mr. Dubbley,Mr. Snodgrass,3362,pickwick-papers
Mr. Dubbley,Mr. Winkle,3362,pickwick-papers
Mr. Dubbley,Ipswich,3362,pickwick-papers
Mr. Snodgrass,Mr. Pickwick,3362,pickwick-papers
Mr. Snodgrass,Mr. Pickwick,3362,pickwick-papers
Mr. Snodgrass,Mr. Grummer,3362,pickwick-papers
Mr. Snodgrass,Mr. Pickwick,3362,pickwick-papers
Mr. Snodgrass,Mr. Pickwick,3362,pickwick-papers
Mr. Snodgrass,Mr. Tupman,3362,pickwick-papers
Mr. Snodgrass,Mr. Pickwick,3362,pickwick-papers
Mr. Snodgrass,Mr. Pickwick,3362,pickwick-papers
Mr. Snodgrass,Mr. Tupman,3362,pickwick-papers
Mr. Snodgrass,Mr. Pickwick,3362,pickwick-papers
Mr. Snodgrass,Mr. Tupman,3362,pickwick-papers
Mr. Snodgrass,Mr. Grummer,3362,pickwick-papers
Mr. Snodgrass,Mr. Dubbley,3362,pickwick-papers
Mr. Snodgrass,Mr. Winkle,3362,pickwick-papers
Mr. Snodgrass,Ipswich,3362,pickwick-papers
Mr. Winkle,Mr. Pickwick,3362,pickwick-papers
Mr. Winkle,Mr. Pickwick,3362,pickwick-papers
Mr. Winkle,Mr. Grummer,3362,pickwick-papers
Mr. Winkle,Mr. Pickwick,3362,pickwick-papers
Mr. Winkle,Mr. Pickwick,3362,pickwick-papers
Mr. Winkle,Mr. Tupman,3362,pickwick-papers
Mr. Winkle,Mr. Pickwick,3362,pickwick-papers
Mr. Winkle,Mr. Pickwick,3362,pickwick-papers
Mr. Winkle,Mr. Tupman,3362,pickwick-papers
Mr. Winkle,Mr. Pickwick,3362,pickwick-papers
Mr. Winkle,Mr. Tupman,3362,pickwick-papers
Mr. Winkle,Mr. Grummer,3362,pickwick-papers
Mr. Winkle,Mr. Dubbley,3362,pickwick-papers
Mr. Winkle,Mr. Snodgrass,3362,pickwick-papers
Mr. Winkle,Ipswich,3362,pickwick-papers
Ipswich,Mr. Pickwick,3362,pickwick-papers
Ipswich,Mr. Pickwick,3362,pickwick-papers
Ipswich,Mr. Grummer,3362,pickwick-papers
Ipswich,Mr. Pickwick,3362,pickwick-papers
Ipswich,Mr. Pickwick,3362,pickwick-papers
Ipswich,Mr. Tupman,3362,pickwick-papers
Ipswich,Mr. Pickwick,3362,pickwick-papers
Ipswich,Mr. Pickwick,3362,pickwick-papers
Ipswich,Mr. Tupman,3362,pickwick-papers
Ipswich,Mr. Pickwick,3362,pickwick-papers
Ipswich,Mr. Tupman,3362,pickwick-papers
Ipswich,Mr. Grummer,3362,pickwick-papers
Ipswich,Mr. Dubbley,3362,pickwick-papers
Ipswich,Mr. Snodgrass,3362,pickwick-papers
Ipswich,Mr. Winkle,3362,pickwick-papers
Mr.,Weller,3364,pickwick-papers
Weller,Mr.,3364,pickwick-papers
Mr.,Grummer,3365,pickwick-papers
Mr.,Mr. Dubbley,3365,pickwick-papers
Mr.,Sam,3365,pickwick-papers
Mr.,Mr. Winkle,3365,pickwick-papers
Mr.,Mr. Snodgrass,3365,pickwick-papers
Grummer,Mr.,3365,pickwick-papers
Grummer,Mr. Dubbley,3365,pickwick-papers
Grummer,Sam,3365,pickwick-papers
Grummer,Mr. Winkle,3365,pickwick-papers
Grummer,Mr. Snodgrass,3365,pickwick-papers
Mr. Dubbley,Mr.,3365,pickwick-papers
Mr. Dubbley,Grummer,3365,pickwick-papers
Mr. Dubbley,Sam,3365,pickwick-papers
Mr. Dubbley,Mr. Winkle,3365,pickwick-papers
Mr. Dubbley,Mr. Snodgrass,3365,pickwick-papers
Sam,Mr.,3365,pickwick-papers
Sam,Grummer,3365,pickwick-papers
Sam,Mr. Dubbley,3365,pickwick-papers
Sam,Mr. Winkle,3365,pickwick-papers
Sam,Mr. Snodgrass,3365,pickwick-papers
Mr. Winkle,Mr.,3365,pickwick-papers
Mr. Winkle,Grummer,3365,pickwick-papers
Mr. Winkle,Mr. Dubbley,3365,pickwick-papers
Mr. Winkle,Sam,3365,pickwick-papers
Mr. Winkle,Mr. Snodgrass,3365,pickwick-papers
Mr. Snodgrass,Mr.,3365,pickwick-papers
Mr. Snodgrass,Grummer,3365,pickwick-papers
Mr. Snodgrass,Mr. Dubbley,3365,pickwick-papers
Mr. Snodgrass,Sam,3365,pickwick-papers
Mr. Snodgrass,Mr. Winkle,3365,pickwick-papers
Sam,Sir,3374,pickwick-papers
Sam,Mr. Pickwick,3374,pickwick-papers
Sir,Sam,3374,pickwick-papers
Sir,Mr. Pickwick,3374,pickwick-papers
Mr. Pickwick,Sam,3374,pickwick-papers
Mr. Pickwick,Sir,3374,pickwick-papers
Mr. Grummer,Sam,3375,pickwick-papers
Sam,Mr. Grummer,3375,pickwick-papers
Mr. Grummer,Sam,3377,pickwick-papers
Mr. Grummer,Sam,3377,pickwick-papers
Mr. Grummer,Mr. Weller,3377,pickwick-papers
Sam,Mr. Grummer,3377,pickwick-papers
Sam,Mr. Weller,3377,pickwick-papers
Sam,Mr. Grummer,3377,pickwick-papers
Sam,Mr. Weller,3377,pickwick-papers
Mr. Weller,Mr. Grummer,3377,pickwick-papers
Mr. Weller,Sam,3377,pickwick-papers
Mr. Weller,Sam,3377,pickwick-papers
Mr. Winkle,Mr. Weller,3378,pickwick-papers
Mr. Winkle,Mr. Grummer,3378,pickwick-papers
Mr. Winkle,Mr. Snodgrass,3378,pickwick-papers
Mr. Winkle,Mr. Weller,3378,pickwick-papers
Mr. Weller,Mr. Winkle,3378,pickwick-papers
Mr. Weller,Mr. Grummer,3378,pickwick-papers
Mr. Weller,Mr. Snodgrass,3378,pickwick-papers
Mr. Weller,Mr. Winkle,3378,pickwick-papers
Mr. Grummer,Mr. Winkle,3378,pickwick-papers
Mr. Grummer,Mr. Weller,3378,pickwick-papers
Mr. Grummer,Mr. Snodgrass,3378,pickwick-papers
Mr. Grummer,Mr. Winkle,3378,pickwick-papers
Mr. Grummer,Mr. Weller,3378,pickwick-papers
Mr. Snodgrass,Mr. Winkle,3378,pickwick-papers
Mr. Snodgrass,Mr. Weller,3378,pickwick-papers
Mr. Snodgrass,Mr. Grummer,3378,pickwick-papers
Mr. Snodgrass,Mr. Winkle,3378,pickwick-papers
Mr. Snodgrass,Mr. Weller,3378,pickwick-papers
Mr. Winkle,Mr. Weller,3378,pickwick-papers
Mr. Winkle,Mr. Grummer,3378,pickwick-papers
Mr. Winkle,Mr. Snodgrass,3378,pickwick-papers
Mr. Winkle,Mr. Weller,3378,pickwick-papers
Mr. Weller,Mr. Winkle,3378,pickwick-papers
Mr. Weller,Mr. Grummer,3378,pickwick-papers
Mr. Weller,Mr. Snodgrass,3378,pickwick-papers
Mr. Weller,Mr. Winkle,3378,pickwick-papers
Mr.,Pickwick,3379,pickwick-papers
Mr.,Sam,3379,pickwick-papers
Mr.,Mr. Tupman,3379,pickwick-papers
Mr.,Mr. Pickwick,3379,pickwick-papers
Mr.,Mr. Pickwick,3379,pickwick-papers
Pickwick,Mr.,3379,pickwick-papers
Pickwick,Sam,3379,pickwick-papers
Pickwick,Mr. Tupman,3379,pickwick-papers
Pickwick,Mr. Pickwick,3379,pickwick-papers
Pickwick,Mr. Pickwick,3379,pickwick-papers
Sam,Mr.,3379,pickwick-papers
Sam,Pickwick,3379,pickwick-papers
Sam,Mr. Tupman,3379,pickwick-papers
Sam,Mr. Pickwick,3379,pickwick-papers
Sam,Mr. Pickwick,3379,pickwick-papers
Mr. Tupman,Mr.,3379,pickwick-papers
Mr. Tupman,Pickwick,3379,pickwick-papers
Mr. Tupman,Sam,3379,pickwick-papers
Mr. Tupman,Mr. Pickwick,3379,pickwick-papers
Mr. Tupman,Mr. Pickwick,3379,pickwick-papers
Mr. Pickwick,Mr.,3379,pickwick-papers
Mr. Pickwick,Pickwick,3379,pickwick-papers
Mr. Pickwick,Sam,3379,pickwick-papers
Mr. Pickwick,Mr. Tupman,3379,pickwick-papers
Mr. Pickwick,Mr.,3379,pickwick-papers
Mr. Pickwick,Pickwick,3379,pickwick-papers
Mr. Pickwick,Sam,3379,pickwick-papers
Mr. Pickwick,Mr. Tupman,3379,pickwick-papers
Violent,Mr. Weller,3382,pickwick-papers
Violent,Mr. Grummer,3382,pickwick-papers
Violent,Mr. Snodgrass,3382,pickwick-papers
Violent,Mr. Winkle,3382,pickwick-papers
Violent,Mr. Tupman,3382,pickwick-papers
Violent,Mr. Weller,3382,pickwick-papers
Violent,Mr. Grummer,3382,pickwick-papers
Violent,Job Trotter,3382,pickwick-papers
Violent,Mr. Pickwick,3382,pickwick-papers
Violent,Mr. Muzzle,3382,pickwick-papers
Violent,Mr. Muzzle,3382,pickwick-papers
Mr. Weller,Violent,3382,pickwick-papers
Mr. Weller,Mr. Grummer,3382,pickwick-papers
Mr. Weller,Mr. Snodgrass,3382,pickwick-papers
Mr. Weller,Mr. Winkle,3382,pickwick-papers
Mr. Weller,Mr. Tupman,3382,pickwick-papers
Mr. Weller,Mr. Grummer,3382,pickwick-papers
Mr. Weller,Job Trotter,3382,pickwick-papers
Mr. Weller,Mr. Pickwick,3382,pickwick-papers
Mr. Weller,Mr. Muzzle,3382,pickwick-papers
Mr. Weller,Mr. Muzzle,3382,pickwick-papers
Mr. Grummer,Violent,3382,pickwick-papers
Mr. Grummer,Mr. Weller,3382,pickwick-papers
Mr. Grummer,Mr. Snodgrass,3382,pickwick-papers
Mr. Grummer,Mr. Winkle,3382,pickwick-papers
Mr. Grummer,Mr. Tupman,3382,pickwick-papers
Mr. Grummer,Mr. Weller,3382,pickwick-papers
Mr. Grummer,Job Trotter,3382,pickwick-papers
Mr. Grummer,Mr. Pickwick,3382,pickwick-papers
Mr. Grummer,Mr. Muzzle,3382,pickwick-papers
Mr. Grummer,Mr. Muzzle,3382,pickwick-papers
Mr. Snodgrass,Violent,3382,pickwick-papers
Mr. Snodgrass,Mr. Weller,3382,pickwick-papers
Mr. Snodgrass,Mr. Grummer,3382,pickwick-papers
Mr. Snodgrass,Mr. Winkle,3382,pickwick-papers
Mr. Snodgrass,Mr. Tupman,3382,pickwick-papers
Mr. Snodgrass,Mr. Weller,3382,pickwick-papers
Mr. Snodgrass,Mr. Grummer,3382,pickwick-papers
Mr. Snodgrass,Job Trotter,3382,pickwick-papers
Mr. Snodgrass,Mr. Pickwick,3382,pickwick-papers
Mr. Snodgrass,Mr. Muzzle,3382,pickwick-papers
Mr. Snodgrass,Mr. Muzzle,3382,pickwick-papers
Mr. Winkle,Violent,3382,pickwick-papers
Mr. Winkle,Mr. Weller,3382,pickwick-papers
Mr. Winkle,Mr. Grummer,3382,pickwick-papers
Mr. Winkle,Mr. Snodgrass,3382,pickwick-papers
Mr. Winkle,Mr. Tupman,3382,pickwick-papers
Mr. Winkle,Mr. Weller,3382,pickwick-papers
Mr. Winkle,Mr. Grummer,3382,pickwick-papers
Mr. Winkle,Job Trotter,3382,pickwick-papers
Mr. Winkle,Mr. Pickwick,3382,pickwick-papers
Mr. Winkle,Mr. Muzzle,3382,pickwick-papers
Mr. Winkle,Mr. Muzzle,3382,pickwick-papers
Mr. Tupman,Violent,3382,pickwick-papers
Mr. Tupman,Mr. Weller,3382,pickwick-papers
Mr. Tupman,Mr. Grummer,3382,pickwick-papers
Mr. Tupman,Mr. Snodgrass,3382,pickwick-papers
Mr. Tupman,Mr. Winkle,3382,pickwick-papers
Mr. Tupman,Mr. Weller,3382,pickwick-papers
Mr. Tupman,Mr. Grummer,3382,pickwick-papers
Mr. Tupman,Job Trotter,3382,pickwick-papers
Mr. Tupman,Mr. Pickwick,3382,pickwick-papers
Mr. Tupman,Mr. Muzzle,3382,pickwick-papers
Mr. Tupman,Mr. Muzzle,3382,pickwick-papers
Mr. Weller,Violent,3382,pickwick-papers
Mr. Weller,Mr. Grummer,3382,pickwick-papers
Mr. Weller,Mr. Snodgrass,3382,pickwick-papers
Mr. Weller,Mr. Winkle,3382,pickwick-papers
Mr. Weller,Mr. Tupman,3382,pickwick-papers
Mr. Weller,Mr. Grummer,3382,pickwick-papers
Mr. Weller,Job Trotter,3382,pickwick-papers
Mr. Weller,Mr. Pickwick,3382,pickwick-papers
Mr. Weller,Mr. Muzzle,3382,pickwick-papers
Mr. Weller,Mr. Muzzle,3382,pickwick-papers
Mr. Grummer,Violent,3382,pickwick-papers
Mr. Grummer,Mr. Weller,3382,pickwick-papers
Mr. Grummer,Mr. Snodgrass,3382,pickwick-papers
Mr. Grummer,Mr. Winkle,3382,pickwick-papers
Mr. Grummer,Mr. Tupman,3382,pickwick-papers
Mr. Grummer,Mr. Weller,3382,pickwick-papers
Mr. Grummer,Job Trotter,3382,pickwick-papers
Mr. Grummer,Mr. Pickwick,3382,pickwick-papers
Mr. Grummer,Mr. Muzzle,3382,pickwick-papers
Mr. Grummer,Mr. Muzzle,3382,pickwick-papers
Job Trotter,Violent,3382,pickwick-papers
Job Trotter,Mr. Weller,3382,pickwick-papers
Job Trotter,Mr. Grummer,3382,pickwick-papers
Job Trotter,Mr. Snodgrass,3382,pickwick-papers
Job Trotter,Mr. Winkle,3382,pickwick-papers
Job Trotter,Mr. Tupman,3382,pickwick-papers
Job Trotter,Mr. Weller,3382,pickwick-papers
Job Trotter,Mr. Grummer,3382,pickwick-papers
Job Trotter,Mr. Pickwick,3382,pickwick-papers
Job Trotter,Mr. Muzzle,3382,pickwick-papers
Job Trotter,Mr. Muzzle,3382,pickwick-papers
Mr. Pickwick,Violent,3382,pickwick-papers
Mr. Pickwick,Mr. Weller,3382,pickwick-papers
Mr. Pickwick,Mr. Grummer,3382,pickwick-papers
Mr. Pickwick,Mr. Snodgrass,3382,pickwick-papers
Mr. Pickwick,Mr. Winkle,3382,pickwick-papers
Mr. Pickwick,Mr. Tupman,3382,pickwick-papers
Mr. Pickwick,Mr. Weller,3382,pickwick-papers
Mr. Pickwick,Mr. Grummer,3382,pickwick-papers
Mr. Pickwick,Job Trotter,3382,pickwick-papers
Mr. Pickwick,Mr. Muzzle,3382,pickwick-papers
Mr. Pickwick,Mr. Muzzle,3382,pickwick-papers
Mr. Muzzle,Violent,3382,pickwick-papers
Mr. Muzzle,Mr. Weller,3382,pickwick-papers
Mr. Muzzle,Mr. Grummer,3382,pickwick-papers
Mr. Muzzle,Mr. Snodgrass,3382,pickwick-papers
Mr. Muzzle,Mr. Winkle,3382,pickwick-papers
Mr. Muzzle,Mr. Tupman,3382,pickwick-papers
Mr. Muzzle,Mr. Weller,3382,pickwick-papers
Mr. Muzzle,Mr. Grummer,3382,pickwick-papers
Mr. Muzzle,Job Trotter,3382,pickwick-papers
Mr. Muzzle,Mr. Pickwick,3382,pickwick-papers
Mr. Muzzle,Violent,3382,pickwick-papers
Mr. Muzzle,Mr. Weller,3382,pickwick-papers
Mr. Muzzle,Mr. Grummer,3382,pickwick-papers
Mr. Muzzle,Mr. Snodgrass,3382,pickwick-papers
Mr. Muzzle,Mr. Winkle,3382,pickwick-papers
Mr. Muzzle,Mr. Tupman,3382,pickwick-papers
Mr. Muzzle,Mr. Weller,3382,pickwick-papers
Mr. Muzzle,Mr. Grummer,3382,pickwick-papers
Mr. Muzzle,Job Trotter,3382,pickwick-papers
Mr. Muzzle,Mr. Pickwick,3382,pickwick-papers
Mr. Pickwick,Muzzle,3383,pickwick-papers
Mr. Pickwick,Mr. Nupkins,3383,pickwick-papers
Muzzle,Mr. Pickwick,3383,pickwick-papers
Muzzle,Mr. Nupkins,3383,pickwick-papers
Mr. Nupkins,Mr. Pickwick,3383,pickwick-papers
Mr. Nupkins,Muzzle,3383,pickwick-papers
Mr. Nupkins,Mr. Jinks,3384,pickwick-papers
Mr. Nupkins,Muzzle,3384,pickwick-papers
Mr. Jinks,Mr. Nupkins,3384,pickwick-papers
Mr. Jinks,Muzzle,3384,pickwick-papers
Mr. Jinks,Mr. Nupkins,3384,pickwick-papers
Muzzle,Mr. Nupkins,3384,pickwick-papers
Muzzle,Mr. Jinks,3384,pickwick-papers
Muzzle,Mr. Nupkins,3384,pickwick-papers
Mr. Nupkins,Mr. Jinks,3384,pickwick-papers
Mr. Nupkins,Muzzle,3384,pickwick-papers
Mr. Nupkins,Mr. Pickwick,3385,pickwick-papers
Mr. Pickwick,Mr. Nupkins,3385,pickwick-papers
Pickvick,Grummer,3386,pickwick-papers
Grummer,Pickvick,3386,pickwick-papers
Mr. Weller,Grummer,3387,pickwick-papers
Mr. Weller,Mr. Tupman,3387,pickwick-papers
Mr. Weller,Mr. Snodgrass,3387,pickwick-papers
Mr. Weller,Mr. Winkle,3387,pickwick-papers
Mr. Weller,Sir,3387,pickwick-papers
Mr. Weller,Business,3387,pickwick-papers
Mr. Weller,Third,3387,pickwick-papers
Mr. Weller,Grummer,3387,pickwick-papers
Mr. Weller,Mr. Tupman,3387,pickwick-papers
Mr. Weller,Mr. Snodgrass,3387,pickwick-papers
Mr. Weller,Mr. Winkle,3387,pickwick-papers
Mr. Weller,Sir,3387,pickwick-papers
Mr. Weller,Business,3387,pickwick-papers
Mr. Weller,Third,3387,pickwick-papers
Grummer,Mr. Weller,3387,pickwick-papers
Grummer,Mr. Weller,3387,pickwick-papers
Grummer,Mr. Tupman,3387,pickwick-papers
Grummer,Mr. Snodgrass,3387,pickwick-papers
Grummer,Mr. Winkle,3387,pickwick-papers
Grummer,Sir,3387,pickwick-papers
Grummer,Business,3387,pickwick-papers
Grummer,Third,3387,pickwick-papers
Mr. Tupman,Mr. Weller,3387,pickwick-papers
Mr. Tupman,Mr. Weller,3387,pickwick-papers
Mr. Tupman,Grummer,3387,pickwick-papers
Mr. Tupman,Mr. Snodgrass,3387,pickwick-papers
Mr. Tupman,Mr. Winkle,3387,pickwick-papers
Mr. Tupman,Sir,3387,pickwick-papers
Mr. Tupman,Business,3387,pickwick-papers
Mr. Tupman,Third,3387,pickwick-papers
Mr. Snodgrass,Mr. Weller,3387,pickwick-papers
Mr. Snodgrass,Mr. Weller,3387,pickwick-papers
Mr. Snodgrass,Grummer,3387,pickwick-papers
Mr. Snodgrass,Mr. Tupman,3387,pickwick-papers
Mr. Snodgrass,Mr. Winkle,3387,pickwick-papers
Mr. Snodgrass,Sir,3387,pickwick-papers
Mr. Snodgrass,Business,3387,pickwick-papers
Mr. Snodgrass,Third,3387,pickwick-papers
Mr. Winkle,Mr. Weller,3387,pickwick-papers
Mr. Winkle,Mr. Weller,3387,pickwick-papers
Mr. Winkle,Grummer,3387,pickwick-papers
Mr. Winkle,Mr. Tupman,3387,pickwick-papers
Mr. Winkle,Mr. Snodgrass,3387,pickwick-papers
Mr. Winkle,Sir,3387,pickwick-papers
Mr. Winkle,Business,3387,pickwick-papers
Mr. Winkle,Third,3387,pickwick-papers
Sir,Mr. Weller,3387,pickwick-papers
Sir,Mr. Weller,3387,pickwick-papers
Sir,Grummer,3387,pickwick-papers
Sir,Mr. Tupman,3387,pickwick-papers
Sir,Mr. Snodgrass,3387,pickwick-papers
Sir,Mr. Winkle,3387,pickwick-papers
Sir,Business,3387,pickwick-papers
Sir,Third,3387,pickwick-papers
Business,Mr. Weller,3387,pickwick-papers
Business,Mr. Weller,3387,pickwick-papers
Business,Grummer,3387,pickwick-papers
Business,Mr. Tupman,3387,pickwick-papers
Business,Mr. Snodgrass,3387,pickwick-papers
Business,Mr. Winkle,3387,pickwick-papers
Business,Sir,3387,pickwick-papers
Business,Third,3387,pickwick-papers
Third,Mr. Weller,3387,pickwick-papers
Third,Mr. Weller,3387,pickwick-papers
Third,Grummer,3387,pickwick-papers
Third,Mr. Tupman,3387,pickwick-papers
Third,Mr. Snodgrass,3387,pickwick-papers
Third,Mr. Winkle,3387,pickwick-papers
Third,Sir,3387,pickwick-papers
Third,Business,3387,pickwick-papers
Sir,Mr. Pickwick,3392,pickwick-papers
Mr. Pickwick,Sir,3392,pickwick-papers
Mr. Nupkins,Pickwick,3393,pickwick-papers
Mr. Nupkins,Jinks,3393,pickwick-papers
Pickwick,Mr. Nupkins,3393,pickwick-papers
Pickwick,Jinks,3393,pickwick-papers
Jinks,Mr. Nupkins,3393,pickwick-papers
Jinks,Pickwick,3393,pickwick-papers
Mr.,Jinks,3394,pickwick-papers
Jinks,Mr.,3394,pickwick-papers
Jinks,Dubbley,3398,pickwick-papers
Dubbley,Jinks,3398,pickwick-papers
Mr. Jinks,Jinks,3406,pickwick-papers
Jinks,Mr. Jinks,3406,pickwick-papers
Mr. Nupkins,Sir,3411,pickwick-papers
Sir,Mr. Nupkins,3411,pickwick-papers
Sir,Grummer,3415,pickwick-papers
Grummer,Sir,3415,pickwick-papers
Mr. Nupkins,Jinks,3417,pickwick-papers
Jinks,Mr. Nupkins,3417,pickwick-papers
Mr. Nupkins,Jinks,3420,pickwick-papers
Jinks,Mr. Nupkins,3420,pickwick-papers
Sir,Jinks,3421,pickwick-papers
Jinks,Sir,3421,pickwick-papers
Jinks,Dubbley,3423,pickwick-papers
Jinks,Mr. Nupkins,3423,pickwick-papers
Dubbley,Jinks,3423,pickwick-papers
Dubbley,Mr. Nupkins,3423,pickwick-papers
Mr. Nupkins,Jinks,3423,pickwick-papers
Mr. Nupkins,Dubbley,3423,pickwick-papers
Grummer,Mr. Nupkins,3425,pickwick-papers
Grummer,Mr. Nupkins,3425,pickwick-papers
Grummer,Mr. Weller,3425,pickwick-papers
Grummer,Mr. Winkle,3425,pickwick-papers
Grummer,Mr. Snodgrass,3425,pickwick-papers
Grummer,Mr. Jinks,3425,pickwick-papers
Grummer,Mr. Nupkins,3425,pickwick-papers
Grummer,Mr. Nupkins,3425,pickwick-papers
Grummer,Mr. Weller,3425,pickwick-papers
Grummer,Mr. Winkle,3425,pickwick-papers
Grummer,Mr. Snodgrass,3425,pickwick-papers
Grummer,Mr. Jinks,3425,pickwick-papers
Mr. Nupkins,Grummer,3425,pickwick-papers
Mr. Nupkins,Grummer,3425,pickwick-papers
Mr. Nupkins,Grummer,3425,pickwick-papers
Mr. Nupkins,Mr. Weller,3425,pickwick-papers
Mr. Nupkins,Mr. Winkle,3425,pickwick-papers
Mr. Nupkins,Mr. Snodgrass,3425,pickwick-papers
Mr. Nupkins,Mr. Jinks,3425,pickwick-papers
Mr. Nupkins,Grummer,3425,pickwick-papers
Mr. Nupkins,Grummer,3425,pickwick-papers
Mr. Nupkins,Grummer,3425,pickwick-papers
Mr. Nupkins,Mr. Weller,3425,pickwick-papers
Mr. Nupkins,Mr. Winkle,3425,pickwick-papers
Mr. Nupkins,Mr. Snodgrass,3425,pickwick-papers
Mr. Nupkins,Mr. Jinks,3425,pickwick-papers
Grummer,Mr. Nupkins,3425,pickwick-papers
Grummer,Mr. Nupkins,3425,pickwick-papers
Grummer,Mr. Weller,3425,pickwick-papers
Grummer,Mr. Winkle,3425,pickwick-papers
Grummer,Mr. Snodgrass,3425,pickwick-papers
Grummer,Mr. Jinks,3425,pickwick-papers
Mr. Weller,Grummer,3425,pickwick-papers
Mr. Weller,Grummer,3425,pickwick-papers
Mr. Weller,Mr. Nupkins,3425,pickwick-papers
Mr. Weller,Mr. Nupkins,3425,pickwick-papers
Mr. Weller,Grummer,3425,pickwick-papers
Mr. Weller,Mr. Winkle,3425,pickwick-papers
Mr. Weller,Mr. Snodgrass,3425,pickwick-papers
Mr. Weller,Mr. Jinks,3425,pickwick-papers
Mr. Winkle,Grummer,3425,pickwick-papers
Mr. Winkle,Grummer,3425,pickwick-papers
Mr. Winkle,Mr. Nupkins,3425,pickwick-papers
Mr. Winkle,Mr. Nupkins,3425,pickwick-papers
Mr. Winkle,Grummer,3425,pickwick-papers
Mr. Winkle,Mr. Weller,3425,pickwick-papers
Mr. Winkle,Mr. Snodgrass,3425,pickwick-papers
Mr. Winkle,Mr. Jinks,3425,pickwick-papers
Mr. Snodgrass,Grummer,3425,pickwick-papers
Mr. Snodgrass,Grummer,3425,pickwick-papers
Mr. Snodgrass,Mr. Nupkins,3425,pickwick-papers
Mr. Snodgrass,Mr. Nupkins,3425,pickwick-papers
Mr. Snodgrass,Grummer,3425,pickwick-papers
Mr. Snodgrass,Mr. Weller,3425,pickwick-papers
Mr. Snodgrass,Mr. Winkle,3425,pickwick-papers
Mr. Snodgrass,Mr. Jinks,3425,pickwick-papers
Mr. Jinks,Grummer,3425,pickwick-papers
Mr. Jinks,Grummer,3425,pickwick-papers
Mr. Jinks,Mr. Nupkins,3425,pickwick-papers
Mr. Jinks,Mr. Nupkins,3425,pickwick-papers
Mr. Jinks,Grummer,3425,pickwick-papers
Mr. Jinks,Mr. Weller,3425,pickwick-papers
Mr. Jinks,Mr. Winkle,3425,pickwick-papers
Mr. Jinks,Mr. Snodgrass,3425,pickwick-papers
Mr. Jinks,Mr. Pickwick,3426,pickwick-papers
Mr. Pickwick,Mr. Jinks,3426,pickwick-papers
Sir,Mr. Pickwick,3429,pickwick-papers
Mr. Pickwick,Sir,3429,pickwick-papers
Sir,Mr. Pickwick,3431,pickwick-papers
Mr. Pickwick,Sir,3431,pickwick-papers
Mr. Pickwick,Sir,3431,pickwick-papers
Sir,Mr. Pickwick,3431,pickwick-papers
Sir,Sam,3434,pickwick-papers
Sam,Sir,3434,pickwick-papers
Mr.,Nupkins,3435,pickwick-papers
Mr.,Mr. Pickwick,3435,pickwick-papers
Mr.,Mr. Jinks,3435,pickwick-papers
Mr.,Jinks,3435,pickwick-papers
Nupkins,Mr.,3435,pickwick-papers
Nupkins,Mr. Pickwick,3435,pickwick-papers
Nupkins,Mr. Jinks,3435,pickwick-papers
Nupkins,Jinks,3435,pickwick-papers
Mr. Pickwick,Mr.,3435,pickwick-papers
Mr. Pickwick,Nupkins,3435,pickwick-papers
Mr. Pickwick,Mr. Jinks,3435,pickwick-papers
Mr. Pickwick,Jinks,3435,pickwick-papers
Mr. Jinks,Mr.,3435,pickwick-papers
Mr. Jinks,Nupkins,3435,pickwick-papers
Mr. Jinks,Mr. Pickwick,3435,pickwick-papers
Mr. Jinks,Jinks,3435,pickwick-papers
Jinks,Mr.,3435,pickwick-papers
Jinks,Nupkins,3435,pickwick-papers
Jinks,Mr. Pickwick,3435,pickwick-papers
Jinks,Mr. Jinks,3435,pickwick-papers
Mr. Pickwick,Nupkins,3437,pickwick-papers
Nupkins,Mr. Pickwick,3437,pickwick-papers
Tupman,Jinks,3440,pickwick-papers
Jinks,Tupman,3440,pickwick-papers
Sir,Mr. Pickwick,3453,pickwick-papers
Sir,Mr. Tupman,3453,pickwick-papers
Mr. Pickwick,Sir,3453,pickwick-papers
Mr. Pickwick,Mr. Tupman,3453,pickwick-papers
Mr. Tupman,Sir,3453,pickwick-papers
Mr. Tupman,Mr. Pickwick,3453,pickwick-papers
Mr.,Pickwick,3457,pickwick-papers
Mr.,Mr. Weller,3457,pickwick-papers
Mr.,Mr. Nupkins,3457,pickwick-papers
Pickwick,Mr.,3457,pickwick-papers
Pickwick,Mr. Weller,3457,pickwick-papers
Pickwick,Mr. Nupkins,3457,pickwick-papers
Mr. Weller,Mr.,3457,pickwick-papers
Mr. Weller,Pickwick,3457,pickwick-papers
Mr. Weller,Mr. Nupkins,3457,pickwick-papers
Mr. Nupkins,Mr.,3457,pickwick-papers
Mr. Nupkins,Pickwick,3457,pickwick-papers
Mr. Nupkins,Mr. Weller,3457,pickwick-papers
Majesty,Daniel Grummer,3458,pickwick-papers
Majesty,Pickwick,3458,pickwick-papers
Daniel Grummer,Majesty,3458,pickwick-papers
Daniel Grummer,Pickwick,3458,pickwick-papers
Pickwick,Majesty,3458,pickwick-papers
Pickwick,Daniel Grummer,3458,pickwick-papers
Mr. Jinks,Mr. Nupkins,3464,pickwick-papers
Mr. Jinks,Weller,3464,pickwick-papers
Mr. Jinks,Julius Caesar,3464,pickwick-papers
Mr. Jinks,Mr. Perceval,3464,pickwick-papers
Mr. Jinks,Mr. Nupkins,3464,pickwick-papers
Mr. Jinks,Weller,3464,pickwick-papers
Mr. Jinks,Julius Caesar,3464,pickwick-papers
Mr. Jinks,Mr. Perceval,3464,pickwick-papers
Mr. Nupkins,Mr. Jinks,3464,pickwick-papers
Mr. Nupkins,Mr. Jinks,3464,pickwick-papers
Mr. Nupkins,Weller,3464,pickwick-papers
Mr. Nupkins,Julius Caesar,3464,pickwick-papers
Mr. Nupkins,Mr. Perceval,3464,pickwick-papers
Weller,Mr. Jinks,3464,pickwick-papers
Weller,Mr. Jinks,3464,pickwick-papers
Weller,Mr. Nupkins,3464,pickwick-papers
Weller,Julius Caesar,3464,pickwick-papers
Weller,Mr. Perceval,3464,pickwick-papers
Julius Caesar,Mr. Jinks,3464,pickwick-papers
Julius Caesar,Mr. Jinks,3464,pickwick-papers
Julius Caesar,Mr. Nupkins,3464,pickwick-papers
Julius Caesar,Weller,3464,pickwick-papers
Julius Caesar,Mr. Perceval,3464,pickwick-papers
Mr. Perceval,Mr. Jinks,3464,pickwick-papers
Mr. Perceval,Mr. Jinks,3464,pickwick-papers
Mr. Perceval,Mr. Nupkins,3464,pickwick-papers
Mr. Perceval,Weller,3464,pickwick-papers
Mr. Perceval,Julius Caesar,3464,pickwick-papers
Mr. Pickwick,Mr. Jinks,3465,pickwick-papers
Mr. Jinks,Mr. Pickwick,3465,pickwick-papers
Jinks,Mr. Nupkins,3466,pickwick-papers
Mr. Nupkins,Jinks,3466,pickwick-papers
Mr.,Nupkins,3470,pickwick-papers
Mr.,Mr. Pickwick,3470,pickwick-papers
Mr.,Sam,3470,pickwick-papers
Mr.,Mr. Pickwick,3470,pickwick-papers
Mr.,Mr. Nupkins,3470,pickwick-papers
Nupkins,Mr.,3470,pickwick-papers
Nupkins,Mr. Pickwick,3470,pickwick-papers
Nupkins,Sam,3470,pickwick-papers
Nupkins,Mr. Pickwick,3470,pickwick-papers
Nupkins,Mr. Nupkins,3470,pickwick-papers
Mr. Pickwick,Mr.,3470,pickwick-papers
Mr. Pickwick,Nupkins,3470,pickwick-papers
Mr. Pickwick,Sam,3470,pickwick-papers
Mr. Pickwick,Mr. Nupkins,3470,pickwick-papers
Sam,Mr.,3470,pickwick-papers
Sam,Nupkins,3470,pickwick-papers
Sam,Mr. Pickwick,3470,pickwick-papers
Sam,Mr. Pickwick,3470,pickwick-papers
Sam,Mr. Nupkins,3470,pickwick-papers
Mr. Pickwick,Mr.,3470,pickwick-papers
Mr. Pickwick,Nupkins,3470,pickwick-papers
Mr. Pickwick,Sam,3470,pickwick-papers
Mr. Pickwick,Mr. Nupkins,3470,pickwick-papers
Mr. Nupkins,Mr.,3470,pickwick-papers
Mr. Nupkins,Nupkins,3470,pickwick-papers
Mr. Nupkins,Mr. Pickwick,3470,pickwick-papers
Mr. Nupkins,Sam,3470,pickwick-papers
Mr. Nupkins,Mr. Pickwick,3470,pickwick-papers
Mr. Pickwick,Sir,3471,pickwick-papers
Sir,Mr. Pickwick,3471,pickwick-papers
Sir,Mr. Weller,3474,pickwick-papers
Mr. Weller,Sir,3474,pickwick-papers
Sir,Mr. Pickwick,3475,pickwick-papers
Sir,Mr. Pickwick,3475,pickwick-papers
Sir,Mr. Nupkins,3475,pickwick-papers
Mr. Pickwick,Sir,3475,pickwick-papers
Mr. Pickwick,Mr. Nupkins,3475,pickwick-papers
Mr. Pickwick,Sir,3475,pickwick-papers
Mr. Pickwick,Mr. Nupkins,3475,pickwick-papers
Mr. Nupkins,Sir,3475,pickwick-papers
Mr. Nupkins,Mr. Pickwick,3475,pickwick-papers
Mr. Nupkins,Mr. Pickwick,3475,pickwick-papers
Mr. Nupkins,Sir,3476,pickwick-papers
Sir,Mr. Nupkins,3476,pickwick-papers
Sir,Mr. Pickwick,3477,pickwick-papers
Mr. Pickwick,Sir,3477,pickwick-papers
Mr. Nupkins,Mr.,3478,pickwick-papers
Mr.,Mr. Nupkins,3478,pickwick-papers
Sam,Job Trotter,3481,pickwick-papers
Job Trotter,Sam,3481,pickwick-papers
Sir,Mr. Pickwick,3482,pickwick-papers
Mr. Pickwick,Sir,3482,pickwick-papers
Mr.,Pickwick,3483,pickwick-papers
Mr.,Mr. Nupkins,3483,pickwick-papers
Mr.,Mr. Jingle,3483,pickwick-papers
Mr.,Miss Wardle,3483,pickwick-papers
Mr.,Mr. Pickwick,3483,pickwick-papers
Pickwick,Mr.,3483,pickwick-papers
Pickwick,Mr. Nupkins,3483,pickwick-papers
Pickwick,Mr. Jingle,3483,pickwick-papers
Pickwick,Miss Wardle,3483,pickwick-papers
Pickwick,Mr. Pickwick,3483,pickwick-papers
Mr. Nupkins,Mr.,3483,pickwick-papers
Mr. Nupkins,Pickwick,3483,pickwick-papers
Mr. Nupkins,Mr. Jingle,3483,pickwick-papers
Mr. Nupkins,Miss Wardle,3483,pickwick-papers
Mr. Nupkins,Mr. Pickwick,3483,pickwick-papers
Mr. Jingle,Mr.,3483,pickwick-papers
Mr. Jingle,Pickwick,3483,pickwick-papers
Mr. Jingle,Mr. Nupkins,3483,pickwick-papers
Mr. Jingle,Miss Wardle,3483,pickwick-papers
Mr. Jingle,Mr. Pickwick,3483,pickwick-papers
Miss Wardle,Mr.,3483,pickwick-papers
Miss Wardle,Pickwick,3483,pickwick-papers
Miss Wardle,Mr. Nupkins,3483,pickwick-papers
Miss Wardle,Mr. Jingle,3483,pickwick-papers
Miss Wardle,Mr. Pickwick,3483,pickwick-papers
Mr. Pickwick,Mr.,3483,pickwick-papers
Mr. Pickwick,Pickwick,3483,pickwick-papers
Mr. Pickwick,Mr. Nupkins,3483,pickwick-papers
Mr. Pickwick,Mr. Jingle,3483,pickwick-papers
Mr. Pickwick,Miss Wardle,3483,pickwick-papers
Mr. Nupkins,Miss Nupkins,3484,pickwick-papers
Mr. Nupkins,Captain,3484,pickwick-papers
Mr. Nupkins,Captain Fitz-Marshall,3484,pickwick-papers
Mr. Nupkins,Captain,3484,pickwick-papers
Mr. Nupkins,Mr. Sidney Porkenham,3484,pickwick-papers
Mr. Nupkins,Mr. Sidney Porkenham,3484,pickwick-papers
Mr. Nupkins,Nupkins,3484,pickwick-papers
Miss Nupkins,Mr. Nupkins,3484,pickwick-papers
Miss Nupkins,Captain,3484,pickwick-papers
Miss Nupkins,Captain Fitz-Marshall,3484,pickwick-papers
Miss Nupkins,Captain,3484,pickwick-papers
Miss Nupkins,Mr. Sidney Porkenham,3484,pickwick-papers
Miss Nupkins,Mr. Sidney Porkenham,3484,pickwick-papers
Miss Nupkins,Nupkins,3484,pickwick-papers
Captain,Mr. Nupkins,3484,pickwick-papers
Captain,Miss Nupkins,3484,pickwick-papers
Captain,Captain Fitz-Marshall,3484,pickwick-papers
Captain,Mr. Sidney Porkenham,3484,pickwick-papers
Captain,Mr. Sidney Porkenham,3484,pickwick-papers
Captain,Nupkins,3484,pickwick-papers
Captain Fitz-Marshall,Mr. Nupkins,3484,pickwick-papers
Captain Fitz-Marshall,Miss Nupkins,3484,pickwick-papers
Captain Fitz-Marshall,Captain,3484,pickwick-papers
Captain Fitz-Marshall,Captain,3484,pickwick-papers
Captain Fitz-Marshall,Mr. Sidney Porkenham,3484,pickwick-papers
Captain Fitz-Marshall,Mr. Sidney Porkenham,3484,pickwick-papers
Captain Fitz-Marshall,Nupkins,3484,pickwick-papers
Captain,Mr. Nupkins,3484,pickwick-papers
Captain,Miss Nupkins,3484,pickwick-papers
Captain,Captain Fitz-Marshall,3484,pickwick-papers
Captain,Mr. Sidney Porkenham,3484,pickwick-papers
Captain,Mr. Sidney Porkenham,3484,pickwick-papers
Captain,Nupkins,3484,pickwick-papers
Mr. Sidney Porkenham,Mr. Nupkins,3484,pickwick-papers
Mr. Sidney Porkenham,Miss Nupkins,3484,pickwick-papers
Mr. Sidney Porkenham,Captain,3484,pickwick-papers
Mr. Sidney Porkenham,Captain Fitz-Marshall,3484,pickwick-papers
Mr. Sidney Porkenham,Captain,3484,pickwick-papers
Mr. Sidney Porkenham,Nupkins,3484,pickwick-papers
Mr. Sidney Porkenham,Mr. Nupkins,3484,pickwick-papers
Mr. Sidney Porkenham,Miss Nupkins,3484,pickwick-papers
Mr. Sidney Porkenham,Captain,3484,pickwick-papers
Mr. Sidney Porkenham,Captain Fitz-Marshall,3484,pickwick-papers
Mr. Sidney Porkenham,Captain,3484,pickwick-papers
Mr. Sidney Porkenham,Nupkins,3484,pickwick-papers
Nupkins,Mr. Nupkins,3484,pickwick-papers
Nupkins,Miss Nupkins,3484,pickwick-papers
Nupkins,Captain,3484,pickwick-papers
Nupkins,Captain Fitz-Marshall,3484,pickwick-papers
Nupkins,Captain,3484,pickwick-papers
Nupkins,Mr. Sidney Porkenham,3484,pickwick-papers
Nupkins,Mr. Sidney Porkenham,3484,pickwick-papers
Mr. Nupkins,Mr. Pickwick,3487,pickwick-papers
Mr. Nupkins,Pray,3487,pickwick-papers
Mr. Pickwick,Mr. Nupkins,3487,pickwick-papers
Mr. Pickwick,Pray,3487,pickwick-papers
Pray,Mr. Nupkins,3487,pickwick-papers
Pray,Mr. Pickwick,3487,pickwick-papers
Sir,Jinks,3494,pickwick-papers
Jinks,Sir,3494,pickwick-papers
Grummer,Mr. Jinks,3496,pickwick-papers
Grummer,Mr. Nupkins,3496,pickwick-papers
Grummer,Mr. Jinks,3496,pickwick-papers
Grummer,Mr. Grummer,3496,pickwick-papers
Mr. Jinks,Grummer,3496,pickwick-papers
Mr. Jinks,Mr. Nupkins,3496,pickwick-papers
Mr. Jinks,Mr. Grummer,3496,pickwick-papers
Mr. Nupkins,Grummer,3496,pickwick-papers
Mr. Nupkins,Mr. Jinks,3496,pickwick-papers
Mr. Nupkins,Mr. Jinks,3496,pickwick-papers
Mr. Nupkins,Mr. Grummer,3496,pickwick-papers
Mr. Jinks,Grummer,3496,pickwick-papers
Mr. Jinks,Mr. Nupkins,3496,pickwick-papers
Mr. Jinks,Mr. Grummer,3496,pickwick-papers
Mr. Grummer,Grummer,3496,pickwick-papers
Mr. Grummer,Mr. Jinks,3496,pickwick-papers
Mr. Grummer,Mr. Nupkins,3496,pickwick-papers
Mr. Grummer,Mr. Jinks,3496,pickwick-papers
Nupkins,Miss Nupkins,3497,pickwick-papers
Nupkins,Mr. Nupkins,3497,pickwick-papers
Nupkins,Mr. Nupkins,3497,pickwick-papers
Nupkins,Mr. Pickwick,3497,pickwick-papers
Nupkins,Mr. Nupkins,3497,pickwick-papers
Miss Nupkins,Nupkins,3497,pickwick-papers
Miss Nupkins,Mr. Nupkins,3497,pickwick-papers
Miss Nupkins,Mr. Nupkins,3497,pickwick-papers
Miss Nupkins,Mr. Pickwick,3497,pickwick-papers
Miss Nupkins,Mr. Nupkins,3497,pickwick-papers
Mr. Nupkins,Nupkins,3497,pickwick-papers
Mr. Nupkins,Miss Nupkins,3497,pickwick-papers
Mr. Nupkins,Mr. Pickwick,3497,pickwick-papers
Mr. Nupkins,Nupkins,3497,pickwick-papers
Mr. Nupkins,Miss Nupkins,3497,pickwick-papers
Mr. Nupkins,Mr. Pickwick,3497,pickwick-papers
Mr. Pickwick,Nupkins,3497,pickwick-papers
Mr. Pickwick,Miss Nupkins,3497,pickwick-papers
Mr. Pickwick,Mr. Nupkins,3497,pickwick-papers
Mr. Pickwick,Mr. Nupkins,3497,pickwick-papers
Mr. Pickwick,Mr. Nupkins,3497,pickwick-papers
Mr. Nupkins,Nupkins,3497,pickwick-papers
Mr. Nupkins,Miss Nupkins,3497,pickwick-papers
Mr. Nupkins,Mr. Pickwick,3497,pickwick-papers
Henrietta,Nupkins,3503,pickwick-papers
Nupkins,Henrietta,3503,pickwick-papers
Nupkins,Mr. Pickwick,3510,pickwick-papers
Nupkins,Mr. Pickwick,3510,pickwick-papers
Mr. Pickwick,Nupkins,3510,pickwick-papers
Mr. Pickwick,Nupkins,3510,pickwick-papers
Nupkins,Miss Nupkins,3511,pickwick-papers
Nupkins,Mr. Nupkins,3511,pickwick-papers
Nupkins,Mr. Pickwick,3511,pickwick-papers
Nupkins,Mr. Weller,3511,pickwick-papers
Nupkins,Mr. Muzzle,3511,pickwick-papers
Miss Nupkins,Nupkins,3511,pickwick-papers
Miss Nupkins,Mr. Nupkins,3511,pickwick-papers
Miss Nupkins,Nupkins,3511,pickwick-papers
Miss Nupkins,Mr. Pickwick,3511,pickwick-papers
Miss Nupkins,Mr. Weller,3511,pickwick-papers
Miss Nupkins,Mr. Muzzle,3511,pickwick-papers
Mr. Nupkins,Nupkins,3511,pickwick-papers
Mr. Nupkins,Miss Nupkins,3511,pickwick-papers
Mr. Nupkins,Nupkins,3511,pickwick-papers
Mr. Nupkins,Mr. Pickwick,3511,pickwick-papers
Mr. Nupkins,Mr. Weller,3511,pickwick-papers
Mr. Nupkins,Mr. Muzzle,3511,pickwick-papers
Nupkins,Miss Nupkins,3511,pickwick-papers
Nupkins,Mr. Nupkins,3511,pickwick-papers
Nupkins,Mr. Pickwick,3511,pickwick-papers
Nupkins,Mr. Weller,3511,pickwick-papers
Nupkins,Mr. Muzzle,3511,pickwick-papers
Mr. Pickwick,Nupkins,3511,pickwick-papers
Mr. Pickwick,Miss Nupkins,3511,pickwick-papers
Mr. Pickwick,Mr. Nupkins,3511,pickwick-papers
Mr. Pickwick,Nupkins,3511,pickwick-papers
Mr. Pickwick,Mr. Weller,3511,pickwick-papers
Mr. Pickwick,Mr. Muzzle,3511,pickwick-papers
Mr. Weller,Nupkins,3511,pickwick-papers
Mr. Weller,Miss Nupkins,3511,pickwick-papers
Mr. Weller,Mr. Nupkins,3511,pickwick-papers
Mr. Weller,Nupkins,3511,pickwick-papers
Mr. Weller,Mr. Pickwick,3511,pickwick-papers
Mr. Weller,Mr. Muzzle,3511,pickwick-papers
Mr. Muzzle,Nupkins,3511,pickwick-papers
Mr. Muzzle,Miss Nupkins,3511,pickwick-papers
Mr. Muzzle,Mr. Nupkins,3511,pickwick-papers
Mr. Muzzle,Nupkins,3511,pickwick-papers
Mr. Muzzle,Mr. Pickwick,3511,pickwick-papers
Mr. Muzzle,Mr. Weller,3511,pickwick-papers
Mr. Muzzle,Mr. Weller,3512,pickwick-papers
Mr. Weller,Mr. Muzzle,3512,pickwick-papers
Mr. Muzzle,Lord,3514,pickwick-papers
Mr. Muzzle,Mr. Weller,3514,pickwick-papers
Lord,Mr. Muzzle,3514,pickwick-papers
Lord,Mr. Weller,3514,pickwick-papers
Mr. Weller,Mr. Muzzle,3514,pickwick-papers
Mr. Weller,Lord,3514,pickwick-papers
Mr. Muzzle,Mr. Weller,3520,pickwick-papers
Mr. Muzzle,Sir,3520,pickwick-papers
Mr. Weller,Mr. Muzzle,3520,pickwick-papers
Mr. Weller,Sir,3520,pickwick-papers
Sir,Mr. Muzzle,3520,pickwick-papers
Sir,Mr. Weller,3520,pickwick-papers
Mr. Muzzle,Mr. Weller,3526,pickwick-papers
Mr. Weller,Mr. Muzzle,3526,pickwick-papers
Mr. Weller,Mr. Muzzle,3527,pickwick-papers
Mr. Muzzle,Mr. Weller,3527,pickwick-papers
Mr. Muzzle,Mr. Weller,3528,pickwick-papers
Mr. Weller,Mr. Muzzle,3528,pickwick-papers
Weller,Mary,3530,pickwick-papers
Mary,Weller,3530,pickwick-papers
Mr. Muzzle,Weller,3532,pickwick-papers
Weller,Mr. Muzzle,3532,pickwick-papers
Mr.,Weller,3535,pickwick-papers
Weller,Mr.,3535,pickwick-papers
Mr. Weller,Muzzle,3539,pickwick-papers
Muzzle,Mr. Weller,3539,pickwick-papers
Weller,Mary,3544,pickwick-papers
Mary,Weller,3544,pickwick-papers
Mary,Mr. Samuel Weller,3548,pickwick-papers
Mr. Samuel Weller,Mary,3548,pickwick-papers
Mr. Weller,Mr. Muzzle,3549,pickwick-papers
Mr. Weller,Mr. Job Trotter,3549,pickwick-papers
Mr. Muzzle,Mr. Weller,3549,pickwick-papers
Mr. Muzzle,Mr. Job Trotter,3549,pickwick-papers
Mr. Job Trotter,Mr. Weller,3549,pickwick-papers
Mr. Job Trotter,Mr. Muzzle,3549,pickwick-papers
Mr. Job Trotter,Mr. Trotter,3550,pickwick-papers
Mr. Job Trotter,Mr. Weller,3550,pickwick-papers
Mr. Trotter,Mr. Job Trotter,3550,pickwick-papers
Mr. Trotter,Mr. Weller,3550,pickwick-papers
Mr. Weller,Mr. Job Trotter,3550,pickwick-papers
Mr. Weller,Mr. Trotter,3550,pickwick-papers
Mr. Weller,Mr. Muzzle,3552,pickwick-papers
Mr. Muzzle,Mr. Weller,3552,pickwick-papers
Mr.,Trotter,3558,pickwick-papers
Mr.,Mr. Weller,3558,pickwick-papers
Mr.,Mr. Muzzle,3558,pickwick-papers
Trotter,Mr.,3558,pickwick-papers
Trotter,Mr. Weller,3558,pickwick-papers
Trotter,Mr. Muzzle,3558,pickwick-papers
Mr. Weller,Mr.,3558,pickwick-papers
Mr. Weller,Trotter,3558,pickwick-papers
Mr. Weller,Mr. Muzzle,3558,pickwick-papers
Mr. Muzzle,Mr.,3558,pickwick-papers
Mr. Muzzle,Trotter,3558,pickwick-papers
Mr. Muzzle,Mr. Weller,3558,pickwick-papers
Mr. Muzzle,Sir,3562,pickwick-papers
Mr. Muzzle,Sir,3562,pickwick-papers
Sir,Mr. Muzzle,3562,pickwick-papers
Sir,Mr. Muzzle,3562,pickwick-papers
Mr. Trotter,Mr. Muzzle,3564,pickwick-papers
Mr. Muzzle,Mr. Trotter,3564,pickwick-papers
Mr.,Muzzle,3566,pickwick-papers
Mr.,Mr. Trotter,3566,pickwick-papers
Muzzle,Mr.,3566,pickwick-papers
Muzzle,Mr. Trotter,3566,pickwick-papers
Mr. Trotter,Mr.,3566,pickwick-papers
Mr. Trotter,Muzzle,3566,pickwick-papers
Mr. Muzzle,Sir,3567,pickwick-papers
Mr. Muzzle,Sir,3567,pickwick-papers
Mr. Muzzle,Mr. Weller,3567,pickwick-papers
Mr. Muzzle,Sir,3567,pickwick-papers
Sir,Mr. Muzzle,3567,pickwick-papers
Sir,Mr. Weller,3567,pickwick-papers
Sir,Mr. Muzzle,3567,pickwick-papers
Sir,Mr. Weller,3567,pickwick-papers
Mr. Weller,Mr. Muzzle,3567,pickwick-papers
Mr. Weller,Sir,3567,pickwick-papers
Mr. Weller,Sir,3567,pickwick-papers
Mr. Weller,Sir,3567,pickwick-papers
Sir,Mr. Muzzle,3567,pickwick-papers
Sir,Mr. Weller,3567,pickwick-papers
Mr. Muzzle,Mr. Job Trotter,3569,pickwick-papers
Mr. Job Trotter,Mr. Muzzle,3569,pickwick-papers
Mr. Job Trotter,Mr. Muzzle,3569,pickwick-papers
Mr. Muzzle,Mr. Job Trotter,3569,pickwick-papers
Job Trotter,Sam,3571,pickwick-papers
Job Trotter,Mr. Trotter,3571,pickwick-papers
Job Trotter,Sam,3571,pickwick-papers
Job Trotter,Mr. Muzzle,3571,pickwick-papers
Sam,Job Trotter,3571,pickwick-papers
Sam,Mr. Trotter,3571,pickwick-papers
Sam,Mr. Muzzle,3571,pickwick-papers
Mr. Trotter,Job Trotter,3571,pickwick-papers
Mr. Trotter,Sam,3571,pickwick-papers
Mr. Trotter,Sam,3571,pickwick-papers
Mr. Trotter,Mr. Muzzle,3571,pickwick-papers
Sam,Job Trotter,3571,pickwick-papers
Sam,Mr. Trotter,3571,pickwick-papers
Sam,Mr. Muzzle,3571,pickwick-papers
Mr. Muzzle,Job Trotter,3571,pickwick-papers
Mr. Muzzle,Sam,3571,pickwick-papers
Mr. Muzzle,Mr. Trotter,3571,pickwick-papers
Mr. Muzzle,Sam,3571,pickwick-papers
Alfred Jingle,Esquire,3572,pickwick-papers
Alfred Jingle,Captain Fitz-Marshall,3572,pickwick-papers
Alfred Jingle,Mr. Pickwick,3572,pickwick-papers
Alfred Jingle,Mr. Tupman,3572,pickwick-papers
Alfred Jingle,Mr. Nupkins,3572,pickwick-papers
Alfred Jingle,Miss Nupkins,3572,pickwick-papers
Esquire,Alfred Jingle,3572,pickwick-papers
Esquire,Captain Fitz-Marshall,3572,pickwick-papers
Esquire,Mr. Pickwick,3572,pickwick-papers
Esquire,Mr. Tupman,3572,pickwick-papers
Esquire,Mr. Nupkins,3572,pickwick-papers
Esquire,Miss Nupkins,3572,pickwick-papers
Captain Fitz-Marshall,Alfred Jingle,3572,pickwick-papers
Captain Fitz-Marshall,Esquire,3572,pickwick-papers
Captain Fitz-Marshall,Mr. Pickwick,3572,pickwick-papers
Captain Fitz-Marshall,Mr. Tupman,3572,pickwick-papers
Captain Fitz-Marshall,Mr. Nupkins,3572,pickwick-papers
Captain Fitz-Marshall,Miss Nupkins,3572,pickwick-papers
Mr. Pickwick,Alfred Jingle,3572,pickwick-papers
Mr. Pickwick,Esquire,3572,pickwick-papers
Mr. Pickwick,Captain Fitz-Marshall,3572,pickwick-papers
Mr. Pickwick,Mr. Tupman,3572,pickwick-papers
Mr. Pickwick,Mr. Nupkins,3572,pickwick-papers
Mr. Pickwick,Miss Nupkins,3572,pickwick-papers
Mr. Tupman,Alfred Jingle,3572,pickwick-papers
Mr. Tupman,Esquire,3572,pickwick-papers
Mr. Tupman,Captain Fitz-Marshall,3572,pickwick-papers
Mr. Tupman,Mr. Pickwick,3572,pickwick-papers
Mr. Tupman,Mr. Nupkins,3572,pickwick-papers
Mr. Tupman,Miss Nupkins,3572,pickwick-papers
Mr. Nupkins,Alfred Jingle,3572,pickwick-papers
Mr. Nupkins,Esquire,3572,pickwick-papers
Mr. Nupkins,Captain Fitz-Marshall,3572,pickwick-papers
Mr. Nupkins,Mr. Pickwick,3572,pickwick-papers
Mr. Nupkins,Mr. Tupman,3572,pickwick-papers
Mr. Nupkins,Miss Nupkins,3572,pickwick-papers
Miss Nupkins,Alfred Jingle,3572,pickwick-papers
Miss Nupkins,Esquire,3572,pickwick-papers
Miss Nupkins,Captain Fitz-Marshall,3572,pickwick-papers
Miss Nupkins,Mr. Pickwick,3572,pickwick-papers
Miss Nupkins,Mr. Tupman,3572,pickwick-papers
Miss Nupkins,Mr. Nupkins,3572,pickwick-papers
Mr. Nupkins,Job,3573,pickwick-papers
Job,Mr. Nupkins,3573,pickwick-papers
Jingle,Sidney Porkenham,3577,pickwick-papers
Jingle,Job,3577,pickwick-papers
Sidney Porkenham,Jingle,3577,pickwick-papers
Sidney Porkenham,Job,3577,pickwick-papers
Job,Jingle,3577,pickwick-papers
Job,Sidney Porkenham,3577,pickwick-papers
Mr. Jingle,Job,3578,pickwick-papers
Job,Mr. Jingle,3578,pickwick-papers
Mr. Pickwick,Jingle,3586,pickwick-papers
Jingle,Mr. Pickwick,3586,pickwick-papers
Job,Trotter,3588,pickwick-papers
Trotter,Job,3588,pickwick-papers
Mr. Pickwick,Sir,3589,pickwick-papers
Sir,Mr. Pickwick,3589,pickwick-papers
Mr. Pickwick,Job Trotter,3590,pickwick-papers
Job Trotter,Mr. Pickwick,3590,pickwick-papers
Jingle,Pickwick,3592,pickwick-papers
Jingle,Job,3592,pickwick-papers
Pickwick,Jingle,3592,pickwick-papers
Pickwick,Job,3592,pickwick-papers
Job,Jingle,3592,pickwick-papers
Job,Pickwick,3592,pickwick-papers
Mr. Jingle,Job Trotter,3593,pickwick-papers
Mr. Jingle,Mr. Pickwick,3593,pickwick-papers
Mr. Jingle,Mr. Weller,3593,pickwick-papers
Job Trotter,Mr. Jingle,3593,pickwick-papers
Job Trotter,Mr. Pickwick,3593,pickwick-papers
Job Trotter,Mr. Weller,3593,pickwick-papers
Mr. Pickwick,Mr. Jingle,3593,pickwick-papers
Mr. Pickwick,Job Trotter,3593,pickwick-papers
Mr. Pickwick,Mr. Weller,3593,pickwick-papers
Mr. Weller,Mr. Jingle,3593,pickwick-papers
Mr. Weller,Job Trotter,3593,pickwick-papers
Mr. Weller,Mr. Pickwick,3593,pickwick-papers
Mr. Pickwick,Mr. Weller,3594,pickwick-papers
Mr. Weller,Mr. Pickwick,3594,pickwick-papers
Mr.,Weller,3597,pickwick-papers
Weller,Mr.,3597,pickwick-papers
Sir,Mr. Weller,3601,pickwick-papers
Mr. Weller,Sir,3601,pickwick-papers
Mr. Weller,Mr. Muzzle,3603,pickwick-papers
Mr. Weller,Mr. Jingle,3603,pickwick-papers
Mr. Muzzle,Mr. Weller,3603,pickwick-papers
Mr. Muzzle,Mr. Jingle,3603,pickwick-papers
Mr. Jingle,Mr. Weller,3603,pickwick-papers
Mr. Jingle,Mr. Muzzle,3603,pickwick-papers
Sir,Mr. Pickwick,3604,pickwick-papers
Sir,Mr. Nupkins,3604,pickwick-papers
Mr. Pickwick,Sir,3604,pickwick-papers
Mr. Pickwick,Mr. Nupkins,3604,pickwick-papers
Mr. Nupkins,Sir,3604,pickwick-papers
Mr. Nupkins,Mr. Pickwick,3604,pickwick-papers
Sam,Mr. Pickwick,3606,pickwick-papers
Mr. Pickwick,Sam,3606,pickwick-papers
Sir,Sam,3607,pickwick-papers
Sam,Sir,3607,pickwick-papers
Sir,Sam,3622,pickwick-papers
Sam,Sir,3622,pickwick-papers
Sir,Sam,3624,pickwick-papers
Sir,Sam,3624,pickwick-papers
Sam,Sir,3624,pickwick-papers
Sam,Sir,3624,pickwick-papers
Mr. Pickwick,Dodson,3628,pickwick-papers
Mr. Pickwick,Fogg,3628,pickwick-papers
Mr. Pickwick,Ipswich,3628,pickwick-papers
Mr. Pickwick,Mr. Samuel Weller,3628,pickwick-papers
Dodson,Mr. Pickwick,3628,pickwick-papers
Dodson,Fogg,3628,pickwick-papers
Dodson,Ipswich,3628,pickwick-papers
Dodson,Mr. Samuel Weller,3628,pickwick-papers
Fogg,Mr. Pickwick,3628,pickwick-papers
Fogg,Dodson,3628,pickwick-papers
Fogg,Ipswich,3628,pickwick-papers
Fogg,Mr. Samuel Weller,3628,pickwick-papers
Ipswich,Mr. Pickwick,3628,pickwick-papers
Ipswich,Dodson,3628,pickwick-papers
Ipswich,Fogg,3628,pickwick-papers
Ipswich,Mr. Samuel Weller,3628,pickwick-papers
Mr. Samuel Weller,Mr. Pickwick,3628,pickwick-papers
Mr. Samuel Weller,Dodson,3628,pickwick-papers
Mr. Samuel Weller,Fogg,3628,pickwick-papers
Mr. Samuel Weller,Ipswich,3628,pickwick-papers
Snodgrass,Dingley Dell,3629,pickwick-papers
Snodgrass,Mr. Pickwick,3629,pickwick-papers
Snodgrass,Sam,3629,pickwick-papers
Snodgrass,Vulture Tavern,3629,pickwick-papers
Snodgrass,George Yard,3629,pickwick-papers
Snodgrass,Lombard Street,3629,pickwick-papers
Dingley Dell,Snodgrass,3629,pickwick-papers
Dingley Dell,Mr. Pickwick,3629,pickwick-papers
Dingley Dell,Sam,3629,pickwick-papers
Dingley Dell,Vulture Tavern,3629,pickwick-papers
Dingley Dell,George Yard,3629,pickwick-papers
Dingley Dell,Lombard Street,3629,pickwick-papers
Mr. Pickwick,Snodgrass,3629,pickwick-papers
Mr. Pickwick,Dingley Dell,3629,pickwick-papers
Mr. Pickwick,Sam,3629,pickwick-papers
Mr. Pickwick,Vulture Tavern,3629,pickwick-papers
Mr. Pickwick,George Yard,3629,pickwick-papers
Mr. Pickwick,Lombard Street,3629,pickwick-papers
Sam,Snodgrass,3629,pickwick-papers
Sam,Dingley Dell,3629,pickwick-papers
Sam,Mr. Pickwick,3629,pickwick-papers
Sam,Vulture Tavern,3629,pickwick-papers
Sam,George Yard,3629,pickwick-papers
Sam,Lombard Street,3629,pickwick-papers
Vulture Tavern,Snodgrass,3629,pickwick-papers
Vulture Tavern,Dingley Dell,3629,pickwick-papers
Vulture Tavern,Mr. Pickwick,3629,pickwick-papers
Vulture Tavern,Sam,3629,pickwick-papers
Vulture Tavern,George Yard,3629,pickwick-papers
Vulture Tavern,Lombard Street,3629,pickwick-papers
George Yard,Snodgrass,3629,pickwick-papers
George Yard,Dingley Dell,3629,pickwick-papers
George Yard,Mr. Pickwick,3629,pickwick-papers
George Yard,Sam,3629,pickwick-papers
George Yard,Vulture Tavern,3629,pickwick-papers
George Yard,Lombard Street,3629,pickwick-papers
Lombard Street,Snodgrass,3629,pickwick-papers
Lombard Street,Dingley Dell,3629,pickwick-papers
Lombard Street,Mr. Pickwick,3629,pickwick-papers
Lombard Street,Sam,3629,pickwick-papers
Lombard Street,Vulture Tavern,3629,pickwick-papers
Lombard Street,George Yard,3629,pickwick-papers
Mr.,Pickwick,3630,pickwick-papers
Mr.,Mr. Weller,3630,pickwick-papers
Pickwick,Mr.,3630,pickwick-papers
Pickwick,Mr. Weller,3630,pickwick-papers
Mr. Weller,Mr.,3630,pickwick-papers
Mr. Weller,Pickwick,3630,pickwick-papers
Sam,Mr. Pickwick,3633,pickwick-papers
Sam,Bardell,3633,pickwick-papers
Mr. Pickwick,Sam,3633,pickwick-papers
Mr. Pickwick,Bardell,3633,pickwick-papers
Bardell,Sam,3633,pickwick-papers
Bardell,Mr. Pickwick,3633,pickwick-papers
Mr. Tupman,Sam,3635,pickwick-papers
Mr. Tupman,Mr. Pickwick,3635,pickwick-papers
Mr. Tupman,Sam,3635,pickwick-papers
Sam,Mr. Tupman,3635,pickwick-papers
Sam,Mr. Pickwick,3635,pickwick-papers
Mr. Pickwick,Mr. Tupman,3635,pickwick-papers
Mr. Pickwick,Sam,3635,pickwick-papers
Mr. Pickwick,Sam,3635,pickwick-papers
Sam,Mr. Tupman,3635,pickwick-papers
Sam,Mr. Pickwick,3635,pickwick-papers
Sir,Mr. Weller,3636,pickwick-papers
Mr. Weller,Sir,3636,pickwick-papers
Mr. Pickwick,Sam,3637,pickwick-papers
Mr. Pickwick,Christmas,3637,pickwick-papers
Sam,Mr. Pickwick,3637,pickwick-papers
Sam,Mr. Pickwick,3637,pickwick-papers
Sam,Christmas,3637,pickwick-papers
Mr. Pickwick,Sam,3637,pickwick-papers
Mr. Pickwick,Christmas,3637,pickwick-papers
Christmas,Mr. Pickwick,3637,pickwick-papers
Christmas,Sam,3637,pickwick-papers
Christmas,Mr. Pickwick,3637,pickwick-papers
Mr.,Weller,3640,pickwick-papers
Mr.,Mr. Pickwick,3640,pickwick-papers
Weller,Mr.,3640,pickwick-papers
Weller,Mr. Pickwick,3640,pickwick-papers
Mr. Pickwick,Mr.,3640,pickwick-papers
Mr. Pickwick,Weller,3640,pickwick-papers
Sam,Mr. Pickwick,3643,pickwick-papers
Sam,Mr. Pickwick,3643,pickwick-papers
Mr. Pickwick,Sam,3643,pickwick-papers
Mr. Pickwick,Sam,3643,pickwick-papers
Sam,Mr. Pickwick,3644,pickwick-papers
Sam,Mr. Weller,3644,pickwick-papers
Mr. Pickwick,Sam,3644,pickwick-papers
Mr. Pickwick,Mr. Weller,3644,pickwick-papers
Mr. Weller,Sam,3644,pickwick-papers
Mr. Weller,Mr. Pickwick,3644,pickwick-papers
Goswell Street,Bardell,3645,pickwick-papers
Bardell,Goswell Street,3645,pickwick-papers
Mr.,Weller,3646,pickwick-papers
Mr.,Master Bardell,3646,pickwick-papers
Weller,Mr.,3646,pickwick-papers
Weller,Master Bardell,3646,pickwick-papers
Master Bardell,Mr.,3646,pickwick-papers
Master Bardell,Weller,3646,pickwick-papers
Bardell,Master Bardell,3651,pickwick-papers
Bardell,Mr. Samuel Weller,3651,pickwick-papers
Bardell,Master Bardell,3651,pickwick-papers
Bardell,Mr. Samuel Weller,3651,pickwick-papers
Master Bardell,Bardell,3651,pickwick-papers
Master Bardell,Bardell,3651,pickwick-papers
Master Bardell,Mr. Samuel Weller,3651,pickwick-papers
Mr. Samuel Weller,Bardell,3651,pickwick-papers
Mr. Samuel Weller,Bardell,3651,pickwick-papers
Mr. Samuel Weller,Master Bardell,3651,pickwick-papers
Pickwick,Bardell,3652,pickwick-papers
Bardell,Pickwick,3652,pickwick-papers
Cluppins,Sanders,3655,pickwick-papers
Sanders,Cluppins,3655,pickwick-papers
Bardell,Dodson,3656,pickwick-papers
Bardell,Fogg,3656,pickwick-papers
Bardell,Mr. Pickwick,3656,pickwick-papers
Bardell,Mr. Weller,3656,pickwick-papers
Dodson,Bardell,3656,pickwick-papers
Dodson,Fogg,3656,pickwick-papers
Dodson,Mr. Pickwick,3656,pickwick-papers
Dodson,Mr. Weller,3656,pickwick-papers
Fogg,Bardell,3656,pickwick-papers
Fogg,Dodson,3656,pickwick-papers
Fogg,Mr. Pickwick,3656,pickwick-papers
Fogg,Mr. Weller,3656,pickwick-papers
Mr. Pickwick,Bardell,3656,pickwick-papers
Mr. Pickwick,Dodson,3656,pickwick-papers
Mr. Pickwick,Fogg,3656,pickwick-papers
Mr. Pickwick,Mr. Weller,3656,pickwick-papers
Mr. Weller,Bardell,3656,pickwick-papers
Mr. Weller,Dodson,3656,pickwick-papers
Mr. Weller,Fogg,3656,pickwick-papers
Mr. Weller,Mr. Pickwick,3656,pickwick-papers
Mr.,Weller,3667,pickwick-papers
Mr.,Bardell,3667,pickwick-papers
Weller,Mr.,3667,pickwick-papers
Weller,Bardell,3667,pickwick-papers
Bardell,Mr.,3667,pickwick-papers
Bardell,Weller,3667,pickwick-papers
Sam,Fourthly,3671,pickwick-papers
Fourthly,Sam,3671,pickwick-papers
Bardell,Mr. Pickwick,3672,pickwick-papers
Mr. Pickwick,Bardell,3672,pickwick-papers
Sam,Bardell,3686,pickwick-papers
Bardell,Sam,3686,pickwick-papers
Mr. Weller,Bardell,3687,pickwick-papers
Mr. Weller,Weller,3687,pickwick-papers
Bardell,Mr. Weller,3687,pickwick-papers
Bardell,Weller,3687,pickwick-papers
Weller,Mr. Weller,3687,pickwick-papers
Weller,Bardell,3687,pickwick-papers
Sam,Bardell,3688,pickwick-papers
Sam,Mr. Weller,3688,pickwick-papers
Bardell,Sam,3688,pickwick-papers
Bardell,Mr. Weller,3688,pickwick-papers
Mr. Weller,Sam,3688,pickwick-papers
Mr. Weller,Bardell,3688,pickwick-papers
Sam,Sanders,3692,pickwick-papers
Sam,Cluppins,3692,pickwick-papers
Sam,Bardell,3692,pickwick-papers
Sam,Pickwick,3692,pickwick-papers
Sanders,Sam,3692,pickwick-papers
Sanders,Sam,3692,pickwick-papers
Sanders,Cluppins,3692,pickwick-papers
Sanders,Bardell,3692,pickwick-papers
Sanders,Pickwick,3692,pickwick-papers
Sam,Sanders,3692,pickwick-papers
Sam,Cluppins,3692,pickwick-papers
Sam,Bardell,3692,pickwick-papers
Sam,Pickwick,3692,pickwick-papers
Cluppins,Sam,3692,pickwick-papers
Cluppins,Sanders,3692,pickwick-papers
Cluppins,Sam,3692,pickwick-papers
Cluppins,Bardell,3692,pickwick-papers
Cluppins,Pickwick,3692,pickwick-papers
Bardell,Sam,3692,pickwick-papers
Bardell,Sanders,3692,pickwick-papers
Bardell,Sam,3692,pickwick-papers
Bardell,Cluppins,3692,pickwick-papers
Bardell,Pickwick,3692,pickwick-papers
Pickwick,Sam,3692,pickwick-papers
Pickwick,Sanders,3692,pickwick-papers
Pickwick,Sam,3692,pickwick-papers
Pickwick,Cluppins,3692,pickwick-papers
Pickwick,Bardell,3692,pickwick-papers
Weller,Bardell,3693,pickwick-papers
Bardell,Weller,3693,pickwick-papers
Mr. Weller,Bardell,3695,pickwick-papers
Mr. Weller,Mr. Dodson,3695,pickwick-papers
Mr. Weller,Fogg,3695,pickwick-papers
Bardell,Mr. Weller,3695,pickwick-papers
Bardell,Mr. Dodson,3695,pickwick-papers
Bardell,Fogg,3695,pickwick-papers
Bardell,Mr. Weller,3695,pickwick-papers
Mr. Dodson,Mr. Weller,3695,pickwick-papers
Mr. Dodson,Bardell,3695,pickwick-papers
Mr. Dodson,Fogg,3695,pickwick-papers
Mr. Dodson,Mr. Weller,3695,pickwick-papers
Fogg,Mr. Weller,3695,pickwick-papers
Fogg,Bardell,3695,pickwick-papers
Fogg,Mr. Dodson,3695,pickwick-papers
Fogg,Mr. Weller,3695,pickwick-papers
Mr. Weller,Bardell,3695,pickwick-papers
Mr. Weller,Mr. Dodson,3695,pickwick-papers
Mr. Weller,Fogg,3695,pickwick-papers
Mr. Dodson,Fogg,3701,pickwick-papers
Fogg,Mr. Dodson,3701,pickwick-papers
Mr. Weller,Bardell,3707,pickwick-papers
Bardell,Mr. Weller,3707,pickwick-papers
Dodson,Foggs,3708,pickwick-papers
Dodson,Mr. Weller,3708,pickwick-papers
Foggs,Dodson,3708,pickwick-papers
Foggs,Mr. Weller,3708,pickwick-papers
Mr. Weller,Dodson,3708,pickwick-papers
Mr. Weller,Foggs,3708,pickwick-papers
Sam,Master Bardell,3711,pickwick-papers
Master Bardell,Sam,3711,pickwick-papers
Mr.,Weller,3712,pickwick-papers
Mr.,Vulture,3712,pickwick-papers
Mr.,Dodson,3712,pickwick-papers
Mr.,Fogg,3712,pickwick-papers
Mr.,Bardell,3712,pickwick-papers
Mr.,Mr. Perker,3712,pickwick-papers
Mr.,Mr. Weller,3712,pickwick-papers
Mr.,Mr. Pickwick,3712,pickwick-papers
Mr.,Dingley Dell,3712,pickwick-papers
Mr.,Dodson,3712,pickwick-papers
Mr.,Fogg,3712,pickwick-papers
Weller,Mr.,3712,pickwick-papers
Weller,Vulture,3712,pickwick-papers
Weller,Dodson,3712,pickwick-papers
Weller,Fogg,3712,pickwick-papers
Weller,Bardell,3712,pickwick-papers
Weller,Mr. Perker,3712,pickwick-papers
Weller,Mr. Weller,3712,pickwick-papers
Weller,Mr. Pickwick,3712,pickwick-papers
Weller,Dingley Dell,3712,pickwick-papers
Weller,Dodson,3712,pickwick-papers
Weller,Fogg,3712,pickwick-papers
Vulture,Mr.,3712,pickwick-papers
Vulture,Weller,3712,pickwick-papers
Vulture,Dodson,3712,pickwick-papers
Vulture,Fogg,3712,pickwick-papers
Vulture,Bardell,3712,pickwick-papers
Vulture,Mr. Perker,3712,pickwick-papers
Vulture,Mr. Weller,3712,pickwick-papers
Vulture,Mr. Pickwick,3712,pickwick-papers
Vulture,Dingley Dell,3712,pickwick-papers
Vulture,Dodson,3712,pickwick-papers
Vulture,Fogg,3712,pickwick-papers
Dodson,Mr.,3712,pickwick-papers
Dodson,Weller,3712,pickwick-papers
Dodson,Vulture,3712,pickwick-papers
Dodson,Fogg,3712,pickwick-papers
Dodson,Bardell,3712,pickwick-papers
Dodson,Mr. Perker,3712,pickwick-papers
Dodson,Mr. Weller,3712,pickwick-papers
Dodson,Mr. Pickwick,3712,pickwick-papers
Dodson,Dingley Dell,3712,pickwick-papers
Dodson,Fogg,3712,pickwick-papers
Fogg,Mr.,3712,pickwick-papers
Fogg,Weller,3712,pickwick-papers
Fogg,Vulture,3712,pickwick-papers
Fogg,Dodson,3712,pickwick-papers
Fogg,Bardell,3712,pickwick-papers
Fogg,Mr. Perker,3712,pickwick-papers
Fogg,Mr. Weller,3712,pickwick-papers
Fogg,Mr. Pickwick,3712,pickwick-papers
Fogg,Dingley Dell,3712,pickwick-papers
Fogg,Dodson,3712,pickwick-papers
Bardell,Mr.,3712,pickwick-papers
Bardell,Weller,3712,pickwick-papers
Bardell,Vulture,3712,pickwick-papers
Bardell,Dodson,3712,pickwick-papers
Bardell,Fogg,3712,pickwick-papers
Bardell,Mr. Perker,3712,pickwick-papers
Bardell,Mr. Weller,3712,pickwick-papers
Bardell,Mr. Pickwick,3712,pickwick-papers
Bardell,Dingley Dell,3712,pickwick-papers
Bardell,Dodson,3712,pickwick-papers
Bardell,Fogg,3712,pickwick-papers
Mr. Perker,Mr.,3712,pickwick-papers
Mr. Perker,Weller,3712,pickwick-papers
Mr. Perker,Vulture,3712,pickwick-papers
Mr. Perker,Dodson,3712,pickwick-papers
Mr. Perker,Fogg,3712,pickwick-papers
Mr. Perker,Bardell,3712,pickwick-papers
Mr. Perker,Mr. Weller,3712,pickwick-papers
Mr. Perker,Mr. Pickwick,3712,pickwick-papers
Mr. Perker,Dingley Dell,3712,pickwick-papers
Mr. Perker,Dodson,3712,pickwick-papers
Mr. Perker,Fogg,3712,pickwick-papers
Mr. Weller,Mr.,3712,pickwick-papers
Mr. Weller,Weller,3712,pickwick-papers
Mr. Weller,Vulture,3712,pickwick-papers
Mr. Weller,Dodson,3712,pickwick-papers
Mr. Weller,Fogg,3712,pickwick-papers
Mr. Weller,Bardell,3712,pickwick-papers
Mr. Weller,Mr. Perker,3712,pickwick-papers
Mr. Weller,Mr. Pickwick,3712,pickwick-papers
Mr. Weller,Dingley Dell,3712,pickwick-papers
Mr. Weller,Dodson,3712,pickwick-papers
Mr. Weller,Fogg,3712,pickwick-papers
Mr. Pickwick,Mr.,3712,pickwick-papers
Mr. Pickwick,Weller,3712,pickwick-papers
Mr. Pickwick,Vulture,3712,pickwick-papers
Mr. Pickwick,Dodson,3712,pickwick-papers
Mr. Pickwick,Fogg,3712,pickwick-papers
Mr. Pickwick,Bardell,3712,pickwick-papers
Mr. Pickwick,Mr. Perker,3712,pickwick-papers
Mr. Pickwick,Mr. Weller,3712,pickwick-papers
Mr. Pickwick,Dingley Dell,3712,pickwick-papers
Mr. Pickwick,Dodson,3712,pickwick-papers
Mr. Pickwick,Fogg,3712,pickwick-papers
Dingley Dell,Mr.,3712,pickwick-papers
Dingley Dell,Weller,3712,pickwick-papers
Dingley Dell,Vulture,3712,pickwick-papers
Dingley Dell,Dodson,3712,pickwick-papers
Dingley Dell,Fogg,3712,pickwick-papers
Dingley Dell,Bardell,3712,pickwick-papers
Dingley Dell,Mr. Perker,3712,pickwick-papers
Dingley Dell,Mr. Weller,3712,pickwick-papers
Dingley Dell,Mr. Pickwick,3712,pickwick-papers
Dingley Dell,Dodson,3712,pickwick-papers
Dingley Dell,Fogg,3712,pickwick-papers
Dodson,Mr.,3712,pickwick-papers
Dodson,Weller,3712,pickwick-papers
Dodson,Vulture,3712,pickwick-papers
Dodson,Fogg,3712,pickwick-papers
Dodson,Bardell,3712,pickwick-papers
Dodson,Mr. Perker,3712,pickwick-papers
Dodson,Mr. Weller,3712,pickwick-papers
Dodson,Mr. Pickwick,3712,pickwick-papers
Dodson,Dingley Dell,3712,pickwick-papers
Dodson,Fogg,3712,pickwick-papers
Fogg,Mr.,3712,pickwick-papers
Fogg,Weller,3712,pickwick-papers
Fogg,Vulture,3712,pickwick-papers
Fogg,Dodson,3712,pickwick-papers
Fogg,Bardell,3712,pickwick-papers
Fogg,Mr. Perker,3712,pickwick-papers
Fogg,Mr. Weller,3712,pickwick-papers
Fogg,Mr. Pickwick,3712,pickwick-papers
Fogg,Dingley Dell,3712,pickwick-papers
Fogg,Dodson,3712,pickwick-papers
Dingley Dell,Mr. Weller,3715,pickwick-papers
Dingley Dell,Vulture,3715,pickwick-papers
Dingley Dell,Mr. Pickwick,3715,pickwick-papers
Mr. Weller,Dingley Dell,3715,pickwick-papers
Mr. Weller,Vulture,3715,pickwick-papers
Mr. Weller,Mr. Pickwick,3715,pickwick-papers
Vulture,Dingley Dell,3715,pickwick-papers
Vulture,Mr. Weller,3715,pickwick-papers
Vulture,Mr. Pickwick,3715,pickwick-papers
Mr. Pickwick,Dingley Dell,3715,pickwick-papers
Mr. Pickwick,Mr. Weller,3715,pickwick-papers
Mr. Pickwick,Vulture,3715,pickwick-papers
Sam,Mr. Pickwick,3716,pickwick-papers
Mr. Pickwick,Sam,3716,pickwick-papers
Mr. Pickwick,Sam,3716,pickwick-papers
Sam,Mr. Pickwick,3716,pickwick-papers
Mr.,Weller,3717,pickwick-papers
Weller,Mr.,3717,pickwick-papers
Sam,Mr. Pickwick,3718,pickwick-papers
Mr. Pickwick,Sam,3718,pickwick-papers
Sam,Mr. Pickwick,3720,pickwick-papers
Mr. Pickwick,Sam,3720,pickwick-papers
Sir,Mr. Weller,3721,pickwick-papers
Mr. Weller,Sir,3721,pickwick-papers
Mr. Weller,Sir,3721,pickwick-papers
Sir,Mr. Weller,3721,pickwick-papers
Sam,Mr. Pickwick,3722,pickwick-papers
Mr. Pickwick,Sam,3722,pickwick-papers
Sam,Mr. Pickwick,3724,pickwick-papers
Mr. Pickwick,Sam,3724,pickwick-papers
Sir,Mr. Weller,3725,pickwick-papers
Sir,Sam,3725,pickwick-papers
Mr. Weller,Sir,3725,pickwick-papers
Mr. Weller,Sam,3725,pickwick-papers
Sam,Sir,3725,pickwick-papers
Sam,Mr. Weller,3725,pickwick-papers
Weller,Sam Weller,3726,pickwick-papers
Sam Weller,Weller,3726,pickwick-papers
Weller,Mr. Clarke,3733,pickwick-papers
Mr. Clarke,Weller,3733,pickwick-papers
Mrs. W.,Sam,3739,pickwick-papers
Sam,Mrs. W.,3739,pickwick-papers
Weller,Mr. Stiggins,3741,pickwick-papers
Weller,Sam,3741,pickwick-papers
Mr. Stiggins,Weller,3741,pickwick-papers
Mr. Stiggins,Sam,3741,pickwick-papers
Sam,Weller,3741,pickwick-papers
Sam,Mr. Stiggins,3741,pickwick-papers
Sam,Sir,3744,pickwick-papers
Sir,Sam,3744,pickwick-papers
Sam,Weller,3748,pickwick-papers
Weller,Sam,3748,pickwick-papers
Mr.,Stiggins,3751,pickwick-papers
Stiggins,Mr.,3751,pickwick-papers
Mr.,Stiggins,3756,pickwick-papers
Stiggins,Mr.,3756,pickwick-papers
Sam,Mr. Stiggins,3759,pickwick-papers
Mr. Stiggins,Sam,3759,pickwick-papers
Night,Mr. Stiggins,3760,pickwick-papers
Mr. Stiggins,Night,3760,pickwick-papers
Sam,Mr. Stiggins,3771,pickwick-papers
Mr. Stiggins,Sam,3771,pickwick-papers
Sammy,Mr. Weller,3775,pickwick-papers
Mr. Weller,Sammy,3775,pickwick-papers
Mr. Weller,Sammy,3777,pickwick-papers
Sammy,Mr. Weller,3777,pickwick-papers
Mr. Weller,Sam,3778,pickwick-papers
Sam,Mr. Weller,3778,pickwick-papers
Sam,Mr. Weller,3778,pickwick-papers
Mr. Weller,Sam,3778,pickwick-papers
Sammy,Mr. Weller,3779,pickwick-papers
Mr. Weller,Sammy,3779,pickwick-papers
Sammy,Mr. Weller,3783,pickwick-papers
Mr. Weller,Sammy,3783,pickwick-papers
Mr. Weller,Sam,3785,pickwick-papers
Sam,Mr. Weller,3785,pickwick-papers
Mr. Weller,Sammy,3789,pickwick-papers
Sammy,Mr. Weller,3789,pickwick-papers
Sammy,Mr. Weller,3789,pickwick-papers
Mr. Weller,Sammy,3789,pickwick-papers
Mr. Weller,Sammy,3796,pickwick-papers
Mr. Weller,Down,3796,pickwick-papers
Mr. Weller,Sammy,3796,pickwick-papers
Sammy,Mr. Weller,3796,pickwick-papers
Sammy,Down,3796,pickwick-papers
Sammy,Mr. Weller,3796,pickwick-papers
Down,Mr. Weller,3796,pickwick-papers
Down,Sammy,3796,pickwick-papers
Down,Sammy,3796,pickwick-papers
Down,Mr. Weller,3796,pickwick-papers
Sammy,Mr. Weller,3796,pickwick-papers
Sammy,Down,3796,pickwick-papers
Sammy,Mr. Weller,3796,pickwick-papers
Mr. Weller,Sammy,3796,pickwick-papers
Mr. Weller,Down,3796,pickwick-papers
Mr. Weller,Sammy,3796,pickwick-papers
Mr.,Weller,3797,pickwick-papers
Weller,Mr.,3797,pickwick-papers
Lord,Samivel,3798,pickwick-papers
Samivel,Lord,3798,pickwick-papers
Mr. Weller,Samivel,3800,pickwick-papers
Mr. Weller,Samivel,3800,pickwick-papers
Samivel,Mr. Weller,3800,pickwick-papers
Samivel,Mr. Weller,3800,pickwick-papers
Mr.,Weller,3801,pickwick-papers
Weller,Mr.,3801,pickwick-papers
Sammy,Mr. Weller,3803,pickwick-papers
Mr. Weller,Sammy,3803,pickwick-papers
Mr.,Stiggins,3812,pickwick-papers
Mr.,Mr. Weller,3812,pickwick-papers
Mr.,Mr. Stiggins,3812,pickwick-papers
Stiggins,Mr.,3812,pickwick-papers
Stiggins,Mr. Weller,3812,pickwick-papers
Stiggins,Mr. Stiggins,3812,pickwick-papers
Mr. Weller,Mr.,3812,pickwick-papers
Mr. Weller,Stiggins,3812,pickwick-papers
Mr. Weller,Mr. Stiggins,3812,pickwick-papers
Mr. Stiggins,Mr.,3812,pickwick-papers
Mr. Stiggins,Stiggins,3812,pickwick-papers
Mr. Stiggins,Mr. Weller,3812,pickwick-papers
Mr. Stiggins,Mr. Weller,3813,pickwick-papers
Mr. Weller,Mr. Stiggins,3813,pickwick-papers
Mr. Stiggins,Sam,3814,pickwick-papers
Sam,Mr. Stiggins,3814,pickwick-papers
Sammy,Mr. Weller,3816,pickwick-papers
Mr. Weller,Sammy,3816,pickwick-papers
Mr.,Samivel,3820,pickwick-papers
Mr.,Samivel,3820,pickwick-papers
Samivel,Mr.,3820,pickwick-papers
Samivel,Mr.,3820,pickwick-papers
Sam,Granby,3823,pickwick-papers
Granby,Sam,3823,pickwick-papers
Christmas,Gay,3832,pickwick-papers
Gay,Christmas,3832,pickwick-papers
Christmas,Mr. Pickwick,3835,pickwick-papers
Christmas,Mr. Weller,3835,pickwick-papers
Christmas,Mr. Pickwick,3835,pickwick-papers
Christmas,Mr. Pickwick,3835,pickwick-papers
Christmas,Mr. Weller,3835,pickwick-papers
Christmas,Mr. Pickwick,3835,pickwick-papers
Christmas,Tupman,3835,pickwick-papers
Christmas,Mr. Weller,3835,pickwick-papers
Christmas,Mr. Weller,3835,pickwick-papers
Mr. Pickwick,Christmas,3835,pickwick-papers
Mr. Pickwick,Mr. Weller,3835,pickwick-papers
Mr. Pickwick,Mr. Weller,3835,pickwick-papers
Mr. Pickwick,Tupman,3835,pickwick-papers
Mr. Pickwick,Mr. Weller,3835,pickwick-papers
Mr. Pickwick,Mr. Weller,3835,pickwick-papers
Mr. Weller,Christmas,3835,pickwick-papers
Mr. Weller,Mr. Pickwick,3835,pickwick-papers
Mr. Weller,Mr. Pickwick,3835,pickwick-papers
Mr. Weller,Mr. Pickwick,3835,pickwick-papers
Mr. Weller,Mr. Pickwick,3835,pickwick-papers
Mr. Weller,Tupman,3835,pickwick-papers
Mr. Pickwick,Christmas,3835,pickwick-papers
Mr. Pickwick,Mr. Weller,3835,pickwick-papers
Mr. Pickwick,Mr. Weller,3835,pickwick-papers
Mr. Pickwick,Tupman,3835,pickwick-papers
Mr. Pickwick,Mr. Weller,3835,pickwick-papers
Mr. Pickwick,Mr. Weller,3835,pickwick-papers
Mr. Pickwick,Christmas,3835,pickwick-papers
Mr. Pickwick,Mr. Weller,3835,pickwick-papers
Mr. Pickwick,Mr. Weller,3835,pickwick-papers
Mr. Pickwick,Tupman,3835,pickwick-papers
Mr. Pickwick,Mr. Weller,3835,pickwick-papers
Mr. Pickwick,Mr. Weller,3835,pickwick-papers
Mr. Weller,Christmas,3835,pickwick-papers
Mr. Weller,Mr. Pickwick,3835,pickwick-papers
Mr. Weller,Mr. Pickwick,3835,pickwick-papers
Mr. Weller,Mr. Pickwick,3835,pickwick-papers
Mr. Weller,Mr. Pickwick,3835,pickwick-papers
Mr. Weller,Tupman,3835,pickwick-papers
Mr. Pickwick,Christmas,3835,pickwick-papers
Mr. Pickwick,Mr. Weller,3835,pickwick-papers
Mr. Pickwick,Mr. Weller,3835,pickwick-papers
Mr. Pickwick,Tupman,3835,pickwick-papers
Mr. Pickwick,Mr. Weller,3835,pickwick-papers
Mr. Pickwick,Mr. Weller,3835,pickwick-papers
Tupman,Christmas,3835,pickwick-papers
Tupman,Mr. Pickwick,3835,pickwick-papers
Tupman,Mr. Weller,3835,pickwick-papers
Tupman,Mr. Pickwick,3835,pickwick-papers
Tupman,Mr. Pickwick,3835,pickwick-papers
Tupman,Mr. Weller,3835,pickwick-papers
Tupman,Mr. Pickwick,3835,pickwick-papers
Tupman,Mr. Weller,3835,pickwick-papers
Tupman,Mr. Weller,3835,pickwick-papers
Mr. Weller,Christmas,3835,pickwick-papers
Mr. Weller,Mr. Pickwick,3835,pickwick-papers
Mr. Weller,Mr. Pickwick,3835,pickwick-papers
Mr. Weller,Mr. Pickwick,3835,pickwick-papers
Mr. Weller,Mr. Pickwick,3835,pickwick-papers
Mr. Weller,Tupman,3835,pickwick-papers
Mr. Weller,Christmas,3835,pickwick-papers
Mr. Weller,Mr. Pickwick,3835,pickwick-papers
Mr. Weller,Mr. Pickwick,3835,pickwick-papers
Mr. Weller,Mr. Pickwick,3835,pickwick-papers
Mr. Weller,Mr. Pickwick,3835,pickwick-papers
Mr. Weller,Tupman,3835,pickwick-papers
Mr. Pickwick,Mr. Winkle,3838,pickwick-papers
Mr. Pickwick,Mr. Snodgrass,3838,pickwick-papers
Mr. Pickwick,Mr. Winkle,3838,pickwick-papers
Mr. Pickwick,Mr. Snodgrass,3838,pickwick-papers
Mr. Pickwick,Mr. Winkle,3838,pickwick-papers
Mr. Pickwick,Mr. Snodgrass,3838,pickwick-papers
Mr. Winkle,Mr. Pickwick,3838,pickwick-papers
Mr. Winkle,Mr. Pickwick,3838,pickwick-papers
Mr. Winkle,Mr. Pickwick,3838,pickwick-papers
Mr. Winkle,Mr. Snodgrass,3838,pickwick-papers
Mr. Snodgrass,Mr. Pickwick,3838,pickwick-papers
Mr. Snodgrass,Mr. Pickwick,3838,pickwick-papers
Mr. Snodgrass,Mr. Pickwick,3838,pickwick-papers
Mr. Snodgrass,Mr. Winkle,3838,pickwick-papers
Mr. Weller,Sam Weller,3839,pickwick-papers
Mr. Weller,Mr. Winkle,3839,pickwick-papers
Mr. Weller,Mr. Snodgrass,3839,pickwick-papers
Mr. Weller,Mr. Pickwick,3839,pickwick-papers
Mr. Weller,Mr. Tupman,3839,pickwick-papers
Mr. Weller,Mr. Pickwick,3839,pickwick-papers
Mr. Weller,Mr. Pickwick,3839,pickwick-papers
Mr. Weller,Mr. Tupman,3839,pickwick-papers
Mr. Weller,Mr. Winkle,3839,pickwick-papers
Mr. Weller,Shawls,3839,pickwick-papers
Sam Weller,Mr. Weller,3839,pickwick-papers
Sam Weller,Mr. Winkle,3839,pickwick-papers
Sam Weller,Mr. Snodgrass,3839,pickwick-papers
Sam Weller,Mr. Pickwick,3839,pickwick-papers
Sam Weller,Mr. Tupman,3839,pickwick-papers
Sam Weller,Mr. Pickwick,3839,pickwick-papers
Sam Weller,Mr. Pickwick,3839,pickwick-papers
Sam Weller,Mr. Tupman,3839,pickwick-papers
Sam Weller,Mr. Winkle,3839,pickwick-papers
Sam Weller,Shawls,3839,pickwick-papers
Mr. Winkle,Mr. Weller,3839,pickwick-papers
Mr. Winkle,Sam Weller,3839,pickwick-papers
Mr. Winkle,Mr. Snodgrass,3839,pickwick-papers
Mr. Winkle,Mr. Pickwick,3839,pickwick-papers
Mr. Winkle,Mr. Tupman,3839,pickwick-papers
Mr. Winkle,Mr. Pickwick,3839,pickwick-papers
Mr. Winkle,Mr. Pickwick,3839,pickwick-papers
Mr. Winkle,Mr. Tupman,3839,pickwick-papers
Mr. Winkle,Shawls,3839,pickwick-papers
Mr. Snodgrass,Mr. Weller,3839,pickwick-papers
Mr. Snodgrass,Sam Weller,3839,pickwick-papers
Mr. Snodgrass,Mr. Winkle,3839,pickwick-papers
Mr. Snodgrass,Mr. Pickwick,3839,pickwick-papers
Mr. Snodgrass,Mr. Tupman,3839,pickwick-papers
Mr. Snodgrass,Mr. Pickwick,3839,pickwick-papers
Mr. Snodgrass,Mr. Pickwick,3839,pickwick-papers
Mr. Snodgrass,Mr. Tupman,3839,pickwick-papers
Mr. Snodgrass,Mr. Winkle,3839,pickwick-papers
Mr. Snodgrass,Shawls,3839,pickwick-papers
Mr. Pickwick,Mr. Weller,3839,pickwick-papers
Mr. Pickwick,Sam Weller,3839,pickwick-papers
Mr. Pickwick,Mr. Winkle,3839,pickwick-papers
Mr. Pickwick,Mr. Snodgrass,3839,pickwick-papers
Mr. Pickwick,Mr. Tupman,3839,pickwick-papers
Mr. Pickwick,Mr. Tupman,3839,pickwick-papers
Mr. Pickwick,Mr. Winkle,3839,pickwick-papers
Mr. Pickwick,Shawls,3839,pickwick-papers
Mr. Tupman,Mr. Weller,3839,pickwick-papers
Mr. Tupman,Sam Weller,3839,pickwick-papers
Mr. Tupman,Mr. Winkle,3839,pickwick-papers
Mr. Tupman,Mr. Snodgrass,3839,pickwick-papers
Mr. Tupman,Mr. Pickwick,3839,pickwick-papers
Mr. Tupman,Mr. Pickwick,3839,pickwick-papers
Mr. Tupman,Mr. Pickwick,3839,pickwick-papers
Mr. Tupman,Mr. Winkle,3839,pickwick-papers
Mr. Tupman,Shawls,3839,pickwick-papers
Mr. Pickwick,Mr. Weller,3839,pickwick-papers
Mr. Pickwick,Sam Weller,3839,pickwick-papers
Mr. Pickwick,Mr. Winkle,3839,pickwick-papers
Mr. Pickwick,Mr. Snodgrass,3839,pickwick-papers
Mr. Pickwick,Mr. Tupman,3839,pickwick-papers
Mr. Pickwick,Mr. Tupman,3839,pickwick-papers
Mr. Pickwick,Mr. Winkle,3839,pickwick-papers
Mr. Pickwick,Shawls,3839,pickwick-papers
Mr. Pickwick,Mr. Weller,3839,pickwick-papers
Mr. Pickwick,Sam Weller,3839,pickwick-papers
Mr. Pickwick,Mr. Winkle,3839,pickwick-papers
Mr. Pickwick,Mr. Snodgrass,3839,pickwick-papers
Mr. Pickwick,Mr. Tupman,3839,pickwick-papers
Mr. Pickwick,Mr. Tupman,3839,pickwick-papers
Mr. Pickwick,Mr. Winkle,3839,pickwick-papers
Mr. Pickwick,Shawls,3839,pickwick-papers
Mr. Tupman,Mr. Weller,3839,pickwick-papers
Mr. Tupman,Sam Weller,3839,pickwick-papers
Mr. Tupman,Mr. Winkle,3839,pickwick-papers
Mr. Tupman,Mr. Snodgrass,3839,pickwick-papers
Mr. Tupman,Mr. Pickwick,3839,pickwick-papers
Mr. Tupman,Mr. Pickwick,3839,pickwick-papers
Mr. Tupman,Mr. Pickwick,3839,pickwick-papers
Mr. Tupman,Mr. Winkle,3839,pickwick-papers
Mr. Tupman,Shawls,3839,pickwick-papers
Mr. Winkle,Mr. Weller,3839,pickwick-papers
Mr. Winkle,Sam Weller,3839,pickwick-papers
Mr. Winkle,Mr. Snodgrass,3839,pickwick-papers
Mr. Winkle,Mr. Pickwick,3839,pickwick-papers
Mr. Winkle,Mr. Tupman,3839,pickwick-papers
Mr. Winkle,Mr. Pickwick,3839,pickwick-papers
Mr. Winkle,Mr. Pickwick,3839,pickwick-papers
Mr. Winkle,Mr. Tupman,3839,pickwick-papers
Mr. Winkle,Shawls,3839,pickwick-papers
Shawls,Mr. Weller,3839,pickwick-papers
Shawls,Sam Weller,3839,pickwick-papers
Shawls,Mr. Winkle,3839,pickwick-papers
Shawls,Mr. Snodgrass,3839,pickwick-papers
Shawls,Mr. Pickwick,3839,pickwick-papers
Shawls,Mr. Tupman,3839,pickwick-papers
Shawls,Mr. Pickwick,3839,pickwick-papers
Shawls,Mr. Pickwick,3839,pickwick-papers
Shawls,Mr. Tupman,3839,pickwick-papers
Shawls,Mr. Winkle,3839,pickwick-papers
Such,Mr. Pickwick,3840,pickwick-papers
Such,Dingley Dell,3840,pickwick-papers
Such,Mr. Pickwick,3840,pickwick-papers
Such,Mr. Wardle,3840,pickwick-papers
Mr. Pickwick,Such,3840,pickwick-papers
Mr. Pickwick,Dingley Dell,3840,pickwick-papers
Mr. Pickwick,Mr. Wardle,3840,pickwick-papers
Dingley Dell,Such,3840,pickwick-papers
Dingley Dell,Mr. Pickwick,3840,pickwick-papers
Dingley Dell,Mr. Pickwick,3840,pickwick-papers
Dingley Dell,Mr. Wardle,3840,pickwick-papers
Mr. Pickwick,Such,3840,pickwick-papers
Mr. Pickwick,Dingley Dell,3840,pickwick-papers
Mr. Pickwick,Mr. Wardle,3840,pickwick-papers
Mr. Wardle,Such,3840,pickwick-papers
Mr. Wardle,Mr. Pickwick,3840,pickwick-papers
Mr. Wardle,Dingley Dell,3840,pickwick-papers
Mr. Wardle,Mr. Pickwick,3840,pickwick-papers
Mr. Pickwick,Sam,3846,pickwick-papers
Sam,Mr. Pickwick,3846,pickwick-papers
Mr. Pickwick,Mr. Weller,3849,pickwick-papers
Mr. Pickwick,Sam,3849,pickwick-papers
Mr. Pickwick,Mr. Weller,3849,pickwick-papers
Mr. Weller,Mr. Pickwick,3849,pickwick-papers
Mr. Weller,Sam,3849,pickwick-papers
Sam,Mr. Pickwick,3849,pickwick-papers
Sam,Mr. Weller,3849,pickwick-papers
Sam,Mr. Weller,3849,pickwick-papers
Mr. Weller,Mr. Pickwick,3849,pickwick-papers
Mr. Weller,Sam,3849,pickwick-papers
Mr. Pickwick,Mr. Tupman,3870,pickwick-papers
Mr. Tupman,Mr. Pickwick,3870,pickwick-papers
Mr. Tupman,Mr. Pickwick,3870,pickwick-papers
Mr. Pickwick,Mr. Tupman,3870,pickwick-papers
Wardle,Emily,3872,pickwick-papers
Emily,Wardle,3872,pickwick-papers
Mr. Pickwick,Mr. Snodgrass,3873,pickwick-papers
Mr. Pickwick,Mr. Winkle,3873,pickwick-papers
Mr. Snodgrass,Mr. Pickwick,3873,pickwick-papers
Mr. Snodgrass,Mr. Winkle,3873,pickwick-papers
Mr. Winkle,Mr. Pickwick,3873,pickwick-papers
Mr. Winkle,Mr. Snodgrass,3873,pickwick-papers
Wardle,Mr. Pickwick,3874,pickwick-papers
Wardle,Bella,3874,pickwick-papers
Wardle,Mr. Snodgrass,3874,pickwick-papers
Wardle,Emily,3874,pickwick-papers
Wardle,Mr. Snodgrass,3874,pickwick-papers
Mr. Pickwick,Wardle,3874,pickwick-papers
Mr. Pickwick,Bella,3874,pickwick-papers
Mr. Pickwick,Mr. Snodgrass,3874,pickwick-papers
Mr. Pickwick,Emily,3874,pickwick-papers
Mr. Pickwick,Mr. Snodgrass,3874,pickwick-papers
Bella,Wardle,3874,pickwick-papers
Bella,Mr. Pickwick,3874,pickwick-papers
Bella,Mr. Snodgrass,3874,pickwick-papers
Bella,Emily,3874,pickwick-papers
Bella,Mr. Snodgrass,3874,pickwick-papers
Mr. Snodgrass,Wardle,3874,pickwick-papers
Mr. Snodgrass,Mr. Pickwick,3874,pickwick-papers
Mr. Snodgrass,Bella,3874,pickwick-papers
Mr. Snodgrass,Emily,3874,pickwick-papers
Emily,Wardle,3874,pickwick-papers
Emily,Mr. Pickwick,3874,pickwick-papers
Emily,Bella,3874,pickwick-papers
Emily,Mr. Snodgrass,3874,pickwick-papers
Emily,Mr. Snodgrass,3874,pickwick-papers
Mr. Snodgrass,Wardle,3874,pickwick-papers
Mr. Snodgrass,Mr. Pickwick,3874,pickwick-papers
Mr. Snodgrass,Bella,3874,pickwick-papers
Mr. Snodgrass,Emily,3874,pickwick-papers
Mr. Pickwick,Emma,3875,pickwick-papers
Mr. Pickwick,Mr. Tupman,3875,pickwick-papers
Emma,Mr. Pickwick,3875,pickwick-papers
Emma,Mr. Tupman,3875,pickwick-papers
Mr. Tupman,Mr. Pickwick,3875,pickwick-papers
Mr. Tupman,Emma,3875,pickwick-papers
Wardle,Pickwick,3877,pickwick-papers
Pickwick,Wardle,3877,pickwick-papers
Wardle,Recollect Bella,3881,pickwick-papers
Recollect Bella,Wardle,3881,pickwick-papers
Sedate,Mr. Pickwick,3884,pickwick-papers
Sedate,Mr. Snodgrass,3884,pickwick-papers
Sedate,Emily Wardle,3884,pickwick-papers
Sedate,Mr. Winkle,3884,pickwick-papers
Mr. Pickwick,Sedate,3884,pickwick-papers
Mr. Pickwick,Mr. Snodgrass,3884,pickwick-papers
Mr. Pickwick,Emily Wardle,3884,pickwick-papers
Mr. Pickwick,Mr. Winkle,3884,pickwick-papers
Mr. Snodgrass,Sedate,3884,pickwick-papers
Mr. Snodgrass,Mr. Pickwick,3884,pickwick-papers
Mr. Snodgrass,Emily Wardle,3884,pickwick-papers
Mr. Snodgrass,Mr. Winkle,3884,pickwick-papers
Emily Wardle,Sedate,3884,pickwick-papers
Emily Wardle,Mr. Pickwick,3884,pickwick-papers
Emily Wardle,Mr. Snodgrass,3884,pickwick-papers
Emily Wardle,Mr. Winkle,3884,pickwick-papers
Mr. Winkle,Sedate,3884,pickwick-papers
Mr. Winkle,Mr. Pickwick,3884,pickwick-papers
Mr. Winkle,Mr. Snodgrass,3884,pickwick-papers
Mr. Winkle,Emily Wardle,3884,pickwick-papers
Mr.,Pickwick,3885,pickwick-papers
Mr.,Mr. Pickwick,3885,pickwick-papers
Pickwick,Mr.,3885,pickwick-papers
Pickwick,Mr. Pickwick,3885,pickwick-papers
Mr. Pickwick,Mr.,3885,pickwick-papers
Mr. Pickwick,Pickwick,3885,pickwick-papers
Mr. Trundle,Mr. Samuel Weller,3886,pickwick-papers
Mr. Samuel Weller,Mr. Trundle,3886,pickwick-papers
Dingley Dell,Mr. Pickwick,3888,pickwick-papers
Dingley Dell,Emily,3888,pickwick-papers
Dingley Dell,Mr. Wardle,3888,pickwick-papers
Dingley Dell,Mr. Pickwick,3888,pickwick-papers
Mr. Pickwick,Dingley Dell,3888,pickwick-papers
Mr. Pickwick,Emily,3888,pickwick-papers
Mr. Pickwick,Mr. Wardle,3888,pickwick-papers
Emily,Dingley Dell,3888,pickwick-papers
Emily,Mr. Pickwick,3888,pickwick-papers
Emily,Mr. Wardle,3888,pickwick-papers
Emily,Mr. Pickwick,3888,pickwick-papers
Mr. Wardle,Dingley Dell,3888,pickwick-papers
Mr. Wardle,Mr. Pickwick,3888,pickwick-papers
Mr. Wardle,Emily,3888,pickwick-papers
Mr. Wardle,Mr. Pickwick,3888,pickwick-papers
Mr. Pickwick,Dingley Dell,3888,pickwick-papers
Mr. Pickwick,Emily,3888,pickwick-papers
Mr. Pickwick,Mr. Wardle,3888,pickwick-papers
Wardle,Mr. Pickwick,3901,pickwick-papers
Mr. Pickwick,Wardle,3901,pickwick-papers
Mr. Pickwick,Lady Tollimglower,3902,pickwick-papers
Mr. Pickwick,Lady Tollimglower,3902,pickwick-papers
Lady Tollimglower,Mr. Pickwick,3902,pickwick-papers
Lady Tollimglower,Mr. Pickwick,3902,pickwick-papers
Miller,Mr. Pickwick,3903,pickwick-papers
Mr. Pickwick,Miller,3903,pickwick-papers
Mr.,Pickwick,3908,pickwick-papers
Pickwick,Mr.,3908,pickwick-papers
Mr. Weller,Pickwick,3911,pickwick-papers
Pickwick,Mr. Weller,3911,pickwick-papers
Mr. Pickwick,Mr. Winkle,3914,pickwick-papers
Mr. Pickwick,Mr. Winkle,3914,pickwick-papers
Mr. Winkle,Mr. Pickwick,3914,pickwick-papers
Mr. Winkle,Mr. Pickwick,3914,pickwick-papers
Mr. Pickwick,Weller,3915,pickwick-papers
Weller,Mr. Pickwick,3915,pickwick-papers
Weller,Mr. Pickwick,3915,pickwick-papers
Mr. Pickwick,Weller,3915,pickwick-papers
Mr.,Pickwick,3916,pickwick-papers
Mr.,Mr. Weller,3916,pickwick-papers
Mr.,Mr. Wardle,3916,pickwick-papers
Mr.,Mr. Pickwick,3916,pickwick-papers
Mr.,Mr. Pickwick,3916,pickwick-papers
Mr.,Mr. Snodgrass,3916,pickwick-papers
Mr.,Mr. Wardle,3916,pickwick-papers
Mr.,Mr. Wardle,3916,pickwick-papers
Mr.,Mr. Snodgrass,3916,pickwick-papers
Mr.,Mr. Tupman,3916,pickwick-papers
Mr.,Mr. Winkle,3916,pickwick-papers
Pickwick,Mr.,3916,pickwick-papers
Pickwick,Mr. Weller,3916,pickwick-papers
Pickwick,Mr. Wardle,3916,pickwick-papers
Pickwick,Mr. Pickwick,3916,pickwick-papers
Pickwick,Mr. Pickwick,3916,pickwick-papers
Pickwick,Mr. Snodgrass,3916,pickwick-papers
Pickwick,Mr. Wardle,3916,pickwick-papers
Pickwick,Mr. Wardle,3916,pickwick-papers
Pickwick,Mr. Snodgrass,3916,pickwick-papers
Pickwick,Mr. Tupman,3916,pickwick-papers
Pickwick,Mr. Winkle,3916,pickwick-papers
Mr. Weller,Mr.,3916,pickwick-papers
Mr. Weller,Pickwick,3916,pickwick-papers
Mr. Weller,Mr. Wardle,3916,pickwick-papers
Mr. Weller,Mr. Pickwick,3916,pickwick-papers
Mr. Weller,Mr. Pickwick,3916,pickwick-papers
Mr. Weller,Mr. Snodgrass,3916,pickwick-papers
Mr. Weller,Mr. Wardle,3916,pickwick-papers
Mr. Weller,Mr. Wardle,3916,pickwick-papers
Mr. Weller,Mr. Snodgrass,3916,pickwick-papers
Mr. Weller,Mr. Tupman,3916,pickwick-papers
Mr. Weller,Mr. Winkle,3916,pickwick-papers
Mr. Wardle,Mr.,3916,pickwick-papers
Mr. Wardle,Pickwick,3916,pickwick-papers
Mr. Wardle,Mr. Weller,3916,pickwick-papers
Mr. Wardle,Mr. Pickwick,3916,pickwick-papers
Mr. Wardle,Mr. Pickwick,3916,pickwick-papers
Mr. Wardle,Mr. Snodgrass,3916,pickwick-papers
Mr. Wardle,Mr. Snodgrass,3916,pickwick-papers
Mr. Wardle,Mr. Tupman,3916,pickwick-papers
Mr. Wardle,Mr. Winkle,3916,pickwick-papers
Mr. Pickwick,Mr.,3916,pickwick-papers
Mr. Pickwick,Pickwick,3916,pickwick-papers
Mr. Pickwick,Mr. Weller,3916,pickwick-papers
Mr. Pickwick,Mr. Wardle,3916,pickwick-papers
Mr. Pickwick,Mr. Snodgrass,3916,pickwick-papers
Mr. Pickwick,Mr. Wardle,3916,pickwick-papers
Mr. Pickwick,Mr. Wardle,3916,pickwick-papers
Mr. Pickwick,Mr. Snodgrass,3916,pickwick-papers
Mr. Pickwick,Mr. Tupman,3916,pickwick-papers
Mr. Pickwick,Mr. Winkle,3916,pickwick-papers
Mr. Pickwick,Mr.,3916,pickwick-papers
Mr. Pickwick,Pickwick,3916,pickwick-papers
Mr. Pickwick,Mr. Weller,3916,pickwick-papers
Mr. Pickwick,Mr. Wardle,3916,pickwick-papers
Mr. Pickwick,Mr. Snodgrass,3916,pickwick-papers
Mr. Pickwick,Mr. Wardle,3916,pickwick-papers
Mr. Pickwick,Mr. Wardle,3916,pickwick-papers
Mr. Pickwick,Mr. Snodgrass,3916,pickwick-papers
Mr. Pickwick,Mr. Tupman,3916,pickwick-papers
Mr. Pickwick,Mr. Winkle,3916,pickwick-papers
Mr. Snodgrass,Mr.,3916,pickwick-papers
Mr. Snodgrass,Pickwick,3916,pickwick-papers
Mr. Snodgrass,Mr. Weller,3916,pickwick-papers
Mr. Snodgrass,Mr. Wardle,3916,pickwick-papers
Mr. Snodgrass,Mr. Pickwick,3916,pickwick-papers
Mr. Snodgrass,Mr. Pickwick,3916,pickwick-papers
Mr. Snodgrass,Mr. Wardle,3916,pickwick-papers
Mr. Snodgrass,Mr. Wardle,3916,pickwick-papers
Mr. Snodgrass,Mr. Tupman,3916,pickwick-papers
Mr. Snodgrass,Mr. Winkle,3916,pickwick-papers
Mr. Wardle,Mr.,3916,pickwick-papers
Mr. Wardle,Pickwick,3916,pickwick-papers
Mr. Wardle,Mr. Weller,3916,pickwick-papers
Mr. Wardle,Mr. Pickwick,3916,pickwick-papers
Mr. Wardle,Mr. Pickwick,3916,pickwick-papers
Mr. Wardle,Mr. Snodgrass,3916,pickwick-papers
Mr. Wardle,Mr. Snodgrass,3916,pickwick-papers
Mr. Wardle,Mr. Tupman,3916,pickwick-papers
Mr. Wardle,Mr. Winkle,3916,pickwick-papers
Mr. Wardle,Mr.,3916,pickwick-papers
Mr. Wardle,Pickwick,3916,pickwick-papers
Mr. Wardle,Mr. Weller,3916,pickwick-papers
Mr. Wardle,Mr. Pickwick,3916,pickwick-papers
Mr. Wardle,Mr. Pickwick,3916,pickwick-papers
Mr. Wardle,Mr. Snodgrass,3916,pickwick-papers
Mr. Wardle,Mr. Snodgrass,3916,pickwick-papers
Mr. Wardle,Mr. Tupman,3916,pickwick-papers
Mr. Wardle,Mr. Winkle,3916,pickwick-papers
Mr. Snodgrass,Mr.,3916,pickwick-papers
Mr. Snodgrass,Pickwick,3916,pickwick-papers
Mr. Snodgrass,Mr. Weller,3916,pickwick-papers
Mr. Snodgrass,Mr. Wardle,3916,pickwick-papers
Mr. Snodgrass,Mr. Pickwick,3916,pickwick-papers
Mr. Snodgrass,Mr. Pickwick,3916,pickwick-papers
Mr. Snodgrass,Mr. Wardle,3916,pickwick-papers
Mr. Snodgrass,Mr. Wardle,3916,pickwick-papers
Mr. Snodgrass,Mr. Tupman,3916,pickwick-papers
Mr. Snodgrass,Mr. Winkle,3916,pickwick-papers
Mr. Tupman,Mr.,3916,pickwick-papers
Mr. Tupman,Pickwick,3916,pickwick-papers
Mr. Tupman,Mr. Weller,3916,pickwick-papers
Mr. Tupman,Mr. Wardle,3916,pickwick-papers
Mr. Tupman,Mr. Pickwick,3916,pickwick-papers
Mr. Tupman,Mr. Pickwick,3916,pickwick-papers
Mr. Tupman,Mr. Snodgrass,3916,pickwick-papers
Mr. Tupman,Mr. Wardle,3916,pickwick-papers
Mr. Tupman,Mr. Wardle,3916,pickwick-papers
Mr. Tupman,Mr. Snodgrass,3916,pickwick-papers
Mr. Tupman,Mr. Winkle,3916,pickwick-papers
Mr. Winkle,Mr.,3916,pickwick-papers
Mr. Winkle,Pickwick,3916,pickwick-papers
Mr. Winkle,Mr. Weller,3916,pickwick-papers
Mr. Winkle,Mr. Wardle,3916,pickwick-papers
Mr. Winkle,Mr. Pickwick,3916,pickwick-papers
Mr. Winkle,Mr. Pickwick,3916,pickwick-papers
Mr. Winkle,Mr. Snodgrass,3916,pickwick-papers
Mr. Winkle,Mr. Wardle,3916,pickwick-papers
Mr. Winkle,Mr. Wardle,3916,pickwick-papers
Mr. Winkle,Mr. Snodgrass,3916,pickwick-papers
Mr. Winkle,Mr. Tupman,3916,pickwick-papers
Mr.,Tupman,3927,pickwick-papers
Tupman,Mr.,3927,pickwick-papers
Mr. Pickwick,Sir,3928,pickwick-papers
Sir,Mr. Pickwick,3928,pickwick-papers
Mr. Tupman,Mr. Pickwick,3929,pickwick-papers
Mr. Pickwick,Mr. Tupman,3929,pickwick-papers
Mr. Pickwick,Arabella,3939,pickwick-papers
Arabella,Mr. Pickwick,3939,pickwick-papers
Mr. Pickwick,Vulture,3941,pickwick-papers
Mr. Pickwick,Vulture,3941,pickwick-papers
Vulture,Mr. Pickwick,3941,pickwick-papers
Vulture,Mr. Pickwick,3941,pickwick-papers
Vulture,Mr. Pickwick,3941,pickwick-papers
Mr. Pickwick,Vulture,3941,pickwick-papers
Mr. Weller,Christmas Eve,3943,pickwick-papers
Mr. Weller,Master,3943,pickwick-papers
Christmas Eve,Mr. Weller,3943,pickwick-papers
Christmas Eve,Master,3943,pickwick-papers
Master,Mr. Weller,3943,pickwick-papers
Master,Christmas Eve,3943,pickwick-papers
Mr. Weller,Sir,3952,pickwick-papers
Sir,Mr. Weller,3952,pickwick-papers
Mr. Weller,Christmas Eve,3953,pickwick-papers
Christmas Eve,Mr. Weller,3953,pickwick-papers
Wardle,Mr. Pickwick,3954,pickwick-papers
Wardle,Lady Tollimglower,3954,pickwick-papers
Wardle,Mr. Winkle,3954,pickwick-papers
Wardle,Mr. Snodgrass,3954,pickwick-papers
Wardle,Emily,3954,pickwick-papers
Wardle,Mr. Weller,3954,pickwick-papers
Wardle,Emma,3954,pickwick-papers
Mr. Pickwick,Wardle,3954,pickwick-papers
Mr. Pickwick,Lady Tollimglower,3954,pickwick-papers
Mr. Pickwick,Mr. Winkle,3954,pickwick-papers
Mr. Pickwick,Mr. Snodgrass,3954,pickwick-papers
Mr. Pickwick,Emily,3954,pickwick-papers
Mr. Pickwick,Mr. Weller,3954,pickwick-papers
Mr. Pickwick,Emma,3954,pickwick-papers
Mr. Pickwick,Wardle,3954,pickwick-papers
Lady Tollimglower,Wardle,3954,pickwick-papers
Lady Tollimglower,Mr. Pickwick,3954,pickwick-papers
Lady Tollimglower,Mr. Winkle,3954,pickwick-papers
Lady Tollimglower,Mr. Snodgrass,3954,pickwick-papers
Lady Tollimglower,Emily,3954,pickwick-papers
Lady Tollimglower,Mr. Weller,3954,pickwick-papers
Lady Tollimglower,Emma,3954,pickwick-papers
Lady Tollimglower,Wardle,3954,pickwick-papers
Mr. Winkle,Wardle,3954,pickwick-papers
Mr. Winkle,Mr. Pickwick,3954,pickwick-papers
Mr. Winkle,Lady Tollimglower,3954,pickwick-papers
Mr. Winkle,Mr. Snodgrass,3954,pickwick-papers
Mr. Winkle,Emily,3954,pickwick-papers
Mr. Winkle,Mr. Weller,3954,pickwick-papers
Mr. Winkle,Emma,3954,pickwick-papers
Mr. Winkle,Wardle,3954,pickwick-papers
Mr. Snodgrass,Wardle,3954,pickwick-papers
Mr. Snodgrass,Mr. Pickwick,3954,pickwick-papers
Mr. Snodgrass,Lady Tollimglower,3954,pickwick-papers
Mr. Snodgrass,Mr. Winkle,3954,pickwick-papers
Mr. Snodgrass,Emily,3954,pickwick-papers
Mr. Snodgrass,Mr. Weller,3954,pickwick-papers
Mr. Snodgrass,Emma,3954,pickwick-papers
Mr. Snodgrass,Wardle,3954,pickwick-papers
Emily,Wardle,3954,pickwick-papers
Emily,Mr. Pickwick,3954,pickwick-papers
Emily,Lady Tollimglower,3954,pickwick-papers
Emily,Mr. Winkle,3954,pickwick-papers
Emily,Mr. Snodgrass,3954,pickwick-papers
Emily,Mr. Weller,3954,pickwick-papers
Emily,Emma,3954,pickwick-papers
Emily,Wardle,3954,pickwick-papers
Mr. Weller,Wardle,3954,pickwick-papers
Mr. Weller,Mr. Pickwick,3954,pickwick-papers
Mr. Weller,Lady Tollimglower,3954,pickwick-papers
Mr. Weller,Mr. Winkle,3954,pickwick-papers
Mr. Weller,Mr. Snodgrass,3954,pickwick-papers
Mr. Weller,Emily,3954,pickwick-papers
Mr. Weller,Emma,3954,pickwick-papers
Mr. Weller,Wardle,3954,pickwick-papers
Emma,Wardle,3954,pickwick-papers
Emma,Mr. Pickwick,3954,pickwick-papers
Emma,Lady Tollimglower,3954,pickwick-papers
Emma,Mr. Winkle,3954,pickwick-papers
Emma,Mr. Snodgrass,3954,pickwick-papers
Emma,Emily,3954,pickwick-papers
Emma,Mr. Weller,3954,pickwick-papers
Emma,Wardle,3954,pickwick-papers
Wardle,Mr. Pickwick,3954,pickwick-papers
Wardle,Lady Tollimglower,3954,pickwick-papers
Wardle,Mr. Winkle,3954,pickwick-papers
Wardle,Mr. Snodgrass,3954,pickwick-papers
Wardle,Emily,3954,pickwick-papers
Wardle,Mr. Weller,3954,pickwick-papers
Wardle,Emma,3954,pickwick-papers
Mr. Pickwick,Mr. Wardle,3957,pickwick-papers
Mr. Pickwick,Christmas Eve,3957,pickwick-papers
Mr. Pickwick,Christmas,3957,pickwick-papers
Mr. Pickwick,Trundle,3957,pickwick-papers
Mr. Wardle,Mr. Pickwick,3957,pickwick-papers
Mr. Wardle,Christmas Eve,3957,pickwick-papers
Mr. Wardle,Christmas,3957,pickwick-papers
Mr. Wardle,Trundle,3957,pickwick-papers
Christmas Eve,Mr. Pickwick,3957,pickwick-papers
Christmas Eve,Mr. Wardle,3957,pickwick-papers
Christmas Eve,Christmas,3957,pickwick-papers
Christmas Eve,Trundle,3957,pickwick-papers
Christmas,Mr. Pickwick,3957,pickwick-papers
Christmas,Mr. Wardle,3957,pickwick-papers
Christmas,Christmas Eve,3957,pickwick-papers
Christmas,Trundle,3957,pickwick-papers
Trundle,Mr. Pickwick,3957,pickwick-papers
Trundle,Mr. Wardle,3957,pickwick-papers
Trundle,Christmas Eve,3957,pickwick-papers
Trundle,Christmas,3957,pickwick-papers
Gabriel,Gabriel Grub,3985,pickwick-papers
Gabriel Grub,Gabriel,3985,pickwick-papers
Gabriel Grub,Gabriel,3985,pickwick-papers
Gabriel,Gabriel Grub,3985,pickwick-papers
Gabriel,Christmas,3986,pickwick-papers
Gabriel,Coffin Lane,3986,pickwick-papers
Gabriel,Gabriel Grub,3986,pickwick-papers
Gabriel,Christmas,3986,pickwick-papers
Gabriel,Coffin Lane,3986,pickwick-papers
Gabriel,Gabriel Grub,3986,pickwick-papers
Christmas,Gabriel,3986,pickwick-papers
Christmas,Gabriel,3986,pickwick-papers
Christmas,Coffin Lane,3986,pickwick-papers
Christmas,Gabriel,3986,pickwick-papers
Christmas,Gabriel,3986,pickwick-papers
Christmas,Gabriel Grub,3986,pickwick-papers
Coffin Lane,Gabriel,3986,pickwick-papers
Coffin Lane,Gabriel,3986,pickwick-papers
Coffin Lane,Christmas,3986,pickwick-papers
Coffin Lane,Gabriel,3986,pickwick-papers
Coffin Lane,Gabriel,3986,pickwick-papers
Coffin Lane,Gabriel Grub,3986,pickwick-papers
Gabriel,Christmas,3986,pickwick-papers
Gabriel,Coffin Lane,3986,pickwick-papers
Gabriel,Gabriel Grub,3986,pickwick-papers
Gabriel,Christmas,3986,pickwick-papers
Gabriel,Coffin Lane,3986,pickwick-papers
Gabriel,Gabriel Grub,3986,pickwick-papers
Gabriel Grub,Gabriel,3986,pickwick-papers
Gabriel Grub,Gabriel,3986,pickwick-papers
Gabriel Grub,Christmas,3986,pickwick-papers
Gabriel Grub,Coffin Lane,3986,pickwick-papers
Gabriel Grub,Gabriel,3986,pickwick-papers
Gabriel Grub,Gabriel,3986,pickwick-papers
Sir,Gabriel Grub,3999,pickwick-papers
Gabriel Grub,Sir,3999,pickwick-papers
Gabriel Grub,Gabriel,4001,pickwick-papers
Gabriel Grub,Gabriel,4001,pickwick-papers
Gabriel,Gabriel Grub,4001,pickwick-papers
Gabriel,Gabriel Grub,4001,pickwick-papers
Gabriel Grub,Nature,4040,pickwick-papers
Nature,Gabriel Grub,4040,pickwick-papers
Sam,Mr. Pickwick,4047,pickwick-papers
Sam,Christmas,4047,pickwick-papers
Mr. Pickwick,Sam,4047,pickwick-papers
Mr. Pickwick,Christmas,4047,pickwick-papers
Christmas,Sam,4047,pickwick-papers
Christmas,Mr. Pickwick,4047,pickwick-papers
Sir,Sam,4048,pickwick-papers
Sam,Sir,4048,pickwick-papers
Sam,Mr. Pickwick,4049,pickwick-papers
Mr. Pickwick,Sam,4049,pickwick-papers
Sam,Mr. Pickwick,4051,pickwick-papers
Mr. Pickwick,Sam,4051,pickwick-papers
Sam,Weller,4060,pickwick-papers
Weller,Sam,4060,pickwick-papers
Sam,Mr. Pickwick,4065,pickwick-papers
Mr. Pickwick,Sam,4065,pickwick-papers
Sam,Mr. Pickwick,4066,pickwick-papers
Mr. Pickwick,Sam,4066,pickwick-papers
Mr. Wardle,Miss Allen,4067,pickwick-papers
Mr. Wardle,Mr. Benjamin Allen,4067,pickwick-papers
Mr. Wardle,Mr.,4067,pickwick-papers
Miss Allen,Mr. Wardle,4067,pickwick-papers
Miss Allen,Mr. Benjamin Allen,4067,pickwick-papers
Miss Allen,Mr.,4067,pickwick-papers
Mr. Benjamin Allen,Mr. Wardle,4067,pickwick-papers
Mr. Benjamin Allen,Miss Allen,4067,pickwick-papers
Mr. Benjamin Allen,Mr.,4067,pickwick-papers
Mr.,Mr. Wardle,4067,pickwick-papers
Mr.,Miss Allen,4067,pickwick-papers
Mr.,Mr. Benjamin Allen,4067,pickwick-papers
Bob Sawyer,Mr. Benjamin Allen,4068,pickwick-papers
Bob Sawyer,Mr. Bob Sawyer,4068,pickwick-papers
Bob Sawyer,Mr. Benjamin Allen,4068,pickwick-papers
Mr. Benjamin Allen,Bob Sawyer,4068,pickwick-papers
Mr. Benjamin Allen,Mr. Bob Sawyer,4068,pickwick-papers
Mr. Bob Sawyer,Bob Sawyer,4068,pickwick-papers
Mr. Bob Sawyer,Mr. Benjamin Allen,4068,pickwick-papers
Mr. Bob Sawyer,Mr. Benjamin Allen,4068,pickwick-papers
Mr. Benjamin Allen,Bob Sawyer,4068,pickwick-papers
Mr. Benjamin Allen,Mr. Bob Sawyer,4068,pickwick-papers
Mr.,Pickwick,4069,pickwick-papers
Mr.,Bob Sawyer,4069,pickwick-papers
Mr.,Bob Sawyer,4069,pickwick-papers
Mr.,Mr. Pickwick,4069,pickwick-papers
Mr.,Bob,4069,pickwick-papers
Mr.,Mr. Pickwick,4069,pickwick-papers
Pickwick,Mr.,4069,pickwick-papers
Pickwick,Bob Sawyer,4069,pickwick-papers
Pickwick,Bob Sawyer,4069,pickwick-papers
Pickwick,Mr. Pickwick,4069,pickwick-papers
Pickwick,Bob,4069,pickwick-papers
Pickwick,Mr. Pickwick,4069,pickwick-papers
Bob Sawyer,Mr.,4069,pickwick-papers
Bob Sawyer,Pickwick,4069,pickwick-papers
Bob Sawyer,Mr. Pickwick,4069,pickwick-papers
Bob Sawyer,Bob,4069,pickwick-papers
Bob Sawyer,Mr. Pickwick,4069,pickwick-papers
Bob Sawyer,Mr.,4069,pickwick-papers
Bob Sawyer,Pickwick,4069,pickwick-papers
Bob Sawyer,Mr. Pickwick,4069,pickwick-papers
Bob Sawyer,Bob,4069,pickwick-papers
Bob Sawyer,Mr. Pickwick,4069,pickwick-papers
Mr. Pickwick,Mr.,4069,pickwick-papers
Mr. Pickwick,Pickwick,4069,pickwick-papers
Mr. Pickwick,Bob Sawyer,4069,pickwick-papers
Mr. Pickwick,Bob Sawyer,4069,pickwick-papers
Mr. Pickwick,Bob,4069,pickwick-papers
Bob,Mr.,4069,pickwick-papers
Bob,Pickwick,4069,pickwick-papers
Bob,Bob Sawyer,4069,pickwick-papers
Bob,Bob Sawyer,4069,pickwick-papers
Bob,Mr. Pickwick,4069,pickwick-papers
Bob,Mr. Pickwick,4069,pickwick-papers
Mr. Pickwick,Mr.,4069,pickwick-papers
Mr. Pickwick,Pickwick,4069,pickwick-papers
Mr. Pickwick,Bob Sawyer,4069,pickwick-papers
Mr. Pickwick,Bob Sawyer,4069,pickwick-papers
Mr. Pickwick,Bob,4069,pickwick-papers
Mr.,Benjamin Allen,4070,pickwick-papers
Benjamin Allen,Mr.,4070,pickwick-papers
Mr.,Bob Sawyer,4071,pickwick-papers
Mr.,Robinson Crusoe,4071,pickwick-papers
Bob Sawyer,Mr.,4071,pickwick-papers
Bob Sawyer,Robinson Crusoe,4071,pickwick-papers
Robinson Crusoe,Mr.,4071,pickwick-papers
Robinson Crusoe,Bob Sawyer,4071,pickwick-papers
Mr.,Bob Sawyer,4074,pickwick-papers
Mr.,Mr. Benjamin Allen,4074,pickwick-papers
Bob Sawyer,Mr.,4074,pickwick-papers
Bob Sawyer,Mr. Benjamin Allen,4074,pickwick-papers
Mr. Benjamin Allen,Mr.,4074,pickwick-papers
Mr. Benjamin Allen,Bob Sawyer,4074,pickwick-papers
Bob Sawyer,Ben,4078,pickwick-papers
Ben,Bob Sawyer,4078,pickwick-papers
Mr. Benjamin Allen,Bob,4079,pickwick-papers
Bob,Mr. Benjamin Allen,4079,pickwick-papers
Bob,Mr. Allen,4081,pickwick-papers
Mr. Allen,Bob,4081,pickwick-papers
Mr.,Pickwick,4084,pickwick-papers
Pickwick,Mr.,4084,pickwick-papers
Bob,Mr. Allen,4085,pickwick-papers
Mr. Allen,Bob,4085,pickwick-papers
Mr. Pickwick,Tupman,4094,pickwick-papers
Tupman,Mr. Pickwick,4094,pickwick-papers
Ben,Arabella,4095,pickwick-papers
Arabella,Ben,4095,pickwick-papers
Mr.,Winkle,4097,pickwick-papers
Winkle,Mr.,4097,pickwick-papers
Bob Sawyer,Arabella,4098,pickwick-papers
Bob Sawyer,Mr. Benjamin Allen,4098,pickwick-papers
Bob Sawyer,Arabella,4098,pickwick-papers
Bob Sawyer,Mr. Winkle,4098,pickwick-papers
Arabella,Bob Sawyer,4098,pickwick-papers
Arabella,Mr. Benjamin Allen,4098,pickwick-papers
Arabella,Bob Sawyer,4098,pickwick-papers
Arabella,Mr. Winkle,4098,pickwick-papers
Arabella,Bob Sawyer,4098,pickwick-papers
Mr. Benjamin Allen,Bob Sawyer,4098,pickwick-papers
Mr. Benjamin Allen,Arabella,4098,pickwick-papers
Mr. Benjamin Allen,Arabella,4098,pickwick-papers
Mr. Benjamin Allen,Bob Sawyer,4098,pickwick-papers
Mr. Benjamin Allen,Mr. Winkle,4098,pickwick-papers
Mr. Benjamin Allen,Bob Sawyer,4098,pickwick-papers
Arabella,Bob Sawyer,4098,pickwick-papers
Arabella,Mr. Benjamin Allen,4098,pickwick-papers
Arabella,Bob Sawyer,4098,pickwick-papers
Arabella,Mr. Winkle,4098,pickwick-papers
Arabella,Bob Sawyer,4098,pickwick-papers
Bob Sawyer,Arabella,4098,pickwick-papers
Bob Sawyer,Mr. Benjamin Allen,4098,pickwick-papers
Bob Sawyer,Arabella,4098,pickwick-papers
Bob Sawyer,Mr. Winkle,4098,pickwick-papers
Mr. Winkle,Bob Sawyer,4098,pickwick-papers
Mr. Winkle,Arabella,4098,pickwick-papers
Mr. Winkle,Mr. Benjamin Allen,4098,pickwick-papers
Mr. Winkle,Arabella,4098,pickwick-papers
Mr. Winkle,Bob Sawyer,4098,pickwick-papers
Mr. Winkle,Bob Sawyer,4098,pickwick-papers
Bob Sawyer,Arabella,4098,pickwick-papers
Bob Sawyer,Mr. Benjamin Allen,4098,pickwick-papers
Bob Sawyer,Arabella,4098,pickwick-papers
Bob Sawyer,Mr. Winkle,4098,pickwick-papers
Arabella,Winkle,4099,pickwick-papers
Winkle,Arabella,4099,pickwick-papers
Arabella,Mr. Allen,4100,pickwick-papers
Arabella,Mr. Winkle,4100,pickwick-papers
Arabella,Mr. Winkle,4100,pickwick-papers
Arabella,Mr. Bob Sawyer,4100,pickwick-papers
Mr. Allen,Arabella,4100,pickwick-papers
Mr. Allen,Mr. Winkle,4100,pickwick-papers
Mr. Allen,Mr. Winkle,4100,pickwick-papers
Mr. Allen,Mr. Bob Sawyer,4100,pickwick-papers
Mr. Winkle,Arabella,4100,pickwick-papers
Mr. Winkle,Mr. Allen,4100,pickwick-papers
Mr. Winkle,Mr. Bob Sawyer,4100,pickwick-papers
Mr. Winkle,Arabella,4100,pickwick-papers
Mr. Winkle,Mr. Allen,4100,pickwick-papers
Mr. Winkle,Mr. Bob Sawyer,4100,pickwick-papers
Mr. Bob Sawyer,Arabella,4100,pickwick-papers
Mr. Bob Sawyer,Mr. Allen,4100,pickwick-papers
Mr. Bob Sawyer,Mr. Winkle,4100,pickwick-papers
Mr. Bob Sawyer,Mr. Winkle,4100,pickwick-papers
Mr. Winkle,Mr. Pickwick,4101,pickwick-papers
Mr. Winkle,Mr. Benjamin Allen,4101,pickwick-papers
Mr. Winkle,Mr. Bob Sawyer,4101,pickwick-papers
Mr. Winkle,Mr. Benjamin Allen,4101,pickwick-papers
Mr. Winkle,Mr. Bob Sawyer,4101,pickwick-papers
Mr. Pickwick,Mr. Winkle,4101,pickwick-papers
Mr. Pickwick,Mr. Winkle,4101,pickwick-papers
Mr. Pickwick,Mr. Benjamin Allen,4101,pickwick-papers
Mr. Pickwick,Mr. Bob Sawyer,4101,pickwick-papers
Mr. Pickwick,Mr. Benjamin Allen,4101,pickwick-papers
Mr. Pickwick,Mr. Bob Sawyer,4101,pickwick-papers
Mr. Winkle,Mr. Pickwick,4101,pickwick-papers
Mr. Winkle,Mr. Benjamin Allen,4101,pickwick-papers
Mr. Winkle,Mr. Bob Sawyer,4101,pickwick-papers
Mr. Winkle,Mr. Benjamin Allen,4101,pickwick-papers
Mr. Winkle,Mr. Bob Sawyer,4101,pickwick-papers
Mr. Benjamin Allen,Mr. Winkle,4101,pickwick-papers
Mr. Benjamin Allen,Mr. Pickwick,4101,pickwick-papers
Mr. Benjamin Allen,Mr. Winkle,4101,pickwick-papers
Mr. Benjamin Allen,Mr. Bob Sawyer,4101,pickwick-papers
Mr. Benjamin Allen,Mr. Bob Sawyer,4101,pickwick-papers
Mr. Bob Sawyer,Mr. Winkle,4101,pickwick-papers
Mr. Bob Sawyer,Mr. Pickwick,4101,pickwick-papers
Mr. Bob Sawyer,Mr. Winkle,4101,pickwick-papers
Mr. Bob Sawyer,Mr. Benjamin Allen,4101,pickwick-papers
Mr. Bob Sawyer,Mr. Benjamin Allen,4101,pickwick-papers
Mr. Benjamin Allen,Mr. Winkle,4101,pickwick-papers
Mr. Benjamin Allen,Mr. Pickwick,4101,pickwick-papers
Mr. Benjamin Allen,Mr. Winkle,4101,pickwick-papers
Mr. Benjamin Allen,Mr. Bob Sawyer,4101,pickwick-papers
Mr. Benjamin Allen,Mr. Bob Sawyer,4101,pickwick-papers
Mr. Bob Sawyer,Mr. Winkle,4101,pickwick-papers
Mr. Bob Sawyer,Mr. Pickwick,4101,pickwick-papers
Mr. Bob Sawyer,Mr. Winkle,4101,pickwick-papers
Mr. Bob Sawyer,Mr. Benjamin Allen,4101,pickwick-papers
Mr. Bob Sawyer,Mr. Benjamin Allen,4101,pickwick-papers
Winkle,Wardle,4105,pickwick-papers
Wardle,Winkle,4105,pickwick-papers
Mr. Winkle,Arabella,4107,pickwick-papers
Arabella,Mr. Winkle,4107,pickwick-papers
Trundle,Mr. Winkle,4111,pickwick-papers
Mr. Winkle,Trundle,4111,pickwick-papers
Old,Wardle,4112,pickwick-papers
Old,Mr. Weller,4112,pickwick-papers
Old,Mr. Bob Sawyer,4112,pickwick-papers
Old,Mr. Winkle,4112,pickwick-papers
Old,Mr. Pickwick,4112,pickwick-papers
Old,Mr. Tupman,4112,pickwick-papers
Old,Benjamin Allen,4112,pickwick-papers
Old,Bob Sawyer,4112,pickwick-papers
Wardle,Old,4112,pickwick-papers
Wardle,Mr. Weller,4112,pickwick-papers
Wardle,Mr. Bob Sawyer,4112,pickwick-papers
Wardle,Mr. Winkle,4112,pickwick-papers
Wardle,Mr. Pickwick,4112,pickwick-papers
Wardle,Mr. Tupman,4112,pickwick-papers
Wardle,Benjamin Allen,4112,pickwick-papers
Wardle,Bob Sawyer,4112,pickwick-papers
Mr. Weller,Old,4112,pickwick-papers
Mr. Weller,Wardle,4112,pickwick-papers
Mr. Weller,Mr. Bob Sawyer,4112,pickwick-papers
Mr. Weller,Mr. Winkle,4112,pickwick-papers
Mr. Weller,Mr. Pickwick,4112,pickwick-papers
Mr. Weller,Mr. Tupman,4112,pickwick-papers
Mr. Weller,Benjamin Allen,4112,pickwick-papers
Mr. Weller,Bob Sawyer,4112,pickwick-papers
Mr. Bob Sawyer,Old,4112,pickwick-papers
Mr. Bob Sawyer,Wardle,4112,pickwick-papers
Mr. Bob Sawyer,Mr. Weller,4112,pickwick-papers
Mr. Bob Sawyer,Mr. Winkle,4112,pickwick-papers
Mr. Bob Sawyer,Mr. Pickwick,4112,pickwick-papers
Mr. Bob Sawyer,Mr. Tupman,4112,pickwick-papers
Mr. Bob Sawyer,Benjamin Allen,4112,pickwick-papers
Mr. Bob Sawyer,Bob Sawyer,4112,pickwick-papers
Mr. Winkle,Old,4112,pickwick-papers
Mr. Winkle,Wardle,4112,pickwick-papers
Mr. Winkle,Mr. Weller,4112,pickwick-papers
Mr. Winkle,Mr. Bob Sawyer,4112,pickwick-papers
Mr. Winkle,Mr. Pickwick,4112,pickwick-papers
Mr. Winkle,Mr. Tupman,4112,pickwick-papers
Mr. Winkle,Benjamin Allen,4112,pickwick-papers
Mr. Winkle,Bob Sawyer,4112,pickwick-papers
Mr. Pickwick,Old,4112,pickwick-papers
Mr. Pickwick,Wardle,4112,pickwick-papers
Mr. Pickwick,Mr. Weller,4112,pickwick-papers
Mr. Pickwick,Mr. Bob Sawyer,4112,pickwick-papers
Mr. Pickwick,Mr. Winkle,4112,pickwick-papers
Mr. Pickwick,Mr. Tupman,4112,pickwick-papers
Mr. Pickwick,Benjamin Allen,4112,pickwick-papers
Mr. Pickwick,Bob Sawyer,4112,pickwick-papers
Mr. Tupman,Old,4112,pickwick-papers
Mr. Tupman,Wardle,4112,pickwick-papers
Mr. Tupman,Mr. Weller,4112,pickwick-papers
Mr. Tupman,Mr. Bob Sawyer,4112,pickwick-papers
Mr. Tupman,Mr. Winkle,4112,pickwick-papers
Mr. Tupman,Mr. Pickwick,4112,pickwick-papers
Mr. Tupman,Benjamin Allen,4112,pickwick-papers
Mr. Tupman,Bob Sawyer,4112,pickwick-papers
Benjamin Allen,Old,4112,pickwick-papers
Benjamin Allen,Wardle,4112,pickwick-papers
Benjamin Allen,Mr. Weller,4112,pickwick-papers
Benjamin Allen,Mr. Bob Sawyer,4112,pickwick-papers
Benjamin Allen,Mr. Winkle,4112,pickwick-papers
Benjamin Allen,Mr. Pickwick,4112,pickwick-papers
Benjamin Allen,Mr. Tupman,4112,pickwick-papers
Benjamin Allen,Bob Sawyer,4112,pickwick-papers
Bob Sawyer,Old,4112,pickwick-papers
Bob Sawyer,Wardle,4112,pickwick-papers
Bob Sawyer,Mr. Weller,4112,pickwick-papers
Bob Sawyer,Mr. Bob Sawyer,4112,pickwick-papers
Bob Sawyer,Mr. Winkle,4112,pickwick-papers
Bob Sawyer,Mr. Pickwick,4112,pickwick-papers
Bob Sawyer,Mr. Tupman,4112,pickwick-papers
Bob Sawyer,Benjamin Allen,4112,pickwick-papers
Mr. Winkle,Mr. Snodgrass,4113,pickwick-papers
Mr. Winkle,Mr. Weller,4113,pickwick-papers
Mr. Snodgrass,Mr. Winkle,4113,pickwick-papers
Mr. Snodgrass,Mr. Weller,4113,pickwick-papers
Mr. Snodgrass,Mr. Winkle,4113,pickwick-papers
Mr. Weller,Mr. Winkle,4113,pickwick-papers
Mr. Weller,Mr. Snodgrass,4113,pickwick-papers
Mr. Weller,Mr. Winkle,4113,pickwick-papers
Mr. Winkle,Mr. Snodgrass,4113,pickwick-papers
Mr. Winkle,Mr. Weller,4113,pickwick-papers
Sir,Sam,4114,pickwick-papers
Sam,Sir,4114,pickwick-papers
Sam,Mr. Winkle,4115,pickwick-papers
Mr. Winkle,Sam,4115,pickwick-papers
Mr. Winkle,Sam,4115,pickwick-papers
Mr. Winkle,Sam,4115,pickwick-papers
Sam,Mr. Winkle,4115,pickwick-papers
Sam,Mr. Winkle,4115,pickwick-papers
Sir,Mr. Weller,4116,pickwick-papers
Mr. Weller,Sir,4116,pickwick-papers
Mr. Weller,Sir,4116,pickwick-papers
Sir,Mr. Weller,4116,pickwick-papers
Mr. Weller,Mr. Winkle,4117,pickwick-papers
Mr. Winkle,Mr. Weller,4117,pickwick-papers
Sam,Mr. Winkle,4118,pickwick-papers
Mr. Winkle,Sam,4118,pickwick-papers
Sir,Sam,4119,pickwick-papers
Sam,Sir,4119,pickwick-papers
Sam,Sir,4122,pickwick-papers
Sir,Sam,4122,pickwick-papers
Sam,Mr. Winkle,4123,pickwick-papers
Sam,Mr. Weller,4123,pickwick-papers
Mr. Winkle,Sam,4123,pickwick-papers
Mr. Winkle,Mr. Weller,4123,pickwick-papers
Mr. Winkle,Sam,4123,pickwick-papers
Mr. Winkle,Sam,4123,pickwick-papers
Mr. Weller,Sam,4123,pickwick-papers
Mr. Weller,Mr. Winkle,4123,pickwick-papers
Mr. Weller,Sam,4123,pickwick-papers
Mr. Weller,Sam,4123,pickwick-papers
Sam,Mr. Winkle,4123,pickwick-papers
Sam,Mr. Weller,4123,pickwick-papers
Sam,Mr. Winkle,4123,pickwick-papers
Sam,Mr. Weller,4123,pickwick-papers
Sir,Mr. Weller,4124,pickwick-papers
Mr. Weller,Sir,4124,pickwick-papers
Sam,Mr. Winkle,4125,pickwick-papers
Mr. Winkle,Sam,4125,pickwick-papers
Mr. Winkle,Sam,4125,pickwick-papers
Mr. Winkle,Sam,4125,pickwick-papers
Sam,Mr. Winkle,4125,pickwick-papers
Sam,Mr. Winkle,4125,pickwick-papers
Mr. Winkle,Sam,4127,pickwick-papers
Sam,Mr. Winkle,4127,pickwick-papers
Mr.,Mr. Weller,4128,pickwick-papers
Mr.,Mr. Pickwick,4128,pickwick-papers
Mr. Weller,Mr.,4128,pickwick-papers
Mr. Weller,Mr. Pickwick,4128,pickwick-papers
Mr. Pickwick,Mr.,4128,pickwick-papers
Mr. Pickwick,Mr. Weller,4128,pickwick-papers
Sir,Sam,4132,pickwick-papers
Sam,Sir,4132,pickwick-papers
Mr. Weller,Mr. Winkle,4133,pickwick-papers
Mr. Weller,Mr. Bob Sawyer,4133,pickwick-papers
Mr. Weller,Mr. Winkle,4133,pickwick-papers
Mr. Weller,Mr. Pickwick,4133,pickwick-papers
Mr. Weller,Bob Sawyer,4133,pickwick-papers
Mr. Weller,Mr. Winkle,4133,pickwick-papers
Mr. Winkle,Mr. Weller,4133,pickwick-papers
Mr. Winkle,Mr. Bob Sawyer,4133,pickwick-papers
Mr. Winkle,Mr. Pickwick,4133,pickwick-papers
Mr. Winkle,Bob Sawyer,4133,pickwick-papers
Mr. Bob Sawyer,Mr. Weller,4133,pickwick-papers
Mr. Bob Sawyer,Mr. Winkle,4133,pickwick-papers
Mr. Bob Sawyer,Mr. Winkle,4133,pickwick-papers
Mr. Bob Sawyer,Mr. Pickwick,4133,pickwick-papers
Mr. Bob Sawyer,Bob Sawyer,4133,pickwick-papers
Mr. Bob Sawyer,Mr. Winkle,4133,pickwick-papers
Mr. Winkle,Mr. Weller,4133,pickwick-papers
Mr. Winkle,Mr. Bob Sawyer,4133,pickwick-papers
Mr. Winkle,Mr. Pickwick,4133,pickwick-papers
Mr. Winkle,Bob Sawyer,4133,pickwick-papers
Mr. Pickwick,Mr. Weller,4133,pickwick-papers
Mr. Pickwick,Mr. Winkle,4133,pickwick-papers
Mr. Pickwick,Mr. Bob Sawyer,4133,pickwick-papers
Mr. Pickwick,Mr. Winkle,4133,pickwick-papers
Mr. Pickwick,Bob Sawyer,4133,pickwick-papers
Mr. Pickwick,Mr. Winkle,4133,pickwick-papers
Bob Sawyer,Mr. Weller,4133,pickwick-papers
Bob Sawyer,Mr. Winkle,4133,pickwick-papers
Bob Sawyer,Mr. Bob Sawyer,4133,pickwick-papers
Bob Sawyer,Mr. Winkle,4133,pickwick-papers
Bob Sawyer,Mr. Pickwick,4133,pickwick-papers
Bob Sawyer,Mr. Winkle,4133,pickwick-papers
Mr. Winkle,Mr. Weller,4133,pickwick-papers
Mr. Winkle,Mr. Bob Sawyer,4133,pickwick-papers
Mr. Winkle,Mr. Pickwick,4133,pickwick-papers
Mr. Winkle,Bob Sawyer,4133,pickwick-papers
Pickwick,Bob Sawyer,4140,pickwick-papers
Bob Sawyer,Pickwick,4140,pickwick-papers
Mr.,Pickwick,4141,pickwick-papers
Mr.,Mr. Weller,4141,pickwick-papers
Pickwick,Mr.,4141,pickwick-papers
Pickwick,Mr. Weller,4141,pickwick-papers
Mr. Weller,Mr.,4141,pickwick-papers
Mr. Weller,Pickwick,4141,pickwick-papers
Mr. Winkle,Sam,4144,pickwick-papers
Sam,Mr. Winkle,4144,pickwick-papers
Mr. Pickwick,Sam,4145,pickwick-papers
Sam,Mr. Pickwick,4145,pickwick-papers
Mr.,Pickwick,4146,pickwick-papers
Pickwick,Mr.,4146,pickwick-papers
Mr. Pickwick,Mr. Weller,4151,pickwick-papers
Mr. Pickwick,Sam Weller,4151,pickwick-papers
Mr. Weller,Mr. Pickwick,4151,pickwick-papers
Mr. Weller,Sam Weller,4151,pickwick-papers
Mr. Weller,Mr. Pickwick,4151,pickwick-papers
Sam Weller,Mr. Pickwick,4151,pickwick-papers
Sam Weller,Mr. Weller,4151,pickwick-papers
Sam Weller,Mr. Pickwick,4151,pickwick-papers
Mr. Pickwick,Mr. Weller,4151,pickwick-papers
Mr. Pickwick,Sam Weller,4151,pickwick-papers
Wardle,Mr. Weller,4158,pickwick-papers
Mr. Weller,Wardle,4158,pickwick-papers
Mr.,Pickwick,4159,pickwick-papers
Pickwick,Mr.,4159,pickwick-papers
Sir,Sam,4160,pickwick-papers
Sir,Wardle,4160,pickwick-papers
Sir,Mr. Pickwick,4160,pickwick-papers
Sir,Sam,4160,pickwick-papers
Sir,Mr. Winkle,4160,pickwick-papers
Sir,Mr. Bob Sawyer,4160,pickwick-papers
Sir,Mr. Snodgrass,4160,pickwick-papers
Sam,Sir,4160,pickwick-papers
Sam,Wardle,4160,pickwick-papers
Sam,Mr. Pickwick,4160,pickwick-papers
Sam,Mr. Winkle,4160,pickwick-papers
Sam,Mr. Bob Sawyer,4160,pickwick-papers
Sam,Mr. Snodgrass,4160,pickwick-papers
Wardle,Sir,4160,pickwick-papers
Wardle,Sam,4160,pickwick-papers
Wardle,Mr. Pickwick,4160,pickwick-papers
Wardle,Sam,4160,pickwick-papers
Wardle,Mr. Winkle,4160,pickwick-papers
Wardle,Mr. Bob Sawyer,4160,pickwick-papers
Wardle,Mr. Snodgrass,4160,pickwick-papers
Mr. Pickwick,Sir,4160,pickwick-papers
Mr. Pickwick,Sam,4160,pickwick-papers
Mr. Pickwick,Wardle,4160,pickwick-papers
Mr. Pickwick,Sam,4160,pickwick-papers
Mr. Pickwick,Mr. Winkle,4160,pickwick-papers
Mr. Pickwick,Mr. Bob Sawyer,4160,pickwick-papers
Mr. Pickwick,Mr. Snodgrass,4160,pickwick-papers
Sam,Sir,4160,pickwick-papers
Sam,Wardle,4160,pickwick-papers
Sam,Mr. Pickwick,4160,pickwick-papers
Sam,Mr. Winkle,4160,pickwick-papers
Sam,Mr. Bob Sawyer,4160,pickwick-papers
Sam,Mr. Snodgrass,4160,pickwick-papers
Mr. Winkle,Sir,4160,pickwick-papers
Mr. Winkle,Sam,4160,pickwick-papers
Mr. Winkle,Wardle,4160,pickwick-papers
Mr. Winkle,Mr. Pickwick,4160,pickwick-papers
Mr. Winkle,Sam,4160,pickwick-papers
Mr. Winkle,Mr. Bob Sawyer,4160,pickwick-papers
Mr. Winkle,Mr. Snodgrass,4160,pickwick-papers
Mr. Bob Sawyer,Sir,4160,pickwick-papers
Mr. Bob Sawyer,Sam,4160,pickwick-papers
Mr. Bob Sawyer,Wardle,4160,pickwick-papers
Mr. Bob Sawyer,Mr. Pickwick,4160,pickwick-papers
Mr. Bob Sawyer,Sam,4160,pickwick-papers
Mr. Bob Sawyer,Mr. Winkle,4160,pickwick-papers
Mr. Bob Sawyer,Mr. Snodgrass,4160,pickwick-papers
Mr. Snodgrass,Sir,4160,pickwick-papers
Mr. Snodgrass,Sam,4160,pickwick-papers
Mr. Snodgrass,Wardle,4160,pickwick-papers
Mr. Snodgrass,Mr. Pickwick,4160,pickwick-papers
Mr. Snodgrass,Sam,4160,pickwick-papers
Mr. Snodgrass,Mr. Winkle,4160,pickwick-papers
Mr. Snodgrass,Mr. Bob Sawyer,4160,pickwick-papers
Mr. Tupman,Mr. Pickwick,4162,pickwick-papers
Mr. Tupman,Mr. Pickwick,4162,pickwick-papers
Mr. Pickwick,Mr. Tupman,4162,pickwick-papers
Mr. Pickwick,Mr. Tupman,4162,pickwick-papers
Mr. Snodgrass,Mr. Winkle,4163,pickwick-papers
Mr. Snodgrass,Mr. Tupman,4163,pickwick-papers
Mr. Winkle,Mr. Snodgrass,4163,pickwick-papers
Mr. Winkle,Mr. Tupman,4163,pickwick-papers
Mr. Tupman,Mr. Snodgrass,4163,pickwick-papers
Mr. Tupman,Mr. Winkle,4163,pickwick-papers
Sam Weller,Mr. Benjamin Allen,4164,pickwick-papers
Sam Weller,Mr. Bob Sawyer,4164,pickwick-papers
Sam Weller,Mr. Pickwick,4164,pickwick-papers
Mr. Benjamin Allen,Sam Weller,4164,pickwick-papers
Mr. Benjamin Allen,Mr. Bob Sawyer,4164,pickwick-papers
Mr. Benjamin Allen,Mr. Pickwick,4164,pickwick-papers
Mr. Bob Sawyer,Sam Weller,4164,pickwick-papers
Mr. Bob Sawyer,Mr. Benjamin Allen,4164,pickwick-papers
Mr. Bob Sawyer,Mr. Pickwick,4164,pickwick-papers
Mr. Pickwick,Sam Weller,4164,pickwick-papers
Mr. Pickwick,Mr. Benjamin Allen,4164,pickwick-papers
Mr. Pickwick,Mr. Bob Sawyer,4164,pickwick-papers
Mr. Winkle,Mr. Pickwick,4166,pickwick-papers
Mr. Pickwick,Mr. Winkle,4166,pickwick-papers
Arabella,Pickwick,4171,pickwick-papers
Pickwick,Arabella,4171,pickwick-papers
Mr. Pickwick,Mr. Weller,4173,pickwick-papers
Mr. Weller,Mr. Pickwick,4173,pickwick-papers
Mr. Pickwick,Sam Weller,4174,pickwick-papers
Mr. Pickwick,Manor Farm,4174,pickwick-papers
Mr. Pickwick,Mr. Tupman,4174,pickwick-papers
Sam Weller,Mr. Pickwick,4174,pickwick-papers
Sam Weller,Manor Farm,4174,pickwick-papers
Sam Weller,Mr. Tupman,4174,pickwick-papers
Manor Farm,Mr. Pickwick,4174,pickwick-papers
Manor Farm,Sam Weller,4174,pickwick-papers
Manor Farm,Mr. Tupman,4174,pickwick-papers
Mr. Tupman,Mr. Pickwick,4174,pickwick-papers
Mr. Tupman,Sam Weller,4174,pickwick-papers
Mr. Tupman,Manor Farm,4174,pickwick-papers
Mr.,Pickwick,4175,pickwick-papers
Mr.,Sam Weller,4175,pickwick-papers
Mr.,Old Wardle,4175,pickwick-papers
Mr.,Mr. Pickwick,4175,pickwick-papers
Mr.,Mr. Pickwick,4175,pickwick-papers
Mr.,Mr. Bob Sawyer,4175,pickwick-papers
Pickwick,Mr.,4175,pickwick-papers
Pickwick,Sam Weller,4175,pickwick-papers
Pickwick,Old Wardle,4175,pickwick-papers
Pickwick,Mr. Pickwick,4175,pickwick-papers
Pickwick,Mr. Pickwick,4175,pickwick-papers
Pickwick,Mr. Bob Sawyer,4175,pickwick-papers
Sam Weller,Mr.,4175,pickwick-papers
Sam Weller,Pickwick,4175,pickwick-papers
Sam Weller,Old Wardle,4175,pickwick-papers
Sam Weller,Mr. Pickwick,4175,pickwick-papers
Sam Weller,Mr. Pickwick,4175,pickwick-papers
Sam Weller,Mr. Bob Sawyer,4175,pickwick-papers
Old Wardle,Mr.,4175,pickwick-papers
Old Wardle,Pickwick,4175,pickwick-papers
Old Wardle,Sam Weller,4175,pickwick-papers
Old Wardle,Mr. Pickwick,4175,pickwick-papers
Old Wardle,Mr. Pickwick,4175,pickwick-papers
Old Wardle,Mr. Bob Sawyer,4175,pickwick-papers
Mr. Pickwick,Mr.,4175,pickwick-papers
Mr. Pickwick,Pickwick,4175,pickwick-papers
Mr. Pickwick,Sam Weller,4175,pickwick-papers
Mr. Pickwick,Old Wardle,4175,pickwick-papers
Mr. Pickwick,Mr. Bob Sawyer,4175,pickwick-papers
Mr. Pickwick,Mr.,4175,pickwick-papers
Mr. Pickwick,Pickwick,4175,pickwick-papers
Mr. Pickwick,Sam Weller,4175,pickwick-papers
Mr. Pickwick,Old Wardle,4175,pickwick-papers
Mr. Pickwick,Mr. Bob Sawyer,4175,pickwick-papers
Mr. Bob Sawyer,Mr.,4175,pickwick-papers
Mr. Bob Sawyer,Pickwick,4175,pickwick-papers
Mr. Bob Sawyer,Sam Weller,4175,pickwick-papers
Mr. Bob Sawyer,Old Wardle,4175,pickwick-papers
Mr. Bob Sawyer,Mr. Pickwick,4175,pickwick-papers
Mr. Bob Sawyer,Mr. Pickwick,4175,pickwick-papers
Death,Mr. Pickwick,4176,pickwick-papers
Death,Arabella Allen,4176,pickwick-papers
Death,Mr. Winkle,4176,pickwick-papers
Death,Benjamin,4176,pickwick-papers
Death,Mr. Bob Sawyer,4176,pickwick-papers
Mr. Pickwick,Death,4176,pickwick-papers
Mr. Pickwick,Arabella Allen,4176,pickwick-papers
Mr. Pickwick,Mr. Winkle,4176,pickwick-papers
Mr. Pickwick,Benjamin,4176,pickwick-papers
Mr. Pickwick,Mr. Bob Sawyer,4176,pickwick-papers
Arabella Allen,Death,4176,pickwick-papers
Arabella Allen,Mr. Pickwick,4176,pickwick-papers
Arabella Allen,Mr. Winkle,4176,pickwick-papers
Arabella Allen,Benjamin,4176,pickwick-papers
Arabella Allen,Mr. Bob Sawyer,4176,pickwick-papers
Mr. Winkle,Death,4176,pickwick-papers
Mr. Winkle,Mr. Pickwick,4176,pickwick-papers
Mr. Winkle,Arabella Allen,4176,pickwick-papers
Mr. Winkle,Benjamin,4176,pickwick-papers
Mr. Winkle,Mr. Bob Sawyer,4176,pickwick-papers
Benjamin,Death,4176,pickwick-papers
Benjamin,Mr. Pickwick,4176,pickwick-papers
Benjamin,Arabella Allen,4176,pickwick-papers
Benjamin,Mr. Winkle,4176,pickwick-papers
Benjamin,Mr. Bob Sawyer,4176,pickwick-papers
Mr. Bob Sawyer,Death,4176,pickwick-papers
Mr. Bob Sawyer,Mr. Pickwick,4176,pickwick-papers
Mr. Bob Sawyer,Arabella Allen,4176,pickwick-papers
Mr. Bob Sawyer,Mr. Winkle,4176,pickwick-papers
Mr. Bob Sawyer,Benjamin,4176,pickwick-papers
Mr. Benjamin Allen,Mr. Pickwick,4177,pickwick-papers
Mr. Benjamin Allen,Mr. Bob Sawyer,4177,pickwick-papers
Mr. Benjamin Allen,Mr. Pickwick,4177,pickwick-papers
Mr. Pickwick,Mr. Benjamin Allen,4177,pickwick-papers
Mr. Pickwick,Mr. Bob Sawyer,4177,pickwick-papers
Mr. Bob Sawyer,Mr. Benjamin Allen,4177,pickwick-papers
Mr. Bob Sawyer,Mr. Pickwick,4177,pickwick-papers
Mr. Bob Sawyer,Mr. Pickwick,4177,pickwick-papers
Mr. Pickwick,Mr. Benjamin Allen,4177,pickwick-papers
Mr. Pickwick,Mr. Bob Sawyer,4177,pickwick-papers
Mr. Pickwick,Vulture,4178,pickwick-papers
Vulture,Mr. Pickwick,4178,pickwick-papers
Mr. Bob Sawyer,Guy,4181,pickwick-papers
Mr. Bob Sawyer,St. George,4181,pickwick-papers
Guy,Mr. Bob Sawyer,4181,pickwick-papers
Guy,St. George,4181,pickwick-papers
St. George,Mr. Bob Sawyer,4181,pickwick-papers
St. George,Guy,4181,pickwick-papers
Mr.,Pickwick,4184,pickwick-papers
Mr.,Mr. Bob Sawyer,4184,pickwick-papers
Mr.,Ben,4184,pickwick-papers
Pickwick,Mr.,4184,pickwick-papers
Pickwick,Mr. Bob Sawyer,4184,pickwick-papers
Pickwick,Ben,4184,pickwick-papers
Mr. Bob Sawyer,Mr.,4184,pickwick-papers
Mr. Bob Sawyer,Pickwick,4184,pickwick-papers
Mr. Bob Sawyer,Ben,4184,pickwick-papers
Ben,Mr.,4184,pickwick-papers
Ben,Pickwick,4184,pickwick-papers
Ben,Mr. Bob Sawyer,4184,pickwick-papers
Mr. Winkle,Arabella Allen,4185,pickwick-papers
Mr. Winkle,Mr. Snodgrass,4185,pickwick-papers
Mr. Winkle,Emily Wardle,4185,pickwick-papers
Mr. Winkle,Mr. Pickwick,4185,pickwick-papers
Mr. Winkle,Mr. Tupman,4185,pickwick-papers
Arabella Allen,Mr. Winkle,4185,pickwick-papers
Arabella Allen,Mr. Snodgrass,4185,pickwick-papers
Arabella Allen,Emily Wardle,4185,pickwick-papers
Arabella Allen,Mr. Pickwick,4185,pickwick-papers
Arabella Allen,Mr. Tupman,4185,pickwick-papers
Mr. Snodgrass,Mr. Winkle,4185,pickwick-papers
Mr. Snodgrass,Arabella Allen,4185,pickwick-papers
Mr. Snodgrass,Emily Wardle,4185,pickwick-papers
Mr. Snodgrass,Mr. Pickwick,4185,pickwick-papers
Mr. Snodgrass,Mr. Tupman,4185,pickwick-papers
Emily Wardle,Mr. Winkle,4185,pickwick-papers
Emily Wardle,Arabella Allen,4185,pickwick-papers
Emily Wardle,Mr. Snodgrass,4185,pickwick-papers
Emily Wardle,Mr. Pickwick,4185,pickwick-papers
Emily Wardle,Mr. Tupman,4185,pickwick-papers
Mr. Pickwick,Mr. Winkle,4185,pickwick-papers
Mr. Pickwick,Arabella Allen,4185,pickwick-papers
Mr. Pickwick,Mr. Snodgrass,4185,pickwick-papers
Mr. Pickwick,Emily Wardle,4185,pickwick-papers
Mr. Pickwick,Mr. Tupman,4185,pickwick-papers
Mr. Tupman,Mr. Winkle,4185,pickwick-papers
Mr. Tupman,Arabella Allen,4185,pickwick-papers
Mr. Tupman,Mr. Snodgrass,4185,pickwick-papers
Mr. Tupman,Emily Wardle,4185,pickwick-papers
Mr. Tupman,Mr. Pickwick,4185,pickwick-papers
Mr. Jackson,Dodson,4191,pickwick-papers
Mr. Jackson,Fogg,4191,pickwick-papers
Mr. Jackson,Freeman,4191,pickwick-papers
Mr. Jackson,Cornhill,4191,pickwick-papers
Mr. Jackson,Vulture,4191,pickwick-papers
Mr. Jackson,Mr. Pickwick,4191,pickwick-papers
Dodson,Mr. Jackson,4191,pickwick-papers
Dodson,Fogg,4191,pickwick-papers
Dodson,Freeman,4191,pickwick-papers
Dodson,Cornhill,4191,pickwick-papers
Dodson,Vulture,4191,pickwick-papers
Dodson,Mr. Pickwick,4191,pickwick-papers
Fogg,Mr. Jackson,4191,pickwick-papers
Fogg,Dodson,4191,pickwick-papers
Fogg,Freeman,4191,pickwick-papers
Fogg,Cornhill,4191,pickwick-papers
Fogg,Vulture,4191,pickwick-papers
Fogg,Mr. Pickwick,4191,pickwick-papers
Freeman,Mr. Jackson,4191,pickwick-papers
Freeman,Dodson,4191,pickwick-papers
Freeman,Fogg,4191,pickwick-papers
Freeman,Cornhill,4191,pickwick-papers
Freeman,Vulture,4191,pickwick-papers
Freeman,Mr. Pickwick,4191,pickwick-papers
Cornhill,Mr. Jackson,4191,pickwick-papers
Cornhill,Dodson,4191,pickwick-papers
Cornhill,Fogg,4191,pickwick-papers
Cornhill,Freeman,4191,pickwick-papers
Cornhill,Vulture,4191,pickwick-papers
Cornhill,Mr. Pickwick,4191,pickwick-papers
Vulture,Mr. Jackson,4191,pickwick-papers
Vulture,Dodson,4191,pickwick-papers
Vulture,Fogg,4191,pickwick-papers
Vulture,Freeman,4191,pickwick-papers
Vulture,Cornhill,4191,pickwick-papers
Vulture,Mr. Pickwick,4191,pickwick-papers
Mr. Pickwick,Mr. Jackson,4191,pickwick-papers
Mr. Pickwick,Dodson,4191,pickwick-papers
Mr. Pickwick,Fogg,4191,pickwick-papers
Mr. Pickwick,Freeman,4191,pickwick-papers
Mr. Pickwick,Cornhill,4191,pickwick-papers
Mr. Pickwick,Vulture,4191,pickwick-papers
Mr. Pickwick,Tom,4192,pickwick-papers
Mr. Pickwick,Vulture,4192,pickwick-papers
Tom,Mr. Pickwick,4192,pickwick-papers
Tom,Vulture,4192,pickwick-papers
Vulture,Mr. Pickwick,4192,pickwick-papers
Vulture,Tom,4192,pickwick-papers
Mr. Jackson,Mr. Pickwick,4193,pickwick-papers
Mr. Pickwick,Mr. Jackson,4193,pickwick-papers
Mr.,Pickwick,4197,pickwick-papers
Mr.,Mr. Jackson,4197,pickwick-papers
Pickwick,Mr.,4197,pickwick-papers
Pickwick,Mr. Jackson,4197,pickwick-papers
Mr. Jackson,Mr.,4197,pickwick-papers
Mr. Jackson,Pickwick,4197,pickwick-papers
Mr. Jackson,Mr. Pickwick,4198,pickwick-papers
Mr. Pickwick,Mr. Jackson,4198,pickwick-papers
Dodson,Fogg,4200,pickwick-papers
Dodson,Mr. Jackson,4200,pickwick-papers
Fogg,Dodson,4200,pickwick-papers
Fogg,Mr. Jackson,4200,pickwick-papers
Mr. Jackson,Dodson,4200,pickwick-papers
Mr. Jackson,Fogg,4200,pickwick-papers
Mr.,Pickwick,4201,pickwick-papers
Mr.,Mr. Perker,4201,pickwick-papers
Pickwick,Mr.,4201,pickwick-papers
Pickwick,Mr. Perker,4201,pickwick-papers
Mr. Perker,Mr.,4201,pickwick-papers
Mr. Perker,Pickwick,4201,pickwick-papers
Mr. Pickwick,Jackson,4202,pickwick-papers
Jackson,Mr. Pickwick,4202,pickwick-papers
Jackson,Mr. Pickwick,4202,pickwick-papers
Mr. Pickwick,Jackson,4202,pickwick-papers
Mr. Jackson,Which,4203,pickwick-papers
Which,Mr. Jackson,4203,pickwick-papers
Mr. Jackson,Sir,4205,pickwick-papers
Sir,Mr. Jackson,4205,pickwick-papers
Pickwick,Jackson,4207,pickwick-papers
Pickwick,Term,4207,pickwick-papers
Pickwick,Snodgrass,4207,pickwick-papers
Pickwick,Jackson,4207,pickwick-papers
Pickwick,Mr. Snodgrass,4207,pickwick-papers
Jackson,Pickwick,4207,pickwick-papers
Jackson,Term,4207,pickwick-papers
Jackson,Snodgrass,4207,pickwick-papers
Jackson,Mr. Snodgrass,4207,pickwick-papers
Term,Pickwick,4207,pickwick-papers
Term,Jackson,4207,pickwick-papers
Term,Snodgrass,4207,pickwick-papers
Term,Jackson,4207,pickwick-papers
Term,Mr. Snodgrass,4207,pickwick-papers
Snodgrass,Pickwick,4207,pickwick-papers
Snodgrass,Jackson,4207,pickwick-papers
Snodgrass,Term,4207,pickwick-papers
Snodgrass,Jackson,4207,pickwick-papers
Snodgrass,Mr. Snodgrass,4207,pickwick-papers
Jackson,Pickwick,4207,pickwick-papers
Jackson,Term,4207,pickwick-papers
Jackson,Snodgrass,4207,pickwick-papers
Jackson,Mr. Snodgrass,4207,pickwick-papers
Mr. Snodgrass,Pickwick,4207,pickwick-papers
Mr. Snodgrass,Jackson,4207,pickwick-papers
Mr. Snodgrass,Term,4207,pickwick-papers
Mr. Snodgrass,Snodgrass,4207,pickwick-papers
Mr. Snodgrass,Jackson,4207,pickwick-papers
Mr.,Tupman,4208,pickwick-papers
Mr.,Jackson,4208,pickwick-papers
Tupman,Mr.,4208,pickwick-papers
Tupman,Jackson,4208,pickwick-papers
Jackson,Mr.,4208,pickwick-papers
Jackson,Tupman,4208,pickwick-papers
Mr.,Tupman,4210,pickwick-papers
Mr.,Mr. Pickwick,4210,pickwick-papers
Tupman,Mr.,4210,pickwick-papers
Tupman,Mr. Pickwick,4210,pickwick-papers
Mr. Pickwick,Mr.,4210,pickwick-papers
Mr. Pickwick,Tupman,4210,pickwick-papers
Tupman,Sir,4211,pickwick-papers
Sir,Tupman,4211,pickwick-papers
Mr. Winkle,Jackson,4212,pickwick-papers
Mr. Winkle,Mr. Jackson,4212,pickwick-papers
Jackson,Mr. Winkle,4212,pickwick-papers
Jackson,Mr. Winkle,4212,pickwick-papers
Jackson,Mr. Jackson,4212,pickwick-papers
Mr. Winkle,Jackson,4212,pickwick-papers
Mr. Winkle,Mr. Jackson,4212,pickwick-papers
Mr. Jackson,Mr. Winkle,4212,pickwick-papers
Mr. Jackson,Jackson,4212,pickwick-papers
Mr. Jackson,Mr. Winkle,4212,pickwick-papers
Jackson,Samuel Weller,4213,pickwick-papers
Jackson,Pickwick,4213,pickwick-papers
Samuel Weller,Jackson,4213,pickwick-papers
Samuel Weller,Pickwick,4213,pickwick-papers
Pickwick,Jackson,4213,pickwick-papers
Pickwick,Samuel Weller,4213,pickwick-papers
Mr. Pickwick,Jackson,4214,pickwick-papers
Mr. Pickwick,Jackson,4214,pickwick-papers
Jackson,Mr. Pickwick,4214,pickwick-papers
Jackson,Mr. Pickwick,4214,pickwick-papers
Sir,Mr. Pickwick,4216,pickwick-papers
Mr. Pickwick,Sir,4216,pickwick-papers
Mr. Pickwick,Sir,4216,pickwick-papers
Sir,Mr. Pickwick,4216,pickwick-papers
Mr.,Jackson,4217,pickwick-papers
Jackson,Mr.,4217,pickwick-papers
Sir,Mr. Pickwick,4219,pickwick-papers
Mr. Pickwick,Sir,4219,pickwick-papers
Mr. Pickwick,Jackson,4220,pickwick-papers
Jackson,Mr. Pickwick,4220,pickwick-papers
Mr. Pickwick,Jackson,4222,pickwick-papers
Jackson,Mr. Pickwick,4222,pickwick-papers
Mr.,Pickwick,4223,pickwick-papers
Mr.,Fogg,4223,pickwick-papers
Mr.,Sam,4223,pickwick-papers
Pickwick,Mr.,4223,pickwick-papers
Pickwick,Fogg,4223,pickwick-papers
Pickwick,Sam,4223,pickwick-papers
Fogg,Mr.,4223,pickwick-papers
Fogg,Pickwick,4223,pickwick-papers
Fogg,Sam,4223,pickwick-papers
Sam,Mr.,4223,pickwick-papers
Sam,Pickwick,4223,pickwick-papers
Sam,Fogg,4223,pickwick-papers
Mr. Weller,Jackson,4226,pickwick-papers
Jackson,Mr. Weller,4226,pickwick-papers
Jackson,Dodson,4232,pickwick-papers
Jackson,Fogg,4232,pickwick-papers
Dodson,Jackson,4232,pickwick-papers
Dodson,Fogg,4232,pickwick-papers
Fogg,Jackson,4232,pickwick-papers
Fogg,Dodson,4232,pickwick-papers
Dodson,Fogg,4233,pickwick-papers
Dodson,Sam,4233,pickwick-papers
Fogg,Dodson,4233,pickwick-papers
Fogg,Sam,4233,pickwick-papers
Sam,Dodson,4233,pickwick-papers
Sam,Fogg,4233,pickwick-papers
Mr.,Jackson,4235,pickwick-papers
Mr.,Sam,4235,pickwick-papers
Jackson,Mr.,4235,pickwick-papers
Jackson,Sam,4235,pickwick-papers
Sam,Mr.,4235,pickwick-papers
Sam,Jackson,4235,pickwick-papers
Mr.,Pickwick,4236,pickwick-papers
Mr.,Bardell,4236,pickwick-papers
Mr.,Sam,4236,pickwick-papers
Mr.,Gray,4236,pickwick-papers
Pickwick,Mr.,4236,pickwick-papers
Pickwick,Bardell,4236,pickwick-papers
Pickwick,Sam,4236,pickwick-papers
Pickwick,Gray,4236,pickwick-papers
Bardell,Mr.,4236,pickwick-papers
Bardell,Pickwick,4236,pickwick-papers
Bardell,Sam,4236,pickwick-papers
Bardell,Gray,4236,pickwick-papers
Sam,Mr.,4236,pickwick-papers
Sam,Pickwick,4236,pickwick-papers
Sam,Bardell,4236,pickwick-papers
Sam,Gray,4236,pickwick-papers
Gray,Mr.,4236,pickwick-papers
Gray,Pickwick,4236,pickwick-papers
Gray,Bardell,4236,pickwick-papers
Gray,Sam,4236,pickwick-papers
Mr.,Pickwick,4241,pickwick-papers
Pickwick,Mr.,4241,pickwick-papers
Sam,Mr. Pickwick,4243,pickwick-papers
Mr. Pickwick,Sam,4243,pickwick-papers
Sam,Mr. Pickwick,4245,pickwick-papers
Mr. Pickwick,Sam,4245,pickwick-papers
Mr.,Weller,4247,pickwick-papers
Mr.,Mr. Pickwick,4247,pickwick-papers
Weller,Mr.,4247,pickwick-papers
Weller,Mr. Pickwick,4247,pickwick-papers
Mr. Pickwick,Mr.,4247,pickwick-papers
Mr. Pickwick,Weller,4247,pickwick-papers
Mr. Pickwick,Sam,4248,pickwick-papers
Sam,Mr. Pickwick,4248,pickwick-papers
Sam,Mr. Pickwick,4248,pickwick-papers
Mr. Pickwick,Sam,4248,pickwick-papers
Sam,Mr. Pickwick,4254,pickwick-papers
Mr. Pickwick,Sam,4254,pickwick-papers
Mr. Weller,Wery,4255,pickwick-papers
Mr. Weller,Sir,4255,pickwick-papers
Mr. Weller,Sir,4255,pickwick-papers
Mr. Weller,Sir,4255,pickwick-papers
Mr. Weller,Mr. Pickwick,4255,pickwick-papers
Wery,Mr. Weller,4255,pickwick-papers
Wery,Sir,4255,pickwick-papers
Wery,Sir,4255,pickwick-papers
Wery,Sir,4255,pickwick-papers
Wery,Mr. Weller,4255,pickwick-papers
Wery,Mr. Pickwick,4255,pickwick-papers
Sir,Mr. Weller,4255,pickwick-papers
Sir,Wery,4255,pickwick-papers
Sir,Mr. Weller,4255,pickwick-papers
Sir,Mr. Pickwick,4255,pickwick-papers
Sir,Mr. Weller,4255,pickwick-papers
Sir,Wery,4255,pickwick-papers
Sir,Mr. Weller,4255,pickwick-papers
Sir,Mr. Pickwick,4255,pickwick-papers
Sir,Mr. Weller,4255,pickwick-papers
Sir,Wery,4255,pickwick-papers
Sir,Mr. Weller,4255,pickwick-papers
Sir,Mr. Pickwick,4255,pickwick-papers
Mr. Weller,Wery,4255,pickwick-papers
Mr. Weller,Sir,4255,pickwick-papers
Mr. Weller,Sir,4255,pickwick-papers
Mr. Weller,Sir,4255,pickwick-papers
Mr. Weller,Mr. Pickwick,4255,pickwick-papers
Mr. Pickwick,Mr. Weller,4255,pickwick-papers
Mr. Pickwick,Wery,4255,pickwick-papers
Mr. Pickwick,Sir,4255,pickwick-papers
Mr. Pickwick,Sir,4255,pickwick-papers
Mr. Pickwick,Sir,4255,pickwick-papers
Mr. Pickwick,Mr. Weller,4255,pickwick-papers
Mr. Perker,Lowten,4256,pickwick-papers
Mr. Perker,Mr. Pickwick,4256,pickwick-papers
Lowten,Mr. Perker,4256,pickwick-papers
Lowten,Mr. Pickwick,4256,pickwick-papers
Mr. Pickwick,Mr. Perker,4256,pickwick-papers
Mr. Pickwick,Lowten,4256,pickwick-papers
Lowten,Mr. Pickwick,4260,pickwick-papers
Mr. Pickwick,Lowten,4260,pickwick-papers
Mr. Pickwick,Lowten,4264,pickwick-papers
Lowten,Mr. Pickwick,4264,pickwick-papers
Lowten,Mr. Pickwick,4264,pickwick-papers
Lowten,Mr. Pickwick,4264,pickwick-papers
Mr. Pickwick,Lowten,4264,pickwick-papers
Mr. Pickwick,Lowten,4264,pickwick-papers
Mr. Pickwick,Lowten,4265,pickwick-papers
Mr. Pickwick,Mr. Watty,4265,pickwick-papers
Lowten,Mr. Pickwick,4265,pickwick-papers
Lowten,Mr. Watty,4265,pickwick-papers
Mr. Watty,Mr. Pickwick,4265,pickwick-papers
Mr. Watty,Lowten,4265,pickwick-papers
God,Lowten,4266,pickwick-papers
Lowten,God,4266,pickwick-papers
Mr. Pickwick,Mr. Watty,4267,pickwick-papers
Mr. Pickwick,Sam Weller,4267,pickwick-papers
Mr. Watty,Mr. Pickwick,4267,pickwick-papers
Mr. Watty,Sam Weller,4267,pickwick-papers
Sam Weller,Mr. Pickwick,4267,pickwick-papers
Sam Weller,Mr. Watty,4267,pickwick-papers
Lowten,Mr. Pickwick,4268,pickwick-papers
Lowten,Perker,4268,pickwick-papers
Lowten,Mr. Pickwick,4268,pickwick-papers
Mr. Pickwick,Lowten,4268,pickwick-papers
Mr. Pickwick,Perker,4268,pickwick-papers
Perker,Lowten,4268,pickwick-papers
Perker,Mr. Pickwick,4268,pickwick-papers
Perker,Mr. Pickwick,4268,pickwick-papers
Mr. Pickwick,Lowten,4268,pickwick-papers
Mr. Pickwick,Perker,4268,pickwick-papers
Dodson,Fogg,4270,pickwick-papers
Fogg,Dodson,4270,pickwick-papers
Mr. Pickwick,Mr. Perker,4280,pickwick-papers
Mr. Perker,Mr. Pickwick,4280,pickwick-papers
Mr.,Pickwick,4282,pickwick-papers
Pickwick,Mr.,4282,pickwick-papers
Mr. Pickwick,Sam,4286,pickwick-papers
Sam,Mr. Pickwick,4286,pickwick-papers
Mr.,Perker,4289,pickwick-papers
Perker,Mr.,4289,pickwick-papers
Mr. Pickwick,Perker,4292,pickwick-papers
Mr. Pickwick,Dodson,4292,pickwick-papers
Mr. Pickwick,Fogg,4292,pickwick-papers
Perker,Mr. Pickwick,4292,pickwick-papers
Perker,Dodson,4292,pickwick-papers
Perker,Fogg,4292,pickwick-papers
Perker,Mr. Pickwick,4292,pickwick-papers
Dodson,Mr. Pickwick,4292,pickwick-papers
Dodson,Perker,4292,pickwick-papers
Dodson,Fogg,4292,pickwick-papers
Dodson,Mr. Pickwick,4292,pickwick-papers
Fogg,Mr. Pickwick,4292,pickwick-papers
Fogg,Perker,4292,pickwick-papers
Fogg,Dodson,4292,pickwick-papers
Fogg,Mr. Pickwick,4292,pickwick-papers
Mr. Pickwick,Perker,4292,pickwick-papers
Mr. Pickwick,Dodson,4292,pickwick-papers
Mr. Pickwick,Fogg,4292,pickwick-papers
Perker,Mr. Pickwick,4304,pickwick-papers
Mr. Pickwick,Perker,4304,pickwick-papers
Mr. Mallard,Perker,4308,pickwick-papers
Perker,Mr. Mallard,4308,pickwick-papers
Mr. Pickwick,Mr. Perker,4309,pickwick-papers
Mr. Perker,Mr. Pickwick,4309,pickwick-papers
Mr. Perker,Mr. Pickwick,4309,pickwick-papers
Mr. Pickwick,Mr. Perker,4309,pickwick-papers
Mr.,Books,4310,pickwick-papers
Mr.,Mr. Serjeant Snubbin,4310,pickwick-papers
Books,Mr.,4310,pickwick-papers
Books,Mr. Serjeant Snubbin,4310,pickwick-papers
Mr. Serjeant Snubbin,Mr.,4310,pickwick-papers
Mr. Serjeant Snubbin,Books,4310,pickwick-papers
Pickwick,Perker,4312,pickwick-papers
Pickwick,Perker,4312,pickwick-papers
Perker,Pickwick,4312,pickwick-papers
Perker,Pickwick,4312,pickwick-papers
Sir,Perker,4314,pickwick-papers
Perker,Sir,4314,pickwick-papers
Pickwick,Perker,4316,pickwick-papers
Pickwick,Mr. Pickwick,4316,pickwick-papers
Perker,Pickwick,4316,pickwick-papers
Perker,Mr. Pickwick,4316,pickwick-papers
Mr. Pickwick,Pickwick,4316,pickwick-papers
Mr. Pickwick,Perker,4316,pickwick-papers
Mr.,Mr. Pickwick,4318,pickwick-papers
Mr.,Mr. Perker,4318,pickwick-papers
Mr. Pickwick,Mr.,4318,pickwick-papers
Mr. Pickwick,Mr. Perker,4318,pickwick-papers
Mr. Perker,Mr.,4318,pickwick-papers
Mr. Perker,Mr. Pickwick,4318,pickwick-papers
Mr. Pickwick,Mr. Perker,4324,pickwick-papers
Mr. Perker,Mr. Pickwick,4324,pickwick-papers
Sir,Mr. Pickwick,4327,pickwick-papers
Sir,Mr. Perker,4327,pickwick-papers
Mr. Pickwick,Sir,4327,pickwick-papers
Mr. Pickwick,Mr. Perker,4327,pickwick-papers
Mr. Pickwick,Sir,4327,pickwick-papers
Mr. Perker,Sir,4327,pickwick-papers
Mr. Perker,Mr. Pickwick,4327,pickwick-papers
Mr. Perker,Sir,4327,pickwick-papers
Sir,Mr. Pickwick,4327,pickwick-papers
Sir,Mr. Perker,4327,pickwick-papers
Mallard,Mr.,4333,pickwick-papers
Mr.,Mallard,4333,pickwick-papers
Holborn Court,Gray,4334,pickwick-papers
Holborn Court,Phunky,4334,pickwick-papers
Gray,Holborn Court,4334,pickwick-papers
Gray,Phunky,4334,pickwick-papers
Phunky,Holborn Court,4334,pickwick-papers
Phunky,Gray,4334,pickwick-papers
Mr.,Mallard,4335,pickwick-papers
Mr.,Mr. Phunky,4335,pickwick-papers
Mallard,Mr.,4335,pickwick-papers
Mallard,Mr. Phunky,4335,pickwick-papers
Mr. Phunky,Mr.,4335,pickwick-papers
Mr. Phunky,Mallard,4335,pickwick-papers
Mr. Phunky,Serjeant Snubbin,4337,pickwick-papers
Serjeant Snubbin,Mr. Phunky,4337,pickwick-papers
Mr.,Phunky,4338,pickwick-papers
Phunky,Mr.,4338,pickwick-papers
Mr. Phunky,Mr. Serjeant Snubbin,4342,pickwick-papers
Mr. Serjeant Snubbin,Mr. Phunky,4342,pickwick-papers
Mr.,Phunky,4344,pickwick-papers
Mr.,Mr. Pickwick,4344,pickwick-papers
Phunky,Mr.,4344,pickwick-papers
Phunky,Mr. Pickwick,4344,pickwick-papers
Mr. Pickwick,Mr.,4344,pickwick-papers
Mr. Pickwick,Phunky,4344,pickwick-papers
Mr. Pickwick,Mr. Serjeant Snubbin,4345,pickwick-papers
Mr. Pickwick,Mr. Serjeant Snubbin,4345,pickwick-papers
Mr. Serjeant Snubbin,Mr. Pickwick,4345,pickwick-papers
Mr. Serjeant Snubbin,Mr. Pickwick,4345,pickwick-papers
Mr.,Phunky,4346,pickwick-papers
Mr.,Mr. Pickwick,4346,pickwick-papers
Phunky,Mr.,4346,pickwick-papers
Phunky,Mr. Pickwick,4346,pickwick-papers
Mr. Pickwick,Mr.,4346,pickwick-papers
Mr. Pickwick,Phunky,4346,pickwick-papers
Mr.,Weller,4347,pickwick-papers
Weller,Mr.,4347,pickwick-papers
Mr.,Bob Sawyer,4352,pickwick-papers
Mr.,Mr. Pickwick,4352,pickwick-papers
Mr.,Mr. Ben,4352,pickwick-papers
Mr.,Mr. Bob Sawyer,4352,pickwick-papers
Bob Sawyer,Mr.,4352,pickwick-papers
Bob Sawyer,Mr. Pickwick,4352,pickwick-papers
Bob Sawyer,Mr. Ben,4352,pickwick-papers
Bob Sawyer,Mr. Bob Sawyer,4352,pickwick-papers
Mr. Pickwick,Mr.,4352,pickwick-papers
Mr. Pickwick,Bob Sawyer,4352,pickwick-papers
Mr. Pickwick,Mr. Ben,4352,pickwick-papers
Mr. Pickwick,Mr. Bob Sawyer,4352,pickwick-papers
Mr. Ben,Mr.,4352,pickwick-papers
Mr. Ben,Bob Sawyer,4352,pickwick-papers
Mr. Ben,Mr. Pickwick,4352,pickwick-papers
Mr. Ben,Mr. Bob Sawyer,4352,pickwick-papers
Mr. Bob Sawyer,Mr.,4352,pickwick-papers
Mr. Bob Sawyer,Bob Sawyer,4352,pickwick-papers
Mr. Bob Sawyer,Mr. Pickwick,4352,pickwick-papers
Mr. Bob Sawyer,Mr. Ben,4352,pickwick-papers
Mr. Bob Sawyer,Mr. Ben Allen,4353,pickwick-papers
Mr. Ben Allen,Mr. Bob Sawyer,4353,pickwick-papers
Ben,Allen,4358,pickwick-papers
Allen,Ben,4358,pickwick-papers
Mister Sawyer,Missis Raddle,4362,pickwick-papers
Missis Raddle,Mister Sawyer,4362,pickwick-papers
Mr.,Bob Sawyer,4364,pickwick-papers
Bob Sawyer,Mr.,4364,pickwick-papers
Mr. Sawyer,Mr. Bob Sawyer,4366,pickwick-papers
Mr. Bob Sawyer,Mr. Sawyer,4366,pickwick-papers
Mr. Sawyer,Sir,4368,pickwick-papers
Mr. Sawyer,Raddle,4368,pickwick-papers
Mr. Sawyer,Mr. Bob Sawyer,4368,pickwick-papers
Sir,Mr. Sawyer,4368,pickwick-papers
Sir,Raddle,4368,pickwick-papers
Sir,Mr. Bob Sawyer,4368,pickwick-papers
Raddle,Mr. Sawyer,4368,pickwick-papers
Raddle,Sir,4368,pickwick-papers
Raddle,Mr. Bob Sawyer,4368,pickwick-papers
Mr. Bob Sawyer,Mr. Sawyer,4368,pickwick-papers
Mr. Bob Sawyer,Sir,4368,pickwick-papers
Mr. Bob Sawyer,Raddle,4368,pickwick-papers
Mr. Sawyer,Sir,4370,pickwick-papers
Sir,Mr. Sawyer,4370,pickwick-papers
Raddle,Bob Sawyer,4372,pickwick-papers
Raddle,Mr. R.,4372,pickwick-papers
Bob Sawyer,Raddle,4372,pickwick-papers
Bob Sawyer,Mr. R.,4372,pickwick-papers
Mr. R.,Raddle,4372,pickwick-papers
Mr. R.,Bob Sawyer,4372,pickwick-papers
Mr. Raddle,Raddle,4385,pickwick-papers
Mr. Raddle,Raddle,4385,pickwick-papers
Raddle,Mr. Raddle,4385,pickwick-papers
Raddle,Mr. Raddle,4385,pickwick-papers
Mr. Sawyer,Mr. Pickwick,4386,pickwick-papers
Mr. Pickwick,Mr. Sawyer,4386,pickwick-papers
Mr. Snodgrass,Mr. Bob Sawyer,4388,pickwick-papers
Mr. Bob Sawyer,Mr. Snodgrass,4388,pickwick-papers
Bob Sawyer,Mr. Pickwick,4391,pickwick-papers
Bob Sawyer,Mr. Benjamin Allen,4391,pickwick-papers
Mr. Pickwick,Bob Sawyer,4391,pickwick-papers
Mr. Pickwick,Mr. Benjamin Allen,4391,pickwick-papers
Mr. Benjamin Allen,Bob Sawyer,4391,pickwick-papers
Mr. Benjamin Allen,Mr. Pickwick,4391,pickwick-papers
Jack Hopkins,Mr. Bob Sawyer,4392,pickwick-papers
Mr. Bob Sawyer,Jack Hopkins,4392,pickwick-papers
Jack,Mr. Benjamin Allen,4394,pickwick-papers
Mr. Benjamin Allen,Jack,4394,pickwick-papers
Mr. Hopkins,Slasher,4401,pickwick-papers
Slasher,Mr. Hopkins,4401,pickwick-papers
Mr. Slasher,Mr. Pickwick,4402,pickwick-papers
Mr. Pickwick,Mr. Slasher,4402,pickwick-papers
Jack Hopkins,Bob,4405,pickwick-papers
Bob,Jack Hopkins,4405,pickwick-papers
Bob,Hopkins,4407,pickwick-papers
Bob,Mr. Pickwick,4407,pickwick-papers
Hopkins,Bob,4407,pickwick-papers
Hopkins,Mr. Pickwick,4407,pickwick-papers
Mr. Pickwick,Bob,4407,pickwick-papers
Mr. Pickwick,Hopkins,4407,pickwick-papers
Sir,Mr. Pickwick,4408,pickwick-papers
Mr. Pickwick,Sir,4408,pickwick-papers
Jack Hopkins,Mr. Pickwick,4409,pickwick-papers
Jack Hopkins,Mr. Hopkins,4409,pickwick-papers
Jack Hopkins,Child,4409,pickwick-papers
Jack Hopkins,Child,4409,pickwick-papers
Jack Hopkins,Child,4409,pickwick-papers
Mr. Pickwick,Jack Hopkins,4409,pickwick-papers
Mr. Pickwick,Mr. Hopkins,4409,pickwick-papers
Mr. Pickwick,Child,4409,pickwick-papers
Mr. Pickwick,Child,4409,pickwick-papers
Mr. Pickwick,Child,4409,pickwick-papers
Mr. Hopkins,Jack Hopkins,4409,pickwick-papers
Mr. Hopkins,Mr. Pickwick,4409,pickwick-papers
Mr. Hopkins,Child,4409,pickwick-papers
Mr. Hopkins,Child,4409,pickwick-papers
Mr. Hopkins,Child,4409,pickwick-papers
Child,Jack Hopkins,4409,pickwick-papers
Child,Mr. Pickwick,4409,pickwick-papers
Child,Mr. Hopkins,4409,pickwick-papers
Child,Jack Hopkins,4409,pickwick-papers
Child,Mr. Pickwick,4409,pickwick-papers
Child,Mr. Hopkins,4409,pickwick-papers
Child,Jack Hopkins,4409,pickwick-papers
Child,Mr. Pickwick,4409,pickwick-papers
Child,Mr. Hopkins,4409,pickwick-papers
Mr. Pickwick,Sir,4410,pickwick-papers
Sir,Mr. Pickwick,4410,pickwick-papers
Jack Hopkins,Bob,4413,pickwick-papers
Bob,Jack Hopkins,4413,pickwick-papers
Sir,Hopkins,4415,pickwick-papers
Hopkins,Sir,4415,pickwick-papers
Mr. Pickwick,Bob Sawyer,4435,pickwick-papers
Bob Sawyer,Mr. Pickwick,4435,pickwick-papers
Mr.,Bob Sawyer,4440,pickwick-papers
Bob Sawyer,Mr.,4440,pickwick-papers
Noddy,Mr. Bob Sawyer,4442,pickwick-papers
Mr. Bob Sawyer,Noddy,4442,pickwick-papers
Mr. Noddy,Mr. Gunter,4443,pickwick-papers
Mr. Gunter,Mr. Noddy,4443,pickwick-papers
Sir,Mr. Gunter,4446,pickwick-papers
Mr. Gunter,Sir,4446,pickwick-papers
Sir,Mr. Noddy,4447,pickwick-papers
Mr. Noddy,Sir,4447,pickwick-papers
Sir,Mr. Gunter,4448,pickwick-papers
Mr. Gunter,Sir,4448,pickwick-papers
Sir,Mr. Noddy,4449,pickwick-papers
Mr. Noddy,Sir,4449,pickwick-papers
Sir,Mr. Gunter,4450,pickwick-papers
Mr. Gunter,Sir,4450,pickwick-papers
Sir,Mr. Noddy,4451,pickwick-papers
Mr. Noddy,Sir,4451,pickwick-papers
Sir,Mr. Gunter,4452,pickwick-papers
Mr. Gunter,Sir,4452,pickwick-papers
Mr. Noddy,Mr. Gunter,4455,pickwick-papers
Mr. Noddy,Mr. Gunter,4455,pickwick-papers
Mr. Noddy,Mr. Gunter,4455,pickwick-papers
Mr. Noddy,Mr. Gunter,4455,pickwick-papers
Mr. Noddy,Mr. Gunter,4455,pickwick-papers
Mr. Noddy,Mr. Gunter,4455,pickwick-papers
Mr. Gunter,Mr. Noddy,4455,pickwick-papers
Mr. Gunter,Mr. Noddy,4455,pickwick-papers
Mr. Gunter,Mr. Noddy,4455,pickwick-papers
Mr. Gunter,Mr. Noddy,4455,pickwick-papers
Mr. Gunter,Mr. Noddy,4455,pickwick-papers
Mr. Gunter,Mr. Noddy,4455,pickwick-papers
Mr. Gunter,Mr. Noddy,4455,pickwick-papers
Mr. Gunter,Mr. Noddy,4455,pickwick-papers
Mr. Gunter,Mr. Noddy,4455,pickwick-papers
Mr. Gunter,Mr. Noddy,4455,pickwick-papers
Mr. Gunter,Mr. Noddy,4455,pickwick-papers
Mr. Gunter,Mr. Noddy,4455,pickwick-papers
Mr. Noddy,Mr. Gunter,4455,pickwick-papers
Mr. Noddy,Mr. Gunter,4455,pickwick-papers
Mr. Noddy,Mr. Gunter,4455,pickwick-papers
Mr. Noddy,Mr. Gunter,4455,pickwick-papers
Mr. Noddy,Mr. Gunter,4455,pickwick-papers
Mr. Noddy,Mr. Gunter,4455,pickwick-papers
Mr. Noddy,Mr. Gunter,4455,pickwick-papers
Mr. Noddy,Mr. Gunter,4455,pickwick-papers
Mr. Noddy,Mr. Gunter,4455,pickwick-papers
Mr. Noddy,Mr. Gunter,4455,pickwick-papers
Mr. Noddy,Mr. Gunter,4455,pickwick-papers
Mr. Noddy,Mr. Gunter,4455,pickwick-papers
Mr. Noddy,Mr. Gunter,4455,pickwick-papers
Mr. Noddy,Mr. Gunter,4455,pickwick-papers
Mr. Noddy,Mr. Gunter,4455,pickwick-papers
Mr. Noddy,Mr. Gunter,4455,pickwick-papers
Mr. Noddy,Mr. Gunter,4455,pickwick-papers
Mr. Noddy,Mr. Gunter,4455,pickwick-papers
Mr. Gunter,Mr. Noddy,4455,pickwick-papers
Mr. Gunter,Mr. Noddy,4455,pickwick-papers
Mr. Gunter,Mr. Noddy,4455,pickwick-papers
Mr. Gunter,Mr. Noddy,4455,pickwick-papers
Mr. Gunter,Mr. Noddy,4455,pickwick-papers
Mr. Gunter,Mr. Noddy,4455,pickwick-papers
Mr. Gunter,Mr. Noddy,4455,pickwick-papers
Mr. Gunter,Mr. Noddy,4455,pickwick-papers
Mr. Gunter,Mr. Noddy,4455,pickwick-papers
Mr. Gunter,Mr. Noddy,4455,pickwick-papers
Mr. Gunter,Mr. Noddy,4455,pickwick-papers
Mr. Gunter,Mr. Noddy,4455,pickwick-papers
Mr. Noddy,Mr. Gunter,4455,pickwick-papers
Mr. Noddy,Mr. Gunter,4455,pickwick-papers
Mr. Noddy,Mr. Gunter,4455,pickwick-papers
Mr. Noddy,Mr. Gunter,4455,pickwick-papers
Mr. Noddy,Mr. Gunter,4455,pickwick-papers
Mr. Noddy,Mr. Gunter,4455,pickwick-papers
Mr. Noddy,Mr. Gunter,4455,pickwick-papers
Mr. Noddy,Mr. Gunter,4455,pickwick-papers
Mr. Noddy,Mr. Gunter,4455,pickwick-papers
Mr. Noddy,Mr. Gunter,4455,pickwick-papers
Mr. Noddy,Mr. Gunter,4455,pickwick-papers
Mr. Noddy,Mr. Gunter,4455,pickwick-papers
Mr. Gunter,Mr. Noddy,4455,pickwick-papers
Mr. Gunter,Mr. Noddy,4455,pickwick-papers
Mr. Gunter,Mr. Noddy,4455,pickwick-papers
Mr. Gunter,Mr. Noddy,4455,pickwick-papers
Mr. Gunter,Mr. Noddy,4455,pickwick-papers
Mr. Gunter,Mr. Noddy,4455,pickwick-papers
Mr. Gunter,Mr. Noddy,4455,pickwick-papers
Mr. Gunter,Mr. Noddy,4455,pickwick-papers
Mr. Gunter,Mr. Noddy,4455,pickwick-papers
Mr. Gunter,Mr. Noddy,4455,pickwick-papers
Mr. Gunter,Mr. Noddy,4455,pickwick-papers
Mr. Gunter,Mr. Noddy,4455,pickwick-papers
Jack Hopkins,Bob,4456,pickwick-papers
Jack Hopkins,Hopkins,4456,pickwick-papers
Jack Hopkins,God,4456,pickwick-papers
Bob,Jack Hopkins,4456,pickwick-papers
Bob,Hopkins,4456,pickwick-papers
Bob,God,4456,pickwick-papers
Hopkins,Jack Hopkins,4456,pickwick-papers
Hopkins,Bob,4456,pickwick-papers
Hopkins,God,4456,pickwick-papers
God,Jack Hopkins,4456,pickwick-papers
God,Bob,4456,pickwick-papers
God,Hopkins,4456,pickwick-papers
Bob Sawyer,Raddle,4463,pickwick-papers
Raddle,Bob Sawyer,4463,pickwick-papers
Bob,Mr. Bob Sawyer,4469,pickwick-papers
Mr. Bob Sawyer,Bob,4469,pickwick-papers
Jack Hopkins,Bob,4472,pickwick-papers
Bob,Jack Hopkins,4472,pickwick-papers
Jack,Bob Sawyer,4473,pickwick-papers
Bob Sawyer,Jack,4473,pickwick-papers
Hopkins,Bob,4474,pickwick-papers
Bob,Hopkins,4474,pickwick-papers
Hopkins,Mr. Bob Sawyer,4475,pickwick-papers
Mr. Bob Sawyer,Hopkins,4475,pickwick-papers
Mr. Pickwick,Mr. Tupman,4478,pickwick-papers
Mr. Tupman,Mr. Pickwick,4478,pickwick-papers
Mr.,Pickwick,4481,pickwick-papers
Mr.,Mr. Tupman,4481,pickwick-papers
Mr.,Mr. Winkle,4481,pickwick-papers
Mr.,Mr. Snodgrass,4481,pickwick-papers
Mr.,Mr. Ben Allen,4481,pickwick-papers
Mr.,London Bridge,4481,pickwick-papers
Mr.,Mr. Winkle,4481,pickwick-papers
Mr.,Mr. Bob Sawyer,4481,pickwick-papers
Mr.,Arabella,4481,pickwick-papers
Pickwick,Mr.,4481,pickwick-papers
Pickwick,Mr. Tupman,4481,pickwick-papers
Pickwick,Mr. Winkle,4481,pickwick-papers
Pickwick,Mr. Snodgrass,4481,pickwick-papers
Pickwick,Mr. Ben Allen,4481,pickwick-papers
Pickwick,London Bridge,4481,pickwick-papers
Pickwick,Mr. Winkle,4481,pickwick-papers
Pickwick,Mr. Bob Sawyer,4481,pickwick-papers
Pickwick,Arabella,4481,pickwick-papers
Mr. Tupman,Mr.,4481,pickwick-papers
Mr. Tupman,Pickwick,4481,pickwick-papers
Mr. Tupman,Mr. Winkle,4481,pickwick-papers
Mr. Tupman,Mr. Snodgrass,4481,pickwick-papers
Mr. Tupman,Mr. Ben Allen,4481,pickwick-papers
Mr. Tupman,London Bridge,4481,pickwick-papers
Mr. Tupman,Mr. Winkle,4481,pickwick-papers
Mr. Tupman,Mr. Bob Sawyer,4481,pickwick-papers
Mr. Tupman,Arabella,4481,pickwick-papers
Mr. Winkle,Mr.,4481,pickwick-papers
Mr. Winkle,Pickwick,4481,pickwick-papers
Mr. Winkle,Mr. Tupman,4481,pickwick-papers
Mr. Winkle,Mr. Snodgrass,4481,pickwick-papers
Mr. Winkle,Mr. Ben Allen,4481,pickwick-papers
Mr. Winkle,London Bridge,4481,pickwick-papers
Mr. Winkle,Mr. Bob Sawyer,4481,pickwick-papers
Mr. Winkle,Arabella,4481,pickwick-papers
Mr. Snodgrass,Mr.,4481,pickwick-papers
Mr. Snodgrass,Pickwick,4481,pickwick-papers
Mr. Snodgrass,Mr. Tupman,4481,pickwick-papers
Mr. Snodgrass,Mr. Winkle,4481,pickwick-papers
Mr. Snodgrass,Mr. Ben Allen,4481,pickwick-papers
Mr. Snodgrass,London Bridge,4481,pickwick-papers
Mr. Snodgrass,Mr. Winkle,4481,pickwick-papers
Mr. Snodgrass,Mr. Bob Sawyer,4481,pickwick-papers
Mr. Snodgrass,Arabella,4481,pickwick-papers
Mr. Ben Allen,Mr.,4481,pickwick-papers
Mr. Ben Allen,Pickwick,4481,pickwick-papers
Mr. Ben Allen,Mr. Tupman,4481,pickwick-papers
Mr. Ben Allen,Mr. Winkle,4481,pickwick-papers
Mr. Ben Allen,Mr. Snodgrass,4481,pickwick-papers
Mr. Ben Allen,London Bridge,4481,pickwick-papers
Mr. Ben Allen,Mr. Winkle,4481,pickwick-papers
Mr. Ben Allen,Mr. Bob Sawyer,4481,pickwick-papers
Mr. Ben Allen,Arabella,4481,pickwick-papers
London Bridge,Mr.,4481,pickwick-papers
London Bridge,Pickwick,4481,pickwick-papers
London Bridge,Mr. Tupman,4481,pickwick-papers
London Bridge,Mr. Winkle,4481,pickwick-papers
London Bridge,Mr. Snodgrass,4481,pickwick-papers
London Bridge,Mr. Ben Allen,4481,pickwick-papers
London Bridge,Mr. Winkle,4481,pickwick-papers
London Bridge,Mr. Bob Sawyer,4481,pickwick-papers
London Bridge,Arabella,4481,pickwick-papers
Mr. Winkle,Mr.,4481,pickwick-papers
Mr. Winkle,Pickwick,4481,pickwick-papers
Mr. Winkle,Mr. Tupman,4481,pickwick-papers
Mr. Winkle,Mr. Snodgrass,4481,pickwick-papers
Mr. Winkle,Mr. Ben Allen,4481,pickwick-papers
Mr. Winkle,London Bridge,4481,pickwick-papers
Mr. Winkle,Mr. Bob Sawyer,4481,pickwick-papers
Mr. Winkle,Arabella,4481,pickwick-papers
Mr. Bob Sawyer,Mr.,4481,pickwick-papers
Mr. Bob Sawyer,Pickwick,4481,pickwick-papers
Mr. Bob Sawyer,Mr. Tupman,4481,pickwick-papers
Mr. Bob Sawyer,Mr. Winkle,4481,pickwick-papers
Mr. Bob Sawyer,Mr. Snodgrass,4481,pickwick-papers
Mr. Bob Sawyer,Mr. Ben Allen,4481,pickwick-papers
Mr. Bob Sawyer,London Bridge,4481,pickwick-papers
Mr. Bob Sawyer,Mr. Winkle,4481,pickwick-papers
Mr. Bob Sawyer,Arabella,4481,pickwick-papers
Arabella,Mr.,4481,pickwick-papers
Arabella,Pickwick,4481,pickwick-papers
Arabella,Mr. Tupman,4481,pickwick-papers
Arabella,Mr. Winkle,4481,pickwick-papers
Arabella,Mr. Snodgrass,4481,pickwick-papers
Arabella,Mr. Ben Allen,4481,pickwick-papers
Arabella,London Bridge,4481,pickwick-papers
Arabella,Mr. Winkle,4481,pickwick-papers
Arabella,Mr. Bob Sawyer,4481,pickwick-papers
Bardell,Mr. Samuel Weller,4485,pickwick-papers
Bardell,Vulture,4485,pickwick-papers
Bardell,Mr. Perker,4485,pickwick-papers
Bardell,Mr. Pickwick,4485,pickwick-papers
Bardell,Mr. Perker,4485,pickwick-papers
Bardell,Pickwick,4485,pickwick-papers
Mr. Samuel Weller,Bardell,4485,pickwick-papers
Mr. Samuel Weller,Vulture,4485,pickwick-papers
Mr. Samuel Weller,Mr. Perker,4485,pickwick-papers
Mr. Samuel Weller,Mr. Pickwick,4485,pickwick-papers
Mr. Samuel Weller,Mr. Perker,4485,pickwick-papers
Mr. Samuel Weller,Pickwick,4485,pickwick-papers
Vulture,Bardell,4485,pickwick-papers
Vulture,Mr. Samuel Weller,4485,pickwick-papers
Vulture,Mr. Perker,4485,pickwick-papers
Vulture,Mr. Pickwick,4485,pickwick-papers
Vulture,Mr. Perker,4485,pickwick-papers
Vulture,Pickwick,4485,pickwick-papers
Mr. Perker,Bardell,4485,pickwick-papers
Mr. Perker,Mr. Samuel Weller,4485,pickwick-papers
Mr. Perker,Vulture,4485,pickwick-papers
Mr. Perker,Mr. Pickwick,4485,pickwick-papers
Mr. Perker,Pickwick,4485,pickwick-papers
Mr. Pickwick,Bardell,4485,pickwick-papers
Mr. Pickwick,Mr. Samuel Weller,4485,pickwick-papers
Mr. Pickwick,Vulture,4485,pickwick-papers
Mr. Pickwick,Mr. Perker,4485,pickwick-papers
Mr. Pickwick,Mr. Perker,4485,pickwick-papers
Mr. Pickwick,Pickwick,4485,pickwick-papers
Mr. Perker,Bardell,4485,pickwick-papers
Mr. Perker,Mr. Samuel Weller,4485,pickwick-papers
Mr. Perker,Vulture,4485,pickwick-papers
Mr. Perker,Mr. Pickwick,4485,pickwick-papers
Mr. Perker,Pickwick,4485,pickwick-papers
Pickwick,Bardell,4485,pickwick-papers
Pickwick,Mr. Samuel Weller,4485,pickwick-papers
Pickwick,Vulture,4485,pickwick-papers
Pickwick,Mr. Perker,4485,pickwick-papers
Pickwick,Mr. Pickwick,4485,pickwick-papers
Pickwick,Mr. Perker,4485,pickwick-papers
Sam,Mr. Pickwick,4487,pickwick-papers
Sam,Vulture,4487,pickwick-papers
Mr. Pickwick,Sam,4487,pickwick-papers
Mr. Pickwick,Vulture,4487,pickwick-papers
Vulture,Sam,4487,pickwick-papers
Vulture,Mr. Pickwick,4487,pickwick-papers
Mr. Weller,Sam,4492,pickwick-papers
Sam,Mr. Weller,4492,pickwick-papers
Sir,Sam,4498,pickwick-papers
Sam,Sir,4498,pickwick-papers
Mr.,Weller,4499,pickwick-papers
Mr.,Mr. Pickwick,4499,pickwick-papers
Mr.,Mr. Weller,4499,pickwick-papers
Mr.,Mr. Weller,4499,pickwick-papers
Weller,Mr.,4499,pickwick-papers
Weller,Mr. Pickwick,4499,pickwick-papers
Weller,Mr. Weller,4499,pickwick-papers
Weller,Mr. Weller,4499,pickwick-papers
Mr. Pickwick,Mr.,4499,pickwick-papers
Mr. Pickwick,Weller,4499,pickwick-papers
Mr. Pickwick,Mr. Weller,4499,pickwick-papers
Mr. Pickwick,Mr. Weller,4499,pickwick-papers
Mr. Weller,Mr.,4499,pickwick-papers
Mr. Weller,Weller,4499,pickwick-papers
Mr. Weller,Mr. Pickwick,4499,pickwick-papers
Mr. Weller,Mr.,4499,pickwick-papers
Mr. Weller,Weller,4499,pickwick-papers
Mr. Weller,Mr. Pickwick,4499,pickwick-papers
Sam,Market,4501,pickwick-papers
Market,Sam,4501,pickwick-papers
Sam Weller,Sam,4504,pickwick-papers
Sam,Sam Weller,4504,pickwick-papers
Veller,Tony Veller,4508,pickwick-papers
Veller,Esquire,4508,pickwick-papers
Veller,Sammy,4508,pickwick-papers
Veller,Mr. Weller,4508,pickwick-papers
Tony Veller,Veller,4508,pickwick-papers
Tony Veller,Esquire,4508,pickwick-papers
Tony Veller,Sammy,4508,pickwick-papers
Tony Veller,Mr. Weller,4508,pickwick-papers
Esquire,Veller,4508,pickwick-papers
Esquire,Tony Veller,4508,pickwick-papers
Esquire,Sammy,4508,pickwick-papers
Esquire,Mr. Weller,4508,pickwick-papers
Sammy,Veller,4508,pickwick-papers
Sammy,Tony Veller,4508,pickwick-papers
Sammy,Esquire,4508,pickwick-papers
Sammy,Mr. Weller,4508,pickwick-papers
Mr. Weller,Veller,4508,pickwick-papers
Mr. Weller,Tony Veller,4508,pickwick-papers
Mr. Weller,Esquire,4508,pickwick-papers
Mr. Weller,Sammy,4508,pickwick-papers
Mr. Weller,Sammy,4510,pickwick-papers
Sammy,Mr. Weller,4510,pickwick-papers
Mr. Weller,Sammy,4512,pickwick-papers
Sammy,Mr. Weller,4512,pickwick-papers
Samivel,Mr. Weller,4516,pickwick-papers
Samivel,Sammy,4516,pickwick-papers
Samivel,Sam,4516,pickwick-papers
Mr. Weller,Samivel,4516,pickwick-papers
Mr. Weller,Sammy,4516,pickwick-papers
Mr. Weller,Sam,4516,pickwick-papers
Sammy,Samivel,4516,pickwick-papers
Sammy,Mr. Weller,4516,pickwick-papers
Sammy,Sam,4516,pickwick-papers
Sam,Samivel,4516,pickwick-papers
Sam,Mr. Weller,4516,pickwick-papers
Sam,Sammy,4516,pickwick-papers
Sammy,Mr. Weller,4518,pickwick-papers
Mr. Weller,Sammy,4518,pickwick-papers
Sammy,Mr. Weller,4520,pickwick-papers
Mr. Weller,Sammy,4520,pickwick-papers
Mr. Weller,Sammy,4520,pickwick-papers
Sammy,Mr. Weller,4520,pickwick-papers
Mr. Weller,Sam,4522,pickwick-papers
Sam,Mr. Weller,4522,pickwick-papers
Mr. Weller,Warren,4532,pickwick-papers
Mr. Weller,Begin,4532,pickwick-papers
Mr. Weller,Sammy,4532,pickwick-papers
Warren,Mr. Weller,4532,pickwick-papers
Warren,Begin,4532,pickwick-papers
Warren,Sammy,4532,pickwick-papers
Begin,Mr. Weller,4532,pickwick-papers
Begin,Warren,4532,pickwick-papers
Begin,Sammy,4532,pickwick-papers
Sammy,Mr. Weller,4532,pickwick-papers
Sammy,Warren,4532,pickwick-papers
Sammy,Begin,4532,pickwick-papers
Mr.,Weller,4533,pickwick-papers
Mr.,Sam,4533,pickwick-papers
Weller,Mr.,4533,pickwick-papers
Weller,Sam,4533,pickwick-papers
Sam,Mr.,4533,pickwick-papers
Sam,Weller,4533,pickwick-papers
Sammy,Mr. Weller,4543,pickwick-papers
Mr. Weller,Sammy,4543,pickwick-papers
Mr. Weller,Sammy,4547,pickwick-papers
Sammy,Mr. Weller,4547,pickwick-papers
Mr. Weller,Wot,4551,pickwick-papers
Mr. Weller,Sammy,4551,pickwick-papers
Wot,Mr. Weller,4551,pickwick-papers
Wot,Sammy,4551,pickwick-papers
Sammy,Mr. Weller,4551,pickwick-papers
Sammy,Wot,4551,pickwick-papers
Sammy,Mr. Weller,4555,pickwick-papers
Mr. Weller,Sammy,4555,pickwick-papers
Mr.,Weller,4560,pickwick-papers
Mr.,Sam,4560,pickwick-papers
Weller,Mr.,4560,pickwick-papers
Weller,Sam,4560,pickwick-papers
Sam,Mr.,4560,pickwick-papers
Sam,Weller,4560,pickwick-papers
Sammy,Mr. Weller,4562,pickwick-papers
Mr. Weller,Sammy,4562,pickwick-papers
Sammy,Mr. Weller,4565,pickwick-papers
Mr. Weller,Sammy,4565,pickwick-papers
Pickwick,Mr. Weller,4571,pickwick-papers
Mr. Weller,Pickwick,4571,pickwick-papers
Sam,Mr. Weller,4573,pickwick-papers
Mr. Weller,Sam,4573,pickwick-papers
Housemaid,Mr. Nupkins,4576,pickwick-papers
Housemaid,Mayor,4576,pickwick-papers
Housemaid,Ipswich,4576,pickwick-papers
Housemaid,Suffolk,4576,pickwick-papers
Housemaid,Mr. Weller,4576,pickwick-papers
Mr. Nupkins,Housemaid,4576,pickwick-papers
Mr. Nupkins,Mayor,4576,pickwick-papers
Mr. Nupkins,Ipswich,4576,pickwick-papers
Mr. Nupkins,Suffolk,4576,pickwick-papers
Mr. Nupkins,Mr. Weller,4576,pickwick-papers
Mayor,Housemaid,4576,pickwick-papers
Mayor,Mr. Nupkins,4576,pickwick-papers
Mayor,Ipswich,4576,pickwick-papers
Mayor,Suffolk,4576,pickwick-papers
Mayor,Mr. Weller,4576,pickwick-papers
Ipswich,Housemaid,4576,pickwick-papers
Ipswich,Mr. Nupkins,4576,pickwick-papers
Ipswich,Mayor,4576,pickwick-papers
Ipswich,Suffolk,4576,pickwick-papers
Ipswich,Mr. Weller,4576,pickwick-papers
Suffolk,Housemaid,4576,pickwick-papers
Suffolk,Mr. Nupkins,4576,pickwick-papers
Suffolk,Mayor,4576,pickwick-papers
Suffolk,Ipswich,4576,pickwick-papers
Suffolk,Mr. Weller,4576,pickwick-papers
Mr. Weller,Housemaid,4576,pickwick-papers
Mr. Weller,Mr. Nupkins,4576,pickwick-papers
Mr. Weller,Mayor,4576,pickwick-papers
Mr. Weller,Ipswich,4576,pickwick-papers
Mr. Weller,Suffolk,4576,pickwick-papers
Sammy,Mr. Weller,4577,pickwick-papers
Mr. Weller,Sammy,4577,pickwick-papers
Mr. Weller,Sammy,4579,pickwick-papers
Mr. Weller,Sammy,4579,pickwick-papers
Sammy,Mr. Weller,4579,pickwick-papers
Sammy,Mr. Weller,4579,pickwick-papers
Sammy,Mr. Weller,4579,pickwick-papers
Sammy,Mr. Weller,4579,pickwick-papers
Mr. Weller,Sammy,4579,pickwick-papers
Mr. Weller,Sammy,4579,pickwick-papers
Sammy,Mr. Weller,4581,pickwick-papers
Sammy,Ve,4581,pickwick-papers
Sammy,Tom Vildspark,4581,pickwick-papers
Mr. Weller,Sammy,4581,pickwick-papers
Mr. Weller,Ve,4581,pickwick-papers
Mr. Weller,Tom Vildspark,4581,pickwick-papers
Mr. Weller,Sammy,4581,pickwick-papers
Ve,Sammy,4581,pickwick-papers
Ve,Mr. Weller,4581,pickwick-papers
Ve,Tom Vildspark,4581,pickwick-papers
Ve,Sammy,4581,pickwick-papers
Tom Vildspark,Sammy,4581,pickwick-papers
Tom Vildspark,Mr. Weller,4581,pickwick-papers
Tom Vildspark,Ve,4581,pickwick-papers
Tom Vildspark,Sammy,4581,pickwick-papers
Sammy,Mr. Weller,4581,pickwick-papers
Sammy,Ve,4581,pickwick-papers
Sammy,Tom Vildspark,4581,pickwick-papers
Mr. Weller,Mr. Pickwick,4582,pickwick-papers
Mr. Weller,Sam,4582,pickwick-papers
Mr. Pickwick,Mr. Weller,4582,pickwick-papers
Mr. Pickwick,Sam,4582,pickwick-papers
Sam,Mr. Weller,4582,pickwick-papers
Sam,Mr. Pickwick,4582,pickwick-papers
Sammy,Mr. Weller,4583,pickwick-papers
Mr. Weller,Sammy,4583,pickwick-papers
Mr. Weller,Sammy,4585,pickwick-papers
Mr. Weller,Sammy,4585,pickwick-papers
Sammy,Mr. Weller,4585,pickwick-papers
Sammy,Mr. Weller,4585,pickwick-papers
Mr. Weller,Sammy,4589,pickwick-papers
Mr. Weller,Sammy,4589,pickwick-papers
Mr. Weller,Sammy,4589,pickwick-papers
Mr. Weller,Sam,4589,pickwick-papers
Sammy,Mr. Weller,4589,pickwick-papers
Sammy,Mr. Weller,4589,pickwick-papers
Sammy,Sam,4589,pickwick-papers
Sammy,Mr. Weller,4589,pickwick-papers
Sammy,Mr. Weller,4589,pickwick-papers
Sammy,Sam,4589,pickwick-papers
Sammy,Mr. Weller,4589,pickwick-papers
Sammy,Mr. Weller,4589,pickwick-papers
Sammy,Sam,4589,pickwick-papers
Mr. Weller,Sammy,4589,pickwick-papers
Mr. Weller,Sammy,4589,pickwick-papers
Mr. Weller,Sammy,4589,pickwick-papers
Mr. Weller,Sam,4589,pickwick-papers
Sam,Mr. Weller,4589,pickwick-papers
Sam,Sammy,4589,pickwick-papers
Sam,Sammy,4589,pickwick-papers
Sam,Sammy,4589,pickwick-papers
Sam,Mr. Weller,4589,pickwick-papers
Sammy,Mr. Weller,4593,pickwick-papers
Sammy,Granby,4593,pickwick-papers
Sammy,Dorkin,4593,pickwick-papers
Sammy,Mr. Weller,4593,pickwick-papers
Mr. Weller,Sammy,4593,pickwick-papers
Mr. Weller,Granby,4593,pickwick-papers
Mr. Weller,Dorkin,4593,pickwick-papers
Granby,Sammy,4593,pickwick-papers
Granby,Mr. Weller,4593,pickwick-papers
Granby,Dorkin,4593,pickwick-papers
Granby,Mr. Weller,4593,pickwick-papers
Dorkin,Sammy,4593,pickwick-papers
Dorkin,Mr. Weller,4593,pickwick-papers
Dorkin,Granby,4593,pickwick-papers
Dorkin,Mr. Weller,4593,pickwick-papers
Mr. Weller,Sammy,4593,pickwick-papers
Mr. Weller,Granby,4593,pickwick-papers
Mr. Weller,Dorkin,4593,pickwick-papers
Sam Weller,Brick Lane,4594,pickwick-papers
Sam Weller,Sam,4594,pickwick-papers
Brick Lane,Sam Weller,4594,pickwick-papers
Brick Lane,Sam,4594,pickwick-papers
Sam,Sam Weller,4594,pickwick-papers
Sam,Brick Lane,4594,pickwick-papers
Mr. Anthony Humm,Mr. Jonas Mudge,4595,pickwick-papers
Mr. Jonas Mudge,Mr. Anthony Humm,4595,pickwick-papers
Mr. Weller,Sam,4596,pickwick-papers
Sam,Mr. Weller,4596,pickwick-papers
Sammy,Mr. Weller,4601,pickwick-papers
Mr. Weller,Sammy,4601,pickwick-papers
Mr. Humm,Silence,4604,pickwick-papers
Mr. Humm,Brick Lane Branch,4604,pickwick-papers
Mr. Humm,Silence,4604,pickwick-papers
Mr. Humm,Brick Lane Branch,4604,pickwick-papers
Silence,Mr. Humm,4604,pickwick-papers
Silence,Mr. Humm,4604,pickwick-papers
Silence,Mr. Humm,4604,pickwick-papers
Silence,Brick Lane Branch,4604,pickwick-papers
Mr. Humm,Silence,4604,pickwick-papers
Mr. Humm,Brick Lane Branch,4604,pickwick-papers
Brick Lane Branch,Mr. Humm,4604,pickwick-papers
Brick Lane Branch,Mr. Humm,4604,pickwick-papers
Brick Lane Branch,Silence,4604,pickwick-papers
Brick Lane Branch,Mr. Humm,4604,pickwick-papers
Burton,Buys,4611,pickwick-papers
Buys,Burton,4611,pickwick-papers
Anthony,Brother Mordlin,4612,pickwick-papers
Anthony,Mr. Dibdin,4612,pickwick-papers
Brother Mordlin,Anthony,4612,pickwick-papers
Brother Mordlin,Mr. Dibdin,4612,pickwick-papers
Mr. Dibdin,Anthony,4612,pickwick-papers
Mr. Dibdin,Brother Mordlin,4612,pickwick-papers
Sammy,Mr. Weller,4619,pickwick-papers
Mr. Weller,Sammy,4619,pickwick-papers
Sammy,Mr. Weller,4621,pickwick-papers
Mr. Weller,Sammy,4621,pickwick-papers
Mr. Humm,Brother Stiggins,4623,pickwick-papers
Brother Stiggins,Mr. Humm,4623,pickwick-papers
Mr. Stiggins,Brick Lane,4624,pickwick-papers
Brick Lane,Mr. Stiggins,4624,pickwick-papers
Mr. Humm,Tadger,4625,pickwick-papers
Tadger,Mr. Humm,4625,pickwick-papers
Brother Tadger,Mr. Stiggins,4626,pickwick-papers
Mr. Stiggins,Brother Tadger,4626,pickwick-papers
Sammy,Mr. Weller,4627,pickwick-papers
Mr. Weller,Sammy,4627,pickwick-papers
Sam Weller,Brother Tadger,4629,pickwick-papers
Sam Weller,Mr. Stiggins,4629,pickwick-papers
Sam Weller,Brother Stiggins,4629,pickwick-papers
Brother Tadger,Sam Weller,4629,pickwick-papers
Brother Tadger,Mr. Stiggins,4629,pickwick-papers
Brother Tadger,Brother Stiggins,4629,pickwick-papers
Mr. Stiggins,Sam Weller,4629,pickwick-papers
Mr. Stiggins,Brother Tadger,4629,pickwick-papers
Mr. Stiggins,Brother Stiggins,4629,pickwick-papers
Brother Stiggins,Sam Weller,4629,pickwick-papers
Brother Stiggins,Brother Tadger,4629,pickwick-papers
Brother Stiggins,Mr. Stiggins,4629,pickwick-papers
Brother Stiggins,Mr. Anthony Humm,4630,pickwick-papers
Mr. Anthony Humm,Brother Stiggins,4630,pickwick-papers
Sir,Mr. Stiggins,4631,pickwick-papers
Mr. Stiggins,Sir,4631,pickwick-papers
Mr. Stiggins,Sir,4631,pickwick-papers
Sir,Mr. Stiggins,4631,pickwick-papers
Sir,Mr. Stiggins,4633,pickwick-papers
Mr. Stiggins,Sir,4633,pickwick-papers
Mr. Stiggins,Brother Tadger,4640,pickwick-papers
Mr. Stiggins,Brother Tadger,4640,pickwick-papers
Mr. Stiggins,Brother Tadger,4640,pickwick-papers
Brother Tadger,Mr. Stiggins,4640,pickwick-papers
Brother Tadger,Mr. Stiggins,4640,pickwick-papers
Brother Tadger,Mr. Stiggins,4640,pickwick-papers
Mr. Stiggins,Brother Tadger,4640,pickwick-papers
Mr. Stiggins,Brother Tadger,4640,pickwick-papers
Mr. Stiggins,Brother Tadger,4640,pickwick-papers
Mr. Stiggins,Brother Tadger,4640,pickwick-papers
Mr. Stiggins,Brother Tadger,4640,pickwick-papers
Mr. Stiggins,Brother Tadger,4640,pickwick-papers
Brother Tadger,Mr. Stiggins,4640,pickwick-papers
Brother Tadger,Mr. Stiggins,4640,pickwick-papers
Brother Tadger,Mr. Stiggins,4640,pickwick-papers
Brother Tadger,Mr. Stiggins,4640,pickwick-papers
Brother Tadger,Mr. Stiggins,4640,pickwick-papers
Brother Tadger,Mr. Stiggins,4640,pickwick-papers
Sammy,Mr. Weller,4642,pickwick-papers
Mr. Weller,Sammy,4642,pickwick-papers
Sammy,Sam,4644,pickwick-papers
Sammy,Mr. Stiggins,4644,pickwick-papers
Sam,Sammy,4644,pickwick-papers
Sam,Mr. Stiggins,4644,pickwick-papers
Mr. Stiggins,Sammy,4644,pickwick-papers
Mr. Stiggins,Sam,4644,pickwick-papers
Mr. Weller,Mr. Stiggins,4646,pickwick-papers
Mr. Stiggins,Mr. Weller,4646,pickwick-papers
Sam,Mr. Stiggins,4647,pickwick-papers
Mr. Stiggins,Sam,4647,pickwick-papers
Mr.,Pickwick,4656,pickwick-papers
Mr.,Mr. Perker,4656,pickwick-papers
Mr.,Sam Weller,4656,pickwick-papers
Mr.,Mr. Lowten,4656,pickwick-papers
Pickwick,Mr.,4656,pickwick-papers
Pickwick,Mr. Perker,4656,pickwick-papers
Pickwick,Sam Weller,4656,pickwick-papers
Pickwick,Mr. Lowten,4656,pickwick-papers
Mr. Perker,Mr.,4656,pickwick-papers
Mr. Perker,Pickwick,4656,pickwick-papers
Mr. Perker,Sam Weller,4656,pickwick-papers
Mr. Perker,Mr. Lowten,4656,pickwick-papers
Sam Weller,Mr.,4656,pickwick-papers
Sam Weller,Pickwick,4656,pickwick-papers
Sam Weller,Mr. Perker,4656,pickwick-papers
Sam Weller,Mr. Lowten,4656,pickwick-papers
Mr. Lowten,Mr.,4656,pickwick-papers
Mr. Lowten,Pickwick,4656,pickwick-papers
Mr. Lowten,Mr. Perker,4656,pickwick-papers
Mr. Lowten,Sam Weller,4656,pickwick-papers
Perker,Mr. Pickwick,4657,pickwick-papers
Perker,Mr. Pickwick,4657,pickwick-papers
Perker,Mr. Pickwick,4657,pickwick-papers
Mr. Pickwick,Perker,4657,pickwick-papers
Mr. Pickwick,Perker,4657,pickwick-papers
Mr. Pickwick,Perker,4657,pickwick-papers
Perker,Lowten,4659,pickwick-papers
Lowten,Perker,4659,pickwick-papers
Mr.,Pickwick,4662,pickwick-papers
Mr.,Mr. Pickwick,4662,pickwick-papers
Pickwick,Mr.,4662,pickwick-papers
Pickwick,Mr. Pickwick,4662,pickwick-papers
Mr. Pickwick,Mr.,4662,pickwick-papers
Mr. Pickwick,Pickwick,4662,pickwick-papers
Mr. Phunky,Mr. Pickwick,4663,pickwick-papers
Mr. Phunky,Mr. Serjeant Snubbin,4663,pickwick-papers
Mr. Phunky,Mr. Mallard,4663,pickwick-papers
Mr. Phunky,Perker,4663,pickwick-papers
Mr. Phunky,Mr. Serjeant Snubbin,4663,pickwick-papers
Mr. Pickwick,Mr. Phunky,4663,pickwick-papers
Mr. Pickwick,Mr. Serjeant Snubbin,4663,pickwick-papers
Mr. Pickwick,Mr. Mallard,4663,pickwick-papers
Mr. Pickwick,Perker,4663,pickwick-papers
Mr. Pickwick,Mr. Serjeant Snubbin,4663,pickwick-papers
Mr. Serjeant Snubbin,Mr. Phunky,4663,pickwick-papers
Mr. Serjeant Snubbin,Mr. Pickwick,4663,pickwick-papers
Mr. Serjeant Snubbin,Mr. Mallard,4663,pickwick-papers
Mr. Serjeant Snubbin,Perker,4663,pickwick-papers
Mr. Mallard,Mr. Phunky,4663,pickwick-papers
Mr. Mallard,Mr. Pickwick,4663,pickwick-papers
Mr. Mallard,Mr. Serjeant Snubbin,4663,pickwick-papers
Mr. Mallard,Perker,4663,pickwick-papers
Mr. Mallard,Mr. Serjeant Snubbin,4663,pickwick-papers
Perker,Mr. Phunky,4663,pickwick-papers
Perker,Mr. Pickwick,4663,pickwick-papers
Perker,Mr. Serjeant Snubbin,4663,pickwick-papers
Perker,Mr. Mallard,4663,pickwick-papers
Perker,Mr. Serjeant Snubbin,4663,pickwick-papers
Mr. Serjeant Snubbin,Mr. Phunky,4663,pickwick-papers
Mr. Serjeant Snubbin,Mr. Pickwick,4663,pickwick-papers
Mr. Serjeant Snubbin,Mr. Mallard,4663,pickwick-papers
Mr. Serjeant Snubbin,Perker,4663,pickwick-papers
Serjeant Buzfuz,Perker,4665,pickwick-papers
Serjeant Buzfuz,Mr. Skimpin,4665,pickwick-papers
Perker,Serjeant Buzfuz,4665,pickwick-papers
Perker,Mr. Skimpin,4665,pickwick-papers
Mr. Skimpin,Serjeant Buzfuz,4665,pickwick-papers
Mr. Skimpin,Perker,4665,pickwick-papers
Mr.,Pickwick,4666,pickwick-papers
Mr.,Mr. Serjeant Buzfuz,4666,pickwick-papers
Mr.,Mr. Serjeant Snubbin,4666,pickwick-papers
Pickwick,Mr.,4666,pickwick-papers
Pickwick,Mr. Serjeant Buzfuz,4666,pickwick-papers
Pickwick,Mr. Serjeant Snubbin,4666,pickwick-papers
Mr. Serjeant Buzfuz,Mr.,4666,pickwick-papers
Mr. Serjeant Buzfuz,Pickwick,4666,pickwick-papers
Mr. Serjeant Buzfuz,Mr. Serjeant Snubbin,4666,pickwick-papers
Mr. Serjeant Snubbin,Mr.,4666,pickwick-papers
Mr. Serjeant Snubbin,Pickwick,4666,pickwick-papers
Mr. Serjeant Snubbin,Mr. Serjeant Buzfuz,4666,pickwick-papers
Mr.,Mr. Justice Stareleigh,4667,pickwick-papers
Mr. Justice Stareleigh,Mr.,4667,pickwick-papers
Sir,Mr. Justice Stareleigh,4675,pickwick-papers
Mr. Justice Stareleigh,Sir,4675,pickwick-papers
Sir,Mr. Justice Stareleigh,4677,pickwick-papers
Mr. Justice Stareleigh,Sir,4677,pickwick-papers
Sir,Mr. Justice Stareleigh,4679,pickwick-papers
Mr. Justice Stareleigh,Sir,4679,pickwick-papers
Mr.,Pickwick,4687,pickwick-papers
Mr.,Bardell,4687,pickwick-papers
Mr.,Mr. Pickwick,4687,pickwick-papers
Mr.,Mr. Dodson,4687,pickwick-papers
Mr.,Mr. Fogg,4687,pickwick-papers
Mr.,Master Bardell,4687,pickwick-papers
Mr.,Bardell,4687,pickwick-papers
Mr.,Sanders,4687,pickwick-papers
Mr.,Dodson,4687,pickwick-papers
Mr.,Fogg,4687,pickwick-papers
Mr.,Serjeant Buzfuz,4687,pickwick-papers
Pickwick,Mr.,4687,pickwick-papers
Pickwick,Bardell,4687,pickwick-papers
Pickwick,Mr. Pickwick,4687,pickwick-papers
Pickwick,Mr. Dodson,4687,pickwick-papers
Pickwick,Mr. Fogg,4687,pickwick-papers
Pickwick,Master Bardell,4687,pickwick-papers
Pickwick,Bardell,4687,pickwick-papers
Pickwick,Sanders,4687,pickwick-papers
Pickwick,Dodson,4687,pickwick-papers
Pickwick,Fogg,4687,pickwick-papers
Pickwick,Serjeant Buzfuz,4687,pickwick-papers
Bardell,Mr.,4687,pickwick-papers
Bardell,Pickwick,4687,pickwick-papers
Bardell,Mr. Pickwick,4687,pickwick-papers
Bardell,Mr. Dodson,4687,pickwick-papers
Bardell,Mr. Fogg,4687,pickwick-papers
Bardell,Master Bardell,4687,pickwick-papers
Bardell,Sanders,4687,pickwick-papers
Bardell,Dodson,4687,pickwick-papers
Bardell,Fogg,4687,pickwick-papers
Bardell,Serjeant Buzfuz,4687,pickwick-papers
Mr. Pickwick,Mr.,4687,pickwick-papers
Mr. Pickwick,Pickwick,4687,pickwick-papers
Mr. Pickwick,Bardell,4687,pickwick-papers
Mr. Pickwick,Mr. Dodson,4687,pickwick-papers
Mr. Pickwick,Mr. Fogg,4687,pickwick-papers
Mr. Pickwick,Master Bardell,4687,pickwick-papers
Mr. Pickwick,Bardell,4687,pickwick-papers
Mr. Pickwick,Sanders,4687,pickwick-papers
Mr. Pickwick,Dodson,4687,pickwick-papers
Mr. Pickwick,Fogg,4687,pickwick-papers
Mr. Pickwick,Serjeant Buzfuz,4687,pickwick-papers
Mr. Dodson,Mr.,4687,pickwick-papers
Mr. Dodson,Pickwick,4687,pickwick-papers
Mr. Dodson,Bardell,4687,pickwick-papers
Mr. Dodson,Mr. Pickwick,4687,pickwick-papers
Mr. Dodson,Mr. Fogg,4687,pickwick-papers
Mr. Dodson,Master Bardell,4687,pickwick-papers
Mr. Dodson,Bardell,4687,pickwick-papers
Mr. Dodson,Sanders,4687,pickwick-papers
Mr. Dodson,Dodson,4687,pickwick-papers
Mr. Dodson,Fogg,4687,pickwick-papers
Mr. Dodson,Serjeant Buzfuz,4687,pickwick-papers
Mr. Fogg,Mr.,4687,pickwick-papers
Mr. Fogg,Pickwick,4687,pickwick-papers
Mr. Fogg,Bardell,4687,pickwick-papers
Mr. Fogg,Mr. Pickwick,4687,pickwick-papers
Mr. Fogg,Mr. Dodson,4687,pickwick-papers
Mr. Fogg,Master Bardell,4687,pickwick-papers
Mr. Fogg,Bardell,4687,pickwick-papers
Mr. Fogg,Sanders,4687,pickwick-papers
Mr. Fogg,Dodson,4687,pickwick-papers
Mr. Fogg,Fogg,4687,pickwick-papers
Mr. Fogg,Serjeant Buzfuz,4687,pickwick-papers
Master Bardell,Mr.,4687,pickwick-papers
Master Bardell,Pickwick,4687,pickwick-papers
Master Bardell,Bardell,4687,pickwick-papers
Master Bardell,Mr. Pickwick,4687,pickwick-papers
Master Bardell,Mr. Dodson,4687,pickwick-papers
Master Bardell,Mr. Fogg,4687,pickwick-papers
Master Bardell,Bardell,4687,pickwick-papers
Master Bardell,Sanders,4687,pickwick-papers
Master Bardell,Dodson,4687,pickwick-papers
Master Bardell,Fogg,4687,pickwick-papers
Master Bardell,Serjeant Buzfuz,4687,pickwick-papers
Bardell,Mr.,4687,pickwick-papers
Bardell,Pickwick,4687,pickwick-papers
Bardell,Mr. Pickwick,4687,pickwick-papers
Bardell,Mr. Dodson,4687,pickwick-papers
Bardell,Mr. Fogg,4687,pickwick-papers
Bardell,Master Bardell,4687,pickwick-papers
Bardell,Sanders,4687,pickwick-papers
Bardell,Dodson,4687,pickwick-papers
Bardell,Fogg,4687,pickwick-papers
Bardell,Serjeant Buzfuz,4687,pickwick-papers
Sanders,Mr.,4687,pickwick-papers
Sanders,Pickwick,4687,pickwick-papers
Sanders,Bardell,4687,pickwick-papers
Sanders,Mr. Pickwick,4687,pickwick-papers
Sanders,Mr. Dodson,4687,pickwick-papers
Sanders,Mr. Fogg,4687,pickwick-papers
Sanders,Master Bardell,4687,pickwick-papers
Sanders,Bardell,4687,pickwick-papers
Sanders,Dodson,4687,pickwick-papers
Sanders,Fogg,4687,pickwick-papers
Sanders,Serjeant Buzfuz,4687,pickwick-papers
Dodson,Mr.,4687,pickwick-papers
Dodson,Pickwick,4687,pickwick-papers
Dodson,Bardell,4687,pickwick-papers
Dodson,Mr. Pickwick,4687,pickwick-papers
Dodson,Mr. Dodson,4687,pickwick-papers
Dodson,Mr. Fogg,4687,pickwick-papers
Dodson,Master Bardell,4687,pickwick-papers
Dodson,Bardell,4687,pickwick-papers
Dodson,Sanders,4687,pickwick-papers
Dodson,Fogg,4687,pickwick-papers
Dodson,Serjeant Buzfuz,4687,pickwick-papers
Fogg,Mr.,4687,pickwick-papers
Fogg,Pickwick,4687,pickwick-papers
Fogg,Bardell,4687,pickwick-papers
Fogg,Mr. Pickwick,4687,pickwick-papers
Fogg,Mr. Dodson,4687,pickwick-papers
Fogg,Mr. Fogg,4687,pickwick-papers
Fogg,Master Bardell,4687,pickwick-papers
Fogg,Bardell,4687,pickwick-papers
Fogg,Sanders,4687,pickwick-papers
Fogg,Dodson,4687,pickwick-papers
Fogg,Serjeant Buzfuz,4687,pickwick-papers
Serjeant Buzfuz,Mr.,4687,pickwick-papers
Serjeant Buzfuz,Pickwick,4687,pickwick-papers
Serjeant Buzfuz,Bardell,4687,pickwick-papers
Serjeant Buzfuz,Mr. Pickwick,4687,pickwick-papers
Serjeant Buzfuz,Mr. Dodson,4687,pickwick-papers
Serjeant Buzfuz,Mr. Fogg,4687,pickwick-papers
Serjeant Buzfuz,Master Bardell,4687,pickwick-papers
Serjeant Buzfuz,Bardell,4687,pickwick-papers
Serjeant Buzfuz,Sanders,4687,pickwick-papers
Serjeant Buzfuz,Dodson,4687,pickwick-papers
Serjeant Buzfuz,Fogg,4687,pickwick-papers
Perker,Mr. Pickwick,4688,pickwick-papers
Perker,Dodson,4688,pickwick-papers
Mr. Pickwick,Perker,4688,pickwick-papers
Mr. Pickwick,Dodson,4688,pickwick-papers
Dodson,Perker,4688,pickwick-papers
Dodson,Mr. Pickwick,4688,pickwick-papers
Perker,Bardell,4689,pickwick-papers
Perker,Master Bardell,4689,pickwick-papers
Bardell,Perker,4689,pickwick-papers
Bardell,Master Bardell,4689,pickwick-papers
Master Bardell,Perker,4689,pickwick-papers
Master Bardell,Bardell,4689,pickwick-papers
Brother Buzfuz,Mr. Skimpin,4692,pickwick-papers
Mr. Skimpin,Brother Buzfuz,4692,pickwick-papers
Mr. Skimpin,Monkey,4696,pickwick-papers
Monkey,Mr. Skimpin,4696,pickwick-papers
Buzfuz,Dodson,4701,pickwick-papers
Buzfuz,Fogg,4701,pickwick-papers
Dodson,Buzfuz,4701,pickwick-papers
Dodson,Fogg,4701,pickwick-papers
Fogg,Buzfuz,4701,pickwick-papers
Fogg,Dodson,4701,pickwick-papers
Mr. Serjeant Buzfuz,Fogg,4705,pickwick-papers
Fogg,Mr. Serjeant Buzfuz,4705,pickwick-papers
Bardell,Inquire,4708,pickwick-papers
Inquire,Bardell,4708,pickwick-papers
Bardell,Mr. Bardell,4710,pickwick-papers
Bardell,Mr. Bardell,4710,pickwick-papers
Bardell,Mr. Bardell,4710,pickwick-papers
Bardell,Mr. Bardell,4710,pickwick-papers
Bardell,Mr. Bardell,4710,pickwick-papers
Bardell,Mr. Bardell,4710,pickwick-papers
Bardell,Pickwick,4710,pickwick-papers
Bardell,Pickwick,4710,pickwick-papers
Mr. Bardell,Bardell,4710,pickwick-papers
Mr. Bardell,Bardell,4710,pickwick-papers
Mr. Bardell,Pickwick,4710,pickwick-papers
Mr. Bardell,Pickwick,4710,pickwick-papers
Mr. Bardell,Bardell,4710,pickwick-papers
Mr. Bardell,Bardell,4710,pickwick-papers
Mr. Bardell,Pickwick,4710,pickwick-papers
Mr. Bardell,Pickwick,4710,pickwick-papers
Mr. Bardell,Bardell,4710,pickwick-papers
Mr. Bardell,Bardell,4710,pickwick-papers
Mr. Bardell,Pickwick,4710,pickwick-papers
Mr. Bardell,Pickwick,4710,pickwick-papers
Mr. Bardell,Bardell,4710,pickwick-papers
Mr. Bardell,Bardell,4710,pickwick-papers
Mr. Bardell,Pickwick,4710,pickwick-papers
Mr. Bardell,Pickwick,4710,pickwick-papers
Mr. Bardell,Bardell,4710,pickwick-papers
Mr. Bardell,Bardell,4710,pickwick-papers
Mr. Bardell,Pickwick,4710,pickwick-papers
Mr. Bardell,Pickwick,4710,pickwick-papers
Mr. Bardell,Bardell,4710,pickwick-papers
Mr. Bardell,Bardell,4710,pickwick-papers
Mr. Bardell,Pickwick,4710,pickwick-papers
Mr. Bardell,Pickwick,4710,pickwick-papers
Bardell,Mr. Bardell,4710,pickwick-papers
Bardell,Mr. Bardell,4710,pickwick-papers
Bardell,Mr. Bardell,4710,pickwick-papers
Bardell,Mr. Bardell,4710,pickwick-papers
Bardell,Mr. Bardell,4710,pickwick-papers
Bardell,Mr. Bardell,4710,pickwick-papers
Bardell,Pickwick,4710,pickwick-papers
Bardell,Pickwick,4710,pickwick-papers
Pickwick,Bardell,4710,pickwick-papers
Pickwick,Mr. Bardell,4710,pickwick-papers
Pickwick,Mr. Bardell,4710,pickwick-papers
Pickwick,Mr. Bardell,4710,pickwick-papers
Pickwick,Mr. Bardell,4710,pickwick-papers
Pickwick,Mr. Bardell,4710,pickwick-papers
Pickwick,Mr. Bardell,4710,pickwick-papers
Pickwick,Bardell,4710,pickwick-papers
Pickwick,Bardell,4710,pickwick-papers
Pickwick,Mr. Bardell,4710,pickwick-papers
Pickwick,Mr. Bardell,4710,pickwick-papers
Pickwick,Mr. Bardell,4710,pickwick-papers
Pickwick,Mr. Bardell,4710,pickwick-papers
Pickwick,Mr. Bardell,4710,pickwick-papers
Pickwick,Mr. Bardell,4710,pickwick-papers
Pickwick,Bardell,4710,pickwick-papers
Mr. Justice Stareleigh,Serjeant Buzfuz,4711,pickwick-papers
Serjeant Buzfuz,Mr. Justice Stareleigh,4711,pickwick-papers
Mr. Pickwick,Perker,4713,pickwick-papers
Perker,Mr. Pickwick,4713,pickwick-papers
Serjeant Buzfuz,Mr. Pickwick,4714,pickwick-papers
Serjeant Buzfuz,Pickwick,4714,pickwick-papers
Serjeant Buzfuz,Pickwick,4714,pickwick-papers
Serjeant Buzfuz,Stoakes,4714,pickwick-papers
Serjeant Buzfuz,Brown,4714,pickwick-papers
Serjeant Buzfuz,Thompson,4714,pickwick-papers
Mr. Pickwick,Serjeant Buzfuz,4714,pickwick-papers
Mr. Pickwick,Pickwick,4714,pickwick-papers
Mr. Pickwick,Pickwick,4714,pickwick-papers
Mr. Pickwick,Stoakes,4714,pickwick-papers
Mr. Pickwick,Brown,4714,pickwick-papers
Mr. Pickwick,Thompson,4714,pickwick-papers
Pickwick,Serjeant Buzfuz,4714,pickwick-papers
Pickwick,Mr. Pickwick,4714,pickwick-papers
Pickwick,Stoakes,4714,pickwick-papers
Pickwick,Brown,4714,pickwick-papers
Pickwick,Thompson,4714,pickwick-papers
Pickwick,Serjeant Buzfuz,4714,pickwick-papers
Pickwick,Mr. Pickwick,4714,pickwick-papers
Pickwick,Stoakes,4714,pickwick-papers
Pickwick,Brown,4714,pickwick-papers
Pickwick,Thompson,4714,pickwick-papers
Stoakes,Serjeant Buzfuz,4714,pickwick-papers
Stoakes,Mr. Pickwick,4714,pickwick-papers
Stoakes,Pickwick,4714,pickwick-papers
Stoakes,Pickwick,4714,pickwick-papers
Stoakes,Brown,4714,pickwick-papers
Stoakes,Thompson,4714,pickwick-papers
Brown,Serjeant Buzfuz,4714,pickwick-papers
Brown,Mr. Pickwick,4714,pickwick-papers
Brown,Pickwick,4714,pickwick-papers
Brown,Pickwick,4714,pickwick-papers
Brown,Stoakes,4714,pickwick-papers
Brown,Thompson,4714,pickwick-papers
Thompson,Serjeant Buzfuz,4714,pickwick-papers
Thompson,Mr. Pickwick,4714,pickwick-papers
Thompson,Pickwick,4714,pickwick-papers
Thompson,Pickwick,4714,pickwick-papers
Thompson,Stoakes,4714,pickwick-papers
Thompson,Brown,4714,pickwick-papers
Mr. Pickwick,Serjeant Buzfuz,4715,pickwick-papers
Serjeant Buzfuz,Mr. Pickwick,4715,pickwick-papers
Pickwick,Bardell,4716,pickwick-papers
Pickwick,Bardell,4716,pickwick-papers
Bardell,Pickwick,4716,pickwick-papers
Bardell,Pickwick,4716,pickwick-papers
Bardell,Pickwick,4716,pickwick-papers
Bardell,Pickwick,4716,pickwick-papers
Pickwick,Bardell,4716,pickwick-papers
Pickwick,Bardell,4716,pickwick-papers
Pickwick,Garraways,4718,pickwick-papers
Pickwick,Dear Mrs,4718,pickwick-papers
Pickwick,Chops,4718,pickwick-papers
Pickwick,Chops,4718,pickwick-papers
Pickwick,Slow,4718,pickwick-papers
Pickwick,Bardell,4718,pickwick-papers
Garraways,Pickwick,4718,pickwick-papers
Garraways,Dear Mrs,4718,pickwick-papers
Garraways,Chops,4718,pickwick-papers
Garraways,Pickwick,4718,pickwick-papers
Garraways,Chops,4718,pickwick-papers
Garraways,Slow,4718,pickwick-papers
Garraways,Bardell,4718,pickwick-papers
Garraways,Pickwick,4718,pickwick-papers
Garraways,Pickwick,4718,pickwick-papers
Dear Mrs,Pickwick,4718,pickwick-papers
Dear Mrs,Garraways,4718,pickwick-papers
Dear Mrs,Chops,4718,pickwick-papers
Dear Mrs,Pickwick,4718,pickwick-papers
Dear Mrs,Chops,4718,pickwick-papers
Dear Mrs,Slow,4718,pickwick-papers
Dear Mrs,Bardell,4718,pickwick-papers
Dear Mrs,Pickwick,4718,pickwick-papers
Dear Mrs,Pickwick,4718,pickwick-papers
Chops,Pickwick,4718,pickwick-papers
Chops,Garraways,4718,pickwick-papers
Chops,Dear Mrs,4718,pickwick-papers
Chops,Pickwick,4718,pickwick-papers
Chops,Slow,4718,pickwick-papers
Chops,Bardell,4718,pickwick-papers
Chops,Pickwick,4718,pickwick-papers
Chops,Pickwick,4718,pickwick-papers
Pickwick,Garraways,4718,pickwick-papers
Pickwick,Dear Mrs,4718,pickwick-papers
Pickwick,Chops,4718,pickwick-papers
Pickwick,Chops,4718,pickwick-papers
Pickwick,Slow,4718,pickwick-papers
Pickwick,Bardell,4718,pickwick-papers
Chops,Pickwick,4718,pickwick-papers
Chops,Garraways,4718,pickwick-papers
Chops,Dear Mrs,4718,pickwick-papers
Chops,Pickwick,4718,pickwick-papers
Chops,Slow,4718,pickwick-papers
Chops,Bardell,4718,pickwick-papers
Chops,Pickwick,4718,pickwick-papers
Chops,Pickwick,4718,pickwick-papers
Slow,Pickwick,4718,pickwick-papers
Slow,Garraways,4718,pickwick-papers
Slow,Dear Mrs,4718,pickwick-papers
Slow,Chops,4718,pickwick-papers
Slow,Pickwick,4718,pickwick-papers
Slow,Chops,4718,pickwick-papers
Slow,Bardell,4718,pickwick-papers
Slow,Pickwick,4718,pickwick-papers
Slow,Pickwick,4718,pickwick-papers
Bardell,Pickwick,4718,pickwick-papers
Bardell,Garraways,4718,pickwick-papers
Bardell,Dear Mrs,4718,pickwick-papers
Bardell,Chops,4718,pickwick-papers
Bardell,Pickwick,4718,pickwick-papers
Bardell,Chops,4718,pickwick-papers
Bardell,Slow,4718,pickwick-papers
Bardell,Pickwick,4718,pickwick-papers
Bardell,Pickwick,4718,pickwick-papers
Pickwick,Garraways,4718,pickwick-papers
Pickwick,Dear Mrs,4718,pickwick-papers
Pickwick,Chops,4718,pickwick-papers
Pickwick,Chops,4718,pickwick-papers
Pickwick,Slow,4718,pickwick-papers
Pickwick,Bardell,4718,pickwick-papers
Pickwick,Garraways,4718,pickwick-papers
Pickwick,Dear Mrs,4718,pickwick-papers
Pickwick,Chops,4718,pickwick-papers
Pickwick,Chops,4718,pickwick-papers
Pickwick,Slow,4718,pickwick-papers
Pickwick,Bardell,4718,pickwick-papers
Mr.,Serjeant,4719,pickwick-papers
Serjeant,Mr.,4719,pickwick-papers
Mr. Serjeant Buzfuz,Pickwick,4720,pickwick-papers
Mr. Serjeant Buzfuz,Pickwick,4720,pickwick-papers
Mr. Serjeant Buzfuz,Pickwick,4720,pickwick-papers
Mr. Serjeant Buzfuz,Pickwick,4720,pickwick-papers
Mr. Serjeant Buzfuz,Mr. Justice Stareleigh,4720,pickwick-papers
Pickwick,Mr. Serjeant Buzfuz,4720,pickwick-papers
Pickwick,Mr. Serjeant Buzfuz,4720,pickwick-papers
Pickwick,Mr. Justice Stareleigh,4720,pickwick-papers
Pickwick,Mr. Serjeant Buzfuz,4720,pickwick-papers
Pickwick,Mr. Serjeant Buzfuz,4720,pickwick-papers
Pickwick,Mr. Justice Stareleigh,4720,pickwick-papers
Pickwick,Mr. Serjeant Buzfuz,4720,pickwick-papers
Pickwick,Mr. Serjeant Buzfuz,4720,pickwick-papers
Pickwick,Mr. Justice Stareleigh,4720,pickwick-papers
Pickwick,Mr. Serjeant Buzfuz,4720,pickwick-papers
Pickwick,Mr. Serjeant Buzfuz,4720,pickwick-papers
Pickwick,Mr. Justice Stareleigh,4720,pickwick-papers
Mr. Serjeant Buzfuz,Pickwick,4720,pickwick-papers
Mr. Serjeant Buzfuz,Pickwick,4720,pickwick-papers
Mr. Serjeant Buzfuz,Pickwick,4720,pickwick-papers
Mr. Serjeant Buzfuz,Pickwick,4720,pickwick-papers
Mr. Serjeant Buzfuz,Mr. Justice Stareleigh,4720,pickwick-papers
Mr. Justice Stareleigh,Mr. Serjeant Buzfuz,4720,pickwick-papers
Mr. Justice Stareleigh,Pickwick,4720,pickwick-papers
Mr. Justice Stareleigh,Pickwick,4720,pickwick-papers
Mr. Justice Stareleigh,Pickwick,4720,pickwick-papers
Mr. Justice Stareleigh,Pickwick,4720,pickwick-papers
Mr. Justice Stareleigh,Mr. Serjeant Buzfuz,4720,pickwick-papers
Elizabeth Cluppins,Serjeant Buzfuz,4721,pickwick-papers
Serjeant Buzfuz,Elizabeth Cluppins,4721,pickwick-papers
Elizabeth Tuppins,Elizabeth Jupkins,4722,pickwick-papers
Elizabeth Tuppins,Elizabeth Muffins,4722,pickwick-papers
Elizabeth Jupkins,Elizabeth Tuppins,4722,pickwick-papers
Elizabeth Jupkins,Elizabeth Muffins,4722,pickwick-papers
Elizabeth Muffins,Elizabeth Tuppins,4722,pickwick-papers
Elizabeth Muffins,Elizabeth Jupkins,4722,pickwick-papers
Bardell,Mr. Dodson,4723,pickwick-papers
Bardell,Mr. Fogg,4723,pickwick-papers
Mr. Dodson,Bardell,4723,pickwick-papers
Mr. Dodson,Mr. Fogg,4723,pickwick-papers
Mr. Dodson,Bardell,4723,pickwick-papers
Mr. Fogg,Bardell,4723,pickwick-papers
Mr. Fogg,Mr. Dodson,4723,pickwick-papers
Mr. Fogg,Bardell,4723,pickwick-papers
Bardell,Mr. Dodson,4723,pickwick-papers
Bardell,Mr. Fogg,4723,pickwick-papers
Serjeant Buzfuz,Cluppins,4724,pickwick-papers
Cluppins,Serjeant Buzfuz,4724,pickwick-papers
Serjeant Buzfuz,Bardell,4725,pickwick-papers
Serjeant Buzfuz,Pickwick,4725,pickwick-papers
Bardell,Serjeant Buzfuz,4725,pickwick-papers
Bardell,Pickwick,4725,pickwick-papers
Pickwick,Serjeant Buzfuz,4725,pickwick-papers
Pickwick,Bardell,4725,pickwick-papers
Cluppins,Serjeant Buzfuz,4738,pickwick-papers
Serjeant Buzfuz,Cluppins,4738,pickwick-papers
Sir,Mr. Pickwick,4741,pickwick-papers
Sir,Bardell,4741,pickwick-papers
Mr. Pickwick,Sir,4741,pickwick-papers
Mr. Pickwick,Bardell,4741,pickwick-papers
Bardell,Sir,4741,pickwick-papers
Bardell,Mr. Pickwick,4741,pickwick-papers
Mr. Serjeant Buzfuz,Serjeant Snubbin,4742,pickwick-papers
Mr. Serjeant Buzfuz,Mr. Pickwick,4742,pickwick-papers
Serjeant Snubbin,Mr. Serjeant Buzfuz,4742,pickwick-papers
Serjeant Snubbin,Mr. Pickwick,4742,pickwick-papers
Mr. Pickwick,Mr. Serjeant Buzfuz,4742,pickwick-papers
Mr. Pickwick,Serjeant Snubbin,4742,pickwick-papers
Mr. Cluppins,Mr. Jackson,4743,pickwick-papers
Mr. Jackson,Mr. Cluppins,4743,pickwick-papers
Mr.,Winkle,4747,pickwick-papers
Winkle,Mr.,4747,pickwick-papers
Mr.,Winkle,4748,pickwick-papers
Mr.,Mr. Skimpin,4748,pickwick-papers
Winkle,Mr.,4748,pickwick-papers
Winkle,Mr. Skimpin,4748,pickwick-papers
Mr. Skimpin,Mr.,4748,pickwick-papers
Mr. Skimpin,Winkle,4748,pickwick-papers
Sir,Mr. Skimpin,4749,pickwick-papers
Sir,Mr. Skimpin,4749,pickwick-papers
Sir,Mr. Winkle,4749,pickwick-papers
Mr. Skimpin,Sir,4749,pickwick-papers
Mr. Skimpin,Mr. Winkle,4749,pickwick-papers
Mr. Skimpin,Sir,4749,pickwick-papers
Mr. Skimpin,Mr. Winkle,4749,pickwick-papers
Mr. Winkle,Sir,4749,pickwick-papers
Mr. Winkle,Mr. Skimpin,4749,pickwick-papers
Mr. Winkle,Mr. Skimpin,4749,pickwick-papers
Daniel,Daniel Nathaniel,4755,pickwick-papers
Daniel Nathaniel,Daniel,4755,pickwick-papers
Nathaniel,Daniel,4756,pickwick-papers
Daniel,Nathaniel,4756,pickwick-papers
Sir,Daniel,4759,pickwick-papers
Daniel,Sir,4759,pickwick-papers
Daniel,Sir,4759,pickwick-papers
Sir,Daniel,4759,pickwick-papers
Winkle,Mr. Skimpin,4761,pickwick-papers
Mr. Skimpin,Winkle,4761,pickwick-papers
Poor,Mr. Winkle,4763,pickwick-papers
Mr. Winkle,Poor,4763,pickwick-papers
Mr. Winkle,Mr. Skimpin,4764,pickwick-papers
Mr. Winkle,Mr. Pickwick,4764,pickwick-papers
Mr. Skimpin,Mr. Winkle,4764,pickwick-papers
Mr. Skimpin,Mr. Pickwick,4764,pickwick-papers
Mr. Pickwick,Mr. Winkle,4764,pickwick-papers
Mr. Pickwick,Mr. Skimpin,4764,pickwick-papers
Sir,Mr. Skimpin,4770,pickwick-papers
Mr. Skimpin,Sir,4770,pickwick-papers
Sir,Winkle,4772,pickwick-papers
Winkle,Sir,4772,pickwick-papers
Mr. Winkle,Sir,4778,pickwick-papers
Sir,Mr. Winkle,4778,pickwick-papers
Mr. Winkle,Bardell,4779,pickwick-papers
Bardell,Mr. Winkle,4779,pickwick-papers
Mr. Winkle,Pickwick,4780,pickwick-papers
Pickwick,Mr. Winkle,4780,pickwick-papers
Mr. Winkle,Mr. Skimpin,4786,pickwick-papers
Mr. Winkle,Sir,4786,pickwick-papers
Mr. Skimpin,Mr. Winkle,4786,pickwick-papers
Mr. Skimpin,Sir,4786,pickwick-papers
Sir,Mr. Winkle,4786,pickwick-papers
Sir,Mr. Skimpin,4786,pickwick-papers
Mr. Pickwick,Mr. Winkle,4787,pickwick-papers
Mr. Winkle,Mr. Pickwick,4787,pickwick-papers
Mr. Winkle,Pickwick,4790,pickwick-papers
Mr. Winkle,Bardell,4790,pickwick-papers
Pickwick,Mr. Winkle,4790,pickwick-papers
Pickwick,Bardell,4790,pickwick-papers
Bardell,Mr. Winkle,4790,pickwick-papers
Bardell,Pickwick,4790,pickwick-papers
Mr. Winkle,Mr. Skimpin,4792,pickwick-papers
Mr. Winkle,Pickwick,4792,pickwick-papers
Mr. Skimpin,Mr. Winkle,4792,pickwick-papers
Mr. Skimpin,Pickwick,4792,pickwick-papers
Pickwick,Mr. Winkle,4792,pickwick-papers
Pickwick,Mr. Skimpin,4792,pickwick-papers
Mr. Winkle,Mr. Skimpin,4793,pickwick-papers
Mr. Skimpin,Mr. Winkle,4793,pickwick-papers
Mr.,Pickwick,4794,pickwick-papers
Mr.,Mr. Phunky,4794,pickwick-papers
Mr.,Mr. Winkle,4794,pickwick-papers
Pickwick,Mr.,4794,pickwick-papers
Pickwick,Mr. Phunky,4794,pickwick-papers
Pickwick,Mr. Winkle,4794,pickwick-papers
Mr. Phunky,Mr.,4794,pickwick-papers
Mr. Phunky,Pickwick,4794,pickwick-papers
Mr. Phunky,Mr. Winkle,4794,pickwick-papers
Mr. Winkle,Mr.,4794,pickwick-papers
Mr. Winkle,Pickwick,4794,pickwick-papers
Mr. Winkle,Mr. Phunky,4794,pickwick-papers
Mr. Winkle,Mr. Phunky,4795,pickwick-papers
Mr. Winkle,Mr. Pickwick,4795,pickwick-papers
Mr. Phunky,Mr. Winkle,4795,pickwick-papers
Mr. Phunky,Mr. Pickwick,4795,pickwick-papers
Mr. Pickwick,Mr. Winkle,4795,pickwick-papers
Mr. Pickwick,Mr. Phunky,4795,pickwick-papers
Mr. Winkle,Mr. Phunky,4798,pickwick-papers
Mr. Phunky,Mr. Winkle,4798,pickwick-papers
Mr. Phunky,Mr. Winkle,4798,pickwick-papers
Mr. Winkle,Mr. Phunky,4798,pickwick-papers
Mr. Winkle,Mr. Phunky,4799,pickwick-papers
Mr. Winkle,Mr. Pickwick,4799,pickwick-papers
Mr. Phunky,Mr. Winkle,4799,pickwick-papers
Mr. Phunky,Mr. Pickwick,4799,pickwick-papers
Mr. Pickwick,Mr. Winkle,4799,pickwick-papers
Mr. Pickwick,Mr. Phunky,4799,pickwick-papers
Bardell,Mr. Phunky,4803,pickwick-papers
Mr. Phunky,Bardell,4803,pickwick-papers
Mr. Phunky,Serjeant Snubbin,4805,pickwick-papers
Mr. Phunky,Mr. Winkle,4805,pickwick-papers
Mr. Phunky,Mr. Winkle,4805,pickwick-papers
Mr. Phunky,Mr. Winkle,4805,pickwick-papers
Mr. Phunky,Serjeant Buzfuz,4805,pickwick-papers
Serjeant Snubbin,Mr. Phunky,4805,pickwick-papers
Serjeant Snubbin,Mr. Winkle,4805,pickwick-papers
Serjeant Snubbin,Mr. Winkle,4805,pickwick-papers
Serjeant Snubbin,Mr. Phunky,4805,pickwick-papers
Serjeant Snubbin,Mr. Winkle,4805,pickwick-papers
Serjeant Snubbin,Serjeant Buzfuz,4805,pickwick-papers
Mr. Winkle,Mr. Phunky,4805,pickwick-papers
Mr. Winkle,Serjeant Snubbin,4805,pickwick-papers
Mr. Winkle,Mr. Phunky,4805,pickwick-papers
Mr. Winkle,Serjeant Buzfuz,4805,pickwick-papers
Mr. Winkle,Mr. Phunky,4805,pickwick-papers
Mr. Winkle,Serjeant Snubbin,4805,pickwick-papers
Mr. Winkle,Mr. Phunky,4805,pickwick-papers
Mr. Winkle,Serjeant Buzfuz,4805,pickwick-papers
Mr. Phunky,Serjeant Snubbin,4805,pickwick-papers
Mr. Phunky,Mr. Winkle,4805,pickwick-papers
Mr. Phunky,Mr. Winkle,4805,pickwick-papers
Mr. Phunky,Mr. Winkle,4805,pickwick-papers
Mr. Phunky,Serjeant Buzfuz,4805,pickwick-papers
Mr. Winkle,Mr. Phunky,4805,pickwick-papers
Mr. Winkle,Serjeant Snubbin,4805,pickwick-papers
Mr. Winkle,Mr. Phunky,4805,pickwick-papers
Mr. Winkle,Serjeant Buzfuz,4805,pickwick-papers
Serjeant Buzfuz,Mr. Phunky,4805,pickwick-papers
Serjeant Buzfuz,Serjeant Snubbin,4805,pickwick-papers
Serjeant Buzfuz,Mr. Winkle,4805,pickwick-papers
Serjeant Buzfuz,Mr. Winkle,4805,pickwick-papers
Serjeant Buzfuz,Mr. Phunky,4805,pickwick-papers
Serjeant Buzfuz,Mr. Winkle,4805,pickwick-papers
Mr. Winkle,Serjeant Buzfuz,4806,pickwick-papers
Serjeant Buzfuz,Mr. Winkle,4806,pickwick-papers
Sir,Mr. Winkle,4807,pickwick-papers
Mr. Winkle,Sir,4807,pickwick-papers
Mr. Winkle,Mr. Pickwick,4810,pickwick-papers
Mr. Winkle,George Nupkins,4810,pickwick-papers
Mr. Pickwick,Mr. Winkle,4810,pickwick-papers
Mr. Pickwick,George Nupkins,4810,pickwick-papers
George Nupkins,Mr. Winkle,4810,pickwick-papers
George Nupkins,Mr. Pickwick,4810,pickwick-papers
Sir,Serjeant Snubbin,4811,pickwick-papers
Sir,Mr. Winkle,4811,pickwick-papers
Sir,Vulture,4811,pickwick-papers
Serjeant Snubbin,Sir,4811,pickwick-papers
Serjeant Snubbin,Mr. Winkle,4811,pickwick-papers
Serjeant Snubbin,Vulture,4811,pickwick-papers
Mr. Winkle,Sir,4811,pickwick-papers
Mr. Winkle,Serjeant Snubbin,4811,pickwick-papers
Mr. Winkle,Vulture,4811,pickwick-papers
Vulture,Sir,4811,pickwick-papers
Vulture,Serjeant Snubbin,4811,pickwick-papers
Vulture,Mr. Winkle,4811,pickwick-papers
Tracy Tupman,Augustus Snodgrass,4812,pickwick-papers
Augustus Snodgrass,Tracy Tupman,4812,pickwick-papers
Susannah,Sanders,4813,pickwick-papers
Susannah,Had,4813,pickwick-papers
Susannah,Pickwick,4813,pickwick-papers
Susannah,Bardell,4813,pickwick-papers
Susannah,Bardell,4813,pickwick-papers
Susannah,Pickwick,4813,pickwick-papers
Susannah,Pickwick,4813,pickwick-papers
Susannah,Bardell,4813,pickwick-papers
Susannah,Bardell,4813,pickwick-papers
Susannah,Bardell,4813,pickwick-papers
Susannah,Thought,4813,pickwick-papers
Susannah,Bardell,4813,pickwick-papers
Susannah,Pickwick,4813,pickwick-papers
Susannah,Mr. Sanders,4813,pickwick-papers
Susannah,Heard Pickwick,4813,pickwick-papers
Sanders,Susannah,4813,pickwick-papers
Sanders,Had,4813,pickwick-papers
Sanders,Pickwick,4813,pickwick-papers
Sanders,Bardell,4813,pickwick-papers
Sanders,Bardell,4813,pickwick-papers
Sanders,Pickwick,4813,pickwick-papers
Sanders,Pickwick,4813,pickwick-papers
Sanders,Bardell,4813,pickwick-papers
Sanders,Bardell,4813,pickwick-papers
Sanders,Bardell,4813,pickwick-papers
Sanders,Thought,4813,pickwick-papers
Sanders,Bardell,4813,pickwick-papers
Sanders,Pickwick,4813,pickwick-papers
Sanders,Mr. Sanders,4813,pickwick-papers
Sanders,Heard Pickwick,4813,pickwick-papers
Had,Susannah,4813,pickwick-papers
Had,Sanders,4813,pickwick-papers
Had,Pickwick,4813,pickwick-papers
Had,Bardell,4813,pickwick-papers
Had,Bardell,4813,pickwick-papers
Had,Pickwick,4813,pickwick-papers
Had,Pickwick,4813,pickwick-papers
Had,Bardell,4813,pickwick-papers
Had,Bardell,4813,pickwick-papers
Had,Bardell,4813,pickwick-papers
Had,Thought,4813,pickwick-papers
Had,Bardell,4813,pickwick-papers
Had,Pickwick,4813,pickwick-papers
Had,Mr. Sanders,4813,pickwick-papers
Had,Heard Pickwick,4813,pickwick-papers
Pickwick,Susannah,4813,pickwick-papers
Pickwick,Sanders,4813,pickwick-papers
Pickwick,Had,4813,pickwick-papers
Pickwick,Bardell,4813,pickwick-papers
Pickwick,Bardell,4813,pickwick-papers
Pickwick,Bardell,4813,pickwick-papers
Pickwick,Bardell,4813,pickwick-papers
Pickwick,Bardell,4813,pickwick-papers
Pickwick,Thought,4813,pickwick-papers
Pickwick,Bardell,4813,pickwick-papers
Pickwick,Mr. Sanders,4813,pickwick-papers
Pickwick,Heard Pickwick,4813,pickwick-papers
Bardell,Susannah,4813,pickwick-papers
Bardell,Sanders,4813,pickwick-papers
Bardell,Had,4813,pickwick-papers
Bardell,Pickwick,4813,pickwick-papers
Bardell,Pickwick,4813,pickwick-papers
Bardell,Pickwick,4813,pickwick-papers
Bardell,Thought,4813,pickwick-papers
Bardell,Pickwick,4813,pickwick-papers
Bardell,Mr. Sanders,4813,pickwick-papers
Bardell,Heard Pickwick,4813,pickwick-papers
Bardell,Susannah,4813,pickwick-papers
Bardell,Sanders,4813,pickwick-papers
Bardell,Had,4813,pickwick-papers
Bardell,Pickwick,4813,pickwick-papers
Bardell,Pickwick,4813,pickwick-papers
Bardell,Pickwick,4813,pickwick-papers
Bardell,Thought,4813,pickwick-papers
Bardell,Pickwick,4813,pickwick-papers
Bardell,Mr. Sanders,4813,pickwick-papers
Bardell,Heard Pickwick,4813,pickwick-papers
Pickwick,Susannah,4813,pickwick-papers
Pickwick,Sanders,4813,pickwick-papers
Pickwick,Had,4813,pickwick-papers
Pickwick,Bardell,4813,pickwick-papers
Pickwick,Bardell,4813,pickwick-papers
Pickwick,Bardell,4813,pickwick-papers
Pickwick,Bardell,4813,pickwick-papers
Pickwick,Bardell,4813,pickwick-papers
Pickwick,Thought,4813,pickwick-papers
Pickwick,Bardell,4813,pickwick-papers
Pickwick,Mr. Sanders,4813,pickwick-papers
Pickwick,Heard Pickwick,4813,pickwick-papers
Pickwick,Susannah,4813,pickwick-papers
Pickwick,Sanders,4813,pickwick-papers
Pickwick,Had,4813,pickwick-papers
Pickwick,Bardell,4813,pickwick-papers
Pickwick,Bardell,4813,pickwick-papers
Pickwick,Bardell,4813,pickwick-papers
Pickwick,Bardell,4813,pickwick-papers
Pickwick,Bardell,4813,pickwick-papers
Pickwick,Thought,4813,pickwick-papers
Pickwick,Bardell,4813,pickwick-papers
Pickwick,Mr. Sanders,4813,pickwick-papers
Pickwick,Heard Pickwick,4813,pickwick-papers
Bardell,Susannah,4813,pickwick-papers
Bardell,Sanders,4813,pickwick-papers
Bardell,Had,4813,pickwick-papers
Bardell,Pickwick,4813,pickwick-papers
Bardell,Pickwick,4813,pickwick-papers
Bardell,Pickwick,4813,pickwick-papers
Bardell,Thought,4813,pickwick-papers
Bardell,Pickwick,4813,pickwick-papers
Bardell,Mr. Sanders,4813,pickwick-papers
Bardell,Heard Pickwick,4813,pickwick-papers
Bardell,Susannah,4813,pickwick-papers
Bardell,Sanders,4813,pickwick-papers
Bardell,Had,4813,pickwick-papers
Bardell,Pickwick,4813,pickwick-papers
Bardell,Pickwick,4813,pickwick-papers
Bardell,Pickwick,4813,pickwick-papers
Bardell,Thought,4813,pickwick-papers
Bardell,Pickwick,4813,pickwick-papers
Bardell,Mr. Sanders,4813,pickwick-papers
Bardell,Heard Pickwick,4813,pickwick-papers
Bardell,Susannah,4813,pickwick-papers
Bardell,Sanders,4813,pickwick-papers
Bardell,Had,4813,pickwick-papers
Bardell,Pickwick,4813,pickwick-papers
Bardell,Pickwick,4813,pickwick-papers
Bardell,Pickwick,4813,pickwick-papers
Bardell,Thought,4813,pickwick-papers
Bardell,Pickwick,4813,pickwick-papers
Bardell,Mr. Sanders,4813,pickwick-papers
Bardell,Heard Pickwick,4813,pickwick-papers
Thought,Susannah,4813,pickwick-papers
Thought,Sanders,4813,pickwick-papers
Thought,Had,4813,pickwick-papers
Thought,Pickwick,4813,pickwick-papers
Thought,Bardell,4813,pickwick-papers
Thought,Bardell,4813,pickwick-papers
Thought,Pickwick,4813,pickwick-papers
Thought,Pickwick,4813,pickwick-papers
Thought,Bardell,4813,pickwick-papers
Thought,Bardell,4813,pickwick-papers
Thought,Bardell,4813,pickwick-papers
Thought,Bardell,4813,pickwick-papers
Thought,Pickwick,4813,pickwick-papers
Thought,Mr. Sanders,4813,pickwick-papers
Thought,Heard Pickwick,4813,pickwick-papers
Bardell,Susannah,4813,pickwick-papers
Bardell,Sanders,4813,pickwick-papers
Bardell,Had,4813,pickwick-papers
Bardell,Pickwick,4813,pickwick-papers
Bardell,Pickwick,4813,pickwick-papers
Bardell,Pickwick,4813,pickwick-papers
Bardell,Thought,4813,pickwick-papers
Bardell,Pickwick,4813,pickwick-papers
Bardell,Mr. Sanders,4813,pickwick-papers
Bardell,Heard Pickwick,4813,pickwick-papers
Pickwick,Susannah,4813,pickwick-papers
Pickwick,Sanders,4813,pickwick-papers
Pickwick,Had,4813,pickwick-papers
Pickwick,Bardell,4813,pickwick-papers
Pickwick,Bardell,4813,pickwick-papers
Pickwick,Bardell,4813,pickwick-papers
Pickwick,Bardell,4813,pickwick-papers
Pickwick,Bardell,4813,pickwick-papers
Pickwick,Thought,4813,pickwick-papers
Pickwick,Bardell,4813,pickwick-papers
Pickwick,Mr. Sanders,4813,pickwick-papers
Pickwick,Heard Pickwick,4813,pickwick-papers
Mr. Sanders,Susannah,4813,pickwick-papers
Mr. Sanders,Sanders,4813,pickwick-papers
Mr. Sanders,Had,4813,pickwick-papers
Mr. Sanders,Pickwick,4813,pickwick-papers
Mr. Sanders,Bardell,4813,pickwick-papers
Mr. Sanders,Bardell,4813,pickwick-papers
Mr. Sanders,Pickwick,4813,pickwick-papers
Mr. Sanders,Pickwick,4813,pickwick-papers
Mr. Sanders,Bardell,4813,pickwick-papers
Mr. Sanders,Bardell,4813,pickwick-papers
Mr. Sanders,Bardell,4813,pickwick-papers
Mr. Sanders,Thought,4813,pickwick-papers
Mr. Sanders,Bardell,4813,pickwick-papers
Mr. Sanders,Pickwick,4813,pickwick-papers
Mr. Sanders,Heard Pickwick,4813,pickwick-papers
Heard Pickwick,Susannah,4813,pickwick-papers
Heard Pickwick,Sanders,4813,pickwick-papers
Heard Pickwick,Had,4813,pickwick-papers
Heard Pickwick,Pickwick,4813,pickwick-papers
Heard Pickwick,Bardell,4813,pickwick-papers
Heard Pickwick,Bardell,4813,pickwick-papers
Heard Pickwick,Pickwick,4813,pickwick-papers
Heard Pickwick,Pickwick,4813,pickwick-papers
Heard Pickwick,Bardell,4813,pickwick-papers
Heard Pickwick,Bardell,4813,pickwick-papers
Heard Pickwick,Bardell,4813,pickwick-papers
Heard Pickwick,Thought,4813,pickwick-papers
Heard Pickwick,Bardell,4813,pickwick-papers
Heard Pickwick,Pickwick,4813,pickwick-papers
Heard Pickwick,Mr. Sanders,4813,pickwick-papers
Buzfuz,Samuel Weller,4815,pickwick-papers
Samuel Weller,Buzfuz,4815,pickwick-papers
Mr. Weller,Serjeant Buzfuz,4832,pickwick-papers
Serjeant Buzfuz,Mr. Weller,4832,pickwick-papers
Mr. Pickwick,Weller,4834,pickwick-papers
Weller,Mr. Pickwick,4834,pickwick-papers
Sir,Sam,4835,pickwick-papers
Sam,Sir,4835,pickwick-papers
Sir,Sam,4837,pickwick-papers
Sam,Sir,4837,pickwick-papers
Weller,Serjeant Buzfuz,4840,pickwick-papers
Serjeant Buzfuz,Weller,4840,pickwick-papers
Mr. Pickwick,Sam,4845,pickwick-papers
Sam,Mr. Pickwick,4845,pickwick-papers
Mr. Weller,Serjeant Buzfuz,4847,pickwick-papers
Serjeant Buzfuz,Mr. Weller,4847,pickwick-papers
Serjeant Buzfuz,Mr. Weller,4847,pickwick-papers
Mr. Weller,Serjeant Buzfuz,4847,pickwick-papers
Mr. Weller,Serjeant Buzfuz,4849,pickwick-papers
Mr. Weller,Sam,4849,pickwick-papers
Mr. Weller,Weller,4849,pickwick-papers
Serjeant Buzfuz,Mr. Weller,4849,pickwick-papers
Serjeant Buzfuz,Sam,4849,pickwick-papers
Serjeant Buzfuz,Weller,4849,pickwick-papers
Sam,Mr. Weller,4849,pickwick-papers
Sam,Serjeant Buzfuz,4849,pickwick-papers
Sam,Weller,4849,pickwick-papers
Weller,Mr. Weller,4849,pickwick-papers
Weller,Serjeant Buzfuz,4849,pickwick-papers
Weller,Sam,4849,pickwick-papers
Dodson,Fogg,4851,pickwick-papers
Dodson,Serjeant,4851,pickwick-papers
Dodson,Sam,4851,pickwick-papers
Dodson,Mr. Weller,4851,pickwick-papers
Fogg,Dodson,4851,pickwick-papers
Fogg,Serjeant,4851,pickwick-papers
Fogg,Sam,4851,pickwick-papers
Fogg,Mr. Weller,4851,pickwick-papers
Serjeant,Dodson,4851,pickwick-papers
Serjeant,Fogg,4851,pickwick-papers
Serjeant,Sam,4851,pickwick-papers
Serjeant,Mr. Weller,4851,pickwick-papers
Sam,Dodson,4851,pickwick-papers
Sam,Fogg,4851,pickwick-papers
Sam,Serjeant,4851,pickwick-papers
Sam,Mr. Weller,4851,pickwick-papers
Mr. Weller,Dodson,4851,pickwick-papers
Mr. Weller,Fogg,4851,pickwick-papers
Mr. Weller,Serjeant,4851,pickwick-papers
Mr. Weller,Sam,4851,pickwick-papers
Sir,Sam,4852,pickwick-papers
Sam,Sir,4852,pickwick-papers
Mr. Weller,Serjeant Buzfuz,4855,pickwick-papers
Serjeant Buzfuz,Mr. Weller,4855,pickwick-papers
Weller,Serjeant Buzfuz,4857,pickwick-papers
Serjeant Buzfuz,Weller,4857,pickwick-papers
Serjeant Buzfuz,Weller,4859,pickwick-papers
Weller,Serjeant Buzfuz,4859,pickwick-papers
Sam,Mr. Dodson,4860,pickwick-papers
Sam,Fogg,4860,pickwick-papers
Sam,Dodson,4860,pickwick-papers
Sam,Fogg,4860,pickwick-papers
Mr. Dodson,Sam,4860,pickwick-papers
Mr. Dodson,Fogg,4860,pickwick-papers
Mr. Dodson,Dodson,4860,pickwick-papers
Mr. Dodson,Fogg,4860,pickwick-papers
Fogg,Sam,4860,pickwick-papers
Fogg,Mr. Dodson,4860,pickwick-papers
Fogg,Dodson,4860,pickwick-papers
Dodson,Sam,4860,pickwick-papers
Dodson,Mr. Dodson,4860,pickwick-papers
Dodson,Fogg,4860,pickwick-papers
Dodson,Fogg,4860,pickwick-papers
Fogg,Sam,4860,pickwick-papers
Fogg,Mr. Dodson,4860,pickwick-papers
Fogg,Dodson,4860,pickwick-papers
Mr. Serjeant Buzfuz,Dodson,4861,pickwick-papers
Mr. Serjeant Buzfuz,Fogg,4861,pickwick-papers
Dodson,Mr. Serjeant Buzfuz,4861,pickwick-papers
Dodson,Fogg,4861,pickwick-papers
Fogg,Mr. Serjeant Buzfuz,4861,pickwick-papers
Fogg,Dodson,4861,pickwick-papers
Sam,'they,4862,pickwick-papers
Sam,Pickwick,4862,pickwick-papers
'they,Sam,4862,pickwick-papers
'they,Pickwick,4862,pickwick-papers
Pickwick,Sam,4862,pickwick-papers
Pickwick,'they,4862,pickwick-papers
Dodson,Fogg,4863,pickwick-papers
Fogg,Dodson,4863,pickwick-papers
Serjeant Buzfuz,Stand,4864,pickwick-papers
Stand,Serjeant Buzfuz,4864,pickwick-papers
Mr. Weller,Serjeant Snubbin,4866,pickwick-papers
Serjeant Snubbin,Mr. Weller,4866,pickwick-papers
Serjeant Buzfuz,Sam,4867,pickwick-papers
Serjeant Buzfuz,Fogg,4867,pickwick-papers
Serjeant Buzfuz,Mr. Pickwick,4867,pickwick-papers
Sam,Serjeant Buzfuz,4867,pickwick-papers
Sam,Fogg,4867,pickwick-papers
Sam,Mr. Pickwick,4867,pickwick-papers
Fogg,Serjeant Buzfuz,4867,pickwick-papers
Fogg,Sam,4867,pickwick-papers
Fogg,Mr. Pickwick,4867,pickwick-papers
Mr. Pickwick,Serjeant Buzfuz,4867,pickwick-papers
Mr. Pickwick,Sam,4867,pickwick-papers
Mr. Pickwick,Fogg,4867,pickwick-papers
Serjeant Snubbin,Mr. Pickwick,4868,pickwick-papers
Mr. Pickwick,Serjeant Snubbin,4868,pickwick-papers
Snubbin,Mr. Pickwick,4870,pickwick-papers
Snubbin,Mr. Pickwick,4870,pickwick-papers
Snubbin,Mr. Pickwick,4870,pickwick-papers
Mr. Pickwick,Snubbin,4870,pickwick-papers
Mr. Pickwick,Snubbin,4870,pickwick-papers
Mr. Pickwick,Snubbin,4870,pickwick-papers
Mr.,Bardell,4871,pickwick-papers
Mr.,Mr. Pickwick,4871,pickwick-papers
Bardell,Mr.,4871,pickwick-papers
Bardell,Mr. Pickwick,4871,pickwick-papers
Mr. Pickwick,Mr.,4871,pickwick-papers
Mr. Pickwick,Bardell,4871,pickwick-papers
Mr.,Pickwick,4879,pickwick-papers
Mr.,Mr. Perker,4879,pickwick-papers
Pickwick,Mr.,4879,pickwick-papers
Pickwick,Mr. Perker,4879,pickwick-papers
Mr. Perker,Mr.,4879,pickwick-papers
Mr. Perker,Pickwick,4879,pickwick-papers
Perker,Mr. Pickwick,4880,pickwick-papers
Perker,Fogg,4880,pickwick-papers
Mr. Pickwick,Perker,4880,pickwick-papers
Mr. Pickwick,Fogg,4880,pickwick-papers
Fogg,Perker,4880,pickwick-papers
Fogg,Mr. Pickwick,4880,pickwick-papers
Sir,Dodson,4882,pickwick-papers
Dodson,Sir,4882,pickwick-papers
Fogg,Dodson,4884,pickwick-papers
Dodson,Fogg,4884,pickwick-papers
Dodson,Fogg,4885,pickwick-papers
Dodson,Mr. Pickwick,4885,pickwick-papers
Fogg,Dodson,4885,pickwick-papers
Fogg,Mr. Pickwick,4885,pickwick-papers
Mr. Pickwick,Dodson,4885,pickwick-papers
Mr. Pickwick,Fogg,4885,pickwick-papers
Dodson,Pickwick,4886,pickwick-papers
Pickwick,Dodson,4886,pickwick-papers
Mr. Pickwick,Fogg,4887,pickwick-papers
Fogg,Mr. Pickwick,4887,pickwick-papers
Mr. Pickwick,Sam Weller,4888,pickwick-papers
Sam Weller,Mr. Pickwick,4888,pickwick-papers
Mr. Weller,Mr. Pickwick,4897,pickwick-papers
Mr. Weller,Sam,4897,pickwick-papers
Mr. Pickwick,Mr. Weller,4897,pickwick-papers
Mr. Pickwick,Sam,4897,pickwick-papers
Sam,Mr. Weller,4897,pickwick-papers
Sam,Mr. Pickwick,4897,pickwick-papers
Perker,Mr. Pickwick,4898,pickwick-papers
Mr. Pickwick,Perker,4898,pickwick-papers
Mr.,Tupman,4901,pickwick-papers
Mr.,Mr. Snodgrass,4901,pickwick-papers
Mr.,Mr. Winkle,4901,pickwick-papers
Mr.,Mr. Pickwick,4901,pickwick-papers
Tupman,Mr.,4901,pickwick-papers
Tupman,Mr. Snodgrass,4901,pickwick-papers
Tupman,Mr. Winkle,4901,pickwick-papers
Tupman,Mr. Pickwick,4901,pickwick-papers
Mr. Snodgrass,Mr.,4901,pickwick-papers
Mr. Snodgrass,Tupman,4901,pickwick-papers
Mr. Snodgrass,Mr. Winkle,4901,pickwick-papers
Mr. Snodgrass,Mr. Pickwick,4901,pickwick-papers
Mr. Winkle,Mr.,4901,pickwick-papers
Mr. Winkle,Tupman,4901,pickwick-papers
Mr. Winkle,Mr. Snodgrass,4901,pickwick-papers
Mr. Winkle,Mr. Pickwick,4901,pickwick-papers
Mr. Pickwick,Mr.,4901,pickwick-papers
Mr. Pickwick,Tupman,4901,pickwick-papers
Mr. Pickwick,Mr. Snodgrass,4901,pickwick-papers
Mr. Pickwick,Mr. Winkle,4901,pickwick-papers
Perker,Mr. Pickwick,4903,pickwick-papers
Perker,Sam,4903,pickwick-papers
Mr. Pickwick,Perker,4903,pickwick-papers
Mr. Pickwick,Sam,4903,pickwick-papers
Sam,Perker,4903,pickwick-papers
Sam,Mr. Pickwick,4903,pickwick-papers
Sam Weller,Vulture,4904,pickwick-papers
Vulture,Sam Weller,4904,pickwick-papers
Sam Weller,Mr. Pickwick,4906,pickwick-papers
Mr. Pickwick,Sam Weller,4906,pickwick-papers
Mr. Pickwick,Mr. Winkle,4916,pickwick-papers
Mr. Winkle,Mr. Pickwick,4916,pickwick-papers
Sir,Mr. Pickwick,4928,pickwick-papers
Mr. Pickwick,Sir,4928,pickwick-papers
Sir,Mr. Winkle,4935,pickwick-papers
Mr. Winkle,Sir,4935,pickwick-papers
Mr. Dowler,Mr. Pickwick,4939,pickwick-papers
Mr. Dowler,Mr. Pickwick,4939,pickwick-papers
Mr. Pickwick,Mr. Dowler,4939,pickwick-papers
Mr. Pickwick,Mr. Dowler,4939,pickwick-papers
Mr.,Tupman,4940,pickwick-papers
Mr.,Mr. Snodgrass,4940,pickwick-papers
Mr.,Mr. Winkle,4940,pickwick-papers
Mr.,Mr. Pickwick,4940,pickwick-papers
Mr.,Sam Weller,4940,pickwick-papers
Tupman,Mr.,4940,pickwick-papers
Tupman,Mr. Snodgrass,4940,pickwick-papers
Tupman,Mr. Winkle,4940,pickwick-papers
Tupman,Mr. Pickwick,4940,pickwick-papers
Tupman,Sam Weller,4940,pickwick-papers
Mr. Snodgrass,Mr.,4940,pickwick-papers
Mr. Snodgrass,Tupman,4940,pickwick-papers
Mr. Snodgrass,Mr. Winkle,4940,pickwick-papers
Mr. Snodgrass,Mr. Pickwick,4940,pickwick-papers
Mr. Snodgrass,Sam Weller,4940,pickwick-papers
Mr. Winkle,Mr.,4940,pickwick-papers
Mr. Winkle,Tupman,4940,pickwick-papers
Mr. Winkle,Mr. Snodgrass,4940,pickwick-papers
Mr. Winkle,Mr. Pickwick,4940,pickwick-papers
Mr. Winkle,Sam Weller,4940,pickwick-papers
Mr. Pickwick,Mr.,4940,pickwick-papers
Mr. Pickwick,Tupman,4940,pickwick-papers
Mr. Pickwick,Mr. Snodgrass,4940,pickwick-papers
Mr. Pickwick,Mr. Winkle,4940,pickwick-papers
Mr. Pickwick,Sam Weller,4940,pickwick-papers
Sam Weller,Mr.,4940,pickwick-papers
Sam Weller,Tupman,4940,pickwick-papers
Sam Weller,Mr. Snodgrass,4940,pickwick-papers
Sam Weller,Mr. Winkle,4940,pickwick-papers
Sam Weller,Mr. Pickwick,4940,pickwick-papers
Sam,Mr. Pickwick,4941,pickwick-papers
Mr. Pickwick,Sam,4941,pickwick-papers
Sir,Sam,4944,pickwick-papers
Sam,Sir,4944,pickwick-papers
Sam,Mr. Pickwick,4945,pickwick-papers
Mr. Pickwick,Sam,4945,pickwick-papers
Sir,Sam,4946,pickwick-papers
Sir,Sam,4946,pickwick-papers
Sam,Sir,4946,pickwick-papers
Sam,Sir,4946,pickwick-papers
Sam,Mr. Pickwick,4949,pickwick-papers
Mr. Pickwick,Sam,4949,pickwick-papers
Sam,Mr. Pickwick,4950,pickwick-papers
Mr. Pickwick,Sam,4950,pickwick-papers
Sam,Mr. Weller,4954,pickwick-papers
Sam,Which,4954,pickwick-papers
Mr. Weller,Sam,4954,pickwick-papers
Mr. Weller,Which,4954,pickwick-papers
Which,Sam,4954,pickwick-papers
Which,Mr. Weller,4954,pickwick-papers
Mr. Dowler,Dowler,4955,pickwick-papers
Mr. Dowler,Mr. Pickwick,4955,pickwick-papers
Mr. Dowler,Mr. Winkle,4955,pickwick-papers
Mr. Dowler,Dowler,4955,pickwick-papers
Mr. Dowler,Dowler,4955,pickwick-papers
Mr. Dowler,Mr. Pickwick,4955,pickwick-papers
Mr. Dowler,Mr. Winkle,4955,pickwick-papers
Dowler,Mr. Dowler,4955,pickwick-papers
Dowler,Mr. Dowler,4955,pickwick-papers
Dowler,Mr. Dowler,4955,pickwick-papers
Dowler,Mr. Pickwick,4955,pickwick-papers
Dowler,Mr. Winkle,4955,pickwick-papers
Dowler,Mr. Dowler,4955,pickwick-papers
Dowler,Mr. Pickwick,4955,pickwick-papers
Dowler,Mr. Winkle,4955,pickwick-papers
Mr. Dowler,Dowler,4955,pickwick-papers
Mr. Dowler,Mr. Pickwick,4955,pickwick-papers
Mr. Dowler,Mr. Winkle,4955,pickwick-papers
Mr. Dowler,Dowler,4955,pickwick-papers
Mr. Dowler,Dowler,4955,pickwick-papers
Mr. Dowler,Mr. Pickwick,4955,pickwick-papers
Mr. Dowler,Mr. Winkle,4955,pickwick-papers
Mr. Dowler,Dowler,4955,pickwick-papers
Mr. Dowler,Mr. Pickwick,4955,pickwick-papers
Mr. Dowler,Mr. Winkle,4955,pickwick-papers
Mr. Dowler,Dowler,4955,pickwick-papers
Mr. Dowler,Dowler,4955,pickwick-papers
Mr. Dowler,Mr. Pickwick,4955,pickwick-papers
Mr. Dowler,Mr. Winkle,4955,pickwick-papers
Mr. Pickwick,Mr. Dowler,4955,pickwick-papers
Mr. Pickwick,Dowler,4955,pickwick-papers
Mr. Pickwick,Mr. Dowler,4955,pickwick-papers
Mr. Pickwick,Mr. Dowler,4955,pickwick-papers
Mr. Pickwick,Mr. Winkle,4955,pickwick-papers
Mr. Pickwick,Dowler,4955,pickwick-papers
Mr. Pickwick,Mr. Dowler,4955,pickwick-papers
Mr. Pickwick,Dowler,4955,pickwick-papers
Mr. Pickwick,Mr. Winkle,4955,pickwick-papers
Mr. Winkle,Mr. Dowler,4955,pickwick-papers
Mr. Winkle,Dowler,4955,pickwick-papers
Mr. Winkle,Mr. Dowler,4955,pickwick-papers
Mr. Winkle,Mr. Dowler,4955,pickwick-papers
Mr. Winkle,Mr. Pickwick,4955,pickwick-papers
Mr. Winkle,Dowler,4955,pickwick-papers
Mr. Winkle,Mr. Dowler,4955,pickwick-papers
Mr. Winkle,Dowler,4955,pickwick-papers
Mr. Winkle,Mr. Pickwick,4955,pickwick-papers
Dowler,Mr. Dowler,4955,pickwick-papers
Dowler,Mr. Dowler,4955,pickwick-papers
Dowler,Mr. Dowler,4955,pickwick-papers
Dowler,Mr. Pickwick,4955,pickwick-papers
Dowler,Mr. Winkle,4955,pickwick-papers
Dowler,Mr. Dowler,4955,pickwick-papers
Dowler,Mr. Pickwick,4955,pickwick-papers
Dowler,Mr. Winkle,4955,pickwick-papers
Mr. Dowler,Dowler,4955,pickwick-papers
Mr. Dowler,Mr. Pickwick,4955,pickwick-papers
Mr. Dowler,Mr. Winkle,4955,pickwick-papers
Mr. Dowler,Dowler,4955,pickwick-papers
Mr. Dowler,Dowler,4955,pickwick-papers
Mr. Dowler,Mr. Pickwick,4955,pickwick-papers
Mr. Dowler,Mr. Winkle,4955,pickwick-papers
Dowler,Mr. Dowler,4955,pickwick-papers
Dowler,Mr. Dowler,4955,pickwick-papers
Dowler,Mr. Dowler,4955,pickwick-papers
Dowler,Mr. Pickwick,4955,pickwick-papers
Dowler,Mr. Winkle,4955,pickwick-papers
Dowler,Mr. Dowler,4955,pickwick-papers
Dowler,Mr. Pickwick,4955,pickwick-papers
Dowler,Mr. Winkle,4955,pickwick-papers
Mr. Pickwick,Mr. Dowler,4955,pickwick-papers
Mr. Pickwick,Dowler,4955,pickwick-papers
Mr. Pickwick,Mr. Dowler,4955,pickwick-papers
Mr. Pickwick,Mr. Dowler,4955,pickwick-papers
Mr. Pickwick,Mr. Winkle,4955,pickwick-papers
Mr. Pickwick,Dowler,4955,pickwick-papers
Mr. Pickwick,Mr. Dowler,4955,pickwick-papers
Mr. Pickwick,Dowler,4955,pickwick-papers
Mr. Pickwick,Mr. Winkle,4955,pickwick-papers
Mr. Winkle,Mr. Dowler,4955,pickwick-papers
Mr. Winkle,Dowler,4955,pickwick-papers
Mr. Winkle,Mr. Dowler,4955,pickwick-papers
Mr. Winkle,Mr. Dowler,4955,pickwick-papers
Mr. Winkle,Mr. Pickwick,4955,pickwick-papers
Mr. Winkle,Dowler,4955,pickwick-papers
Mr. Winkle,Mr. Dowler,4955,pickwick-papers
Mr. Winkle,Dowler,4955,pickwick-papers
Mr. Winkle,Mr. Pickwick,4955,pickwick-papers
Mr. Pickwick,Mr. Dowler,4956,pickwick-papers
Mr. Pickwick,Bath,4956,pickwick-papers
Mr. Dowler,Mr. Pickwick,4956,pickwick-papers
Mr. Dowler,Bath,4956,pickwick-papers
Bath,Mr. Pickwick,4956,pickwick-papers
Bath,Mr. Dowler,4956,pickwick-papers
Breakfast,Mr. Dowler,4957,pickwick-papers
Breakfast,Mr. Dowler,4957,pickwick-papers
Mr. Dowler,Breakfast,4957,pickwick-papers
Mr. Dowler,Breakfast,4957,pickwick-papers
Pickwick,Mr. Dowler,4959,pickwick-papers
Pickwick,Angelo Cyrus Bantam,4959,pickwick-papers
Pickwick,Esquire,4959,pickwick-papers
Pickwick,Mr. Pickwick,4959,pickwick-papers
Mr. Dowler,Pickwick,4959,pickwick-papers
Mr. Dowler,Angelo Cyrus Bantam,4959,pickwick-papers
Mr. Dowler,Esquire,4959,pickwick-papers
Mr. Dowler,Mr. Pickwick,4959,pickwick-papers
Angelo Cyrus Bantam,Pickwick,4959,pickwick-papers
Angelo Cyrus Bantam,Mr. Dowler,4959,pickwick-papers
Angelo Cyrus Bantam,Esquire,4959,pickwick-papers
Angelo Cyrus Bantam,Mr. Pickwick,4959,pickwick-papers
Esquire,Pickwick,4959,pickwick-papers
Esquire,Mr. Dowler,4959,pickwick-papers
Esquire,Angelo Cyrus Bantam,4959,pickwick-papers
Esquire,Mr. Pickwick,4959,pickwick-papers
Mr. Pickwick,Pickwick,4959,pickwick-papers
Mr. Pickwick,Mr. Dowler,4959,pickwick-papers
Mr. Pickwick,Angelo Cyrus Bantam,4959,pickwick-papers
Mr. Pickwick,Esquire,4959,pickwick-papers
Sir,Mr. Pickwick,4960,pickwick-papers
Sir,Mr. Pickwick,4960,pickwick-papers
Mr. Pickwick,Sir,4960,pickwick-papers
Mr. Pickwick,Sir,4960,pickwick-papers
Angelo Cyrus Bantam,Esquire,4961,pickwick-papers
Angelo Cyrus Bantam,Mr. Pickwick,4961,pickwick-papers
Esquire,Angelo Cyrus Bantam,4961,pickwick-papers
Esquire,Mr. Pickwick,4961,pickwick-papers
Mr. Pickwick,Angelo Cyrus Bantam,4961,pickwick-papers
Mr. Pickwick,Esquire,4961,pickwick-papers
Pickwick,Mr. Pickwick,4963,pickwick-papers
Pickwick,Good,4963,pickwick-papers
Mr. Pickwick,Pickwick,4963,pickwick-papers
Mr. Pickwick,Good,4963,pickwick-papers
Good,Pickwick,4963,pickwick-papers
Good,Mr. Pickwick,4963,pickwick-papers
Clapham Green,Bantam,4967,pickwick-papers
Clapham Green,Very,4967,pickwick-papers
Bantam,Clapham Green,4967,pickwick-papers
Bantam,Very,4967,pickwick-papers
Very,Clapham Green,4967,pickwick-papers
Very,Bantam,4967,pickwick-papers
Mr.,Pickwick,4968,pickwick-papers
Mr.,Mr. Tupman,4968,pickwick-papers
Mr.,Mr. Winkle,4968,pickwick-papers
Mr.,Mr. Snodgrass,4968,pickwick-papers
Pickwick,Mr.,4968,pickwick-papers
Pickwick,Mr. Tupman,4968,pickwick-papers
Pickwick,Mr. Winkle,4968,pickwick-papers
Pickwick,Mr. Snodgrass,4968,pickwick-papers
Mr. Tupman,Mr.,4968,pickwick-papers
Mr. Tupman,Pickwick,4968,pickwick-papers
Mr. Tupman,Mr. Winkle,4968,pickwick-papers
Mr. Tupman,Mr. Snodgrass,4968,pickwick-papers
Mr. Winkle,Mr.,4968,pickwick-papers
Mr. Winkle,Pickwick,4968,pickwick-papers
Mr. Winkle,Mr. Tupman,4968,pickwick-papers
Mr. Winkle,Mr. Snodgrass,4968,pickwick-papers
Mr. Snodgrass,Mr.,4968,pickwick-papers
Mr. Snodgrass,Pickwick,4968,pickwick-papers
Mr. Snodgrass,Mr. Tupman,4968,pickwick-papers
Mr. Snodgrass,Mr. Winkle,4968,pickwick-papers
Mr. Dowler,Pickwick,4969,pickwick-papers
Pickwick,Mr. Dowler,4969,pickwick-papers
Mr. Pickwick,Angelo Cyrus Bantam,4972,pickwick-papers
Mr. Pickwick,Esquire,4972,pickwick-papers
Angelo Cyrus Bantam,Mr. Pickwick,4972,pickwick-papers
Angelo Cyrus Bantam,Esquire,4972,pickwick-papers
Esquire,Mr. Pickwick,4972,pickwick-papers
Esquire,Angelo Cyrus Bantam,4972,pickwick-papers
Mr. Pickwick,Dowler,4973,pickwick-papers
Mr. Pickwick,Angelo Bantam,4973,pickwick-papers
Mr. Pickwick,Angelo Bantam,4973,pickwick-papers
Mr. Pickwick,Sam,4973,pickwick-papers
Mr. Pickwick,Sam,4973,pickwick-papers
Dowler,Mr. Pickwick,4973,pickwick-papers
Dowler,Angelo Bantam,4973,pickwick-papers
Dowler,Mr. Pickwick,4973,pickwick-papers
Dowler,Angelo Bantam,4973,pickwick-papers
Dowler,Sam,4973,pickwick-papers
Dowler,Sam,4973,pickwick-papers
Angelo Bantam,Mr. Pickwick,4973,pickwick-papers
Angelo Bantam,Dowler,4973,pickwick-papers
Angelo Bantam,Mr. Pickwick,4973,pickwick-papers
Angelo Bantam,Sam,4973,pickwick-papers
Angelo Bantam,Sam,4973,pickwick-papers
Mr. Pickwick,Dowler,4973,pickwick-papers
Mr. Pickwick,Angelo Bantam,4973,pickwick-papers
Mr. Pickwick,Angelo Bantam,4973,pickwick-papers
Mr. Pickwick,Sam,4973,pickwick-papers
Mr. Pickwick,Sam,4973,pickwick-papers
Angelo Bantam,Mr. Pickwick,4973,pickwick-papers
Angelo Bantam,Dowler,4973,pickwick-papers
Angelo Bantam,Mr. Pickwick,4973,pickwick-papers
Angelo Bantam,Sam,4973,pickwick-papers
Angelo Bantam,Sam,4973,pickwick-papers
Sam,Mr. Pickwick,4973,pickwick-papers
Sam,Dowler,4973,pickwick-papers
Sam,Angelo Bantam,4973,pickwick-papers
Sam,Mr. Pickwick,4973,pickwick-papers
Sam,Angelo Bantam,4973,pickwick-papers
Sam,Mr. Pickwick,4973,pickwick-papers
Sam,Dowler,4973,pickwick-papers
Sam,Angelo Bantam,4973,pickwick-papers
Sam,Mr. Pickwick,4973,pickwick-papers
Sam,Angelo Bantam,4973,pickwick-papers
Sam,Weller,4974,pickwick-papers
Sam,Queen Square,4974,pickwick-papers
Weller,Sam,4974,pickwick-papers
Weller,Queen Square,4974,pickwick-papers
Queen Square,Sam,4974,pickwick-papers
Queen Square,Weller,4974,pickwick-papers
Mr. Bantam,Sam Weller,4975,pickwick-papers
Sam Weller,Mr. Bantam,4975,pickwick-papers
Mr. Veller,Sam,4977,pickwick-papers
Sam,Mr. Veller,4977,pickwick-papers
Sam,Sir,4989,pickwick-papers
Sir,Sam,4989,pickwick-papers
Sir,Coffee,4991,pickwick-papers
Coffee,Sir,4991,pickwick-papers
Coffee,Sir,4991,pickwick-papers
Sir,Coffee,4991,pickwick-papers
Sir,Sam,4995,pickwick-papers
Sam,Sir,4995,pickwick-papers
Sam,Sam Weller,4996,pickwick-papers
Sam Weller,Sam,4996,pickwick-papers
Angelo Cyrus Bantam,Esquire,5004,pickwick-papers
Esquire,Angelo Cyrus Bantam,5004,pickwick-papers
Mr. Dowler,Mr. Pickwick,5005,pickwick-papers
Mr. Dowler,Dowler,5005,pickwick-papers
Mr. Dowler,Mr. Pickwick,5005,pickwick-papers
Mr. Dowler,Mr. Bantam,5005,pickwick-papers
Mr. Pickwick,Mr. Dowler,5005,pickwick-papers
Mr. Pickwick,Dowler,5005,pickwick-papers
Mr. Pickwick,Mr. Bantam,5005,pickwick-papers
Dowler,Mr. Dowler,5005,pickwick-papers
Dowler,Mr. Pickwick,5005,pickwick-papers
Dowler,Mr. Pickwick,5005,pickwick-papers
Dowler,Mr. Bantam,5005,pickwick-papers
Mr. Pickwick,Mr. Dowler,5005,pickwick-papers
Mr. Pickwick,Dowler,5005,pickwick-papers
Mr. Pickwick,Mr. Bantam,5005,pickwick-papers
Mr. Bantam,Mr. Dowler,5005,pickwick-papers
Mr. Bantam,Mr. Pickwick,5005,pickwick-papers
Mr. Bantam,Dowler,5005,pickwick-papers
Mr. Bantam,Mr. Pickwick,5005,pickwick-papers
Mr. Pickwick,Mr. Crushton,5016,pickwick-papers
Mr. Crushton,Mr. Pickwick,5016,pickwick-papers
Bantam,Mr. Crushton,5020,pickwick-papers
Bantam,Mr. Pickwick,5020,pickwick-papers
Bantam,Mr. Crushton,5020,pickwick-papers
Mr. Crushton,Bantam,5020,pickwick-papers
Mr. Crushton,Mr. Pickwick,5020,pickwick-papers
Mr. Pickwick,Bantam,5020,pickwick-papers
Mr. Pickwick,Mr. Crushton,5020,pickwick-papers
Mr. Pickwick,Mr. Crushton,5020,pickwick-papers
Mr. Crushton,Bantam,5020,pickwick-papers
Mr. Crushton,Mr. Pickwick,5020,pickwick-papers
Mr. Crushton,Lord Mutanhed,5025,pickwick-papers
Lord Mutanhed,Mr. Crushton,5025,pickwick-papers
Angelo Bantam,Mr. Pickwick,5028,pickwick-papers
Mr. Pickwick,Angelo Bantam,5028,pickwick-papers
Mr. Pickwick,Angelo Bantam,5029,pickwick-papers
Angelo Bantam,Mr. Pickwick,5029,pickwick-papers
Mr. Pickwick,Lady,5031,pickwick-papers
Mr. Pickwick,Pickwick,5031,pickwick-papers
Mr. Pickwick,Lady Snuphanuph,5031,pickwick-papers
Mr. Pickwick,Colonel Wugsby,5031,pickwick-papers
Mr. Pickwick,Miss Bolo,5031,pickwick-papers
Lady,Mr. Pickwick,5031,pickwick-papers
Lady,Pickwick,5031,pickwick-papers
Lady,Lady Snuphanuph,5031,pickwick-papers
Lady,Colonel Wugsby,5031,pickwick-papers
Lady,Miss Bolo,5031,pickwick-papers
Pickwick,Mr. Pickwick,5031,pickwick-papers
Pickwick,Lady,5031,pickwick-papers
Pickwick,Lady Snuphanuph,5031,pickwick-papers
Pickwick,Colonel Wugsby,5031,pickwick-papers
Pickwick,Miss Bolo,5031,pickwick-papers
Lady Snuphanuph,Mr. Pickwick,5031,pickwick-papers
Lady Snuphanuph,Lady,5031,pickwick-papers
Lady Snuphanuph,Pickwick,5031,pickwick-papers
Lady Snuphanuph,Colonel Wugsby,5031,pickwick-papers
Lady Snuphanuph,Miss Bolo,5031,pickwick-papers
Colonel Wugsby,Mr. Pickwick,5031,pickwick-papers
Colonel Wugsby,Lady,5031,pickwick-papers
Colonel Wugsby,Pickwick,5031,pickwick-papers
Colonel Wugsby,Lady Snuphanuph,5031,pickwick-papers
Colonel Wugsby,Miss Bolo,5031,pickwick-papers
Miss Bolo,Mr. Pickwick,5031,pickwick-papers
Miss Bolo,Lady,5031,pickwick-papers
Miss Bolo,Pickwick,5031,pickwick-papers
Miss Bolo,Lady Snuphanuph,5031,pickwick-papers
Miss Bolo,Colonel Wugsby,5031,pickwick-papers
Mr.,Pickwick,5032,pickwick-papers
Mr.,Mr. Pickwick,5032,pickwick-papers
Mr.,Miss Bolo,5032,pickwick-papers
Mr.,Lady Snuphanuph,5032,pickwick-papers
Mr.,Colonel Wugsby,5032,pickwick-papers
Pickwick,Mr.,5032,pickwick-papers
Pickwick,Mr. Pickwick,5032,pickwick-papers
Pickwick,Miss Bolo,5032,pickwick-papers
Pickwick,Lady Snuphanuph,5032,pickwick-papers
Pickwick,Colonel Wugsby,5032,pickwick-papers
Mr. Pickwick,Mr.,5032,pickwick-papers
Mr. Pickwick,Pickwick,5032,pickwick-papers
Mr. Pickwick,Miss Bolo,5032,pickwick-papers
Mr. Pickwick,Lady Snuphanuph,5032,pickwick-papers
Mr. Pickwick,Colonel Wugsby,5032,pickwick-papers
Miss Bolo,Mr.,5032,pickwick-papers
Miss Bolo,Pickwick,5032,pickwick-papers
Miss Bolo,Mr. Pickwick,5032,pickwick-papers
Miss Bolo,Lady Snuphanuph,5032,pickwick-papers
Miss Bolo,Colonel Wugsby,5032,pickwick-papers
Lady Snuphanuph,Mr.,5032,pickwick-papers
Lady Snuphanuph,Pickwick,5032,pickwick-papers
Lady Snuphanuph,Mr. Pickwick,5032,pickwick-papers
Lady Snuphanuph,Miss Bolo,5032,pickwick-papers
Lady Snuphanuph,Colonel Wugsby,5032,pickwick-papers
Colonel Wugsby,Mr.,5032,pickwick-papers
Colonel Wugsby,Pickwick,5032,pickwick-papers
Colonel Wugsby,Mr. Pickwick,5032,pickwick-papers
Colonel Wugsby,Miss Bolo,5032,pickwick-papers
Colonel Wugsby,Lady Snuphanuph,5032,pickwick-papers
Jane,Colonel Wugsby,5034,pickwick-papers
Colonel Wugsby,Jane,5034,pickwick-papers
Poor,Mr. Pickwick,5039,pickwick-papers
Poor,Miss Bolo,5039,pickwick-papers
Poor,Lady Snuphanuph,5039,pickwick-papers
Poor,Colonel Wugsby,5039,pickwick-papers
Poor,Colonel Wugsby,5039,pickwick-papers
Poor,Miss Bolo,5039,pickwick-papers
Poor,Mr. Pickwick,5039,pickwick-papers
Poor,Mr. Pickwick,5039,pickwick-papers
Poor,Mr. Pickwick,5039,pickwick-papers
Poor,Angelo Bantam,5039,pickwick-papers
Poor,Matinter,5039,pickwick-papers
Poor,Mr. Pickwick,5039,pickwick-papers
Poor,Miss Bolo,5039,pickwick-papers
Mr. Pickwick,Poor,5039,pickwick-papers
Mr. Pickwick,Miss Bolo,5039,pickwick-papers
Mr. Pickwick,Lady Snuphanuph,5039,pickwick-papers
Mr. Pickwick,Colonel Wugsby,5039,pickwick-papers
Mr. Pickwick,Colonel Wugsby,5039,pickwick-papers
Mr. Pickwick,Miss Bolo,5039,pickwick-papers
Mr. Pickwick,Angelo Bantam,5039,pickwick-papers
Mr. Pickwick,Matinter,5039,pickwick-papers
Mr. Pickwick,Miss Bolo,5039,pickwick-papers
Miss Bolo,Poor,5039,pickwick-papers
Miss Bolo,Mr. Pickwick,5039,pickwick-papers
Miss Bolo,Lady Snuphanuph,5039,pickwick-papers
Miss Bolo,Colonel Wugsby,5039,pickwick-papers
Miss Bolo,Colonel Wugsby,5039,pickwick-papers
Miss Bolo,Mr. Pickwick,5039,pickwick-papers
Miss Bolo,Mr. Pickwick,5039,pickwick-papers
Miss Bolo,Mr. Pickwick,5039,pickwick-papers
Miss Bolo,Angelo Bantam,5039,pickwick-papers
Miss Bolo,Matinter,5039,pickwick-papers
Miss Bolo,Mr. Pickwick,5039,pickwick-papers
Lady Snuphanuph,Poor,5039,pickwick-papers
Lady Snuphanuph,Mr. Pickwick,5039,pickwick-papers
Lady Snuphanuph,Miss Bolo,5039,pickwick-papers
Lady Snuphanuph,Colonel Wugsby,5039,pickwick-papers
Lady Snuphanuph,Colonel Wugsby,5039,pickwick-papers
Lady Snuphanuph,Miss Bolo,5039,pickwick-papers
Lady Snuphanuph,Mr. Pickwick,5039,pickwick-papers
Lady Snuphanuph,Mr. Pickwick,5039,pickwick-papers
Lady Snuphanuph,Mr. Pickwick,5039,pickwick-papers
Lady Snuphanuph,Angelo Bantam,5039,pickwick-papers
Lady Snuphanuph,Matinter,5039,pickwick-papers
Lady Snuphanuph,Mr. Pickwick,5039,pickwick-papers
Lady Snuphanuph,Miss Bolo,5039,pickwick-papers
Colonel Wugsby,Poor,5039,pickwick-papers
Colonel Wugsby,Mr. Pickwick,5039,pickwick-papers
Colonel Wugsby,Miss Bolo,5039,pickwick-papers
Colonel Wugsby,Lady Snuphanuph,5039,pickwick-papers
Colonel Wugsby,Miss Bolo,5039,pickwick-papers
Colonel Wugsby,Mr. Pickwick,5039,pickwick-papers
Colonel Wugsby,Mr. Pickwick,5039,pickwick-papers
Colonel Wugsby,Mr. Pickwick,5039,pickwick-papers
Colonel Wugsby,Angelo Bantam,5039,pickwick-papers
Colonel Wugsby,Matinter,5039,pickwick-papers
Colonel Wugsby,Mr. Pickwick,5039,pickwick-papers
Colonel Wugsby,Miss Bolo,5039,pickwick-papers
Colonel Wugsby,Poor,5039,pickwick-papers
Colonel Wugsby,Mr. Pickwick,5039,pickwick-papers
Colonel Wugsby,Miss Bolo,5039,pickwick-papers
Colonel Wugsby,Lady Snuphanuph,5039,pickwick-papers
Colonel Wugsby,Miss Bolo,5039,pickwick-papers
Colonel Wugsby,Mr. Pickwick,5039,pickwick-papers
Colonel Wugsby,Mr. Pickwick,5039,pickwick-papers
Colonel Wugsby,Mr. Pickwick,5039,pickwick-papers
Colonel Wugsby,Angelo Bantam,5039,pickwick-papers
Colonel Wugsby,Matinter,5039,pickwick-papers
Colonel Wugsby,Mr. Pickwick,5039,pickwick-papers
Colonel Wugsby,Miss Bolo,5039,pickwick-papers
Miss Bolo,Poor,5039,pickwick-papers
Miss Bolo,Mr. Pickwick,5039,pickwick-papers
Miss Bolo,Lady Snuphanuph,5039,pickwick-papers
Miss Bolo,Colonel Wugsby,5039,pickwick-papers
Miss Bolo,Colonel Wugsby,5039,pickwick-papers
Miss Bolo,Mr. Pickwick,5039,pickwick-papers
Miss Bolo,Mr. Pickwick,5039,pickwick-papers
Miss Bolo,Mr. Pickwick,5039,pickwick-papers
Miss Bolo,Angelo Bantam,5039,pickwick-papers
Miss Bolo,Matinter,5039,pickwick-papers
Miss Bolo,Mr. Pickwick,5039,pickwick-papers
Mr. Pickwick,Poor,5039,pickwick-papers
Mr. Pickwick,Miss Bolo,5039,pickwick-papers
Mr. Pickwick,Lady Snuphanuph,5039,pickwick-papers
Mr. Pickwick,Colonel Wugsby,5039,pickwick-papers
Mr. Pickwick,Colonel Wugsby,5039,pickwick-papers
Mr. Pickwick,Miss Bolo,5039,pickwick-papers
Mr. Pickwick,Angelo Bantam,5039,pickwick-papers
Mr. Pickwick,Matinter,5039,pickwick-papers
Mr. Pickwick,Miss Bolo,5039,pickwick-papers
Mr. Pickwick,Poor,5039,pickwick-papers
Mr. Pickwick,Miss Bolo,5039,pickwick-papers
Mr. Pickwick,Lady Snuphanuph,5039,pickwick-papers
Mr. Pickwick,Colonel Wugsby,5039,pickwick-papers
Mr. Pickwick,Colonel Wugsby,5039,pickwick-papers
Mr. Pickwick,Miss Bolo,5039,pickwick-papers
Mr. Pickwick,Angelo Bantam,5039,pickwick-papers
Mr. Pickwick,Matinter,5039,pickwick-papers
Mr. Pickwick,Miss Bolo,5039,pickwick-papers
Mr. Pickwick,Poor,5039,pickwick-papers
Mr. Pickwick,Miss Bolo,5039,pickwick-papers
Mr. Pickwick,Lady Snuphanuph,5039,pickwick-papers
Mr. Pickwick,Colonel Wugsby,5039,pickwick-papers
Mr. Pickwick,Colonel Wugsby,5039,pickwick-papers
Mr. Pickwick,Miss Bolo,5039,pickwick-papers
Mr. Pickwick,Angelo Bantam,5039,pickwick-papers
Mr. Pickwick,Matinter,5039,pickwick-papers
Mr. Pickwick,Miss Bolo,5039,pickwick-papers
Angelo Bantam,Poor,5039,pickwick-papers
Angelo Bantam,Mr. Pickwick,5039,pickwick-papers
Angelo Bantam,Miss Bolo,5039,pickwick-papers
Angelo Bantam,Lady Snuphanuph,5039,pickwick-papers
Angelo Bantam,Colonel Wugsby,5039,pickwick-papers
Angelo Bantam,Colonel Wugsby,5039,pickwick-papers
Angelo Bantam,Miss Bolo,5039,pickwick-papers
Angelo Bantam,Mr. Pickwick,5039,pickwick-papers
Angelo Bantam,Mr. Pickwick,5039,pickwick-papers
Angelo Bantam,Mr. Pickwick,5039,pickwick-papers
Angelo Bantam,Matinter,5039,pickwick-papers
Angelo Bantam,Mr. Pickwick,5039,pickwick-papers
Angelo Bantam,Miss Bolo,5039,pickwick-papers
Matinter,Poor,5039,pickwick-papers
Matinter,Mr. Pickwick,5039,pickwick-papers
Matinter,Miss Bolo,5039,pickwick-papers
Matinter,Lady Snuphanuph,5039,pickwick-papers
Matinter,Colonel Wugsby,5039,pickwick-papers
Matinter,Colonel Wugsby,5039,pickwick-papers
Matinter,Miss Bolo,5039,pickwick-papers
Matinter,Mr. Pickwick,5039,pickwick-papers
Matinter,Mr. Pickwick,5039,pickwick-papers
Matinter,Mr. Pickwick,5039,pickwick-papers
Matinter,Angelo Bantam,5039,pickwick-papers
Matinter,Mr. Pickwick,5039,pickwick-papers
Matinter,Miss Bolo,5039,pickwick-papers
Mr. Pickwick,Poor,5039,pickwick-papers
Mr. Pickwick,Miss Bolo,5039,pickwick-papers
Mr. Pickwick,Lady Snuphanuph,5039,pickwick-papers
Mr. Pickwick,Colonel Wugsby,5039,pickwick-papers
Mr. Pickwick,Colonel Wugsby,5039,pickwick-papers
Mr. Pickwick,Miss Bolo,5039,pickwick-papers
Mr. Pickwick,Angelo Bantam,5039,pickwick-papers
Mr. Pickwick,Matinter,5039,pickwick-papers
Mr. Pickwick,Miss Bolo,5039,pickwick-papers
Miss Bolo,Poor,5039,pickwick-papers
Miss Bolo,Mr. Pickwick,5039,pickwick-papers
Miss Bolo,Lady Snuphanuph,5039,pickwick-papers
Miss Bolo,Colonel Wugsby,5039,pickwick-papers
Miss Bolo,Colonel Wugsby,5039,pickwick-papers
Miss Bolo,Mr. Pickwick,5039,pickwick-papers
Miss Bolo,Mr. Pickwick,5039,pickwick-papers
Miss Bolo,Mr. Pickwick,5039,pickwick-papers
Miss Bolo,Angelo Bantam,5039,pickwick-papers
Miss Bolo,Matinter,5039,pickwick-papers
Miss Bolo,Mr. Pickwick,5039,pickwick-papers
Mr. Pickwick,Mr.,5043,pickwick-papers
Mr. Pickwick,Dowler,5043,pickwick-papers
Mr.,Mr. Pickwick,5043,pickwick-papers
Mr.,Dowler,5043,pickwick-papers
Mr.,Mr. Pickwick,5043,pickwick-papers
Mr.,Mr. Pickwick,5043,pickwick-papers
Mr.,Mr. Pickwick,5043,pickwick-papers
Dowler,Mr. Pickwick,5043,pickwick-papers
Dowler,Mr.,5043,pickwick-papers
Dowler,Mr. Pickwick,5043,pickwick-papers
Dowler,Mr. Pickwick,5043,pickwick-papers
Dowler,Mr. Pickwick,5043,pickwick-papers
Mr. Pickwick,Mr.,5043,pickwick-papers
Mr. Pickwick,Dowler,5043,pickwick-papers
Mr. Pickwick,Mr.,5043,pickwick-papers
Mr. Pickwick,Dowler,5043,pickwick-papers
Mr. Pickwick,Mr.,5043,pickwick-papers
Mr. Pickwick,Dowler,5043,pickwick-papers
Mr. Pickwick,Lord Mutanhed,5045,pickwick-papers
Mr. Pickwick,Mr. Crushton,5045,pickwick-papers
Mr. Pickwick,Colonel Wugsby,5045,pickwick-papers
Lord Mutanhed,Mr. Pickwick,5045,pickwick-papers
Lord Mutanhed,Mr. Crushton,5045,pickwick-papers
Lord Mutanhed,Colonel Wugsby,5045,pickwick-papers
Mr. Crushton,Mr. Pickwick,5045,pickwick-papers
Mr. Crushton,Lord Mutanhed,5045,pickwick-papers
Mr. Crushton,Colonel Wugsby,5045,pickwick-papers
Colonel Wugsby,Mr. Pickwick,5045,pickwick-papers
Colonel Wugsby,Lord Mutanhed,5045,pickwick-papers
Colonel Wugsby,Mr. Crushton,5045,pickwick-papers
Mr.,Pickwick,5046,pickwick-papers
Pickwick,Mr.,5046,pickwick-papers
Sir,Mr. Dowler,5049,pickwick-papers
Sir,Dowler,5049,pickwick-papers
Sir,Mr. Pickwick,5049,pickwick-papers
Mr. Dowler,Sir,5049,pickwick-papers
Mr. Dowler,Dowler,5049,pickwick-papers
Mr. Dowler,Mr. Pickwick,5049,pickwick-papers
Dowler,Sir,5049,pickwick-papers
Dowler,Mr. Dowler,5049,pickwick-papers
Dowler,Mr. Pickwick,5049,pickwick-papers
Mr. Pickwick,Sir,5049,pickwick-papers
Mr. Pickwick,Mr. Dowler,5049,pickwick-papers
Mr. Pickwick,Dowler,5049,pickwick-papers
Craddock,Mr. Pickwick,5053,pickwick-papers
Mr. Pickwick,Craddock,5053,pickwick-papers
Mr. Pickwick,Mr. Pick-wick,5054,pickwick-papers
Mr. Pick-wick,Mr. Pickwick,5054,pickwick-papers
Lud,Prince Bladud,5063,pickwick-papers
Prince Bladud,Lud,5063,pickwick-papers
Mr.,Pickwick,5081,pickwick-papers
Pickwick,Mr.,5081,pickwick-papers
Dowler,Dismal,5083,pickwick-papers
Dowler,Windy,5083,pickwick-papers
Dismal,Dowler,5083,pickwick-papers
Dismal,Windy,5083,pickwick-papers
Windy,Dowler,5083,pickwick-papers
Windy,Dismal,5083,pickwick-papers
Mr.,Pickwick,5086,pickwick-papers
Mr.,Mr. Dowler,5086,pickwick-papers
Pickwick,Mr.,5086,pickwick-papers
Pickwick,Mr. Dowler,5086,pickwick-papers
Mr. Dowler,Mr.,5086,pickwick-papers
Mr. Dowler,Pickwick,5086,pickwick-papers
Mr. Dowler,Fainter,5089,pickwick-papers
Fainter,Mr. Dowler,5089,pickwick-papers
Fainter,Mr. Dowler,5089,pickwick-papers
Mr. Dowler,Fainter,5089,pickwick-papers
Mr.,Winkle,5106,pickwick-papers
Winkle,Mr.,5106,pickwick-papers
Mr.,Mr. Winkle,5112,pickwick-papers
Mr. Winkle,Mr.,5112,pickwick-papers
Stand,Mr. Winkle,5117,pickwick-papers
Mr. Winkle,Stand,5117,pickwick-papers
Mr.,Winkle,5118,pickwick-papers
Mr.,Dowler,5118,pickwick-papers
Winkle,Mr.,5118,pickwick-papers
Winkle,Dowler,5118,pickwick-papers
Dowler,Mr.,5118,pickwick-papers
Dowler,Winkle,5118,pickwick-papers
Craddock,Mr. Winkle,5119,pickwick-papers
Craddock,Mr. Dowler,5119,pickwick-papers
Mr. Winkle,Craddock,5119,pickwick-papers
Mr. Winkle,Mr. Dowler,5119,pickwick-papers
Mr. Dowler,Craddock,5119,pickwick-papers
Mr. Dowler,Mr. Winkle,5119,pickwick-papers
Mr. Dowler,Mr. Pickwick,5120,pickwick-papers
Mr. Dowler,Mr. Winkle,5120,pickwick-papers
Mr. Pickwick,Mr. Dowler,5120,pickwick-papers
Mr. Pickwick,Mr. Winkle,5120,pickwick-papers
Mr. Winkle,Mr. Dowler,5120,pickwick-papers
Mr. Winkle,Mr. Pickwick,5120,pickwick-papers
Dowler,Mr. Pickwick,5121,pickwick-papers
Mr. Pickwick,Dowler,5121,pickwick-papers
Mr. Winkle,Dowler,5122,pickwick-papers
Mr. Winkle,Dowler,5122,pickwick-papers
Dowler,Mr. Winkle,5122,pickwick-papers
Dowler,Mr. Winkle,5122,pickwick-papers
Dowler,Mr. Winkle,5123,pickwick-papers
Dowler,Mr. Pickwick,5123,pickwick-papers
Mr. Winkle,Dowler,5123,pickwick-papers
Mr. Winkle,Mr. Pickwick,5123,pickwick-papers
Mr. Pickwick,Dowler,5123,pickwick-papers
Mr. Pickwick,Mr. Winkle,5123,pickwick-papers
MR. WELLER,MR. PICKWICK,5126,pickwick-papers
MR. PICKWICK,MR. WELLER,5126,pickwick-papers
Mr.,Weller,5127,pickwick-papers
Weller,Mr.,5127,pickwick-papers
Sam,Mr. Weller,5132,pickwick-papers
Mr. Weller,Sam,5132,pickwick-papers
John Smauker,Mr. Weller,5135,pickwick-papers
John Smauker,Mr. Bantam,5135,pickwick-papers
John Smauker,Mr. Weller,5135,pickwick-papers
John Smauker,Mr. Weller,5135,pickwick-papers
John Smauker,Mr. John Smauker,5135,pickwick-papers
John Smauker,Mr. John Smauker,5135,pickwick-papers
John Smauker,Mr. Weller,5135,pickwick-papers
Mr. Weller,John Smauker,5135,pickwick-papers
Mr. Weller,Mr. Bantam,5135,pickwick-papers
Mr. Weller,Mr. John Smauker,5135,pickwick-papers
Mr. Weller,Mr. John Smauker,5135,pickwick-papers
Mr. Bantam,John Smauker,5135,pickwick-papers
Mr. Bantam,Mr. Weller,5135,pickwick-papers
Mr. Bantam,Mr. Weller,5135,pickwick-papers
Mr. Bantam,Mr. Weller,5135,pickwick-papers
Mr. Bantam,Mr. John Smauker,5135,pickwick-papers
Mr. Bantam,Mr. John Smauker,5135,pickwick-papers
Mr. Bantam,Mr. Weller,5135,pickwick-papers
Mr. Weller,John Smauker,5135,pickwick-papers
Mr. Weller,Mr. Bantam,5135,pickwick-papers
Mr. Weller,Mr. John Smauker,5135,pickwick-papers
Mr. Weller,Mr. John Smauker,5135,pickwick-papers
Mr. Weller,John Smauker,5135,pickwick-papers
Mr. Weller,Mr. Bantam,5135,pickwick-papers
Mr. Weller,Mr. John Smauker,5135,pickwick-papers
Mr. Weller,Mr. John Smauker,5135,pickwick-papers
Mr. John Smauker,John Smauker,5135,pickwick-papers
Mr. John Smauker,Mr. Weller,5135,pickwick-papers
Mr. John Smauker,Mr. Bantam,5135,pickwick-papers
Mr. John Smauker,Mr. Weller,5135,pickwick-papers
Mr. John Smauker,Mr. Weller,5135,pickwick-papers
Mr. John Smauker,Mr. Weller,5135,pickwick-papers
Mr. John Smauker,John Smauker,5135,pickwick-papers
Mr. John Smauker,Mr. Weller,5135,pickwick-papers
Mr. John Smauker,Mr. Bantam,5135,pickwick-papers
Mr. John Smauker,Mr. Weller,5135,pickwick-papers
Mr. John Smauker,Mr. Weller,5135,pickwick-papers
Mr. John Smauker,Mr. Weller,5135,pickwick-papers
Mr. Weller,John Smauker,5135,pickwick-papers
Mr. Weller,Mr. Bantam,5135,pickwick-papers
Mr. Weller,Mr. John Smauker,5135,pickwick-papers
Mr. Weller,Mr. John Smauker,5135,pickwick-papers
Weller,Mr. Pickwick,5137,pickwick-papers
Mr. Pickwick,Weller,5137,pickwick-papers
Sam,Mr. Pickwick,5139,pickwick-papers
Sam,Sam Weller,5139,pickwick-papers
Sam,Queen Square,5139,pickwick-papers
Sam,Mr. John Smauker,5139,pickwick-papers
Mr. Pickwick,Sam,5139,pickwick-papers
Mr. Pickwick,Sam Weller,5139,pickwick-papers
Mr. Pickwick,Queen Square,5139,pickwick-papers
Mr. Pickwick,Mr. John Smauker,5139,pickwick-papers
Sam Weller,Sam,5139,pickwick-papers
Sam Weller,Mr. Pickwick,5139,pickwick-papers
Sam Weller,Queen Square,5139,pickwick-papers
Sam Weller,Mr. John Smauker,5139,pickwick-papers
Queen Square,Sam,5139,pickwick-papers
Queen Square,Mr. Pickwick,5139,pickwick-papers
Queen Square,Sam Weller,5139,pickwick-papers
Queen Square,Mr. John Smauker,5139,pickwick-papers
Mr. John Smauker,Sam,5139,pickwick-papers
Mr. John Smauker,Mr. Pickwick,5139,pickwick-papers
Mr. John Smauker,Sam Weller,5139,pickwick-papers
Mr. John Smauker,Queen Square,5139,pickwick-papers
Weller,Mr. John Smauker,5140,pickwick-papers
Weller,Sir,5140,pickwick-papers
Mr. John Smauker,Weller,5140,pickwick-papers
Mr. John Smauker,Sir,5140,pickwick-papers
Sir,Weller,5140,pickwick-papers
Sir,Mr. John Smauker,5140,pickwick-papers
Mr. Weller,Mr. John Smauker,5144,pickwick-papers
Mr. John Smauker,Mr. Weller,5144,pickwick-papers
Mr. Weller,Mr. John Smauker,5146,pickwick-papers
Mr. John Smauker,Mr. Weller,5146,pickwick-papers
Mr. Weller,Mr. John Smauker,5148,pickwick-papers
Mr. John Smauker,Mr. Weller,5148,pickwick-papers
Mr. John Smauker,Weller,5150,pickwick-papers
Weller,Mr. John Smauker,5150,pickwick-papers
Mr.,John Smauker,5152,pickwick-papers
Mr.,Sam,5152,pickwick-papers
John Smauker,Mr.,5152,pickwick-papers
John Smauker,Sam,5152,pickwick-papers
Sam,Mr.,5152,pickwick-papers
Sam,John Smauker,5152,pickwick-papers
Weller,High Street,5155,pickwick-papers
High Street,Weller,5155,pickwick-papers
Mr. Weller,Mr. John Smauker,5161,pickwick-papers
Mr. John Smauker,Mr. Weller,5161,pickwick-papers
Sam,Mr. John Smauker,5162,pickwick-papers
Sam,Sam Weller,5162,pickwick-papers
Mr. John Smauker,Sam,5162,pickwick-papers
Mr. John Smauker,Sam Weller,5162,pickwick-papers
Sam Weller,Sam,5162,pickwick-papers
Sam Weller,Mr. John Smauker,5162,pickwick-papers
Mr. Weller,Mr. John Smauker,5163,pickwick-papers
Mr. John Smauker,Mr. Weller,5163,pickwick-papers
Mr. John Smauker,Weller,5167,pickwick-papers
Weller,Mr. John Smauker,5167,pickwick-papers
Mr. Weller,Mr. John Smauker,5169,pickwick-papers
Mr. John Smauker,Mr. Weller,5169,pickwick-papers
Mr. John Smauker,Sam,5176,pickwick-papers
Sam,Mr. John Smauker,5176,pickwick-papers
Mr.,Smauker,5180,pickwick-papers
Smauker,Mr.,5180,pickwick-papers
Mr. Tuckle,Mr. John Smauker,5183,pickwick-papers
Mr. John Smauker,Mr. Tuckle,5183,pickwick-papers
Mr. John Smauker,Weller,5184,pickwick-papers
Weller,Mr. John Smauker,5184,pickwick-papers
Weller,Mr. Tuckle,5185,pickwick-papers
Mr. Tuckle,Weller,5185,pickwick-papers
Mr. Tuckle,Weller,5185,pickwick-papers
Weller,Mr. Tuckle,5185,pickwick-papers
Blazes,Sam,5186,pickwick-papers
Sam,Blazes,5186,pickwick-papers
Sir,Mr. Tuckle,5198,pickwick-papers
Mr. Tuckle,Sir,5198,pickwick-papers
Sir,Mr. Tuckle,5202,pickwick-papers
Mr. Tuckle,Sir,5202,pickwick-papers
Mr. Tuckle,Sir,5202,pickwick-papers
Sir,Mr. Tuckle,5202,pickwick-papers
Mr. Weller,Sam,5214,pickwick-papers
Sam,Mr. Weller,5214,pickwick-papers
Sir,Sam,5215,pickwick-papers
Sam,Sir,5215,pickwick-papers
Sam,Mr. Weller,5219,pickwick-papers
Mr. Weller,Sam,5219,pickwick-papers
Mr. Weller,Weller,5222,pickwick-papers
Weller,Mr. Weller,5222,pickwick-papers
Mr. John Smauker,Mr. Weller,5231,pickwick-papers
Mr. Weller,Mr. John Smauker,5231,pickwick-papers
Sir,Mr. John Smauker,5233,pickwick-papers
Mr. John Smauker,Sir,5233,pickwick-papers
Sam,Blazes,5234,pickwick-papers
Blazes,Sam,5234,pickwick-papers
Mr.,Mr. Weller,5242,pickwick-papers
Mr.,Mr. John Smauker,5242,pickwick-papers
Mr.,Mr. Weller,5242,pickwick-papers
Mr. Weller,Mr.,5242,pickwick-papers
Mr. Weller,Mr. John Smauker,5242,pickwick-papers
Mr. John Smauker,Mr.,5242,pickwick-papers
Mr. John Smauker,Mr. Weller,5242,pickwick-papers
Mr. John Smauker,Mr. Weller,5242,pickwick-papers
Mr. Weller,Mr.,5242,pickwick-papers
Mr. Weller,Mr. John Smauker,5242,pickwick-papers
Sam,Blazes,5244,pickwick-papers
Blazes,Sam,5244,pickwick-papers
Sam Weller,Mr. John Smauker,5246,pickwick-papers
Mr. John Smauker,Sam Weller,5246,pickwick-papers
Mr. Smauker,Bantam,5247,pickwick-papers
Bantam,Mr. Smauker,5247,pickwick-papers
Sam,Blazes,5248,pickwick-papers
Blazes,Sam,5248,pickwick-papers
Mr.,Tuckle,5251,pickwick-papers
Tuckle,Mr.,5251,pickwick-papers
Mr. Tuckle,Sam,5252,pickwick-papers
Mr. Tuckle,Sam,5252,pickwick-papers
Mr. Tuckle,Sam,5252,pickwick-papers
Sam,Mr. Tuckle,5252,pickwick-papers
Sam,Mr. Tuckle,5252,pickwick-papers
Sam,Mr. Tuckle,5252,pickwick-papers
Mr. Tuckle,Sam,5252,pickwick-papers
Mr. Tuckle,Sam,5252,pickwick-papers
Mr. Tuckle,Sam,5252,pickwick-papers
Mr. Tuckle,Sam,5252,pickwick-papers
Mr. Tuckle,Sam,5252,pickwick-papers
Mr. Tuckle,Sam,5252,pickwick-papers
Sam,Mr. Tuckle,5252,pickwick-papers
Sam,Mr. Tuckle,5252,pickwick-papers
Sam,Mr. Tuckle,5252,pickwick-papers
Sam,Mr. Tuckle,5252,pickwick-papers
Sam,Mr. Tuckle,5252,pickwick-papers
Sam,Mr. Tuckle,5252,pickwick-papers
Mr. Pickwick,Mr. Weller,5254,pickwick-papers
Mr. Weller,Mr. Pickwick,5254,pickwick-papers
Mr.,Weller,5255,pickwick-papers
Weller,Mr.,5255,pickwick-papers
Sam,Mr. Pickwick,5256,pickwick-papers
Sam,Mr. Winkle,5256,pickwick-papers
Sam,Dowler,5256,pickwick-papers
Mr. Pickwick,Sam,5256,pickwick-papers
Mr. Pickwick,Mr. Winkle,5256,pickwick-papers
Mr. Pickwick,Dowler,5256,pickwick-papers
Mr. Winkle,Sam,5256,pickwick-papers
Mr. Winkle,Mr. Pickwick,5256,pickwick-papers
Mr. Winkle,Dowler,5256,pickwick-papers
Dowler,Sam,5256,pickwick-papers
Dowler,Mr. Pickwick,5256,pickwick-papers
Dowler,Mr. Winkle,5256,pickwick-papers
Sir,Sam,5257,pickwick-papers
Sam,Sir,5257,pickwick-papers
Sam,Mr. Pickwick,5258,pickwick-papers
Sam,Mr. Winkle,5258,pickwick-papers
Mr. Pickwick,Sam,5258,pickwick-papers
Mr. Pickwick,Mr. Winkle,5258,pickwick-papers
Mr. Winkle,Sam,5258,pickwick-papers
Mr. Winkle,Mr. Pickwick,5258,pickwick-papers
Sir,Sam,5261,pickwick-papers
Sir,Dowler,5261,pickwick-papers
Sam,Sir,5261,pickwick-papers
Sam,Dowler,5261,pickwick-papers
Sam,Sir,5261,pickwick-papers
Dowler,Sir,5261,pickwick-papers
Dowler,Sam,5261,pickwick-papers
Dowler,Sir,5261,pickwick-papers
Sir,Sam,5261,pickwick-papers
Sir,Dowler,5261,pickwick-papers
Sam,Mr. Pickwick,5262,pickwick-papers
Sam,Mr. Winkle,5262,pickwick-papers
Sam,Found,5262,pickwick-papers
Mr. Pickwick,Sam,5262,pickwick-papers
Mr. Pickwick,Mr. Winkle,5262,pickwick-papers
Mr. Pickwick,Sam,5262,pickwick-papers
Mr. Pickwick,Found,5262,pickwick-papers
Mr. Winkle,Sam,5262,pickwick-papers
Mr. Winkle,Mr. Pickwick,5262,pickwick-papers
Mr. Winkle,Sam,5262,pickwick-papers
Mr. Winkle,Found,5262,pickwick-papers
Sam,Mr. Pickwick,5262,pickwick-papers
Sam,Mr. Winkle,5262,pickwick-papers
Sam,Found,5262,pickwick-papers
Found,Sam,5262,pickwick-papers
Found,Mr. Pickwick,5262,pickwick-papers
Found,Mr. Winkle,5262,pickwick-papers
Found,Sam,5262,pickwick-papers
Sir,Sam,5263,pickwick-papers
Sam,Sir,5263,pickwick-papers
Sam,Mr. Pickwick,5264,pickwick-papers
Mr. Pickwick,Sam,5264,pickwick-papers
Mr. Weller,Mr. Winkle,5268,pickwick-papers
Mr. Winkle,Mr. Weller,5268,pickwick-papers
Mr. Pickwick,Sam,5269,pickwick-papers
Sam,Mr. Pickwick,5269,pickwick-papers
Sir,Mr. Weller,5270,pickwick-papers
Mr. Weller,Sir,5270,pickwick-papers
Sam,Mr. Pickwick,5271,pickwick-papers
Mr. Pickwick,Sam,5271,pickwick-papers
Mr. Pickwick,Sam,5271,pickwick-papers
Sam,Mr. Pickwick,5271,pickwick-papers
Sir,Sam,5274,pickwick-papers
Sam,Sir,5274,pickwick-papers
Sir,Sam,5276,pickwick-papers
Sam,Sir,5276,pickwick-papers
Sam,Mr. Pickwick,5277,pickwick-papers
Mr. Pickwick,Sam,5277,pickwick-papers
Sam,Mr. Pickwick,5283,pickwick-papers
Mr. Pickwick,Sam,5283,pickwick-papers
Mr. Pickwick,Mr. Dowler,5292,pickwick-papers
Mr. Pickwick,Clifton,5292,pickwick-papers
Mr. Pickwick,Mr. Winkle,5292,pickwick-papers
Mr. Dowler,Mr. Pickwick,5292,pickwick-papers
Mr. Dowler,Clifton,5292,pickwick-papers
Mr. Dowler,Mr. Winkle,5292,pickwick-papers
Clifton,Mr. Pickwick,5292,pickwick-papers
Clifton,Mr. Dowler,5292,pickwick-papers
Clifton,Mr. Winkle,5292,pickwick-papers
Mr. Winkle,Mr. Pickwick,5292,pickwick-papers
Mr. Winkle,Mr. Dowler,5292,pickwick-papers
Mr. Winkle,Clifton,5292,pickwick-papers
Sir,Mr. Winkle,5295,pickwick-papers
Mr. Winkle,Sir,5295,pickwick-papers
Mr.,Winkle,5299,pickwick-papers
Winkle,Mr.,5299,pickwick-papers
Robert Sawyer,Esquire,5300,pickwick-papers
Robert Sawyer,Guy,5300,pickwick-papers
Esquire,Robert Sawyer,5300,pickwick-papers
Esquire,Guy,5300,pickwick-papers
Guy,Robert Sawyer,5300,pickwick-papers
Guy,Esquire,5300,pickwick-papers
Mr. Bob Sawyer,Mr. Winkle,5301,pickwick-papers
Mr. Winkle,Mr. Bob Sawyer,5301,pickwick-papers
Bob Sawyer,Mr. Bob Sawyer,5307,pickwick-papers
Bob Sawyer,Mr. Winkle,5307,pickwick-papers
Bob Sawyer,Mr. Benjamin Allen,5307,pickwick-papers
Mr. Bob Sawyer,Bob Sawyer,5307,pickwick-papers
Mr. Bob Sawyer,Mr. Winkle,5307,pickwick-papers
Mr. Bob Sawyer,Mr. Benjamin Allen,5307,pickwick-papers
Mr. Winkle,Bob Sawyer,5307,pickwick-papers
Mr. Winkle,Mr. Bob Sawyer,5307,pickwick-papers
Mr. Winkle,Mr. Benjamin Allen,5307,pickwick-papers
Mr. Benjamin Allen,Bob Sawyer,5307,pickwick-papers
Mr. Benjamin Allen,Mr. Bob Sawyer,5307,pickwick-papers
Mr. Benjamin Allen,Mr. Winkle,5307,pickwick-papers
Bob Sawyer,Ben,5317,pickwick-papers
Ben,Bob Sawyer,5317,pickwick-papers
Mr.,Benjamin Allen,5318,pickwick-papers
Benjamin Allen,Mr.,5318,pickwick-papers
Mr.,Benjamin Allen,5322,pickwick-papers
Mr.,Bob Sawyer,5322,pickwick-papers
Mr.,Mr. Bob Sawyer,5322,pickwick-papers
Mr.,Mr. Winkle,5322,pickwick-papers
Mr.,Mr. Bob Sawyer,5322,pickwick-papers
Benjamin Allen,Mr.,5322,pickwick-papers
Benjamin Allen,Bob Sawyer,5322,pickwick-papers
Benjamin Allen,Mr. Bob Sawyer,5322,pickwick-papers
Benjamin Allen,Mr. Winkle,5322,pickwick-papers
Benjamin Allen,Mr. Bob Sawyer,5322,pickwick-papers
Bob Sawyer,Mr.,5322,pickwick-papers
Bob Sawyer,Benjamin Allen,5322,pickwick-papers
Bob Sawyer,Mr. Bob Sawyer,5322,pickwick-papers
Bob Sawyer,Mr. Winkle,5322,pickwick-papers
Bob Sawyer,Mr. Bob Sawyer,5322,pickwick-papers
Mr. Bob Sawyer,Mr.,5322,pickwick-papers
Mr. Bob Sawyer,Benjamin Allen,5322,pickwick-papers
Mr. Bob Sawyer,Bob Sawyer,5322,pickwick-papers
Mr. Bob Sawyer,Mr. Winkle,5322,pickwick-papers
Mr. Winkle,Mr.,5322,pickwick-papers
Mr. Winkle,Benjamin Allen,5322,pickwick-papers
Mr. Winkle,Bob Sawyer,5322,pickwick-papers
Mr. Winkle,Mr. Bob Sawyer,5322,pickwick-papers
Mr. Winkle,Mr. Bob Sawyer,5322,pickwick-papers
Mr. Bob Sawyer,Mr.,5322,pickwick-papers
Mr. Bob Sawyer,Benjamin Allen,5322,pickwick-papers
Mr. Bob Sawyer,Bob Sawyer,5322,pickwick-papers
Mr. Bob Sawyer,Mr. Winkle,5322,pickwick-papers
Mr.,Bob Sawyer,5332,pickwick-papers
Mr.,Mr. Winkle,5332,pickwick-papers
Bob Sawyer,Mr.,5332,pickwick-papers
Bob Sawyer,Mr. Winkle,5332,pickwick-papers
Mr. Winkle,Mr.,5332,pickwick-papers
Mr. Winkle,Bob Sawyer,5332,pickwick-papers
Mr.,Winkle,5334,pickwick-papers
Mr.,Bob Sawyer,5334,pickwick-papers
Winkle,Mr.,5334,pickwick-papers
Winkle,Bob Sawyer,5334,pickwick-papers
Bob Sawyer,Mr.,5334,pickwick-papers
Bob Sawyer,Winkle,5334,pickwick-papers
Bob,Nockemorf,5335,pickwick-papers
Bob,Mr. Sawyer,5335,pickwick-papers
Nockemorf,Bob,5335,pickwick-papers
Nockemorf,Mr. Sawyer,5335,pickwick-papers
Mr. Sawyer,Bob,5335,pickwick-papers
Mr. Sawyer,Nockemorf,5335,pickwick-papers
Ben,Bob Sawyer,5337,pickwick-papers
Ben,Sawyer,5337,pickwick-papers
Bob Sawyer,Ben,5337,pickwick-papers
Bob Sawyer,Sawyer,5337,pickwick-papers
Sawyer,Ben,5337,pickwick-papers
Sawyer,Bob Sawyer,5337,pickwick-papers
Mr. Bob Sawyer,Ben Allen,5338,pickwick-papers
Mr. Bob Sawyer,Mr. Winkle,5338,pickwick-papers
Ben Allen,Mr. Bob Sawyer,5338,pickwick-papers
Ben Allen,Mr. Winkle,5338,pickwick-papers
Mr. Winkle,Mr. Bob Sawyer,5338,pickwick-papers
Mr. Winkle,Ben Allen,5338,pickwick-papers
Mr. Benjamin Allen,Mr. Bob Sawyer,5339,pickwick-papers
Mr. Benjamin Allen,Mr. Bob Sawyer,5339,pickwick-papers
Mr. Benjamin Allen,Mr. Bob Sawyer,5339,pickwick-papers
Mr. Benjamin Allen,Mr. Bob Sawyer,5339,pickwick-papers
Mr. Bob Sawyer,Mr. Benjamin Allen,5339,pickwick-papers
Mr. Bob Sawyer,Mr. Benjamin Allen,5339,pickwick-papers
Mr. Bob Sawyer,Mr. Benjamin Allen,5339,pickwick-papers
Mr. Bob Sawyer,Mr. Benjamin Allen,5339,pickwick-papers
Mr. Bob Sawyer,Mr. Benjamin Allen,5339,pickwick-papers
Mr. Bob Sawyer,Mr. Benjamin Allen,5339,pickwick-papers
Mr. Bob Sawyer,Mr. Benjamin Allen,5339,pickwick-papers
Mr. Bob Sawyer,Mr. Benjamin Allen,5339,pickwick-papers
Mr. Benjamin Allen,Mr. Bob Sawyer,5339,pickwick-papers
Mr. Benjamin Allen,Mr. Bob Sawyer,5339,pickwick-papers
Mr. Benjamin Allen,Mr. Bob Sawyer,5339,pickwick-papers
Mr. Benjamin Allen,Mr. Bob Sawyer,5339,pickwick-papers
Mr. Ben Allen,Mr. Bob Sawyer,5340,pickwick-papers
Mr. Bob Sawyer,Mr. Ben Allen,5340,pickwick-papers
Mr.,Winkle,5341,pickwick-papers
Winkle,Mr.,5341,pickwick-papers
Ben,Arabella,5342,pickwick-papers
Ben,Winkle,5342,pickwick-papers
Ben,Arabella,5342,pickwick-papers
Arabella,Ben,5342,pickwick-papers
Arabella,Winkle,5342,pickwick-papers
Winkle,Ben,5342,pickwick-papers
Winkle,Arabella,5342,pickwick-papers
Winkle,Arabella,5342,pickwick-papers
Arabella,Ben,5342,pickwick-papers
Arabella,Winkle,5342,pickwick-papers
Mr.,Winkle,5343,pickwick-papers
Mr.,Arabella,5343,pickwick-papers
Mr.,Benjamin,5343,pickwick-papers
Winkle,Mr.,5343,pickwick-papers
Winkle,Arabella,5343,pickwick-papers
Winkle,Benjamin,5343,pickwick-papers
Arabella,Mr.,5343,pickwick-papers
Arabella,Winkle,5343,pickwick-papers
Arabella,Benjamin,5343,pickwick-papers
Benjamin,Mr.,5343,pickwick-papers
Benjamin,Winkle,5343,pickwick-papers
Benjamin,Arabella,5343,pickwick-papers
Bob,Mr. Ben Allen,5344,pickwick-papers
Mr. Ben Allen,Bob,5344,pickwick-papers
Mr.,Winkle,5347,pickwick-papers
Mr.,Mr. Ben Allen,5347,pickwick-papers
Mr.,Arabella,5347,pickwick-papers
Winkle,Mr.,5347,pickwick-papers
Winkle,Mr. Ben Allen,5347,pickwick-papers
Winkle,Arabella,5347,pickwick-papers
Mr. Ben Allen,Mr.,5347,pickwick-papers
Mr. Ben Allen,Winkle,5347,pickwick-papers
Mr. Ben Allen,Arabella,5347,pickwick-papers
Arabella,Mr.,5347,pickwick-papers
Arabella,Winkle,5347,pickwick-papers
Arabella,Mr. Ben Allen,5347,pickwick-papers
Mr.,Ben Allen,5350,pickwick-papers
Ben Allen,Mr.,5350,pickwick-papers
Mr. Winkle,Miss Allen,5352,pickwick-papers
Miss Allen,Mr. Winkle,5352,pickwick-papers
Mr. Ben Allen,Wardle,5353,pickwick-papers
Wardle,Mr. Ben Allen,5353,pickwick-papers
Mr. Ben Allen,Bob,5355,pickwick-papers
Bob,Mr. Ben Allen,5355,pickwick-papers
Mr. Winkle,Arabella,5356,pickwick-papers
Mr. Winkle,Bob Sawyer,5356,pickwick-papers
Mr. Winkle,Mr. Ben Allen,5356,pickwick-papers
Arabella,Mr. Winkle,5356,pickwick-papers
Arabella,Bob Sawyer,5356,pickwick-papers
Arabella,Mr. Ben Allen,5356,pickwick-papers
Bob Sawyer,Mr. Winkle,5356,pickwick-papers
Bob Sawyer,Arabella,5356,pickwick-papers
Bob Sawyer,Mr. Ben Allen,5356,pickwick-papers
Mr. Ben Allen,Mr. Winkle,5356,pickwick-papers
Mr. Ben Allen,Arabella,5356,pickwick-papers
Mr. Ben Allen,Bob Sawyer,5356,pickwick-papers
Bob Sawyer,Mr. Bob Sawyer,5357,pickwick-papers
Bob Sawyer,Mr. Sawyer,5357,pickwick-papers
Bob Sawyer,Mr. Sawyer,5357,pickwick-papers
Mr. Bob Sawyer,Bob Sawyer,5357,pickwick-papers
Mr. Bob Sawyer,Mr. Sawyer,5357,pickwick-papers
Mr. Bob Sawyer,Mr. Sawyer,5357,pickwick-papers
Mr. Sawyer,Bob Sawyer,5357,pickwick-papers
Mr. Sawyer,Mr. Bob Sawyer,5357,pickwick-papers
Mr. Sawyer,Bob Sawyer,5357,pickwick-papers
Mr. Sawyer,Mr. Bob Sawyer,5357,pickwick-papers
Mr. Bob Sawyer,Mr. Sawyer,5358,pickwick-papers
Mr. Bob Sawyer,Mr. Winkle,5358,pickwick-papers
Mr. Bob Sawyer,Mr. Ben,5358,pickwick-papers
Mr. Bob Sawyer,Bob Sawyer,5358,pickwick-papers
Mr. Bob Sawyer,Bob Sawyer,5358,pickwick-papers
Mr. Bob Sawyer,Ben Allen,5358,pickwick-papers
Mr. Bob Sawyer,Mr. Winkle,5358,pickwick-papers
Mr. Sawyer,Mr. Bob Sawyer,5358,pickwick-papers
Mr. Sawyer,Mr. Winkle,5358,pickwick-papers
Mr. Sawyer,Mr. Ben,5358,pickwick-papers
Mr. Sawyer,Bob Sawyer,5358,pickwick-papers
Mr. Sawyer,Bob Sawyer,5358,pickwick-papers
Mr. Sawyer,Ben Allen,5358,pickwick-papers
Mr. Sawyer,Mr. Winkle,5358,pickwick-papers
Mr. Winkle,Mr. Bob Sawyer,5358,pickwick-papers
Mr. Winkle,Mr. Sawyer,5358,pickwick-papers
Mr. Winkle,Mr. Ben,5358,pickwick-papers
Mr. Winkle,Bob Sawyer,5358,pickwick-papers
Mr. Winkle,Bob Sawyer,5358,pickwick-papers
Mr. Winkle,Ben Allen,5358,pickwick-papers
Mr. Ben,Mr. Bob Sawyer,5358,pickwick-papers
Mr. Ben,Mr. Sawyer,5358,pickwick-papers
Mr. Ben,Mr. Winkle,5358,pickwick-papers
Mr. Ben,Bob Sawyer,5358,pickwick-papers
Mr. Ben,Bob Sawyer,5358,pickwick-papers
Mr. Ben,Ben Allen,5358,pickwick-papers
Mr. Ben,Mr. Winkle,5358,pickwick-papers
Bob Sawyer,Mr. Bob Sawyer,5358,pickwick-papers
Bob Sawyer,Mr. Sawyer,5358,pickwick-papers
Bob Sawyer,Mr. Winkle,5358,pickwick-papers
Bob Sawyer,Mr. Ben,5358,pickwick-papers
Bob Sawyer,Ben Allen,5358,pickwick-papers
Bob Sawyer,Mr. Winkle,5358,pickwick-papers
Bob Sawyer,Mr. Bob Sawyer,5358,pickwick-papers
Bob Sawyer,Mr. Sawyer,5358,pickwick-papers
Bob Sawyer,Mr. Winkle,5358,pickwick-papers
Bob Sawyer,Mr. Ben,5358,pickwick-papers
Bob Sawyer,Ben Allen,5358,pickwick-papers
Bob Sawyer,Mr. Winkle,5358,pickwick-papers
Ben Allen,Mr. Bob Sawyer,5358,pickwick-papers
Ben Allen,Mr. Sawyer,5358,pickwick-papers
Ben Allen,Mr. Winkle,5358,pickwick-papers
Ben Allen,Mr. Ben,5358,pickwick-papers
Ben Allen,Bob Sawyer,5358,pickwick-papers
Ben Allen,Bob Sawyer,5358,pickwick-papers
Ben Allen,Mr. Winkle,5358,pickwick-papers
Mr. Winkle,Mr. Bob Sawyer,5358,pickwick-papers
Mr. Winkle,Mr. Sawyer,5358,pickwick-papers
Mr. Winkle,Mr. Ben,5358,pickwick-papers
Mr. Winkle,Bob Sawyer,5358,pickwick-papers
Mr. Winkle,Bob Sawyer,5358,pickwick-papers
Mr. Winkle,Ben Allen,5358,pickwick-papers
Mr. Bob Sawyer,Which,5359,pickwick-papers
Which,Mr. Bob Sawyer,5359,pickwick-papers
Which,Mr. Bob Sawyer,5359,pickwick-papers
Mr. Bob Sawyer,Which,5359,pickwick-papers
Mr. Bob Sawyer,Mr. Ben Allen,5360,pickwick-papers
Mr. Bob Sawyer,Sawyer,5360,pickwick-papers
Mr. Bob Sawyer,Nockemorf,5360,pickwick-papers
Mr. Bob Sawyer,Mr. Ben Allen,5360,pickwick-papers
Mr. Bob Sawyer,Mr. Winkle,5360,pickwick-papers
Mr. Ben Allen,Mr. Bob Sawyer,5360,pickwick-papers
Mr. Ben Allen,Sawyer,5360,pickwick-papers
Mr. Ben Allen,Nockemorf,5360,pickwick-papers
Mr. Ben Allen,Mr. Bob Sawyer,5360,pickwick-papers
Mr. Ben Allen,Mr. Winkle,5360,pickwick-papers
Sawyer,Mr. Bob Sawyer,5360,pickwick-papers
Sawyer,Mr. Ben Allen,5360,pickwick-papers
Sawyer,Nockemorf,5360,pickwick-papers
Sawyer,Mr. Bob Sawyer,5360,pickwick-papers
Sawyer,Mr. Ben Allen,5360,pickwick-papers
Sawyer,Mr. Winkle,5360,pickwick-papers
Nockemorf,Mr. Bob Sawyer,5360,pickwick-papers
Nockemorf,Mr. Ben Allen,5360,pickwick-papers
Nockemorf,Sawyer,5360,pickwick-papers
Nockemorf,Mr. Bob Sawyer,5360,pickwick-papers
Nockemorf,Mr. Ben Allen,5360,pickwick-papers
Nockemorf,Mr. Winkle,5360,pickwick-papers
Mr. Bob Sawyer,Mr. Ben Allen,5360,pickwick-papers
Mr. Bob Sawyer,Sawyer,5360,pickwick-papers
Mr. Bob Sawyer,Nockemorf,5360,pickwick-papers
Mr. Bob Sawyer,Mr. Ben Allen,5360,pickwick-papers
Mr. Bob Sawyer,Mr. Winkle,5360,pickwick-papers
Mr. Ben Allen,Mr. Bob Sawyer,5360,pickwick-papers
Mr. Ben Allen,Sawyer,5360,pickwick-papers
Mr. Ben Allen,Nockemorf,5360,pickwick-papers
Mr. Ben Allen,Mr. Bob Sawyer,5360,pickwick-papers
Mr. Ben Allen,Mr. Winkle,5360,pickwick-papers
Mr. Winkle,Mr. Bob Sawyer,5360,pickwick-papers
Mr. Winkle,Mr. Ben Allen,5360,pickwick-papers
Mr. Winkle,Sawyer,5360,pickwick-papers
Mr. Winkle,Nockemorf,5360,pickwick-papers
Mr. Winkle,Mr. Bob Sawyer,5360,pickwick-papers
Mr. Winkle,Mr. Ben Allen,5360,pickwick-papers
Mr. Winkle,Dowler,5362,pickwick-papers
Dowler,Mr. Winkle,5362,pickwick-papers
Mr.,Mr. Dowler,5363,pickwick-papers
Mr.,Mr. Dowler,5363,pickwick-papers
Mr. Dowler,Mr.,5363,pickwick-papers
Mr. Dowler,Mr.,5363,pickwick-papers
Winkle,Sir,5364,pickwick-papers
Winkle,Mr. Dowler,5364,pickwick-papers
Winkle,Mr. Winkle,5364,pickwick-papers
Sir,Winkle,5364,pickwick-papers
Sir,Mr. Dowler,5364,pickwick-papers
Sir,Mr. Winkle,5364,pickwick-papers
Mr. Dowler,Winkle,5364,pickwick-papers
Mr. Dowler,Sir,5364,pickwick-papers
Mr. Dowler,Mr. Winkle,5364,pickwick-papers
Mr. Winkle,Winkle,5364,pickwick-papers
Mr. Winkle,Sir,5364,pickwick-papers
Mr. Winkle,Mr. Dowler,5364,pickwick-papers
Sir,Mr. Winkle,5365,pickwick-papers
Mr. Winkle,Sir,5365,pickwick-papers
Sir,Dowler,5366,pickwick-papers
Sir,Sit,5366,pickwick-papers
Dowler,Sir,5366,pickwick-papers
Dowler,Sit,5366,pickwick-papers
Sit,Sir,5366,pickwick-papers
Sit,Dowler,5366,pickwick-papers
Mr. Winkle,Sir,5367,pickwick-papers
Mr. Winkle,Sir,5367,pickwick-papers
Sir,Mr. Winkle,5367,pickwick-papers
Sir,Mr. Winkle,5367,pickwick-papers
Sir,Mr. Winkle,5367,pickwick-papers
Sir,Mr. Winkle,5367,pickwick-papers
Mr. Winkle,Sir,5367,pickwick-papers
Mr. Winkle,Sir,5367,pickwick-papers
Dowler,Mr. Winkle,5368,pickwick-papers
Mr. Winkle,Dowler,5368,pickwick-papers
Sir,Mr. Winkle,5369,pickwick-papers
Mr. Winkle,Sir,5369,pickwick-papers
Mr. Winkle,Sir,5369,pickwick-papers
Sir,Mr. Winkle,5369,pickwick-papers
Dowler,Mr. Winkle,5370,pickwick-papers
Dowler,Mr. Winkle,5370,pickwick-papers
Mr. Winkle,Dowler,5370,pickwick-papers
Mr. Winkle,Dowler,5370,pickwick-papers
Dowler,Pickwick,5377,pickwick-papers
Pickwick,Dowler,5377,pickwick-papers
Mr.,Winkle,5378,pickwick-papers
Winkle,Mr.,5378,pickwick-papers
Dowler,Mr. Winkle,5380,pickwick-papers
Dowler,Mr. Dowler,5380,pickwick-papers
Dowler,Mr. Winkle,5380,pickwick-papers
Mr. Winkle,Dowler,5380,pickwick-papers
Mr. Winkle,Mr. Dowler,5380,pickwick-papers
Mr. Dowler,Dowler,5380,pickwick-papers
Mr. Dowler,Mr. Winkle,5380,pickwick-papers
Mr. Dowler,Mr. Winkle,5380,pickwick-papers
Mr. Winkle,Dowler,5380,pickwick-papers
Mr. Winkle,Mr. Dowler,5380,pickwick-papers
Mr. Winkle,Mr. Dowler,5381,pickwick-papers
Mr. Winkle,Mr. Dowler,5381,pickwick-papers
Mr. Dowler,Mr. Winkle,5381,pickwick-papers
Mr. Dowler,Mr. Winkle,5381,pickwick-papers
Mr. Dowler,Mr. Winkle,5381,pickwick-papers
Mr. Dowler,Mr. Winkle,5381,pickwick-papers
Mr. Winkle,Mr. Dowler,5381,pickwick-papers
Mr. Winkle,Mr. Dowler,5381,pickwick-papers
Sam,Mr. Winkle,5386,pickwick-papers
Mr. Winkle,Sam,5386,pickwick-papers
Mr.,Mr. Samuel Weller,5388,pickwick-papers
Mr.,Mr. Winkle,5388,pickwick-papers
Mr. Samuel Weller,Mr.,5388,pickwick-papers
Mr. Samuel Weller,Mr. Winkle,5388,pickwick-papers
Mr. Winkle,Mr.,5388,pickwick-papers
Mr. Winkle,Mr. Samuel Weller,5388,pickwick-papers
Sam,Mr. Winkle,5390,pickwick-papers
Sam,Sir,5390,pickwick-papers
Mr. Winkle,Sam,5390,pickwick-papers
Mr. Winkle,Sir,5390,pickwick-papers
Sir,Sam,5390,pickwick-papers
Sir,Mr. Winkle,5390,pickwick-papers
Sam,Sir,5391,pickwick-papers
Sir,Sam,5391,pickwick-papers
Sir,Mr. Winkle,5392,pickwick-papers
Mr. Winkle,Sir,5392,pickwick-papers
Sam,Mr. Weller,5393,pickwick-papers
Sam,Mr. Winkle,5393,pickwick-papers
Mr. Weller,Sam,5393,pickwick-papers
Mr. Weller,Mr. Winkle,5393,pickwick-papers
Mr. Winkle,Sam,5393,pickwick-papers
Mr. Winkle,Mr. Weller,5393,pickwick-papers
Sir,Mr. Weller,5394,pickwick-papers
Sir,Dodson,5394,pickwick-papers
Sir,Fogg,5394,pickwick-papers
Sir,Mr. Weller,5394,pickwick-papers
Mr. Weller,Sir,5394,pickwick-papers
Mr. Weller,Dodson,5394,pickwick-papers
Mr. Weller,Fogg,5394,pickwick-papers
Dodson,Sir,5394,pickwick-papers
Dodson,Mr. Weller,5394,pickwick-papers
Dodson,Fogg,5394,pickwick-papers
Dodson,Mr. Weller,5394,pickwick-papers
Fogg,Sir,5394,pickwick-papers
Fogg,Mr. Weller,5394,pickwick-papers
Fogg,Dodson,5394,pickwick-papers
Fogg,Mr. Weller,5394,pickwick-papers
Mr. Weller,Sir,5394,pickwick-papers
Mr. Weller,Dodson,5394,pickwick-papers
Mr. Weller,Fogg,5394,pickwick-papers
Mr. Winkle,Mr. Weller,5395,pickwick-papers
Mr. Winkle,Sam,5395,pickwick-papers
Mr. Weller,Mr. Winkle,5395,pickwick-papers
Mr. Weller,Sam,5395,pickwick-papers
Sam,Mr. Winkle,5395,pickwick-papers
Sam,Mr. Weller,5395,pickwick-papers
Sam,Mr. Winkle,5397,pickwick-papers
Mr. Winkle,Sam,5397,pickwick-papers
Mr. Winkle,Sam,5397,pickwick-papers
Sam,Mr. Winkle,5397,pickwick-papers
Sam,Mr. Winkle,5401,pickwick-papers
Mr. Winkle,Sam,5401,pickwick-papers
Sam,Mr. Winkle,5403,pickwick-papers
Sam,Miss Allen,5403,pickwick-papers
Mr. Winkle,Sam,5403,pickwick-papers
Mr. Winkle,Sam,5403,pickwick-papers
Mr. Winkle,Miss Allen,5403,pickwick-papers
Sam,Mr. Winkle,5403,pickwick-papers
Sam,Miss Allen,5403,pickwick-papers
Miss Allen,Sam,5403,pickwick-papers
Miss Allen,Mr. Winkle,5403,pickwick-papers
Miss Allen,Sam,5403,pickwick-papers
Mr. Winkle,Dowler,5405,pickwick-papers
Mr. Winkle,Sam,5405,pickwick-papers
Dowler,Mr. Winkle,5405,pickwick-papers
Dowler,Sam,5405,pickwick-papers
Sam,Mr. Winkle,5405,pickwick-papers
Sam,Dowler,5405,pickwick-papers
Mr. Winkle,Mr. Pickwick,5406,pickwick-papers
Mr. Winkle,Dowler,5406,pickwick-papers
Mr. Winkle,Sam,5406,pickwick-papers
Mr. Winkle,Bath,5406,pickwick-papers
Mr. Winkle,Sam,5406,pickwick-papers
Mr. Pickwick,Mr. Winkle,5406,pickwick-papers
Mr. Pickwick,Dowler,5406,pickwick-papers
Mr. Pickwick,Sam,5406,pickwick-papers
Mr. Pickwick,Mr. Winkle,5406,pickwick-papers
Mr. Pickwick,Bath,5406,pickwick-papers
Mr. Pickwick,Mr. Winkle,5406,pickwick-papers
Mr. Pickwick,Sam,5406,pickwick-papers
Dowler,Mr. Winkle,5406,pickwick-papers
Dowler,Mr. Pickwick,5406,pickwick-papers
Dowler,Sam,5406,pickwick-papers
Dowler,Mr. Winkle,5406,pickwick-papers
Dowler,Bath,5406,pickwick-papers
Dowler,Mr. Winkle,5406,pickwick-papers
Dowler,Sam,5406,pickwick-papers
Sam,Mr. Winkle,5406,pickwick-papers
Sam,Mr. Pickwick,5406,pickwick-papers
Sam,Dowler,5406,pickwick-papers
Sam,Mr. Winkle,5406,pickwick-papers
Sam,Bath,5406,pickwick-papers
Sam,Mr. Winkle,5406,pickwick-papers
Mr. Winkle,Mr. Pickwick,5406,pickwick-papers
Mr. Winkle,Dowler,5406,pickwick-papers
Mr. Winkle,Sam,5406,pickwick-papers
Mr. Winkle,Bath,5406,pickwick-papers
Mr. Winkle,Sam,5406,pickwick-papers
Bath,Mr. Winkle,5406,pickwick-papers
Bath,Mr. Pickwick,5406,pickwick-papers
Bath,Dowler,5406,pickwick-papers
Bath,Sam,5406,pickwick-papers
Bath,Mr. Winkle,5406,pickwick-papers
Bath,Mr. Winkle,5406,pickwick-papers
Bath,Sam,5406,pickwick-papers
Mr. Winkle,Mr. Pickwick,5406,pickwick-papers
Mr. Winkle,Dowler,5406,pickwick-papers
Mr. Winkle,Sam,5406,pickwick-papers
Mr. Winkle,Bath,5406,pickwick-papers
Mr. Winkle,Sam,5406,pickwick-papers
Sam,Mr. Winkle,5406,pickwick-papers
Sam,Mr. Pickwick,5406,pickwick-papers
Sam,Dowler,5406,pickwick-papers
Sam,Mr. Winkle,5406,pickwick-papers
Sam,Bath,5406,pickwick-papers
Sam,Mr. Winkle,5406,pickwick-papers
Sam,Amazin,5408,pickwick-papers
Amazin,Sam,5408,pickwick-papers
Amazin,Sam,5408,pickwick-papers
Sam,Amazin,5408,pickwick-papers
Sam,Mr. Winkle,5412,pickwick-papers
Sam,Mr. Winkle,5412,pickwick-papers
Sam,Mr. Weller,5412,pickwick-papers
Sam,Mr. Winkle,5412,pickwick-papers
Sam,Mr. Pickwick,5412,pickwick-papers
Sam,Dowler,5412,pickwick-papers
Sam,Mr. Pickwick,5412,pickwick-papers
Mr. Winkle,Sam,5412,pickwick-papers
Mr. Winkle,Sam,5412,pickwick-papers
Mr. Winkle,Mr. Weller,5412,pickwick-papers
Mr. Winkle,Sam,5412,pickwick-papers
Mr. Winkle,Mr. Pickwick,5412,pickwick-papers
Mr. Winkle,Dowler,5412,pickwick-papers
Mr. Winkle,Mr. Pickwick,5412,pickwick-papers
Mr. Winkle,Sam,5412,pickwick-papers
Sam,Mr. Winkle,5412,pickwick-papers
Sam,Mr. Winkle,5412,pickwick-papers
Sam,Mr. Weller,5412,pickwick-papers
Sam,Mr. Winkle,5412,pickwick-papers
Sam,Mr. Pickwick,5412,pickwick-papers
Sam,Dowler,5412,pickwick-papers
Sam,Mr. Pickwick,5412,pickwick-papers
Mr. Winkle,Sam,5412,pickwick-papers
Mr. Winkle,Sam,5412,pickwick-papers
Mr. Winkle,Mr. Weller,5412,pickwick-papers
Mr. Winkle,Sam,5412,pickwick-papers
Mr. Winkle,Mr. Pickwick,5412,pickwick-papers
Mr. Winkle,Dowler,5412,pickwick-papers
Mr. Winkle,Mr. Pickwick,5412,pickwick-papers
Mr. Winkle,Sam,5412,pickwick-papers
Mr. Weller,Sam,5412,pickwick-papers
Mr. Weller,Mr. Winkle,5412,pickwick-papers
Mr. Weller,Sam,5412,pickwick-papers
Mr. Weller,Mr. Winkle,5412,pickwick-papers
Mr. Weller,Sam,5412,pickwick-papers
Mr. Weller,Mr. Winkle,5412,pickwick-papers
Mr. Weller,Mr. Pickwick,5412,pickwick-papers
Mr. Weller,Dowler,5412,pickwick-papers
Mr. Weller,Mr. Pickwick,5412,pickwick-papers
Mr. Weller,Sam,5412,pickwick-papers
Sam,Mr. Winkle,5412,pickwick-papers
Sam,Mr. Winkle,5412,pickwick-papers
Sam,Mr. Weller,5412,pickwick-papers
Sam,Mr. Winkle,5412,pickwick-papers
Sam,Mr. Pickwick,5412,pickwick-papers
Sam,Dowler,5412,pickwick-papers
Sam,Mr. Pickwick,5412,pickwick-papers
Mr. Winkle,Sam,5412,pickwick-papers
Mr. Winkle,Sam,5412,pickwick-papers
Mr. Winkle,Mr. Weller,5412,pickwick-papers
Mr. Winkle,Sam,5412,pickwick-papers
Mr. Winkle,Mr. Pickwick,5412,pickwick-papers
Mr. Winkle,Dowler,5412,pickwick-papers
Mr. Winkle,Mr. Pickwick,5412,pickwick-papers
Mr. Winkle,Sam,5412,pickwick-papers
Mr. Pickwick,Sam,5412,pickwick-papers
Mr. Pickwick,Mr. Winkle,5412,pickwick-papers
Mr. Pickwick,Sam,5412,pickwick-papers
Mr. Pickwick,Mr. Winkle,5412,pickwick-papers
Mr. Pickwick,Mr. Weller,5412,pickwick-papers
Mr. Pickwick,Sam,5412,pickwick-papers
Mr. Pickwick,Mr. Winkle,5412,pickwick-papers
Mr. Pickwick,Dowler,5412,pickwick-papers
Mr. Pickwick,Sam,5412,pickwick-papers
Dowler,Sam,5412,pickwick-papers
Dowler,Mr. Winkle,5412,pickwick-papers
Dowler,Sam,5412,pickwick-papers
Dowler,Mr. Winkle,5412,pickwick-papers
Dowler,Mr. Weller,5412,pickwick-papers
Dowler,Sam,5412,pickwick-papers
Dowler,Mr. Winkle,5412,pickwick-papers
Dowler,Mr. Pickwick,5412,pickwick-papers
Dowler,Mr. Pickwick,5412,pickwick-papers
Dowler,Sam,5412,pickwick-papers
Mr. Pickwick,Sam,5412,pickwick-papers
Mr. Pickwick,Mr. Winkle,5412,pickwick-papers
Mr. Pickwick,Sam,5412,pickwick-papers
Mr. Pickwick,Mr. Winkle,5412,pickwick-papers
Mr. Pickwick,Mr. Weller,5412,pickwick-papers
Mr. Pickwick,Sam,5412,pickwick-papers
Mr. Pickwick,Mr. Winkle,5412,pickwick-papers
Mr. Pickwick,Dowler,5412,pickwick-papers
Mr. Pickwick,Sam,5412,pickwick-papers
Sam,Mr. Winkle,5412,pickwick-papers
Sam,Mr. Winkle,5412,pickwick-papers
Sam,Mr. Weller,5412,pickwick-papers
Sam,Mr. Winkle,5412,pickwick-papers
Sam,Mr. Pickwick,5412,pickwick-papers
Sam,Dowler,5412,pickwick-papers
Sam,Mr. Pickwick,5412,pickwick-papers
Mr. Pickwick,Mr. Winkle,5413,pickwick-papers
Mr. Pickwick,Sam,5413,pickwick-papers
Mr. Pickwick,Sam,5413,pickwick-papers
Mr. Winkle,Mr. Pickwick,5413,pickwick-papers
Mr. Winkle,Sam,5413,pickwick-papers
Mr. Winkle,Sam,5413,pickwick-papers
Sam,Mr. Pickwick,5413,pickwick-papers
Sam,Mr. Winkle,5413,pickwick-papers
Sam,Mr. Pickwick,5413,pickwick-papers
Sam,Mr. Winkle,5413,pickwick-papers
Mr.,Winkle,5418,pickwick-papers
Mr.,Mr. Pickwick,5418,pickwick-papers
Mr.,Sam,5418,pickwick-papers
Winkle,Mr.,5418,pickwick-papers
Winkle,Mr. Pickwick,5418,pickwick-papers
Winkle,Sam,5418,pickwick-papers
Mr. Pickwick,Mr.,5418,pickwick-papers
Mr. Pickwick,Winkle,5418,pickwick-papers
Mr. Pickwick,Sam,5418,pickwick-papers
Sam,Mr.,5418,pickwick-papers
Sam,Winkle,5418,pickwick-papers
Sam,Mr. Pickwick,5418,pickwick-papers
Mr.,Mr. Ben Allen,5419,pickwick-papers
Mr.,Ben,5419,pickwick-papers
Mr. Ben Allen,Mr.,5419,pickwick-papers
Mr. Ben Allen,Ben,5419,pickwick-papers
Ben,Mr.,5419,pickwick-papers
Ben,Mr. Ben Allen,5419,pickwick-papers
Mr. Weller,Mr. Pickwick,5420,pickwick-papers
Mr. Weller,Mr. Winkle,5420,pickwick-papers
Mr. Weller,Mr. Bob Sawyer,5420,pickwick-papers
Mr. Pickwick,Mr. Weller,5420,pickwick-papers
Mr. Pickwick,Mr. Winkle,5420,pickwick-papers
Mr. Pickwick,Mr. Bob Sawyer,5420,pickwick-papers
Mr. Winkle,Mr. Weller,5420,pickwick-papers
Mr. Winkle,Mr. Pickwick,5420,pickwick-papers
Mr. Winkle,Mr. Bob Sawyer,5420,pickwick-papers
Mr. Bob Sawyer,Mr. Weller,5420,pickwick-papers
Mr. Bob Sawyer,Mr. Pickwick,5420,pickwick-papers
Mr. Bob Sawyer,Mr. Winkle,5420,pickwick-papers
Sam Weller,Clifton,5421,pickwick-papers
Sam Weller,Sam,5421,pickwick-papers
Sam Weller,Miss Arabella Allen,5421,pickwick-papers
Sam Weller,Sam,5421,pickwick-papers
Clifton,Sam Weller,5421,pickwick-papers
Clifton,Sam,5421,pickwick-papers
Clifton,Miss Arabella Allen,5421,pickwick-papers
Clifton,Sam,5421,pickwick-papers
Sam,Sam Weller,5421,pickwick-papers
Sam,Clifton,5421,pickwick-papers
Sam,Miss Arabella Allen,5421,pickwick-papers
Miss Arabella Allen,Sam Weller,5421,pickwick-papers
Miss Arabella Allen,Clifton,5421,pickwick-papers
Miss Arabella Allen,Sam,5421,pickwick-papers
Miss Arabella Allen,Sam,5421,pickwick-papers
Sam,Sam Weller,5421,pickwick-papers
Sam,Clifton,5421,pickwick-papers
Sam,Miss Arabella Allen,5421,pickwick-papers
Sam,Walker,5429,pickwick-papers
Walker,Sam,5429,pickwick-papers
Brown,Sam,5431,pickwick-papers
Sam,Brown,5431,pickwick-papers
Sam,Miss Arabella,5439,pickwick-papers
Miss Arabella,Sam,5439,pickwick-papers
Sam,Mr. Weller,5441,pickwick-papers
Mr. Weller,Sam,5441,pickwick-papers
Sam,Mr. Nupkins,5443,pickwick-papers
Sam,Mr. Nupkins,5443,pickwick-papers
Mr. Nupkins,Sam,5443,pickwick-papers
Mr. Nupkins,Sam,5443,pickwick-papers
Mary,Sam,5444,pickwick-papers
Sam,Mary,5444,pickwick-papers
Mr. Weller,Mary,5445,pickwick-papers
Mary,Mr. Weller,5445,pickwick-papers
Sam,Mary,5446,pickwick-papers
Sam,Weller,5446,pickwick-papers
Mary,Sam,5446,pickwick-papers
Mary,Weller,5446,pickwick-papers
Weller,Sam,5446,pickwick-papers
Weller,Mary,5446,pickwick-papers
Sam,Mr. Winkle,5456,pickwick-papers
Sam,Mr. Winkle,5456,pickwick-papers
Mr. Winkle,Sam,5456,pickwick-papers
Mr. Winkle,Sam,5456,pickwick-papers
Sam,Mary,5460,pickwick-papers
Sam,Mr. Winkle,5460,pickwick-papers
Sam,Mary,5460,pickwick-papers
Sam,Mr. Winkle,5460,pickwick-papers
Mary,Sam,5460,pickwick-papers
Mary,Sam,5460,pickwick-papers
Mary,Mr. Winkle,5460,pickwick-papers
Mr. Winkle,Sam,5460,pickwick-papers
Mr. Winkle,Sam,5460,pickwick-papers
Mr. Winkle,Mary,5460,pickwick-papers
Sam,Miss Arabella Allen,5462,pickwick-papers
Miss Arabella Allen,Sam,5462,pickwick-papers
Arabella Allen,Sam,5464,pickwick-papers
Sam,Arabella Allen,5464,pickwick-papers
Mr.,Weller,5468,pickwick-papers
Weller,Mr.,5468,pickwick-papers
Sam,Arabella,5471,pickwick-papers
Sam,Mary,5471,pickwick-papers
Sam,Mr. Winkle,5471,pickwick-papers
Arabella,Sam,5471,pickwick-papers
Arabella,Mary,5471,pickwick-papers
Arabella,Mr. Winkle,5471,pickwick-papers
Mary,Sam,5471,pickwick-papers
Mary,Arabella,5471,pickwick-papers
Mary,Mr. Winkle,5471,pickwick-papers
Mr. Winkle,Sam,5471,pickwick-papers
Mr. Winkle,Arabella,5471,pickwick-papers
Mr. Winkle,Mary,5471,pickwick-papers
Mr.,Weller,5473,pickwick-papers
Mr.,Mary,5473,pickwick-papers
Mr.,Sam,5473,pickwick-papers
Mr.,Arabella,5473,pickwick-papers
Weller,Mr.,5473,pickwick-papers
Weller,Mary,5473,pickwick-papers
Weller,Sam,5473,pickwick-papers
Weller,Arabella,5473,pickwick-papers
Mary,Mr.,5473,pickwick-papers
Mary,Weller,5473,pickwick-papers
Mary,Sam,5473,pickwick-papers
Mary,Arabella,5473,pickwick-papers
Sam,Mr.,5473,pickwick-papers
Sam,Weller,5473,pickwick-papers
Sam,Mary,5473,pickwick-papers
Sam,Arabella,5473,pickwick-papers
Arabella,Mr.,5473,pickwick-papers
Arabella,Weller,5473,pickwick-papers
Arabella,Mary,5473,pickwick-papers
Arabella,Sam,5473,pickwick-papers
Arabella,Sam,5474,pickwick-papers
Sam,Arabella,5474,pickwick-papers
Sam,Miss Sawbones,5476,pickwick-papers
Miss Sawbones,Sam,5476,pickwick-papers
Mr. Winkle,Mr. Weller,5477,pickwick-papers
Mr. Winkle,Arabella,5477,pickwick-papers
Mr. Weller,Mr. Winkle,5477,pickwick-papers
Mr. Weller,Arabella,5477,pickwick-papers
Arabella,Mr. Winkle,5477,pickwick-papers
Arabella,Mr. Weller,5477,pickwick-papers
Pickwick,Arabella,5479,pickwick-papers
Arabella,Pickwick,5479,pickwick-papers
Sam,Mr. Vinkle,5480,pickwick-papers
Mr. Vinkle,Sam,5480,pickwick-papers
Weller,Arabella,5483,pickwick-papers
Arabella,Weller,5483,pickwick-papers
Arabella,Sam,5485,pickwick-papers
Sam,Arabella,5485,pickwick-papers
Mr. Weller,Arabella,5487,pickwick-papers
Mr. Weller,Make,5487,pickwick-papers
Arabella,Mr. Weller,5487,pickwick-papers
Arabella,Make,5487,pickwick-papers
Make,Mr. Weller,5487,pickwick-papers
Make,Arabella,5487,pickwick-papers
Arabella,Mr. Weller,5491,pickwick-papers
Arabella,Sam,5491,pickwick-papers
Mr. Weller,Arabella,5491,pickwick-papers
Mr. Weller,Arabella,5491,pickwick-papers
Mr. Weller,Sam,5491,pickwick-papers
Arabella,Mr. Weller,5491,pickwick-papers
Arabella,Sam,5491,pickwick-papers
Sam,Arabella,5491,pickwick-papers
Sam,Mr. Weller,5491,pickwick-papers
Sam,Arabella,5491,pickwick-papers
Sam,Sam Weller,5492,pickwick-papers
Sam Weller,Sam,5492,pickwick-papers
Arabella,Sam,5493,pickwick-papers
Arabella,Mr. Winkle,5493,pickwick-papers
Arabella,Sam,5493,pickwick-papers
Arabella,Sam,5493,pickwick-papers
Arabella,Mr. Weller,5493,pickwick-papers
Sam,Arabella,5493,pickwick-papers
Sam,Mr. Winkle,5493,pickwick-papers
Sam,Arabella,5493,pickwick-papers
Sam,Mr. Weller,5493,pickwick-papers
Mr. Winkle,Arabella,5493,pickwick-papers
Mr. Winkle,Sam,5493,pickwick-papers
Mr. Winkle,Sam,5493,pickwick-papers
Mr. Winkle,Sam,5493,pickwick-papers
Mr. Winkle,Arabella,5493,pickwick-papers
Mr. Winkle,Mr. Weller,5493,pickwick-papers
Sam,Arabella,5493,pickwick-papers
Sam,Mr. Winkle,5493,pickwick-papers
Sam,Arabella,5493,pickwick-papers
Sam,Mr. Weller,5493,pickwick-papers
Sam,Arabella,5493,pickwick-papers
Sam,Mr. Winkle,5493,pickwick-papers
Sam,Arabella,5493,pickwick-papers
Sam,Mr. Weller,5493,pickwick-papers
Arabella,Sam,5493,pickwick-papers
Arabella,Mr. Winkle,5493,pickwick-papers
Arabella,Sam,5493,pickwick-papers
Arabella,Sam,5493,pickwick-papers
Arabella,Mr. Weller,5493,pickwick-papers
Mr. Weller,Arabella,5493,pickwick-papers
Mr. Weller,Sam,5493,pickwick-papers
Mr. Weller,Mr. Winkle,5493,pickwick-papers
Mr. Weller,Sam,5493,pickwick-papers
Mr. Weller,Sam,5493,pickwick-papers
Mr. Weller,Arabella,5493,pickwick-papers
Mr. Pickwick,Sam,5495,pickwick-papers
Sam,Mr. Pickwick,5495,pickwick-papers
Mr.,Pickwick,5497,pickwick-papers
Pickwick,Mr.,5497,pickwick-papers
Mr.,Pickwick,5501,pickwick-papers
Mr.,Mr. Winkle,5501,pickwick-papers
Pickwick,Mr.,5501,pickwick-papers
Pickwick,Mr. Winkle,5501,pickwick-papers
Mr. Winkle,Mr.,5501,pickwick-papers
Mr. Winkle,Pickwick,5501,pickwick-papers
Mr.,Weller,5504,pickwick-papers
Weller,Mr.,5504,pickwick-papers
Mr. Weller,Mr. Pickwick,5505,pickwick-papers
Mr. Weller,Mr. Winkle,5505,pickwick-papers
Mr. Pickwick,Mr. Weller,5505,pickwick-papers
Mr. Pickwick,Mr. Winkle,5505,pickwick-papers
Mr. Winkle,Mr. Weller,5505,pickwick-papers
Mr. Winkle,Mr. Pickwick,5505,pickwick-papers
Mr. Pickwick,Mr. Winkle,5506,pickwick-papers
Mr. Winkle,Mr. Pickwick,5506,pickwick-papers
Sam,Mr. Pickwick,5507,pickwick-papers
Mr. Pickwick,Sam,5507,pickwick-papers
Sir,Mr. Weller,5508,pickwick-papers
Mr. Weller,Sir,5508,pickwick-papers
Mr.,Pickwick,5509,pickwick-papers
Mr.,Sam,5509,pickwick-papers
Pickwick,Mr.,5509,pickwick-papers
Pickwick,Sam,5509,pickwick-papers
Sam,Mr.,5509,pickwick-papers
Sam,Pickwick,5509,pickwick-papers
Sir,Sam,5510,pickwick-papers
Sam,Sir,5510,pickwick-papers
Sam,Sir,5510,pickwick-papers
Sir,Sam,5510,pickwick-papers
Sam,Mr. Winkle,5512,pickwick-papers
Sam,Mary,5512,pickwick-papers
Mr. Winkle,Sam,5512,pickwick-papers
Mr. Winkle,Mary,5512,pickwick-papers
Mary,Sam,5512,pickwick-papers
Mary,Mr. Winkle,5512,pickwick-papers
Sam,Mr. Pickwick,5513,pickwick-papers
Sam,Mr. Winkle,5513,pickwick-papers
Mr. Pickwick,Sam,5513,pickwick-papers
Mr. Pickwick,Mr. Winkle,5513,pickwick-papers
Mr. Winkle,Sam,5513,pickwick-papers
Mr. Winkle,Mr. Pickwick,5513,pickwick-papers
Miss Allen,Mary,5514,pickwick-papers
Miss Allen,Mr. Winkle,5514,pickwick-papers
Mary,Miss Allen,5514,pickwick-papers
Mary,Mr. Winkle,5514,pickwick-papers
Mr. Winkle,Miss Allen,5514,pickwick-papers
Mr. Winkle,Mary,5514,pickwick-papers
Mr. Weller,Mr. Pickwick,5515,pickwick-papers
Mr. Pickwick,Mr. Weller,5515,pickwick-papers
Sam,Mr. Pickwick,5522,pickwick-papers
Sam,Mr. Winkle,5522,pickwick-papers
Mr. Pickwick,Sam,5522,pickwick-papers
Mr. Pickwick,Mr. Winkle,5522,pickwick-papers
Mr. Winkle,Sam,5522,pickwick-papers
Mr. Winkle,Mr. Pickwick,5522,pickwick-papers
Mr. Pickwick,Sam,5523,pickwick-papers
Sam,Mr. Pickwick,5523,pickwick-papers
Sir,Sam,5524,pickwick-papers
Sam,Sir,5524,pickwick-papers
Sam,Sir,5524,pickwick-papers
Sir,Sam,5524,pickwick-papers
Sam,Mr. Pickwick,5525,pickwick-papers
Mr. Pickwick,Sam,5525,pickwick-papers
Sir,Sam,5526,pickwick-papers
Sir,Mr. Winkle,5526,pickwick-papers
Sir,Steady,5526,pickwick-papers
Sam,Sir,5526,pickwick-papers
Sam,Mr. Winkle,5526,pickwick-papers
Sam,Steady,5526,pickwick-papers
Mr. Winkle,Sir,5526,pickwick-papers
Mr. Winkle,Sam,5526,pickwick-papers
Mr. Winkle,Steady,5526,pickwick-papers
Steady,Sir,5526,pickwick-papers
Steady,Sam,5526,pickwick-papers
Steady,Mr. Winkle,5526,pickwick-papers
Sam,Mr. Pickwick,5527,pickwick-papers
Sam,Mr. Pickwick,5527,pickwick-papers
Sam,Mr. Winkle,5527,pickwick-papers
Mr. Pickwick,Sam,5527,pickwick-papers
Mr. Pickwick,Sam,5527,pickwick-papers
Mr. Pickwick,Sam,5527,pickwick-papers
Mr. Pickwick,Mr. Winkle,5527,pickwick-papers
Sam,Mr. Pickwick,5527,pickwick-papers
Sam,Mr. Pickwick,5527,pickwick-papers
Sam,Mr. Winkle,5527,pickwick-papers
Sam,Mr. Pickwick,5527,pickwick-papers
Sam,Mr. Pickwick,5527,pickwick-papers
Sam,Mr. Winkle,5527,pickwick-papers
Mr. Pickwick,Sam,5527,pickwick-papers
Mr. Pickwick,Sam,5527,pickwick-papers
Mr. Pickwick,Sam,5527,pickwick-papers
Mr. Pickwick,Mr. Winkle,5527,pickwick-papers
Mr. Winkle,Sam,5527,pickwick-papers
Mr. Winkle,Mr. Pickwick,5527,pickwick-papers
Mr. Winkle,Sam,5527,pickwick-papers
Mr. Winkle,Sam,5527,pickwick-papers
Mr. Winkle,Mr. Pickwick,5527,pickwick-papers
Mr. Pickwick,Arabella,5528,pickwick-papers
Mr. Pickwick,Arabella,5528,pickwick-papers
Arabella,Mr. Pickwick,5528,pickwick-papers
Arabella,Mr. Pickwick,5528,pickwick-papers
Arabella,Mr. Pickwick,5528,pickwick-papers
Mr. Pickwick,Arabella,5528,pickwick-papers
Mr. Pickwick,Arabella,5528,pickwick-papers
Arabella,Mr. Pickwick,5528,pickwick-papers
Arabella,Mr. Pickwick,5528,pickwick-papers
Arabella,Mr. Pickwick,5528,pickwick-papers
Mr. Pickwick,Arabella,5528,pickwick-papers
Mr. Pickwick,Arabella,5528,pickwick-papers
Mr. Pickwick,Sam,5529,pickwick-papers
Sam,Mr. Pickwick,5529,pickwick-papers
Sam,Mr. Pickwick,5529,pickwick-papers
Mr. Pickwick,Sam,5529,pickwick-papers
Sam,Mr. Pickwick,5531,pickwick-papers
Mr. Pickwick,Sam,5531,pickwick-papers
Mr. Pickwick,Arabella,5533,pickwick-papers
Mr. Pickwick,Sam,5533,pickwick-papers
Mr. Pickwick,Mr. Winkle,5533,pickwick-papers
Mr. Pickwick,Mr. Winkle,5533,pickwick-papers
Mr. Pickwick,Sam,5533,pickwick-papers
Arabella,Mr. Pickwick,5533,pickwick-papers
Arabella,Mr. Pickwick,5533,pickwick-papers
Arabella,Sam,5533,pickwick-papers
Arabella,Mr. Winkle,5533,pickwick-papers
Arabella,Mr. Winkle,5533,pickwick-papers
Arabella,Sam,5533,pickwick-papers
Mr. Pickwick,Arabella,5533,pickwick-papers
Mr. Pickwick,Sam,5533,pickwick-papers
Mr. Pickwick,Mr. Winkle,5533,pickwick-papers
Mr. Pickwick,Mr. Winkle,5533,pickwick-papers
Mr. Pickwick,Sam,5533,pickwick-papers
Sam,Mr. Pickwick,5533,pickwick-papers
Sam,Arabella,5533,pickwick-papers
Sam,Mr. Pickwick,5533,pickwick-papers
Sam,Mr. Winkle,5533,pickwick-papers
Sam,Mr. Winkle,5533,pickwick-papers
Mr. Winkle,Mr. Pickwick,5533,pickwick-papers
Mr. Winkle,Arabella,5533,pickwick-papers
Mr. Winkle,Mr. Pickwick,5533,pickwick-papers
Mr. Winkle,Sam,5533,pickwick-papers
Mr. Winkle,Sam,5533,pickwick-papers
Mr. Winkle,Mr. Pickwick,5533,pickwick-papers
Mr. Winkle,Arabella,5533,pickwick-papers
Mr. Winkle,Mr. Pickwick,5533,pickwick-papers
Mr. Winkle,Sam,5533,pickwick-papers
Mr. Winkle,Sam,5533,pickwick-papers
Sam,Mr. Pickwick,5533,pickwick-papers
Sam,Arabella,5533,pickwick-papers
Sam,Mr. Pickwick,5533,pickwick-papers
Sam,Mr. Winkle,5533,pickwick-papers
Sam,Mr. Winkle,5533,pickwick-papers
Sam,Mr. Winkle,5535,pickwick-papers
Mr. Winkle,Sam,5535,pickwick-papers
Mr.,Winkle,5537,pickwick-papers
Mr.,Mr. Pickwick,5537,pickwick-papers
Winkle,Mr.,5537,pickwick-papers
Winkle,Mr. Pickwick,5537,pickwick-papers
Mr. Pickwick,Mr.,5537,pickwick-papers
Mr. Pickwick,Winkle,5537,pickwick-papers
Sir,Pruffle,5549,pickwick-papers
Pruffle,Sir,5549,pickwick-papers
Sir,Pruffle,5551,pickwick-papers
Pruffle,Sir,5551,pickwick-papers
Mr. Pickwick,Mr. Winkle,5553,pickwick-papers
Mr. Pickwick,Arabella,5553,pickwick-papers
Mr. Winkle,Mr. Pickwick,5553,pickwick-papers
Mr. Winkle,Arabella,5553,pickwick-papers
Arabella,Mr. Pickwick,5553,pickwick-papers
Arabella,Mr. Winkle,5553,pickwick-papers
Sam,Sir,5554,pickwick-papers
Sir,Sam,5554,pickwick-papers
Mr.,Pickwick,5555,pickwick-papers
Mr.,Sam,5555,pickwick-papers
Mr.,Mr. Weller,5555,pickwick-papers
Mr.,Mr. Pickwick,5555,pickwick-papers
Mr.,Mr. Winkle,5555,pickwick-papers
Pickwick,Mr.,5555,pickwick-papers
Pickwick,Sam,5555,pickwick-papers
Pickwick,Mr. Weller,5555,pickwick-papers
Pickwick,Mr. Pickwick,5555,pickwick-papers
Pickwick,Mr. Winkle,5555,pickwick-papers
Sam,Mr.,5555,pickwick-papers
Sam,Pickwick,5555,pickwick-papers
Sam,Mr. Weller,5555,pickwick-papers
Sam,Mr. Pickwick,5555,pickwick-papers
Sam,Mr. Winkle,5555,pickwick-papers
Mr. Weller,Mr.,5555,pickwick-papers
Mr. Weller,Pickwick,5555,pickwick-papers
Mr. Weller,Sam,5555,pickwick-papers
Mr. Weller,Mr. Pickwick,5555,pickwick-papers
Mr. Weller,Mr. Winkle,5555,pickwick-papers
Mr. Pickwick,Mr.,5555,pickwick-papers
Mr. Pickwick,Pickwick,5555,pickwick-papers
Mr. Pickwick,Sam,5555,pickwick-papers
Mr. Pickwick,Mr. Weller,5555,pickwick-papers
Mr. Pickwick,Mr. Winkle,5555,pickwick-papers
Mr. Winkle,Mr.,5555,pickwick-papers
Mr. Winkle,Pickwick,5555,pickwick-papers
Mr. Winkle,Sam,5555,pickwick-papers
Mr. Winkle,Mr. Weller,5555,pickwick-papers
Mr. Winkle,Mr. Pickwick,5555,pickwick-papers
Quite,Mr. Pickwick,5557,pickwick-papers
Mr. Pickwick,Quite,5557,pickwick-papers
Sir,Sam,5558,pickwick-papers
Sam,Sir,5558,pickwick-papers
Sam,Mr. Winkle,5561,pickwick-papers
Sam,Mr. Winkle,5561,pickwick-papers
Mr. Winkle,Sam,5561,pickwick-papers
Mr. Winkle,Sam,5561,pickwick-papers
Mr.,Winkle,5562,pickwick-papers
Mr.,Mr. Weller,5562,pickwick-papers
Winkle,Mr.,5562,pickwick-papers
Winkle,Mr. Weller,5562,pickwick-papers
Mr. Weller,Mr.,5562,pickwick-papers
Mr. Weller,Winkle,5562,pickwick-papers
Mr. Pickwick,Sam,5566,pickwick-papers
Mr. Pickwick,Vulture,5566,pickwick-papers
Mr. Pickwick,Sam,5566,pickwick-papers
Mr. Pickwick,Vulture,5566,pickwick-papers
Sam,Mr. Pickwick,5566,pickwick-papers
Sam,Mr. Pickwick,5566,pickwick-papers
Sam,Vulture,5566,pickwick-papers
Vulture,Mr. Pickwick,5566,pickwick-papers
Vulture,Mr. Pickwick,5566,pickwick-papers
Vulture,Sam,5566,pickwick-papers
Sam,Vulture,5570,pickwick-papers
Sam,Vulture,5570,pickwick-papers
Vulture,Sam,5570,pickwick-papers
Vulture,Sam,5570,pickwick-papers
Sir,Sam,5572,pickwick-papers
Sam,Sir,5572,pickwick-papers
Mr. Smouch,Sam,5577,pickwick-papers
Mr. Smouch,Sam,5577,pickwick-papers
Sam,Mr. Smouch,5577,pickwick-papers
Sam,Mr. Smouch,5577,pickwick-papers
Sam,Mr. Smouch,5577,pickwick-papers
Sam,Mr. Smouch,5577,pickwick-papers
Mr. Smouch,Sam,5577,pickwick-papers
Mr. Smouch,Sam,5577,pickwick-papers
Botany Bay,Mr. Pickwick,5578,pickwick-papers
Mr. Pickwick,Botany Bay,5578,pickwick-papers
Sam,Mr. Smouch,5580,pickwick-papers
Mr. Smouch,Sam,5580,pickwick-papers
Mr.,Pickwick,5581,pickwick-papers
Mr.,Sam,5581,pickwick-papers
Pickwick,Mr.,5581,pickwick-papers
Pickwick,Sam,5581,pickwick-papers
Sam,Mr.,5581,pickwick-papers
Sam,Pickwick,5581,pickwick-papers
Sam,Mr. Pickwick,5582,pickwick-papers
Mr. Pickwick,Sam,5582,pickwick-papers
Mr. Pickwick,Coleman Street,5584,pickwick-papers
Coleman Street,Mr. Pickwick,5584,pickwick-papers
Sam Weller,Mr. Namby,5585,pickwick-papers
Mr. Namby,Sam Weller,5585,pickwick-papers
Sam,Mr. Weller,5588,pickwick-papers
Sam,Mr. Namby,5588,pickwick-papers
Mr. Weller,Sam,5588,pickwick-papers
Mr. Weller,Mr. Namby,5588,pickwick-papers
Mr. Namby,Sam,5588,pickwick-papers
Mr. Namby,Mr. Weller,5588,pickwick-papers
Sir,Sam,5592,pickwick-papers
Sam,Sir,5592,pickwick-papers
Sam,Mr. Namby,5594,pickwick-papers
Sam,Mr. Namby,5594,pickwick-papers
Sam,Namby,5594,pickwick-papers
Sam,Smouch,5594,pickwick-papers
Sam,Mr. Pickwick,5594,pickwick-papers
Sam,Coleman Street,5594,pickwick-papers
Sam,Mr. Smouch,5594,pickwick-papers
Mr. Namby,Sam,5594,pickwick-papers
Mr. Namby,Namby,5594,pickwick-papers
Mr. Namby,Smouch,5594,pickwick-papers
Mr. Namby,Mr. Pickwick,5594,pickwick-papers
Mr. Namby,Sam,5594,pickwick-papers
Mr. Namby,Coleman Street,5594,pickwick-papers
Mr. Namby,Mr. Smouch,5594,pickwick-papers
Mr. Namby,Sam,5594,pickwick-papers
Mr. Namby,Namby,5594,pickwick-papers
Mr. Namby,Smouch,5594,pickwick-papers
Mr. Namby,Mr. Pickwick,5594,pickwick-papers
Mr. Namby,Sam,5594,pickwick-papers
Mr. Namby,Coleman Street,5594,pickwick-papers
Mr. Namby,Mr. Smouch,5594,pickwick-papers
Namby,Sam,5594,pickwick-papers
Namby,Mr. Namby,5594,pickwick-papers
Namby,Mr. Namby,5594,pickwick-papers
Namby,Smouch,5594,pickwick-papers
Namby,Mr. Pickwick,5594,pickwick-papers
Namby,Sam,5594,pickwick-papers
Namby,Coleman Street,5594,pickwick-papers
Namby,Mr. Smouch,5594,pickwick-papers
Smouch,Sam,5594,pickwick-papers
Smouch,Mr. Namby,5594,pickwick-papers
Smouch,Mr. Namby,5594,pickwick-papers
Smouch,Namby,5594,pickwick-papers
Smouch,Mr. Pickwick,5594,pickwick-papers
Smouch,Sam,5594,pickwick-papers
Smouch,Coleman Street,5594,pickwick-papers
Smouch,Mr. Smouch,5594,pickwick-papers
Mr. Pickwick,Sam,5594,pickwick-papers
Mr. Pickwick,Mr. Namby,5594,pickwick-papers
Mr. Pickwick,Mr. Namby,5594,pickwick-papers
Mr. Pickwick,Namby,5594,pickwick-papers
Mr. Pickwick,Smouch,5594,pickwick-papers
Mr. Pickwick,Sam,5594,pickwick-papers
Mr. Pickwick,Coleman Street,5594,pickwick-papers
Mr. Pickwick,Mr. Smouch,5594,pickwick-papers
Sam,Mr. Namby,5594,pickwick-papers
Sam,Mr. Namby,5594,pickwick-papers
Sam,Namby,5594,pickwick-papers
Sam,Smouch,5594,pickwick-papers
Sam,Mr. Pickwick,5594,pickwick-papers
Sam,Coleman Street,5594,pickwick-papers
Sam,Mr. Smouch,5594,pickwick-papers
Coleman Street,Sam,5594,pickwick-papers
Coleman Street,Mr. Namby,5594,pickwick-papers
Coleman Street,Mr. Namby,5594,pickwick-papers
Coleman Street,Namby,5594,pickwick-papers
Coleman Street,Smouch,5594,pickwick-papers
Coleman Street,Mr. Pickwick,5594,pickwick-papers
Coleman Street,Sam,5594,pickwick-papers
Coleman Street,Mr. Smouch,5594,pickwick-papers
Mr. Smouch,Sam,5594,pickwick-papers
Mr. Smouch,Mr. Namby,5594,pickwick-papers
Mr. Smouch,Mr. Namby,5594,pickwick-papers
Mr. Smouch,Namby,5594,pickwick-papers
Mr. Smouch,Smouch,5594,pickwick-papers
Mr. Smouch,Mr. Pickwick,5594,pickwick-papers
Mr. Smouch,Sam,5594,pickwick-papers
Mr. Smouch,Coleman Street,5594,pickwick-papers
Officer,Mr. Smouch,5595,pickwick-papers
Officer,Mr. Pickwick,5595,pickwick-papers
Mr. Smouch,Officer,5595,pickwick-papers
Mr. Smouch,Mr. Pickwick,5595,pickwick-papers
Mr. Pickwick,Officer,5595,pickwick-papers
Mr. Pickwick,Mr. Smouch,5595,pickwick-papers
Mr. Pickwick,Sam,5596,pickwick-papers
Mr. Pickwick,Perker,5596,pickwick-papers
Sam,Mr. Pickwick,5596,pickwick-papers
Sam,Perker,5596,pickwick-papers
Perker,Mr. Pickwick,5596,pickwick-papers
Perker,Sam,5596,pickwick-papers
Mr. Pickwick,Mr. Price,5609,pickwick-papers
Mr. Price,Mr. Pickwick,5609,pickwick-papers
Mr. Pickwick,Namby,5611,pickwick-papers
Mr. Pickwick,Mr. Perker,5611,pickwick-papers
Namby,Mr. Pickwick,5611,pickwick-papers
Namby,Mr. Perker,5611,pickwick-papers
Mr. Perker,Mr. Pickwick,5611,pickwick-papers
Mr. Perker,Namby,5611,pickwick-papers
Namby,Mr. Pickwick,5612,pickwick-papers
Namby,Sam Weller,5612,pickwick-papers
Mr. Pickwick,Namby,5612,pickwick-papers
Mr. Pickwick,Sam Weller,5612,pickwick-papers
Sam Weller,Namby,5612,pickwick-papers
Sam Weller,Mr. Pickwick,5612,pickwick-papers
Mr. Pickwick,Sam,5619,pickwick-papers
Sam,Mr. Pickwick,5619,pickwick-papers
Mr.,Chancery Lane,5620,pickwick-papers
Mr.,Mr. Namby,5620,pickwick-papers
Chancery Lane,Mr.,5620,pickwick-papers
Chancery Lane,Mr. Namby,5620,pickwick-papers
Mr. Namby,Mr.,5620,pickwick-papers
Mr. Namby,Chancery Lane,5620,pickwick-papers
Bench,Perker,5621,pickwick-papers
Bench,Mr. Pickwick,5621,pickwick-papers
Perker,Bench,5621,pickwick-papers
Perker,Mr. Pickwick,5621,pickwick-papers
Mr. Pickwick,Bench,5621,pickwick-papers
Mr. Pickwick,Perker,5621,pickwick-papers
Perker,Mr. Pickwick,5623,pickwick-papers
Perker,Mr. Pickwick,5623,pickwick-papers
Mr. Pickwick,Perker,5623,pickwick-papers
Mr. Pickwick,Perker,5623,pickwick-papers
Perker,Hallo,5624,pickwick-papers
Hallo,Perker,5624,pickwick-papers
Pickwick,Perker,5628,pickwick-papers
Perker,Pickwick,5628,pickwick-papers
Curious,Perker,5634,pickwick-papers
Perker,Curious,5634,pickwick-papers
Sam,Mr. Pickwick,5647,pickwick-papers
Mr. Pickwick,Sam,5647,pickwick-papers
Sam Weller,Perker,5649,pickwick-papers
Sam Weller,Mr. Pickwick,5649,pickwick-papers
Perker,Sam Weller,5649,pickwick-papers
Perker,Mr. Pickwick,5649,pickwick-papers
Mr. Pickwick,Sam Weller,5649,pickwick-papers
Mr. Pickwick,Perker,5649,pickwick-papers
Samuel Pickwick,Pickwick,5650,pickwick-papers
Pickwick,Samuel Pickwick,5650,pickwick-papers
Mr. Pickwick,Sam,5651,pickwick-papers
Mr. Pickwick,Perker,5651,pickwick-papers
Sam,Mr. Pickwick,5651,pickwick-papers
Sam,Perker,5651,pickwick-papers
Perker,Mr. Pickwick,5651,pickwick-papers
Perker,Sam,5651,pickwick-papers
Mr. Pickwick,Sam,5653,pickwick-papers
Sam,Mr. Pickwick,5653,pickwick-papers
Mr. Pickwick,Sam,5654,pickwick-papers
Sam,Mr. Pickwick,5654,pickwick-papers
Sir,Mr. Lowten,5656,pickwick-papers
Mr. Lowten,Sir,5656,pickwick-papers
Mr. Lowten,Sir,5656,pickwick-papers
Sir,Mr. Lowten,5656,pickwick-papers
Fleet Street,Mr. Pickwick,5658,pickwick-papers
Mr. Pickwick,Fleet Street,5658,pickwick-papers
Mr.,Pickwick,5665,pickwick-papers
Mr.,Mr. Weller,5665,pickwick-papers
Pickwick,Mr.,5665,pickwick-papers
Pickwick,Mr. Weller,5665,pickwick-papers
Mr. Weller,Mr.,5665,pickwick-papers
Mr. Weller,Pickwick,5665,pickwick-papers
Sam,Mr. Pickwick,5666,pickwick-papers
Mr. Pickwick,Sam,5666,pickwick-papers
Sir,Sam,5667,pickwick-papers
Sam,Sir,5667,pickwick-papers
Sam,Sir,5669,pickwick-papers
Sir,Sam,5669,pickwick-papers
Mr. Weller,Mr. Pickwick,5670,pickwick-papers
Mr. Weller,Mr. Pickwick,5670,pickwick-papers
Mr. Weller,Mr. Pickwick,5670,pickwick-papers
Mr. Weller,Sam,5670,pickwick-papers
Mr. Pickwick,Mr. Weller,5670,pickwick-papers
Mr. Pickwick,Sam,5670,pickwick-papers
Mr. Pickwick,Mr. Weller,5670,pickwick-papers
Mr. Pickwick,Sam,5670,pickwick-papers
Mr. Pickwick,Mr. Weller,5670,pickwick-papers
Mr. Pickwick,Sam,5670,pickwick-papers
Sam,Mr. Weller,5670,pickwick-papers
Sam,Mr. Pickwick,5670,pickwick-papers
Sam,Mr. Pickwick,5670,pickwick-papers
Sam,Mr. Pickwick,5670,pickwick-papers
Mr.,Tom Roker,5679,pickwick-papers
Mr.,Mr. Pickwick,5679,pickwick-papers
Tom Roker,Mr.,5679,pickwick-papers
Tom Roker,Mr. Pickwick,5679,pickwick-papers
Mr. Pickwick,Mr.,5679,pickwick-papers
Mr. Pickwick,Tom Roker,5679,pickwick-papers
Roker,Mr. Pickwick,5687,pickwick-papers
Roker,Mr. Roker,5687,pickwick-papers
Roker,Mr. Pickwick,5687,pickwick-papers
Roker,Sam,5687,pickwick-papers
Mr. Pickwick,Roker,5687,pickwick-papers
Mr. Pickwick,Mr. Roker,5687,pickwick-papers
Mr. Pickwick,Sam,5687,pickwick-papers
Mr. Roker,Roker,5687,pickwick-papers
Mr. Roker,Mr. Pickwick,5687,pickwick-papers
Mr. Roker,Mr. Pickwick,5687,pickwick-papers
Mr. Roker,Sam,5687,pickwick-papers
Mr. Pickwick,Roker,5687,pickwick-papers
Mr. Pickwick,Mr. Roker,5687,pickwick-papers
Mr. Pickwick,Sam,5687,pickwick-papers
Sam,Roker,5687,pickwick-papers
Sam,Mr. Pickwick,5687,pickwick-papers
Sam,Mr. Roker,5687,pickwick-papers
Sam,Mr. Pickwick,5687,pickwick-papers
Mr. Roker,Mr. Pickwick,5688,pickwick-papers
Mr. Roker,Sam Weller,5688,pickwick-papers
Mr. Roker,Mr. Pickwick,5688,pickwick-papers
Mr. Roker,Sam Weller,5688,pickwick-papers
Mr. Pickwick,Mr. Roker,5688,pickwick-papers
Mr. Pickwick,Mr. Roker,5688,pickwick-papers
Mr. Pickwick,Sam Weller,5688,pickwick-papers
Sam Weller,Mr. Roker,5688,pickwick-papers
Sam Weller,Mr. Roker,5688,pickwick-papers
Sam Weller,Mr. Pickwick,5688,pickwick-papers
Mr. Roker,Farringdon Street,5689,pickwick-papers
Mr. Roker,Painted Ground,5689,pickwick-papers
Farringdon Street,Mr. Roker,5689,pickwick-papers
Farringdon Street,Painted Ground,5689,pickwick-papers
Painted Ground,Mr. Roker,5689,pickwick-papers
Painted Ground,Farringdon Street,5689,pickwick-papers
Mr. Roker,Mr. Pickwick,5691,pickwick-papers
Mr. Pickwick,Mr. Roker,5691,pickwick-papers
Mr.,Pickwick,5692,pickwick-papers
Mr.,Mr. Roker,5692,pickwick-papers
Mr.,Samuel Weller,5692,pickwick-papers
Pickwick,Mr.,5692,pickwick-papers
Pickwick,Mr. Roker,5692,pickwick-papers
Pickwick,Samuel Weller,5692,pickwick-papers
Mr. Roker,Mr.,5692,pickwick-papers
Mr. Roker,Pickwick,5692,pickwick-papers
Mr. Roker,Samuel Weller,5692,pickwick-papers
Samuel Weller,Mr.,5692,pickwick-papers
Samuel Weller,Pickwick,5692,pickwick-papers
Samuel Weller,Mr. Roker,5692,pickwick-papers
Mr. Weller,Mr. Roker,5696,pickwick-papers
Mr. Weller,Mr. Roker,5696,pickwick-papers
Mr. Roker,Mr. Weller,5696,pickwick-papers
Mr. Roker,Mr. Weller,5696,pickwick-papers
Mr. Pickwick,Mr. Roker,5704,pickwick-papers
Mr. Pickwick,Sam,5704,pickwick-papers
Mr. Roker,Mr. Pickwick,5704,pickwick-papers
Mr. Roker,Sam,5704,pickwick-papers
Sam,Mr. Pickwick,5704,pickwick-papers
Sam,Mr. Roker,5704,pickwick-papers
Sam,Mr. Pickwick,5707,pickwick-papers
Mr. Pickwick,Sam,5707,pickwick-papers
Mr. Pickwick,Sam,5707,pickwick-papers
Sam,Mr. Pickwick,5707,pickwick-papers
Sir,Sam,5710,pickwick-papers
Sam,Sir,5710,pickwick-papers
Sam,Mr. Pickwick,5711,pickwick-papers
Mr. Pickwick,Sam,5711,pickwick-papers
Sir,Sam,5716,pickwick-papers
Sam,Sir,5716,pickwick-papers
Sir,Sam,5718,pickwick-papers
Sir,Bill,5718,pickwick-papers
Sir,Fleet Market,5718,pickwick-papers
Sir,Bill,5718,pickwick-papers
Sir,Bill,5718,pickwick-papers
Sir,Bill,5718,pickwick-papers
Sir,Bill,5718,pickwick-papers
Sir,Number Tventy,5718,pickwick-papers
Sir,Tventy,5718,pickwick-papers
Sam,Sir,5718,pickwick-papers
Sam,Bill,5718,pickwick-papers
Sam,Fleet Market,5718,pickwick-papers
Sam,Bill,5718,pickwick-papers
Sam,Bill,5718,pickwick-papers
Sam,Bill,5718,pickwick-papers
Sam,Bill,5718,pickwick-papers
Sam,Number Tventy,5718,pickwick-papers
Sam,Tventy,5718,pickwick-papers
Bill,Sir,5718,pickwick-papers
Bill,Sam,5718,pickwick-papers
Bill,Fleet Market,5718,pickwick-papers
Bill,Number Tventy,5718,pickwick-papers
Bill,Tventy,5718,pickwick-papers
Fleet Market,Sir,5718,pickwick-papers
Fleet Market,Sam,5718,pickwick-papers
Fleet Market,Bill,5718,pickwick-papers
Fleet Market,Bill,5718,pickwick-papers
Fleet Market,Bill,5718,pickwick-papers
Fleet Market,Bill,5718,pickwick-papers
Fleet Market,Bill,5718,pickwick-papers
Fleet Market,Number Tventy,5718,pickwick-papers
Fleet Market,Tventy,5718,pickwick-papers
Bill,Sir,5718,pickwick-papers
Bill,Sam,5718,pickwick-papers
Bill,Fleet Market,5718,pickwick-papers
Bill,Number Tventy,5718,pickwick-papers
Bill,Tventy,5718,pickwick-papers
Bill,Sir,5718,pickwick-papers
Bill,Sam,5718,pickwick-papers
Bill,Fleet Market,5718,pickwick-papers
Bill,Number Tventy,5718,pickwick-papers
Bill,Tventy,5718,pickwick-papers
Bill,Sir,5718,pickwick-papers
Bill,Sam,5718,pickwick-papers
Bill,Fleet Market,5718,pickwick-papers
Bill,Number Tventy,5718,pickwick-papers
Bill,Tventy,5718,pickwick-papers
Bill,Sir,5718,pickwick-papers
Bill,Sam,5718,pickwick-papers
Bill,Fleet Market,5718,pickwick-papers
Bill,Number Tventy,5718,pickwick-papers
Bill,Tventy,5718,pickwick-papers
Number Tventy,Sir,5718,pickwick-papers
Number Tventy,Sam,5718,pickwick-papers
Number Tventy,Bill,5718,pickwick-papers
Number Tventy,Fleet Market,5718,pickwick-papers
Number Tventy,Bill,5718,pickwick-papers
Number Tventy,Bill,5718,pickwick-papers
Number Tventy,Bill,5718,pickwick-papers
Number Tventy,Bill,5718,pickwick-papers
Number Tventy,Tventy,5718,pickwick-papers
Tventy,Sir,5718,pickwick-papers
Tventy,Sam,5718,pickwick-papers
Tventy,Bill,5718,pickwick-papers
Tventy,Fleet Market,5718,pickwick-papers
Tventy,Bill,5718,pickwick-papers
Tventy,Bill,5718,pickwick-papers
Tventy,Bill,5718,pickwick-papers
Tventy,Bill,5718,pickwick-papers
Tventy,Number Tventy,5718,pickwick-papers
Sir,Sam,5722,pickwick-papers
Sir,Bill,5722,pickwick-papers
Sir,Tventy,5722,pickwick-papers
Sam,Sir,5722,pickwick-papers
Sam,Bill,5722,pickwick-papers
Sam,Tventy,5722,pickwick-papers
Bill,Sir,5722,pickwick-papers
Bill,Sam,5722,pickwick-papers
Bill,Tventy,5722,pickwick-papers
Tventy,Sir,5722,pickwick-papers
Tventy,Sam,5722,pickwick-papers
Tventy,Bill,5722,pickwick-papers
Sam,Mr. Pickwick,5723,pickwick-papers
Sam,Mr. Weller,5723,pickwick-papers
Sam,Vulture,5723,pickwick-papers
Sam,Mr. Samuel Weller,5723,pickwick-papers
Sam,Mr. Pickwick,5723,pickwick-papers
Mr. Pickwick,Sam,5723,pickwick-papers
Mr. Pickwick,Mr. Weller,5723,pickwick-papers
Mr. Pickwick,Vulture,5723,pickwick-papers
Mr. Pickwick,Mr. Samuel Weller,5723,pickwick-papers
Mr. Weller,Sam,5723,pickwick-papers
Mr. Weller,Mr. Pickwick,5723,pickwick-papers
Mr. Weller,Vulture,5723,pickwick-papers
Mr. Weller,Mr. Samuel Weller,5723,pickwick-papers
Mr. Weller,Mr. Pickwick,5723,pickwick-papers
Vulture,Sam,5723,pickwick-papers
Vulture,Mr. Pickwick,5723,pickwick-papers
Vulture,Mr. Weller,5723,pickwick-papers
Vulture,Mr. Samuel Weller,5723,pickwick-papers
Vulture,Mr. Pickwick,5723,pickwick-papers
Mr. Samuel Weller,Sam,5723,pickwick-papers
Mr. Samuel Weller,Mr. Pickwick,5723,pickwick-papers
Mr. Samuel Weller,Mr. Weller,5723,pickwick-papers
Mr. Samuel Weller,Vulture,5723,pickwick-papers
Mr. Samuel Weller,Mr. Pickwick,5723,pickwick-papers
Mr. Pickwick,Sam,5723,pickwick-papers
Mr. Pickwick,Mr. Weller,5723,pickwick-papers
Mr. Pickwick,Vulture,5723,pickwick-papers
Mr. Pickwick,Mr. Samuel Weller,5723,pickwick-papers
Mr. Pickwick,Dodson,5724,pickwick-papers
Mr. Pickwick,Fogg,5724,pickwick-papers
Dodson,Mr. Pickwick,5724,pickwick-papers
Dodson,Fogg,5724,pickwick-papers
Fogg,Mr. Pickwick,5724,pickwick-papers
Fogg,Dodson,5724,pickwick-papers
Mr.,Pickwick,5726,pickwick-papers
Pickwick,Mr.,5726,pickwick-papers
Zephyr,Hooray,5728,pickwick-papers
Zephyr,Mr. Pickwick,5728,pickwick-papers
Hooray,Zephyr,5728,pickwick-papers
Hooray,Mr. Pickwick,5728,pickwick-papers
Mr. Pickwick,Zephyr,5728,pickwick-papers
Mr. Pickwick,Hooray,5728,pickwick-papers
Hem,Shakespeare,5734,pickwick-papers
Hem,Sir,5734,pickwick-papers
Hem,Mary,5734,pickwick-papers
Hem,Sarah,5734,pickwick-papers
Hem,Sir,5734,pickwick-papers
Shakespeare,Hem,5734,pickwick-papers
Shakespeare,Sir,5734,pickwick-papers
Shakespeare,Mary,5734,pickwick-papers
Shakespeare,Sarah,5734,pickwick-papers
Shakespeare,Sir,5734,pickwick-papers
Sir,Hem,5734,pickwick-papers
Sir,Shakespeare,5734,pickwick-papers
Sir,Mary,5734,pickwick-papers
Sir,Sarah,5734,pickwick-papers
Mary,Hem,5734,pickwick-papers
Mary,Shakespeare,5734,pickwick-papers
Mary,Sir,5734,pickwick-papers
Mary,Sarah,5734,pickwick-papers
Mary,Sir,5734,pickwick-papers
Sarah,Hem,5734,pickwick-papers
Sarah,Shakespeare,5734,pickwick-papers
Sarah,Sir,5734,pickwick-papers
Sarah,Mary,5734,pickwick-papers
Sarah,Sir,5734,pickwick-papers
Sir,Hem,5734,pickwick-papers
Sir,Shakespeare,5734,pickwick-papers
Sir,Mary,5734,pickwick-papers
Sir,Sarah,5734,pickwick-papers
Mr. Smangle,Mr. Pickwick,5752,pickwick-papers
Mr. Pickwick,Mr. Smangle,5752,pickwick-papers
Sir,Mr. Pickwick,5760,pickwick-papers
Mr. Pickwick,Sir,5760,pickwick-papers
Smangle,Well,5763,pickwick-papers
Well,Smangle,5763,pickwick-papers
Mr. Mivins,Mr. Smangle,5764,pickwick-papers
Mr. Smangle,Mr. Mivins,5764,pickwick-papers
Mr. Smangle,Mivins,5765,pickwick-papers
Mivins,Mr. Smangle,5765,pickwick-papers
Mr. Pickwick,Mr. Mivins,5766,pickwick-papers
Mr. Mivins,Mr. Pickwick,5766,pickwick-papers
Capital,Run,5775,pickwick-papers
Capital,Smangle,5775,pickwick-papers
Capital,Mr. Pickwick,5775,pickwick-papers
Run,Capital,5775,pickwick-papers
Run,Smangle,5775,pickwick-papers
Run,Mr. Pickwick,5775,pickwick-papers
Smangle,Capital,5775,pickwick-papers
Smangle,Run,5775,pickwick-papers
Smangle,Mr. Pickwick,5775,pickwick-papers
Mr. Pickwick,Capital,5775,pickwick-papers
Mr. Pickwick,Run,5775,pickwick-papers
Mr. Pickwick,Smangle,5775,pickwick-papers
Mr. Pickwick,Mr. Mivins,5776,pickwick-papers
Mr. Pickwick,Mr. Smangle,5776,pickwick-papers
Mr. Mivins,Mr. Pickwick,5776,pickwick-papers
Mr. Mivins,Mr. Smangle,5776,pickwick-papers
Mr. Smangle,Mr. Pickwick,5776,pickwick-papers
Mr. Smangle,Mr. Mivins,5776,pickwick-papers
Mr. Mivins,Mr. Pickwick,5778,pickwick-papers
Mr. Mivins,Mr. Smangle,5778,pickwick-papers
Mr. Pickwick,Mr. Mivins,5778,pickwick-papers
Mr. Pickwick,Mr. Smangle,5778,pickwick-papers
Mr. Smangle,Mr. Mivins,5778,pickwick-papers
Mr. Smangle,Mr. Pickwick,5778,pickwick-papers
Mr. Pickwick,Mr. Smangle,5779,pickwick-papers
Mr. Pickwick,Mr. Smangle,5779,pickwick-papers
Mr. Smangle,Mr. Pickwick,5779,pickwick-papers
Mr. Smangle,Mr. Pickwick,5779,pickwick-papers
Mr. Pickwick,Mr. Smangle,5779,pickwick-papers
Mr. Pickwick,Mr. Smangle,5779,pickwick-papers
Mr. Smangle,Mr. Pickwick,5779,pickwick-papers
Mr. Smangle,Mr. Pickwick,5779,pickwick-papers
Mr. Pickwick,Samuel Weller,5782,pickwick-papers
Mr. Pickwick,Mr. Smangle,5782,pickwick-papers
Mr. Pickwick,Mr. Smangle,5782,pickwick-papers
Mr. Pickwick,Mr. Weller,5782,pickwick-papers
Mr. Pickwick,Sam,5782,pickwick-papers
Mr. Pickwick,Mr. Smangle,5782,pickwick-papers
Mr. Pickwick,Mr. Smangle,5782,pickwick-papers
Samuel Weller,Mr. Pickwick,5782,pickwick-papers
Samuel Weller,Mr. Smangle,5782,pickwick-papers
Samuel Weller,Mr. Smangle,5782,pickwick-papers
Samuel Weller,Mr. Weller,5782,pickwick-papers
Samuel Weller,Sam,5782,pickwick-papers
Samuel Weller,Mr. Smangle,5782,pickwick-papers
Samuel Weller,Mr. Smangle,5782,pickwick-papers
Mr. Smangle,Mr. Pickwick,5782,pickwick-papers
Mr. Smangle,Samuel Weller,5782,pickwick-papers
Mr. Smangle,Mr. Weller,5782,pickwick-papers
Mr. Smangle,Sam,5782,pickwick-papers
Mr. Smangle,Mr. Pickwick,5782,pickwick-papers
Mr. Smangle,Samuel Weller,5782,pickwick-papers
Mr. Smangle,Mr. Weller,5782,pickwick-papers
Mr. Smangle,Sam,5782,pickwick-papers
Mr. Weller,Mr. Pickwick,5782,pickwick-papers
Mr. Weller,Samuel Weller,5782,pickwick-papers
Mr. Weller,Mr. Smangle,5782,pickwick-papers
Mr. Weller,Mr. Smangle,5782,pickwick-papers
Mr. Weller,Sam,5782,pickwick-papers
Mr. Weller,Mr. Smangle,5782,pickwick-papers
Mr. Weller,Mr. Smangle,5782,pickwick-papers
Sam,Mr. Pickwick,5782,pickwick-papers
Sam,Samuel Weller,5782,pickwick-papers
Sam,Mr. Smangle,5782,pickwick-papers
Sam,Mr. Smangle,5782,pickwick-papers
Sam,Mr. Weller,5782,pickwick-papers
Sam,Mr. Smangle,5782,pickwick-papers
Sam,Mr. Smangle,5782,pickwick-papers
Mr. Smangle,Mr. Pickwick,5782,pickwick-papers
Mr. Smangle,Samuel Weller,5782,pickwick-papers
Mr. Smangle,Mr. Weller,5782,pickwick-papers
Mr. Smangle,Sam,5782,pickwick-papers
Mr. Smangle,Mr. Pickwick,5782,pickwick-papers
Mr. Smangle,Samuel Weller,5782,pickwick-papers
Mr. Smangle,Mr. Weller,5782,pickwick-papers
Mr. Smangle,Sam,5782,pickwick-papers
Sir,Sam,5784,pickwick-papers
Sam,Sir,5784,pickwick-papers
Sir,Mr. Smangle,5785,pickwick-papers
Mr. Smangle,Sir,5785,pickwick-papers
Sam,Mr. Smangle,5786,pickwick-papers
Mr. Smangle,Sam,5786,pickwick-papers
Sam,Mr. Smangle,5797,pickwick-papers
Mr. Smangle,Sam,5797,pickwick-papers
Mr. Smangle,Mr. Pickwick,5799,pickwick-papers
Mr. Smangle,Sam,5799,pickwick-papers
Mr. Smangle,Mr. Pickwick,5799,pickwick-papers
Mr. Pickwick,Mr. Smangle,5799,pickwick-papers
Mr. Pickwick,Sam,5799,pickwick-papers
Sam,Mr. Smangle,5799,pickwick-papers
Sam,Mr. Pickwick,5799,pickwick-papers
Sam,Mr. Pickwick,5799,pickwick-papers
Mr. Pickwick,Mr. Smangle,5799,pickwick-papers
Mr. Pickwick,Sam,5799,pickwick-papers
Smangle,Mr. Pickwick,5806,pickwick-papers
Mr. Pickwick,Smangle,5806,pickwick-papers
Sir,Sam,5807,pickwick-papers
Sam,Sir,5807,pickwick-papers
Mr. Smangle,Mr. Pickwick,5808,pickwick-papers
Mr. Pickwick,Mr. Smangle,5808,pickwick-papers
Mr. Weller,Mr. Pickwick,5810,pickwick-papers
Mr. Weller,Mr. Roker,5810,pickwick-papers
Mr. Pickwick,Mr. Weller,5810,pickwick-papers
Mr. Pickwick,Mr. Roker,5810,pickwick-papers
Mr. Roker,Mr. Weller,5810,pickwick-papers
Mr. Roker,Mr. Pickwick,5810,pickwick-papers
Mr.,Pickwick,5818,pickwick-papers
Pickwick,Mr.,5818,pickwick-papers
Mr. Roker,Tom Martin,5821,pickwick-papers
Mr. Roker,Neddy,5821,pickwick-papers
Mr. Roker,Roker,5821,pickwick-papers
Tom Martin,Mr. Roker,5821,pickwick-papers
Tom Martin,Neddy,5821,pickwick-papers
Tom Martin,Roker,5821,pickwick-papers
Neddy,Mr. Roker,5821,pickwick-papers
Neddy,Tom Martin,5821,pickwick-papers
Neddy,Roker,5821,pickwick-papers
Roker,Mr. Roker,5821,pickwick-papers
Roker,Tom Martin,5821,pickwick-papers
Roker,Neddy,5821,pickwick-papers
Mr. Roker,Neddy,5823,pickwick-papers
Neddy,Mr. Roker,5823,pickwick-papers
Simpson,Neddy,5826,pickwick-papers
Simpson,Mr. Roker,5826,pickwick-papers
Neddy,Simpson,5826,pickwick-papers
Neddy,Mr. Roker,5826,pickwick-papers
Mr. Roker,Simpson,5826,pickwick-papers
Mr. Roker,Neddy,5826,pickwick-papers
Simpson,Neddy,5827,pickwick-papers
Neddy,Simpson,5827,pickwick-papers
Mr. Roker,Mr. Pickwick,5830,pickwick-papers
Mr. Pickwick,Mr. Roker,5830,pickwick-papers
Mr.,Pickwick,5841,pickwick-papers
Pickwick,Mr.,5841,pickwick-papers
Roker,Mr. Simpson,5842,pickwick-papers
Mr. Simpson,Roker,5842,pickwick-papers
Mr.,Pickwick,5843,pickwick-papers
Pickwick,Mr.,5843,pickwick-papers
Mr.,Simpson,5844,pickwick-papers
Mr.,Mr. Pickwick,5844,pickwick-papers
Mr.,Mr. Martin,5844,pickwick-papers
Simpson,Mr.,5844,pickwick-papers
Simpson,Mr. Pickwick,5844,pickwick-papers
Simpson,Mr. Martin,5844,pickwick-papers
Mr. Pickwick,Mr.,5844,pickwick-papers
Mr. Pickwick,Simpson,5844,pickwick-papers
Mr. Pickwick,Mr. Martin,5844,pickwick-papers
Mr. Martin,Mr.,5844,pickwick-papers
Mr. Martin,Simpson,5844,pickwick-papers
Mr. Martin,Mr. Pickwick,5844,pickwick-papers
Mr.,Martin,5848,pickwick-papers
Mr.,Mr. Simpson,5848,pickwick-papers
Martin,Mr.,5848,pickwick-papers
Martin,Mr. Simpson,5848,pickwick-papers
Mr. Simpson,Mr.,5848,pickwick-papers
Mr. Simpson,Martin,5848,pickwick-papers
Mr. Roker,Mr. Pickwick,5864,pickwick-papers
Mr. Roker,Neddy,5864,pickwick-papers
Mr. Pickwick,Mr. Roker,5864,pickwick-papers
Mr. Pickwick,Neddy,5864,pickwick-papers
Neddy,Mr. Roker,5864,pickwick-papers
Neddy,Mr. Pickwick,5864,pickwick-papers
Roker,Lord,5870,pickwick-papers
Lord,Roker,5870,pickwick-papers
Sir,Mr. Pickwick,5873,pickwick-papers
Mr. Pickwick,Sir,5873,pickwick-papers
Roker,Mr. Pickwick,5888,pickwick-papers
Mr. Pickwick,Roker,5888,pickwick-papers
Mr. Pickwick,Mr. Job Trotter,5894,pickwick-papers
Mr. Job Trotter,Mr. Pickwick,5894,pickwick-papers
Mr.,Pickwick,5898,pickwick-papers
Mr.,Jingle,5898,pickwick-papers
Mr.,Job,5898,pickwick-papers
Mr.,Mr. Pickwick,5898,pickwick-papers
Pickwick,Mr.,5898,pickwick-papers
Pickwick,Jingle,5898,pickwick-papers
Pickwick,Job,5898,pickwick-papers
Pickwick,Mr. Pickwick,5898,pickwick-papers
Jingle,Mr.,5898,pickwick-papers
Jingle,Pickwick,5898,pickwick-papers
Jingle,Job,5898,pickwick-papers
Jingle,Mr. Pickwick,5898,pickwick-papers
Job,Mr.,5898,pickwick-papers
Job,Pickwick,5898,pickwick-papers
Job,Jingle,5898,pickwick-papers
Job,Mr. Pickwick,5898,pickwick-papers
Mr. Pickwick,Mr.,5898,pickwick-papers
Mr. Pickwick,Pickwick,5898,pickwick-papers
Mr. Pickwick,Jingle,5898,pickwick-papers
Mr. Pickwick,Job,5898,pickwick-papers
Mr. Pickwick,Job,5915,pickwick-papers
Mr. Pickwick,Job,5915,pickwick-papers
Job,Mr. Pickwick,5915,pickwick-papers
Job,Mr. Pickwick,5915,pickwick-papers
Sam,Mr. Pickwick,5916,pickwick-papers
Sam,Mr. Weller,5916,pickwick-papers
Mr. Pickwick,Sam,5916,pickwick-papers
Mr. Pickwick,Mr. Weller,5916,pickwick-papers
Mr. Weller,Sam,5916,pickwick-papers
Mr. Weller,Mr. Pickwick,5916,pickwick-papers
Sam,Mr. Pickwick,5917,pickwick-papers
Mr. Pickwick,Sam,5917,pickwick-papers
Sam,Mr. Pickwick,5925,pickwick-papers
Mr. Pickwick,Sam,5925,pickwick-papers
Mr. Pickwick,Sam,5925,pickwick-papers
Sam,Mr. Pickwick,5925,pickwick-papers
Sir,Mr. Weller,5926,pickwick-papers
Mr. Weller,Sir,5926,pickwick-papers
Mr. Weller,Sir,5926,pickwick-papers
Sir,Mr. Weller,5926,pickwick-papers
Sam,Mr. Pickwick,5927,pickwick-papers
Mr. Pickwick,Sam,5927,pickwick-papers
Sir,Mr. Weller,5928,pickwick-papers
Mr. Weller,Sir,5928,pickwick-papers
Sam,Mr. Pickwick,5929,pickwick-papers
Mr. Pickwick,Sam,5929,pickwick-papers
Mr. Pickwick,Sam,5929,pickwick-papers
Sam,Mr. Pickwick,5929,pickwick-papers
Sir,Mr. Weller,5930,pickwick-papers
Mr. Weller,Sir,5930,pickwick-papers
Sam,Mr. Pickwick,5931,pickwick-papers
Mr. Pickwick,Sam,5931,pickwick-papers
Sam,Mr. Pickwick,5933,pickwick-papers
Sam,Mr. Pickwick,5933,pickwick-papers
Mr. Pickwick,Sam,5933,pickwick-papers
Mr. Pickwick,Sam,5933,pickwick-papers
Sam,Mr. Pickwick,5933,pickwick-papers
Sam,Mr. Pickwick,5933,pickwick-papers
Mr. Pickwick,Sam,5933,pickwick-papers
Mr. Pickwick,Sam,5933,pickwick-papers
Mr. Pickwick,Sam,5935,pickwick-papers
Sam,Mr. Pickwick,5935,pickwick-papers
Sam,Mr. Pickwick,5935,pickwick-papers
Mr. Pickwick,Sam,5935,pickwick-papers
Sir,Mr. Weller,5936,pickwick-papers
Mr. Weller,Sir,5936,pickwick-papers
Sam,Mr. Pickwick,5937,pickwick-papers
Mr. Pickwick,Sam,5937,pickwick-papers
Rules,George,5948,pickwick-papers
George,Rules,5948,pickwick-papers
Mr.,Solomon Pell,5949,pickwick-papers
Mr.,Nature,5949,pickwick-papers
Solomon Pell,Mr.,5949,pickwick-papers
Solomon Pell,Nature,5949,pickwick-papers
Nature,Mr.,5949,pickwick-papers
Nature,Solomon Pell,5949,pickwick-papers
Mr.,Pell,5957,pickwick-papers
Mr.,Mr. Weller,5957,pickwick-papers
Pell,Mr.,5957,pickwick-papers
Pell,Mr. Weller,5957,pickwick-papers
Mr. Weller,Mr.,5957,pickwick-papers
Mr. Weller,Pell,5957,pickwick-papers
George,Mr. Weller,5959,pickwick-papers
Mr. Weller,George,5959,pickwick-papers
Pell,Mr. Weller,5966,pickwick-papers
Mr. Weller,Pell,5966,pickwick-papers
Mr.,Weller,5967,pickwick-papers
Mr.,Mr. Pell,5967,pickwick-papers
Mr.,George,5967,pickwick-papers
Weller,Mr.,5967,pickwick-papers
Weller,Mr. Pell,5967,pickwick-papers
Weller,George,5967,pickwick-papers
Mr. Pell,Mr.,5967,pickwick-papers
Mr. Pell,Weller,5967,pickwick-papers
Mr. Pell,George,5967,pickwick-papers
George,Mr.,5967,pickwick-papers
George,Weller,5967,pickwick-papers
George,Mr. Pell,5967,pickwick-papers
Mr.,Weller,5970,pickwick-papers
Weller,Mr.,5970,pickwick-papers
Sir,Mr. Weller,5976,pickwick-papers
Mr. Weller,Sir,5976,pickwick-papers
Mr. Pell,Hem,5977,pickwick-papers
Hem,Mr. Pell,5977,pickwick-papers
Mr. Weller,Sir,5993,pickwick-papers
Sir,Mr. Weller,5993,pickwick-papers
Sir,Mr. Pell,5994,pickwick-papers
Sir,Mr. Pell,5994,pickwick-papers
Mr. Pell,Sir,5994,pickwick-papers
Mr. Pell,Sir,5994,pickwick-papers
Sir,Mr. Pell,5994,pickwick-papers
Sir,Mr. Pell,5994,pickwick-papers
Mr. Pell,Sir,5994,pickwick-papers
Mr. Pell,Sir,5994,pickwick-papers
Mr.,Weller,5996,pickwick-papers
Weller,Mr.,5996,pickwick-papers
Sammy,Mr. Weller,6001,pickwick-papers
Sammy,Mr. Weller,6001,pickwick-papers
Mr. Weller,Sammy,6001,pickwick-papers
Mr. Weller,Sammy,6001,pickwick-papers
Mr. Weller,Sammy,6001,pickwick-papers
Sammy,Mr. Weller,6001,pickwick-papers
Sammy,Mr. Weller,6001,pickwick-papers
Sammy,Mr. Weller,6001,pickwick-papers
Sammy,Mr. Weller,6001,pickwick-papers
Mr. Weller,Sammy,6001,pickwick-papers
Mr. Weller,Sammy,6001,pickwick-papers
Mr. Weller,Sammy,6001,pickwick-papers
Mr.,Weller,6003,pickwick-papers
Weller,Mr.,6003,pickwick-papers
Sam,Granby,6004,pickwick-papers
Granby,Sam,6004,pickwick-papers
Granby,Sammy,6005,pickwick-papers
Granby,Mr. Weller,6005,pickwick-papers
Sammy,Granby,6005,pickwick-papers
Sammy,Mr. Weller,6005,pickwick-papers
Mr. Weller,Granby,6005,pickwick-papers
Mr. Weller,Sammy,6005,pickwick-papers
Mr.,Weller,6011,pickwick-papers
Weller,Mr.,6011,pickwick-papers
Sam,Mr. Pickwick,6015,pickwick-papers
Sam,Mr. Pickwick,6015,pickwick-papers
Mr. Pickwick,Sam,6015,pickwick-papers
Mr. Pickwick,Sam,6015,pickwick-papers
Mr. Weller,Samivel,6016,pickwick-papers
Samivel,Mr. Weller,6016,pickwick-papers
Sammy,Mr. Weller,6018,pickwick-papers
Mr. Weller,Sammy,6018,pickwick-papers
Sammy,Mr. Weller,6020,pickwick-papers
Sammy,Roast,6020,pickwick-papers
Mr. Weller,Sammy,6020,pickwick-papers
Mr. Weller,Roast,6020,pickwick-papers
Mr. Weller,Sammy,6020,pickwick-papers
Roast,Sammy,6020,pickwick-papers
Roast,Mr. Weller,6020,pickwick-papers
Roast,Sammy,6020,pickwick-papers
Sammy,Mr. Weller,6020,pickwick-papers
Sammy,Roast,6020,pickwick-papers
Samivel,Mr. Weller,6022,pickwick-papers
Mr. Weller,Samivel,6022,pickwick-papers
Sam,Nixon,6025,pickwick-papers
Nixon,Sam,6025,pickwick-papers
Sammy,Mr. Weller,6026,pickwick-papers
Mr. Weller,Sammy,6026,pickwick-papers
Sammy,Mr. Weller,6032,pickwick-papers
Sammy,Mr. Weller,6032,pickwick-papers
Mr. Weller,Sammy,6032,pickwick-papers
Mr. Weller,Sammy,6032,pickwick-papers
Sammy,Mr. Weller,6032,pickwick-papers
Sammy,Mr. Weller,6032,pickwick-papers
Mr. Weller,Sammy,6032,pickwick-papers
Mr. Weller,Sammy,6032,pickwick-papers
Sammy,Mr. Weller,6034,pickwick-papers
Mr. Weller,Sammy,6034,pickwick-papers
Mr. Weller,Sammy,6036,pickwick-papers
Sammy,Mr. Weller,6036,pickwick-papers
Sam,Weller,6037,pickwick-papers
Weller,Sam,6037,pickwick-papers
Sam,Mr. Weller,6042,pickwick-papers
Mr. Weller,Sam,6042,pickwick-papers
Sammy,Mr. Weller,6044,pickwick-papers
Mr. Weller,Sammy,6044,pickwick-papers
Mr. Weller,Sammy,6044,pickwick-papers
Sammy,Mr. Weller,6044,pickwick-papers
Mr. Weller,Sam,6045,pickwick-papers
Sam,Mr. Weller,6045,pickwick-papers
Mr. Weller,Solomon Pell,6052,pickwick-papers
Mr. Weller,Samuel Weller,6052,pickwick-papers
Mr. Weller,Solomon Pell,6052,pickwick-papers
Solomon Pell,Mr. Weller,6052,pickwick-papers
Solomon Pell,Samuel Weller,6052,pickwick-papers
Samuel Weller,Mr. Weller,6052,pickwick-papers
Samuel Weller,Solomon Pell,6052,pickwick-papers
Samuel Weller,Solomon Pell,6052,pickwick-papers
Solomon Pell,Mr. Weller,6052,pickwick-papers
Solomon Pell,Samuel Weller,6052,pickwick-papers
Sam,Mr. Weller,6053,pickwick-papers
Mr. Weller,Sam,6053,pickwick-papers
Sam,Mr. Weller,6054,pickwick-papers
Mr. Weller,Sam,6054,pickwick-papers
Bold,Turpin,6061,pickwick-papers
Turpin,Bold,6061,pickwick-papers
Set,Dick,6065,pickwick-papers
Dick,Set,6065,pickwick-papers
Mr. Weller,Mr. Pell,6071,pickwick-papers
Mr. Pell,Mr. Weller,6071,pickwick-papers
Sammy,Mr. Weller,6072,pickwick-papers
Mr. Weller,Sammy,6072,pickwick-papers
Mr. Solomon Pell,Benjamin,6080,pickwick-papers
Mr. Solomon Pell,Mr. Pell,6080,pickwick-papers
Mr. Solomon Pell,Mr. Weller,6080,pickwick-papers
Benjamin,Mr. Solomon Pell,6080,pickwick-papers
Benjamin,Mr. Pell,6080,pickwick-papers
Benjamin,Mr. Weller,6080,pickwick-papers
Mr. Pell,Mr. Solomon Pell,6080,pickwick-papers
Mr. Pell,Benjamin,6080,pickwick-papers
Mr. Pell,Mr. Weller,6080,pickwick-papers
Mr. Weller,Mr. Solomon Pell,6080,pickwick-papers
Mr. Weller,Benjamin,6080,pickwick-papers
Mr. Weller,Mr. Pell,6080,pickwick-papers
Mr. Weller,Sir,6081,pickwick-papers
Mr. Weller,Mr. Pell,6081,pickwick-papers
Mr. Weller,Sir,6081,pickwick-papers
Mr. Weller,Mr. Pell,6081,pickwick-papers
Sir,Mr. Weller,6081,pickwick-papers
Sir,Mr. Weller,6081,pickwick-papers
Sir,Mr. Pell,6081,pickwick-papers
Mr. Pell,Mr. Weller,6081,pickwick-papers
Mr. Pell,Mr. Weller,6081,pickwick-papers
Mr. Pell,Sir,6081,pickwick-papers
Sir,Mr. Pell,6083,pickwick-papers
Mr. Pell,Sir,6083,pickwick-papers
Sir,Mr. Weller,6084,pickwick-papers
Mr. Weller,Sir,6084,pickwick-papers
Mr. Weller,Sir,6084,pickwick-papers
Mr. Weller,Sir,6084,pickwick-papers
Sir,Mr. Weller,6084,pickwick-papers
Sir,Mr. Weller,6084,pickwick-papers
Sam,Mr. Pickwick,6090,pickwick-papers
Mr. Pickwick,Sam,6090,pickwick-papers
Mr. Pickwick,Sam,6090,pickwick-papers
Sam,Mr. Pickwick,6090,pickwick-papers
Mr. Pickwick,Sam,6096,pickwick-papers
Sam,Mr. Pickwick,6096,pickwick-papers
Cause,Sam,6097,pickwick-papers
Sam,Cause,6097,pickwick-papers
Sir,Sam,6099,pickwick-papers
Sam,Sir,6099,pickwick-papers
Mr.,Pickwick,6102,pickwick-papers
Pickwick,Mr.,6102,pickwick-papers
Mr. Pickwick,Sam,6104,pickwick-papers
Sam,Mr. Pickwick,6104,pickwick-papers
Sir,Sam,6107,pickwick-papers
Sam,Sir,6107,pickwick-papers
Sir,Sam,6109,pickwick-papers
Sam,Sir,6109,pickwick-papers
Sir,Sam,6111,pickwick-papers
Sam,Sir,6111,pickwick-papers
Mr.,Pickwick,6115,pickwick-papers
Mr.,Sam,6115,pickwick-papers
Mr.,Sam,6115,pickwick-papers
Mr.,Mr. Weller,6115,pickwick-papers
Pickwick,Mr.,6115,pickwick-papers
Pickwick,Sam,6115,pickwick-papers
Pickwick,Sam,6115,pickwick-papers
Pickwick,Mr. Weller,6115,pickwick-papers
Sam,Mr.,6115,pickwick-papers
Sam,Pickwick,6115,pickwick-papers
Sam,Mr. Weller,6115,pickwick-papers
Sam,Mr.,6115,pickwick-papers
Sam,Pickwick,6115,pickwick-papers
Sam,Mr. Weller,6115,pickwick-papers
Mr. Weller,Mr.,6115,pickwick-papers
Mr. Weller,Pickwick,6115,pickwick-papers
Mr. Weller,Sam,6115,pickwick-papers
Mr. Weller,Sam,6115,pickwick-papers
Sam,Mr. Pickwick,6117,pickwick-papers
Mr. Pickwick,Sam,6117,pickwick-papers
Sam,Mr. Pickwick,6121,pickwick-papers
Mr. Pickwick,Sam,6121,pickwick-papers
Mr. Pickwick,Mr. Weller,6123,pickwick-papers
Mr. Weller,Mr. Pickwick,6123,pickwick-papers
Sir,Sam,6124,pickwick-papers
Sir,Mr. Weller,6124,pickwick-papers
Sam,Sir,6124,pickwick-papers
Sam,Sir,6124,pickwick-papers
Sam,Mr. Weller,6124,pickwick-papers
Sir,Sam,6124,pickwick-papers
Sir,Mr. Weller,6124,pickwick-papers
Mr. Weller,Sir,6124,pickwick-papers
Mr. Weller,Sam,6124,pickwick-papers
Mr. Weller,Sir,6124,pickwick-papers
Sam,Mr. Pickwick,6125,pickwick-papers
Mr. Pickwick,Sam,6125,pickwick-papers
Mr. Pickwick,Sam,6125,pickwick-papers
Sam,Mr. Pickwick,6125,pickwick-papers
Sir,Mr. Weller,6128,pickwick-papers
Sir,Vell,6128,pickwick-papers
Sir,Kensington,6128,pickwick-papers
Sir,Robinson Crusoe,6128,pickwick-papers
Sir,Wot,6128,pickwick-papers
Sir,Wot,6128,pickwick-papers
Mr. Weller,Sir,6128,pickwick-papers
Mr. Weller,Vell,6128,pickwick-papers
Mr. Weller,Sir,6128,pickwick-papers
Mr. Weller,Kensington,6128,pickwick-papers
Mr. Weller,Robinson Crusoe,6128,pickwick-papers
Mr. Weller,Wot,6128,pickwick-papers
Mr. Weller,Wot,6128,pickwick-papers
Mr. Weller,Sir,6128,pickwick-papers
Mr. Weller,Sir,6128,pickwick-papers
Vell,Sir,6128,pickwick-papers
Vell,Mr. Weller,6128,pickwick-papers
Vell,Sir,6128,pickwick-papers
Vell,Kensington,6128,pickwick-papers
Vell,Robinson Crusoe,6128,pickwick-papers
Vell,Wot,6128,pickwick-papers
Vell,Wot,6128,pickwick-papers
Vell,Sir,6128,pickwick-papers
Vell,Sir,6128,pickwick-papers
Sir,Mr. Weller,6128,pickwick-papers
Sir,Vell,6128,pickwick-papers
Sir,Kensington,6128,pickwick-papers
Sir,Robinson Crusoe,6128,pickwick-papers
Sir,Wot,6128,pickwick-papers
Sir,Wot,6128,pickwick-papers
Kensington,Sir,6128,pickwick-papers
Kensington,Mr. Weller,6128,pickwick-papers
Kensington,Vell,6128,pickwick-papers
Kensington,Sir,6128,pickwick-papers
Kensington,Robinson Crusoe,6128,pickwick-papers
Kensington,Wot,6128,pickwick-papers
Kensington,Wot,6128,pickwick-papers
Kensington,Sir,6128,pickwick-papers
Kensington,Sir,6128,pickwick-papers
Robinson Crusoe,Sir,6128,pickwick-papers
Robinson Crusoe,Mr. Weller,6128,pickwick-papers
Robinson Crusoe,Vell,6128,pickwick-papers
Robinson Crusoe,Sir,6128,pickwick-papers
Robinson Crusoe,Kensington,6128,pickwick-papers
Robinson Crusoe,Wot,6128,pickwick-papers
Robinson Crusoe,Wot,6128,pickwick-papers
Robinson Crusoe,Sir,6128,pickwick-papers
Robinson Crusoe,Sir,6128,pickwick-papers
Wot,Sir,6128,pickwick-papers
Wot,Mr. Weller,6128,pickwick-papers
Wot,Vell,6128,pickwick-papers
Wot,Sir,6128,pickwick-papers
Wot,Kensington,6128,pickwick-papers
Wot,Robinson Crusoe,6128,pickwick-papers
Wot,Sir,6128,pickwick-papers
Wot,Sir,6128,pickwick-papers
Wot,Sir,6128,pickwick-papers
Wot,Mr. Weller,6128,pickwick-papers
Wot,Vell,6128,pickwick-papers
Wot,Sir,6128,pickwick-papers
Wot,Kensington,6128,pickwick-papers
Wot,Robinson Crusoe,6128,pickwick-papers
Wot,Sir,6128,pickwick-papers
Wot,Sir,6128,pickwick-papers
Sir,Mr. Weller,6128,pickwick-papers
Sir,Vell,6128,pickwick-papers
Sir,Kensington,6128,pickwick-papers
Sir,Robinson Crusoe,6128,pickwick-papers
Sir,Wot,6128,pickwick-papers
Sir,Wot,6128,pickwick-papers
Sir,Mr. Weller,6128,pickwick-papers
Sir,Vell,6128,pickwick-papers
Sir,Kensington,6128,pickwick-papers
Sir,Robinson Crusoe,6128,pickwick-papers
Sir,Wot,6128,pickwick-papers
Sir,Wot,6128,pickwick-papers
Sir,Sam,6130,pickwick-papers
Sam,Sir,6130,pickwick-papers
Mr. Weller,Mr. Pickwick,6131,pickwick-papers
Mr. Weller,Mr. Roker,6131,pickwick-papers
Mr. Pickwick,Mr. Weller,6131,pickwick-papers
Mr. Pickwick,Mr. Weller,6131,pickwick-papers
Mr. Pickwick,Mr. Roker,6131,pickwick-papers
Mr. Weller,Mr. Pickwick,6131,pickwick-papers
Mr. Weller,Mr. Roker,6131,pickwick-papers
Mr. Roker,Mr. Weller,6131,pickwick-papers
Mr. Roker,Mr. Pickwick,6131,pickwick-papers
Mr. Roker,Mr. Weller,6131,pickwick-papers
God,Him,6157,pickwick-papers
Him,God,6157,pickwick-papers
Paul,Churchyard,6173,pickwick-papers
Paul,Chancery,6173,pickwick-papers
Paul,God,6173,pickwick-papers
Churchyard,Paul,6173,pickwick-papers
Churchyard,Chancery,6173,pickwick-papers
Churchyard,God,6173,pickwick-papers
Chancery,Paul,6173,pickwick-papers
Chancery,Churchyard,6173,pickwick-papers
Chancery,God,6173,pickwick-papers
God,Paul,6173,pickwick-papers
God,Churchyard,6173,pickwick-papers
God,Chancery,6173,pickwick-papers
Mr.,Pickwick,6175,pickwick-papers
Mr.,Mr. Pickwick,6175,pickwick-papers
Mr.,Mr. Smangle,6175,pickwick-papers
Pickwick,Mr.,6175,pickwick-papers
Pickwick,Mr. Pickwick,6175,pickwick-papers
Pickwick,Mr. Smangle,6175,pickwick-papers
Mr. Pickwick,Mr.,6175,pickwick-papers
Mr. Pickwick,Pickwick,6175,pickwick-papers
Mr. Pickwick,Mr. Smangle,6175,pickwick-papers
Mr. Smangle,Mr.,6175,pickwick-papers
Mr. Smangle,Pickwick,6175,pickwick-papers
Mr. Smangle,Mr. Pickwick,6175,pickwick-papers
Mr. Pickwick,Smangle,6178,pickwick-papers
Smangle,Mr. Pickwick,6178,pickwick-papers
Mr. Pickwick,Sir,6180,pickwick-papers
Mr. Pickwick,Smangle,6180,pickwick-papers
Mr. Pickwick,Drury Lane Theatre,6180,pickwick-papers
Sir,Mr. Pickwick,6180,pickwick-papers
Sir,Smangle,6180,pickwick-papers
Sir,Drury Lane Theatre,6180,pickwick-papers
Smangle,Mr. Pickwick,6180,pickwick-papers
Smangle,Sir,6180,pickwick-papers
Smangle,Drury Lane Theatre,6180,pickwick-papers
Drury Lane Theatre,Mr. Pickwick,6180,pickwick-papers
Drury Lane Theatre,Sir,6180,pickwick-papers
Drury Lane Theatre,Smangle,6180,pickwick-papers
Smangle,Damme,6182,pickwick-papers
Damme,Smangle,6182,pickwick-papers
Mr. Smangle,Mr. Pickwick,6183,pickwick-papers
Mr. Pickwick,Mr. Smangle,6183,pickwick-papers
Mr. Smangle,Sir,6184,pickwick-papers
Sir,Mr. Smangle,6184,pickwick-papers
Smangle,Mr. Pickwick,6189,pickwick-papers
Mr. Pickwick,Smangle,6189,pickwick-papers
Mr.,Pickwick,6191,pickwick-papers
Mr.,Mr. Smangle,6191,pickwick-papers
Mr.,Mr. Pickwick,6191,pickwick-papers
Pickwick,Mr.,6191,pickwick-papers
Pickwick,Mr. Smangle,6191,pickwick-papers
Pickwick,Mr. Pickwick,6191,pickwick-papers
Mr. Smangle,Mr.,6191,pickwick-papers
Mr. Smangle,Pickwick,6191,pickwick-papers
Mr. Smangle,Mr. Pickwick,6191,pickwick-papers
Mr. Pickwick,Mr.,6191,pickwick-papers
Mr. Pickwick,Pickwick,6191,pickwick-papers
Mr. Pickwick,Mr. Smangle,6191,pickwick-papers
Mr. Pickwick,Mr. Tupman,6192,pickwick-papers
Mr. Pickwick,Mr. Winkle,6192,pickwick-papers
Mr. Pickwick,Mr. Snodgrass,6192,pickwick-papers
Mr. Tupman,Mr. Pickwick,6192,pickwick-papers
Mr. Tupman,Mr. Winkle,6192,pickwick-papers
Mr. Tupman,Mr. Snodgrass,6192,pickwick-papers
Mr. Winkle,Mr. Pickwick,6192,pickwick-papers
Mr. Winkle,Mr. Tupman,6192,pickwick-papers
Mr. Winkle,Mr. Snodgrass,6192,pickwick-papers
Mr. Snodgrass,Mr. Pickwick,6192,pickwick-papers
Mr. Snodgrass,Mr. Tupman,6192,pickwick-papers
Mr. Snodgrass,Mr. Winkle,6192,pickwick-papers
Mr. Tupman,Mr. Snodgrass,6193,pickwick-papers
Mr. Tupman,Mr. Winkle,6193,pickwick-papers
Mr. Snodgrass,Mr. Tupman,6193,pickwick-papers
Mr. Snodgrass,Mr. Winkle,6193,pickwick-papers
Mr. Winkle,Mr. Tupman,6193,pickwick-papers
Mr. Winkle,Mr. Snodgrass,6193,pickwick-papers
Sam,Velcome,6194,pickwick-papers
Velcome,Sam,6194,pickwick-papers
Mr. Pickwick,Sam,6195,pickwick-papers
Sam,Mr. Pickwick,6195,pickwick-papers
Sam,Sir,6199,pickwick-papers
Sir,Sam,6199,pickwick-papers
Sam,Mr. Winkle,6200,pickwick-papers
Mr. Winkle,Sam,6200,pickwick-papers
Mr. Winkle,Mr. Pickwick,6201,pickwick-papers
Mr. Pickwick,Mr. Winkle,6201,pickwick-papers
Mr. Winkle,Mr. Pickwick,6203,pickwick-papers
Mr. Winkle,Sam,6203,pickwick-papers
Mr. Pickwick,Mr. Winkle,6203,pickwick-papers
Mr. Pickwick,Sam,6203,pickwick-papers
Sam,Mr. Winkle,6203,pickwick-papers
Sam,Mr. Pickwick,6203,pickwick-papers
Mr.,Pickwick,6204,pickwick-papers
Pickwick,Mr.,6204,pickwick-papers
Mr. Winkle,Sam,6205,pickwick-papers
Sam,Mr. Winkle,6205,pickwick-papers
Mr. Winkle,Mr. Pickwick,6206,pickwick-papers
Mr. Winkle,Sam,6206,pickwick-papers
Mr. Winkle,Sam,6206,pickwick-papers
Mr. Pickwick,Mr. Winkle,6206,pickwick-papers
Mr. Pickwick,Sam,6206,pickwick-papers
Mr. Pickwick,Sam,6206,pickwick-papers
Mr. Pickwick,Mr. Winkle,6206,pickwick-papers
Sam,Mr. Winkle,6206,pickwick-papers
Sam,Mr. Pickwick,6206,pickwick-papers
Sam,Mr. Winkle,6206,pickwick-papers
Sam,Mr. Winkle,6206,pickwick-papers
Sam,Mr. Pickwick,6206,pickwick-papers
Sam,Mr. Winkle,6206,pickwick-papers
Mr. Winkle,Mr. Pickwick,6206,pickwick-papers
Mr. Winkle,Sam,6206,pickwick-papers
Mr. Winkle,Sam,6206,pickwick-papers
Sam,Mr. Pickwick,6207,pickwick-papers
Mr. Pickwick,Sam,6207,pickwick-papers
Sam,Mr. Pickwick,6209,pickwick-papers
Mr. Pickwick,Sam,6209,pickwick-papers
Mr. Weller,Sam,6210,pickwick-papers
Mr. Weller,Mr. Winkle,6210,pickwick-papers
Sam,Mr. Weller,6210,pickwick-papers
Sam,Mr. Winkle,6210,pickwick-papers
Mr. Winkle,Mr. Weller,6210,pickwick-papers
Mr. Winkle,Sam,6210,pickwick-papers
Mr. Pickwick,Mr. Winkle,6212,pickwick-papers
Mr. Pickwick,Mr. Weller,6212,pickwick-papers
Mr. Winkle,Mr. Pickwick,6212,pickwick-papers
Mr. Winkle,Mr. Weller,6212,pickwick-papers
Mr. Weller,Mr. Pickwick,6212,pickwick-papers
Mr. Weller,Mr. Winkle,6212,pickwick-papers
Mr. Winkle,Mr. Tupman,6214,pickwick-papers
Mr. Winkle,Mr. Snodgrass,6214,pickwick-papers
Mr. Winkle,Mr. Pickwick,6214,pickwick-papers
Mr. Tupman,Mr. Winkle,6214,pickwick-papers
Mr. Tupman,Mr. Snodgrass,6214,pickwick-papers
Mr. Tupman,Mr. Pickwick,6214,pickwick-papers
Mr. Snodgrass,Mr. Winkle,6214,pickwick-papers
Mr. Snodgrass,Mr. Tupman,6214,pickwick-papers
Mr. Snodgrass,Mr. Pickwick,6214,pickwick-papers
Mr. Pickwick,Mr. Winkle,6214,pickwick-papers
Mr. Pickwick,Mr. Tupman,6214,pickwick-papers
Mr. Pickwick,Mr. Snodgrass,6214,pickwick-papers
Mr. Pickwick,Sam Weller,6227,pickwick-papers
Mr. Pickwick,Mr. Winkle,6227,pickwick-papers
Sam Weller,Mr. Pickwick,6227,pickwick-papers
Sam Weller,Mr. Winkle,6227,pickwick-papers
Mr. Winkle,Mr. Pickwick,6227,pickwick-papers
Mr. Winkle,Sam Weller,6227,pickwick-papers
Sir,Sam,6231,pickwick-papers
Sam,Sir,6231,pickwick-papers
Sir,Mr. Roker,6236,pickwick-papers
Mr. Roker,Sir,6236,pickwick-papers
Sir,Mr. Roker,6238,pickwick-papers
Mr. Roker,Sir,6238,pickwick-papers
Sir,Roker,6240,pickwick-papers
Roker,Sir,6240,pickwick-papers
Sir,Roker,6242,pickwick-papers
Roker,Sir,6242,pickwick-papers
Roker,Sir,6248,pickwick-papers
Sir,Roker,6248,pickwick-papers
Roker,Mr. Pickwick,6250,pickwick-papers
Mr. Pickwick,Roker,6250,pickwick-papers
Mr. Samuel Weller,Sam,6264,pickwick-papers
Sam,Mr. Samuel Weller,6264,pickwick-papers
Sam,Wot,6272,pickwick-papers
Wot,Sam,6272,pickwick-papers
Sammy,Mr. Weller,6275,pickwick-papers
Mr. Weller,Sammy,6275,pickwick-papers
Sammy,Mr. Weller,6277,pickwick-papers
Mr. Weller,Sammy,6277,pickwick-papers
Mr. Weller,Sammy,6277,pickwick-papers
Sammy,Mr. Weller,6277,pickwick-papers
Mr. Weller,Sam,6278,pickwick-papers
Sam,Mr. Weller,6278,pickwick-papers
Samivel,Mr. Weller,6282,pickwick-papers
Mr. Weller,Samivel,6282,pickwick-papers
Mr.,Weller,6284,pickwick-papers
Weller,Mr.,6284,pickwick-papers
Sammy,Mr. Weller,6289,pickwick-papers
Mr. Weller,Sammy,6289,pickwick-papers
Mr. Weller,Sam,6290,pickwick-papers
Sam,Mr. Weller,6290,pickwick-papers
Samivel,Mr. Weller,6291,pickwick-papers
Samivel,Sammy,6291,pickwick-papers
Mr. Weller,Samivel,6291,pickwick-papers
Mr. Weller,Sammy,6291,pickwick-papers
Sammy,Samivel,6291,pickwick-papers
Sammy,Mr. Weller,6291,pickwick-papers
Mr. Weller,Samivel,6295,pickwick-papers
Mr. Weller,Ve,6295,pickwick-papers
Mr. Weller,Sammy,6295,pickwick-papers
Samivel,Mr. Weller,6295,pickwick-papers
Samivel,Ve,6295,pickwick-papers
Samivel,Sammy,6295,pickwick-papers
Samivel,Mr. Weller,6295,pickwick-papers
Samivel,Mr. Weller,6295,pickwick-papers
Ve,Mr. Weller,6295,pickwick-papers
Ve,Samivel,6295,pickwick-papers
Ve,Sammy,6295,pickwick-papers
Ve,Mr. Weller,6295,pickwick-papers
Ve,Mr. Weller,6295,pickwick-papers
Sammy,Mr. Weller,6295,pickwick-papers
Sammy,Samivel,6295,pickwick-papers
Sammy,Ve,6295,pickwick-papers
Sammy,Mr. Weller,6295,pickwick-papers
Sammy,Mr. Weller,6295,pickwick-papers
Mr. Weller,Samivel,6295,pickwick-papers
Mr. Weller,Ve,6295,pickwick-papers
Mr. Weller,Sammy,6295,pickwick-papers
Mr. Weller,Samivel,6295,pickwick-papers
Mr. Weller,Ve,6295,pickwick-papers
Mr. Weller,Sammy,6295,pickwick-papers
Sammy,Samivel,6297,pickwick-papers
Samivel,Sammy,6297,pickwick-papers
Mr. Weller,Sammy,6305,pickwick-papers
Mr. Weller,Samivel,6305,pickwick-papers
Sammy,Mr. Weller,6305,pickwick-papers
Sammy,Samivel,6305,pickwick-papers
Samivel,Mr. Weller,6305,pickwick-papers
Samivel,Sammy,6305,pickwick-papers
Mr.,Stiggins,6310,pickwick-papers
Stiggins,Mr.,6310,pickwick-papers
Sam,Sir,6313,pickwick-papers
Sir,Sam,6313,pickwick-papers
Sir,Sam,6315,pickwick-papers
Sam,Sir,6315,pickwick-papers
Sam,Sir,6317,pickwick-papers
Sam,Wery,6317,pickwick-papers
Sam,Sir,6317,pickwick-papers
Sir,Sam,6317,pickwick-papers
Sir,Wery,6317,pickwick-papers
Wery,Sam,6317,pickwick-papers
Wery,Sir,6317,pickwick-papers
Wery,Sir,6317,pickwick-papers
Sir,Sam,6317,pickwick-papers
Sir,Wery,6317,pickwick-papers
Mr. Weller,Simon Without,6331,pickwick-papers
Simon Without,Mr. Weller,6331,pickwick-papers
Mr. Stiggins,Warm,6339,pickwick-papers
Mr. Stiggins,Warm,6339,pickwick-papers
Warm,Mr. Stiggins,6339,pickwick-papers
Warm,Mr. Stiggins,6339,pickwick-papers
Sammy,Wery,6344,pickwick-papers
Wery,Sammy,6344,pickwick-papers
Wery,Sammy,6344,pickwick-papers
Sammy,Wery,6344,pickwick-papers
Mr. Weller,Mr. Stiggins,6346,pickwick-papers
Mr. Weller,Mr. Stiggins,6346,pickwick-papers
Mr. Stiggins,Mr. Weller,6346,pickwick-papers
Mr. Stiggins,Mr. Weller,6346,pickwick-papers
Mr. Stiggins,Mr. Weller,6346,pickwick-papers
Mr. Stiggins,Mr. Weller,6346,pickwick-papers
Mr. Weller,Mr. Stiggins,6346,pickwick-papers
Mr. Weller,Mr. Stiggins,6346,pickwick-papers
Sammy,Mr. Weller,6348,pickwick-papers
Mr. Weller,Sammy,6348,pickwick-papers
Sam,Sir,6349,pickwick-papers
Sir,Sam,6349,pickwick-papers
Mr.,Stiggins,6350,pickwick-papers
Mr.,Sam,6350,pickwick-papers
Stiggins,Mr.,6350,pickwick-papers
Stiggins,Sam,6350,pickwick-papers
Sam,Mr.,6350,pickwick-papers
Sam,Stiggins,6350,pickwick-papers
Mr. Weller,Mr. Stiggins,6352,pickwick-papers
Mr. Stiggins,Mr. Weller,6352,pickwick-papers
Samivel,Mr. Stiggins,6353,pickwick-papers
Mr. Stiggins,Samivel,6353,pickwick-papers
Mr.,Weller,6356,pickwick-papers
Mr.,Mr. Stiggins,6356,pickwick-papers
Mr.,Mr. Stiggins,6356,pickwick-papers
Mr.,Mr. Samuel,6356,pickwick-papers
Mr.,Which,6356,pickwick-papers
Weller,Mr.,6356,pickwick-papers
Weller,Mr. Stiggins,6356,pickwick-papers
Weller,Mr. Stiggins,6356,pickwick-papers
Weller,Mr. Samuel,6356,pickwick-papers
Weller,Which,6356,pickwick-papers
Mr. Stiggins,Mr.,6356,pickwick-papers
Mr. Stiggins,Weller,6356,pickwick-papers
Mr. Stiggins,Mr. Samuel,6356,pickwick-papers
Mr. Stiggins,Which,6356,pickwick-papers
Mr. Stiggins,Mr.,6356,pickwick-papers
Mr. Stiggins,Weller,6356,pickwick-papers
Mr. Stiggins,Mr. Samuel,6356,pickwick-papers
Mr. Stiggins,Which,6356,pickwick-papers
Mr. Samuel,Mr.,6356,pickwick-papers
Mr. Samuel,Weller,6356,pickwick-papers
Mr. Samuel,Mr. Stiggins,6356,pickwick-papers
Mr. Samuel,Mr. Stiggins,6356,pickwick-papers
Mr. Samuel,Which,6356,pickwick-papers
Which,Mr.,6356,pickwick-papers
Which,Weller,6356,pickwick-papers
Which,Mr. Stiggins,6356,pickwick-papers
Which,Mr. Stiggins,6356,pickwick-papers
Which,Mr. Samuel,6356,pickwick-papers
Mr.,Stiggins,6358,pickwick-papers
Stiggins,Mr.,6358,pickwick-papers
Weller,Sam,6359,pickwick-papers
Sam,Weller,6359,pickwick-papers
Mr. Stiggins,Weller,6368,pickwick-papers
Mr. Stiggins,Sam,6368,pickwick-papers
Weller,Mr. Stiggins,6368,pickwick-papers
Weller,Sam,6368,pickwick-papers
Sam,Mr. Stiggins,6368,pickwick-papers
Sam,Weller,6368,pickwick-papers
Mr. Weller,Samivel,6373,pickwick-papers
Samivel,Mr. Weller,6373,pickwick-papers
Samivel,Mr. Weller,6373,pickwick-papers
Mr. Weller,Samivel,6373,pickwick-papers
Samivel,Mr. Weller,6375,pickwick-papers
Samivel,Sammy,6375,pickwick-papers
Mr. Weller,Samivel,6375,pickwick-papers
Mr. Weller,Sammy,6375,pickwick-papers
Sammy,Samivel,6375,pickwick-papers
Sammy,Mr. Weller,6375,pickwick-papers
Sammy,Mr. Weller,6377,pickwick-papers
Mr. Weller,Sammy,6377,pickwick-papers
Sammy,Bardell,6379,pickwick-papers
Sammy,Mr. Dodson,6379,pickwick-papers
Sammy,Fogg,6379,pickwick-papers
Bardell,Sammy,6379,pickwick-papers
Bardell,Mr. Dodson,6379,pickwick-papers
Bardell,Fogg,6379,pickwick-papers
Mr. Dodson,Sammy,6379,pickwick-papers
Mr. Dodson,Bardell,6379,pickwick-papers
Mr. Dodson,Fogg,6379,pickwick-papers
Fogg,Sammy,6379,pickwick-papers
Fogg,Bardell,6379,pickwick-papers
Fogg,Mr. Dodson,6379,pickwick-papers
Mr.,Weller,6380,pickwick-papers
Weller,Mr.,6380,pickwick-papers
Sam,Mr. Pickwick,6381,pickwick-papers
Mr. Pickwick,Sam,6381,pickwick-papers
Sam,Mr. Pickwick,6384,pickwick-papers
Mr. Pickwick,Sam,6384,pickwick-papers
Sir,Mr. Weller,6385,pickwick-papers
Mr. Weller,Sir,6385,pickwick-papers
Mr. Pickwick,Sam,6386,pickwick-papers
Sam,Mr. Pickwick,6386,pickwick-papers
Sir,Mr. Weller,6387,pickwick-papers
Mr. Weller,Sir,6387,pickwick-papers
Sam,Mr. Pickwick,6388,pickwick-papers
Sam,Hush,6388,pickwick-papers
Mr. Pickwick,Sam,6388,pickwick-papers
Mr. Pickwick,Hush,6388,pickwick-papers
Hush,Sam,6388,pickwick-papers
Hush,Mr. Pickwick,6388,pickwick-papers
Mr. Pickwick,Jingle,6389,pickwick-papers
Mr. Pickwick,Sam Weller,6389,pickwick-papers
Jingle,Mr. Pickwick,6389,pickwick-papers
Jingle,Mr. Pickwick,6389,pickwick-papers
Jingle,Mr. Pickwick,6389,pickwick-papers
Jingle,Sam Weller,6389,pickwick-papers
Mr. Pickwick,Jingle,6389,pickwick-papers
Mr. Pickwick,Sam Weller,6389,pickwick-papers
Mr. Pickwick,Jingle,6389,pickwick-papers
Mr. Pickwick,Sam Weller,6389,pickwick-papers
Sam Weller,Mr. Pickwick,6389,pickwick-papers
Sam Weller,Jingle,6389,pickwick-papers
Sam Weller,Mr. Pickwick,6389,pickwick-papers
Sam Weller,Mr. Pickwick,6389,pickwick-papers
Mr. Job Trotter,Mr. Pickwick,6390,pickwick-papers
Mr. Pickwick,Mr. Job Trotter,6390,pickwick-papers
Mr. Pickwick,Sam,6391,pickwick-papers
Mr. Pickwick,Mr. Jingle,6391,pickwick-papers
Sam,Mr. Pickwick,6391,pickwick-papers
Sam,Mr. Jingle,6391,pickwick-papers
Mr. Jingle,Mr. Pickwick,6391,pickwick-papers
Mr. Jingle,Sam,6391,pickwick-papers
Mr. Pickwick,Sir,6395,pickwick-papers
Sir,Mr. Pickwick,6395,pickwick-papers
Sam,Mr. Pickwick,6398,pickwick-papers
Mr. Pickwick,Sam,6398,pickwick-papers
Mr. Weller,Mr. Job Trotter,6399,pickwick-papers
Mr. Job Trotter,Mr. Weller,6399,pickwick-papers
Job,Sam,6400,pickwick-papers
Sam,Job,6400,pickwick-papers
Sam,Job,6400,pickwick-papers
Sam,Job,6400,pickwick-papers
Job,Sam,6400,pickwick-papers
Job,Sam,6400,pickwick-papers
Mr. Weller,Mr. Trotter,6404,pickwick-papers
Mr. Trotter,Mr. Weller,6404,pickwick-papers
Job,Mr. Weller,6405,pickwick-papers
Job,Tears,6405,pickwick-papers
Mr. Weller,Job,6405,pickwick-papers
Mr. Weller,Tears,6405,pickwick-papers
Mr. Weller,Job,6405,pickwick-papers
Tears,Job,6405,pickwick-papers
Tears,Mr. Weller,6405,pickwick-papers
Tears,Job,6405,pickwick-papers
Job,Mr. Weller,6405,pickwick-papers
Job,Tears,6405,pickwick-papers
Mr. Weller,Job,6407,pickwick-papers
Job,Mr. Weller,6407,pickwick-papers
Sam,Mr. Trotter,6414,pickwick-papers
Mr. Trotter,Sam,6414,pickwick-papers
Weller,Job,6415,pickwick-papers
Job,Weller,6415,pickwick-papers
Sir,Job,6422,pickwick-papers
Job,Sir,6422,pickwick-papers
Sir,Mr. Trotter,6426,pickwick-papers
Mr. Trotter,Sir,6426,pickwick-papers
Sir,Job,6428,pickwick-papers
Sir,Mr. Weller,6428,pickwick-papers
Sir,Mr. Weller,6428,pickwick-papers
Sir,Job,6428,pickwick-papers
Job,Sir,6428,pickwick-papers
Job,Mr. Weller,6428,pickwick-papers
Job,Mr. Weller,6428,pickwick-papers
Mr. Weller,Sir,6428,pickwick-papers
Mr. Weller,Job,6428,pickwick-papers
Mr. Weller,Job,6428,pickwick-papers
Mr. Weller,Sir,6428,pickwick-papers
Mr. Weller,Job,6428,pickwick-papers
Mr. Weller,Job,6428,pickwick-papers
Job,Sir,6428,pickwick-papers
Job,Mr. Weller,6428,pickwick-papers
Job,Mr. Weller,6428,pickwick-papers
Job,Trotter,6430,pickwick-papers
Trotter,Job,6430,pickwick-papers
Sam,Job Trotter,6431,pickwick-papers
Sam,Mr. Weller,6431,pickwick-papers
Sam,Job Trotter,6431,pickwick-papers
Sam,Mr. Weller,6431,pickwick-papers
Job Trotter,Sam,6431,pickwick-papers
Job Trotter,Sam,6431,pickwick-papers
Job Trotter,Mr. Weller,6431,pickwick-papers
Mr. Weller,Sam,6431,pickwick-papers
Mr. Weller,Sam,6431,pickwick-papers
Mr. Weller,Job Trotter,6431,pickwick-papers
Mr. Pickwick,Jingle,6432,pickwick-papers
Jingle,Mr. Pickwick,6432,pickwick-papers
Mr. Pickwick,Sam,6433,pickwick-papers
Sam,Mr. Pickwick,6433,pickwick-papers
Mr.,Alfred Jingle,6434,pickwick-papers
Mr.,Mr. Pickwick,6434,pickwick-papers
Alfred Jingle,Mr.,6434,pickwick-papers
Alfred Jingle,Mr. Pickwick,6434,pickwick-papers
Mr. Pickwick,Mr.,6434,pickwick-papers
Mr. Pickwick,Alfred Jingle,6434,pickwick-papers
Sam,Mr. Pickwick,6435,pickwick-papers
Mr. Pickwick,Sam,6435,pickwick-papers
Sir,Sam,6436,pickwick-papers
Sir,Sam,6436,pickwick-papers
Sam,Sir,6436,pickwick-papers
Sam,Sir,6436,pickwick-papers
Mr. Pickwick,St. Paul,6437,pickwick-papers
St. Paul,Mr. Pickwick,6437,pickwick-papers
Sir,Mr. Weller,6441,pickwick-papers
Mr. Weller,Sir,6441,pickwick-papers
Sam,Mr. Pickwick,6442,pickwick-papers
Mr. Pickwick,Sam,6442,pickwick-papers
Sir,Mr. Job Trotter,6443,pickwick-papers
Sir,Mr. Job Trotter,6443,pickwick-papers
Mr. Job Trotter,Sir,6443,pickwick-papers
Mr. Job Trotter,Sir,6443,pickwick-papers
Sir,Mr. Trotter,6444,pickwick-papers
Mr. Trotter,Sir,6444,pickwick-papers
Mr. Weller,Job,6446,pickwick-papers
Job,Mr. Weller,6446,pickwick-papers
Sir,Sam,6448,pickwick-papers
Sam,Sir,6448,pickwick-papers
Job,Sam,6449,pickwick-papers
Job,Mr. Pickwick,6449,pickwick-papers
Job,Sam,6449,pickwick-papers
Job,Mr. Pickwick,6449,pickwick-papers
Sam,Job,6449,pickwick-papers
Sam,Job,6449,pickwick-papers
Sam,Mr. Pickwick,6449,pickwick-papers
Mr. Pickwick,Job,6449,pickwick-papers
Mr. Pickwick,Job,6449,pickwick-papers
Mr. Pickwick,Sam,6449,pickwick-papers
Job Trotter,Sam,6450,pickwick-papers
Sam,Job Trotter,6450,pickwick-papers
Mr.,Pickwick,6453,pickwick-papers
Mr.,Mr. Roker,6453,pickwick-papers
Pickwick,Mr.,6453,pickwick-papers
Pickwick,Mr. Roker,6453,pickwick-papers
Mr. Roker,Mr.,6453,pickwick-papers
Mr. Roker,Pickwick,6453,pickwick-papers
Mr. Pickwick,Mivins,6454,pickwick-papers
Mr. Pickwick,Smangle,6454,pickwick-papers
Mivins,Mr. Pickwick,6454,pickwick-papers
Mivins,Smangle,6454,pickwick-papers
Smangle,Mr. Pickwick,6454,pickwick-papers
Smangle,Mivins,6454,pickwick-papers
Mr. Pickwick,Mr. Samuel Weller,6456,pickwick-papers
Mr. Samuel Weller,Mr. Pickwick,6456,pickwick-papers
Master,Bardell,6483,pickwick-papers
Bardell,Master,6483,pickwick-papers
Mr.,Raddle,6490,pickwick-papers
Raddle,Mr.,6490,pickwick-papers
Mr. Raddle,Raddle,6493,pickwick-papers
Mr. Raddle,Bardell,6493,pickwick-papers
Mr. Raddle,Raddle,6493,pickwick-papers
Raddle,Mr. Raddle,6493,pickwick-papers
Raddle,Bardell,6493,pickwick-papers
Bardell,Mr. Raddle,6493,pickwick-papers
Bardell,Raddle,6493,pickwick-papers
Bardell,Raddle,6493,pickwick-papers
Raddle,Mr. Raddle,6493,pickwick-papers
Raddle,Bardell,6493,pickwick-papers
Mr. Raddle,Bardell,6501,pickwick-papers
Mr. Raddle,Mary Ann,6501,pickwick-papers
Bardell,Mr. Raddle,6501,pickwick-papers
Bardell,Mary Ann,6501,pickwick-papers
Bardell,Mr. Raddle,6501,pickwick-papers
Mary Ann,Mr. Raddle,6501,pickwick-papers
Mary Ann,Bardell,6501,pickwick-papers
Mary Ann,Mr. Raddle,6501,pickwick-papers
Mr. Raddle,Bardell,6501,pickwick-papers
Mr. Raddle,Mary Ann,6501,pickwick-papers
Bardell,Mr. Raddle,6502,pickwick-papers
Mr. Raddle,Bardell,6502,pickwick-papers
Raddle,Mr. Raddle,6505,pickwick-papers
Raddle,Cluppins,6505,pickwick-papers
Mr. Raddle,Raddle,6505,pickwick-papers
Mr. Raddle,Cluppins,6505,pickwick-papers
Cluppins,Raddle,6505,pickwick-papers
Cluppins,Mr. Raddle,6505,pickwick-papers
Mr. Raddle,Bardell,6506,pickwick-papers
Bardell,Mr. Raddle,6506,pickwick-papers
Raddle,Bardell,6509,pickwick-papers
Raddle,Mr. Raddle,6509,pickwick-papers
Bardell,Raddle,6509,pickwick-papers
Bardell,Mr. Raddle,6509,pickwick-papers
Mr. Raddle,Raddle,6509,pickwick-papers
Mr. Raddle,Bardell,6509,pickwick-papers
East India,Mr. Raddle,6510,pickwick-papers
East India,Tommy,6510,pickwick-papers
Mr. Raddle,East India,6510,pickwick-papers
Mr. Raddle,Tommy,6510,pickwick-papers
Tommy,East India,6510,pickwick-papers
Tommy,Mr. Raddle,6510,pickwick-papers
Master Bardell,Bardell,6524,pickwick-papers
Bardell,Master Bardell,6524,pickwick-papers
Mr. Jackson,Dodson,6528,pickwick-papers
Mr. Jackson,Fogg,6528,pickwick-papers
Mr. Jackson,Bardell,6528,pickwick-papers
Mr. Jackson,Mr. Pickwick,6528,pickwick-papers
Dodson,Mr. Jackson,6528,pickwick-papers
Dodson,Fogg,6528,pickwick-papers
Dodson,Bardell,6528,pickwick-papers
Dodson,Mr. Pickwick,6528,pickwick-papers
Fogg,Mr. Jackson,6528,pickwick-papers
Fogg,Dodson,6528,pickwick-papers
Fogg,Bardell,6528,pickwick-papers
Fogg,Mr. Pickwick,6528,pickwick-papers
Bardell,Mr. Jackson,6528,pickwick-papers
Bardell,Dodson,6528,pickwick-papers
Bardell,Fogg,6528,pickwick-papers
Bardell,Mr. Pickwick,6528,pickwick-papers
Mr. Pickwick,Mr. Jackson,6528,pickwick-papers
Mr. Pickwick,Dodson,6528,pickwick-papers
Mr. Pickwick,Fogg,6528,pickwick-papers
Mr. Pickwick,Bardell,6528,pickwick-papers
Jackson,Bardell,6532,pickwick-papers
Bardell,Jackson,6532,pickwick-papers
Mr. Jackson,Bardell,6534,pickwick-papers
Bardell,Mr. Jackson,6534,pickwick-papers
Mr. Jackson,Dodson,6536,pickwick-papers
Mr. Jackson,Fogg,6536,pickwick-papers
Dodson,Mr. Jackson,6536,pickwick-papers
Dodson,Fogg,6536,pickwick-papers
Fogg,Mr. Jackson,6536,pickwick-papers
Fogg,Dodson,6536,pickwick-papers
Dodson,Fogg,6538,pickwick-papers
Dodson,Fogg,6538,pickwick-papers
Fogg,Dodson,6538,pickwick-papers
Fogg,Dodson,6538,pickwick-papers
Dodson,Fogg,6538,pickwick-papers
Dodson,Fogg,6538,pickwick-papers
Fogg,Dodson,6538,pickwick-papers
Fogg,Dodson,6538,pickwick-papers
Jackson,Bardell,6540,pickwick-papers
Bardell,Jackson,6540,pickwick-papers
Sir,Bardell,6542,pickwick-papers
Bardell,Sir,6542,pickwick-papers
Bardell,Sir,6542,pickwick-papers
Sir,Bardell,6542,pickwick-papers
Mr. Jackson,Bardell,6544,pickwick-papers
Mr. Jackson,Mr. Raddle,6544,pickwick-papers
Mr. Jackson,Bardell,6544,pickwick-papers
Mr. Jackson,Mr. Raddle,6544,pickwick-papers
Bardell,Mr. Jackson,6544,pickwick-papers
Bardell,Mr. Jackson,6544,pickwick-papers
Bardell,Mr. Raddle,6544,pickwick-papers
Mr. Raddle,Mr. Jackson,6544,pickwick-papers
Mr. Raddle,Mr. Jackson,6544,pickwick-papers
Mr. Raddle,Bardell,6544,pickwick-papers
Jackson,Bardell,6545,pickwick-papers
Bardell,Jackson,6545,pickwick-papers
Bardell,Mr. Jackson,6549,pickwick-papers
Bardell,Mr. Jackson,6549,pickwick-papers
Mr. Jackson,Bardell,6549,pickwick-papers
Mr. Jackson,Bardell,6549,pickwick-papers
Bardell,Mr. Jackson,6549,pickwick-papers
Bardell,Mr. Jackson,6549,pickwick-papers
Mr. Jackson,Bardell,6549,pickwick-papers
Mr. Jackson,Bardell,6549,pickwick-papers
Jackson,Sanders,6550,pickwick-papers
Sanders,Jackson,6550,pickwick-papers
Jackson,Quite,6554,pickwick-papers
Quite,Jackson,6554,pickwick-papers
Sanders,Bardell,6559,pickwick-papers
Sanders,Jackson,6559,pickwick-papers
Sanders,Tommy,6559,pickwick-papers
Bardell,Sanders,6559,pickwick-papers
Bardell,Jackson,6559,pickwick-papers
Bardell,Tommy,6559,pickwick-papers
Jackson,Sanders,6559,pickwick-papers
Jackson,Bardell,6559,pickwick-papers
Jackson,Tommy,6559,pickwick-papers
Tommy,Sanders,6559,pickwick-papers
Tommy,Bardell,6559,pickwick-papers
Tommy,Jackson,6559,pickwick-papers
Jackson,Isaac,6562,pickwick-papers
Isaac,Jackson,6562,pickwick-papers
Bardell,Jackson,6564,pickwick-papers
Jackson,Bardell,6564,pickwick-papers
Jackson,Bardell,6566,pickwick-papers
Jackson,Dodson,6566,pickwick-papers
Jackson,Fogg,6566,pickwick-papers
Jackson,Bardell,6566,pickwick-papers
Jackson,Tommy,6566,pickwick-papers
Bardell,Jackson,6566,pickwick-papers
Bardell,Dodson,6566,pickwick-papers
Bardell,Fogg,6566,pickwick-papers
Bardell,Tommy,6566,pickwick-papers
Dodson,Jackson,6566,pickwick-papers
Dodson,Bardell,6566,pickwick-papers
Dodson,Fogg,6566,pickwick-papers
Dodson,Bardell,6566,pickwick-papers
Dodson,Tommy,6566,pickwick-papers
Fogg,Jackson,6566,pickwick-papers
Fogg,Bardell,6566,pickwick-papers
Fogg,Dodson,6566,pickwick-papers
Fogg,Bardell,6566,pickwick-papers
Fogg,Tommy,6566,pickwick-papers
Bardell,Jackson,6566,pickwick-papers
Bardell,Dodson,6566,pickwick-papers
Bardell,Fogg,6566,pickwick-papers
Bardell,Tommy,6566,pickwick-papers
Tommy,Jackson,6566,pickwick-papers
Tommy,Bardell,6566,pickwick-papers
Tommy,Dodson,6566,pickwick-papers
Tommy,Fogg,6566,pickwick-papers
Tommy,Bardell,6566,pickwick-papers
Jackson,Bardell,6567,pickwick-papers
Jackson,Tommy,6567,pickwick-papers
Jackson,Sanders,6567,pickwick-papers
Jackson,Mr. Pickwick,6567,pickwick-papers
Jackson,Samuel Weller,6567,pickwick-papers
Jackson,Bardell,6567,pickwick-papers
Bardell,Jackson,6567,pickwick-papers
Bardell,Tommy,6567,pickwick-papers
Bardell,Sanders,6567,pickwick-papers
Bardell,Mr. Pickwick,6567,pickwick-papers
Bardell,Samuel Weller,6567,pickwick-papers
Tommy,Jackson,6567,pickwick-papers
Tommy,Bardell,6567,pickwick-papers
Tommy,Sanders,6567,pickwick-papers
Tommy,Mr. Pickwick,6567,pickwick-papers
Tommy,Samuel Weller,6567,pickwick-papers
Tommy,Bardell,6567,pickwick-papers
Sanders,Jackson,6567,pickwick-papers
Sanders,Bardell,6567,pickwick-papers
Sanders,Tommy,6567,pickwick-papers
Sanders,Mr. Pickwick,6567,pickwick-papers
Sanders,Samuel Weller,6567,pickwick-papers
Sanders,Bardell,6567,pickwick-papers
Mr. Pickwick,Jackson,6567,pickwick-papers
Mr. Pickwick,Bardell,6567,pickwick-papers
Mr. Pickwick,Tommy,6567,pickwick-papers
Mr. Pickwick,Sanders,6567,pickwick-papers
Mr. Pickwick,Samuel Weller,6567,pickwick-papers
Mr. Pickwick,Bardell,6567,pickwick-papers
Samuel Weller,Jackson,6567,pickwick-papers
Samuel Weller,Bardell,6567,pickwick-papers
Samuel Weller,Tommy,6567,pickwick-papers
Samuel Weller,Sanders,6567,pickwick-papers
Samuel Weller,Mr. Pickwick,6567,pickwick-papers
Samuel Weller,Bardell,6567,pickwick-papers
Bardell,Jackson,6567,pickwick-papers
Bardell,Tommy,6567,pickwick-papers
Bardell,Sanders,6567,pickwick-papers
Bardell,Mr. Pickwick,6567,pickwick-papers
Bardell,Samuel Weller,6567,pickwick-papers
Job,Sam,6571,pickwick-papers
Job,Mr. Perker,6571,pickwick-papers
Job,Hooray,6571,pickwick-papers
Job,Sam,6571,pickwick-papers
Job,Mr. Perker,6571,pickwick-papers
Job,Hooray,6571,pickwick-papers
Sam,Job,6571,pickwick-papers
Sam,Job,6571,pickwick-papers
Sam,Mr. Perker,6571,pickwick-papers
Sam,Job,6571,pickwick-papers
Sam,Hooray,6571,pickwick-papers
Mr. Perker,Job,6571,pickwick-papers
Mr. Perker,Job,6571,pickwick-papers
Mr. Perker,Sam,6571,pickwick-papers
Mr. Perker,Job,6571,pickwick-papers
Mr. Perker,Hooray,6571,pickwick-papers
Job,Sam,6571,pickwick-papers
Job,Mr. Perker,6571,pickwick-papers
Job,Hooray,6571,pickwick-papers
Hooray,Job,6571,pickwick-papers
Hooray,Job,6571,pickwick-papers
Hooray,Sam,6571,pickwick-papers
Hooray,Mr. Perker,6571,pickwick-papers
Hooray,Job,6571,pickwick-papers
Job,Bardell,6572,pickwick-papers
Bardell,Job,6572,pickwick-papers
MR. WINKLE,MR. PICKWICK,6574,pickwick-papers
MR. PICKWICK,MR. WINKLE,6574,pickwick-papers
Job Trotter,Holborn,6575,pickwick-papers
Job Trotter,Mr. Perker,6575,pickwick-papers
Job Trotter,Gray,6575,pickwick-papers
Job Trotter,Mr. Lowten,6575,pickwick-papers
Job Trotter,Job,6575,pickwick-papers
Job Trotter,Sam Weller,6575,pickwick-papers
Holborn,Job Trotter,6575,pickwick-papers
Holborn,Mr. Perker,6575,pickwick-papers
Holborn,Gray,6575,pickwick-papers
Holborn,Mr. Lowten,6575,pickwick-papers
Holborn,Job,6575,pickwick-papers
Holborn,Sam Weller,6575,pickwick-papers
Mr. Perker,Job Trotter,6575,pickwick-papers
Mr. Perker,Holborn,6575,pickwick-papers
Mr. Perker,Gray,6575,pickwick-papers
Mr. Perker,Mr. Lowten,6575,pickwick-papers
Mr. Perker,Job,6575,pickwick-papers
Mr. Perker,Sam Weller,6575,pickwick-papers
Gray,Job Trotter,6575,pickwick-papers
Gray,Holborn,6575,pickwick-papers
Gray,Mr. Perker,6575,pickwick-papers
Gray,Mr. Lowten,6575,pickwick-papers
Gray,Job,6575,pickwick-papers
Gray,Sam Weller,6575,pickwick-papers
Mr. Lowten,Job Trotter,6575,pickwick-papers
Mr. Lowten,Holborn,6575,pickwick-papers
Mr. Lowten,Mr. Perker,6575,pickwick-papers
Mr. Lowten,Gray,6575,pickwick-papers
Mr. Lowten,Job,6575,pickwick-papers
Mr. Lowten,Sam Weller,6575,pickwick-papers
Job,Job Trotter,6575,pickwick-papers
Job,Holborn,6575,pickwick-papers
Job,Mr. Perker,6575,pickwick-papers
Job,Gray,6575,pickwick-papers
Job,Mr. Lowten,6575,pickwick-papers
Job,Sam Weller,6575,pickwick-papers
Sam Weller,Job Trotter,6575,pickwick-papers
Sam Weller,Holborn,6575,pickwick-papers
Sam Weller,Mr. Perker,6575,pickwick-papers
Sam Weller,Gray,6575,pickwick-papers
Sam Weller,Mr. Lowten,6575,pickwick-papers
Sam Weller,Job,6575,pickwick-papers
Job,Mr. Perker,6577,pickwick-papers
Mr. Perker,Job,6577,pickwick-papers
Lowten,Perker,6578,pickwick-papers
Lowten,Mr. Pickwick,6578,pickwick-papers
Lowten,Mr. Lowten,6578,pickwick-papers
Lowten,Montague Place,6578,pickwick-papers
Perker,Lowten,6578,pickwick-papers
Perker,Mr. Pickwick,6578,pickwick-papers
Perker,Mr. Lowten,6578,pickwick-papers
Perker,Montague Place,6578,pickwick-papers
Mr. Pickwick,Lowten,6578,pickwick-papers
Mr. Pickwick,Perker,6578,pickwick-papers
Mr. Pickwick,Mr. Lowten,6578,pickwick-papers
Mr. Pickwick,Montague Place,6578,pickwick-papers
Mr. Lowten,Lowten,6578,pickwick-papers
Mr. Lowten,Perker,6578,pickwick-papers
Mr. Lowten,Mr. Pickwick,6578,pickwick-papers
Mr. Lowten,Montague Place,6578,pickwick-papers
Montague Place,Lowten,6578,pickwick-papers
Montague Place,Perker,6578,pickwick-papers
Montague Place,Mr. Pickwick,6578,pickwick-papers
Montague Place,Mr. Lowten,6578,pickwick-papers
Mr.,Perker,6579,pickwick-papers
Mr.,Mr. Snicks,6579,pickwick-papers
Mr.,Mr. Prosee,6579,pickwick-papers
Mr.,Mr. Perker,6579,pickwick-papers
Mr.,Mr. Lowten,6579,pickwick-papers
Mr.,Job Trotter,6579,pickwick-papers
Perker,Mr.,6579,pickwick-papers
Perker,Mr. Snicks,6579,pickwick-papers
Perker,Mr. Prosee,6579,pickwick-papers
Perker,Mr. Perker,6579,pickwick-papers
Perker,Mr. Lowten,6579,pickwick-papers
Perker,Job Trotter,6579,pickwick-papers
Mr. Snicks,Mr.,6579,pickwick-papers
Mr. Snicks,Perker,6579,pickwick-papers
Mr. Snicks,Mr. Prosee,6579,pickwick-papers
Mr. Snicks,Mr. Perker,6579,pickwick-papers
Mr. Snicks,Mr. Lowten,6579,pickwick-papers
Mr. Snicks,Job Trotter,6579,pickwick-papers
Mr. Prosee,Mr.,6579,pickwick-papers
Mr. Prosee,Perker,6579,pickwick-papers
Mr. Prosee,Mr. Snicks,6579,pickwick-papers
Mr. Prosee,Mr. Perker,6579,pickwick-papers
Mr. Prosee,Mr. Lowten,6579,pickwick-papers
Mr. Prosee,Job Trotter,6579,pickwick-papers
Mr. Perker,Mr.,6579,pickwick-papers
Mr. Perker,Perker,6579,pickwick-papers
Mr. Perker,Mr. Snicks,6579,pickwick-papers
Mr. Perker,Mr. Prosee,6579,pickwick-papers
Mr. Perker,Mr. Lowten,6579,pickwick-papers
Mr. Perker,Job Trotter,6579,pickwick-papers
Mr. Lowten,Mr.,6579,pickwick-papers
Mr. Lowten,Perker,6579,pickwick-papers
Mr. Lowten,Mr. Snicks,6579,pickwick-papers
Mr. Lowten,Mr. Prosee,6579,pickwick-papers
Mr. Lowten,Mr. Perker,6579,pickwick-papers
Mr. Lowten,Job Trotter,6579,pickwick-papers
Job Trotter,Mr.,6579,pickwick-papers
Job Trotter,Perker,6579,pickwick-papers
Job Trotter,Mr. Snicks,6579,pickwick-papers
Job Trotter,Mr. Prosee,6579,pickwick-papers
Job Trotter,Mr. Perker,6579,pickwick-papers
Job Trotter,Mr. Lowten,6579,pickwick-papers
Lowten,Mr. Perker,6580,pickwick-papers
Mr. Perker,Lowten,6580,pickwick-papers
Sir,Lowten,6581,pickwick-papers
Sir,Mr. Pickwick,6581,pickwick-papers
Lowten,Sir,6581,pickwick-papers
Lowten,Mr. Pickwick,6581,pickwick-papers
Lowten,Sir,6581,pickwick-papers
Mr. Pickwick,Sir,6581,pickwick-papers
Mr. Pickwick,Lowten,6581,pickwick-papers
Mr. Pickwick,Sir,6581,pickwick-papers
Sir,Lowten,6581,pickwick-papers
Sir,Mr. Pickwick,6581,pickwick-papers
Sir,Job,6583,pickwick-papers
Job,Sir,6583,pickwick-papers
Sir,Lowten,6587,pickwick-papers
Lowten,Sir,6587,pickwick-papers
Sir,Job Trotter,6589,pickwick-papers
Sir,Perker,6589,pickwick-papers
Job Trotter,Sir,6589,pickwick-papers
Job Trotter,Perker,6589,pickwick-papers
Perker,Sir,6589,pickwick-papers
Perker,Job Trotter,6589,pickwick-papers
Lowten,Job,6593,pickwick-papers
Lowten,Stump,6593,pickwick-papers
Lowten,Job,6593,pickwick-papers
Lowten,Covent Garden Market,6593,pickwick-papers
Lowten,Job,6593,pickwick-papers
Lowten,Stump,6593,pickwick-papers
Lowten,Job,6593,pickwick-papers
Lowten,Covent Garden Market,6593,pickwick-papers
Job,Lowten,6593,pickwick-papers
Job,Lowten,6593,pickwick-papers
Job,Stump,6593,pickwick-papers
Job,Covent Garden Market,6593,pickwick-papers
Stump,Lowten,6593,pickwick-papers
Stump,Lowten,6593,pickwick-papers
Stump,Job,6593,pickwick-papers
Stump,Job,6593,pickwick-papers
Stump,Covent Garden Market,6593,pickwick-papers
Job,Lowten,6593,pickwick-papers
Job,Lowten,6593,pickwick-papers
Job,Stump,6593,pickwick-papers
Job,Covent Garden Market,6593,pickwick-papers
Covent Garden Market,Lowten,6593,pickwick-papers
Covent Garden Market,Lowten,6593,pickwick-papers
Covent Garden Market,Job,6593,pickwick-papers
Covent Garden Market,Stump,6593,pickwick-papers
Covent Garden Market,Job,6593,pickwick-papers
Mr. Pickwick,Sam Weller,6594,pickwick-papers
Sam Weller,Mr. Pickwick,6594,pickwick-papers
Perker,Sam,6595,pickwick-papers
Perker,Mr. Pickwick,6595,pickwick-papers
Perker,Sir,6595,pickwick-papers
Perker,Sir,6595,pickwick-papers
Sam,Perker,6595,pickwick-papers
Sam,Mr. Pickwick,6595,pickwick-papers
Sam,Sir,6595,pickwick-papers
Sam,Sir,6595,pickwick-papers
Mr. Pickwick,Perker,6595,pickwick-papers
Mr. Pickwick,Sam,6595,pickwick-papers
Mr. Pickwick,Sir,6595,pickwick-papers
Mr. Pickwick,Sir,6595,pickwick-papers
Sir,Perker,6595,pickwick-papers
Sir,Sam,6595,pickwick-papers
Sir,Mr. Pickwick,6595,pickwick-papers
Sir,Perker,6595,pickwick-papers
Sir,Sam,6595,pickwick-papers
Sir,Mr. Pickwick,6595,pickwick-papers
Perker,Sam,6596,pickwick-papers
Sam,Perker,6596,pickwick-papers
Sir,Sam,6597,pickwick-papers
Sam,Sir,6597,pickwick-papers
Mr.,Samuel Weller,6599,pickwick-papers
Mr.,Mr. Pickwick,6599,pickwick-papers
Samuel Weller,Mr.,6599,pickwick-papers
Samuel Weller,Mr. Pickwick,6599,pickwick-papers
Mr. Pickwick,Mr.,6599,pickwick-papers
Mr. Pickwick,Samuel Weller,6599,pickwick-papers
Mr. Pickwick,Sam,6600,pickwick-papers
Sam,Mr. Pickwick,6600,pickwick-papers
Pickwick,Perker,6603,pickwick-papers
Perker,Pickwick,6603,pickwick-papers
Mr.,Pickwick,6604,pickwick-papers
Mr.,Mr. Pickwick,6604,pickwick-papers
Pickwick,Mr.,6604,pickwick-papers
Pickwick,Mr. Pickwick,6604,pickwick-papers
Mr. Pickwick,Mr.,6604,pickwick-papers
Mr. Pickwick,Pickwick,6604,pickwick-papers
Perker,Mr. Pickwick,6608,pickwick-papers
Mr. Pickwick,Perker,6608,pickwick-papers
Mr. Pickwick,Hereupon,6609,pickwick-papers
Hereupon,Mr. Pickwick,6609,pickwick-papers
Perker,Bardell,6611,pickwick-papers
Perker,Sir,6611,pickwick-papers
Bardell,Perker,6611,pickwick-papers
Bardell,Sir,6611,pickwick-papers
Sir,Perker,6611,pickwick-papers
Sir,Bardell,6611,pickwick-papers
Sam,Mr. Pickwick,6614,pickwick-papers
Mr. Pickwick,Sam,6614,pickwick-papers
Perker,Dodson,6619,pickwick-papers
Dodson,Perker,6619,pickwick-papers
Mr. Pickwick,Perker,6623,pickwick-papers
Perker,Mr. Pickwick,6623,pickwick-papers
Perker,Brought,6626,pickwick-papers
Perker,Bardell,6626,pickwick-papers
Perker,Mr. Pickwick,6626,pickwick-papers
Brought,Perker,6626,pickwick-papers
Brought,Bardell,6626,pickwick-papers
Brought,Mr. Pickwick,6626,pickwick-papers
Bardell,Perker,6626,pickwick-papers
Bardell,Brought,6626,pickwick-papers
Bardell,Mr. Pickwick,6626,pickwick-papers
Mr. Pickwick,Perker,6626,pickwick-papers
Mr. Pickwick,Brought,6626,pickwick-papers
Mr. Pickwick,Bardell,6626,pickwick-papers
Mr. Pickwick,Mr. Perker,6629,pickwick-papers
Mr. Perker,Mr. Pickwick,6629,pickwick-papers
Sir,Sam Weller,6631,pickwick-papers
Sam Weller,Sir,6631,pickwick-papers
Sam,Mr. Pickwick,6632,pickwick-papers
Mr. Pickwick,Sam,6632,pickwick-papers
Mr. Pickwick,Sam,6632,pickwick-papers
Sam,Mr. Pickwick,6632,pickwick-papers
Sir,Mr. Weller,6633,pickwick-papers
Mr. Weller,Sir,6633,pickwick-papers
Mr. Weller,Sir,6633,pickwick-papers
Sir,Mr. Weller,6633,pickwick-papers
Mr. Pickwick,Bardell,6634,pickwick-papers
Bardell,Mr. Pickwick,6634,pickwick-papers
Sir,Mr. Weller,6635,pickwick-papers
Mr. Weller,Sir,6635,pickwick-papers
Sir,Mr. Weller,6637,pickwick-papers
Mr. Weller,Sir,6637,pickwick-papers
Sam Weller,Mr. Nathaniel Winkle,6640,pickwick-papers
Mr. Nathaniel Winkle,Sam Weller,6640,pickwick-papers
Arabella Allen,Mr. Pickwick,6641,pickwick-papers
Mr. Pickwick,Arabella Allen,6641,pickwick-papers
Mr. Winkle,Pardon,6642,pickwick-papers
Pardon,Mr. Winkle,6642,pickwick-papers
Mr.,Pickwick,6643,pickwick-papers
Pickwick,Mr.,6643,pickwick-papers
Pickwick,Arabella,6644,pickwick-papers
Arabella,Pickwick,6644,pickwick-papers
Mr.,Pickwick,6645,pickwick-papers
Mr.,Mr. Winkle,6645,pickwick-papers
Mr.,Mr. Pickwick,6645,pickwick-papers
Mr.,Perker,6645,pickwick-papers
Mr.,Mr. Winkle,6645,pickwick-papers
Pickwick,Mr.,6645,pickwick-papers
Pickwick,Mr.,6645,pickwick-papers
Pickwick,Mr. Winkle,6645,pickwick-papers
Pickwick,Mr. Pickwick,6645,pickwick-papers
Pickwick,Perker,6645,pickwick-papers
Pickwick,Mr. Winkle,6645,pickwick-papers
Mr.,Pickwick,6645,pickwick-papers
Mr.,Mr. Winkle,6645,pickwick-papers
Mr.,Mr. Pickwick,6645,pickwick-papers
Mr.,Perker,6645,pickwick-papers
Mr.,Mr. Winkle,6645,pickwick-papers
Mr. Winkle,Mr.,6645,pickwick-papers
Mr. Winkle,Pickwick,6645,pickwick-papers
Mr. Winkle,Mr.,6645,pickwick-papers
Mr. Winkle,Mr. Pickwick,6645,pickwick-papers
Mr. Winkle,Perker,6645,pickwick-papers
Mr. Pickwick,Mr.,6645,pickwick-papers
Mr. Pickwick,Pickwick,6645,pickwick-papers
Mr. Pickwick,Mr.,6645,pickwick-papers
Mr. Pickwick,Mr. Winkle,6645,pickwick-papers
Mr. Pickwick,Perker,6645,pickwick-papers
Mr. Pickwick,Mr. Winkle,6645,pickwick-papers
Perker,Mr.,6645,pickwick-papers
Perker,Pickwick,6645,pickwick-papers
Perker,Mr.,6645,pickwick-papers
Perker,Mr. Winkle,6645,pickwick-papers
Perker,Mr. Pickwick,6645,pickwick-papers
Perker,Mr. Winkle,6645,pickwick-papers
Mr. Winkle,Mr.,6645,pickwick-papers
Mr. Winkle,Pickwick,6645,pickwick-papers
Mr. Winkle,Mr.,6645,pickwick-papers
Mr. Winkle,Mr. Pickwick,6645,pickwick-papers
Mr. Winkle,Perker,6645,pickwick-papers
Mr. Pickwick,Perker,6646,pickwick-papers
Mr. Pickwick,Arabella,6646,pickwick-papers
Perker,Mr. Pickwick,6646,pickwick-papers
Perker,Mr. Pickwick,6646,pickwick-papers
Perker,Arabella,6646,pickwick-papers
Mr. Pickwick,Perker,6646,pickwick-papers
Mr. Pickwick,Arabella,6646,pickwick-papers
Arabella,Mr. Pickwick,6646,pickwick-papers
Arabella,Perker,6646,pickwick-papers
Arabella,Mr. Pickwick,6646,pickwick-papers
Mr. Winkle,Mr. Samuel Weller,6647,pickwick-papers
Mr. Samuel Weller,Mr. Winkle,6647,pickwick-papers
Sam,Arabella,6648,pickwick-papers
Sam,Clifton,6648,pickwick-papers
Arabella,Sam,6648,pickwick-papers
Arabella,Clifton,6648,pickwick-papers
Clifton,Sam,6648,pickwick-papers
Clifton,Arabella,6648,pickwick-papers
Mr. Winkle,Mary,6654,pickwick-papers
Mary,Mr. Winkle,6654,pickwick-papers
Mr. Pickwick,Arabella,6655,pickwick-papers
Mr. Pickwick,Arabella,6655,pickwick-papers
Arabella,Mr. Pickwick,6655,pickwick-papers
Arabella,Mr. Pickwick,6655,pickwick-papers
Arabella,Mr. Pickwick,6656,pickwick-papers
Arabella,Mr. Sawyer,6656,pickwick-papers
Mr. Pickwick,Arabella,6656,pickwick-papers
Mr. Pickwick,Mr. Sawyer,6656,pickwick-papers
Mr. Pickwick,Arabella,6656,pickwick-papers
Mr. Sawyer,Arabella,6656,pickwick-papers
Mr. Sawyer,Mr. Pickwick,6656,pickwick-papers
Mr. Sawyer,Arabella,6656,pickwick-papers
Arabella,Mr. Pickwick,6656,pickwick-papers
Arabella,Mr. Sawyer,6656,pickwick-papers
Arabella,Mr. Pickwick,6659,pickwick-papers
Mr. Pickwick,Arabella,6659,pickwick-papers
Mr. Pickwick,Arabella,6659,pickwick-papers
Arabella,Mr. Pickwick,6659,pickwick-papers
Mr.,Pickwick,6660,pickwick-papers
Pickwick,Mr.,6660,pickwick-papers
Mr. Perker,Mr. Winkle,6661,pickwick-papers
Mr. Perker,Winkle,6661,pickwick-papers
Mr. Perker,Mr. Pickwick,6661,pickwick-papers
Mr. Perker,Mr. Allen,6661,pickwick-papers
Mr. Perker,Mr. Winkle,6661,pickwick-papers
Mr. Perker,Mr. Winkle,6661,pickwick-papers
Mr. Perker,Mr. Pickwick,6661,pickwick-papers
Mr. Perker,Winkle,6661,pickwick-papers
Mr. Winkle,Mr. Perker,6661,pickwick-papers
Mr. Winkle,Winkle,6661,pickwick-papers
Mr. Winkle,Mr. Pickwick,6661,pickwick-papers
Mr. Winkle,Mr. Allen,6661,pickwick-papers
Mr. Winkle,Mr. Pickwick,6661,pickwick-papers
Mr. Winkle,Winkle,6661,pickwick-papers
Winkle,Mr. Perker,6661,pickwick-papers
Winkle,Mr. Winkle,6661,pickwick-papers
Winkle,Mr. Pickwick,6661,pickwick-papers
Winkle,Mr. Allen,6661,pickwick-papers
Winkle,Mr. Winkle,6661,pickwick-papers
Winkle,Mr. Winkle,6661,pickwick-papers
Winkle,Mr. Pickwick,6661,pickwick-papers
Mr. Pickwick,Mr. Perker,6661,pickwick-papers
Mr. Pickwick,Mr. Winkle,6661,pickwick-papers
Mr. Pickwick,Winkle,6661,pickwick-papers
Mr. Pickwick,Mr. Allen,6661,pickwick-papers
Mr. Pickwick,Mr. Winkle,6661,pickwick-papers
Mr. Pickwick,Mr. Winkle,6661,pickwick-papers
Mr. Pickwick,Winkle,6661,pickwick-papers
Mr. Allen,Mr. Perker,6661,pickwick-papers
Mr. Allen,Mr. Winkle,6661,pickwick-papers
Mr. Allen,Winkle,6661,pickwick-papers
Mr. Allen,Mr. Pickwick,6661,pickwick-papers
Mr. Allen,Mr. Winkle,6661,pickwick-papers
Mr. Allen,Mr. Winkle,6661,pickwick-papers
Mr. Allen,Mr. Pickwick,6661,pickwick-papers
Mr. Allen,Winkle,6661,pickwick-papers
Mr. Winkle,Mr. Perker,6661,pickwick-papers
Mr. Winkle,Winkle,6661,pickwick-papers
Mr. Winkle,Mr. Pickwick,6661,pickwick-papers
Mr. Winkle,Mr. Allen,6661,pickwick-papers
Mr. Winkle,Mr. Pickwick,6661,pickwick-papers
Mr. Winkle,Winkle,6661,pickwick-papers
Mr. Winkle,Mr. Perker,6661,pickwick-papers
Mr. Winkle,Winkle,6661,pickwick-papers
Mr. Winkle,Mr. Pickwick,6661,pickwick-papers
Mr. Winkle,Mr. Allen,6661,pickwick-papers
Mr. Winkle,Mr. Pickwick,6661,pickwick-papers
Mr. Winkle,Winkle,6661,pickwick-papers
Mr. Pickwick,Mr. Perker,6661,pickwick-papers
Mr. Pickwick,Mr. Winkle,6661,pickwick-papers
Mr. Pickwick,Winkle,6661,pickwick-papers
Mr. Pickwick,Mr. Allen,6661,pickwick-papers
Mr. Pickwick,Mr. Winkle,6661,pickwick-papers
Mr. Pickwick,Mr. Winkle,6661,pickwick-papers
Mr. Pickwick,Winkle,6661,pickwick-papers
Winkle,Mr. Perker,6661,pickwick-papers
Winkle,Mr. Winkle,6661,pickwick-papers
Winkle,Mr. Pickwick,6661,pickwick-papers
Winkle,Mr. Allen,6661,pickwick-papers
Winkle,Mr. Winkle,6661,pickwick-papers
Winkle,Mr. Winkle,6661,pickwick-papers
Winkle,Mr. Pickwick,6661,pickwick-papers
Mr.,Tupman,6662,pickwick-papers
Mr.,Mr. Snodgrass,6662,pickwick-papers
Mr.,Mr. Pickwick,6662,pickwick-papers
Mr.,Arabella,6662,pickwick-papers
Tupman,Mr.,6662,pickwick-papers
Tupman,Mr. Snodgrass,6662,pickwick-papers
Tupman,Mr. Pickwick,6662,pickwick-papers
Tupman,Arabella,6662,pickwick-papers
Mr. Snodgrass,Mr.,6662,pickwick-papers
Mr. Snodgrass,Tupman,6662,pickwick-papers
Mr. Snodgrass,Mr. Pickwick,6662,pickwick-papers
Mr. Snodgrass,Arabella,6662,pickwick-papers
Mr. Pickwick,Mr.,6662,pickwick-papers
Mr. Pickwick,Tupman,6662,pickwick-papers
Mr. Pickwick,Mr. Snodgrass,6662,pickwick-papers
Mr. Pickwick,Arabella,6662,pickwick-papers
Arabella,Mr.,6662,pickwick-papers
Arabella,Tupman,6662,pickwick-papers
Arabella,Mr. Snodgrass,6662,pickwick-papers
Arabella,Mr. Pickwick,6662,pickwick-papers
Mr.,Weller,6663,pickwick-papers
Mr.,Job Trotter,6663,pickwick-papers
Mr.,Mr. Pell,6663,pickwick-papers
Weller,Mr.,6663,pickwick-papers
Weller,Job Trotter,6663,pickwick-papers
Weller,Mr. Pell,6663,pickwick-papers
Job Trotter,Mr.,6663,pickwick-papers
Job Trotter,Weller,6663,pickwick-papers
Job Trotter,Mr. Pell,6663,pickwick-papers
Mr. Pell,Mr.,6663,pickwick-papers
Mr. Pell,Weller,6663,pickwick-papers
Mr. Pell,Job Trotter,6663,pickwick-papers
Mr. Pickwick,Mr. Jingle,6665,pickwick-papers
Mr. Jingle,Mr. Pickwick,6665,pickwick-papers
Perker,Sir,6666,pickwick-papers
Sir,Perker,6666,pickwick-papers
Jingle,Mr. Pickwick,6667,pickwick-papers
Mr. Pickwick,Jingle,6667,pickwick-papers
Mr. Pickwick,Sam,6670,pickwick-papers
Sam,Mr. Pickwick,6670,pickwick-papers
Sir,Sam,6671,pickwick-papers
Sam,Sir,6671,pickwick-papers
Sam,Sir,6671,pickwick-papers
Sir,Sam,6671,pickwick-papers
Mr. Pickwick,Perker,6673,pickwick-papers
Perker,Mr. Pickwick,6673,pickwick-papers
Mr. Pickwick,Sam Weller,6674,pickwick-papers
Sam Weller,Mr. Pickwick,6674,pickwick-papers
Sam,Mr. Pickwick,6676,pickwick-papers
Mr. Pickwick,Sam,6676,pickwick-papers
Sam,Mr. Pickwick,6678,pickwick-papers
Mr. Pickwick,Sam,6678,pickwick-papers
Sir,Mr. Weller,6679,pickwick-papers
Mr. Weller,Sir,6679,pickwick-papers
Mr.,Ben Allen,6682,pickwick-papers
Mr.,Mr. Bob Sawyer,6682,pickwick-papers
Mr.,Bob,6682,pickwick-papers
Ben Allen,Mr.,6682,pickwick-papers
Ben Allen,Mr. Bob Sawyer,6682,pickwick-papers
Ben Allen,Bob,6682,pickwick-papers
Mr. Bob Sawyer,Mr.,6682,pickwick-papers
Mr. Bob Sawyer,Ben Allen,6682,pickwick-papers
Mr. Bob Sawyer,Bob,6682,pickwick-papers
Bob,Mr.,6682,pickwick-papers
Bob,Ben Allen,6682,pickwick-papers
Bob,Mr. Bob Sawyer,6682,pickwick-papers
Mr. Bob Sawyer,Ben,6683,pickwick-papers
Ben,Mr. Bob Sawyer,6683,pickwick-papers
Mr. Ben Allen,Bob,6686,pickwick-papers
Bob,Mr. Ben Allen,6686,pickwick-papers
Mr. Bob Sawyer,Ben,6687,pickwick-papers
Ben,Mr. Bob Sawyer,6687,pickwick-papers
Bob,Ben,6689,pickwick-papers
Ben,Bob,6689,pickwick-papers
Mr. Robert Sawyer,Ben,6695,pickwick-papers
Ben,Mr. Robert Sawyer,6695,pickwick-papers
Mr. Ben Allen,Bob,6698,pickwick-papers
Bob,Mr. Ben Allen,6698,pickwick-papers
Mr.,Benjamin Allen,6700,pickwick-papers
Benjamin Allen,Mr.,6700,pickwick-papers
Bob,Sawyer,6710,pickwick-papers
Sawyer,Bob,6710,pickwick-papers
Mr. Bob Sawyer,Mr. Benjamin Allen,6711,pickwick-papers
Mr. Benjamin Allen,Mr. Bob Sawyer,6711,pickwick-papers
Mr.,Martin,6726,pickwick-papers
Mr.,Mr. Bob Sawyer,6726,pickwick-papers
Mr.,Mr. Martin,6726,pickwick-papers
Mr.,Mr. Benjamin Allen,6726,pickwick-papers
Mr.,Mr. Bob Sawyer,6726,pickwick-papers
Martin,Mr.,6726,pickwick-papers
Martin,Mr. Bob Sawyer,6726,pickwick-papers
Martin,Mr. Martin,6726,pickwick-papers
Martin,Mr. Benjamin Allen,6726,pickwick-papers
Martin,Mr. Bob Sawyer,6726,pickwick-papers
Mr. Bob Sawyer,Mr.,6726,pickwick-papers
Mr. Bob Sawyer,Martin,6726,pickwick-papers
Mr. Bob Sawyer,Mr. Martin,6726,pickwick-papers
Mr. Bob Sawyer,Mr. Benjamin Allen,6726,pickwick-papers
Mr. Martin,Mr.,6726,pickwick-papers
Mr. Martin,Martin,6726,pickwick-papers
Mr. Martin,Mr. Bob Sawyer,6726,pickwick-papers
Mr. Martin,Mr. Benjamin Allen,6726,pickwick-papers
Mr. Martin,Mr. Bob Sawyer,6726,pickwick-papers
Mr. Benjamin Allen,Mr.,6726,pickwick-papers
Mr. Benjamin Allen,Martin,6726,pickwick-papers
Mr. Benjamin Allen,Mr. Bob Sawyer,6726,pickwick-papers
Mr. Benjamin Allen,Mr. Martin,6726,pickwick-papers
Mr. Benjamin Allen,Mr. Bob Sawyer,6726,pickwick-papers
Mr. Bob Sawyer,Mr.,6726,pickwick-papers
Mr. Bob Sawyer,Martin,6726,pickwick-papers
Mr. Bob Sawyer,Mr. Martin,6726,pickwick-papers
Mr. Bob Sawyer,Mr. Benjamin Allen,6726,pickwick-papers
Mr. Ben Allen,Mr. Sawyer,6727,pickwick-papers
Mr. Ben Allen,Mr. Bob Sawyer,6727,pickwick-papers
Mr. Sawyer,Mr. Ben Allen,6727,pickwick-papers
Mr. Sawyer,Mr. Bob Sawyer,6727,pickwick-papers
Mr. Sawyer,Mr. Ben Allen,6727,pickwick-papers
Mr. Bob Sawyer,Mr. Ben Allen,6727,pickwick-papers
Mr. Bob Sawyer,Mr. Sawyer,6727,pickwick-papers
Mr. Bob Sawyer,Mr. Ben Allen,6727,pickwick-papers
Mr. Ben Allen,Mr. Sawyer,6727,pickwick-papers
Mr. Ben Allen,Mr. Bob Sawyer,6727,pickwick-papers
Benjamin,Mr. Sawyer,6728,pickwick-papers
Mr. Sawyer,Benjamin,6728,pickwick-papers
Bob,Mr. Bob Sawyer,6730,pickwick-papers
Mr. Bob Sawyer,Bob,6730,pickwick-papers
Sawyer,Sir,6739,pickwick-papers
Sir,Sawyer,6739,pickwick-papers
Mr. Sawyer,Benjamin,6749,pickwick-papers
Benjamin,Mr. Sawyer,6749,pickwick-papers
Benjamin,Mr. Sawyer,6749,pickwick-papers
Benjamin,Mr. Sawyer,6749,pickwick-papers
Mr. Sawyer,Benjamin,6749,pickwick-papers
Mr. Sawyer,Benjamin,6749,pickwick-papers
Mr.,Bob Sawyer,6752,pickwick-papers
Bob Sawyer,Mr.,6752,pickwick-papers
Mr.,Ben Allen,6753,pickwick-papers
Mr.,Mr. Martin,6753,pickwick-papers
Ben Allen,Mr.,6753,pickwick-papers
Ben Allen,Mr. Martin,6753,pickwick-papers
Mr. Martin,Mr.,6753,pickwick-papers
Mr. Martin,Ben Allen,6753,pickwick-papers
Mr.,Martin,6754,pickwick-papers
Mr.,Mr. Benjamin Allen,6754,pickwick-papers
Mr.,Mr. Pickwick,6754,pickwick-papers
Mr.,Mr. Samuel Weller,6754,pickwick-papers
Martin,Mr.,6754,pickwick-papers
Martin,Mr. Benjamin Allen,6754,pickwick-papers
Martin,Mr. Pickwick,6754,pickwick-papers
Martin,Mr. Samuel Weller,6754,pickwick-papers
Mr. Benjamin Allen,Mr.,6754,pickwick-papers
Mr. Benjamin Allen,Martin,6754,pickwick-papers
Mr. Benjamin Allen,Mr. Pickwick,6754,pickwick-papers
Mr. Benjamin Allen,Mr. Samuel Weller,6754,pickwick-papers
Mr. Pickwick,Mr.,6754,pickwick-papers
Mr. Pickwick,Martin,6754,pickwick-papers
Mr. Pickwick,Mr. Benjamin Allen,6754,pickwick-papers
Mr. Pickwick,Mr. Samuel Weller,6754,pickwick-papers
Mr. Samuel Weller,Mr.,6754,pickwick-papers
Mr. Samuel Weller,Martin,6754,pickwick-papers
Mr. Samuel Weller,Mr. Benjamin Allen,6754,pickwick-papers
Mr. Samuel Weller,Mr. Pickwick,6754,pickwick-papers
Mr. Weller,Mr. Martin,6755,pickwick-papers
Mr. Weller,Sam,6755,pickwick-papers
Mr. Weller,Mr. Pickwick,6755,pickwick-papers
Mr. Martin,Mr. Weller,6755,pickwick-papers
Mr. Martin,Sam,6755,pickwick-papers
Mr. Martin,Mr. Pickwick,6755,pickwick-papers
Sam,Mr. Weller,6755,pickwick-papers
Sam,Mr. Martin,6755,pickwick-papers
Sam,Mr. Pickwick,6755,pickwick-papers
Mr. Pickwick,Mr. Weller,6755,pickwick-papers
Mr. Pickwick,Mr. Martin,6755,pickwick-papers
Mr. Pickwick,Sam,6755,pickwick-papers
Mr. Bob Sawyer,Mr. Pickwick,6756,pickwick-papers
Mr. Bob Sawyer,Ben Allen,6756,pickwick-papers
Mr. Bob Sawyer,Mr. Martin,6756,pickwick-papers
Mr. Pickwick,Mr. Bob Sawyer,6756,pickwick-papers
Mr. Pickwick,Ben Allen,6756,pickwick-papers
Mr. Pickwick,Mr. Martin,6756,pickwick-papers
Ben Allen,Mr. Bob Sawyer,6756,pickwick-papers
Ben Allen,Mr. Pickwick,6756,pickwick-papers
Ben Allen,Mr. Martin,6756,pickwick-papers
Mr. Martin,Mr. Bob Sawyer,6756,pickwick-papers
Mr. Martin,Mr. Pickwick,6756,pickwick-papers
Mr. Martin,Ben Allen,6756,pickwick-papers
Allen,Mr. Pickwick,6757,pickwick-papers
Allen,Sir,6757,pickwick-papers
Mr. Pickwick,Allen,6757,pickwick-papers
Mr. Pickwick,Sir,6757,pickwick-papers
Sir,Allen,6757,pickwick-papers
Sir,Mr. Pickwick,6757,pickwick-papers
Sir,Mr. Allen,6758,pickwick-papers
Mr. Allen,Sir,6758,pickwick-papers
Mr. Pickwick,Bob Sawyer,6759,pickwick-papers
Bob Sawyer,Mr. Pickwick,6759,pickwick-papers
Bob,Mr. Ben Allen,6760,pickwick-papers
Bob,Mr. Pickwick,6760,pickwick-papers
Mr. Ben Allen,Bob,6760,pickwick-papers
Mr. Ben Allen,Mr. Pickwick,6760,pickwick-papers
Mr. Pickwick,Bob,6760,pickwick-papers
Mr. Pickwick,Mr. Ben Allen,6760,pickwick-papers
Mr. Pickwick,Gently Sam,6764,pickwick-papers
Gently Sam,Mr. Pickwick,6764,pickwick-papers
Mr. Bob Sawyer,Mr. Benjamin Allen,6766,pickwick-papers
Mr. Bob Sawyer,Mr. Ben Allen,6766,pickwick-papers
Mr. Bob Sawyer,Mr. Pickwick,6766,pickwick-papers
Mr. Benjamin Allen,Mr. Bob Sawyer,6766,pickwick-papers
Mr. Benjamin Allen,Mr. Ben Allen,6766,pickwick-papers
Mr. Benjamin Allen,Mr. Pickwick,6766,pickwick-papers
Mr. Ben Allen,Mr. Bob Sawyer,6766,pickwick-papers
Mr. Ben Allen,Mr. Benjamin Allen,6766,pickwick-papers
Mr. Ben Allen,Mr. Pickwick,6766,pickwick-papers
Mr. Pickwick,Mr. Bob Sawyer,6766,pickwick-papers
Mr. Pickwick,Mr. Benjamin Allen,6766,pickwick-papers
Mr. Pickwick,Mr. Ben Allen,6766,pickwick-papers
Mr. Bob Sawyer,Bob Sawyer,6768,pickwick-papers
Mr. Bob Sawyer,Mr. Pickwick,6768,pickwick-papers
Bob Sawyer,Mr. Bob Sawyer,6768,pickwick-papers
Bob Sawyer,Mr. Pickwick,6768,pickwick-papers
Mr. Pickwick,Mr. Bob Sawyer,6768,pickwick-papers
Mr. Pickwick,Bob Sawyer,6768,pickwick-papers
Mr. Pickwick,Benjamin Allen,6769,pickwick-papers
Benjamin Allen,Mr. Pickwick,6769,pickwick-papers
Sir,Bob Sawyer,6771,pickwick-papers
Sir,Mr. Bob Sawyer,6771,pickwick-papers
Bob Sawyer,Sir,6771,pickwick-papers
Bob Sawyer,Mr. Bob Sawyer,6771,pickwick-papers
Mr. Bob Sawyer,Sir,6771,pickwick-papers
Mr. Bob Sawyer,Bob Sawyer,6771,pickwick-papers
Mr. Bob Sawyer,Ben Allen,6773,pickwick-papers
Ben Allen,Mr. Bob Sawyer,6773,pickwick-papers
Nathaniel Winkle,Mr. Pickwick,6774,pickwick-papers
Mr. Pickwick,Nathaniel Winkle,6774,pickwick-papers
Mr.,Benjamin Allen,6775,pickwick-papers
Mr.,Mr. Pickwick,6775,pickwick-papers
Benjamin Allen,Mr.,6775,pickwick-papers
Benjamin Allen,Mr. Pickwick,6775,pickwick-papers
Mr. Pickwick,Mr.,6775,pickwick-papers
Mr. Pickwick,Benjamin Allen,6775,pickwick-papers
Sir,Mr. Benjamin Allen,6776,pickwick-papers
Mr. Benjamin Allen,Sir,6776,pickwick-papers
Mr.,Martin,6780,pickwick-papers
Mr.,Mr. Weller,6780,pickwick-papers
Martin,Mr.,6780,pickwick-papers
Martin,Mr. Weller,6780,pickwick-papers
Mr. Weller,Mr.,6780,pickwick-papers
Mr. Weller,Martin,6780,pickwick-papers
Mr. Ben Allen,Pickwick,6781,pickwick-papers
Pickwick,Mr. Ben Allen,6781,pickwick-papers
Mr. Pickwick,Mr. Ben Allen,6787,pickwick-papers
Mr. Ben Allen,Mr. Pickwick,6787,pickwick-papers
Mr. Ben Allen,Mr. Pickwick,6787,pickwick-papers
Mr. Pickwick,Mr. Ben Allen,6787,pickwick-papers
Mr. Pickwick,Sir,6789,pickwick-papers
Sir,Mr. Pickwick,6789,pickwick-papers
Sam,Mr. Pickwick,6791,pickwick-papers
Mr. Pickwick,Sam,6791,pickwick-papers
Sam,Nobody,6792,pickwick-papers
Sam,Mr. Vinkle,6792,pickwick-papers
Nobody,Sam,6792,pickwick-papers
Nobody,Mr. Vinkle,6792,pickwick-papers
Mr. Vinkle,Sam,6792,pickwick-papers
Mr. Vinkle,Nobody,6792,pickwick-papers
Mr. Weller,Mr. Ben,6793,pickwick-papers
Mr. Weller,Arabella,6793,pickwick-papers
Mr. Weller,Mr. Bob Sawyer,6793,pickwick-papers
Mr. Weller,Sam,6793,pickwick-papers
Mr. Ben,Mr. Weller,6793,pickwick-papers
Mr. Ben,Arabella,6793,pickwick-papers
Mr. Ben,Mr. Bob Sawyer,6793,pickwick-papers
Mr. Ben,Sam,6793,pickwick-papers
Arabella,Mr. Weller,6793,pickwick-papers
Arabella,Mr. Ben,6793,pickwick-papers
Arabella,Mr. Bob Sawyer,6793,pickwick-papers
Arabella,Sam,6793,pickwick-papers
Mr. Bob Sawyer,Mr. Weller,6793,pickwick-papers
Mr. Bob Sawyer,Mr. Ben,6793,pickwick-papers
Mr. Bob Sawyer,Arabella,6793,pickwick-papers
Mr. Bob Sawyer,Sam,6793,pickwick-papers
Sam,Mr. Weller,6793,pickwick-papers
Sam,Mr. Ben,6793,pickwick-papers
Sam,Arabella,6793,pickwick-papers
Sam,Mr. Bob Sawyer,6793,pickwick-papers
Mr. Pickwick,Mr. Benjamin Allen,6794,pickwick-papers
Mr. Pickwick,Mr. Benjamin Allen,6794,pickwick-papers
Mr. Benjamin Allen,Mr. Pickwick,6794,pickwick-papers
Mr. Benjamin Allen,Mr. Pickwick,6794,pickwick-papers
Mr. Ben Allen,Bob Sawyer,6796,pickwick-papers
Mr. Ben Allen,Mr. Pickwick,6796,pickwick-papers
Mr. Ben Allen,Mr. Sawyer,6796,pickwick-papers
Mr. Ben Allen,Mr.,6796,pickwick-papers
Mr. Ben Allen,Mr. Martin,6796,pickwick-papers
Bob Sawyer,Mr. Ben Allen,6796,pickwick-papers
Bob Sawyer,Mr. Pickwick,6796,pickwick-papers
Bob Sawyer,Mr. Sawyer,6796,pickwick-papers
Bob Sawyer,Mr.,6796,pickwick-papers
Bob Sawyer,Mr. Ben Allen,6796,pickwick-papers
Bob Sawyer,Mr. Martin,6796,pickwick-papers
Mr. Pickwick,Mr. Ben Allen,6796,pickwick-papers
Mr. Pickwick,Bob Sawyer,6796,pickwick-papers
Mr. Pickwick,Mr. Sawyer,6796,pickwick-papers
Mr. Pickwick,Mr.,6796,pickwick-papers
Mr. Pickwick,Mr. Ben Allen,6796,pickwick-papers
Mr. Pickwick,Mr. Martin,6796,pickwick-papers
Mr. Sawyer,Mr. Ben Allen,6796,pickwick-papers
Mr. Sawyer,Bob Sawyer,6796,pickwick-papers
Mr. Sawyer,Mr. Pickwick,6796,pickwick-papers
Mr. Sawyer,Mr.,6796,pickwick-papers
Mr. Sawyer,Mr. Ben Allen,6796,pickwick-papers
Mr. Sawyer,Mr. Martin,6796,pickwick-papers
Mr.,Mr. Ben Allen,6796,pickwick-papers
Mr.,Bob Sawyer,6796,pickwick-papers
Mr.,Mr. Pickwick,6796,pickwick-papers
Mr.,Mr. Sawyer,6796,pickwick-papers
Mr.,Mr. Ben Allen,6796,pickwick-papers
Mr.,Mr. Martin,6796,pickwick-papers
Mr. Ben Allen,Bob Sawyer,6796,pickwick-papers
Mr. Ben Allen,Mr. Pickwick,6796,pickwick-papers
Mr. Ben Allen,Mr. Sawyer,6796,pickwick-papers
Mr. Ben Allen,Mr.,6796,pickwick-papers
Mr. Ben Allen,Mr. Martin,6796,pickwick-papers
Mr. Martin,Mr. Ben Allen,6796,pickwick-papers
Mr. Martin,Bob Sawyer,6796,pickwick-papers
Mr. Martin,Mr. Pickwick,6796,pickwick-papers
Mr. Martin,Mr. Sawyer,6796,pickwick-papers
Mr. Martin,Mr.,6796,pickwick-papers
Mr. Martin,Mr. Ben Allen,6796,pickwick-papers
Mr. Pickwick,Bardell,6800,pickwick-papers
Bardell,Mr. Pickwick,6800,pickwick-papers
Mr. Pickwick,Mr. Benjamin Allen,6801,pickwick-papers
Mr. Pickwick,Mr. Winkle,6801,pickwick-papers
Mr. Pickwick,Samuel Weller,6801,pickwick-papers
Mr. Pickwick,Mr. Martin,6801,pickwick-papers
Mr. Pickwick,Sam,6801,pickwick-papers
Mr. Pickwick,Mr. Weller,6801,pickwick-papers
Mr. Benjamin Allen,Mr. Pickwick,6801,pickwick-papers
Mr. Benjamin Allen,Mr. Winkle,6801,pickwick-papers
Mr. Benjamin Allen,Samuel Weller,6801,pickwick-papers
Mr. Benjamin Allen,Mr. Martin,6801,pickwick-papers
Mr. Benjamin Allen,Sam,6801,pickwick-papers
Mr. Benjamin Allen,Mr. Weller,6801,pickwick-papers
Mr. Winkle,Mr. Pickwick,6801,pickwick-papers
Mr. Winkle,Mr. Benjamin Allen,6801,pickwick-papers
Mr. Winkle,Samuel Weller,6801,pickwick-papers
Mr. Winkle,Mr. Martin,6801,pickwick-papers
Mr. Winkle,Sam,6801,pickwick-papers
Mr. Winkle,Mr. Weller,6801,pickwick-papers
Samuel Weller,Mr. Pickwick,6801,pickwick-papers
Samuel Weller,Mr. Benjamin Allen,6801,pickwick-papers
Samuel Weller,Mr. Winkle,6801,pickwick-papers
Samuel Weller,Mr. Martin,6801,pickwick-papers
Samuel Weller,Sam,6801,pickwick-papers
Samuel Weller,Mr. Weller,6801,pickwick-papers
Mr. Martin,Mr. Pickwick,6801,pickwick-papers
Mr. Martin,Mr. Benjamin Allen,6801,pickwick-papers
Mr. Martin,Mr. Winkle,6801,pickwick-papers
Mr. Martin,Samuel Weller,6801,pickwick-papers
Mr. Martin,Sam,6801,pickwick-papers
Mr. Martin,Mr. Weller,6801,pickwick-papers
Sam,Mr. Pickwick,6801,pickwick-papers
Sam,Mr. Benjamin Allen,6801,pickwick-papers
Sam,Mr. Winkle,6801,pickwick-papers
Sam,Samuel Weller,6801,pickwick-papers
Sam,Mr. Martin,6801,pickwick-papers
Sam,Mr. Weller,6801,pickwick-papers
Mr. Weller,Mr. Pickwick,6801,pickwick-papers
Mr. Weller,Mr. Benjamin Allen,6801,pickwick-papers
Mr. Weller,Mr. Winkle,6801,pickwick-papers
Mr. Weller,Samuel Weller,6801,pickwick-papers
Mr. Weller,Mr. Martin,6801,pickwick-papers
Mr. Weller,Sam,6801,pickwick-papers
Sam,Mr. Pickwick,6803,pickwick-papers
Mr. Pickwick,Sam,6803,pickwick-papers
Mr. Pickwick,Sam,6803,pickwick-papers
Sam,Mr. Pickwick,6803,pickwick-papers
Mr.,Weller,6804,pickwick-papers
Weller,Mr.,6804,pickwick-papers
Tom Smart,Bilson,6825,pickwick-papers
Tom Smart,Slum,6825,pickwick-papers
Tom Smart,Cateaton Street,6825,pickwick-papers
Tom Smart,Tiggin,6825,pickwick-papers
Tom Smart,Welps,6825,pickwick-papers
Tom Smart,Tom,6825,pickwick-papers
Tom Smart,Tom,6825,pickwick-papers
Tom Smart,Tom,6825,pickwick-papers
Bilson,Tom Smart,6825,pickwick-papers
Bilson,Slum,6825,pickwick-papers
Bilson,Cateaton Street,6825,pickwick-papers
Bilson,Tiggin,6825,pickwick-papers
Bilson,Welps,6825,pickwick-papers
Bilson,Tom,6825,pickwick-papers
Bilson,Tom,6825,pickwick-papers
Bilson,Tom,6825,pickwick-papers
Bilson,Tom Smart,6825,pickwick-papers
Slum,Tom Smart,6825,pickwick-papers
Slum,Bilson,6825,pickwick-papers
Slum,Cateaton Street,6825,pickwick-papers
Slum,Tiggin,6825,pickwick-papers
Slum,Welps,6825,pickwick-papers
Slum,Tom,6825,pickwick-papers
Slum,Tom,6825,pickwick-papers
Slum,Tom,6825,pickwick-papers
Slum,Tom Smart,6825,pickwick-papers
Cateaton Street,Tom Smart,6825,pickwick-papers
Cateaton Street,Bilson,6825,pickwick-papers
Cateaton Street,Slum,6825,pickwick-papers
Cateaton Street,Tiggin,6825,pickwick-papers
Cateaton Street,Welps,6825,pickwick-papers
Cateaton Street,Tom,6825,pickwick-papers
Cateaton Street,Tom,6825,pickwick-papers
Cateaton Street,Tom,6825,pickwick-papers
Cateaton Street,Tom Smart,6825,pickwick-papers
Tiggin,Tom Smart,6825,pickwick-papers
Tiggin,Bilson,6825,pickwick-papers
Tiggin,Slum,6825,pickwick-papers
Tiggin,Cateaton Street,6825,pickwick-papers
Tiggin,Welps,6825,pickwick-papers
Tiggin,Tom,6825,pickwick-papers
Tiggin,Tom,6825,pickwick-papers
Tiggin,Tom,6825,pickwick-papers
Tiggin,Tom Smart,6825,pickwick-papers
Welps,Tom Smart,6825,pickwick-papers
Welps,Bilson,6825,pickwick-papers
Welps,Slum,6825,pickwick-papers
Welps,Cateaton Street,6825,pickwick-papers
Welps,Tiggin,6825,pickwick-papers
Welps,Tom,6825,pickwick-papers
Welps,Tom,6825,pickwick-papers
Welps,Tom,6825,pickwick-papers
Welps,Tom Smart,6825,pickwick-papers
Tom,Tom Smart,6825,pickwick-papers
Tom,Bilson,6825,pickwick-papers
Tom,Slum,6825,pickwick-papers
Tom,Cateaton Street,6825,pickwick-papers
Tom,Tiggin,6825,pickwick-papers
Tom,Welps,6825,pickwick-papers
Tom,Tom Smart,6825,pickwick-papers
Tom,Tom Smart,6825,pickwick-papers
Tom,Bilson,6825,pickwick-papers
Tom,Slum,6825,pickwick-papers
Tom,Cateaton Street,6825,pickwick-papers
Tom,Tiggin,6825,pickwick-papers
Tom,Welps,6825,pickwick-papers
Tom,Tom Smart,6825,pickwick-papers
Tom,Tom Smart,6825,pickwick-papers
Tom,Bilson,6825,pickwick-papers
Tom,Slum,6825,pickwick-papers
Tom,Cateaton Street,6825,pickwick-papers
Tom,Tiggin,6825,pickwick-papers
Tom,Welps,6825,pickwick-papers
Tom,Tom Smart,6825,pickwick-papers
Tom Smart,Bilson,6825,pickwick-papers
Tom Smart,Slum,6825,pickwick-papers
Tom Smart,Cateaton Street,6825,pickwick-papers
Tom Smart,Tiggin,6825,pickwick-papers
Tom Smart,Welps,6825,pickwick-papers
Tom Smart,Tom,6825,pickwick-papers
Tom Smart,Tom,6825,pickwick-papers
Tom Smart,Tom,6825,pickwick-papers
Tiggin,Welps,6853,pickwick-papers
Welps,Tiggin,6853,pickwick-papers
Tiggin,Welps,6882,pickwick-papers
Welps,Tiggin,6882,pickwick-papers
Richard,Richmond,6888,pickwick-papers
Richmond,Richard,6888,pickwick-papers
Mr. Pickwick,Sam Weller,6927,pickwick-papers
Mr. Pickwick,Mr. Bob Sawyer,6927,pickwick-papers
Mr. Pickwick,Mr. Benjamin Allen,6927,pickwick-papers
Sam Weller,Mr. Pickwick,6927,pickwick-papers
Sam Weller,Mr. Bob Sawyer,6927,pickwick-papers
Sam Weller,Mr. Benjamin Allen,6927,pickwick-papers
Mr. Bob Sawyer,Mr. Pickwick,6927,pickwick-papers
Mr. Bob Sawyer,Sam Weller,6927,pickwick-papers
Mr. Bob Sawyer,Mr. Benjamin Allen,6927,pickwick-papers
Mr. Benjamin Allen,Mr. Pickwick,6927,pickwick-papers
Mr. Benjamin Allen,Sam Weller,6927,pickwick-papers
Mr. Benjamin Allen,Mr. Bob Sawyer,6927,pickwick-papers
Mr. Pickwick,Mr. Bob Sawyer,6928,pickwick-papers
Mr. Pickwick,Mr. Bob Sawyer,6928,pickwick-papers
Mr. Bob Sawyer,Mr. Pickwick,6928,pickwick-papers
Mr. Bob Sawyer,Mr. Pickwick,6928,pickwick-papers
Bob Sawyer,Sam,6933,pickwick-papers
Bob Sawyer,Mr. Weller,6933,pickwick-papers
Bob Sawyer,Mr. Bob Sawyer,6933,pickwick-papers
Bob Sawyer,Sam,6933,pickwick-papers
Bob Sawyer,Mr. Bob Sawyer,6933,pickwick-papers
Sam,Bob Sawyer,6933,pickwick-papers
Sam,Mr. Weller,6933,pickwick-papers
Sam,Mr. Bob Sawyer,6933,pickwick-papers
Sam,Mr. Bob Sawyer,6933,pickwick-papers
Mr. Weller,Bob Sawyer,6933,pickwick-papers
Mr. Weller,Sam,6933,pickwick-papers
Mr. Weller,Mr. Bob Sawyer,6933,pickwick-papers
Mr. Weller,Sam,6933,pickwick-papers
Mr. Weller,Mr. Bob Sawyer,6933,pickwick-papers
Mr. Bob Sawyer,Bob Sawyer,6933,pickwick-papers
Mr. Bob Sawyer,Sam,6933,pickwick-papers
Mr. Bob Sawyer,Mr. Weller,6933,pickwick-papers
Mr. Bob Sawyer,Sam,6933,pickwick-papers
Sam,Bob Sawyer,6933,pickwick-papers
Sam,Mr. Weller,6933,pickwick-papers
Sam,Mr. Bob Sawyer,6933,pickwick-papers
Sam,Mr. Bob Sawyer,6933,pickwick-papers
Mr. Bob Sawyer,Bob Sawyer,6933,pickwick-papers
Mr. Bob Sawyer,Sam,6933,pickwick-papers
Mr. Bob Sawyer,Mr. Weller,6933,pickwick-papers
Mr. Bob Sawyer,Sam,6933,pickwick-papers
Bob,Mr. Pickwick,6936,pickwick-papers
Mr. Pickwick,Bob,6936,pickwick-papers
Bob,Mr. Bob Sawyer,6938,pickwick-papers
Mr. Bob Sawyer,Bob,6938,pickwick-papers
Bob,Sam,6943,pickwick-papers
Bob,Mr. Sawyer,6943,pickwick-papers
Bob,Ben,6943,pickwick-papers
Sam,Bob,6943,pickwick-papers
Sam,Mr. Sawyer,6943,pickwick-papers
Sam,Bob,6943,pickwick-papers
Sam,Ben,6943,pickwick-papers
Mr. Sawyer,Bob,6943,pickwick-papers
Mr. Sawyer,Sam,6943,pickwick-papers
Mr. Sawyer,Bob,6943,pickwick-papers
Mr. Sawyer,Ben,6943,pickwick-papers
Bob,Sam,6943,pickwick-papers
Bob,Mr. Sawyer,6943,pickwick-papers
Bob,Ben,6943,pickwick-papers
Ben,Bob,6943,pickwick-papers
Ben,Sam,6943,pickwick-papers
Ben,Mr. Sawyer,6943,pickwick-papers
Ben,Bob,6943,pickwick-papers
Mr. Bob Sawyer,Mr. Pickwick,6944,pickwick-papers
Mr. Pickwick,Mr. Bob Sawyer,6944,pickwick-papers
Mr. Pickwick,Mr. Bob Sawyer,6944,pickwick-papers
Mr. Pickwick,Mr. Bob Sawyer,6944,pickwick-papers
Mr. Bob Sawyer,Mr. Pickwick,6944,pickwick-papers
Mr. Bob Sawyer,Mr. Pickwick,6944,pickwick-papers
Bob,Mr. Samuel Weller,6945,pickwick-papers
Mr. Samuel Weller,Bob,6945,pickwick-papers
Mr. Pickwick,Ben Allen,6946,pickwick-papers
Mr. Pickwick,Mr. Winkle,6946,pickwick-papers
Ben Allen,Mr. Pickwick,6946,pickwick-papers
Ben Allen,Mr. Winkle,6946,pickwick-papers
Mr. Winkle,Mr. Pickwick,6946,pickwick-papers
Mr. Winkle,Ben Allen,6946,pickwick-papers
Mr.,Pickwick,6949,pickwick-papers
Mr.,Mr. Robert Sawyer,6949,pickwick-papers
Pickwick,Mr.,6949,pickwick-papers
Pickwick,Mr. Robert Sawyer,6949,pickwick-papers
Mr. Robert Sawyer,Mr.,6949,pickwick-papers
Mr. Robert Sawyer,Pickwick,6949,pickwick-papers
Ben Allen,Bob,6951,pickwick-papers
Bob,Ben Allen,6951,pickwick-papers
Mr.,Mr. Ben Allen,6953,pickwick-papers
Mr. Ben Allen,Mr.,6953,pickwick-papers
Mr.,Bob Sawyer,6954,pickwick-papers
Mr.,Mr. Samuel Weller,6954,pickwick-papers
Mr.,Mr. Samuel Weller,6954,pickwick-papers
Mr.,Bob Sawyer,6954,pickwick-papers
Bob Sawyer,Mr.,6954,pickwick-papers
Bob Sawyer,Mr. Samuel Weller,6954,pickwick-papers
Bob Sawyer,Mr. Samuel Weller,6954,pickwick-papers
Mr. Samuel Weller,Mr.,6954,pickwick-papers
Mr. Samuel Weller,Bob Sawyer,6954,pickwick-papers
Mr. Samuel Weller,Bob Sawyer,6954,pickwick-papers
Mr. Samuel Weller,Mr.,6954,pickwick-papers
Mr. Samuel Weller,Bob Sawyer,6954,pickwick-papers
Mr. Samuel Weller,Bob Sawyer,6954,pickwick-papers
Bob Sawyer,Mr.,6954,pickwick-papers
Bob Sawyer,Mr. Samuel Weller,6954,pickwick-papers
Bob Sawyer,Mr. Samuel Weller,6954,pickwick-papers
Sawyer,Mr. Pickwick,6956,pickwick-papers
Sawyer,Sir,6956,pickwick-papers
Mr. Pickwick,Sawyer,6956,pickwick-papers
Mr. Pickwick,Sawyer,6956,pickwick-papers
Mr. Pickwick,Sir,6956,pickwick-papers
Sawyer,Mr. Pickwick,6956,pickwick-papers
Sawyer,Sir,6956,pickwick-papers
Sir,Sawyer,6956,pickwick-papers
Sir,Mr. Pickwick,6956,pickwick-papers
Sir,Sawyer,6956,pickwick-papers
Mr. Pickwick,Sir,6960,pickwick-papers
Mr. Pickwick,Sam,6960,pickwick-papers
Sir,Mr. Pickwick,6960,pickwick-papers
Sir,Sam,6960,pickwick-papers
Sam,Mr. Pickwick,6960,pickwick-papers
Sam,Sir,6960,pickwick-papers
Sam,Mr. Bob Sawyer,6961,pickwick-papers
Sam,Mr. Pickwick,6961,pickwick-papers
Sam,Bob,6961,pickwick-papers
Sam,Mr. Pickwick,6961,pickwick-papers
Mr. Bob Sawyer,Sam,6961,pickwick-papers
Mr. Bob Sawyer,Mr. Pickwick,6961,pickwick-papers
Mr. Bob Sawyer,Bob,6961,pickwick-papers
Mr. Bob Sawyer,Mr. Pickwick,6961,pickwick-papers
Mr. Pickwick,Sam,6961,pickwick-papers
Mr. Pickwick,Mr. Bob Sawyer,6961,pickwick-papers
Mr. Pickwick,Bob,6961,pickwick-papers
Bob,Sam,6961,pickwick-papers
Bob,Mr. Bob Sawyer,6961,pickwick-papers
Bob,Mr. Pickwick,6961,pickwick-papers
Bob,Mr. Pickwick,6961,pickwick-papers
Mr. Pickwick,Sam,6961,pickwick-papers
Mr. Pickwick,Mr. Bob Sawyer,6961,pickwick-papers
Mr. Pickwick,Bob,6961,pickwick-papers
Mr. Pickwick,Bob,6962,pickwick-papers
Bob,Mr. Pickwick,6962,pickwick-papers
Bob,Mr. Weller,6963,pickwick-papers
Mr. Weller,Bob,6963,pickwick-papers
Mr. Pickwick,Mr. Bob Sawyer,6966,pickwick-papers
Mr. Bob Sawyer,Mr. Pickwick,6966,pickwick-papers
Ben Allen,Bob,6968,pickwick-papers
Bob,Ben Allen,6968,pickwick-papers
Mr. Pickwick,Mr. Bob Sawyer,6974,pickwick-papers
Mr. Bob Sawyer,Mr. Pickwick,6974,pickwick-papers
Mr.,Ben Allen,6989,pickwick-papers
Mr.,Mr. Pickwick,6989,pickwick-papers
Mr.,Mr. Pickwick,6989,pickwick-papers
Mr.,Mr. Ben Allen,6989,pickwick-papers
Mr.,Mr. Ben Allen,6989,pickwick-papers
Mr.,Mr. Pickwick,6989,pickwick-papers
Ben Allen,Mr.,6989,pickwick-papers
Ben Allen,Mr. Pickwick,6989,pickwick-papers
Ben Allen,Mr. Pickwick,6989,pickwick-papers
Ben Allen,Mr. Ben Allen,6989,pickwick-papers
Ben Allen,Mr. Ben Allen,6989,pickwick-papers
Ben Allen,Mr. Pickwick,6989,pickwick-papers
Mr. Pickwick,Mr.,6989,pickwick-papers
Mr. Pickwick,Ben Allen,6989,pickwick-papers
Mr. Pickwick,Mr. Ben Allen,6989,pickwick-papers
Mr. Pickwick,Mr. Ben Allen,6989,pickwick-papers
Mr. Pickwick,Mr.,6989,pickwick-papers
Mr. Pickwick,Ben Allen,6989,pickwick-papers
Mr. Pickwick,Mr. Ben Allen,6989,pickwick-papers
Mr. Pickwick,Mr. Ben Allen,6989,pickwick-papers
Mr. Ben Allen,Mr.,6989,pickwick-papers
Mr. Ben Allen,Ben Allen,6989,pickwick-papers
Mr. Ben Allen,Mr. Pickwick,6989,pickwick-papers
Mr. Ben Allen,Mr. Pickwick,6989,pickwick-papers
Mr. Ben Allen,Mr. Pickwick,6989,pickwick-papers
Mr. Ben Allen,Mr.,6989,pickwick-papers
Mr. Ben Allen,Ben Allen,6989,pickwick-papers
Mr. Ben Allen,Mr. Pickwick,6989,pickwick-papers
Mr. Ben Allen,Mr. Pickwick,6989,pickwick-papers
Mr. Ben Allen,Mr. Pickwick,6989,pickwick-papers
Mr. Pickwick,Mr.,6989,pickwick-papers
Mr. Pickwick,Ben Allen,6989,pickwick-papers
Mr. Pickwick,Mr. Ben Allen,6989,pickwick-papers
Mr. Pickwick,Mr. Ben Allen,6989,pickwick-papers
Mr. Pickwick,Ben Allen,6992,pickwick-papers
Ben Allen,Mr. Pickwick,6992,pickwick-papers
Mr. Ben Allen,Bob Sawyer,6994,pickwick-papers
Mr. Ben Allen,Mr. Pickwick,6994,pickwick-papers
Bob Sawyer,Mr. Ben Allen,6994,pickwick-papers
Bob Sawyer,Mr. Pickwick,6994,pickwick-papers
Mr. Pickwick,Mr. Ben Allen,6994,pickwick-papers
Mr. Pickwick,Bob Sawyer,6994,pickwick-papers
Bob,Hollo,6999,pickwick-papers
Bob,Madeira,6999,pickwick-papers
Bob,Mr. Bob Sawyer,6999,pickwick-papers
Hollo,Bob,6999,pickwick-papers
Hollo,Madeira,6999,pickwick-papers
Hollo,Mr. Bob Sawyer,6999,pickwick-papers
Madeira,Bob,6999,pickwick-papers
Madeira,Hollo,6999,pickwick-papers
Madeira,Mr. Bob Sawyer,6999,pickwick-papers
Mr. Bob Sawyer,Bob,6999,pickwick-papers
Mr. Bob Sawyer,Hollo,6999,pickwick-papers
Mr. Bob Sawyer,Madeira,6999,pickwick-papers
Bob,Mr. Ben Allen,7000,pickwick-papers
Bob,Mr. Pickwick,7000,pickwick-papers
Bob,Mr. Pickwick,7000,pickwick-papers
Mr. Ben Allen,Bob,7000,pickwick-papers
Mr. Ben Allen,Mr. Pickwick,7000,pickwick-papers
Mr. Ben Allen,Mr. Pickwick,7000,pickwick-papers
Mr. Pickwick,Bob,7000,pickwick-papers
Mr. Pickwick,Mr. Ben Allen,7000,pickwick-papers
Mr. Pickwick,Bob,7000,pickwick-papers
Mr. Pickwick,Mr. Ben Allen,7000,pickwick-papers
Madeira,Mr. Pickwick,7001,pickwick-papers
Madeira,Mr. Ben Allen,7001,pickwick-papers
Madeira,Bob,7001,pickwick-papers
Madeira,Mr. Weller,7001,pickwick-papers
Mr. Pickwick,Madeira,7001,pickwick-papers
Mr. Pickwick,Mr. Ben Allen,7001,pickwick-papers
Mr. Pickwick,Bob,7001,pickwick-papers
Mr. Pickwick,Mr. Weller,7001,pickwick-papers
Mr. Ben Allen,Madeira,7001,pickwick-papers
Mr. Ben Allen,Mr. Pickwick,7001,pickwick-papers
Mr. Ben Allen,Bob,7001,pickwick-papers
Mr. Ben Allen,Mr. Weller,7001,pickwick-papers
Bob,Madeira,7001,pickwick-papers
Bob,Mr. Pickwick,7001,pickwick-papers
Bob,Mr. Ben Allen,7001,pickwick-papers
Bob,Mr. Weller,7001,pickwick-papers
Mr. Weller,Madeira,7001,pickwick-papers
Mr. Weller,Mr. Pickwick,7001,pickwick-papers
Mr. Weller,Mr. Ben Allen,7001,pickwick-papers
Mr. Weller,Bob,7001,pickwick-papers
Mr. Bob Sawyer,Truth,7005,pickwick-papers
Mr. Bob Sawyer,Mr. Pickwick,7005,pickwick-papers
Truth,Mr. Bob Sawyer,7005,pickwick-papers
Truth,Mr. Pickwick,7005,pickwick-papers
Truth,Mr. Bob Sawyer,7005,pickwick-papers
Mr. Pickwick,Mr. Bob Sawyer,7005,pickwick-papers
Mr. Pickwick,Truth,7005,pickwick-papers
Mr. Pickwick,Mr. Bob Sawyer,7005,pickwick-papers
Mr. Bob Sawyer,Truth,7005,pickwick-papers
Mr. Bob Sawyer,Mr. Pickwick,7005,pickwick-papers
Mr.,Pickwick,7006,pickwick-papers
Mr.,Mr. Winkle,7006,pickwick-papers
Mr.,Bob Sawyer,7006,pickwick-papers
Mr.,Ben Allen,7006,pickwick-papers
Pickwick,Mr.,7006,pickwick-papers
Pickwick,Mr. Winkle,7006,pickwick-papers
Pickwick,Bob Sawyer,7006,pickwick-papers
Pickwick,Ben Allen,7006,pickwick-papers
Mr. Winkle,Mr.,7006,pickwick-papers
Mr. Winkle,Pickwick,7006,pickwick-papers
Mr. Winkle,Bob Sawyer,7006,pickwick-papers
Mr. Winkle,Ben Allen,7006,pickwick-papers
Bob Sawyer,Mr.,7006,pickwick-papers
Bob Sawyer,Pickwick,7006,pickwick-papers
Bob Sawyer,Mr. Winkle,7006,pickwick-papers
Bob Sawyer,Ben Allen,7006,pickwick-papers
Ben Allen,Mr.,7006,pickwick-papers
Ben Allen,Pickwick,7006,pickwick-papers
Ben Allen,Mr. Winkle,7006,pickwick-papers
Ben Allen,Bob Sawyer,7006,pickwick-papers
Ben Allen,Mr. Samuel Weller,7008,pickwick-papers
Ben Allen,Mr. Pickwick,7008,pickwick-papers
Ben Allen,Mr. Pickwick,7008,pickwick-papers
Ben Allen,Mr. Winkle,7008,pickwick-papers
Mr. Samuel Weller,Ben Allen,7008,pickwick-papers
Mr. Samuel Weller,Mr. Pickwick,7008,pickwick-papers
Mr. Samuel Weller,Mr. Pickwick,7008,pickwick-papers
Mr. Samuel Weller,Mr. Winkle,7008,pickwick-papers
Mr. Pickwick,Ben Allen,7008,pickwick-papers
Mr. Pickwick,Mr. Samuel Weller,7008,pickwick-papers
Mr. Pickwick,Mr. Winkle,7008,pickwick-papers
Mr. Pickwick,Ben Allen,7008,pickwick-papers
Mr. Pickwick,Mr. Samuel Weller,7008,pickwick-papers
Mr. Pickwick,Mr. Winkle,7008,pickwick-papers
Mr. Winkle,Ben Allen,7008,pickwick-papers
Mr. Winkle,Mr. Samuel Weller,7008,pickwick-papers
Mr. Winkle,Mr. Pickwick,7008,pickwick-papers
Mr. Winkle,Mr. Pickwick,7008,pickwick-papers
Sir,Mr. Winkle,7009,pickwick-papers
Sir,Mr. Pickwick,7009,pickwick-papers
Sir,Mr. Winkle,7009,pickwick-papers
Sir,Mr. Pickwick,7009,pickwick-papers
Mr. Winkle,Sir,7009,pickwick-papers
Mr. Winkle,Sir,7009,pickwick-papers
Mr. Winkle,Sir,7009,pickwick-papers
Mr. Winkle,Mr. Pickwick,7009,pickwick-papers
Sir,Mr. Winkle,7009,pickwick-papers
Sir,Mr. Pickwick,7009,pickwick-papers
Mr. Pickwick,Sir,7009,pickwick-papers
Mr. Pickwick,Sir,7009,pickwick-papers
Mr. Pickwick,Mr. Winkle,7009,pickwick-papers
Mr. Pickwick,Sir,7009,pickwick-papers
Sir,Mr. Pickwick,7010,pickwick-papers
Sir,Dinner,7010,pickwick-papers
Mr. Pickwick,Sir,7010,pickwick-papers
Mr. Pickwick,Sir,7010,pickwick-papers
Mr. Pickwick,Dinner,7010,pickwick-papers
Sir,Mr. Pickwick,7010,pickwick-papers
Sir,Dinner,7010,pickwick-papers
Dinner,Sir,7010,pickwick-papers
Dinner,Mr. Pickwick,7010,pickwick-papers
Dinner,Sir,7010,pickwick-papers
Mr. Ben Allen,Sam,7020,pickwick-papers
Mr. Ben Allen,Mr. Pickwick,7020,pickwick-papers
Mr. Ben Allen,Bob Sawyer,7020,pickwick-papers
Mr. Ben Allen,Mr. Winkle,7020,pickwick-papers
Mr. Ben Allen,Bob Sawyer,7020,pickwick-papers
Sam,Mr. Ben Allen,7020,pickwick-papers
Sam,Mr. Pickwick,7020,pickwick-papers
Sam,Bob Sawyer,7020,pickwick-papers
Sam,Mr. Winkle,7020,pickwick-papers
Sam,Bob Sawyer,7020,pickwick-papers
Mr. Pickwick,Mr. Ben Allen,7020,pickwick-papers
Mr. Pickwick,Sam,7020,pickwick-papers
Mr. Pickwick,Bob Sawyer,7020,pickwick-papers
Mr. Pickwick,Mr. Winkle,7020,pickwick-papers
Mr. Pickwick,Bob Sawyer,7020,pickwick-papers
Bob Sawyer,Mr. Ben Allen,7020,pickwick-papers
Bob Sawyer,Sam,7020,pickwick-papers
Bob Sawyer,Mr. Pickwick,7020,pickwick-papers
Bob Sawyer,Mr. Winkle,7020,pickwick-papers
Mr. Winkle,Mr. Ben Allen,7020,pickwick-papers
Mr. Winkle,Sam,7020,pickwick-papers
Mr. Winkle,Mr. Pickwick,7020,pickwick-papers
Mr. Winkle,Bob Sawyer,7020,pickwick-papers
Mr. Winkle,Bob Sawyer,7020,pickwick-papers
Bob Sawyer,Mr. Ben Allen,7020,pickwick-papers
Bob Sawyer,Sam,7020,pickwick-papers
Bob Sawyer,Mr. Pickwick,7020,pickwick-papers
Bob Sawyer,Mr. Winkle,7020,pickwick-papers
Mr. Pickwick,Mr. Benjamin Allen,7021,pickwick-papers
Mr. Pickwick,Mr. Bob Sawyer,7021,pickwick-papers
Mr. Benjamin Allen,Mr. Pickwick,7021,pickwick-papers
Mr. Benjamin Allen,Mr. Bob Sawyer,7021,pickwick-papers
Mr. Bob Sawyer,Mr. Pickwick,7021,pickwick-papers
Mr. Bob Sawyer,Mr. Benjamin Allen,7021,pickwick-papers
Mr. Winkle,Mr. Pickwick,7023,pickwick-papers
Mr. Pickwick,Mr. Winkle,7023,pickwick-papers
Sir,Mr. Pickwick,7027,pickwick-papers
Mr. Pickwick,Sir,7027,pickwick-papers
Mr. Bob Sawyer,Mr. Winkle,7031,pickwick-papers
Mr. Bob Sawyer,Mr. Pickwick,7031,pickwick-papers
Mr. Winkle,Mr. Bob Sawyer,7031,pickwick-papers
Mr. Winkle,Mr. Pickwick,7031,pickwick-papers
Mr. Winkle,Mr. Bob Sawyer,7031,pickwick-papers
Mr. Pickwick,Mr. Bob Sawyer,7031,pickwick-papers
Mr. Pickwick,Mr. Winkle,7031,pickwick-papers
Mr. Pickwick,Mr. Bob Sawyer,7031,pickwick-papers
Mr. Bob Sawyer,Mr. Winkle,7031,pickwick-papers
Mr. Bob Sawyer,Mr. Pickwick,7031,pickwick-papers
Mr. Winkle,Mr. Pickwick,7032,pickwick-papers
Mr. Pickwick,Mr. Winkle,7032,pickwick-papers
Pickwick,Glad,7033,pickwick-papers
Pickwick,Mr. Pickwick,7033,pickwick-papers
Pickwick,Sir,7033,pickwick-papers
Glad,Pickwick,7033,pickwick-papers
Glad,Mr. Pickwick,7033,pickwick-papers
Glad,Sir,7033,pickwick-papers
Mr. Pickwick,Pickwick,7033,pickwick-papers
Mr. Pickwick,Glad,7033,pickwick-papers
Mr. Pickwick,Sir,7033,pickwick-papers
Sir,Pickwick,7033,pickwick-papers
Sir,Glad,7033,pickwick-papers
Sir,Mr. Pickwick,7033,pickwick-papers
Mr. Sawyer,Mr. Pickwick,7034,pickwick-papers
Mr. Pickwick,Mr. Sawyer,7034,pickwick-papers
Mr. Pickwick,Allen,7037,pickwick-papers
Allen,Mr. Pickwick,7037,pickwick-papers
Mr. Winkle,Ben Allen,7038,pickwick-papers
Ben Allen,Mr. Winkle,7038,pickwick-papers
Mr.,Pickwick,7039,pickwick-papers
Mr.,Mr. Benjamin Allen,7039,pickwick-papers
Mr.,Mr. Bob Sawyer,7039,pickwick-papers
Mr.,Mr. Ben Allen,7039,pickwick-papers
Mr.,Mr. Winkle,7039,pickwick-papers
Pickwick,Mr.,7039,pickwick-papers
Pickwick,Mr. Benjamin Allen,7039,pickwick-papers
Pickwick,Mr. Bob Sawyer,7039,pickwick-papers
Pickwick,Mr. Ben Allen,7039,pickwick-papers
Pickwick,Mr. Winkle,7039,pickwick-papers
Mr. Benjamin Allen,Mr.,7039,pickwick-papers
Mr. Benjamin Allen,Pickwick,7039,pickwick-papers
Mr. Benjamin Allen,Mr. Bob Sawyer,7039,pickwick-papers
Mr. Benjamin Allen,Mr. Ben Allen,7039,pickwick-papers
Mr. Benjamin Allen,Mr. Winkle,7039,pickwick-papers
Mr. Bob Sawyer,Mr.,7039,pickwick-papers
Mr. Bob Sawyer,Pickwick,7039,pickwick-papers
Mr. Bob Sawyer,Mr. Benjamin Allen,7039,pickwick-papers
Mr. Bob Sawyer,Mr. Ben Allen,7039,pickwick-papers
Mr. Bob Sawyer,Mr. Winkle,7039,pickwick-papers
Mr. Ben Allen,Mr.,7039,pickwick-papers
Mr. Ben Allen,Pickwick,7039,pickwick-papers
Mr. Ben Allen,Mr. Benjamin Allen,7039,pickwick-papers
Mr. Ben Allen,Mr. Bob Sawyer,7039,pickwick-papers
Mr. Ben Allen,Mr. Winkle,7039,pickwick-papers
Mr. Winkle,Mr.,7039,pickwick-papers
Mr. Winkle,Pickwick,7039,pickwick-papers
Mr. Winkle,Mr. Benjamin Allen,7039,pickwick-papers
Mr. Winkle,Mr. Bob Sawyer,7039,pickwick-papers
Mr. Winkle,Mr. Ben Allen,7039,pickwick-papers
Mr. Pickwick,Mr. Winkle,7040,pickwick-papers
Mr. Pickwick,Mr. Winkle,7040,pickwick-papers
Mr. Winkle,Mr. Pickwick,7040,pickwick-papers
Mr. Winkle,Mr. Pickwick,7040,pickwick-papers
Sir,Mr. Pickwick,7041,pickwick-papers
Mr. Pickwick,Sir,7041,pickwick-papers
Mr. Pickwick,Mr. Winkle,7042,pickwick-papers
Mr. Winkle,Mr. Pickwick,7042,pickwick-papers
Mr. Bob Sawyer,Mr. Grimaldi,7044,pickwick-papers
Mr. Bob Sawyer,Mr. Winkle,7044,pickwick-papers
Mr. Bob Sawyer,Bob,7044,pickwick-papers
Mr. Bob Sawyer,Mr. Grimaldi,7044,pickwick-papers
Mr. Grimaldi,Mr. Bob Sawyer,7044,pickwick-papers
Mr. Grimaldi,Mr. Winkle,7044,pickwick-papers
Mr. Grimaldi,Mr. Bob Sawyer,7044,pickwick-papers
Mr. Grimaldi,Mr. Bob Sawyer,7044,pickwick-papers
Mr. Grimaldi,Bob,7044,pickwick-papers
Mr. Winkle,Mr. Bob Sawyer,7044,pickwick-papers
Mr. Winkle,Mr. Grimaldi,7044,pickwick-papers
Mr. Winkle,Mr. Bob Sawyer,7044,pickwick-papers
Mr. Winkle,Mr. Bob Sawyer,7044,pickwick-papers
Mr. Winkle,Bob,7044,pickwick-papers
Mr. Winkle,Mr. Grimaldi,7044,pickwick-papers
Mr. Bob Sawyer,Mr. Grimaldi,7044,pickwick-papers
Mr. Bob Sawyer,Mr. Winkle,7044,pickwick-papers
Mr. Bob Sawyer,Bob,7044,pickwick-papers
Mr. Bob Sawyer,Mr. Grimaldi,7044,pickwick-papers
Mr. Bob Sawyer,Mr. Grimaldi,7044,pickwick-papers
Mr. Bob Sawyer,Mr. Winkle,7044,pickwick-papers
Mr. Bob Sawyer,Bob,7044,pickwick-papers
Mr. Bob Sawyer,Mr. Grimaldi,7044,pickwick-papers
Bob,Mr. Bob Sawyer,7044,pickwick-papers
Bob,Mr. Grimaldi,7044,pickwick-papers
Bob,Mr. Winkle,7044,pickwick-papers
Bob,Mr. Bob Sawyer,7044,pickwick-papers
Bob,Mr. Bob Sawyer,7044,pickwick-papers
Bob,Mr. Grimaldi,7044,pickwick-papers
Mr. Grimaldi,Mr. Bob Sawyer,7044,pickwick-papers
Mr. Grimaldi,Mr. Winkle,7044,pickwick-papers
Mr. Grimaldi,Mr. Bob Sawyer,7044,pickwick-papers
Mr. Grimaldi,Mr. Bob Sawyer,7044,pickwick-papers
Mr. Grimaldi,Bob,7044,pickwick-papers
Sir,Mr. Winkle,7045,pickwick-papers
Mr. Winkle,Sir,7045,pickwick-papers
Mr. Winkle,Bob,7051,pickwick-papers
Bob,Mr. Winkle,7051,pickwick-papers
Mr.,Pickwick,7052,pickwick-papers
Mr.,Mr. Pickwick,7052,pickwick-papers
Pickwick,Mr.,7052,pickwick-papers
Pickwick,Mr. Pickwick,7052,pickwick-papers
Mr. Pickwick,Mr.,7052,pickwick-papers
Mr. Pickwick,Pickwick,7052,pickwick-papers
Nathaniel,Pickwick,7054,pickwick-papers
Pickwick,Nathaniel,7054,pickwick-papers
George,Vulture,7055,pickwick-papers
Vulture,George,7055,pickwick-papers
Mr. Pickwick,Pickwick,7063,pickwick-papers
Pickwick,Mr. Pickwick,7063,pickwick-papers
Sir,Ben Allen,7064,pickwick-papers
Sir,Bob,7064,pickwick-papers
Ben Allen,Sir,7064,pickwick-papers
Ben Allen,Bob,7064,pickwick-papers
Bob,Sir,7064,pickwick-papers
Bob,Ben Allen,7064,pickwick-papers
Mr. Winkle,Mr. Pickwick,7065,pickwick-papers
Mr. Winkle,Mr. Pickwick,7065,pickwick-papers
Mr. Winkle,Margaret,7065,pickwick-papers
Mr. Pickwick,Mr. Winkle,7065,pickwick-papers
Mr. Pickwick,Margaret,7065,pickwick-papers
Mr. Pickwick,Mr. Winkle,7065,pickwick-papers
Mr. Pickwick,Margaret,7065,pickwick-papers
Margaret,Mr. Winkle,7065,pickwick-papers
Margaret,Mr. Pickwick,7065,pickwick-papers
Margaret,Mr. Pickwick,7065,pickwick-papers
Bob Sawyer,Mr. Ben Allen,7066,pickwick-papers
Bob Sawyer,Ben,7066,pickwick-papers
Mr. Ben Allen,Bob Sawyer,7066,pickwick-papers
Mr. Ben Allen,Ben,7066,pickwick-papers
Ben,Bob Sawyer,7066,pickwick-papers
Ben,Mr. Ben Allen,7066,pickwick-papers
Mr. Winkle,Mr. Pickwick,7068,pickwick-papers
Mr. Pickwick,Mr. Winkle,7068,pickwick-papers
Sir,Mr. Pickwick,7070,pickwick-papers
Mr. Pickwick,Sir,7070,pickwick-papers
Mr.,Pickwick,7072,pickwick-papers
Mr.,Mr. Bob Sawyer,7072,pickwick-papers
Mr.,Mr. Ben Allen,7072,pickwick-papers
Mr.,Mr. Ben Allen,7072,pickwick-papers
Mr.,Mr. Pickwick,7072,pickwick-papers
Mr.,Mr. Winkle,7072,pickwick-papers
Pickwick,Mr.,7072,pickwick-papers
Pickwick,Mr. Bob Sawyer,7072,pickwick-papers
Pickwick,Mr. Ben Allen,7072,pickwick-papers
Pickwick,Mr. Ben Allen,7072,pickwick-papers
Pickwick,Mr. Pickwick,7072,pickwick-papers
Pickwick,Mr. Winkle,7072,pickwick-papers
Mr. Bob Sawyer,Mr.,7072,pickwick-papers
Mr. Bob Sawyer,Pickwick,7072,pickwick-papers
Mr. Bob Sawyer,Mr. Ben Allen,7072,pickwick-papers
Mr. Bob Sawyer,Mr. Ben Allen,7072,pickwick-papers
Mr. Bob Sawyer,Mr. Pickwick,7072,pickwick-papers
Mr. Bob Sawyer,Mr. Winkle,7072,pickwick-papers
Mr. Ben Allen,Mr.,7072,pickwick-papers
Mr. Ben Allen,Pickwick,7072,pickwick-papers
Mr. Ben Allen,Mr. Bob Sawyer,7072,pickwick-papers
Mr. Ben Allen,Mr. Pickwick,7072,pickwick-papers
Mr. Ben Allen,Mr. Winkle,7072,pickwick-papers
Mr. Ben Allen,Mr.,7072,pickwick-papers
Mr. Ben Allen,Pickwick,7072,pickwick-papers
Mr. Ben Allen,Mr. Bob Sawyer,7072,pickwick-papers
Mr. Ben Allen,Mr. Pickwick,7072,pickwick-papers
Mr. Ben Allen,Mr. Winkle,7072,pickwick-papers
Mr. Pickwick,Mr.,7072,pickwick-papers
Mr. Pickwick,Pickwick,7072,pickwick-papers
Mr. Pickwick,Mr. Bob Sawyer,7072,pickwick-papers
Mr. Pickwick,Mr. Ben Allen,7072,pickwick-papers
Mr. Pickwick,Mr. Ben Allen,7072,pickwick-papers
Mr. Pickwick,Mr. Winkle,7072,pickwick-papers
Mr. Winkle,Mr.,7072,pickwick-papers
Mr. Winkle,Pickwick,7072,pickwick-papers
Mr. Winkle,Mr. Bob Sawyer,7072,pickwick-papers
Mr. Winkle,Mr. Ben Allen,7072,pickwick-papers
Mr. Winkle,Mr. Ben Allen,7072,pickwick-papers
Mr. Winkle,Mr. Pickwick,7072,pickwick-papers
Mr. Bob Sawyer,Mr. Ben Allen,7076,pickwick-papers
Mr. Bob Sawyer,So,7076,pickwick-papers
Mr. Bob Sawyer,Mr. Pickwick,7076,pickwick-papers
Mr. Ben Allen,Mr. Bob Sawyer,7076,pickwick-papers
Mr. Ben Allen,So,7076,pickwick-papers
Mr. Ben Allen,Mr. Pickwick,7076,pickwick-papers
So,Mr. Bob Sawyer,7076,pickwick-papers
So,Mr. Ben Allen,7076,pickwick-papers
So,Mr. Pickwick,7076,pickwick-papers
Mr. Pickwick,Mr. Bob Sawyer,7076,pickwick-papers
Mr. Pickwick,Mr. Ben Allen,7076,pickwick-papers
Mr. Pickwick,So,7076,pickwick-papers
Sam,Mr. Bob Sawyer,7086,pickwick-papers
Mr. Bob Sawyer,Sam,7086,pickwick-papers
Sam Weller,Dunchurch,7097,pickwick-papers
Sam Weller,Daventry,7097,pickwick-papers
Dunchurch,Sam Weller,7097,pickwick-papers
Dunchurch,Daventry,7097,pickwick-papers
Daventry,Sam Weller,7097,pickwick-papers
Daventry,Dunchurch,7097,pickwick-papers
Bob Sawyer,Saracen,7098,pickwick-papers
Bob Sawyer,Towcester,7098,pickwick-papers
Saracen,Bob Sawyer,7098,pickwick-papers
Saracen,Towcester,7098,pickwick-papers
Towcester,Bob Sawyer,7098,pickwick-papers
Towcester,Saracen,7098,pickwick-papers
Sam Weller,Sam,7104,pickwick-papers
Sam Weller,Wery,7104,pickwick-papers
Sam,Sam Weller,7104,pickwick-papers
Sam,Wery,7104,pickwick-papers
Wery,Sam Weller,7104,pickwick-papers
Wery,Sam,7104,pickwick-papers
Saracen,Mr. Weller,7105,pickwick-papers
Mr. Weller,Saracen,7105,pickwick-papers
Mr.,Pickwick,7111,pickwick-papers
Mr.,Mr. Winkle,7111,pickwick-papers
Mr.,Mr. Samuel Weller,7111,pickwick-papers
Pickwick,Mr.,7111,pickwick-papers
Pickwick,Mr. Winkle,7111,pickwick-papers
Pickwick,Mr. Samuel Weller,7111,pickwick-papers
Mr. Winkle,Mr.,7111,pickwick-papers
Mr. Winkle,Pickwick,7111,pickwick-papers
Mr. Winkle,Mr. Samuel Weller,7111,pickwick-papers
Mr. Samuel Weller,Mr.,7111,pickwick-papers
Mr. Samuel Weller,Pickwick,7111,pickwick-papers
Mr. Samuel Weller,Mr. Winkle,7111,pickwick-papers
Sam,Mr. Pott,7114,pickwick-papers
Mr. Pott,Sam,7114,pickwick-papers
Sam,Pott,7115,pickwick-papers
Pott,Sam,7115,pickwick-papers
Pott,Sam,7116,pickwick-papers
Sam,Pott,7116,pickwick-papers
Mr. Winkle,Pott,7122,pickwick-papers
Pott,Mr. Winkle,7122,pickwick-papers
Sir,Mr. Vinkle,7123,pickwick-papers
Sir,Sam,7123,pickwick-papers
Mr. Vinkle,Sir,7123,pickwick-papers
Mr. Vinkle,Sam,7123,pickwick-papers
Sam,Sir,7123,pickwick-papers
Sam,Mr. Vinkle,7123,pickwick-papers
Mr. Pott,Mr. Pickwick,7125,pickwick-papers
Mr. Pott,Pott,7125,pickwick-papers
Mr. Pott,Mr. Pickwick,7125,pickwick-papers
Mr. Pickwick,Mr. Pott,7125,pickwick-papers
Mr. Pickwick,Pott,7125,pickwick-papers
Pott,Mr. Pott,7125,pickwick-papers
Pott,Mr. Pickwick,7125,pickwick-papers
Pott,Mr. Pickwick,7125,pickwick-papers
Mr. Pickwick,Mr. Pott,7125,pickwick-papers
Mr. Pickwick,Pott,7125,pickwick-papers
Mr. Pickwick,Pott,7126,pickwick-papers
Pott,Mr. Pickwick,7126,pickwick-papers
Pott,Abhorred,7127,pickwick-papers
Abhorred,Pott,7127,pickwick-papers
Mr.,Bob Sawyer,7130,pickwick-papers
Bob Sawyer,Mr.,7130,pickwick-papers
Pott,Mr. Ben Allen,7131,pickwick-papers
Mr. Ben Allen,Pott,7131,pickwick-papers
Mr. Pickwick,Pott,7135,pickwick-papers
Pott,Mr. Pickwick,7135,pickwick-papers
Pott,Sir,7137,pickwick-papers
Sir,Pott,7137,pickwick-papers
Mr.,Pott,7139,pickwick-papers
Mr.,Bob Sawyer,7139,pickwick-papers
Mr.,Mr. Pickwick,7139,pickwick-papers
Pott,Mr.,7139,pickwick-papers
Pott,Bob Sawyer,7139,pickwick-papers
Pott,Mr. Pickwick,7139,pickwick-papers
Bob Sawyer,Mr.,7139,pickwick-papers
Bob Sawyer,Pott,7139,pickwick-papers
Bob Sawyer,Mr. Pickwick,7139,pickwick-papers
Mr. Pickwick,Mr.,7139,pickwick-papers
Mr. Pickwick,Pott,7139,pickwick-papers
Mr. Pickwick,Bob Sawyer,7139,pickwick-papers
Sir,Pott,7142,pickwick-papers
Pott,Sir,7142,pickwick-papers
Sir,Pott,7144,pickwick-papers
Pott,Sir,7144,pickwick-papers
Sir,Pott,7146,pickwick-papers
Pott,Sir,7146,pickwick-papers
Sir,Pott,7148,pickwick-papers
Pott,Sir,7148,pickwick-papers
Sir,Pott,7150,pickwick-papers
Sir,Mr. Pickwick,7150,pickwick-papers
Pott,Sir,7150,pickwick-papers
Pott,Mr. Pickwick,7150,pickwick-papers
Pott,Sir,7150,pickwick-papers
Mr. Pickwick,Sir,7150,pickwick-papers
Mr. Pickwick,Pott,7150,pickwick-papers
Mr. Pickwick,Sir,7150,pickwick-papers
Sir,Pott,7150,pickwick-papers
Sir,Mr. Pickwick,7150,pickwick-papers
Mr.,Mr. Pickwick,7151,pickwick-papers
Mr. Pickwick,Mr.,7151,pickwick-papers
Sir,Pott,7153,pickwick-papers
Pott,Sir,7153,pickwick-papers
Sir,Pott,7155,pickwick-papers
Sir,Mr. Pickwick,7155,pickwick-papers
Pott,Sir,7155,pickwick-papers
Pott,Mr. Pickwick,7155,pickwick-papers
Pott,Sir,7155,pickwick-papers
Mr. Pickwick,Sir,7155,pickwick-papers
Mr. Pickwick,Pott,7155,pickwick-papers
Mr. Pickwick,Sir,7155,pickwick-papers
Sir,Pott,7155,pickwick-papers
Sir,Mr. Pickwick,7155,pickwick-papers
Sir,Pott,7157,pickwick-papers
Pott,Sir,7157,pickwick-papers
Mr. Pickwick,Mr. Pott,7160,pickwick-papers
Mr. Pott,Mr. Pickwick,7160,pickwick-papers
Mr. Slumkey,Slumkey,7162,pickwick-papers
Mr. Slumkey,Buffery,7162,pickwick-papers
Mr. Slumkey,Treason,7162,pickwick-papers
Mr. Slumkey,_We,7162,pickwick-papers
Slumkey,Mr. Slumkey,7162,pickwick-papers
Slumkey,Mr. Slumkey,7162,pickwick-papers
Slumkey,Mr. Slumkey,7162,pickwick-papers
Slumkey,Buffery,7162,pickwick-papers
Slumkey,Treason,7162,pickwick-papers
Slumkey,_We,7162,pickwick-papers
Mr. Slumkey,Slumkey,7162,pickwick-papers
Mr. Slumkey,Buffery,7162,pickwick-papers
Mr. Slumkey,Treason,7162,pickwick-papers
Mr. Slumkey,_We,7162,pickwick-papers
Mr. Slumkey,Slumkey,7162,pickwick-papers
Mr. Slumkey,Buffery,7162,pickwick-papers
Mr. Slumkey,Treason,7162,pickwick-papers
Mr. Slumkey,_We,7162,pickwick-papers
Buffery,Mr. Slumkey,7162,pickwick-papers
Buffery,Slumkey,7162,pickwick-papers
Buffery,Mr. Slumkey,7162,pickwick-papers
Buffery,Mr. Slumkey,7162,pickwick-papers
Buffery,Treason,7162,pickwick-papers
Buffery,_We,7162,pickwick-papers
Treason,Mr. Slumkey,7162,pickwick-papers
Treason,Slumkey,7162,pickwick-papers
Treason,Mr. Slumkey,7162,pickwick-papers
Treason,Mr. Slumkey,7162,pickwick-papers
Treason,Buffery,7162,pickwick-papers
Treason,_We,7162,pickwick-papers
_We,Mr. Slumkey,7162,pickwick-papers
_We,Slumkey,7162,pickwick-papers
_We,Mr. Slumkey,7162,pickwick-papers
_We,Mr. Slumkey,7162,pickwick-papers
_We,Buffery,7162,pickwick-papers
_We,Treason,7162,pickwick-papers
Sir,Pott,7163,pickwick-papers
Pott,Sir,7163,pickwick-papers
Mr. Pott,Mr. Pickwick,7164,pickwick-papers
Mr. Pott,Bob Sawyer,7164,pickwick-papers
Mr. Pott,Benjamin Allen,7164,pickwick-papers
Mr. Pickwick,Mr. Pott,7164,pickwick-papers
Mr. Pickwick,Bob Sawyer,7164,pickwick-papers
Mr. Pickwick,Benjamin Allen,7164,pickwick-papers
Bob Sawyer,Mr. Pott,7164,pickwick-papers
Bob Sawyer,Mr. Pickwick,7164,pickwick-papers
Bob Sawyer,Benjamin Allen,7164,pickwick-papers
Benjamin Allen,Mr. Pott,7164,pickwick-papers
Benjamin Allen,Mr. Pickwick,7164,pickwick-papers
Benjamin Allen,Bob Sawyer,7164,pickwick-papers
Mr. Pott,Mr. Pickwick,7165,pickwick-papers
Mr. Pott,Eatanswill,7165,pickwick-papers
Mr. Pickwick,Mr. Pott,7165,pickwick-papers
Mr. Pickwick,Eatanswill,7165,pickwick-papers
Mr. Pickwick,Mr. Pott,7165,pickwick-papers
Eatanswill,Mr. Pott,7165,pickwick-papers
Eatanswill,Mr. Pickwick,7165,pickwick-papers
Eatanswill,Mr. Pott,7165,pickwick-papers
Mr. Pott,Mr. Pickwick,7165,pickwick-papers
Mr. Pott,Eatanswill,7165,pickwick-papers
Saracen,Slurk,7195,pickwick-papers
Saracen,Pott,7195,pickwick-papers
Saracen,Mr. Bob Sawyer,7195,pickwick-papers
Slurk,Saracen,7195,pickwick-papers
Slurk,Pott,7195,pickwick-papers
Slurk,Mr. Bob Sawyer,7195,pickwick-papers
Pott,Saracen,7195,pickwick-papers
Pott,Slurk,7195,pickwick-papers
Pott,Mr. Bob Sawyer,7195,pickwick-papers
Mr. Bob Sawyer,Saracen,7195,pickwick-papers
Mr. Bob Sawyer,Slurk,7195,pickwick-papers
Mr. Bob Sawyer,Pott,7195,pickwick-papers
Mr. Pickwick,Pott,7199,pickwick-papers
Pott,Mr. Pickwick,7199,pickwick-papers
Mr.,Pott,7200,pickwick-papers
Mr.,Sam Weller,7200,pickwick-papers
Pott,Mr.,7200,pickwick-papers
Pott,Sam Weller,7200,pickwick-papers
Sam Weller,Mr.,7200,pickwick-papers
Sam Weller,Pott,7200,pickwick-papers
Pott,Mr. Pickwick,7205,pickwick-papers
Mr. Pickwick,Pott,7205,pickwick-papers
Sir,Pott,7207,pickwick-papers
Sir,Mr. Pott,7207,pickwick-papers
Pott,Sir,7207,pickwick-papers
Pott,Mr. Pott,7207,pickwick-papers
Mr. Pott,Sir,7207,pickwick-papers
Mr. Pott,Pott,7207,pickwick-papers
Mr.,Mr. Slurk,7208,pickwick-papers
Mr. Slurk,Mr.,7208,pickwick-papers
Mr. Bob Sawyer,Mr. Ben Allen,7209,pickwick-papers
Mr. Bob Sawyer,Slurk,7209,pickwick-papers
Mr. Ben Allen,Mr. Bob Sawyer,7209,pickwick-papers
Mr. Ben Allen,Mr. Bob Sawyer,7209,pickwick-papers
Mr. Ben Allen,Slurk,7209,pickwick-papers
Mr. Bob Sawyer,Mr. Ben Allen,7209,pickwick-papers
Mr. Bob Sawyer,Slurk,7209,pickwick-papers
Slurk,Mr. Bob Sawyer,7209,pickwick-papers
Slurk,Mr. Ben Allen,7209,pickwick-papers
Slurk,Mr. Bob Sawyer,7209,pickwick-papers
Pott,Bob Sawyer,7214,pickwick-papers
Bob Sawyer,Pott,7214,pickwick-papers
Sir,Bob Sawyer,7217,pickwick-papers
Bob Sawyer,Sir,7217,pickwick-papers
Slurk,Bob,7221,pickwick-papers
Bob,Slurk,7221,pickwick-papers
Sir,Mr. Pott,7222,pickwick-papers
Mr. Pott,Sir,7222,pickwick-papers
Mr.,Pott,7226,pickwick-papers
Pott,Mr.,7226,pickwick-papers
Mr.,Pott,7232,pickwick-papers
Pott,Mr.,7232,pickwick-papers
Mr. Pickwick,Pott,7238,pickwick-papers
Mr. Pickwick,Heaven,7238,pickwick-papers
Pott,Mr. Pickwick,7238,pickwick-papers
Pott,Heaven,7238,pickwick-papers
Heaven,Mr. Pickwick,7238,pickwick-papers
Heaven,Pott,7238,pickwick-papers
Mr. Pickwick,Eatanswill,7239,pickwick-papers
Mr. Pickwick,Mr. Weller,7239,pickwick-papers
Mr. Pickwick,Pott,7239,pickwick-papers
Eatanswill,Mr. Pickwick,7239,pickwick-papers
Eatanswill,Mr. Pickwick,7239,pickwick-papers
Eatanswill,Mr. Pickwick,7239,pickwick-papers
Eatanswill,Mr. Weller,7239,pickwick-papers
Eatanswill,Pott,7239,pickwick-papers
Mr. Pickwick,Eatanswill,7239,pickwick-papers
Mr. Pickwick,Mr. Weller,7239,pickwick-papers
Mr. Pickwick,Pott,7239,pickwick-papers
Mr. Pickwick,Eatanswill,7239,pickwick-papers
Mr. Pickwick,Mr. Weller,7239,pickwick-papers
Mr. Pickwick,Pott,7239,pickwick-papers
Mr. Weller,Mr. Pickwick,7239,pickwick-papers
Mr. Weller,Eatanswill,7239,pickwick-papers
Mr. Weller,Mr. Pickwick,7239,pickwick-papers
Mr. Weller,Mr. Pickwick,7239,pickwick-papers
Mr. Weller,Pott,7239,pickwick-papers
Pott,Mr. Pickwick,7239,pickwick-papers
Pott,Eatanswill,7239,pickwick-papers
Pott,Mr. Pickwick,7239,pickwick-papers
Pott,Mr. Pickwick,7239,pickwick-papers
Pott,Mr. Weller,7239,pickwick-papers
Sam,Ben Allen,7240,pickwick-papers
Sam,Bob Sawyer,7240,pickwick-papers
Ben Allen,Sam,7240,pickwick-papers
Ben Allen,Bob Sawyer,7240,pickwick-papers
Bob Sawyer,Sam,7240,pickwick-papers
Bob Sawyer,Ben Allen,7240,pickwick-papers
Sam,Mr. Bob Sawyer,7243,pickwick-papers
Sam,Mr. Benjamin Allen,7243,pickwick-papers
Mr. Bob Sawyer,Sam,7243,pickwick-papers
Mr. Bob Sawyer,Mr. Benjamin Allen,7243,pickwick-papers
Mr. Benjamin Allen,Sam,7243,pickwick-papers
Mr. Benjamin Allen,Mr. Bob Sawyer,7243,pickwick-papers
Bob Sawyer,Ben Allen,7247,pickwick-papers
Bob Sawyer,Arabella,7247,pickwick-papers
Bob Sawyer,Mr. Pickwick,7247,pickwick-papers
Bob Sawyer,Sam,7247,pickwick-papers
Bob Sawyer,Vulture,7247,pickwick-papers
Bob Sawyer,Mr. Ben Allen,7247,pickwick-papers
Bob Sawyer,Mr. Bob Sawyer,7247,pickwick-papers
Ben Allen,Bob Sawyer,7247,pickwick-papers
Ben Allen,Arabella,7247,pickwick-papers
Ben Allen,Mr. Pickwick,7247,pickwick-papers
Ben Allen,Sam,7247,pickwick-papers
Ben Allen,Vulture,7247,pickwick-papers
Ben Allen,Mr. Ben Allen,7247,pickwick-papers
Ben Allen,Mr. Bob Sawyer,7247,pickwick-papers
Arabella,Bob Sawyer,7247,pickwick-papers
Arabella,Ben Allen,7247,pickwick-papers
Arabella,Mr. Pickwick,7247,pickwick-papers
Arabella,Sam,7247,pickwick-papers
Arabella,Vulture,7247,pickwick-papers
Arabella,Mr. Ben Allen,7247,pickwick-papers
Arabella,Mr. Bob Sawyer,7247,pickwick-papers
Mr. Pickwick,Bob Sawyer,7247,pickwick-papers
Mr. Pickwick,Ben Allen,7247,pickwick-papers
Mr. Pickwick,Arabella,7247,pickwick-papers
Mr. Pickwick,Sam,7247,pickwick-papers
Mr. Pickwick,Vulture,7247,pickwick-papers
Mr. Pickwick,Mr. Ben Allen,7247,pickwick-papers
Mr. Pickwick,Mr. Bob Sawyer,7247,pickwick-papers
Sam,Bob Sawyer,7247,pickwick-papers
Sam,Ben Allen,7247,pickwick-papers
Sam,Arabella,7247,pickwick-papers
Sam,Mr. Pickwick,7247,pickwick-papers
Sam,Vulture,7247,pickwick-papers
Sam,Mr. Ben Allen,7247,pickwick-papers
Sam,Mr. Bob Sawyer,7247,pickwick-papers
Vulture,Bob Sawyer,7247,pickwick-papers
Vulture,Ben Allen,7247,pickwick-papers
Vulture,Arabella,7247,pickwick-papers
Vulture,Mr. Pickwick,7247,pickwick-papers
Vulture,Sam,7247,pickwick-papers
Vulture,Mr. Ben Allen,7247,pickwick-papers
Vulture,Mr. Bob Sawyer,7247,pickwick-papers
Mr. Ben Allen,Bob Sawyer,7247,pickwick-papers
Mr. Ben Allen,Ben Allen,7247,pickwick-papers
Mr. Ben Allen,Arabella,7247,pickwick-papers
Mr. Ben Allen,Mr. Pickwick,7247,pickwick-papers
Mr. Ben Allen,Sam,7247,pickwick-papers
Mr. Ben Allen,Vulture,7247,pickwick-papers
Mr. Ben Allen,Mr. Bob Sawyer,7247,pickwick-papers
Mr. Bob Sawyer,Bob Sawyer,7247,pickwick-papers
Mr. Bob Sawyer,Ben Allen,7247,pickwick-papers
Mr. Bob Sawyer,Arabella,7247,pickwick-papers
Mr. Bob Sawyer,Mr. Pickwick,7247,pickwick-papers
Mr. Bob Sawyer,Sam,7247,pickwick-papers
Mr. Bob Sawyer,Vulture,7247,pickwick-papers
Mr. Bob Sawyer,Mr. Ben Allen,7247,pickwick-papers
Mr. Weller,Sam,7248,pickwick-papers
Sam,Mr. Weller,7248,pickwick-papers
Sam,Mary,7249,pickwick-papers
Mary,Sam,7249,pickwick-papers
Mr. Weller,Mary,7250,pickwick-papers
Mr. Weller,Weller,7250,pickwick-papers
Mary,Mr. Weller,7250,pickwick-papers
Mary,Weller,7250,pickwick-papers
Weller,Mr. Weller,7250,pickwick-papers
Weller,Mary,7250,pickwick-papers
Mary,Sam,7256,pickwick-papers
Sam,Mary,7256,pickwick-papers
Samivel N.,Sammy,7266,pickwick-papers
Samivel N.,Samivel,7266,pickwick-papers
Sammy,Samivel N.,7266,pickwick-papers
Sammy,Samivel,7266,pickwick-papers
Samivel,Samivel N.,7266,pickwick-papers
Samivel,Sammy,7266,pickwick-papers
Sam,Mary,7270,pickwick-papers
Mary,Sam,7270,pickwick-papers
Mr.,Weller,7273,pickwick-papers
Weller,Mr.,7273,pickwick-papers
Sam,Mary,7274,pickwick-papers
Mary,Sam,7274,pickwick-papers
Mary,Mr. Weller,7283,pickwick-papers
Mr. Weller,Mary,7283,pickwick-papers
Mr.,Weller,7284,pickwick-papers
Weller,Mr.,7284,pickwick-papers
Sir,Sam,7285,pickwick-papers
Sir,Mr. Pickwick,7285,pickwick-papers
Sam,Sir,7285,pickwick-papers
Sam,Mr. Pickwick,7285,pickwick-papers
Mr. Pickwick,Sir,7285,pickwick-papers
Mr. Pickwick,Sam,7285,pickwick-papers
Sam,Mr. Pickwick,7286,pickwick-papers
Mr. Pickwick,Sam,7286,pickwick-papers
Sam,Mr. Pickwick,7288,pickwick-papers
Mr. Pickwick,Sam,7288,pickwick-papers
Mr. Weller,Sam,7293,pickwick-papers
Sam,Mr. Weller,7293,pickwick-papers
Sammy,Mr. Weller,7296,pickwick-papers
Mr. Weller,Sammy,7296,pickwick-papers
Mr. Weller,Sammy,7296,pickwick-papers
Sammy,Mr. Weller,7296,pickwick-papers
Sammy,Mr. Weller,7298,pickwick-papers
Sammy,Samivel,7298,pickwick-papers
Sammy,Mr. Weller,7298,pickwick-papers
Mr. Weller,Sammy,7298,pickwick-papers
Mr. Weller,Samivel,7298,pickwick-papers
Samivel,Sammy,7298,pickwick-papers
Samivel,Mr. Weller,7298,pickwick-papers
Samivel,Mr. Weller,7298,pickwick-papers
Mr. Weller,Sammy,7298,pickwick-papers
Mr. Weller,Samivel,7298,pickwick-papers
Sammy,Mr. Weller,7299,pickwick-papers
Mr. Weller,Sammy,7299,pickwick-papers
Mr. Weller,Sammy,7299,pickwick-papers
Sammy,Mr. Weller,7299,pickwick-papers
Mr.,Weller,7301,pickwick-papers
Weller,Mr.,7301,pickwick-papers
Sammy,Mr. Weller,7302,pickwick-papers
Mr. Weller,Sammy,7302,pickwick-papers
Veller,Susan,7306,pickwick-papers
Veller,Susan,7306,pickwick-papers
Veller,Stiggins,7306,pickwick-papers
Veller,Samivel,7306,pickwick-papers
Veller,Susan,7306,pickwick-papers
Veller,Susan,7306,pickwick-papers
Veller,Stiggins,7306,pickwick-papers
Veller,Samivel,7306,pickwick-papers
Susan,Veller,7306,pickwick-papers
Susan,Veller,7306,pickwick-papers
Susan,Stiggins,7306,pickwick-papers
Susan,Samivel,7306,pickwick-papers
Susan,Veller,7306,pickwick-papers
Susan,Veller,7306,pickwick-papers
Susan,Stiggins,7306,pickwick-papers
Susan,Samivel,7306,pickwick-papers
Stiggins,Veller,7306,pickwick-papers
Stiggins,Veller,7306,pickwick-papers
Stiggins,Susan,7306,pickwick-papers
Stiggins,Susan,7306,pickwick-papers
Stiggins,Samivel,7306,pickwick-papers
Samivel,Veller,7306,pickwick-papers
Samivel,Veller,7306,pickwick-papers
Samivel,Susan,7306,pickwick-papers
Samivel,Susan,7306,pickwick-papers
Samivel,Stiggins,7306,pickwick-papers
Sammy,Mr. Weller,7308,pickwick-papers
Mr. Weller,Sammy,7308,pickwick-papers
Mr. Samuel,Which,7321,pickwick-papers
Mr. Samuel,Mr. Weller,7321,pickwick-papers
Mr. Samuel,Which,7321,pickwick-papers
Mr. Samuel,Mr. Weller,7321,pickwick-papers
Which,Mr. Samuel,7321,pickwick-papers
Which,Mr. Samuel,7321,pickwick-papers
Which,Mr. Weller,7321,pickwick-papers
Mr. Weller,Mr. Samuel,7321,pickwick-papers
Mr. Weller,Mr. Samuel,7321,pickwick-papers
Mr. Weller,Which,7321,pickwick-papers
Brahmin,Sammy,7328,pickwick-papers
Sammy,Brahmin,7328,pickwick-papers
Sammy,Mr. Weller,7330,pickwick-papers
Sammy,Mr. Weller,7330,pickwick-papers
Mr. Weller,Sammy,7330,pickwick-papers
Mr. Weller,Sammy,7330,pickwick-papers
Mr. Weller,Sammy,7330,pickwick-papers
Mr. Weller,Sammy,7330,pickwick-papers
Sammy,Mr. Weller,7330,pickwick-papers
Sammy,Mr. Weller,7330,pickwick-papers
Mr. Weller,Sammy,7334,pickwick-papers
Sammy,Mr. Weller,7334,pickwick-papers
Samivel,Mr. Weller,7343,pickwick-papers
Mr. Weller,Samivel,7343,pickwick-papers
Mr. Weller,Samivel,7353,pickwick-papers
Mr. Weller,Sammy,7353,pickwick-papers
Samivel,Mr. Weller,7353,pickwick-papers
Samivel,Sammy,7353,pickwick-papers
Sammy,Mr. Weller,7353,pickwick-papers
Sammy,Samivel,7353,pickwick-papers
Mr. Weller,Sammy,7360,pickwick-papers
Sammy,Mr. Weller,7360,pickwick-papers
Mr. Stiggins,Mr. Weller,7361,pickwick-papers
Mr. Weller,Mr. Stiggins,7361,pickwick-papers
Mr. Weller,Sam,7363,pickwick-papers
Sam,Mr. Weller,7363,pickwick-papers
Mr.,Stiggins,7364,pickwick-papers
Stiggins,Mr.,7364,pickwick-papers
Mr.,Weller,7368,pickwick-papers
Mr.,Mr. Stiggins,7368,pickwick-papers
Weller,Mr.,7368,pickwick-papers
Weller,Mr. Stiggins,7368,pickwick-papers
Mr. Stiggins,Mr.,7368,pickwick-papers
Mr. Stiggins,Weller,7368,pickwick-papers
Mr. Stiggins,Sam,7369,pickwick-papers
Mr. Stiggins,Emanuel,7369,pickwick-papers
Sam,Mr. Stiggins,7369,pickwick-papers
Sam,Emanuel,7369,pickwick-papers
Emanuel,Mr. Stiggins,7369,pickwick-papers
Emanuel,Sam,7369,pickwick-papers
Mr. Stiggins,Samuel,7371,pickwick-papers
Samuel,Mr. Stiggins,7371,pickwick-papers
Mr.,Stiggins,7373,pickwick-papers
Stiggins,Mr.,7373,pickwick-papers
Stiggins,Mr. Samuel,7376,pickwick-papers
Mr. Samuel,Stiggins,7376,pickwick-papers
Mr. Stiggins,Samuel,7378,pickwick-papers
Samuel,Mr. Stiggins,7378,pickwick-papers
Stiggins,Mr. Samuel,7380,pickwick-papers
Mr. Samuel,Stiggins,7380,pickwick-papers
Mr. Stiggins,Sam,7381,pickwick-papers
Mr. Stiggins,Mr. Weller,7381,pickwick-papers
Sam,Mr. Stiggins,7381,pickwick-papers
Sam,Mr. Weller,7381,pickwick-papers
Mr. Weller,Mr. Stiggins,7381,pickwick-papers
Mr. Weller,Sam,7381,pickwick-papers
Mr. Weller,Stiggins,7383,pickwick-papers
Mr. Weller,Mr. Stiggins,7383,pickwick-papers
Stiggins,Mr. Weller,7383,pickwick-papers
Stiggins,Mr. Stiggins,7383,pickwick-papers
Mr. Stiggins,Mr. Weller,7383,pickwick-papers
Mr. Stiggins,Stiggins,7383,pickwick-papers
Sam,Mr. Stiggins,7385,pickwick-papers
Mr. Stiggins,Sam,7385,pickwick-papers
Mr. Weller,Mr. Stiggins,7386,pickwick-papers
Mr. Weller,Mr. Stiggins,7386,pickwick-papers
Mr. Stiggins,Mr. Weller,7386,pickwick-papers
Mr. Stiggins,Mr. Weller,7386,pickwick-papers
Mr. Weller,Mr. Stiggins,7387,pickwick-papers
Mr. Weller,Sammy,7387,pickwick-papers
Mr. Stiggins,Mr. Weller,7387,pickwick-papers
Mr. Stiggins,Sammy,7387,pickwick-papers
Sammy,Mr. Weller,7387,pickwick-papers
Sammy,Mr. Stiggins,7387,pickwick-papers
Arabella,Mr. Pickwick,7390,pickwick-papers
Mr. Pickwick,Arabella,7390,pickwick-papers
Mr. Pickwick,Arabella,7392,pickwick-papers
Arabella,Mr. Pickwick,7392,pickwick-papers
Mr. Pickwick,Arabella,7394,pickwick-papers
Arabella,Mr. Pickwick,7394,pickwick-papers
Mr. Pickwick,Arabella,7396,pickwick-papers
Arabella,Mr. Pickwick,7396,pickwick-papers
Mr. Pickwick,Arabella,7398,pickwick-papers
Mr. Pickwick,Arabella,7398,pickwick-papers
Mr. Pickwick,Mr. Winkle,7398,pickwick-papers
Arabella,Mr. Pickwick,7398,pickwick-papers
Arabella,Mr. Winkle,7398,pickwick-papers
Arabella,Mr. Pickwick,7398,pickwick-papers
Arabella,Mr. Winkle,7398,pickwick-papers
Mr. Winkle,Mr. Pickwick,7398,pickwick-papers
Mr. Winkle,Arabella,7398,pickwick-papers
Mr. Winkle,Arabella,7398,pickwick-papers
Mr. Pickwick,Perker,7399,pickwick-papers
Perker,Mr. Pickwick,7399,pickwick-papers
Mr. Pickwick,Gray,7400,pickwick-papers
Mr. Pickwick,Gray,7400,pickwick-papers
Gray,Mr. Pickwick,7400,pickwick-papers
Gray,Mr. Pickwick,7400,pickwick-papers
Mr. Lowten,Mr. Pickwick,7408,pickwick-papers
Mr. Pickwick,Mr. Lowten,7408,pickwick-papers
Lowten,Pickwick,7411,pickwick-papers
Pickwick,Lowten,7411,pickwick-papers
Lowten,Perker,7413,pickwick-papers
Perker,Lowten,7413,pickwick-papers
Mr. Pickwick,Bardell,7414,pickwick-papers
Bardell,Mr. Pickwick,7414,pickwick-papers
Mr. Jingle,Mr. Pickwick,7416,pickwick-papers
Mr. Pickwick,Mr. Jingle,7416,pickwick-papers
Lowten,Liverpool,7417,pickwick-papers
Liverpool,Lowten,7417,pickwick-papers
Perker,Lowten,7425,pickwick-papers
Lowten,Perker,7425,pickwick-papers
Lowten,Perker,7425,pickwick-papers
Lowten,Perker,7425,pickwick-papers
Perker,Lowten,7425,pickwick-papers
Perker,Lowten,7425,pickwick-papers
Lowten,Friendship,7427,pickwick-papers
Lowten,Mr. Lowten,7427,pickwick-papers
Lowten,Perker,7427,pickwick-papers
Friendship,Lowten,7427,pickwick-papers
Friendship,Mr. Lowten,7427,pickwick-papers
Friendship,Perker,7427,pickwick-papers
Mr. Lowten,Lowten,7427,pickwick-papers
Mr. Lowten,Friendship,7427,pickwick-papers
Mr. Lowten,Perker,7427,pickwick-papers
Perker,Lowten,7427,pickwick-papers
Perker,Friendship,7427,pickwick-papers
Perker,Mr. Lowten,7427,pickwick-papers
Mr. Pickwick,Mr. Perker,7428,pickwick-papers
Mr. Perker,Mr. Pickwick,7428,pickwick-papers
Jingle,Job,7432,pickwick-papers
Jingle,Mr. Pickwick,7432,pickwick-papers
Job,Jingle,7432,pickwick-papers
Job,Mr. Pickwick,7432,pickwick-papers
Mr. Pickwick,Jingle,7432,pickwick-papers
Mr. Pickwick,Job,7432,pickwick-papers
Mr. Jingle,Pickwick,7434,pickwick-papers
Mr. Jingle,Sir,7434,pickwick-papers
Pickwick,Mr. Jingle,7434,pickwick-papers
Pickwick,Sir,7434,pickwick-papers
Sir,Mr. Jingle,7434,pickwick-papers
Sir,Pickwick,7434,pickwick-papers
Majesty,Jingle,7436,pickwick-papers
Majesty,Job,7436,pickwick-papers
Majesty,Mr. Pickwick,7436,pickwick-papers
Jingle,Majesty,7436,pickwick-papers
Jingle,Job,7436,pickwick-papers
Jingle,Mr. Pickwick,7436,pickwick-papers
Job,Majesty,7436,pickwick-papers
Job,Jingle,7436,pickwick-papers
Job,Mr. Pickwick,7436,pickwick-papers
Mr. Pickwick,Majesty,7436,pickwick-papers
Mr. Pickwick,Jingle,7436,pickwick-papers
Mr. Pickwick,Job,7436,pickwick-papers
Liverpool,Mr. Pickwick,7437,pickwick-papers
Mr. Pickwick,Liverpool,7437,pickwick-papers
Sir,Job,7438,pickwick-papers
Job,Sir,7438,pickwick-papers
Job,Sir,7438,pickwick-papers
Sir,Job,7438,pickwick-papers
Perker,Mr. Pickwick,7443,pickwick-papers
Mr. Pickwick,Perker,7443,pickwick-papers
Jingle,Yellow,7446,pickwick-papers
Jingle,Mr. Jingle,7446,pickwick-papers
Yellow,Jingle,7446,pickwick-papers
Yellow,Mr. Jingle,7446,pickwick-papers
Mr. Jingle,Jingle,7446,pickwick-papers
Mr. Jingle,Yellow,7446,pickwick-papers
Job,Mr. Pickwick,7447,pickwick-papers
Job,Sir,7447,pickwick-papers
Mr. Pickwick,Job,7447,pickwick-papers
Mr. Pickwick,Sir,7447,pickwick-papers
Mr. Pickwick,Job,7447,pickwick-papers
Sir,Job,7447,pickwick-papers
Sir,Mr. Pickwick,7447,pickwick-papers
Sir,Job,7447,pickwick-papers
Job,Mr. Pickwick,7447,pickwick-papers
Job,Sir,7447,pickwick-papers
Mr. Pickwick,Perker,7448,pickwick-papers
Mr. Pickwick,Mr. Jingle,7448,pickwick-papers
Mr. Pickwick,Sir Thomas Blazo,7448,pickwick-papers
Perker,Mr. Pickwick,7448,pickwick-papers
Perker,Mr. Jingle,7448,pickwick-papers
Perker,Sir Thomas Blazo,7448,pickwick-papers
Mr. Jingle,Mr. Pickwick,7448,pickwick-papers
Mr. Jingle,Perker,7448,pickwick-papers
Mr. Jingle,Sir Thomas Blazo,7448,pickwick-papers
Sir Thomas Blazo,Mr. Pickwick,7448,pickwick-papers
Sir Thomas Blazo,Perker,7448,pickwick-papers
Sir Thomas Blazo,Mr. Jingle,7448,pickwick-papers
Mr.,Jingle,7449,pickwick-papers
Mr.,Mr. Pickwick,7449,pickwick-papers
Jingle,Mr.,7449,pickwick-papers
Jingle,Mr. Pickwick,7449,pickwick-papers
Mr. Pickwick,Mr.,7449,pickwick-papers
Mr. Pickwick,Jingle,7449,pickwick-papers
Sir,Job,7456,pickwick-papers
Job,Sir,7456,pickwick-papers
Job,Sir,7456,pickwick-papers
Sir,Job,7456,pickwick-papers
Rochester Bridge,Mr. Pickwick,7457,pickwick-papers
Mr. Pickwick,Rochester Bridge,7457,pickwick-papers
Sir,Job,7458,pickwick-papers
Sir,Job,7458,pickwick-papers
Job,Sir,7458,pickwick-papers
Job,Sir,7458,pickwick-papers
Mr. Trotter,Perker,7459,pickwick-papers
Perker,Mr. Trotter,7459,pickwick-papers
Sir,Job,7460,pickwick-papers
Job,Sir,7460,pickwick-papers
Liverpool,Mr. Pickwick,7461,pickwick-papers
Liverpool,Perker,7461,pickwick-papers
Mr. Pickwick,Liverpool,7461,pickwick-papers
Mr. Pickwick,Perker,7461,pickwick-papers
Perker,Liverpool,7461,pickwick-papers
Perker,Mr. Pickwick,7461,pickwick-papers
Mr. Jingle,Job Trotter,7462,pickwick-papers
Mr. Jingle,Mr. Pickwick,7462,pickwick-papers
Job Trotter,Mr. Jingle,7462,pickwick-papers
Job Trotter,Mr. Pickwick,7462,pickwick-papers
Mr. Pickwick,Mr. Jingle,7462,pickwick-papers
Mr. Pickwick,Job Trotter,7462,pickwick-papers
Perker,Mr. Pickwick,7465,pickwick-papers
Mr. Pickwick,Perker,7465,pickwick-papers
Perker,Mr. Pickwick,7466,pickwick-papers
Mr. Pickwick,Perker,7466,pickwick-papers
Perker,Mr. Pickwick,7467,pickwick-papers
Perker,Mr. Winkle,7467,pickwick-papers
Mr. Pickwick,Perker,7467,pickwick-papers
Mr. Pickwick,Mr. Winkle,7467,pickwick-papers
Mr. Winkle,Perker,7467,pickwick-papers
Mr. Winkle,Mr. Pickwick,7467,pickwick-papers
Mr.,Perker,7471,pickwick-papers
Mr.,Lowten,7471,pickwick-papers
Perker,Mr.,7471,pickwick-papers
Perker,Lowten,7471,pickwick-papers
Lowten,Mr.,7471,pickwick-papers
Lowten,Perker,7471,pickwick-papers
Lowten,Mr. Pickwick,7477,pickwick-papers
Mr. Pickwick,Lowten,7477,pickwick-papers
Lowten,Dodson,7479,pickwick-papers
Lowten,Fogg,7479,pickwick-papers
Dodson,Lowten,7479,pickwick-papers
Dodson,Fogg,7479,pickwick-papers
Fogg,Lowten,7479,pickwick-papers
Fogg,Dodson,7479,pickwick-papers
Fogg,Mr. Pickwick,7481,pickwick-papers
Fogg,Which,7481,pickwick-papers
Fogg,Mr. Perker,7481,pickwick-papers
Mr. Pickwick,Fogg,7481,pickwick-papers
Mr. Pickwick,Fogg,7481,pickwick-papers
Mr. Pickwick,Which,7481,pickwick-papers
Mr. Pickwick,Mr. Perker,7481,pickwick-papers
Fogg,Mr. Pickwick,7481,pickwick-papers
Fogg,Which,7481,pickwick-papers
Fogg,Mr. Perker,7481,pickwick-papers
Which,Fogg,7481,pickwick-papers
Which,Mr. Pickwick,7481,pickwick-papers
Which,Fogg,7481,pickwick-papers
Which,Mr. Perker,7481,pickwick-papers
Mr. Perker,Fogg,7481,pickwick-papers
Mr. Perker,Mr. Pickwick,7481,pickwick-papers
Mr. Perker,Fogg,7481,pickwick-papers
Mr. Perker,Which,7481,pickwick-papers
Perker,Lowten,7482,pickwick-papers
Lowten,Perker,7482,pickwick-papers
Mr.,Lowten,7483,pickwick-papers
Mr.,Dodson,7483,pickwick-papers
Lowten,Mr.,7483,pickwick-papers
Lowten,Dodson,7483,pickwick-papers
Dodson,Mr.,7483,pickwick-papers
Dodson,Lowten,7483,pickwick-papers
Mr. Pickwick,Perker,7484,pickwick-papers
Mr. Pickwick,Dodson,7484,pickwick-papers
Perker,Mr. Pickwick,7484,pickwick-papers
Perker,Dodson,7484,pickwick-papers
Dodson,Mr. Pickwick,7484,pickwick-papers
Dodson,Perker,7484,pickwick-papers
Pickwick,Dodson,7485,pickwick-papers
Dodson,Pickwick,7485,pickwick-papers
Fogg,Mr. Pickwick,7486,pickwick-papers
Fogg,Sir,7486,pickwick-papers
Mr. Pickwick,Fogg,7486,pickwick-papers
Mr. Pickwick,Sir,7486,pickwick-papers
Mr. Pickwick,Fogg,7486,pickwick-papers
Sir,Fogg,7486,pickwick-papers
Sir,Mr. Pickwick,7486,pickwick-papers
Sir,Fogg,7486,pickwick-papers
Fogg,Mr. Pickwick,7486,pickwick-papers
Fogg,Sir,7486,pickwick-papers
Mr.,Pickwick,7487,pickwick-papers
Mr.,Fogg,7487,pickwick-papers
Pickwick,Mr.,7487,pickwick-papers
Pickwick,Fogg,7487,pickwick-papers
Fogg,Mr.,7487,pickwick-papers
Fogg,Pickwick,7487,pickwick-papers
Mr. Pickwick,Mr. Perker,7488,pickwick-papers
Mr. Pickwick,Fogg,7488,pickwick-papers
Mr. Pickwick,Pickwick,7488,pickwick-papers
Mr. Perker,Mr. Pickwick,7488,pickwick-papers
Mr. Perker,Fogg,7488,pickwick-papers
Mr. Perker,Pickwick,7488,pickwick-papers
Fogg,Mr. Pickwick,7488,pickwick-papers
Fogg,Mr. Perker,7488,pickwick-papers
Fogg,Pickwick,7488,pickwick-papers
Pickwick,Mr. Pickwick,7488,pickwick-papers
Pickwick,Mr. Perker,7488,pickwick-papers
Pickwick,Fogg,7488,pickwick-papers
Mr. Pickwick,Fogg,7490,pickwick-papers
Mr. Pickwick,Perker,7490,pickwick-papers
Fogg,Mr. Pickwick,7490,pickwick-papers
Fogg,Perker,7490,pickwick-papers
Perker,Mr. Pickwick,7490,pickwick-papers
Perker,Fogg,7490,pickwick-papers
Fogg,Perker,7491,pickwick-papers
Fogg,Dodson,7491,pickwick-papers
Fogg,Mr. Pickwick,7491,pickwick-papers
Perker,Fogg,7491,pickwick-papers
Perker,Dodson,7491,pickwick-papers
Perker,Mr. Pickwick,7491,pickwick-papers
Dodson,Fogg,7491,pickwick-papers
Dodson,Perker,7491,pickwick-papers
Dodson,Mr. Pickwick,7491,pickwick-papers
Mr. Pickwick,Fogg,7491,pickwick-papers
Mr. Pickwick,Perker,7491,pickwick-papers
Mr. Pickwick,Dodson,7491,pickwick-papers
Sir,Mr. Pickwick,7493,pickwick-papers
Mr. Pickwick,Sir,7493,pickwick-papers
Mr. Pickwick,Sir,7493,pickwick-papers
Mr. Pickwick,Sir,7493,pickwick-papers
Sir,Mr. Pickwick,7493,pickwick-papers
Sir,Mr. Pickwick,7493,pickwick-papers
Perker,Mr. Pickwick,7494,pickwick-papers
Perker,Mr. Pickwick,7494,pickwick-papers
Mr. Pickwick,Perker,7494,pickwick-papers
Mr. Pickwick,Perker,7494,pickwick-papers
Dodson,Pickwick,7495,pickwick-papers
Pickwick,Dodson,7495,pickwick-papers
Mr. Pickwick,Perker,7499,pickwick-papers
Mr. Pickwick,Fogg,7499,pickwick-papers
Perker,Mr. Pickwick,7499,pickwick-papers
Perker,Fogg,7499,pickwick-papers
Fogg,Mr. Pickwick,7499,pickwick-papers
Fogg,Perker,7499,pickwick-papers
Mr. Dodson,Fogg,7500,pickwick-papers
Fogg,Mr. Dodson,7500,pickwick-papers
Fogg,Mr. Pickwick,7502,pickwick-papers
Fogg,Mr. Pickwick,7502,pickwick-papers
Mr. Pickwick,Fogg,7502,pickwick-papers
Mr. Pickwick,Fogg,7502,pickwick-papers
Dodson,Pickwick,7503,pickwick-papers
Dodson,Cornhill,7503,pickwick-papers
Pickwick,Dodson,7503,pickwick-papers
Pickwick,Cornhill,7503,pickwick-papers
Cornhill,Dodson,7503,pickwick-papers
Cornhill,Pickwick,7503,pickwick-papers
Sir,Dodson,7505,pickwick-papers
Sir,Mr. Pickwick,7505,pickwick-papers
Dodson,Sir,7505,pickwick-papers
Dodson,Mr. Pickwick,7505,pickwick-papers
Dodson,Sir,7505,pickwick-papers
Mr. Pickwick,Sir,7505,pickwick-papers
Mr. Pickwick,Dodson,7505,pickwick-papers
Mr. Pickwick,Sir,7505,pickwick-papers
Sir,Dodson,7505,pickwick-papers
Sir,Mr. Pickwick,7505,pickwick-papers
Mr. Pickwick,Fogg,7506,pickwick-papers
Fogg,Mr. Pickwick,7506,pickwick-papers
Sir,Mr. Pickwick,7510,pickwick-papers
Sir,Dodson,7510,pickwick-papers
Mr. Pickwick,Sir,7510,pickwick-papers
Mr. Pickwick,Dodson,7510,pickwick-papers
Dodson,Sir,7510,pickwick-papers
Dodson,Mr. Pickwick,7510,pickwick-papers
Mr. Pickwick,Pickwick,7515,pickwick-papers
Pickwick,Mr. Pickwick,7515,pickwick-papers
Sir,Fogg,7517,pickwick-papers
Fogg,Sir,7517,pickwick-papers
Mr. Pickwick,Perker,7518,pickwick-papers
Perker,Mr. Pickwick,7518,pickwick-papers
Perker,Mr. Pickwick,7518,pickwick-papers
Mr. Pickwick,Perker,7518,pickwick-papers
Sir,Dodson,7519,pickwick-papers
Sir,Mr. Fogg,7519,pickwick-papers
Dodson,Sir,7519,pickwick-papers
Dodson,Mr. Fogg,7519,pickwick-papers
Mr. Fogg,Sir,7519,pickwick-papers
Mr. Fogg,Dodson,7519,pickwick-papers
Perker,Lowten,7524,pickwick-papers
Lowten,Perker,7524,pickwick-papers
Mr. Lowten,Dodson,7526,pickwick-papers
Mr. Lowten,Fogg,7526,pickwick-papers
Dodson,Mr. Lowten,7526,pickwick-papers
Dodson,Fogg,7526,pickwick-papers
Dodson,Mr. Lowten,7526,pickwick-papers
Fogg,Mr. Lowten,7526,pickwick-papers
Fogg,Dodson,7526,pickwick-papers
Fogg,Mr. Lowten,7526,pickwick-papers
Mr. Lowten,Dodson,7526,pickwick-papers
Mr. Lowten,Fogg,7526,pickwick-papers
Dodson,Mr. Pickwick,7527,pickwick-papers
Mr. Pickwick,Dodson,7527,pickwick-papers
Mr. Pickwick,Perker,7532,pickwick-papers
Perker,Mr. Pickwick,7532,pickwick-papers
Perker,Lowten,7534,pickwick-papers
Lowten,Perker,7534,pickwick-papers
Perker,Mr. Pickwick,7538,pickwick-papers
Mr. Pickwick,Perker,7538,pickwick-papers
Perker,Mr. Lowten,7543,pickwick-papers
Mr. Lowten,Perker,7543,pickwick-papers
Mr. Lowten,Perker,7547,pickwick-papers
Perker,Mr. Lowten,7547,pickwick-papers
Mr.,Lowten,7565,pickwick-papers
Lowten,Mr.,7565,pickwick-papers
Lowten,Mr. Perker,7568,pickwick-papers
Mr. Perker,Lowten,7568,pickwick-papers
Wardle,Mr. Pickwick,7572,pickwick-papers
Wardle,Perker,7572,pickwick-papers
Mr. Pickwick,Wardle,7572,pickwick-papers
Mr. Pickwick,Perker,7572,pickwick-papers
Perker,Wardle,7572,pickwick-papers
Perker,Mr. Pickwick,7572,pickwick-papers
Wardle,Perker,7573,pickwick-papers
Perker,Wardle,7573,pickwick-papers
How,Arabella,7577,pickwick-papers
Arabella,How,7577,pickwick-papers
Perker,Wardle,7587,pickwick-papers
Wardle,Perker,7587,pickwick-papers
Bella,Arabella,7595,pickwick-papers
Arabella,Bella,7595,pickwick-papers
Arabella,Bella,7595,pickwick-papers
Bella,Arabella,7595,pickwick-papers
Mr.,Pickwick,7600,pickwick-papers
Pickwick,Mr.,7600,pickwick-papers
Wardle,Bella,7603,pickwick-papers
Wardle,Emily,7603,pickwick-papers
Wardle,Snodgrass,7603,pickwick-papers
Wardle,Mr. Pickwick,7603,pickwick-papers
Bella,Wardle,7603,pickwick-papers
Bella,Emily,7603,pickwick-papers
Bella,Snodgrass,7603,pickwick-papers
Bella,Mr. Pickwick,7603,pickwick-papers
Emily,Wardle,7603,pickwick-papers
Emily,Bella,7603,pickwick-papers
Emily,Snodgrass,7603,pickwick-papers
Emily,Mr. Pickwick,7603,pickwick-papers
Snodgrass,Wardle,7603,pickwick-papers
Snodgrass,Bella,7603,pickwick-papers
Snodgrass,Emily,7603,pickwick-papers
Snodgrass,Mr. Pickwick,7603,pickwick-papers
Mr. Pickwick,Wardle,7603,pickwick-papers
Mr. Pickwick,Bella,7603,pickwick-papers
Mr. Pickwick,Emily,7603,pickwick-papers
Mr. Pickwick,Snodgrass,7603,pickwick-papers
Emily,Arabella,7616,pickwick-papers
Arabella,Emily,7616,pickwick-papers
Perker,Mr. Pickwick,7621,pickwick-papers
Mr. Pickwick,Perker,7621,pickwick-papers
Wardle,Mr. Pickwick,7622,pickwick-papers
Mr. Pickwick,Wardle,7622,pickwick-papers
Mr. Pickwick,Mr. Wardle,7627,pickwick-papers
Mr. Wardle,Mr. Pickwick,7627,pickwick-papers
Wardle,Joe,7630,pickwick-papers
Wardle,Joe,7630,pickwick-papers
Wardle,Mr. Wardle,7630,pickwick-papers
Joe,Wardle,7630,pickwick-papers
Joe,Mr. Wardle,7630,pickwick-papers
Joe,Wardle,7630,pickwick-papers
Joe,Mr. Wardle,7630,pickwick-papers
Mr. Wardle,Wardle,7630,pickwick-papers
Mr. Wardle,Joe,7630,pickwick-papers
Mr. Wardle,Joe,7630,pickwick-papers
Vulture,Arabella,7631,pickwick-papers
Vulture,Emily,7631,pickwick-papers
Vulture,Wardle,7631,pickwick-papers
Vulture,Mr. Pickwick,7631,pickwick-papers
Arabella,Vulture,7631,pickwick-papers
Arabella,Emily,7631,pickwick-papers
Arabella,Wardle,7631,pickwick-papers
Arabella,Mr. Pickwick,7631,pickwick-papers
Emily,Vulture,7631,pickwick-papers
Emily,Arabella,7631,pickwick-papers
Emily,Wardle,7631,pickwick-papers
Emily,Mr. Pickwick,7631,pickwick-papers
Wardle,Vulture,7631,pickwick-papers
Wardle,Arabella,7631,pickwick-papers
Wardle,Emily,7631,pickwick-papers
Wardle,Mr. Pickwick,7631,pickwick-papers
Mr. Pickwick,Vulture,7631,pickwick-papers
Mr. Pickwick,Arabella,7631,pickwick-papers
Mr. Pickwick,Emily,7631,pickwick-papers
Mr. Pickwick,Wardle,7631,pickwick-papers
Mr. Snodgrass,Arabella,7640,pickwick-papers
Mr. Snodgrass,Mary,7640,pickwick-papers
Arabella,Mr. Snodgrass,7640,pickwick-papers
Arabella,Mary,7640,pickwick-papers
Mary,Mr. Snodgrass,7640,pickwick-papers
Mary,Arabella,7640,pickwick-papers
Arabella,Joe,7641,pickwick-papers
Joe,Arabella,7641,pickwick-papers
Emily,Joe,7642,pickwick-papers
Joe,Emily,7642,pickwick-papers
Mr. Snodgrass,Joe,7643,pickwick-papers
Joe,Mr. Snodgrass,7643,pickwick-papers
Joe,Arabella,7644,pickwick-papers
Arabella,Joe,7644,pickwick-papers
Joseph,Mary,7660,pickwick-papers
Mary,Joseph,7660,pickwick-papers
Miss Emily,Mary,7662,pickwick-papers
Mary,Miss Emily,7662,pickwick-papers
Mary,Snodgrass,7683,pickwick-papers
Mary,Miss Emily,7683,pickwick-papers
Snodgrass,Mary,7683,pickwick-papers
Snodgrass,Miss Emily,7683,pickwick-papers
Miss Emily,Mary,7683,pickwick-papers
Miss Emily,Snodgrass,7683,pickwick-papers
Mr. Snodgrass,Emily,7689,pickwick-papers
Mr. Snodgrass,Wardle,7689,pickwick-papers
Mr. Snodgrass,Mr. Wardle,7689,pickwick-papers
Mr. Snodgrass,Mr. Wardle,7689,pickwick-papers
Mr. Snodgrass,Mr. Pickwick,7689,pickwick-papers
Mr. Snodgrass,Mr. Nathaniel Winkle,7689,pickwick-papers
Mr. Snodgrass,Mr. Benjamin Allen,7689,pickwick-papers
Emily,Mr. Snodgrass,7689,pickwick-papers
Emily,Wardle,7689,pickwick-papers
Emily,Mr. Snodgrass,7689,pickwick-papers
Emily,Mr. Wardle,7689,pickwick-papers
Emily,Mr. Wardle,7689,pickwick-papers
Emily,Mr. Pickwick,7689,pickwick-papers
Emily,Mr. Nathaniel Winkle,7689,pickwick-papers
Emily,Mr. Benjamin Allen,7689,pickwick-papers
Wardle,Mr. Snodgrass,7689,pickwick-papers
Wardle,Emily,7689,pickwick-papers
Wardle,Mr. Snodgrass,7689,pickwick-papers
Wardle,Mr. Wardle,7689,pickwick-papers
Wardle,Mr. Wardle,7689,pickwick-papers
Wardle,Mr. Pickwick,7689,pickwick-papers
Wardle,Mr. Nathaniel Winkle,7689,pickwick-papers
Wardle,Mr. Benjamin Allen,7689,pickwick-papers
Mr. Snodgrass,Emily,7689,pickwick-papers
Mr. Snodgrass,Wardle,7689,pickwick-papers
Mr. Snodgrass,Mr. Wardle,7689,pickwick-papers
Mr. Snodgrass,Mr. Wardle,7689,pickwick-papers
Mr. Snodgrass,Mr. Pickwick,7689,pickwick-papers
Mr. Snodgrass,Mr. Nathaniel Winkle,7689,pickwick-papers
Mr. Snodgrass,Mr. Benjamin Allen,7689,pickwick-papers
Mr. Wardle,Mr. Snodgrass,7689,pickwick-papers
Mr. Wardle,Emily,7689,pickwick-papers
Mr. Wardle,Wardle,7689,pickwick-papers
Mr. Wardle,Mr. Snodgrass,7689,pickwick-papers
Mr. Wardle,Mr. Pickwick,7689,pickwick-papers
Mr. Wardle,Mr. Nathaniel Winkle,7689,pickwick-papers
Mr. Wardle,Mr. Benjamin Allen,7689,pickwick-papers
Mr. Wardle,Mr. Snodgrass,7689,pickwick-papers
Mr. Wardle,Emily,7689,pickwick-papers
Mr. Wardle,Wardle,7689,pickwick-papers
Mr. Wardle,Mr. Snodgrass,7689,pickwick-papers
Mr. Wardle,Mr. Pickwick,7689,pickwick-papers
Mr. Wardle,Mr. Nathaniel Winkle,7689,pickwick-papers
Mr. Wardle,Mr. Benjamin Allen,7689,pickwick-papers
Mr. Pickwick,Mr. Snodgrass,7689,pickwick-papers
Mr. Pickwick,Emily,7689,pickwick-papers
Mr. Pickwick,Wardle,7689,pickwick-papers
Mr. Pickwick,Mr. Snodgrass,7689,pickwick-papers
Mr. Pickwick,Mr. Wardle,7689,pickwick-papers
Mr. Pickwick,Mr. Wardle,7689,pickwick-papers
Mr. Pickwick,Mr. Nathaniel Winkle,7689,pickwick-papers
Mr. Pickwick,Mr. Benjamin Allen,7689,pickwick-papers
Mr. Nathaniel Winkle,Mr. Snodgrass,7689,pickwick-papers
Mr. Nathaniel Winkle,Emily,7689,pickwick-papers
Mr. Nathaniel Winkle,Wardle,7689,pickwick-papers
Mr. Nathaniel Winkle,Mr. Snodgrass,7689,pickwick-papers
Mr. Nathaniel Winkle,Mr. Wardle,7689,pickwick-papers
Mr. Nathaniel Winkle,Mr. Wardle,7689,pickwick-papers
Mr. Nathaniel Winkle,Mr. Pickwick,7689,pickwick-papers
Mr. Nathaniel Winkle,Mr. Benjamin Allen,7689,pickwick-papers
Mr. Benjamin Allen,Mr. Snodgrass,7689,pickwick-papers
Mr. Benjamin Allen,Emily,7689,pickwick-papers
Mr. Benjamin Allen,Wardle,7689,pickwick-papers
Mr. Benjamin Allen,Mr. Snodgrass,7689,pickwick-papers
Mr. Benjamin Allen,Mr. Wardle,7689,pickwick-papers
Mr. Benjamin Allen,Mr. Wardle,7689,pickwick-papers
Mr. Benjamin Allen,Mr. Pickwick,7689,pickwick-papers
Mr. Benjamin Allen,Mr. Nathaniel Winkle,7689,pickwick-papers
Perker,Wardle,7697,pickwick-papers
Perker,Arabella,7697,pickwick-papers
Wardle,Perker,7697,pickwick-papers
Wardle,Arabella,7697,pickwick-papers
Arabella,Perker,7697,pickwick-papers
Arabella,Wardle,7697,pickwick-papers
Ben,Arabella,7699,pickwick-papers
Arabella,Ben,7699,pickwick-papers
Arabella,Ben,7703,pickwick-papers
Ben,Arabella,7703,pickwick-papers
Emily,Arabella,7708,pickwick-papers
Arabella,Emily,7708,pickwick-papers
Ben,Allen,7719,pickwick-papers
Ben,Wardle,7719,pickwick-papers
Allen,Ben,7719,pickwick-papers
Allen,Wardle,7719,pickwick-papers
Wardle,Ben,7719,pickwick-papers
Wardle,Allen,7719,pickwick-papers
Wardle,Pickwick,7728,pickwick-papers
Pickwick,Wardle,7728,pickwick-papers
Mr. Pickwick,Emily,7729,pickwick-papers
Mr. Pickwick,Mr. Winkle,7729,pickwick-papers
Emily,Mr. Pickwick,7729,pickwick-papers
Emily,Mr. Winkle,7729,pickwick-papers
Emily,Mr. Pickwick,7729,pickwick-papers
Mr. Winkle,Mr. Pickwick,7729,pickwick-papers
Mr. Winkle,Emily,7729,pickwick-papers
Mr. Winkle,Mr. Pickwick,7729,pickwick-papers
Mr. Pickwick,Emily,7729,pickwick-papers
Mr. Pickwick,Mr. Winkle,7729,pickwick-papers
Mr. Pickwick,Emily,7733,pickwick-papers
Mr. Pickwick,Arabella,7733,pickwick-papers
Emily,Mr. Pickwick,7733,pickwick-papers
Emily,Arabella,7733,pickwick-papers
Arabella,Mr. Pickwick,7733,pickwick-papers
Arabella,Emily,7733,pickwick-papers
Emily,Joe,7751,pickwick-papers
Emily,Heaven,7751,pickwick-papers
Joe,Emily,7751,pickwick-papers
Joe,Heaven,7751,pickwick-papers
Heaven,Emily,7751,pickwick-papers
Heaven,Joe,7751,pickwick-papers
Mr. Snodgrass,Mr. Wardle,7752,pickwick-papers
Mr. Snodgrass,Mr. Wardle,7752,pickwick-papers
Mr. Wardle,Mr. Snodgrass,7752,pickwick-papers
Mr. Wardle,Mr. Snodgrass,7752,pickwick-papers
Arabella,Mr. Snodgrass,7759,pickwick-papers
Mr. Snodgrass,Arabella,7759,pickwick-papers
Perker,Mr. Snodgrass,7761,pickwick-papers
Perker,Emily,7761,pickwick-papers
Mr. Snodgrass,Perker,7761,pickwick-papers
Mr. Snodgrass,Emily,7761,pickwick-papers
Emily,Perker,7761,pickwick-papers
Emily,Mr. Snodgrass,7761,pickwick-papers
Mr. Perker,Arabella,7762,pickwick-papers
Mr. Perker,Mr. Wardle,7762,pickwick-papers
Mr. Perker,Mr. Pickwick,7762,pickwick-papers
Mr. Perker,Mr. Ben Allen,7762,pickwick-papers
Mr. Perker,Mr. Winkle,7762,pickwick-papers
Arabella,Mr. Perker,7762,pickwick-papers
Arabella,Mr. Wardle,7762,pickwick-papers
Arabella,Mr. Pickwick,7762,pickwick-papers
Arabella,Mr. Ben Allen,7762,pickwick-papers
Arabella,Mr. Winkle,7762,pickwick-papers
Mr. Wardle,Mr. Perker,7762,pickwick-papers
Mr. Wardle,Arabella,7762,pickwick-papers
Mr. Wardle,Mr. Pickwick,7762,pickwick-papers
Mr. Wardle,Mr. Ben Allen,7762,pickwick-papers
Mr. Wardle,Mr. Winkle,7762,pickwick-papers
Mr. Pickwick,Mr. Perker,7762,pickwick-papers
Mr. Pickwick,Arabella,7762,pickwick-papers
Mr. Pickwick,Mr. Wardle,7762,pickwick-papers
Mr. Pickwick,Mr. Ben Allen,7762,pickwick-papers
Mr. Pickwick,Mr. Winkle,7762,pickwick-papers
Mr. Ben Allen,Mr. Perker,7762,pickwick-papers
Mr. Ben Allen,Arabella,7762,pickwick-papers
Mr. Ben Allen,Mr. Wardle,7762,pickwick-papers
Mr. Ben Allen,Mr. Pickwick,7762,pickwick-papers
Mr. Ben Allen,Mr. Winkle,7762,pickwick-papers
Mr. Winkle,Mr. Perker,7762,pickwick-papers
Mr. Winkle,Arabella,7762,pickwick-papers
Mr. Winkle,Mr. Wardle,7762,pickwick-papers
Mr. Winkle,Mr. Pickwick,7762,pickwick-papers
Mr. Winkle,Mr. Ben Allen,7762,pickwick-papers
Mr. Weller,Sammy,7765,pickwick-papers
Sammy,Mr. Weller,7765,pickwick-papers
Sammy,Mr. Weller,7767,pickwick-papers
Mr. Weller,Sammy,7767,pickwick-papers
Sammy,Mr. Weller,7769,pickwick-papers
Sammy,Mr. Weller,7769,pickwick-papers
Mr. Weller,Sammy,7769,pickwick-papers
Mr. Weller,Sammy,7769,pickwick-papers
Mr. Weller,Sammy,7769,pickwick-papers
Mr. Weller,Sammy,7769,pickwick-papers
Mr. Weller,Sammy,7769,pickwick-papers
Mr. Weller,Sammy,7769,pickwick-papers
Sammy,Mr. Weller,7769,pickwick-papers
Sammy,Mr. Weller,7769,pickwick-papers
Sammy,Mr. Weller,7769,pickwick-papers
Sammy,Mr. Weller,7769,pickwick-papers
Sammy,Mr. Weller,7771,pickwick-papers
Sammy,Samivel,7771,pickwick-papers
Sammy,Poor,7771,pickwick-papers
Mr. Weller,Sammy,7771,pickwick-papers
Mr. Weller,Samivel,7771,pickwick-papers
Mr. Weller,Poor,7771,pickwick-papers
Samivel,Sammy,7771,pickwick-papers
Samivel,Mr. Weller,7771,pickwick-papers
Samivel,Poor,7771,pickwick-papers
Poor,Sammy,7771,pickwick-papers
Poor,Mr. Weller,7771,pickwick-papers
Poor,Samivel,7771,pickwick-papers
Samivel,Mr. Tony Veller,7773,pickwick-papers
Mr. Tony Veller,Samivel,7773,pickwick-papers
Mr. Weller,Pell,7781,pickwick-papers
Mr. Weller,Sammy,7781,pickwick-papers
Mr. Weller,Samivel,7781,pickwick-papers
Pell,Mr. Weller,7781,pickwick-papers
Pell,Sammy,7781,pickwick-papers
Pell,Samivel,7781,pickwick-papers
Sammy,Mr. Weller,7781,pickwick-papers
Sammy,Pell,7781,pickwick-papers
Sammy,Samivel,7781,pickwick-papers
Samivel,Mr. Weller,7781,pickwick-papers
Samivel,Pell,7781,pickwick-papers
Samivel,Sammy,7781,pickwick-papers
Sam,Baileys,7782,pickwick-papers
Baileys,Sam,7782,pickwick-papers
Sammy,Mr. Weller,7783,pickwick-papers
Sammy,Pell,7783,pickwick-papers
Sammy,Pell,7783,pickwick-papers
Mr. Weller,Sammy,7783,pickwick-papers
Mr. Weller,Sammy,7783,pickwick-papers
Mr. Weller,Pell,7783,pickwick-papers
Mr. Weller,Pell,7783,pickwick-papers
Sammy,Mr. Weller,7783,pickwick-papers
Sammy,Pell,7783,pickwick-papers
Sammy,Pell,7783,pickwick-papers
Pell,Sammy,7783,pickwick-papers
Pell,Mr. Weller,7783,pickwick-papers
Pell,Sammy,7783,pickwick-papers
Pell,Sammy,7783,pickwick-papers
Pell,Mr. Weller,7783,pickwick-papers
Pell,Sammy,7783,pickwick-papers
Sammy,Mr. Weller,7785,pickwick-papers
Mr. Weller,Sammy,7785,pickwick-papers
Mr. Weller,Sammy,7785,pickwick-papers
Sammy,Mr. Weller,7785,pickwick-papers
Mr. Weller,Vidth,7787,pickwick-papers
Mr. Weller,Sammy,7787,pickwick-papers
Vidth,Mr. Weller,7787,pickwick-papers
Vidth,Sammy,7787,pickwick-papers
Sammy,Mr. Weller,7787,pickwick-papers
Sammy,Vidth,7787,pickwick-papers
Sammy,Mr. Weller,7789,pickwick-papers
Sammy,Mr. Weller,7789,pickwick-papers
Mr. Weller,Sammy,7789,pickwick-papers
Mr. Weller,Sammy,7789,pickwick-papers
Mr. Weller,Mr. Solomon Pell,7792,pickwick-papers
Mr. Solomon Pell,Mr. Weller,7792,pickwick-papers
Mr. Pell,Mr. Weller,7797,pickwick-papers
Mr. Weller,Mr. Pell,7797,pickwick-papers
Mr.,Pell,7801,pickwick-papers
Pell,Mr.,7801,pickwick-papers
Mr. Weller,Pell,7804,pickwick-papers
Pell,Mr. Weller,7804,pickwick-papers
Pell,Mr. Weller,7810,pickwick-papers
Pell,Mr. Samuel,7810,pickwick-papers
Mr. Weller,Pell,7810,pickwick-papers
Mr. Weller,Pell,7810,pickwick-papers
Mr. Weller,Mr. Samuel,7810,pickwick-papers
Pell,Mr. Weller,7810,pickwick-papers
Pell,Mr. Samuel,7810,pickwick-papers
Mr. Samuel,Pell,7810,pickwick-papers
Mr. Samuel,Mr. Weller,7810,pickwick-papers
Mr. Samuel,Pell,7810,pickwick-papers
Sammy,Mr. Weller,7816,pickwick-papers
Mr. Weller,Sammy,7816,pickwick-papers
Mr. Weller,Pell,7819,pickwick-papers
Pell,Mr. Weller,7819,pickwick-papers
Mr. Weller,Mr. Pell,7824,pickwick-papers
Mr. Weller,Mr. Pell,7824,pickwick-papers
Mr. Weller,Doctors,7824,pickwick-papers
Mr. Pell,Mr. Weller,7824,pickwick-papers
Mr. Pell,Doctors,7824,pickwick-papers
Mr. Pell,Mr. Weller,7824,pickwick-papers
Mr. Pell,Doctors,7824,pickwick-papers
Doctors,Mr. Weller,7824,pickwick-papers
Doctors,Mr. Pell,7824,pickwick-papers
Doctors,Mr. Pell,7824,pickwick-papers
Doctors,Mr. Solomon Pell,7825,pickwick-papers
Doctors,Mr. Solomon Pell,7825,pickwick-papers
Mr. Solomon Pell,Doctors,7825,pickwick-papers
Mr. Solomon Pell,Doctors,7825,pickwick-papers
Wilkins Flasher,Esquire,7826,pickwick-papers
Wilkins Flasher,Mr. Solomon Pell,7826,pickwick-papers
Esquire,Wilkins Flasher,7826,pickwick-papers
Esquire,Mr. Solomon Pell,7826,pickwick-papers
Mr. Solomon Pell,Wilkins Flasher,7826,pickwick-papers
Mr. Solomon Pell,Esquire,7826,pickwick-papers
Mr.,Pell,7828,pickwick-papers
Pell,Mr.,7828,pickwick-papers
Pell,Mr. Flasher,7829,pickwick-papers
Mr. Flasher,Pell,7829,pickwick-papers
Pell,Mr. Weller,7833,pickwick-papers
Mr. Weller,Pell,7833,pickwick-papers
Pell,Sir,7836,pickwick-papers
Pell,Mr. Weller,7836,pickwick-papers
Pell,Sir,7836,pickwick-papers
Pell,Samivel,7836,pickwick-papers
Sir,Pell,7836,pickwick-papers
Sir,Mr. Weller,7836,pickwick-papers
Sir,Pell,7836,pickwick-papers
Sir,Samivel,7836,pickwick-papers
Mr. Weller,Pell,7836,pickwick-papers
Mr. Weller,Sir,7836,pickwick-papers
Mr. Weller,Pell,7836,pickwick-papers
Mr. Weller,Sir,7836,pickwick-papers
Mr. Weller,Samivel,7836,pickwick-papers
Pell,Sir,7836,pickwick-papers
Pell,Mr. Weller,7836,pickwick-papers
Pell,Sir,7836,pickwick-papers
Pell,Samivel,7836,pickwick-papers
Sir,Pell,7836,pickwick-papers
Sir,Mr. Weller,7836,pickwick-papers
Sir,Pell,7836,pickwick-papers
Sir,Samivel,7836,pickwick-papers
Samivel,Pell,7836,pickwick-papers
Samivel,Sir,7836,pickwick-papers
Samivel,Mr. Weller,7836,pickwick-papers
Samivel,Pell,7836,pickwick-papers
Samivel,Sir,7836,pickwick-papers
Mr. Solomon Pell,Mr. Weller,7842,pickwick-papers
Mr. Solomon Pell,Mr. Weller,7842,pickwick-papers
Mr. Weller,Mr. Solomon Pell,7842,pickwick-papers
Mr. Weller,Mr. Solomon Pell,7842,pickwick-papers
Wilkins Flasher,Esquire,7843,pickwick-papers
Wilkins Flasher,Esquire,7843,pickwick-papers
Wilkins Flasher,Esquire,7843,pickwick-papers
Wilkins Flasher,Esquire,7843,pickwick-papers
Wilkins Flasher,Esquire,7843,pickwick-papers
Wilkins Flasher,Esquire,7843,pickwick-papers
Wilkins Flasher,Mr. Pell,7843,pickwick-papers
Esquire,Wilkins Flasher,7843,pickwick-papers
Esquire,Wilkins Flasher,7843,pickwick-papers
Esquire,Wilkins Flasher,7843,pickwick-papers
Esquire,Wilkins Flasher,7843,pickwick-papers
Esquire,Wilkins Flasher,7843,pickwick-papers
Esquire,Wilkins Flasher,7843,pickwick-papers
Esquire,Mr. Pell,7843,pickwick-papers
Wilkins Flasher,Esquire,7843,pickwick-papers
Wilkins Flasher,Esquire,7843,pickwick-papers
Wilkins Flasher,Esquire,7843,pickwick-papers
Wilkins Flasher,Esquire,7843,pickwick-papers
Wilkins Flasher,Esquire,7843,pickwick-papers
Wilkins Flasher,Esquire,7843,pickwick-papers
Wilkins Flasher,Mr. Pell,7843,pickwick-papers
Esquire,Wilkins Flasher,7843,pickwick-papers
Esquire,Wilkins Flasher,7843,pickwick-papers
Esquire,Wilkins Flasher,7843,pickwick-papers
Esquire,Wilkins Flasher,7843,pickwick-papers
Esquire,Wilkins Flasher,7843,pickwick-papers
Esquire,Wilkins Flasher,7843,pickwick-papers
Esquire,Mr. Pell,7843,pickwick-papers
Wilkins Flasher,Esquire,7843,pickwick-papers
Wilkins Flasher,Esquire,7843,pickwick-papers
Wilkins Flasher,Esquire,7843,pickwick-papers
Wilkins Flasher,Esquire,7843,pickwick-papers
Wilkins Flasher,Esquire,7843,pickwick-papers
Wilkins Flasher,Esquire,7843,pickwick-papers
Wilkins Flasher,Mr. Pell,7843,pickwick-papers
Esquire,Wilkins Flasher,7843,pickwick-papers
Esquire,Wilkins Flasher,7843,pickwick-papers
Esquire,Wilkins Flasher,7843,pickwick-papers
Esquire,Wilkins Flasher,7843,pickwick-papers
Esquire,Wilkins Flasher,7843,pickwick-papers
Esquire,Wilkins Flasher,7843,pickwick-papers
Esquire,Mr. Pell,7843,pickwick-papers
Wilkins Flasher,Esquire,7843,pickwick-papers
Wilkins Flasher,Esquire,7843,pickwick-papers
Wilkins Flasher,Esquire,7843,pickwick-papers
Wilkins Flasher,Esquire,7843,pickwick-papers
Wilkins Flasher,Esquire,7843,pickwick-papers
Wilkins Flasher,Esquire,7843,pickwick-papers
Wilkins Flasher,Mr. Pell,7843,pickwick-papers
Esquire,Wilkins Flasher,7843,pickwick-papers
Esquire,Wilkins Flasher,7843,pickwick-papers
Esquire,Wilkins Flasher,7843,pickwick-papers
Esquire,Wilkins Flasher,7843,pickwick-papers
Esquire,Wilkins Flasher,7843,pickwick-papers
Esquire,Wilkins Flasher,7843,pickwick-papers
Esquire,Mr. Pell,7843,pickwick-papers
Wilkins Flasher,Esquire,7843,pickwick-papers
Wilkins Flasher,Esquire,7843,pickwick-papers
Wilkins Flasher,Esquire,7843,pickwick-papers
Wilkins Flasher,Esquire,7843,pickwick-papers
Wilkins Flasher,Esquire,7843,pickwick-papers
Wilkins Flasher,Esquire,7843,pickwick-papers
Wilkins Flasher,Mr. Pell,7843,pickwick-papers
Esquire,Wilkins Flasher,7843,pickwick-papers
Esquire,Wilkins Flasher,7843,pickwick-papers
Esquire,Wilkins Flasher,7843,pickwick-papers
Esquire,Wilkins Flasher,7843,pickwick-papers
Esquire,Wilkins Flasher,7843,pickwick-papers
Esquire,Wilkins Flasher,7843,pickwick-papers
Esquire,Mr. Pell,7843,pickwick-papers
Wilkins Flasher,Esquire,7843,pickwick-papers
Wilkins Flasher,Esquire,7843,pickwick-papers
Wilkins Flasher,Esquire,7843,pickwick-papers
Wilkins Flasher,Esquire,7843,pickwick-papers
Wilkins Flasher,Esquire,7843,pickwick-papers
Wilkins Flasher,Esquire,7843,pickwick-papers
Wilkins Flasher,Mr. Pell,7843,pickwick-papers
Esquire,Wilkins Flasher,7843,pickwick-papers
Esquire,Wilkins Flasher,7843,pickwick-papers
Esquire,Wilkins Flasher,7843,pickwick-papers
Esquire,Wilkins Flasher,7843,pickwick-papers
Esquire,Wilkins Flasher,7843,pickwick-papers
Esquire,Wilkins Flasher,7843,pickwick-papers
Esquire,Mr. Pell,7843,pickwick-papers
Mr. Pell,Wilkins Flasher,7843,pickwick-papers
Mr. Pell,Esquire,7843,pickwick-papers
Mr. Pell,Wilkins Flasher,7843,pickwick-papers
Mr. Pell,Esquire,7843,pickwick-papers
Mr. Pell,Wilkins Flasher,7843,pickwick-papers
Mr. Pell,Esquire,7843,pickwick-papers
Mr. Pell,Wilkins Flasher,7843,pickwick-papers
Mr. Pell,Esquire,7843,pickwick-papers
Mr. Pell,Wilkins Flasher,7843,pickwick-papers
Mr. Pell,Esquire,7843,pickwick-papers
Mr. Pell,Wilkins Flasher,7843,pickwick-papers
Mr. Pell,Esquire,7843,pickwick-papers
Sir,Pell,7844,pickwick-papers
Pell,Sir,7844,pickwick-papers
Sir,Pell,7846,pickwick-papers
Sir,Weller,7846,pickwick-papers
Pell,Sir,7846,pickwick-papers
Pell,Weller,7846,pickwick-papers
Weller,Sir,7846,pickwick-papers
Weller,Pell,7846,pickwick-papers
Mr.,Weller,7847,pickwick-papers
Mr.,Sam,7847,pickwick-papers
Weller,Mr.,7847,pickwick-papers
Weller,Sam,7847,pickwick-papers
Sam,Mr.,7847,pickwick-papers
Sam,Weller,7847,pickwick-papers
Wilkins Flasher,Esquire,7848,pickwick-papers
Wilkins Flasher,Mr. Pell,7848,pickwick-papers
Esquire,Wilkins Flasher,7848,pickwick-papers
Esquire,Mr. Pell,7848,pickwick-papers
Mr. Pell,Wilkins Flasher,7848,pickwick-papers
Mr. Pell,Esquire,7848,pickwick-papers
Flasher,Esquire,7849,pickwick-papers
Esquire,Flasher,7849,pickwick-papers
Simmery,Wilkins Flasher,7851,pickwick-papers
Simmery,Esquire,7851,pickwick-papers
Wilkins Flasher,Simmery,7851,pickwick-papers
Wilkins Flasher,Esquire,7851,pickwick-papers
Esquire,Simmery,7851,pickwick-papers
Esquire,Wilkins Flasher,7851,pickwick-papers
Wilkins Flasher,Esquire,7853,pickwick-papers
Wilkins Flasher,Flasher,7853,pickwick-papers
Wilkins Flasher,Esquire,7853,pickwick-papers
Esquire,Wilkins Flasher,7853,pickwick-papers
Esquire,Flasher,7853,pickwick-papers
Flasher,Wilkins Flasher,7853,pickwick-papers
Flasher,Esquire,7853,pickwick-papers
Flasher,Esquire,7853,pickwick-papers
Esquire,Wilkins Flasher,7853,pickwick-papers
Esquire,Flasher,7853,pickwick-papers
Boffer,Mr. Simmery,7854,pickwick-papers
Mr. Simmery,Boffer,7854,pickwick-papers
Wilkins Flasher,Esquire,7855,pickwick-papers
Esquire,Wilkins Flasher,7855,pickwick-papers
Wilkins Flasher,Esquire,7857,pickwick-papers
Esquire,Wilkins Flasher,7857,pickwick-papers
Mr. Simmery,Say,7858,pickwick-papers
Say,Mr. Simmery,7858,pickwick-papers
Wilkins Flasher,Esquire,7859,pickwick-papers
Esquire,Wilkins Flasher,7859,pickwick-papers
Mr. Simmery,Boffer,7860,pickwick-papers
Boffer,Mr. Simmery,7860,pickwick-papers
Wilkins Flasher,Esquire,7861,pickwick-papers
Esquire,Wilkins Flasher,7861,pickwick-papers
Wilkins Flasher,Esquire,7863,pickwick-papers
Esquire,Wilkins Flasher,7863,pickwick-papers
Boffer,Flasher,7865,pickwick-papers
Boffer,Esquire,7865,pickwick-papers
Boffer,Frank Simmery,7865,pickwick-papers
Boffer,Esquire,7865,pickwick-papers
Boffer,Frank Simmery,7865,pickwick-papers
Boffer,Esquire,7865,pickwick-papers
Boffer,Wilkins Flasher,7865,pickwick-papers
Boffer,Esquire,7865,pickwick-papers
Flasher,Boffer,7865,pickwick-papers
Flasher,Esquire,7865,pickwick-papers
Flasher,Frank Simmery,7865,pickwick-papers
Flasher,Esquire,7865,pickwick-papers
Flasher,Boffer,7865,pickwick-papers
Flasher,Frank Simmery,7865,pickwick-papers
Flasher,Esquire,7865,pickwick-papers
Flasher,Wilkins Flasher,7865,pickwick-papers
Flasher,Esquire,7865,pickwick-papers
Esquire,Boffer,7865,pickwick-papers
Esquire,Flasher,7865,pickwick-papers
Esquire,Frank Simmery,7865,pickwick-papers
Esquire,Boffer,7865,pickwick-papers
Esquire,Frank Simmery,7865,pickwick-papers
Esquire,Wilkins Flasher,7865,pickwick-papers
Frank Simmery,Boffer,7865,pickwick-papers
Frank Simmery,Flasher,7865,pickwick-papers
Frank Simmery,Esquire,7865,pickwick-papers
Frank Simmery,Esquire,7865,pickwick-papers
Frank Simmery,Boffer,7865,pickwick-papers
Frank Simmery,Esquire,7865,pickwick-papers
Frank Simmery,Wilkins Flasher,7865,pickwick-papers
Frank Simmery,Esquire,7865,pickwick-papers
Esquire,Boffer,7865,pickwick-papers
Esquire,Flasher,7865,pickwick-papers
Esquire,Frank Simmery,7865,pickwick-papers
Esquire,Boffer,7865,pickwick-papers
Esquire,Frank Simmery,7865,pickwick-papers
Esquire,Wilkins Flasher,7865,pickwick-papers
Boffer,Flasher,7865,pickwick-papers
Boffer,Esquire,7865,pickwick-papers
Boffer,Frank Simmery,7865,pickwick-papers
Boffer,Esquire,7865,pickwick-papers
Boffer,Frank Simmery,7865,pickwick-papers
Boffer,Esquire,7865,pickwick-papers
Boffer,Wilkins Flasher,7865,pickwick-papers
Boffer,Esquire,7865,pickwick-papers
Frank Simmery,Boffer,7865,pickwick-papers
Frank Simmery,Flasher,7865,pickwick-papers
Frank Simmery,Esquire,7865,pickwick-papers
Frank Simmery,Esquire,7865,pickwick-papers
Frank Simmery,Boffer,7865,pickwick-papers
Frank Simmery,Esquire,7865,pickwick-papers
Frank Simmery,Wilkins Flasher,7865,pickwick-papers
Frank Simmery,Esquire,7865,pickwick-papers
Esquire,Boffer,7865,pickwick-papers
Esquire,Flasher,7865,pickwick-papers
Esquire,Frank Simmery,7865,pickwick-papers
Esquire,Boffer,7865,pickwick-papers
Esquire,Frank Simmery,7865,pickwick-papers
Esquire,Wilkins Flasher,7865,pickwick-papers
Wilkins Flasher,Boffer,7865,pickwick-papers
Wilkins Flasher,Flasher,7865,pickwick-papers
Wilkins Flasher,Esquire,7865,pickwick-papers
Wilkins Flasher,Frank Simmery,7865,pickwick-papers
Wilkins Flasher,Esquire,7865,pickwick-papers
Wilkins Flasher,Boffer,7865,pickwick-papers
Wilkins Flasher,Frank Simmery,7865,pickwick-papers
Wilkins Flasher,Esquire,7865,pickwick-papers
Wilkins Flasher,Esquire,7865,pickwick-papers
Esquire,Boffer,7865,pickwick-papers
Esquire,Flasher,7865,pickwick-papers
Esquire,Frank Simmery,7865,pickwick-papers
Esquire,Boffer,7865,pickwick-papers
Esquire,Frank Simmery,7865,pickwick-papers
Esquire,Wilkins Flasher,7865,pickwick-papers
Wilkins Flasher,Esquire,7866,pickwick-papers
Esquire,Wilkins Flasher,7866,pickwick-papers
Wilkins Flasher,Esquire,7868,pickwick-papers
Esquire,Wilkins Flasher,7868,pickwick-papers
Wilkins Flasher,Esquire,7871,pickwick-papers
Wilkins Flasher,Mr. Solomon Pell,7871,pickwick-papers
Wilkins Flasher,Mr. Weller,7871,pickwick-papers
Wilkins Flasher,Sam,7871,pickwick-papers
Esquire,Wilkins Flasher,7871,pickwick-papers
Esquire,Mr. Solomon Pell,7871,pickwick-papers
Esquire,Mr. Weller,7871,pickwick-papers
Esquire,Sam,7871,pickwick-papers
Mr. Solomon Pell,Wilkins Flasher,7871,pickwick-papers
Mr. Solomon Pell,Esquire,7871,pickwick-papers
Mr. Solomon Pell,Mr. Weller,7871,pickwick-papers
Mr. Solomon Pell,Sam,7871,pickwick-papers
Mr. Weller,Wilkins Flasher,7871,pickwick-papers
Mr. Weller,Esquire,7871,pickwick-papers
Mr. Weller,Mr. Solomon Pell,7871,pickwick-papers
Mr. Weller,Sam,7871,pickwick-papers
Sam,Wilkins Flasher,7871,pickwick-papers
Sam,Esquire,7871,pickwick-papers
Sam,Mr. Solomon Pell,7871,pickwick-papers
Sam,Mr. Weller,7871,pickwick-papers
Pell,Mr. Flasher,7872,pickwick-papers
Mr. Flasher,Pell,7872,pickwick-papers
Mr. Weller,Samivel,7876,pickwick-papers
Samivel,Mr. Weller,7876,pickwick-papers
Mr.,Weller,7882,pickwick-papers
Mr.,Wilkins Flasher,7882,pickwick-papers
Mr.,Esquire,7882,pickwick-papers
Weller,Mr.,7882,pickwick-papers
Weller,Wilkins Flasher,7882,pickwick-papers
Weller,Esquire,7882,pickwick-papers
Wilkins Flasher,Mr.,7882,pickwick-papers
Wilkins Flasher,Weller,7882,pickwick-papers
Wilkins Flasher,Esquire,7882,pickwick-papers
Esquire,Mr.,7882,pickwick-papers
Esquire,Weller,7882,pickwick-papers
Esquire,Wilkins Flasher,7882,pickwick-papers
Sir,Mr. Weller,7883,pickwick-papers
Sir,Pell,7883,pickwick-papers
Mr. Weller,Sir,7883,pickwick-papers
Mr. Weller,Pell,7883,pickwick-papers
Pell,Sir,7883,pickwick-papers
Pell,Mr. Weller,7883,pickwick-papers
Mr. Weller,Wilkins Flasher,7887,pickwick-papers
Mr. Weller,Esquire,7887,pickwick-papers
Mr. Weller,Smith,7887,pickwick-papers
Mr. Weller,Payne,7887,pickwick-papers
Mr. Weller,Smith,7887,pickwick-papers
Mr. Weller,Weller,7887,pickwick-papers
Mr. Weller,Sam,7887,pickwick-papers
Mr. Weller,Wilkins Flasher,7887,pickwick-papers
Mr. Weller,Esquire,7887,pickwick-papers
Wilkins Flasher,Mr. Weller,7887,pickwick-papers
Wilkins Flasher,Esquire,7887,pickwick-papers
Wilkins Flasher,Smith,7887,pickwick-papers
Wilkins Flasher,Payne,7887,pickwick-papers
Wilkins Flasher,Smith,7887,pickwick-papers
Wilkins Flasher,Mr. Weller,7887,pickwick-papers
Wilkins Flasher,Weller,7887,pickwick-papers
Wilkins Flasher,Sam,7887,pickwick-papers
Wilkins Flasher,Esquire,7887,pickwick-papers
Esquire,Mr. Weller,7887,pickwick-papers
Esquire,Wilkins Flasher,7887,pickwick-papers
Esquire,Smith,7887,pickwick-papers
Esquire,Payne,7887,pickwick-papers
Esquire,Smith,7887,pickwick-papers
Esquire,Mr. Weller,7887,pickwick-papers
Esquire,Weller,7887,pickwick-papers
Esquire,Sam,7887,pickwick-papers
Esquire,Wilkins Flasher,7887,pickwick-papers
Smith,Mr. Weller,7887,pickwick-papers
Smith,Wilkins Flasher,7887,pickwick-papers
Smith,Esquire,7887,pickwick-papers
Smith,Payne,7887,pickwick-papers
Smith,Mr. Weller,7887,pickwick-papers
Smith,Weller,7887,pickwick-papers
Smith,Sam,7887,pickwick-papers
Smith,Wilkins Flasher,7887,pickwick-papers
Smith,Esquire,7887,pickwick-papers
Payne,Mr. Weller,7887,pickwick-papers
Payne,Wilkins Flasher,7887,pickwick-papers
Payne,Esquire,7887,pickwick-papers
Payne,Smith,7887,pickwick-papers
Payne,Smith,7887,pickwick-papers
Payne,Mr. Weller,7887,pickwick-papers
Payne,Weller,7887,pickwick-papers
Payne,Sam,7887,pickwick-papers
Payne,Wilkins Flasher,7887,pickwick-papers
Payne,Esquire,7887,pickwick-papers
Smith,Mr. Weller,7887,pickwick-papers
Smith,Wilkins Flasher,7887,pickwick-papers
Smith,Esquire,7887,pickwick-papers
Smith,Payne,7887,pickwick-papers
Smith,Mr. Weller,7887,pickwick-papers
Smith,Weller,7887,pickwick-papers
Smith,Sam,7887,pickwick-papers
Smith,Wilkins Flasher,7887,pickwick-papers
Smith,Esquire,7887,pickwick-papers
Mr. Weller,Wilkins Flasher,7887,pickwick-papers
Mr. Weller,Esquire,7887,pickwick-papers
Mr. Weller,Smith,7887,pickwick-papers
Mr. Weller,Payne,7887,pickwick-papers
Mr. Weller,Smith,7887,pickwick-papers
Mr. Weller,Weller,7887,pickwick-papers
Mr. Weller,Sam,7887,pickwick-papers
Mr. Weller,Wilkins Flasher,7887,pickwick-papers
Mr. Weller,Esquire,7887,pickwick-papers
Weller,Mr. Weller,7887,pickwick-papers
Weller,Wilkins Flasher,7887,pickwick-papers
Weller,Esquire,7887,pickwick-papers
Weller,Smith,7887,pickwick-papers
Weller,Payne,7887,pickwick-papers
Weller,Smith,7887,pickwick-papers
Weller,Mr. Weller,7887,pickwick-papers
Weller,Sam,7887,pickwick-papers
Weller,Wilkins Flasher,7887,pickwick-papers
Weller,Esquire,7887,pickwick-papers
Sam,Mr. Weller,7887,pickwick-papers
Sam,Wilkins Flasher,7887,pickwick-papers
Sam,Esquire,7887,pickwick-papers
Sam,Smith,7887,pickwick-papers
Sam,Payne,7887,pickwick-papers
Sam,Smith,7887,pickwick-papers
Sam,Mr. Weller,7887,pickwick-papers
Sam,Weller,7887,pickwick-papers
Sam,Wilkins Flasher,7887,pickwick-papers
Sam,Esquire,7887,pickwick-papers
Wilkins Flasher,Mr. Weller,7887,pickwick-papers
Wilkins Flasher,Esquire,7887,pickwick-papers
Wilkins Flasher,Smith,7887,pickwick-papers
Wilkins Flasher,Payne,7887,pickwick-papers
Wilkins Flasher,Smith,7887,pickwick-papers
Wilkins Flasher,Mr. Weller,7887,pickwick-papers
Wilkins Flasher,Weller,7887,pickwick-papers
Wilkins Flasher,Sam,7887,pickwick-papers
Wilkins Flasher,Esquire,7887,pickwick-papers
Esquire,Mr. Weller,7887,pickwick-papers
Esquire,Wilkins Flasher,7887,pickwick-papers
Esquire,Smith,7887,pickwick-papers
Esquire,Payne,7887,pickwick-papers
Esquire,Smith,7887,pickwick-papers
Esquire,Mr. Weller,7887,pickwick-papers
Esquire,Weller,7887,pickwick-papers
Esquire,Sam,7887,pickwick-papers
Esquire,Wilkins Flasher,7887,pickwick-papers
Mr.,Weller,7888,pickwick-papers
Weller,Mr.,7888,pickwick-papers
Mr. Pell,Sam,7890,pickwick-papers
Sam,Mr. Pell,7890,pickwick-papers
Sam,Mr. Pell,7890,pickwick-papers
Mr. Pell,Sam,7890,pickwick-papers
Mr. Solomon Pell,Sam,7891,pickwick-papers
Sam,Mr. Solomon Pell,7891,pickwick-papers
Mr. Weller,Samivel,7892,pickwick-papers
Mr. Weller,Wulter,7892,pickwick-papers
Samivel,Mr. Weller,7892,pickwick-papers
Samivel,Wulter,7892,pickwick-papers
Wulter,Mr. Weller,7892,pickwick-papers
Wulter,Samivel,7892,pickwick-papers
Mr.,Pickwick,7895,pickwick-papers
Mr.,Mary,7895,pickwick-papers
Pickwick,Mr.,7895,pickwick-papers
Pickwick,Mary,7895,pickwick-papers
Mary,Mr.,7895,pickwick-papers
Mary,Pickwick,7895,pickwick-papers
Sir,Samuel,7896,pickwick-papers
Samuel,Sir,7896,pickwick-papers
Sir,Mary,7898,pickwick-papers
Mary,Sir,7898,pickwick-papers
Sir,Mary,7900,pickwick-papers
Mary,Sir,7900,pickwick-papers
Mary,Sir,7900,pickwick-papers
Sir,Mary,7900,pickwick-papers
Mr.,Pickwick,7904,pickwick-papers
Pickwick,Mr.,7904,pickwick-papers
Mr.,Pickwick,7906,pickwick-papers
Mr.,Sam Weller,7906,pickwick-papers
Pickwick,Mr.,7906,pickwick-papers
Pickwick,Sam Weller,7906,pickwick-papers
Sam Weller,Mr.,7906,pickwick-papers
Sam Weller,Pickwick,7906,pickwick-papers
Sam,Mr. Pickwick,7907,pickwick-papers
Sam,Weller,7907,pickwick-papers
Mr. Pickwick,Sam,7907,pickwick-papers
Mr. Pickwick,Weller,7907,pickwick-papers
Weller,Sam,7907,pickwick-papers
Weller,Mr. Pickwick,7907,pickwick-papers
Samivel,Mr. Weller,7912,pickwick-papers
Mr. Weller,Samivel,7912,pickwick-papers
Mr. Weller,Sam Weller,7914,pickwick-papers
Sam Weller,Mr. Weller,7914,pickwick-papers
Mr. Pickwick,Mr. Weller,7915,pickwick-papers
Mr. Weller,Mr. Pickwick,7915,pickwick-papers
Samivel,Mr. Weller,7916,pickwick-papers
Mr. Weller,Samivel,7916,pickwick-papers
Weller,Mr. Pickwick,7917,pickwick-papers
Mr. Pickwick,Weller,7917,pickwick-papers
Mr. Weller,Samivel,7918,pickwick-papers
Samivel,Mr. Weller,7918,pickwick-papers
Samivel,Mr. Weller,7918,pickwick-papers
Mr. Weller,Samivel,7918,pickwick-papers
Sir,Sam,7921,pickwick-papers
Sam,Sir,7921,pickwick-papers
Samivel,Mr. Weller,7922,pickwick-papers
Samivel,Sammy,7922,pickwick-papers
Samivel,Wery,7922,pickwick-papers
Samivel,Wery,7922,pickwick-papers
Mr. Weller,Samivel,7922,pickwick-papers
Mr. Weller,Sammy,7922,pickwick-papers
Mr. Weller,Wery,7922,pickwick-papers
Mr. Weller,Wery,7922,pickwick-papers
Mr. Weller,Samivel,7922,pickwick-papers
Sammy,Samivel,7922,pickwick-papers
Sammy,Mr. Weller,7922,pickwick-papers
Sammy,Wery,7922,pickwick-papers
Sammy,Wery,7922,pickwick-papers
Sammy,Samivel,7922,pickwick-papers
Wery,Samivel,7922,pickwick-papers
Wery,Mr. Weller,7922,pickwick-papers
Wery,Sammy,7922,pickwick-papers
Wery,Samivel,7922,pickwick-papers
Wery,Samivel,7922,pickwick-papers
Wery,Mr. Weller,7922,pickwick-papers
Wery,Sammy,7922,pickwick-papers
Wery,Samivel,7922,pickwick-papers
Samivel,Mr. Weller,7922,pickwick-papers
Samivel,Sammy,7922,pickwick-papers
Samivel,Wery,7922,pickwick-papers
Samivel,Wery,7922,pickwick-papers
Mr.,Weller,7923,pickwick-papers
Mr.,Sam,7923,pickwick-papers
Weller,Mr.,7923,pickwick-papers
Weller,Sam,7923,pickwick-papers
Sam,Mr.,7923,pickwick-papers
Sam,Weller,7923,pickwick-papers
Sam,Mr. Pickwick,7924,pickwick-papers
Mr. Pickwick,Sam,7924,pickwick-papers
Samivel,Mr. Weller,7929,pickwick-papers
Mr. Weller,Samivel,7929,pickwick-papers
Mr. Pickwick,Mr. Weller,7933,pickwick-papers
Mr. Weller,Mr. Pickwick,7933,pickwick-papers
Sir,Mr. Weller,7934,pickwick-papers
Sir,Samivel,7934,pickwick-papers
Mr. Weller,Sir,7934,pickwick-papers
Mr. Weller,Samivel,7934,pickwick-papers
Samivel,Sir,7934,pickwick-papers
Samivel,Mr. Weller,7934,pickwick-papers
Samivel,Mr. Weller,7936,pickwick-papers
Samivel,Sam,7936,pickwick-papers
Mr. Weller,Samivel,7936,pickwick-papers
Mr. Weller,Sam,7936,pickwick-papers
Sam,Samivel,7936,pickwick-papers
Sam,Mr. Weller,7936,pickwick-papers
Mr. Weller,Mr. Pickwick,7938,pickwick-papers
Mr. Weller,Mr. Pickwick,7938,pickwick-papers
Mr. Weller,Mr. Pickwick,7938,pickwick-papers
Mr. Weller,Mr. Pickwick,7938,pickwick-papers
Mr. Pickwick,Mr. Weller,7938,pickwick-papers
Mr. Pickwick,Mr. Weller,7938,pickwick-papers
Mr. Pickwick,Mr. Weller,7938,pickwick-papers
Mr. Weller,Mr. Pickwick,7938,pickwick-papers
Mr. Weller,Mr. Pickwick,7938,pickwick-papers
Mr. Pickwick,Mr. Weller,7938,pickwick-papers
Mr. Pickwick,Mr. Weller,7938,pickwick-papers
Mr. Pickwick,Mr. Weller,7938,pickwick-papers
Sam,Mr. Pickwick,7939,pickwick-papers
Sam,Mr. Weller,7939,pickwick-papers
Mr. Pickwick,Sam,7939,pickwick-papers
Mr. Pickwick,Mr. Weller,7939,pickwick-papers
Mr. Weller,Sam,7939,pickwick-papers
Mr. Weller,Mr. Pickwick,7939,pickwick-papers
Sir,Mr. Weller,7942,pickwick-papers
Mr. Weller,Sir,7942,pickwick-papers
Mr. Pickwick,Weller,7945,pickwick-papers
Weller,Mr. Pickwick,7945,pickwick-papers
Mr. Weller,Sammy,7946,pickwick-papers
Sammy,Mr. Weller,7946,pickwick-papers
Mr.,Weller,7948,pickwick-papers
Weller,Mr.,7948,pickwick-papers
Mr. Weller,Samivel,7951,pickwick-papers
Samivel,Mr. Weller,7951,pickwick-papers
Mr. Weller,Mr. Pickwick,7952,pickwick-papers
Mr. Pickwick,Mr. Weller,7952,pickwick-papers
Sam,Mr. Pickwick,7957,pickwick-papers
Mr. Pickwick,Sam,7957,pickwick-papers
Mr.,Weller,7959,pickwick-papers
Mr.,Mr. Pickwick,7959,pickwick-papers
Weller,Mr.,7959,pickwick-papers
Weller,Mr. Pickwick,7959,pickwick-papers
Mr. Pickwick,Mr.,7959,pickwick-papers
Mr. Pickwick,Weller,7959,pickwick-papers
Mr.,Weller,7961,pickwick-papers
Mr.,Mr. Pickwick,7961,pickwick-papers
Weller,Mr.,7961,pickwick-papers
Weller,Mr. Pickwick,7961,pickwick-papers
Mr. Pickwick,Mr.,7961,pickwick-papers
Mr. Pickwick,Weller,7961,pickwick-papers
Mr. Weller,Mr. Pickwick,7968,pickwick-papers
Mr. Pickwick,Mr. Weller,7968,pickwick-papers
Mr. Weller,Mr. Pickwick,7969,pickwick-papers
Mr. Pickwick,Mr. Weller,7969,pickwick-papers
Mr.,Weller,7970,pickwick-papers
Weller,Mr.,7970,pickwick-papers
Mr. Weller,Sammy,7976,pickwick-papers
Sammy,Mr. Weller,7976,pickwick-papers
Mr. Weller,Mr. Pickwick,7978,pickwick-papers
Mr. Weller,Sir,7978,pickwick-papers
Mr. Weller,Sammy,7978,pickwick-papers
Mr. Pickwick,Mr. Weller,7978,pickwick-papers
Mr. Pickwick,Sir,7978,pickwick-papers
Mr. Pickwick,Sammy,7978,pickwick-papers
Sir,Mr. Weller,7978,pickwick-papers
Sir,Mr. Pickwick,7978,pickwick-papers
Sir,Sammy,7978,pickwick-papers
Sammy,Mr. Weller,7978,pickwick-papers
Sammy,Mr. Pickwick,7978,pickwick-papers
Sammy,Sir,7978,pickwick-papers
Mr. Pickwick,Mr. Weller,7979,pickwick-papers
Mr. Weller,Mr. Pickwick,7979,pickwick-papers
Mr. Pickwick,Mr. Weller,7981,pickwick-papers
Mr. Pickwick,Weller,7981,pickwick-papers
Mr. Weller,Mr. Pickwick,7981,pickwick-papers
Mr. Weller,Weller,7981,pickwick-papers
Weller,Mr. Pickwick,7981,pickwick-papers
Weller,Mr. Weller,7981,pickwick-papers
Mr. Weller,Mr. Pickwick,7982,pickwick-papers
Mr. Weller,Mary,7982,pickwick-papers
Mr. Weller,Mr. Pickwick,7982,pickwick-papers
Mr. Weller,Mary,7982,pickwick-papers
Mr. Weller,Mr. Pickwick,7982,pickwick-papers
Mr. Weller,Mr. Pickwick,7982,pickwick-papers
Mr. Weller,Sam,7982,pickwick-papers
Mr. Pickwick,Mr. Weller,7982,pickwick-papers
Mr. Pickwick,Mary,7982,pickwick-papers
Mr. Pickwick,Mary,7982,pickwick-papers
Mr. Pickwick,Sam,7982,pickwick-papers
Mary,Mr. Weller,7982,pickwick-papers
Mary,Mr. Pickwick,7982,pickwick-papers
Mary,Mr. Pickwick,7982,pickwick-papers
Mary,Mr. Pickwick,7982,pickwick-papers
Mary,Mr. Pickwick,7982,pickwick-papers
Mary,Sam,7982,pickwick-papers
Mr. Pickwick,Mr. Weller,7982,pickwick-papers
Mr. Pickwick,Mary,7982,pickwick-papers
Mr. Pickwick,Mary,7982,pickwick-papers
Mr. Pickwick,Sam,7982,pickwick-papers
Mary,Mr. Weller,7982,pickwick-papers
Mary,Mr. Pickwick,7982,pickwick-papers
Mary,Mr. Pickwick,7982,pickwick-papers
Mary,Mr. Pickwick,7982,pickwick-papers
Mary,Mr. Pickwick,7982,pickwick-papers
Mary,Sam,7982,pickwick-papers
Mr. Pickwick,Mr. Weller,7982,pickwick-papers
Mr. Pickwick,Mary,7982,pickwick-papers
Mr. Pickwick,Mary,7982,pickwick-papers
Mr. Pickwick,Sam,7982,pickwick-papers
Mr. Pickwick,Mr. Weller,7982,pickwick-papers
Mr. Pickwick,Mary,7982,pickwick-papers
Mr. Pickwick,Mary,7982,pickwick-papers
Mr. Pickwick,Sam,7982,pickwick-papers
Sam,Mr. Weller,7982,pickwick-papers
Sam,Mr. Pickwick,7982,pickwick-papers
Sam,Mary,7982,pickwick-papers
Sam,Mr. Pickwick,7982,pickwick-papers
Sam,Mary,7982,pickwick-papers
Sam,Mr. Pickwick,7982,pickwick-papers
Sam,Mr. Pickwick,7982,pickwick-papers
Samivel,Mr. Weller,7984,pickwick-papers
Mr. Weller,Samivel,7984,pickwick-papers
Sam,Mr. Pickwick,7985,pickwick-papers
Mr. Pickwick,Sam,7985,pickwick-papers
Samivel,Mr. Weller,7986,pickwick-papers
Mr. Weller,Samivel,7986,pickwick-papers
Sir,Sam,7987,pickwick-papers
Sam,Sir,7987,pickwick-papers
Mr. Pickwick,Sam,7992,pickwick-papers
Sam,Mr. Pickwick,7992,pickwick-papers
Sam,Mr. Pickwick,7992,pickwick-papers
Mr. Pickwick,Sam,7992,pickwick-papers
Sam,Sir,7997,pickwick-papers
Sir,Sam,7997,pickwick-papers
Mr. Pickwick,Sam,7998,pickwick-papers
Sam,Mr. Pickwick,7998,pickwick-papers
Sam,Sir,7999,pickwick-papers
Sir,Sam,7999,pickwick-papers
Samivel,Mr. Weller,8000,pickwick-papers
Mr. Weller,Samivel,8000,pickwick-papers
Sam,Mr. Pickwick,8001,pickwick-papers
Mr. Pickwick,Sam,8001,pickwick-papers
Sam,Sam Veller,8002,pickwick-papers
Sam Veller,Sam,8002,pickwick-papers
Sam,Mr. Weller,8003,pickwick-papers
Mr. Weller,Sam,8003,pickwick-papers
Mr. Pickwick,Mr. Weller,8004,pickwick-papers
Mr. Weller,Mr. Pickwick,8004,pickwick-papers
Sir,Sam,8005,pickwick-papers
Sam,Sir,8005,pickwick-papers
Sam,Sir,8005,pickwick-papers
Sir,Sam,8005,pickwick-papers
Nathaniel Winkle,Arabella,8027,pickwick-papers
Arabella,Nathaniel Winkle,8027,pickwick-papers
Sir,Arabella,8042,pickwick-papers
Arabella,Sir,8042,pickwick-papers
Sir,Arabella,8046,pickwick-papers
Arabella,Sir,8046,pickwick-papers
Arabella,Sir,8052,pickwick-papers
Sir,Arabella,8052,pickwick-papers
Arabella,Mr. Winkle,8054,pickwick-papers
Mr. Winkle,Arabella,8054,pickwick-papers
Mr.,Winkle,8057,pickwick-papers
Winkle,Mr.,8057,pickwick-papers
Sir,Mr. Winkle,8061,pickwick-papers
Sir,Arabella,8061,pickwick-papers
Mr. Winkle,Sir,8061,pickwick-papers
Mr. Winkle,Arabella,8061,pickwick-papers
Arabella,Sir,8061,pickwick-papers
Arabella,Mr. Winkle,8061,pickwick-papers
Sir,Mr. Winkle,8063,pickwick-papers
Mr. Winkle,Sir,8063,pickwick-papers
Mr. Winkle,Mr. Pickwick,8065,pickwick-papers
Mr. Pickwick,Mr. Winkle,8065,pickwick-papers
Pickwick,Mr. Winkle,8066,pickwick-papers
Mr. Winkle,Pickwick,8066,pickwick-papers
Mr. Winkle,Pickwick,8066,pickwick-papers
Pickwick,Mr. Winkle,8066,pickwick-papers
Sam,Emily Wardle,8069,pickwick-papers
Emily Wardle,Sam,8069,pickwick-papers
Mr.,Weller,8071,pickwick-papers
Weller,Mr.,8071,pickwick-papers
Mr. Winkle,Mr. Pickwick,8074,pickwick-papers
Mr. Winkle,Sam Weller,8074,pickwick-papers
Mr. Winkle,Mr. Tupman,8074,pickwick-papers
Mr. Winkle,Mr. Pickwick,8074,pickwick-papers
Mr. Winkle,Sam,8074,pickwick-papers
Mr. Winkle,Mary,8074,pickwick-papers
Mr. Winkle,Mr. Pickwick,8074,pickwick-papers
Mr. Pickwick,Mr. Winkle,8074,pickwick-papers
Mr. Pickwick,Sam Weller,8074,pickwick-papers
Mr. Pickwick,Mr. Tupman,8074,pickwick-papers
Mr. Pickwick,Sam,8074,pickwick-papers
Mr. Pickwick,Mary,8074,pickwick-papers
Sam Weller,Mr. Winkle,8074,pickwick-papers
Sam Weller,Mr. Pickwick,8074,pickwick-papers
Sam Weller,Mr. Tupman,8074,pickwick-papers
Sam Weller,Mr. Pickwick,8074,pickwick-papers
Sam Weller,Sam,8074,pickwick-papers
Sam Weller,Mary,8074,pickwick-papers
Sam Weller,Mr. Pickwick,8074,pickwick-papers
Mr. Tupman,Mr. Winkle,8074,pickwick-papers
Mr. Tupman,Mr. Pickwick,8074,pickwick-papers
Mr. Tupman,Sam Weller,8074,pickwick-papers
Mr. Tupman,Mr. Pickwick,8074,pickwick-papers
Mr. Tupman,Sam,8074,pickwick-papers
Mr. Tupman,Mary,8074,pickwick-papers
Mr. Tupman,Mr. Pickwick,8074,pickwick-papers
Mr. Pickwick,Mr. Winkle,8074,pickwick-papers
Mr. Pickwick,Sam Weller,8074,pickwick-papers
Mr. Pickwick,Mr. Tupman,8074,pickwick-papers
Mr. Pickwick,Sam,8074,pickwick-papers
Mr. Pickwick,Mary,8074,pickwick-papers
Sam,Mr. Winkle,8074,pickwick-papers
Sam,Mr. Pickwick,8074,pickwick-papers
Sam,Sam Weller,8074,pickwick-papers
Sam,Mr. Tupman,8074,pickwick-papers
Sam,Mr. Pickwick,8074,pickwick-papers
Sam,Mary,8074,pickwick-papers
Sam,Mr. Pickwick,8074,pickwick-papers
Mary,Mr. Winkle,8074,pickwick-papers
Mary,Mr. Pickwick,8074,pickwick-papers
Mary,Sam Weller,8074,pickwick-papers
Mary,Mr. Tupman,8074,pickwick-papers
Mary,Mr. Pickwick,8074,pickwick-papers
Mary,Sam,8074,pickwick-papers
Mary,Mr. Pickwick,8074,pickwick-papers
Mr. Pickwick,Mr. Winkle,8074,pickwick-papers
Mr. Pickwick,Sam Weller,8074,pickwick-papers
Mr. Pickwick,Mr. Tupman,8074,pickwick-papers
Mr. Pickwick,Sam,8074,pickwick-papers
Mr. Pickwick,Mary,8074,pickwick-papers
Mr. Pickwick,Sam,8081,pickwick-papers
Mr. Pickwick,Perker,8081,pickwick-papers
Mr. Pickwick,Wardle,8081,pickwick-papers
Sam,Mr. Pickwick,8081,pickwick-papers
Sam,Perker,8081,pickwick-papers
Sam,Wardle,8081,pickwick-papers
Sam,Mr. Pickwick,8081,pickwick-papers
Perker,Mr. Pickwick,8081,pickwick-papers
Perker,Sam,8081,pickwick-papers
Perker,Wardle,8081,pickwick-papers
Perker,Mr. Pickwick,8081,pickwick-papers
Wardle,Mr. Pickwick,8081,pickwick-papers
Wardle,Sam,8081,pickwick-papers
Wardle,Perker,8081,pickwick-papers
Wardle,Mr. Pickwick,8081,pickwick-papers
Mr. Pickwick,Sam,8081,pickwick-papers
Mr. Pickwick,Perker,8081,pickwick-papers
Mr. Pickwick,Wardle,8081,pickwick-papers
Mr.,Pickwick,8082,pickwick-papers
Mr.,Arabella,8082,pickwick-papers
Pickwick,Mr.,8082,pickwick-papers
Pickwick,Arabella,8082,pickwick-papers
Arabella,Mr.,8082,pickwick-papers
Arabella,Pickwick,8082,pickwick-papers
Mr. Snodgrass,Mr. Pickwick,8086,pickwick-papers
Mr. Snodgrass,Emily,8086,pickwick-papers
Mr. Pickwick,Mr. Snodgrass,8086,pickwick-papers
Mr. Pickwick,Emily,8086,pickwick-papers
Emily,Mr. Snodgrass,8086,pickwick-papers
Emily,Mr. Pickwick,8086,pickwick-papers
Wardle,Lady Tollimglower,8087,pickwick-papers
Lady Tollimglower,Wardle,8087,pickwick-papers
Trundle,Mr. Trundle,8088,pickwick-papers
Trundle,Hereupon,8088,pickwick-papers
Trundle,Mr. Trundle,8088,pickwick-papers
Mr. Trundle,Trundle,8088,pickwick-papers
Mr. Trundle,Hereupon,8088,pickwick-papers
Mr. Trundle,Trundle,8088,pickwick-papers
Mr. Trundle,Trundle,8088,pickwick-papers
Hereupon,Trundle,8088,pickwick-papers
Hereupon,Mr. Trundle,8088,pickwick-papers
Hereupon,Mr. Trundle,8088,pickwick-papers
Hereupon,Trundle,8088,pickwick-papers
Hereupon,Trundle,8088,pickwick-papers
Mr. Trundle,Trundle,8088,pickwick-papers
Mr. Trundle,Hereupon,8088,pickwick-papers
Mr. Trundle,Trundle,8088,pickwick-papers
Mr. Trundle,Trundle,8088,pickwick-papers
Trundle,Mr. Trundle,8088,pickwick-papers
Trundle,Hereupon,8088,pickwick-papers
Trundle,Mr. Trundle,8088,pickwick-papers
Trundle,Mr. Trundle,8088,pickwick-papers
Trundle,Hereupon,8088,pickwick-papers
Trundle,Mr. Trundle,8088,pickwick-papers
Mr. Pickwick,Sam,8091,pickwick-papers
Mr. Pickwick,Mary,8091,pickwick-papers
Sam,Mr. Pickwick,8091,pickwick-papers
Sam,Mary,8091,pickwick-papers
Mary,Mr. Pickwick,8091,pickwick-papers
Mary,Sam,8091,pickwick-papers
Dulwich Church,Mr. Pickwick,8092,pickwick-papers
Dulwich Church,Ben Allen,8092,pickwick-papers
Dulwich Church,Bob Sawyer,8092,pickwick-papers
Dulwich Church,Mr. Tupman,8092,pickwick-papers
Dulwich Church,Sam Weller,8092,pickwick-papers
Dulwich Church,Mr. Pickwick,8092,pickwick-papers
Dulwich Church,Mr. Perker,8092,pickwick-papers
Mr. Pickwick,Dulwich Church,8092,pickwick-papers
Mr. Pickwick,Ben Allen,8092,pickwick-papers
Mr. Pickwick,Bob Sawyer,8092,pickwick-papers
Mr. Pickwick,Mr. Tupman,8092,pickwick-papers
Mr. Pickwick,Sam Weller,8092,pickwick-papers
Mr. Pickwick,Mr. Perker,8092,pickwick-papers
Ben Allen,Dulwich Church,8092,pickwick-papers
Ben Allen,Mr. Pickwick,8092,pickwick-papers
Ben Allen,Bob Sawyer,8092,pickwick-papers
Ben Allen,Mr. Tupman,8092,pickwick-papers
Ben Allen,Sam Weller,8092,pickwick-papers
Ben Allen,Mr. Pickwick,8092,pickwick-papers
Ben Allen,Mr. Perker,8092,pickwick-papers
Bob Sawyer,Dulwich Church,8092,pickwick-papers
Bob Sawyer,Mr. Pickwick,8092,pickwick-papers
Bob Sawyer,Ben Allen,8092,pickwick-papers
Bob Sawyer,Mr. Tupman,8092,pickwick-papers
Bob Sawyer,Sam Weller,8092,pickwick-papers
Bob Sawyer,Mr. Pickwick,8092,pickwick-papers
Bob Sawyer,Mr. Perker,8092,pickwick-papers
Mr. Tupman,Dulwich Church,8092,pickwick-papers
Mr. Tupman,Mr. Pickwick,8092,pickwick-papers
Mr. Tupman,Ben Allen,8092,pickwick-papers
Mr. Tupman,Bob Sawyer,8092,pickwick-papers
Mr. Tupman,Sam Weller,8092,pickwick-papers
Mr. Tupman,Mr. Pickwick,8092,pickwick-papers
Mr. Tupman,Mr. Perker,8092,pickwick-papers
Sam Weller,Dulwich Church,8092,pickwick-papers
Sam Weller,Mr. Pickwick,8092,pickwick-papers
Sam Weller,Ben Allen,8092,pickwick-papers
Sam Weller,Bob Sawyer,8092,pickwick-papers
Sam Weller,Mr. Tupman,8092,pickwick-papers
Sam Weller,Mr. Pickwick,8092,pickwick-papers
Sam Weller,Mr. Perker,8092,pickwick-papers
Mr. Pickwick,Dulwich Church,8092,pickwick-papers
Mr. Pickwick,Ben Allen,8092,pickwick-papers
Mr. Pickwick,Bob Sawyer,8092,pickwick-papers
Mr. Pickwick,Mr. Tupman,8092,pickwick-papers
Mr. Pickwick,Sam Weller,8092,pickwick-papers
Mr. Pickwick,Mr. Perker,8092,pickwick-papers
Mr. Perker,Dulwich Church,8092,pickwick-papers
Mr. Perker,Mr. Pickwick,8092,pickwick-papers
Mr. Perker,Ben Allen,8092,pickwick-papers
Mr. Perker,Bob Sawyer,8092,pickwick-papers
Mr. Perker,Mr. Tupman,8092,pickwick-papers
Mr. Perker,Sam Weller,8092,pickwick-papers
Mr. Perker,Mr. Pickwick,8092,pickwick-papers
Mr. Pickwick,Lady Tollimglower,8095,pickwick-papers
Mr. Pickwick,Sam,8095,pickwick-papers
Lady Tollimglower,Mr. Pickwick,8095,pickwick-papers
Lady Tollimglower,Sam,8095,pickwick-papers
Lady Tollimglower,Mr. Pickwick,8095,pickwick-papers
Sam,Mr. Pickwick,8095,pickwick-papers
Sam,Lady Tollimglower,8095,pickwick-papers
Sam,Mr. Pickwick,8095,pickwick-papers
Mr. Pickwick,Lady Tollimglower,8095,pickwick-papers
Mr. Pickwick,Sam,8095,pickwick-papers
Mr.,Mr. Pickwick,8099,pickwick-papers
Mr.,Mr. Winkle,8099,pickwick-papers
Mr. Pickwick,Mr.,8099,pickwick-papers
Mr. Pickwick,Mr. Winkle,8099,pickwick-papers
Mr. Winkle,Mr.,8099,pickwick-papers
Mr. Winkle,Mr. Pickwick,8099,pickwick-papers
Mr.,Snodgrass,8100,pickwick-papers
Mr.,Mr. Snodgrass,8100,pickwick-papers
Snodgrass,Mr.,8100,pickwick-papers
Snodgrass,Mr. Snodgrass,8100,pickwick-papers
Mr. Snodgrass,Mr.,8100,pickwick-papers
Mr. Snodgrass,Snodgrass,8100,pickwick-papers
Mr. Tupman,Mr. Pickwick,8101,pickwick-papers
Mr. Pickwick,Mr. Tupman,8101,pickwick-papers
Mr.,Bob Sawyer,8102,pickwick-papers
Mr.,Mr. Benjamin Allen,8102,pickwick-papers
Mr.,Fogg,8102,pickwick-papers
Bob Sawyer,Mr.,8102,pickwick-papers
Bob Sawyer,Mr. Benjamin Allen,8102,pickwick-papers
Bob Sawyer,Fogg,8102,pickwick-papers
Mr. Benjamin Allen,Mr.,8102,pickwick-papers
Mr. Benjamin Allen,Bob Sawyer,8102,pickwick-papers
Mr. Benjamin Allen,Fogg,8102,pickwick-papers
Fogg,Mr.,8102,pickwick-papers
Fogg,Bob Sawyer,8102,pickwick-papers
Fogg,Mr. Benjamin Allen,8102,pickwick-papers
Sam,Weller,8103,pickwick-papers
Sam,Mr. Pickwick,8103,pickwick-papers
Sam,Mary,8103,pickwick-papers
Sam,Mr. Weller,8103,pickwick-papers
Weller,Sam,8103,pickwick-papers
Weller,Mr. Pickwick,8103,pickwick-papers
Weller,Mary,8103,pickwick-papers
Weller,Mr. Weller,8103,pickwick-papers
Weller,Sam,8103,pickwick-papers
Mr. Pickwick,Sam,8103,pickwick-papers
Mr. Pickwick,Weller,8103,pickwick-papers
Mr. Pickwick,Mary,8103,pickwick-papers
Mr. Pickwick,Mr. Weller,8103,pickwick-papers
Mr. Pickwick,Sam,8103,pickwick-papers
Mary,Sam,8103,pickwick-papers
Mary,Weller,8103,pickwick-papers
Mary,Mr. Pickwick,8103,pickwick-papers
Mary,Mr. Weller,8103,pickwick-papers
Mary,Sam,8103,pickwick-papers
Mr. Weller,Sam,8103,pickwick-papers
Mr. Weller,Weller,8103,pickwick-papers
Mr. Weller,Mr. Pickwick,8103,pickwick-papers
Mr. Weller,Mary,8103,pickwick-papers
Mr. Weller,Sam,8103,pickwick-papers
Sam,Weller,8103,pickwick-papers
Sam,Mr. Pickwick,8103,pickwick-papers
Sam,Mary,8103,pickwick-papers
Sam,Mr. Weller,8103,pickwick-papers
Mr. Weller,Mr. Pickwick,8104,pickwick-papers
Mr. Weller,Shooter,8104,pickwick-papers
Mr. Weller,Hill,8104,pickwick-papers
Mr. Weller,Mr. Pickwick,8104,pickwick-papers
Mr. Pickwick,Mr. Weller,8104,pickwick-papers
Mr. Pickwick,Shooter,8104,pickwick-papers
Mr. Pickwick,Hill,8104,pickwick-papers
Shooter,Mr. Weller,8104,pickwick-papers
Shooter,Mr. Pickwick,8104,pickwick-papers
Shooter,Hill,8104,pickwick-papers
Shooter,Mr. Pickwick,8104,pickwick-papers
Hill,Mr. Weller,8104,pickwick-papers
Hill,Mr. Pickwick,8104,pickwick-papers
Hill,Shooter,8104,pickwick-papers
Hill,Mr. Pickwick,8104,pickwick-papers
Mr. Pickwick,Mr. Weller,8104,pickwick-papers
Mr. Pickwick,Shooter,8104,pickwick-papers
Mr. Pickwick,Hill,8104,pickwick-papers
Mr.,Sam Weller,8105,pickwick-papers
Mr.,Mr. Pickwick,8105,pickwick-papers
Mr.,Mr. Snodgrass,8105,pickwick-papers
Mr.,Mr. Winkle,8105,pickwick-papers
Mr.,Mr. Trundle,8105,pickwick-papers
Mr.,Mr. Jingle,8105,pickwick-papers
Mr.,Job Trotter,8105,pickwick-papers
Mr.,Mr. Pickwick,8105,pickwick-papers
Mr.,Mr. Wardle,8105,pickwick-papers
Sam Weller,Mr.,8105,pickwick-papers
Sam Weller,Mr. Pickwick,8105,pickwick-papers
Sam Weller,Mr. Snodgrass,8105,pickwick-papers
Sam Weller,Mr. Winkle,8105,pickwick-papers
Sam Weller,Mr. Trundle,8105,pickwick-papers
Sam Weller,Mr. Jingle,8105,pickwick-papers
Sam Weller,Job Trotter,8105,pickwick-papers
Sam Weller,Mr. Pickwick,8105,pickwick-papers
Sam Weller,Mr. Wardle,8105,pickwick-papers
Mr. Pickwick,Mr.,8105,pickwick-papers
Mr. Pickwick,Sam Weller,8105,pickwick-papers
Mr. Pickwick,Mr. Snodgrass,8105,pickwick-papers
Mr. Pickwick,Mr. Winkle,8105,pickwick-papers
Mr. Pickwick,Mr. Trundle,8105,pickwick-papers
Mr. Pickwick,Mr. Jingle,8105,pickwick-papers
Mr. Pickwick,Job Trotter,8105,pickwick-papers
Mr. Pickwick,Mr. Wardle,8105,pickwick-papers
Mr. Snodgrass,Mr.,8105,pickwick-papers
Mr. Snodgrass,Sam Weller,8105,pickwick-papers
Mr. Snodgrass,Mr. Pickwick,8105,pickwick-papers
Mr. Snodgrass,Mr. Winkle,8105,pickwick-papers
Mr. Snodgrass,Mr. Trundle,8105,pickwick-papers
Mr. Snodgrass,Mr. Jingle,8105,pickwick-papers
Mr. Snodgrass,Job Trotter,8105,pickwick-papers
Mr. Snodgrass,Mr. Pickwick,8105,pickwick-papers
Mr. Snodgrass,Mr. Wardle,8105,pickwick-papers
Mr. Winkle,Mr.,8105,pickwick-papers
Mr. Winkle,Sam Weller,8105,pickwick-papers
Mr. Winkle,Mr. Pickwick,8105,pickwick-papers
Mr. Winkle,Mr. Snodgrass,8105,pickwick-papers
Mr. Winkle,Mr. Trundle,8105,pickwick-papers
Mr. Winkle,Mr. Jingle,8105,pickwick-papers
Mr. Winkle,Job Trotter,8105,pickwick-papers
Mr. Winkle,Mr. Pickwick,8105,pickwick-papers
Mr. Winkle,Mr. Wardle,8105,pickwick-papers
Mr. Trundle,Mr.,8105,pickwick-papers
Mr. Trundle,Sam Weller,8105,pickwick-papers
Mr. Trundle,Mr. Pickwick,8105,pickwick-papers
Mr. Trundle,Mr. Snodgrass,8105,pickwick-papers
Mr. Trundle,Mr. Winkle,8105,pickwick-papers
Mr. Trundle,Mr. Jingle,8105,pickwick-papers
Mr. Trundle,Job Trotter,8105,pickwick-papers
Mr. Trundle,Mr. Pickwick,8105,pickwick-papers
Mr. Trundle,Mr. Wardle,8105,pickwick-papers
Mr. Jingle,Mr.,8105,pickwick-papers
Mr. Jingle,Sam Weller,8105,pickwick-papers
Mr. Jingle,Mr. Pickwick,8105,pickwick-papers
Mr. Jingle,Mr. Snodgrass,8105,pickwick-papers
Mr. Jingle,Mr. Winkle,8105,pickwick-papers
Mr. Jingle,Mr. Trundle,8105,pickwick-papers
Mr. Jingle,Job Trotter,8105,pickwick-papers
Mr. Jingle,Mr. Pickwick,8105,pickwick-papers
Mr. Jingle,Mr. Wardle,8105,pickwick-papers
Job Trotter,Mr.,8105,pickwick-papers
Job Trotter,Sam Weller,8105,pickwick-papers
Job Trotter,Mr. Pickwick,8105,pickwick-papers
Job Trotter,Mr. Snodgrass,8105,pickwick-papers
Job Trotter,Mr. Winkle,8105,pickwick-papers
Job Trotter,Mr. Trundle,8105,pickwick-papers
Job Trotter,Mr. Jingle,8105,pickwick-papers
Job Trotter,Mr. Pickwick,8105,pickwick-papers
Job Trotter,Mr. Wardle,8105,pickwick-papers
Mr. Pickwick,Mr.,8105,pickwick-papers
Mr. Pickwick,Sam Weller,8105,pickwick-papers
Mr. Pickwick,Mr. Snodgrass,8105,pickwick-papers
Mr. Pickwick,Mr. Winkle,8105,pickwick-papers
Mr. Pickwick,Mr. Trundle,8105,pickwick-papers
Mr. Pickwick,Mr. Jingle,8105,pickwick-papers
Mr. Pickwick,Job Trotter,8105,pickwick-papers
Mr. Pickwick,Mr. Wardle,8105,pickwick-papers
Mr. Wardle,Mr.,8105,pickwick-papers
Mr. Wardle,Sam Weller,8105,pickwick-papers
Mr. Wardle,Mr. Pickwick,8105,pickwick-papers
Mr. Wardle,Mr. Snodgrass,8105,pickwick-papers
Mr. Wardle,Mr. Winkle,8105,pickwick-papers
Mr. Wardle,Mr. Trundle,8105,pickwick-papers
Mr. Wardle,Mr. Jingle,8105,pickwick-papers
Mr. Wardle,Job Trotter,8105,pickwick-papers
Mr. Wardle,Mr. Pickwick,8105,pickwick-papers
Project,Project Gutenberg,8110,pickwick-papers
Project,Project Gutenberg,8110,pickwick-papers
Project Gutenberg,Project,8110,pickwick-papers
Project Gutenberg,Project,8110,pickwick-papers
Project Gutenberg,Project,8117,pickwick-papers
Project Gutenberg,Project,8117,pickwick-papers
Project,Project Gutenberg,8117,pickwick-papers
Project,Project Gutenberg,8117,pickwick-papers
Project Gutenberg,Project,8118,pickwick-papers
Project,Project Gutenberg,8118,pickwick-papers
Vanilla ASCII,Project,8126,pickwick-papers
Vanilla ASCII,Plain Vanilla,8126,pickwick-papers
Project,Vanilla ASCII,8126,pickwick-papers
Project,Plain Vanilla,8126,pickwick-papers
Plain Vanilla,Vanilla ASCII,8126,pickwick-papers
Plain Vanilla,Project,8126,pickwick-papers
Project Gutenberg,Project,8132,pickwick-papers
Project,Project Gutenberg,8132,pickwick-papers
Salt Lake City,Email,8143,pickwick-papers
Email,Salt Lake City,8143,pickwick-papers
Michael S. Hart,Project,8151,pickwick-papers
Project,Michael S. Hart,8151,pickwick-papers
