Item1,Item2,Time,Book
Mr. Godfrey Nickleby,Mr. Nickleby,3,nicholas-nickleby
Mr. Nickleby,Mr. Godfrey Nickleby,3,nicholas-nickleby
Heaven,Mr. Nickleby,4,nicholas-nickleby
Heaven,Mr. Nickleby,4,nicholas-nickleby
Heaven,Mr. Nickleby,4,nicholas-nickleby
Mr. Nickleby,Heaven,4,nicholas-nickleby
Mr. Nickleby,Heaven,4,nicholas-nickleby
Mr. Nickleby,Heaven,4,nicholas-nickleby
Nickleby,Mr. Ralph Nickleby,5,nicholas-nickleby
Mr. Ralph Nickleby,Nickleby,5,nicholas-nickleby
Mr. Godfrey Nickleby,Ralph,7,nicholas-nickleby
Mr. Godfrey Nickleby,Nicholas,7,nicholas-nickleby
Ralph,Mr. Godfrey Nickleby,7,nicholas-nickleby
Ralph,Nicholas,7,nicholas-nickleby
Nicholas,Mr. Godfrey Nickleby,7,nicholas-nickleby
Nicholas,Ralph,7,nicholas-nickleby
Ralph Nickleby,Master Ralph Nickleby,10,nicholas-nickleby
Master Ralph Nickleby,Ralph Nickleby,10,nicholas-nickleby
Ralph Nickleby,Mr. Ralph Nickleby,12,nicholas-nickleby
Mr. Ralph Nickleby,Ralph Nickleby,12,nicholas-nickleby
Nicholas,Nickleby,13,nicholas-nickleby
Nickleby,Nicholas,13,nicholas-nickleby
Mr.,Nickleby,30,nicholas-nickleby
Nickleby,Mr.,30,nicholas-nickleby
Mr.,Ralph Nickleby,34,nicholas-nickleby
Mr.,Mr. Ralph Nickleby,34,nicholas-nickleby
Ralph Nickleby,Mr.,34,nicholas-nickleby
Ralph Nickleby,Mr. Ralph Nickleby,34,nicholas-nickleby
Mr. Ralph Nickleby,Mr.,34,nicholas-nickleby
Mr. Ralph Nickleby,Ralph Nickleby,34,nicholas-nickleby
Mr.,Ralph Nickleby,37,nicholas-nickleby
Mr.,Mr. Nickleby,37,nicholas-nickleby
Ralph Nickleby,Mr.,37,nicholas-nickleby
Ralph Nickleby,Mr. Nickleby,37,nicholas-nickleby
Mr. Nickleby,Mr.,37,nicholas-nickleby
Mr. Nickleby,Ralph Nickleby,37,nicholas-nickleby
Mr.,Nickleby,38,nicholas-nickleby
Nickleby,Mr.,38,nicholas-nickleby
Mr. Ralph Nickleby,Nickleby,39,nicholas-nickleby
Nickleby,Mr. Ralph Nickleby,39,nicholas-nickleby
Noggs,Mr. Nickleby,41,nicholas-nickleby
Mr. Nickleby,Noggs,41,nicholas-nickleby
Noggs,Mr. Noggs,50,nicholas-nickleby
Mr. Noggs,Noggs,50,nicholas-nickleby
Mr.,Nickleby,53,nicholas-nickleby
Nickleby,Mr.,53,nicholas-nickleby
Noggs,Mr. Bonney,61,nicholas-nickleby
Mr. Bonney,Noggs,61,nicholas-nickleby
Nickleby,Sir Matthew Pupker,62,nicholas-nickleby
Sir Matthew Pupker,Nickleby,62,nicholas-nickleby
Mr. Bonney,Crumpet Baking,64,nicholas-nickleby
Mr. Bonney,Punctual Delivery Company,64,nicholas-nickleby
Crumpet Baking,Mr. Bonney,64,nicholas-nickleby
Crumpet Baking,Punctual Delivery Company,64,nicholas-nickleby
Punctual Delivery Company,Mr. Bonney,64,nicholas-nickleby
Punctual Delivery Company,Crumpet Baking,64,nicholas-nickleby
Crumpet Baking,Punctual Delivery Company,75,nicholas-nickleby
Crumpet Baking,Mr. Bonney,75,nicholas-nickleby
Crumpet Baking,Mr. Nickleby,75,nicholas-nickleby
Punctual Delivery Company,Crumpet Baking,75,nicholas-nickleby
Punctual Delivery Company,Mr. Bonney,75,nicholas-nickleby
Punctual Delivery Company,Mr. Nickleby,75,nicholas-nickleby
Mr. Bonney,Crumpet Baking,75,nicholas-nickleby
Mr. Bonney,Punctual Delivery Company,75,nicholas-nickleby
Mr. Bonney,Mr. Nickleby,75,nicholas-nickleby
Mr. Nickleby,Crumpet Baking,75,nicholas-nickleby
Mr. Nickleby,Punctual Delivery Company,75,nicholas-nickleby
Mr. Nickleby,Mr. Bonney,75,nicholas-nickleby
Mr. Bonney,Matthew Pupker,77,nicholas-nickleby
Matthew Pupker,Mr. Bonney,77,nicholas-nickleby
Sir Matthew Pupker,Crumpet Baking,78,nicholas-nickleby
Sir Matthew Pupker,Punctual Delivery Company,78,nicholas-nickleby
Sir Matthew Pupker,Crumpet Baking,78,nicholas-nickleby
Sir Matthew Pupker,Punctual Delivery Company,78,nicholas-nickleby
Sir Matthew Pupker,Crumpet Baking,78,nicholas-nickleby
Sir Matthew Pupker,Punctual Delivery Company,78,nicholas-nickleby
Sir Matthew Pupker,Crumpet Baking,78,nicholas-nickleby
Sir Matthew Pupker,Punctual Delivery Company,78,nicholas-nickleby
Sir Matthew Pupker,Crumpet Baking,78,nicholas-nickleby
Sir Matthew Pupker,Punctual Delivery Company,78,nicholas-nickleby
Crumpet Baking,Sir Matthew Pupker,78,nicholas-nickleby
Crumpet Baking,Sir Matthew Pupker,78,nicholas-nickleby
Crumpet Baking,Sir Matthew Pupker,78,nicholas-nickleby
Crumpet Baking,Sir Matthew Pupker,78,nicholas-nickleby
Crumpet Baking,Sir Matthew Pupker,78,nicholas-nickleby
Crumpet Baking,Punctual Delivery Company,78,nicholas-nickleby
Punctual Delivery Company,Sir Matthew Pupker,78,nicholas-nickleby
Punctual Delivery Company,Sir Matthew Pupker,78,nicholas-nickleby
Punctual Delivery Company,Sir Matthew Pupker,78,nicholas-nickleby
Punctual Delivery Company,Sir Matthew Pupker,78,nicholas-nickleby
Punctual Delivery Company,Sir Matthew Pupker,78,nicholas-nickleby
Punctual Delivery Company,Crumpet Baking,78,nicholas-nickleby
Sir Matthew Pupker,Crumpet Baking,81,nicholas-nickleby
Sir Matthew Pupker,Punctual Delivery,81,nicholas-nickleby
Sir Matthew Pupker,Crumpet Baking,81,nicholas-nickleby
Sir Matthew Pupker,Punctual Delivery,81,nicholas-nickleby
Crumpet Baking,Sir Matthew Pupker,81,nicholas-nickleby
Crumpet Baking,Sir Matthew Pupker,81,nicholas-nickleby
Crumpet Baking,Punctual Delivery,81,nicholas-nickleby
Punctual Delivery,Sir Matthew Pupker,81,nicholas-nickleby
Punctual Delivery,Sir Matthew Pupker,81,nicholas-nickleby
Punctual Delivery,Crumpet Baking,81,nicholas-nickleby
Mr.,Bonney,82,nicholas-nickleby
Mr.,Murphy,82,nicholas-nickleby
Mr.,Sir Matthew Pupker,82,nicholas-nickleby
Mr.,Crumpet Baking,82,nicholas-nickleby
Mr.,Punctual Delivery Company,82,nicholas-nickleby
Mr.,Five Millions,82,nicholas-nickleby
Bonney,Mr.,82,nicholas-nickleby
Bonney,Murphy,82,nicholas-nickleby
Bonney,Sir Matthew Pupker,82,nicholas-nickleby
Bonney,Crumpet Baking,82,nicholas-nickleby
Bonney,Punctual Delivery Company,82,nicholas-nickleby
Bonney,Five Millions,82,nicholas-nickleby
Murphy,Mr.,82,nicholas-nickleby
Murphy,Bonney,82,nicholas-nickleby
Murphy,Sir Matthew Pupker,82,nicholas-nickleby
Murphy,Crumpet Baking,82,nicholas-nickleby
Murphy,Punctual Delivery Company,82,nicholas-nickleby
Murphy,Five Millions,82,nicholas-nickleby
Sir Matthew Pupker,Mr.,82,nicholas-nickleby
Sir Matthew Pupker,Bonney,82,nicholas-nickleby
Sir Matthew Pupker,Murphy,82,nicholas-nickleby
Sir Matthew Pupker,Crumpet Baking,82,nicholas-nickleby
Sir Matthew Pupker,Punctual Delivery Company,82,nicholas-nickleby
Sir Matthew Pupker,Five Millions,82,nicholas-nickleby
Crumpet Baking,Mr.,82,nicholas-nickleby
Crumpet Baking,Bonney,82,nicholas-nickleby
Crumpet Baking,Murphy,82,nicholas-nickleby
Crumpet Baking,Sir Matthew Pupker,82,nicholas-nickleby
Crumpet Baking,Punctual Delivery Company,82,nicholas-nickleby
Crumpet Baking,Five Millions,82,nicholas-nickleby
Punctual Delivery Company,Mr.,82,nicholas-nickleby
Punctual Delivery Company,Bonney,82,nicholas-nickleby
Punctual Delivery Company,Murphy,82,nicholas-nickleby
Punctual Delivery Company,Sir Matthew Pupker,82,nicholas-nickleby
Punctual Delivery Company,Crumpet Baking,82,nicholas-nickleby
Punctual Delivery Company,Five Millions,82,nicholas-nickleby
Five Millions,Mr.,82,nicholas-nickleby
Five Millions,Bonney,82,nicholas-nickleby
Five Millions,Murphy,82,nicholas-nickleby
Five Millions,Sir Matthew Pupker,82,nicholas-nickleby
Five Millions,Crumpet Baking,82,nicholas-nickleby
Five Millions,Punctual Delivery Company,82,nicholas-nickleby
Mr.,Ralph Nickleby,83,nicholas-nickleby
Ralph Nickleby,Mr.,83,nicholas-nickleby
Crumpet Baking,Punctual Delivery Company,88,nicholas-nickleby
Punctual Delivery Company,Crumpet Baking,88,nicholas-nickleby
Mr.,Ralph Nickleby,92,nicholas-nickleby
Mr.,Sad Tidings,92,nicholas-nickleby
Mr.,Nicholas,92,nicholas-nickleby
Ralph Nickleby,Mr.,92,nicholas-nickleby
Ralph Nickleby,Sad Tidings,92,nicholas-nickleby
Ralph Nickleby,Nicholas,92,nicholas-nickleby
Sad Tidings,Mr.,92,nicholas-nickleby
Sad Tidings,Ralph Nickleby,92,nicholas-nickleby
Sad Tidings,Nicholas,92,nicholas-nickleby
Nicholas,Mr.,92,nicholas-nickleby
Nicholas,Ralph Nickleby,92,nicholas-nickleby
Nicholas,Sad Tidings,92,nicholas-nickleby
Mr. Ralph Nickleby,St Paul,93,nicholas-nickleby
Mr. Ralph Nickleby,Newman Noggs,93,nicholas-nickleby
St Paul,Mr. Ralph Nickleby,93,nicholas-nickleby
St Paul,Newman Noggs,93,nicholas-nickleby
Newman Noggs,Mr. Ralph Nickleby,93,nicholas-nickleby
Newman Noggs,St Paul,93,nicholas-nickleby
Mr. Nickleby,Noggs,96,nicholas-nickleby
Noggs,Mr. Nickleby,96,nicholas-nickleby
Mr. Nickleby,Newman,101,nicholas-nickleby
Newman,Mr. Nickleby,101,nicholas-nickleby
Mr.,Nickleby,105,nicholas-nickleby
Nickleby,Mr.,105,nicholas-nickleby
Mr. Nickleby,Nickleby,106,nicholas-nickleby
Nickleby,Mr. Nickleby,106,nicholas-nickleby
Mr. Nickleby,Newman,112,nicholas-nickleby
Newman,Mr. Nickleby,112,nicholas-nickleby
Mr.,Nickleby,116,nicholas-nickleby
Nickleby,Mr.,116,nicholas-nickleby
Mr.,Nickleby,119,nicholas-nickleby
Nickleby,Mr.,119,nicholas-nickleby
Nickleby,Ralph,120,nicholas-nickleby
Ralph,Nickleby,120,nicholas-nickleby
Miss La Creevy,Nickleby,144,nicholas-nickleby
Nickleby,Miss La Creevy,144,nicholas-nickleby
Miss La Creevy,Nickleby,146,nicholas-nickleby
Nickleby,Miss La Creevy,146,nicholas-nickleby
Ralph,Bah,155,nicholas-nickleby
Bah,Ralph,155,nicholas-nickleby
Mr. Ralph Nickleby,Ralph,160,nicholas-nickleby
Ralph,Mr. Ralph Nickleby,160,nicholas-nickleby
Ralph,Nicholas,161,nicholas-nickleby
Nicholas,Ralph,161,nicholas-nickleby
God,Ralph,171,nicholas-nickleby
Ralph,God,171,nicholas-nickleby
Ralph,Mrs Nickleby,179,nicholas-nickleby
Mrs Nickleby,Ralph,179,nicholas-nickleby
Nickleby,Nicholas,180,nicholas-nickleby
Nicholas,Nickleby,180,nicholas-nickleby
Ralph,Nicholas,181,nicholas-nickleby
Nicholas,Ralph,181,nicholas-nickleby
Ralph,Nicholas,182,nicholas-nickleby
Nicholas,Ralph,182,nicholas-nickleby
Mr.,Ralph Nickleby,198,nicholas-nickleby
Ralph Nickleby,Mr.,198,nicholas-nickleby
Mr. Wackford Squeers,Academy,203,nicholas-nickleby
Mr. Wackford Squeers,Dotheboys Hall,203,nicholas-nickleby
Mr. Wackford Squeers,Mr. Squeers,203,nicholas-nickleby
Mr. Wackford Squeers,Saracen,203,nicholas-nickleby
Mr. Wackford Squeers,Snow Hill,203,nicholas-nickleby
Mr. Wackford Squeers,Annual,203,nicholas-nickleby
Academy,Mr. Wackford Squeers,203,nicholas-nickleby
Academy,Dotheboys Hall,203,nicholas-nickleby
Academy,Mr. Squeers,203,nicholas-nickleby
Academy,Saracen,203,nicholas-nickleby
Academy,Snow Hill,203,nicholas-nickleby
Academy,Annual,203,nicholas-nickleby
Dotheboys Hall,Mr. Wackford Squeers,203,nicholas-nickleby
Dotheboys Hall,Academy,203,nicholas-nickleby
Dotheboys Hall,Mr. Squeers,203,nicholas-nickleby
Dotheboys Hall,Saracen,203,nicholas-nickleby
Dotheboys Hall,Snow Hill,203,nicholas-nickleby
Dotheboys Hall,Annual,203,nicholas-nickleby
Mr. Squeers,Mr. Wackford Squeers,203,nicholas-nickleby
Mr. Squeers,Academy,203,nicholas-nickleby
Mr. Squeers,Dotheboys Hall,203,nicholas-nickleby
Mr. Squeers,Saracen,203,nicholas-nickleby
Mr. Squeers,Snow Hill,203,nicholas-nickleby
Mr. Squeers,Annual,203,nicholas-nickleby
Saracen,Mr. Wackford Squeers,203,nicholas-nickleby
Saracen,Academy,203,nicholas-nickleby
Saracen,Dotheboys Hall,203,nicholas-nickleby
Saracen,Mr. Squeers,203,nicholas-nickleby
Saracen,Snow Hill,203,nicholas-nickleby
Saracen,Annual,203,nicholas-nickleby
Snow Hill,Mr. Wackford Squeers,203,nicholas-nickleby
Snow Hill,Academy,203,nicholas-nickleby
Snow Hill,Dotheboys Hall,203,nicholas-nickleby
Snow Hill,Mr. Squeers,203,nicholas-nickleby
Snow Hill,Saracen,203,nicholas-nickleby
Snow Hill,Annual,203,nicholas-nickleby
Annual,Mr. Wackford Squeers,203,nicholas-nickleby
Annual,Academy,203,nicholas-nickleby
Annual,Dotheboys Hall,203,nicholas-nickleby
Annual,Mr. Squeers,203,nicholas-nickleby
Annual,Saracen,203,nicholas-nickleby
Annual,Snow Hill,203,nicholas-nickleby
Ralph,Ralph Nickleby,209,nicholas-nickleby
Ralph Nickleby,Ralph,209,nicholas-nickleby
Ralph,Make,215,nicholas-nickleby
Make,Ralph,215,nicholas-nickleby
Nicholas,Kate,220,nicholas-nickleby
Kate,Nicholas,220,nicholas-nickleby
Kate,Nicholas,220,nicholas-nickleby
Nicholas,Kate,220,nicholas-nickleby
Mr. Ralph Nickleby,Nicholas,221,nicholas-nickleby
Mr. Ralph Nickleby,Nicholas,221,nicholas-nickleby
Mr. Ralph Nickleby,Mr. Squeers,221,nicholas-nickleby
Mr. Ralph Nickleby,Nicholas,221,nicholas-nickleby
Mr. Ralph Nickleby,Miss Nickleby,221,nicholas-nickleby
Nicholas,Mr. Ralph Nickleby,221,nicholas-nickleby
Nicholas,Mr. Squeers,221,nicholas-nickleby
Nicholas,Miss Nickleby,221,nicholas-nickleby
Nicholas,Mr. Ralph Nickleby,221,nicholas-nickleby
Nicholas,Mr. Squeers,221,nicholas-nickleby
Nicholas,Miss Nickleby,221,nicholas-nickleby
Mr. Squeers,Mr. Ralph Nickleby,221,nicholas-nickleby
Mr. Squeers,Nicholas,221,nicholas-nickleby
Mr. Squeers,Nicholas,221,nicholas-nickleby
Mr. Squeers,Nicholas,221,nicholas-nickleby
Mr. Squeers,Miss Nickleby,221,nicholas-nickleby
Nicholas,Mr. Ralph Nickleby,221,nicholas-nickleby
Nicholas,Mr. Squeers,221,nicholas-nickleby
Nicholas,Miss Nickleby,221,nicholas-nickleby
Miss Nickleby,Mr. Ralph Nickleby,221,nicholas-nickleby
Miss Nickleby,Nicholas,221,nicholas-nickleby
Miss Nickleby,Nicholas,221,nicholas-nickleby
Miss Nickleby,Mr. Squeers,221,nicholas-nickleby
Miss Nickleby,Nicholas,221,nicholas-nickleby
Snow,Hill,226,nicholas-nickleby
Snow,Snow Hill,226,nicholas-nickleby
Snow,Hill,226,nicholas-nickleby
Snow,Snow Hill,226,nicholas-nickleby
Snow,Snow Hill,226,nicholas-nickleby
Snow,Snow Hill,226,nicholas-nickleby
Snow,Saracen,226,nicholas-nickleby
Hill,Snow,226,nicholas-nickleby
Hill,Snow Hill,226,nicholas-nickleby
Hill,Snow Hill,226,nicholas-nickleby
Hill,Snow Hill,226,nicholas-nickleby
Hill,Snow Hill,226,nicholas-nickleby
Hill,Saracen,226,nicholas-nickleby
Snow Hill,Snow,226,nicholas-nickleby
Snow Hill,Hill,226,nicholas-nickleby
Snow Hill,Hill,226,nicholas-nickleby
Snow Hill,Saracen,226,nicholas-nickleby
Hill,Snow,226,nicholas-nickleby
Hill,Snow Hill,226,nicholas-nickleby
Hill,Snow Hill,226,nicholas-nickleby
Hill,Snow Hill,226,nicholas-nickleby
Hill,Snow Hill,226,nicholas-nickleby
Hill,Saracen,226,nicholas-nickleby
Snow Hill,Snow,226,nicholas-nickleby
Snow Hill,Hill,226,nicholas-nickleby
Snow Hill,Hill,226,nicholas-nickleby
Snow Hill,Saracen,226,nicholas-nickleby
Snow Hill,Snow,226,nicholas-nickleby
Snow Hill,Hill,226,nicholas-nickleby
Snow Hill,Hill,226,nicholas-nickleby
Snow Hill,Saracen,226,nicholas-nickleby
Snow Hill,Snow,226,nicholas-nickleby
Snow Hill,Hill,226,nicholas-nickleby
Snow Hill,Hill,226,nicholas-nickleby
Snow Hill,Saracen,226,nicholas-nickleby
Saracen,Snow,226,nicholas-nickleby
Saracen,Hill,226,nicholas-nickleby
Saracen,Snow Hill,226,nicholas-nickleby
Saracen,Hill,226,nicholas-nickleby
Saracen,Snow Hill,226,nicholas-nickleby
Saracen,Snow Hill,226,nicholas-nickleby
Saracen,Snow Hill,226,nicholas-nickleby
Smithfield,Snow Hill,228,nicholas-nickleby
Smithfield,Saracen,228,nicholas-nickleby
Smithfield,St James,228,nicholas-nickleby
Smithfield,Saracen,228,nicholas-nickleby
Smithfield,Saracen,228,nicholas-nickleby
Smithfield,Saracens,228,nicholas-nickleby
Snow Hill,Smithfield,228,nicholas-nickleby
Snow Hill,Saracen,228,nicholas-nickleby
Snow Hill,St James,228,nicholas-nickleby
Snow Hill,Saracen,228,nicholas-nickleby
Snow Hill,Saracen,228,nicholas-nickleby
Snow Hill,Saracens,228,nicholas-nickleby
Saracen,Smithfield,228,nicholas-nickleby
Saracen,Snow Hill,228,nicholas-nickleby
Saracen,St James,228,nicholas-nickleby
Saracen,Saracens,228,nicholas-nickleby
St James,Smithfield,228,nicholas-nickleby
St James,Snow Hill,228,nicholas-nickleby
St James,Saracen,228,nicholas-nickleby
St James,Saracen,228,nicholas-nickleby
St James,Saracen,228,nicholas-nickleby
St James,Saracens,228,nicholas-nickleby
Saracen,Smithfield,228,nicholas-nickleby
Saracen,Snow Hill,228,nicholas-nickleby
Saracen,St James,228,nicholas-nickleby
Saracen,Saracens,228,nicholas-nickleby
Saracen,Smithfield,228,nicholas-nickleby
Saracen,Snow Hill,228,nicholas-nickleby
Saracen,St James,228,nicholas-nickleby
Saracen,Saracens,228,nicholas-nickleby
Saracens,Smithfield,228,nicholas-nickleby
Saracens,Snow Hill,228,nicholas-nickleby
Saracens,Saracen,228,nicholas-nickleby
Saracens,St James,228,nicholas-nickleby
Saracens,Saracen,228,nicholas-nickleby
Saracens,Saracen,228,nicholas-nickleby
Mr.,Squeers,231,nicholas-nickleby
Squeers,Mr.,231,nicholas-nickleby
Richard,Mr. Squeers,247,nicholas-nickleby
Mr. Squeers,Richard,247,nicholas-nickleby
Post,Chronicle,253,nicholas-nickleby
Post,Herald,253,nicholas-nickleby
Post,Advertiser,253,nicholas-nickleby
Post,Dotheboys Hall,253,nicholas-nickleby
Post,Mr. Squeers,253,nicholas-nickleby
Post,Mr. Squeers,253,nicholas-nickleby
Chronicle,Post,253,nicholas-nickleby
Chronicle,Herald,253,nicholas-nickleby
Chronicle,Advertiser,253,nicholas-nickleby
Chronicle,Dotheboys Hall,253,nicholas-nickleby
Chronicle,Mr. Squeers,253,nicholas-nickleby
Chronicle,Mr. Squeers,253,nicholas-nickleby
Herald,Post,253,nicholas-nickleby
Herald,Chronicle,253,nicholas-nickleby
Herald,Advertiser,253,nicholas-nickleby
Herald,Dotheboys Hall,253,nicholas-nickleby
Herald,Mr. Squeers,253,nicholas-nickleby
Herald,Mr. Squeers,253,nicholas-nickleby
Advertiser,Post,253,nicholas-nickleby
Advertiser,Chronicle,253,nicholas-nickleby
Advertiser,Herald,253,nicholas-nickleby
Advertiser,Dotheboys Hall,253,nicholas-nickleby
Advertiser,Mr. Squeers,253,nicholas-nickleby
Advertiser,Mr. Squeers,253,nicholas-nickleby
Dotheboys Hall,Post,253,nicholas-nickleby
Dotheboys Hall,Chronicle,253,nicholas-nickleby
Dotheboys Hall,Herald,253,nicholas-nickleby
Dotheboys Hall,Advertiser,253,nicholas-nickleby
Dotheboys Hall,Mr. Squeers,253,nicholas-nickleby
Dotheboys Hall,Mr. Squeers,253,nicholas-nickleby
Mr. Squeers,Post,253,nicholas-nickleby
Mr. Squeers,Chronicle,253,nicholas-nickleby
Mr. Squeers,Herald,253,nicholas-nickleby
Mr. Squeers,Advertiser,253,nicholas-nickleby
Mr. Squeers,Dotheboys Hall,253,nicholas-nickleby
Mr. Squeers,Post,253,nicholas-nickleby
Mr. Squeers,Chronicle,253,nicholas-nickleby
Mr. Squeers,Herald,253,nicholas-nickleby
Mr. Squeers,Advertiser,253,nicholas-nickleby
Mr. Squeers,Dotheboys Hall,253,nicholas-nickleby
Mr. Squeers,Mr. Snawley,260,nicholas-nickleby
Mr. Snawley,Mr. Squeers,260,nicholas-nickleby
Yorkshire,Snawley,264,nicholas-nickleby
Snawley,Yorkshire,264,nicholas-nickleby
Snawley,Mr. Squeers,285,nicholas-nickleby
Mr. Squeers,Snawley,285,nicholas-nickleby
Mr. Snawley,Mr. Squeers,301,nicholas-nickleby
Mr. Squeers,Mr. Snawley,301,nicholas-nickleby
Ralph Nickleby,Nicholas,303,nicholas-nickleby
Nicholas,Ralph Nickleby,303,nicholas-nickleby
Ralph,Nicholas Nickleby,305,nicholas-nickleby
Nicholas Nickleby,Ralph,305,nicholas-nickleby
Mr. Snawley,Mr. Squeers,318,nicholas-nickleby
Mr. Squeers,Mr. Snawley,318,nicholas-nickleby
Ralph,Nicholas,337,nicholas-nickleby
Nicholas,Ralph,337,nicholas-nickleby
Squeers,Nicholas,338,nicholas-nickleby
Nicholas,Squeers,338,nicholas-nickleby
Nicholas,Mr. Squeers,340,nicholas-nickleby
Mr. Squeers,Nicholas,340,nicholas-nickleby
Squeers,Ralph,351,nicholas-nickleby
Ralph,Squeers,351,nicholas-nickleby
Mr. Wackford Squeers,Mr. Nicholas Nickleby,353,nicholas-nickleby
Mr. Nicholas Nickleby,Mr. Wackford Squeers,353,nicholas-nickleby
Mr. Nickleby,Wackford Squeers,354,nicholas-nickleby
Wackford Squeers,Mr. Nickleby,354,nicholas-nickleby
Nicholas,Porson,356,nicholas-nickleby
Nicholas,Doctor Johnson,356,nicholas-nickleby
Porson,Nicholas,356,nicholas-nickleby
Porson,Doctor Johnson,356,nicholas-nickleby
Doctor Johnson,Nicholas,356,nicholas-nickleby
Doctor Johnson,Porson,356,nicholas-nickleby
Mr. Nickleby,Squeers,357,nicholas-nickleby
Squeers,Mr. Nickleby,357,nicholas-nickleby
Nicholas,Saracen,360,nicholas-nickleby
Saracen,Nicholas,360,nicholas-nickleby
Golden Square,Mr. Noggs,367,nicholas-nickleby
Mr. Noggs,Golden Square,367,nicholas-nickleby
Nickleby,Nicholas,371,nicholas-nickleby
Nicholas,Nickleby,371,nicholas-nickleby
Newman,Nicholas,375,nicholas-nickleby
Nicholas,Newman,375,nicholas-nickleby
Nicholas,Newman Noggs,376,nicholas-nickleby
Newman Noggs,Nicholas,376,nicholas-nickleby
Nicholas,Mr. Noggs,378,nicholas-nickleby
Mr. Noggs,Nicholas,378,nicholas-nickleby
Noggs,Nicholas,379,nicholas-nickleby
Nicholas,Noggs,379,nicholas-nickleby
Nicholas,Dotheboys Hall,381,nicholas-nickleby
Dotheboys Hall,Nicholas,381,nicholas-nickleby
Nicholas,Newman Noggs,384,nicholas-nickleby
Newman Noggs,Nicholas,384,nicholas-nickleby
Nicholas Nickleby,Nicholas,388,nicholas-nickleby
Nicholas Nickleby,Kate,388,nicholas-nickleby
Nicholas,Nicholas Nickleby,388,nicholas-nickleby
Nicholas,Kate,388,nicholas-nickleby
Kate,Nicholas Nickleby,388,nicholas-nickleby
Kate,Nicholas,388,nicholas-nickleby
Hannah,Miss La Creevy,391,nicholas-nickleby
Miss La Creevy,Hannah,391,nicholas-nickleby
Miss La Creevy,Nicholas,392,nicholas-nickleby
Nicholas,Miss La Creevy,392,nicholas-nickleby
Miss La Creevy,Nickleby,393,nicholas-nickleby
Nickleby,Miss La Creevy,393,nicholas-nickleby
Nickleby,Miss La Creevy,401,nicholas-nickleby
Miss La Creevy,Nickleby,401,nicholas-nickleby
Miss La Creevy,Mr. Nickleby,403,nicholas-nickleby
Miss La Creevy,Nicholas,403,nicholas-nickleby
Mr. Nickleby,Miss La Creevy,403,nicholas-nickleby
Mr. Nickleby,Miss La Creevy,403,nicholas-nickleby
Mr. Nickleby,Nicholas,403,nicholas-nickleby
Miss La Creevy,Mr. Nickleby,403,nicholas-nickleby
Miss La Creevy,Nicholas,403,nicholas-nickleby
Nicholas,Miss La Creevy,403,nicholas-nickleby
Nicholas,Mr. Nickleby,403,nicholas-nickleby
Nicholas,Miss La Creevy,403,nicholas-nickleby
Nicholas,Miss La,406,nicholas-nickleby
Nicholas,Miss La Creevy,406,nicholas-nickleby
Miss La,Nicholas,406,nicholas-nickleby
Miss La,Miss La Creevy,406,nicholas-nickleby
Miss La Creevy,Nicholas,406,nicholas-nickleby
Miss La Creevy,Miss La,406,nicholas-nickleby
Nicholas,Saracen,408,nicholas-nickleby
Nicholas,Snow Hill,408,nicholas-nickleby
Nicholas,Mr. Squeers,408,nicholas-nickleby
Saracen,Nicholas,408,nicholas-nickleby
Saracen,Snow Hill,408,nicholas-nickleby
Saracen,Mr. Squeers,408,nicholas-nickleby
Snow Hill,Nicholas,408,nicholas-nickleby
Snow Hill,Saracen,408,nicholas-nickleby
Snow Hill,Mr. Squeers,408,nicholas-nickleby
Mr. Squeers,Nicholas,408,nicholas-nickleby
Mr. Squeers,Saracen,408,nicholas-nickleby
Mr. Squeers,Snow Hill,408,nicholas-nickleby
Mr. Squeers,William,412,nicholas-nickleby
William,Mr. Squeers,412,nicholas-nickleby
Mr. Squeers,Nicholas,416,nicholas-nickleby
Nicholas,Mr. Squeers,416,nicholas-nickleby
Mr. Nickleby,Squeers,417,nicholas-nickleby
Squeers,Mr. Nickleby,417,nicholas-nickleby
Nicholas,Mr. Squeers,418,nicholas-nickleby
Mr. Squeers,Nicholas,418,nicholas-nickleby
William,Squeers,419,nicholas-nickleby
Squeers,William,419,nicholas-nickleby
Squeers,Mr. Nickleby,425,nicholas-nickleby
Mr. Nickleby,Squeers,425,nicholas-nickleby
Nicholas,Mr. Squeers,426,nicholas-nickleby
Mr. Squeers,Nicholas,426,nicholas-nickleby
Nicholas,Mr. Squeers,432,nicholas-nickleby
Nicholas,Mr. Ralph Nickleby,432,nicholas-nickleby
Mr. Squeers,Nicholas,432,nicholas-nickleby
Mr. Squeers,Mr. Ralph Nickleby,432,nicholas-nickleby
Mr. Ralph Nickleby,Nicholas,432,nicholas-nickleby
Mr. Ralph Nickleby,Mr. Squeers,432,nicholas-nickleby
Nickleby,Squeers,440,nicholas-nickleby
Squeers,Nickleby,440,nicholas-nickleby
Ralph,Mr. Squeers,442,nicholas-nickleby
Mr. Squeers,Ralph,442,nicholas-nickleby
Ralph,Nicholas,444,nicholas-nickleby
Nicholas,Ralph,444,nicholas-nickleby
Kate Nickleby,Mr. Squeers,446,nicholas-nickleby
Mr. Squeers,Kate Nickleby,446,nicholas-nickleby
Nicholas,Mother,450,nicholas-nickleby
Nicholas,Uncle,450,nicholas-nickleby
Nicholas,Quite,450,nicholas-nickleby
Mother,Nicholas,450,nicholas-nickleby
Mother,Uncle,450,nicholas-nickleby
Mother,Quite,450,nicholas-nickleby
Uncle,Nicholas,450,nicholas-nickleby
Uncle,Mother,450,nicholas-nickleby
Uncle,Quite,450,nicholas-nickleby
Quite,Nicholas,450,nicholas-nickleby
Quite,Mother,450,nicholas-nickleby
Quite,Uncle,450,nicholas-nickleby
Nicholas,Newman Noggs,452,nicholas-nickleby
Newman Noggs,Nicholas,452,nicholas-nickleby
Noggs,Mr. Ralph Nickleby,454,nicholas-nickleby
Mr. Ralph Nickleby,Noggs,454,nicholas-nickleby
Nicholas,Newman Noggs,457,nicholas-nickleby
Newman Noggs,Nicholas,457,nicholas-nickleby
Mr. Nickleby,Snawley,461,nicholas-nickleby
Mr. Nickleby,Squeers,461,nicholas-nickleby
Snawley,Mr. Nickleby,461,nicholas-nickleby
Snawley,Squeers,461,nicholas-nickleby
Squeers,Mr. Nickleby,461,nicholas-nickleby
Squeers,Snawley,461,nicholas-nickleby
Nickleby,Squeers,465,nicholas-nickleby
Squeers,Nickleby,465,nicholas-nickleby
Mr. Squeers,Nicholas,476,nicholas-nickleby
Mr. Squeers,Nicholas,476,nicholas-nickleby
Nicholas,Mr. Squeers,476,nicholas-nickleby
Nicholas,Mr. Squeers,476,nicholas-nickleby
Nicholas,Mr. Squeers,477,nicholas-nickleby
Mr. Squeers,Nicholas,477,nicholas-nickleby
Hang,Dang,487,nicholas-nickleby
Dang,Hang,487,nicholas-nickleby
Mr. Nickleby,Squeers,495,nicholas-nickleby
Squeers,Mr. Nickleby,495,nicholas-nickleby
Mr. Squeers,Nicholas,501,nicholas-nickleby
Nicholas,Mr. Squeers,501,nicholas-nickleby
Alas,Heaven,539,nicholas-nickleby
Heaven,Alas,539,nicholas-nickleby
Barter,Nature,549,nicholas-nickleby
Nature,Barter,549,nicholas-nickleby
Baron Von Koeldwethout,German,593,nicholas-nickleby
German,Baron Von Koeldwethout,593,nicholas-nickleby
Nimrod,Baron Von Koeldwethout,598,nicholas-nickleby
Baron Von Koeldwethout,Nimrod,598,nicholas-nickleby
Baron Von Swillenhausen,Koeldwethout,603,nicholas-nickleby
Koeldwethout,Baron Von Swillenhausen,603,nicholas-nickleby
Baron Von Swillenhausen,Swillenhausen Castle,605,nicholas-nickleby
Swillenhausen Castle,Baron Von Swillenhausen,605,nicholas-nickleby
Lincoln,Baron Von Koeldwethout,606,nicholas-nickleby
Baron Von Koeldwethout,Lincoln,606,nicholas-nickleby
Times,Von Koeldwethout,623,nicholas-nickleby
Von Koeldwethout,Times,623,nicholas-nickleby
Nicholas,Mr. Squeers,690,nicholas-nickleby
Nicholas,Greta Bridge,690,nicholas-nickleby
Mr. Squeers,Nicholas,690,nicholas-nickleby
Mr. Squeers,Greta Bridge,690,nicholas-nickleby
Greta Bridge,Nicholas,690,nicholas-nickleby
Greta Bridge,Mr. Squeers,690,nicholas-nickleby
Mr.,Nicholas,694,nicholas-nickleby
Nicholas,Mr.,694,nicholas-nickleby
Squeers,Nickleby,695,nicholas-nickleby
Nickleby,Squeers,695,nicholas-nickleby
Dotheboys Hall,Nicholas,700,nicholas-nickleby
Nicholas,Dotheboys Hall,700,nicholas-nickleby
Mr. Squeers,Nicholas,717,nicholas-nickleby
Nicholas,Mr. Squeers,717,nicholas-nickleby
Nicholas,Mr. Squeers,722,nicholas-nickleby
Nicholas,Wackford Squeers,722,nicholas-nickleby
Nicholas,Esquire,722,nicholas-nickleby
Mr. Squeers,Nicholas,722,nicholas-nickleby
Mr. Squeers,Wackford Squeers,722,nicholas-nickleby
Mr. Squeers,Esquire,722,nicholas-nickleby
Wackford Squeers,Nicholas,722,nicholas-nickleby
Wackford Squeers,Mr. Squeers,722,nicholas-nickleby
Wackford Squeers,Esquire,722,nicholas-nickleby
Esquire,Nicholas,722,nicholas-nickleby
Esquire,Mr. Squeers,722,nicholas-nickleby
Esquire,Wackford Squeers,722,nicholas-nickleby
Nicholas,Mr. Squeers,734,nicholas-nickleby
Mr. Squeers,Nicholas,734,nicholas-nickleby
Mr. Squeers,Nicholas,740,nicholas-nickleby
Nicholas,Mr. Squeers,740,nicholas-nickleby
Mr. Squeers,Smike,741,nicholas-nickleby
Smike,Mr. Squeers,741,nicholas-nickleby
Mr.,Squeers,742,nicholas-nickleby
Mr.,Nicholas,742,nicholas-nickleby
Squeers,Mr.,742,nicholas-nickleby
Squeers,Nicholas,742,nicholas-nickleby
Nicholas,Mr.,742,nicholas-nickleby
Nicholas,Squeers,742,nicholas-nickleby
Heaven,Nicholas,743,nicholas-nickleby
Nicholas,Heaven,743,nicholas-nickleby
Squeery,Nicholas,765,nicholas-nickleby
Nicholas,Squeery,765,nicholas-nickleby
Mr.,Squeers,776,nicholas-nickleby
Mr.,Nicholas,776,nicholas-nickleby
Squeers,Mr.,776,nicholas-nickleby
Squeers,Mr.,776,nicholas-nickleby
Squeers,Nicholas,776,nicholas-nickleby
Mr.,Squeers,776,nicholas-nickleby
Mr.,Nicholas,776,nicholas-nickleby
Nicholas,Mr.,776,nicholas-nickleby
Nicholas,Squeers,776,nicholas-nickleby
Nicholas,Mr.,776,nicholas-nickleby
Mr. Squeers,Nicholas,777,nicholas-nickleby
Nicholas,Mr. Squeers,777,nicholas-nickleby
Nickelby,Squeers,778,nicholas-nickleby
Squeers,Nickelby,778,nicholas-nickleby
Nicholas,Squeers,785,nicholas-nickleby
Squeers,Nicholas,785,nicholas-nickleby
Mr.,Nicholas,788,nicholas-nickleby
Nicholas,Mr.,788,nicholas-nickleby
Golden Square,Silver Street,795,nicholas-nickleby
Golden Square,James Street,795,nicholas-nickleby
Silver Street,Golden Square,795,nicholas-nickleby
Silver Street,James Street,795,nicholas-nickleby
James Street,Golden Square,795,nicholas-nickleby
James Street,Silver Street,795,nicholas-nickleby
Barnard Castle,Mr. Noggs,798,nicholas-nickleby
Mr. Noggs,Barnard Castle,798,nicholas-nickleby
Nickleby,Mr. Squeers,804,nicholas-nickleby
Mr. Squeers,Nickleby,804,nicholas-nickleby
Nicholas,Mr. Squeers,807,nicholas-nickleby
Mr. Squeers,Nicholas,807,nicholas-nickleby
Mr. Squeers,Nicholas,823,nicholas-nickleby
Mr. Squeers,Squeers,823,nicholas-nickleby
Nicholas,Mr. Squeers,823,nicholas-nickleby
Nicholas,Mr. Squeers,823,nicholas-nickleby
Nicholas,Squeers,823,nicholas-nickleby
Nicholas,Mr. Squeers,823,nicholas-nickleby
Mr. Squeers,Nicholas,823,nicholas-nickleby
Mr. Squeers,Squeers,823,nicholas-nickleby
Squeers,Mr. Squeers,823,nicholas-nickleby
Squeers,Nicholas,823,nicholas-nickleby
Squeers,Mr. Squeers,823,nicholas-nickleby
Squeers,Mr. Squeers,823,nicholas-nickleby
Mr. Squeers,Nicholas,823,nicholas-nickleby
Mr. Squeers,Squeers,823,nicholas-nickleby
Smike,Mr. Squeers,824,nicholas-nickleby
Mr. Squeers,Smike,824,nicholas-nickleby
Mr. Squeers,Smike,824,nicholas-nickleby
Smike,Mr. Squeers,824,nicholas-nickleby
Nicholas,Squeers,828,nicholas-nickleby
Squeers,Nicholas,828,nicholas-nickleby
Nicholas,Mr. Squeers,837,nicholas-nickleby
Mr. Squeers,Nicholas,837,nicholas-nickleby
Nickleby,Squeers,846,nicholas-nickleby
Nickleby,Nicholas,846,nicholas-nickleby
Squeers,Nickleby,846,nicholas-nickleby
Squeers,Nicholas,846,nicholas-nickleby
Nicholas,Nickleby,846,nicholas-nickleby
Nicholas,Squeers,846,nicholas-nickleby
Squeers,Nickleby,854,nicholas-nickleby
Nickleby,Squeers,854,nicholas-nickleby
Mr.,Squeers,863,nicholas-nickleby
Squeers,Mr.,863,nicholas-nickleby
Mr. Squeer,Mr. Squeers,865,nicholas-nickleby
Mr. Squeer,Mr. Squeers,865,nicholas-nickleby
Mr. Squeers,Mr. Squeer,865,nicholas-nickleby
Mr. Squeers,Mr. Squeer,865,nicholas-nickleby
Squeers,Bolder,872,nicholas-nickleby
Bolder,Squeers,872,nicholas-nickleby
Bolder,Squeers,874,nicholas-nickleby
Squeers,Bolder,874,nicholas-nickleby
Squeers,Smike,882,nicholas-nickleby
Smike,Squeers,882,nicholas-nickleby
Squeers,Cobbey,884,nicholas-nickleby
Cobbey,Squeers,884,nicholas-nickleby
Squeers,Graymarsh,888,nicholas-nickleby
Graymarsh,Squeers,888,nicholas-nickleby
Squeers,Mr. Squeers,890,nicholas-nickleby
Squeers,Graymarsh,890,nicholas-nickleby
Squeers,Hopes,890,nicholas-nickleby
Squeers,Mr.,890,nicholas-nickleby
Squeers,Mrs Squeers,890,nicholas-nickleby
Mr. Squeers,Squeers,890,nicholas-nickleby
Mr. Squeers,Graymarsh,890,nicholas-nickleby
Mr. Squeers,Hopes,890,nicholas-nickleby
Mr. Squeers,Mr.,890,nicholas-nickleby
Mr. Squeers,Mrs Squeers,890,nicholas-nickleby
Mr. Squeers,Squeers,890,nicholas-nickleby
Graymarsh,Squeers,890,nicholas-nickleby
Graymarsh,Mr. Squeers,890,nicholas-nickleby
Graymarsh,Hopes,890,nicholas-nickleby
Graymarsh,Mr.,890,nicholas-nickleby
Graymarsh,Mrs Squeers,890,nicholas-nickleby
Graymarsh,Squeers,890,nicholas-nickleby
Hopes,Squeers,890,nicholas-nickleby
Hopes,Mr. Squeers,890,nicholas-nickleby
Hopes,Graymarsh,890,nicholas-nickleby
Hopes,Mr.,890,nicholas-nickleby
Hopes,Mrs Squeers,890,nicholas-nickleby
Hopes,Squeers,890,nicholas-nickleby
Mr.,Squeers,890,nicholas-nickleby
Mr.,Mr. Squeers,890,nicholas-nickleby
Mr.,Graymarsh,890,nicholas-nickleby
Mr.,Hopes,890,nicholas-nickleby
Mr.,Mrs Squeers,890,nicholas-nickleby
Mr.,Squeers,890,nicholas-nickleby
Mrs Squeers,Squeers,890,nicholas-nickleby
Mrs Squeers,Mr. Squeers,890,nicholas-nickleby
Mrs Squeers,Graymarsh,890,nicholas-nickleby
Mrs Squeers,Hopes,890,nicholas-nickleby
Mrs Squeers,Mr.,890,nicholas-nickleby
Mrs Squeers,Squeers,890,nicholas-nickleby
Squeers,Mr. Squeers,890,nicholas-nickleby
Squeers,Graymarsh,890,nicholas-nickleby
Squeers,Hopes,890,nicholas-nickleby
Squeers,Mr.,890,nicholas-nickleby
Squeers,Mrs Squeers,890,nicholas-nickleby
Squeers,Mr. Squeers,892,nicholas-nickleby
Squeers,Mobbs,892,nicholas-nickleby
Squeers,Mr. Squeers,892,nicholas-nickleby
Mr. Squeers,Squeers,892,nicholas-nickleby
Mr. Squeers,Mobbs,892,nicholas-nickleby
Mobbs,Squeers,892,nicholas-nickleby
Mobbs,Mr. Squeers,892,nicholas-nickleby
Mobbs,Mr. Squeers,892,nicholas-nickleby
Mr. Squeers,Squeers,892,nicholas-nickleby
Mr. Squeers,Mobbs,892,nicholas-nickleby
Squeers,Cheerfulness,893,nicholas-nickleby
Squeers,Mobbs,893,nicholas-nickleby
Cheerfulness,Squeers,893,nicholas-nickleby
Cheerfulness,Mobbs,893,nicholas-nickleby
Mobbs,Squeers,893,nicholas-nickleby
Mobbs,Cheerfulness,893,nicholas-nickleby
Nicholas,God,908,nicholas-nickleby
God,Nicholas,908,nicholas-nickleby
Master Squeers,Mr. Squeers,921,nicholas-nickleby
Master Squeers,Persons,921,nicholas-nickleby
Master Squeers,Nicholas Nickleby,921,nicholas-nickleby
Mr. Squeers,Master Squeers,921,nicholas-nickleby
Mr. Squeers,Persons,921,nicholas-nickleby
Mr. Squeers,Nicholas Nickleby,921,nicholas-nickleby
Persons,Master Squeers,921,nicholas-nickleby
Persons,Mr. Squeers,921,nicholas-nickleby
Persons,Nicholas Nickleby,921,nicholas-nickleby
Nicholas Nickleby,Master Squeers,921,nicholas-nickleby
Nicholas Nickleby,Mr. Squeers,921,nicholas-nickleby
Nicholas Nickleby,Persons,921,nicholas-nickleby
Mr. Squeers,Nicholas,922,nicholas-nickleby
Nicholas,Mr. Squeers,922,nicholas-nickleby
Miss Fanny Squeers,Miss Squeers,923,nicholas-nickleby
Miss Squeers,Miss Fanny Squeers,923,nicholas-nickleby
Miss,Squeers,924,nicholas-nickleby
Miss,Mr. Squeers,924,nicholas-nickleby
Squeers,Miss,924,nicholas-nickleby
Squeers,Mr. Squeers,924,nicholas-nickleby
Mr. Squeers,Miss,924,nicholas-nickleby
Mr. Squeers,Squeers,924,nicholas-nickleby
Squeers,Mrs Squeers,941,nicholas-nickleby
Mrs Squeers,Squeers,941,nicholas-nickleby
Miss,Fanny Squeers,963,nicholas-nickleby
Miss,Miss Squeers,963,nicholas-nickleby
Fanny Squeers,Miss,963,nicholas-nickleby
Fanny Squeers,Miss Squeers,963,nicholas-nickleby
Miss Squeers,Miss,963,nicholas-nickleby
Miss Squeers,Fanny Squeers,963,nicholas-nickleby
Nicholas,Miss Squeers,968,nicholas-nickleby
Miss Squeers,Nicholas,968,nicholas-nickleby
Miss,Squeers,971,nicholas-nickleby
Miss,Nicholas,971,nicholas-nickleby
Squeers,Miss,971,nicholas-nickleby
Squeers,Nicholas,971,nicholas-nickleby
Nicholas,Miss,971,nicholas-nickleby
Nicholas,Squeers,971,nicholas-nickleby
Miss Squeers,Nicholas,975,nicholas-nickleby
Miss Squeers,Nicholas,975,nicholas-nickleby
Nicholas,Miss Squeers,975,nicholas-nickleby
Nicholas,Miss Squeers,975,nicholas-nickleby
Miss Squeers,Nicholas Nickleby,983,nicholas-nickleby
Nicholas Nickleby,Miss Squeers,983,nicholas-nickleby
Nicholas,Miss Squeers,984,nicholas-nickleby
Nicholas,Miss Squeers,984,nicholas-nickleby
Nicholas,Miss Squeers,984,nicholas-nickleby
Nicholas,Dotheboys Hall,984,nicholas-nickleby
Nicholas,Miss Squeers,984,nicholas-nickleby
Miss Squeers,Nicholas,984,nicholas-nickleby
Miss Squeers,Nicholas,984,nicholas-nickleby
Miss Squeers,Dotheboys Hall,984,nicholas-nickleby
Miss Squeers,Nicholas,984,nicholas-nickleby
Miss Squeers,Nicholas,984,nicholas-nickleby
Miss Squeers,Dotheboys Hall,984,nicholas-nickleby
Nicholas,Miss Squeers,984,nicholas-nickleby
Nicholas,Miss Squeers,984,nicholas-nickleby
Nicholas,Miss Squeers,984,nicholas-nickleby
Nicholas,Dotheboys Hall,984,nicholas-nickleby
Nicholas,Miss Squeers,984,nicholas-nickleby
Miss Squeers,Nicholas,984,nicholas-nickleby
Miss Squeers,Nicholas,984,nicholas-nickleby
Miss Squeers,Dotheboys Hall,984,nicholas-nickleby
Dotheboys Hall,Nicholas,984,nicholas-nickleby
Dotheboys Hall,Miss Squeers,984,nicholas-nickleby
Dotheboys Hall,Miss Squeers,984,nicholas-nickleby
Dotheboys Hall,Nicholas,984,nicholas-nickleby
Dotheboys Hall,Miss Squeers,984,nicholas-nickleby
Dotheboys Hall,Miss Squeers,984,nicholas-nickleby
Miss Squeers,Nicholas,984,nicholas-nickleby
Miss Squeers,Nicholas,984,nicholas-nickleby
Miss Squeers,Dotheboys Hall,984,nicholas-nickleby
Miss,Nicholas,991,nicholas-nickleby
Nicholas,Miss,991,nicholas-nickleby
Miss Squeers,John,993,nicholas-nickleby
John,Miss Squeers,993,nicholas-nickleby
Squeers,Miss Squeers,996,nicholas-nickleby
Miss Squeers,Squeers,996,nicholas-nickleby
John,Miss Squeers,998,nicholas-nickleby
Miss Squeers,John,998,nicholas-nickleby
Miss Squeers,Nicholas,1012,nicholas-nickleby
Nicholas,Miss Squeers,1012,nicholas-nickleby
Tilda,Miss Squeers,1014,nicholas-nickleby
Tilda,Miss Squeers,1014,nicholas-nickleby
Miss Squeers,Tilda,1014,nicholas-nickleby
Miss Squeers,Tilda,1014,nicholas-nickleby
John,Miss Matilda,1018,nicholas-nickleby
Miss Matilda,John,1018,nicholas-nickleby
Nickleby,Mr. John Browdie,1020,nicholas-nickleby
Mr. John Browdie,Nickleby,1020,nicholas-nickleby
Mr.,Browdie,1023,nicholas-nickleby
Browdie,Mr.,1023,nicholas-nickleby
Miss,Squeers,1025,nicholas-nickleby
Squeers,Miss,1025,nicholas-nickleby
Mr.,Browdie,1026,nicholas-nickleby
Mr.,Nicholas,1026,nicholas-nickleby
Browdie,Mr.,1026,nicholas-nickleby
Browdie,Nicholas,1026,nicholas-nickleby
Nicholas,Mr.,1026,nicholas-nickleby
Nicholas,Browdie,1026,nicholas-nickleby
Browdie,Nicholas,1032,nicholas-nickleby
Nicholas,Browdie,1032,nicholas-nickleby
John,Miss Price,1033,nicholas-nickleby
Miss Price,John,1033,nicholas-nickleby
Miss Squeers,Nicholas,1035,nicholas-nickleby
Miss Squeers,John Browdie,1035,nicholas-nickleby
Nicholas,Miss Squeers,1035,nicholas-nickleby
Nicholas,John Browdie,1035,nicholas-nickleby
Nicholas,Miss Squeers,1035,nicholas-nickleby
John Browdie,Miss Squeers,1035,nicholas-nickleby
John Browdie,Nicholas,1035,nicholas-nickleby
John Browdie,Miss Squeers,1035,nicholas-nickleby
Miss Squeers,Nicholas,1035,nicholas-nickleby
Miss Squeers,John Browdie,1035,nicholas-nickleby
Fanny,Miss Price,1036,nicholas-nickleby
Miss Price,Fanny,1036,nicholas-nickleby
Miss Price,Nickleby,1038,nicholas-nickleby
Nickleby,Miss Price,1038,nicholas-nickleby
Miss Price,Shall John,1040,nicholas-nickleby
Shall John,Miss Price,1040,nicholas-nickleby
Miss Price,Nicholas,1048,nicholas-nickleby
Miss Price,Fanny,1048,nicholas-nickleby
Nicholas,Miss Price,1048,nicholas-nickleby
Nicholas,Fanny,1048,nicholas-nickleby
Fanny,Miss Price,1048,nicholas-nickleby
Fanny,Nicholas,1048,nicholas-nickleby
Miss Squeers,Miss,1049,nicholas-nickleby
Miss,Miss Squeers,1049,nicholas-nickleby
Nicholas,Miss Price,1052,nicholas-nickleby
Miss Price,Nicholas,1052,nicholas-nickleby
Browdie,Miss Squeers,1053,nicholas-nickleby
Miss Squeers,Browdie,1053,nicholas-nickleby
Tilda HAS,Miss Squeers,1057,nicholas-nickleby
Miss Squeers,Tilda HAS,1057,nicholas-nickleby
Miss Price,Nicholas Nickleby,1070,nicholas-nickleby
Nicholas Nickleby,Miss Price,1070,nicholas-nickleby
Miss Squeers,Mr. Browdie,1072,nicholas-nickleby
Mr. Browdie,Miss Squeers,1072,nicholas-nickleby
Miss Squeers,Miss Price,1082,nicholas-nickleby
Miss Squeers,Nicholas,1082,nicholas-nickleby
Miss Price,Miss Squeers,1082,nicholas-nickleby
Miss Price,Nicholas,1082,nicholas-nickleby
Miss Price,Miss Squeers,1082,nicholas-nickleby
Nicholas,Miss Squeers,1082,nicholas-nickleby
Nicholas,Miss Price,1082,nicholas-nickleby
Nicholas,Miss Squeers,1082,nicholas-nickleby
Miss Squeers,Miss Price,1082,nicholas-nickleby
Miss Squeers,Nicholas,1082,nicholas-nickleby
Fanny,Miss Price,1083,nicholas-nickleby
Miss Price,Fanny,1083,nicholas-nickleby
Miss,Miss Price,1090,nicholas-nickleby
Miss,Miss Squeers,1090,nicholas-nickleby
Miss,Miss Price,1090,nicholas-nickleby
Miss Price,Miss,1090,nicholas-nickleby
Miss Price,Miss Squeers,1090,nicholas-nickleby
Miss Squeers,Miss,1090,nicholas-nickleby
Miss Squeers,Miss Price,1090,nicholas-nickleby
Miss Squeers,Miss Price,1090,nicholas-nickleby
Miss Price,Miss,1090,nicholas-nickleby
Miss Price,Miss Squeers,1090,nicholas-nickleby
Tilda,Miss Squeers,1091,nicholas-nickleby
Miss Squeers,Tilda,1091,nicholas-nickleby
Minx,Miss Squeers,1093,nicholas-nickleby
Miss Squeers,Minx,1093,nicholas-nickleby
Miss Price,Nicholas,1095,nicholas-nickleby
Nicholas,Miss Price,1095,nicholas-nickleby
Miss Squeers,Nicholas,1096,nicholas-nickleby
Nicholas,Miss Squeers,1096,nicholas-nickleby
Nicholas,Miss Squeers,1096,nicholas-nickleby
Miss Squeers,Nicholas,1096,nicholas-nickleby
Creevy,Miss La Creevy,1104,nicholas-nickleby
Creevy,Miss La Creevy,1104,nicholas-nickleby
Miss La Creevy,Creevy,1104,nicholas-nickleby
Miss La Creevy,Creevy,1104,nicholas-nickleby
Kate,Miss La Creevy,1116,nicholas-nickleby
Miss La Creevy,Kate,1116,nicholas-nickleby
Miss La Creevy,Miss Nickleby,1121,nicholas-nickleby
Miss Nickleby,Miss La Creevy,1121,nicholas-nickleby
Miss La Creevy,Ralph,1136,nicholas-nickleby
Ralph,Miss La Creevy,1136,nicholas-nickleby
Mr. Nickleby,Miss La Creevy,1144,nicholas-nickleby
Miss La Creevy,Mr. Nickleby,1144,nicholas-nickleby
Ralph,Work,1147,nicholas-nickleby
Work,Ralph,1147,nicholas-nickleby
Mr. Ralph Nickleby,Miss La Creevy,1150,nicholas-nickleby
Mr. Ralph Nickleby,Nickleby,1150,nicholas-nickleby
Mr. Ralph Nickleby,Ralph,1150,nicholas-nickleby
Miss La Creevy,Mr. Ralph Nickleby,1150,nicholas-nickleby
Miss La Creevy,Nickleby,1150,nicholas-nickleby
Miss La Creevy,Ralph,1150,nicholas-nickleby
Nickleby,Mr. Ralph Nickleby,1150,nicholas-nickleby
Nickleby,Miss La Creevy,1150,nicholas-nickleby
Nickleby,Ralph,1150,nicholas-nickleby
Ralph,Mr. Ralph Nickleby,1150,nicholas-nickleby
Ralph,Miss La Creevy,1150,nicholas-nickleby
Ralph,Nickleby,1150,nicholas-nickleby
Nicholas,Kate,1152,nicholas-nickleby
Kate,Nicholas,1152,nicholas-nickleby
Ralph,Nickleby,1161,nicholas-nickleby
Nickleby,Ralph,1161,nicholas-nickleby
Nickleby,Ralph,1170,nicholas-nickleby
Ralph,Nickleby,1170,nicholas-nickleby
Ralph,Madame Mantalini,1173,nicholas-nickleby
Ralph,Cavendish Square,1173,nicholas-nickleby
Madame Mantalini,Ralph,1173,nicholas-nickleby
Madame Mantalini,Cavendish Square,1173,nicholas-nickleby
Cavendish Square,Ralph,1173,nicholas-nickleby
Cavendish Square,Madame Mantalini,1173,nicholas-nickleby
Kate,Nickleby,1176,nicholas-nickleby
Nickleby,Kate,1176,nicholas-nickleby
Kate,Ralph,1197,nicholas-nickleby
Kate,Madame Mantalini,1197,nicholas-nickleby
Kate,Madame Mantalini,1197,nicholas-nickleby
Ralph,Kate,1197,nicholas-nickleby
Ralph,Madame Mantalini,1197,nicholas-nickleby
Ralph,Madame Mantalini,1197,nicholas-nickleby
Madame Mantalini,Kate,1197,nicholas-nickleby
Madame Mantalini,Ralph,1197,nicholas-nickleby
Madame Mantalini,Kate,1197,nicholas-nickleby
Madame Mantalini,Ralph,1197,nicholas-nickleby
Ralph,Madame Mantalini,1198,nicholas-nickleby
Madame Mantalini,Ralph,1198,nicholas-nickleby
Miss Nickleby,Nickleby,1208,nicholas-nickleby
Nickleby,Miss Nickleby,1208,nicholas-nickleby
Ralph,Madame Mantalini,1211,nicholas-nickleby
Madame Mantalini,Ralph,1211,nicholas-nickleby
Mr. Nickleby,Madame Mantalini,1214,nicholas-nickleby
Madame Mantalini,Mr. Nickleby,1214,nicholas-nickleby
Mr. Mantalini,Madame Mantalini,1221,nicholas-nickleby
Mr. Mantalini,Madame Mantalini,1221,nicholas-nickleby
Mr. Mantalini,Madame Mantalini,1221,nicholas-nickleby
Mr. Mantalini,Madame Mantalini,1221,nicholas-nickleby
Madame Mantalini,Mr. Mantalini,1221,nicholas-nickleby
Madame Mantalini,Mr. Mantalini,1221,nicholas-nickleby
Madame Mantalini,Mr. Mantalini,1221,nicholas-nickleby
Madame Mantalini,Mr. Mantalini,1221,nicholas-nickleby
Madame Mantalini,Mr. Mantalini,1221,nicholas-nickleby
Madame Mantalini,Mr. Mantalini,1221,nicholas-nickleby
Mr. Mantalini,Madame Mantalini,1221,nicholas-nickleby
Mr. Mantalini,Madame Mantalini,1221,nicholas-nickleby
Mr. Nickleby,Madame Mantalini,1223,nicholas-nickleby
Madame Mantalini,Mr. Nickleby,1223,nicholas-nickleby
Miss,Nickleby,1226,nicholas-nickleby
Nickleby,Miss,1226,nicholas-nickleby
Ralph,Mr. Mantalini,1236,nicholas-nickleby
Mr. Mantalini,Ralph,1236,nicholas-nickleby
Mr. Mantalini,Miss Nickleby,1237,nicholas-nickleby
Miss Nickleby,Mr. Mantalini,1237,nicholas-nickleby
Mantalini,Madame,1239,nicholas-nickleby
Madame,Mantalini,1239,nicholas-nickleby
Madame Mantalini,Miss Knag,1246,nicholas-nickleby
Madame Mantalini,Nickleby,1246,nicholas-nickleby
Miss Knag,Madame Mantalini,1246,nicholas-nickleby
Miss Knag,Nickleby,1246,nicholas-nickleby
Nickleby,Madame Mantalini,1246,nicholas-nickleby
Nickleby,Miss Knag,1246,nicholas-nickleby
Ralph,Madame Mantalini,1248,nicholas-nickleby
Ralph,Mr. Mantalini,1248,nicholas-nickleby
Madame Mantalini,Ralph,1248,nicholas-nickleby
Madame Mantalini,Mr. Mantalini,1248,nicholas-nickleby
Mr. Mantalini,Ralph,1248,nicholas-nickleby
Mr. Mantalini,Madame Mantalini,1248,nicholas-nickleby
Ralph,Goodbye,1257,nicholas-nickleby
Goodbye,Ralph,1257,nicholas-nickleby
Ralph,Kate,1258,nicholas-nickleby
Kate,Ralph,1258,nicholas-nickleby
Miss,Nickleby,1262,nicholas-nickleby
Miss,Madame Mantalini,1262,nicholas-nickleby
Nickleby,Miss,1262,nicholas-nickleby
Nickleby,Madame Mantalini,1262,nicholas-nickleby
Madame Mantalini,Miss,1262,nicholas-nickleby
Madame Mantalini,Nickleby,1262,nicholas-nickleby
Kate,Miss La Creevy,1263,nicholas-nickleby
Kate,Mr. Nickleby,1263,nicholas-nickleby
Miss La Creevy,Kate,1263,nicholas-nickleby
Miss La Creevy,Mr. Nickleby,1263,nicholas-nickleby
Mr. Nickleby,Kate,1263,nicholas-nickleby
Mr. Nickleby,Miss La Creevy,1263,nicholas-nickleby
Kate,Nickleby,1269,nicholas-nickleby
Nickleby,Kate,1269,nicholas-nickleby
Gog,Magog,1272,nicholas-nickleby
Magog,Gog,1272,nicholas-nickleby
Mr. Ralph Nickleby,Newman,1274,nicholas-nickleby
Newman,Mr. Ralph Nickleby,1274,nicholas-nickleby
Mr. Noggs,Mrs Nickleby,1285,nicholas-nickleby
Mrs Nickleby,Mr. Noggs,1285,nicholas-nickleby
Nickleby,Mr. Noggs,1294,nicholas-nickleby
Nickleby,Newman,1294,nicholas-nickleby
Mr. Noggs,Nickleby,1294,nicholas-nickleby
Mr. Noggs,Newman,1294,nicholas-nickleby
Mr. Noggs,Nickleby,1294,nicholas-nickleby
Newman,Nickleby,1294,nicholas-nickleby
Newman,Mr. Noggs,1294,nicholas-nickleby
Newman,Nickleby,1294,nicholas-nickleby
Nickleby,Mr. Noggs,1294,nicholas-nickleby
Nickleby,Newman,1294,nicholas-nickleby
Miss La Creevy,Nickleby,1301,nicholas-nickleby
Nickleby,Miss La Creevy,1301,nicholas-nickleby
Noggs,Ralph Nickleby,1305,nicholas-nickleby
Noggs,Nickleby,1305,nicholas-nickleby
Ralph Nickleby,Noggs,1305,nicholas-nickleby
Ralph Nickleby,Nickleby,1305,nicholas-nickleby
Nickleby,Noggs,1305,nicholas-nickleby
Nickleby,Ralph Nickleby,1305,nicholas-nickleby
Mr. Noggs,Mrs Nickleby,1309,nicholas-nickleby
Mrs Nickleby,Mr. Noggs,1309,nicholas-nickleby
Kate,Newman,1310,nicholas-nickleby
Newman,Kate,1310,nicholas-nickleby
Miss,Squeers,1322,nicholas-nickleby
Squeers,Miss,1322,nicholas-nickleby
Phib,Miss Squeers,1324,nicholas-nickleby
Miss Squeers,Phib,1324,nicholas-nickleby
Phib,Miss Squeers,1330,nicholas-nickleby
Phib,Tilda,1330,nicholas-nickleby
Miss Squeers,Phib,1330,nicholas-nickleby
Miss Squeers,Tilda,1330,nicholas-nickleby
Tilda,Phib,1330,nicholas-nickleby
Tilda,Miss Squeers,1330,nicholas-nickleby
Phib,Miss Squeers,1334,nicholas-nickleby
Miss Squeers,Phib,1334,nicholas-nickleby
John Browdie,Miss Price,1339,nicholas-nickleby
John Browdie,Miss Squeers,1339,nicholas-nickleby
Miss Price,John Browdie,1339,nicholas-nickleby
Miss Price,Miss Squeers,1339,nicholas-nickleby
Miss Squeers,John Browdie,1339,nicholas-nickleby
Miss Squeers,Miss Price,1339,nicholas-nickleby
Miss Squeers,Phib,1344,nicholas-nickleby
Miss Squeers,Mr. Browdie,1344,nicholas-nickleby
Phib,Miss Squeers,1344,nicholas-nickleby
Phib,Mr. Browdie,1344,nicholas-nickleby
Mr. Browdie,Miss Squeers,1344,nicholas-nickleby
Mr. Browdie,Phib,1344,nicholas-nickleby
Miss Squeers,Miss Price,1346,nicholas-nickleby
Miss Squeers,Nay,1346,nicholas-nickleby
Miss Squeers,John Browdie,1346,nicholas-nickleby
Miss Price,Miss Squeers,1346,nicholas-nickleby
Miss Price,Nay,1346,nicholas-nickleby
Miss Price,Miss Squeers,1346,nicholas-nickleby
Miss Price,John Browdie,1346,nicholas-nickleby
Nay,Miss Squeers,1346,nicholas-nickleby
Nay,Miss Price,1346,nicholas-nickleby
Nay,Miss Squeers,1346,nicholas-nickleby
Nay,John Browdie,1346,nicholas-nickleby
Miss Squeers,Miss Price,1346,nicholas-nickleby
Miss Squeers,Nay,1346,nicholas-nickleby
Miss Squeers,John Browdie,1346,nicholas-nickleby
John Browdie,Miss Squeers,1346,nicholas-nickleby
John Browdie,Miss Price,1346,nicholas-nickleby
John Browdie,Nay,1346,nicholas-nickleby
John Browdie,Miss Squeers,1346,nicholas-nickleby
Fanny,Miss Price,1350,nicholas-nickleby
Miss Price,Fanny,1350,nicholas-nickleby
Miss Price,John,1352,nicholas-nickleby
John,Miss Price,1352,nicholas-nickleby
Miss Price,John,1356,nicholas-nickleby
John,Miss Price,1356,nicholas-nickleby
Nicholas,Miss Squeers,1357,nicholas-nickleby
Miss Squeers,Nicholas,1357,nicholas-nickleby
Fanny,Miss Price,1358,nicholas-nickleby
Fanny,Nickleby,1358,nicholas-nickleby
Miss Price,Fanny,1358,nicholas-nickleby
Miss Price,Nickleby,1358,nicholas-nickleby
Nickleby,Fanny,1358,nicholas-nickleby
Nickleby,Miss Price,1358,nicholas-nickleby
Miss Price,Miss Squeers,1372,nicholas-nickleby
Miss Price,Miss Squeers,1372,nicholas-nickleby
Miss Price,Miss Squeers,1372,nicholas-nickleby
Miss Squeers,Miss Price,1372,nicholas-nickleby
Miss Squeers,Miss Price,1372,nicholas-nickleby
Miss Price,Miss Squeers,1372,nicholas-nickleby
Miss Price,Miss Squeers,1372,nicholas-nickleby
Miss Price,Miss Squeers,1372,nicholas-nickleby
Miss Squeers,Miss Price,1372,nicholas-nickleby
Miss Squeers,Miss Price,1372,nicholas-nickleby
Miss Squeers,Miss Price,1372,nicholas-nickleby
Miss Squeers,Miss Price,1372,nicholas-nickleby
Mr. Squeers,Nicholas,1373,nicholas-nickleby
Nicholas,Mr. Squeers,1373,nicholas-nickleby
Miss Squeers,Nicholas,1376,nicholas-nickleby
Nicholas,Miss Squeers,1376,nicholas-nickleby
Mr. Nickleby,Nicholas,1379,nicholas-nickleby
Nicholas,Mr. Nickleby,1379,nicholas-nickleby
Mr.,Nickleby,1380,nicholas-nickleby
Nickleby,Mr.,1380,nicholas-nickleby
Miss Squeers,Mr. Nickleby,1382,nicholas-nickleby
Mr. Nickleby,Miss Squeers,1382,nicholas-nickleby
Miss Price,Nicholas,1392,nicholas-nickleby
Nicholas,Miss Price,1392,nicholas-nickleby
Nicholas,Miss Squeers,1393,nicholas-nickleby
Miss Squeers,Nicholas,1393,nicholas-nickleby
Miss Squeers,Answer,1394,nicholas-nickleby
Answer,Miss Squeers,1394,nicholas-nickleby
Mr. Nickleby,Miss Squeers,1398,nicholas-nickleby
Miss Squeers,Mr. Nickleby,1398,nicholas-nickleby
Nicholas,Miss Squeers,1402,nicholas-nickleby
Nicholas,Mr. Nickleby,1402,nicholas-nickleby
Nicholas,Miss Squeers,1402,nicholas-nickleby
Nicholas,Mr. Nickleby,1402,nicholas-nickleby
Miss Squeers,Nicholas,1402,nicholas-nickleby
Miss Squeers,Nicholas,1402,nicholas-nickleby
Miss Squeers,Mr. Nickleby,1402,nicholas-nickleby
Mr. Nickleby,Nicholas,1402,nicholas-nickleby
Mr. Nickleby,Nicholas,1402,nicholas-nickleby
Mr. Nickleby,Miss Squeers,1402,nicholas-nickleby
Miss Squeers,Nicholas Nickleby,1403,nicholas-nickleby
Miss Squeers,Nicholas,1403,nicholas-nickleby
Miss Squeers,Nicholas,1403,nicholas-nickleby
Nicholas Nickleby,Miss Squeers,1403,nicholas-nickleby
Nicholas Nickleby,Miss Squeers,1403,nicholas-nickleby
Nicholas Nickleby,Nicholas,1403,nicholas-nickleby
Nicholas Nickleby,Nicholas,1403,nicholas-nickleby
Nicholas Nickleby,Miss Squeers,1403,nicholas-nickleby
Miss Squeers,Nicholas Nickleby,1403,nicholas-nickleby
Miss Squeers,Nicholas,1403,nicholas-nickleby
Miss Squeers,Nicholas,1403,nicholas-nickleby
Nicholas,Miss Squeers,1403,nicholas-nickleby
Nicholas,Nicholas Nickleby,1403,nicholas-nickleby
Nicholas,Miss Squeers,1403,nicholas-nickleby
Nicholas,Miss Squeers,1403,nicholas-nickleby
Nicholas,Miss Squeers,1403,nicholas-nickleby
Nicholas,Nicholas Nickleby,1403,nicholas-nickleby
Nicholas,Miss Squeers,1403,nicholas-nickleby
Nicholas,Miss Squeers,1403,nicholas-nickleby
Miss Squeers,Nicholas Nickleby,1403,nicholas-nickleby
Miss Squeers,Nicholas,1403,nicholas-nickleby
Miss Squeers,Nicholas,1403,nicholas-nickleby
Miss Squeers,Nicholas,1405,nicholas-nickleby
Nicholas,Miss Squeers,1405,nicholas-nickleby
Smike,Nicholas,1407,nicholas-nickleby
Nicholas,Smike,1407,nicholas-nickleby
Nicholas,Drudgery,1408,nicholas-nickleby
Nicholas,Smike,1408,nicholas-nickleby
Nicholas,Buffetings,1408,nicholas-nickleby
Nicholas,Squeers,1408,nicholas-nickleby
Nicholas,Smike,1408,nicholas-nickleby
Drudgery,Nicholas,1408,nicholas-nickleby
Drudgery,Smike,1408,nicholas-nickleby
Drudgery,Buffetings,1408,nicholas-nickleby
Drudgery,Squeers,1408,nicholas-nickleby
Drudgery,Smike,1408,nicholas-nickleby
Smike,Nicholas,1408,nicholas-nickleby
Smike,Drudgery,1408,nicholas-nickleby
Smike,Buffetings,1408,nicholas-nickleby
Smike,Squeers,1408,nicholas-nickleby
Buffetings,Nicholas,1408,nicholas-nickleby
Buffetings,Drudgery,1408,nicholas-nickleby
Buffetings,Smike,1408,nicholas-nickleby
Buffetings,Squeers,1408,nicholas-nickleby
Buffetings,Smike,1408,nicholas-nickleby
Squeers,Nicholas,1408,nicholas-nickleby
Squeers,Drudgery,1408,nicholas-nickleby
Squeers,Smike,1408,nicholas-nickleby
Squeers,Buffetings,1408,nicholas-nickleby
Squeers,Smike,1408,nicholas-nickleby
Smike,Nicholas,1408,nicholas-nickleby
Smike,Drudgery,1408,nicholas-nickleby
Smike,Buffetings,1408,nicholas-nickleby
Smike,Squeers,1408,nicholas-nickleby
God,Nicholas,1415,nicholas-nickleby
Nicholas,God,1415,nicholas-nickleby
Squeers,Smike,1443,nicholas-nickleby
Smike,Squeers,1443,nicholas-nickleby
Squeers,Smike,1469,nicholas-nickleby
Smike,Squeers,1469,nicholas-nickleby
Nickleby,Squeers,1471,nicholas-nickleby
Squeers,Nickleby,1471,nicholas-nickleby
Squeers,Smike,1481,nicholas-nickleby
Smike,Squeers,1481,nicholas-nickleby
Nicholas,Death,1500,nicholas-nickleby
Nicholas,Squeers,1500,nicholas-nickleby
Death,Nicholas,1500,nicholas-nickleby
Death,Squeers,1500,nicholas-nickleby
Squeers,Nicholas,1500,nicholas-nickleby
Squeers,Death,1500,nicholas-nickleby
Squeers,Mr. Puppy,1507,nicholas-nickleby
Mr. Puppy,Squeers,1507,nicholas-nickleby
Nicholas,Master Squeers,1508,nicholas-nickleby
Nicholas,Mr. Squeers,1508,nicholas-nickleby
Master Squeers,Nicholas,1508,nicholas-nickleby
Master Squeers,Nicholas,1508,nicholas-nickleby
Master Squeers,Mr. Squeers,1508,nicholas-nickleby
Nicholas,Master Squeers,1508,nicholas-nickleby
Nicholas,Mr. Squeers,1508,nicholas-nickleby
Mr. Squeers,Nicholas,1508,nicholas-nickleby
Mr. Squeers,Master Squeers,1508,nicholas-nickleby
Mr. Squeers,Nicholas,1508,nicholas-nickleby
Squeers,Smike,1512,nicholas-nickleby
Squeers,Mr. Squeers,1512,nicholas-nickleby
Smike,Squeers,1512,nicholas-nickleby
Smike,Mr. Squeers,1512,nicholas-nickleby
Mr. Squeers,Squeers,1512,nicholas-nickleby
Mr. Squeers,Smike,1512,nicholas-nickleby
Smike,Squeers,1514,nicholas-nickleby
Squeers,Smike,1514,nicholas-nickleby
Squeers,Nicholas,1544,nicholas-nickleby
Nicholas,Squeers,1544,nicholas-nickleby
Master Squeers,Miss Squeers,1545,nicholas-nickleby
Miss Squeers,Master Squeers,1545,nicholas-nickleby
Squeers,Nicholas,1547,nicholas-nickleby
Squeers,Smike,1547,nicholas-nickleby
Nicholas,Squeers,1547,nicholas-nickleby
Nicholas,Smike,1547,nicholas-nickleby
Smike,Squeers,1547,nicholas-nickleby
Smike,Nicholas,1547,nicholas-nickleby
John Browdie,Nicholas,1552,nicholas-nickleby
Nicholas,John Browdie,1552,nicholas-nickleby
John Browdie,Nicholas,1561,nicholas-nickleby
Nicholas,John Browdie,1561,nicholas-nickleby
John Browdie,Giv,1563,nicholas-nickleby
Giv,John Browdie,1563,nicholas-nickleby
John Browdie,Nicholas,1564,nicholas-nickleby
John Browdie,Nicholas,1564,nicholas-nickleby
Nicholas,John Browdie,1564,nicholas-nickleby
Nicholas,John Browdie,1564,nicholas-nickleby
John,Browdie,1570,nicholas-nickleby
John,Nicholas,1570,nicholas-nickleby
Browdie,John,1570,nicholas-nickleby
Browdie,Nicholas,1570,nicholas-nickleby
Nicholas,John,1570,nicholas-nickleby
Nicholas,Browdie,1570,nicholas-nickleby
Nicholas,John Browdie,1574,nicholas-nickleby
John Browdie,Nicholas,1574,nicholas-nickleby
John Browdie,Nicholas,1574,nicholas-nickleby
Nicholas,John Browdie,1574,nicholas-nickleby
Mr. Crowl,Newman,1601,nicholas-nickleby
Newman,Mr. Crowl,1601,nicholas-nickleby
Noggs,Mr. Crowl,1604,nicholas-nickleby
Mr. Crowl,Noggs,1604,nicholas-nickleby
Mr. Crowl,Noggs,1604,nicholas-nickleby
Noggs,Mr. Crowl,1604,nicholas-nickleby
Crowl,Kenwigs,1609,nicholas-nickleby
Kenwigs,Crowl,1609,nicholas-nickleby
Mr. Crowl,Newman Nogg,1612,nicholas-nickleby
Newman Nogg,Mr. Crowl,1612,nicholas-nickleby
Crowl,Kenwigses,1613,nicholas-nickleby
Crowl,Mr. Kenwigs,1613,nicholas-nickleby
Crowl,Kenwigs,1613,nicholas-nickleby
Crowl,Kenwigs,1613,nicholas-nickleby
Kenwigses,Crowl,1613,nicholas-nickleby
Kenwigses,Mr. Kenwigs,1613,nicholas-nickleby
Kenwigses,Kenwigs,1613,nicholas-nickleby
Kenwigses,Kenwigs,1613,nicholas-nickleby
Mr. Kenwigs,Crowl,1613,nicholas-nickleby
Mr. Kenwigs,Kenwigses,1613,nicholas-nickleby
Mr. Kenwigs,Kenwigs,1613,nicholas-nickleby
Mr. Kenwigs,Kenwigs,1613,nicholas-nickleby
Kenwigs,Crowl,1613,nicholas-nickleby
Kenwigs,Kenwigses,1613,nicholas-nickleby
Kenwigs,Mr. Kenwigs,1613,nicholas-nickleby
Kenwigs,Crowl,1613,nicholas-nickleby
Kenwigs,Kenwigses,1613,nicholas-nickleby
Kenwigs,Mr. Kenwigs,1613,nicholas-nickleby
Mr. Kenwigs,Kenwigs,1614,nicholas-nickleby
Kenwigs,Mr. Kenwigs,1614,nicholas-nickleby
Kenwigs,Mr. Kenwigs,1614,nicholas-nickleby
Mr. Kenwigs,Kenwigs,1614,nicholas-nickleby
Mr. Kenwigs,Kenwigs,1616,nicholas-nickleby
Mr. Kenwigs,Kenwigs,1616,nicholas-nickleby
Mr. Kenwigs,Mr.,1616,nicholas-nickleby
Mr. Kenwigs,Kenwigs,1616,nicholas-nickleby
Mr. Kenwigs,Mr. Noggs,1616,nicholas-nickleby
Mr. Kenwigs,Kenwigs,1616,nicholas-nickleby
Mr. Kenwigs,Mrs Kenwigs,1616,nicholas-nickleby
Kenwigs,Mr. Kenwigs,1616,nicholas-nickleby
Kenwigs,Mr. Kenwigs,1616,nicholas-nickleby
Kenwigs,Mr.,1616,nicholas-nickleby
Kenwigs,Mr. Noggs,1616,nicholas-nickleby
Kenwigs,Mrs Kenwigs,1616,nicholas-nickleby
Kenwigs,Mr. Kenwigs,1616,nicholas-nickleby
Kenwigs,Mr. Kenwigs,1616,nicholas-nickleby
Kenwigs,Mr.,1616,nicholas-nickleby
Kenwigs,Mr. Noggs,1616,nicholas-nickleby
Kenwigs,Mrs Kenwigs,1616,nicholas-nickleby
Mr. Kenwigs,Kenwigs,1616,nicholas-nickleby
Mr. Kenwigs,Kenwigs,1616,nicholas-nickleby
Mr. Kenwigs,Mr.,1616,nicholas-nickleby
Mr. Kenwigs,Kenwigs,1616,nicholas-nickleby
Mr. Kenwigs,Mr. Noggs,1616,nicholas-nickleby
Mr. Kenwigs,Kenwigs,1616,nicholas-nickleby
Mr. Kenwigs,Mrs Kenwigs,1616,nicholas-nickleby
Mr.,Mr. Kenwigs,1616,nicholas-nickleby
Mr.,Kenwigs,1616,nicholas-nickleby
Mr.,Kenwigs,1616,nicholas-nickleby
Mr.,Mr. Kenwigs,1616,nicholas-nickleby
Mr.,Kenwigs,1616,nicholas-nickleby
Mr.,Mr. Noggs,1616,nicholas-nickleby
Mr.,Kenwigs,1616,nicholas-nickleby
Mr.,Mrs Kenwigs,1616,nicholas-nickleby
Kenwigs,Mr. Kenwigs,1616,nicholas-nickleby
Kenwigs,Mr. Kenwigs,1616,nicholas-nickleby
Kenwigs,Mr.,1616,nicholas-nickleby
Kenwigs,Mr. Noggs,1616,nicholas-nickleby
Kenwigs,Mrs Kenwigs,1616,nicholas-nickleby
Mr. Noggs,Mr. Kenwigs,1616,nicholas-nickleby
Mr. Noggs,Kenwigs,1616,nicholas-nickleby
Mr. Noggs,Kenwigs,1616,nicholas-nickleby
Mr. Noggs,Mr. Kenwigs,1616,nicholas-nickleby
Mr. Noggs,Mr.,1616,nicholas-nickleby
Mr. Noggs,Kenwigs,1616,nicholas-nickleby
Mr. Noggs,Kenwigs,1616,nicholas-nickleby
Mr. Noggs,Mrs Kenwigs,1616,nicholas-nickleby
Kenwigs,Mr. Kenwigs,1616,nicholas-nickleby
Kenwigs,Mr. Kenwigs,1616,nicholas-nickleby
Kenwigs,Mr.,1616,nicholas-nickleby
Kenwigs,Mr. Noggs,1616,nicholas-nickleby
Kenwigs,Mrs Kenwigs,1616,nicholas-nickleby
Mrs Kenwigs,Mr. Kenwigs,1616,nicholas-nickleby
Mrs Kenwigs,Kenwigs,1616,nicholas-nickleby
Mrs Kenwigs,Kenwigs,1616,nicholas-nickleby
Mrs Kenwigs,Mr. Kenwigs,1616,nicholas-nickleby
Mrs Kenwigs,Mr.,1616,nicholas-nickleby
Mrs Kenwigs,Kenwigs,1616,nicholas-nickleby
Mrs Kenwigs,Mr. Noggs,1616,nicholas-nickleby
Mrs Kenwigs,Kenwigs,1616,nicholas-nickleby
Mr. Kenwigs,Kenwigs,1627,nicholas-nickleby
Mr. Kenwigs,Kenwigs,1627,nicholas-nickleby
Mr. Kenwigs,George,1627,nicholas-nickleby
Kenwigs,Mr. Kenwigs,1627,nicholas-nickleby
Kenwigs,George,1627,nicholas-nickleby
Kenwigs,Mr. Kenwigs,1627,nicholas-nickleby
Kenwigs,Mr. Kenwigs,1627,nicholas-nickleby
Kenwigs,George,1627,nicholas-nickleby
Kenwigs,Mr. Kenwigs,1627,nicholas-nickleby
George,Mr. Kenwigs,1627,nicholas-nickleby
George,Kenwigs,1627,nicholas-nickleby
George,Kenwigs,1627,nicholas-nickleby
George,Mr. Kenwigs,1627,nicholas-nickleby
Mr. Kenwigs,Kenwigs,1627,nicholas-nickleby
Mr. Kenwigs,Kenwigs,1627,nicholas-nickleby
Mr. Kenwigs,George,1627,nicholas-nickleby
Mr. Kenwigs,Hem,1629,nicholas-nickleby
Hem,Mr. Kenwigs,1629,nicholas-nickleby
Mr. Kenwigs,Miss Morleena Kenwigs,1630,nicholas-nickleby
Miss Morleena Kenwigs,Mr. Kenwigs,1630,nicholas-nickleby
Lillyvick,Kenwigs,1637,nicholas-nickleby
Lillyvick,Mr.,1637,nicholas-nickleby
Lillyvick,Mrs Cutler,1637,nicholas-nickleby
Kenwigs,Lillyvick,1637,nicholas-nickleby
Kenwigs,Mr.,1637,nicholas-nickleby
Kenwigs,Mrs Cutler,1637,nicholas-nickleby
Kenwigs,Lillyvick,1637,nicholas-nickleby
Mr.,Lillyvick,1637,nicholas-nickleby
Mr.,Kenwigs,1637,nicholas-nickleby
Mr.,Mrs Cutler,1637,nicholas-nickleby
Mr.,Lillyvick,1637,nicholas-nickleby
Mrs Cutler,Lillyvick,1637,nicholas-nickleby
Mrs Cutler,Kenwigs,1637,nicholas-nickleby
Mrs Cutler,Mr.,1637,nicholas-nickleby
Mrs Cutler,Lillyvick,1637,nicholas-nickleby
Lillyvick,Kenwigs,1637,nicholas-nickleby
Lillyvick,Mr.,1637,nicholas-nickleby
Lillyvick,Mrs Cutler,1637,nicholas-nickleby
Mr. Cutler,Mr. Lillyvick,1638,nicholas-nickleby
Mr. Cutler,Mr. Lillyvick,1638,nicholas-nickleby
Mr. Lillyvick,Mr. Cutler,1638,nicholas-nickleby
Mr. Lillyvick,Mr. Cutler,1638,nicholas-nickleby
Mr. Lillyvick,Kenwigs,1639,nicholas-nickleby
Mr. Lillyvick,Mr. Snewkes,1639,nicholas-nickleby
Mr. Lillyvick,Miss Green,1639,nicholas-nickleby
Mr. Lillyvick,Miss Petowker,1639,nicholas-nickleby
Mr. Lillyvick,Drury Lane,1639,nicholas-nickleby
Mr. Lillyvick,Kenwigs,1639,nicholas-nickleby
Kenwigs,Mr. Lillyvick,1639,nicholas-nickleby
Kenwigs,Mr. Lillyvick,1639,nicholas-nickleby
Kenwigs,Mr. Snewkes,1639,nicholas-nickleby
Kenwigs,Mr. Lillyvick,1639,nicholas-nickleby
Kenwigs,Miss Green,1639,nicholas-nickleby
Kenwigs,Mr. Lillyvick,1639,nicholas-nickleby
Kenwigs,Miss Petowker,1639,nicholas-nickleby
Kenwigs,Drury Lane,1639,nicholas-nickleby
Mr. Lillyvick,Kenwigs,1639,nicholas-nickleby
Mr. Lillyvick,Mr. Snewkes,1639,nicholas-nickleby
Mr. Lillyvick,Miss Green,1639,nicholas-nickleby
Mr. Lillyvick,Miss Petowker,1639,nicholas-nickleby
Mr. Lillyvick,Drury Lane,1639,nicholas-nickleby
Mr. Lillyvick,Kenwigs,1639,nicholas-nickleby
Mr. Snewkes,Mr. Lillyvick,1639,nicholas-nickleby
Mr. Snewkes,Kenwigs,1639,nicholas-nickleby
Mr. Snewkes,Mr. Lillyvick,1639,nicholas-nickleby
Mr. Snewkes,Mr. Lillyvick,1639,nicholas-nickleby
Mr. Snewkes,Miss Green,1639,nicholas-nickleby
Mr. Snewkes,Mr. Lillyvick,1639,nicholas-nickleby
Mr. Snewkes,Miss Petowker,1639,nicholas-nickleby
Mr. Snewkes,Drury Lane,1639,nicholas-nickleby
Mr. Snewkes,Kenwigs,1639,nicholas-nickleby
Mr. Lillyvick,Kenwigs,1639,nicholas-nickleby
Mr. Lillyvick,Mr. Snewkes,1639,nicholas-nickleby
Mr. Lillyvick,Miss Green,1639,nicholas-nickleby
Mr. Lillyvick,Miss Petowker,1639,nicholas-nickleby
Mr. Lillyvick,Drury Lane,1639,nicholas-nickleby
Mr. Lillyvick,Kenwigs,1639,nicholas-nickleby
Miss Green,Mr. Lillyvick,1639,nicholas-nickleby
Miss Green,Kenwigs,1639,nicholas-nickleby
Miss Green,Mr. Lillyvick,1639,nicholas-nickleby
Miss Green,Mr. Snewkes,1639,nicholas-nickleby
Miss Green,Mr. Lillyvick,1639,nicholas-nickleby
Miss Green,Mr. Lillyvick,1639,nicholas-nickleby
Miss Green,Miss Petowker,1639,nicholas-nickleby
Miss Green,Drury Lane,1639,nicholas-nickleby
Miss Green,Kenwigs,1639,nicholas-nickleby
Mr. Lillyvick,Kenwigs,1639,nicholas-nickleby
Mr. Lillyvick,Mr. Snewkes,1639,nicholas-nickleby
Mr. Lillyvick,Miss Green,1639,nicholas-nickleby
Mr. Lillyvick,Miss Petowker,1639,nicholas-nickleby
Mr. Lillyvick,Drury Lane,1639,nicholas-nickleby
Mr. Lillyvick,Kenwigs,1639,nicholas-nickleby
Miss Petowker,Mr. Lillyvick,1639,nicholas-nickleby
Miss Petowker,Kenwigs,1639,nicholas-nickleby
Miss Petowker,Mr. Lillyvick,1639,nicholas-nickleby
Miss Petowker,Mr. Snewkes,1639,nicholas-nickleby
Miss Petowker,Mr. Lillyvick,1639,nicholas-nickleby
Miss Petowker,Miss Green,1639,nicholas-nickleby
Miss Petowker,Mr. Lillyvick,1639,nicholas-nickleby
Miss Petowker,Drury Lane,1639,nicholas-nickleby
Miss Petowker,Kenwigs,1639,nicholas-nickleby
Drury Lane,Mr. Lillyvick,1639,nicholas-nickleby
Drury Lane,Kenwigs,1639,nicholas-nickleby
Drury Lane,Mr. Lillyvick,1639,nicholas-nickleby
Drury Lane,Mr. Snewkes,1639,nicholas-nickleby
Drury Lane,Mr. Lillyvick,1639,nicholas-nickleby
Drury Lane,Miss Green,1639,nicholas-nickleby
Drury Lane,Mr. Lillyvick,1639,nicholas-nickleby
Drury Lane,Miss Petowker,1639,nicholas-nickleby
Drury Lane,Kenwigs,1639,nicholas-nickleby
Kenwigs,Mr. Lillyvick,1639,nicholas-nickleby
Kenwigs,Mr. Lillyvick,1639,nicholas-nickleby
Kenwigs,Mr. Snewkes,1639,nicholas-nickleby
Kenwigs,Mr. Lillyvick,1639,nicholas-nickleby
Kenwigs,Miss Green,1639,nicholas-nickleby
Kenwigs,Mr. Lillyvick,1639,nicholas-nickleby
Kenwigs,Miss Petowker,1639,nicholas-nickleby
Kenwigs,Drury Lane,1639,nicholas-nickleby
Kenwigs,Miss Petowker,1640,nicholas-nickleby
Kenwigs,Miss Petowker,1640,nicholas-nickleby
Miss Petowker,Kenwigs,1640,nicholas-nickleby
Miss Petowker,Kenwigs,1640,nicholas-nickleby
Kenwigses,Mr. Lillyvick,1642,nicholas-nickleby
Mr. Lillyvick,Kenwigses,1642,nicholas-nickleby
Mr. Lillyvick,Kenwigses,1644,nicholas-nickleby
Mr. Lillyvick,Kenwigs,1644,nicholas-nickleby
Mr. Lillyvick,Mr. Kenwigs,1644,nicholas-nickleby
Kenwigses,Mr. Lillyvick,1644,nicholas-nickleby
Kenwigses,Kenwigs,1644,nicholas-nickleby
Kenwigses,Mr. Kenwigs,1644,nicholas-nickleby
Kenwigs,Mr. Lillyvick,1644,nicholas-nickleby
Kenwigs,Kenwigses,1644,nicholas-nickleby
Kenwigs,Mr. Kenwigs,1644,nicholas-nickleby
Mr. Kenwigs,Mr. Lillyvick,1644,nicholas-nickleby
Mr. Kenwigs,Kenwigses,1644,nicholas-nickleby
Mr. Kenwigs,Kenwigs,1644,nicholas-nickleby
Kenwigs,Miss Petowker,1648,nicholas-nickleby
Miss Petowker,Kenwigs,1648,nicholas-nickleby
Mr. Lillyvick,Kenwigs,1655,nicholas-nickleby
Kenwigs,Mr. Lillyvick,1655,nicholas-nickleby
Love,Mr. Lillyvick,1659,nicholas-nickleby
Love,Mother,1659,nicholas-nickleby
Mr. Lillyvick,Love,1659,nicholas-nickleby
Mr. Lillyvick,Mother,1659,nicholas-nickleby
Mother,Love,1659,nicholas-nickleby
Mother,Mr. Lillyvick,1659,nicholas-nickleby
Mr. Lillyvick,Kenwigs,1661,nicholas-nickleby
Kenwigs,Mr. Lillyvick,1661,nicholas-nickleby
Mr. Lillyvick,Kenwigs,1665,nicholas-nickleby
Mr. Lillyvick,Kenwigs,1665,nicholas-nickleby
Kenwigs,Mr. Lillyvick,1665,nicholas-nickleby
Kenwigs,Mr. Lillyvick,1665,nicholas-nickleby
Kenwigs,Mr. Lillyvick,1667,nicholas-nickleby
Mr. Lillyvick,Kenwigs,1667,nicholas-nickleby
Kenwigs,Miss Petowker,1672,nicholas-nickleby
Kenwigs,Mr. Noggs,1672,nicholas-nickleby
Kenwigs,Morleena,1672,nicholas-nickleby
Kenwigs,Lillyvick,1672,nicholas-nickleby
Miss Petowker,Kenwigs,1672,nicholas-nickleby
Miss Petowker,Mr. Noggs,1672,nicholas-nickleby
Miss Petowker,Morleena,1672,nicholas-nickleby
Miss Petowker,Lillyvick,1672,nicholas-nickleby
Mr. Noggs,Kenwigs,1672,nicholas-nickleby
Mr. Noggs,Miss Petowker,1672,nicholas-nickleby
Mr. Noggs,Morleena,1672,nicholas-nickleby
Mr. Noggs,Lillyvick,1672,nicholas-nickleby
Morleena,Kenwigs,1672,nicholas-nickleby
Morleena,Miss Petowker,1672,nicholas-nickleby
Morleena,Mr. Noggs,1672,nicholas-nickleby
Morleena,Lillyvick,1672,nicholas-nickleby
Lillyvick,Kenwigs,1672,nicholas-nickleby
Lillyvick,Miss Petowker,1672,nicholas-nickleby
Lillyvick,Mr. Noggs,1672,nicholas-nickleby
Lillyvick,Morleena,1672,nicholas-nickleby
Kenwigs,Miss Petowker,1676,nicholas-nickleby
Miss Petowker,Kenwigs,1676,nicholas-nickleby
Kenwigs,Miss Petowker,1681,nicholas-nickleby
Kenwigs,Miss Petowker,1681,nicholas-nickleby
Kenwigs,Morleena,1681,nicholas-nickleby
Miss Petowker,Kenwigs,1681,nicholas-nickleby
Miss Petowker,Morleena,1681,nicholas-nickleby
Miss Petowker,Kenwigs,1681,nicholas-nickleby
Miss Petowker,Morleena,1681,nicholas-nickleby
Morleena,Kenwigs,1681,nicholas-nickleby
Morleena,Miss Petowker,1681,nicholas-nickleby
Morleena,Miss Petowker,1681,nicholas-nickleby
Kenwigs,Mr. Kenwigs,1683,nicholas-nickleby
Mr. Kenwigs,Kenwigs,1683,nicholas-nickleby
Mr. Kenwigs,Miss Petowker,1691,nicholas-nickleby
Mr. Kenwigs,Kenwigses,1691,nicholas-nickleby
Miss Petowker,Mr. Kenwigs,1691,nicholas-nickleby
Miss Petowker,Kenwigses,1691,nicholas-nickleby
Kenwigses,Mr. Kenwigs,1691,nicholas-nickleby
Kenwigses,Miss Petowker,1691,nicholas-nickleby
Crowl,Mr. Noggs,1694,nicholas-nickleby
Mr. Noggs,Crowl,1694,nicholas-nickleby
Crowl,Newman Noggs,1700,nicholas-nickleby
Newman Noggs,Crowl,1700,nicholas-nickleby
Noggs,Kenwigs,1707,nicholas-nickleby
Noggs,Nicholas,1707,nicholas-nickleby
Noggs,Smike,1707,nicholas-nickleby
Kenwigs,Noggs,1707,nicholas-nickleby
Kenwigs,Nicholas,1707,nicholas-nickleby
Kenwigs,Smike,1707,nicholas-nickleby
Nicholas,Noggs,1707,nicholas-nickleby
Nicholas,Kenwigs,1707,nicholas-nickleby
Nicholas,Smike,1707,nicholas-nickleby
Smike,Noggs,1707,nicholas-nickleby
Smike,Kenwigs,1707,nicholas-nickleby
Smike,Nicholas,1707,nicholas-nickleby
Newman,Nicholas,1709,nicholas-nickleby
Nicholas,Newman,1709,nicholas-nickleby
Nicholas,Mr. Noggs,1711,nicholas-nickleby
Mr. Noggs,Nicholas,1711,nicholas-nickleby
Nicholas,Newman,1712,nicholas-nickleby
Nicholas,Smike,1712,nicholas-nickleby
Newman,Nicholas,1712,nicholas-nickleby
Newman,Nicholas,1712,nicholas-nickleby
Newman,Smike,1712,nicholas-nickleby
Nicholas,Newman,1712,nicholas-nickleby
Nicholas,Smike,1712,nicholas-nickleby
Smike,Nicholas,1712,nicholas-nickleby
Smike,Newman,1712,nicholas-nickleby
Smike,Nicholas,1712,nicholas-nickleby
Mr. Squeers,Nicholas,1728,nicholas-nickleby
Mr. Squeers,Mr. Noggs,1728,nicholas-nickleby
Nicholas,Mr. Squeers,1728,nicholas-nickleby
Nicholas,Mr. Noggs,1728,nicholas-nickleby
Mr. Noggs,Mr. Squeers,1728,nicholas-nickleby
Mr. Noggs,Nicholas,1728,nicholas-nickleby
Mr. Wackford Squeers,Nicholas,1730,nicholas-nickleby
Mr. Wackford Squeers,Mr. Noggs,1730,nicholas-nickleby
Nicholas,Mr. Wackford Squeers,1730,nicholas-nickleby
Nicholas,Mr. Noggs,1730,nicholas-nickleby
Mr. Noggs,Mr. Wackford Squeers,1730,nicholas-nickleby
Mr. Noggs,Nicholas,1730,nicholas-nickleby
Nicholas,Newman Noggs,1732,nicholas-nickleby
Newman Noggs,Nicholas,1732,nicholas-nickleby
Noggs,Nicholas,1743,nicholas-nickleby
Nicholas,Noggs,1743,nicholas-nickleby
Nicholas,Golden Square,1745,nicholas-nickleby
Nicholas,Mr. Ralph Nickleby,1745,nicholas-nickleby
Golden Square,Nicholas,1745,nicholas-nickleby
Golden Square,Mr. Ralph Nickleby,1745,nicholas-nickleby
Mr. Ralph Nickleby,Nicholas,1745,nicholas-nickleby
Mr. Ralph Nickleby,Golden Square,1745,nicholas-nickleby
Nicholas,Which,1751,nicholas-nickleby
Which,Nicholas,1751,nicholas-nickleby
Nicholas,Smike,1754,nicholas-nickleby
Smike,Nicholas,1754,nicholas-nickleby
Smike,Nicholas,1754,nicholas-nickleby
Nicholas,Smike,1754,nicholas-nickleby
Mr. Lillyvick,Kenwigs,1760,nicholas-nickleby
Mr. Lillyvick,Kenwigs,1760,nicholas-nickleby
Kenwigs,Mr. Lillyvick,1760,nicholas-nickleby
Kenwigs,Mr. Lillyvick,1760,nicholas-nickleby
Mr. Lillyvick,Mrs Kenwigs,1768,nicholas-nickleby
Mrs Kenwigs,Mr. Lillyvick,1768,nicholas-nickleby
Lillyvick,Kenwigs,1773,nicholas-nickleby
Kenwigs,Lillyvick,1773,nicholas-nickleby
Kenwigs,Mr. Lillyvick,1775,nicholas-nickleby
Mr. Lillyvick,Kenwigs,1775,nicholas-nickleby
Miss,Mr. Lillyvick,1777,nicholas-nickleby
Miss,Kenwigs,1777,nicholas-nickleby
Mr. Lillyvick,Miss,1777,nicholas-nickleby
Mr. Lillyvick,Kenwigs,1777,nicholas-nickleby
Kenwigs,Miss,1777,nicholas-nickleby
Kenwigs,Mr. Lillyvick,1777,nicholas-nickleby
Crowl,Noggs,1779,nicholas-nickleby
Noggs,Crowl,1779,nicholas-nickleby
Crowl,Kenwigs,1784,nicholas-nickleby
Kenwigs,Crowl,1784,nicholas-nickleby
Kenwigs,Drury Lane,1785,nicholas-nickleby
Kenwigs,Mr. Kenwigs,1785,nicholas-nickleby
Drury Lane,Kenwigs,1785,nicholas-nickleby
Drury Lane,Mr. Kenwigs,1785,nicholas-nickleby
Mr. Kenwigs,Kenwigs,1785,nicholas-nickleby
Mr. Kenwigs,Drury Lane,1785,nicholas-nickleby
Mr. Kenwigs,Mr. Noggs,1786,nicholas-nickleby
Mr. Noggs,Mr. Kenwigs,1786,nicholas-nickleby
Mr. Kenwigs,Nicholas,1790,nicholas-nickleby
Nicholas,Mr. Kenwigs,1790,nicholas-nickleby
Nicholas,Kenwigs,1791,nicholas-nickleby
Nicholas,Mr. Kenwigs,1791,nicholas-nickleby
Kenwigs,Nicholas,1791,nicholas-nickleby
Kenwigs,Mr. Kenwigs,1791,nicholas-nickleby
Mr. Kenwigs,Nicholas,1791,nicholas-nickleby
Mr. Kenwigs,Kenwigs,1791,nicholas-nickleby
Kenwigs,Mr. Lillyvick,1792,nicholas-nickleby
Kenwigs,Miss Petowker,1792,nicholas-nickleby
Kenwigs,Mr. Lillyvick,1792,nicholas-nickleby
Kenwigs,Miss Petowker,1792,nicholas-nickleby
Mr. Lillyvick,Kenwigs,1792,nicholas-nickleby
Mr. Lillyvick,Kenwigs,1792,nicholas-nickleby
Mr. Lillyvick,Miss Petowker,1792,nicholas-nickleby
Miss Petowker,Kenwigs,1792,nicholas-nickleby
Miss Petowker,Kenwigs,1792,nicholas-nickleby
Miss Petowker,Mr. Lillyvick,1792,nicholas-nickleby
Nicholas,Kenwigs,1793,nicholas-nickleby
Kenwigs,Nicholas,1793,nicholas-nickleby
Kenwigs,Lillyvick,1797,nicholas-nickleby
Lillyvick,Kenwigs,1797,nicholas-nickleby
Nicholas,Mr. Noggs,1802,nicholas-nickleby
Mr. Noggs,Nicholas,1802,nicholas-nickleby
Nicholas,Kenwigs,1803,nicholas-nickleby
Kenwigs,Nicholas,1803,nicholas-nickleby
Mr. Kenwigs,Kenwigs,1810,nicholas-nickleby
Kenwigs,Mr. Kenwigs,1810,nicholas-nickleby
Mr.,Mrs Kenwigs,1822,nicholas-nickleby
Mr.,Kenwigs,1822,nicholas-nickleby
Mr.,Kenwigs,1822,nicholas-nickleby
Mrs Kenwigs,Mr.,1822,nicholas-nickleby
Mrs Kenwigs,Kenwigs,1822,nicholas-nickleby
Mrs Kenwigs,Mr.,1822,nicholas-nickleby
Mrs Kenwigs,Kenwigs,1822,nicholas-nickleby
Kenwigs,Mr.,1822,nicholas-nickleby
Kenwigs,Mrs Kenwigs,1822,nicholas-nickleby
Kenwigs,Mr.,1822,nicholas-nickleby
Mr.,Mrs Kenwigs,1822,nicholas-nickleby
Mr.,Kenwigs,1822,nicholas-nickleby
Mr.,Kenwigs,1822,nicholas-nickleby
Kenwigs,Mr.,1822,nicholas-nickleby
Kenwigs,Mrs Kenwigs,1822,nicholas-nickleby
Kenwigs,Mr.,1822,nicholas-nickleby
Mr. Newman Noggs,Smike,1823,nicholas-nickleby
Mr. Newman Noggs,Newman,1823,nicholas-nickleby
Smike,Mr. Newman Noggs,1823,nicholas-nickleby
Smike,Newman,1823,nicholas-nickleby
Newman,Mr. Newman Noggs,1823,nicholas-nickleby
Newman,Smike,1823,nicholas-nickleby
Tom,Wages,1841,nicholas-nickleby
Tom,Serious,1841,nicholas-nickleby
Wages,Tom,1841,nicholas-nickleby
Wages,Serious,1841,nicholas-nickleby
Serious,Tom,1841,nicholas-nickleby
Serious,Wages,1841,nicholas-nickleby
Tom,Cook,1845,nicholas-nickleby
Cook,Tom,1845,nicholas-nickleby
Tom,Mr. Gallanbile,1847,nicholas-nickleby
Tom,Mr.,1847,nicholas-nickleby
Tom,Mr. Gallanbile,1847,nicholas-nickleby
Mr. Gallanbile,Tom,1847,nicholas-nickleby
Mr. Gallanbile,Mr.,1847,nicholas-nickleby
Mr.,Tom,1847,nicholas-nickleby
Mr.,Mr. Gallanbile,1847,nicholas-nickleby
Mr.,Mr. Gallanbile,1847,nicholas-nickleby
Mr. Gallanbile,Tom,1847,nicholas-nickleby
Mr. Gallanbile,Mr.,1847,nicholas-nickleby
Clark,Tom,1857,nicholas-nickleby
Tom,Clark,1857,nicholas-nickleby
Tom,Nicholas,1859,nicholas-nickleby
Nicholas,Tom,1859,nicholas-nickleby
Mr. Gregsbury,Nicholas,1863,nicholas-nickleby
Nicholas,Mr. Gregsbury,1863,nicholas-nickleby
Nicholas,Mr. Gregsbury,1863,nicholas-nickleby
Mr. Gregsbury,Nicholas,1863,nicholas-nickleby
Nicholas,Mr. Gregsbury,1865,nicholas-nickleby
Mr. Gregsbury,Nicholas,1865,nicholas-nickleby
Nicholas,Mr. Gregsbury,1872,nicholas-nickleby
Nicholas,Mr. Gregsbury,1872,nicholas-nickleby
Mr. Gregsbury,Nicholas,1872,nicholas-nickleby
Mr. Gregsbury,Nicholas,1872,nicholas-nickleby
Mr. Gregsbury,Pugstyles,1882,nicholas-nickleby
Pugstyles,Mr. Gregsbury,1882,nicholas-nickleby
Mr. Pugstyles,Mr. Gregsbury,1885,nicholas-nickleby
Mr. Gregsbury,Mr. Pugstyles,1885,nicholas-nickleby
Pugstyles,Mr. Gregsbury,1886,nicholas-nickleby
Pugstyles,Thank Heaven,1886,nicholas-nickleby
Mr. Gregsbury,Pugstyles,1886,nicholas-nickleby
Mr. Gregsbury,Thank Heaven,1886,nicholas-nickleby
Thank Heaven,Pugstyles,1886,nicholas-nickleby
Thank Heaven,Mr. Gregsbury,1886,nicholas-nickleby
Pugstyles,Mr. Gregsbury,1894,nicholas-nickleby
Mr. Gregsbury,Pugstyles,1894,nicholas-nickleby
Pugstyles,Mr. Gregsbury,1897,nicholas-nickleby
Mr. Gregsbury,Pugstyles,1897,nicholas-nickleby
Mr.,Gregsbury,1903,nicholas-nickleby
Gregsbury,Mr.,1903,nicholas-nickleby
Mr.,Gregsbury,1912,nicholas-nickleby
Gregsbury,Mr.,1912,nicholas-nickleby
Mr. Gregsbury,Nicholas,1915,nicholas-nickleby
Nicholas,Mr. Gregsbury,1915,nicholas-nickleby
Nicholas,Mr. Gregsbury,1929,nicholas-nickleby
Mr. Gregsbury,Nicholas,1929,nicholas-nickleby
Mr.,Gregsbury,1944,nicholas-nickleby
Gregsbury,Mr.,1944,nicholas-nickleby
Matthews,Mr. Gregsbury,1968,nicholas-nickleby
Mr. Gregsbury,Matthews,1968,nicholas-nickleby
Mr. Gregsbury,Matthews,1970,nicholas-nickleby
Matthews,Mr. Gregsbury,1970,nicholas-nickleby
Matthews,Mr. Gregsbury,1972,nicholas-nickleby
Mr. Gregsbury,Matthews,1972,nicholas-nickleby
Smike,Nicholas,1974,nicholas-nickleby
Smike,Newman Noggs,1974,nicholas-nickleby
Nicholas,Smike,1974,nicholas-nickleby
Nicholas,Newman Noggs,1974,nicholas-nickleby
Newman Noggs,Smike,1974,nicholas-nickleby
Newman Noggs,Nicholas,1974,nicholas-nickleby
Nicholas,Ralph Nickleby,1979,nicholas-nickleby
Nicholas,Heaven,1979,nicholas-nickleby
Ralph Nickleby,Nicholas,1979,nicholas-nickleby
Ralph Nickleby,Heaven,1979,nicholas-nickleby
Heaven,Nicholas,1979,nicholas-nickleby
Heaven,Ralph Nickleby,1979,nicholas-nickleby
Newman,Kenwigs,1986,nicholas-nickleby
Newman,Nicholas,1986,nicholas-nickleby
Newman,Johnson,1986,nicholas-nickleby
Newman,Kenwigs,1986,nicholas-nickleby
Newman,Mr. Kenwigs,1986,nicholas-nickleby
Newman,Mr. Johnson,1986,nicholas-nickleby
Newman,Kenwigs,1986,nicholas-nickleby
Kenwigs,Newman,1986,nicholas-nickleby
Kenwigs,Newman,1986,nicholas-nickleby
Kenwigs,Nicholas,1986,nicholas-nickleby
Kenwigs,Johnson,1986,nicholas-nickleby
Kenwigs,Mr. Kenwigs,1986,nicholas-nickleby
Kenwigs,Mr. Johnson,1986,nicholas-nickleby
Newman,Kenwigs,1986,nicholas-nickleby
Newman,Nicholas,1986,nicholas-nickleby
Newman,Johnson,1986,nicholas-nickleby
Newman,Kenwigs,1986,nicholas-nickleby
Newman,Mr. Kenwigs,1986,nicholas-nickleby
Newman,Mr. Johnson,1986,nicholas-nickleby
Newman,Kenwigs,1986,nicholas-nickleby
Nicholas,Newman,1986,nicholas-nickleby
Nicholas,Kenwigs,1986,nicholas-nickleby
Nicholas,Newman,1986,nicholas-nickleby
Nicholas,Johnson,1986,nicholas-nickleby
Nicholas,Kenwigs,1986,nicholas-nickleby
Nicholas,Mr. Kenwigs,1986,nicholas-nickleby
Nicholas,Mr. Johnson,1986,nicholas-nickleby
Nicholas,Kenwigs,1986,nicholas-nickleby
Johnson,Newman,1986,nicholas-nickleby
Johnson,Kenwigs,1986,nicholas-nickleby
Johnson,Newman,1986,nicholas-nickleby
Johnson,Nicholas,1986,nicholas-nickleby
Johnson,Kenwigs,1986,nicholas-nickleby
Johnson,Mr. Kenwigs,1986,nicholas-nickleby
Johnson,Mr. Johnson,1986,nicholas-nickleby
Johnson,Kenwigs,1986,nicholas-nickleby
Kenwigs,Newman,1986,nicholas-nickleby
Kenwigs,Newman,1986,nicholas-nickleby
Kenwigs,Nicholas,1986,nicholas-nickleby
Kenwigs,Johnson,1986,nicholas-nickleby
Kenwigs,Mr. Kenwigs,1986,nicholas-nickleby
Kenwigs,Mr. Johnson,1986,nicholas-nickleby
Mr. Kenwigs,Newman,1986,nicholas-nickleby
Mr. Kenwigs,Kenwigs,1986,nicholas-nickleby
Mr. Kenwigs,Newman,1986,nicholas-nickleby
Mr. Kenwigs,Nicholas,1986,nicholas-nickleby
Mr. Kenwigs,Johnson,1986,nicholas-nickleby
Mr. Kenwigs,Kenwigs,1986,nicholas-nickleby
Mr. Kenwigs,Mr. Johnson,1986,nicholas-nickleby
Mr. Kenwigs,Kenwigs,1986,nicholas-nickleby
Mr. Johnson,Newman,1986,nicholas-nickleby
Mr. Johnson,Kenwigs,1986,nicholas-nickleby
Mr. Johnson,Newman,1986,nicholas-nickleby
Mr. Johnson,Nicholas,1986,nicholas-nickleby
Mr. Johnson,Johnson,1986,nicholas-nickleby
Mr. Johnson,Kenwigs,1986,nicholas-nickleby
Mr. Johnson,Mr. Kenwigs,1986,nicholas-nickleby
Mr. Johnson,Kenwigs,1986,nicholas-nickleby
Kenwigs,Newman,1986,nicholas-nickleby
Kenwigs,Newman,1986,nicholas-nickleby
Kenwigs,Nicholas,1986,nicholas-nickleby
Kenwigs,Johnson,1986,nicholas-nickleby
Kenwigs,Mr. Kenwigs,1986,nicholas-nickleby
Kenwigs,Mr. Johnson,1986,nicholas-nickleby
Mr. Lillyvick,Nicholas,1995,nicholas-nickleby
Nicholas,Mr. Lillyvick,1995,nicholas-nickleby
Kenwigs,Morleena,1998,nicholas-nickleby
Morleena,Kenwigs,1998,nicholas-nickleby
Kenwigs,Morleena,2000,nicholas-nickleby
Morleena,Kenwigs,2000,nicholas-nickleby
Mr.,Lillyvick,2012,nicholas-nickleby
Mr.,Kenwigs,2012,nicholas-nickleby
Mr.,Nicholas,2012,nicholas-nickleby
Mr.,Miss Petowker,2012,nicholas-nickleby
Lillyvick,Mr.,2012,nicholas-nickleby
Lillyvick,Kenwigs,2012,nicholas-nickleby
Lillyvick,Nicholas,2012,nicholas-nickleby
Lillyvick,Miss Petowker,2012,nicholas-nickleby
Kenwigs,Mr.,2012,nicholas-nickleby
Kenwigs,Lillyvick,2012,nicholas-nickleby
Kenwigs,Nicholas,2012,nicholas-nickleby
Kenwigs,Miss Petowker,2012,nicholas-nickleby
Nicholas,Mr.,2012,nicholas-nickleby
Nicholas,Lillyvick,2012,nicholas-nickleby
Nicholas,Kenwigs,2012,nicholas-nickleby
Nicholas,Miss Petowker,2012,nicholas-nickleby
Miss Petowker,Mr.,2012,nicholas-nickleby
Miss Petowker,Lillyvick,2012,nicholas-nickleby
Miss Petowker,Kenwigs,2012,nicholas-nickleby
Miss Petowker,Nicholas,2012,nicholas-nickleby
Kenwigses,Morleena,2018,nicholas-nickleby
Kenwigses,Nicholas,2018,nicholas-nickleby
Kenwigses,Miss Petowker,2018,nicholas-nickleby
Kenwigses,Kenwigs,2018,nicholas-nickleby
Kenwigses,Morleena,2018,nicholas-nickleby
Kenwigses,Mr. Lillyvick,2018,nicholas-nickleby
Morleena,Kenwigses,2018,nicholas-nickleby
Morleena,Nicholas,2018,nicholas-nickleby
Morleena,Miss Petowker,2018,nicholas-nickleby
Morleena,Kenwigs,2018,nicholas-nickleby
Morleena,Mr. Lillyvick,2018,nicholas-nickleby
Nicholas,Kenwigses,2018,nicholas-nickleby
Nicholas,Morleena,2018,nicholas-nickleby
Nicholas,Miss Petowker,2018,nicholas-nickleby
Nicholas,Kenwigs,2018,nicholas-nickleby
Nicholas,Morleena,2018,nicholas-nickleby
Nicholas,Mr. Lillyvick,2018,nicholas-nickleby
Miss Petowker,Kenwigses,2018,nicholas-nickleby
Miss Petowker,Morleena,2018,nicholas-nickleby
Miss Petowker,Nicholas,2018,nicholas-nickleby
Miss Petowker,Kenwigs,2018,nicholas-nickleby
Miss Petowker,Morleena,2018,nicholas-nickleby
Miss Petowker,Mr. Lillyvick,2018,nicholas-nickleby
Kenwigs,Kenwigses,2018,nicholas-nickleby
Kenwigs,Morleena,2018,nicholas-nickleby
Kenwigs,Nicholas,2018,nicholas-nickleby
Kenwigs,Miss Petowker,2018,nicholas-nickleby
Kenwigs,Morleena,2018,nicholas-nickleby
Kenwigs,Mr. Lillyvick,2018,nicholas-nickleby
Morleena,Kenwigses,2018,nicholas-nickleby
Morleena,Nicholas,2018,nicholas-nickleby
Morleena,Miss Petowker,2018,nicholas-nickleby
Morleena,Kenwigs,2018,nicholas-nickleby
Morleena,Mr. Lillyvick,2018,nicholas-nickleby
Mr. Lillyvick,Kenwigses,2018,nicholas-nickleby
Mr. Lillyvick,Morleena,2018,nicholas-nickleby
Mr. Lillyvick,Nicholas,2018,nicholas-nickleby
Mr. Lillyvick,Miss Petowker,2018,nicholas-nickleby
Mr. Lillyvick,Kenwigs,2018,nicholas-nickleby
Mr. Lillyvick,Morleena,2018,nicholas-nickleby
Kate Nickleby,Madame Mantalini,2022,nicholas-nickleby
Madame Mantalini,Kate Nickleby,2022,nicholas-nickleby
Mr. Mantalini,Madame Mantalini,2035,nicholas-nickleby
Madame Mantalini,Mr. Mantalini,2035,nicholas-nickleby
Madame,Mantalini,2049,nicholas-nickleby
Mantalini,Madame,2049,nicholas-nickleby
Mr.,Mantalini,2055,nicholas-nickleby
Mr.,Madame Mantalini,2055,nicholas-nickleby
Mr.,Madame Mantalini,2055,nicholas-nickleby
Mantalini,Mr.,2055,nicholas-nickleby
Mantalini,Madame Mantalini,2055,nicholas-nickleby
Mantalini,Madame Mantalini,2055,nicholas-nickleby
Madame Mantalini,Mr.,2055,nicholas-nickleby
Madame Mantalini,Mantalini,2055,nicholas-nickleby
Madame Mantalini,Mr.,2055,nicholas-nickleby
Madame Mantalini,Mantalini,2055,nicholas-nickleby
Madame,Mantalini,2063,nicholas-nickleby
Madame,Kate,2063,nicholas-nickleby
Mantalini,Madame,2063,nicholas-nickleby
Mantalini,Kate,2063,nicholas-nickleby
Kate,Madame,2063,nicholas-nickleby
Kate,Mantalini,2063,nicholas-nickleby
Kate,Madame Mantalini,2066,nicholas-nickleby
Madame Mantalini,Kate,2066,nicholas-nickleby
Mantalini,Miss Nickleby,2070,nicholas-nickleby
Miss Nickleby,Mantalini,2070,nicholas-nickleby
Madame,Mantalini,2072,nicholas-nickleby
Mantalini,Madame,2072,nicholas-nickleby
Madame Mantalini,Miss Knag,2073,nicholas-nickleby
Miss Knag,Madame Mantalini,2073,nicholas-nickleby
Miss Knag,Madame Mantalini,2074,nicholas-nickleby
Madame Mantalini,Miss Knag,2074,nicholas-nickleby
Miss,Knag,2075,nicholas-nickleby
Miss,Madame Mantalini,2075,nicholas-nickleby
Knag,Miss,2075,nicholas-nickleby
Knag,Madame Mantalini,2075,nicholas-nickleby
Madame Mantalini,Miss,2075,nicholas-nickleby
Madame Mantalini,Knag,2075,nicholas-nickleby
Miss Nickleby,Madame Mantalini,2076,nicholas-nickleby
Madame Mantalini,Miss Nickleby,2076,nicholas-nickleby
Madame Mantalini,Miss Nickleby,2077,nicholas-nickleby
Madame Mantalini,Miss Nickleby,2077,nicholas-nickleby
Madame Mantalini,Miss Nickleby,2077,nicholas-nickleby
Miss Nickleby,Madame Mantalini,2077,nicholas-nickleby
Miss Nickleby,Madame Mantalini,2077,nicholas-nickleby
Miss Nickleby,Madame Mantalini,2077,nicholas-nickleby
Miss Nickleby,Madame Mantalini,2077,nicholas-nickleby
Madame Mantalini,Miss Nickleby,2077,nicholas-nickleby
Madame Mantalini,Miss Nickleby,2077,nicholas-nickleby
Madame Mantalini,Miss Nickleby,2077,nicholas-nickleby
Miss Nickleby,Madame Mantalini,2077,nicholas-nickleby
Miss Nickleby,Madame Mantalini,2077,nicholas-nickleby
Miss Nickleby,Madame Mantalini,2077,nicholas-nickleby
Miss Nickleby,Madame Mantalini,2077,nicholas-nickleby
Miss Nickleby,Madame Mantalini,2077,nicholas-nickleby
Miss Nickleby,Madame Mantalini,2077,nicholas-nickleby
Miss Nickleby,Madame Mantalini,2077,nicholas-nickleby
Miss Nickleby,Madame Mantalini,2077,nicholas-nickleby
Madame Mantalini,Miss Nickleby,2077,nicholas-nickleby
Madame Mantalini,Miss Nickleby,2077,nicholas-nickleby
Madame Mantalini,Miss Nickleby,2077,nicholas-nickleby
Madame Mantalini,Miss Nickleby,2077,nicholas-nickleby
Madame Mantalini,Miss Nickleby,2077,nicholas-nickleby
Madame Mantalini,Miss Nickleby,2077,nicholas-nickleby
Miss Knag,Madame,2078,nicholas-nickleby
Madame,Miss Knag,2078,nicholas-nickleby
Miss Knag,Miss Nickleby,2079,nicholas-nickleby
Miss Knag,Madame Mantalini,2079,nicholas-nickleby
Miss Knag,Madame Mantalini,2079,nicholas-nickleby
Miss Knag,Miss Simmonds,2079,nicholas-nickleby
Miss Nickleby,Miss Knag,2079,nicholas-nickleby
Miss Nickleby,Madame Mantalini,2079,nicholas-nickleby
Miss Nickleby,Madame Mantalini,2079,nicholas-nickleby
Miss Nickleby,Miss Simmonds,2079,nicholas-nickleby
Madame Mantalini,Miss Knag,2079,nicholas-nickleby
Madame Mantalini,Miss Nickleby,2079,nicholas-nickleby
Madame Mantalini,Miss Simmonds,2079,nicholas-nickleby
Madame Mantalini,Miss Knag,2079,nicholas-nickleby
Madame Mantalini,Miss Nickleby,2079,nicholas-nickleby
Madame Mantalini,Miss Simmonds,2079,nicholas-nickleby
Miss Simmonds,Miss Knag,2079,nicholas-nickleby
Miss Simmonds,Miss Nickleby,2079,nicholas-nickleby
Miss Simmonds,Madame Mantalini,2079,nicholas-nickleby
Miss Simmonds,Madame Mantalini,2079,nicholas-nickleby
Miss Knag,Madame Mantalini,2080,nicholas-nickleby
Madame Mantalini,Miss Knag,2080,nicholas-nickleby
Madame Mantalini,Miss Knag,2080,nicholas-nickleby
Madame Mantalini,Miss Knag,2080,nicholas-nickleby
Miss Knag,Madame Mantalini,2080,nicholas-nickleby
Miss Knag,Madame Mantalini,2080,nicholas-nickleby
Miss Nickleby,Madame Mantalini,2081,nicholas-nickleby
Miss Nickleby,Miss Knag,2081,nicholas-nickleby
Madame Mantalini,Miss Nickleby,2081,nicholas-nickleby
Madame Mantalini,Miss Knag,2081,nicholas-nickleby
Miss Knag,Miss Nickleby,2081,nicholas-nickleby
Miss Knag,Madame Mantalini,2081,nicholas-nickleby
Miss,Madame Mantalini,2082,nicholas-nickleby
Madame Mantalini,Miss,2082,nicholas-nickleby
Miss Nickleby,Miss Knag,2083,nicholas-nickleby
Miss Knag,Miss Nickleby,2083,nicholas-nickleby
Miss Simmonds,Miss Knag,2103,nicholas-nickleby
Miss Knag,Miss Simmonds,2103,nicholas-nickleby
Miss Knag,Miss Simmonds,2105,nicholas-nickleby
Miss Simmonds,Miss Knag,2105,nicholas-nickleby
Kate,Miss Knag,2108,nicholas-nickleby
Miss Knag,Kate,2108,nicholas-nickleby
Kate,Miss Knag,2110,nicholas-nickleby
Kate,Madame Mantalini,2110,nicholas-nickleby
Miss Knag,Kate,2110,nicholas-nickleby
Miss Knag,Madame Mantalini,2110,nicholas-nickleby
Madame Mantalini,Kate,2110,nicholas-nickleby
Madame Mantalini,Miss Knag,2110,nicholas-nickleby
Miss Knag,Madame Mantalini,2111,nicholas-nickleby
Madame Mantalini,Miss Knag,2111,nicholas-nickleby
Kate,Philosophy,2112,nicholas-nickleby
Philosophy,Kate,2112,nicholas-nickleby
Madame Mantalini,Miss Browndock,2114,nicholas-nickleby
Madame Mantalini,Nickleby,2114,nicholas-nickleby
Madame Mantalini,Nicholas,2114,nicholas-nickleby
Madame Mantalini,Doctor Nickleby,2114,nicholas-nickleby
Miss Browndock,Madame Mantalini,2114,nicholas-nickleby
Miss Browndock,Nickleby,2114,nicholas-nickleby
Miss Browndock,Nicholas,2114,nicholas-nickleby
Miss Browndock,Doctor Nickleby,2114,nicholas-nickleby
Nickleby,Madame Mantalini,2114,nicholas-nickleby
Nickleby,Miss Browndock,2114,nicholas-nickleby
Nickleby,Nicholas,2114,nicholas-nickleby
Nickleby,Doctor Nickleby,2114,nicholas-nickleby
Nicholas,Madame Mantalini,2114,nicholas-nickleby
Nicholas,Miss Browndock,2114,nicholas-nickleby
Nicholas,Nickleby,2114,nicholas-nickleby
Nicholas,Doctor Nickleby,2114,nicholas-nickleby
Doctor Nickleby,Madame Mantalini,2114,nicholas-nickleby
Doctor Nickleby,Miss Browndock,2114,nicholas-nickleby
Doctor Nickleby,Nickleby,2114,nicholas-nickleby
Doctor Nickleby,Nicholas,2114,nicholas-nickleby
Nicholas,Dotheboys Hall,2115,nicholas-nickleby
Dotheboys Hall,Nicholas,2115,nicholas-nickleby
Miss,Miss Knag,2119,nicholas-nickleby
Miss Knag,Miss,2119,nicholas-nickleby
Miss Nickleby,Madame Mantalini,2122,nicholas-nickleby
Madame Mantalini,Miss Nickleby,2122,nicholas-nickleby
Madame Mantalini,Miss Knag,2123,nicholas-nickleby
Madame Mantalini,Kate,2123,nicholas-nickleby
Madame Mantalini,Miss Nickleby,2123,nicholas-nickleby
Miss Knag,Madame Mantalini,2123,nicholas-nickleby
Miss Knag,Kate,2123,nicholas-nickleby
Miss Knag,Miss Nickleby,2123,nicholas-nickleby
Miss Knag,Madame Mantalini,2123,nicholas-nickleby
Miss Knag,Madame Mantalini,2123,nicholas-nickleby
Kate,Madame Mantalini,2123,nicholas-nickleby
Kate,Miss Knag,2123,nicholas-nickleby
Kate,Miss Nickleby,2123,nicholas-nickleby
Kate,Madame Mantalini,2123,nicholas-nickleby
Kate,Madame Mantalini,2123,nicholas-nickleby
Miss Nickleby,Madame Mantalini,2123,nicholas-nickleby
Miss Nickleby,Miss Knag,2123,nicholas-nickleby
Miss Nickleby,Kate,2123,nicholas-nickleby
Miss Nickleby,Madame Mantalini,2123,nicholas-nickleby
Miss Nickleby,Madame Mantalini,2123,nicholas-nickleby
Madame Mantalini,Miss Knag,2123,nicholas-nickleby
Madame Mantalini,Kate,2123,nicholas-nickleby
Madame Mantalini,Miss Nickleby,2123,nicholas-nickleby
Madame Mantalini,Miss Knag,2123,nicholas-nickleby
Madame Mantalini,Kate,2123,nicholas-nickleby
Madame Mantalini,Miss Nickleby,2123,nicholas-nickleby
Miss Nickleby,Madame Mantalini,2124,nicholas-nickleby
Madame Mantalini,Miss Nickleby,2124,nicholas-nickleby
Madame Mantalini,Miss Knag,2127,nicholas-nickleby
Miss Knag,Madame Mantalini,2127,nicholas-nickleby
Madame Mantalini,Miss Knag,2129,nicholas-nickleby
Miss Knag,Madame Mantalini,2129,nicholas-nickleby
Madame Mantalini,Miss Nickleby,2130,nicholas-nickleby
Miss Nickleby,Madame Mantalini,2130,nicholas-nickleby
Miss Knag,Madame Mantalini,2131,nicholas-nickleby
Madame Mantalini,Miss Knag,2131,nicholas-nickleby
Miss Knag,St Anthony,2149,nicholas-nickleby
St Anthony,Miss Knag,2149,nicholas-nickleby
Nickleby,Kate,2153,nicholas-nickleby
Nickleby,Miss Knag,2153,nicholas-nickleby
Nickleby,Miss Knag,2153,nicholas-nickleby
Kate,Nickleby,2153,nicholas-nickleby
Kate,Miss Knag,2153,nicholas-nickleby
Kate,Miss Knag,2153,nicholas-nickleby
Miss Knag,Nickleby,2153,nicholas-nickleby
Miss Knag,Kate,2153,nicholas-nickleby
Miss Knag,Nickleby,2153,nicholas-nickleby
Miss Knag,Kate,2153,nicholas-nickleby
Mrs Nickleby,Miss Knag,2157,nicholas-nickleby
Miss Knag,Mrs Nickleby,2157,nicholas-nickleby
Miss Knag,Kate,2162,nicholas-nickleby
Kate,Miss Knag,2162,nicholas-nickleby
Mr. Watkins,Miss Knag,2165,nicholas-nickleby
Mr. Watkins,Miss Knag,2165,nicholas-nickleby
Mr. Watkins,Miss Knag,2165,nicholas-nickleby
Mr. Watkins,Miss Knag,2165,nicholas-nickleby
Miss Knag,Mr. Watkins,2165,nicholas-nickleby
Miss Knag,Mr. Watkins,2165,nicholas-nickleby
Miss Knag,Mr. Watkins,2165,nicholas-nickleby
Mr. Watkins,Miss Knag,2165,nicholas-nickleby
Mr. Watkins,Miss Knag,2165,nicholas-nickleby
Miss Knag,Mr. Watkins,2165,nicholas-nickleby
Miss Knag,Mr. Watkins,2165,nicholas-nickleby
Miss Knag,Mr. Watkins,2165,nicholas-nickleby
Nickleby,Miss Knag,2166,nicholas-nickleby
Miss Knag,Nickleby,2166,nicholas-nickleby
Miss Knag,Mrs Nickleby,2167,nicholas-nickleby
Mrs Nickleby,Miss Knag,2167,nicholas-nickleby
Mrs Nickleby,Miss Knag,2167,nicholas-nickleby
Miss Knag,Mrs Nickleby,2167,nicholas-nickleby
Miss Knag,Nickleby,2168,nicholas-nickleby
Nickleby,Miss Knag,2168,nicholas-nickleby
Miss Knag,Miss Nickleby,2170,nicholas-nickleby
Miss Nickleby,Miss Knag,2170,nicholas-nickleby
Mr. Knag,Mrs Nickleby,2173,nicholas-nickleby
Mrs Nickleby,Mr. Knag,2173,nicholas-nickleby
Blockson,Miss Knag,2178,nicholas-nickleby
Miss Knag,Blockson,2178,nicholas-nickleby
Blockson,Charley,2187,nicholas-nickleby
Charley,Blockson,2187,nicholas-nickleby
Miss Knag,Madame Mantalini,2191,nicholas-nickleby
Madame Mantalini,Miss Knag,2191,nicholas-nickleby
St Anthony,Mr. Mortimer Knag,2196,nicholas-nickleby
St Anthony,Knag,2196,nicholas-nickleby
St Anthony,Nickleby,2196,nicholas-nickleby
St Anthony,Nickleby,2196,nicholas-nickleby
St Anthony,Knag,2196,nicholas-nickleby
Mr. Mortimer Knag,St Anthony,2196,nicholas-nickleby
Mr. Mortimer Knag,Knag,2196,nicholas-nickleby
Mr. Mortimer Knag,Nickleby,2196,nicholas-nickleby
Mr. Mortimer Knag,Nickleby,2196,nicholas-nickleby
Mr. Mortimer Knag,Knag,2196,nicholas-nickleby
Knag,St Anthony,2196,nicholas-nickleby
Knag,Mr. Mortimer Knag,2196,nicholas-nickleby
Knag,Nickleby,2196,nicholas-nickleby
Knag,Nickleby,2196,nicholas-nickleby
Nickleby,St Anthony,2196,nicholas-nickleby
Nickleby,Mr. Mortimer Knag,2196,nicholas-nickleby
Nickleby,Knag,2196,nicholas-nickleby
Nickleby,Knag,2196,nicholas-nickleby
Nickleby,St Anthony,2196,nicholas-nickleby
Nickleby,Mr. Mortimer Knag,2196,nicholas-nickleby
Nickleby,Knag,2196,nicholas-nickleby
Nickleby,Knag,2196,nicholas-nickleby
Knag,St Anthony,2196,nicholas-nickleby
Knag,Mr. Mortimer Knag,2196,nicholas-nickleby
Knag,Nickleby,2196,nicholas-nickleby
Knag,Nickleby,2196,nicholas-nickleby
Miss Knag,Madame Mantalini,2197,nicholas-nickleby
Madame Mantalini,Miss Knag,2197,nicholas-nickleby
Madame Mantalini,Miss Knag,2198,nicholas-nickleby
Madame Mantalini,Miss Knag,2198,nicholas-nickleby
Miss Knag,Madame Mantalini,2198,nicholas-nickleby
Miss Knag,Madame Mantalini,2198,nicholas-nickleby
Miss Knag,Madame Mantalini,2198,nicholas-nickleby
Miss Knag,Madame Mantalini,2198,nicholas-nickleby
Madame Mantalini,Miss Knag,2198,nicholas-nickleby
Madame Mantalini,Miss Knag,2198,nicholas-nickleby
Madame Mantalini,Knag,2210,nicholas-nickleby
Knag,Madame Mantalini,2210,nicholas-nickleby
Madame Mantalini,Miss Knag,2211,nicholas-nickleby
Miss Knag,Madame Mantalini,2211,nicholas-nickleby
Madame Mantalini,Jane,2222,nicholas-nickleby
Jane,Madame Mantalini,2222,nicholas-nickleby
Miss Knag,Thank God,2236,nicholas-nickleby
Thank God,Miss Knag,2236,nicholas-nickleby
Thank God,Miss Knag,2236,nicholas-nickleby
Miss Knag,Thank God,2236,nicholas-nickleby
Miss Knag,Never,2242,nicholas-nickleby
Never,Miss Knag,2242,nicholas-nickleby
Never,Miss Knag,2242,nicholas-nickleby
Miss Knag,Never,2242,nicholas-nickleby
Poor,Kate,2243,nicholas-nickleby
Poor,Miss Knag,2243,nicholas-nickleby
Kate,Poor,2243,nicholas-nickleby
Kate,Miss Knag,2243,nicholas-nickleby
Miss Knag,Poor,2243,nicholas-nickleby
Miss Knag,Kate,2243,nicholas-nickleby
Mr. Ralph Nickleby,Dinner,2246,nicholas-nickleby
Mr. Ralph Nickleby,Dinner,2246,nicholas-nickleby
Dinner,Mr. Ralph Nickleby,2246,nicholas-nickleby
Dinner,Mr. Ralph Nickleby,2246,nicholas-nickleby
Mr. Ralph Nickleby,Mr. Nickleby,2248,nicholas-nickleby
Mr. Nickleby,Mr. Ralph Nickleby,2248,nicholas-nickleby
Mrs Nickleby,Nickleby,2254,nicholas-nickleby
Nickleby,Mrs Nickleby,2254,nicholas-nickleby
Nickleby,Kate,2275,nicholas-nickleby
Nickleby,Miss La Creevy,2275,nicholas-nickleby
Nickleby,Golden Square,2275,nicholas-nickleby
Kate,Nickleby,2275,nicholas-nickleby
Kate,Miss La Creevy,2275,nicholas-nickleby
Kate,Golden Square,2275,nicholas-nickleby
Miss La Creevy,Nickleby,2275,nicholas-nickleby
Miss La Creevy,Kate,2275,nicholas-nickleby
Miss La Creevy,Golden Square,2275,nicholas-nickleby
Golden Square,Nickleby,2275,nicholas-nickleby
Golden Square,Kate,2275,nicholas-nickleby
Golden Square,Miss La Creevy,2275,nicholas-nickleby
Frederick Verisopht,Miss Nickleby,2287,nicholas-nickleby
Miss Nickleby,Frederick Verisopht,2287,nicholas-nickleby
Mulberry Hawk,Ralph,2294,nicholas-nickleby
Ralph,Mulberry Hawk,2294,nicholas-nickleby
Miss Nickleby,Lord Frederick Verisopht,2295,nicholas-nickleby
Lord Frederick Verisopht,Miss Nickleby,2295,nicholas-nickleby
Pyke,Ralph,2297,nicholas-nickleby
Ralph,Pyke,2297,nicholas-nickleby
Nickleby,Sir Mulberry Hawk,2298,nicholas-nickleby
Sir Mulberry Hawk,Nickleby,2298,nicholas-nickleby
Pluck,Ralph,2299,nicholas-nickleby
Pluck,Ralph,2299,nicholas-nickleby
Pluck,Mr. Snobb,2299,nicholas-nickleby
Ralph,Pluck,2299,nicholas-nickleby
Ralph,Mr. Snobb,2299,nicholas-nickleby
Ralph,Pluck,2299,nicholas-nickleby
Ralph,Mr. Snobb,2299,nicholas-nickleby
Mr. Snobb,Pluck,2299,nicholas-nickleby
Mr. Snobb,Ralph,2299,nicholas-nickleby
Mr. Snobb,Ralph,2299,nicholas-nickleby
Nickleby,Lord Frederick Verisopht,2302,nicholas-nickleby
Nickleby,Ralph,2302,nicholas-nickleby
Lord Frederick Verisopht,Nickleby,2302,nicholas-nickleby
Lord Frederick Verisopht,Ralph,2302,nicholas-nickleby
Ralph,Nickleby,2302,nicholas-nickleby
Ralph,Lord Frederick Verisopht,2302,nicholas-nickleby
Lord Frederick,Mr. Pluck,2303,nicholas-nickleby
Mr. Pluck,Lord Frederick,2303,nicholas-nickleby
Sir,Mulberry,2306,nicholas-nickleby
Sir,Mr. Nickleby,2306,nicholas-nickleby
Sir,Messrs Pyke,2306,nicholas-nickleby
Sir,Pluck,2306,nicholas-nickleby
Mulberry,Sir,2306,nicholas-nickleby
Mulberry,Mr. Nickleby,2306,nicholas-nickleby
Mulberry,Messrs Pyke,2306,nicholas-nickleby
Mulberry,Pluck,2306,nicholas-nickleby
Mr. Nickleby,Sir,2306,nicholas-nickleby
Mr. Nickleby,Mulberry,2306,nicholas-nickleby
Mr. Nickleby,Messrs Pyke,2306,nicholas-nickleby
Mr. Nickleby,Pluck,2306,nicholas-nickleby
Messrs Pyke,Sir,2306,nicholas-nickleby
Messrs Pyke,Mulberry,2306,nicholas-nickleby
Messrs Pyke,Mr. Nickleby,2306,nicholas-nickleby
Messrs Pyke,Pluck,2306,nicholas-nickleby
Pluck,Sir,2306,nicholas-nickleby
Pluck,Mulberry,2306,nicholas-nickleby
Pluck,Mr. Nickleby,2306,nicholas-nickleby
Pluck,Messrs Pyke,2306,nicholas-nickleby
Sir Mulberry Hawk,Lord Frederick Verisopht,2307,nicholas-nickleby
Lord Frederick Verisopht,Sir Mulberry Hawk,2307,nicholas-nickleby
Verisopht,Sir Mulberry,2308,nicholas-nickleby
Verisopht,Miss Nickleby,2308,nicholas-nickleby
Sir Mulberry,Verisopht,2308,nicholas-nickleby
Sir Mulberry,Miss Nickleby,2308,nicholas-nickleby
Miss Nickleby,Verisopht,2308,nicholas-nickleby
Miss Nickleby,Sir Mulberry,2308,nicholas-nickleby
Lord Frederick,Miss Nickleby,2312,nicholas-nickleby
Miss Nickleby,Lord Frederick,2312,nicholas-nickleby
Sir Mulberry,Miss Nickleby,2313,nicholas-nickleby
Miss Nickleby,Sir Mulberry,2313,nicholas-nickleby
Nickleby,Lord Frederick,2314,nicholas-nickleby
Lord Frederick,Nickleby,2314,nicholas-nickleby
Ralph,Messrs Pyke,2315,nicholas-nickleby
Ralph,Pluck,2315,nicholas-nickleby
Messrs Pyke,Ralph,2315,nicholas-nickleby
Messrs Pyke,Pluck,2315,nicholas-nickleby
Pluck,Ralph,2315,nicholas-nickleby
Pluck,Messrs Pyke,2315,nicholas-nickleby
Mr. Pyke,Mr. Pluck,2322,nicholas-nickleby
Mr. Pyke,Sir Mulberry,2322,nicholas-nickleby
Mr. Pyke,Sir Mulberry Hawk,2322,nicholas-nickleby
Mr. Pluck,Mr. Pyke,2322,nicholas-nickleby
Mr. Pluck,Sir Mulberry,2322,nicholas-nickleby
Mr. Pluck,Sir Mulberry Hawk,2322,nicholas-nickleby
Sir Mulberry,Mr. Pyke,2322,nicholas-nickleby
Sir Mulberry,Mr. Pluck,2322,nicholas-nickleby
Sir Mulberry,Sir Mulberry Hawk,2322,nicholas-nickleby
Sir Mulberry Hawk,Mr. Pyke,2322,nicholas-nickleby
Sir Mulberry Hawk,Mr. Pluck,2322,nicholas-nickleby
Sir Mulberry Hawk,Sir Mulberry,2322,nicholas-nickleby
Messrs Pyke,Pluck,2323,nicholas-nickleby
Pluck,Messrs Pyke,2323,nicholas-nickleby
Pluck,Sir Mulberry Hawk,2329,nicholas-nickleby
Pluck,Sir Mulberry,2329,nicholas-nickleby
Pluck,Lord Frederick,2329,nicholas-nickleby
Pluck,Messrs Pyke,2329,nicholas-nickleby
Pluck,Sir Mulberry Hawk,2329,nicholas-nickleby
Sir Mulberry Hawk,Pluck,2329,nicholas-nickleby
Sir Mulberry Hawk,Sir Mulberry,2329,nicholas-nickleby
Sir Mulberry Hawk,Lord Frederick,2329,nicholas-nickleby
Sir Mulberry Hawk,Messrs Pyke,2329,nicholas-nickleby
Sir Mulberry Hawk,Pluck,2329,nicholas-nickleby
Sir Mulberry,Pluck,2329,nicholas-nickleby
Sir Mulberry,Sir Mulberry Hawk,2329,nicholas-nickleby
Sir Mulberry,Lord Frederick,2329,nicholas-nickleby
Sir Mulberry,Messrs Pyke,2329,nicholas-nickleby
Sir Mulberry,Pluck,2329,nicholas-nickleby
Sir Mulberry,Sir Mulberry Hawk,2329,nicholas-nickleby
Lord Frederick,Pluck,2329,nicholas-nickleby
Lord Frederick,Sir Mulberry Hawk,2329,nicholas-nickleby
Lord Frederick,Sir Mulberry,2329,nicholas-nickleby
Lord Frederick,Messrs Pyke,2329,nicholas-nickleby
Lord Frederick,Pluck,2329,nicholas-nickleby
Lord Frederick,Sir Mulberry Hawk,2329,nicholas-nickleby
Messrs Pyke,Pluck,2329,nicholas-nickleby
Messrs Pyke,Sir Mulberry Hawk,2329,nicholas-nickleby
Messrs Pyke,Sir Mulberry,2329,nicholas-nickleby
Messrs Pyke,Lord Frederick,2329,nicholas-nickleby
Messrs Pyke,Pluck,2329,nicholas-nickleby
Messrs Pyke,Sir Mulberry Hawk,2329,nicholas-nickleby
Pluck,Sir Mulberry Hawk,2329,nicholas-nickleby
Pluck,Sir Mulberry,2329,nicholas-nickleby
Pluck,Lord Frederick,2329,nicholas-nickleby
Pluck,Messrs Pyke,2329,nicholas-nickleby
Pluck,Sir Mulberry Hawk,2329,nicholas-nickleby
Sir Mulberry Hawk,Pluck,2329,nicholas-nickleby
Sir Mulberry Hawk,Sir Mulberry,2329,nicholas-nickleby
Sir Mulberry Hawk,Lord Frederick,2329,nicholas-nickleby
Sir Mulberry Hawk,Messrs Pyke,2329,nicholas-nickleby
Sir Mulberry Hawk,Pluck,2329,nicholas-nickleby
Kate,Sir Mulberry,2330,nicholas-nickleby
Sir Mulberry,Kate,2330,nicholas-nickleby
Miss Nickleby,Sir Mulberry,2331,nicholas-nickleby
Sir Mulberry,Miss Nickleby,2331,nicholas-nickleby
Sir Mulberry,Miss Nickleby,2333,nicholas-nickleby
Miss Nickleby,Sir Mulberry,2333,nicholas-nickleby
Sir Mulberry,Mr. Snobb,2335,nicholas-nickleby
Mr. Snobb,Sir Mulberry,2335,nicholas-nickleby
Kate,Uncle,2336,nicholas-nickleby
Uncle,Kate,2336,nicholas-nickleby
Sir Mulberry,Miss Nickleby,2338,nicholas-nickleby
Miss Nickleby,Sir Mulberry,2338,nicholas-nickleby
Snobb,Sir Mulberry Hawk,2345,nicholas-nickleby
Sir Mulberry Hawk,Snobb,2345,nicholas-nickleby
Miss Nickleby,Lord Frederick,2348,nicholas-nickleby
Lord Frederick,Miss Nickleby,2348,nicholas-nickleby
Sir Mulberry,Nickleby,2349,nicholas-nickleby
Sir Mulberry,Snobb,2349,nicholas-nickleby
Nickleby,Sir Mulberry,2349,nicholas-nickleby
Nickleby,Snobb,2349,nicholas-nickleby
Snobb,Sir Mulberry,2349,nicholas-nickleby
Snobb,Nickleby,2349,nicholas-nickleby
Sir Mulberry,Ralph,2357,nicholas-nickleby
Ralph,Sir Mulberry,2357,nicholas-nickleby
Sir Mulberry,Miss Nickleby,2365,nicholas-nickleby
Miss Nickleby,Sir Mulberry,2365,nicholas-nickleby
Sir Mulberry,Ralph Nickleby,2372,nicholas-nickleby
Ralph Nickleby,Sir Mulberry,2372,nicholas-nickleby
Ralph,Sir Mulberry Hawk,2375,nicholas-nickleby
Sir Mulberry Hawk,Ralph,2375,nicholas-nickleby
Ralph,Kate,2386,nicholas-nickleby
Kate,Ralph,2386,nicholas-nickleby
Ralph,Sir Mulberry Hawk,2392,nicholas-nickleby
Sir Mulberry Hawk,Ralph,2392,nicholas-nickleby
Madame Mantalini,Miss Nickleby,2410,nicholas-nickleby
Madame Mantalini,Miss La Creevy,2410,nicholas-nickleby
Miss Nickleby,Madame Mantalini,2410,nicholas-nickleby
Miss Nickleby,Miss La Creevy,2410,nicholas-nickleby
Miss La Creevy,Madame Mantalini,2410,nicholas-nickleby
Miss La Creevy,Miss Nickleby,2410,nicholas-nickleby
Miss La Creevy,Madame Mantalini,2414,nicholas-nickleby
Miss La Creevy,Miss Knag,2414,nicholas-nickleby
Madame Mantalini,Miss La Creevy,2414,nicholas-nickleby
Madame Mantalini,Miss Knag,2414,nicholas-nickleby
Miss Knag,Miss La Creevy,2414,nicholas-nickleby
Miss Knag,Madame Mantalini,2414,nicholas-nickleby
Miss Knag,Miss Nickleby,2415,nicholas-nickleby
Miss Nickleby,Miss Knag,2415,nicholas-nickleby
Miss La Creevy,Nicholas,2427,nicholas-nickleby
Nicholas,Miss La Creevy,2427,nicholas-nickleby
Miss La Creevy,Yorkshire,2436,nicholas-nickleby
Yorkshire,Miss La Creevy,2436,nicholas-nickleby
Miss La Creevy,Nicholas,2454,nicholas-nickleby
Nicholas,Miss La Creevy,2454,nicholas-nickleby
Ralph Nickleby,Nicholas,2455,nicholas-nickleby
Ralph Nickleby,Hence,2455,nicholas-nickleby
Ralph Nickleby,Miss La Creevy,2455,nicholas-nickleby
Ralph Nickleby,Mrs Nickleby,2455,nicholas-nickleby
Ralph Nickleby,Ralph,2455,nicholas-nickleby
Ralph Nickleby,Kate,2455,nicholas-nickleby
Ralph Nickleby,Miss La Creevy,2455,nicholas-nickleby
Nicholas,Ralph Nickleby,2455,nicholas-nickleby
Nicholas,Hence,2455,nicholas-nickleby
Nicholas,Miss La Creevy,2455,nicholas-nickleby
Nicholas,Mrs Nickleby,2455,nicholas-nickleby
Nicholas,Ralph,2455,nicholas-nickleby
Nicholas,Kate,2455,nicholas-nickleby
Nicholas,Miss La Creevy,2455,nicholas-nickleby
Hence,Ralph Nickleby,2455,nicholas-nickleby
Hence,Nicholas,2455,nicholas-nickleby
Hence,Miss La Creevy,2455,nicholas-nickleby
Hence,Mrs Nickleby,2455,nicholas-nickleby
Hence,Ralph,2455,nicholas-nickleby
Hence,Kate,2455,nicholas-nickleby
Hence,Miss La Creevy,2455,nicholas-nickleby
Miss La Creevy,Ralph Nickleby,2455,nicholas-nickleby
Miss La Creevy,Nicholas,2455,nicholas-nickleby
Miss La Creevy,Hence,2455,nicholas-nickleby
Miss La Creevy,Mrs Nickleby,2455,nicholas-nickleby
Miss La Creevy,Ralph,2455,nicholas-nickleby
Miss La Creevy,Kate,2455,nicholas-nickleby
Mrs Nickleby,Ralph Nickleby,2455,nicholas-nickleby
Mrs Nickleby,Nicholas,2455,nicholas-nickleby
Mrs Nickleby,Hence,2455,nicholas-nickleby
Mrs Nickleby,Miss La Creevy,2455,nicholas-nickleby
Mrs Nickleby,Ralph,2455,nicholas-nickleby
Mrs Nickleby,Kate,2455,nicholas-nickleby
Mrs Nickleby,Miss La Creevy,2455,nicholas-nickleby
Ralph,Ralph Nickleby,2455,nicholas-nickleby
Ralph,Nicholas,2455,nicholas-nickleby
Ralph,Hence,2455,nicholas-nickleby
Ralph,Miss La Creevy,2455,nicholas-nickleby
Ralph,Mrs Nickleby,2455,nicholas-nickleby
Ralph,Kate,2455,nicholas-nickleby
Ralph,Miss La Creevy,2455,nicholas-nickleby
Kate,Ralph Nickleby,2455,nicholas-nickleby
Kate,Nicholas,2455,nicholas-nickleby
Kate,Hence,2455,nicholas-nickleby
Kate,Miss La Creevy,2455,nicholas-nickleby
Kate,Mrs Nickleby,2455,nicholas-nickleby
Kate,Ralph,2455,nicholas-nickleby
Kate,Miss La Creevy,2455,nicholas-nickleby
Miss La Creevy,Ralph Nickleby,2455,nicholas-nickleby
Miss La Creevy,Nicholas,2455,nicholas-nickleby
Miss La Creevy,Hence,2455,nicholas-nickleby
Miss La Creevy,Mrs Nickleby,2455,nicholas-nickleby
Miss La Creevy,Ralph,2455,nicholas-nickleby
Miss La Creevy,Kate,2455,nicholas-nickleby
Kate,Mama,2460,nicholas-nickleby
Mama,Kate,2460,nicholas-nickleby
Ralph,Mrs Nickleby,2464,nicholas-nickleby
Mrs Nickleby,Ralph,2464,nicholas-nickleby
Ralph,Miss La Creevy,2466,nicholas-nickleby
Ralph,Nicholas,2466,nicholas-nickleby
Miss La Creevy,Ralph,2466,nicholas-nickleby
Miss La Creevy,Nicholas,2466,nicholas-nickleby
Nicholas,Ralph,2466,nicholas-nickleby
Nicholas,Miss La Creevy,2466,nicholas-nickleby
Kate,Nicholas,2480,nicholas-nickleby
Nicholas,Kate,2480,nicholas-nickleby
Ralph,Nicholas,2492,nicholas-nickleby
Nicholas,Ralph,2492,nicholas-nickleby
Mrs Nickleby,Nicholas,2497,nicholas-nickleby
Nicholas,Mrs Nickleby,2497,nicholas-nickleby
Nicholas,Ralph,2498,nicholas-nickleby
Ralph,Nicholas,2498,nicholas-nickleby
Mama,Uncle,2499,nicholas-nickleby
Mama,Heaven,2499,nicholas-nickleby
Uncle,Mama,2499,nicholas-nickleby
Uncle,Heaven,2499,nicholas-nickleby
Heaven,Mama,2499,nicholas-nickleby
Heaven,Uncle,2499,nicholas-nickleby
Ralph,Nickleby,2507,nicholas-nickleby
Ralph,Nicholas,2507,nicholas-nickleby
Nickleby,Ralph,2507,nicholas-nickleby
Nickleby,Nicholas,2507,nicholas-nickleby
Nicholas,Ralph,2507,nicholas-nickleby
Nicholas,Nickleby,2507,nicholas-nickleby
Ralph Nickleby,Nicholas,2508,nicholas-nickleby
Nicholas,Ralph Nickleby,2508,nicholas-nickleby
Smike,Nicholas,2512,nicholas-nickleby
Nicholas,Smike,2512,nicholas-nickleby
Nicholas,Smike,2516,nicholas-nickleby
Smike,Nicholas,2516,nicholas-nickleby
Madam,Miss Nickleby,2519,nicholas-nickleby
Miss Nickleby,Madam,2519,nicholas-nickleby
Miss Knag,Madame Mantalini,2524,nicholas-nickleby
Miss Knag,Miss Nickleby,2524,nicholas-nickleby
Madame Mantalini,Miss Knag,2524,nicholas-nickleby
Madame Mantalini,Miss Nickleby,2524,nicholas-nickleby
Madame Mantalini,Miss Knag,2524,nicholas-nickleby
Miss Nickleby,Miss Knag,2524,nicholas-nickleby
Miss Nickleby,Madame Mantalini,2524,nicholas-nickleby
Miss Nickleby,Miss Knag,2524,nicholas-nickleby
Miss Knag,Madame Mantalini,2524,nicholas-nickleby
Miss Knag,Miss Nickleby,2524,nicholas-nickleby
Miss Nickleby,Madame Mantalini,2525,nicholas-nickleby
Miss Nickleby,Kate,2525,nicholas-nickleby
Madame Mantalini,Miss Nickleby,2525,nicholas-nickleby
Madame Mantalini,Kate,2525,nicholas-nickleby
Kate,Miss Nickleby,2525,nicholas-nickleby
Kate,Madame Mantalini,2525,nicholas-nickleby
Kate,Mr. Mantalini,2532,nicholas-nickleby
Mr. Mantalini,Kate,2532,nicholas-nickleby
Mantalini,Mr. Mantalini,2540,nicholas-nickleby
Mr. Mantalini,Mantalini,2540,nicholas-nickleby
Mr. Mantalini,Nickleby,2544,nicholas-nickleby
Nickleby,Mr. Mantalini,2544,nicholas-nickleby
Mr. Mantalini,Miss Nickleby,2546,nicholas-nickleby
Mr. Mantalini,Madame Mantalini,2546,nicholas-nickleby
Mr. Mantalini,Madame Mantalini,2546,nicholas-nickleby
Miss Nickleby,Mr. Mantalini,2546,nicholas-nickleby
Miss Nickleby,Madame Mantalini,2546,nicholas-nickleby
Miss Nickleby,Mr. Mantalini,2546,nicholas-nickleby
Miss Nickleby,Mr. Mantalini,2546,nicholas-nickleby
Miss Nickleby,Madame Mantalini,2546,nicholas-nickleby
Madame Mantalini,Mr. Mantalini,2546,nicholas-nickleby
Madame Mantalini,Miss Nickleby,2546,nicholas-nickleby
Madame Mantalini,Mr. Mantalini,2546,nicholas-nickleby
Madame Mantalini,Mr. Mantalini,2546,nicholas-nickleby
Mr. Mantalini,Miss Nickleby,2546,nicholas-nickleby
Mr. Mantalini,Madame Mantalini,2546,nicholas-nickleby
Mr. Mantalini,Madame Mantalini,2546,nicholas-nickleby
Mr. Mantalini,Miss Nickleby,2546,nicholas-nickleby
Mr. Mantalini,Madame Mantalini,2546,nicholas-nickleby
Mr. Mantalini,Madame Mantalini,2546,nicholas-nickleby
Madame Mantalini,Mr. Mantalini,2546,nicholas-nickleby
Madame Mantalini,Miss Nickleby,2546,nicholas-nickleby
Madame Mantalini,Mr. Mantalini,2546,nicholas-nickleby
Madame Mantalini,Mr. Mantalini,2546,nicholas-nickleby
Madame Mantalini,Kate,2558,nicholas-nickleby
Madame Mantalini,Mr. Scaley,2558,nicholas-nickleby
Kate,Madame Mantalini,2558,nicholas-nickleby
Kate,Mr. Scaley,2558,nicholas-nickleby
Mr. Scaley,Madame Mantalini,2558,nicholas-nickleby
Mr. Scaley,Kate,2558,nicholas-nickleby
Tix,Mr. Scaley,2559,nicholas-nickleby
Mr. Scaley,Tix,2559,nicholas-nickleby
Mr. Tix,Mr. Scaley,2561,nicholas-nickleby
Mr. Tix,Madame Mantalini,2561,nicholas-nickleby
Mr. Scaley,Mr. Tix,2561,nicholas-nickleby
Mr. Scaley,Madame Mantalini,2561,nicholas-nickleby
Madame Mantalini,Mr. Tix,2561,nicholas-nickleby
Madame Mantalini,Mr. Scaley,2561,nicholas-nickleby
Madame Mantalini,Kate,2563,nicholas-nickleby
Kate,Madame Mantalini,2563,nicholas-nickleby
Poor,Madame Mantalini,2565,nicholas-nickleby
Poor,Mr. Scaley,2565,nicholas-nickleby
Poor,Mr. Tix,2565,nicholas-nickleby
Madame Mantalini,Poor,2565,nicholas-nickleby
Madame Mantalini,Mr. Scaley,2565,nicholas-nickleby
Madame Mantalini,Mr. Tix,2565,nicholas-nickleby
Mr. Scaley,Poor,2565,nicholas-nickleby
Mr. Scaley,Madame Mantalini,2565,nicholas-nickleby
Mr. Scaley,Mr. Tix,2565,nicholas-nickleby
Mr. Tix,Poor,2565,nicholas-nickleby
Mr. Tix,Madame Mantalini,2565,nicholas-nickleby
Mr. Tix,Mr. Scaley,2565,nicholas-nickleby
Such,Mr. Mantalini,2566,nicholas-nickleby
Such,Mr. Scaley,2566,nicholas-nickleby
Mr. Mantalini,Such,2566,nicholas-nickleby
Mr. Mantalini,Mr. Scaley,2566,nicholas-nickleby
Mr. Scaley,Such,2566,nicholas-nickleby
Mr. Scaley,Mr. Mantalini,2566,nicholas-nickleby
Mr. Tom Tix,Wot,2573,nicholas-nickleby
Mr. Tom Tix,Madame Mantalini,2573,nicholas-nickleby
Wot,Mr. Tom Tix,2573,nicholas-nickleby
Wot,Madame Mantalini,2573,nicholas-nickleby
Madame Mantalini,Mr. Tom Tix,2573,nicholas-nickleby
Madame Mantalini,Wot,2573,nicholas-nickleby
Mr. Scaley,Mr. Tix,2574,nicholas-nickleby
Mr. Tix,Mr. Scaley,2574,nicholas-nickleby
Nickleby,Madame Mantalini,2578,nicholas-nickleby
Nickleby,Heaven,2578,nicholas-nickleby
Nickleby,Alfred,2578,nicholas-nickleby
Nickleby,Alfred,2578,nicholas-nickleby
Madame Mantalini,Nickleby,2578,nicholas-nickleby
Madame Mantalini,Heaven,2578,nicholas-nickleby
Madame Mantalini,Alfred,2578,nicholas-nickleby
Madame Mantalini,Alfred,2578,nicholas-nickleby
Heaven,Nickleby,2578,nicholas-nickleby
Heaven,Madame Mantalini,2578,nicholas-nickleby
Heaven,Alfred,2578,nicholas-nickleby
Heaven,Alfred,2578,nicholas-nickleby
Alfred,Nickleby,2578,nicholas-nickleby
Alfred,Madame Mantalini,2578,nicholas-nickleby
Alfred,Heaven,2578,nicholas-nickleby
Alfred,Nickleby,2578,nicholas-nickleby
Alfred,Madame Mantalini,2578,nicholas-nickleby
Alfred,Heaven,2578,nicholas-nickleby
Mr. Mantalini,Demmit,2582,nicholas-nickleby
Demmit,Mr. Mantalini,2582,nicholas-nickleby
Demmit,Mr. Mantalini,2582,nicholas-nickleby
Mr. Mantalini,Demmit,2582,nicholas-nickleby
Mr.,Mantalini,2584,nicholas-nickleby
Mantalini,Mr.,2584,nicholas-nickleby
Mantalini,Miss Nickleby,2585,nicholas-nickleby
Mantalini,Nickleby,2585,nicholas-nickleby
Miss Nickleby,Mantalini,2585,nicholas-nickleby
Miss Nickleby,Nickleby,2585,nicholas-nickleby
Nickleby,Mantalini,2585,nicholas-nickleby
Nickleby,Miss Nickleby,2585,nicholas-nickleby
Kate,Nickleby,2589,nicholas-nickleby
Nickleby,Kate,2589,nicholas-nickleby
Kate,Mr. Ralph Nickleby,2591,nicholas-nickleby
Kate,Miss Nickleby,2591,nicholas-nickleby
Kate,Cadogan Place,2591,nicholas-nickleby
Kate,Sloane Street,2591,nicholas-nickleby
Mr. Ralph Nickleby,Kate,2591,nicholas-nickleby
Mr. Ralph Nickleby,Miss Nickleby,2591,nicholas-nickleby
Mr. Ralph Nickleby,Cadogan Place,2591,nicholas-nickleby
Mr. Ralph Nickleby,Sloane Street,2591,nicholas-nickleby
Miss Nickleby,Kate,2591,nicholas-nickleby
Miss Nickleby,Mr. Ralph Nickleby,2591,nicholas-nickleby
Miss Nickleby,Cadogan Place,2591,nicholas-nickleby
Miss Nickleby,Sloane Street,2591,nicholas-nickleby
Cadogan Place,Kate,2591,nicholas-nickleby
Cadogan Place,Mr. Ralph Nickleby,2591,nicholas-nickleby
Cadogan Place,Miss Nickleby,2591,nicholas-nickleby
Cadogan Place,Sloane Street,2591,nicholas-nickleby
Sloane Street,Kate,2591,nicholas-nickleby
Sloane Street,Mr. Ralph Nickleby,2591,nicholas-nickleby
Sloane Street,Miss Nickleby,2591,nicholas-nickleby
Sloane Street,Cadogan Place,2591,nicholas-nickleby
Cadogan,Sloane Street,2592,nicholas-nickleby
Cadogan,Brompton,2592,nicholas-nickleby
Cadogan,Grosvenor Place,2592,nicholas-nickleby
Cadogan,Cadogan Place,2592,nicholas-nickleby
Sloane Street,Cadogan,2592,nicholas-nickleby
Sloane Street,Brompton,2592,nicholas-nickleby
Sloane Street,Grosvenor Place,2592,nicholas-nickleby
Sloane Street,Cadogan Place,2592,nicholas-nickleby
Brompton,Cadogan,2592,nicholas-nickleby
Brompton,Sloane Street,2592,nicholas-nickleby
Brompton,Grosvenor Place,2592,nicholas-nickleby
Brompton,Cadogan Place,2592,nicholas-nickleby
Grosvenor Place,Cadogan,2592,nicholas-nickleby
Grosvenor Place,Sloane Street,2592,nicholas-nickleby
Grosvenor Place,Brompton,2592,nicholas-nickleby
Grosvenor Place,Cadogan Place,2592,nicholas-nickleby
Cadogan Place,Cadogan,2592,nicholas-nickleby
Cadogan Place,Sloane Street,2592,nicholas-nickleby
Cadogan Place,Brompton,2592,nicholas-nickleby
Cadogan Place,Grosvenor Place,2592,nicholas-nickleby
Nickleby,Kate,2612,nicholas-nickleby
Kate,Nickleby,2612,nicholas-nickleby
Kate,Nickleby,2612,nicholas-nickleby
Nickleby,Kate,2612,nicholas-nickleby
Kate,Mrs Nickleby,2614,nicholas-nickleby
Kate,Nickleby,2614,nicholas-nickleby
Mrs Nickleby,Kate,2614,nicholas-nickleby
Mrs Nickleby,Nickleby,2614,nicholas-nickleby
Nickleby,Kate,2614,nicholas-nickleby
Nickleby,Mrs Nickleby,2614,nicholas-nickleby
Mr. Wititterly,Sir Tumley Snuffim,2627,nicholas-nickleby
Mr. Wititterly,Nickleby,2627,nicholas-nickleby
Sir Tumley Snuffim,Mr. Wititterly,2627,nicholas-nickleby
Sir Tumley Snuffim,Mr. Wititterly,2627,nicholas-nickleby
Sir Tumley Snuffim,Nickleby,2627,nicholas-nickleby
Mr. Wititterly,Sir Tumley Snuffim,2627,nicholas-nickleby
Mr. Wititterly,Nickleby,2627,nicholas-nickleby
Nickleby,Mr. Wititterly,2627,nicholas-nickleby
Nickleby,Sir Tumley Snuffim,2627,nicholas-nickleby
Nickleby,Mr. Wititterly,2627,nicholas-nickleby
Mr. Wititterly,Mrs Wititterly,2635,nicholas-nickleby
Mrs Wititterly,Mr. Wititterly,2635,nicholas-nickleby
Mr. Wititterly,Miss Nickleby,2638,nicholas-nickleby
Miss Nickleby,Mr. Wititterly,2638,nicholas-nickleby
Smike,Mr. Vincent Crummles,2646,nicholas-nickleby
Mr. Vincent Crummles,Smike,2646,nicholas-nickleby
Nicholas,Kate,2652,nicholas-nickleby
Kate,Nicholas,2652,nicholas-nickleby
Smike,Newman Noggs,2653,nicholas-nickleby
Smike,Newman Noggs,2653,nicholas-nickleby
Newman Noggs,Smike,2653,nicholas-nickleby
Newman Noggs,Smike,2653,nicholas-nickleby
Kingston,Nicholas,2655,nicholas-nickleby
Nicholas,Kingston,2655,nicholas-nickleby
Nicholas,Newman,2662,nicholas-nickleby
Nicholas,Golden Square,2662,nicholas-nickleby
Newman,Nicholas,2662,nicholas-nickleby
Newman,Golden Square,2662,nicholas-nickleby
Golden Square,Nicholas,2662,nicholas-nickleby
Golden Square,Newman,2662,nicholas-nickleby
Smike,Nicholas,2663,nicholas-nickleby
Nicholas,Smike,2663,nicholas-nickleby
Nicholas,Smike,2669,nicholas-nickleby
Smike,Nicholas,2669,nicholas-nickleby
Punch Bowl,Smike,2704,nicholas-nickleby
Punch Bowl,Nicholas,2704,nicholas-nickleby
Punch Bowl,Devil,2704,nicholas-nickleby
Punch Bowl,Bowl,2704,nicholas-nickleby
Punch Bowl,Nicholas,2704,nicholas-nickleby
Smike,Punch Bowl,2704,nicholas-nickleby
Smike,Nicholas,2704,nicholas-nickleby
Smike,Devil,2704,nicholas-nickleby
Smike,Bowl,2704,nicholas-nickleby
Smike,Nicholas,2704,nicholas-nickleby
Nicholas,Punch Bowl,2704,nicholas-nickleby
Nicholas,Smike,2704,nicholas-nickleby
Nicholas,Devil,2704,nicholas-nickleby
Nicholas,Bowl,2704,nicholas-nickleby
Devil,Punch Bowl,2704,nicholas-nickleby
Devil,Smike,2704,nicholas-nickleby
Devil,Nicholas,2704,nicholas-nickleby
Devil,Bowl,2704,nicholas-nickleby
Devil,Nicholas,2704,nicholas-nickleby
Bowl,Punch Bowl,2704,nicholas-nickleby
Bowl,Smike,2704,nicholas-nickleby
Bowl,Nicholas,2704,nicholas-nickleby
Bowl,Devil,2704,nicholas-nickleby
Bowl,Nicholas,2704,nicholas-nickleby
Nicholas,Punch Bowl,2704,nicholas-nickleby
Nicholas,Smike,2704,nicholas-nickleby
Nicholas,Devil,2704,nicholas-nickleby
Nicholas,Bowl,2704,nicholas-nickleby
Smike,Nicholas,2715,nicholas-nickleby
Nicholas,Smike,2715,nicholas-nickleby
Nicholas,Smike,2728,nicholas-nickleby
Smike,Nicholas,2728,nicholas-nickleby
Mr.,Vincent Crummles,2731,nicholas-nickleby
Mr.,Nicholas,2731,nicholas-nickleby
Vincent Crummles,Mr.,2731,nicholas-nickleby
Vincent Crummles,Nicholas,2731,nicholas-nickleby
Nicholas,Mr.,2731,nicholas-nickleby
Nicholas,Vincent Crummles,2731,nicholas-nickleby
Mr. Crummles,Nicholas,2732,nicholas-nickleby
Nicholas,Mr. Crummles,2732,nicholas-nickleby
Nicholas,Mr. Crummles,2735,nicholas-nickleby
Mr. Crummles,Nicholas,2735,nicholas-nickleby
Mr.,Vincent Crummles,2752,nicholas-nickleby
Mr.,Nicholas,2752,nicholas-nickleby
Vincent Crummles,Mr.,2752,nicholas-nickleby
Vincent Crummles,Nicholas,2752,nicholas-nickleby
Nicholas,Mr.,2752,nicholas-nickleby
Nicholas,Vincent Crummles,2752,nicholas-nickleby
Smike,Nicholas,2762,nicholas-nickleby
Nicholas,Smike,2762,nicholas-nickleby
Nicholas,Smike,2764,nicholas-nickleby
Smike,Nicholas,2764,nicholas-nickleby
Nicholas,Mr. Vincent Crummles,2765,nicholas-nickleby
Mr. Vincent Crummles,Nicholas,2765,nicholas-nickleby
Mr. Vincent Crummles,Nicholas,2765,nicholas-nickleby
Nicholas,Mr. Vincent Crummles,2765,nicholas-nickleby
Mr.,Vincent Crummles,2778,nicholas-nickleby
Vincent Crummles,Mr.,2778,nicholas-nickleby
Mr. Vincent Crummles,Domestic,2807,nicholas-nickleby
Domestic,Mr. Vincent Crummles,2807,nicholas-nickleby
Mr. Crummles,Nicholas,2808,nicholas-nickleby
Mr. Crummles,Smike,2808,nicholas-nickleby
Nicholas,Mr. Crummles,2808,nicholas-nickleby
Nicholas,Smike,2808,nicholas-nickleby
Smike,Mr. Crummles,2808,nicholas-nickleby
Smike,Nicholas,2808,nicholas-nickleby
Mr. Vincent Crummles,Master Crummles,2809,nicholas-nickleby
Mr. Vincent Crummles,Mr. Crummles,2809,nicholas-nickleby
Master Crummles,Mr. Vincent Crummles,2809,nicholas-nickleby
Master Crummles,Mr. Crummles,2809,nicholas-nickleby
Mr. Crummles,Mr. Vincent Crummles,2809,nicholas-nickleby
Mr. Crummles,Master Crummles,2809,nicholas-nickleby
Mr. Crummles,Nicholas,2819,nicholas-nickleby
Nicholas,Mr. Crummles,2819,nicholas-nickleby
Nicholas,Mr. Crummles,2819,nicholas-nickleby
Mr. Crummles,Nicholas,2819,nicholas-nickleby
Mr. Vincent Crummles,Nicholas,2821,nicholas-nickleby
Nicholas,Mr. Vincent Crummles,2821,nicholas-nickleby
Mr. Vincent Crummles,Master Crummles,2822,nicholas-nickleby
Mr. Vincent Crummles,Master P. Crummles,2822,nicholas-nickleby
Mr. Vincent Crummles,Miss Crummles,2822,nicholas-nickleby
Master Crummles,Mr. Vincent Crummles,2822,nicholas-nickleby
Master Crummles,Master P. Crummles,2822,nicholas-nickleby
Master Crummles,Miss Crummles,2822,nicholas-nickleby
Master P. Crummles,Mr. Vincent Crummles,2822,nicholas-nickleby
Master P. Crummles,Master Crummles,2822,nicholas-nickleby
Master P. Crummles,Miss Crummles,2822,nicholas-nickleby
Miss Crummles,Mr. Vincent Crummles,2822,nicholas-nickleby
Miss Crummles,Master Crummles,2822,nicholas-nickleby
Miss Crummles,Master P. Crummles,2822,nicholas-nickleby
Nicholas,Smike,2826,nicholas-nickleby
Smike,Nicholas,2826,nicholas-nickleby
Johnson,Nicholas,2828,nicholas-nickleby
Johnson,Mrs Kenwigs,2828,nicholas-nickleby
Nicholas,Johnson,2828,nicholas-nickleby
Nicholas,Mrs Kenwigs,2828,nicholas-nickleby
Mrs Kenwigs,Johnson,2828,nicholas-nickleby
Mrs Kenwigs,Nicholas,2828,nicholas-nickleby
Mr. Vincent Crummles,Miss Ninetta Crummles,2840,nicholas-nickleby
Miss Ninetta Crummles,Mr. Vincent Crummles,2840,nicholas-nickleby
Mr.,Folair,2862,nicholas-nickleby
Folair,Mr.,2862,nicholas-nickleby
Jove,Mr. Folair,2866,nicholas-nickleby
Mr. Folair,Jove,2866,nicholas-nickleby
Mr. Folair,Holloa,2868,nicholas-nickleby
Holloa,Mr. Folair,2868,nicholas-nickleby
Mr. Lenville,Mr. Johnson,2873,nicholas-nickleby
Mr. Johnson,Mr. Lenville,2873,nicholas-nickleby
Tommy,Mr. Lenville,2874,nicholas-nickleby
Mr. Lenville,Tommy,2874,nicholas-nickleby
Crummles,Mr. Lenville,2876,nicholas-nickleby
Mr. Lenville,Crummles,2876,nicholas-nickleby
Mr. Lenville,Tommy,2878,nicholas-nickleby
Mr. Lenville,Crummles,2878,nicholas-nickleby
Tommy,Mr. Lenville,2878,nicholas-nickleby
Tommy,Crummles,2878,nicholas-nickleby
Crummles,Mr. Lenville,2878,nicholas-nickleby
Crummles,Tommy,2878,nicholas-nickleby
Miss Snevellicci,Lady Macbeth,2879,nicholas-nickleby
Miss Snevellicci,Miss Ledrook,2879,nicholas-nickleby
Miss Snevellicci,Miss Belvawney,2879,nicholas-nickleby
Miss Snevellicci,Mr. Crummles,2879,nicholas-nickleby
Miss Snevellicci,Mr. Lenville,2879,nicholas-nickleby
Miss Snevellicci,Miss Gazingi,2879,nicholas-nickleby
Miss Snevellicci,Mr. Crummles,2879,nicholas-nickleby
Miss Snevellicci,Mr. Crummles,2879,nicholas-nickleby
Lady Macbeth,Miss Snevellicci,2879,nicholas-nickleby
Lady Macbeth,Miss Ledrook,2879,nicholas-nickleby
Lady Macbeth,Miss Belvawney,2879,nicholas-nickleby
Lady Macbeth,Mr. Crummles,2879,nicholas-nickleby
Lady Macbeth,Mr. Lenville,2879,nicholas-nickleby
Lady Macbeth,Miss Gazingi,2879,nicholas-nickleby
Lady Macbeth,Mr. Crummles,2879,nicholas-nickleby
Lady Macbeth,Mr. Crummles,2879,nicholas-nickleby
Miss Ledrook,Miss Snevellicci,2879,nicholas-nickleby
Miss Ledrook,Lady Macbeth,2879,nicholas-nickleby
Miss Ledrook,Miss Belvawney,2879,nicholas-nickleby
Miss Ledrook,Mr. Crummles,2879,nicholas-nickleby
Miss Ledrook,Mr. Lenville,2879,nicholas-nickleby
Miss Ledrook,Miss Gazingi,2879,nicholas-nickleby
Miss Ledrook,Mr. Crummles,2879,nicholas-nickleby
Miss Ledrook,Mr. Crummles,2879,nicholas-nickleby
Miss Belvawney,Miss Snevellicci,2879,nicholas-nickleby
Miss Belvawney,Lady Macbeth,2879,nicholas-nickleby
Miss Belvawney,Miss Ledrook,2879,nicholas-nickleby
Miss Belvawney,Mr. Crummles,2879,nicholas-nickleby
Miss Belvawney,Mr. Lenville,2879,nicholas-nickleby
Miss Belvawney,Miss Gazingi,2879,nicholas-nickleby
Miss Belvawney,Mr. Crummles,2879,nicholas-nickleby
Miss Belvawney,Mr. Crummles,2879,nicholas-nickleby
Mr. Crummles,Miss Snevellicci,2879,nicholas-nickleby
Mr. Crummles,Lady Macbeth,2879,nicholas-nickleby
Mr. Crummles,Miss Ledrook,2879,nicholas-nickleby
Mr. Crummles,Miss Belvawney,2879,nicholas-nickleby
Mr. Crummles,Mr. Lenville,2879,nicholas-nickleby
Mr. Crummles,Miss Gazingi,2879,nicholas-nickleby
Mr. Lenville,Miss Snevellicci,2879,nicholas-nickleby
Mr. Lenville,Lady Macbeth,2879,nicholas-nickleby
Mr. Lenville,Miss Ledrook,2879,nicholas-nickleby
Mr. Lenville,Miss Belvawney,2879,nicholas-nickleby
Mr. Lenville,Mr. Crummles,2879,nicholas-nickleby
Mr. Lenville,Miss Gazingi,2879,nicholas-nickleby
Mr. Lenville,Mr. Crummles,2879,nicholas-nickleby
Mr. Lenville,Mr. Crummles,2879,nicholas-nickleby
Miss Gazingi,Miss Snevellicci,2879,nicholas-nickleby
Miss Gazingi,Lady Macbeth,2879,nicholas-nickleby
Miss Gazingi,Miss Ledrook,2879,nicholas-nickleby
Miss Gazingi,Miss Belvawney,2879,nicholas-nickleby
Miss Gazingi,Mr. Crummles,2879,nicholas-nickleby
Miss Gazingi,Mr. Lenville,2879,nicholas-nickleby
Miss Gazingi,Mr. Crummles,2879,nicholas-nickleby
Miss Gazingi,Mr. Crummles,2879,nicholas-nickleby
Mr. Crummles,Miss Snevellicci,2879,nicholas-nickleby
Mr. Crummles,Lady Macbeth,2879,nicholas-nickleby
Mr. Crummles,Miss Ledrook,2879,nicholas-nickleby
Mr. Crummles,Miss Belvawney,2879,nicholas-nickleby
Mr. Crummles,Mr. Lenville,2879,nicholas-nickleby
Mr. Crummles,Miss Gazingi,2879,nicholas-nickleby
Mr. Crummles,Miss Snevellicci,2879,nicholas-nickleby
Mr. Crummles,Lady Macbeth,2879,nicholas-nickleby
Mr. Crummles,Miss Ledrook,2879,nicholas-nickleby
Mr. Crummles,Miss Belvawney,2879,nicholas-nickleby
Mr. Crummles,Mr. Lenville,2879,nicholas-nickleby
Mr. Crummles,Miss Gazingi,2879,nicholas-nickleby
Mr.,Mr. Vincent Crummles,2880,nicholas-nickleby
Mr. Vincent Crummles,Mr.,2880,nicholas-nickleby
Miss Snevellicci,Nicholas,2881,nicholas-nickleby
Nicholas,Miss Snevellicci,2881,nicholas-nickleby
Whereupon,Miss Ledrook,2887,nicholas-nickleby
Miss Ledrook,Whereupon,2887,nicholas-nickleby
Miss Ledrook,Miss Snevellicci,2893,nicholas-nickleby
Miss Ledrook,Miss Snevellicci,2893,nicholas-nickleby
Miss Ledrook,Miss Snevellicci,2893,nicholas-nickleby
Miss Ledrook,Nicholas,2893,nicholas-nickleby
Miss Ledrook,Miss Snevellicci,2893,nicholas-nickleby
Miss Snevellicci,Miss Ledrook,2893,nicholas-nickleby
Miss Snevellicci,Miss Ledrook,2893,nicholas-nickleby
Miss Snevellicci,Miss Ledrook,2893,nicholas-nickleby
Miss Snevellicci,Nicholas,2893,nicholas-nickleby
Miss Snevellicci,Miss Ledrook,2893,nicholas-nickleby
Miss Snevellicci,Miss Ledrook,2893,nicholas-nickleby
Miss Snevellicci,Miss Ledrook,2893,nicholas-nickleby
Miss Snevellicci,Miss Ledrook,2893,nicholas-nickleby
Miss Snevellicci,Nicholas,2893,nicholas-nickleby
Miss Snevellicci,Miss Ledrook,2893,nicholas-nickleby
Miss Ledrook,Miss Snevellicci,2893,nicholas-nickleby
Miss Ledrook,Miss Snevellicci,2893,nicholas-nickleby
Miss Ledrook,Miss Snevellicci,2893,nicholas-nickleby
Miss Ledrook,Nicholas,2893,nicholas-nickleby
Miss Ledrook,Miss Snevellicci,2893,nicholas-nickleby
Miss Ledrook,Miss Snevellicci,2893,nicholas-nickleby
Miss Ledrook,Miss Snevellicci,2893,nicholas-nickleby
Miss Ledrook,Miss Snevellicci,2893,nicholas-nickleby
Miss Ledrook,Nicholas,2893,nicholas-nickleby
Miss Ledrook,Miss Snevellicci,2893,nicholas-nickleby
Miss Snevellicci,Miss Ledrook,2893,nicholas-nickleby
Miss Snevellicci,Miss Ledrook,2893,nicholas-nickleby
Miss Snevellicci,Miss Ledrook,2893,nicholas-nickleby
Miss Snevellicci,Nicholas,2893,nicholas-nickleby
Miss Snevellicci,Miss Ledrook,2893,nicholas-nickleby
Nicholas,Miss Ledrook,2893,nicholas-nickleby
Nicholas,Miss Snevellicci,2893,nicholas-nickleby
Nicholas,Miss Snevellicci,2893,nicholas-nickleby
Nicholas,Miss Ledrook,2893,nicholas-nickleby
Nicholas,Miss Ledrook,2893,nicholas-nickleby
Nicholas,Miss Snevellicci,2893,nicholas-nickleby
Nicholas,Miss Snevellicci,2893,nicholas-nickleby
Nicholas,Miss Ledrook,2893,nicholas-nickleby
Miss Snevellicci,Miss Ledrook,2893,nicholas-nickleby
Miss Snevellicci,Miss Ledrook,2893,nicholas-nickleby
Miss Snevellicci,Miss Ledrook,2893,nicholas-nickleby
Miss Snevellicci,Nicholas,2893,nicholas-nickleby
Miss Snevellicci,Miss Ledrook,2893,nicholas-nickleby
Miss Ledrook,Miss Snevellicci,2893,nicholas-nickleby
Miss Ledrook,Miss Snevellicci,2893,nicholas-nickleby
Miss Ledrook,Miss Snevellicci,2893,nicholas-nickleby
Miss Ledrook,Nicholas,2893,nicholas-nickleby
Miss Ledrook,Miss Snevellicci,2893,nicholas-nickleby
Mr. Vincent Crummles,Ways,2894,nicholas-nickleby
Ways,Mr. Vincent Crummles,2894,nicholas-nickleby
Mr. Crummles,Mr. Johnson,2896,nicholas-nickleby
Mr. Johnson,Mr. Crummles,2896,nicholas-nickleby
Mr. Crummles,Mr. Johnson,2898,nicholas-nickleby
Mr. Johnson,Mr. Crummles,2898,nicholas-nickleby
Nicholas,Smike,2899,nicholas-nickleby
Smike,Nicholas,2899,nicholas-nickleby
Nicholas,Mr. Crummles,2912,nicholas-nickleby
Nicholas,Mrs Crummles,2912,nicholas-nickleby
Nicholas,Smike,2912,nicholas-nickleby
Nicholas,Mrs Grudden,2912,nicholas-nickleby
Mr. Crummles,Nicholas,2912,nicholas-nickleby
Mr. Crummles,Mrs Crummles,2912,nicholas-nickleby
Mr. Crummles,Smike,2912,nicholas-nickleby
Mr. Crummles,Mrs Grudden,2912,nicholas-nickleby
Mrs Crummles,Nicholas,2912,nicholas-nickleby
Mrs Crummles,Mr. Crummles,2912,nicholas-nickleby
Mrs Crummles,Smike,2912,nicholas-nickleby
Mrs Crummles,Mrs Grudden,2912,nicholas-nickleby
Smike,Nicholas,2912,nicholas-nickleby
Smike,Mr. Crummles,2912,nicholas-nickleby
Smike,Mrs Crummles,2912,nicholas-nickleby
Smike,Mrs Grudden,2912,nicholas-nickleby
Mrs Grudden,Nicholas,2912,nicholas-nickleby
Mrs Grudden,Mr. Crummles,2912,nicholas-nickleby
Mrs Grudden,Mrs Crummles,2912,nicholas-nickleby
Mrs Grudden,Smike,2912,nicholas-nickleby
Mr. Crummles,Crummles,2913,nicholas-nickleby
Crummles,Mr. Crummles,2913,nicholas-nickleby
Mr.,Crummles,2914,nicholas-nickleby
Mr.,Thomas,2914,nicholas-nickleby
Mr.,Street,2914,nicholas-nickleby
Crummles,Mr.,2914,nicholas-nickleby
Crummles,Thomas,2914,nicholas-nickleby
Crummles,Street,2914,nicholas-nickleby
Thomas,Mr.,2914,nicholas-nickleby
Thomas,Crummles,2914,nicholas-nickleby
Thomas,Street,2914,nicholas-nickleby
Street,Mr.,2914,nicholas-nickleby
Street,Crummles,2914,nicholas-nickleby
Street,Thomas,2914,nicholas-nickleby
Mr. Bulph,Nicholas,2922,nicholas-nickleby
Mr. Bulph,Smike,2922,nicholas-nickleby
Mr. Bulph,Crummleses,2922,nicholas-nickleby
Nicholas,Mr. Bulph,2922,nicholas-nickleby
Nicholas,Smike,2922,nicholas-nickleby
Nicholas,Crummleses,2922,nicholas-nickleby
Smike,Mr. Bulph,2922,nicholas-nickleby
Smike,Nicholas,2922,nicholas-nickleby
Smike,Crummleses,2922,nicholas-nickleby
Crummleses,Mr. Bulph,2922,nicholas-nickleby
Crummleses,Nicholas,2922,nicholas-nickleby
Crummleses,Smike,2922,nicholas-nickleby
Mr. Crummles,Crummles,2930,nicholas-nickleby
Crummles,Mr. Crummles,2930,nicholas-nickleby
Mr. Crummles,Romeo,2942,nicholas-nickleby
Mr. Crummles,Juliet Miss Snevellicci,2942,nicholas-nickleby
Mr. Crummles,Jeremy Diddler,2942,nicholas-nickleby
Romeo,Mr. Crummles,2942,nicholas-nickleby
Romeo,Juliet Miss Snevellicci,2942,nicholas-nickleby
Romeo,Jeremy Diddler,2942,nicholas-nickleby
Juliet Miss Snevellicci,Mr. Crummles,2942,nicholas-nickleby
Juliet Miss Snevellicci,Romeo,2942,nicholas-nickleby
Juliet Miss Snevellicci,Jeremy Diddler,2942,nicholas-nickleby
Jeremy Diddler,Mr. Crummles,2942,nicholas-nickleby
Jeremy Diddler,Romeo,2942,nicholas-nickleby
Jeremy Diddler,Juliet Miss Snevellicci,2942,nicholas-nickleby
Smike,Heaven,2946,nicholas-nickleby
Heaven,Smike,2946,nicholas-nickleby
Nicholas,Mr. Folair,2950,nicholas-nickleby
Nicholas,Mr. Lenville,2950,nicholas-nickleby
Mr. Folair,Nicholas,2950,nicholas-nickleby
Mr. Folair,Mr. Lenville,2950,nicholas-nickleby
Mr. Lenville,Nicholas,2950,nicholas-nickleby
Mr. Lenville,Mr. Folair,2950,nicholas-nickleby
Mr. Lenville,Mr. Johnson,2958,nicholas-nickleby
Mr. Johnson,Mr. Lenville,2958,nicholas-nickleby
Mr. Lenville,Pierre,2974,nicholas-nickleby
Mr. Lenville,Try,2974,nicholas-nickleby
Mr. Lenville,Tommy,2974,nicholas-nickleby
Pierre,Mr. Lenville,2974,nicholas-nickleby
Pierre,Try,2974,nicholas-nickleby
Pierre,Tommy,2974,nicholas-nickleby
Try,Mr. Lenville,2974,nicholas-nickleby
Try,Pierre,2974,nicholas-nickleby
Try,Tommy,2974,nicholas-nickleby
Tommy,Mr. Lenville,2974,nicholas-nickleby
Tommy,Pierre,2974,nicholas-nickleby
Tommy,Try,2974,nicholas-nickleby
Nicholas,Smike,2976,nicholas-nickleby
Smike,Nicholas,2976,nicholas-nickleby
False,Mr. Lenville,2977,nicholas-nickleby
False,Mr. Crummles,2977,nicholas-nickleby
Mr. Lenville,False,2977,nicholas-nickleby
Mr. Lenville,Mr. Crummles,2977,nicholas-nickleby
Mr. Crummles,False,2977,nicholas-nickleby
Mr. Crummles,Mr. Lenville,2977,nicholas-nickleby
Nicholas,Mr. Crummles,2978,nicholas-nickleby
Mr. Crummles,Nicholas,2978,nicholas-nickleby
Nicholas,Crummles,2984,nicholas-nickleby
Crummles,Nicholas,2984,nicholas-nickleby
Mr. Crummles,Grudden,2987,nicholas-nickleby
Grudden,Mr. Crummles,2987,nicholas-nickleby
Nicholas,Miss Snevellicci,2989,nicholas-nickleby
Nicholas,Miss Bravassa,2989,nicholas-nickleby
Nicholas,Miss Belvawney,2989,nicholas-nickleby
Nicholas,Miss Snevellicci,2989,nicholas-nickleby
Nicholas,Miss Bravassa,2989,nicholas-nickleby
Nicholas,Mr. Lenville,2989,nicholas-nickleby
Miss Snevellicci,Nicholas,2989,nicholas-nickleby
Miss Snevellicci,Miss Bravassa,2989,nicholas-nickleby
Miss Snevellicci,Miss Belvawney,2989,nicholas-nickleby
Miss Snevellicci,Miss Bravassa,2989,nicholas-nickleby
Miss Snevellicci,Mr. Lenville,2989,nicholas-nickleby
Miss Bravassa,Nicholas,2989,nicholas-nickleby
Miss Bravassa,Miss Snevellicci,2989,nicholas-nickleby
Miss Bravassa,Miss Belvawney,2989,nicholas-nickleby
Miss Bravassa,Miss Snevellicci,2989,nicholas-nickleby
Miss Bravassa,Mr. Lenville,2989,nicholas-nickleby
Miss Belvawney,Nicholas,2989,nicholas-nickleby
Miss Belvawney,Miss Snevellicci,2989,nicholas-nickleby
Miss Belvawney,Miss Bravassa,2989,nicholas-nickleby
Miss Belvawney,Miss Snevellicci,2989,nicholas-nickleby
Miss Belvawney,Miss Bravassa,2989,nicholas-nickleby
Miss Belvawney,Mr. Lenville,2989,nicholas-nickleby
Miss Snevellicci,Nicholas,2989,nicholas-nickleby
Miss Snevellicci,Miss Bravassa,2989,nicholas-nickleby
Miss Snevellicci,Miss Belvawney,2989,nicholas-nickleby
Miss Snevellicci,Miss Bravassa,2989,nicholas-nickleby
Miss Snevellicci,Mr. Lenville,2989,nicholas-nickleby
Miss Bravassa,Nicholas,2989,nicholas-nickleby
Miss Bravassa,Miss Snevellicci,2989,nicholas-nickleby
Miss Bravassa,Miss Belvawney,2989,nicholas-nickleby
Miss Bravassa,Miss Snevellicci,2989,nicholas-nickleby
Miss Bravassa,Mr. Lenville,2989,nicholas-nickleby
Mr. Lenville,Nicholas,2989,nicholas-nickleby
Mr. Lenville,Miss Snevellicci,2989,nicholas-nickleby
Mr. Lenville,Miss Bravassa,2989,nicholas-nickleby
Mr. Lenville,Miss Belvawney,2989,nicholas-nickleby
Mr. Lenville,Miss Snevellicci,2989,nicholas-nickleby
Mr. Lenville,Miss Bravassa,2989,nicholas-nickleby
Mr. Crummles,Nicholas,2990,nicholas-nickleby
Nicholas,Mr. Crummles,2990,nicholas-nickleby
Nicholas,Mr. Crummles,2990,nicholas-nickleby
Mr. Crummles,Nicholas,2990,nicholas-nickleby
Johnson,Crummles,3002,nicholas-nickleby
Crummles,Johnson,3002,nicholas-nickleby
Mr. Crummles,Miss Snevellicci,3006,nicholas-nickleby
Mr. Crummles,Johnson,3006,nicholas-nickleby
Miss Snevellicci,Mr. Crummles,3006,nicholas-nickleby
Miss Snevellicci,Johnson,3006,nicholas-nickleby
Johnson,Mr. Crummles,3006,nicholas-nickleby
Johnson,Miss Snevellicci,3006,nicholas-nickleby
Mr. Johnson,Vincent,3008,nicholas-nickleby
Mr. Johnson,Miss Snevellicci,3008,nicholas-nickleby
Vincent,Mr. Johnson,3008,nicholas-nickleby
Vincent,Miss Snevellicci,3008,nicholas-nickleby
Miss Snevellicci,Mr. Johnson,3008,nicholas-nickleby
Miss Snevellicci,Vincent,3008,nicholas-nickleby
Johnson,Gallantry,3012,nicholas-nickleby
Gallantry,Johnson,3012,nicholas-nickleby
Miss,Snevellicci,3016,nicholas-nickleby
Miss,Mr.,3016,nicholas-nickleby
Miss,Crummles,3016,nicholas-nickleby
Miss,Nicholas,3016,nicholas-nickleby
Miss,Miss Snevellicci,3016,nicholas-nickleby
Snevellicci,Miss,3016,nicholas-nickleby
Snevellicci,Mr.,3016,nicholas-nickleby
Snevellicci,Crummles,3016,nicholas-nickleby
Snevellicci,Nicholas,3016,nicholas-nickleby
Snevellicci,Miss Snevellicci,3016,nicholas-nickleby
Mr.,Miss,3016,nicholas-nickleby
Mr.,Snevellicci,3016,nicholas-nickleby
Mr.,Crummles,3016,nicholas-nickleby
Mr.,Nicholas,3016,nicholas-nickleby
Mr.,Miss Snevellicci,3016,nicholas-nickleby
Crummles,Miss,3016,nicholas-nickleby
Crummles,Snevellicci,3016,nicholas-nickleby
Crummles,Mr.,3016,nicholas-nickleby
Crummles,Nicholas,3016,nicholas-nickleby
Crummles,Miss Snevellicci,3016,nicholas-nickleby
Nicholas,Miss,3016,nicholas-nickleby
Nicholas,Snevellicci,3016,nicholas-nickleby
Nicholas,Mr.,3016,nicholas-nickleby
Nicholas,Crummles,3016,nicholas-nickleby
Nicholas,Miss Snevellicci,3016,nicholas-nickleby
Miss Snevellicci,Miss,3016,nicholas-nickleby
Miss Snevellicci,Snevellicci,3016,nicholas-nickleby
Miss Snevellicci,Mr.,3016,nicholas-nickleby
Miss Snevellicci,Crummles,3016,nicholas-nickleby
Miss Snevellicci,Nicholas,3016,nicholas-nickleby
Nicholas,Lombard Street,3017,nicholas-nickleby
Lombard Street,Nicholas,3017,nicholas-nickleby
Mr. Johnson,Nicholas,3020,nicholas-nickleby
Nicholas,Mr. Johnson,3020,nicholas-nickleby
Nicholas,Miss Snevellicci,3022,nicholas-nickleby
Miss Snevellicci,Nicholas,3022,nicholas-nickleby
Nicholas,Miss Snevellicci,3025,nicholas-nickleby
Miss Snevellicci,Nicholas,3025,nicholas-nickleby
Nicholas,Miss Snevellicci,3029,nicholas-nickleby
Miss Snevellicci,Nicholas,3029,nicholas-nickleby
Nicholas,Miss Snevellicci,3038,nicholas-nickleby
Miss Snevellicci,Nicholas,3038,nicholas-nickleby
Miss Snevellicci,Curdle,3039,nicholas-nickleby
Curdle,Miss Snevellicci,3039,nicholas-nickleby
Curdle,Miss Snevellicci,3039,nicholas-nickleby
Miss Snevellicci,Curdle,3039,nicholas-nickleby
Curdle,Mr. Curdle,3040,nicholas-nickleby
Mr. Curdle,Curdle,3040,nicholas-nickleby
Miss,Snevellicci,3042,nicholas-nickleby
Miss,Curdle,3042,nicholas-nickleby
Miss,Mr. Curdle,3042,nicholas-nickleby
Miss,Curdle,3042,nicholas-nickleby
Miss,Mr. Curdle,3042,nicholas-nickleby
Snevellicci,Miss,3042,nicholas-nickleby
Snevellicci,Curdle,3042,nicholas-nickleby
Snevellicci,Mr. Curdle,3042,nicholas-nickleby
Snevellicci,Curdle,3042,nicholas-nickleby
Snevellicci,Mr. Curdle,3042,nicholas-nickleby
Curdle,Miss,3042,nicholas-nickleby
Curdle,Snevellicci,3042,nicholas-nickleby
Curdle,Mr. Curdle,3042,nicholas-nickleby
Curdle,Mr. Curdle,3042,nicholas-nickleby
Mr. Curdle,Miss,3042,nicholas-nickleby
Mr. Curdle,Snevellicci,3042,nicholas-nickleby
Mr. Curdle,Curdle,3042,nicholas-nickleby
Mr. Curdle,Curdle,3042,nicholas-nickleby
Curdle,Miss,3042,nicholas-nickleby
Curdle,Snevellicci,3042,nicholas-nickleby
Curdle,Mr. Curdle,3042,nicholas-nickleby
Curdle,Mr. Curdle,3042,nicholas-nickleby
Mr. Curdle,Miss,3042,nicholas-nickleby
Mr. Curdle,Snevellicci,3042,nicholas-nickleby
Mr. Curdle,Curdle,3042,nicholas-nickleby
Mr. Curdle,Curdle,3042,nicholas-nickleby
Mr. Curdle,Hamlet,3047,nicholas-nickleby
Hamlet,Mr. Curdle,3047,nicholas-nickleby
Mr.,Curdle,3048,nicholas-nickleby
Mr.,Miss Snevellicci,3048,nicholas-nickleby
Curdle,Mr.,3048,nicholas-nickleby
Curdle,Miss Snevellicci,3048,nicholas-nickleby
Miss Snevellicci,Mr.,3048,nicholas-nickleby
Miss Snevellicci,Curdle,3048,nicholas-nickleby
Miss Snevellicci,Mr. Johnson,3049,nicholas-nickleby
Mr. Johnson,Miss Snevellicci,3049,nicholas-nickleby
Mr.,Curdle,3054,nicholas-nickleby
Mr.,Mr. Curdle,3054,nicholas-nickleby
Curdle,Mr.,3054,nicholas-nickleby
Curdle,Mr. Curdle,3054,nicholas-nickleby
Mr. Curdle,Mr.,3054,nicholas-nickleby
Mr. Curdle,Curdle,3054,nicholas-nickleby
Curdle,Mr. Curdle,3057,nicholas-nickleby
Mr. Curdle,Curdle,3057,nicholas-nickleby
Mr. Curdle,Miss Snevellicci,3058,nicholas-nickleby
Mr. Curdle,Miss Snevellicci,3058,nicholas-nickleby
Miss Snevellicci,Mr. Curdle,3058,nicholas-nickleby
Miss Snevellicci,Mr. Curdle,3058,nicholas-nickleby
Miss Snevellicci,Mr. Curdle,3058,nicholas-nickleby
Miss Snevellicci,Mr. Curdle,3058,nicholas-nickleby
Mr. Curdle,Miss Snevellicci,3058,nicholas-nickleby
Mr. Curdle,Miss Snevellicci,3058,nicholas-nickleby
Miss,Snevellicci,3059,nicholas-nickleby
Miss,Nicholas,3059,nicholas-nickleby
Snevellicci,Miss,3059,nicholas-nickleby
Snevellicci,Nicholas,3059,nicholas-nickleby
Nicholas,Miss,3059,nicholas-nickleby
Nicholas,Snevellicci,3059,nicholas-nickleby
Mr. Curdle,Miss Snevellicci,3060,nicholas-nickleby
Mr. Curdle,Miss Snevellicci,3060,nicholas-nickleby
Miss Snevellicci,Mr. Curdle,3060,nicholas-nickleby
Miss Snevellicci,Mr. Curdle,3060,nicholas-nickleby
Mr. Borum,Miss Snevellicci,3065,nicholas-nickleby
Miss Snevellicci,Mr. Borum,3065,nicholas-nickleby
Miss Snevellicci,Fie,3067,nicholas-nickleby
Miss Snevellicci,Charlotte,3067,nicholas-nickleby
Miss Snevellicci,Miss Lane,3067,nicholas-nickleby
Fie,Miss Snevellicci,3067,nicholas-nickleby
Fie,Charlotte,3067,nicholas-nickleby
Fie,Miss Lane,3067,nicholas-nickleby
Charlotte,Miss Snevellicci,3067,nicholas-nickleby
Charlotte,Fie,3067,nicholas-nickleby
Charlotte,Miss Lane,3067,nicholas-nickleby
Miss Lane,Miss Snevellicci,3067,nicholas-nickleby
Miss Lane,Fie,3067,nicholas-nickleby
Miss Lane,Charlotte,3067,nicholas-nickleby
Miss,Lane,3068,nicholas-nickleby
Miss,Miss Borum,3068,nicholas-nickleby
Lane,Miss,3068,nicholas-nickleby
Lane,Miss Borum,3068,nicholas-nickleby
Miss Borum,Miss,3068,nicholas-nickleby
Miss Borum,Lane,3068,nicholas-nickleby
Miss Snevellicci,Crummles,3076,nicholas-nickleby
Miss Snevellicci,Miss Bravassa,3076,nicholas-nickleby
Miss Snevellicci,Mr. Crummles,3076,nicholas-nickleby
Crummles,Miss Snevellicci,3076,nicholas-nickleby
Crummles,Miss Bravassa,3076,nicholas-nickleby
Crummles,Mr. Crummles,3076,nicholas-nickleby
Miss Bravassa,Miss Snevellicci,3076,nicholas-nickleby
Miss Bravassa,Crummles,3076,nicholas-nickleby
Miss Bravassa,Mr. Crummles,3076,nicholas-nickleby
Mr. Crummles,Miss Snevellicci,3076,nicholas-nickleby
Mr. Crummles,Crummles,3076,nicholas-nickleby
Mr. Crummles,Miss Bravassa,3076,nicholas-nickleby
Miss Snevellicci,Again,3077,nicholas-nickleby
Miss Snevellicci,Again,3077,nicholas-nickleby
Again,Miss Snevellicci,3077,nicholas-nickleby
Again,Miss Snevellicci,3077,nicholas-nickleby
Again,Miss Snevellicci,3077,nicholas-nickleby
Again,Miss Snevellicci,3077,nicholas-nickleby
Miss Snevellicci,Again,3077,nicholas-nickleby
Miss Snevellicci,Again,3077,nicholas-nickleby
Nicholas,Mrs Grudden,3078,nicholas-nickleby
Mrs Grudden,Nicholas,3078,nicholas-nickleby
Miss Snevellicci,Nicholas,3079,nicholas-nickleby
Nicholas,Miss Snevellicci,3079,nicholas-nickleby
Nicholas,Mr. Curdle,3083,nicholas-nickleby
Nicholas,Mr. Curdle,3083,nicholas-nickleby
Nicholas,Shakespeare,3083,nicholas-nickleby
Mr. Curdle,Nicholas,3083,nicholas-nickleby
Mr. Curdle,Shakespeare,3083,nicholas-nickleby
Mr. Curdle,Nicholas,3083,nicholas-nickleby
Mr. Curdle,Shakespeare,3083,nicholas-nickleby
Shakespeare,Nicholas,3083,nicholas-nickleby
Shakespeare,Mr. Curdle,3083,nicholas-nickleby
Shakespeare,Mr. Curdle,3083,nicholas-nickleby
Johnson,Mr. Crummles,3084,nicholas-nickleby
Mr. Crummles,Johnson,3084,nicholas-nickleby
Mr. Crummles,Drury Lane,3090,nicholas-nickleby
Drury Lane,Mr. Crummles,3090,nicholas-nickleby
Mr. Crummles,Drury Lane,3093,nicholas-nickleby
Drury Lane,Mr. Crummles,3093,nicholas-nickleby
Mr. Crummles,Crummles,3097,nicholas-nickleby
Mr. Crummles,Crummles,3097,nicholas-nickleby
Mr. Crummles,Crummles,3097,nicholas-nickleby
Mr. Crummles,Blood Drinker,3097,nicholas-nickleby
Crummles,Mr. Crummles,3097,nicholas-nickleby
Crummles,Blood Drinker,3097,nicholas-nickleby
Crummles,Mr. Crummles,3097,nicholas-nickleby
Crummles,Blood Drinker,3097,nicholas-nickleby
Crummles,Mr. Crummles,3097,nicholas-nickleby
Crummles,Blood Drinker,3097,nicholas-nickleby
Blood Drinker,Mr. Crummles,3097,nicholas-nickleby
Blood Drinker,Crummles,3097,nicholas-nickleby
Blood Drinker,Crummles,3097,nicholas-nickleby
Blood Drinker,Crummles,3097,nicholas-nickleby
Mr. Crummles,Helen Macgregor,3105,nicholas-nickleby
Mr. Crummles,Johnson,3105,nicholas-nickleby
Helen Macgregor,Mr. Crummles,3105,nicholas-nickleby
Helen Macgregor,Johnson,3105,nicholas-nickleby
Helen Macgregor,Mr. Crummles,3105,nicholas-nickleby
Johnson,Mr. Crummles,3105,nicholas-nickleby
Johnson,Helen Macgregor,3105,nicholas-nickleby
Johnson,Mr. Crummles,3105,nicholas-nickleby
Mr. Crummles,Helen Macgregor,3105,nicholas-nickleby
Mr. Crummles,Johnson,3105,nicholas-nickleby
Mr. Crummles,Almost,3108,nicholas-nickleby
Mr. Crummles,Master Percy Crummles,3108,nicholas-nickleby
Mr. Crummles,Crummles,3108,nicholas-nickleby
Mr. Crummles,Henrietta Petowker,3108,nicholas-nickleby
Almost,Mr. Crummles,3108,nicholas-nickleby
Almost,Master Percy Crummles,3108,nicholas-nickleby
Almost,Crummles,3108,nicholas-nickleby
Almost,Henrietta Petowker,3108,nicholas-nickleby
Master Percy Crummles,Mr. Crummles,3108,nicholas-nickleby
Master Percy Crummles,Almost,3108,nicholas-nickleby
Master Percy Crummles,Crummles,3108,nicholas-nickleby
Master Percy Crummles,Henrietta Petowker,3108,nicholas-nickleby
Crummles,Mr. Crummles,3108,nicholas-nickleby
Crummles,Almost,3108,nicholas-nickleby
Crummles,Master Percy Crummles,3108,nicholas-nickleby
Crummles,Henrietta Petowker,3108,nicholas-nickleby
Henrietta Petowker,Mr. Crummles,3108,nicholas-nickleby
Henrietta Petowker,Almost,3108,nicholas-nickleby
Henrietta Petowker,Master Percy Crummles,3108,nicholas-nickleby
Henrietta Petowker,Crummles,3108,nicholas-nickleby
Mr. Crummles,Master Percy Crummles,3111,nicholas-nickleby
Mr. Crummles,Miss Petowker,3111,nicholas-nickleby
Master Percy Crummles,Mr. Crummles,3111,nicholas-nickleby
Master Percy Crummles,Miss Petowker,3111,nicholas-nickleby
Miss Petowker,Mr. Crummles,3111,nicholas-nickleby
Miss Petowker,Master Percy Crummles,3111,nicholas-nickleby
Mr. Vincent Crummles,Miss Petowker,3112,nicholas-nickleby
Mr. Vincent Crummles,Nay,3112,nicholas-nickleby
Mr. Vincent Crummles,Miss Petowker,3112,nicholas-nickleby
Mr. Vincent Crummles,Mr. Johnson,3112,nicholas-nickleby
Miss Petowker,Mr. Vincent Crummles,3112,nicholas-nickleby
Miss Petowker,Nay,3112,nicholas-nickleby
Miss Petowker,Mr. Johnson,3112,nicholas-nickleby
Nay,Mr. Vincent Crummles,3112,nicholas-nickleby
Nay,Miss Petowker,3112,nicholas-nickleby
Nay,Miss Petowker,3112,nicholas-nickleby
Nay,Mr. Johnson,3112,nicholas-nickleby
Miss Petowker,Mr. Vincent Crummles,3112,nicholas-nickleby
Miss Petowker,Nay,3112,nicholas-nickleby
Miss Petowker,Mr. Johnson,3112,nicholas-nickleby
Mr. Johnson,Mr. Vincent Crummles,3112,nicholas-nickleby
Mr. Johnson,Miss Petowker,3112,nicholas-nickleby
Mr. Johnson,Nay,3112,nicholas-nickleby
Mr. Johnson,Miss Petowker,3112,nicholas-nickleby
Nicholas,Miss Petowker,3113,nicholas-nickleby
Miss Petowker,Nicholas,3113,nicholas-nickleby
Smike,Mr. Johnson,3114,nicholas-nickleby
Mr. Johnson,Smike,3114,nicholas-nickleby
Nicholas,Smike,3115,nicholas-nickleby
Smike,Nicholas,3115,nicholas-nickleby
Mr.,Lillyvick,3125,nicholas-nickleby
Lillyvick,Mr.,3125,nicholas-nickleby
Mr. Lillyvick,Henrietta Petowker,3128,nicholas-nickleby
Henrietta Petowker,Mr. Lillyvick,3128,nicholas-nickleby
Nicholas,Mr. Lillyvick,3129,nicholas-nickleby
Mr. Lillyvick,Nicholas,3129,nicholas-nickleby
Lillyvick,Nicholas,3143,nicholas-nickleby
Nicholas,Lillyvick,3143,nicholas-nickleby
Mr. Lillyvick,Mr. Noggs,3154,nicholas-nickleby
Mr. Noggs,Mr. Lillyvick,3154,nicholas-nickleby
Nicholas,Crummles,3155,nicholas-nickleby
Crummles,Nicholas,3155,nicholas-nickleby
Nicholas,Miss Snevellicci,3161,nicholas-nickleby
Nicholas,Miss Ledrook,3161,nicholas-nickleby
Miss Snevellicci,Nicholas,3161,nicholas-nickleby
Miss Snevellicci,Miss Ledrook,3161,nicholas-nickleby
Miss Ledrook,Nicholas,3161,nicholas-nickleby
Miss Ledrook,Miss Snevellicci,3161,nicholas-nickleby
Mr. Lillyvick,Nicholas,3169,nicholas-nickleby
Nicholas,Mr. Lillyvick,3169,nicholas-nickleby
Miss Snevellicci,Miss Ledrook,3172,nicholas-nickleby
Miss Ledrook,Miss Snevellicci,3172,nicholas-nickleby
Miss Petowker,Lillyvick,3180,nicholas-nickleby
Lillyvick,Miss Petowker,3180,nicholas-nickleby
Miss Snevellicci,Miss Petowker,3182,nicholas-nickleby
Miss Petowker,Miss Snevellicci,3182,nicholas-nickleby
Miss,Petowker,3184,nicholas-nickleby
Petowker,Miss,3184,nicholas-nickleby
Miss Petowker,Crummles,3187,nicholas-nickleby
Miss Petowker,Mr. Crummles,3187,nicholas-nickleby
Miss Petowker,Miss Ninetta Crummles,3187,nicholas-nickleby
Crummles,Miss Petowker,3187,nicholas-nickleby
Crummles,Mr. Crummles,3187,nicholas-nickleby
Crummles,Miss Ninetta Crummles,3187,nicholas-nickleby
Mr. Crummles,Miss Petowker,3187,nicholas-nickleby
Mr. Crummles,Crummles,3187,nicholas-nickleby
Mr. Crummles,Miss Ninetta Crummles,3187,nicholas-nickleby
Miss Ninetta Crummles,Miss Petowker,3187,nicholas-nickleby
Miss Ninetta Crummles,Crummles,3187,nicholas-nickleby
Miss Ninetta Crummles,Mr. Crummles,3187,nicholas-nickleby
Miss Bravassa,Mr. Crummles,3188,nicholas-nickleby
Miss Bravassa,Miss Snevellicci,3188,nicholas-nickleby
Miss Bravassa,Miss Ledrook,3188,nicholas-nickleby
Miss Bravassa,Miss Ledrook,3188,nicholas-nickleby
Miss Bravassa,Mrs Crummles,3188,nicholas-nickleby
Mr. Crummles,Miss Bravassa,3188,nicholas-nickleby
Mr. Crummles,Miss Snevellicci,3188,nicholas-nickleby
Mr. Crummles,Miss Ledrook,3188,nicholas-nickleby
Mr. Crummles,Miss Ledrook,3188,nicholas-nickleby
Mr. Crummles,Mrs Crummles,3188,nicholas-nickleby
Miss Snevellicci,Miss Bravassa,3188,nicholas-nickleby
Miss Snevellicci,Mr. Crummles,3188,nicholas-nickleby
Miss Snevellicci,Miss Ledrook,3188,nicholas-nickleby
Miss Snevellicci,Miss Ledrook,3188,nicholas-nickleby
Miss Snevellicci,Mrs Crummles,3188,nicholas-nickleby
Miss Ledrook,Miss Bravassa,3188,nicholas-nickleby
Miss Ledrook,Mr. Crummles,3188,nicholas-nickleby
Miss Ledrook,Miss Snevellicci,3188,nicholas-nickleby
Miss Ledrook,Mrs Crummles,3188,nicholas-nickleby
Miss Ledrook,Miss Bravassa,3188,nicholas-nickleby
Miss Ledrook,Mr. Crummles,3188,nicholas-nickleby
Miss Ledrook,Miss Snevellicci,3188,nicholas-nickleby
Miss Ledrook,Mrs Crummles,3188,nicholas-nickleby
Mrs Crummles,Miss Bravassa,3188,nicholas-nickleby
Mrs Crummles,Mr. Crummles,3188,nicholas-nickleby
Mrs Crummles,Miss Snevellicci,3188,nicholas-nickleby
Mrs Crummles,Miss Ledrook,3188,nicholas-nickleby
Mrs Crummles,Miss Ledrook,3188,nicholas-nickleby
Mr. Crummles,George,3189,nicholas-nickleby
George,Mr. Crummles,3189,nicholas-nickleby
Mr. Crummles,Nicholas,3190,nicholas-nickleby
Mr. Crummles,Nicholas,3190,nicholas-nickleby
Nicholas,Mr. Crummles,3190,nicholas-nickleby
Nicholas,Mr. Crummles,3190,nicholas-nickleby
Miss Petowker,Mr. Lillyvick,3192,nicholas-nickleby
Mr. Lillyvick,Miss Petowker,3192,nicholas-nickleby
Mr.,Lillyvick,3198,nicholas-nickleby
Lillyvick,Mr.,3198,nicholas-nickleby
Mr. Lillyvick,Henrietta Pe,3203,nicholas-nickleby
Henrietta Pe,Mr. Lillyvick,3203,nicholas-nickleby
Henrietta Lillyvick,Mr.,3205,nicholas-nickleby
Mr.,Henrietta Lillyvick,3205,nicholas-nickleby
Lillyvick,Mr. Folair,3213,nicholas-nickleby
Lillyvick,Nicholas,3213,nicholas-nickleby
Lillyvick,Mr. Folair,3213,nicholas-nickleby
Lillyvick,Nicholas,3213,nicholas-nickleby
Mr. Folair,Lillyvick,3213,nicholas-nickleby
Mr. Folair,Lillyvick,3213,nicholas-nickleby
Mr. Folair,Nicholas,3213,nicholas-nickleby
Nicholas,Lillyvick,3213,nicholas-nickleby
Nicholas,Lillyvick,3213,nicholas-nickleby
Nicholas,Mr. Folair,3213,nicholas-nickleby
Nicholas,Crummles,3214,nicholas-nickleby
Nicholas,Crummles,3214,nicholas-nickleby
Nicholas,Miss Ledrook,3214,nicholas-nickleby
Nicholas,Miss Bravassa,3214,nicholas-nickleby
Crummles,Nicholas,3214,nicholas-nickleby
Crummles,Miss Ledrook,3214,nicholas-nickleby
Crummles,Miss Bravassa,3214,nicholas-nickleby
Crummles,Nicholas,3214,nicholas-nickleby
Crummles,Miss Ledrook,3214,nicholas-nickleby
Crummles,Miss Bravassa,3214,nicholas-nickleby
Miss Ledrook,Nicholas,3214,nicholas-nickleby
Miss Ledrook,Crummles,3214,nicholas-nickleby
Miss Ledrook,Crummles,3214,nicholas-nickleby
Miss Ledrook,Miss Bravassa,3214,nicholas-nickleby
Miss Bravassa,Nicholas,3214,nicholas-nickleby
Miss Bravassa,Crummles,3214,nicholas-nickleby
Miss Bravassa,Crummles,3214,nicholas-nickleby
Miss Bravassa,Miss Ledrook,3214,nicholas-nickleby
Mr. Lillyvick,Ryde,3215,nicholas-nickleby
Ryde,Mr. Lillyvick,3215,nicholas-nickleby
Ryde,Mr. Lillyvick,3215,nicholas-nickleby
Mr. Lillyvick,Ryde,3215,nicholas-nickleby
Mr. Crummles,Nicholas,3216,nicholas-nickleby
Mr. Crummles,Romeo,3216,nicholas-nickleby
Nicholas,Mr. Crummles,3216,nicholas-nickleby
Nicholas,Romeo,3216,nicholas-nickleby
Romeo,Mr. Crummles,3216,nicholas-nickleby
Romeo,Nicholas,3216,nicholas-nickleby
Smike,Nicholas,3218,nicholas-nickleby
Nicholas,Smike,3218,nicholas-nickleby
Nicholas,'Well,3222,nicholas-nickleby
Nicholas,Smike,3222,nicholas-nickleby
Nicholas,Who,3222,nicholas-nickleby
'Well,Nicholas,3222,nicholas-nickleby
'Well,Smike,3222,nicholas-nickleby
'Well,Who,3222,nicholas-nickleby
Smike,Nicholas,3222,nicholas-nickleby
Smike,'Well,3222,nicholas-nickleby
Smike,Who,3222,nicholas-nickleby
Who,Nicholas,3222,nicholas-nickleby
Who,'Well,3222,nicholas-nickleby
Who,Smike,3222,nicholas-nickleby
Smike,Nicholas,3226,nicholas-nickleby
Nicholas,Smike,3226,nicholas-nickleby
Nicholas,Smike,3226,nicholas-nickleby
Smike,Nicholas,3226,nicholas-nickleby
Smike,Nicholas,3227,nicholas-nickleby
Nicholas,Smike,3227,nicholas-nickleby
Nicholas,Smike,3229,nicholas-nickleby
Smike,Nicholas,3229,nicholas-nickleby
Lord Frederick Verisopht,Sir Mulberry Hawk,3233,nicholas-nickleby
Sir Mulberry Hawk,Lord Frederick Verisopht,3233,nicholas-nickleby
Lord,Frederick Verisopht,3236,nicholas-nickleby
Frederick Verisopht,Lord,3236,nicholas-nickleby
Sir Mulberry Hawk,Kate,3265,nicholas-nickleby
Sir Mulberry Hawk,Ralph,3265,nicholas-nickleby
Sir Mulberry Hawk,Ralph Nickleby,3265,nicholas-nickleby
Kate,Sir Mulberry Hawk,3265,nicholas-nickleby
Kate,Ralph,3265,nicholas-nickleby
Kate,Ralph Nickleby,3265,nicholas-nickleby
Kate,Sir Mulberry Hawk,3265,nicholas-nickleby
Ralph,Sir Mulberry Hawk,3265,nicholas-nickleby
Ralph,Kate,3265,nicholas-nickleby
Ralph,Ralph Nickleby,3265,nicholas-nickleby
Ralph,Sir Mulberry Hawk,3265,nicholas-nickleby
Ralph Nickleby,Sir Mulberry Hawk,3265,nicholas-nickleby
Ralph Nickleby,Kate,3265,nicholas-nickleby
Ralph Nickleby,Ralph,3265,nicholas-nickleby
Ralph Nickleby,Sir Mulberry Hawk,3265,nicholas-nickleby
Sir Mulberry Hawk,Kate,3265,nicholas-nickleby
Sir Mulberry Hawk,Ralph,3265,nicholas-nickleby
Sir Mulberry Hawk,Ralph Nickleby,3265,nicholas-nickleby
Sir Mulberry,Ralph Nickleby,3266,nicholas-nickleby
Ralph Nickleby,Sir Mulberry,3266,nicholas-nickleby
Ralph Nickleby,Sir Mulberry,3266,nicholas-nickleby
Sir Mulberry,Ralph Nickleby,3266,nicholas-nickleby
Lord,Verisopht,3292,nicholas-nickleby
Lord,Ralph,3292,nicholas-nickleby
Lord,Sir Mulberry Hawk,3292,nicholas-nickleby
Verisopht,Lord,3292,nicholas-nickleby
Verisopht,Ralph,3292,nicholas-nickleby
Verisopht,Sir Mulberry Hawk,3292,nicholas-nickleby
Ralph,Lord,3292,nicholas-nickleby
Ralph,Verisopht,3292,nicholas-nickleby
Ralph,Sir Mulberry Hawk,3292,nicholas-nickleby
Sir Mulberry Hawk,Lord,3292,nicholas-nickleby
Sir Mulberry Hawk,Verisopht,3292,nicholas-nickleby
Sir Mulberry Hawk,Ralph,3292,nicholas-nickleby
Ralph,Lord Frederick,3295,nicholas-nickleby
Ralph,Sir Mulberry,3295,nicholas-nickleby
Lord Frederick,Ralph,3295,nicholas-nickleby
Lord Frederick,Sir Mulberry,3295,nicholas-nickleby
Sir Mulberry,Ralph,3295,nicholas-nickleby
Sir Mulberry,Lord Frederick,3295,nicholas-nickleby
Ralph,Sir Mulberry Hawk,3296,nicholas-nickleby
Sir Mulberry Hawk,Ralph,3296,nicholas-nickleby
Newman,Ralph,3297,nicholas-nickleby
Newman,Nickleby,3297,nicholas-nickleby
Ralph,Newman,3297,nicholas-nickleby
Ralph,Nickleby,3297,nicholas-nickleby
Nickleby,Newman,3297,nicholas-nickleby
Nickleby,Ralph,3297,nicholas-nickleby
Sir Mulberry Hawk,Sir Mulberry,3301,nicholas-nickleby
Sir Mulberry,Sir Mulberry Hawk,3301,nicholas-nickleby
Miss Nickleby,Lord Frederick,3309,nicholas-nickleby
Lord Frederick,Miss Nickleby,3309,nicholas-nickleby
Nickleby,Kate,3311,nicholas-nickleby
Kate,Nickleby,3311,nicholas-nickleby
Ralph,Nickleby,3312,nicholas-nickleby
Nickleby,Ralph,3312,nicholas-nickleby
Sir Mulberry,Nickleby,3314,nicholas-nickleby
Nickleby,Sir Mulberry,3314,nicholas-nickleby
Lombard Street,Thames Street,3319,nicholas-nickleby
Lombard Street,Spigwiffin,3319,nicholas-nickleby
Thames Street,Lombard Street,3319,nicholas-nickleby
Thames Street,Spigwiffin,3319,nicholas-nickleby
Spigwiffin,Lombard Street,3319,nicholas-nickleby
Spigwiffin,Thames Street,3319,nicholas-nickleby
Sir Mulberry,Nickleby,3326,nicholas-nickleby
Nickleby,Sir Mulberry,3326,nicholas-nickleby
Sir Mulberry Hawk,Ralph,3329,nicholas-nickleby
Ralph,Sir Mulberry Hawk,3329,nicholas-nickleby
Mrs Nickleby,Kate,3334,nicholas-nickleby
Kate,Mrs Nickleby,3334,nicholas-nickleby
Kate,Sir Mulberry,3336,nicholas-nickleby
Kate,Sir Mulberry,3336,nicholas-nickleby
Kate,Sir Mulberry,3336,nicholas-nickleby
Kate,Sir Mulberry,3336,nicholas-nickleby
Kate,Sir Mulberry,3336,nicholas-nickleby
Kate,Sir Mulberry,3336,nicholas-nickleby
Kate,Sir Mulberry,3336,nicholas-nickleby
Kate,Sir Mulberry,3336,nicholas-nickleby
Sir Mulberry,Kate,3336,nicholas-nickleby
Sir Mulberry,Kate,3336,nicholas-nickleby
Sir Mulberry,Kate,3336,nicholas-nickleby
Sir Mulberry,Kate,3336,nicholas-nickleby
Sir Mulberry,Kate,3336,nicholas-nickleby
Sir Mulberry,Kate,3336,nicholas-nickleby
Sir Mulberry,Kate,3336,nicholas-nickleby
Sir Mulberry,Kate,3336,nicholas-nickleby
Ralph,God,3337,nicholas-nickleby
Ralph,God,3337,nicholas-nickleby
God,Ralph,3337,nicholas-nickleby
God,Ralph,3337,nicholas-nickleby
Ralph,Pshaw,3338,nicholas-nickleby
Pshaw,Ralph,3338,nicholas-nickleby
Messrs Pyke,Pluck,3343,nicholas-nickleby
Pluck,Messrs Pyke,3343,nicholas-nickleby
Nickleby,Lady Mulberry Hawk,3344,nicholas-nickleby
Nickleby,Lady Mulberry Hawk,3344,nicholas-nickleby
Nickleby,Hanover Square,3344,nicholas-nickleby
Nickleby,Sir Mulberry Hawk,3344,nicholas-nickleby
Nickleby,Mulberry Castle,3344,nicholas-nickleby
Nickleby,Nicholas Nickleby,3344,nicholas-nickleby
Nickleby,Esquire,3344,nicholas-nickleby
Nickleby,Nicholas Nickleby,3344,nicholas-nickleby
Lady Mulberry Hawk,Nickleby,3344,nicholas-nickleby
Lady Mulberry Hawk,Hanover Square,3344,nicholas-nickleby
Lady Mulberry Hawk,Sir Mulberry Hawk,3344,nicholas-nickleby
Lady Mulberry Hawk,Mulberry Castle,3344,nicholas-nickleby
Lady Mulberry Hawk,Nicholas Nickleby,3344,nicholas-nickleby
Lady Mulberry Hawk,Esquire,3344,nicholas-nickleby
Lady Mulberry Hawk,Nicholas Nickleby,3344,nicholas-nickleby
Lady Mulberry Hawk,Nickleby,3344,nicholas-nickleby
Lady Mulberry Hawk,Hanover Square,3344,nicholas-nickleby
Lady Mulberry Hawk,Sir Mulberry Hawk,3344,nicholas-nickleby
Lady Mulberry Hawk,Mulberry Castle,3344,nicholas-nickleby
Lady Mulberry Hawk,Nicholas Nickleby,3344,nicholas-nickleby
Lady Mulberry Hawk,Esquire,3344,nicholas-nickleby
Lady Mulberry Hawk,Nicholas Nickleby,3344,nicholas-nickleby
Hanover Square,Nickleby,3344,nicholas-nickleby
Hanover Square,Lady Mulberry Hawk,3344,nicholas-nickleby
Hanover Square,Lady Mulberry Hawk,3344,nicholas-nickleby
Hanover Square,Sir Mulberry Hawk,3344,nicholas-nickleby
Hanover Square,Mulberry Castle,3344,nicholas-nickleby
Hanover Square,Nicholas Nickleby,3344,nicholas-nickleby
Hanover Square,Esquire,3344,nicholas-nickleby
Hanover Square,Nicholas Nickleby,3344,nicholas-nickleby
Sir Mulberry Hawk,Nickleby,3344,nicholas-nickleby
Sir Mulberry Hawk,Lady Mulberry Hawk,3344,nicholas-nickleby
Sir Mulberry Hawk,Lady Mulberry Hawk,3344,nicholas-nickleby
Sir Mulberry Hawk,Hanover Square,3344,nicholas-nickleby
Sir Mulberry Hawk,Mulberry Castle,3344,nicholas-nickleby
Sir Mulberry Hawk,Nicholas Nickleby,3344,nicholas-nickleby
Sir Mulberry Hawk,Esquire,3344,nicholas-nickleby
Sir Mulberry Hawk,Nicholas Nickleby,3344,nicholas-nickleby
Mulberry Castle,Nickleby,3344,nicholas-nickleby
Mulberry Castle,Lady Mulberry Hawk,3344,nicholas-nickleby
Mulberry Castle,Lady Mulberry Hawk,3344,nicholas-nickleby
Mulberry Castle,Hanover Square,3344,nicholas-nickleby
Mulberry Castle,Sir Mulberry Hawk,3344,nicholas-nickleby
Mulberry Castle,Nicholas Nickleby,3344,nicholas-nickleby
Mulberry Castle,Esquire,3344,nicholas-nickleby
Mulberry Castle,Nicholas Nickleby,3344,nicholas-nickleby
Nicholas Nickleby,Nickleby,3344,nicholas-nickleby
Nicholas Nickleby,Lady Mulberry Hawk,3344,nicholas-nickleby
Nicholas Nickleby,Lady Mulberry Hawk,3344,nicholas-nickleby
Nicholas Nickleby,Hanover Square,3344,nicholas-nickleby
Nicholas Nickleby,Sir Mulberry Hawk,3344,nicholas-nickleby
Nicholas Nickleby,Mulberry Castle,3344,nicholas-nickleby
Nicholas Nickleby,Esquire,3344,nicholas-nickleby
Esquire,Nickleby,3344,nicholas-nickleby
Esquire,Lady Mulberry Hawk,3344,nicholas-nickleby
Esquire,Lady Mulberry Hawk,3344,nicholas-nickleby
Esquire,Hanover Square,3344,nicholas-nickleby
Esquire,Sir Mulberry Hawk,3344,nicholas-nickleby
Esquire,Mulberry Castle,3344,nicholas-nickleby
Esquire,Nicholas Nickleby,3344,nicholas-nickleby
Esquire,Nicholas Nickleby,3344,nicholas-nickleby
Nicholas Nickleby,Nickleby,3344,nicholas-nickleby
Nicholas Nickleby,Lady Mulberry Hawk,3344,nicholas-nickleby
Nicholas Nickleby,Lady Mulberry Hawk,3344,nicholas-nickleby
Nicholas Nickleby,Hanover Square,3344,nicholas-nickleby
Nicholas Nickleby,Sir Mulberry Hawk,3344,nicholas-nickleby
Nicholas Nickleby,Mulberry Castle,3344,nicholas-nickleby
Nicholas Nickleby,Esquire,3344,nicholas-nickleby
Sir Mulberry,Kate,3345,nicholas-nickleby
Sir Mulberry,Lady Mulberry Hawk,3345,nicholas-nickleby
Sir Mulberry,Sir Dingleby,3345,nicholas-nickleby
Sir Mulberry,Lady Mulberry Hawk,3345,nicholas-nickleby
Sir Mulberry,Sir Dingleby,3345,nicholas-nickleby
Sir Mulberry,Less,3345,nicholas-nickleby
Kate,Sir Mulberry,3345,nicholas-nickleby
Kate,Lady Mulberry Hawk,3345,nicholas-nickleby
Kate,Sir Dingleby,3345,nicholas-nickleby
Kate,Lady Mulberry Hawk,3345,nicholas-nickleby
Kate,Sir Dingleby,3345,nicholas-nickleby
Kate,Less,3345,nicholas-nickleby
Lady Mulberry Hawk,Sir Mulberry,3345,nicholas-nickleby
Lady Mulberry Hawk,Kate,3345,nicholas-nickleby
Lady Mulberry Hawk,Sir Dingleby,3345,nicholas-nickleby
Lady Mulberry Hawk,Sir Dingleby,3345,nicholas-nickleby
Lady Mulberry Hawk,Less,3345,nicholas-nickleby
Sir Dingleby,Sir Mulberry,3345,nicholas-nickleby
Sir Dingleby,Kate,3345,nicholas-nickleby
Sir Dingleby,Lady Mulberry Hawk,3345,nicholas-nickleby
Sir Dingleby,Lady Mulberry Hawk,3345,nicholas-nickleby
Sir Dingleby,Less,3345,nicholas-nickleby
Lady Mulberry Hawk,Sir Mulberry,3345,nicholas-nickleby
Lady Mulberry Hawk,Kate,3345,nicholas-nickleby
Lady Mulberry Hawk,Sir Dingleby,3345,nicholas-nickleby
Lady Mulberry Hawk,Sir Dingleby,3345,nicholas-nickleby
Lady Mulberry Hawk,Less,3345,nicholas-nickleby
Sir Dingleby,Sir Mulberry,3345,nicholas-nickleby
Sir Dingleby,Kate,3345,nicholas-nickleby
Sir Dingleby,Lady Mulberry Hawk,3345,nicholas-nickleby
Sir Dingleby,Lady Mulberry Hawk,3345,nicholas-nickleby
Sir Dingleby,Less,3345,nicholas-nickleby
Less,Sir Mulberry,3345,nicholas-nickleby
Less,Kate,3345,nicholas-nickleby
Less,Lady Mulberry Hawk,3345,nicholas-nickleby
Less,Sir Dingleby,3345,nicholas-nickleby
Less,Lady Mulberry Hawk,3345,nicholas-nickleby
Less,Sir Dingleby,3345,nicholas-nickleby
Mrs Nickleby,Pyke,3352,nicholas-nickleby
Pyke,Mrs Nickleby,3352,nicholas-nickleby
Pluck,Pyke,3357,nicholas-nickleby
Pyke,Pluck,3357,nicholas-nickleby
Mr. Pluck,Pyke,3358,nicholas-nickleby
Mr. Pluck,Nickleby,3358,nicholas-nickleby
Pyke,Mr. Pluck,3358,nicholas-nickleby
Pyke,Nickleby,3358,nicholas-nickleby
Nickleby,Mr. Pluck,3358,nicholas-nickleby
Nickleby,Pyke,3358,nicholas-nickleby
Mr.,Pyke,3359,nicholas-nickleby
Pyke,Mr.,3359,nicholas-nickleby
Pluck,Sir Mulberry Hawk,3360,nicholas-nickleby
Pluck,Mrs Nickleby,3360,nicholas-nickleby
Sir Mulberry Hawk,Pluck,3360,nicholas-nickleby
Sir Mulberry Hawk,Mrs Nickleby,3360,nicholas-nickleby
Mrs Nickleby,Pluck,3360,nicholas-nickleby
Mrs Nickleby,Sir Mulberry Hawk,3360,nicholas-nickleby
Mr. Pluck,Sir Mulberry,3362,nicholas-nickleby
Mr. Pluck,Sir Mulberry,3362,nicholas-nickleby
Mr. Pluck,Pyke,3362,nicholas-nickleby
Sir Mulberry,Mr. Pluck,3362,nicholas-nickleby
Sir Mulberry,Pyke,3362,nicholas-nickleby
Sir Mulberry,Mr. Pluck,3362,nicholas-nickleby
Sir Mulberry,Pyke,3362,nicholas-nickleby
Pyke,Mr. Pluck,3362,nicholas-nickleby
Pyke,Sir Mulberry,3362,nicholas-nickleby
Pyke,Sir Mulberry,3362,nicholas-nickleby
Mr. Pluck,Sir Mulberry,3364,nicholas-nickleby
Mr. Pluck,Nickleby,3364,nicholas-nickleby
Sir Mulberry,Mr. Pluck,3364,nicholas-nickleby
Sir Mulberry,Nickleby,3364,nicholas-nickleby
Nickleby,Mr. Pluck,3364,nicholas-nickleby
Nickleby,Sir Mulberry,3364,nicholas-nickleby
Nickleby,Mr. Pluck,3368,nicholas-nickleby
Mr. Pluck,Nickleby,3368,nicholas-nickleby
Mr. Pluck,Pyke,3370,nicholas-nickleby
Mr. Pluck,Pyke,3370,nicholas-nickleby
Pyke,Mr. Pluck,3370,nicholas-nickleby
Pyke,Mr. Pluck,3370,nicholas-nickleby
Mr. Pluck,Pyke,3373,nicholas-nickleby
Mr. Pluck,Pyke,3373,nicholas-nickleby
Pyke,Mr. Pluck,3373,nicholas-nickleby
Pyke,Mr. Pluck,3373,nicholas-nickleby
Sir Mulberry,Pyke,3374,nicholas-nickleby
Pyke,Sir Mulberry,3374,nicholas-nickleby
Sir Mulberry,Mr. Pluck,3375,nicholas-nickleby
Sir Mulberry,Christmas,3375,nicholas-nickleby
Mr. Pluck,Sir Mulberry,3375,nicholas-nickleby
Mr. Pluck,Christmas,3375,nicholas-nickleby
Christmas,Sir Mulberry,3375,nicholas-nickleby
Christmas,Mr. Pluck,3375,nicholas-nickleby
Nickleby,Pluck,3378,nicholas-nickleby
Nickleby,Mr. Pyke,3378,nicholas-nickleby
Pluck,Nickleby,3378,nicholas-nickleby
Pluck,Mr. Pyke,3378,nicholas-nickleby
Mr. Pyke,Nickleby,3378,nicholas-nickleby
Mr. Pyke,Pluck,3378,nicholas-nickleby
Pyke,Nickleby,3380,nicholas-nickleby
Nickleby,Pyke,3380,nicholas-nickleby
Sir Mulberry,Pyke,3382,nicholas-nickleby
Pyke,Sir Mulberry,3382,nicholas-nickleby
Sir Mulberry Hawk,Mr. Pluck,3384,nicholas-nickleby
Mr. Pluck,Sir Mulberry Hawk,3384,nicholas-nickleby
Mr. Pluck,Nickleby,3386,nicholas-nickleby
Nickleby,Mr. Pluck,3386,nicholas-nickleby
Lord Frederick,Sir Mulberry,3390,nicholas-nickleby
Lord Frederick,Pyke,3390,nicholas-nickleby
Lord Frederick,Sir Mulberry,3390,nicholas-nickleby
Lord Frederick,Nickleby,3390,nicholas-nickleby
Sir Mulberry,Lord Frederick,3390,nicholas-nickleby
Sir Mulberry,Pyke,3390,nicholas-nickleby
Sir Mulberry,Nickleby,3390,nicholas-nickleby
Pyke,Lord Frederick,3390,nicholas-nickleby
Pyke,Sir Mulberry,3390,nicholas-nickleby
Pyke,Sir Mulberry,3390,nicholas-nickleby
Pyke,Nickleby,3390,nicholas-nickleby
Sir Mulberry,Lord Frederick,3390,nicholas-nickleby
Sir Mulberry,Pyke,3390,nicholas-nickleby
Sir Mulberry,Nickleby,3390,nicholas-nickleby
Nickleby,Lord Frederick,3390,nicholas-nickleby
Nickleby,Sir Mulberry,3390,nicholas-nickleby
Nickleby,Pyke,3390,nicholas-nickleby
Nickleby,Sir Mulberry,3390,nicholas-nickleby
Mr. Pluck,Nickleby,3392,nicholas-nickleby
Nickleby,Mr. Pluck,3392,nicholas-nickleby
Nickleby,Pyke,3393,nicholas-nickleby
Nickleby,Mr. Pluck,3393,nicholas-nickleby
Pyke,Nickleby,3393,nicholas-nickleby
Pyke,Mr. Pluck,3393,nicholas-nickleby
Mr. Pluck,Nickleby,3393,nicholas-nickleby
Mr. Pluck,Pyke,3393,nicholas-nickleby
Sir Mulberry,Hem,3394,nicholas-nickleby
Sir Mulberry,Hem,3394,nicholas-nickleby
Hem,Sir Mulberry,3394,nicholas-nickleby
Hem,Sir Mulberry,3394,nicholas-nickleby
Mr.,Mr. Pluck,3400,nicholas-nickleby
Mr.,Nickleby,3400,nicholas-nickleby
Mr.,Poor,3400,nicholas-nickleby
Mr. Pluck,Mr.,3400,nicholas-nickleby
Mr. Pluck,Nickleby,3400,nicholas-nickleby
Mr. Pluck,Poor,3400,nicholas-nickleby
Nickleby,Mr.,3400,nicholas-nickleby
Nickleby,Mr. Pluck,3400,nicholas-nickleby
Nickleby,Poor,3400,nicholas-nickleby
Poor,Mr.,3400,nicholas-nickleby
Poor,Mr. Pluck,3400,nicholas-nickleby
Poor,Nickleby,3400,nicholas-nickleby
Nickleby,Mr. Pyke,3401,nicholas-nickleby
Mr. Pyke,Nickleby,3401,nicholas-nickleby
Mr. Pyke,Mr. Pluck,3403,nicholas-nickleby
Mr. Pyke,Nickleby,3403,nicholas-nickleby
Mr. Pyke,Messrs Pyke,3403,nicholas-nickleby
Mr. Pyke,Pluck,3403,nicholas-nickleby
Mr. Pluck,Mr. Pyke,3403,nicholas-nickleby
Mr. Pluck,Nickleby,3403,nicholas-nickleby
Mr. Pluck,Messrs Pyke,3403,nicholas-nickleby
Mr. Pluck,Pluck,3403,nicholas-nickleby
Nickleby,Mr. Pyke,3403,nicholas-nickleby
Nickleby,Mr. Pluck,3403,nicholas-nickleby
Nickleby,Messrs Pyke,3403,nicholas-nickleby
Nickleby,Pluck,3403,nicholas-nickleby
Messrs Pyke,Mr. Pyke,3403,nicholas-nickleby
Messrs Pyke,Mr. Pluck,3403,nicholas-nickleby
Messrs Pyke,Nickleby,3403,nicholas-nickleby
Messrs Pyke,Pluck,3403,nicholas-nickleby
Pluck,Mr. Pyke,3403,nicholas-nickleby
Pluck,Mr. Pluck,3403,nicholas-nickleby
Pluck,Nickleby,3403,nicholas-nickleby
Pluck,Messrs Pyke,3403,nicholas-nickleby
Mr. Pyke,Unmoved,3404,nicholas-nickleby
Mr. Pyke,Pluck,3404,nicholas-nickleby
Mr. Pyke,Pluck,3404,nicholas-nickleby
Unmoved,Mr. Pyke,3404,nicholas-nickleby
Unmoved,Pluck,3404,nicholas-nickleby
Unmoved,Pluck,3404,nicholas-nickleby
Pluck,Mr. Pyke,3404,nicholas-nickleby
Pluck,Unmoved,3404,nicholas-nickleby
Pluck,Mr. Pyke,3404,nicholas-nickleby
Pluck,Unmoved,3404,nicholas-nickleby
Mr.,Pluck,3405,nicholas-nickleby
Mr.,Nickleby,3405,nicholas-nickleby
Mr.,Mr. Pyke,3405,nicholas-nickleby
Pluck,Mr.,3405,nicholas-nickleby
Pluck,Nickleby,3405,nicholas-nickleby
Pluck,Mr. Pyke,3405,nicholas-nickleby
Nickleby,Mr.,3405,nicholas-nickleby
Nickleby,Pluck,3405,nicholas-nickleby
Nickleby,Mr. Pyke,3405,nicholas-nickleby
Mr. Pyke,Mr.,3405,nicholas-nickleby
Mr. Pyke,Pluck,3405,nicholas-nickleby
Mr. Pyke,Nickleby,3405,nicholas-nickleby
Nickleby,Sir Mulberry,3406,nicholas-nickleby
Nickleby,Sir Mulberry,3406,nicholas-nickleby
Nickleby,Sir Mulberry,3406,nicholas-nickleby
Sir Mulberry,Nickleby,3406,nicholas-nickleby
Sir Mulberry,Nickleby,3406,nicholas-nickleby
Sir Mulberry,Nickleby,3406,nicholas-nickleby
Miss La Creevy,Mrs Nickleby,3407,nicholas-nickleby
Miss La Creevy,Sir Mulberry,3407,nicholas-nickleby
Miss La Creevy,Poor,3407,nicholas-nickleby
Mrs Nickleby,Miss La Creevy,3407,nicholas-nickleby
Mrs Nickleby,Sir Mulberry,3407,nicholas-nickleby
Mrs Nickleby,Poor,3407,nicholas-nickleby
Sir Mulberry,Miss La Creevy,3407,nicholas-nickleby
Sir Mulberry,Mrs Nickleby,3407,nicholas-nickleby
Sir Mulberry,Poor,3407,nicholas-nickleby
Poor,Miss La Creevy,3407,nicholas-nickleby
Poor,Mrs Nickleby,3407,nicholas-nickleby
Poor,Sir Mulberry,3407,nicholas-nickleby
Messrs Pyke,Pluck,3409,nicholas-nickleby
Messrs Pyke,Mr. Pyke,3409,nicholas-nickleby
Messrs Pyke,Mr. Pyke,3409,nicholas-nickleby
Messrs Pyke,Mr. Pyke,3409,nicholas-nickleby
Pluck,Messrs Pyke,3409,nicholas-nickleby
Pluck,Mr. Pyke,3409,nicholas-nickleby
Pluck,Mr. Pyke,3409,nicholas-nickleby
Pluck,Mr. Pyke,3409,nicholas-nickleby
Mr. Pyke,Messrs Pyke,3409,nicholas-nickleby
Mr. Pyke,Pluck,3409,nicholas-nickleby
Mr. Pyke,Messrs Pyke,3409,nicholas-nickleby
Mr. Pyke,Pluck,3409,nicholas-nickleby
Mr. Pyke,Messrs Pyke,3409,nicholas-nickleby
Mr. Pyke,Pluck,3409,nicholas-nickleby
Nickleby,Sir Mulberry,3410,nicholas-nickleby
Nickleby,Sir Mulberry,3410,nicholas-nickleby
Sir Mulberry,Nickleby,3410,nicholas-nickleby
Sir Mulberry,Nickleby,3410,nicholas-nickleby
Mrs Nickleby,Sir Mulberry,3411,nicholas-nickleby
Sir Mulberry,Mrs Nickleby,3411,nicholas-nickleby
Sir Mulberry,Mrs Nickleby,3414,nicholas-nickleby
Mrs Nickleby,Sir Mulberry,3414,nicholas-nickleby
Messrs,Pluck,3420,nicholas-nickleby
Messrs,Nickleby,3420,nicholas-nickleby
Messrs,Sir Mulberry,3420,nicholas-nickleby
Messrs,Pyke,3420,nicholas-nickleby
Messrs,Pluck,3420,nicholas-nickleby
Pluck,Messrs,3420,nicholas-nickleby
Pluck,Nickleby,3420,nicholas-nickleby
Pluck,Sir Mulberry,3420,nicholas-nickleby
Pluck,Pyke,3420,nicholas-nickleby
Nickleby,Messrs,3420,nicholas-nickleby
Nickleby,Pluck,3420,nicholas-nickleby
Nickleby,Sir Mulberry,3420,nicholas-nickleby
Nickleby,Pyke,3420,nicholas-nickleby
Nickleby,Pluck,3420,nicholas-nickleby
Sir Mulberry,Messrs,3420,nicholas-nickleby
Sir Mulberry,Pluck,3420,nicholas-nickleby
Sir Mulberry,Nickleby,3420,nicholas-nickleby
Sir Mulberry,Pyke,3420,nicholas-nickleby
Sir Mulberry,Pluck,3420,nicholas-nickleby
Pyke,Messrs,3420,nicholas-nickleby
Pyke,Pluck,3420,nicholas-nickleby
Pyke,Nickleby,3420,nicholas-nickleby
Pyke,Sir Mulberry,3420,nicholas-nickleby
Pyke,Pluck,3420,nicholas-nickleby
Pluck,Messrs,3420,nicholas-nickleby
Pluck,Nickleby,3420,nicholas-nickleby
Pluck,Sir Mulberry,3420,nicholas-nickleby
Pluck,Pyke,3420,nicholas-nickleby
Sir Mulberry,Ralph Nickleby,3422,nicholas-nickleby
Ralph Nickleby,Sir Mulberry,3422,nicholas-nickleby
Pyke,Ralph Nickleby,3423,nicholas-nickleby
Ralph Nickleby,Pyke,3423,nicholas-nickleby
Mr.,Pluck,3424,nicholas-nickleby
Mr.,Sir Mulberry,3424,nicholas-nickleby
Pluck,Mr.,3424,nicholas-nickleby
Pluck,Sir Mulberry,3424,nicholas-nickleby
Sir Mulberry,Mr.,3424,nicholas-nickleby
Sir Mulberry,Pluck,3424,nicholas-nickleby
Sir Mulberry,Frederick,3426,nicholas-nickleby
Frederick,Sir Mulberry,3426,nicholas-nickleby
Mr. Pyke,Mr. Pluck,3432,nicholas-nickleby
Mr. Pyke,Sir Mulberry Hawk,3432,nicholas-nickleby
Mr. Pluck,Mr. Pyke,3432,nicholas-nickleby
Mr. Pluck,Sir Mulberry Hawk,3432,nicholas-nickleby
Sir Mulberry Hawk,Mr. Pyke,3432,nicholas-nickleby
Sir Mulberry Hawk,Mr. Pluck,3432,nicholas-nickleby
Kate,Mr. Wititterly,3434,nicholas-nickleby
Kate,Nickleby,3434,nicholas-nickleby
Kate,Messrs Pyke,3434,nicholas-nickleby
Kate,Pluck,3434,nicholas-nickleby
Mr. Wititterly,Kate,3434,nicholas-nickleby
Mr. Wititterly,Nickleby,3434,nicholas-nickleby
Mr. Wititterly,Messrs Pyke,3434,nicholas-nickleby
Mr. Wititterly,Pluck,3434,nicholas-nickleby
Nickleby,Kate,3434,nicholas-nickleby
Nickleby,Mr. Wititterly,3434,nicholas-nickleby
Nickleby,Messrs Pyke,3434,nicholas-nickleby
Nickleby,Pluck,3434,nicholas-nickleby
Messrs Pyke,Kate,3434,nicholas-nickleby
Messrs Pyke,Mr. Wititterly,3434,nicholas-nickleby
Messrs Pyke,Nickleby,3434,nicholas-nickleby
Messrs Pyke,Pluck,3434,nicholas-nickleby
Pluck,Kate,3434,nicholas-nickleby
Pluck,Mr. Wititterly,3434,nicholas-nickleby
Pluck,Nickleby,3434,nicholas-nickleby
Pluck,Messrs Pyke,3434,nicholas-nickleby
Sir Mulberry Hawk,Sir Mulberry,3439,nicholas-nickleby
Sir Mulberry Hawk,Mr. Pyke,3439,nicholas-nickleby
Sir Mulberry,Sir Mulberry Hawk,3439,nicholas-nickleby
Sir Mulberry,Mr. Pyke,3439,nicholas-nickleby
Mr. Pyke,Sir Mulberry Hawk,3439,nicholas-nickleby
Mr. Pyke,Sir Mulberry,3439,nicholas-nickleby
Mr. Wititterly,Julia,3440,nicholas-nickleby
Mr. Wititterly,Sir Mulberry,3440,nicholas-nickleby
Julia,Mr. Wititterly,3440,nicholas-nickleby
Julia,Sir Mulberry,3440,nicholas-nickleby
Sir Mulberry,Mr. Wititterly,3440,nicholas-nickleby
Sir Mulberry,Julia,3440,nicholas-nickleby
Sir,Mulberry,3441,nicholas-nickleby
Sir,Messrs Pyke,3441,nicholas-nickleby
Sir,Pluck,3441,nicholas-nickleby
Mulberry,Sir,3441,nicholas-nickleby
Mulberry,Messrs Pyke,3441,nicholas-nickleby
Mulberry,Pluck,3441,nicholas-nickleby
Messrs Pyke,Sir,3441,nicholas-nickleby
Messrs Pyke,Mulberry,3441,nicholas-nickleby
Messrs Pyke,Pluck,3441,nicholas-nickleby
Pluck,Sir,3441,nicholas-nickleby
Pluck,Mulberry,3441,nicholas-nickleby
Pluck,Messrs Pyke,3441,nicholas-nickleby
Stratford,Mr. Nickleby,3451,nicholas-nickleby
Stratford,Shakespeare,3451,nicholas-nickleby
Stratford,Shakespeare,3451,nicholas-nickleby
Stratford,Nicholas,3451,nicholas-nickleby
Mr. Nickleby,Stratford,3451,nicholas-nickleby
Mr. Nickleby,Shakespeare,3451,nicholas-nickleby
Mr. Nickleby,Shakespeare,3451,nicholas-nickleby
Mr. Nickleby,Stratford,3451,nicholas-nickleby
Mr. Nickleby,Stratford,3451,nicholas-nickleby
Mr. Nickleby,Nicholas,3451,nicholas-nickleby
Shakespeare,Stratford,3451,nicholas-nickleby
Shakespeare,Mr. Nickleby,3451,nicholas-nickleby
Shakespeare,Stratford,3451,nicholas-nickleby
Shakespeare,Stratford,3451,nicholas-nickleby
Shakespeare,Nicholas,3451,nicholas-nickleby
Shakespeare,Stratford,3451,nicholas-nickleby
Shakespeare,Mr. Nickleby,3451,nicholas-nickleby
Shakespeare,Stratford,3451,nicholas-nickleby
Shakespeare,Stratford,3451,nicholas-nickleby
Shakespeare,Nicholas,3451,nicholas-nickleby
Stratford,Mr. Nickleby,3451,nicholas-nickleby
Stratford,Shakespeare,3451,nicholas-nickleby
Stratford,Shakespeare,3451,nicholas-nickleby
Stratford,Nicholas,3451,nicholas-nickleby
Stratford,Mr. Nickleby,3451,nicholas-nickleby
Stratford,Shakespeare,3451,nicholas-nickleby
Stratford,Shakespeare,3451,nicholas-nickleby
Stratford,Nicholas,3451,nicholas-nickleby
Nicholas,Stratford,3451,nicholas-nickleby
Nicholas,Mr. Nickleby,3451,nicholas-nickleby
Nicholas,Shakespeare,3451,nicholas-nickleby
Nicholas,Shakespeare,3451,nicholas-nickleby
Nicholas,Stratford,3451,nicholas-nickleby
Nicholas,Stratford,3451,nicholas-nickleby
Nickleby,Pyke,3452,nicholas-nickleby
Nickleby,Pluck,3452,nicholas-nickleby
Nickleby,Sir Mulberry Hawk,3452,nicholas-nickleby
Nickleby,Mr. Pluck,3452,nicholas-nickleby
Nickleby,Mr. Pluck,3452,nicholas-nickleby
Nickleby,Mrs Nickleby,3452,nicholas-nickleby
Pyke,Nickleby,3452,nicholas-nickleby
Pyke,Pluck,3452,nicholas-nickleby
Pyke,Sir Mulberry Hawk,3452,nicholas-nickleby
Pyke,Mr. Pluck,3452,nicholas-nickleby
Pyke,Mr. Pluck,3452,nicholas-nickleby
Pyke,Mrs Nickleby,3452,nicholas-nickleby
Pluck,Nickleby,3452,nicholas-nickleby
Pluck,Pyke,3452,nicholas-nickleby
Pluck,Sir Mulberry Hawk,3452,nicholas-nickleby
Pluck,Mr. Pluck,3452,nicholas-nickleby
Pluck,Mr. Pluck,3452,nicholas-nickleby
Pluck,Mrs Nickleby,3452,nicholas-nickleby
Sir Mulberry Hawk,Nickleby,3452,nicholas-nickleby
Sir Mulberry Hawk,Pyke,3452,nicholas-nickleby
Sir Mulberry Hawk,Pluck,3452,nicholas-nickleby
Sir Mulberry Hawk,Mr. Pluck,3452,nicholas-nickleby
Sir Mulberry Hawk,Mr. Pluck,3452,nicholas-nickleby
Sir Mulberry Hawk,Mrs Nickleby,3452,nicholas-nickleby
Mr. Pluck,Nickleby,3452,nicholas-nickleby
Mr. Pluck,Pyke,3452,nicholas-nickleby
Mr. Pluck,Pluck,3452,nicholas-nickleby
Mr. Pluck,Sir Mulberry Hawk,3452,nicholas-nickleby
Mr. Pluck,Mrs Nickleby,3452,nicholas-nickleby
Mr. Pluck,Nickleby,3452,nicholas-nickleby
Mr. Pluck,Pyke,3452,nicholas-nickleby
Mr. Pluck,Pluck,3452,nicholas-nickleby
Mr. Pluck,Sir Mulberry Hawk,3452,nicholas-nickleby
Mr. Pluck,Mrs Nickleby,3452,nicholas-nickleby
Mrs Nickleby,Nickleby,3452,nicholas-nickleby
Mrs Nickleby,Pyke,3452,nicholas-nickleby
Mrs Nickleby,Pluck,3452,nicholas-nickleby
Mrs Nickleby,Sir Mulberry Hawk,3452,nicholas-nickleby
Mrs Nickleby,Mr. Pluck,3452,nicholas-nickleby
Mrs Nickleby,Mr. Pluck,3452,nicholas-nickleby
Lord,Frederick Verisopht,3453,nicholas-nickleby
Lord,Mrs Wititterly,3453,nicholas-nickleby
Lord,Mr. Pyke,3453,nicholas-nickleby
Lord,Mr. Wititterly,3453,nicholas-nickleby
Lord,Mrs. W.,3453,nicholas-nickleby
Lord,Lord Frederick Verisopht,3453,nicholas-nickleby
Lord,Sir Mulberry Hawk,3453,nicholas-nickleby
Frederick Verisopht,Lord,3453,nicholas-nickleby
Frederick Verisopht,Mrs Wititterly,3453,nicholas-nickleby
Frederick Verisopht,Mr. Pyke,3453,nicholas-nickleby
Frederick Verisopht,Mr. Wititterly,3453,nicholas-nickleby
Frederick Verisopht,Mrs. W.,3453,nicholas-nickleby
Frederick Verisopht,Lord Frederick Verisopht,3453,nicholas-nickleby
Frederick Verisopht,Sir Mulberry Hawk,3453,nicholas-nickleby
Mrs Wititterly,Lord,3453,nicholas-nickleby
Mrs Wititterly,Frederick Verisopht,3453,nicholas-nickleby
Mrs Wititterly,Mr. Pyke,3453,nicholas-nickleby
Mrs Wititterly,Mr. Wititterly,3453,nicholas-nickleby
Mrs Wititterly,Mrs. W.,3453,nicholas-nickleby
Mrs Wititterly,Lord Frederick Verisopht,3453,nicholas-nickleby
Mrs Wititterly,Sir Mulberry Hawk,3453,nicholas-nickleby
Mr. Pyke,Lord,3453,nicholas-nickleby
Mr. Pyke,Frederick Verisopht,3453,nicholas-nickleby
Mr. Pyke,Mrs Wititterly,3453,nicholas-nickleby
Mr. Pyke,Mr. Wititterly,3453,nicholas-nickleby
Mr. Pyke,Mrs. W.,3453,nicholas-nickleby
Mr. Pyke,Lord Frederick Verisopht,3453,nicholas-nickleby
Mr. Pyke,Sir Mulberry Hawk,3453,nicholas-nickleby
Mr. Wititterly,Lord,3453,nicholas-nickleby
Mr. Wititterly,Frederick Verisopht,3453,nicholas-nickleby
Mr. Wititterly,Mrs Wititterly,3453,nicholas-nickleby
Mr. Wititterly,Mr. Pyke,3453,nicholas-nickleby
Mr. Wititterly,Mrs. W.,3453,nicholas-nickleby
Mr. Wititterly,Lord Frederick Verisopht,3453,nicholas-nickleby
Mr. Wititterly,Sir Mulberry Hawk,3453,nicholas-nickleby
Mrs. W.,Lord,3453,nicholas-nickleby
Mrs. W.,Frederick Verisopht,3453,nicholas-nickleby
Mrs. W.,Mrs Wititterly,3453,nicholas-nickleby
Mrs. W.,Mr. Pyke,3453,nicholas-nickleby
Mrs. W.,Mr. Wititterly,3453,nicholas-nickleby
Mrs. W.,Lord Frederick Verisopht,3453,nicholas-nickleby
Mrs. W.,Sir Mulberry Hawk,3453,nicholas-nickleby
Lord Frederick Verisopht,Lord,3453,nicholas-nickleby
Lord Frederick Verisopht,Frederick Verisopht,3453,nicholas-nickleby
Lord Frederick Verisopht,Mrs Wititterly,3453,nicholas-nickleby
Lord Frederick Verisopht,Mr. Pyke,3453,nicholas-nickleby
Lord Frederick Verisopht,Mr. Wititterly,3453,nicholas-nickleby
Lord Frederick Verisopht,Mrs. W.,3453,nicholas-nickleby
Lord Frederick Verisopht,Sir Mulberry Hawk,3453,nicholas-nickleby
Sir Mulberry Hawk,Lord,3453,nicholas-nickleby
Sir Mulberry Hawk,Frederick Verisopht,3453,nicholas-nickleby
Sir Mulberry Hawk,Mrs Wititterly,3453,nicholas-nickleby
Sir Mulberry Hawk,Mr. Pyke,3453,nicholas-nickleby
Sir Mulberry Hawk,Mr. Wititterly,3453,nicholas-nickleby
Sir Mulberry Hawk,Mrs. W.,3453,nicholas-nickleby
Sir Mulberry Hawk,Lord Frederick Verisopht,3453,nicholas-nickleby
Kate,Sir Mulberry,3454,nicholas-nickleby
Kate,Messrs Pyke,3454,nicholas-nickleby
Kate,Pluck,3454,nicholas-nickleby
Sir Mulberry,Kate,3454,nicholas-nickleby
Sir Mulberry,Messrs Pyke,3454,nicholas-nickleby
Sir Mulberry,Pluck,3454,nicholas-nickleby
Messrs Pyke,Kate,3454,nicholas-nickleby
Messrs Pyke,Sir Mulberry,3454,nicholas-nickleby
Messrs Pyke,Pluck,3454,nicholas-nickleby
Pluck,Kate,3454,nicholas-nickleby
Pluck,Sir Mulberry,3454,nicholas-nickleby
Pluck,Messrs Pyke,3454,nicholas-nickleby
Miss Nickleby,Sir Mulberry Hawk,3461,nicholas-nickleby
Sir Mulberry Hawk,Miss Nickleby,3461,nicholas-nickleby
Sir,Mulberry,3463,nicholas-nickleby
Mulberry,Sir,3463,nicholas-nickleby
Messrs,Pluck,3467,nicholas-nickleby
Pluck,Messrs,3467,nicholas-nickleby
Pyke,Pluck,3471,nicholas-nickleby
Pyke,Pluck,3471,nicholas-nickleby
Pluck,Pyke,3471,nicholas-nickleby
Pluck,Pyke,3471,nicholas-nickleby
Messrs Pyke,Pluck,3480,nicholas-nickleby
Pluck,Messrs Pyke,3480,nicholas-nickleby
Miss Nickleby,Sir Mulberry Hawk,3483,nicholas-nickleby
Sir Mulberry Hawk,Miss Nickleby,3483,nicholas-nickleby
Messrs Pyke,Pluck,3484,nicholas-nickleby
Pluck,Messrs Pyke,3484,nicholas-nickleby
Sir Mulberry Hawk,Sir Mulberry,3485,nicholas-nickleby
Sir Mulberry Hawk,Sir Mulberry,3485,nicholas-nickleby
Sir Mulberry Hawk,Sir Mulberry,3485,nicholas-nickleby
Sir Mulberry Hawk,Sir Mulberry,3485,nicholas-nickleby
Sir Mulberry,Sir Mulberry Hawk,3485,nicholas-nickleby
Sir Mulberry,Sir Mulberry Hawk,3485,nicholas-nickleby
Sir Mulberry,Sir Mulberry Hawk,3485,nicholas-nickleby
Sir Mulberry,Sir Mulberry Hawk,3485,nicholas-nickleby
Sir Mulberry,Mrs Nickleby,3487,nicholas-nickleby
Sir Mulberry,Nickleby,3487,nicholas-nickleby
Mrs Nickleby,Sir Mulberry,3487,nicholas-nickleby
Mrs Nickleby,Nickleby,3487,nicholas-nickleby
Nickleby,Sir Mulberry,3487,nicholas-nickleby
Nickleby,Mrs Nickleby,3487,nicholas-nickleby
Poor,Kate,3488,nicholas-nickleby
Poor,Mr. Wititterly,3488,nicholas-nickleby
Poor,Messrs Pyke,3488,nicholas-nickleby
Poor,Pluck,3488,nicholas-nickleby
Kate,Poor,3488,nicholas-nickleby
Kate,Mr. Wititterly,3488,nicholas-nickleby
Kate,Messrs Pyke,3488,nicholas-nickleby
Kate,Pluck,3488,nicholas-nickleby
Mr. Wititterly,Poor,3488,nicholas-nickleby
Mr. Wititterly,Kate,3488,nicholas-nickleby
Mr. Wititterly,Messrs Pyke,3488,nicholas-nickleby
Mr. Wititterly,Pluck,3488,nicholas-nickleby
Messrs Pyke,Poor,3488,nicholas-nickleby
Messrs Pyke,Kate,3488,nicholas-nickleby
Messrs Pyke,Mr. Wititterly,3488,nicholas-nickleby
Messrs Pyke,Pluck,3488,nicholas-nickleby
Pluck,Poor,3488,nicholas-nickleby
Pluck,Kate,3488,nicholas-nickleby
Pluck,Mr. Wititterly,3488,nicholas-nickleby
Pluck,Messrs Pyke,3488,nicholas-nickleby
Kate,Lady Flabella,3489,nicholas-nickleby
Lady Flabella,Kate,3489,nicholas-nickleby
Miss Nickleby,Pyke,3508,nicholas-nickleby
Miss Nickleby,Pluck,3508,nicholas-nickleby
Pyke,Miss Nickleby,3508,nicholas-nickleby
Pyke,Pluck,3508,nicholas-nickleby
Pluck,Miss Nickleby,3508,nicholas-nickleby
Pluck,Pyke,3508,nicholas-nickleby
Sir Mulberry Hawk,Lord Verisopht,3511,nicholas-nickleby
Lord Verisopht,Sir Mulberry Hawk,3511,nicholas-nickleby
Mr. Pyke,Mr. Pluck,3516,nicholas-nickleby
Mr. Pyke,Sir Mulberry Hawk,3516,nicholas-nickleby
Mr. Pluck,Mr. Pyke,3516,nicholas-nickleby
Mr. Pluck,Sir Mulberry Hawk,3516,nicholas-nickleby
Sir Mulberry Hawk,Mr. Pyke,3516,nicholas-nickleby
Sir Mulberry Hawk,Mr. Pluck,3516,nicholas-nickleby
Mr. Pluck,Sir Mulberry,3517,nicholas-nickleby
Mr. Pluck,Pyke,3517,nicholas-nickleby
Sir Mulberry,Mr. Pluck,3517,nicholas-nickleby
Sir Mulberry,Pyke,3517,nicholas-nickleby
Pyke,Mr. Pluck,3517,nicholas-nickleby
Pyke,Sir Mulberry,3517,nicholas-nickleby
Miss Nickleby,Sir Mulberry Hawk,3520,nicholas-nickleby
Sir Mulberry Hawk,Miss Nickleby,3520,nicholas-nickleby
Mr. Pyke,Mr. Pluck,3523,nicholas-nickleby
Mr. Pluck,Mr. Pyke,3523,nicholas-nickleby
Miss Nickleby,Sir Mulberry,3526,nicholas-nickleby
Sir Mulberry,Miss Nickleby,3526,nicholas-nickleby
Kate DID,Sir Mulberry,3527,nicholas-nickleby
Sir Mulberry,Kate DID,3527,nicholas-nickleby
Pluck,Pyke,3529,nicholas-nickleby
Pyke,Pluck,3529,nicholas-nickleby
Sir Mulberry Hawk,Miss Nickleby,3537,nicholas-nickleby
Sir Mulberry Hawk,Lord Verisopht,3537,nicholas-nickleby
Sir Mulberry Hawk,Mr. Wititterly,3537,nicholas-nickleby
Miss Nickleby,Sir Mulberry Hawk,3537,nicholas-nickleby
Miss Nickleby,Lord Verisopht,3537,nicholas-nickleby
Miss Nickleby,Mr. Wititterly,3537,nicholas-nickleby
Lord Verisopht,Sir Mulberry Hawk,3537,nicholas-nickleby
Lord Verisopht,Miss Nickleby,3537,nicholas-nickleby
Lord Verisopht,Mr. Wititterly,3537,nicholas-nickleby
Mr. Wititterly,Sir Mulberry Hawk,3537,nicholas-nickleby
Mr. Wititterly,Miss Nickleby,3537,nicholas-nickleby
Mr. Wititterly,Lord Verisopht,3537,nicholas-nickleby
Mr. Wititterly,Sir Tumley Snuffim,3542,nicholas-nickleby
Sir Tumley Snuffim,Mr. Wititterly,3542,nicholas-nickleby
Mr. Wititterly,Tumley Snuffim,3543,nicholas-nickleby
Tumley Snuffim,Mr. Wititterly,3543,nicholas-nickleby
Mr.,Wititterly,3544,nicholas-nickleby
Wititterly,Mr.,3544,nicholas-nickleby
Pluck,Sir Mulberry,3552,nicholas-nickleby
Pluck,Sir Mulberry,3552,nicholas-nickleby
Sir Mulberry,Pluck,3552,nicholas-nickleby
Sir Mulberry,Pluck,3552,nicholas-nickleby
Nickleby,Sir Mulberry Hawk,3553,nicholas-nickleby
Nickleby,Sir Mulberry,3553,nicholas-nickleby
Nickleby,Pyke,3553,nicholas-nickleby
Nickleby,Pluck,3553,nicholas-nickleby
Sir Mulberry Hawk,Nickleby,3553,nicholas-nickleby
Sir Mulberry Hawk,Sir Mulberry,3553,nicholas-nickleby
Sir Mulberry Hawk,Pyke,3553,nicholas-nickleby
Sir Mulberry Hawk,Pluck,3553,nicholas-nickleby
Sir Mulberry,Nickleby,3553,nicholas-nickleby
Sir Mulberry,Sir Mulberry Hawk,3553,nicholas-nickleby
Sir Mulberry,Pyke,3553,nicholas-nickleby
Sir Mulberry,Pluck,3553,nicholas-nickleby
Pyke,Nickleby,3553,nicholas-nickleby
Pyke,Sir Mulberry Hawk,3553,nicholas-nickleby
Pyke,Sir Mulberry,3553,nicholas-nickleby
Pyke,Pluck,3553,nicholas-nickleby
Pluck,Nickleby,3553,nicholas-nickleby
Pluck,Sir Mulberry Hawk,3553,nicholas-nickleby
Pluck,Sir Mulberry,3553,nicholas-nickleby
Pluck,Pyke,3553,nicholas-nickleby
Lord Verisopht,Sir Mulberry Hawk,3554,nicholas-nickleby
Sir Mulberry Hawk,Lord Verisopht,3554,nicholas-nickleby
Sir Mulberry Hawk,Kate,3555,nicholas-nickleby
Sir Mulberry Hawk,Sir Mulberry,3555,nicholas-nickleby
Kate,Sir Mulberry Hawk,3555,nicholas-nickleby
Kate,Sir Mulberry,3555,nicholas-nickleby
Sir Mulberry,Sir Mulberry Hawk,3555,nicholas-nickleby
Sir Mulberry,Kate,3555,nicholas-nickleby
Sir Mulberry,Lord Verisopht,3556,nicholas-nickleby
Lord Verisopht,Sir Mulberry,3556,nicholas-nickleby
Nickleby,Miss Nickleby,3558,nicholas-nickleby
Miss Nickleby,Nickleby,3558,nicholas-nickleby
Miss Nickleby,Sir Mulberry,3563,nicholas-nickleby
Miss Nickleby,Lord Frederick Verisopht,3563,nicholas-nickleby
Miss Nickleby,Mr. Pyke,3563,nicholas-nickleby
Miss Nickleby,Mr. Pluck,3563,nicholas-nickleby
Sir Mulberry,Miss Nickleby,3563,nicholas-nickleby
Sir Mulberry,Lord Frederick Verisopht,3563,nicholas-nickleby
Sir Mulberry,Miss Nickleby,3563,nicholas-nickleby
Sir Mulberry,Mr. Pyke,3563,nicholas-nickleby
Sir Mulberry,Mr. Pluck,3563,nicholas-nickleby
Lord Frederick Verisopht,Miss Nickleby,3563,nicholas-nickleby
Lord Frederick Verisopht,Sir Mulberry,3563,nicholas-nickleby
Lord Frederick Verisopht,Miss Nickleby,3563,nicholas-nickleby
Lord Frederick Verisopht,Mr. Pyke,3563,nicholas-nickleby
Lord Frederick Verisopht,Mr. Pluck,3563,nicholas-nickleby
Miss Nickleby,Sir Mulberry,3563,nicholas-nickleby
Miss Nickleby,Lord Frederick Verisopht,3563,nicholas-nickleby
Miss Nickleby,Mr. Pyke,3563,nicholas-nickleby
Miss Nickleby,Mr. Pluck,3563,nicholas-nickleby
Mr. Pyke,Miss Nickleby,3563,nicholas-nickleby
Mr. Pyke,Sir Mulberry,3563,nicholas-nickleby
Mr. Pyke,Lord Frederick Verisopht,3563,nicholas-nickleby
Mr. Pyke,Miss Nickleby,3563,nicholas-nickleby
Mr. Pyke,Mr. Pluck,3563,nicholas-nickleby
Mr. Pluck,Miss Nickleby,3563,nicholas-nickleby
Mr. Pluck,Sir Mulberry,3563,nicholas-nickleby
Mr. Pluck,Lord Frederick Verisopht,3563,nicholas-nickleby
Mr. Pluck,Miss Nickleby,3563,nicholas-nickleby
Mr. Pluck,Mr. Pyke,3563,nicholas-nickleby
Miss Nickleby,Mrs Wititterly,3571,nicholas-nickleby
Mrs Wititterly,Miss Nickleby,3571,nicholas-nickleby
Mr. Wititterly,Julia,3574,nicholas-nickleby
Julia,Mr. Wititterly,3574,nicholas-nickleby
Julia,Mr. Wititterly,3575,nicholas-nickleby
Julia,Sir Tumley Snuffim,3575,nicholas-nickleby
Mr. Wititterly,Julia,3575,nicholas-nickleby
Mr. Wititterly,Sir Tumley Snuffim,3575,nicholas-nickleby
Sir Tumley Snuffim,Julia,3575,nicholas-nickleby
Sir Tumley Snuffim,Mr. Wititterly,3575,nicholas-nickleby
Sir Tumley,Mr. Wititterly,3576,nicholas-nickleby
Sir Tumley,Miss Nickleby,3576,nicholas-nickleby
Sir Tumley,Mr. Wititterly,3576,nicholas-nickleby
Mr. Wititterly,Sir Tumley,3576,nicholas-nickleby
Mr. Wititterly,Miss Nickleby,3576,nicholas-nickleby
Miss Nickleby,Sir Tumley,3576,nicholas-nickleby
Miss Nickleby,Mr. Wititterly,3576,nicholas-nickleby
Miss Nickleby,Mr. Wititterly,3576,nicholas-nickleby
Mr. Wititterly,Sir Tumley,3576,nicholas-nickleby
Mr. Wititterly,Miss Nickleby,3576,nicholas-nickleby
Kate,Sir Tumley Snuffim,3577,nicholas-nickleby
Kate,Sir Tumley,3577,nicholas-nickleby
Sir Tumley Snuffim,Kate,3577,nicholas-nickleby
Sir Tumley Snuffim,Sir Tumley,3577,nicholas-nickleby
Sir Tumley,Kate,3577,nicholas-nickleby
Sir Tumley,Sir Tumley Snuffim,3577,nicholas-nickleby
Ralph,Honesty,3579,nicholas-nickleby
Honesty,Ralph,3579,nicholas-nickleby
Ralph,Dross,3581,nicholas-nickleby
Dross,Ralph,3581,nicholas-nickleby
Kate,Ralph,3592,nicholas-nickleby
Ralph,Kate,3592,nicholas-nickleby
Ralph,Nicholas,3600,nicholas-nickleby
Nicholas,Ralph,3600,nicholas-nickleby
Kate,Mama,3605,nicholas-nickleby
Mama,Kate,3605,nicholas-nickleby
Newman Noggs,Guy Faux,3617,nicholas-nickleby
Guy Faux,Newman Noggs,3617,nicholas-nickleby
Kate,Poor,3619,nicholas-nickleby
Poor,Kate,3619,nicholas-nickleby
Mr. Crummles,Nicholas,3634,nicholas-nickleby
Nicholas,Mr. Crummles,3634,nicholas-nickleby
John Browdie,Ralph Nickleby,3635,nicholas-nickleby
Ralph Nickleby,John Browdie,3635,nicholas-nickleby
Nicholas,Smike,3637,nicholas-nickleby
Smike,Nicholas,3637,nicholas-nickleby
Nicholas,Mr. Squeers,3649,nicholas-nickleby
Mr. Squeers,Nicholas,3649,nicholas-nickleby
Mr.,Folair,3654,nicholas-nickleby
Folair,Mr.,3654,nicholas-nickleby
Mr. Folair,Hem,3655,nicholas-nickleby
Hem,Mr. Folair,3655,nicholas-nickleby
Mr. Folair,Mr. Johnson,3657,nicholas-nickleby
Mr. Johnson,Mr. Folair,3657,nicholas-nickleby
Mr. Johnson,Mr. Folair,3657,nicholas-nickleby
Mr. Folair,Mr. Johnson,3657,nicholas-nickleby
Johnson,Esq,3660,nicholas-nickleby
Johnson,Nicholas,3660,nicholas-nickleby
Esq,Johnson,3660,nicholas-nickleby
Esq,Nicholas,3660,nicholas-nickleby
Nicholas,Johnson,3660,nicholas-nickleby
Nicholas,Esq,3660,nicholas-nickleby
Mr. Lenville,Mr. Johnson,3661,nicholas-nickleby
Mr. Lenville,Mr. L.,3661,nicholas-nickleby
Mr. Johnson,Mr. Lenville,3661,nicholas-nickleby
Mr. Johnson,Mr. L.,3661,nicholas-nickleby
Mr. L.,Mr. Lenville,3661,nicholas-nickleby
Mr. L.,Mr. Johnson,3661,nicholas-nickleby
Mr. Lenville,Mr. Johnson,3662,nicholas-nickleby
Mr. Johnson,Mr. Lenville,3662,nicholas-nickleby
Mr.,Folair,3668,nicholas-nickleby
Mr.,Nicholas,3668,nicholas-nickleby
Folair,Mr.,3668,nicholas-nickleby
Folair,Nicholas,3668,nicholas-nickleby
Nicholas,Mr.,3668,nicholas-nickleby
Nicholas,Folair,3668,nicholas-nickleby
Johnson,Mr. Folair,3670,nicholas-nickleby
Mr. Folair,Johnson,3670,nicholas-nickleby
Mr. Folair,Lenville,3679,nicholas-nickleby
Lenville,Mr. Folair,3679,nicholas-nickleby
Mr. Folair,Johnson,3681,nicholas-nickleby
Mr. Folair,Tybalt,3681,nicholas-nickleby
Johnson,Mr. Folair,3681,nicholas-nickleby
Johnson,Tybalt,3681,nicholas-nickleby
Tybalt,Mr. Folair,3681,nicholas-nickleby
Tybalt,Johnson,3681,nicholas-nickleby
Mr. Folair,Notoriety,3683,nicholas-nickleby
Notoriety,Mr. Folair,3683,nicholas-nickleby
Notoriety,Mr. Folair,3683,nicholas-nickleby
Mr. Folair,Notoriety,3683,nicholas-nickleby
Mr. Folair,Nicholas,3687,nicholas-nickleby
Nicholas,Mr. Folair,3687,nicholas-nickleby
Nicholas,Mr. Folair,3687,nicholas-nickleby
Mr. Folair,Nicholas,3687,nicholas-nickleby
Nicholas,Mr. Lenville,3688,nicholas-nickleby
Mr. Lenville,Nicholas,3688,nicholas-nickleby
Mr. Lenville,Nicholas,3691,nicholas-nickleby
Mr. Lenville,Nicholas,3691,nicholas-nickleby
Nicholas,Mr. Lenville,3691,nicholas-nickleby
Nicholas,Mr. Lenville,3691,nicholas-nickleby
Mr. Lenville,Nicholas,3695,nicholas-nickleby
Nicholas,Mr. Lenville,3695,nicholas-nickleby
Mr. Lenville,Nicholas,3696,nicholas-nickleby
Mr. Lenville,Lenville,3696,nicholas-nickleby
Nicholas,Mr. Lenville,3696,nicholas-nickleby
Nicholas,Lenville,3696,nicholas-nickleby
Lenville,Mr. Lenville,3696,nicholas-nickleby
Lenville,Nicholas,3696,nicholas-nickleby
Nicholas,Mr. Lenville,3705,nicholas-nickleby
Nicholas,Mr. Lenville,3705,nicholas-nickleby
Mr. Lenville,Nicholas,3705,nicholas-nickleby
Mr. Lenville,Nicholas,3705,nicholas-nickleby
Lenville,Mr. Crummles,3706,nicholas-nickleby
Mr. Crummles,Lenville,3706,nicholas-nickleby
Nicholas,Mr. Lenville,3707,nicholas-nickleby
Mr. Lenville,Nicholas,3707,nicholas-nickleby
Smike,Nicholas,3708,nicholas-nickleby
Nicholas,Smike,3708,nicholas-nickleby
Newman,Kate,3711,nicholas-nickleby
Newman,Nicholas,3711,nicholas-nickleby
Kate,Newman,3711,nicholas-nickleby
Kate,Nicholas,3711,nicholas-nickleby
Kate,Newman,3711,nicholas-nickleby
Nicholas,Newman,3711,nicholas-nickleby
Nicholas,Kate,3711,nicholas-nickleby
Nicholas,Newman,3711,nicholas-nickleby
Newman,Kate,3711,nicholas-nickleby
Newman,Nicholas,3711,nicholas-nickleby
Mr. Johnson,Ryde,3714,nicholas-nickleby
Ryde,Mr. Johnson,3714,nicholas-nickleby
Miss Belvawney,Miss Bravassa,3719,nicholas-nickleby
Miss Belvawney,Mr. Folair,3719,nicholas-nickleby
Miss Bravassa,Miss Belvawney,3719,nicholas-nickleby
Miss Bravassa,Mr. Folair,3719,nicholas-nickleby
Mr. Folair,Miss Belvawney,3719,nicholas-nickleby
Mr. Folair,Miss Bravassa,3719,nicholas-nickleby
Mr.,Vincent Crummles,3725,nicholas-nickleby
Mr.,Nicholas,3725,nicholas-nickleby
Mr.,Nicholas,3725,nicholas-nickleby
Mr.,Mr. Crummles,3725,nicholas-nickleby
Vincent Crummles,Mr.,3725,nicholas-nickleby
Vincent Crummles,Nicholas,3725,nicholas-nickleby
Vincent Crummles,Nicholas,3725,nicholas-nickleby
Vincent Crummles,Mr. Crummles,3725,nicholas-nickleby
Nicholas,Mr.,3725,nicholas-nickleby
Nicholas,Vincent Crummles,3725,nicholas-nickleby
Nicholas,Mr. Crummles,3725,nicholas-nickleby
Nicholas,Mr.,3725,nicholas-nickleby
Nicholas,Vincent Crummles,3725,nicholas-nickleby
Nicholas,Mr. Crummles,3725,nicholas-nickleby
Mr. Crummles,Mr.,3725,nicholas-nickleby
Mr. Crummles,Vincent Crummles,3725,nicholas-nickleby
Mr. Crummles,Nicholas,3725,nicholas-nickleby
Mr. Crummles,Nicholas,3725,nicholas-nickleby
Nicholas,Mr. Crummles,3735,nicholas-nickleby
Mr. Crummles,Nicholas,3735,nicholas-nickleby
Nicholas,Miss Snevellicci,3739,nicholas-nickleby
Miss Snevellicci,Nicholas,3739,nicholas-nickleby
Mr. Digby,Miss Snevellicci,3740,nicholas-nickleby
Mr. Digby,Smike,3740,nicholas-nickleby
Mr. Digby,Digby,3740,nicholas-nickleby
Miss Snevellicci,Mr. Digby,3740,nicholas-nickleby
Miss Snevellicci,Smike,3740,nicholas-nickleby
Miss Snevellicci,Digby,3740,nicholas-nickleby
Smike,Mr. Digby,3740,nicholas-nickleby
Smike,Miss Snevellicci,3740,nicholas-nickleby
Smike,Digby,3740,nicholas-nickleby
Digby,Mr. Digby,3740,nicholas-nickleby
Digby,Miss Snevellicci,3740,nicholas-nickleby
Digby,Smike,3740,nicholas-nickleby
Miss Snevellicci,Nicholas,3742,nicholas-nickleby
Miss Snevellicci,Nicholas,3742,nicholas-nickleby
Nicholas,Miss Snevellicci,3742,nicholas-nickleby
Nicholas,Miss Snevellicci,3742,nicholas-nickleby
Johnson,Mr. Folair,3749,nicholas-nickleby
Mr. Folair,Johnson,3749,nicholas-nickleby
Mr. Folair,Lenville,3757,nicholas-nickleby
Mr. Folair,Crummles,3757,nicholas-nickleby
Mr. Folair,Lenville,3757,nicholas-nickleby
Lenville,Mr. Folair,3757,nicholas-nickleby
Lenville,Crummles,3757,nicholas-nickleby
Crummles,Mr. Folair,3757,nicholas-nickleby
Crummles,Lenville,3757,nicholas-nickleby
Crummles,Lenville,3757,nicholas-nickleby
Lenville,Mr. Folair,3757,nicholas-nickleby
Lenville,Crummles,3757,nicholas-nickleby
Mr. Folair,Digby,3759,nicholas-nickleby
Mr. Folair,Digby,3759,nicholas-nickleby
Digby,Mr. Folair,3759,nicholas-nickleby
Digby,Mr. Folair,3759,nicholas-nickleby
Johnson,Miss Snevellicci,3764,nicholas-nickleby
Miss Snevellicci,Johnson,3764,nicholas-nickleby
Nicholas,Smike,3765,nicholas-nickleby
Nicholas,Smike,3765,nicholas-nickleby
Smike,Nicholas,3765,nicholas-nickleby
Smike,Nicholas,3765,nicholas-nickleby
Miss Snevellicci,Johnson,3766,nicholas-nickleby
Johnson,Miss Snevellicci,3766,nicholas-nickleby
Miss Ledrook,Miss Snevellicci,3767,nicholas-nickleby
Miss Ledrook,Miss Snevellicci,3767,nicholas-nickleby
Miss Snevellicci,Miss Ledrook,3767,nicholas-nickleby
Miss Snevellicci,Miss Ledrook,3767,nicholas-nickleby
Miss Snevellicci,Miss Ledrook,3770,nicholas-nickleby
Miss Snevellicci,Miss Ledrook,3770,nicholas-nickleby
Miss Snevellicci,Miss Ledrook,3770,nicholas-nickleby
Miss Snevellicci,Miss Ledrook,3770,nicholas-nickleby
Miss Snevellicci,Miss Ledrook,3770,nicholas-nickleby
Miss Ledrook,Miss Snevellicci,3770,nicholas-nickleby
Miss Ledrook,Miss Snevellicci,3770,nicholas-nickleby
Miss Ledrook,Miss Snevellicci,3770,nicholas-nickleby
Miss Ledrook,Miss Snevellicci,3770,nicholas-nickleby
Miss Ledrook,Miss Snevellicci,3770,nicholas-nickleby
Miss Snevellicci,Miss Ledrook,3770,nicholas-nickleby
Miss Snevellicci,Miss Ledrook,3770,nicholas-nickleby
Miss Snevellicci,Miss Ledrook,3770,nicholas-nickleby
Miss Snevellicci,Miss Ledrook,3770,nicholas-nickleby
Miss Snevellicci,Miss Ledrook,3770,nicholas-nickleby
Miss Ledrook,Miss Snevellicci,3770,nicholas-nickleby
Miss Ledrook,Miss Snevellicci,3770,nicholas-nickleby
Miss Ledrook,Miss Snevellicci,3770,nicholas-nickleby
Miss Ledrook,Miss Snevellicci,3770,nicholas-nickleby
Miss Ledrook,Miss Snevellicci,3770,nicholas-nickleby
Miss Ledrook,Miss Snevellicci,3770,nicholas-nickleby
Miss Ledrook,Miss Snevellicci,3770,nicholas-nickleby
Miss Ledrook,Miss Snevellicci,3770,nicholas-nickleby
Miss Ledrook,Miss Snevellicci,3770,nicholas-nickleby
Miss Ledrook,Miss Snevellicci,3770,nicholas-nickleby
Miss Snevellicci,Miss Ledrook,3770,nicholas-nickleby
Miss Snevellicci,Miss Ledrook,3770,nicholas-nickleby
Miss Snevellicci,Miss Ledrook,3770,nicholas-nickleby
Miss Snevellicci,Miss Ledrook,3770,nicholas-nickleby
Miss Snevellicci,Miss Ledrook,3770,nicholas-nickleby
Miss Snevellicci,Miss Ledrook,3770,nicholas-nickleby
Miss Snevellicci,Miss Ledrook,3770,nicholas-nickleby
Miss Snevellicci,Miss Ledrook,3770,nicholas-nickleby
Miss Snevellicci,Miss Ledrook,3770,nicholas-nickleby
Miss Snevellicci,Miss Ledrook,3770,nicholas-nickleby
Miss Ledrook,Miss Snevellicci,3770,nicholas-nickleby
Miss Ledrook,Miss Snevellicci,3770,nicholas-nickleby
Miss Ledrook,Miss Snevellicci,3770,nicholas-nickleby
Miss Ledrook,Miss Snevellicci,3770,nicholas-nickleby
Miss Ledrook,Miss Snevellicci,3770,nicholas-nickleby
Miss Ledrook,Miss Snevellicci,3770,nicholas-nickleby
Miss Ledrook,Miss Snevellicci,3770,nicholas-nickleby
Miss Ledrook,Miss Snevellicci,3770,nicholas-nickleby
Miss Ledrook,Miss Snevellicci,3770,nicholas-nickleby
Miss Ledrook,Miss Snevellicci,3770,nicholas-nickleby
Miss Snevellicci,Miss Ledrook,3770,nicholas-nickleby
Miss Snevellicci,Miss Ledrook,3770,nicholas-nickleby
Miss Snevellicci,Miss Ledrook,3770,nicholas-nickleby
Miss Snevellicci,Miss Ledrook,3770,nicholas-nickleby
Miss Snevellicci,Miss Ledrook,3770,nicholas-nickleby
Miss Ledrook,Mr. Johnson,3771,nicholas-nickleby
Mr. Johnson,Miss Ledrook,3771,nicholas-nickleby
Miss,Ledrook,3773,nicholas-nickleby
Miss,Smike,3773,nicholas-nickleby
Miss,Nicholas,3773,nicholas-nickleby
Miss,Nicholas,3773,nicholas-nickleby
Ledrook,Miss,3773,nicholas-nickleby
Ledrook,Smike,3773,nicholas-nickleby
Ledrook,Nicholas,3773,nicholas-nickleby
Ledrook,Nicholas,3773,nicholas-nickleby
Smike,Miss,3773,nicholas-nickleby
Smike,Ledrook,3773,nicholas-nickleby
Smike,Nicholas,3773,nicholas-nickleby
Smike,Nicholas,3773,nicholas-nickleby
Nicholas,Miss,3773,nicholas-nickleby
Nicholas,Ledrook,3773,nicholas-nickleby
Nicholas,Smike,3773,nicholas-nickleby
Nicholas,Miss,3773,nicholas-nickleby
Nicholas,Ledrook,3773,nicholas-nickleby
Nicholas,Smike,3773,nicholas-nickleby
Miss Snevellicci,Miss Ledrook,3774,nicholas-nickleby
Miss Snevellicci,Nicholas,3774,nicholas-nickleby
Miss Snevellicci,Nicholas,3774,nicholas-nickleby
Miss Snevellicci,Nicholas,3774,nicholas-nickleby
Miss Snevellicci,Nicholas,3774,nicholas-nickleby
Miss Snevellicci,Nicholas,3774,nicholas-nickleby
Miss Ledrook,Miss Snevellicci,3774,nicholas-nickleby
Miss Ledrook,Nicholas,3774,nicholas-nickleby
Miss Ledrook,Miss Snevellicci,3774,nicholas-nickleby
Miss Ledrook,Nicholas,3774,nicholas-nickleby
Miss Ledrook,Nicholas,3774,nicholas-nickleby
Miss Ledrook,Miss Snevellicci,3774,nicholas-nickleby
Miss Ledrook,Nicholas,3774,nicholas-nickleby
Miss Ledrook,Nicholas,3774,nicholas-nickleby
Nicholas,Miss Snevellicci,3774,nicholas-nickleby
Nicholas,Miss Ledrook,3774,nicholas-nickleby
Nicholas,Miss Snevellicci,3774,nicholas-nickleby
Nicholas,Miss Snevellicci,3774,nicholas-nickleby
Miss Snevellicci,Miss Ledrook,3774,nicholas-nickleby
Miss Snevellicci,Nicholas,3774,nicholas-nickleby
Miss Snevellicci,Nicholas,3774,nicholas-nickleby
Miss Snevellicci,Nicholas,3774,nicholas-nickleby
Miss Snevellicci,Nicholas,3774,nicholas-nickleby
Miss Snevellicci,Nicholas,3774,nicholas-nickleby
Nicholas,Miss Snevellicci,3774,nicholas-nickleby
Nicholas,Miss Ledrook,3774,nicholas-nickleby
Nicholas,Miss Snevellicci,3774,nicholas-nickleby
Nicholas,Miss Snevellicci,3774,nicholas-nickleby
Nicholas,Miss Snevellicci,3774,nicholas-nickleby
Nicholas,Miss Ledrook,3774,nicholas-nickleby
Nicholas,Miss Snevellicci,3774,nicholas-nickleby
Nicholas,Miss Snevellicci,3774,nicholas-nickleby
Miss Snevellicci,Miss Ledrook,3774,nicholas-nickleby
Miss Snevellicci,Nicholas,3774,nicholas-nickleby
Miss Snevellicci,Nicholas,3774,nicholas-nickleby
Miss Snevellicci,Nicholas,3774,nicholas-nickleby
Miss Snevellicci,Nicholas,3774,nicholas-nickleby
Miss Snevellicci,Nicholas,3774,nicholas-nickleby
Nicholas,Miss Snevellicci,3774,nicholas-nickleby
Nicholas,Miss Ledrook,3774,nicholas-nickleby
Nicholas,Miss Snevellicci,3774,nicholas-nickleby
Nicholas,Miss Snevellicci,3774,nicholas-nickleby
Nicholas,Miss Snevellicci,3774,nicholas-nickleby
Nicholas,Miss Ledrook,3774,nicholas-nickleby
Nicholas,Miss Snevellicci,3774,nicholas-nickleby
Nicholas,Miss Snevellicci,3774,nicholas-nickleby
Mr. Lillyvick,Miss Snevellicci,3775,nicholas-nickleby
Mr. Lillyvick,Miss Snevellicci,3775,nicholas-nickleby
Mr. Lillyvick,Miss Snevellicci,3775,nicholas-nickleby
Mr. Lillyvick,Nicholas,3775,nicholas-nickleby
Miss Snevellicci,Mr. Lillyvick,3775,nicholas-nickleby
Miss Snevellicci,Nicholas,3775,nicholas-nickleby
Miss Snevellicci,Mr. Lillyvick,3775,nicholas-nickleby
Miss Snevellicci,Nicholas,3775,nicholas-nickleby
Miss Snevellicci,Mr. Lillyvick,3775,nicholas-nickleby
Miss Snevellicci,Nicholas,3775,nicholas-nickleby
Nicholas,Mr. Lillyvick,3775,nicholas-nickleby
Nicholas,Miss Snevellicci,3775,nicholas-nickleby
Nicholas,Miss Snevellicci,3775,nicholas-nickleby
Nicholas,Miss Snevellicci,3775,nicholas-nickleby
Such,Miss Snevellicci,3776,nicholas-nickleby
Such,Miss Snevellicci,3776,nicholas-nickleby
Such,Miss Snevellicci,3776,nicholas-nickleby
Miss Snevellicci,Such,3776,nicholas-nickleby
Miss Snevellicci,Such,3776,nicholas-nickleby
Such,Miss Snevellicci,3776,nicholas-nickleby
Such,Miss Snevellicci,3776,nicholas-nickleby
Such,Miss Snevellicci,3776,nicholas-nickleby
Miss Snevellicci,Such,3776,nicholas-nickleby
Miss Snevellicci,Such,3776,nicholas-nickleby
Miss Snevellicci,Such,3776,nicholas-nickleby
Miss Snevellicci,Such,3776,nicholas-nickleby
Nicholas,Miss Snevellicci,3777,nicholas-nickleby
Nicholas,Mr. Glavormelly,3777,nicholas-nickleby
Miss Snevellicci,Nicholas,3777,nicholas-nickleby
Miss Snevellicci,Mr. Glavormelly,3777,nicholas-nickleby
Mr. Glavormelly,Nicholas,3777,nicholas-nickleby
Mr. Glavormelly,Miss Snevellicci,3777,nicholas-nickleby
Mr. Lillyvick,Nicholas,3784,nicholas-nickleby
Nicholas,Mr. Lillyvick,3784,nicholas-nickleby
Mr. Lillyvick,Nicholas,3791,nicholas-nickleby
Nicholas,Mr. Lillyvick,3791,nicholas-nickleby
Miss Snevellicci,Mr. Lillyvick,3792,nicholas-nickleby
Miss Snevellicci,Nicholas,3792,nicholas-nickleby
Mr. Lillyvick,Miss Snevellicci,3792,nicholas-nickleby
Mr. Lillyvick,Nicholas,3792,nicholas-nickleby
Mr. Lillyvick,Miss Snevellicci,3792,nicholas-nickleby
Mr. Lillyvick,Miss Snevellicci,3792,nicholas-nickleby
Mr. Lillyvick,Miss Snevellicci,3792,nicholas-nickleby
Mr. Lillyvick,Miss Snevellicci,3792,nicholas-nickleby
Nicholas,Miss Snevellicci,3792,nicholas-nickleby
Nicholas,Mr. Lillyvick,3792,nicholas-nickleby
Nicholas,Miss Snevellicci,3792,nicholas-nickleby
Nicholas,Miss Snevellicci,3792,nicholas-nickleby
Nicholas,Miss Snevellicci,3792,nicholas-nickleby
Nicholas,Miss Snevellicci,3792,nicholas-nickleby
Miss Snevellicci,Mr. Lillyvick,3792,nicholas-nickleby
Miss Snevellicci,Nicholas,3792,nicholas-nickleby
Miss Snevellicci,Mr. Lillyvick,3792,nicholas-nickleby
Miss Snevellicci,Nicholas,3792,nicholas-nickleby
Miss Snevellicci,Mr. Lillyvick,3792,nicholas-nickleby
Miss Snevellicci,Nicholas,3792,nicholas-nickleby
Miss Snevellicci,Mr. Lillyvick,3792,nicholas-nickleby
Miss Snevellicci,Nicholas,3792,nicholas-nickleby
Miss,Ledrook,3794,nicholas-nickleby
Miss,Miss Snevellicci,3794,nicholas-nickleby
Miss,Miss Snevellicci,3794,nicholas-nickleby
Ledrook,Miss,3794,nicholas-nickleby
Ledrook,Miss Snevellicci,3794,nicholas-nickleby
Ledrook,Miss Snevellicci,3794,nicholas-nickleby
Miss Snevellicci,Miss,3794,nicholas-nickleby
Miss Snevellicci,Ledrook,3794,nicholas-nickleby
Miss Snevellicci,Miss,3794,nicholas-nickleby
Miss Snevellicci,Ledrook,3794,nicholas-nickleby
Mr. Snevellicci,Bow Street,3806,nicholas-nickleby
Mr. Snevellicci,Damme,3806,nicholas-nickleby
Bow Street,Mr. Snevellicci,3806,nicholas-nickleby
Bow Street,Damme,3806,nicholas-nickleby
Damme,Mr. Snevellicci,3806,nicholas-nickleby
Damme,Bow Street,3806,nicholas-nickleby
Mr. Snevellicci,Henrietta Lillyvick,3816,nicholas-nickleby
Mr. Snevellicci,Henrietta Lillyvick,3816,nicholas-nickleby
Henrietta Lillyvick,Mr. Snevellicci,3816,nicholas-nickleby
Henrietta Lillyvick,Mr. Snevellicci,3816,nicholas-nickleby
Henrietta Petowker,Mr. Snevellicci,3817,nicholas-nickleby
Henrietta Petowker,Mr. Lillyvick,3817,nicholas-nickleby
Henrietta Petowker,Mr. Lillyvick,3817,nicholas-nickleby
Henrietta Petowker,Mr. Snevellicci,3817,nicholas-nickleby
Henrietta Petowker,Mr. Snevellicci,3817,nicholas-nickleby
Henrietta Petowker,Mr. Lillyvick,3817,nicholas-nickleby
Mr. Snevellicci,Henrietta Petowker,3817,nicholas-nickleby
Mr. Snevellicci,Mr. Lillyvick,3817,nicholas-nickleby
Mr. Snevellicci,Mr. Lillyvick,3817,nicholas-nickleby
Mr. Snevellicci,Mr. Lillyvick,3817,nicholas-nickleby
Mr. Lillyvick,Henrietta Petowker,3817,nicholas-nickleby
Mr. Lillyvick,Mr. Snevellicci,3817,nicholas-nickleby
Mr. Lillyvick,Mr. Snevellicci,3817,nicholas-nickleby
Mr. Lillyvick,Mr. Snevellicci,3817,nicholas-nickleby
Mr. Lillyvick,Henrietta Petowker,3817,nicholas-nickleby
Mr. Lillyvick,Mr. Snevellicci,3817,nicholas-nickleby
Mr. Lillyvick,Mr. Snevellicci,3817,nicholas-nickleby
Mr. Lillyvick,Mr. Snevellicci,3817,nicholas-nickleby
Mr. Snevellicci,Henrietta Petowker,3817,nicholas-nickleby
Mr. Snevellicci,Mr. Lillyvick,3817,nicholas-nickleby
Mr. Snevellicci,Mr. Lillyvick,3817,nicholas-nickleby
Mr. Snevellicci,Mr. Lillyvick,3817,nicholas-nickleby
Mr. Snevellicci,Henrietta Petowker,3817,nicholas-nickleby
Mr. Snevellicci,Mr. Lillyvick,3817,nicholas-nickleby
Mr. Snevellicci,Mr. Lillyvick,3817,nicholas-nickleby
Mr. Snevellicci,Mr. Lillyvick,3817,nicholas-nickleby
Mr. Lillyvick,Henrietta Petowker,3817,nicholas-nickleby
Mr. Lillyvick,Mr. Snevellicci,3817,nicholas-nickleby
Mr. Lillyvick,Mr. Snevellicci,3817,nicholas-nickleby
Mr. Lillyvick,Mr. Snevellicci,3817,nicholas-nickleby
Nicholas,Smike,3819,nicholas-nickleby
Nicholas,Mr. Snevellicci,3819,nicholas-nickleby
Smike,Nicholas,3819,nicholas-nickleby
Smike,Mr. Snevellicci,3819,nicholas-nickleby
Mr. Snevellicci,Nicholas,3819,nicholas-nickleby
Mr. Snevellicci,Smike,3819,nicholas-nickleby
Miss Snevellicci,Mr. Lillyvick,3829,nicholas-nickleby
Miss Snevellicci,Mr. Lillyvick,3829,nicholas-nickleby
Mr. Lillyvick,Miss Snevellicci,3829,nicholas-nickleby
Mr. Lillyvick,Miss Snevellicci,3829,nicholas-nickleby
Miss,Nicholas,3831,nicholas-nickleby
Nicholas,Miss,3831,nicholas-nickleby
Nicholas,Mr. Crummles,3833,nicholas-nickleby
Mr. Crummles,Nicholas,3833,nicholas-nickleby
Crummles,Nicholas,3834,nicholas-nickleby
Crummles,Johnson,3834,nicholas-nickleby
Crummles,Johnson,3834,nicholas-nickleby
Nicholas,Crummles,3834,nicholas-nickleby
Nicholas,Johnson,3834,nicholas-nickleby
Nicholas,Johnson,3834,nicholas-nickleby
Johnson,Crummles,3834,nicholas-nickleby
Johnson,Nicholas,3834,nicholas-nickleby
Johnson,Crummles,3834,nicholas-nickleby
Johnson,Nicholas,3834,nicholas-nickleby
Nicholas,Mr. Vincent Crummles,3835,nicholas-nickleby
Mr. Vincent Crummles,Nicholas,3835,nicholas-nickleby
Mrs Crummles,Mr. Crummles,3836,nicholas-nickleby
Mr. Crummles,Mrs Crummles,3836,nicholas-nickleby
Mr. Lenville,Miss Bravassa,3837,nicholas-nickleby
Mr. Lenville,Mr. Crummles,3837,nicholas-nickleby
Mr. Lenville,Mr. Crummles,3837,nicholas-nickleby
Miss Bravassa,Mr. Lenville,3837,nicholas-nickleby
Miss Bravassa,Mr. Crummles,3837,nicholas-nickleby
Miss Bravassa,Mr. Crummles,3837,nicholas-nickleby
Mr. Crummles,Mr. Lenville,3837,nicholas-nickleby
Mr. Crummles,Miss Bravassa,3837,nicholas-nickleby
Mr. Crummles,Mr. Lenville,3837,nicholas-nickleby
Mr. Crummles,Miss Bravassa,3837,nicholas-nickleby
Nicholas,Smike,3840,nicholas-nickleby
Smike,Nicholas,3840,nicholas-nickleby
Mr. Crummles,Nicholas,3843,nicholas-nickleby
Nicholas,Mr. Crummles,3843,nicholas-nickleby
Nicholas,Quick,3846,nicholas-nickleby
Quick,Nicholas,3846,nicholas-nickleby
Smike,Nicholas,3854,nicholas-nickleby
Smike,Nicholas,3854,nicholas-nickleby
Smike,Nicholas,3854,nicholas-nickleby
Nicholas,Smike,3854,nicholas-nickleby
Nicholas,Smike,3854,nicholas-nickleby
Nicholas,Smike,3854,nicholas-nickleby
Nicholas,Smike,3854,nicholas-nickleby
Smike,Nicholas,3854,nicholas-nickleby
Smike,Nicholas,3854,nicholas-nickleby
Smike,Nicholas,3854,nicholas-nickleby
Nicholas,Smike,3854,nicholas-nickleby
Nicholas,Smike,3854,nicholas-nickleby
Nicholas,Mr. Crummles,3855,nicholas-nickleby
Mr. Crummles,Nicholas,3855,nicholas-nickleby
Mr. Crummles,Master Crummles,3858,nicholas-nickleby
Mr. Crummles,Smike,3858,nicholas-nickleby
Mr. Crummles,Master Percy Crummles,3858,nicholas-nickleby
Mr. Crummles,Master Crummles,3858,nicholas-nickleby
Mr. Crummles,Smike,3858,nicholas-nickleby
Mr. Crummles,Master Percy Crummles,3858,nicholas-nickleby
Master Crummles,Mr. Crummles,3858,nicholas-nickleby
Master Crummles,Mr. Crummles,3858,nicholas-nickleby
Master Crummles,Smike,3858,nicholas-nickleby
Master Crummles,Master Percy Crummles,3858,nicholas-nickleby
Smike,Mr. Crummles,3858,nicholas-nickleby
Smike,Mr. Crummles,3858,nicholas-nickleby
Smike,Master Crummles,3858,nicholas-nickleby
Smike,Master Percy Crummles,3858,nicholas-nickleby
Master Percy Crummles,Mr. Crummles,3858,nicholas-nickleby
Master Percy Crummles,Mr. Crummles,3858,nicholas-nickleby
Master Percy Crummles,Master Crummles,3858,nicholas-nickleby
Master Percy Crummles,Smike,3858,nicholas-nickleby
Nicholas,Smike,3859,nicholas-nickleby
Smike,Nicholas,3859,nicholas-nickleby
Ralph Nickleby,Ralph,3863,nicholas-nickleby
Ralph Nickleby,Ralph,3863,nicholas-nickleby
Ralph,Ralph Nickleby,3863,nicholas-nickleby
Ralph,Ralph Nickleby,3863,nicholas-nickleby
Ralph,Nicholas,3865,nicholas-nickleby
Ralph,Kate,3865,nicholas-nickleby
Ralph,Gold,3865,nicholas-nickleby
Nicholas,Ralph,3865,nicholas-nickleby
Nicholas,Kate,3865,nicholas-nickleby
Nicholas,Gold,3865,nicholas-nickleby
Kate,Ralph,3865,nicholas-nickleby
Kate,Nicholas,3865,nicholas-nickleby
Kate,Gold,3865,nicholas-nickleby
Gold,Ralph,3865,nicholas-nickleby
Gold,Nicholas,3865,nicholas-nickleby
Gold,Kate,3865,nicholas-nickleby
Ralph,Newman,3868,nicholas-nickleby
Newman,Ralph,3868,nicholas-nickleby
Newman,Ralph,3868,nicholas-nickleby
Ralph,Newman,3868,nicholas-nickleby
Newman,Ralph Nickleby,3869,nicholas-nickleby
Ralph Nickleby,Newman,3869,nicholas-nickleby
Newman,Mr. Ralph Nickleby,3883,nicholas-nickleby
Mr. Ralph Nickleby,Newman,3883,nicholas-nickleby
Miss La Creevy,Newman,3887,nicholas-nickleby
Newman,Miss La Creevy,3887,nicholas-nickleby
Miss La Creevy,Mr. Noggs,3889,nicholas-nickleby
Miss La Creevy,Sit,3889,nicholas-nickleby
Miss La Creevy,Miss Nickleby,3889,nicholas-nickleby
Miss La Creevy,Poor,3889,nicholas-nickleby
Mr. Noggs,Miss La Creevy,3889,nicholas-nickleby
Mr. Noggs,Sit,3889,nicholas-nickleby
Mr. Noggs,Miss Nickleby,3889,nicholas-nickleby
Mr. Noggs,Poor,3889,nicholas-nickleby
Sit,Miss La Creevy,3889,nicholas-nickleby
Sit,Mr. Noggs,3889,nicholas-nickleby
Sit,Miss Nickleby,3889,nicholas-nickleby
Sit,Poor,3889,nicholas-nickleby
Miss Nickleby,Miss La Creevy,3889,nicholas-nickleby
Miss Nickleby,Mr. Noggs,3889,nicholas-nickleby
Miss Nickleby,Sit,3889,nicholas-nickleby
Miss Nickleby,Poor,3889,nicholas-nickleby
Poor,Miss La Creevy,3889,nicholas-nickleby
Poor,Mr. Noggs,3889,nicholas-nickleby
Poor,Sit,3889,nicholas-nickleby
Poor,Miss Nickleby,3889,nicholas-nickleby
Mr. Noggs,Miss La Creevy,3891,nicholas-nickleby
Miss La Creevy,Mr. Noggs,3891,nicholas-nickleby
John,Mr. Noggs,3893,nicholas-nickleby
John,Mr. Noggs,3893,nicholas-nickleby
Mr. Noggs,John,3893,nicholas-nickleby
Mr. Noggs,John,3893,nicholas-nickleby
Miss La Creevy,Mr. Noggs,3894,nicholas-nickleby
Miss La Creevy,Miss Nickleby,3894,nicholas-nickleby
Mr. Noggs,Miss La Creevy,3894,nicholas-nickleby
Mr. Noggs,Miss Nickleby,3894,nicholas-nickleby
Miss Nickleby,Miss La Creevy,3894,nicholas-nickleby
Miss Nickleby,Mr. Noggs,3894,nicholas-nickleby
Nickleby,Miss La Creevy,3896,nicholas-nickleby
Miss La Creevy,Nickleby,3896,nicholas-nickleby
Miss Nickleby,Newman,3897,nicholas-nickleby
Newman,Miss Nickleby,3897,nicholas-nickleby
Mr. Noggs,Miss La Creevy,3902,nicholas-nickleby
Miss La Creevy,Mr. Noggs,3902,nicholas-nickleby
Newman,Mr. Canning,3903,nicholas-nickleby
Mr. Canning,Newman,3903,nicholas-nickleby
Mr. Noggs,Miss La Creevy,3904,nicholas-nickleby
Miss La Creevy,Mr. Noggs,3904,nicholas-nickleby
Ralph Nickleby,Miss La Creevy,3909,nicholas-nickleby
Miss La Creevy,Ralph Nickleby,3909,nicholas-nickleby
Mr. Noggs,Miss La Creevy,3924,nicholas-nickleby
Miss La Creevy,Mr. Noggs,3924,nicholas-nickleby
Nicholas,Smike,3931,nicholas-nickleby
Smike,Nicholas,3931,nicholas-nickleby
Nicholas,Smike,3939,nicholas-nickleby
Smike,Nicholas,3939,nicholas-nickleby
Johnson,Crowl,3942,nicholas-nickleby
Crowl,Johnson,3942,nicholas-nickleby
Mr. Crowl,Nicholas,3945,nicholas-nickleby
Mr. Crowl,Smike,3945,nicholas-nickleby
Nicholas,Mr. Crowl,3945,nicholas-nickleby
Nicholas,Smike,3945,nicholas-nickleby
Smike,Mr. Crowl,3945,nicholas-nickleby
Smike,Nicholas,3945,nicholas-nickleby
Nicholas,Smike,3946,nicholas-nickleby
Nicholas,Mr. Crowl,3946,nicholas-nickleby
Nicholas,Smike,3946,nicholas-nickleby
Smike,Nicholas,3946,nicholas-nickleby
Smike,Mr. Crowl,3946,nicholas-nickleby
Mr. Crowl,Nicholas,3946,nicholas-nickleby
Mr. Crowl,Smike,3946,nicholas-nickleby
Mr. Crowl,Smike,3946,nicholas-nickleby
Smike,Nicholas,3946,nicholas-nickleby
Smike,Mr. Crowl,3946,nicholas-nickleby
Miss La Creevy,Nicholas,3947,nicholas-nickleby
Miss La Creevy,Ralph Nickleby,3947,nicholas-nickleby
Miss La Creevy,Fully,3947,nicholas-nickleby
Nicholas,Miss La Creevy,3947,nicholas-nickleby
Nicholas,Ralph Nickleby,3947,nicholas-nickleby
Nicholas,Fully,3947,nicholas-nickleby
Ralph Nickleby,Miss La Creevy,3947,nicholas-nickleby
Ralph Nickleby,Nicholas,3947,nicholas-nickleby
Ralph Nickleby,Fully,3947,nicholas-nickleby
Fully,Miss La Creevy,3947,nicholas-nickleby
Fully,Nicholas,3947,nicholas-nickleby
Fully,Ralph Nickleby,3947,nicholas-nickleby
Nicholas,Smike,3949,nicholas-nickleby
Nicholas,Newman,3949,nicholas-nickleby
Smike,Nicholas,3949,nicholas-nickleby
Smike,Newman,3949,nicholas-nickleby
Newman,Nicholas,3949,nicholas-nickleby
Newman,Smike,3949,nicholas-nickleby
Hyde Park,Nicholas,3951,nicholas-nickleby
Nicholas,Hyde Park,3951,nicholas-nickleby
Park Lane,Bond Street,3952,nicholas-nickleby
Bond Street,Park Lane,3952,nicholas-nickleby
Nickleby,Nicholas,3973,nicholas-nickleby
Nicholas,Nickleby,3973,nicholas-nickleby
Sir,Mulberry,3981,nicholas-nickleby
Mulberry,Sir,3981,nicholas-nickleby
Sir Mulberry,Lord Verisopht,3984,nicholas-nickleby
Lord Verisopht,Sir Mulberry,3984,nicholas-nickleby
Sir,Mulberry,3990,nicholas-nickleby
Mulberry,Sir,3990,nicholas-nickleby
Sir,Mulberry,3993,nicholas-nickleby
Mulberry,Sir,3993,nicholas-nickleby
Sir,Mulberry,3996,nicholas-nickleby
Mulberry,Sir,3996,nicholas-nickleby
Sir Mulberry,Nicholas,4000,nicholas-nickleby
Nicholas,Sir Mulberry,4000,nicholas-nickleby
Nicholas,Sir Mulberry,4002,nicholas-nickleby
Sir Mulberry,Nicholas,4002,nicholas-nickleby
Nicholas,Sir Mulberry,4003,nicholas-nickleby
Sir Mulberry,Nicholas,4003,nicholas-nickleby
Sir Mulberry,Nicholas,4003,nicholas-nickleby
Nicholas,Sir Mulberry,4003,nicholas-nickleby
Nicholas,Sir Mulberry,4005,nicholas-nickleby
Sir Mulberry,Nicholas,4005,nicholas-nickleby
Nicholas,Sir Mulberry,4006,nicholas-nickleby
Nicholas,Sir Mulberry,4006,nicholas-nickleby
Sir Mulberry,Nicholas,4006,nicholas-nickleby
Sir Mulberry,Nicholas,4006,nicholas-nickleby
Sir,Mulberry,4009,nicholas-nickleby
Sir,Nicholas,4009,nicholas-nickleby
Sir,Sir Mulberry,4009,nicholas-nickleby
Mulberry,Sir,4009,nicholas-nickleby
Mulberry,Nicholas,4009,nicholas-nickleby
Mulberry,Sir Mulberry,4009,nicholas-nickleby
Nicholas,Sir,4009,nicholas-nickleby
Nicholas,Mulberry,4009,nicholas-nickleby
Nicholas,Sir Mulberry,4009,nicholas-nickleby
Sir Mulberry,Sir,4009,nicholas-nickleby
Sir Mulberry,Mulberry,4009,nicholas-nickleby
Sir Mulberry,Nicholas,4009,nicholas-nickleby
Nicholas,Miss Nickleby,4017,nicholas-nickleby
Miss Nickleby,Nicholas,4017,nicholas-nickleby
Sir Mulberry,William,4018,nicholas-nickleby
William,Sir Mulberry,4018,nicholas-nickleby
Nicholas,Sir Mulberry,4019,nicholas-nickleby
Sir Mulberry,Nicholas,4019,nicholas-nickleby
Sir Mulberry,Nicholas,4027,nicholas-nickleby
Nicholas,Sir Mulberry,4027,nicholas-nickleby
Smike,Time,4033,nicholas-nickleby
Time,Smike,4033,nicholas-nickleby
Newman,Nicholas,4034,nicholas-nickleby
Nicholas,Newman,4034,nicholas-nickleby
Newman,Nicholas,4042,nicholas-nickleby
Newman,Nicholas,4042,nicholas-nickleby
Newman,Sir Mulberry Hawk,4042,nicholas-nickleby
Nicholas,Newman,4042,nicholas-nickleby
Nicholas,Newman,4042,nicholas-nickleby
Nicholas,Newman,4042,nicholas-nickleby
Nicholas,Sir Mulberry Hawk,4042,nicholas-nickleby
Newman,Nicholas,4042,nicholas-nickleby
Newman,Nicholas,4042,nicholas-nickleby
Newman,Sir Mulberry Hawk,4042,nicholas-nickleby
Nicholas,Newman,4042,nicholas-nickleby
Nicholas,Newman,4042,nicholas-nickleby
Nicholas,Newman,4042,nicholas-nickleby
Nicholas,Sir Mulberry Hawk,4042,nicholas-nickleby
Newman,Nicholas,4042,nicholas-nickleby
Newman,Nicholas,4042,nicholas-nickleby
Newman,Sir Mulberry Hawk,4042,nicholas-nickleby
Sir Mulberry Hawk,Newman,4042,nicholas-nickleby
Sir Mulberry Hawk,Nicholas,4042,nicholas-nickleby
Sir Mulberry Hawk,Newman,4042,nicholas-nickleby
Sir Mulberry Hawk,Nicholas,4042,nicholas-nickleby
Sir Mulberry Hawk,Newman,4042,nicholas-nickleby
Nicholas,Newman,4043,nicholas-nickleby
Nicholas,Miss La Creevy,4043,nicholas-nickleby
Nicholas,Ralph,4043,nicholas-nickleby
Newman,Nicholas,4043,nicholas-nickleby
Newman,Miss La Creevy,4043,nicholas-nickleby
Newman,Ralph,4043,nicholas-nickleby
Miss La Creevy,Nicholas,4043,nicholas-nickleby
Miss La Creevy,Newman,4043,nicholas-nickleby
Miss La Creevy,Ralph,4043,nicholas-nickleby
Ralph,Nicholas,4043,nicholas-nickleby
Ralph,Newman,4043,nicholas-nickleby
Ralph,Miss La Creevy,4043,nicholas-nickleby
Smike,Newman Noggs,4045,nicholas-nickleby
Smike,Nicholas,4045,nicholas-nickleby
Smike,Newman,4045,nicholas-nickleby
Newman Noggs,Smike,4045,nicholas-nickleby
Newman Noggs,Nicholas,4045,nicholas-nickleby
Newman Noggs,Newman,4045,nicholas-nickleby
Nicholas,Smike,4045,nicholas-nickleby
Nicholas,Newman Noggs,4045,nicholas-nickleby
Nicholas,Newman,4045,nicholas-nickleby
Newman,Smike,4045,nicholas-nickleby
Newman,Newman Noggs,4045,nicholas-nickleby
Newman,Nicholas,4045,nicholas-nickleby
Cadogan Place,Nicholas,4046,nicholas-nickleby
Nicholas,Cadogan Place,4046,nicholas-nickleby
Miss Nickleby,Nicholas,4048,nicholas-nickleby
Nicholas,Miss Nickleby,4048,nicholas-nickleby
Nicholas,Kate,4049,nicholas-nickleby
Kate,Nicholas,4049,nicholas-nickleby
Mr.,Sir Tumley Snuffim,4058,nicholas-nickleby
Sir Tumley Snuffim,Mr.,4058,nicholas-nickleby
Mr. Wititterly,Miss Nickleby,4059,nicholas-nickleby
Miss Nickleby,Mr. Wititterly,4059,nicholas-nickleby
Mr.,Mr. Wititterly,4060,nicholas-nickleby
Mr. Wititterly,Mr.,4060,nicholas-nickleby
Nicholas,Newman,4063,nicholas-nickleby
Newman,Nicholas,4063,nicholas-nickleby
Nickleby,Nicholas,4064,nicholas-nickleby
Nicholas,Nickleby,4064,nicholas-nickleby
Sir Mulberry Hawk,Miss La Creevy,4069,nicholas-nickleby
Sir Mulberry Hawk,Nicholas,4069,nicholas-nickleby
Sir Mulberry Hawk,Nickleby,4069,nicholas-nickleby
Miss La Creevy,Sir Mulberry Hawk,4069,nicholas-nickleby
Miss La Creevy,Nicholas,4069,nicholas-nickleby
Miss La Creevy,Nickleby,4069,nicholas-nickleby
Nicholas,Sir Mulberry Hawk,4069,nicholas-nickleby
Nicholas,Miss La Creevy,4069,nicholas-nickleby
Nicholas,Nickleby,4069,nicholas-nickleby
Nickleby,Sir Mulberry Hawk,4069,nicholas-nickleby
Nickleby,Miss La Creevy,4069,nicholas-nickleby
Nickleby,Nicholas,4069,nicholas-nickleby
Nicholas,Miss La Creevy,4070,nicholas-nickleby
Miss La Creevy,Nicholas,4070,nicholas-nickleby
Miss La Creevy,Mr. Pyke,4071,nicholas-nickleby
Miss La Creevy,Sir Mulberry,4071,nicholas-nickleby
Mr. Pyke,Miss La Creevy,4071,nicholas-nickleby
Mr. Pyke,Sir Mulberry,4071,nicholas-nickleby
Sir Mulberry,Miss La Creevy,4071,nicholas-nickleby
Sir Mulberry,Mr. Pyke,4071,nicholas-nickleby
Nickleby,Nicholas,4074,nicholas-nickleby
Nicholas,Nickleby,4074,nicholas-nickleby
Nicholas,Nickleby,4074,nicholas-nickleby
Nickleby,Nicholas,4074,nicholas-nickleby
Nicholas,Golden Square,4075,nicholas-nickleby
Golden Square,Nicholas,4075,nicholas-nickleby
Ralph,Nicholas,4076,nicholas-nickleby
Ralph,Ill,4076,nicholas-nickleby
Nicholas,Ralph,4076,nicholas-nickleby
Nicholas,Ill,4076,nicholas-nickleby
Ill,Ralph,4076,nicholas-nickleby
Ill,Nicholas,4076,nicholas-nickleby
Wherein,Mr. Ralph Nickleby,4097,nicholas-nickleby
Mr. Ralph Nickleby,Wherein,4097,nicholas-nickleby
Mr. Mantalini,Ralph Nickleby,4098,nicholas-nickleby
Ralph Nickleby,Mr. Mantalini,4098,nicholas-nickleby
Mr.,Mantalini,4101,nicholas-nickleby
Mr.,Ralph,4101,nicholas-nickleby
Mr.,Newman,4101,nicholas-nickleby
Mr.,Mr. Nickleby,4101,nicholas-nickleby
Mantalini,Mr.,4101,nicholas-nickleby
Mantalini,Ralph,4101,nicholas-nickleby
Mantalini,Newman,4101,nicholas-nickleby
Mantalini,Mr. Nickleby,4101,nicholas-nickleby
Ralph,Mr.,4101,nicholas-nickleby
Ralph,Mantalini,4101,nicholas-nickleby
Ralph,Newman,4101,nicholas-nickleby
Ralph,Mr. Nickleby,4101,nicholas-nickleby
Newman,Mr.,4101,nicholas-nickleby
Newman,Mantalini,4101,nicholas-nickleby
Newman,Ralph,4101,nicholas-nickleby
Newman,Mr. Nickleby,4101,nicholas-nickleby
Mr. Nickleby,Mr.,4101,nicholas-nickleby
Mr. Nickleby,Mantalini,4101,nicholas-nickleby
Mr. Nickleby,Ralph,4101,nicholas-nickleby
Mr. Nickleby,Newman,4101,nicholas-nickleby
Mr. Mantalini,Ralph,4103,nicholas-nickleby
Mr. Mantalini,Ralph,4103,nicholas-nickleby
Ralph,Mr. Mantalini,4103,nicholas-nickleby
Ralph,Mr. Mantalini,4103,nicholas-nickleby
Newman,Ralph,4104,nicholas-nickleby
Ralph,Newman,4104,nicholas-nickleby
Nickleby,Mr. Mantalini,4121,nicholas-nickleby
Mr. Mantalini,Nickleby,4121,nicholas-nickleby
Nickleby,Mr. Mantalini,4123,nicholas-nickleby
Mr. Mantalini,Nickleby,4123,nicholas-nickleby
Mr. Mantalini,Newman,4126,nicholas-nickleby
Mr. Mantalini,Madame Mantalini,4126,nicholas-nickleby
Newman,Mr. Mantalini,4126,nicholas-nickleby
Newman,Madame Mantalini,4126,nicholas-nickleby
Madame Mantalini,Mr. Mantalini,4126,nicholas-nickleby
Madame Mantalini,Newman,4126,nicholas-nickleby
Madame Mantalini,Ralph,4131,nicholas-nickleby
Ralph,Madame Mantalini,4131,nicholas-nickleby
Mr. Mantalini,Madame Mantalini,4141,nicholas-nickleby
Madame Mantalini,Mr. Mantalini,4141,nicholas-nickleby
Madame Mantalini,Mr. Mantalini,4141,nicholas-nickleby
Mr. Mantalini,Madame Mantalini,4141,nicholas-nickleby
Mr. Nickleby,Madame Mantalini,4142,nicholas-nickleby
Mr. Nickleby,Ralph,4142,nicholas-nickleby
Madame Mantalini,Mr. Nickleby,4142,nicholas-nickleby
Madame Mantalini,Ralph,4142,nicholas-nickleby
Ralph,Mr. Nickleby,4142,nicholas-nickleby
Ralph,Madame Mantalini,4142,nicholas-nickleby
Mr. Nickleby,Madame Mantalini,4144,nicholas-nickleby
Mr. Nickleby,Madame Mantalini,4144,nicholas-nickleby
Madame Mantalini,Mr. Nickleby,4144,nicholas-nickleby
Madame Mantalini,Mr. Nickleby,4144,nicholas-nickleby
Mr.,Mantalini,4145,nicholas-nickleby
Mantalini,Mr.,4145,nicholas-nickleby
Madame Mantalini,Miss Knag,4146,nicholas-nickleby
Miss Knag,Madame Mantalini,4146,nicholas-nickleby
Mr.,Mantalini,4147,nicholas-nickleby
Mantalini,Mr.,4147,nicholas-nickleby
Mr.,Mantalini,4151,nicholas-nickleby
Mantalini,Mr.,4151,nicholas-nickleby
Mr. Mantalini,Ralph,4155,nicholas-nickleby
Ralph,Mr. Mantalini,4155,nicholas-nickleby
Mr. Nickleby,Madame Mantalini,4162,nicholas-nickleby
Madame Mantalini,Mr. Nickleby,4162,nicholas-nickleby
Mr. Mantalini,Madame Mantalini,4164,nicholas-nickleby
Mr. Mantalini,Ralph Nickleby,4164,nicholas-nickleby
Mr. Mantalini,Madame Mantalini,4164,nicholas-nickleby
Mr. Mantalini,Madame Mantalini,4164,nicholas-nickleby
Mr. Mantalini,Madame Mantalini,4164,nicholas-nickleby
Mr. Mantalini,Ralph,4164,nicholas-nickleby
Madame Mantalini,Mr. Mantalini,4164,nicholas-nickleby
Madame Mantalini,Ralph Nickleby,4164,nicholas-nickleby
Madame Mantalini,Mr. Mantalini,4164,nicholas-nickleby
Madame Mantalini,Mr. Mantalini,4164,nicholas-nickleby
Madame Mantalini,Ralph,4164,nicholas-nickleby
Madame Mantalini,Mr. Mantalini,4164,nicholas-nickleby
Ralph Nickleby,Mr. Mantalini,4164,nicholas-nickleby
Ralph Nickleby,Madame Mantalini,4164,nicholas-nickleby
Ralph Nickleby,Mr. Mantalini,4164,nicholas-nickleby
Ralph Nickleby,Madame Mantalini,4164,nicholas-nickleby
Ralph Nickleby,Madame Mantalini,4164,nicholas-nickleby
Ralph Nickleby,Mr. Mantalini,4164,nicholas-nickleby
Ralph Nickleby,Madame Mantalini,4164,nicholas-nickleby
Ralph Nickleby,Ralph,4164,nicholas-nickleby
Ralph Nickleby,Mr. Mantalini,4164,nicholas-nickleby
Mr. Mantalini,Madame Mantalini,4164,nicholas-nickleby
Mr. Mantalini,Ralph Nickleby,4164,nicholas-nickleby
Mr. Mantalini,Madame Mantalini,4164,nicholas-nickleby
Mr. Mantalini,Madame Mantalini,4164,nicholas-nickleby
Mr. Mantalini,Madame Mantalini,4164,nicholas-nickleby
Mr. Mantalini,Ralph,4164,nicholas-nickleby
Madame Mantalini,Mr. Mantalini,4164,nicholas-nickleby
Madame Mantalini,Ralph Nickleby,4164,nicholas-nickleby
Madame Mantalini,Mr. Mantalini,4164,nicholas-nickleby
Madame Mantalini,Mr. Mantalini,4164,nicholas-nickleby
Madame Mantalini,Ralph,4164,nicholas-nickleby
Madame Mantalini,Mr. Mantalini,4164,nicholas-nickleby
Madame Mantalini,Mr. Mantalini,4164,nicholas-nickleby
Madame Mantalini,Ralph Nickleby,4164,nicholas-nickleby
Madame Mantalini,Mr. Mantalini,4164,nicholas-nickleby
Madame Mantalini,Mr. Mantalini,4164,nicholas-nickleby
Madame Mantalini,Ralph,4164,nicholas-nickleby
Madame Mantalini,Mr. Mantalini,4164,nicholas-nickleby
Mr. Mantalini,Madame Mantalini,4164,nicholas-nickleby
Mr. Mantalini,Ralph Nickleby,4164,nicholas-nickleby
Mr. Mantalini,Madame Mantalini,4164,nicholas-nickleby
Mr. Mantalini,Madame Mantalini,4164,nicholas-nickleby
Mr. Mantalini,Madame Mantalini,4164,nicholas-nickleby
Mr. Mantalini,Ralph,4164,nicholas-nickleby
Madame Mantalini,Mr. Mantalini,4164,nicholas-nickleby
Madame Mantalini,Ralph Nickleby,4164,nicholas-nickleby
Madame Mantalini,Mr. Mantalini,4164,nicholas-nickleby
Madame Mantalini,Mr. Mantalini,4164,nicholas-nickleby
Madame Mantalini,Ralph,4164,nicholas-nickleby
Madame Mantalini,Mr. Mantalini,4164,nicholas-nickleby
Ralph,Mr. Mantalini,4164,nicholas-nickleby
Ralph,Madame Mantalini,4164,nicholas-nickleby
Ralph,Ralph Nickleby,4164,nicholas-nickleby
Ralph,Mr. Mantalini,4164,nicholas-nickleby
Ralph,Madame Mantalini,4164,nicholas-nickleby
Ralph,Madame Mantalini,4164,nicholas-nickleby
Ralph,Mr. Mantalini,4164,nicholas-nickleby
Ralph,Madame Mantalini,4164,nicholas-nickleby
Ralph,Mr. Mantalini,4164,nicholas-nickleby
Mr. Mantalini,Madame Mantalini,4164,nicholas-nickleby
Mr. Mantalini,Ralph Nickleby,4164,nicholas-nickleby
Mr. Mantalini,Madame Mantalini,4164,nicholas-nickleby
Mr. Mantalini,Madame Mantalini,4164,nicholas-nickleby
Mr. Mantalini,Madame Mantalini,4164,nicholas-nickleby
Mr. Mantalini,Ralph,4164,nicholas-nickleby
Mr. Nickleby,Madame Mantalini,4167,nicholas-nickleby
Madame Mantalini,Mr. Nickleby,4167,nicholas-nickleby
Mr.,Mantalini,4168,nicholas-nickleby
Mr.,Madame Mantalini,4168,nicholas-nickleby
Mantalini,Mr.,4168,nicholas-nickleby
Mantalini,Madame Mantalini,4168,nicholas-nickleby
Madame Mantalini,Mr.,4168,nicholas-nickleby
Madame Mantalini,Mantalini,4168,nicholas-nickleby
Ralph,Sir Mulberry,4169,nicholas-nickleby
Sir Mulberry,Ralph,4169,nicholas-nickleby
Ralph,Mr. Mantalini,4176,nicholas-nickleby
Mr. Mantalini,Ralph,4176,nicholas-nickleby
Mr. Mantalini,Ralph,4177,nicholas-nickleby
Ralph,Mr. Mantalini,4177,nicholas-nickleby
Nickleby,Mantalini,4179,nicholas-nickleby
Mantalini,Nickleby,4179,nicholas-nickleby
Nickleby,Mr. Mantalini,4181,nicholas-nickleby
Mr. Mantalini,Nickleby,4181,nicholas-nickleby
Ralph,Mr. Mantalini,4184,nicholas-nickleby
Mr. Mantalini,Ralph,4184,nicholas-nickleby
Ralph,Stay,4190,nicholas-nickleby
Stay,Ralph,4190,nicholas-nickleby
Mantalini,Mr. Mantalini,4191,nicholas-nickleby
Mr. Mantalini,Mantalini,4191,nicholas-nickleby
Mr. Mantalini,Ralph Nickleby,4196,nicholas-nickleby
Ralph Nickleby,Mr. Mantalini,4196,nicholas-nickleby
Squeers,Master Wackford,4209,nicholas-nickleby
Master Wackford,Squeers,4209,nicholas-nickleby
Mr.,Squeers,4212,nicholas-nickleby
Squeers,Mr.,4212,nicholas-nickleby
Squeers,Vinegar,4214,nicholas-nickleby
Squeers,Mr. Squeers,4214,nicholas-nickleby
Vinegar,Squeers,4214,nicholas-nickleby
Vinegar,Mr. Squeers,4214,nicholas-nickleby
Mr. Squeers,Squeers,4214,nicholas-nickleby
Mr. Squeers,Vinegar,4214,nicholas-nickleby
Ralph,Mr. Squeers,4231,nicholas-nickleby
Mr. Squeers,Ralph,4231,nicholas-nickleby
Squeers,Ralph,4234,nicholas-nickleby
Ralph,Squeers,4234,nicholas-nickleby
Ralph,Squeers,4234,nicholas-nickleby
Squeers,Ralph,4234,nicholas-nickleby
Squeers,Mr. Nickleby,4242,nicholas-nickleby
Squeers,Pastry,4242,nicholas-nickleby
Squeers,Master Wackford,4242,nicholas-nickleby
Mr. Nickleby,Squeers,4242,nicholas-nickleby
Mr. Nickleby,Pastry,4242,nicholas-nickleby
Mr. Nickleby,Squeers,4242,nicholas-nickleby
Mr. Nickleby,Master Wackford,4242,nicholas-nickleby
Pastry,Squeers,4242,nicholas-nickleby
Pastry,Mr. Nickleby,4242,nicholas-nickleby
Pastry,Squeers,4242,nicholas-nickleby
Pastry,Master Wackford,4242,nicholas-nickleby
Squeers,Mr. Nickleby,4242,nicholas-nickleby
Squeers,Pastry,4242,nicholas-nickleby
Squeers,Master Wackford,4242,nicholas-nickleby
Master Wackford,Squeers,4242,nicholas-nickleby
Master Wackford,Mr. Nickleby,4242,nicholas-nickleby
Master Wackford,Pastry,4242,nicholas-nickleby
Master Wackford,Squeers,4242,nicholas-nickleby
Mr. Squeers,Ralph Nickleby,4243,nicholas-nickleby
Ralph Nickleby,Mr. Squeers,4243,nicholas-nickleby
Squeers,Ralph,4267,nicholas-nickleby
Ralph,Squeers,4267,nicholas-nickleby
Newman,Mr. Squeers,4281,nicholas-nickleby
Mr. Squeers,Newman,4281,nicholas-nickleby
Ralph Nickleby,Nicholas,4282,nicholas-nickleby
Nicholas,Ralph Nickleby,4282,nicholas-nickleby
Nicholas,Ralph Nickleby,4283,nicholas-nickleby
Ralph Nickleby,Nicholas,4283,nicholas-nickleby
Sir Mulberry Hawk,Nicholas,4291,nicholas-nickleby
Sir Mulberry Hawk,Smike,4291,nicholas-nickleby
Sir Mulberry Hawk,Newman Noggs,4291,nicholas-nickleby
Nicholas,Sir Mulberry Hawk,4291,nicholas-nickleby
Nicholas,Smike,4291,nicholas-nickleby
Nicholas,Newman Noggs,4291,nicholas-nickleby
Smike,Sir Mulberry Hawk,4291,nicholas-nickleby
Smike,Nicholas,4291,nicholas-nickleby
Smike,Newman Noggs,4291,nicholas-nickleby
Newman Noggs,Sir Mulberry Hawk,4291,nicholas-nickleby
Newman Noggs,Nicholas,4291,nicholas-nickleby
Newman Noggs,Smike,4291,nicholas-nickleby
Nicholas,Smike,4293,nicholas-nickleby
Smike,Nicholas,4293,nicholas-nickleby
Nicholas,Smike,4296,nicholas-nickleby
Smike,Nicholas,4296,nicholas-nickleby
Nicholas,God,4306,nicholas-nickleby
God,Nicholas,4306,nicholas-nickleby
Nicholas,Miss La Creevy,4307,nicholas-nickleby
Miss La Creevy,Nicholas,4307,nicholas-nickleby
Poor,Smike,4309,nicholas-nickleby
Poor,Kate,4309,nicholas-nickleby
Poor,Nicholas,4309,nicholas-nickleby
Poor,Nicholas,4309,nicholas-nickleby
Smike,Poor,4309,nicholas-nickleby
Smike,Kate,4309,nicholas-nickleby
Smike,Nicholas,4309,nicholas-nickleby
Smike,Nicholas,4309,nicholas-nickleby
Kate,Poor,4309,nicholas-nickleby
Kate,Smike,4309,nicholas-nickleby
Kate,Nicholas,4309,nicholas-nickleby
Kate,Nicholas,4309,nicholas-nickleby
Nicholas,Poor,4309,nicholas-nickleby
Nicholas,Smike,4309,nicholas-nickleby
Nicholas,Kate,4309,nicholas-nickleby
Nicholas,Poor,4309,nicholas-nickleby
Nicholas,Smike,4309,nicholas-nickleby
Nicholas,Kate,4309,nicholas-nickleby
Miss La Creevy,Smike,4310,nicholas-nickleby
Miss La Creevy,Nicholas,4310,nicholas-nickleby
Miss La Creevy,Smike,4310,nicholas-nickleby
Miss La Creevy,Mr. Vincent Crummles,4310,nicholas-nickleby
Smike,Miss La Creevy,4310,nicholas-nickleby
Smike,Miss La Creevy,4310,nicholas-nickleby
Smike,Nicholas,4310,nicholas-nickleby
Smike,Mr. Vincent Crummles,4310,nicholas-nickleby
Smike,Miss La Creevy,4310,nicholas-nickleby
Miss La Creevy,Smike,4310,nicholas-nickleby
Miss La Creevy,Nicholas,4310,nicholas-nickleby
Miss La Creevy,Smike,4310,nicholas-nickleby
Miss La Creevy,Mr. Vincent Crummles,4310,nicholas-nickleby
Nicholas,Miss La Creevy,4310,nicholas-nickleby
Nicholas,Smike,4310,nicholas-nickleby
Nicholas,Miss La Creevy,4310,nicholas-nickleby
Nicholas,Smike,4310,nicholas-nickleby
Nicholas,Mr. Vincent Crummles,4310,nicholas-nickleby
Nicholas,Miss La Creevy,4310,nicholas-nickleby
Smike,Miss La Creevy,4310,nicholas-nickleby
Smike,Miss La Creevy,4310,nicholas-nickleby
Smike,Nicholas,4310,nicholas-nickleby
Smike,Mr. Vincent Crummles,4310,nicholas-nickleby
Smike,Miss La Creevy,4310,nicholas-nickleby
Mr. Vincent Crummles,Miss La Creevy,4310,nicholas-nickleby
Mr. Vincent Crummles,Smike,4310,nicholas-nickleby
Mr. Vincent Crummles,Miss La Creevy,4310,nicholas-nickleby
Mr. Vincent Crummles,Nicholas,4310,nicholas-nickleby
Mr. Vincent Crummles,Smike,4310,nicholas-nickleby
Mr. Vincent Crummles,Miss La Creevy,4310,nicholas-nickleby
Miss La Creevy,Smike,4310,nicholas-nickleby
Miss La Creevy,Nicholas,4310,nicholas-nickleby
Miss La Creevy,Smike,4310,nicholas-nickleby
Miss La Creevy,Mr. Vincent Crummles,4310,nicholas-nickleby
Nicholas,Smike,4311,nicholas-nickleby
Smike,Nicholas,4311,nicholas-nickleby
Nicholas,Mrs Nickleby,4313,nicholas-nickleby
Mrs Nickleby,Nicholas,4313,nicholas-nickleby
Mrs Nickleby,Nicholas,4313,nicholas-nickleby
Nicholas,Mrs Nickleby,4313,nicholas-nickleby
Nicholas,Smike,4318,nicholas-nickleby
Smike,Nicholas,4318,nicholas-nickleby
Oxford Street,Wait,4323,nicholas-nickleby
Wait,Oxford Street,4323,nicholas-nickleby
Smike,Nicholas,4325,nicholas-nickleby
Nicholas,Smike,4325,nicholas-nickleby
Mr. Smike,Sir Thomas Grimble,4327,nicholas-nickleby
Sir Thomas Grimble,Mr. Smike,4327,nicholas-nickleby
Nicholas,Nickleby,4330,nicholas-nickleby
Nicholas,Smike,4330,nicholas-nickleby
Nicholas,Mr. Slammons,4330,nicholas-nickleby
Nicholas,Mrs Nickleby,4330,nicholas-nickleby
Nickleby,Nicholas,4330,nicholas-nickleby
Nickleby,Smike,4330,nicholas-nickleby
Nickleby,Mr. Slammons,4330,nicholas-nickleby
Nickleby,Mrs Nickleby,4330,nicholas-nickleby
Smike,Nicholas,4330,nicholas-nickleby
Smike,Nickleby,4330,nicholas-nickleby
Smike,Mr. Slammons,4330,nicholas-nickleby
Smike,Mrs Nickleby,4330,nicholas-nickleby
Mr. Slammons,Nicholas,4330,nicholas-nickleby
Mr. Slammons,Nickleby,4330,nicholas-nickleby
Mr. Slammons,Smike,4330,nicholas-nickleby
Mr. Slammons,Mrs Nickleby,4330,nicholas-nickleby
Mrs Nickleby,Nicholas,4330,nicholas-nickleby
Mrs Nickleby,Nickleby,4330,nicholas-nickleby
Mrs Nickleby,Smike,4330,nicholas-nickleby
Mrs Nickleby,Mr. Slammons,4330,nicholas-nickleby
Mr.,Crummles,4332,nicholas-nickleby
Mr.,Kate,4332,nicholas-nickleby
Mr.,Nicholas,4332,nicholas-nickleby
Crummles,Mr.,4332,nicholas-nickleby
Crummles,Kate,4332,nicholas-nickleby
Crummles,Nicholas,4332,nicholas-nickleby
Kate,Mr.,4332,nicholas-nickleby
Kate,Crummles,4332,nicholas-nickleby
Kate,Nicholas,4332,nicholas-nickleby
Nicholas,Mr.,4332,nicholas-nickleby
Nicholas,Crummles,4332,nicholas-nickleby
Nicholas,Kate,4332,nicholas-nickleby
Nicholas,Register Office,4333,nicholas-nickleby
Register Office,Nicholas,4333,nicholas-nickleby
Oxford Street,Nicholas,4369,nicholas-nickleby
Nicholas,Oxford Street,4369,nicholas-nickleby
Nicholas,Cheeryble,4371,nicholas-nickleby
Nicholas,Cheeryble,4371,nicholas-nickleby
Cheeryble,Nicholas,4371,nicholas-nickleby
Cheeryble,Nicholas,4371,nicholas-nickleby
Tim,Mr. Cheeryble,4373,nicholas-nickleby
Mr. Cheeryble,Tim,4373,nicholas-nickleby
Nicholas,Mr. Trimmers,4374,nicholas-nickleby
Mr. Trimmers,Nicholas,4374,nicholas-nickleby
Tim,Mr. Cheeryble,4375,nicholas-nickleby
Mr. Cheeryble,Tim,4375,nicholas-nickleby
Mr. Cheeryble,Mr. Trimmers,4377,nicholas-nickleby
Mr. Cheeryble,Mr. Trimmers,4377,nicholas-nickleby
Mr. Trimmers,Mr. Cheeryble,4377,nicholas-nickleby
Mr. Trimmers,Mr. Cheeryble,4377,nicholas-nickleby
Ned,Tim Linkinwater,4380,nicholas-nickleby
Ned,Mr. Trimmers,4380,nicholas-nickleby
Ned,Tim,4380,nicholas-nickleby
Ned,Mr. Linkinwater,4380,nicholas-nickleby
Ned,Tim,4380,nicholas-nickleby
Tim Linkinwater,Ned,4380,nicholas-nickleby
Tim Linkinwater,Mr. Trimmers,4380,nicholas-nickleby
Tim Linkinwater,Tim,4380,nicholas-nickleby
Tim Linkinwater,Mr. Linkinwater,4380,nicholas-nickleby
Tim Linkinwater,Tim,4380,nicholas-nickleby
Mr. Trimmers,Ned,4380,nicholas-nickleby
Mr. Trimmers,Tim Linkinwater,4380,nicholas-nickleby
Mr. Trimmers,Tim,4380,nicholas-nickleby
Mr. Trimmers,Mr. Linkinwater,4380,nicholas-nickleby
Mr. Trimmers,Tim,4380,nicholas-nickleby
Tim,Ned,4380,nicholas-nickleby
Tim,Tim Linkinwater,4380,nicholas-nickleby
Tim,Mr. Trimmers,4380,nicholas-nickleby
Tim,Mr. Linkinwater,4380,nicholas-nickleby
Mr. Linkinwater,Ned,4380,nicholas-nickleby
Mr. Linkinwater,Tim Linkinwater,4380,nicholas-nickleby
Mr. Linkinwater,Mr. Trimmers,4380,nicholas-nickleby
Mr. Linkinwater,Tim,4380,nicholas-nickleby
Mr. Linkinwater,Tim,4380,nicholas-nickleby
Tim,Ned,4380,nicholas-nickleby
Tim,Tim Linkinwater,4380,nicholas-nickleby
Tim,Mr. Trimmers,4380,nicholas-nickleby
Tim,Mr. Linkinwater,4380,nicholas-nickleby
Mr. Cheeryble,Nicholas,4381,nicholas-nickleby
Nicholas,Mr. Cheeryble,4381,nicholas-nickleby
Charles,Nicholas,4383,nicholas-nickleby
Nicholas,Charles,4383,nicholas-nickleby
Charles,Tim,4390,nicholas-nickleby
Charles,Tim,4390,nicholas-nickleby
Charles,Ned,4390,nicholas-nickleby
Charles,Tim,4390,nicholas-nickleby
Tim,Charles,4390,nicholas-nickleby
Tim,Ned,4390,nicholas-nickleby
Tim,Charles,4390,nicholas-nickleby
Tim,Ned,4390,nicholas-nickleby
Ned,Charles,4390,nicholas-nickleby
Ned,Tim,4390,nicholas-nickleby
Ned,Tim,4390,nicholas-nickleby
Ned,Tim,4390,nicholas-nickleby
Tim,Charles,4390,nicholas-nickleby
Tim,Ned,4390,nicholas-nickleby
Tim,Tim Linkinwater,4392,nicholas-nickleby
Tim,Old Tim,4392,nicholas-nickleby
Tim,Tim Linkinwater,4392,nicholas-nickleby
Tim,Poor Tim,4392,nicholas-nickleby
Tim Linkinwater,Tim,4392,nicholas-nickleby
Tim Linkinwater,Old Tim,4392,nicholas-nickleby
Tim Linkinwater,Poor Tim,4392,nicholas-nickleby
Old Tim,Tim,4392,nicholas-nickleby
Old Tim,Tim Linkinwater,4392,nicholas-nickleby
Old Tim,Tim Linkinwater,4392,nicholas-nickleby
Old Tim,Poor Tim,4392,nicholas-nickleby
Tim Linkinwater,Tim,4392,nicholas-nickleby
Tim Linkinwater,Old Tim,4392,nicholas-nickleby
Tim Linkinwater,Poor Tim,4392,nicholas-nickleby
Poor Tim,Tim,4392,nicholas-nickleby
Poor Tim,Tim Linkinwater,4392,nicholas-nickleby
Poor Tim,Old Tim,4392,nicholas-nickleby
Poor Tim,Tim Linkinwater,4392,nicholas-nickleby
Charles,Tim Linkinwater,4397,nicholas-nickleby
Tim Linkinwater,Charles,4397,nicholas-nickleby
Tim Linkinwater,Tim,4398,nicholas-nickleby
Tim Linkinwater,Nicholas,4398,nicholas-nickleby
Tim Linkinwater,Tim,4398,nicholas-nickleby
Tim Linkinwater,Tim,4398,nicholas-nickleby
Tim Linkinwater,Cheeryble,4398,nicholas-nickleby
Tim,Tim Linkinwater,4398,nicholas-nickleby
Tim,Nicholas,4398,nicholas-nickleby
Tim,Cheeryble,4398,nicholas-nickleby
Nicholas,Tim Linkinwater,4398,nicholas-nickleby
Nicholas,Tim,4398,nicholas-nickleby
Nicholas,Tim,4398,nicholas-nickleby
Nicholas,Tim,4398,nicholas-nickleby
Nicholas,Cheeryble,4398,nicholas-nickleby
Tim,Tim Linkinwater,4398,nicholas-nickleby
Tim,Nicholas,4398,nicholas-nickleby
Tim,Cheeryble,4398,nicholas-nickleby
Tim,Tim Linkinwater,4398,nicholas-nickleby
Tim,Nicholas,4398,nicholas-nickleby
Tim,Cheeryble,4398,nicholas-nickleby
Cheeryble,Tim Linkinwater,4398,nicholas-nickleby
Cheeryble,Tim,4398,nicholas-nickleby
Cheeryble,Nicholas,4398,nicholas-nickleby
Cheeryble,Tim,4398,nicholas-nickleby
Cheeryble,Tim,4398,nicholas-nickleby
Brother,Ned,4400,nicholas-nickleby
Brother,Tim,4400,nicholas-nickleby
Brother,Tim,4400,nicholas-nickleby
Ned,Brother,4400,nicholas-nickleby
Ned,Tim,4400,nicholas-nickleby
Ned,Tim,4400,nicholas-nickleby
Tim,Brother,4400,nicholas-nickleby
Tim,Ned,4400,nicholas-nickleby
Tim,Brother,4400,nicholas-nickleby
Tim,Ned,4400,nicholas-nickleby
Tim Linkinwater,Charles,4402,nicholas-nickleby
Charles,Tim Linkinwater,4402,nicholas-nickleby
Charles,Tim Linkinwater,4402,nicholas-nickleby
Tim Linkinwater,Charles,4402,nicholas-nickleby
Mr. Edwin,Mr. Charles,4405,nicholas-nickleby
Mr. Edwin,Tim,4405,nicholas-nickleby
Mr. Charles,Mr. Edwin,4405,nicholas-nickleby
Mr. Charles,Tim,4405,nicholas-nickleby
Tim,Mr. Edwin,4405,nicholas-nickleby
Tim,Mr. Charles,4405,nicholas-nickleby
Ned,Carefully,4416,nicholas-nickleby
Carefully,Ned,4416,nicholas-nickleby
Brother,Ned,4417,nicholas-nickleby
Brother,Nicholas,4417,nicholas-nickleby
Ned,Brother,4417,nicholas-nickleby
Ned,Nicholas,4417,nicholas-nickleby
Nicholas,Brother,4417,nicholas-nickleby
Nicholas,Ned,4417,nicholas-nickleby
Nicholas,Miss La Creevy,4418,nicholas-nickleby
Nicholas,Smike,4418,nicholas-nickleby
Miss La Creevy,Nicholas,4418,nicholas-nickleby
Miss La Creevy,Smike,4418,nicholas-nickleby
Miss La Creevy,Nicholas,4418,nicholas-nickleby
Smike,Nicholas,4418,nicholas-nickleby
Smike,Miss La Creevy,4418,nicholas-nickleby
Smike,Nicholas,4418,nicholas-nickleby
Nicholas,Miss La Creevy,4418,nicholas-nickleby
Nicholas,Smike,4418,nicholas-nickleby
Family Matters,Kenwigs,4422,nicholas-nickleby
Kenwigs,Family Matters,4422,nicholas-nickleby
Golden Square,Mr. Kenwigs,4423,nicholas-nickleby
Golden Square,Mr. Kenwigs,4423,nicholas-nickleby
Golden Square,Mr. Kenwigs,4423,nicholas-nickleby
Mr. Kenwigs,Golden Square,4423,nicholas-nickleby
Mr. Kenwigs,Golden Square,4423,nicholas-nickleby
Mr. Kenwigs,Golden Square,4423,nicholas-nickleby
Kenwigs,Mr. Kenwigs,4425,nicholas-nickleby
Kenwigs,Mr. Kenwigs,4425,nicholas-nickleby
Mr. Kenwigs,Kenwigs,4425,nicholas-nickleby
Mr. Kenwigs,Kenwigs,4425,nicholas-nickleby
Mr. Kenwigs,Mr. Lumbey,4427,nicholas-nickleby
Mr. Lumbey,Mr. Kenwigs,4427,nicholas-nickleby
Mr. Kenwigs,Mr. Lumbey,4428,nicholas-nickleby
Mr. Lumbey,Mr. Kenwigs,4428,nicholas-nickleby
Miss Morleena,Miss Kenwigses,4435,nicholas-nickleby
Miss Morleena,Mr. Kenwigs,4435,nicholas-nickleby
Miss Kenwigses,Miss Morleena,4435,nicholas-nickleby
Miss Kenwigses,Mr. Kenwigs,4435,nicholas-nickleby
Mr. Kenwigs,Miss Morleena,4435,nicholas-nickleby
Mr. Kenwigs,Miss Kenwigses,4435,nicholas-nickleby
Mr. Kenwigs,Lumbey,4436,nicholas-nickleby
Lumbey,Mr. Kenwigs,4436,nicholas-nickleby
Kenwigs,Mr. Kenwigs,4441,nicholas-nickleby
Mr. Kenwigs,Kenwigs,4441,nicholas-nickleby
Mr. Kenwigs,Mrs Kenwigs,4450,nicholas-nickleby
Mrs Kenwigs,Mr. Kenwigs,4450,nicholas-nickleby
Mrs Kenwigs,Mr. Kenwigs,4450,nicholas-nickleby
Mr. Kenwigs,Mrs Kenwigs,4450,nicholas-nickleby
Kenwigs,Mr. Kenwigs,4452,nicholas-nickleby
Mr. Kenwigs,Kenwigs,4452,nicholas-nickleby
Mr. Kenwigs,Kenwigs,4454,nicholas-nickleby
Kenwigs,Mr. Kenwigs,4454,nicholas-nickleby
Mr. Kenwigs,Kenwigs,4460,nicholas-nickleby
Kenwigs,Mr. Kenwigs,4460,nicholas-nickleby
Mr.,Lumbey,4461,nicholas-nickleby
Lumbey,Mr.,4461,nicholas-nickleby
Mr.,Kenwigs,4467,nicholas-nickleby
Mr.,Kenwigs,4467,nicholas-nickleby
Mr.,Mr. Kenwigs,4467,nicholas-nickleby
Kenwigs,Mr.,4467,nicholas-nickleby
Kenwigs,Mr. Kenwigs,4467,nicholas-nickleby
Kenwigs,Mr.,4467,nicholas-nickleby
Kenwigs,Mr. Kenwigs,4467,nicholas-nickleby
Mr. Kenwigs,Mr.,4467,nicholas-nickleby
Mr. Kenwigs,Kenwigs,4467,nicholas-nickleby
Mr. Kenwigs,Kenwigs,4467,nicholas-nickleby
Mr. Kenwigs,Morleena,4468,nicholas-nickleby
Morleena,Mr. Kenwigs,4468,nicholas-nickleby
Mr. Kenwigs,Mr. Johnson,4469,nicholas-nickleby
Mr. Johnson,Mr. Kenwigs,4469,nicholas-nickleby
Mr. Kenwigs,Kenwigs,4472,nicholas-nickleby
Kenwigs,Mr. Kenwigs,4472,nicholas-nickleby
Mr. Kenwigs,Kenwigs,4480,nicholas-nickleby
Mr. Kenwigs,Henrietta Petowker,4480,nicholas-nickleby
Kenwigs,Mr. Kenwigs,4480,nicholas-nickleby
Kenwigs,Henrietta Petowker,4480,nicholas-nickleby
Henrietta Petowker,Mr. Kenwigs,4480,nicholas-nickleby
Henrietta Petowker,Kenwigs,4480,nicholas-nickleby
Kenwigses,Nicholas,4481,nicholas-nickleby
Kenwigses,Mr. Kenwigs,4481,nicholas-nickleby
Nicholas,Kenwigses,4481,nicholas-nickleby
Nicholas,Mr. Kenwigs,4481,nicholas-nickleby
Mr. Kenwigs,Kenwigses,4481,nicholas-nickleby
Mr. Kenwigs,Nicholas,4481,nicholas-nickleby
Kenwigs,Mr. Lumbey,4483,nicholas-nickleby
Mr. Lumbey,Kenwigs,4483,nicholas-nickleby
Henrietta Petowker,Mr. Kenwigs,4485,nicholas-nickleby
Mr. Kenwigs,Henrietta Petowker,4485,nicholas-nickleby
Nicholas,Lillyvick,4486,nicholas-nickleby
Lillyvick,Nicholas,4486,nicholas-nickleby
Mr.,Kenwigs,4487,nicholas-nickleby
Kenwigs,Mr.,4487,nicholas-nickleby
Mr.,Kenwigs,4489,nicholas-nickleby
Kenwigs,Mr.,4489,nicholas-nickleby
Lillyvick,Mr. Kenwigs,4491,nicholas-nickleby
Mr. Kenwigs,Lillyvick,4491,nicholas-nickleby
Mr.,Kenwigs,4493,nicholas-nickleby
Mr.,Morleena,4493,nicholas-nickleby
Mr.,Kenwigses,4493,nicholas-nickleby
Kenwigs,Mr.,4493,nicholas-nickleby
Kenwigs,Morleena,4493,nicholas-nickleby
Kenwigs,Kenwigses,4493,nicholas-nickleby
Morleena,Mr.,4493,nicholas-nickleby
Morleena,Kenwigs,4493,nicholas-nickleby
Morleena,Kenwigses,4493,nicholas-nickleby
Kenwigses,Mr.,4493,nicholas-nickleby
Kenwigses,Kenwigs,4493,nicholas-nickleby
Kenwigses,Morleena,4493,nicholas-nickleby
Mr. Kenwigs,Kenwigs,4502,nicholas-nickleby
Mr. Kenwigs,Nicholas,4502,nicholas-nickleby
Kenwigs,Mr. Kenwigs,4502,nicholas-nickleby
Kenwigs,Nicholas,4502,nicholas-nickleby
Kenwigs,Mr. Kenwigs,4502,nicholas-nickleby
Nicholas,Mr. Kenwigs,4502,nicholas-nickleby
Nicholas,Kenwigs,4502,nicholas-nickleby
Nicholas,Mr. Kenwigs,4502,nicholas-nickleby
Mr. Kenwigs,Kenwigs,4502,nicholas-nickleby
Mr. Kenwigs,Nicholas,4502,nicholas-nickleby
Mr.,Kenwigs,4508,nicholas-nickleby
Kenwigs,Mr.,4508,nicholas-nickleby
Kenwigs,Johnny,4509,nicholas-nickleby
Johnny,Kenwigs,4509,nicholas-nickleby
Kenwigses,Nicholas,4511,nicholas-nickleby
Kenwigses,Kenwigs,4511,nicholas-nickleby
Nicholas,Kenwigses,4511,nicholas-nickleby
Nicholas,Kenwigs,4511,nicholas-nickleby
Kenwigs,Kenwigses,4511,nicholas-nickleby
Kenwigs,Nicholas,4511,nicholas-nickleby
Cheeryble,Mr. Timothy Linkinwater,4514,nicholas-nickleby
Cheeryble,Annual Occasion,4514,nicholas-nickleby
Cheeryble,Nicholas,4514,nicholas-nickleby
Mr. Timothy Linkinwater,Cheeryble,4514,nicholas-nickleby
Mr. Timothy Linkinwater,Annual Occasion,4514,nicholas-nickleby
Mr. Timothy Linkinwater,Nicholas,4514,nicholas-nickleby
Annual Occasion,Cheeryble,4514,nicholas-nickleby
Annual Occasion,Mr. Timothy Linkinwater,4514,nicholas-nickleby
Annual Occasion,Nicholas,4514,nicholas-nickleby
Nicholas,Cheeryble,4514,nicholas-nickleby
Nicholas,Mr. Timothy Linkinwater,4514,nicholas-nickleby
Nicholas,Annual Occasion,4514,nicholas-nickleby
Cheeryble,Tim Linkinwater,4515,nicholas-nickleby
Tim Linkinwater,Cheeryble,4515,nicholas-nickleby
Hanover Square,Fitzroy Square,4516,nicholas-nickleby
Hanover Square,Tim Linkinwater,4516,nicholas-nickleby
Fitzroy Square,Hanover Square,4516,nicholas-nickleby
Fitzroy Square,Tim Linkinwater,4516,nicholas-nickleby
Tim Linkinwater,Hanover Square,4516,nicholas-nickleby
Tim Linkinwater,Fitzroy Square,4516,nicholas-nickleby
Mr. Timothy Linkinwater,Tim,4517,nicholas-nickleby
Mr. Timothy Linkinwater,Paper,4517,nicholas-nickleby
Mr. Timothy Linkinwater,Tim,4517,nicholas-nickleby
Mr. Timothy Linkinwater,Tim,4517,nicholas-nickleby
Mr. Timothy Linkinwater,Tim,4517,nicholas-nickleby
Mr. Timothy Linkinwater,Tim,4517,nicholas-nickleby
Mr. Timothy Linkinwater,Tim,4517,nicholas-nickleby
Mr. Timothy Linkinwater,Tim,4517,nicholas-nickleby
Mr. Timothy Linkinwater,Tim,4517,nicholas-nickleby
Mr. Timothy Linkinwater,Dick,4517,nicholas-nickleby
Mr. Timothy Linkinwater,Tim Linkinwater,4517,nicholas-nickleby
Tim,Mr. Timothy Linkinwater,4517,nicholas-nickleby
Tim,Paper,4517,nicholas-nickleby
Tim,Dick,4517,nicholas-nickleby
Tim,Tim Linkinwater,4517,nicholas-nickleby
Paper,Mr. Timothy Linkinwater,4517,nicholas-nickleby
Paper,Tim,4517,nicholas-nickleby
Paper,Tim,4517,nicholas-nickleby
Paper,Tim,4517,nicholas-nickleby
Paper,Tim,4517,nicholas-nickleby
Paper,Tim,4517,nicholas-nickleby
Paper,Tim,4517,nicholas-nickleby
Paper,Tim,4517,nicholas-nickleby
Paper,Tim,4517,nicholas-nickleby
Paper,Dick,4517,nicholas-nickleby
Paper,Tim Linkinwater,4517,nicholas-nickleby
Tim,Mr. Timothy Linkinwater,4517,nicholas-nickleby
Tim,Paper,4517,nicholas-nickleby
Tim,Dick,4517,nicholas-nickleby
Tim,Tim Linkinwater,4517,nicholas-nickleby
Tim,Mr. Timothy Linkinwater,4517,nicholas-nickleby
Tim,Paper,4517,nicholas-nickleby
Tim,Dick,4517,nicholas-nickleby
Tim,Tim Linkinwater,4517,nicholas-nickleby
Tim,Mr. Timothy Linkinwater,4517,nicholas-nickleby
Tim,Paper,4517,nicholas-nickleby
Tim,Dick,4517,nicholas-nickleby
Tim,Tim Linkinwater,4517,nicholas-nickleby
Tim,Mr. Timothy Linkinwater,4517,nicholas-nickleby
Tim,Paper,4517,nicholas-nickleby
Tim,Dick,4517,nicholas-nickleby
Tim,Tim Linkinwater,4517,nicholas-nickleby
Tim,Mr. Timothy Linkinwater,4517,nicholas-nickleby
Tim,Paper,4517,nicholas-nickleby
Tim,Dick,4517,nicholas-nickleby
Tim,Tim Linkinwater,4517,nicholas-nickleby
Tim,Mr. Timothy Linkinwater,4517,nicholas-nickleby
Tim,Paper,4517,nicholas-nickleby
Tim,Dick,4517,nicholas-nickleby
Tim,Tim Linkinwater,4517,nicholas-nickleby
Tim,Mr. Timothy Linkinwater,4517,nicholas-nickleby
Tim,Paper,4517,nicholas-nickleby
Tim,Dick,4517,nicholas-nickleby
Tim,Tim Linkinwater,4517,nicholas-nickleby
Dick,Mr. Timothy Linkinwater,4517,nicholas-nickleby
Dick,Tim,4517,nicholas-nickleby
Dick,Paper,4517,nicholas-nickleby
Dick,Tim,4517,nicholas-nickleby
Dick,Tim,4517,nicholas-nickleby
Dick,Tim,4517,nicholas-nickleby
Dick,Tim,4517,nicholas-nickleby
Dick,Tim,4517,nicholas-nickleby
Dick,Tim,4517,nicholas-nickleby
Dick,Tim,4517,nicholas-nickleby
Dick,Tim Linkinwater,4517,nicholas-nickleby
Tim Linkinwater,Mr. Timothy Linkinwater,4517,nicholas-nickleby
Tim Linkinwater,Tim,4517,nicholas-nickleby
Tim Linkinwater,Paper,4517,nicholas-nickleby
Tim Linkinwater,Tim,4517,nicholas-nickleby
Tim Linkinwater,Tim,4517,nicholas-nickleby
Tim Linkinwater,Tim,4517,nicholas-nickleby
Tim Linkinwater,Tim,4517,nicholas-nickleby
Tim Linkinwater,Tim,4517,nicholas-nickleby
Tim Linkinwater,Tim,4517,nicholas-nickleby
Tim Linkinwater,Tim,4517,nicholas-nickleby
Tim Linkinwater,Dick,4517,nicholas-nickleby
Mr. Linkinwater,Nicholas Nickleby,4519,nicholas-nickleby
Nicholas Nickleby,Mr. Linkinwater,4519,nicholas-nickleby
Tim,Linkinwater,4524,nicholas-nickleby
Tim,Mr. Nickleby,4524,nicholas-nickleby
Linkinwater,Tim,4524,nicholas-nickleby
Linkinwater,Mr. Nickleby,4524,nicholas-nickleby
Mr. Nickleby,Tim,4524,nicholas-nickleby
Mr. Nickleby,Linkinwater,4524,nicholas-nickleby
Tim,Linkinwater,4526,nicholas-nickleby
Tim,Nicholas,4526,nicholas-nickleby
Tim,Charles,4526,nicholas-nickleby
Tim,Ned,4526,nicholas-nickleby
Tim,Tim Linkinwater,4526,nicholas-nickleby
Linkinwater,Tim,4526,nicholas-nickleby
Linkinwater,Nicholas,4526,nicholas-nickleby
Linkinwater,Charles,4526,nicholas-nickleby
Linkinwater,Ned,4526,nicholas-nickleby
Linkinwater,Tim Linkinwater,4526,nicholas-nickleby
Nicholas,Tim,4526,nicholas-nickleby
Nicholas,Linkinwater,4526,nicholas-nickleby
Nicholas,Charles,4526,nicholas-nickleby
Nicholas,Ned,4526,nicholas-nickleby
Nicholas,Tim Linkinwater,4526,nicholas-nickleby
Charles,Tim,4526,nicholas-nickleby
Charles,Linkinwater,4526,nicholas-nickleby
Charles,Nicholas,4526,nicholas-nickleby
Charles,Ned,4526,nicholas-nickleby
Charles,Tim Linkinwater,4526,nicholas-nickleby
Ned,Tim,4526,nicholas-nickleby
Ned,Linkinwater,4526,nicholas-nickleby
Ned,Nicholas,4526,nicholas-nickleby
Ned,Charles,4526,nicholas-nickleby
Ned,Tim Linkinwater,4526,nicholas-nickleby
Tim Linkinwater,Tim,4526,nicholas-nickleby
Tim Linkinwater,Linkinwater,4526,nicholas-nickleby
Tim Linkinwater,Nicholas,4526,nicholas-nickleby
Tim Linkinwater,Charles,4526,nicholas-nickleby
Tim Linkinwater,Ned,4526,nicholas-nickleby
Tim Linkinwater,Charles,4527,nicholas-nickleby
Tim Linkinwater,Nicholas,4527,nicholas-nickleby
Charles,Tim Linkinwater,4527,nicholas-nickleby
Charles,Nicholas,4527,nicholas-nickleby
Nicholas,Tim Linkinwater,4527,nicholas-nickleby
Nicholas,Charles,4527,nicholas-nickleby
Brother,Charles,4528,nicholas-nickleby
Brother,Ned,4528,nicholas-nickleby
Brother,Nicholas,4528,nicholas-nickleby
Brother,Tim Linkinwater,4528,nicholas-nickleby
Charles,Brother,4528,nicholas-nickleby
Charles,Ned,4528,nicholas-nickleby
Charles,Nicholas,4528,nicholas-nickleby
Charles,Tim Linkinwater,4528,nicholas-nickleby
Ned,Brother,4528,nicholas-nickleby
Ned,Charles,4528,nicholas-nickleby
Ned,Nicholas,4528,nicholas-nickleby
Ned,Tim Linkinwater,4528,nicholas-nickleby
Nicholas,Brother,4528,nicholas-nickleby
Nicholas,Charles,4528,nicholas-nickleby
Nicholas,Ned,4528,nicholas-nickleby
Nicholas,Tim Linkinwater,4528,nicholas-nickleby
Tim Linkinwater,Brother,4528,nicholas-nickleby
Tim Linkinwater,Charles,4528,nicholas-nickleby
Tim Linkinwater,Ned,4528,nicholas-nickleby
Tim Linkinwater,Nicholas,4528,nicholas-nickleby
Tim,D,4529,nicholas-nickleby
Tim,Nicholas,4529,nicholas-nickleby
D,Tim,4529,nicholas-nickleby
D,Tim,4529,nicholas-nickleby
D,Nicholas,4529,nicholas-nickleby
Tim,D,4529,nicholas-nickleby
Tim,Nicholas,4529,nicholas-nickleby
Nicholas,Tim,4529,nicholas-nickleby
Nicholas,D,4529,nicholas-nickleby
Nicholas,Tim,4529,nicholas-nickleby
Tim,Tim Linkinwater,4531,nicholas-nickleby
Tim,Charles,4531,nicholas-nickleby
Tim Linkinwater,Tim,4531,nicholas-nickleby
Tim Linkinwater,Charles,4531,nicholas-nickleby
Tim Linkinwater,Tim,4531,nicholas-nickleby
Charles,Tim,4531,nicholas-nickleby
Charles,Tim Linkinwater,4531,nicholas-nickleby
Charles,Tim,4531,nicholas-nickleby
Tim,Tim Linkinwater,4531,nicholas-nickleby
Tim,Charles,4531,nicholas-nickleby
Ned,Tim Linkinwater,4532,nicholas-nickleby
Ned,Tim,4532,nicholas-nickleby
Ned,Tim Linkinwater,4532,nicholas-nickleby
Tim Linkinwater,Ned,4532,nicholas-nickleby
Tim Linkinwater,Tim,4532,nicholas-nickleby
Tim,Ned,4532,nicholas-nickleby
Tim,Tim Linkinwater,4532,nicholas-nickleby
Tim,Tim Linkinwater,4532,nicholas-nickleby
Tim Linkinwater,Ned,4532,nicholas-nickleby
Tim Linkinwater,Tim,4532,nicholas-nickleby
Tim,Nicholas,4533,nicholas-nickleby
Tim,Nicholas,4533,nicholas-nickleby
Nicholas,Tim,4533,nicholas-nickleby
Nicholas,Tim,4533,nicholas-nickleby
Charles,Tim Linkinwater,4535,nicholas-nickleby
Tim Linkinwater,Charles,4535,nicholas-nickleby
Tim,Charles,4539,nicholas-nickleby
Tim,Tim Linkinwater,4539,nicholas-nickleby
Tim,Mr. Nickleby,4539,nicholas-nickleby
Tim,Tim Linkinwater,4539,nicholas-nickleby
Tim,Charles,4539,nicholas-nickleby
Tim,Mr. Nickleby,4539,nicholas-nickleby
Tim,Tim Linkinwater,4539,nicholas-nickleby
Tim,Mr. Nickleby,4539,nicholas-nickleby
Charles,Tim,4539,nicholas-nickleby
Charles,Tim Linkinwater,4539,nicholas-nickleby
Charles,Mr. Nickleby,4539,nicholas-nickleby
Charles,Tim Linkinwater,4539,nicholas-nickleby
Charles,Mr. Nickleby,4539,nicholas-nickleby
Charles,Tim Linkinwater,4539,nicholas-nickleby
Charles,Mr. Nickleby,4539,nicholas-nickleby
Tim Linkinwater,Tim,4539,nicholas-nickleby
Tim Linkinwater,Charles,4539,nicholas-nickleby
Tim Linkinwater,Mr. Nickleby,4539,nicholas-nickleby
Tim Linkinwater,Charles,4539,nicholas-nickleby
Tim Linkinwater,Mr. Nickleby,4539,nicholas-nickleby
Tim Linkinwater,Mr. Nickleby,4539,nicholas-nickleby
Mr. Nickleby,Tim,4539,nicholas-nickleby
Mr. Nickleby,Charles,4539,nicholas-nickleby
Mr. Nickleby,Tim Linkinwater,4539,nicholas-nickleby
Mr. Nickleby,Tim Linkinwater,4539,nicholas-nickleby
Mr. Nickleby,Charles,4539,nicholas-nickleby
Mr. Nickleby,Tim Linkinwater,4539,nicholas-nickleby
Tim Linkinwater,Tim,4539,nicholas-nickleby
Tim Linkinwater,Charles,4539,nicholas-nickleby
Tim Linkinwater,Mr. Nickleby,4539,nicholas-nickleby
Tim Linkinwater,Charles,4539,nicholas-nickleby
Tim Linkinwater,Mr. Nickleby,4539,nicholas-nickleby
Tim Linkinwater,Mr. Nickleby,4539,nicholas-nickleby
Charles,Tim,4539,nicholas-nickleby
Charles,Tim Linkinwater,4539,nicholas-nickleby
Charles,Mr. Nickleby,4539,nicholas-nickleby
Charles,Tim Linkinwater,4539,nicholas-nickleby
Charles,Mr. Nickleby,4539,nicholas-nickleby
Charles,Tim Linkinwater,4539,nicholas-nickleby
Charles,Mr. Nickleby,4539,nicholas-nickleby
Mr. Nickleby,Tim,4539,nicholas-nickleby
Mr. Nickleby,Charles,4539,nicholas-nickleby
Mr. Nickleby,Tim Linkinwater,4539,nicholas-nickleby
Mr. Nickleby,Tim Linkinwater,4539,nicholas-nickleby
Mr. Nickleby,Charles,4539,nicholas-nickleby
Mr. Nickleby,Tim Linkinwater,4539,nicholas-nickleby
Tim Linkinwater,Tim,4539,nicholas-nickleby
Tim Linkinwater,Charles,4539,nicholas-nickleby
Tim Linkinwater,Mr. Nickleby,4539,nicholas-nickleby
Tim Linkinwater,Charles,4539,nicholas-nickleby
Tim Linkinwater,Mr. Nickleby,4539,nicholas-nickleby
Tim Linkinwater,Mr. Nickleby,4539,nicholas-nickleby
Mr. Nickleby,Tim,4539,nicholas-nickleby
Mr. Nickleby,Charles,4539,nicholas-nickleby
Mr. Nickleby,Tim Linkinwater,4539,nicholas-nickleby
Mr. Nickleby,Tim Linkinwater,4539,nicholas-nickleby
Mr. Nickleby,Charles,4539,nicholas-nickleby
Mr. Nickleby,Tim Linkinwater,4539,nicholas-nickleby
Cheeryble,Tim Linkinwater,4542,nicholas-nickleby
Cheeryble,Tim,4542,nicholas-nickleby
Cheeryble,Nicholas,4542,nicholas-nickleby
Cheeryble,Tim Linkinwater,4542,nicholas-nickleby
Cheeryble,Tim Linkinwater,4542,nicholas-nickleby
Cheeryble,Ned,4542,nicholas-nickleby
Cheeryble,Tim Linkinwater,4542,nicholas-nickleby
Cheeryble,Tim Linkinwater,4542,nicholas-nickleby
Cheeryble,Ned,4542,nicholas-nickleby
Tim Linkinwater,Cheeryble,4542,nicholas-nickleby
Tim Linkinwater,Tim,4542,nicholas-nickleby
Tim Linkinwater,Nicholas,4542,nicholas-nickleby
Tim Linkinwater,Ned,4542,nicholas-nickleby
Tim Linkinwater,Ned,4542,nicholas-nickleby
Tim,Cheeryble,4542,nicholas-nickleby
Tim,Tim Linkinwater,4542,nicholas-nickleby
Tim,Nicholas,4542,nicholas-nickleby
Tim,Tim Linkinwater,4542,nicholas-nickleby
Tim,Tim Linkinwater,4542,nicholas-nickleby
Tim,Ned,4542,nicholas-nickleby
Tim,Tim Linkinwater,4542,nicholas-nickleby
Tim,Tim Linkinwater,4542,nicholas-nickleby
Tim,Ned,4542,nicholas-nickleby
Nicholas,Cheeryble,4542,nicholas-nickleby
Nicholas,Tim Linkinwater,4542,nicholas-nickleby
Nicholas,Tim,4542,nicholas-nickleby
Nicholas,Tim Linkinwater,4542,nicholas-nickleby
Nicholas,Tim Linkinwater,4542,nicholas-nickleby
Nicholas,Ned,4542,nicholas-nickleby
Nicholas,Tim Linkinwater,4542,nicholas-nickleby
Nicholas,Tim Linkinwater,4542,nicholas-nickleby
Nicholas,Ned,4542,nicholas-nickleby
Tim Linkinwater,Cheeryble,4542,nicholas-nickleby
Tim Linkinwater,Tim,4542,nicholas-nickleby
Tim Linkinwater,Nicholas,4542,nicholas-nickleby
Tim Linkinwater,Ned,4542,nicholas-nickleby
Tim Linkinwater,Ned,4542,nicholas-nickleby
Tim Linkinwater,Cheeryble,4542,nicholas-nickleby
Tim Linkinwater,Tim,4542,nicholas-nickleby
Tim Linkinwater,Nicholas,4542,nicholas-nickleby
Tim Linkinwater,Ned,4542,nicholas-nickleby
Tim Linkinwater,Ned,4542,nicholas-nickleby
Ned,Cheeryble,4542,nicholas-nickleby
Ned,Tim Linkinwater,4542,nicholas-nickleby
Ned,Tim,4542,nicholas-nickleby
Ned,Nicholas,4542,nicholas-nickleby
Ned,Tim Linkinwater,4542,nicholas-nickleby
Ned,Tim Linkinwater,4542,nicholas-nickleby
Ned,Tim Linkinwater,4542,nicholas-nickleby
Ned,Tim Linkinwater,4542,nicholas-nickleby
Tim Linkinwater,Cheeryble,4542,nicholas-nickleby
Tim Linkinwater,Tim,4542,nicholas-nickleby
Tim Linkinwater,Nicholas,4542,nicholas-nickleby
Tim Linkinwater,Ned,4542,nicholas-nickleby
Tim Linkinwater,Ned,4542,nicholas-nickleby
Tim Linkinwater,Cheeryble,4542,nicholas-nickleby
Tim Linkinwater,Tim,4542,nicholas-nickleby
Tim Linkinwater,Nicholas,4542,nicholas-nickleby
Tim Linkinwater,Ned,4542,nicholas-nickleby
Tim Linkinwater,Ned,4542,nicholas-nickleby
Ned,Cheeryble,4542,nicholas-nickleby
Ned,Tim Linkinwater,4542,nicholas-nickleby
Ned,Tim,4542,nicholas-nickleby
Ned,Nicholas,4542,nicholas-nickleby
Ned,Tim Linkinwater,4542,nicholas-nickleby
Ned,Tim Linkinwater,4542,nicholas-nickleby
Ned,Tim Linkinwater,4542,nicholas-nickleby
Ned,Tim Linkinwater,4542,nicholas-nickleby
Charles,Ned,4543,nicholas-nickleby
Ned,Charles,4543,nicholas-nickleby
Tim Linkinwater,Tim,4546,nicholas-nickleby
Tim Linkinwater,Ned,4546,nicholas-nickleby
Tim Linkinwater,Tim,4546,nicholas-nickleby
Tim Linkinwater,Ned,4546,nicholas-nickleby
Tim,Tim Linkinwater,4546,nicholas-nickleby
Tim,Tim Linkinwater,4546,nicholas-nickleby
Tim,Ned,4546,nicholas-nickleby
Tim,Tim Linkinwater,4546,nicholas-nickleby
Tim,Tim Linkinwater,4546,nicholas-nickleby
Tim,Tim Linkinwater,4546,nicholas-nickleby
Ned,Tim Linkinwater,4546,nicholas-nickleby
Ned,Tim Linkinwater,4546,nicholas-nickleby
Ned,Tim,4546,nicholas-nickleby
Ned,Tim Linkinwater,4546,nicholas-nickleby
Ned,Tim Linkinwater,4546,nicholas-nickleby
Ned,Tim Linkinwater,4546,nicholas-nickleby
Tim Linkinwater,Tim,4546,nicholas-nickleby
Tim Linkinwater,Ned,4546,nicholas-nickleby
Tim Linkinwater,Tim,4546,nicholas-nickleby
Tim Linkinwater,Ned,4546,nicholas-nickleby
Tim Linkinwater,Tim,4546,nicholas-nickleby
Tim Linkinwater,Ned,4546,nicholas-nickleby
David,Mr. Linkinwater,4556,nicholas-nickleby
David,Mr. Linkinwater,4556,nicholas-nickleby
Mr. Linkinwater,David,4556,nicholas-nickleby
Mr. Linkinwater,David,4556,nicholas-nickleby
David,Charles,4557,nicholas-nickleby
Charles,David,4557,nicholas-nickleby
David,Linkinwater,4558,nicholas-nickleby
Linkinwater,David,4558,nicholas-nickleby
Charles,Ned,4559,nicholas-nickleby
Charles,David,4559,nicholas-nickleby
Ned,Charles,4559,nicholas-nickleby
Ned,David,4559,nicholas-nickleby
David,Charles,4559,nicholas-nickleby
David,Ned,4559,nicholas-nickleby
David,Mr. Timothy Linkinwater,4563,nicholas-nickleby
David,Tim Linkinwater,4563,nicholas-nickleby
David,Devil,4563,nicholas-nickleby
David,Tim Linkinwater,4563,nicholas-nickleby
David,God,4563,nicholas-nickleby
Mr. Timothy Linkinwater,David,4563,nicholas-nickleby
Mr. Timothy Linkinwater,Tim Linkinwater,4563,nicholas-nickleby
Mr. Timothy Linkinwater,Devil,4563,nicholas-nickleby
Mr. Timothy Linkinwater,Tim Linkinwater,4563,nicholas-nickleby
Mr. Timothy Linkinwater,God,4563,nicholas-nickleby
Tim Linkinwater,David,4563,nicholas-nickleby
Tim Linkinwater,Mr. Timothy Linkinwater,4563,nicholas-nickleby
Tim Linkinwater,Devil,4563,nicholas-nickleby
Tim Linkinwater,God,4563,nicholas-nickleby
Devil,David,4563,nicholas-nickleby
Devil,Mr. Timothy Linkinwater,4563,nicholas-nickleby
Devil,Tim Linkinwater,4563,nicholas-nickleby
Devil,Tim Linkinwater,4563,nicholas-nickleby
Devil,God,4563,nicholas-nickleby
Tim Linkinwater,David,4563,nicholas-nickleby
Tim Linkinwater,Mr. Timothy Linkinwater,4563,nicholas-nickleby
Tim Linkinwater,Devil,4563,nicholas-nickleby
Tim Linkinwater,God,4563,nicholas-nickleby
God,David,4563,nicholas-nickleby
God,Mr. Timothy Linkinwater,4563,nicholas-nickleby
God,Tim Linkinwater,4563,nicholas-nickleby
God,Devil,4563,nicholas-nickleby
God,Tim Linkinwater,4563,nicholas-nickleby
Ned,Tim Linkinwater,4564,nicholas-nickleby
Tim Linkinwater,Ned,4564,nicholas-nickleby
Tim Linkinwater,Nicholas,4568,nicholas-nickleby
Tim Linkinwater,Tim,4568,nicholas-nickleby
Tim Linkinwater,Tim,4568,nicholas-nickleby
Nicholas,Tim Linkinwater,4568,nicholas-nickleby
Nicholas,Tim,4568,nicholas-nickleby
Nicholas,Tim,4568,nicholas-nickleby
Tim,Tim Linkinwater,4568,nicholas-nickleby
Tim,Nicholas,4568,nicholas-nickleby
Tim,Tim Linkinwater,4568,nicholas-nickleby
Tim,Nicholas,4568,nicholas-nickleby
Tim Linkinwater,Charles,4569,nicholas-nickleby
Charles,Tim Linkinwater,4569,nicholas-nickleby
Tim Linkinwater,Nicholas,4570,nicholas-nickleby
Nicholas,Tim Linkinwater,4570,nicholas-nickleby
Nicholas,Tim Linkinwater,4570,nicholas-nickleby
Tim Linkinwater,Nicholas,4570,nicholas-nickleby
Nicholas,Smike,4571,nicholas-nickleby
Nicholas,Nickleby,4571,nicholas-nickleby
Nicholas,Smike,4571,nicholas-nickleby
Nicholas,Smike,4571,nicholas-nickleby
Nicholas,Nickleby,4571,nicholas-nickleby
Smike,Nicholas,4571,nicholas-nickleby
Smike,Nickleby,4571,nicholas-nickleby
Smike,Nickleby,4571,nicholas-nickleby
Nickleby,Nicholas,4571,nicholas-nickleby
Nickleby,Smike,4571,nicholas-nickleby
Nickleby,Smike,4571,nicholas-nickleby
Nickleby,Smike,4571,nicholas-nickleby
Smike,Nicholas,4571,nicholas-nickleby
Smike,Nickleby,4571,nicholas-nickleby
Smike,Nickleby,4571,nicholas-nickleby
Smike,Nicholas,4571,nicholas-nickleby
Smike,Nickleby,4571,nicholas-nickleby
Smike,Nickleby,4571,nicholas-nickleby
Nickleby,Nicholas,4571,nicholas-nickleby
Nickleby,Smike,4571,nicholas-nickleby
Nickleby,Smike,4571,nicholas-nickleby
Nickleby,Smike,4571,nicholas-nickleby
Cheeryble,Mr. Smike,4572,nicholas-nickleby
Mr. Smike,Cheeryble,4572,nicholas-nickleby
Smike,Nicholas,4573,nicholas-nickleby
Nicholas,Smike,4573,nicholas-nickleby
Nicholas,Mr. What's-his-name,4575,nicholas-nickleby
Mr. What's-his-name,Nicholas,4575,nicholas-nickleby
Nicholas,Mr. Cherrybles,4576,nicholas-nickleby
Nicholas,Mr. Cherrybles,4576,nicholas-nickleby
Mr. Cherrybles,Nicholas,4576,nicholas-nickleby
Mr. Cherrybles,Nicholas,4576,nicholas-nickleby
Mr. Cherrybles,Nicholas,4576,nicholas-nickleby
Nicholas,Mr. Cherrybles,4576,nicholas-nickleby
Nicholas,Mr. Cherrybles,4576,nicholas-nickleby
Mr. Cherrybles,Nicholas,4576,nicholas-nickleby
Mr. Cherrybles,Nicholas,4576,nicholas-nickleby
Mr. Cherrybles,Nicholas,4576,nicholas-nickleby
Nicholas,Mr. Cherrybles,4576,nicholas-nickleby
Nicholas,Mr. Cherrybles,4576,nicholas-nickleby
Nicholas,Kate,4577,nicholas-nickleby
Kate,Nicholas,4577,nicholas-nickleby
Daniel Lambert,So,4588,nicholas-nickleby
Daniel Lambert,Miss Biffin,4588,nicholas-nickleby
So,Daniel Lambert,4588,nicholas-nickleby
So,Miss Biffin,4588,nicholas-nickleby
Miss Biffin,Daniel Lambert,4588,nicholas-nickleby
Miss Biffin,So,4588,nicholas-nickleby
Nicholas,Which,4589,nicholas-nickleby
Nicholas,Nickleby,4589,nicholas-nickleby
Which,Nicholas,4589,nicholas-nickleby
Which,Nickleby,4589,nicholas-nickleby
Nickleby,Nicholas,4589,nicholas-nickleby
Nickleby,Which,4589,nicholas-nickleby
Nicholas,Nickleby,4596,nicholas-nickleby
Nickleby,Nicholas,4596,nicholas-nickleby
Heaven,Nicholas,4610,nicholas-nickleby
Heaven,Absurd,4610,nicholas-nickleby
Nicholas,Heaven,4610,nicholas-nickleby
Nicholas,Absurd,4610,nicholas-nickleby
Absurd,Heaven,4610,nicholas-nickleby
Absurd,Nicholas,4610,nicholas-nickleby
Nickleby,Nicholas,4612,nicholas-nickleby
Nicholas,Nickleby,4612,nicholas-nickleby
Mrs Nickleby,Poor,4613,nicholas-nickleby
Poor,Mrs Nickleby,4613,nicholas-nickleby
Nickleby,Nicholas,4614,nicholas-nickleby
Nicholas,Nickleby,4614,nicholas-nickleby
Such,Miss La Creevy,4620,nicholas-nickleby
Miss La Creevy,Such,4620,nicholas-nickleby
Miss La Creevy,Smike,4633,nicholas-nickleby
Miss La Creevy,Smike,4633,nicholas-nickleby
Miss La Creevy,Smike,4633,nicholas-nickleby
Smike,Miss La Creevy,4633,nicholas-nickleby
Smike,Miss La Creevy,4633,nicholas-nickleby
Smike,Miss La Creevy,4633,nicholas-nickleby
Sir Mulberry Hawk,Mr. Pyke,4635,nicholas-nickleby
Sir Mulberry Hawk,Mr. Pluck,4635,nicholas-nickleby
Mr. Pyke,Sir Mulberry Hawk,4635,nicholas-nickleby
Mr. Pyke,Mr. Pluck,4635,nicholas-nickleby
Mr. Pluck,Sir Mulberry Hawk,4635,nicholas-nickleby
Mr. Pluck,Mr. Pyke,4635,nicholas-nickleby
Messrs,Pluck,4637,nicholas-nickleby
Pluck,Messrs,4637,nicholas-nickleby
Mr. Nickleby,Sir Mulberry Hawk,4646,nicholas-nickleby
Sir Mulberry Hawk,Mr. Nickleby,4646,nicholas-nickleby
Nickleby,Sir Mulberry,4655,nicholas-nickleby
Sir Mulberry,Nickleby,4655,nicholas-nickleby
Ralph,Sir Mulberry,4656,nicholas-nickleby
Sir Mulberry,Ralph,4656,nicholas-nickleby
Ralph,Sir Mulberry,4657,nicholas-nickleby
Sir Mulberry,Ralph,4657,nicholas-nickleby
Sir Mulberry,Ralph,4660,nicholas-nickleby
Sir Mulberry,Ralph,4660,nicholas-nickleby
Ralph,Sir Mulberry,4660,nicholas-nickleby
Ralph,Sir Mulberry,4660,nicholas-nickleby
Sir Mulberry,Ralph,4671,nicholas-nickleby
Ralph,Sir Mulberry,4671,nicholas-nickleby
Ralph,Sir Mulberry,4673,nicholas-nickleby
Sir Mulberry,Ralph,4673,nicholas-nickleby
Sir,Mulberry,4675,nicholas-nickleby
Sir,Ralph,4675,nicholas-nickleby
Mulberry,Sir,4675,nicholas-nickleby
Mulberry,Ralph,4675,nicholas-nickleby
Ralph,Sir,4675,nicholas-nickleby
Ralph,Mulberry,4675,nicholas-nickleby
Ralph,Nicholas,4680,nicholas-nickleby
Ralph,Nicholas,4680,nicholas-nickleby
Nicholas,Ralph,4680,nicholas-nickleby
Nicholas,Ralph,4680,nicholas-nickleby
Ralph,Lord Frederick Verisopht,4681,nicholas-nickleby
Lord Frederick Verisopht,Ralph,4681,nicholas-nickleby
Nickleby,Croak,4682,nicholas-nickleby
Nickleby,Bow,4682,nicholas-nickleby
Croak,Nickleby,4682,nicholas-nickleby
Croak,Bow,4682,nicholas-nickleby
Bow,Nickleby,4682,nicholas-nickleby
Bow,Croak,4682,nicholas-nickleby
Mulberry,Ralph,4683,nicholas-nickleby
Ralph,Mulberry,4683,nicholas-nickleby
Ralph,Sir Mulberry,4685,nicholas-nickleby
Sir Mulberry,Ralph,4685,nicholas-nickleby
Ralph,Sir Mulberry,4686,nicholas-nickleby
Sir Mulberry,Ralph,4686,nicholas-nickleby
Lord Frederick Verisopht,Ralph Nickleby,4693,nicholas-nickleby
Lord Frederick Verisopht,Sir Mulberry,4693,nicholas-nickleby
Ralph Nickleby,Lord Frederick Verisopht,4693,nicholas-nickleby
Ralph Nickleby,Sir Mulberry,4693,nicholas-nickleby
Sir Mulberry,Lord Frederick Verisopht,4693,nicholas-nickleby
Sir Mulberry,Ralph Nickleby,4693,nicholas-nickleby
Miss La Creevy,Smike,4697,nicholas-nickleby
Miss La Creevy,Smike,4697,nicholas-nickleby
Smike,Miss La Creevy,4697,nicholas-nickleby
Smike,Miss La Creevy,4697,nicholas-nickleby
Nicholas,Miss La Creevy,4698,nicholas-nickleby
Nicholas,Miss Nickleby,4698,nicholas-nickleby
Nicholas,Smike,4698,nicholas-nickleby
Miss La Creevy,Nicholas,4698,nicholas-nickleby
Miss La Creevy,Miss Nickleby,4698,nicholas-nickleby
Miss La Creevy,Smike,4698,nicholas-nickleby
Miss Nickleby,Nicholas,4698,nicholas-nickleby
Miss Nickleby,Miss La Creevy,4698,nicholas-nickleby
Miss Nickleby,Smike,4698,nicholas-nickleby
Smike,Nicholas,4698,nicholas-nickleby
Smike,Miss La Creevy,4698,nicholas-nickleby
Smike,Miss Nickleby,4698,nicholas-nickleby
Smike,Mr. Squeers,4701,nicholas-nickleby
Smike,Master Wackford,4701,nicholas-nickleby
Mr. Squeers,Smike,4701,nicholas-nickleby
Mr. Squeers,Master Wackford,4701,nicholas-nickleby
Master Wackford,Smike,4701,nicholas-nickleby
Master Wackford,Mr. Squeers,4701,nicholas-nickleby
Mr. Squeers,Wackford,4703,nicholas-nickleby
Wackford,Mr. Squeers,4703,nicholas-nickleby
Mr.,Squeers,4709,nicholas-nickleby
Mr.,Smike,4709,nicholas-nickleby
Squeers,Mr.,4709,nicholas-nickleby
Squeers,Smike,4709,nicholas-nickleby
Smike,Mr.,4709,nicholas-nickleby
Smike,Squeers,4709,nicholas-nickleby
Squeers,Mr. Squeers,4710,nicholas-nickleby
Mr. Squeers,Squeers,4710,nicholas-nickleby
Mr. Squeers,Smike,4716,nicholas-nickleby
Smike,Mr. Squeers,4716,nicholas-nickleby
Smike,Nicholas,4719,nicholas-nickleby
Nicholas,Smike,4719,nicholas-nickleby
Mr. Squeers,Smike,4721,nicholas-nickleby
Smike,Mr. Squeers,4721,nicholas-nickleby
Poor,Smike,4723,nicholas-nickleby
Smike,Poor,4723,nicholas-nickleby
Mr. Snawley,Mr. Squeers,4729,nicholas-nickleby
Mr. Snawley,Town,4729,nicholas-nickleby
Mr. Snawley,Mr. Squeers,4729,nicholas-nickleby
Mr. Snawley,Master Wackford,4729,nicholas-nickleby
Mr. Snawley,Mr. Squeers,4729,nicholas-nickleby
Mr. Snawley,Town,4729,nicholas-nickleby
Mr. Snawley,Mr. Squeers,4729,nicholas-nickleby
Mr. Snawley,Master Wackford,4729,nicholas-nickleby
Mr. Squeers,Mr. Snawley,4729,nicholas-nickleby
Mr. Squeers,Mr. Snawley,4729,nicholas-nickleby
Mr. Squeers,Mr. Snawley,4729,nicholas-nickleby
Mr. Squeers,Town,4729,nicholas-nickleby
Mr. Squeers,Master Wackford,4729,nicholas-nickleby
Mr. Snawley,Mr. Squeers,4729,nicholas-nickleby
Mr. Snawley,Town,4729,nicholas-nickleby
Mr. Snawley,Mr. Squeers,4729,nicholas-nickleby
Mr. Snawley,Master Wackford,4729,nicholas-nickleby
Town,Mr. Snawley,4729,nicholas-nickleby
Town,Mr. Snawley,4729,nicholas-nickleby
Town,Mr. Squeers,4729,nicholas-nickleby
Town,Mr. Snawley,4729,nicholas-nickleby
Town,Mr. Squeers,4729,nicholas-nickleby
Town,Master Wackford,4729,nicholas-nickleby
Mr. Squeers,Mr. Snawley,4729,nicholas-nickleby
Mr. Squeers,Mr. Snawley,4729,nicholas-nickleby
Mr. Squeers,Mr. Snawley,4729,nicholas-nickleby
Mr. Squeers,Town,4729,nicholas-nickleby
Mr. Squeers,Master Wackford,4729,nicholas-nickleby
Master Wackford,Mr. Snawley,4729,nicholas-nickleby
Master Wackford,Mr. Snawley,4729,nicholas-nickleby
Master Wackford,Mr. Squeers,4729,nicholas-nickleby
Master Wackford,Mr. Snawley,4729,nicholas-nickleby
Master Wackford,Town,4729,nicholas-nickleby
Master Wackford,Mr. Squeers,4729,nicholas-nickleby
Squeers,Smike,4730,nicholas-nickleby
Squeers,Mr. Snawley,4730,nicholas-nickleby
Smike,Squeers,4730,nicholas-nickleby
Smike,Mr. Snawley,4730,nicholas-nickleby
Mr. Snawley,Squeers,4730,nicholas-nickleby
Mr. Snawley,Smike,4730,nicholas-nickleby
Squeers,Smike,4732,nicholas-nickleby
Smike,Squeers,4732,nicholas-nickleby
Mr. Squeers,Anybody,4735,nicholas-nickleby
Anybody,Mr. Squeers,4735,nicholas-nickleby
Mr. Snawley,Mr. Squeers,4738,nicholas-nickleby
Mr. Squeers,Mr. Snawley,4738,nicholas-nickleby
Paul,Church,4751,nicholas-nickleby
Church,Paul,4751,nicholas-nickleby
Browdie,Lunnun,4753,nicholas-nickleby
Lunnun,Browdie,4753,nicholas-nickleby
John Browdie,Browdie,4754,nicholas-nickleby
John Browdie,Miss Price,4754,nicholas-nickleby
Browdie,John Browdie,4754,nicholas-nickleby
Browdie,Miss Price,4754,nicholas-nickleby
Miss Price,John Browdie,4754,nicholas-nickleby
Miss Price,Browdie,4754,nicholas-nickleby
Miss Squeers,John Browdie,4763,nicholas-nickleby
John Browdie,Miss Squeers,4763,nicholas-nickleby
John,Sarah,4764,nicholas-nickleby
Sarah,John,4764,nicholas-nickleby
Browdie,Saracen,4766,nicholas-nickleby
Saracen,Browdie,4766,nicholas-nickleby
John,Sarah,4767,nicholas-nickleby
John,Son,4767,nicholas-nickleby
Sarah,John,4767,nicholas-nickleby
Sarah,Son,4767,nicholas-nickleby
Son,John,4767,nicholas-nickleby
Son,Sarah,4767,nicholas-nickleby
Tilda,Miss Squeers,4769,nicholas-nickleby
Miss Squeers,Tilda,4769,nicholas-nickleby
Mr. Browdie,Miss Squeers,4771,nicholas-nickleby
Miss Squeers,Mr. Browdie,4771,nicholas-nickleby
Mr. Browdie,Miss Squeers,4773,nicholas-nickleby
Mr. Browdie,Saracen,4773,nicholas-nickleby
Miss Squeers,Mr. Browdie,4773,nicholas-nickleby
Miss Squeers,Saracen,4773,nicholas-nickleby
Saracen,Mr. Browdie,4773,nicholas-nickleby
Saracen,Miss Squeers,4773,nicholas-nickleby
Miss Squeers,Mr. Wackford Squeers,4781,nicholas-nickleby
Mr. Wackford Squeers,Miss Squeers,4781,nicholas-nickleby
John Browdie,John,4784,nicholas-nickleby
John,John Browdie,4784,nicholas-nickleby
John Browdie,Mr. Squeers,4785,nicholas-nickleby
John Browdie,Mr. Squeers,4785,nicholas-nickleby
Mr. Squeers,John Browdie,4785,nicholas-nickleby
Mr. Squeers,John Browdie,4785,nicholas-nickleby
Lunnun,John,4788,nicholas-nickleby
John,Lunnun,4788,nicholas-nickleby
Miss Squeers,Mr. Browdie,4800,nicholas-nickleby
Miss Squeers,Mr. Squeers,4800,nicholas-nickleby
Mr. Browdie,Miss Squeers,4800,nicholas-nickleby
Mr. Browdie,Mr. Squeers,4800,nicholas-nickleby
Mr. Squeers,Miss Squeers,4800,nicholas-nickleby
Mr. Squeers,Mr. Browdie,4800,nicholas-nickleby
Miss Squeers,Mrs Browdie,4802,nicholas-nickleby
Mrs Browdie,Miss Squeers,4802,nicholas-nickleby
Smike,Miss Squeers,4804,nicholas-nickleby
Miss Squeers,Smike,4804,nicholas-nickleby
John Browdie,Smike,4813,nicholas-nickleby
Smike,John Browdie,4813,nicholas-nickleby
John,Browdie,4817,nicholas-nickleby
John,Mr. Snawley,4817,nicholas-nickleby
John,Mr. Squeers,4817,nicholas-nickleby
Browdie,John,4817,nicholas-nickleby
Browdie,Mr. Snawley,4817,nicholas-nickleby
Browdie,Mr. Squeers,4817,nicholas-nickleby
Mr. Snawley,John,4817,nicholas-nickleby
Mr. Snawley,Browdie,4817,nicholas-nickleby
Mr. Snawley,Mr. Squeers,4817,nicholas-nickleby
Mr. Squeers,John,4817,nicholas-nickleby
Mr. Squeers,Browdie,4817,nicholas-nickleby
Mr. Squeers,Mr. Snawley,4817,nicholas-nickleby
Mr. Browdie,Miss Squeers,4818,nicholas-nickleby
Mr. Browdie,Browdie,4818,nicholas-nickleby
Miss Squeers,Mr. Browdie,4818,nicholas-nickleby
Miss Squeers,Browdie,4818,nicholas-nickleby
Browdie,Mr. Browdie,4818,nicholas-nickleby
Browdie,Miss Squeers,4818,nicholas-nickleby
Mr. Snawley,John Browdie,4819,nicholas-nickleby
Mr. Snawley,Mr. Squeers,4819,nicholas-nickleby
Mr. Snawley,John,4819,nicholas-nickleby
John Browdie,Mr. Snawley,4819,nicholas-nickleby
John Browdie,Mr. Squeers,4819,nicholas-nickleby
John Browdie,John,4819,nicholas-nickleby
Mr. Squeers,Mr. Snawley,4819,nicholas-nickleby
Mr. Squeers,John Browdie,4819,nicholas-nickleby
Mr. Squeers,John,4819,nicholas-nickleby
John,Mr. Snawley,4819,nicholas-nickleby
John,John Browdie,4819,nicholas-nickleby
John,Mr. Squeers,4819,nicholas-nickleby
John Browdie,Smike,4820,nicholas-nickleby
Smike,John Browdie,4820,nicholas-nickleby
Smike,John Browdie,4826,nicholas-nickleby
John Browdie,Smike,4826,nicholas-nickleby
John,Noo,4829,nicholas-nickleby
Noo,John,4829,nicholas-nickleby
John,Are,4831,nicholas-nickleby
Are,John,4831,nicholas-nickleby
John,Coom,4837,nicholas-nickleby
Coom,John,4837,nicholas-nickleby
John,Smike,4840,nicholas-nickleby
Smike,John,4840,nicholas-nickleby
Newman,Nicholas,4850,nicholas-nickleby
Newman,Smike,4850,nicholas-nickleby
Newman,Smike,4850,nicholas-nickleby
Nicholas,Newman,4850,nicholas-nickleby
Nicholas,Smike,4850,nicholas-nickleby
Nicholas,Newman,4850,nicholas-nickleby
Nicholas,Smike,4850,nicholas-nickleby
Smike,Newman,4850,nicholas-nickleby
Smike,Nicholas,4850,nicholas-nickleby
Smike,Newman,4850,nicholas-nickleby
Newman,Nicholas,4850,nicholas-nickleby
Newman,Smike,4850,nicholas-nickleby
Newman,Smike,4850,nicholas-nickleby
Smike,Newman,4850,nicholas-nickleby
Smike,Nicholas,4850,nicholas-nickleby
Smike,Newman,4850,nicholas-nickleby
Smike,John Browdie,4852,nicholas-nickleby
Smike,John Browdie,4852,nicholas-nickleby
Smike,Squeers,4852,nicholas-nickleby
Smike,John Browdie,4852,nicholas-nickleby
Smike,John Browdie,4852,nicholas-nickleby
Smike,Squeers,4852,nicholas-nickleby
John Browdie,Smike,4852,nicholas-nickleby
John Browdie,Smike,4852,nicholas-nickleby
John Browdie,Squeers,4852,nicholas-nickleby
John Browdie,Smike,4852,nicholas-nickleby
John Browdie,Smike,4852,nicholas-nickleby
John Browdie,Squeers,4852,nicholas-nickleby
Squeers,Smike,4852,nicholas-nickleby
Squeers,Smike,4852,nicholas-nickleby
Squeers,John Browdie,4852,nicholas-nickleby
Squeers,John Browdie,4852,nicholas-nickleby
Newman Noggs,Smike,4867,nicholas-nickleby
Smike,Newman Noggs,4867,nicholas-nickleby
Nicholas,Smike,4869,nicholas-nickleby
Nicholas,Nickleby,4869,nicholas-nickleby
Smike,Nicholas,4869,nicholas-nickleby
Smike,Nickleby,4869,nicholas-nickleby
Nickleby,Nicholas,4869,nicholas-nickleby
Nickleby,Smike,4869,nicholas-nickleby
Nicholas,Mr. Squeers,4870,nicholas-nickleby
Nicholas,John Browdie,4870,nicholas-nickleby
Mr. Squeers,Nicholas,4870,nicholas-nickleby
Mr. Squeers,John Browdie,4870,nicholas-nickleby
John Browdie,Nicholas,4870,nicholas-nickleby
John Browdie,Mr. Squeers,4870,nicholas-nickleby
Tim Linkinwater,Country,4876,nicholas-nickleby
Tim Linkinwater,Bow,4876,nicholas-nickleby
Tim Linkinwater,Tim,4876,nicholas-nickleby
Country,Tim Linkinwater,4876,nicholas-nickleby
Country,Bow,4876,nicholas-nickleby
Country,Tim,4876,nicholas-nickleby
Bow,Tim Linkinwater,4876,nicholas-nickleby
Bow,Country,4876,nicholas-nickleby
Bow,Tim,4876,nicholas-nickleby
Tim,Tim Linkinwater,4876,nicholas-nickleby
Tim,Country,4876,nicholas-nickleby
Tim,Bow,4876,nicholas-nickleby
Mr. Nickleby,Tim,4883,nicholas-nickleby
Mr. Nickleby,Tim,4883,nicholas-nickleby
Tim,Mr. Nickleby,4883,nicholas-nickleby
Tim,Mr. Nickleby,4883,nicholas-nickleby
Tim,Nicholas,4889,nicholas-nickleby
Nicholas,Tim,4889,nicholas-nickleby
Tim,Nicholas,4890,nicholas-nickleby
Tim,Mr. Charles Cheeryble,4890,nicholas-nickleby
Nicholas,Tim,4890,nicholas-nickleby
Nicholas,Mr. Charles Cheeryble,4890,nicholas-nickleby
Nicholas,Tim,4890,nicholas-nickleby
Nicholas,Tim,4890,nicholas-nickleby
Mr. Charles Cheeryble,Tim,4890,nicholas-nickleby
Mr. Charles Cheeryble,Nicholas,4890,nicholas-nickleby
Mr. Charles Cheeryble,Tim,4890,nicholas-nickleby
Mr. Charles Cheeryble,Tim,4890,nicholas-nickleby
Tim,Nicholas,4890,nicholas-nickleby
Tim,Mr. Charles Cheeryble,4890,nicholas-nickleby
Tim,Nicholas,4890,nicholas-nickleby
Tim,Mr. Charles Cheeryble,4890,nicholas-nickleby
Nicholas,Mr. Cheeryble,4895,nicholas-nickleby
Mr. Cheeryble,Nicholas,4895,nicholas-nickleby
Tim Linkinwater,Mr. Nickleby,4902,nicholas-nickleby
Tim Linkinwater,Mr. Nickleby,4902,nicholas-nickleby
Mr. Nickleby,Tim Linkinwater,4902,nicholas-nickleby
Mr. Nickleby,Tim Linkinwater,4902,nicholas-nickleby
Charles,Ned,4904,nicholas-nickleby
Charles,Tim Linkinwater,4904,nicholas-nickleby
Ned,Charles,4904,nicholas-nickleby
Ned,Tim Linkinwater,4904,nicholas-nickleby
Tim Linkinwater,Charles,4904,nicholas-nickleby
Tim Linkinwater,Ned,4904,nicholas-nickleby
Nicholas,Tim Linkinwater,4905,nicholas-nickleby
Nicholas,Tim Linkinwater,4905,nicholas-nickleby
Tim Linkinwater,Nicholas,4905,nicholas-nickleby
Tim Linkinwater,Nicholas,4905,nicholas-nickleby
Tim Linkinwater,Nicholas,4905,nicholas-nickleby
Tim Linkinwater,Nicholas,4905,nicholas-nickleby
Nicholas,Tim Linkinwater,4905,nicholas-nickleby
Nicholas,Tim Linkinwater,4905,nicholas-nickleby
Tim Linkinwater,Nicholas,4906,nicholas-nickleby
Tim Linkinwater,Nicholas,4906,nicholas-nickleby
Nicholas,Tim Linkinwater,4906,nicholas-nickleby
Nicholas,Tim Linkinwater,4906,nicholas-nickleby
Mr. Nickleby,Tim,4911,nicholas-nickleby
Tim,Mr. Nickleby,4911,nicholas-nickleby
Nicholas,Tim Linkinwater,4922,nicholas-nickleby
Nicholas,Mr. Linkinwater,4922,nicholas-nickleby
Nicholas,Tim,4922,nicholas-nickleby
Tim Linkinwater,Nicholas,4922,nicholas-nickleby
Tim Linkinwater,Nicholas,4922,nicholas-nickleby
Tim Linkinwater,Mr. Linkinwater,4922,nicholas-nickleby
Tim Linkinwater,Tim,4922,nicholas-nickleby
Nicholas,Tim Linkinwater,4922,nicholas-nickleby
Nicholas,Mr. Linkinwater,4922,nicholas-nickleby
Nicholas,Tim,4922,nicholas-nickleby
Mr. Linkinwater,Nicholas,4922,nicholas-nickleby
Mr. Linkinwater,Tim Linkinwater,4922,nicholas-nickleby
Mr. Linkinwater,Nicholas,4922,nicholas-nickleby
Mr. Linkinwater,Tim,4922,nicholas-nickleby
Tim,Nicholas,4922,nicholas-nickleby
Tim,Tim Linkinwater,4922,nicholas-nickleby
Tim,Nicholas,4922,nicholas-nickleby
Tim,Mr. Linkinwater,4922,nicholas-nickleby
Tim Linkinwater,Nicholas,4923,nicholas-nickleby
Tim Linkinwater,Tim,4923,nicholas-nickleby
Nicholas,Tim Linkinwater,4923,nicholas-nickleby
Nicholas,Tim,4923,nicholas-nickleby
Tim,Tim Linkinwater,4923,nicholas-nickleby
Tim,Nicholas,4923,nicholas-nickleby
Love,Nicholas,4924,nicholas-nickleby
Nicholas,Love,4924,nicholas-nickleby
Cheeryble,Tim Linkinwater,4926,nicholas-nickleby
Cheeryble,Tim Linkinwater,4926,nicholas-nickleby
Cheeryble,Charles,4926,nicholas-nickleby
Tim Linkinwater,Cheeryble,4926,nicholas-nickleby
Tim Linkinwater,Charles,4926,nicholas-nickleby
Tim Linkinwater,Cheeryble,4926,nicholas-nickleby
Tim Linkinwater,Charles,4926,nicholas-nickleby
Charles,Cheeryble,4926,nicholas-nickleby
Charles,Tim Linkinwater,4926,nicholas-nickleby
Charles,Tim Linkinwater,4926,nicholas-nickleby
Newman,Nicholas,4929,nicholas-nickleby
Newman,Golden Square,4929,nicholas-nickleby
Newman,Nicholas,4929,nicholas-nickleby
Nicholas,Newman,4929,nicholas-nickleby
Nicholas,Golden Square,4929,nicholas-nickleby
Golden Square,Newman,4929,nicholas-nickleby
Golden Square,Nicholas,4929,nicholas-nickleby
Golden Square,Nicholas,4929,nicholas-nickleby
Nicholas,Newman,4929,nicholas-nickleby
Nicholas,Golden Square,4929,nicholas-nickleby
Newman,Cecilia Bobster,4940,nicholas-nickleby
Cecilia Bobster,Newman,4940,nicholas-nickleby
Poor,Noggs,4952,nicholas-nickleby
Noggs,Poor,4952,nicholas-nickleby
Nicholas,Newman,4960,nicholas-nickleby
Nicholas,Cheeryble,4960,nicholas-nickleby
Nicholas,Newman,4960,nicholas-nickleby
Nicholas,Newman,4960,nicholas-nickleby
Newman,Nicholas,4960,nicholas-nickleby
Newman,Nicholas,4960,nicholas-nickleby
Newman,Cheeryble,4960,nicholas-nickleby
Nicholas,Newman,4960,nicholas-nickleby
Nicholas,Cheeryble,4960,nicholas-nickleby
Nicholas,Newman,4960,nicholas-nickleby
Nicholas,Newman,4960,nicholas-nickleby
Cheeryble,Nicholas,4960,nicholas-nickleby
Cheeryble,Newman,4960,nicholas-nickleby
Cheeryble,Nicholas,4960,nicholas-nickleby
Cheeryble,Newman,4960,nicholas-nickleby
Cheeryble,Newman,4960,nicholas-nickleby
Newman,Nicholas,4960,nicholas-nickleby
Newman,Nicholas,4960,nicholas-nickleby
Newman,Cheeryble,4960,nicholas-nickleby
Newman,Nicholas,4960,nicholas-nickleby
Newman,Nicholas,4960,nicholas-nickleby
Newman,Cheeryble,4960,nicholas-nickleby
Nicholas,Noggs,4970,nicholas-nickleby
Noggs,Nicholas,4970,nicholas-nickleby
Noggs,Nicholas,4970,nicholas-nickleby
Nicholas,Noggs,4970,nicholas-nickleby
Newman,Nicholas,4978,nicholas-nickleby
Nicholas,Newman,4978,nicholas-nickleby
Nicholas,Newman,4978,nicholas-nickleby
Newman,Nicholas,4978,nicholas-nickleby
Nicholas,Newman Noggs,4986,nicholas-nickleby
Newman Noggs,Nicholas,4986,nicholas-nickleby
Nicholas,Newman,4987,nicholas-nickleby
Newman,Nicholas,4987,nicholas-nickleby
Nicholas,Mr. Bobster,4993,nicholas-nickleby
Nicholas,Noggs,4993,nicholas-nickleby
Mr. Bobster,Nicholas,4993,nicholas-nickleby
Mr. Bobster,Noggs,4993,nicholas-nickleby
Noggs,Nicholas,4993,nicholas-nickleby
Noggs,Mr. Bobster,4993,nicholas-nickleby
Whether Newman Noggs,Nicholas,5001,nicholas-nickleby
Nicholas,Whether Newman Noggs,5001,nicholas-nickleby
Nicholas,Nickleby,5006,nicholas-nickleby
Nickleby,Nicholas,5006,nicholas-nickleby
Roast,Bevan,5011,nicholas-nickleby
Bevan,Roast,5011,nicholas-nickleby
Botany Bay,Lukin,5031,nicholas-nickleby
Botany Bay,Smifser,5031,nicholas-nickleby
Lukin,Botany Bay,5031,nicholas-nickleby
Lukin,Smifser,5031,nicholas-nickleby
Smifser,Botany Bay,5031,nicholas-nickleby
Smifser,Lukin,5031,nicholas-nickleby
Kate,Nickleby,5042,nicholas-nickleby
Nickleby,Kate,5042,nicholas-nickleby
Nickleby,Kate,5061,nicholas-nickleby
Kate,Nickleby,5061,nicholas-nickleby
Magog,Gog,5084,nicholas-nickleby
Gog,Magog,5084,nicholas-nickleby
Gog,Magog,5084,nicholas-nickleby
Magog,Gog,5084,nicholas-nickleby
Snow Hill,Saracens,5121,nicholas-nickleby
Saracens,Snow Hill,5121,nicholas-nickleby
Mr.,John Browdie,5122,nicholas-nickleby
John Browdie,Mr.,5122,nicholas-nickleby
John,Misther Nickleby,5133,nicholas-nickleby
Misther Nickleby,John,5133,nicholas-nickleby
John Browdie,Nicholas,5134,nicholas-nickleby
Nicholas,John Browdie,5134,nicholas-nickleby
John,Nicholas,5135,nicholas-nickleby
Nicholas,John,5135,nicholas-nickleby
Mr. Browdie,Nicholas,5137,nicholas-nickleby
Nicholas,Mr. Browdie,5137,nicholas-nickleby
Nicholas,Browdie,5139,nicholas-nickleby
Browdie,Nicholas,5139,nicholas-nickleby
Never,John Browdie,5145,nicholas-nickleby
John Browdie,Never,5145,nicholas-nickleby
Browdie,Nicholas,5148,nicholas-nickleby
Nicholas,Browdie,5148,nicholas-nickleby
John,Dinnot,5154,nicholas-nickleby
John,Dinnot,5154,nicholas-nickleby
Dinnot,John,5154,nicholas-nickleby
Dinnot,John,5154,nicholas-nickleby
Dinnot,John,5154,nicholas-nickleby
John,Dinnot,5154,nicholas-nickleby
Nicholas,Browdie,5155,nicholas-nickleby
Browdie,Nicholas,5155,nicholas-nickleby
Browdie,Nicholas,5155,nicholas-nickleby
Nicholas,Browdie,5155,nicholas-nickleby
John,Slow,5167,nicholas-nickleby
John,Smike,5167,nicholas-nickleby
Slow,John,5167,nicholas-nickleby
Slow,Smike,5167,nicholas-nickleby
Smike,John,5167,nicholas-nickleby
Smike,Slow,5167,nicholas-nickleby
Fanny Squeers,John,5174,nicholas-nickleby
John,Fanny Squeers,5174,nicholas-nickleby
John,Dinnot,5175,nicholas-nickleby
John,Nickleby,5175,nicholas-nickleby
Dinnot,John,5175,nicholas-nickleby
Dinnot,Nickleby,5175,nicholas-nickleby
Nickleby,John,5175,nicholas-nickleby
Nickleby,Dinnot,5175,nicholas-nickleby
John,Browdie,5180,nicholas-nickleby
Browdie,John,5180,nicholas-nickleby
Mr. Nickleby,John,5182,nicholas-nickleby
John,Mr. Nickleby,5182,nicholas-nickleby
Miss Squeers,Nicholas,5189,nicholas-nickleby
Miss Squeers,Browdie,5189,nicholas-nickleby
Nicholas,Miss Squeers,5189,nicholas-nickleby
Nicholas,Browdie,5189,nicholas-nickleby
Browdie,Miss Squeers,5189,nicholas-nickleby
Browdie,Nicholas,5189,nicholas-nickleby
Browdie,John,5192,nicholas-nickleby
Browdie,Mr. Nickleby,5192,nicholas-nickleby
Browdie,Fanny Squeers,5192,nicholas-nickleby
John,Browdie,5192,nicholas-nickleby
John,Mr. Nickleby,5192,nicholas-nickleby
John,Browdie,5192,nicholas-nickleby
John,Fanny Squeers,5192,nicholas-nickleby
Mr. Nickleby,Browdie,5192,nicholas-nickleby
Mr. Nickleby,John,5192,nicholas-nickleby
Mr. Nickleby,Browdie,5192,nicholas-nickleby
Mr. Nickleby,Fanny Squeers,5192,nicholas-nickleby
Browdie,John,5192,nicholas-nickleby
Browdie,Mr. Nickleby,5192,nicholas-nickleby
Browdie,Fanny Squeers,5192,nicholas-nickleby
Fanny Squeers,Browdie,5192,nicholas-nickleby
Fanny Squeers,John,5192,nicholas-nickleby
Fanny Squeers,Mr. Nickleby,5192,nicholas-nickleby
Fanny Squeers,Browdie,5192,nicholas-nickleby
Mr. Browdie,Miss Squeers,5207,nicholas-nickleby
Miss Squeers,Mr. Browdie,5207,nicholas-nickleby
John Browdie,Fanny,5216,nicholas-nickleby
Fanny,John Browdie,5216,nicholas-nickleby
Mr. Browdie,Miss Squeers,5217,nicholas-nickleby
Mr. Browdie,Miss Squeers,5217,nicholas-nickleby
Mr. Browdie,John,5217,nicholas-nickleby
Mr. Browdie,Miss Squeers,5217,nicholas-nickleby
Miss Squeers,Mr. Browdie,5217,nicholas-nickleby
Miss Squeers,Mr. Browdie,5217,nicholas-nickleby
Miss Squeers,John,5217,nicholas-nickleby
Mr. Browdie,Miss Squeers,5217,nicholas-nickleby
Mr. Browdie,Miss Squeers,5217,nicholas-nickleby
Mr. Browdie,John,5217,nicholas-nickleby
Mr. Browdie,Miss Squeers,5217,nicholas-nickleby
Miss Squeers,Mr. Browdie,5217,nicholas-nickleby
Miss Squeers,Mr. Browdie,5217,nicholas-nickleby
Miss Squeers,John,5217,nicholas-nickleby
John,Mr. Browdie,5217,nicholas-nickleby
John,Miss Squeers,5217,nicholas-nickleby
John,Mr. Browdie,5217,nicholas-nickleby
John,Miss Squeers,5217,nicholas-nickleby
John,Miss Squeers,5217,nicholas-nickleby
Miss Squeers,Mr. Browdie,5217,nicholas-nickleby
Miss Squeers,Mr. Browdie,5217,nicholas-nickleby
Miss Squeers,John,5217,nicholas-nickleby
Browdie,Fanny,5221,nicholas-nickleby
Fanny,Browdie,5221,nicholas-nickleby
Miss,Squeers,5224,nicholas-nickleby
Squeers,Miss,5224,nicholas-nickleby
John,Noo,5232,nicholas-nickleby
Noo,John,5232,nicholas-nickleby
Squeers,Rascal,5237,nicholas-nickleby
Squeers,Mr. Squeers,5237,nicholas-nickleby
Rascal,Squeers,5237,nicholas-nickleby
Rascal,Mr. Squeers,5237,nicholas-nickleby
Mr. Squeers,Squeers,5237,nicholas-nickleby
Mr. Squeers,Rascal,5237,nicholas-nickleby
Soizes,John,5238,nicholas-nickleby
John,Soizes,5238,nicholas-nickleby
Mr.,Squeers,5239,nicholas-nickleby
Squeers,Mr.,5239,nicholas-nickleby
Squeers,Nicholas,5240,nicholas-nickleby
Nicholas,Squeers,5240,nicholas-nickleby
Hever,Miss Squeers,5243,nicholas-nickleby
Hever,Poor Mr. Browdie,5243,nicholas-nickleby
Miss Squeers,Hever,5243,nicholas-nickleby
Miss Squeers,Poor Mr. Browdie,5243,nicholas-nickleby
Poor Mr. Browdie,Hever,5243,nicholas-nickleby
Poor Mr. Browdie,Miss Squeers,5243,nicholas-nickleby
John,Browdie,5245,nicholas-nickleby
Browdie,John,5245,nicholas-nickleby
John,Tak,5246,nicholas-nickleby
John,Dash,5246,nicholas-nickleby
Tak,John,5246,nicholas-nickleby
Tak,Dash,5246,nicholas-nickleby
Tak,John,5246,nicholas-nickleby
Dash,John,5246,nicholas-nickleby
Dash,Tak,5246,nicholas-nickleby
Dash,John,5246,nicholas-nickleby
John,Tak,5246,nicholas-nickleby
John,Dash,5246,nicholas-nickleby
Mr.,Browdie,5250,nicholas-nickleby
Mr.,Saracen,5250,nicholas-nickleby
Browdie,Mr.,5250,nicholas-nickleby
Browdie,Saracen,5250,nicholas-nickleby
Saracen,Mr.,5250,nicholas-nickleby
Saracen,Browdie,5250,nicholas-nickleby
John,Browdie,5253,nicholas-nickleby
John,Browdie,5253,nicholas-nickleby
Browdie,John,5253,nicholas-nickleby
Browdie,John,5253,nicholas-nickleby
Browdie,John,5253,nicholas-nickleby
Browdie,John,5253,nicholas-nickleby
John,Browdie,5253,nicholas-nickleby
John,Browdie,5253,nicholas-nickleby
Nicholas,John Browdie,5260,nicholas-nickleby
John Browdie,Nicholas,5260,nicholas-nickleby
Nicholas,John Browdie,5269,nicholas-nickleby
John Browdie,Nicholas,5269,nicholas-nickleby
Frank Cheeryble,Nicholas,5285,nicholas-nickleby
Nicholas,Frank Cheeryble,5285,nicholas-nickleby
Mr. Frank,Mr. Nickleby,5286,nicholas-nickleby
Mr. Nickleby,Mr. Frank,5286,nicholas-nickleby
Nicholas,John Browdie,5287,nicholas-nickleby
Nicholas,John Browdie,5287,nicholas-nickleby
Nicholas,John Browdie,5287,nicholas-nickleby
John Browdie,Nicholas,5287,nicholas-nickleby
John Browdie,Nicholas,5287,nicholas-nickleby
John Browdie,Nicholas,5287,nicholas-nickleby
Mr. Frank Cheeryble,Nicholas,5288,nicholas-nickleby
Mr. Frank Cheeryble,John Browdie,5288,nicholas-nickleby
Mr. Frank Cheeryble,Nicholas,5288,nicholas-nickleby
Nicholas,Mr. Frank Cheeryble,5288,nicholas-nickleby
Nicholas,John Browdie,5288,nicholas-nickleby
John Browdie,Mr. Frank Cheeryble,5288,nicholas-nickleby
John Browdie,Nicholas,5288,nicholas-nickleby
John Browdie,Nicholas,5288,nicholas-nickleby
Nicholas,Mr. Frank Cheeryble,5288,nicholas-nickleby
Nicholas,John Browdie,5288,nicholas-nickleby
Tim Linkinwater,Nicholas,5289,nicholas-nickleby
Nicholas,Tim Linkinwater,5289,nicholas-nickleby
Nicholas Nickleby,Cheeryble,5291,nicholas-nickleby
Nicholas Nickleby,Nicholas,5291,nicholas-nickleby
Cheeryble,Nicholas Nickleby,5291,nicholas-nickleby
Cheeryble,Nicholas,5291,nicholas-nickleby
Nicholas,Nicholas Nickleby,5291,nicholas-nickleby
Nicholas,Cheeryble,5291,nicholas-nickleby
Frank Cheeryble,Mr. Frank Cheeryble,5292,nicholas-nickleby
Mr. Frank Cheeryble,Frank Cheeryble,5292,nicholas-nickleby
Frank Cheeryble,Mr. Timothy Linkinwater,5293,nicholas-nickleby
Mr. Timothy Linkinwater,Frank Cheeryble,5293,nicholas-nickleby
Mr. Frank,Mr. Nickleby,5294,nicholas-nickleby
Mr. Frank,Tim Linkinwater,5294,nicholas-nickleby
Mr. Frank,Tim,5294,nicholas-nickleby
Mr. Nickleby,Mr. Frank,5294,nicholas-nickleby
Mr. Nickleby,Tim Linkinwater,5294,nicholas-nickleby
Mr. Nickleby,Tim,5294,nicholas-nickleby
Tim Linkinwater,Mr. Frank,5294,nicholas-nickleby
Tim Linkinwater,Mr. Nickleby,5294,nicholas-nickleby
Tim Linkinwater,Tim,5294,nicholas-nickleby
Tim,Mr. Frank,5294,nicholas-nickleby
Tim,Mr. Nickleby,5294,nicholas-nickleby
Tim,Tim Linkinwater,5294,nicholas-nickleby
Francis,Tim,5296,nicholas-nickleby
Tim,Francis,5296,nicholas-nickleby
Tim Linkinwater,Tim,5299,nicholas-nickleby
Tim,Tim Linkinwater,5299,nicholas-nickleby
Charles,Tim Linkinwater,5300,nicholas-nickleby
Charles,Frank,5300,nicholas-nickleby
Charles,Mr. Nickleby,5300,nicholas-nickleby
Tim Linkinwater,Charles,5300,nicholas-nickleby
Tim Linkinwater,Frank,5300,nicholas-nickleby
Tim Linkinwater,Mr. Nickleby,5300,nicholas-nickleby
Frank,Charles,5300,nicholas-nickleby
Frank,Tim Linkinwater,5300,nicholas-nickleby
Frank,Mr. Nickleby,5300,nicholas-nickleby
Mr. Nickleby,Charles,5300,nicholas-nickleby
Mr. Nickleby,Tim Linkinwater,5300,nicholas-nickleby
Mr. Nickleby,Frank,5300,nicholas-nickleby
Tim,Nicholas,5304,nicholas-nickleby
Tim,Mr. Frank,5304,nicholas-nickleby
Nicholas,Tim,5304,nicholas-nickleby
Nicholas,Mr. Frank,5304,nicholas-nickleby
Mr. Frank,Tim,5304,nicholas-nickleby
Mr. Frank,Nicholas,5304,nicholas-nickleby
Nickleby,Charles,5305,nicholas-nickleby
Nickleby,Mr. Nickleby,5305,nicholas-nickleby
Nickleby,Tomorrow,5305,nicholas-nickleby
Nickleby,Brother Ned,5305,nicholas-nickleby
Charles,Nickleby,5305,nicholas-nickleby
Charles,Mr. Nickleby,5305,nicholas-nickleby
Charles,Tomorrow,5305,nicholas-nickleby
Charles,Brother Ned,5305,nicholas-nickleby
Mr. Nickleby,Nickleby,5305,nicholas-nickleby
Mr. Nickleby,Charles,5305,nicholas-nickleby
Mr. Nickleby,Tomorrow,5305,nicholas-nickleby
Mr. Nickleby,Brother Ned,5305,nicholas-nickleby
Tomorrow,Nickleby,5305,nicholas-nickleby
Tomorrow,Charles,5305,nicholas-nickleby
Tomorrow,Mr. Nickleby,5305,nicholas-nickleby
Tomorrow,Brother Ned,5305,nicholas-nickleby
Brother Ned,Nickleby,5305,nicholas-nickleby
Brother Ned,Charles,5305,nicholas-nickleby
Brother Ned,Mr. Nickleby,5305,nicholas-nickleby
Brother Ned,Tomorrow,5305,nicholas-nickleby
Poor,Nicholas,5316,nicholas-nickleby
Poor,Nickleby,5316,nicholas-nickleby
Nicholas,Poor,5316,nicholas-nickleby
Nicholas,Nickleby,5316,nicholas-nickleby
Nickleby,Poor,5316,nicholas-nickleby
Nickleby,Nicholas,5316,nicholas-nickleby
Kate,Smike,5317,nicholas-nickleby
Kate,Nickleby,5317,nicholas-nickleby
Kate,Nicholas,5317,nicholas-nickleby
Smike,Kate,5317,nicholas-nickleby
Smike,Nickleby,5317,nicholas-nickleby
Smike,Nicholas,5317,nicholas-nickleby
Nickleby,Kate,5317,nicholas-nickleby
Nickleby,Smike,5317,nicholas-nickleby
Nickleby,Nicholas,5317,nicholas-nickleby
Nicholas,Kate,5317,nicholas-nickleby
Nicholas,Smike,5317,nicholas-nickleby
Nicholas,Nickleby,5317,nicholas-nickleby
Nickleby,Mr. Cheerybles,5318,nicholas-nickleby
Nickleby,Mr. Charles Cheeryble,5318,nicholas-nickleby
Nickleby,Mr. Frank,5318,nicholas-nickleby
Nickleby,Mr. Cheerybles,5318,nicholas-nickleby
Nickleby,Mr. Charles Cheeryble,5318,nicholas-nickleby
Nickleby,Mr. Frank,5318,nicholas-nickleby
Mr. Cheerybles,Nickleby,5318,nicholas-nickleby
Mr. Cheerybles,Nickleby,5318,nicholas-nickleby
Mr. Cheerybles,Nickleby,5318,nicholas-nickleby
Mr. Cheerybles,Mr. Charles Cheeryble,5318,nicholas-nickleby
Mr. Cheerybles,Mr. Frank,5318,nicholas-nickleby
Nickleby,Mr. Cheerybles,5318,nicholas-nickleby
Nickleby,Mr. Charles Cheeryble,5318,nicholas-nickleby
Nickleby,Mr. Frank,5318,nicholas-nickleby
Mr. Charles Cheeryble,Nickleby,5318,nicholas-nickleby
Mr. Charles Cheeryble,Nickleby,5318,nicholas-nickleby
Mr. Charles Cheeryble,Mr. Cheerybles,5318,nicholas-nickleby
Mr. Charles Cheeryble,Nickleby,5318,nicholas-nickleby
Mr. Charles Cheeryble,Mr. Frank,5318,nicholas-nickleby
Mr. Frank,Nickleby,5318,nicholas-nickleby
Mr. Frank,Nickleby,5318,nicholas-nickleby
Mr. Frank,Mr. Cheerybles,5318,nicholas-nickleby
Mr. Frank,Nickleby,5318,nicholas-nickleby
Mr. Frank,Mr. Charles Cheeryble,5318,nicholas-nickleby
Mr. Cheeryble,Nickleby,5319,nicholas-nickleby
Mr. Cheeryble,Nickleby,5319,nicholas-nickleby
Mr. Cheeryble,Nickleby,5319,nicholas-nickleby
Mr. Cheeryble,Nickleby,5319,nicholas-nickleby
Mr. Cheeryble,Nickleby,5319,nicholas-nickleby
Mr. Cheeryble,Nickleby,5319,nicholas-nickleby
Mr. Cheeryble,Nickleby,5319,nicholas-nickleby
Mr. Cheeryble,Nickleby,5319,nicholas-nickleby
Nickleby,Mr. Cheeryble,5319,nicholas-nickleby
Nickleby,Mr. Cheeryble,5319,nicholas-nickleby
Nickleby,Mr. Cheeryble,5319,nicholas-nickleby
Nickleby,Mr. Cheeryble,5319,nicholas-nickleby
Nickleby,Mr. Cheeryble,5319,nicholas-nickleby
Nickleby,Mr. Cheeryble,5319,nicholas-nickleby
Nickleby,Mr. Cheeryble,5319,nicholas-nickleby
Nickleby,Mr. Cheeryble,5319,nicholas-nickleby
Kate,Mr. Frank Cheeryble,5320,nicholas-nickleby
Kate,Smike,5320,nicholas-nickleby
Kate,Charles,5320,nicholas-nickleby
Mr. Frank Cheeryble,Kate,5320,nicholas-nickleby
Mr. Frank Cheeryble,Smike,5320,nicholas-nickleby
Mr. Frank Cheeryble,Charles,5320,nicholas-nickleby
Smike,Kate,5320,nicholas-nickleby
Smike,Mr. Frank Cheeryble,5320,nicholas-nickleby
Smike,Charles,5320,nicholas-nickleby
Charles,Kate,5320,nicholas-nickleby
Charles,Mr. Frank Cheeryble,5320,nicholas-nickleby
Charles,Smike,5320,nicholas-nickleby
Mr.,Ralph Nickleby,5328,nicholas-nickleby
Ralph Nickleby,Mr.,5328,nicholas-nickleby
Ralph,Nickleby,5330,nicholas-nickleby
Ralph,Stern,5330,nicholas-nickleby
Ralph,Ralph Nickleby,5330,nicholas-nickleby
Nickleby,Ralph,5330,nicholas-nickleby
Nickleby,Stern,5330,nicholas-nickleby
Nickleby,Ralph,5330,nicholas-nickleby
Nickleby,Ralph Nickleby,5330,nicholas-nickleby
Stern,Ralph,5330,nicholas-nickleby
Stern,Nickleby,5330,nicholas-nickleby
Stern,Ralph,5330,nicholas-nickleby
Stern,Ralph Nickleby,5330,nicholas-nickleby
Ralph,Nickleby,5330,nicholas-nickleby
Ralph,Stern,5330,nicholas-nickleby
Ralph,Ralph Nickleby,5330,nicholas-nickleby
Ralph Nickleby,Ralph,5330,nicholas-nickleby
Ralph Nickleby,Nickleby,5330,nicholas-nickleby
Ralph Nickleby,Stern,5330,nicholas-nickleby
Ralph Nickleby,Ralph,5330,nicholas-nickleby
Ralph,Newman Noggs,5331,nicholas-nickleby
Newman Noggs,Ralph,5331,nicholas-nickleby
Newman Noggs,Ralph Nickleby,5336,nicholas-nickleby
Ralph Nickleby,Newman Noggs,5336,nicholas-nickleby
Lord Frederick,Ralph,5339,nicholas-nickleby
Ralph,Lord Frederick,5339,nicholas-nickleby
Ralph,Poor Sir Mulberry,5343,nicholas-nickleby
Poor Sir Mulberry,Ralph,5343,nicholas-nickleby
Ralph,Devil,5345,nicholas-nickleby
Devil,Ralph,5345,nicholas-nickleby
Hawk,Ralph,5347,nicholas-nickleby
Ralph,Hawk,5347,nicholas-nickleby
Mr. Squeers,Ralph,5349,nicholas-nickleby
Ralph,Mr. Squeers,5349,nicholas-nickleby
Ralph,St James,5361,nicholas-nickleby
St James,Ralph,5361,nicholas-nickleby
Mark,Money,5402,nicholas-nickleby
Money,Mark,5402,nicholas-nickleby
Mr. Brooker,Ralph,5407,nicholas-nickleby
Mr. Brooker,Harkye,5407,nicholas-nickleby
Ralph,Mr. Brooker,5407,nicholas-nickleby
Ralph,Harkye,5407,nicholas-nickleby
Harkye,Mr. Brooker,5407,nicholas-nickleby
Harkye,Ralph,5407,nicholas-nickleby
Golden Square,Madame Mantalini,5415,nicholas-nickleby
Madame Mantalini,Golden Square,5415,nicholas-nickleby
Ralph,Madame Mantalini,5417,nicholas-nickleby
Madame Mantalini,Ralph,5417,nicholas-nickleby
Mr. Nickleby,Master,5419,nicholas-nickleby
Master,Mr. Nickleby,5419,nicholas-nickleby
Madame Mantalini,Miss Knag,5425,nicholas-nickleby
Madame Mantalini,Mr. Mantalini,5425,nicholas-nickleby
Madame Mantalini,Mr. Mantalini,5425,nicholas-nickleby
Miss Knag,Madame Mantalini,5425,nicholas-nickleby
Miss Knag,Mr. Mantalini,5425,nicholas-nickleby
Miss Knag,Mr. Mantalini,5425,nicholas-nickleby
Miss Knag,Madame Mantalini,5425,nicholas-nickleby
Mr. Mantalini,Madame Mantalini,5425,nicholas-nickleby
Mr. Mantalini,Miss Knag,5425,nicholas-nickleby
Mr. Mantalini,Madame Mantalini,5425,nicholas-nickleby
Mr. Mantalini,Madame Mantalini,5425,nicholas-nickleby
Mr. Mantalini,Miss Knag,5425,nicholas-nickleby
Mr. Mantalini,Madame Mantalini,5425,nicholas-nickleby
Madame Mantalini,Miss Knag,5425,nicholas-nickleby
Madame Mantalini,Mr. Mantalini,5425,nicholas-nickleby
Madame Mantalini,Mr. Mantalini,5425,nicholas-nickleby
Madame Mantalini,Ralph,5427,nicholas-nickleby
Ralph,Madame Mantalini,5427,nicholas-nickleby
Nickleby,Madame Mantalini,5428,nicholas-nickleby
Madame Mantalini,Nickleby,5428,nicholas-nickleby
Madame Mantalini,Miss Knag,5435,nicholas-nickleby
Miss Knag,Madame Mantalini,5435,nicholas-nickleby
Madame Mantalini,Miss Knag,5438,nicholas-nickleby
Miss Knag,Madame Mantalini,5438,nicholas-nickleby
Madame Mantalini,Miss Knag,5439,nicholas-nickleby
Miss Knag,Madame Mantalini,5439,nicholas-nickleby
Miss Knag,Madame Mantalini,5439,nicholas-nickleby
Miss Knag,Madame Mantalini,5439,nicholas-nickleby
Madame Mantalini,Miss Knag,5439,nicholas-nickleby
Madame Mantalini,Miss Knag,5439,nicholas-nickleby
Mr. Mantalini,Madame Mantalini,5441,nicholas-nickleby
Madame Mantalini,Mr. Mantalini,5441,nicholas-nickleby
Mr. Mantalini,Madame Mantalini,5442,nicholas-nickleby
Mr. Mantalini,Miss Knag,5442,nicholas-nickleby
Mr. Mantalini,Madame Mantalini,5442,nicholas-nickleby
Madame Mantalini,Mr. Mantalini,5442,nicholas-nickleby
Madame Mantalini,Miss Knag,5442,nicholas-nickleby
Miss Knag,Mr. Mantalini,5442,nicholas-nickleby
Miss Knag,Madame Mantalini,5442,nicholas-nickleby
Miss Knag,Madame Mantalini,5442,nicholas-nickleby
Madame Mantalini,Mr. Mantalini,5442,nicholas-nickleby
Madame Mantalini,Miss Knag,5442,nicholas-nickleby
Madame Mantalini,Miss Knag,5443,nicholas-nickleby
Miss Knag,Madame Mantalini,5443,nicholas-nickleby
Nickleby,Mr. Mantalini,5446,nicholas-nickleby
Mr. Mantalini,Nickleby,5446,nicholas-nickleby
Mr. Mantalini,Ralph,5447,nicholas-nickleby
Ralph,Mr. Mantalini,5447,nicholas-nickleby
Nickleby,Mantalini,5451,nicholas-nickleby
Mantalini,Nickleby,5451,nicholas-nickleby
Ralph,Mr. Mantalini,5453,nicholas-nickleby
Mr. Mantalini,Ralph,5453,nicholas-nickleby
Ralph,Noggs,5462,nicholas-nickleby
Noggs,Ralph,5462,nicholas-nickleby
Noggs,Ralph,5462,nicholas-nickleby
Ralph,Noggs,5462,nicholas-nickleby
Mr. Squeers,Ralph,5463,nicholas-nickleby
Mr. Squeers,Newman Noggs,5463,nicholas-nickleby
Mr. Squeers,Newman,5463,nicholas-nickleby
Mr. Squeers,Ralph,5463,nicholas-nickleby
Ralph,Mr. Squeers,5463,nicholas-nickleby
Ralph,Newman Noggs,5463,nicholas-nickleby
Ralph,Newman,5463,nicholas-nickleby
Newman Noggs,Mr. Squeers,5463,nicholas-nickleby
Newman Noggs,Ralph,5463,nicholas-nickleby
Newman Noggs,Newman,5463,nicholas-nickleby
Newman Noggs,Ralph,5463,nicholas-nickleby
Newman,Mr. Squeers,5463,nicholas-nickleby
Newman,Ralph,5463,nicholas-nickleby
Newman,Newman Noggs,5463,nicholas-nickleby
Newman,Ralph,5463,nicholas-nickleby
Ralph,Mr. Squeers,5463,nicholas-nickleby
Ralph,Newman Noggs,5463,nicholas-nickleby
Ralph,Newman,5463,nicholas-nickleby
Noggs,Drive,5465,nicholas-nickleby
Drive,Noggs,5465,nicholas-nickleby
Lunnun,Misther Nickleby,5472,nicholas-nickleby
Misther Nickleby,Lunnun,5472,nicholas-nickleby
John,Nicholas,5474,nicholas-nickleby
John,Mrs Browdie,5474,nicholas-nickleby
John,Smike,5474,nicholas-nickleby
Nicholas,John,5474,nicholas-nickleby
Nicholas,Mrs Browdie,5474,nicholas-nickleby
Nicholas,Smike,5474,nicholas-nickleby
Mrs Browdie,John,5474,nicholas-nickleby
Mrs Browdie,Nicholas,5474,nicholas-nickleby
Mrs Browdie,Smike,5474,nicholas-nickleby
Smike,John,5474,nicholas-nickleby
Smike,Nicholas,5474,nicholas-nickleby
Smike,Mrs Browdie,5474,nicholas-nickleby
Mr.,Browdie,5475,nicholas-nickleby
Mr.,Browdie,5475,nicholas-nickleby
Browdie,Mr.,5475,nicholas-nickleby
Browdie,Mr.,5475,nicholas-nickleby
Mr.,Browdie,5481,nicholas-nickleby
Browdie,Mr.,5481,nicholas-nickleby
Browdie,Kate,5483,nicholas-nickleby
Browdie,Nickleby,5483,nicholas-nickleby
Browdie,Paul,5483,nicholas-nickleby
Kate,Browdie,5483,nicholas-nickleby
Kate,Nickleby,5483,nicholas-nickleby
Kate,Browdie,5483,nicholas-nickleby
Kate,Browdie,5483,nicholas-nickleby
Kate,Paul,5483,nicholas-nickleby
Nickleby,Browdie,5483,nicholas-nickleby
Nickleby,Kate,5483,nicholas-nickleby
Nickleby,Browdie,5483,nicholas-nickleby
Nickleby,Browdie,5483,nicholas-nickleby
Nickleby,Paul,5483,nicholas-nickleby
Browdie,Kate,5483,nicholas-nickleby
Browdie,Nickleby,5483,nicholas-nickleby
Browdie,Paul,5483,nicholas-nickleby
Browdie,Kate,5483,nicholas-nickleby
Browdie,Nickleby,5483,nicholas-nickleby
Browdie,Paul,5483,nicholas-nickleby
Paul,Browdie,5483,nicholas-nickleby
Paul,Kate,5483,nicholas-nickleby
Paul,Nickleby,5483,nicholas-nickleby
Paul,Browdie,5483,nicholas-nickleby
Paul,Browdie,5483,nicholas-nickleby
Browdie,Kate,5484,nicholas-nickleby
Kate,Browdie,5484,nicholas-nickleby
Browdie,Mrs Nickleby,5485,nicholas-nickleby
Mrs Nickleby,Browdie,5485,nicholas-nickleby
Browdie,John,5486,nicholas-nickleby
John,Browdie,5486,nicholas-nickleby
Twelve,Balls,5487,nicholas-nickleby
Twelve,Kate,5487,nicholas-nickleby
Balls,Twelve,5487,nicholas-nickleby
Balls,Kate,5487,nicholas-nickleby
Kate,Twelve,5487,nicholas-nickleby
Kate,Balls,5487,nicholas-nickleby
Kate,Mr. Browdie,5488,nicholas-nickleby
Mr. Browdie,Kate,5488,nicholas-nickleby
Nickleby,Mr. Cheerybles,5492,nicholas-nickleby
Nickleby,Nicholas,5492,nicholas-nickleby
Nickleby,Mr. Linkinwater,5492,nicholas-nickleby
Nickleby,Miss La Creevy,5492,nicholas-nickleby
Mr. Cheerybles,Nickleby,5492,nicholas-nickleby
Mr. Cheerybles,Nicholas,5492,nicholas-nickleby
Mr. Cheerybles,Mr. Linkinwater,5492,nicholas-nickleby
Mr. Cheerybles,Miss La Creevy,5492,nicholas-nickleby
Nicholas,Nickleby,5492,nicholas-nickleby
Nicholas,Mr. Cheerybles,5492,nicholas-nickleby
Nicholas,Mr. Linkinwater,5492,nicholas-nickleby
Nicholas,Miss La Creevy,5492,nicholas-nickleby
Mr. Linkinwater,Nickleby,5492,nicholas-nickleby
Mr. Linkinwater,Mr. Cheerybles,5492,nicholas-nickleby
Mr. Linkinwater,Nicholas,5492,nicholas-nickleby
Mr. Linkinwater,Miss La Creevy,5492,nicholas-nickleby
Miss La Creevy,Nickleby,5492,nicholas-nickleby
Miss La Creevy,Mr. Cheerybles,5492,nicholas-nickleby
Miss La Creevy,Nicholas,5492,nicholas-nickleby
Miss La Creevy,Mr. Linkinwater,5492,nicholas-nickleby
Ralph,Nicholas,5494,nicholas-nickleby
Nicholas,Ralph,5494,nicholas-nickleby
Nicholas,Kate,5495,nicholas-nickleby
Nicholas,Smike,5495,nicholas-nickleby
Nicholas,John Browdie,5495,nicholas-nickleby
Kate,Nicholas,5495,nicholas-nickleby
Kate,Smike,5495,nicholas-nickleby
Kate,John Browdie,5495,nicholas-nickleby
Smike,Nicholas,5495,nicholas-nickleby
Smike,Kate,5495,nicholas-nickleby
Smike,John Browdie,5495,nicholas-nickleby
John Browdie,Nicholas,5495,nicholas-nickleby
John Browdie,Kate,5495,nicholas-nickleby
John Browdie,Smike,5495,nicholas-nickleby
Nicholas,John,5501,nicholas-nickleby
Nicholas,John Browdie,5501,nicholas-nickleby
John,Nicholas,5501,nicholas-nickleby
John,John Browdie,5501,nicholas-nickleby
John,Nicholas,5501,nicholas-nickleby
John Browdie,Nicholas,5501,nicholas-nickleby
John Browdie,John,5501,nicholas-nickleby
John Browdie,Nicholas,5501,nicholas-nickleby
Nicholas,John,5501,nicholas-nickleby
Nicholas,John Browdie,5501,nicholas-nickleby
John,Noo,5503,nicholas-nickleby
Noo,John,5503,nicholas-nickleby
Mr. Squeers,John Browdie,5504,nicholas-nickleby
John Browdie,Mr. Squeers,5504,nicholas-nickleby
Ralph,Nicholas,5511,nicholas-nickleby
Ralph,Nicholas,5511,nicholas-nickleby
Nicholas,Ralph,5511,nicholas-nickleby
Nicholas,Ralph,5511,nicholas-nickleby
Mr. Squeers,Mr. Snawley,5517,nicholas-nickleby
Mr. Snawley,Mr. Squeers,5517,nicholas-nickleby
Mr.,Snawley,5521,nicholas-nickleby
Snawley,Mr.,5521,nicholas-nickleby
Natur,Mr. Squeers,5525,nicholas-nickleby
Mr. Squeers,Natur,5525,nicholas-nickleby
Mr. Squeers,Natur,5525,nicholas-nickleby
Natur,Mr. Squeers,5525,nicholas-nickleby
Mr. Squeers,Natur,5527,nicholas-nickleby
Natur,Mr. Squeers,5527,nicholas-nickleby
Natur,Mr. Squeers,5527,nicholas-nickleby
Mr. Squeers,Natur,5527,nicholas-nickleby
Nicholas,Ralph,5528,nicholas-nickleby
Nicholas,Smike,5528,nicholas-nickleby
Ralph,Nicholas,5528,nicholas-nickleby
Ralph,Smike,5528,nicholas-nickleby
Smike,Nicholas,5528,nicholas-nickleby
Smike,Ralph,5528,nicholas-nickleby
Ralph,Snawley,5531,nicholas-nickleby
Ralph,Mr. Squeers,5531,nicholas-nickleby
Snawley,Ralph,5531,nicholas-nickleby
Snawley,Mr. Squeers,5531,nicholas-nickleby
Mr. Squeers,Ralph,5531,nicholas-nickleby
Mr. Squeers,Snawley,5531,nicholas-nickleby
Ralph,Snawley,5533,nicholas-nickleby
Snawley,Ralph,5533,nicholas-nickleby
Mr. Squeers,Ralph,5543,nicholas-nickleby
Ralph,Mr. Squeers,5543,nicholas-nickleby
Ralph,Mr. Squeers,5543,nicholas-nickleby
Ralph,Mr. Squeers,5543,nicholas-nickleby
Mr. Squeers,Ralph,5543,nicholas-nickleby
Mr. Squeers,Ralph,5543,nicholas-nickleby
Nicholas,John,5553,nicholas-nickleby
John,Nicholas,5553,nicholas-nickleby
Squeers,Master Snawley,5558,nicholas-nickleby
Master Snawley,Squeers,5558,nicholas-nickleby
John,Noo,5564,nicholas-nickleby
Noo,John,5564,nicholas-nickleby
John Browdie,Mr. Squeers,5565,nicholas-nickleby
John Browdie,Ralph Nickleby,5565,nicholas-nickleby
Mr. Squeers,John Browdie,5565,nicholas-nickleby
Mr. Squeers,Ralph Nickleby,5565,nicholas-nickleby
Ralph Nickleby,John Browdie,5565,nicholas-nickleby
Ralph Nickleby,Mr. Squeers,5565,nicholas-nickleby
Nickleby,Mr. Squeers,5572,nicholas-nickleby
Mr. Squeers,Nickleby,5572,nicholas-nickleby
Browdie,Mr. Snawley,5573,nicholas-nickleby
Browdie,Mr. Snawley,5573,nicholas-nickleby
Mr. Snawley,Browdie,5573,nicholas-nickleby
Mr. Snawley,Browdie,5573,nicholas-nickleby
Snawley,Smike,5575,nicholas-nickleby
Smike,Snawley,5575,nicholas-nickleby
Mr.,Snawley,5578,nicholas-nickleby
Mr.,Mr. Squeers,5578,nicholas-nickleby
Snawley,Mr.,5578,nicholas-nickleby
Snawley,Mr. Squeers,5578,nicholas-nickleby
Mr. Squeers,Mr.,5578,nicholas-nickleby
Mr. Squeers,Snawley,5578,nicholas-nickleby
Ralph,Nickleby,5582,nicholas-nickleby
Ralph,Mr. Squeers,5582,nicholas-nickleby
Nickleby,Ralph,5582,nicholas-nickleby
Nickleby,Mr. Squeers,5582,nicholas-nickleby
Mr. Squeers,Ralph,5582,nicholas-nickleby
Mr. Squeers,Nickleby,5582,nicholas-nickleby
Nicholas,Mr. Charles Cheeryble,5587,nicholas-nickleby
Nicholas,Smike,5587,nicholas-nickleby
Mr. Charles Cheeryble,Nicholas,5587,nicholas-nickleby
Mr. Charles Cheeryble,Smike,5587,nicholas-nickleby
Smike,Nicholas,5587,nicholas-nickleby
Smike,Mr. Charles Cheeryble,5587,nicholas-nickleby
Nicholas,Nature,5588,nicholas-nickleby
Nature,Nicholas,5588,nicholas-nickleby
Charles,Nature,5589,nicholas-nickleby
Nature,Charles,5589,nicholas-nickleby
Charles,Brother Ned,5597,nicholas-nickleby
Charles,Mr. Nickleby,5597,nicholas-nickleby
Charles,Tim Linkinwater,5597,nicholas-nickleby
Charles,Tim,5597,nicholas-nickleby
Charles,Tim,5597,nicholas-nickleby
Charles,Tim,5597,nicholas-nickleby
Charles,Jack Robinson,5597,nicholas-nickleby
Brother Ned,Charles,5597,nicholas-nickleby
Brother Ned,Mr. Nickleby,5597,nicholas-nickleby
Brother Ned,Tim Linkinwater,5597,nicholas-nickleby
Brother Ned,Tim,5597,nicholas-nickleby
Brother Ned,Tim,5597,nicholas-nickleby
Brother Ned,Tim,5597,nicholas-nickleby
Brother Ned,Jack Robinson,5597,nicholas-nickleby
Mr. Nickleby,Charles,5597,nicholas-nickleby
Mr. Nickleby,Brother Ned,5597,nicholas-nickleby
Mr. Nickleby,Tim Linkinwater,5597,nicholas-nickleby
Mr. Nickleby,Tim,5597,nicholas-nickleby
Mr. Nickleby,Tim,5597,nicholas-nickleby
Mr. Nickleby,Tim,5597,nicholas-nickleby
Mr. Nickleby,Jack Robinson,5597,nicholas-nickleby
Tim Linkinwater,Charles,5597,nicholas-nickleby
Tim Linkinwater,Brother Ned,5597,nicholas-nickleby
Tim Linkinwater,Mr. Nickleby,5597,nicholas-nickleby
Tim Linkinwater,Tim,5597,nicholas-nickleby
Tim Linkinwater,Tim,5597,nicholas-nickleby
Tim Linkinwater,Tim,5597,nicholas-nickleby
Tim Linkinwater,Jack Robinson,5597,nicholas-nickleby
Tim,Charles,5597,nicholas-nickleby
Tim,Brother Ned,5597,nicholas-nickleby
Tim,Mr. Nickleby,5597,nicholas-nickleby
Tim,Tim Linkinwater,5597,nicholas-nickleby
Tim,Jack Robinson,5597,nicholas-nickleby
Tim,Charles,5597,nicholas-nickleby
Tim,Brother Ned,5597,nicholas-nickleby
Tim,Mr. Nickleby,5597,nicholas-nickleby
Tim,Tim Linkinwater,5597,nicholas-nickleby
Tim,Jack Robinson,5597,nicholas-nickleby
Tim,Charles,5597,nicholas-nickleby
Tim,Brother Ned,5597,nicholas-nickleby
Tim,Mr. Nickleby,5597,nicholas-nickleby
Tim,Tim Linkinwater,5597,nicholas-nickleby
Tim,Jack Robinson,5597,nicholas-nickleby
Jack Robinson,Charles,5597,nicholas-nickleby
Jack Robinson,Brother Ned,5597,nicholas-nickleby
Jack Robinson,Mr. Nickleby,5597,nicholas-nickleby
Jack Robinson,Tim Linkinwater,5597,nicholas-nickleby
Jack Robinson,Tim,5597,nicholas-nickleby
Jack Robinson,Tim,5597,nicholas-nickleby
Jack Robinson,Tim,5597,nicholas-nickleby
Charles,Ned,5599,nicholas-nickleby
Charles,Tim Linkinwater,5599,nicholas-nickleby
Charles,Mr. Nickleby,5599,nicholas-nickleby
Ned,Charles,5599,nicholas-nickleby
Ned,Tim Linkinwater,5599,nicholas-nickleby
Ned,Mr. Nickleby,5599,nicholas-nickleby
Tim Linkinwater,Charles,5599,nicholas-nickleby
Tim Linkinwater,Ned,5599,nicholas-nickleby
Tim Linkinwater,Mr. Nickleby,5599,nicholas-nickleby
Mr. Nickleby,Charles,5599,nicholas-nickleby
Mr. Nickleby,Ned,5599,nicholas-nickleby
Mr. Nickleby,Tim Linkinwater,5599,nicholas-nickleby
Charles,Nicholas,5600,nicholas-nickleby
Charles,Mr. Cheeryble,5600,nicholas-nickleby
Nicholas,Charles,5600,nicholas-nickleby
Nicholas,Mr. Cheeryble,5600,nicholas-nickleby
Mr. Cheeryble,Charles,5600,nicholas-nickleby
Mr. Cheeryble,Nicholas,5600,nicholas-nickleby
Charles,Nicholas,5611,nicholas-nickleby
Nicholas,Charles,5611,nicholas-nickleby
Mr. Cheeryble,Charles,5618,nicholas-nickleby
Mr. Cheeryble,Tim Linkinwater,5618,nicholas-nickleby
Charles,Mr. Cheeryble,5618,nicholas-nickleby
Charles,Tim Linkinwater,5618,nicholas-nickleby
Tim Linkinwater,Mr. Cheeryble,5618,nicholas-nickleby
Tim Linkinwater,Charles,5618,nicholas-nickleby
Charles,Mr. Nickleby,5621,nicholas-nickleby
Mr. Nickleby,Charles,5621,nicholas-nickleby
Charles,Frank,5631,nicholas-nickleby
Frank,Charles,5631,nicholas-nickleby
Charles,Linkinwater,5633,nicholas-nickleby
Charles,Tim,5633,nicholas-nickleby
Charles,Tim,5633,nicholas-nickleby
Charles,Tim Linkinwater,5633,nicholas-nickleby
Linkinwater,Charles,5633,nicholas-nickleby
Linkinwater,Tim,5633,nicholas-nickleby
Linkinwater,Tim,5633,nicholas-nickleby
Linkinwater,Tim Linkinwater,5633,nicholas-nickleby
Tim,Charles,5633,nicholas-nickleby
Tim,Linkinwater,5633,nicholas-nickleby
Tim,Tim Linkinwater,5633,nicholas-nickleby
Tim,Charles,5633,nicholas-nickleby
Tim,Linkinwater,5633,nicholas-nickleby
Tim,Tim Linkinwater,5633,nicholas-nickleby
Tim Linkinwater,Charles,5633,nicholas-nickleby
Tim Linkinwater,Linkinwater,5633,nicholas-nickleby
Tim Linkinwater,Tim,5633,nicholas-nickleby
Tim Linkinwater,Tim,5633,nicholas-nickleby
Charles,Nicholas,5636,nicholas-nickleby
Nicholas,Charles,5636,nicholas-nickleby
Mr. Cheeryble,Nicholas,5637,nicholas-nickleby
Nicholas,Mr. Cheeryble,5637,nicholas-nickleby
Mr. Cheeryble,Nicholas,5639,nicholas-nickleby
Nicholas,Mr. Cheeryble,5639,nicholas-nickleby
Mr. Cheeryble,Rules,5640,nicholas-nickleby
Mr. Cheeryble,Bench Prison,5640,nicholas-nickleby
Mr. Cheeryble,George,5640,nicholas-nickleby
Rules,Mr. Cheeryble,5640,nicholas-nickleby
Rules,Bench Prison,5640,nicholas-nickleby
Rules,George,5640,nicholas-nickleby
Bench Prison,Mr. Cheeryble,5640,nicholas-nickleby
Bench Prison,Rules,5640,nicholas-nickleby
Bench Prison,George,5640,nicholas-nickleby
George,Mr. Cheeryble,5640,nicholas-nickleby
George,Rules,5640,nicholas-nickleby
George,Bench Prison,5640,nicholas-nickleby
Mr. Charles Cheeryble,Nicholas,5641,nicholas-nickleby
Mr. Charles Cheeryble,Nicholas,5641,nicholas-nickleby
Nicholas,Mr. Charles Cheeryble,5641,nicholas-nickleby
Nicholas,Mr. Charles Cheeryble,5641,nicholas-nickleby
Nicholas,Miss Bray,5643,nicholas-nickleby
Miss Bray,Nicholas,5643,nicholas-nickleby
Nicholas,Bench Prison,5646,nicholas-nickleby
Bench Prison,Nicholas,5646,nicholas-nickleby
Mr. Bray,Madeline,5655,nicholas-nickleby
Madeline,Mr. Bray,5655,nicholas-nickleby
Madeline,Nicholas,5656,nicholas-nickleby
Nicholas,Madeline,5656,nicholas-nickleby
Nicholas,Bray,5673,nicholas-nickleby
Bray,Nicholas,5673,nicholas-nickleby
Nicholas,Madeline Bray,5681,nicholas-nickleby
Madeline Bray,Nicholas,5681,nicholas-nickleby
Mr.,Ralph Nickleby,5684,nicholas-nickleby
Ralph Nickleby,Mr.,5684,nicholas-nickleby
Newman,Ralph Nickleby,5686,nicholas-nickleby
Ralph Nickleby,Newman,5686,nicholas-nickleby
Newman,Ralph,5693,nicholas-nickleby
Ralph,Newman,5693,nicholas-nickleby
Ralph,Noggs,5694,nicholas-nickleby
Noggs,Ralph,5694,nicholas-nickleby
Such,Arthur Gride,5699,nicholas-nickleby
Such,Ralph Nickleby,5699,nicholas-nickleby
Such,Arthur Gride,5699,nicholas-nickleby
Such,Ralph Nickleby,5699,nicholas-nickleby
Arthur Gride,Such,5699,nicholas-nickleby
Arthur Gride,Ralph Nickleby,5699,nicholas-nickleby
Arthur Gride,Such,5699,nicholas-nickleby
Arthur Gride,Ralph Nickleby,5699,nicholas-nickleby
Ralph Nickleby,Such,5699,nicholas-nickleby
Ralph Nickleby,Arthur Gride,5699,nicholas-nickleby
Ralph Nickleby,Such,5699,nicholas-nickleby
Ralph Nickleby,Arthur Gride,5699,nicholas-nickleby
Such,Arthur Gride,5699,nicholas-nickleby
Such,Ralph Nickleby,5699,nicholas-nickleby
Such,Arthur Gride,5699,nicholas-nickleby
Such,Ralph Nickleby,5699,nicholas-nickleby
Arthur Gride,Such,5699,nicholas-nickleby
Arthur Gride,Ralph Nickleby,5699,nicholas-nickleby
Arthur Gride,Such,5699,nicholas-nickleby
Arthur Gride,Ralph Nickleby,5699,nicholas-nickleby
Ralph Nickleby,Such,5699,nicholas-nickleby
Ralph Nickleby,Arthur Gride,5699,nicholas-nickleby
Ralph Nickleby,Such,5699,nicholas-nickleby
Ralph Nickleby,Arthur Gride,5699,nicholas-nickleby
Mr. Nickleby,Ralph,5706,nicholas-nickleby
Ralph,Mr. Nickleby,5706,nicholas-nickleby
Ralph,Time IS,5717,nicholas-nickleby
Time IS,Ralph,5717,nicholas-nickleby
Arthur,Ralph,5718,nicholas-nickleby
Ralph,Arthur,5718,nicholas-nickleby
Arthur Gride,Mr. Nickleby,5723,nicholas-nickleby
Mr. Nickleby,Arthur Gride,5723,nicholas-nickleby
Arthur,Mr. Nickleby,5725,nicholas-nickleby
Arthur,Dark,5725,nicholas-nickleby
Mr. Nickleby,Arthur,5725,nicholas-nickleby
Mr. Nickleby,Dark,5725,nicholas-nickleby
Dark,Arthur,5725,nicholas-nickleby
Dark,Mr. Nickleby,5725,nicholas-nickleby
Arthur Gride,Mr. Noggs,5729,nicholas-nickleby
Mr. Noggs,Arthur Gride,5729,nicholas-nickleby
Mr. Noggs,Ralph,5730,nicholas-nickleby
Ralph,Mr. Noggs,5730,nicholas-nickleby
Ralph,Arthur,5732,nicholas-nickleby
Arthur,Ralph,5732,nicholas-nickleby
Arthur Gride,Ralph,5734,nicholas-nickleby
Ralph,Arthur Gride,5734,nicholas-nickleby
Bray,Arthur Gride,5736,nicholas-nickleby
Arthur Gride,Bray,5736,nicholas-nickleby
Arthur Gride,Ralph,5742,nicholas-nickleby
Arthur Gride,Old Arthur,5742,nicholas-nickleby
Ralph,Arthur Gride,5742,nicholas-nickleby
Ralph,Old Arthur,5742,nicholas-nickleby
Old Arthur,Arthur Gride,5742,nicholas-nickleby
Old Arthur,Ralph,5742,nicholas-nickleby
Ralph,Arthur Gride,5744,nicholas-nickleby
Ralph,Arthur Gride,5744,nicholas-nickleby
Ralph,Arthur Gride,5744,nicholas-nickleby
Ralph,Arthur Gride,5744,nicholas-nickleby
Ralph,Arthur Gride,5744,nicholas-nickleby
Arthur Gride,Ralph,5744,nicholas-nickleby
Arthur Gride,Ralph,5744,nicholas-nickleby
Arthur Gride,Ralph,5744,nicholas-nickleby
Arthur Gride,Ralph,5744,nicholas-nickleby
Arthur Gride,Ralph,5744,nicholas-nickleby
Madeline Bray,Ralph,5746,nicholas-nickleby
Ralph,Madeline Bray,5746,nicholas-nickleby
Arthur,Ralph,5748,nicholas-nickleby
Ralph,Arthur,5748,nicholas-nickleby
Arthur,Bray,5751,nicholas-nickleby
Bray,Arthur,5751,nicholas-nickleby
Mr. Nickleby,Arthur,5753,nicholas-nickleby
Arthur,Mr. Nickleby,5753,nicholas-nickleby
Arthur,Bray,5755,nicholas-nickleby
Arthur,Arthur Gride,5755,nicholas-nickleby
Arthur,Arthur Gride,5755,nicholas-nickleby
Arthur,Arthur Gride,5755,nicholas-nickleby
Bray,Arthur,5755,nicholas-nickleby
Bray,Arthur Gride,5755,nicholas-nickleby
Bray,Arthur Gride,5755,nicholas-nickleby
Bray,Arthur Gride,5755,nicholas-nickleby
Arthur Gride,Arthur,5755,nicholas-nickleby
Arthur Gride,Bray,5755,nicholas-nickleby
Arthur Gride,Arthur,5755,nicholas-nickleby
Arthur Gride,Bray,5755,nicholas-nickleby
Arthur Gride,Arthur,5755,nicholas-nickleby
Arthur Gride,Bray,5755,nicholas-nickleby
Arthur,Ralph,5757,nicholas-nickleby
Ralph,Arthur,5757,nicholas-nickleby
Ralph,Madeline Bray,5769,nicholas-nickleby
Madeline Bray,Ralph,5769,nicholas-nickleby
Arthur Gride,Ralph,5770,nicholas-nickleby
Arthur Gride,Arthur,5770,nicholas-nickleby
Arthur Gride,Ralph,5770,nicholas-nickleby
Arthur Gride,Mr. Nickleby,5770,nicholas-nickleby
Arthur Gride,Bray,5770,nicholas-nickleby
Ralph,Arthur Gride,5770,nicholas-nickleby
Ralph,Arthur,5770,nicholas-nickleby
Ralph,Arthur Gride,5770,nicholas-nickleby
Ralph,Mr. Nickleby,5770,nicholas-nickleby
Ralph,Bray,5770,nicholas-nickleby
Arthur,Arthur Gride,5770,nicholas-nickleby
Arthur,Ralph,5770,nicholas-nickleby
Arthur,Arthur Gride,5770,nicholas-nickleby
Arthur,Ralph,5770,nicholas-nickleby
Arthur,Mr. Nickleby,5770,nicholas-nickleby
Arthur,Bray,5770,nicholas-nickleby
Arthur Gride,Ralph,5770,nicholas-nickleby
Arthur Gride,Arthur,5770,nicholas-nickleby
Arthur Gride,Ralph,5770,nicholas-nickleby
Arthur Gride,Mr. Nickleby,5770,nicholas-nickleby
Arthur Gride,Bray,5770,nicholas-nickleby
Ralph,Arthur Gride,5770,nicholas-nickleby
Ralph,Arthur,5770,nicholas-nickleby
Ralph,Arthur Gride,5770,nicholas-nickleby
Ralph,Mr. Nickleby,5770,nicholas-nickleby
Ralph,Bray,5770,nicholas-nickleby
Mr. Nickleby,Arthur Gride,5770,nicholas-nickleby
Mr. Nickleby,Ralph,5770,nicholas-nickleby
Mr. Nickleby,Arthur,5770,nicholas-nickleby
Mr. Nickleby,Arthur Gride,5770,nicholas-nickleby
Mr. Nickleby,Ralph,5770,nicholas-nickleby
Mr. Nickleby,Bray,5770,nicholas-nickleby
Bray,Arthur Gride,5770,nicholas-nickleby
Bray,Ralph,5770,nicholas-nickleby
Bray,Arthur,5770,nicholas-nickleby
Bray,Arthur Gride,5770,nicholas-nickleby
Bray,Ralph,5770,nicholas-nickleby
Bray,Mr. Nickleby,5770,nicholas-nickleby
Gride,Nickleby,5774,nicholas-nickleby
Nickleby,Gride,5774,nicholas-nickleby
Nicholas,Mr. Bray,5776,nicholas-nickleby
Nicholas,Ralph,5776,nicholas-nickleby
Mr. Bray,Nicholas,5776,nicholas-nickleby
Mr. Bray,Ralph,5776,nicholas-nickleby
Ralph,Nicholas,5776,nicholas-nickleby
Ralph,Mr. Bray,5776,nicholas-nickleby
Mr. Bray,Ralph,5777,nicholas-nickleby
Mr. Bray,Arthur Gride,5777,nicholas-nickleby
Mr. Bray,Arthur Gride,5777,nicholas-nickleby
Ralph,Mr. Bray,5777,nicholas-nickleby
Ralph,Arthur Gride,5777,nicholas-nickleby
Ralph,Arthur Gride,5777,nicholas-nickleby
Arthur Gride,Mr. Bray,5777,nicholas-nickleby
Arthur Gride,Ralph,5777,nicholas-nickleby
Arthur Gride,Mr. Bray,5777,nicholas-nickleby
Arthur Gride,Ralph,5777,nicholas-nickleby
Ralph,Miss Madeline,5779,nicholas-nickleby
Miss Madeline,Ralph,5779,nicholas-nickleby
Mr. Bray,Ralph,5781,nicholas-nickleby
Ralph,Mr. Bray,5781,nicholas-nickleby
Ralph,Gaiety,5787,nicholas-nickleby
Ralph,Fashion,5787,nicholas-nickleby
Gaiety,Ralph,5787,nicholas-nickleby
Gaiety,Fashion,5787,nicholas-nickleby
Fashion,Ralph,5787,nicholas-nickleby
Fashion,Gaiety,5787,nicholas-nickleby
Mr.,Bray,5788,nicholas-nickleby
Bray,Mr.,5788,nicholas-nickleby
Ralph,Gride,5789,nicholas-nickleby
Gride,Ralph,5789,nicholas-nickleby
Mr. Bray,Ralph,5794,nicholas-nickleby
Ralph,Mr. Bray,5794,nicholas-nickleby
Arthur Gride,Ralph,5795,nicholas-nickleby
Ralph,Arthur Gride,5795,nicholas-nickleby
Ralph,Madeline,5796,nicholas-nickleby
Madeline,Ralph,5796,nicholas-nickleby
Ralph,Mr. Bray,5797,nicholas-nickleby
Mr. Bray,Ralph,5797,nicholas-nickleby
Ralph,Arthur Gride,5798,nicholas-nickleby
Arthur Gride,Ralph,5798,nicholas-nickleby
Mr. Bray,Arthur Gride,5801,nicholas-nickleby
Arthur Gride,Mr. Bray,5801,nicholas-nickleby
Mr. Bray,Ralph,5806,nicholas-nickleby
Ralph,Mr. Bray,5806,nicholas-nickleby
Ralph,Miss Madeline,5809,nicholas-nickleby
Miss Madeline,Ralph,5809,nicholas-nickleby
Mr. Bray,Arthur,5810,nicholas-nickleby
Mr. Bray,Madeline,5810,nicholas-nickleby
Arthur,Mr. Bray,5810,nicholas-nickleby
Arthur,Madeline,5810,nicholas-nickleby
Madeline,Mr. Bray,5810,nicholas-nickleby
Madeline,Arthur,5810,nicholas-nickleby
Arthur Gride,Ralph,5813,nicholas-nickleby
Ralph,Arthur Gride,5813,nicholas-nickleby
Nicholas,Madeline Bray,5829,nicholas-nickleby
Madeline Bray,Nicholas,5829,nicholas-nickleby
Nicholas,Madeline Bray,5830,nicholas-nickleby
Madeline Bray,Nicholas,5830,nicholas-nickleby
Tim,Mr. Frank,5834,nicholas-nickleby
Tim,Nicholas,5834,nicholas-nickleby
Mr. Frank,Tim,5834,nicholas-nickleby
Mr. Frank,Nicholas,5834,nicholas-nickleby
Nicholas,Tim,5834,nicholas-nickleby
Nicholas,Mr. Frank,5834,nicholas-nickleby
Nicholas,Mr. Vincent Crummles,5835,nicholas-nickleby
Mr. Vincent Crummles,Nicholas,5835,nicholas-nickleby
Mr. Snittle Timberry,Tears,5837,nicholas-nickleby
Mr. Snittle Timberry,Laughter,5837,nicholas-nickleby
Mr. Snittle Timberry,Mr. Vincent Crummles,5837,nicholas-nickleby
Tears,Mr. Snittle Timberry,5837,nicholas-nickleby
Tears,Laughter,5837,nicholas-nickleby
Tears,Mr. Vincent Crummles,5837,nicholas-nickleby
Laughter,Mr. Snittle Timberry,5837,nicholas-nickleby
Laughter,Tears,5837,nicholas-nickleby
Laughter,Mr. Vincent Crummles,5837,nicholas-nickleby
Mr. Vincent Crummles,Mr. Snittle Timberry,5837,nicholas-nickleby
Mr. Vincent Crummles,Tears,5837,nicholas-nickleby
Mr. Vincent Crummles,Laughter,5837,nicholas-nickleby
Master Crummles,Master Percy Crummles,5839,nicholas-nickleby
Master Crummles,Johnson,5839,nicholas-nickleby
Master Percy Crummles,Master Crummles,5839,nicholas-nickleby
Master Percy Crummles,Johnson,5839,nicholas-nickleby
Johnson,Master Crummles,5839,nicholas-nickleby
Johnson,Master Percy Crummles,5839,nicholas-nickleby
Mr.,Crummles,5840,nicholas-nickleby
Mr.,Crummles,5840,nicholas-nickleby
Crummles,Mr.,5840,nicholas-nickleby
Crummles,Mr.,5840,nicholas-nickleby
Johnson,Crummles,5841,nicholas-nickleby
Johnson,Crummles,5841,nicholas-nickleby
Crummles,Johnson,5841,nicholas-nickleby
Crummles,Johnson,5841,nicholas-nickleby
Crummles,Johnson,5841,nicholas-nickleby
Crummles,Johnson,5841,nicholas-nickleby
Johnson,Crummles,5841,nicholas-nickleby
Johnson,Crummles,5841,nicholas-nickleby
Crummles,Nicholas,5849,nicholas-nickleby
Crummles,Nicholas,5849,nicholas-nickleby
Nicholas,Crummles,5849,nicholas-nickleby
Nicholas,Crummles,5849,nicholas-nickleby
Crummles,Mrs Crummles,5853,nicholas-nickleby
Crummles,Johnson,5853,nicholas-nickleby
Mrs Crummles,Crummles,5853,nicholas-nickleby
Mrs Crummles,Johnson,5853,nicholas-nickleby
Johnson,Crummles,5853,nicholas-nickleby
Johnson,Mrs Crummles,5853,nicholas-nickleby
Johnson,Mr. Crummles,5855,nicholas-nickleby
Mr. Crummles,Johnson,5855,nicholas-nickleby
Mr. Crummles,Johnson,5857,nicholas-nickleby
Johnson,Mr. Crummles,5857,nicholas-nickleby
Nicholas,Mr. Crummles,5859,nicholas-nickleby
Nicholas,Miss Snevellicci,5859,nicholas-nickleby
Nicholas,Mr. Lillyvick,5859,nicholas-nickleby
Nicholas,Mr. Crummles,5859,nicholas-nickleby
Nicholas,Miss Snevellicci,5859,nicholas-nickleby
Nicholas,Mr. Lillyvick,5859,nicholas-nickleby
Mr. Crummles,Nicholas,5859,nicholas-nickleby
Mr. Crummles,Nicholas,5859,nicholas-nickleby
Mr. Crummles,Nicholas,5859,nicholas-nickleby
Mr. Crummles,Miss Snevellicci,5859,nicholas-nickleby
Mr. Crummles,Mr. Lillyvick,5859,nicholas-nickleby
Nicholas,Mr. Crummles,5859,nicholas-nickleby
Nicholas,Miss Snevellicci,5859,nicholas-nickleby
Nicholas,Mr. Lillyvick,5859,nicholas-nickleby
Miss Snevellicci,Nicholas,5859,nicholas-nickleby
Miss Snevellicci,Nicholas,5859,nicholas-nickleby
Miss Snevellicci,Mr. Crummles,5859,nicholas-nickleby
Miss Snevellicci,Nicholas,5859,nicholas-nickleby
Miss Snevellicci,Mr. Lillyvick,5859,nicholas-nickleby
Mr. Lillyvick,Nicholas,5859,nicholas-nickleby
Mr. Lillyvick,Nicholas,5859,nicholas-nickleby
Mr. Lillyvick,Mr. Crummles,5859,nicholas-nickleby
Mr. Lillyvick,Nicholas,5859,nicholas-nickleby
Mr. Lillyvick,Miss Snevellicci,5859,nicholas-nickleby
Nicholas,Mr. Crummles,5860,nicholas-nickleby
Nicholas,Mr. Crummles,5860,nicholas-nickleby
Nicholas,Liverpool,5860,nicholas-nickleby
Nicholas,Mr. Snittle Timberry,5860,nicholas-nickleby
Mr. Crummles,Nicholas,5860,nicholas-nickleby
Mr. Crummles,Liverpool,5860,nicholas-nickleby
Mr. Crummles,Nicholas,5860,nicholas-nickleby
Mr. Crummles,Mr. Snittle Timberry,5860,nicholas-nickleby
Mr. Crummles,Nicholas,5860,nicholas-nickleby
Mr. Crummles,Liverpool,5860,nicholas-nickleby
Mr. Crummles,Nicholas,5860,nicholas-nickleby
Mr. Crummles,Mr. Snittle Timberry,5860,nicholas-nickleby
Liverpool,Nicholas,5860,nicholas-nickleby
Liverpool,Mr. Crummles,5860,nicholas-nickleby
Liverpool,Mr. Crummles,5860,nicholas-nickleby
Liverpool,Nicholas,5860,nicholas-nickleby
Liverpool,Mr. Snittle Timberry,5860,nicholas-nickleby
Nicholas,Mr. Crummles,5860,nicholas-nickleby
Nicholas,Mr. Crummles,5860,nicholas-nickleby
Nicholas,Liverpool,5860,nicholas-nickleby
Nicholas,Mr. Snittle Timberry,5860,nicholas-nickleby
Mr. Snittle Timberry,Nicholas,5860,nicholas-nickleby
Mr. Snittle Timberry,Mr. Crummles,5860,nicholas-nickleby
Mr. Snittle Timberry,Mr. Crummles,5860,nicholas-nickleby
Mr. Snittle Timberry,Liverpool,5860,nicholas-nickleby
Mr. Snittle Timberry,Nicholas,5860,nicholas-nickleby
Mr. Crummles,Othello,5865,nicholas-nickleby
Othello,Mr. Crummles,5865,nicholas-nickleby
Mr.,Snittle Timberry,5866,nicholas-nickleby
Snittle Timberry,Mr.,5866,nicholas-nickleby
Nicholas,Smike,5873,nicholas-nickleby
Smike,Nicholas,5873,nicholas-nickleby
Nicholas,Mr. Snittle Timberry,5879,nicholas-nickleby
Nicholas,Mr. Crummles,5879,nicholas-nickleby
Mr. Snittle Timberry,Nicholas,5879,nicholas-nickleby
Mr. Snittle Timberry,Nicholas,5879,nicholas-nickleby
Mr. Snittle Timberry,Mr. Crummles,5879,nicholas-nickleby
Nicholas,Mr. Snittle Timberry,5879,nicholas-nickleby
Nicholas,Mr. Crummles,5879,nicholas-nickleby
Mr. Crummles,Nicholas,5879,nicholas-nickleby
Mr. Crummles,Mr. Snittle Timberry,5879,nicholas-nickleby
Mr. Crummles,Nicholas,5879,nicholas-nickleby
Richard Turpin,Tom King,5889,nicholas-nickleby
Richard Turpin,Jerry Abershaw,5889,nicholas-nickleby
Richard Turpin,Nicholas,5889,nicholas-nickleby
Tom King,Richard Turpin,5889,nicholas-nickleby
Tom King,Jerry Abershaw,5889,nicholas-nickleby
Tom King,Nicholas,5889,nicholas-nickleby
Jerry Abershaw,Richard Turpin,5889,nicholas-nickleby
Jerry Abershaw,Tom King,5889,nicholas-nickleby
Jerry Abershaw,Nicholas,5889,nicholas-nickleby
Nicholas,Richard Turpin,5889,nicholas-nickleby
Nicholas,Tom King,5889,nicholas-nickleby
Nicholas,Jerry Abershaw,5889,nicholas-nickleby
Nicholas,Shakespeare,5893,nicholas-nickleby
Shakespeare,Nicholas,5893,nicholas-nickleby
Mr. Snittle Timberry,Tim,5899,nicholas-nickleby
Mr. Snittle Timberry,Mr. Chairman,5899,nicholas-nickleby
Tim,Mr. Snittle Timberry,5899,nicholas-nickleby
Tim,Mr. Chairman,5899,nicholas-nickleby
Mr. Chairman,Mr. Snittle Timberry,5899,nicholas-nickleby
Mr. Chairman,Tim,5899,nicholas-nickleby
Mr. Timberry,Mr. Crummles,5900,nicholas-nickleby
Mr. Crummles,Mr. Timberry,5900,nicholas-nickleby
Mr. Snittle Timberry,Mr. Vincent Crummles,5901,nicholas-nickleby
Mr. Snittle Timberry,Mr.,5901,nicholas-nickleby
Mr. Snittle Timberry,Mr. Vincent Crummles,5901,nicholas-nickleby
Mr. Snittle Timberry,Mr. Vincent Crummles,5901,nicholas-nickleby
Mr. Snittle Timberry,Mr. Crummles,5901,nicholas-nickleby
Mr. Snittle Timberry,Timberry,5901,nicholas-nickleby
Mr. Vincent Crummles,Mr. Snittle Timberry,5901,nicholas-nickleby
Mr. Vincent Crummles,Mr.,5901,nicholas-nickleby
Mr. Vincent Crummles,Mr. Snittle Timberry,5901,nicholas-nickleby
Mr. Vincent Crummles,Mr. Crummles,5901,nicholas-nickleby
Mr. Vincent Crummles,Timberry,5901,nicholas-nickleby
Mr.,Mr. Snittle Timberry,5901,nicholas-nickleby
Mr.,Mr. Vincent Crummles,5901,nicholas-nickleby
Mr.,Mr. Vincent Crummles,5901,nicholas-nickleby
Mr.,Mr. Snittle Timberry,5901,nicholas-nickleby
Mr.,Mr. Vincent Crummles,5901,nicholas-nickleby
Mr.,Mr. Crummles,5901,nicholas-nickleby
Mr.,Timberry,5901,nicholas-nickleby
Mr. Vincent Crummles,Mr. Snittle Timberry,5901,nicholas-nickleby
Mr. Vincent Crummles,Mr.,5901,nicholas-nickleby
Mr. Vincent Crummles,Mr. Snittle Timberry,5901,nicholas-nickleby
Mr. Vincent Crummles,Mr. Crummles,5901,nicholas-nickleby
Mr. Vincent Crummles,Timberry,5901,nicholas-nickleby
Mr. Snittle Timberry,Mr. Vincent Crummles,5901,nicholas-nickleby
Mr. Snittle Timberry,Mr.,5901,nicholas-nickleby
Mr. Snittle Timberry,Mr. Vincent Crummles,5901,nicholas-nickleby
Mr. Snittle Timberry,Mr. Vincent Crummles,5901,nicholas-nickleby
Mr. Snittle Timberry,Mr. Crummles,5901,nicholas-nickleby
Mr. Snittle Timberry,Timberry,5901,nicholas-nickleby
Mr. Vincent Crummles,Mr. Snittle Timberry,5901,nicholas-nickleby
Mr. Vincent Crummles,Mr.,5901,nicholas-nickleby
Mr. Vincent Crummles,Mr. Snittle Timberry,5901,nicholas-nickleby
Mr. Vincent Crummles,Mr. Crummles,5901,nicholas-nickleby
Mr. Vincent Crummles,Timberry,5901,nicholas-nickleby
Mr. Crummles,Mr. Snittle Timberry,5901,nicholas-nickleby
Mr. Crummles,Mr. Vincent Crummles,5901,nicholas-nickleby
Mr. Crummles,Mr.,5901,nicholas-nickleby
Mr. Crummles,Mr. Vincent Crummles,5901,nicholas-nickleby
Mr. Crummles,Mr. Snittle Timberry,5901,nicholas-nickleby
Mr. Crummles,Mr. Vincent Crummles,5901,nicholas-nickleby
Mr. Crummles,Timberry,5901,nicholas-nickleby
Timberry,Mr. Snittle Timberry,5901,nicholas-nickleby
Timberry,Mr. Vincent Crummles,5901,nicholas-nickleby
Timberry,Mr.,5901,nicholas-nickleby
Timberry,Mr. Vincent Crummles,5901,nicholas-nickleby
Timberry,Mr. Snittle Timberry,5901,nicholas-nickleby
Timberry,Mr. Vincent Crummles,5901,nicholas-nickleby
Timberry,Mr. Crummles,5901,nicholas-nickleby
Mr. Crummles,Nicholas,5902,nicholas-nickleby
Nicholas,Mr. Crummles,5902,nicholas-nickleby
Nicholas,Madeline Bray,5911,nicholas-nickleby
Nicholas,Charles,5911,nicholas-nickleby
Nicholas,Mr. Snawley,5911,nicholas-nickleby
Nicholas,Smike,5911,nicholas-nickleby
Madeline Bray,Nicholas,5911,nicholas-nickleby
Madeline Bray,Charles,5911,nicholas-nickleby
Madeline Bray,Mr. Snawley,5911,nicholas-nickleby
Madeline Bray,Smike,5911,nicholas-nickleby
Madeline Bray,Nicholas,5911,nicholas-nickleby
Charles,Nicholas,5911,nicholas-nickleby
Charles,Madeline Bray,5911,nicholas-nickleby
Charles,Mr. Snawley,5911,nicholas-nickleby
Charles,Smike,5911,nicholas-nickleby
Charles,Nicholas,5911,nicholas-nickleby
Mr. Snawley,Nicholas,5911,nicholas-nickleby
Mr. Snawley,Madeline Bray,5911,nicholas-nickleby
Mr. Snawley,Charles,5911,nicholas-nickleby
Mr. Snawley,Smike,5911,nicholas-nickleby
Mr. Snawley,Nicholas,5911,nicholas-nickleby
Smike,Nicholas,5911,nicholas-nickleby
Smike,Madeline Bray,5911,nicholas-nickleby
Smike,Charles,5911,nicholas-nickleby
Smike,Mr. Snawley,5911,nicholas-nickleby
Smike,Nicholas,5911,nicholas-nickleby
Nicholas,Madeline Bray,5911,nicholas-nickleby
Nicholas,Charles,5911,nicholas-nickleby
Nicholas,Mr. Snawley,5911,nicholas-nickleby
Nicholas,Smike,5911,nicholas-nickleby
Nicholas,Smike,5916,nicholas-nickleby
Smike,Nicholas,5916,nicholas-nickleby
Cheeryble,Nicholas,5918,nicholas-nickleby
Cheeryble,Kate,5918,nicholas-nickleby
Cheeryble,Charles,5918,nicholas-nickleby
Cheeryble,Ned,5918,nicholas-nickleby
Cheeryble,Mr. Tim Linkinwater,5918,nicholas-nickleby
Cheeryble,Mr. Frank Cheeryble,5918,nicholas-nickleby
Nicholas,Cheeryble,5918,nicholas-nickleby
Nicholas,Kate,5918,nicholas-nickleby
Nicholas,Charles,5918,nicholas-nickleby
Nicholas,Ned,5918,nicholas-nickleby
Nicholas,Mr. Tim Linkinwater,5918,nicholas-nickleby
Nicholas,Mr. Frank Cheeryble,5918,nicholas-nickleby
Kate,Cheeryble,5918,nicholas-nickleby
Kate,Nicholas,5918,nicholas-nickleby
Kate,Charles,5918,nicholas-nickleby
Kate,Ned,5918,nicholas-nickleby
Kate,Mr. Tim Linkinwater,5918,nicholas-nickleby
Kate,Mr. Frank Cheeryble,5918,nicholas-nickleby
Charles,Cheeryble,5918,nicholas-nickleby
Charles,Nicholas,5918,nicholas-nickleby
Charles,Kate,5918,nicholas-nickleby
Charles,Ned,5918,nicholas-nickleby
Charles,Mr. Tim Linkinwater,5918,nicholas-nickleby
Charles,Mr. Frank Cheeryble,5918,nicholas-nickleby
Ned,Cheeryble,5918,nicholas-nickleby
Ned,Nicholas,5918,nicholas-nickleby
Ned,Kate,5918,nicholas-nickleby
Ned,Charles,5918,nicholas-nickleby
Ned,Mr. Tim Linkinwater,5918,nicholas-nickleby
Ned,Mr. Frank Cheeryble,5918,nicholas-nickleby
Mr. Tim Linkinwater,Cheeryble,5918,nicholas-nickleby
Mr. Tim Linkinwater,Nicholas,5918,nicholas-nickleby
Mr. Tim Linkinwater,Kate,5918,nicholas-nickleby
Mr. Tim Linkinwater,Charles,5918,nicholas-nickleby
Mr. Tim Linkinwater,Ned,5918,nicholas-nickleby
Mr. Tim Linkinwater,Mr. Frank Cheeryble,5918,nicholas-nickleby
Mr. Frank Cheeryble,Cheeryble,5918,nicholas-nickleby
Mr. Frank Cheeryble,Nicholas,5918,nicholas-nickleby
Mr. Frank Cheeryble,Kate,5918,nicholas-nickleby
Mr. Frank Cheeryble,Charles,5918,nicholas-nickleby
Mr. Frank Cheeryble,Ned,5918,nicholas-nickleby
Mr. Frank Cheeryble,Mr. Tim Linkinwater,5918,nicholas-nickleby
Kate,Miss La Creevy,5932,nicholas-nickleby
Kate,Miss La Creevy,5932,nicholas-nickleby
Kate,Nicholas,5932,nicholas-nickleby
Miss La Creevy,Kate,5932,nicholas-nickleby
Miss La Creevy,Nicholas,5932,nicholas-nickleby
Miss La Creevy,Kate,5932,nicholas-nickleby
Miss La Creevy,Nicholas,5932,nicholas-nickleby
Nicholas,Kate,5932,nicholas-nickleby
Nicholas,Miss La Creevy,5932,nicholas-nickleby
Nicholas,Miss La Creevy,5932,nicholas-nickleby
Miss La Creevy,Mr. Cheeryble,5935,nicholas-nickleby
Mr. Cheeryble,Miss La Creevy,5935,nicholas-nickleby
Mr. Linkinwater,Kate,5936,nicholas-nickleby
Kate,Mr. Linkinwater,5936,nicholas-nickleby
Miss La Creevy,Frank,5937,nicholas-nickleby
Frank,Miss La Creevy,5937,nicholas-nickleby
Tutbury,Miss La Creevy,5942,nicholas-nickleby
Miss La Creevy,Tutbury,5942,nicholas-nickleby
Tim Linkinwater,Mr. Frank Cheeryble,5945,nicholas-nickleby
Mr. Frank Cheeryble,Tim Linkinwater,5945,nicholas-nickleby
Nickleby,Frank,5947,nicholas-nickleby
Frank,Nickleby,5947,nicholas-nickleby
Linkinwater,Nicholas,5948,nicholas-nickleby
Linkinwater,Kate,5948,nicholas-nickleby
Nicholas,Linkinwater,5948,nicholas-nickleby
Nicholas,Kate,5948,nicholas-nickleby
Kate,Linkinwater,5948,nicholas-nickleby
Kate,Nicholas,5948,nicholas-nickleby
Kate,Tim Linkinwater,5949,nicholas-nickleby
Kate,Nickleby,5949,nicholas-nickleby
Tim Linkinwater,Kate,5949,nicholas-nickleby
Tim Linkinwater,Nickleby,5949,nicholas-nickleby
Nickleby,Kate,5949,nicholas-nickleby
Nickleby,Tim Linkinwater,5949,nicholas-nickleby
Nicholas,Smike,5950,nicholas-nickleby
Nicholas,Miss La Creevy,5950,nicholas-nickleby
Nicholas,Tim Linkinwater,5950,nicholas-nickleby
Nicholas,Tim,5950,nicholas-nickleby
Nicholas,Tim,5950,nicholas-nickleby
Nicholas,Miss La Creevy,5950,nicholas-nickleby
Nicholas,Mr. Linkinwater,5950,nicholas-nickleby
Nicholas,Tim,5950,nicholas-nickleby
Nicholas,Tim,5950,nicholas-nickleby
Nicholas,Miss La Creevy,5950,nicholas-nickleby
Nicholas,Tim,5950,nicholas-nickleby
Smike,Nicholas,5950,nicholas-nickleby
Smike,Miss La Creevy,5950,nicholas-nickleby
Smike,Tim Linkinwater,5950,nicholas-nickleby
Smike,Tim,5950,nicholas-nickleby
Smike,Tim,5950,nicholas-nickleby
Smike,Miss La Creevy,5950,nicholas-nickleby
Smike,Mr. Linkinwater,5950,nicholas-nickleby
Smike,Tim,5950,nicholas-nickleby
Smike,Tim,5950,nicholas-nickleby
Smike,Miss La Creevy,5950,nicholas-nickleby
Smike,Tim,5950,nicholas-nickleby
Miss La Creevy,Nicholas,5950,nicholas-nickleby
Miss La Creevy,Smike,5950,nicholas-nickleby
Miss La Creevy,Tim Linkinwater,5950,nicholas-nickleby
Miss La Creevy,Tim,5950,nicholas-nickleby
Miss La Creevy,Tim,5950,nicholas-nickleby
Miss La Creevy,Mr. Linkinwater,5950,nicholas-nickleby
Miss La Creevy,Tim,5950,nicholas-nickleby
Miss La Creevy,Tim,5950,nicholas-nickleby
Miss La Creevy,Tim,5950,nicholas-nickleby
Tim Linkinwater,Nicholas,5950,nicholas-nickleby
Tim Linkinwater,Smike,5950,nicholas-nickleby
Tim Linkinwater,Miss La Creevy,5950,nicholas-nickleby
Tim Linkinwater,Tim,5950,nicholas-nickleby
Tim Linkinwater,Tim,5950,nicholas-nickleby
Tim Linkinwater,Miss La Creevy,5950,nicholas-nickleby
Tim Linkinwater,Mr. Linkinwater,5950,nicholas-nickleby
Tim Linkinwater,Tim,5950,nicholas-nickleby
Tim Linkinwater,Tim,5950,nicholas-nickleby
Tim Linkinwater,Miss La Creevy,5950,nicholas-nickleby
Tim Linkinwater,Tim,5950,nicholas-nickleby
Tim,Nicholas,5950,nicholas-nickleby
Tim,Smike,5950,nicholas-nickleby
Tim,Miss La Creevy,5950,nicholas-nickleby
Tim,Tim Linkinwater,5950,nicholas-nickleby
Tim,Miss La Creevy,5950,nicholas-nickleby
Tim,Mr. Linkinwater,5950,nicholas-nickleby
Tim,Miss La Creevy,5950,nicholas-nickleby
Tim,Nicholas,5950,nicholas-nickleby
Tim,Smike,5950,nicholas-nickleby
Tim,Miss La Creevy,5950,nicholas-nickleby
Tim,Tim Linkinwater,5950,nicholas-nickleby
Tim,Miss La Creevy,5950,nicholas-nickleby
Tim,Mr. Linkinwater,5950,nicholas-nickleby
Tim,Miss La Creevy,5950,nicholas-nickleby
Miss La Creevy,Nicholas,5950,nicholas-nickleby
Miss La Creevy,Smike,5950,nicholas-nickleby
Miss La Creevy,Tim Linkinwater,5950,nicholas-nickleby
Miss La Creevy,Tim,5950,nicholas-nickleby
Miss La Creevy,Tim,5950,nicholas-nickleby
Miss La Creevy,Mr. Linkinwater,5950,nicholas-nickleby
Miss La Creevy,Tim,5950,nicholas-nickleby
Miss La Creevy,Tim,5950,nicholas-nickleby
Miss La Creevy,Tim,5950,nicholas-nickleby
Mr. Linkinwater,Nicholas,5950,nicholas-nickleby
Mr. Linkinwater,Smike,5950,nicholas-nickleby
Mr. Linkinwater,Miss La Creevy,5950,nicholas-nickleby
Mr. Linkinwater,Tim Linkinwater,5950,nicholas-nickleby
Mr. Linkinwater,Tim,5950,nicholas-nickleby
Mr. Linkinwater,Tim,5950,nicholas-nickleby
Mr. Linkinwater,Miss La Creevy,5950,nicholas-nickleby
Mr. Linkinwater,Tim,5950,nicholas-nickleby
Mr. Linkinwater,Tim,5950,nicholas-nickleby
Mr. Linkinwater,Miss La Creevy,5950,nicholas-nickleby
Mr. Linkinwater,Tim,5950,nicholas-nickleby
Tim,Nicholas,5950,nicholas-nickleby
Tim,Smike,5950,nicholas-nickleby
Tim,Miss La Creevy,5950,nicholas-nickleby
Tim,Tim Linkinwater,5950,nicholas-nickleby
Tim,Miss La Creevy,5950,nicholas-nickleby
Tim,Mr. Linkinwater,5950,nicholas-nickleby
Tim,Miss La Creevy,5950,nicholas-nickleby
Tim,Nicholas,5950,nicholas-nickleby
Tim,Smike,5950,nicholas-nickleby
Tim,Miss La Creevy,5950,nicholas-nickleby
Tim,Tim Linkinwater,5950,nicholas-nickleby
Tim,Miss La Creevy,5950,nicholas-nickleby
Tim,Mr. Linkinwater,5950,nicholas-nickleby
Tim,Miss La Creevy,5950,nicholas-nickleby
Miss La Creevy,Nicholas,5950,nicholas-nickleby
Miss La Creevy,Smike,5950,nicholas-nickleby
Miss La Creevy,Tim Linkinwater,5950,nicholas-nickleby
Miss La Creevy,Tim,5950,nicholas-nickleby
Miss La Creevy,Tim,5950,nicholas-nickleby
Miss La Creevy,Mr. Linkinwater,5950,nicholas-nickleby
Miss La Creevy,Tim,5950,nicholas-nickleby
Miss La Creevy,Tim,5950,nicholas-nickleby
Miss La Creevy,Tim,5950,nicholas-nickleby
Tim,Nicholas,5950,nicholas-nickleby
Tim,Smike,5950,nicholas-nickleby
Tim,Miss La Creevy,5950,nicholas-nickleby
Tim,Tim Linkinwater,5950,nicholas-nickleby
Tim,Miss La Creevy,5950,nicholas-nickleby
Tim,Mr. Linkinwater,5950,nicholas-nickleby
Tim,Miss La Creevy,5950,nicholas-nickleby
Kate,Tim,5951,nicholas-nickleby
Kate,Miss La Creevy,5951,nicholas-nickleby
Tim,Kate,5951,nicholas-nickleby
Tim,Miss La Creevy,5951,nicholas-nickleby
Tim,Kate,5951,nicholas-nickleby
Miss La Creevy,Kate,5951,nicholas-nickleby
Miss La Creevy,Tim,5951,nicholas-nickleby
Miss La Creevy,Kate,5951,nicholas-nickleby
Kate,Tim,5951,nicholas-nickleby
Kate,Miss La Creevy,5951,nicholas-nickleby
Kate,Nickleby,5952,nicholas-nickleby
Nickleby,Kate,5952,nicholas-nickleby
Frank Cheeryble,Tim,5953,nicholas-nickleby
Frank Cheeryble,Nickleby,5953,nicholas-nickleby
Frank Cheeryble,Miss La Creevy,5953,nicholas-nickleby
Tim,Frank Cheeryble,5953,nicholas-nickleby
Tim,Nickleby,5953,nicholas-nickleby
Tim,Miss La Creevy,5953,nicholas-nickleby
Nickleby,Frank Cheeryble,5953,nicholas-nickleby
Nickleby,Tim,5953,nicholas-nickleby
Nickleby,Miss La Creevy,5953,nicholas-nickleby
Miss La Creevy,Frank Cheeryble,5953,nicholas-nickleby
Miss La Creevy,Tim,5953,nicholas-nickleby
Miss La Creevy,Nickleby,5953,nicholas-nickleby
Frank,Tim Linkinwater,5960,nicholas-nickleby
Tim Linkinwater,Frank,5960,nicholas-nickleby
Nickleby,Frank Cheeryble,5962,nicholas-nickleby
Frank Cheeryble,Nickleby,5962,nicholas-nickleby
Mr. Linkinwater,Mr. Cheeryble,5970,nicholas-nickleby
Mr. Linkinwater,Mrs Nickleby,5970,nicholas-nickleby
Mr. Linkinwater,Nicholas,5970,nicholas-nickleby
Mr. Cheeryble,Mr. Linkinwater,5970,nicholas-nickleby
Mr. Cheeryble,Mrs Nickleby,5970,nicholas-nickleby
Mr. Cheeryble,Nicholas,5970,nicholas-nickleby
Mrs Nickleby,Mr. Linkinwater,5970,nicholas-nickleby
Mrs Nickleby,Mr. Cheeryble,5970,nicholas-nickleby
Mrs Nickleby,Nicholas,5970,nicholas-nickleby
Nicholas,Mr. Linkinwater,5970,nicholas-nickleby
Nicholas,Mr. Cheeryble,5970,nicholas-nickleby
Nicholas,Mrs Nickleby,5970,nicholas-nickleby
Miss La Creevy,Tim Linkinwater,5976,nicholas-nickleby
Tim Linkinwater,Miss La Creevy,5976,nicholas-nickleby
Nickleby,Miss La Creevy,5978,nicholas-nickleby
Miss La Creevy,Nickleby,5978,nicholas-nickleby
Kit,Tit,5984,nicholas-nickleby
Kit,Grimalkin,5984,nicholas-nickleby
Kit,Tabby,5984,nicholas-nickleby
Kit,Whoosh,5984,nicholas-nickleby
Tit,Kit,5984,nicholas-nickleby
Tit,Grimalkin,5984,nicholas-nickleby
Tit,Tabby,5984,nicholas-nickleby
Tit,Whoosh,5984,nicholas-nickleby
Grimalkin,Kit,5984,nicholas-nickleby
Grimalkin,Tit,5984,nicholas-nickleby
Grimalkin,Tabby,5984,nicholas-nickleby
Grimalkin,Whoosh,5984,nicholas-nickleby
Tabby,Kit,5984,nicholas-nickleby
Tabby,Tit,5984,nicholas-nickleby
Tabby,Grimalkin,5984,nicholas-nickleby
Tabby,Whoosh,5984,nicholas-nickleby
Whoosh,Kit,5984,nicholas-nickleby
Whoosh,Tit,5984,nicholas-nickleby
Whoosh,Grimalkin,5984,nicholas-nickleby
Whoosh,Tabby,5984,nicholas-nickleby
Frank,Miss La Creevy,5987,nicholas-nickleby
Frank,Tim Linkinwater,5987,nicholas-nickleby
Miss La Creevy,Frank,5987,nicholas-nickleby
Miss La Creevy,Tim Linkinwater,5987,nicholas-nickleby
Miss La Creevy,Frank,5987,nicholas-nickleby
Tim Linkinwater,Frank,5987,nicholas-nickleby
Tim Linkinwater,Miss La Creevy,5987,nicholas-nickleby
Tim Linkinwater,Frank,5987,nicholas-nickleby
Frank,Miss La Creevy,5987,nicholas-nickleby
Frank,Tim Linkinwater,5987,nicholas-nickleby
Frank,Tim Linkinwater,5996,nicholas-nickleby
Frank,Tim,5996,nicholas-nickleby
Frank,Nicholas,5996,nicholas-nickleby
Tim Linkinwater,Frank,5996,nicholas-nickleby
Tim Linkinwater,Tim,5996,nicholas-nickleby
Tim Linkinwater,Nicholas,5996,nicholas-nickleby
Tim,Frank,5996,nicholas-nickleby
Tim,Tim Linkinwater,5996,nicholas-nickleby
Tim,Nicholas,5996,nicholas-nickleby
Nicholas,Frank,5996,nicholas-nickleby
Nicholas,Tim Linkinwater,5996,nicholas-nickleby
Nicholas,Tim,5996,nicholas-nickleby
Kate,Nicholas,5997,nicholas-nickleby
Nicholas,Kate,5997,nicholas-nickleby
Nicholas,Smike,6002,nicholas-nickleby
Nicholas,Kate,6002,nicholas-nickleby
Smike,Nicholas,6002,nicholas-nickleby
Smike,Kate,6002,nicholas-nickleby
Kate,Nicholas,6002,nicholas-nickleby
Kate,Smike,6002,nicholas-nickleby
Kate,Smike,6004,nicholas-nickleby
Smike,Kate,6004,nicholas-nickleby
Nicholas,Smike,6011,nicholas-nickleby
Smike,Nicholas,6011,nicholas-nickleby
Stranger,James,6020,nicholas-nickleby
James,Stranger,6020,nicholas-nickleby
Lord Frederick,Sir Mulberry,6036,nicholas-nickleby
Sir Mulberry,Lord Frederick,6036,nicholas-nickleby
Sir Mulberry,Nicholas,6042,nicholas-nickleby
Nicholas,Sir Mulberry,6042,nicholas-nickleby
Sir,Mulberry Hawk,6045,nicholas-nickleby
Sir,Sir Mulberry,6045,nicholas-nickleby
Mulberry Hawk,Sir,6045,nicholas-nickleby
Mulberry Hawk,Sir Mulberry,6045,nicholas-nickleby
Sir Mulberry,Sir,6045,nicholas-nickleby
Sir Mulberry,Mulberry Hawk,6045,nicholas-nickleby
Nicholas,Sir Mulberry,6063,nicholas-nickleby
Nicholas,Sir Mulberry,6063,nicholas-nickleby
Nicholas,Sir Mulberry Hawk,6063,nicholas-nickleby
Sir Mulberry,Nicholas,6063,nicholas-nickleby
Sir Mulberry,Sir Mulberry Hawk,6063,nicholas-nickleby
Sir Mulberry,Nicholas,6063,nicholas-nickleby
Sir Mulberry,Sir Mulberry Hawk,6063,nicholas-nickleby
Sir Mulberry Hawk,Nicholas,6063,nicholas-nickleby
Sir Mulberry Hawk,Sir Mulberry,6063,nicholas-nickleby
Sir Mulberry Hawk,Sir Mulberry,6063,nicholas-nickleby
Nicholas,Sir Mulberry,6064,nicholas-nickleby
Nicholas,Miss Nickleby,6064,nicholas-nickleby
Nicholas,Sir Mulberry,6064,nicholas-nickleby
Nicholas,Sir Mulberry,6064,nicholas-nickleby
Sir Mulberry,Nicholas,6064,nicholas-nickleby
Sir Mulberry,Miss Nickleby,6064,nicholas-nickleby
Miss Nickleby,Nicholas,6064,nicholas-nickleby
Miss Nickleby,Sir Mulberry,6064,nicholas-nickleby
Miss Nickleby,Sir Mulberry,6064,nicholas-nickleby
Miss Nickleby,Sir Mulberry,6064,nicholas-nickleby
Sir Mulberry,Nicholas,6064,nicholas-nickleby
Sir Mulberry,Miss Nickleby,6064,nicholas-nickleby
Sir Mulberry,Nicholas,6064,nicholas-nickleby
Sir Mulberry,Miss Nickleby,6064,nicholas-nickleby
Sir Mulberry,Mr. Pyke,6065,nicholas-nickleby
Sir Mulberry,Mr. Pluck,6065,nicholas-nickleby
Sir Mulberry,Messrs Pyke,6065,nicholas-nickleby
Sir Mulberry,Pluck,6065,nicholas-nickleby
Mr. Pyke,Sir Mulberry,6065,nicholas-nickleby
Mr. Pyke,Mr. Pluck,6065,nicholas-nickleby
Mr. Pyke,Sir Mulberry,6065,nicholas-nickleby
Mr. Pyke,Sir Mulberry,6065,nicholas-nickleby
Mr. Pyke,Messrs Pyke,6065,nicholas-nickleby
Mr. Pyke,Pluck,6065,nicholas-nickleby
Mr. Pyke,Sir Mulberry,6065,nicholas-nickleby
Mr. Pluck,Sir Mulberry,6065,nicholas-nickleby
Mr. Pluck,Mr. Pyke,6065,nicholas-nickleby
Mr. Pluck,Sir Mulberry,6065,nicholas-nickleby
Mr. Pluck,Sir Mulberry,6065,nicholas-nickleby
Mr. Pluck,Messrs Pyke,6065,nicholas-nickleby
Mr. Pluck,Pluck,6065,nicholas-nickleby
Mr. Pluck,Sir Mulberry,6065,nicholas-nickleby
Sir Mulberry,Mr. Pyke,6065,nicholas-nickleby
Sir Mulberry,Mr. Pluck,6065,nicholas-nickleby
Sir Mulberry,Messrs Pyke,6065,nicholas-nickleby
Sir Mulberry,Pluck,6065,nicholas-nickleby
Sir Mulberry,Mr. Pyke,6065,nicholas-nickleby
Sir Mulberry,Mr. Pluck,6065,nicholas-nickleby
Sir Mulberry,Messrs Pyke,6065,nicholas-nickleby
Sir Mulberry,Pluck,6065,nicholas-nickleby
Messrs Pyke,Sir Mulberry,6065,nicholas-nickleby
Messrs Pyke,Mr. Pyke,6065,nicholas-nickleby
Messrs Pyke,Mr. Pluck,6065,nicholas-nickleby
Messrs Pyke,Sir Mulberry,6065,nicholas-nickleby
Messrs Pyke,Sir Mulberry,6065,nicholas-nickleby
Messrs Pyke,Pluck,6065,nicholas-nickleby
Messrs Pyke,Sir Mulberry,6065,nicholas-nickleby
Pluck,Sir Mulberry,6065,nicholas-nickleby
Pluck,Mr. Pyke,6065,nicholas-nickleby
Pluck,Mr. Pluck,6065,nicholas-nickleby
Pluck,Sir Mulberry,6065,nicholas-nickleby
Pluck,Sir Mulberry,6065,nicholas-nickleby
Pluck,Messrs Pyke,6065,nicholas-nickleby
Pluck,Sir Mulberry,6065,nicholas-nickleby
Sir Mulberry,Mr. Pyke,6065,nicholas-nickleby
Sir Mulberry,Mr. Pluck,6065,nicholas-nickleby
Sir Mulberry,Messrs Pyke,6065,nicholas-nickleby
Sir Mulberry,Pluck,6065,nicholas-nickleby
Down,Tumult,6067,nicholas-nickleby
Tumult,Down,6067,nicholas-nickleby
Adams,Mr. Westwood,6080,nicholas-nickleby
Mr. Westwood,Adams,6080,nicholas-nickleby
Sir Mulberry,Lord Frederick,6083,nicholas-nickleby
Sir Mulberry,Lord Frederick,6083,nicholas-nickleby
Lord Frederick,Sir Mulberry,6083,nicholas-nickleby
Lord Frederick,Sir Mulberry,6083,nicholas-nickleby
Sir Mulberry,Lord Frederick,6083,nicholas-nickleby
Sir Mulberry,Lord Frederick,6083,nicholas-nickleby
Lord Frederick,Sir Mulberry,6083,nicholas-nickleby
Lord Frederick,Sir Mulberry,6083,nicholas-nickleby
Mr. Westwood,Twickenham,6086,nicholas-nickleby
Twickenham,Mr. Westwood,6086,nicholas-nickleby
Ham House,Sir Mulberry,6099,nicholas-nickleby
Sir Mulberry,Ham House,6099,nicholas-nickleby
Adams,Hawk,6103,nicholas-nickleby
Hawk,Adams,6103,nicholas-nickleby
Hawk,Adams,6103,nicholas-nickleby
Adams,Hawk,6103,nicholas-nickleby
Sir Mulberry,Captain Adams,6104,nicholas-nickleby
Captain Adams,Sir Mulberry,6104,nicholas-nickleby
Arthur Gride,Meagre,6110,nicholas-nickleby
Meagre,Arthur Gride,6110,nicholas-nickleby
Peg,Arthur Gride,6124,nicholas-nickleby
Arthur Gride,Peg,6124,nicholas-nickleby
Arthur,Gride,6134,nicholas-nickleby
Gride,Arthur,6134,nicholas-nickleby
Peg,Arthur,6138,nicholas-nickleby
Arthur,Peg,6138,nicholas-nickleby
Arthur Gride,Peg,6140,nicholas-nickleby
Peg,Arthur Gride,6140,nicholas-nickleby
Peg,Arthur Gride,6142,nicholas-nickleby
Arthur Gride,Peg,6142,nicholas-nickleby
Arthur Gride,Peg,6142,nicholas-nickleby
Peg,Arthur Gride,6142,nicholas-nickleby
Arthur,Mrs Sliderskew,6144,nicholas-nickleby
Mrs Sliderskew,Arthur,6144,nicholas-nickleby
Peg Sliderskew,Arthur Gride,6148,nicholas-nickleby
Arthur Gride,Peg Sliderskew,6148,nicholas-nickleby
Noggs,Arthur Gride,6155,nicholas-nickleby
Noggs,Mr. Noggs,6155,nicholas-nickleby
Arthur Gride,Noggs,6155,nicholas-nickleby
Arthur Gride,Mr. Noggs,6155,nicholas-nickleby
Mr. Noggs,Noggs,6155,nicholas-nickleby
Mr. Noggs,Arthur Gride,6155,nicholas-nickleby
Mr. Nickleby,Bearer,6156,nicholas-nickleby
Bearer,Mr. Nickleby,6156,nicholas-nickleby
Arthur,Newman,6161,nicholas-nickleby
Newman,Arthur,6161,nicholas-nickleby
Mr. Noggs,Arthur,6165,nicholas-nickleby
Arthur,Mr. Noggs,6165,nicholas-nickleby
Arthur,Mr. Noggs,6165,nicholas-nickleby
Mr. Noggs,Arthur,6165,nicholas-nickleby
Mr. Noggs,Sit,6167,nicholas-nickleby
Sit,Mr. Noggs,6167,nicholas-nickleby
Sit,Mr. Noggs,6167,nicholas-nickleby
Mr. Noggs,Sit,6167,nicholas-nickleby
Curse Mr. Noggs,Gride,6168,nicholas-nickleby
Gride,Curse Mr. Noggs,6168,nicholas-nickleby
Newman,Arthur Gride,6175,nicholas-nickleby
Newman,Arthur,6175,nicholas-nickleby
Arthur Gride,Newman,6175,nicholas-nickleby
Arthur Gride,Arthur,6175,nicholas-nickleby
Arthur,Newman,6175,nicholas-nickleby
Arthur,Arthur Gride,6175,nicholas-nickleby
Noggs,Arthur,6176,nicholas-nickleby
Arthur,Noggs,6176,nicholas-nickleby
Arthur Gride,Arthur,6182,nicholas-nickleby
Arthur Gride,Ralph,6182,nicholas-nickleby
Arthur,Arthur Gride,6182,nicholas-nickleby
Arthur,Ralph,6182,nicholas-nickleby
Ralph,Arthur Gride,6182,nicholas-nickleby
Ralph,Arthur,6182,nicholas-nickleby
Mr. Noggs,Gride,6183,nicholas-nickleby
Gride,Mr. Noggs,6183,nicholas-nickleby
Newman,Arthur Gride,6189,nicholas-nickleby
Arthur Gride,Newman,6189,nicholas-nickleby
Newman,Bearer,6191,nicholas-nickleby
Bearer,Newman,6191,nicholas-nickleby
Mr. Noggs,Gride,6194,nicholas-nickleby
Gride,Mr. Noggs,6194,nicholas-nickleby
Gride,Mr. Noggs,6194,nicholas-nickleby
Mr. Noggs,Gride,6194,nicholas-nickleby
Newman,Quite,6196,nicholas-nickleby
Quite,Newman,6196,nicholas-nickleby
Quite,Newman,6196,nicholas-nickleby
Newman,Quite,6196,nicholas-nickleby
Ralph,Newman,6198,nicholas-nickleby
Newman,Ralph,6198,nicholas-nickleby
Ralph,Pray,6202,nicholas-nickleby
Pray,Ralph,6202,nicholas-nickleby
Newman,Ralph,6214,nicholas-nickleby
Ralph,Newman,6214,nicholas-nickleby
Nicholas,Cheeryble,6218,nicholas-nickleby
Cheeryble,Nicholas,6218,nicholas-nickleby
Nicholas,Newman,6226,nicholas-nickleby
Nicholas,Ralph,6226,nicholas-nickleby
Nicholas,Ralph,6226,nicholas-nickleby
Newman,Nicholas,6226,nicholas-nickleby
Newman,Ralph,6226,nicholas-nickleby
Newman,Ralph,6226,nicholas-nickleby
Ralph,Nicholas,6226,nicholas-nickleby
Ralph,Newman,6226,nicholas-nickleby
Ralph,Nicholas,6226,nicholas-nickleby
Ralph,Newman,6226,nicholas-nickleby
Nicholas,Miss Cecilia Bobster,6227,nicholas-nickleby
Miss Cecilia Bobster,Nicholas,6227,nicholas-nickleby
Newman,Ralph,6234,nicholas-nickleby
Ralph,Newman,6234,nicholas-nickleby
Nicholas,Heaven,6235,nicholas-nickleby
Heaven,Nicholas,6235,nicholas-nickleby
Madeline Bray,Domestic,6243,nicholas-nickleby
Domestic,Madeline Bray,6243,nicholas-nickleby
Newman,Nicholas,6244,nicholas-nickleby
Newman,Newman Noggs,6244,nicholas-nickleby
Nicholas,Newman,6244,nicholas-nickleby
Nicholas,Newman Noggs,6244,nicholas-nickleby
Newman Noggs,Newman,6244,nicholas-nickleby
Newman Noggs,Nicholas,6244,nicholas-nickleby
Bray,Nicholas,6245,nicholas-nickleby
Nicholas,Bray,6245,nicholas-nickleby
Nicholas,Ralph Nickleby,6247,nicholas-nickleby
Ralph Nickleby,Nicholas,6247,nicholas-nickleby
Ralph Nickleby,Gride,6252,nicholas-nickleby
Ralph Nickleby,Bray,6252,nicholas-nickleby
Ralph Nickleby,Arthur Gride,6252,nicholas-nickleby
Gride,Ralph Nickleby,6252,nicholas-nickleby
Gride,Bray,6252,nicholas-nickleby
Gride,Arthur Gride,6252,nicholas-nickleby
Bray,Ralph Nickleby,6252,nicholas-nickleby
Bray,Gride,6252,nicholas-nickleby
Bray,Arthur Gride,6252,nicholas-nickleby
Arthur Gride,Ralph Nickleby,6252,nicholas-nickleby
Arthur Gride,Gride,6252,nicholas-nickleby
Arthur Gride,Bray,6252,nicholas-nickleby
Newman,Nick,6262,nicholas-nickleby
Newman,Hope,6262,nicholas-nickleby
Nick,Newman,6262,nicholas-nickleby
Nick,Hope,6262,nicholas-nickleby
Hope,Newman,6262,nicholas-nickleby
Hope,Nick,6262,nicholas-nickleby
Nicholas,Madeline Bray,6263,nicholas-nickleby
Madeline Bray,Nicholas,6263,nicholas-nickleby
Noggs,Ralph,6266,nicholas-nickleby
Ralph,Noggs,6266,nicholas-nickleby
Newman,Ralph Nickleby,6275,nicholas-nickleby
Newman,Gride,6275,nicholas-nickleby
Ralph Nickleby,Newman,6275,nicholas-nickleby
Ralph Nickleby,Gride,6275,nicholas-nickleby
Gride,Newman,6275,nicholas-nickleby
Gride,Ralph Nickleby,6275,nicholas-nickleby
Miss Morleena Kenwigs,Kenwigs,6278,nicholas-nickleby
Miss Morleena Kenwigs,Newman Noggs,6278,nicholas-nickleby
Miss Morleena Kenwigs,Kenwigs,6278,nicholas-nickleby
Miss Morleena Kenwigs,Newman Noggs,6278,nicholas-nickleby
Kenwigs,Miss Morleena Kenwigs,6278,nicholas-nickleby
Kenwigs,Miss Morleena Kenwigs,6278,nicholas-nickleby
Kenwigs,Newman Noggs,6278,nicholas-nickleby
Newman Noggs,Miss Morleena Kenwigs,6278,nicholas-nickleby
Newman Noggs,Miss Morleena Kenwigs,6278,nicholas-nickleby
Newman Noggs,Kenwigs,6278,nicholas-nickleby
Kenwigs,Morleena,6279,nicholas-nickleby
Kenwigs,Mr. Kenwigs,6279,nicholas-nickleby
Kenwigs,Miss Kenwigs,6279,nicholas-nickleby
Morleena,Kenwigs,6279,nicholas-nickleby
Morleena,Kenwigs,6279,nicholas-nickleby
Morleena,Mr. Kenwigs,6279,nicholas-nickleby
Morleena,Kenwigs,6279,nicholas-nickleby
Morleena,Miss Kenwigs,6279,nicholas-nickleby
Kenwigs,Morleena,6279,nicholas-nickleby
Kenwigs,Mr. Kenwigs,6279,nicholas-nickleby
Kenwigs,Miss Kenwigs,6279,nicholas-nickleby
Mr. Kenwigs,Kenwigs,6279,nicholas-nickleby
Mr. Kenwigs,Morleena,6279,nicholas-nickleby
Mr. Kenwigs,Kenwigs,6279,nicholas-nickleby
Mr. Kenwigs,Kenwigs,6279,nicholas-nickleby
Mr. Kenwigs,Miss Kenwigs,6279,nicholas-nickleby
Kenwigs,Morleena,6279,nicholas-nickleby
Kenwigs,Mr. Kenwigs,6279,nicholas-nickleby
Kenwigs,Miss Kenwigs,6279,nicholas-nickleby
Miss Kenwigs,Kenwigs,6279,nicholas-nickleby
Miss Kenwigs,Morleena,6279,nicholas-nickleby
Miss Kenwigs,Kenwigs,6279,nicholas-nickleby
Miss Kenwigs,Mr. Kenwigs,6279,nicholas-nickleby
Miss Kenwigs,Kenwigs,6279,nicholas-nickleby
Kenwigs,Laura Chopkins,6282,nicholas-nickleby
Laura Chopkins,Kenwigs,6282,nicholas-nickleby
Mrs Kenwigs,Morleena Kenwigs,6283,nicholas-nickleby
Morleena Kenwigs,Mrs Kenwigs,6283,nicholas-nickleby
Kenwigs,Morleena,6284,nicholas-nickleby
Morleena,Kenwigs,6284,nicholas-nickleby
Mr. Noggs,Kenwigs,6285,nicholas-nickleby
Kenwigs,Mr. Noggs,6285,nicholas-nickleby
Kenwigs,Mr. Noggs,6285,nicholas-nickleby
Mr. Noggs,Kenwigs,6285,nicholas-nickleby
Newman Noggs,Miss Kenwigs,6288,nicholas-nickleby
Newman Noggs,Miss Kenwigs,6288,nicholas-nickleby
Miss Kenwigs,Newman Noggs,6288,nicholas-nickleby
Miss Kenwigs,Newman Noggs,6288,nicholas-nickleby
Miss Kenwigs,Mr. Lillyvick,6297,nicholas-nickleby
Miss Kenwigs,Mr. Lillyvick,6297,nicholas-nickleby
Mr. Lillyvick,Miss Kenwigs,6297,nicholas-nickleby
Mr. Lillyvick,Miss Kenwigs,6297,nicholas-nickleby
Noggs,Mr. Lillyvick,6299,nicholas-nickleby
Mr. Lillyvick,Noggs,6299,nicholas-nickleby
Newman,Mr. Lillyvick,6302,nicholas-nickleby
Newman,Mr. Lillyvick,6302,nicholas-nickleby
Mr. Lillyvick,Newman,6302,nicholas-nickleby
Mr. Lillyvick,Newman,6302,nicholas-nickleby
Newman,Mr. Lillyvick,6302,nicholas-nickleby
Newman,Mr. Lillyvick,6302,nicholas-nickleby
Mr. Lillyvick,Newman,6302,nicholas-nickleby
Mr. Lillyvick,Newman,6302,nicholas-nickleby
Mr. Lillyvick,Morleena,6303,nicholas-nickleby
Morleena,Mr. Lillyvick,6303,nicholas-nickleby
Miss Morleena,Mr. Lillyvick,6314,nicholas-nickleby
Miss Morleena,Newman,6314,nicholas-nickleby
Mr. Lillyvick,Miss Morleena,6314,nicholas-nickleby
Mr. Lillyvick,Newman,6314,nicholas-nickleby
Newman,Miss Morleena,6314,nicholas-nickleby
Newman,Mr. Lillyvick,6314,nicholas-nickleby
Newman,Miss Morleena,6315,nicholas-nickleby
Newman,Lillyvick,6315,nicholas-nickleby
Newman,Miss Morleena,6315,nicholas-nickleby
Newman,Lillyvick,6315,nicholas-nickleby
Miss Morleena,Newman,6315,nicholas-nickleby
Miss Morleena,Newman,6315,nicholas-nickleby
Miss Morleena,Lillyvick,6315,nicholas-nickleby
Lillyvick,Newman,6315,nicholas-nickleby
Lillyvick,Newman,6315,nicholas-nickleby
Lillyvick,Miss Morleena,6315,nicholas-nickleby
Lillyvick,Miss Morleena,6323,nicholas-nickleby
Miss Morleena,Lillyvick,6323,nicholas-nickleby
Miss Morleena,Lillyvick,6323,nicholas-nickleby
Lillyvick,Miss Morleena,6323,nicholas-nickleby
Mr. Lillyvick,Miss Morleena,6324,nicholas-nickleby
Mr. Lillyvick,Mr. Kenwigs,6324,nicholas-nickleby
Mr. Lillyvick,Kenwigs,6324,nicholas-nickleby
Mr. Lillyvick,Miss Morleena,6324,nicholas-nickleby
Mr. Lillyvick,Mr.,6324,nicholas-nickleby
Mr. Lillyvick,Mrs Kenwigs,6324,nicholas-nickleby
Mr. Lillyvick,Mr. Kenwigs,6324,nicholas-nickleby
Miss Morleena,Mr. Lillyvick,6324,nicholas-nickleby
Miss Morleena,Mr. Kenwigs,6324,nicholas-nickleby
Miss Morleena,Kenwigs,6324,nicholas-nickleby
Miss Morleena,Mr.,6324,nicholas-nickleby
Miss Morleena,Mrs Kenwigs,6324,nicholas-nickleby
Miss Morleena,Mr. Kenwigs,6324,nicholas-nickleby
Mr. Kenwigs,Mr. Lillyvick,6324,nicholas-nickleby
Mr. Kenwigs,Miss Morleena,6324,nicholas-nickleby
Mr. Kenwigs,Kenwigs,6324,nicholas-nickleby
Mr. Kenwigs,Miss Morleena,6324,nicholas-nickleby
Mr. Kenwigs,Mr.,6324,nicholas-nickleby
Mr. Kenwigs,Mrs Kenwigs,6324,nicholas-nickleby
Kenwigs,Mr. Lillyvick,6324,nicholas-nickleby
Kenwigs,Miss Morleena,6324,nicholas-nickleby
Kenwigs,Mr. Kenwigs,6324,nicholas-nickleby
Kenwigs,Miss Morleena,6324,nicholas-nickleby
Kenwigs,Mr.,6324,nicholas-nickleby
Kenwigs,Mrs Kenwigs,6324,nicholas-nickleby
Kenwigs,Mr. Kenwigs,6324,nicholas-nickleby
Miss Morleena,Mr. Lillyvick,6324,nicholas-nickleby
Miss Morleena,Mr. Kenwigs,6324,nicholas-nickleby
Miss Morleena,Kenwigs,6324,nicholas-nickleby
Miss Morleena,Mr.,6324,nicholas-nickleby
Miss Morleena,Mrs Kenwigs,6324,nicholas-nickleby
Miss Morleena,Mr. Kenwigs,6324,nicholas-nickleby
Mr.,Mr. Lillyvick,6324,nicholas-nickleby
Mr.,Miss Morleena,6324,nicholas-nickleby
Mr.,Mr. Kenwigs,6324,nicholas-nickleby
Mr.,Kenwigs,6324,nicholas-nickleby
Mr.,Miss Morleena,6324,nicholas-nickleby
Mr.,Mrs Kenwigs,6324,nicholas-nickleby
Mr.,Mr. Kenwigs,6324,nicholas-nickleby
Mrs Kenwigs,Mr. Lillyvick,6324,nicholas-nickleby
Mrs Kenwigs,Miss Morleena,6324,nicholas-nickleby
Mrs Kenwigs,Mr. Kenwigs,6324,nicholas-nickleby
Mrs Kenwigs,Kenwigs,6324,nicholas-nickleby
Mrs Kenwigs,Miss Morleena,6324,nicholas-nickleby
Mrs Kenwigs,Mr.,6324,nicholas-nickleby
Mrs Kenwigs,Mr. Kenwigs,6324,nicholas-nickleby
Mr. Kenwigs,Mr. Lillyvick,6324,nicholas-nickleby
Mr. Kenwigs,Miss Morleena,6324,nicholas-nickleby
Mr. Kenwigs,Kenwigs,6324,nicholas-nickleby
Mr. Kenwigs,Miss Morleena,6324,nicholas-nickleby
Mr. Kenwigs,Mr.,6324,nicholas-nickleby
Mr. Kenwigs,Mrs Kenwigs,6324,nicholas-nickleby
Kenwigs,Mr. Lillyvick,6327,nicholas-nickleby
Mr. Lillyvick,Kenwigs,6327,nicholas-nickleby
Kenwigs,Mr. Kenwigs,6330,nicholas-nickleby
Mr. Kenwigs,Kenwigs,6330,nicholas-nickleby
Kenwigs,Lillyvick,6331,nicholas-nickleby
Kenwigs,Peter,6331,nicholas-nickleby
Kenwigs,Alexander,6331,nicholas-nickleby
Kenwigs,Lillyvick,6331,nicholas-nickleby
Lillyvick,Kenwigs,6331,nicholas-nickleby
Lillyvick,Peter,6331,nicholas-nickleby
Lillyvick,Alexander,6331,nicholas-nickleby
Peter,Kenwigs,6331,nicholas-nickleby
Peter,Lillyvick,6331,nicholas-nickleby
Peter,Alexander,6331,nicholas-nickleby
Peter,Lillyvick,6331,nicholas-nickleby
Alexander,Kenwigs,6331,nicholas-nickleby
Alexander,Lillyvick,6331,nicholas-nickleby
Alexander,Peter,6331,nicholas-nickleby
Alexander,Lillyvick,6331,nicholas-nickleby
Lillyvick,Kenwigs,6331,nicholas-nickleby
Lillyvick,Peter,6331,nicholas-nickleby
Lillyvick,Alexander,6331,nicholas-nickleby
Kenwigs,Morleena,6337,nicholas-nickleby
Morleena,Kenwigs,6337,nicholas-nickleby
Kenwigs,Mr. Kenwigs,6339,nicholas-nickleby
Kenwigs,Mr. Kenwigs,6339,nicholas-nickleby
Mr. Kenwigs,Kenwigs,6339,nicholas-nickleby
Mr. Kenwigs,Kenwigs,6339,nicholas-nickleby
Mr. Lillyvick,Mr. Kenwigs,6340,nicholas-nickleby
Mr. Lillyvick,Kenwigs,6340,nicholas-nickleby
Mr. Lillyvick,Lillyvick,6340,nicholas-nickleby
Mr. Kenwigs,Mr. Lillyvick,6340,nicholas-nickleby
Mr. Kenwigs,Kenwigs,6340,nicholas-nickleby
Mr. Kenwigs,Lillyvick,6340,nicholas-nickleby
Kenwigs,Mr. Lillyvick,6340,nicholas-nickleby
Kenwigs,Mr. Kenwigs,6340,nicholas-nickleby
Kenwigs,Lillyvick,6340,nicholas-nickleby
Lillyvick,Mr. Lillyvick,6340,nicholas-nickleby
Lillyvick,Mr. Kenwigs,6340,nicholas-nickleby
Lillyvick,Kenwigs,6340,nicholas-nickleby
Mr.,Kenwigs,6342,nicholas-nickleby
Kenwigs,Mr.,6342,nicholas-nickleby
Mr. Lillyvick,Henrietta Petowker,6343,nicholas-nickleby
Mr. Lillyvick,Henrietta Petowker,6343,nicholas-nickleby
Henrietta Petowker,Mr. Lillyvick,6343,nicholas-nickleby
Henrietta Petowker,Mr. Lillyvick,6343,nicholas-nickleby
Kenwigs,Mr. Kenwigs,6344,nicholas-nickleby
Kenwigs,Henrietta Petowker,6344,nicholas-nickleby
Kenwigs,Mr. Kenwigs,6344,nicholas-nickleby
Kenwigs,Mr. Kenwigs,6344,nicholas-nickleby
Kenwigs,Mr. Kenwigs,6344,nicholas-nickleby
Kenwigs,Henrietta,6344,nicholas-nickleby
Kenwigs,Mr.,6344,nicholas-nickleby
Mr. Kenwigs,Kenwigs,6344,nicholas-nickleby
Mr. Kenwigs,Kenwigs,6344,nicholas-nickleby
Mr. Kenwigs,Henrietta Petowker,6344,nicholas-nickleby
Mr. Kenwigs,Kenwigs,6344,nicholas-nickleby
Mr. Kenwigs,Kenwigs,6344,nicholas-nickleby
Mr. Kenwigs,Kenwigs,6344,nicholas-nickleby
Mr. Kenwigs,Henrietta,6344,nicholas-nickleby
Mr. Kenwigs,Mr.,6344,nicholas-nickleby
Kenwigs,Mr. Kenwigs,6344,nicholas-nickleby
Kenwigs,Henrietta Petowker,6344,nicholas-nickleby
Kenwigs,Mr. Kenwigs,6344,nicholas-nickleby
Kenwigs,Mr. Kenwigs,6344,nicholas-nickleby
Kenwigs,Mr. Kenwigs,6344,nicholas-nickleby
Kenwigs,Henrietta,6344,nicholas-nickleby
Kenwigs,Mr.,6344,nicholas-nickleby
Henrietta Petowker,Kenwigs,6344,nicholas-nickleby
Henrietta Petowker,Mr. Kenwigs,6344,nicholas-nickleby
Henrietta Petowker,Kenwigs,6344,nicholas-nickleby
Henrietta Petowker,Mr. Kenwigs,6344,nicholas-nickleby
Henrietta Petowker,Kenwigs,6344,nicholas-nickleby
Henrietta Petowker,Kenwigs,6344,nicholas-nickleby
Henrietta Petowker,Mr. Kenwigs,6344,nicholas-nickleby
Henrietta Petowker,Mr. Kenwigs,6344,nicholas-nickleby
Henrietta Petowker,Kenwigs,6344,nicholas-nickleby
Henrietta Petowker,Henrietta,6344,nicholas-nickleby
Henrietta Petowker,Mr.,6344,nicholas-nickleby
Mr. Kenwigs,Kenwigs,6344,nicholas-nickleby
Mr. Kenwigs,Kenwigs,6344,nicholas-nickleby
Mr. Kenwigs,Henrietta Petowker,6344,nicholas-nickleby
Mr. Kenwigs,Kenwigs,6344,nicholas-nickleby
Mr. Kenwigs,Kenwigs,6344,nicholas-nickleby
Mr. Kenwigs,Kenwigs,6344,nicholas-nickleby
Mr. Kenwigs,Henrietta,6344,nicholas-nickleby
Mr. Kenwigs,Mr.,6344,nicholas-nickleby
Kenwigs,Mr. Kenwigs,6344,nicholas-nickleby
Kenwigs,Henrietta Petowker,6344,nicholas-nickleby
Kenwigs,Mr. Kenwigs,6344,nicholas-nickleby
Kenwigs,Mr. Kenwigs,6344,nicholas-nickleby
Kenwigs,Mr. Kenwigs,6344,nicholas-nickleby
Kenwigs,Henrietta,6344,nicholas-nickleby
Kenwigs,Mr.,6344,nicholas-nickleby
Kenwigs,Mr. Kenwigs,6344,nicholas-nickleby
Kenwigs,Henrietta Petowker,6344,nicholas-nickleby
Kenwigs,Mr. Kenwigs,6344,nicholas-nickleby
Kenwigs,Mr. Kenwigs,6344,nicholas-nickleby
Kenwigs,Mr. Kenwigs,6344,nicholas-nickleby
Kenwigs,Henrietta,6344,nicholas-nickleby
Kenwigs,Mr.,6344,nicholas-nickleby
Mr. Kenwigs,Kenwigs,6344,nicholas-nickleby
Mr. Kenwigs,Kenwigs,6344,nicholas-nickleby
Mr. Kenwigs,Henrietta Petowker,6344,nicholas-nickleby
Mr. Kenwigs,Kenwigs,6344,nicholas-nickleby
Mr. Kenwigs,Kenwigs,6344,nicholas-nickleby
Mr. Kenwigs,Kenwigs,6344,nicholas-nickleby
Mr. Kenwigs,Henrietta,6344,nicholas-nickleby
Mr. Kenwigs,Mr.,6344,nicholas-nickleby
Mr. Kenwigs,Kenwigs,6344,nicholas-nickleby
Mr. Kenwigs,Kenwigs,6344,nicholas-nickleby
Mr. Kenwigs,Henrietta Petowker,6344,nicholas-nickleby
Mr. Kenwigs,Kenwigs,6344,nicholas-nickleby
Mr. Kenwigs,Kenwigs,6344,nicholas-nickleby
Mr. Kenwigs,Kenwigs,6344,nicholas-nickleby
Mr. Kenwigs,Henrietta,6344,nicholas-nickleby
Mr. Kenwigs,Mr.,6344,nicholas-nickleby
Kenwigs,Mr. Kenwigs,6344,nicholas-nickleby
Kenwigs,Henrietta Petowker,6344,nicholas-nickleby
Kenwigs,Mr. Kenwigs,6344,nicholas-nickleby
Kenwigs,Mr. Kenwigs,6344,nicholas-nickleby
Kenwigs,Mr. Kenwigs,6344,nicholas-nickleby
Kenwigs,Henrietta,6344,nicholas-nickleby
Kenwigs,Mr.,6344,nicholas-nickleby
Henrietta,Kenwigs,6344,nicholas-nickleby
Henrietta,Mr. Kenwigs,6344,nicholas-nickleby
Henrietta,Kenwigs,6344,nicholas-nickleby
Henrietta,Henrietta Petowker,6344,nicholas-nickleby
Henrietta,Mr. Kenwigs,6344,nicholas-nickleby
Henrietta,Kenwigs,6344,nicholas-nickleby
Henrietta,Kenwigs,6344,nicholas-nickleby
Henrietta,Mr. Kenwigs,6344,nicholas-nickleby
Henrietta,Mr. Kenwigs,6344,nicholas-nickleby
Henrietta,Kenwigs,6344,nicholas-nickleby
Henrietta,Mr.,6344,nicholas-nickleby
Mr.,Kenwigs,6344,nicholas-nickleby
Mr.,Mr. Kenwigs,6344,nicholas-nickleby
Mr.,Kenwigs,6344,nicholas-nickleby
Mr.,Henrietta Petowker,6344,nicholas-nickleby
Mr.,Mr. Kenwigs,6344,nicholas-nickleby
Mr.,Kenwigs,6344,nicholas-nickleby
Mr.,Kenwigs,6344,nicholas-nickleby
Mr.,Mr. Kenwigs,6344,nicholas-nickleby
Mr.,Mr. Kenwigs,6344,nicholas-nickleby
Mr.,Kenwigs,6344,nicholas-nickleby
Mr.,Henrietta,6344,nicholas-nickleby
Susan,Kenwigs,6345,nicholas-nickleby
Susan,Mr. Noggs,6345,nicholas-nickleby
Kenwigs,Susan,6345,nicholas-nickleby
Kenwigs,Mr. Noggs,6345,nicholas-nickleby
Mr. Noggs,Susan,6345,nicholas-nickleby
Mr. Noggs,Kenwigs,6345,nicholas-nickleby
Mr. Kenwigs,Kenwigs,6346,nicholas-nickleby
Mr. Kenwigs,Miss Morleena Kenwigs,6346,nicholas-nickleby
Mr. Kenwigs,Mr. Lillyvick,6346,nicholas-nickleby
Kenwigs,Mr. Kenwigs,6346,nicholas-nickleby
Kenwigs,Miss Morleena Kenwigs,6346,nicholas-nickleby
Kenwigs,Mr. Kenwigs,6346,nicholas-nickleby
Kenwigs,Mr. Lillyvick,6346,nicholas-nickleby
Miss Morleena Kenwigs,Mr. Kenwigs,6346,nicholas-nickleby
Miss Morleena Kenwigs,Kenwigs,6346,nicholas-nickleby
Miss Morleena Kenwigs,Mr. Kenwigs,6346,nicholas-nickleby
Miss Morleena Kenwigs,Mr. Lillyvick,6346,nicholas-nickleby
Mr. Kenwigs,Kenwigs,6346,nicholas-nickleby
Mr. Kenwigs,Miss Morleena Kenwigs,6346,nicholas-nickleby
Mr. Kenwigs,Mr. Lillyvick,6346,nicholas-nickleby
Mr. Lillyvick,Mr. Kenwigs,6346,nicholas-nickleby
Mr. Lillyvick,Kenwigs,6346,nicholas-nickleby
Mr. Lillyvick,Miss Morleena Kenwigs,6346,nicholas-nickleby
Mr. Lillyvick,Mr. Kenwigs,6346,nicholas-nickleby
Mr. Kenwigs,Kenwigs,6349,nicholas-nickleby
Mr. Kenwigs,Evins,6349,nicholas-nickleby
Kenwigs,Mr. Kenwigs,6349,nicholas-nickleby
Kenwigs,Evins,6349,nicholas-nickleby
Evins,Mr. Kenwigs,6349,nicholas-nickleby
Evins,Kenwigs,6349,nicholas-nickleby
Mr. Ralph Nickleby,Mr. Arthur Gride,6352,nicholas-nickleby
Mr. Arthur Gride,Mr. Ralph Nickleby,6352,nicholas-nickleby
Madeline Bray,Nicholas,6353,nicholas-nickleby
Nicholas,Madeline Bray,6353,nicholas-nickleby
Nicholas,Madeline,6355,nicholas-nickleby
Madeline,Nicholas,6355,nicholas-nickleby
Nicholas,Madeline Bray,6357,nicholas-nickleby
Madeline Bray,Nicholas,6357,nicholas-nickleby
Nicholas,Mr. Bray,6361,nicholas-nickleby
Mr. Bray,Nicholas,6361,nicholas-nickleby
Madeline,Nicholas,6364,nicholas-nickleby
Nicholas,Madeline,6364,nicholas-nickleby
Mr. Bray,Madeline,6367,nicholas-nickleby
Madeline,Mr. Bray,6367,nicholas-nickleby
Bray,Nicholas,6369,nicholas-nickleby
Nicholas,Bray,6369,nicholas-nickleby
Bray,Miss Madeline Bray,6377,nicholas-nickleby
Miss Madeline Bray,Bray,6377,nicholas-nickleby
Nicholas,God,6386,nicholas-nickleby
God,Nicholas,6386,nicholas-nickleby
Nicholas,Mr. Bray,6391,nicholas-nickleby
Mr. Bray,Nicholas,6391,nicholas-nickleby
Arthur Gride,Madeline,6396,nicholas-nickleby
Madeline,Arthur Gride,6396,nicholas-nickleby
Nicholas,Reflect,6397,nicholas-nickleby
Nicholas,Suffer,6397,nicholas-nickleby
Reflect,Nicholas,6397,nicholas-nickleby
Reflect,Suffer,6397,nicholas-nickleby
Suffer,Nicholas,6397,nicholas-nickleby
Suffer,Reflect,6397,nicholas-nickleby
Arthur Gride,Peg Sliderskew,6412,nicholas-nickleby
Arthur Gride,Arthur,6412,nicholas-nickleby
Peg Sliderskew,Arthur Gride,6412,nicholas-nickleby
Peg Sliderskew,Arthur,6412,nicholas-nickleby
Arthur,Arthur Gride,6412,nicholas-nickleby
Arthur,Peg Sliderskew,6412,nicholas-nickleby
Mr. Nickleby,Bray,6415,nicholas-nickleby
Bray,Mr. Nickleby,6415,nicholas-nickleby
Peg,Arthur,6417,nicholas-nickleby
Arthur,Peg,6417,nicholas-nickleby
Arthur,Peg,6417,nicholas-nickleby
Peg,Arthur,6417,nicholas-nickleby
Arthur,Peg,6419,nicholas-nickleby
Arthur,Peg,6419,nicholas-nickleby
Peg,Arthur,6419,nicholas-nickleby
Peg,Arthur,6419,nicholas-nickleby
Arthur,Peg,6421,nicholas-nickleby
Peg,Arthur,6421,nicholas-nickleby
Arthur,Peg,6433,nicholas-nickleby
Peg,Arthur,6433,nicholas-nickleby
Arthur,Peg Sliderskew,6434,nicholas-nickleby
Peg Sliderskew,Arthur,6434,nicholas-nickleby
Ralph Nickleby,Nicholas,6449,nicholas-nickleby
Ralph Nickleby,Madeline Bray,6449,nicholas-nickleby
Nicholas,Ralph Nickleby,6449,nicholas-nickleby
Nicholas,Madeline Bray,6449,nicholas-nickleby
Madeline Bray,Ralph Nickleby,6449,nicholas-nickleby
Madeline Bray,Nicholas,6449,nicholas-nickleby
Old,Arthur Gride,6454,nicholas-nickleby
Arthur Gride,Old,6454,nicholas-nickleby
Nicholas,Miss Bray,6455,nicholas-nickleby
Miss Bray,Nicholas,6455,nicholas-nickleby
Nicholas,Arthur Gride,6456,nicholas-nickleby
Nicholas,Ralph Nickleby,6456,nicholas-nickleby
Nicholas,Ralph,6456,nicholas-nickleby
Nicholas,Ralph,6456,nicholas-nickleby
Nicholas,Bray,6456,nicholas-nickleby
Nicholas,Bray,6456,nicholas-nickleby
Nicholas,Ralph,6456,nicholas-nickleby
Nicholas,Gride,6456,nicholas-nickleby
Nicholas,Arthur Gride,6456,nicholas-nickleby
Arthur Gride,Nicholas,6456,nicholas-nickleby
Arthur Gride,Ralph Nickleby,6456,nicholas-nickleby
Arthur Gride,Ralph,6456,nicholas-nickleby
Arthur Gride,Ralph,6456,nicholas-nickleby
Arthur Gride,Bray,6456,nicholas-nickleby
Arthur Gride,Bray,6456,nicholas-nickleby
Arthur Gride,Ralph,6456,nicholas-nickleby
Arthur Gride,Gride,6456,nicholas-nickleby
Ralph Nickleby,Nicholas,6456,nicholas-nickleby
Ralph Nickleby,Arthur Gride,6456,nicholas-nickleby
Ralph Nickleby,Ralph,6456,nicholas-nickleby
Ralph Nickleby,Ralph,6456,nicholas-nickleby
Ralph Nickleby,Bray,6456,nicholas-nickleby
Ralph Nickleby,Bray,6456,nicholas-nickleby
Ralph Nickleby,Ralph,6456,nicholas-nickleby
Ralph Nickleby,Gride,6456,nicholas-nickleby
Ralph Nickleby,Arthur Gride,6456,nicholas-nickleby
Ralph,Nicholas,6456,nicholas-nickleby
Ralph,Arthur Gride,6456,nicholas-nickleby
Ralph,Ralph Nickleby,6456,nicholas-nickleby
Ralph,Bray,6456,nicholas-nickleby
Ralph,Bray,6456,nicholas-nickleby
Ralph,Gride,6456,nicholas-nickleby
Ralph,Arthur Gride,6456,nicholas-nickleby
Ralph,Nicholas,6456,nicholas-nickleby
Ralph,Arthur Gride,6456,nicholas-nickleby
Ralph,Ralph Nickleby,6456,nicholas-nickleby
Ralph,Bray,6456,nicholas-nickleby
Ralph,Bray,6456,nicholas-nickleby
Ralph,Gride,6456,nicholas-nickleby
Ralph,Arthur Gride,6456,nicholas-nickleby
Bray,Nicholas,6456,nicholas-nickleby
Bray,Arthur Gride,6456,nicholas-nickleby
Bray,Ralph Nickleby,6456,nicholas-nickleby
Bray,Ralph,6456,nicholas-nickleby
Bray,Ralph,6456,nicholas-nickleby
Bray,Ralph,6456,nicholas-nickleby
Bray,Gride,6456,nicholas-nickleby
Bray,Arthur Gride,6456,nicholas-nickleby
Bray,Nicholas,6456,nicholas-nickleby
Bray,Arthur Gride,6456,nicholas-nickleby
Bray,Ralph Nickleby,6456,nicholas-nickleby
Bray,Ralph,6456,nicholas-nickleby
Bray,Ralph,6456,nicholas-nickleby
Bray,Ralph,6456,nicholas-nickleby
Bray,Gride,6456,nicholas-nickleby
Bray,Arthur Gride,6456,nicholas-nickleby
Ralph,Nicholas,6456,nicholas-nickleby
Ralph,Arthur Gride,6456,nicholas-nickleby
Ralph,Ralph Nickleby,6456,nicholas-nickleby
Ralph,Bray,6456,nicholas-nickleby
Ralph,Bray,6456,nicholas-nickleby
Ralph,Gride,6456,nicholas-nickleby
Ralph,Arthur Gride,6456,nicholas-nickleby
Gride,Nicholas,6456,nicholas-nickleby
Gride,Arthur Gride,6456,nicholas-nickleby
Gride,Ralph Nickleby,6456,nicholas-nickleby
Gride,Ralph,6456,nicholas-nickleby
Gride,Ralph,6456,nicholas-nickleby
Gride,Bray,6456,nicholas-nickleby
Gride,Bray,6456,nicholas-nickleby
Gride,Ralph,6456,nicholas-nickleby
Gride,Arthur Gride,6456,nicholas-nickleby
Arthur Gride,Nicholas,6456,nicholas-nickleby
Arthur Gride,Ralph Nickleby,6456,nicholas-nickleby
Arthur Gride,Ralph,6456,nicholas-nickleby
Arthur Gride,Ralph,6456,nicholas-nickleby
Arthur Gride,Bray,6456,nicholas-nickleby
Arthur Gride,Bray,6456,nicholas-nickleby
Arthur Gride,Ralph,6456,nicholas-nickleby
Arthur Gride,Gride,6456,nicholas-nickleby
Gride,Nicholas,6457,nicholas-nickleby
Nicholas,Gride,6457,nicholas-nickleby
Arthur Gride,Nicholas,6469,nicholas-nickleby
Nicholas,Arthur Gride,6469,nicholas-nickleby
Nicholas,Arthur Gride,6469,nicholas-nickleby
Arthur Gride,Nicholas,6469,nicholas-nickleby
Arthur Gride,Peg Sliderskew,6471,nicholas-nickleby
Peg Sliderskew,Arthur Gride,6471,nicholas-nickleby
Arthur,Peg,6473,nicholas-nickleby
Peg,Arthur,6473,nicholas-nickleby
Arthur,Gride,6479,nicholas-nickleby
Gride,Arthur,6479,nicholas-nickleby
Arthur,Mr. Nickleby,6482,nicholas-nickleby
Mr. Nickleby,Arthur,6482,nicholas-nickleby
Ralph,Arthur Gride,6483,nicholas-nickleby
Ralph,Arthur Gride,6483,nicholas-nickleby
Ralph,Ralph Nickleby,6483,nicholas-nickleby
Arthur Gride,Ralph,6483,nicholas-nickleby
Arthur Gride,Ralph Nickleby,6483,nicholas-nickleby
Arthur Gride,Ralph,6483,nicholas-nickleby
Arthur Gride,Ralph Nickleby,6483,nicholas-nickleby
Ralph Nickleby,Ralph,6483,nicholas-nickleby
Ralph Nickleby,Arthur Gride,6483,nicholas-nickleby
Ralph Nickleby,Arthur Gride,6483,nicholas-nickleby
Ralph Nickleby,Arthur Gride,6484,nicholas-nickleby
Ralph Nickleby,Told,6484,nicholas-nickleby
Ralph Nickleby,Nicholas,6484,nicholas-nickleby
Arthur Gride,Ralph Nickleby,6484,nicholas-nickleby
Arthur Gride,Ralph Nickleby,6484,nicholas-nickleby
Arthur Gride,Told,6484,nicholas-nickleby
Arthur Gride,Nicholas,6484,nicholas-nickleby
Ralph Nickleby,Arthur Gride,6484,nicholas-nickleby
Ralph Nickleby,Told,6484,nicholas-nickleby
Ralph Nickleby,Nicholas,6484,nicholas-nickleby
Told,Ralph Nickleby,6484,nicholas-nickleby
Told,Arthur Gride,6484,nicholas-nickleby
Told,Ralph Nickleby,6484,nicholas-nickleby
Told,Nicholas,6484,nicholas-nickleby
Nicholas,Ralph Nickleby,6484,nicholas-nickleby
Nicholas,Arthur Gride,6484,nicholas-nickleby
Nicholas,Ralph Nickleby,6484,nicholas-nickleby
Nicholas,Told,6484,nicholas-nickleby
Ralph,Philanthropy,6495,nicholas-nickleby
Philanthropy,Ralph,6495,nicholas-nickleby
Ralph,Bray,6512,nicholas-nickleby
Bray,Ralph,6512,nicholas-nickleby
Ralph Nickleby,Gride,6518,nicholas-nickleby
Gride,Ralph Nickleby,6518,nicholas-nickleby
Ralph,Bray,6522,nicholas-nickleby
Bray,Ralph,6522,nicholas-nickleby
Ralph Nickleby,Bray,6526,nicholas-nickleby
Bray,Ralph Nickleby,6526,nicholas-nickleby
Ralph,Mr. Bray,6527,nicholas-nickleby
Ralph,Miss Madeline,6527,nicholas-nickleby
Mr. Bray,Ralph,6527,nicholas-nickleby
Mr. Bray,Miss Madeline,6527,nicholas-nickleby
Miss Madeline,Ralph,6527,nicholas-nickleby
Miss Madeline,Mr. Bray,6527,nicholas-nickleby
Ralph,Mr. Bray,6534,nicholas-nickleby
Mr. Bray,Ralph,6534,nicholas-nickleby
Arthur,Ralph,6537,nicholas-nickleby
Arthur,Ralph,6537,nicholas-nickleby
Ralph,Arthur,6537,nicholas-nickleby
Ralph,Arthur,6537,nicholas-nickleby
Urge,Quick,6538,nicholas-nickleby
Quick,Urge,6538,nicholas-nickleby
Gride,Ralph,6539,nicholas-nickleby
Gride,Bray,6539,nicholas-nickleby
Gride,Nicholas,6539,nicholas-nickleby
Ralph,Gride,6539,nicholas-nickleby
Ralph,Bray,6539,nicholas-nickleby
Ralph,Nicholas,6539,nicholas-nickleby
Bray,Gride,6539,nicholas-nickleby
Bray,Ralph,6539,nicholas-nickleby
Bray,Nicholas,6539,nicholas-nickleby
Nicholas,Gride,6539,nicholas-nickleby
Nicholas,Ralph,6539,nicholas-nickleby
Nicholas,Bray,6539,nicholas-nickleby
Nicholas,Kate,6543,nicholas-nickleby
Kate,Nicholas,6543,nicholas-nickleby
Nicholas,Hard,6546,nicholas-nickleby
Hard,Nicholas,6546,nicholas-nickleby
Ralph,Retire,6547,nicholas-nickleby
Retire,Ralph,6547,nicholas-nickleby
Arthur Gride,Miss Madeline,6554,nicholas-nickleby
Miss Madeline,Arthur Gride,6554,nicholas-nickleby
Ralph,Gride,6555,nicholas-nickleby
Gride,Ralph,6555,nicholas-nickleby
Bray,Ralph,6557,nicholas-nickleby
Ralph,Bray,6557,nicholas-nickleby
Bray,Ralph,6559,nicholas-nickleby
Ralph,Bray,6559,nicholas-nickleby
Gride,Ralph,6561,nicholas-nickleby
Gride,Nicholas,6561,nicholas-nickleby
Ralph,Gride,6561,nicholas-nickleby
Ralph,Nicholas,6561,nicholas-nickleby
Nicholas,Gride,6561,nicholas-nickleby
Nicholas,Ralph,6561,nicholas-nickleby
Madeline,Stand,6568,nicholas-nickleby
Madeline,God,6568,nicholas-nickleby
Stand,Madeline,6568,nicholas-nickleby
Stand,God,6568,nicholas-nickleby
God,Madeline,6568,nicholas-nickleby
God,Stand,6568,nicholas-nickleby
Ralph,Madeline,6570,nicholas-nickleby
Madeline,Ralph,6570,nicholas-nickleby
Madeline,Ralph,6570,nicholas-nickleby
Ralph,Madeline,6570,nicholas-nickleby
Nicholas,Madeline,6571,nicholas-nickleby
Madeline,Nicholas,6571,nicholas-nickleby
Nicholas,Heaven,6574,nicholas-nickleby
Nicholas,Wretches,6574,nicholas-nickleby
Heaven,Nicholas,6574,nicholas-nickleby
Heaven,Wretches,6574,nicholas-nickleby
Wretches,Nicholas,6574,nicholas-nickleby
Wretches,Heaven,6574,nicholas-nickleby
Arthur,Gride,6587,nicholas-nickleby
Arthur,Nicholas,6587,nicholas-nickleby
Arthur,Madeline,6587,nicholas-nickleby
Gride,Arthur,6587,nicholas-nickleby
Gride,Nicholas,6587,nicholas-nickleby
Gride,Madeline,6587,nicholas-nickleby
Nicholas,Arthur,6587,nicholas-nickleby
Nicholas,Gride,6587,nicholas-nickleby
Nicholas,Madeline,6587,nicholas-nickleby
Madeline,Arthur,6587,nicholas-nickleby
Madeline,Gride,6587,nicholas-nickleby
Madeline,Nicholas,6587,nicholas-nickleby
Family Matters,Cares,6590,nicholas-nickleby
Family Matters,Hopes,6590,nicholas-nickleby
Family Matters,Sorrows,6590,nicholas-nickleby
Cares,Family Matters,6590,nicholas-nickleby
Cares,Hopes,6590,nicholas-nickleby
Cares,Sorrows,6590,nicholas-nickleby
Hopes,Family Matters,6590,nicholas-nickleby
Hopes,Cares,6590,nicholas-nickleby
Hopes,Sorrows,6590,nicholas-nickleby
Sorrows,Family Matters,6590,nicholas-nickleby
Sorrows,Cares,6590,nicholas-nickleby
Sorrows,Hopes,6590,nicholas-nickleby
Nickleby,Madeline Bray,6591,nicholas-nickleby
Nickleby,Nicholas,6591,nicholas-nickleby
Madeline Bray,Nickleby,6591,nicholas-nickleby
Madeline Bray,Nicholas,6591,nicholas-nickleby
Nicholas,Nickleby,6591,nicholas-nickleby
Nicholas,Madeline Bray,6591,nicholas-nickleby
Mr. Cheerybles,Nicholas,6592,nicholas-nickleby
Nicholas,Mr. Cheerybles,6592,nicholas-nickleby
Nicholas,Jane Dibabs,6596,nicholas-nickleby
Nicholas,Jane Dibabs,6596,nicholas-nickleby
Nicholas,Jane Dibabs,6596,nicholas-nickleby
Jane Dibabs,Nicholas,6596,nicholas-nickleby
Jane Dibabs,Nicholas,6596,nicholas-nickleby
Jane Dibabs,Nicholas,6596,nicholas-nickleby
Nickleby,Nicholas,6599,nicholas-nickleby
Nicholas,Nickleby,6599,nicholas-nickleby
Nickleby,Mr. Charles Cheeryble,6600,nicholas-nickleby
Mr. Charles Cheeryble,Nickleby,6600,nicholas-nickleby
Nicholas,Mr. Nickleby,6609,nicholas-nickleby
Mr. Nickleby,Nicholas,6609,nicholas-nickleby
Mr. Nickleby,Nicholas,6609,nicholas-nickleby
Nicholas,Mr. Nickleby,6609,nicholas-nickleby
Nicholas,Mr. Frank Cheeryble,6613,nicholas-nickleby
Nicholas,Madeline,6613,nicholas-nickleby
Nicholas,Nickleby,6613,nicholas-nickleby
Nicholas,Mr. Frank,6613,nicholas-nickleby
Nicholas,Mr. Frank,6613,nicholas-nickleby
Nicholas,Extensive,6613,nicholas-nickleby
Nicholas,Nickleby,6613,nicholas-nickleby
Nicholas,Kate,6613,nicholas-nickleby
Nicholas,Nay,6613,nicholas-nickleby
Nicholas,Horatio Peltirogus,6613,nicholas-nickleby
Mr. Frank Cheeryble,Nicholas,6613,nicholas-nickleby
Mr. Frank Cheeryble,Madeline,6613,nicholas-nickleby
Mr. Frank Cheeryble,Nickleby,6613,nicholas-nickleby
Mr. Frank Cheeryble,Mr. Frank,6613,nicholas-nickleby
Mr. Frank Cheeryble,Mr. Frank,6613,nicholas-nickleby
Mr. Frank Cheeryble,Extensive,6613,nicholas-nickleby
Mr. Frank Cheeryble,Nickleby,6613,nicholas-nickleby
Mr. Frank Cheeryble,Nicholas,6613,nicholas-nickleby
Mr. Frank Cheeryble,Kate,6613,nicholas-nickleby
Mr. Frank Cheeryble,Nay,6613,nicholas-nickleby
Mr. Frank Cheeryble,Horatio Peltirogus,6613,nicholas-nickleby
Madeline,Nicholas,6613,nicholas-nickleby
Madeline,Mr. Frank Cheeryble,6613,nicholas-nickleby
Madeline,Nickleby,6613,nicholas-nickleby
Madeline,Mr. Frank,6613,nicholas-nickleby
Madeline,Mr. Frank,6613,nicholas-nickleby
Madeline,Extensive,6613,nicholas-nickleby
Madeline,Nickleby,6613,nicholas-nickleby
Madeline,Nicholas,6613,nicholas-nickleby
Madeline,Kate,6613,nicholas-nickleby
Madeline,Nay,6613,nicholas-nickleby
Madeline,Horatio Peltirogus,6613,nicholas-nickleby
Nickleby,Nicholas,6613,nicholas-nickleby
Nickleby,Mr. Frank Cheeryble,6613,nicholas-nickleby
Nickleby,Madeline,6613,nicholas-nickleby
Nickleby,Mr. Frank,6613,nicholas-nickleby
Nickleby,Mr. Frank,6613,nicholas-nickleby
Nickleby,Extensive,6613,nicholas-nickleby
Nickleby,Nicholas,6613,nicholas-nickleby
Nickleby,Kate,6613,nicholas-nickleby
Nickleby,Nay,6613,nicholas-nickleby
Nickleby,Horatio Peltirogus,6613,nicholas-nickleby
Mr. Frank,Nicholas,6613,nicholas-nickleby
Mr. Frank,Mr. Frank Cheeryble,6613,nicholas-nickleby
Mr. Frank,Madeline,6613,nicholas-nickleby
Mr. Frank,Nickleby,6613,nicholas-nickleby
Mr. Frank,Extensive,6613,nicholas-nickleby
Mr. Frank,Nickleby,6613,nicholas-nickleby
Mr. Frank,Nicholas,6613,nicholas-nickleby
Mr. Frank,Kate,6613,nicholas-nickleby
Mr. Frank,Nay,6613,nicholas-nickleby
Mr. Frank,Horatio Peltirogus,6613,nicholas-nickleby
Mr. Frank,Nicholas,6613,nicholas-nickleby
Mr. Frank,Mr. Frank Cheeryble,6613,nicholas-nickleby
Mr. Frank,Madeline,6613,nicholas-nickleby
Mr. Frank,Nickleby,6613,nicholas-nickleby
Mr. Frank,Extensive,6613,nicholas-nickleby
Mr. Frank,Nickleby,6613,nicholas-nickleby
Mr. Frank,Nicholas,6613,nicholas-nickleby
Mr. Frank,Kate,6613,nicholas-nickleby
Mr. Frank,Nay,6613,nicholas-nickleby
Mr. Frank,Horatio Peltirogus,6613,nicholas-nickleby
Extensive,Nicholas,6613,nicholas-nickleby
Extensive,Mr. Frank Cheeryble,6613,nicholas-nickleby
Extensive,Madeline,6613,nicholas-nickleby
Extensive,Nickleby,6613,nicholas-nickleby
Extensive,Mr. Frank,6613,nicholas-nickleby
Extensive,Mr. Frank,6613,nicholas-nickleby
Extensive,Nickleby,6613,nicholas-nickleby
Extensive,Nicholas,6613,nicholas-nickleby
Extensive,Kate,6613,nicholas-nickleby
Extensive,Nay,6613,nicholas-nickleby
Extensive,Horatio Peltirogus,6613,nicholas-nickleby
Nickleby,Nicholas,6613,nicholas-nickleby
Nickleby,Mr. Frank Cheeryble,6613,nicholas-nickleby
Nickleby,Madeline,6613,nicholas-nickleby
Nickleby,Mr. Frank,6613,nicholas-nickleby
Nickleby,Mr. Frank,6613,nicholas-nickleby
Nickleby,Extensive,6613,nicholas-nickleby
Nickleby,Nicholas,6613,nicholas-nickleby
Nickleby,Kate,6613,nicholas-nickleby
Nickleby,Nay,6613,nicholas-nickleby
Nickleby,Horatio Peltirogus,6613,nicholas-nickleby
Nicholas,Mr. Frank Cheeryble,6613,nicholas-nickleby
Nicholas,Madeline,6613,nicholas-nickleby
Nicholas,Nickleby,6613,nicholas-nickleby
Nicholas,Mr. Frank,6613,nicholas-nickleby
Nicholas,Mr. Frank,6613,nicholas-nickleby
Nicholas,Extensive,6613,nicholas-nickleby
Nicholas,Nickleby,6613,nicholas-nickleby
Nicholas,Kate,6613,nicholas-nickleby
Nicholas,Nay,6613,nicholas-nickleby
Nicholas,Horatio Peltirogus,6613,nicholas-nickleby
Kate,Nicholas,6613,nicholas-nickleby
Kate,Mr. Frank Cheeryble,6613,nicholas-nickleby
Kate,Madeline,6613,nicholas-nickleby
Kate,Nickleby,6613,nicholas-nickleby
Kate,Mr. Frank,6613,nicholas-nickleby
Kate,Mr. Frank,6613,nicholas-nickleby
Kate,Extensive,6613,nicholas-nickleby
Kate,Nickleby,6613,nicholas-nickleby
Kate,Nicholas,6613,nicholas-nickleby
Kate,Nay,6613,nicholas-nickleby
Kate,Horatio Peltirogus,6613,nicholas-nickleby
Nay,Nicholas,6613,nicholas-nickleby
Nay,Mr. Frank Cheeryble,6613,nicholas-nickleby
Nay,Madeline,6613,nicholas-nickleby
Nay,Nickleby,6613,nicholas-nickleby
Nay,Mr. Frank,6613,nicholas-nickleby
Nay,Mr. Frank,6613,nicholas-nickleby
Nay,Extensive,6613,nicholas-nickleby
Nay,Nickleby,6613,nicholas-nickleby
Nay,Nicholas,6613,nicholas-nickleby
Nay,Kate,6613,nicholas-nickleby
Nay,Horatio Peltirogus,6613,nicholas-nickleby
Horatio Peltirogus,Nicholas,6613,nicholas-nickleby
Horatio Peltirogus,Mr. Frank Cheeryble,6613,nicholas-nickleby
Horatio Peltirogus,Madeline,6613,nicholas-nickleby
Horatio Peltirogus,Nickleby,6613,nicholas-nickleby
Horatio Peltirogus,Mr. Frank,6613,nicholas-nickleby
Horatio Peltirogus,Mr. Frank,6613,nicholas-nickleby
Horatio Peltirogus,Extensive,6613,nicholas-nickleby
Horatio Peltirogus,Nickleby,6613,nicholas-nickleby
Horatio Peltirogus,Nicholas,6613,nicholas-nickleby
Horatio Peltirogus,Kate,6613,nicholas-nickleby
Horatio Peltirogus,Nay,6613,nicholas-nickleby
Nickleby,Mr. Frank Cheeryble,6614,nicholas-nickleby
Mr. Frank Cheeryble,Nickleby,6614,nicholas-nickleby
Nicholas,Mr. Smike,6631,nicholas-nickleby
Mr. Smike,Nicholas,6631,nicholas-nickleby
Mr. Smike,Nicholas,6631,nicholas-nickleby
Nicholas,Mr. Smike,6631,nicholas-nickleby
Nicholas,Frank Cheeryble,6639,nicholas-nickleby
Frank Cheeryble,Nicholas,6639,nicholas-nickleby
Poor,Frank,6648,nicholas-nickleby
Frank,Poor,6648,nicholas-nickleby
Nicholas,Mr. Frank,6650,nicholas-nickleby
Mr. Frank,Nicholas,6650,nicholas-nickleby
Smike,Nicholas,6651,nicholas-nickleby
Smike,Nicholas,6651,nicholas-nickleby
Nicholas,Smike,6651,nicholas-nickleby
Nicholas,Smike,6651,nicholas-nickleby
Nicholas,Charles,6652,nicholas-nickleby
Charles,Nicholas,6652,nicholas-nickleby
Tim,Ned,6653,nicholas-nickleby
Tim,Mr. Nickleby,6653,nicholas-nickleby
Tim,Mr. Nickleby,6653,nicholas-nickleby
Tim,Ned,6653,nicholas-nickleby
Tim,Ned,6653,nicholas-nickleby
Tim,Ned,6653,nicholas-nickleby
Tim,Mr. Nickleby,6653,nicholas-nickleby
Tim,Mr. Nickleby,6653,nicholas-nickleby
Tim,Ned,6653,nicholas-nickleby
Tim,Ned,6653,nicholas-nickleby
Ned,Tim,6653,nicholas-nickleby
Ned,Tim,6653,nicholas-nickleby
Ned,Mr. Nickleby,6653,nicholas-nickleby
Ned,Mr. Nickleby,6653,nicholas-nickleby
Mr. Nickleby,Tim,6653,nicholas-nickleby
Mr. Nickleby,Tim,6653,nicholas-nickleby
Mr. Nickleby,Ned,6653,nicholas-nickleby
Mr. Nickleby,Ned,6653,nicholas-nickleby
Mr. Nickleby,Ned,6653,nicholas-nickleby
Mr. Nickleby,Tim,6653,nicholas-nickleby
Mr. Nickleby,Tim,6653,nicholas-nickleby
Mr. Nickleby,Ned,6653,nicholas-nickleby
Mr. Nickleby,Ned,6653,nicholas-nickleby
Mr. Nickleby,Ned,6653,nicholas-nickleby
Ned,Tim,6653,nicholas-nickleby
Ned,Tim,6653,nicholas-nickleby
Ned,Mr. Nickleby,6653,nicholas-nickleby
Ned,Mr. Nickleby,6653,nicholas-nickleby
Ned,Tim,6653,nicholas-nickleby
Ned,Tim,6653,nicholas-nickleby
Ned,Mr. Nickleby,6653,nicholas-nickleby
Ned,Mr. Nickleby,6653,nicholas-nickleby
Tim Linkinwater,Nicholas,6654,nicholas-nickleby
Nicholas,Tim Linkinwater,6654,nicholas-nickleby
Ralph Nickleby,Arthur Gride,6665,nicholas-nickleby
Arthur Gride,Ralph Nickleby,6665,nicholas-nickleby
Ralph,Nicholas,6666,nicholas-nickleby
Nicholas,Ralph,6666,nicholas-nickleby
Ralph Nickleby,Gride,6673,nicholas-nickleby
Gride,Ralph Nickleby,6673,nicholas-nickleby
Ralph,Arthur Gride,6680,nicholas-nickleby
Ralph,Arthur,6680,nicholas-nickleby
Arthur Gride,Ralph,6680,nicholas-nickleby
Arthur Gride,Arthur,6680,nicholas-nickleby
Arthur,Ralph,6680,nicholas-nickleby
Arthur,Arthur Gride,6680,nicholas-nickleby
Gride,Arthur,6688,nicholas-nickleby
Gride,Mr. Ralph Nickleby,6688,nicholas-nickleby
Arthur,Gride,6688,nicholas-nickleby
Arthur,Mr. Ralph Nickleby,6688,nicholas-nickleby
Mr. Ralph Nickleby,Gride,6688,nicholas-nickleby
Mr. Ralph Nickleby,Arthur,6688,nicholas-nickleby
Arthur,Ralph,6689,nicholas-nickleby
Ralph,Arthur,6689,nicholas-nickleby
Ralph,Gride,6706,nicholas-nickleby
Gride,Ralph,6706,nicholas-nickleby
Gride,Hush,6713,nicholas-nickleby
Hush,Gride,6713,nicholas-nickleby
Mr. Squeers,Saracen,6721,nicholas-nickleby
Mr. Squeers,Newman,6721,nicholas-nickleby
Saracen,Mr. Squeers,6721,nicholas-nickleby
Saracen,Newman,6721,nicholas-nickleby
Saracen,Mr. Squeers,6721,nicholas-nickleby
Newman,Mr. Squeers,6721,nicholas-nickleby
Newman,Saracen,6721,nicholas-nickleby
Newman,Mr. Squeers,6721,nicholas-nickleby
Mr. Squeers,Saracen,6721,nicholas-nickleby
Mr. Squeers,Newman,6721,nicholas-nickleby
Ralph,Newman,6736,nicholas-nickleby
Newman,Ralph,6736,nicholas-nickleby
Ralph,Mr. Squeers,6740,nicholas-nickleby
Mr. Squeers,Ralph,6740,nicholas-nickleby
Squeers,Ralph,6744,nicholas-nickleby
Ralph,Squeers,6744,nicholas-nickleby
Ralph,Snawley,6752,nicholas-nickleby
Snawley,Ralph,6752,nicholas-nickleby
Ralph,Snawley HAD,6754,nicholas-nickleby
Ralph,Snawley,6754,nicholas-nickleby
Ralph,Snawley,6754,nicholas-nickleby
Snawley HAD,Ralph,6754,nicholas-nickleby
Snawley HAD,Snawley,6754,nicholas-nickleby
Snawley HAD,Snawley,6754,nicholas-nickleby
Snawley,Ralph,6754,nicholas-nickleby
Snawley,Snawley HAD,6754,nicholas-nickleby
Snawley,Ralph,6754,nicholas-nickleby
Snawley,Snawley HAD,6754,nicholas-nickleby
Ralph,Snawley,6756,nicholas-nickleby
Snawley,Ralph,6756,nicholas-nickleby
Ralph,Squeers,6758,nicholas-nickleby
Squeers,Ralph,6758,nicholas-nickleby
Ralph,Which,6764,nicholas-nickleby
Which,Ralph,6764,nicholas-nickleby
Mr. Squeers,Ralph,6765,nicholas-nickleby
Ralph,Mr. Squeers,6765,nicholas-nickleby
Ralph,Nicholas,6767,nicholas-nickleby
Nicholas,Ralph,6767,nicholas-nickleby
Mr. Squeers,Ralph,6769,nicholas-nickleby
Ralph,Mr. Squeers,6769,nicholas-nickleby
Mr.,Ralph,6771,nicholas-nickleby
Ralph,Mr.,6771,nicholas-nickleby
Mr.,Ralph,6774,nicholas-nickleby
Ralph,Mr.,6774,nicholas-nickleby
Gride,Mr. Squeers,6775,nicholas-nickleby
Gride,Mrs Sliderskew,6775,nicholas-nickleby
Gride,Ralph,6775,nicholas-nickleby
Gride,Ralph,6775,nicholas-nickleby
Gride,Nicholas,6775,nicholas-nickleby
Gride,Ralph,6775,nicholas-nickleby
Mr. Squeers,Gride,6775,nicholas-nickleby
Mr. Squeers,Mrs Sliderskew,6775,nicholas-nickleby
Mr. Squeers,Ralph,6775,nicholas-nickleby
Mr. Squeers,Ralph,6775,nicholas-nickleby
Mr. Squeers,Nicholas,6775,nicholas-nickleby
Mr. Squeers,Ralph,6775,nicholas-nickleby
Mrs Sliderskew,Gride,6775,nicholas-nickleby
Mrs Sliderskew,Mr. Squeers,6775,nicholas-nickleby
Mrs Sliderskew,Ralph,6775,nicholas-nickleby
Mrs Sliderskew,Ralph,6775,nicholas-nickleby
Mrs Sliderskew,Nicholas,6775,nicholas-nickleby
Mrs Sliderskew,Ralph,6775,nicholas-nickleby
Ralph,Gride,6775,nicholas-nickleby
Ralph,Mr. Squeers,6775,nicholas-nickleby
Ralph,Mrs Sliderskew,6775,nicholas-nickleby
Ralph,Nicholas,6775,nicholas-nickleby
Ralph,Gride,6775,nicholas-nickleby
Ralph,Mr. Squeers,6775,nicholas-nickleby
Ralph,Mrs Sliderskew,6775,nicholas-nickleby
Ralph,Nicholas,6775,nicholas-nickleby
Nicholas,Gride,6775,nicholas-nickleby
Nicholas,Mr. Squeers,6775,nicholas-nickleby
Nicholas,Mrs Sliderskew,6775,nicholas-nickleby
Nicholas,Ralph,6775,nicholas-nickleby
Nicholas,Ralph,6775,nicholas-nickleby
Nicholas,Ralph,6775,nicholas-nickleby
Ralph,Gride,6775,nicholas-nickleby
Ralph,Mr. Squeers,6775,nicholas-nickleby
Ralph,Mrs Sliderskew,6775,nicholas-nickleby
Ralph,Nicholas,6775,nicholas-nickleby
Mr. Squeers,Mr. Nickleby,6776,nicholas-nickleby
Mr. Nickleby,Mr. Squeers,6776,nicholas-nickleby
Mr.,Squeers,6789,nicholas-nickleby
Mr.,Mr. Squeers,6789,nicholas-nickleby
Squeers,Mr.,6789,nicholas-nickleby
Squeers,Mr. Squeers,6789,nicholas-nickleby
Mr. Squeers,Mr.,6789,nicholas-nickleby
Mr. Squeers,Squeers,6789,nicholas-nickleby
Mr. Squeers,Dotheboys Hall,6790,nicholas-nickleby
Dotheboys Hall,Mr. Squeers,6790,nicholas-nickleby
Mr. Squeers,Nickleby,6792,nicholas-nickleby
Nickleby,Mr. Squeers,6792,nicholas-nickleby
Mr. Squeers,Young Sprouter,6794,nicholas-nickleby
Mr. Squeers,Cobbey,6794,nicholas-nickleby
Mr. Squeers,Pitcher,6794,nicholas-nickleby
Mr. Squeers,Palmer,6794,nicholas-nickleby
Young Sprouter,Mr. Squeers,6794,nicholas-nickleby
Young Sprouter,Cobbey,6794,nicholas-nickleby
Young Sprouter,Pitcher,6794,nicholas-nickleby
Young Sprouter,Palmer,6794,nicholas-nickleby
Cobbey,Mr. Squeers,6794,nicholas-nickleby
Cobbey,Young Sprouter,6794,nicholas-nickleby
Cobbey,Pitcher,6794,nicholas-nickleby
Cobbey,Palmer,6794,nicholas-nickleby
Pitcher,Mr. Squeers,6794,nicholas-nickleby
Pitcher,Young Sprouter,6794,nicholas-nickleby
Pitcher,Cobbey,6794,nicholas-nickleby
Pitcher,Palmer,6794,nicholas-nickleby
Palmer,Mr. Squeers,6794,nicholas-nickleby
Palmer,Young Sprouter,6794,nicholas-nickleby
Palmer,Cobbey,6794,nicholas-nickleby
Palmer,Pitcher,6794,nicholas-nickleby
Mr.,Squeers,6795,nicholas-nickleby
Squeers,Mr.,6795,nicholas-nickleby
Mr. Squeers,Philosophy,6820,nicholas-nickleby
Philosophy,Mr. Squeers,6820,nicholas-nickleby
Philosophy,Mr. Squeers,6820,nicholas-nickleby
Mr. Squeers,Philosophy,6820,nicholas-nickleby
Mr. Squeers,Peg,6821,nicholas-nickleby
Peg,Mr. Squeers,6821,nicholas-nickleby
Mr.,Ralph Nickleby,6829,nicholas-nickleby
Ralph Nickleby,Mr.,6829,nicholas-nickleby
Mr.,Arthur Gride,6835,nicholas-nickleby
Arthur Gride,Mr.,6835,nicholas-nickleby
Peg,Mr. Squeers,6846,nicholas-nickleby
Mr. Squeers,Peg,6846,nicholas-nickleby
Squeers,Always,6852,nicholas-nickleby
Always,Squeers,6852,nicholas-nickleby
Frank Cheeryble,Newman,6857,nicholas-nickleby
Frank Cheeryble,Mr. Squeers,6857,nicholas-nickleby
Frank Cheeryble,Frank,6857,nicholas-nickleby
Newman,Frank Cheeryble,6857,nicholas-nickleby
Newman,Mr. Squeers,6857,nicholas-nickleby
Newman,Frank,6857,nicholas-nickleby
Mr. Squeers,Frank Cheeryble,6857,nicholas-nickleby
Mr. Squeers,Newman,6857,nicholas-nickleby
Mr. Squeers,Frank,6857,nicholas-nickleby
Frank,Frank Cheeryble,6857,nicholas-nickleby
Frank,Newman,6857,nicholas-nickleby
Frank,Mr. Squeers,6857,nicholas-nickleby
Squeers,Peg,6862,nicholas-nickleby
Peg,Squeers,6862,nicholas-nickleby
Squeers,Take,6863,nicholas-nickleby
Squeers,God,6863,nicholas-nickleby
Take,Squeers,6863,nicholas-nickleby
Take,God,6863,nicholas-nickleby
God,Squeers,6863,nicholas-nickleby
God,Take,6863,nicholas-nickleby
Squeers,Take,6865,nicholas-nickleby
Take,Squeers,6865,nicholas-nickleby
Squeers,Lease,6869,nicholas-nickleby
Squeers,Madeline Bray,6869,nicholas-nickleby
Squeers,Madeline,6869,nicholas-nickleby
Lease,Squeers,6869,nicholas-nickleby
Lease,Madeline Bray,6869,nicholas-nickleby
Lease,Madeline,6869,nicholas-nickleby
Madeline Bray,Squeers,6869,nicholas-nickleby
Madeline Bray,Lease,6869,nicholas-nickleby
Madeline Bray,Madeline,6869,nicholas-nickleby
Madeline,Squeers,6869,nicholas-nickleby
Madeline,Lease,6869,nicholas-nickleby
Madeline,Madeline Bray,6869,nicholas-nickleby
Squeers,Hurrah,6871,nicholas-nickleby
Hurrah,Squeers,6871,nicholas-nickleby
Peg,Newman,6872,nicholas-nickleby
Peg,Mr. Squeers,6872,nicholas-nickleby
Newman,Peg,6872,nicholas-nickleby
Newman,Mr. Squeers,6872,nicholas-nickleby
Mr. Squeers,Peg,6872,nicholas-nickleby
Mr. Squeers,Newman,6872,nicholas-nickleby
Smike,Nicholas,6879,nicholas-nickleby
Smike,Nicholas,6879,nicholas-nickleby
Nicholas,Smike,6879,nicholas-nickleby
Nicholas,Smike,6879,nicholas-nickleby
Nicholas,Kate,6881,nicholas-nickleby
Kate,Nicholas,6881,nicholas-nickleby
Nicholas,Smike,6882,nicholas-nickleby
Smike,Nicholas,6882,nicholas-nickleby
Nicholas,Nature,6902,nicholas-nickleby
Nature,Nicholas,6902,nicholas-nickleby
Doubts,Dangers,6925,nicholas-nickleby
Dangers,Doubts,6925,nicholas-nickleby
Noggs,Better,6932,nicholas-nickleby
Better,Noggs,6932,nicholas-nickleby
Ralph,Newman,6942,nicholas-nickleby
Ralph,Mr. Charles Cheeryble,6942,nicholas-nickleby
Newman,Ralph,6942,nicholas-nickleby
Newman,Mr. Charles Cheeryble,6942,nicholas-nickleby
Mr. Charles Cheeryble,Ralph,6942,nicholas-nickleby
Mr. Charles Cheeryble,Newman,6942,nicholas-nickleby
Nickleby,Charles,6951,nicholas-nickleby
Charles,Nickleby,6951,nicholas-nickleby
Heaven,Charles,6957,nicholas-nickleby
Heaven,Pray,6957,nicholas-nickleby
Charles,Heaven,6957,nicholas-nickleby
Charles,Pray,6957,nicholas-nickleby
Pray,Heaven,6957,nicholas-nickleby
Pray,Charles,6957,nicholas-nickleby
Mr. Nickleby,Tim Linkinwater,6959,nicholas-nickleby
Tim Linkinwater,Mr. Nickleby,6959,nicholas-nickleby
Charles,Ralph Nickleby,6960,nicholas-nickleby
Charles,Ralph,6960,nicholas-nickleby
Ralph Nickleby,Charles,6960,nicholas-nickleby
Ralph Nickleby,Ralph,6960,nicholas-nickleby
Ralph,Charles,6960,nicholas-nickleby
Ralph,Ralph Nickleby,6960,nicholas-nickleby
Ralph,Snawley,6962,nicholas-nickleby
Snawley,Ralph,6962,nicholas-nickleby
Snawley,Ralph,6962,nicholas-nickleby
Ralph,Snawley,6962,nicholas-nickleby
Squeers,Ralph,6980,nicholas-nickleby
Ralph,Squeers,6980,nicholas-nickleby
Peg Sliderskew,Mr. Squeers,6984,nicholas-nickleby
Peg Sliderskew,Gride,6984,nicholas-nickleby
Mr. Squeers,Peg Sliderskew,6984,nicholas-nickleby
Mr. Squeers,Gride,6984,nicholas-nickleby
Gride,Peg Sliderskew,6984,nicholas-nickleby
Gride,Mr. Squeers,6984,nicholas-nickleby
Nobody,Ralph,6985,nicholas-nickleby
Ralph,Nobody,6985,nicholas-nickleby
Gride,Ralph,6993,nicholas-nickleby
Ralph,Gride,6993,nicholas-nickleby
Gride,Cheeryble,6995,nicholas-nickleby
Gride,Tim Linkinwater,6995,nicholas-nickleby
Cheeryble,Gride,6995,nicholas-nickleby
Cheeryble,Tim Linkinwater,6995,nicholas-nickleby
Tim Linkinwater,Gride,6995,nicholas-nickleby
Tim Linkinwater,Cheeryble,6995,nicholas-nickleby
Nickleby,Ralph,6996,nicholas-nickleby
Ralph,Nickleby,6996,nicholas-nickleby
Tim,Mr. Charles,7001,nicholas-nickleby
Tim,Mr. Ned,7001,nicholas-nickleby
Mr. Charles,Tim,7001,nicholas-nickleby
Mr. Charles,Mr. Ned,7001,nicholas-nickleby
Mr. Ned,Tim,7001,nicholas-nickleby
Mr. Ned,Mr. Charles,7001,nicholas-nickleby
Tim,Ralph,7002,nicholas-nickleby
Ralph,Tim,7002,nicholas-nickleby
Tim Linkinwater,Charles,7004,nicholas-nickleby
Charles,Tim Linkinwater,7004,nicholas-nickleby
Nickleby,Charles,7006,nicholas-nickleby
Charles,Nickleby,7006,nicholas-nickleby
Charles,Ned,7009,nicholas-nickleby
Charles,Tim,7009,nicholas-nickleby
Ned,Charles,7009,nicholas-nickleby
Ned,Tim,7009,nicholas-nickleby
Tim,Charles,7009,nicholas-nickleby
Tim,Ned,7009,nicholas-nickleby
Charles,Brother Ned,7013,nicholas-nickleby
Brother Ned,Charles,7013,nicholas-nickleby
Tim,Arthur Gride,7020,nicholas-nickleby
Tim,Gride,7020,nicholas-nickleby
Arthur Gride,Tim,7020,nicholas-nickleby
Arthur Gride,Gride,7020,nicholas-nickleby
Gride,Tim,7020,nicholas-nickleby
Gride,Arthur Gride,7020,nicholas-nickleby
Charles,Snawley,7026,nicholas-nickleby
Snawley,Charles,7026,nicholas-nickleby
Snawley,Ralph,7027,nicholas-nickleby
Ralph,Snawley,7027,nicholas-nickleby
Tim Linkinwater,Ralph,7028,nicholas-nickleby
Ralph,Tim Linkinwater,7028,nicholas-nickleby
Smike,Snawley,7029,nicholas-nickleby
Snawley,Smike,7029,nicholas-nickleby
Newman Noggs,Squeers,7030,nicholas-nickleby
Newman Noggs,Ralph,7030,nicholas-nickleby
Newman Noggs,Ralph,7030,nicholas-nickleby
Newman Noggs,Snawley,7030,nicholas-nickleby
Newman Noggs,Newman,7030,nicholas-nickleby
Newman Noggs,Ralph,7030,nicholas-nickleby
Newman Noggs,Ralph,7030,nicholas-nickleby
Newman Noggs,Frank Cheeryble,7030,nicholas-nickleby
Newman Noggs,Mr. Squeers,7030,nicholas-nickleby
Newman Noggs,Mr. Squeers,7030,nicholas-nickleby
Squeers,Newman Noggs,7030,nicholas-nickleby
Squeers,Ralph,7030,nicholas-nickleby
Squeers,Ralph,7030,nicholas-nickleby
Squeers,Snawley,7030,nicholas-nickleby
Squeers,Newman,7030,nicholas-nickleby
Squeers,Ralph,7030,nicholas-nickleby
Squeers,Ralph,7030,nicholas-nickleby
Squeers,Frank Cheeryble,7030,nicholas-nickleby
Squeers,Mr. Squeers,7030,nicholas-nickleby
Squeers,Mr. Squeers,7030,nicholas-nickleby
Ralph,Newman Noggs,7030,nicholas-nickleby
Ralph,Squeers,7030,nicholas-nickleby
Ralph,Snawley,7030,nicholas-nickleby
Ralph,Newman,7030,nicholas-nickleby
Ralph,Frank Cheeryble,7030,nicholas-nickleby
Ralph,Mr. Squeers,7030,nicholas-nickleby
Ralph,Mr. Squeers,7030,nicholas-nickleby
Ralph,Newman Noggs,7030,nicholas-nickleby
Ralph,Squeers,7030,nicholas-nickleby
Ralph,Snawley,7030,nicholas-nickleby
Ralph,Newman,7030,nicholas-nickleby
Ralph,Frank Cheeryble,7030,nicholas-nickleby
Ralph,Mr. Squeers,7030,nicholas-nickleby
Ralph,Mr. Squeers,7030,nicholas-nickleby
Snawley,Newman Noggs,7030,nicholas-nickleby
Snawley,Squeers,7030,nicholas-nickleby
Snawley,Ralph,7030,nicholas-nickleby
Snawley,Ralph,7030,nicholas-nickleby
Snawley,Newman,7030,nicholas-nickleby
Snawley,Ralph,7030,nicholas-nickleby
Snawley,Ralph,7030,nicholas-nickleby
Snawley,Frank Cheeryble,7030,nicholas-nickleby
Snawley,Mr. Squeers,7030,nicholas-nickleby
Snawley,Mr. Squeers,7030,nicholas-nickleby
Newman,Newman Noggs,7030,nicholas-nickleby
Newman,Squeers,7030,nicholas-nickleby
Newman,Ralph,7030,nicholas-nickleby
Newman,Ralph,7030,nicholas-nickleby
Newman,Snawley,7030,nicholas-nickleby
Newman,Ralph,7030,nicholas-nickleby
Newman,Ralph,7030,nicholas-nickleby
Newman,Frank Cheeryble,7030,nicholas-nickleby
Newman,Mr. Squeers,7030,nicholas-nickleby
Newman,Mr. Squeers,7030,nicholas-nickleby
Ralph,Newman Noggs,7030,nicholas-nickleby
Ralph,Squeers,7030,nicholas-nickleby
Ralph,Snawley,7030,nicholas-nickleby
Ralph,Newman,7030,nicholas-nickleby
Ralph,Frank Cheeryble,7030,nicholas-nickleby
Ralph,Mr. Squeers,7030,nicholas-nickleby
Ralph,Mr. Squeers,7030,nicholas-nickleby
Ralph,Newman Noggs,7030,nicholas-nickleby
Ralph,Squeers,7030,nicholas-nickleby
Ralph,Snawley,7030,nicholas-nickleby
Ralph,Newman,7030,nicholas-nickleby
Ralph,Frank Cheeryble,7030,nicholas-nickleby
Ralph,Mr. Squeers,7030,nicholas-nickleby
Ralph,Mr. Squeers,7030,nicholas-nickleby
Frank Cheeryble,Newman Noggs,7030,nicholas-nickleby
Frank Cheeryble,Squeers,7030,nicholas-nickleby
Frank Cheeryble,Ralph,7030,nicholas-nickleby
Frank Cheeryble,Ralph,7030,nicholas-nickleby
Frank Cheeryble,Snawley,7030,nicholas-nickleby
Frank Cheeryble,Newman,7030,nicholas-nickleby
Frank Cheeryble,Ralph,7030,nicholas-nickleby
Frank Cheeryble,Ralph,7030,nicholas-nickleby
Frank Cheeryble,Mr. Squeers,7030,nicholas-nickleby
Frank Cheeryble,Mr. Squeers,7030,nicholas-nickleby
Mr. Squeers,Newman Noggs,7030,nicholas-nickleby
Mr. Squeers,Squeers,7030,nicholas-nickleby
Mr. Squeers,Ralph,7030,nicholas-nickleby
Mr. Squeers,Ralph,7030,nicholas-nickleby
Mr. Squeers,Snawley,7030,nicholas-nickleby
Mr. Squeers,Newman,7030,nicholas-nickleby
Mr. Squeers,Ralph,7030,nicholas-nickleby
Mr. Squeers,Ralph,7030,nicholas-nickleby
Mr. Squeers,Frank Cheeryble,7030,nicholas-nickleby
Mr. Squeers,Newman Noggs,7030,nicholas-nickleby
Mr. Squeers,Squeers,7030,nicholas-nickleby
Mr. Squeers,Ralph,7030,nicholas-nickleby
Mr. Squeers,Ralph,7030,nicholas-nickleby
Mr. Squeers,Snawley,7030,nicholas-nickleby
Mr. Squeers,Newman,7030,nicholas-nickleby
Mr. Squeers,Ralph,7030,nicholas-nickleby
Mr. Squeers,Ralph,7030,nicholas-nickleby
Mr. Squeers,Frank Cheeryble,7030,nicholas-nickleby
Arthur Gride,Gride,7031,nicholas-nickleby
Arthur Gride,Ralph,7031,nicholas-nickleby
Arthur Gride,Newman,7031,nicholas-nickleby
Arthur Gride,Mrs Sliderskew,7031,nicholas-nickleby
Arthur Gride,Frank Cheeryble,7031,nicholas-nickleby
Arthur Gride,Newman,7031,nicholas-nickleby
Arthur Gride,Snawley,7031,nicholas-nickleby
Arthur Gride,Squeers,7031,nicholas-nickleby
Arthur Gride,Smike,7031,nicholas-nickleby
Arthur Gride,Ralph Nickleby,7031,nicholas-nickleby
Arthur Gride,Mr. Squeers,7031,nicholas-nickleby
Gride,Arthur Gride,7031,nicholas-nickleby
Gride,Ralph,7031,nicholas-nickleby
Gride,Newman,7031,nicholas-nickleby
Gride,Mrs Sliderskew,7031,nicholas-nickleby
Gride,Frank Cheeryble,7031,nicholas-nickleby
Gride,Newman,7031,nicholas-nickleby
Gride,Snawley,7031,nicholas-nickleby
Gride,Squeers,7031,nicholas-nickleby
Gride,Smike,7031,nicholas-nickleby
Gride,Ralph Nickleby,7031,nicholas-nickleby
Gride,Mr. Squeers,7031,nicholas-nickleby
Ralph,Arthur Gride,7031,nicholas-nickleby
Ralph,Gride,7031,nicholas-nickleby
Ralph,Newman,7031,nicholas-nickleby
Ralph,Mrs Sliderskew,7031,nicholas-nickleby
Ralph,Frank Cheeryble,7031,nicholas-nickleby
Ralph,Newman,7031,nicholas-nickleby
Ralph,Snawley,7031,nicholas-nickleby
Ralph,Squeers,7031,nicholas-nickleby
Ralph,Smike,7031,nicholas-nickleby
Ralph,Ralph Nickleby,7031,nicholas-nickleby
Ralph,Mr. Squeers,7031,nicholas-nickleby
Newman,Arthur Gride,7031,nicholas-nickleby
Newman,Gride,7031,nicholas-nickleby
Newman,Ralph,7031,nicholas-nickleby
Newman,Mrs Sliderskew,7031,nicholas-nickleby
Newman,Frank Cheeryble,7031,nicholas-nickleby
Newman,Snawley,7031,nicholas-nickleby
Newman,Squeers,7031,nicholas-nickleby
Newman,Smike,7031,nicholas-nickleby
Newman,Ralph Nickleby,7031,nicholas-nickleby
Newman,Mr. Squeers,7031,nicholas-nickleby
Mrs Sliderskew,Arthur Gride,7031,nicholas-nickleby
Mrs Sliderskew,Gride,7031,nicholas-nickleby
Mrs Sliderskew,Ralph,7031,nicholas-nickleby
Mrs Sliderskew,Newman,7031,nicholas-nickleby
Mrs Sliderskew,Frank Cheeryble,7031,nicholas-nickleby
Mrs Sliderskew,Newman,7031,nicholas-nickleby
Mrs Sliderskew,Snawley,7031,nicholas-nickleby
Mrs Sliderskew,Squeers,7031,nicholas-nickleby
Mrs Sliderskew,Smike,7031,nicholas-nickleby
Mrs Sliderskew,Ralph Nickleby,7031,nicholas-nickleby
Mrs Sliderskew,Mr. Squeers,7031,nicholas-nickleby
Frank Cheeryble,Arthur Gride,7031,nicholas-nickleby
Frank Cheeryble,Gride,7031,nicholas-nickleby
Frank Cheeryble,Ralph,7031,nicholas-nickleby
Frank Cheeryble,Newman,7031,nicholas-nickleby
Frank Cheeryble,Mrs Sliderskew,7031,nicholas-nickleby
Frank Cheeryble,Newman,7031,nicholas-nickleby
Frank Cheeryble,Snawley,7031,nicholas-nickleby
Frank Cheeryble,Squeers,7031,nicholas-nickleby
Frank Cheeryble,Smike,7031,nicholas-nickleby
Frank Cheeryble,Ralph Nickleby,7031,nicholas-nickleby
Frank Cheeryble,Mr. Squeers,7031,nicholas-nickleby
Newman,Arthur Gride,7031,nicholas-nickleby
Newman,Gride,7031,nicholas-nickleby
Newman,Ralph,7031,nicholas-nickleby
Newman,Mrs Sliderskew,7031,nicholas-nickleby
Newman,Frank Cheeryble,7031,nicholas-nickleby
Newman,Snawley,7031,nicholas-nickleby
Newman,Squeers,7031,nicholas-nickleby
Newman,Smike,7031,nicholas-nickleby
Newman,Ralph Nickleby,7031,nicholas-nickleby
Newman,Mr. Squeers,7031,nicholas-nickleby
Snawley,Arthur Gride,7031,nicholas-nickleby
Snawley,Gride,7031,nicholas-nickleby
Snawley,Ralph,7031,nicholas-nickleby
Snawley,Newman,7031,nicholas-nickleby
Snawley,Mrs Sliderskew,7031,nicholas-nickleby
Snawley,Frank Cheeryble,7031,nicholas-nickleby
Snawley,Newman,7031,nicholas-nickleby
Snawley,Squeers,7031,nicholas-nickleby
Snawley,Smike,7031,nicholas-nickleby
Snawley,Ralph Nickleby,7031,nicholas-nickleby
Snawley,Mr. Squeers,7031,nicholas-nickleby
Squeers,Arthur Gride,7031,nicholas-nickleby
Squeers,Gride,7031,nicholas-nickleby
Squeers,Ralph,7031,nicholas-nickleby
Squeers,Newman,7031,nicholas-nickleby
Squeers,Mrs Sliderskew,7031,nicholas-nickleby
Squeers,Frank Cheeryble,7031,nicholas-nickleby
Squeers,Newman,7031,nicholas-nickleby
Squeers,Snawley,7031,nicholas-nickleby
Squeers,Smike,7031,nicholas-nickleby
Squeers,Ralph Nickleby,7031,nicholas-nickleby
Squeers,Mr. Squeers,7031,nicholas-nickleby
Smike,Arthur Gride,7031,nicholas-nickleby
Smike,Gride,7031,nicholas-nickleby
Smike,Ralph,7031,nicholas-nickleby
Smike,Newman,7031,nicholas-nickleby
Smike,Mrs Sliderskew,7031,nicholas-nickleby
Smike,Frank Cheeryble,7031,nicholas-nickleby
Smike,Newman,7031,nicholas-nickleby
Smike,Snawley,7031,nicholas-nickleby
Smike,Squeers,7031,nicholas-nickleby
Smike,Ralph Nickleby,7031,nicholas-nickleby
Smike,Mr. Squeers,7031,nicholas-nickleby
Ralph Nickleby,Arthur Gride,7031,nicholas-nickleby
Ralph Nickleby,Gride,7031,nicholas-nickleby
Ralph Nickleby,Ralph,7031,nicholas-nickleby
Ralph Nickleby,Newman,7031,nicholas-nickleby
Ralph Nickleby,Mrs Sliderskew,7031,nicholas-nickleby
Ralph Nickleby,Frank Cheeryble,7031,nicholas-nickleby
Ralph Nickleby,Newman,7031,nicholas-nickleby
Ralph Nickleby,Snawley,7031,nicholas-nickleby
Ralph Nickleby,Squeers,7031,nicholas-nickleby
Ralph Nickleby,Smike,7031,nicholas-nickleby
Ralph Nickleby,Mr. Squeers,7031,nicholas-nickleby
Mr. Squeers,Arthur Gride,7031,nicholas-nickleby
Mr. Squeers,Gride,7031,nicholas-nickleby
Mr. Squeers,Ralph,7031,nicholas-nickleby
Mr. Squeers,Newman,7031,nicholas-nickleby
Mr. Squeers,Mrs Sliderskew,7031,nicholas-nickleby
Mr. Squeers,Frank Cheeryble,7031,nicholas-nickleby
Mr. Squeers,Newman,7031,nicholas-nickleby
Mr. Squeers,Snawley,7031,nicholas-nickleby
Mr. Squeers,Squeers,7031,nicholas-nickleby
Mr. Squeers,Smike,7031,nicholas-nickleby
Mr. Squeers,Ralph Nickleby,7031,nicholas-nickleby
Ralph,Charles,7032,nicholas-nickleby
Charles,Ralph,7032,nicholas-nickleby
Ralph,Mr. Squeers,7039,nicholas-nickleby
Mr. Squeers,Ralph,7039,nicholas-nickleby
Squeers,Mr. Ralph Nickleby,7052,nicholas-nickleby
Mr. Ralph Nickleby,Squeers,7052,nicholas-nickleby
Squeers,Mr. Squeers,7061,nicholas-nickleby
Squeers,Wackford,7061,nicholas-nickleby
Mr. Squeers,Squeers,7061,nicholas-nickleby
Mr. Squeers,Wackford,7061,nicholas-nickleby
Wackford,Squeers,7061,nicholas-nickleby
Wackford,Mr. Squeers,7061,nicholas-nickleby
Mr. Squeers,Being,7062,nicholas-nickleby
Being,Mr. Squeers,7062,nicholas-nickleby
Nickleby,Tim Linkinwater,7067,nicholas-nickleby
Tim Linkinwater,Nickleby,7067,nicholas-nickleby
Tim,Heaven,7075,nicholas-nickleby
Heaven,Tim,7075,nicholas-nickleby
Tim,Ralph Nickleby,7077,nicholas-nickleby
Ralph Nickleby,Tim,7077,nicholas-nickleby
Nicholas,Brooker,7093,nicholas-nickleby
Brooker,Nicholas,7093,nicholas-nickleby
Mr. Nickleby,Ralph,7096,nicholas-nickleby
Mr. Nickleby,Ralph,7096,nicholas-nickleby
Ralph,Mr. Nickleby,7096,nicholas-nickleby
Ralph,Mr. Nickleby,7096,nicholas-nickleby
Ralph,Mr. Nickleby,7106,nicholas-nickleby
Ralph,Mr. Nickleby,7106,nicholas-nickleby
Mr. Nickleby,Ralph,7106,nicholas-nickleby
Mr. Nickleby,Ralph,7106,nicholas-nickleby
Ralph,Ralph Nickleby,7113,nicholas-nickleby
Ralph Nickleby,Ralph,7113,nicholas-nickleby
Wherein,Sister,7117,nicholas-nickleby
Sister,Wherein,7117,nicholas-nickleby
Brooker,Nicholas,7118,nicholas-nickleby
Nicholas,Brooker,7118,nicholas-nickleby
Kate,Madeline,7120,nicholas-nickleby
Kate,Nicholas,7120,nicholas-nickleby
Madeline,Kate,7120,nicholas-nickleby
Madeline,Nicholas,7120,nicholas-nickleby
Nicholas,Kate,7120,nicholas-nickleby
Nicholas,Madeline,7120,nicholas-nickleby
Nicholas,Kate,7139,nicholas-nickleby
Kate,Nicholas,7139,nicholas-nickleby
Nicholas,Kate,7140,nicholas-nickleby
Kate,Nicholas,7140,nicholas-nickleby
Nicholas,Mr. Frank,7141,nicholas-nickleby
Mr. Frank,Nicholas,7141,nicholas-nickleby
Kate,Nicholas,7156,nicholas-nickleby
Nicholas,Kate,7156,nicholas-nickleby
Kate,Nicholas,7160,nicholas-nickleby
Nicholas,Kate,7160,nicholas-nickleby
Nicholas,Frank,7162,nicholas-nickleby
Frank,Nicholas,7162,nicholas-nickleby
Tim,Dick,7166,nicholas-nickleby
Dick,Tim,7166,nicholas-nickleby
Tim,Mr. Charles,7168,nicholas-nickleby
Tim,Mr. Ned,7168,nicholas-nickleby
Mr. Charles,Tim,7168,nicholas-nickleby
Mr. Charles,Mr. Ned,7168,nicholas-nickleby
Mr. Ned,Tim,7168,nicholas-nickleby
Mr. Ned,Mr. Charles,7168,nicholas-nickleby
Tim,Poor,7173,nicholas-nickleby
Poor,Tim,7173,nicholas-nickleby
Tim,Charles,7174,nicholas-nickleby
Charles,Tim,7174,nicholas-nickleby
Mr. Cheeryble,Tim Linkinwater,7178,nicholas-nickleby
Tim Linkinwater,Mr. Cheeryble,7178,nicholas-nickleby
Mr. Trimmers,Tim,7179,nicholas-nickleby
Tim,Mr. Trimmers,7179,nicholas-nickleby
Ned,Charles,7180,nicholas-nickleby
Charles,Ned,7180,nicholas-nickleby
Nicholas,Miss Bray,7185,nicholas-nickleby
Miss Bray,Nicholas,7185,nicholas-nickleby
Nickleby,Charles,7186,nicholas-nickleby
Charles,Nickleby,7186,nicholas-nickleby
Nicholas,Frank,7195,nicholas-nickleby
Frank,Nicholas,7195,nicholas-nickleby
Nicholas,Frank,7197,nicholas-nickleby
Frank,Nicholas,7197,nicholas-nickleby
Ralph,Nicholas,7202,nicholas-nickleby
Nicholas,Ralph,7202,nicholas-nickleby
Gride,Nicholas,7215,nicholas-nickleby
Nicholas,Gride,7215,nicholas-nickleby
Madeline,Frank,7249,nicholas-nickleby
Madeline,Nicholas,7249,nicholas-nickleby
Madeline,Mr. Linkinwater,7249,nicholas-nickleby
Madeline,Nicholas,7249,nicholas-nickleby
Frank,Madeline,7249,nicholas-nickleby
Frank,Nicholas,7249,nicholas-nickleby
Frank,Mr. Linkinwater,7249,nicholas-nickleby
Frank,Nicholas,7249,nicholas-nickleby
Nicholas,Madeline,7249,nicholas-nickleby
Nicholas,Frank,7249,nicholas-nickleby
Nicholas,Mr. Linkinwater,7249,nicholas-nickleby
Mr. Linkinwater,Madeline,7249,nicholas-nickleby
Mr. Linkinwater,Frank,7249,nicholas-nickleby
Mr. Linkinwater,Nicholas,7249,nicholas-nickleby
Mr. Linkinwater,Nicholas,7249,nicholas-nickleby
Nicholas,Madeline,7249,nicholas-nickleby
Nicholas,Frank,7249,nicholas-nickleby
Nicholas,Mr. Linkinwater,7249,nicholas-nickleby
Kate,Miss La Creevy,7262,nicholas-nickleby
Kate,Nicholas,7262,nicholas-nickleby
Miss La Creevy,Kate,7262,nicholas-nickleby
Miss La Creevy,Nicholas,7262,nicholas-nickleby
Nicholas,Kate,7262,nicholas-nickleby
Nicholas,Miss La Creevy,7262,nicholas-nickleby
Nickleby,Miss La Creevy,7263,nicholas-nickleby
Nickleby,Kate,7263,nicholas-nickleby
Nickleby,Mr. Charles,7263,nicholas-nickleby
Miss La Creevy,Nickleby,7263,nicholas-nickleby
Miss La Creevy,Kate,7263,nicholas-nickleby
Miss La Creevy,Mr. Charles,7263,nicholas-nickleby
Kate,Nickleby,7263,nicholas-nickleby
Kate,Miss La Creevy,7263,nicholas-nickleby
Kate,Mr. Charles,7263,nicholas-nickleby
Mr. Charles,Nickleby,7263,nicholas-nickleby
Mr. Charles,Miss La Creevy,7263,nicholas-nickleby
Mr. Charles,Kate,7263,nicholas-nickleby
Madeline,Ned,7268,nicholas-nickleby
Madeline,Ned,7268,nicholas-nickleby
Ned,Madeline,7268,nicholas-nickleby
Ned,Madeline,7268,nicholas-nickleby
Kate,Brother Charles,7272,nicholas-nickleby
Brother Charles,Kate,7272,nicholas-nickleby
Ned,Mr. Nickleby,7273,nicholas-nickleby
Mr. Nickleby,Ned,7273,nicholas-nickleby
Miss La Creevy,Nicholas,7274,nicholas-nickleby
Miss La Creevy,Charles,7274,nicholas-nickleby
Miss La Creevy,Frank,7274,nicholas-nickleby
Nicholas,Miss La Creevy,7274,nicholas-nickleby
Nicholas,Charles,7274,nicholas-nickleby
Nicholas,Frank,7274,nicholas-nickleby
Charles,Miss La Creevy,7274,nicholas-nickleby
Charles,Nicholas,7274,nicholas-nickleby
Charles,Frank,7274,nicholas-nickleby
Frank,Miss La Creevy,7274,nicholas-nickleby
Frank,Nicholas,7274,nicholas-nickleby
Frank,Charles,7274,nicholas-nickleby
Frank,Mr. Nickleby,7279,nicholas-nickleby
Mr. Nickleby,Frank,7279,nicholas-nickleby
Frank,Nicholas,7282,nicholas-nickleby
Nicholas,Frank,7282,nicholas-nickleby
Charles,Mr. Nickleby,7285,nicholas-nickleby
Mr. Nickleby,Charles,7285,nicholas-nickleby
Mr. Nickleby,Madeline,7287,nicholas-nickleby
Mr. Nickleby,Frank,7287,nicholas-nickleby
Mr. Nickleby,God,7287,nicholas-nickleby
Mr. Nickleby,Ned,7287,nicholas-nickleby
Mr. Nickleby,Ned,7287,nicholas-nickleby
Mr. Nickleby,Ned,7287,nicholas-nickleby
Mr. Nickleby,Ned,7287,nicholas-nickleby
Madeline,Mr. Nickleby,7287,nicholas-nickleby
Madeline,Mr. Nickleby,7287,nicholas-nickleby
Madeline,Frank,7287,nicholas-nickleby
Madeline,God,7287,nicholas-nickleby
Madeline,Ned,7287,nicholas-nickleby
Madeline,Ned,7287,nicholas-nickleby
Madeline,Ned,7287,nicholas-nickleby
Madeline,Ned,7287,nicholas-nickleby
Mr. Nickleby,Madeline,7287,nicholas-nickleby
Mr. Nickleby,Frank,7287,nicholas-nickleby
Mr. Nickleby,God,7287,nicholas-nickleby
Mr. Nickleby,Ned,7287,nicholas-nickleby
Mr. Nickleby,Ned,7287,nicholas-nickleby
Mr. Nickleby,Ned,7287,nicholas-nickleby
Mr. Nickleby,Ned,7287,nicholas-nickleby
Frank,Mr. Nickleby,7287,nicholas-nickleby
Frank,Madeline,7287,nicholas-nickleby
Frank,Mr. Nickleby,7287,nicholas-nickleby
Frank,God,7287,nicholas-nickleby
Frank,Ned,7287,nicholas-nickleby
Frank,Ned,7287,nicholas-nickleby
Frank,Ned,7287,nicholas-nickleby
Frank,Ned,7287,nicholas-nickleby
God,Mr. Nickleby,7287,nicholas-nickleby
God,Madeline,7287,nicholas-nickleby
God,Mr. Nickleby,7287,nicholas-nickleby
God,Frank,7287,nicholas-nickleby
God,Ned,7287,nicholas-nickleby
God,Ned,7287,nicholas-nickleby
God,Ned,7287,nicholas-nickleby
God,Ned,7287,nicholas-nickleby
Ned,Mr. Nickleby,7287,nicholas-nickleby
Ned,Madeline,7287,nicholas-nickleby
Ned,Mr. Nickleby,7287,nicholas-nickleby
Ned,Frank,7287,nicholas-nickleby
Ned,God,7287,nicholas-nickleby
Ned,Mr. Nickleby,7287,nicholas-nickleby
Ned,Madeline,7287,nicholas-nickleby
Ned,Mr. Nickleby,7287,nicholas-nickleby
Ned,Frank,7287,nicholas-nickleby
Ned,God,7287,nicholas-nickleby
Ned,Mr. Nickleby,7287,nicholas-nickleby
Ned,Madeline,7287,nicholas-nickleby
Ned,Mr. Nickleby,7287,nicholas-nickleby
Ned,Frank,7287,nicholas-nickleby
Ned,God,7287,nicholas-nickleby
Ned,Mr. Nickleby,7287,nicholas-nickleby
Ned,Madeline,7287,nicholas-nickleby
Ned,Mr. Nickleby,7287,nicholas-nickleby
Ned,Frank,7287,nicholas-nickleby
Ned,God,7287,nicholas-nickleby
Ned,Madeline,7291,nicholas-nickleby
Ned,Turn,7291,nicholas-nickleby
Madeline,Ned,7291,nicholas-nickleby
Madeline,Turn,7291,nicholas-nickleby
Madeline,Ned,7291,nicholas-nickleby
Turn,Ned,7291,nicholas-nickleby
Turn,Madeline,7291,nicholas-nickleby
Turn,Ned,7291,nicholas-nickleby
Ned,Madeline,7291,nicholas-nickleby
Ned,Turn,7291,nicholas-nickleby
Brother,Charles,7292,nicholas-nickleby
Brother,Frank,7292,nicholas-nickleby
Brother,Nicholas,7292,nicholas-nickleby
Brother,Mrs Nickleby,7292,nicholas-nickleby
Brother,Miss La Creevy,7292,nicholas-nickleby
Brother,Tim Linkinwater,7292,nicholas-nickleby
Charles,Brother,7292,nicholas-nickleby
Charles,Frank,7292,nicholas-nickleby
Charles,Nicholas,7292,nicholas-nickleby
Charles,Mrs Nickleby,7292,nicholas-nickleby
Charles,Miss La Creevy,7292,nicholas-nickleby
Charles,Tim Linkinwater,7292,nicholas-nickleby
Frank,Brother,7292,nicholas-nickleby
Frank,Charles,7292,nicholas-nickleby
Frank,Nicholas,7292,nicholas-nickleby
Frank,Mrs Nickleby,7292,nicholas-nickleby
Frank,Miss La Creevy,7292,nicholas-nickleby
Frank,Tim Linkinwater,7292,nicholas-nickleby
Nicholas,Brother,7292,nicholas-nickleby
Nicholas,Charles,7292,nicholas-nickleby
Nicholas,Frank,7292,nicholas-nickleby
Nicholas,Mrs Nickleby,7292,nicholas-nickleby
Nicholas,Miss La Creevy,7292,nicholas-nickleby
Nicholas,Tim Linkinwater,7292,nicholas-nickleby
Mrs Nickleby,Brother,7292,nicholas-nickleby
Mrs Nickleby,Charles,7292,nicholas-nickleby
Mrs Nickleby,Frank,7292,nicholas-nickleby
Mrs Nickleby,Nicholas,7292,nicholas-nickleby
Mrs Nickleby,Miss La Creevy,7292,nicholas-nickleby
Mrs Nickleby,Tim Linkinwater,7292,nicholas-nickleby
Miss La Creevy,Brother,7292,nicholas-nickleby
Miss La Creevy,Charles,7292,nicholas-nickleby
Miss La Creevy,Frank,7292,nicholas-nickleby
Miss La Creevy,Nicholas,7292,nicholas-nickleby
Miss La Creevy,Mrs Nickleby,7292,nicholas-nickleby
Miss La Creevy,Tim Linkinwater,7292,nicholas-nickleby
Tim Linkinwater,Brother,7292,nicholas-nickleby
Tim Linkinwater,Charles,7292,nicholas-nickleby
Tim Linkinwater,Frank,7292,nicholas-nickleby
Tim Linkinwater,Nicholas,7292,nicholas-nickleby
Tim Linkinwater,Mrs Nickleby,7292,nicholas-nickleby
Tim Linkinwater,Miss La Creevy,7292,nicholas-nickleby
Tim Linkinwater,Charles,7293,nicholas-nickleby
Charles,Tim Linkinwater,7293,nicholas-nickleby
Tim,Mr. Nickleby,7294,nicholas-nickleby
Tim,Mr. Frank,7294,nicholas-nickleby
Mr. Nickleby,Tim,7294,nicholas-nickleby
Mr. Nickleby,Mr. Frank,7294,nicholas-nickleby
Mr. Frank,Tim,7294,nicholas-nickleby
Mr. Frank,Mr. Nickleby,7294,nicholas-nickleby
Ned,Tim Linkinwater,7295,nicholas-nickleby
Tim Linkinwater,Ned,7295,nicholas-nickleby
Charles,Tim,7296,nicholas-nickleby
Charles,Tim,7296,nicholas-nickleby
Tim,Charles,7296,nicholas-nickleby
Tim,Charles,7296,nicholas-nickleby
Tim,Nickleby,7297,nicholas-nickleby
Nickleby,Tim,7297,nicholas-nickleby
Tim,Miss La Creevy,7298,nicholas-nickleby
Tim,Miss La Creevy,7298,nicholas-nickleby
Miss La Creevy,Tim,7298,nicholas-nickleby
Miss La Creevy,Tim,7298,nicholas-nickleby
Miss La Creevy,Tim,7298,nicholas-nickleby
Miss La Creevy,Tim,7298,nicholas-nickleby
Tim,Miss La Creevy,7298,nicholas-nickleby
Tim,Miss La Creevy,7298,nicholas-nickleby
Miss La Creevy,Tim,7298,nicholas-nickleby
Miss La Creevy,Tim,7298,nicholas-nickleby
Miss La Creevy,Tim,7298,nicholas-nickleby
Miss La Creevy,Tim,7298,nicholas-nickleby
Tim,Miss La Creevy,7298,nicholas-nickleby
Tim,Miss La Creevy,7298,nicholas-nickleby
Tim,Miss La Creevy,7298,nicholas-nickleby
Tim,Miss La Creevy,7298,nicholas-nickleby
Tim,Miss La Creevy,7299,nicholas-nickleby
Miss La Creevy,Tim,7299,nicholas-nickleby
Tim,Miss La Creevy,7309,nicholas-nickleby
Miss La Creevy,Tim,7309,nicholas-nickleby
Miss La Creevy,Tim Linkinwater,7312,nicholas-nickleby
Miss La Creevy,La Creevy,7312,nicholas-nickleby
Tim Linkinwater,Miss La Creevy,7312,nicholas-nickleby
Tim Linkinwater,La Creevy,7312,nicholas-nickleby
La Creevy,Miss La Creevy,7312,nicholas-nickleby
La Creevy,Tim Linkinwater,7312,nicholas-nickleby
Miss La Creevy,Tim,7324,nicholas-nickleby
Tim,Miss La Creevy,7324,nicholas-nickleby
Tim,Dick,7329,nicholas-nickleby
Tim,Mr. Frank,7329,nicholas-nickleby
Tim,Mr. Nickleby,7329,nicholas-nickleby
Dick,Tim,7329,nicholas-nickleby
Dick,Mr. Frank,7329,nicholas-nickleby
Dick,Mr. Nickleby,7329,nicholas-nickleby
Mr. Frank,Tim,7329,nicholas-nickleby
Mr. Frank,Dick,7329,nicholas-nickleby
Mr. Frank,Mr. Nickleby,7329,nicholas-nickleby
Mr. Nickleby,Tim,7329,nicholas-nickleby
Mr. Nickleby,Dick,7329,nicholas-nickleby
Mr. Nickleby,Mr. Frank,7329,nicholas-nickleby
Tim,Miss La Creevy,7330,nicholas-nickleby
Miss La Creevy,Tim,7330,nicholas-nickleby
Miss La Creevy,Tim,7330,nicholas-nickleby
Tim,Miss La Creevy,7330,nicholas-nickleby
Tim Linkinwater,Miss La Creevy,7340,nicholas-nickleby
Tim Linkinwater,Nicholas,7340,nicholas-nickleby
Tim Linkinwater,Newman,7340,nicholas-nickleby
Tim Linkinwater,Miss La Creevy,7340,nicholas-nickleby
Tim Linkinwater,Nicholas,7340,nicholas-nickleby
Tim Linkinwater,Newman,7340,nicholas-nickleby
Tim Linkinwater,Miss La Creevy,7340,nicholas-nickleby
Tim Linkinwater,Nicholas,7340,nicholas-nickleby
Tim Linkinwater,Newman,7340,nicholas-nickleby
Miss La Creevy,Tim Linkinwater,7340,nicholas-nickleby
Miss La Creevy,Tim Linkinwater,7340,nicholas-nickleby
Miss La Creevy,Tim Linkinwater,7340,nicholas-nickleby
Miss La Creevy,Tim Linkinwater,7340,nicholas-nickleby
Miss La Creevy,Nicholas,7340,nicholas-nickleby
Miss La Creevy,Newman,7340,nicholas-nickleby
Tim Linkinwater,Miss La Creevy,7340,nicholas-nickleby
Tim Linkinwater,Nicholas,7340,nicholas-nickleby
Tim Linkinwater,Newman,7340,nicholas-nickleby
Nicholas,Tim Linkinwater,7340,nicholas-nickleby
Nicholas,Tim Linkinwater,7340,nicholas-nickleby
Nicholas,Tim Linkinwater,7340,nicholas-nickleby
Nicholas,Miss La Creevy,7340,nicholas-nickleby
Nicholas,Tim Linkinwater,7340,nicholas-nickleby
Nicholas,Newman,7340,nicholas-nickleby
Newman,Tim Linkinwater,7340,nicholas-nickleby
Newman,Tim Linkinwater,7340,nicholas-nickleby
Newman,Tim Linkinwater,7340,nicholas-nickleby
Newman,Miss La Creevy,7340,nicholas-nickleby
Newman,Tim Linkinwater,7340,nicholas-nickleby
Newman,Nicholas,7340,nicholas-nickleby
Miss La Creevy,Linkinwater,7342,nicholas-nickleby
Linkinwater,Miss La Creevy,7342,nicholas-nickleby
Nickleby,Miss La Creevy,7347,nicholas-nickleby
Miss La Creevy,Nickleby,7347,nicholas-nickleby
Nicholas,John Browdie,7351,nicholas-nickleby
Nicholas,Smike,7351,nicholas-nickleby
Nicholas,Yorkshireman,7351,nicholas-nickleby
John Browdie,Nicholas,7351,nicholas-nickleby
John Browdie,Smike,7351,nicholas-nickleby
John Browdie,Yorkshireman,7351,nicholas-nickleby
Smike,Nicholas,7351,nicholas-nickleby
Smike,John Browdie,7351,nicholas-nickleby
Smike,Yorkshireman,7351,nicholas-nickleby
Yorkshireman,Nicholas,7351,nicholas-nickleby
Yorkshireman,John Browdie,7351,nicholas-nickleby
Yorkshireman,Smike,7351,nicholas-nickleby
John,Nicholas,7352,nicholas-nickleby
John,Madeline,7352,nicholas-nickleby
John,Mr.,7352,nicholas-nickleby
John,Browdie,7352,nicholas-nickleby
Nicholas,John,7352,nicholas-nickleby
Nicholas,Madeline,7352,nicholas-nickleby
Nicholas,Mr.,7352,nicholas-nickleby
Nicholas,Browdie,7352,nicholas-nickleby
Madeline,John,7352,nicholas-nickleby
Madeline,Nicholas,7352,nicholas-nickleby
Madeline,Mr.,7352,nicholas-nickleby
Madeline,Browdie,7352,nicholas-nickleby
Mr.,John,7352,nicholas-nickleby
Mr.,Nicholas,7352,nicholas-nickleby
Mr.,Madeline,7352,nicholas-nickleby
Mr.,Browdie,7352,nicholas-nickleby
Browdie,John,7352,nicholas-nickleby
Browdie,Nicholas,7352,nicholas-nickleby
Browdie,Madeline,7352,nicholas-nickleby
Browdie,Mr.,7352,nicholas-nickleby
Nicholas,Seven Dials,7354,nicholas-nickleby
Nicholas,Soho,7354,nicholas-nickleby
Seven Dials,Nicholas,7354,nicholas-nickleby
Seven Dials,Soho,7354,nicholas-nickleby
Seven Dials,Nicholas,7354,nicholas-nickleby
Soho,Nicholas,7354,nicholas-nickleby
Soho,Seven Dials,7354,nicholas-nickleby
Soho,Nicholas,7354,nicholas-nickleby
Nicholas,Seven Dials,7354,nicholas-nickleby
Nicholas,Soho,7354,nicholas-nickleby
Nicholas,Madame Mantalini,7365,nicholas-nickleby
Madame Mantalini,Nicholas,7365,nicholas-nickleby
Mr.,Mantalini,7373,nicholas-nickleby
Mantalini,Mr.,7373,nicholas-nickleby
Mr. Mantalini,Nicholas,7375,nicholas-nickleby
Nicholas,Mr. Mantalini,7375,nicholas-nickleby
Stamford,Baron,7377,nicholas-nickleby
Baron,Stamford,7377,nicholas-nickleby
John Browdie,John,7378,nicholas-nickleby
John Browdie,Nicholas,7378,nicholas-nickleby
John,John Browdie,7378,nicholas-nickleby
John,Nicholas,7378,nicholas-nickleby
Nicholas,John Browdie,7378,nicholas-nickleby
Nicholas,John,7378,nicholas-nickleby
Misther Nickleby,Gi,7382,nicholas-nickleby
Misther Nickleby,Coom,7382,nicholas-nickleby
Gi,Misther Nickleby,7382,nicholas-nickleby
Gi,Coom,7382,nicholas-nickleby
Coom,Misther Nickleby,7382,nicholas-nickleby
Coom,Gi,7382,nicholas-nickleby
John,Nicholas,7383,nicholas-nickleby
Nicholas,John,7383,nicholas-nickleby
John,Thot,7384,nicholas-nickleby
Thot,John,7384,nicholas-nickleby
John,Ecod,7390,nicholas-nickleby
Ecod,John,7390,nicholas-nickleby
Browdie,John,7391,nicholas-nickleby
Browdie,Nicholas,7391,nicholas-nickleby
John,Browdie,7391,nicholas-nickleby
John,Nicholas,7391,nicholas-nickleby
Nicholas,Browdie,7391,nicholas-nickleby
Nicholas,John,7391,nicholas-nickleby
Nicholas,John,7392,nicholas-nickleby
Nicholas,Tim Linkinwater,7392,nicholas-nickleby
Nicholas,Madeline,7392,nicholas-nickleby
Nicholas,Madeline,7392,nicholas-nickleby
Nicholas,John,7392,nicholas-nickleby
John,Nicholas,7392,nicholas-nickleby
John,Tim Linkinwater,7392,nicholas-nickleby
John,Nicholas,7392,nicholas-nickleby
John,Madeline,7392,nicholas-nickleby
John,Madeline,7392,nicholas-nickleby
Tim Linkinwater,Nicholas,7392,nicholas-nickleby
Tim Linkinwater,John,7392,nicholas-nickleby
Tim Linkinwater,Nicholas,7392,nicholas-nickleby
Tim Linkinwater,Madeline,7392,nicholas-nickleby
Tim Linkinwater,Madeline,7392,nicholas-nickleby
Tim Linkinwater,John,7392,nicholas-nickleby
Nicholas,John,7392,nicholas-nickleby
Nicholas,Tim Linkinwater,7392,nicholas-nickleby
Nicholas,Madeline,7392,nicholas-nickleby
Nicholas,Madeline,7392,nicholas-nickleby
Nicholas,John,7392,nicholas-nickleby
Madeline,Nicholas,7392,nicholas-nickleby
Madeline,John,7392,nicholas-nickleby
Madeline,Tim Linkinwater,7392,nicholas-nickleby
Madeline,Nicholas,7392,nicholas-nickleby
Madeline,John,7392,nicholas-nickleby
Madeline,Nicholas,7392,nicholas-nickleby
Madeline,John,7392,nicholas-nickleby
Madeline,Tim Linkinwater,7392,nicholas-nickleby
Madeline,Nicholas,7392,nicholas-nickleby
Madeline,John,7392,nicholas-nickleby
John,Nicholas,7392,nicholas-nickleby
John,Tim Linkinwater,7392,nicholas-nickleby
John,Nicholas,7392,nicholas-nickleby
John,Madeline,7392,nicholas-nickleby
John,Madeline,7392,nicholas-nickleby
John,Fanny,7393,nicholas-nickleby
Fanny,John,7393,nicholas-nickleby
John Browdie,Nicholas,7396,nicholas-nickleby
Nicholas,John Browdie,7396,nicholas-nickleby
John,Ecod,7399,nicholas-nickleby
Ecod,John,7399,nicholas-nickleby
Nicholas,John,7400,nicholas-nickleby
Nicholas,Browdie,7400,nicholas-nickleby
John,Nicholas,7400,nicholas-nickleby
John,Browdie,7400,nicholas-nickleby
Browdie,Nicholas,7400,nicholas-nickleby
Browdie,John,7400,nicholas-nickleby
Miss Squeers,Master Wackford,7403,nicholas-nickleby
Miss Squeers,Master Squeers,7403,nicholas-nickleby
Miss Squeers,John Browdie,7403,nicholas-nickleby
Master Wackford,Miss Squeers,7403,nicholas-nickleby
Master Wackford,Master Squeers,7403,nicholas-nickleby
Master Wackford,Miss Squeers,7403,nicholas-nickleby
Master Wackford,John Browdie,7403,nicholas-nickleby
Master Squeers,Miss Squeers,7403,nicholas-nickleby
Master Squeers,Master Wackford,7403,nicholas-nickleby
Master Squeers,Miss Squeers,7403,nicholas-nickleby
Master Squeers,John Browdie,7403,nicholas-nickleby
Miss Squeers,Master Wackford,7403,nicholas-nickleby
Miss Squeers,Master Squeers,7403,nicholas-nickleby
Miss Squeers,John Browdie,7403,nicholas-nickleby
John Browdie,Miss Squeers,7403,nicholas-nickleby
John Browdie,Master Wackford,7403,nicholas-nickleby
John Browdie,Master Squeers,7403,nicholas-nickleby
John Browdie,Miss Squeers,7403,nicholas-nickleby
John,Noo,7408,nicholas-nickleby
Noo,John,7408,nicholas-nickleby
John,Tak,7414,nicholas-nickleby
John,Hurrah,7414,nicholas-nickleby
Tak,John,7414,nicholas-nickleby
Tak,Hurrah,7414,nicholas-nickleby
Hurrah,John,7414,nicholas-nickleby
Hurrah,Tak,7414,nicholas-nickleby
Browdie,Miss Squeers,7416,nicholas-nickleby
Miss Squeers,Browdie,7416,nicholas-nickleby
John,Tak,7417,nicholas-nickleby
John,Fanny,7417,nicholas-nickleby
John,Fanny,7417,nicholas-nickleby
John,Tilly,7417,nicholas-nickleby
John,Hurrah,7417,nicholas-nickleby
Tak,John,7417,nicholas-nickleby
Tak,Fanny,7417,nicholas-nickleby
Tak,Fanny,7417,nicholas-nickleby
Tak,Tilly,7417,nicholas-nickleby
Tak,Hurrah,7417,nicholas-nickleby
Fanny,John,7417,nicholas-nickleby
Fanny,Tak,7417,nicholas-nickleby
Fanny,Tilly,7417,nicholas-nickleby
Fanny,Hurrah,7417,nicholas-nickleby
Fanny,John,7417,nicholas-nickleby
Fanny,Tak,7417,nicholas-nickleby
Fanny,Tilly,7417,nicholas-nickleby
Fanny,Hurrah,7417,nicholas-nickleby
Tilly,John,7417,nicholas-nickleby
Tilly,Tak,7417,nicholas-nickleby
Tilly,Fanny,7417,nicholas-nickleby
Tilly,Fanny,7417,nicholas-nickleby
Tilly,Hurrah,7417,nicholas-nickleby
Hurrah,John,7417,nicholas-nickleby
Hurrah,Tak,7417,nicholas-nickleby
Hurrah,Fanny,7417,nicholas-nickleby
Hurrah,Fanny,7417,nicholas-nickleby
Hurrah,Tilly,7417,nicholas-nickleby
Mr.,Mrs Browdie,7419,nicholas-nickleby
Mr.,John,7419,nicholas-nickleby
Mrs Browdie,Mr.,7419,nicholas-nickleby
Mrs Browdie,John,7419,nicholas-nickleby
John,Mr.,7419,nicholas-nickleby
John,Mrs Browdie,7419,nicholas-nickleby
Madeline,Kate,7425,nicholas-nickleby
Madeline,Frank Cheeryble,7425,nicholas-nickleby
Madeline,Tim Linkinwater,7425,nicholas-nickleby
Madeline,Miss La Creevy,7425,nicholas-nickleby
Kate,Madeline,7425,nicholas-nickleby
Kate,Frank Cheeryble,7425,nicholas-nickleby
Kate,Tim Linkinwater,7425,nicholas-nickleby
Kate,Miss La Creevy,7425,nicholas-nickleby
Frank Cheeryble,Madeline,7425,nicholas-nickleby
Frank Cheeryble,Kate,7425,nicholas-nickleby
Frank Cheeryble,Tim Linkinwater,7425,nicholas-nickleby
Frank Cheeryble,Miss La Creevy,7425,nicholas-nickleby
Tim Linkinwater,Madeline,7425,nicholas-nickleby
Tim Linkinwater,Kate,7425,nicholas-nickleby
Tim Linkinwater,Frank Cheeryble,7425,nicholas-nickleby
Tim Linkinwater,Miss La Creevy,7425,nicholas-nickleby
Miss La Creevy,Madeline,7425,nicholas-nickleby
Miss La Creevy,Kate,7425,nicholas-nickleby
Miss La Creevy,Frank Cheeryble,7425,nicholas-nickleby
Miss La Creevy,Tim Linkinwater,7425,nicholas-nickleby
Nicholas,Frank,7426,nicholas-nickleby
Nicholas,Nickleby,7426,nicholas-nickleby
Nicholas,Nickleby,7426,nicholas-nickleby
Frank,Nicholas,7426,nicholas-nickleby
Frank,Nickleby,7426,nicholas-nickleby
Frank,Nickleby,7426,nicholas-nickleby
Nickleby,Nicholas,7426,nicholas-nickleby
Nickleby,Frank,7426,nicholas-nickleby
Nickleby,Nicholas,7426,nicholas-nickleby
Nickleby,Frank,7426,nicholas-nickleby
Tim,Linkinwater,7428,nicholas-nickleby
Linkinwater,Tim,7428,nicholas-nickleby
Tim,Mr.,7430,nicholas-nickleby
Tim,Mr.,7430,nicholas-nickleby
Mr.,Tim,7430,nicholas-nickleby
Mr.,Tim,7430,nicholas-nickleby
Arthur,Gride,7432,nicholas-nickleby
Gride,Arthur,7432,nicholas-nickleby
Brooker,Sir Mulberry Hawk,7433,nicholas-nickleby
Sir Mulberry Hawk,Brooker,7433,nicholas-nickleby
Project,Project Gutenberg,7444,nicholas-nickleby
Project,Project Gutenberg,7444,nicholas-nickleby
Project Gutenberg,Project,7444,nicholas-nickleby
Project Gutenberg,Project,7444,nicholas-nickleby
Project Gutenberg,Project,7451,nicholas-nickleby
Project Gutenberg,Project,7451,nicholas-nickleby
Project,Project Gutenberg,7451,nicholas-nickleby
Project,Project Gutenberg,7451,nicholas-nickleby
Project Gutenberg,Project,7452,nicholas-nickleby
Project,Project Gutenberg,7452,nicholas-nickleby
Vanilla ASCII,Project,7460,nicholas-nickleby
Vanilla ASCII,Plain Vanilla,7460,nicholas-nickleby
Project,Vanilla ASCII,7460,nicholas-nickleby
Project,Plain Vanilla,7460,nicholas-nickleby
Plain Vanilla,Vanilla ASCII,7460,nicholas-nickleby
Plain Vanilla,Project,7460,nicholas-nickleby
Project Gutenberg,Project,7466,nicholas-nickleby
Project,Project Gutenberg,7466,nicholas-nickleby
Salt Lake City,Email,7477,nicholas-nickleby
Email,Salt Lake City,7477,nicholas-nickleby
Michael S. Hart,Project,7485,nicholas-nickleby
Project,Michael S. Hart,7485,nicholas-nickleby
